{
"type": "FeatureCollection",
"name": "al_service_areas",
"crs": { "type": "name", "properties": { "name": "urn:ogc:def:crs:OGC:1.3:CRS84" } },
"features": [
{ "type": "Feature", "properties": { "state_po": "AL", "congressional_district": "AL-02", "pwsid": "AL0001363", "pws_name": "MCINTOSH WATER & FIRE PRO AUTHORITY", "population_served_count": 3060, "model_method": "Decision Tree", "verification_status": "", "symbology_field": "Modeled", "intersection_area_sq_km": 25.120369187308846 }, "geometry": { "type": "Polygon", "coordinates": [ [ [ -88.0213561, 31.2348198 ], [ -88.0237771, 31.236635799999949 ], [ -88.0248751, 31.240325800000011 ], [ -88.033250099999989, 31.244177800000013 ], [ -88.0358891, 31.2483948 ], [ -88.0344981, 31.2532448 ], [ -88.0402181, 31.253071800000011 ], [ -88.0422061, 31.2597378 ], [ -88.0513131, 31.258160800000038 ], [ -88.0530581, 31.262298799999975 ], [ -88.0486881, 31.263856799999964 ], [ -88.0436721, 31.263076799999972 ], [ -88.0424451, 31.264474800000016 ], [ -88.0386041, 31.262021799999975 ], [ -88.0367631, 31.26399280000005 ], [ -88.0366531, 31.2740758 ], [ -88.0398801, 31.278888800000026 ], [ -88.0382961, 31.281446799999983 ], [ -88.0309831, 31.279230799999972 ], [ -88.0316901, 31.3121398 ], [ -88.0227651, 31.3117448 ], [ -88.0215101, 31.313738799999967 ], [ -88.0087521, 31.311831800000014 ], [ -88.0083651, 31.300644799999972 ], [ -88.0047291, 31.299684799999962 ], [ -88.0012351, 31.2961538 ], [ -87.9964751, 31.288614800000023 ], [ -87.996259099999989, 31.284398800000041 ], [ -87.9942081, 31.284280800000012 ], [ -87.9944981, 31.283230800000027 ], [ -87.9992741, 31.283250800000047 ], [ -88.0048151, 31.289693800000023 ], [ -88.0064151, 31.2908628 ], [ -88.0080701, 31.289718800000013 ], [ -88.0080001, 31.2564408 ], [ -87.9960661, 31.255732800000018 ], [ -87.9925251, 31.251719800000021 ], [ -87.9948201, 31.250247799999975 ], [ -87.9944821, 31.2473738 ], [ -87.9919231, 31.2467328 ], [ -87.9891111, 31.242665799999976 ], [ -87.9914481, 31.239311799999978 ], [ -87.9953761, 31.241198799999989 ], [ -87.9980791, 31.2408588 ], [ -88.0002761, 31.243038799999962 ], [ -88.0071651, 31.2423588 ], [ -88.0087671, 31.243930800000022 ], [ -88.0098361, 31.235394800000012 ], [ -88.0159441, 31.234112800000013 ], [ -88.0182571, 31.2354088 ], [ -88.0208741, 31.230453800000021 ], [ -88.0213561, 31.2348198 ] ] ] } },
{ "type": "Feature", "properties": { "state_po": "AL", "congressional_district": "AL-02", "pwsid": "AL0001358", "pws_name": "CHATOM, THE UTILITIES BOARD OF THE TOWN", "population_served_count": 2037, "model_method": "Decision Tree", "verification_status": "", "symbology_field": "Modeled", "intersection_area_sq_km": 5.6374493150296381 }, "geometry": { "type": "Polygon", "coordinates": [ [ [ -88.2304012, 31.450529799999977 ], [ -88.2521352, 31.4504128 ], [ -88.2538482, 31.4519958 ], [ -88.2589792, 31.4516988 ], [ -88.2669162, 31.457781800000028 ], [ -88.2697612, 31.4543198 ], [ -88.2719902, 31.457287799999932 ], [ -88.2778572, 31.456271799999978 ], [ -88.2780772, 31.4661228 ], [ -88.2670272, 31.4688528 ], [ -88.2623452, 31.464975799999955 ], [ -88.2561292, 31.4663088 ], [ -88.2555202, 31.464950799999983 ], [ -88.2541912, 31.466324799999985 ], [ -88.2530422, 31.462721800000033 ], [ -88.2358592, 31.460483799999949 ], [ -88.2308172, 31.4587698 ], [ -88.2304012, 31.450529799999977 ] ] ] } },
{ "type": "Feature", "properties": { "state_po": "AL", "congressional_district": "AL-02", "pwsid": "MS0210005", "pws_name": "TOWN OF STATE LINE", "population_served_count": 1600, "model_method": "", "verification_status": "", "symbology_field": "System Sourced", "intersection_area_sq_km": 0.0013476886979541733 }, "geometry": { "type": "Polygon", "coordinates": [ [ [ -88.4492879, 31.432244 ], [ -88.449066330154054, 31.427781036364784 ], [ -88.449345217488471, 31.432244470928953 ], [ -88.4492879, 31.432244 ] ] ] } },
{ "type": "Feature", "properties": { "state_po": "AL", "congressional_district": "AL-02", "pwsid": "AL0001362", "pws_name": "LEROY WATER AUTHORITY", "population_served_count": 1710, "model_method": "Random Forest", "verification_status": "", "symbology_field": "Modeled", "intersection_area_sq_km": 4.1647793563853419 }, "geometry": { "type": "MultiPolygon", "coordinates": [ [ [ [ -87.9672261, 31.482414799999976 ], [ -87.962000100000012, 31.487571799999976 ], [ -87.9716971, 31.500393800000015 ], [ -87.9654971, 31.5018878 ], [ -87.9599051, 31.505244799999979 ], [ -87.9551621, 31.49760280000001 ], [ -87.9616561, 31.4872478 ], [ -87.9585461, 31.483813800000021 ], [ -87.9586961, 31.478260799999987 ], [ -87.9627911, 31.477773800000016 ], [ -87.9641731, 31.475188800000023 ], [ -87.9670901, 31.476189800000029 ], [ -87.9672261, 31.482414799999976 ] ] ], [ [ [ -87.9785561, 31.5040188 ], [ -87.9677631, 31.513255800000021 ], [ -87.9650601, 31.5105268 ], [ -87.9554861, 31.5188698 ], [ -87.9483871, 31.513639799999957 ], [ -87.9631661, 31.503547800000039 ], [ -87.9631091, 31.5079848 ], [ -87.9657111, 31.5099838 ], [ -87.97581910000001, 31.501400800000024 ], [ -87.9785561, 31.5040188 ] ] ] ] } },
{ "type": "Feature", "properties": { "state_po": "AL", "congressional_district": "AL-02", "pwsid": "AL0000128", "pws_name": "MCKENZIE WATER BOARD", "population_served_count": 1170, "model_method": "Random Forest", "verification_status": "", "symbology_field": "Modeled", "intersection_area_sq_km": 3.244929319826912 }, "geometry": { "type": "Polygon", "coordinates": [ [ [ -86.7184988, 31.5287339 ], [ -86.7283008, 31.5403209 ], [ -86.718484800000013, 31.5439789 ], [ -86.7174818, 31.548558900000021 ], [ -86.7212498, 31.551146900000024 ], [ -86.7141648, 31.551147900000036 ], [ -86.7141348, 31.554955900000046 ], [ -86.7106788, 31.551267900000013 ], [ -86.704405799999989, 31.551163899999985 ], [ -86.7043778, 31.535516899999976 ], [ -86.7182338, 31.535381899999965 ], [ -86.7184988, 31.5287339 ] ] ] } },
{ "type": "Feature", "properties": { "state_po": "AL", "congressional_district": "AL-02", "pwsid": "AL0000337", "pws_name": "CASTLEBERRY WATER SYSTEM", "population_served_count": 1095, "model_method": "Random Forest", "verification_status": "", "symbology_field": "Modeled", "intersection_area_sq_km": 4.3131785142621712 }, "geometry": { "type": "MultiPolygon", "coordinates": [ [ [ [ -87.0228998, 31.301187799999962 ], [ -87.0159878, 31.301168800000021 ], [ -87.0163358, 31.287193800000011 ], [ -87.0319128, 31.2871698 ], [ -87.0309398, 31.2903968 ], [ -87.0348568, 31.2905008 ], [ -87.0347528, 31.294126800000019 ], [ -87.0387718, 31.294069799999985 ], [ -87.0381478, 31.2982678 ], [ -87.0346808, 31.2978338 ], [ -87.0347368, 31.301103799999975 ], [ -87.0310238, 31.301929800000014 ], [ -87.0250008, 31.300792799999979 ], [ -87.0234758, 31.3023528 ], [ -87.0228998, 31.301187799999962 ] ] ], [ [ [ -87.0243338, 31.3040438 ], [ -87.0348708, 31.304992799999983 ], [ -87.0422578, 31.312041799999985 ], [ -87.0366768, 31.313324799999982 ], [ -87.0360398, 31.312212799999987 ], [ -87.0309058, 31.312194800000018 ], [ -87.0276498, 31.313896799999988 ], [ -87.0297158, 31.3159058 ], [ -87.0274738, 31.315996800000015 ], [ -87.0273838, 31.314102799999947 ], [ -87.0231608, 31.316005799999985 ], [ -87.0234758, 31.3023528 ], [ -87.0243338, 31.3040438 ] ] ] ] } },
{ "type": "Feature", "properties": { "state_po": "AL", "congressional_district": "AL-02", "pwsid": "AL0000339", "pws_name": "FAIRVIEW WATER SYSTEM, CONECUH", "population_served_count": 975, "model_method": "Random Forest", "verification_status": "", "symbology_field": "Modeled", "intersection_area_sq_km": 0.88125829351266538 }, "geometry": { "type": "Polygon", "coordinates": [ [ [ -87.0065318, 31.401573799999987 ], [ -87.0067018, 31.411625799999989 ], [ -87.0082348, 31.4147438 ], [ -86.9979008, 31.414729800000018 ], [ -86.9979028, 31.4165858 ], [ -86.9930938, 31.41514979999998 ], [ -86.9962818, 31.413425799999981 ], [ -87.0065318, 31.401573799999987 ] ] ] } },
{ "type": "Feature", "properties": { "state_po": "AL", "congressional_district": "AL-02", "pwsid": "AL0001047", "pws_name": "FRISCO CITY WATER SYSTEM", "population_served_count": 2100, "model_method": "Random Forest", "verification_status": "", "symbology_field": "Modeled", "intersection_area_sq_km": 9.1034205478000771 }, "geometry": { "type": "Polygon", "coordinates": [ [ [ -87.419214, 31.4203347 ], [ -87.4188375, 31.4444467 ], [ -87.4153875, 31.4444526 ], [ -87.4154234, 31.445893600000041 ], [ -87.4044014, 31.446390500000025 ], [ -87.3967924, 31.4462813 ], [ -87.3962125, 31.444610300000026 ], [ -87.3909725, 31.444493299999984 ], [ -87.3864544, 31.449830200000015 ], [ -87.3847934, 31.44983820000002 ], [ -87.385054, 31.4206442 ], [ -87.419214, 31.4203347 ] ] ] } },
{ "type": "Feature", "properties": { "state_po": "AL", "congressional_district": "AL-02", "pwsid": "AL0001050", "pws_name": "MEXIA WATER SYSTEM, INC.", "population_served_count": 2550, "model_method": "Random Forest", "verification_status": "", "symbology_field": "Modeled", "intersection_area_sq_km": 5.1719039189556355 }, "geometry": { "type": "MultiPolygon", "coordinates": [ [ [ [ -87.3718749, 31.486717799999955 ], [ -87.372045899999989, 31.484874800000014 ], [ -87.3782369, 31.483397800000013 ], [ -87.378113900000017, 31.4868418 ], [ -87.3718749, 31.486717799999955 ] ] ], [ [ [ -87.471714, 31.5066338 ], [ -87.456532, 31.506913800000039 ], [ -87.460314, 31.5044868 ], [ -87.455712, 31.4844768 ], [ -87.458433, 31.484256799999976 ], [ -87.461587, 31.481614799999967 ], [ -87.465982, 31.4822408 ], [ -87.466734, 31.496774800000019 ], [ -87.471714, 31.5066338 ] ] ], [ [ [ -87.3723229, 31.487015799999988 ], [ -87.3811789, 31.492553800000046 ], [ -87.3812429, 31.4939348 ], [ -87.393248899999989, 31.499506799999988 ], [ -87.3982319, 31.4956178 ], [ -87.3979459, 31.500460799999981 ], [ -87.4014879, 31.5011958 ], [ -87.3910679, 31.5069878 ], [ -87.3806509, 31.506177800000025 ], [ -87.3803359, 31.501295799999969 ], [ -87.3782509, 31.5012888 ], [ -87.3783579, 31.49691880000001 ], [ -87.3696319, 31.491812799999973 ], [ -87.3723229, 31.487015799999988 ] ] ] ] } },
{ "type": "Feature", "properties": { "state_po": "AL", "congressional_district": "AL-02", "pwsid": "AL0001516", "pws_name": "HAMDEN RIDGE WATER AUTHORITY", "population_served_count": 2196, "model_method": "Random Forest", "verification_status": "", "symbology_field": "Modeled", "intersection_area_sq_km": 1.6264010740325501 }, "geometry": { "type": "Polygon", "coordinates": [ [ [ -87.1172699, 31.39958380000002 ], [ -87.109552900000011, 31.418920799999974 ], [ -87.1088049, 31.426370800000015 ], [ -87.10565290000001, 31.421847800000013 ], [ -87.1081449, 31.42186180000003 ], [ -87.1079769, 31.413249799999978 ], [ -87.1026139, 31.4060718 ], [ -87.1043119, 31.4048398 ], [ -87.1044419, 31.399670800000031 ], [ -87.1172699, 31.39958380000002 ] ] ] } },
{ "type": "Feature", "properties": { "state_po": "AL", "congressional_district": "AL-02", "pwsid": "AL0000298", "pws_name": "JACK WATER SYSTEM, INC", "population_served_count": 1335, "model_method": "Random Forest", "verification_status": "", "symbology_field": "Modeled", "intersection_area_sq_km": 0.73728472247889387 }, "geometry": { "type": "Polygon", "coordinates": [ [ [ -85.9842846, 31.6271409 ], [ -85.9791016, 31.629544900000027 ], [ -85.9728646, 31.6341679 ], [ -85.9801026, 31.619194900000029 ], [ -85.9833456, 31.619214900000021 ], [ -85.9842846, 31.6271409 ] ] ] } },
{ "type": "Feature", "properties": { "state_po": "AL", "congressional_district": "AL-02", "pwsid": "AL0001108", "pws_name": "BANKS WATER SYSTEM", "population_served_count": 1260, "model_method": "Decision Tree", "verification_status": "", "symbology_field": "Modeled", "intersection_area_sq_km": 5.2571696272948207 }, "geometry": { "type": "MultiPolygon", "coordinates": [ [ [ [ -85.8233915, 31.801108 ], [ -85.8244695, 31.799875 ], [ -85.8250825, 31.815954 ], [ -85.8299505, 31.817166 ], [ -85.8297275, 31.819261 ], [ -85.8191625, 31.816653 ], [ -85.8220285, 31.80774 ], [ -85.8095985, 31.807305 ], [ -85.7999795, 31.80249 ], [ -85.7993885, 31.800357 ], [ -85.7950205, 31.797397 ], [ -85.7992905, 31.795716 ], [ -85.8052335, 31.79616 ], [ -85.8104945, 31.797644 ], [ -85.8162915, 31.801924 ], [ -85.8233915, 31.801108 ] ] ], [ [ [ -85.8568955, 31.82249 ], [ -85.8543005, 31.823201 ], [ -85.8488435, 31.820955 ], [ -85.8417165, 31.82297 ], [ -85.8374475, 31.820396 ], [ -85.8336125, 31.820127 ], [ -85.8335555, 31.818014 ], [ -85.8386075, 31.817359 ], [ -85.8386435, 31.814995 ], [ -85.8426615, 31.815097 ], [ -85.8370465, 31.811083 ], [ -85.8350785, 31.804664 ], [ -85.841972500000011, 31.808552 ], [ -85.850086499999989, 31.810354 ], [ -85.8520975, 31.817255 ], [ -85.8578835, 31.820524 ], [ -85.8568955, 31.82249 ] ] ], [ [ [ -85.8572435, 31.822231 ], [ -85.8644525, 31.822094 ], [ -85.8653415, 31.822033 ], [ -85.8610485, 31.827767 ], [ -85.8600565, 31.824488 ], [ -85.8572435, 31.822231 ] ] ] ] } },
{ "type": "Feature", "properties": { "state_po": "AL", "congressional_district": "AL-02", "pwsid": "AL0001114", "pws_name": "GOSHEN WATER WORKS DIST SYSTEM", "population_served_count": 546, "model_method": "Random Forest", "verification_status": "", "symbology_field": "Modeled", "intersection_area_sq_km": 1.5219421296027813 }, "geometry": { "type": "Polygon", "coordinates": [ [ [ -86.1298886, 31.703548899999969 ], [ -86.1274496, 31.710814900000031 ], [ -86.1326106, 31.710792900000026 ], [ -86.1347216, 31.7164949 ], [ -86.1347326, 31.720031900000027 ], [ -86.1329036, 31.7210749 ], [ -86.1347426, 31.724096900000024 ], [ -86.1318256, 31.721633899999961 ], [ -86.125070600000015, 31.721696900000012 ], [ -86.1235746, 31.7246929 ], [ -86.1194416, 31.724205899999973 ], [ -86.1157026, 31.721734899999984 ], [ -86.1202616, 31.721123899999988 ], [ -86.1249446, 31.716599900000045 ], [ -86.1262666, 31.7040159 ], [ -86.1298886, 31.703548899999969 ] ] ] } },
{ "type": "Feature", "properties": { "state_po": "AL", "congressional_district": "AL-02", "pwsid": "AL0001110", "pws_name": "BRUNDIDGE WATER DEPARTMENT", "population_served_count": 3672, "model_method": "Random Forest", "verification_status": "", "symbology_field": "Modeled", "intersection_area_sq_km": 7.5181951968764782 }, "geometry": { "type": "Polygon", "coordinates": [ [ [ -85.8224995, 31.70381290000001 ], [ -85.833808499999989, 31.727938900000026 ], [ -85.8307315, 31.727637899999973 ], [ -85.8309135, 31.728904900000042 ], [ -85.8412875, 31.73341090000001 ], [ -85.8409865, 31.7413209 ], [ -85.8193165, 31.7416529 ], [ -85.8156295, 31.728458900000021 ], [ -85.8071955, 31.728654899999956 ], [ -85.8065715, 31.726720899999986 ], [ -85.8031715, 31.7286889 ], [ -85.7863375, 31.7289839 ], [ -85.7891035, 31.725407900000029 ], [ -85.7900415, 31.726711899999987 ], [ -85.7946945, 31.726053900000014 ], [ -85.7995445, 31.723034899999973 ], [ -85.8056995, 31.7231909 ], [ -85.8106635, 31.7214689 ], [ -85.8107135, 31.715786900000033 ], [ -85.8127585, 31.716541900000017 ], [ -85.8113715, 31.713321900000015 ], [ -85.8159085, 31.714442899999987 ], [ -85.8224995, 31.70381290000001 ] ] ] } },
{ "type": "Feature", "properties": { "state_po": "AL", "congressional_district": "AL-02", "pwsid": "AL0000392", "pws_name": "RUTLEDGE WATER WORKS", "population_served_count": 876, "model_method": "Random Forest", "verification_status": "", "symbology_field": "Modeled", "intersection_area_sq_km": 2.2977663103548176 }, "geometry": { "type": "MultiPolygon", "coordinates": [ [ [ [ -86.3244777, 31.727542899999968 ], [ -86.3269237, 31.73192689999998 ], [ -86.3134547, 31.7318859 ], [ -86.3124387, 31.733131900000011 ], [ -86.3107977, 31.732033899999966 ], [ -86.3109677, 31.735691900000013 ], [ -86.3092937, 31.735767900000027 ], [ -86.3079496, 31.723293899999966 ], [ -86.3229437, 31.72349089999998 ], [ -86.3189607, 31.7266219 ], [ -86.3244777, 31.727542899999968 ] ] ], [ [ [ -86.3309407, 31.7331649 ], [ -86.3295997, 31.731675900000024 ], [ -86.3301817, 31.728383899999983 ], [ -86.3338727, 31.728816899999966 ], [ -86.3448047, 31.7318479 ], [ -86.349614699999989, 31.7375019 ], [ -86.3309407, 31.7331649 ] ] ] ] } },
{ "type": "Feature", "properties": { "state_po": "AL", "congressional_district": "AL-02", "pwsid": "AL0000388", "pws_name": "GLENWOOD WATER WORKS", "population_served_count": 318, "model_method": "Random Forest", "verification_status": "", "symbology_field": "Modeled", "intersection_area_sq_km": 0.38865153729946267 }, "geometry": { "type": "Polygon", "coordinates": [ [ [ -86.1659146, 31.6715559 ], [ -86.1658056, 31.661677900000036 ], [ -86.1755096, 31.667607899999929 ], [ -86.1760596, 31.6691969 ], [ -86.1710836, 31.665946899999984 ], [ -86.1678636, 31.671591899999981 ], [ -86.1659146, 31.6715559 ] ] ] } },
{ "type": "Feature", "properties": { "state_po": "AL", "congressional_district": "AL-02", "pwsid": "AL0000387", "pws_name": "DOZIER WATER WORKS", "population_served_count": 495, "model_method": "Random Forest", "verification_status": "", "symbology_field": "Modeled", "intersection_area_sq_km": 2.7146778261381757 }, "geometry": { "type": "Polygon", "coordinates": [ [ [ -86.3638877, 31.484431900000015 ], [ -86.3682267, 31.484952900000028 ], [ -86.3707117, 31.48752589999992 ], [ -86.3705337, 31.4904139 ], [ -86.3726907, 31.491164899999983 ], [ -86.3686367, 31.495138899999965 ], [ -86.3740397, 31.5048589 ], [ -86.376071700000011, 31.515428899999975 ], [ -86.3728627, 31.5153619 ], [ -86.369939699999989, 31.5132599 ], [ -86.3639847, 31.5072459 ], [ -86.3632117, 31.5024999 ], [ -86.3606367, 31.500800899999987 ], [ -86.3636197, 31.498445899999975 ], [ -86.3615637, 31.496862899999989 ], [ -86.3597107, 31.487133900000039 ], [ -86.3647017, 31.487464900000031 ], [ -86.3638877, 31.484431900000015 ] ] ] } },
{ "type": "Feature", "properties": { "state_po": "AL", "congressional_district": "AL-02", "pwsid": "AL0000385", "pws_name": "BRANTLEY WATER WORKS", "population_served_count": 1455, "model_method": "Random Forest", "verification_status": "", "symbology_field": "Modeled", "intersection_area_sq_km": 4.1818811100806998 }, "geometry": { "type": "Polygon", "coordinates": [ [ [ -86.2506576, 31.5731389 ], [ -86.2520116, 31.5752679 ], [ -86.2534596, 31.574185900000025 ], [ -86.2551506, 31.576083899999951 ], [ -86.2568206, 31.581018900000011 ], [ -86.2598346, 31.579318900000025 ], [ -86.2597016, 31.581933900000017 ], [ -86.2714436, 31.581055899999942 ], [ -86.2707336, 31.5851749 ], [ -86.2724456, 31.58844089999997 ], [ -86.2658586, 31.594588900000012 ], [ -86.2577086, 31.596709900000029 ], [ -86.2554716, 31.592116900000029 ], [ -86.2486966, 31.5886159 ], [ -86.2448946, 31.591168899999989 ], [ -86.2428986, 31.587518900000038 ], [ -86.2425026, 31.57955590000001 ], [ -86.2438956, 31.578356899999957 ], [ -86.2456946, 31.579526900000022 ], [ -86.2462896, 31.5756329 ], [ -86.2487766, 31.575603899999987 ], [ -86.2506576, 31.5731389 ] ] ] } },
{ "type": "Feature", "properties": { "state_po": "AL", "congressional_district": "AL-02", "pwsid": "AL0000083", "pws_name": "CLIO WATER WORKS", "population_served_count": 2832, "model_method": "Random Forest", "verification_status": "", "symbology_field": "Modeled", "intersection_area_sq_km": 4.8609630618162969 }, "geometry": { "type": "MultiPolygon", "coordinates": [ [ [ [ -85.6261665, 31.686931899999959 ], [ -85.6214305, 31.690923899999966 ], [ -85.6155575, 31.698878899999965 ], [ -85.6157315, 31.675550900000033 ], [ -85.617467499999989, 31.6755299 ], [ -85.6172385, 31.687120900000011 ], [ -85.6261665, 31.686931899999959 ] ] ], [ [ [ -85.6155405, 31.6989039 ], [ -85.6357805, 31.706472900000026 ], [ -85.6357615, 31.709847899999975 ], [ -85.6325205, 31.711441899999958 ], [ -85.6250495, 31.711939899999983 ], [ -85.6184335, 31.709672900000044 ], [ -85.6174945, 31.711315900000034 ], [ -85.6171845, 31.709471899999954 ], [ -85.61118350000001, 31.708879900000031 ], [ -85.609189500000014, 31.712325899999975 ], [ -85.599244399999989, 31.7122859 ], [ -85.595389400000016, 31.708704900000015 ], [ -85.6023054, 31.7076939 ], [ -85.5994774, 31.703923900000021 ], [ -85.6145965, 31.6985539 ], [ -85.6155405, 31.6989039 ] ] ], [ [ [ -85.6493075, 31.719443899999966 ], [ -85.6457945, 31.719540899999981 ], [ -85.6425055, 31.716984900000046 ], [ -85.6400595, 31.722244 ], [ -85.6367225, 31.722764 ], [ -85.6403765, 31.720594900000027 ], [ -85.6409985, 31.7150939 ], [ -85.6538825, 31.712750899999975 ], [ -85.6539995, 31.7146049 ], [ -85.6498895, 31.715797899999945 ], [ -85.6493075, 31.719443899999966 ] ] ] ] } },
{ "type": "Feature", "properties": { "state_po": "AL", "congressional_district": "AL-02", "pwsid": "AL0000862", "pws_name": "NOTASULGA WATER SYSTEM", "population_served_count": 2850, "model_method": "Decision Tree", "verification_status": "", "symbology_field": "Modeled", "intersection_area_sq_km": 13.748555855197377 }, "geometry": { "type": "MultiPolygon", "coordinates": [ [ [ [ -85.6830905, 32.5314111 ], [ -85.6811685, 32.531552099999956 ], [ -85.6810545, 32.531484099999979 ], [ -85.6830905, 32.5314111 ] ] ], [ [ [ -85.6469175, 32.531540100000051 ], [ -85.6468105, 32.526641099999964 ], [ -85.6512855, 32.523528100000014 ], [ -85.6461845, 32.516675099999986 ], [ -85.633925499999989, 32.515842100000036 ], [ -85.6304035, 32.5118941 ], [ -85.6330815, 32.5118911 ], [ -85.6350005, 32.501062100000013 ], [ -85.6440735, 32.511869100000041 ], [ -85.666723499999989, 32.5113981 ], [ -85.6707665, 32.507243099999975 ], [ -85.6733445, 32.510602100000014 ], [ -85.686086500000016, 32.5106231 ], [ -85.6839975, 32.513736099999974 ], [ -85.6909425, 32.515271099999985 ], [ -85.6812825, 32.529226100000038 ], [ -85.675995500000013, 32.557778100000057 ], [ -85.6768355, 32.561244099999954 ], [ -85.6785615, 32.561417099999979 ], [ -85.6866885, 32.5577531 ], [ -85.6867775, 32.569609100000037 ], [ -85.6849365, 32.567760100000022 ], [ -85.683969499999989, 32.571367099999968 ], [ -85.6809445, 32.574132100000035 ], [ -85.6710705, 32.565965099999985 ], [ -85.6656735, 32.5680111 ], [ -85.6611035, 32.5715821 ], [ -85.661257418890301, 32.582333962133866 ], [ -85.661099, 32.571576 ], [ -85.661053, 32.567935 ], [ -85.610143218884531, 32.546983646905055 ], [ -85.6114985, 32.545826099999978 ], [ -85.6266595, 32.5466201 ], [ -85.6250745, 32.544454099999967 ], [ -85.6255485, 32.539201100000021 ], [ -85.6312205, 32.53993209999998 ], [ -85.6307555, 32.545975100000028 ], [ -85.6351665, 32.544582099999985 ], [ -85.6357405, 32.550105100000039 ], [ -85.6492405, 32.56060610000003 ], [ -85.6617925, 32.5606201 ], [ -85.6626245, 32.559613100000014 ], [ -85.6702295, 32.560597100000038 ], [ -85.6757165, 32.552991099999979 ], [ -85.6764405, 32.544133099999968 ], [ -85.6687845, 32.539406100000015 ], [ -85.6606475, 32.538989099999974 ], [ -85.6566455, 32.5370441 ], [ -85.6549605, 32.531706099999973 ], [ -85.6469175, 32.531540100000051 ] ], [ [ -85.6549605, 32.531706099999973 ], [ -85.6778945, 32.531704099999978 ], [ -85.6803235, 32.5191911 ], [ -85.6769165, 32.5180401 ], [ -85.6737985, 32.51434109999996 ], [ -85.6638865, 32.5149191 ], [ -85.6612615, 32.518560100000045 ], [ -85.6551725, 32.519947099999989 ], [ -85.6523175, 32.522265100000027 ], [ -85.6549605, 32.531706099999973 ] ] ] ] } },
{ "type": "Feature", "properties": { "state_po": "AL", "congressional_district": "AL-02", "pwsid": "AL0001072", "pws_name": "PILGRIM-PROVIDENCE WATER AUTHORITY", "population_served_count": 588, "model_method": "Random Forest", "verification_status": "", "symbology_field": "Modeled", "intersection_area_sq_km": 0.2583053784271267 }, "geometry": { "type": "Polygon", "coordinates": [ [ [ -86.1176356, 32.209011 ], [ -86.1177026, 32.214427 ], [ -86.1132396, 32.214603 ], [ -86.1131376, 32.209067 ], [ -86.1176356, 32.209011 ] ] ] } },
{ "type": "Feature", "properties": { "state_po": "AL", "congressional_district": "AL-02", "pwsid": "AL0001077", "pws_name": "SELLERS STATION WATER SYSTEM", "population_served_count": 1644, "model_method": "Random Forest", "verification_status": "", "symbology_field": "Modeled", "intersection_area_sq_km": 1.0034491504844509 }, "geometry": { "type": "MultiPolygon", "coordinates": [ [ [ [ -86.3864777, 32.044812 ], [ -86.3909277, 32.050787 ], [ -86.3809467, 32.050924 ], [ -86.3864777, 32.044812 ] ] ], [ [ [ -86.3439767, 32.052697 ], [ -86.3321217, 32.053374 ], [ -86.3248937, 32.05157 ], [ -86.3452477, 32.051384 ], [ -86.3439767, 32.052697 ] ] ], [ [ [ -86.3033427, 32.055576 ], [ -86.3030567, 32.050001 ], [ -86.3036207, 32.05167 ], [ -86.3116677, 32.051716 ], [ -86.3078807, 32.052 ], [ -86.3033427, 32.055576 ] ] ], [ [ [ -86.3028747, 32.056225 ], [ -86.3040467, 32.071366 ], [ -86.3022027, 32.071436 ], [ -86.3028747, 32.056225 ] ] ] ] } },
{ "type": "Feature", "properties": { "state_po": "AL", "congressional_district": "AL-02", "pwsid": "AL0001078", "pws_name": "SNOWDOUN WATER SYSTEM INC", "population_served_count": 2550, "model_method": "Random Forest", "verification_status": "", "symbology_field": "Modeled", "intersection_area_sq_km": 1.7261187641050009 }, "geometry": { "type": "Polygon", "coordinates": [ [ [ -86.3487247, 32.219001 ], [ -86.3483537, 32.230085 ], [ -86.3446127, 32.240553 ], [ -86.3432687, 32.235673 ], [ -86.3401047, 32.235716 ], [ -86.3401917, 32.219331 ], [ -86.3378857, 32.219372 ], [ -86.3402607, 32.215447 ], [ -86.3444917, 32.215399 ], [ -86.3447927, 32.218939 ], [ -86.3487247, 32.219001 ] ] ] } },
{ "type": "Feature", "properties": { "state_po": "AL", "congressional_district": "AL-02", "pwsid": "AL0001791", "pws_name": "FSI EVERGREEN ESTATES PROPERTY, LLC", "population_served_count": 1533, "model_method": "Random Forest", "verification_status": "", "symbology_field": "Modeled", "intersection_area_sq_km": 0.46020555112303774 }, "geometry": { "type": "Polygon", "coordinates": [ [ [ -86.1619856, 32.317061100000011 ], [ -86.1610446, 32.333981099999988 ], [ -86.1601836, 32.331592100000016 ], [ -86.1553506, 32.330999100000035 ], [ -86.1558856, 32.3295961 ], [ -86.1597226, 32.330277099999982 ], [ -86.1598496, 32.3170591 ], [ -86.1619856, 32.317061100000011 ] ] ] } },
{ "type": "Feature", "properties": { "state_po": "AL", "congressional_district": "AL-02", "pwsid": "AL0001044", "pws_name": "BEATRICE, TOWN OF", "population_served_count": 1485, "model_method": "Random Forest", "verification_status": "", "symbology_field": "Modeled", "intersection_area_sq_km": 1.7464615585255958 }, "geometry": { "type": "Polygon", "coordinates": [ [ [ -87.2129859, 31.718179899999974 ], [ -87.2106719, 31.729984900000023 ], [ -87.2126069, 31.7348269 ], [ -87.2118169, 31.738261900000012 ], [ -87.2086519, 31.7382549 ], [ -87.2088509, 31.739811899999964 ], [ -87.1978719, 31.734412899999981 ], [ -87.1942559, 31.735942899999987 ], [ -87.1943429, 31.734158899999969 ], [ -87.1982509, 31.733969900000023 ], [ -87.1983019, 31.7296999 ], [ -87.2018109, 31.7296439 ], [ -87.2017779, 31.727416899999984 ], [ -87.1999509, 31.7270829 ], [ -87.2017639, 31.726501900000017 ], [ -87.2017309, 31.724165900000024 ], [ -87.2105349, 31.7240609 ], [ -87.2129859, 31.718179899999974 ] ] ] } },
{ "type": "Feature", "properties": { "state_po": "AL", "congressional_district": "AL-02", "pwsid": "AL0000393", "pws_name": "OWASSA-BROWNSVILLE WATER AUTHORITY", "population_served_count": 3300, "model_method": "Random Forest", "verification_status": "", "symbology_field": "Modeled", "intersection_area_sq_km": 0.57326541064250702 }, "geometry": { "type": "MultiPolygon", "coordinates": [ [ [ [ -86.9236668, 31.437916799999989 ], [ -86.9236248, 31.440350799999973 ], [ -86.9203828, 31.445102800000033 ], [ -86.9175728, 31.4424368 ], [ -86.9160448, 31.436844800000014 ], [ -86.9194098, 31.4362488 ], [ -86.9236668, 31.437916799999989 ] ] ], [ [ [ -86.9349048, 31.48769489999998 ], [ -86.930551799999989, 31.490594900000033 ], [ -86.930248800000015, 31.4906979 ], [ -86.9331068, 31.485101899999986 ], [ -86.9349048, 31.48769489999998 ] ] ], [ [ [ -86.9262658, 31.493305899999985 ], [ -86.9246048, 31.492087899999984 ], [ -86.9271908, 31.493291900000042 ], [ -86.9262658, 31.493305899999985 ] ] ] ] } },
{ "type": "Feature", "properties": { "state_po": "AL", "congressional_district": "AL-02", "pwsid": "AL0000344", "pws_name": "REPTON WATER WORKS", "population_served_count": 510, "model_method": "Decision Tree", "verification_status": "", "symbology_field": "Modeled", "intersection_area_sq_km": 2.6408863134110221 }, "geometry": { "type": "Polygon", "coordinates": [ [ [ -87.2294719, 31.404581800000017 ], [ -87.2473459, 31.401790800000025 ], [ -87.2487329, 31.409352799999972 ], [ -87.2547899, 31.408874800000035 ], [ -87.2490139, 31.4131408 ], [ -87.2493079, 31.414952799999977 ], [ -87.2391649, 31.416212799999965 ], [ -87.2396509, 31.420945799999959 ], [ -87.2362729, 31.420963799999985 ], [ -87.2360379, 31.416610799999955 ], [ -87.2311129, 31.417302799999973 ], [ -87.2304759, 31.4127658 ], [ -87.235188900000011, 31.41186979999998 ], [ -87.2345909, 31.408987800000016 ], [ -87.2300379, 31.409822800000011 ], [ -87.2294719, 31.404581800000017 ] ] ] } },
{ "type": "Feature", "properties": { "state_po": "AL", "congressional_district": "AL-02", "pwsid": "AL0000341", "pws_name": "LYEFFION WATER AUTHORITY, INC.", "population_served_count": 1506, "model_method": "Random Forest", "verification_status": "", "symbology_field": "Modeled", "intersection_area_sq_km": 0.19513591100372119 }, "geometry": { "type": "MultiPolygon", "coordinates": [ [ [ [ -86.9858138, 31.542600899999965 ], [ -86.9817918, 31.545465899999989 ], [ -86.9801358, 31.542648899999985 ], [ -86.9858138, 31.542600899999965 ] ] ], [ [ [ -86.9617178, 31.5635669 ], [ -86.9618548, 31.568050900000014 ], [ -86.9574008, 31.5647639 ], [ -86.9617178, 31.5635669 ] ] ] ] } },
{ "type": "Feature", "properties": { "state_po": "AL", "congressional_district": "AL-02", "pwsid": "AL0000123", "pws_name": "GEORGIANA, THE WW BOAD OF THE TOWN OF", "population_served_count": 2889, "model_method": "Random Forest", "verification_status": "", "symbology_field": "Modeled", "intersection_area_sq_km": 6.579415341996115 }, "geometry": { "type": "MultiPolygon", "coordinates": [ [ [ [ -86.7290238, 31.606154899999964 ], [ -86.7261438, 31.5971369 ], [ -86.73273780000001, 31.596995899999989 ], [ -86.7307698, 31.6073099 ], [ -86.7290238, 31.606154899999964 ] ] ], [ [ [ -86.7356188, 31.6112219 ], [ -86.7377698, 31.6185669 ], [ -86.7437708, 31.618597900000037 ], [ -86.7441658, 31.6196269 ], [ -86.7447858, 31.621743899999977 ], [ -86.7406018, 31.621540900000024 ], [ -86.7400538, 31.622796900000022 ], [ -86.7424108, 31.6296909 ], [ -86.7448478, 31.630489900000011 ], [ -86.7469538, 31.628810900000026 ], [ -86.7493048, 31.636772900000025 ], [ -86.7464598, 31.637136900000023 ], [ -86.747948799999989, 31.644760900000016 ], [ -86.7427358, 31.645198900000043 ], [ -86.7391348, 31.6438309 ], [ -86.7297048, 31.6534999 ], [ -86.7256328, 31.651194899999965 ], [ -86.7256268, 31.654741899999966 ], [ -86.7214568, 31.6519829 ], [ -86.7225938, 31.6506669 ], [ -86.7212398, 31.649742899999989 ], [ -86.7229738, 31.648660900000049 ], [ -86.7229898, 31.643751900000019 ], [ -86.7249078, 31.643025900000044 ], [ -86.7249428, 31.634052899999965 ], [ -86.7295828, 31.6353169 ], [ -86.7302758, 31.618523900000028 ], [ -86.7357128, 31.618555899999986 ], [ -86.7331218, 31.612931900000042 ], [ -86.7306068, 31.6106769 ], [ -86.7305268, 31.6127069 ], [ -86.7293118, 31.612504900000022 ], [ -86.7283918, 31.609540899999974 ], [ -86.7306318, 31.610375900000026 ], [ -86.7307698, 31.6073099 ], [ -86.7356188, 31.6112219 ] ] ] ] } },
{ "type": "Feature", "properties": { "state_po": "AL", "congressional_district": "AL-02", "pwsid": "AL0001784", "pws_name": "WASHINGTON COUNTY WATER AUTHORITY", "population_served_count": 2445, "model_method": "Random Forest", "verification_status": "", "symbology_field": "Modeled", "intersection_area_sq_km": 5.5469539307542011 }, "geometry": { "type": "Polygon", "coordinates": [ [ [ -88.2304012, 31.450529799999977 ], [ -88.2521352, 31.4504128 ], [ -88.2538482, 31.4519958 ], [ -88.2589792, 31.4516988 ], [ -88.2669162, 31.457781800000028 ], [ -88.2697612, 31.4543198 ], [ -88.2719902, 31.457287799999932 ], [ -88.2778572, 31.456271799999978 ], [ -88.2780772, 31.4661228 ], [ -88.2670272, 31.4688528 ], [ -88.2624942, 31.465029799999986 ], [ -88.2543762, 31.464956799999982 ], [ -88.2534372, 31.46287879999996 ], [ -88.2489992, 31.462475800000014 ], [ -88.246269200000015, 31.4603818 ], [ -88.2358592, 31.460483799999949 ], [ -88.2308172, 31.4587698 ], [ -88.2304012, 31.450529799999977 ] ] ] } },
{ "type": "Feature", "properties": { "state_po": "AL", "congressional_district": "AL-02", "pwsid": "AL0001753", "pws_name": "TIBBIE WATER & FIRE PROTECTION AUTHORITY", "population_served_count": 1539, "model_method": "Decision Tree", "verification_status": "", "symbology_field": "Modeled", "intersection_area_sq_km": 2.202052027422619 }, "geometry": { "type": "Polygon", "coordinates": [ [ [ -88.2497412, 31.358177799999986 ], [ -88.2472762, 31.3731328 ], [ -88.2424652, 31.377413799999989 ], [ -88.2413032, 31.376627800000051 ], [ -88.2391402, 31.379680800000024 ], [ -88.2372972, 31.378191800000039 ], [ -88.2403132, 31.371201800000012 ], [ -88.2438112, 31.369687799999987 ], [ -88.2425272, 31.3660908 ], [ -88.2446112, 31.3625548 ], [ -88.2415352, 31.36059179999998 ], [ -88.2367822, 31.3623118 ], [ -88.2345532, 31.3652598 ], [ -88.233791200000013, 31.360525800000019 ], [ -88.2393172, 31.351260799999981 ], [ -88.2497412, 31.358177799999986 ] ] ] } },
{ "type": "Feature", "properties": { "state_po": "AL", "congressional_district": "AL-02", "pwsid": "AL0001368", "pws_name": "DEER PARK-VINEGAR BEND WATER & FPA", "population_served_count": 1467, "model_method": "Decision Tree", "verification_status": "", "symbology_field": "Modeled", "intersection_area_sq_km": 0.55818568143326341 }, "geometry": { "type": "Polygon", "coordinates": [ [ [ -88.3160932, 31.218879699999945 ], [ -88.3139072, 31.221327700000028 ], [ -88.3138812, 31.231602799999955 ], [ -88.3126762, 31.2316348 ], [ -88.3122702, 31.22319670000002 ], [ -88.307226200000017, 31.216928699999936 ], [ -88.3219452, 31.217804699999977 ], [ -88.3178202, 31.219832699999987 ], [ -88.3160932, 31.218879699999945 ] ] ] } },
{ "type": "Feature", "properties": { "state_po": "AL", "congressional_district": "AL-02", "pwsid": "AL0001364", "pws_name": "MILLRY WATER WORKS", "population_served_count": 2217, "model_method": "Decision Tree", "verification_status": "", "symbology_field": "Modeled", "intersection_area_sq_km": 3.2201013938818788 }, "geometry": { "type": "MultiPolygon", "coordinates": [ [ [ [ -88.3449752, 31.622982800000024 ], [ -88.3451762, 31.628507800000012 ], [ -88.3561532, 31.6284748 ], [ -88.3561242, 31.63099380000002 ], [ -88.3409952, 31.63219279999997 ], [ -88.3422572, 31.627127800000022 ], [ -88.3390032, 31.624824799999974 ], [ -88.343272200000015, 31.62481679999998 ], [ -88.3432732, 31.622307800000041 ], [ -88.3449752, 31.622982800000024 ] ] ], [ [ [ -88.3383812, 31.6334608 ], [ -88.3367922, 31.633974799999962 ], [ -88.3367122, 31.6324598 ], [ -88.3383812, 31.6334608 ] ] ], [ [ [ -88.3177052, 31.6285148 ], [ -88.3174112, 31.630511800000011 ], [ -88.3199612, 31.631429800000028 ], [ -88.3158992, 31.632626800000022 ], [ -88.3148832, 31.6348088 ], [ -88.3136872, 31.654424799999973 ], [ -88.3047062, 31.65445579999998 ], [ -88.3045802, 31.6469078 ], [ -88.3005912, 31.6470388 ], [ -88.3005612, 31.645047800000015 ], [ -88.3069192, 31.636874799999987 ], [ -88.3130532, 31.63407679999996 ], [ -88.3130462, 31.630555800000039 ], [ -88.3102432, 31.627190799999983 ], [ -88.3138542, 31.626571800000036 ], [ -88.3177052, 31.6285148 ] ] ] ] } },
{ "type": "Feature", "properties": { "state_po": "AL", "congressional_district": "AL-02", "pwsid": "AL0001361", "pws_name": "HOBSON WATER SYSTEM", "population_served_count": 663, "model_method": "Random Forest", "verification_status": "", "symbology_field": "Modeled", "intersection_area_sq_km": 0.64264648895685539 }, "geometry": { "type": "Polygon", "coordinates": [ [ [ -88.1597832, 31.4618828 ], [ -88.1580792, 31.466736799999985 ], [ -88.1595352, 31.468013799999984 ], [ -88.1595012, 31.4770978 ], [ -88.1578832, 31.4776738 ], [ -88.1537462, 31.474306799999983 ], [ -88.1547172, 31.4645078 ], [ -88.1597832, 31.4618828 ] ] ] } },
{ "type": "Feature", "properties": { "state_po": "AL", "congressional_district": "AL-02", "pwsid": "AL0001360", "pws_name": "FRUITDALE WATER SYSTEM", "population_served_count": 1809, "model_method": "Random Forest", "verification_status": "", "symbology_field": "Modeled", "intersection_area_sq_km": 0.75291867566136517 }, "geometry": { "type": "MultiPolygon", "coordinates": [ [ [ [ -88.4046292, 31.335757799999989 ], [ -88.4119602, 31.341076799999978 ], [ -88.4116522, 31.3428188 ], [ -88.4079472, 31.342832800000046 ], [ -88.4077142, 31.345169800000026 ], [ -88.4066782, 31.3410288 ], [ -88.4025882, 31.3410288 ], [ -88.402626200000014, 31.337126799999979 ], [ -88.4046292, 31.335757799999989 ] ] ], [ [ [ -88.4197502, 31.3536818 ], [ -88.4152872, 31.355687799999973 ], [ -88.4152932, 31.344988800000014 ], [ -88.4173822, 31.3500488 ], [ -88.4197502, 31.3536818 ] ] ] ] } },
{ "type": "Feature", "properties": { "state_po": "AL", "congressional_district": "AL-02", "pwsid": "AL0001357", "pws_name": "FRANKVILLE WATER & FIRE PRO AUTHORITY", "population_served_count": 945, "model_method": "Random Forest", "verification_status": "", "symbology_field": "Modeled", "intersection_area_sq_km": 0.090502701846474368 }, "geometry": { "type": "Polygon", "coordinates": [ [ [ -88.1284772, 31.634223799999937 ], [ -88.1274382, 31.636404799999973 ], [ -88.1253532, 31.633725799999951 ], [ -88.1219632, 31.6328558 ], [ -88.121495200000012, 31.630918800000028 ], [ -88.1284772, 31.634223799999937 ] ] ] } },
{ "type": "Feature", "properties": { "state_po": "AL", "congressional_district": "AL-02", "pwsid": "AL0001366", "pws_name": "ST STEPHENS WATER SYSTEM", "population_served_count": 735, "model_method": "Random Forest", "verification_status": "", "symbology_field": "Modeled", "intersection_area_sq_km": 1.6201425988409508 }, "geometry": { "type": "Polygon", "coordinates": [ [ [ -88.0611271, 31.5459778 ], [ -88.0382631, 31.528121799999962 ], [ -88.0331451, 31.5281568 ], [ -88.033087100000017, 31.5218548 ], [ -88.0389431, 31.5213368 ], [ -88.0440641, 31.5272838 ], [ -88.0501271, 31.530650799999975 ], [ -88.051422100000011, 31.535842800000022 ], [ -88.0552401, 31.540514799999983 ], [ -88.0643681, 31.542558800000013 ], [ -88.0611271, 31.5459778 ] ] ] } },
{ "type": "Feature", "properties": { "state_po": "AL", "congressional_district": "AL-02", "pwsid": "AL0000860", "pws_name": "FRANKLIN, TOWN OF", "population_served_count": 150, "model_method": "Random Forest", "verification_status": "", "symbology_field": "Modeled", "intersection_area_sq_km": 0.0648296747251869 }, "geometry": { "type": "Polygon", "coordinates": [ [ [ -85.8472396, 32.4535341 ], [ -85.8472386, 32.455513100000033 ], [ -85.844721600000014, 32.4554721 ], [ -85.8446866, 32.452968099999978 ], [ -85.8472396, 32.4535341 ] ] ] } },
{ "type": "Feature", "properties": { "state_po": "AL", "congressional_district": "AL-02", "pwsid": "AL0000865", "pws_name": "STAR-MINDINGALL WATER AUTHORITY", "population_served_count": 1962, "model_method": "Random Forest", "verification_status": "", "symbology_field": "Modeled", "intersection_area_sq_km": 3.6534369062569811 }, "geometry": { "type": "MultiPolygon", "coordinates": [ [ [ [ -85.7508785, 32.4216131 ], [ -85.7441115, 32.421538099999971 ], [ -85.7449275, 32.415835100000017 ], [ -85.742930500000014, 32.413199099999979 ], [ -85.7506285, 32.4166581 ], [ -85.7508785, 32.4216131 ] ] ], [ [ [ -85.7508785, 32.4216131 ], [ -85.756489500000015, 32.4214371 ], [ -85.7599355, 32.424231099999986 ], [ -85.7642255, 32.423401100000014 ], [ -85.7668345, 32.426730099999979 ], [ -85.7593675, 32.436808100000022 ], [ -85.7502785, 32.439943099999944 ], [ -85.7508785, 32.4216131 ] ] ], [ [ [ -85.7079795, 32.46644509999998 ], [ -85.7001985, 32.469778099999985 ], [ -85.6974615, 32.466322099999985 ], [ -85.703203500000015, 32.4658991 ], [ -85.7032015, 32.460319099999957 ], [ -85.7069255, 32.459732099999982 ], [ -85.7079795, 32.46644509999998 ] ] ], [ [ [ -85.7147875, 32.46781210000001 ], [ -85.7086685, 32.474972100000031 ], [ -85.7009675, 32.470248099999957 ], [ -85.714770500000014, 32.465677100000022 ], [ -85.7147875, 32.46781210000001 ] ] ] ] } },
{ "type": "Feature", "properties": { "state_po": "AL", "congressional_district": "AL-02", "pwsid": "AL0001074", "pws_name": "RAMER WATER COMPANY, INC.", "population_served_count": 1398, "model_method": "Random Forest", "verification_status": "", "symbology_field": "Modeled", "intersection_area_sq_km": 1.3679969204242828 }, "geometry": { "type": "MultiPolygon", "coordinates": [ [ [ [ -86.2060616, 31.993178 ], [ -86.2007616, 31.995582 ], [ -86.2010286, 31.990576 ], [ -86.1952956, 31.981413 ], [ -86.200888600000013, 31.979372 ], [ -86.2049436, 31.986983 ], [ -86.2060616, 31.993178 ] ] ], [ [ [ -86.2210626, 32.052143 ], [ -86.2179116, 32.052143 ], [ -86.2141856, 32.048826 ], [ -86.2126946, 32.045181 ], [ -86.2170216, 32.045521 ], [ -86.2210246, 32.050364 ], [ -86.2216106, 32.049268 ], [ -86.2243696, 32.055697 ], [ -86.2303296, 32.061352 ], [ -86.2211306, 32.056368 ], [ -86.2210626, 32.052143 ] ] ] ] } },
{ "type": "Feature", "properties": { "state_po": "AL", "congressional_district": "AL-02", "pwsid": "AL0000087", "pws_name": "WEST BARBOUR COUNTY WATER AUTHORITY", "population_served_count": 1395, "model_method": "Random Forest", "verification_status": "", "symbology_field": "Modeled", "intersection_area_sq_km": 116.9949694167062 }, "geometry": { "type": "MultiPolygon", "coordinates": [ [ [ [ -85.5618504, 31.782512 ], [ -85.5613054, 31.793148 ], [ -85.5574564, 31.793037 ], [ -85.5574664, 31.798774 ], [ -85.550896400000013, 31.796542 ], [ -85.5507464, 31.791029 ], [ -85.5539604, 31.788448 ], [ -85.5577374, 31.780184 ], [ -85.5611234, 31.779577 ], [ -85.5677464, 31.781213 ], [ -85.5677114, 31.782419 ], [ -85.5618504, 31.782512 ] ] ], [ [ [ -85.5702114, 31.774983 ], [ -85.5806844, 31.774604 ], [ -85.5853774, 31.771969 ], [ -85.5898554, 31.772426 ], [ -85.5946554, 31.769423 ], [ -85.59961650000001, 31.768895 ], [ -85.6055765, 31.763792 ], [ -85.6129495, 31.786783 ], [ -85.6165975, 31.784399 ], [ -85.6183475, 31.775353 ], [ -85.6301795, 31.782666 ], [ -85.6418015, 31.783568 ], [ -85.6530945, 31.796658 ], [ -85.6515665, 31.799152 ], [ -85.6444705, 31.801837 ], [ -85.6386185, 31.807059 ], [ -85.6361455, 31.815604 ], [ -85.6374595, 31.817209 ], [ -85.6354465, 31.818353 ], [ -85.6349085, 31.821376 ], [ -85.6233915, 31.822612 ], [ -85.6241315, 31.824908 ], [ -85.622406500000011, 31.824569 ], [ -85.6217045, 31.831109 ], [ -85.6259885, 31.8365 ], [ -85.6260305, 31.849033 ], [ -85.6319985, 31.851207 ], [ -85.6332845, 31.855995 ], [ -85.6264245, 31.866531 ], [ -85.6283525, 31.872938 ], [ -85.629788499999989, 31.87604 ], [ -85.6396195, 31.876557 ], [ -85.6410405, 31.880904 ], [ -85.6334355, 31.888067 ], [ -85.6273905, 31.896864 ], [ -85.6178755, 31.904983 ], [ -85.6123425, 31.906101 ], [ -85.6082595, 31.891953 ], [ -85.6037985, 31.888352 ], [ -85.6036785, 31.891617 ], [ -85.5999245, 31.891812 ], [ -85.5993245, 31.899027 ], [ -85.5933645, 31.89793 ], [ -85.5893195, 31.900683 ], [ -85.5875175, 31.90643 ], [ -85.5743074, 31.903392 ], [ -85.5611514, 31.903051 ], [ -85.5513964, 31.901187 ], [ -85.5416384, 31.896793 ], [ -85.5424784, 31.892951 ], [ -85.541078399999989, 31.889938 ], [ -85.5435204, 31.886191 ], [ -85.5418884, 31.880979 ], [ -85.5454494, 31.873143 ], [ -85.5426374, 31.848148 ], [ -85.5460484, 31.835455 ], [ -85.5398764, 31.835867 ], [ -85.536592399999989, 31.833849 ], [ -85.5385784, 31.825545 ], [ -85.5328844, 31.819889 ], [ -85.5306064, 31.814902 ], [ -85.536198399999989, 31.81048 ], [ -85.5454324, 31.808498 ], [ -85.5536044, 31.814058 ], [ -85.561511400000015, 31.814818 ], [ -85.5688914, 31.819159 ], [ -85.5806374, 31.815775 ], [ -85.581604399999989, 31.816806 ], [ -85.5888214, 31.816438 ], [ -85.5994215, 31.819666 ], [ -85.6029365, 31.819092 ], [ -85.5986355, 31.823793 ], [ -85.5941825, 31.8328 ], [ -85.6027985, 31.827743 ], [ -85.6073835, 31.83117 ], [ -85.6077495, 31.834908 ], [ -85.6107085, 31.836048 ], [ -85.6166845, 31.826478 ], [ -85.6224085, 31.824525 ], [ -85.6198445, 31.812666 ], [ -85.60871250000001, 31.808623 ], [ -85.6071585, 31.80251 ], [ -85.5941855, 31.790997 ], [ -85.5908024, 31.786441 ], [ -85.5905424, 31.782543 ], [ -85.5781824, 31.782803 ], [ -85.5677464, 31.781213 ], [ -85.5678824, 31.77862 ], [ -85.570026399999989, 31.778704 ], [ -85.5702114, 31.774983 ] ], [ [ -85.6196325, 31.867981 ], [ -85.6013745, 31.874079 ], [ -85.5958975, 31.878217 ], [ -85.6009175, 31.885484 ], [ -85.609497499999989, 31.875879 ], [ -85.6210065, 31.875772 ], [ -85.6196325, 31.867981 ] ] ], [ [ [ -85.6341895, 31.855262 ], [ -85.6364465, 31.852193 ], [ -85.6353335, 31.850851 ], [ -85.6380105, 31.850295 ], [ -85.6437205, 31.84979 ], [ -85.647490499999989, 31.851436 ], [ -85.6530585, 31.851347 ], [ -85.6530405, 31.857752 ], [ -85.6421445, 31.868016 ], [ -85.6362905, 31.86676 ], [ -85.6341895, 31.855262 ] ] ], [ [ [ -85.5094884, 31.838301 ], [ -85.5078594, 31.841266 ], [ -85.5033554, 31.843991 ], [ -85.5066954, 31.846667 ], [ -85.5118834, 31.847828 ], [ -85.5232084, 31.856365 ], [ -85.5202464, 31.85845 ], [ -85.5124354, 31.85831 ], [ -85.5015024, 31.870104 ], [ -85.4875334, 31.862391 ], [ -85.4831844, 31.862507 ], [ -85.4803924, 31.860583 ], [ -85.4730894, 31.859607 ], [ -85.5045074, 31.836849 ], [ -85.5092024, 31.830024 ], [ -85.5094884, 31.838301 ] ] ], [ [ [ -85.5416384, 31.896793 ], [ -85.5427884, 31.902923 ], [ -85.5396444, 31.910002 ], [ -85.5403414, 31.914629 ], [ -85.5327894, 31.927961 ], [ -85.5075384, 31.950304 ], [ -85.5059644, 31.954216 ], [ -85.4990994, 31.943832 ], [ -85.4975554, 31.93418 ], [ -85.499946400000013, 31.932922 ], [ -85.5013064, 31.928247 ], [ -85.503885400000016, 31.928226 ], [ -85.5044794, 31.923644 ], [ -85.5092594, 31.926075 ], [ -85.5124554, 31.925984 ], [ -85.520007400000011, 31.918999 ], [ -85.5218744, 31.911837 ], [ -85.5256274, 31.909341 ], [ -85.5224814, 31.903175 ], [ -85.5234164, 31.895504 ], [ -85.5354904, 31.895011 ], [ -85.5416384, 31.896793 ] ] ] ] } },
{ "type": "Feature", "properties": { "state_po": "AL", "congressional_district": "AL-02", "pwsid": "AL0000081", "pws_name": "BLUE SPRINGS WATER WORKS", "population_served_count": 636, "model_method": "Random Forest", "verification_status": "", "symbology_field": "Modeled", "intersection_area_sq_km": 0.32118875376232464 }, "geometry": { "type": "Polygon", "coordinates": [ [ [ -85.5055224, 31.660986899999983 ], [ -85.5164704, 31.664115899999988 ], [ -85.5202454, 31.664081900000024 ], [ -85.5171844, 31.666049900000029 ], [ -85.5044674, 31.663568899999976 ], [ -85.5055224, 31.660986899999983 ] ] ] } },
{ "type": "Feature", "properties": { "state_po": "AL", "congressional_district": "AL-02", "pwsid": "AL0000082", "pws_name": "CLAYTON WATER WORKS & SEWER", "population_served_count": 2064, "model_method": "Random Forest", "verification_status": "", "symbology_field": "Modeled", "intersection_area_sq_km": 9.0234793310415427 }, "geometry": { "type": "MultiPolygon", "coordinates": [ [ [ [ -85.4717064, 31.883128 ], [ -85.463831399999989, 31.892396 ], [ -85.4390114, 31.891666 ], [ -85.4383224, 31.880587 ], [ -85.4357544, 31.880889 ], [ -85.4355914, 31.882587 ], [ -85.4323444, 31.88408 ], [ -85.4298334, 31.883659 ], [ -85.4311184, 31.883638 ], [ -85.4318214, 31.876538 ], [ -85.4347494, 31.876617 ], [ -85.4334684, 31.873063 ], [ -85.4317954, 31.873028 ], [ -85.4317824, 31.866476 ], [ -85.418539400000014, 31.866566 ], [ -85.4186714, 31.863208 ], [ -85.4315554, 31.865374 ], [ -85.4392814, 31.868457 ], [ -85.4412754, 31.866407 ], [ -85.4686364, 31.866651 ], [ -85.4651094, 31.870885 ], [ -85.4603614, 31.872929 ], [ -85.4597994, 31.880036 ], [ -85.4667404, 31.880401 ], [ -85.4668264, 31.883806 ], [ -85.4717064, 31.883128 ] ] ], [ [ [ -85.4745794, 31.881496 ], [ -85.4861924, 31.880789 ], [ -85.4897484, 31.882411 ], [ -85.4896424, 31.883694 ], [ -85.4873494, 31.885796 ], [ -85.483869400000017, 31.88626 ], [ -85.4721114, 31.882824 ], [ -85.4745794, 31.881496 ] ] ] ] } },
{ "type": "Feature", "properties": { "state_po": "AL", "congressional_district": "AL-02", "pwsid": "AL0000088", "pws_name": "LOUISVILLE WATER WORKS", "population_served_count": 1350, "model_method": "Random Forest", "verification_status": "", "symbology_field": "Modeled", "intersection_area_sq_km": 5.5657838571750595 }, "geometry": { "type": "MultiPolygon", "coordinates": [ [ [ [ -85.5794264, 31.76078 ], [ -85.5815774, 31.762611 ], [ -85.5783474, 31.761853 ], [ -85.5794264, 31.76078 ] ] ], [ [ [ -85.5782594, 31.761199 ], [ -85.5688504, 31.773283 ], [ -85.5651414, 31.775937 ], [ -85.5701884, 31.775441 ], [ -85.570026399999989, 31.778704 ], [ -85.5678824, 31.77862 ], [ -85.5677114, 31.782419 ], [ -85.5618504, 31.782512 ], [ -85.5613054, 31.793148 ], [ -85.5574564, 31.793037 ], [ -85.5574664, 31.798774 ], [ -85.550896400000013, 31.796542 ], [ -85.5500944, 31.803841 ], [ -85.5488874, 31.804209 ], [ -85.5488664, 31.800493 ], [ -85.5448274, 31.800471 ], [ -85.5452304, 31.775555 ], [ -85.5475064, 31.77548 ], [ -85.5514814, 31.780528 ], [ -85.5546974, 31.781101 ], [ -85.5584164, 31.777285 ], [ -85.5573664, 31.770493 ], [ -85.5549034, 31.767974 ], [ -85.5662414, 31.767998 ], [ -85.5662014, 31.76426 ], [ -85.5703884, 31.764144 ], [ -85.5705074, 31.760534 ], [ -85.5782594, 31.761199 ] ] ] ] } },
{ "type": "Feature", "properties": { "state_po": "AL", "congressional_district": "AL-02", "pwsid": "AL0000089", "pws_name": "MT ANDREW WATER AUTHORITY", "population_served_count": 660, "model_method": "Random Forest", "verification_status": "", "symbology_field": "Modeled", "intersection_area_sq_km": 0.12392893113692789 }, "geometry": { "type": "MultiPolygon", "coordinates": [ [ [ [ -85.5442814, 31.96251 ], [ -85.5420364, 31.9629 ], [ -85.5417274, 31.961569 ], [ -85.5439984, 31.961271 ], [ -85.5442814, 31.96251 ] ] ], [ [ [ -85.5247614, 31.971193 ], [ -85.5211664, 31.96988 ], [ -85.5209034, 31.966862 ], [ -85.5241954, 31.970205 ], [ -85.5247614, 31.971193 ] ] ] ] } },
{ "type": "Feature", "properties": { "state_po": "AL", "congressional_district": "AL-02", "pwsid": "AL0000116", "pws_name": "MIDWAY WATER WORKS", "population_served_count": 867, "model_method": "Random Forest", "verification_status": "", "symbology_field": "Modeled", "intersection_area_sq_km": 2.904058632712331 }, "geometry": { "type": "Polygon", "coordinates": [ [ [ -85.5191994, 32.069958 ], [ -85.5295504, 32.070271 ], [ -85.5360744, 32.074218 ], [ -85.5405424, 32.072398 ], [ -85.5389304, 32.080359 ], [ -85.5363984, 32.083118 ], [ -85.5253564, 32.078674 ], [ -85.518752400000011, 32.078516 ], [ -85.5184614, 32.081435 ], [ -85.5164224, 32.081085 ], [ -85.5171154, 32.078171 ], [ -85.5153194, 32.076619 ], [ -85.5055734, 32.072477 ], [ -85.5055174, 32.06682 ], [ -85.5191994, 32.069958 ] ] ] } },
{ "type": "Feature", "properties": { "state_po": "AL", "congressional_district": "AL-02", "pwsid": "AL0001139", "pws_name": "HURTSBORO WATER & SEWER BOARD", "population_served_count": 1038, "model_method": "Random Forest", "verification_status": "", "symbology_field": "Modeled", "intersection_area_sq_km": 3.2220919014413667 }, "geometry": { "type": "MultiPolygon", "coordinates": [ [ [ [ -85.4147864, 32.230951100000027 ], [ -85.4127174, 32.2324081 ], [ -85.4122344, 32.230914099999985 ], [ -85.4147864, 32.230951100000027 ] ] ], [ [ [ -85.4196004, 32.2284281 ], [ -85.4283594, 32.236184099999967 ], [ -85.433398400000016, 32.232251099999985 ], [ -85.4334594, 32.2332271 ], [ -85.4355344, 32.232023100000013 ], [ -85.4360934, 32.234369099999952 ], [ -85.431962399999989, 32.234616099999982 ], [ -85.4277484, 32.237130099999959 ], [ -85.4230884, 32.238179099999989 ], [ -85.4253234, 32.245630099999971 ], [ -85.4209724, 32.244270100000023 ], [ -85.4197304, 32.250712099999973 ], [ -85.4165214, 32.2507231 ], [ -85.4165614, 32.246449100000014 ], [ -85.4149094, 32.2454811 ], [ -85.407911399999989, 32.246339099999965 ], [ -85.4051504, 32.23752810000002 ], [ -85.4033204, 32.2379471 ], [ -85.4024294, 32.235456099999986 ], [ -85.4160474, 32.232346100000029 ], [ -85.4157084, 32.2270271 ], [ -85.4196004, 32.2284281 ] ] ] ] } },
{ "type": "Feature", "properties": { "state_po": "AL", "congressional_district": "AL-02", "pwsid": "AL0001460", "pws_name": "COWIKEE WATER AUTHORITY", "population_served_count": 1995, "model_method": "Random Forest", "verification_status": "", "symbology_field": "Modeled", "intersection_area_sq_km": 0.15046809499276156 }, "geometry": { "type": "Polygon", "coordinates": [ [ [ -85.1287673, 32.035556 ], [ -85.1289203, 32.038872 ], [ -85.1265653, 32.038282 ], [ -85.1237483, 32.033384 ], [ -85.1287673, 32.035556 ] ] ] } },
{ "type": "Feature", "properties": { "state_po": "AL", "congressional_district": "AL-02", "pwsid": "MS0210012", "pws_name": "S E GREENE WATER AUTHORITY", "population_served_count": 1375, "model_method": null, "verification_status": null, "symbology_field": "System Sourced", "intersection_area_sq_km": 0.02902175335038842 }, "geometry": { "type": "MultiPolygon", "coordinates": [ [ [ [ -88.4254381, 30.998329600000019 ], [ -88.425450133435362, 30.994535785964175 ], [ -88.425726745375812, 31.000137279379448 ], [ -88.4254381, 30.998329600000019 ] ] ], [ [ [ -88.425998274775836, 31.004618277944587 ], [ -88.425800099999989, 31.0012866 ], [ -88.42580964466903, 31.001171329830338 ], [ -88.425998274775836, 31.004618277944587 ] ] ], [ [ [ -88.428447312477431, 31.049342287947855 ], [ -88.4265912, 31.017219099999974 ], [ -88.426564402822464, 31.01496156783541 ], [ -88.428447312477431, 31.049342287947855 ] ] ], [ [ [ -88.43277984563332, 31.128974467315317 ], [ -88.4323578, 31.121447200000024 ], [ -88.432073414966396, 31.115559456578691 ], [ -88.43277984563332, 31.128974467315317 ] ] ] ] } },
{ "type": "Feature", "properties": { "state_po": "AL", "congressional_district": "AL-06", "pwsid": "AL0000095", "pws_name": "RANDOLPH WATER SYSTEM", "population_served_count": 1308, "model_method": "Random Forest", "verification_status": "", "symbology_field": "Modeled", "intersection_area_sq_km": 0.29840990038463738 }, "geometry": { "type": "MultiPolygon", "coordinates": [ [ [ [ -86.9131589, 32.899060199999973 ], [ -86.9088969, 32.90133920000001 ], [ -86.9096369, 32.896378199999987 ], [ -86.911036900000013, 32.89813419999998 ], [ -86.9118709, 32.8964462 ], [ -86.9131589, 32.899060199999973 ] ] ], [ [ [ -86.8746439, 32.901975200000017 ], [ -86.873606900000013, 32.899738199999966 ], [ -86.8762049, 32.892868200000038 ], [ -86.8762269, 32.9019332 ], [ -86.8746439, 32.901975200000017 ] ] ] ] } },
{ "type": "Feature", "properties": { "state_po": "AL", "congressional_district": "AL-06", "pwsid": "AL0000221", "pws_name": "MAPLESVILLE WATER WORKS", "population_served_count": 1119, "model_method": "Random Forest", "verification_status": "", "symbology_field": "Modeled", "intersection_area_sq_km": 4.1668436311947969 }, "geometry": { "type": "Polygon", "coordinates": [ [ [ -86.8847179, 32.757489100000015 ], [ -86.8820699, 32.7615141 ], [ -86.8880259, 32.763839100000013 ], [ -86.8906759, 32.7634491 ], [ -86.8906559, 32.7644241 ], [ -86.8830209, 32.764403100000045 ], [ -86.8830209, 32.7677051 ], [ -86.8790819, 32.76782110000002 ], [ -86.8791179, 32.779005099999964 ], [ -86.8891309, 32.779158099999989 ], [ -86.8891449, 32.784810099999973 ], [ -86.8774909, 32.783961099999985 ], [ -86.8730209, 32.784923100000015 ], [ -86.8725859, 32.7862931 ], [ -86.8782109, 32.7866261 ], [ -86.8794879, 32.790082100000014 ], [ -86.8839709, 32.791520099999964 ], [ -86.8765099, 32.7895951 ], [ -86.880167899999989, 32.79389110000001 ], [ -86.8769529, 32.794649100000044 ], [ -86.8806549, 32.8084081 ], [ -86.8720599, 32.8082721 ], [ -86.8709769, 32.805980100000014 ], [ -86.8724909, 32.801615100000021 ], [ -86.8658639, 32.7904981 ], [ -86.8682609, 32.789352099999981 ], [ -86.8676449, 32.7835781 ], [ -86.8701259, 32.777571100000024 ], [ -86.8684429, 32.777218099999985 ], [ -86.8721209, 32.777307099999959 ], [ -86.8712679, 32.7789261 ], [ -86.8739889, 32.779018099999988 ], [ -86.8782539, 32.766528100000031 ], [ -86.8832109, 32.7574361 ], [ -86.8847179, 32.757489100000015 ] ] ] } },
{ "type": "Feature", "properties": { "state_po": "AL", "congressional_district": "AL-06", "pwsid": "AL0001172", "pws_name": "WILTON WATER WORKS", "population_served_count": 3063, "model_method": "Random Forest", "verification_status": "", "symbology_field": "Modeled", "intersection_area_sq_km": 6.2930834123271699 }, "geometry": { "type": "MultiPolygon", "coordinates": [ [ [ [ -86.9894289, 33.040107199999973 ], [ -86.9855789, 33.045080200000029 ], [ -86.9822809, 33.045270200000054 ], [ -86.9814199, 33.048040199999967 ], [ -86.9773129, 33.0513862 ], [ -86.9708639, 33.054198199999988 ], [ -86.9606089, 33.050705199999975 ], [ -86.9587259, 33.0513222 ], [ -86.9548119, 33.0481532 ], [ -86.9549019, 33.046056199999988 ], [ -86.9629769, 33.0382362 ], [ -86.9726129, 33.0363322 ], [ -86.9773529, 33.033904200000016 ], [ -86.9894289, 33.040107199999973 ] ] ], [ [ [ -86.8787579, 33.075446200000023 ], [ -86.890199900000013, 33.0756192 ], [ -86.890199900000013, 33.086100200000025 ], [ -86.8839029, 33.0862762 ], [ -86.8823159, 33.079503199999984 ], [ -86.876077900000013, 33.0865282 ], [ -86.869270899999989, 33.086535200000043 ], [ -86.8701149, 33.0815052 ], [ -86.8686149, 33.079973200000012 ], [ -86.8686279, 33.0755142 ], [ -86.8714679, 33.0755062 ], [ -86.8713879, 33.0785212 ], [ -86.8787579, 33.075446200000023 ] ] ] ] } },
{ "type": "Feature", "properties": { "state_po": "AL", "congressional_district": "AL-06", "pwsid": "AL0001164", "pws_name": "STERRETT-VANDIVER WATER SYSTEM", "population_served_count": 3153, "model_method": "Decision Tree", "verification_status": "", "symbology_field": "Modeled", "intersection_area_sq_km": 8.88785889226933 }, "geometry": { "type": "Polygon", "coordinates": [ [ [ -86.4678478, 33.433304300000025 ], [ -86.4738558, 33.43819329999998 ], [ -86.4817758, 33.440440300000013 ], [ -86.4810468, 33.4439963 ], [ -86.4791898, 33.44400429999996 ], [ -86.4811438, 33.446459299999972 ], [ -86.4837238, 33.445524300000038 ], [ -86.5007198, 33.4533563 ], [ -86.5016178, 33.456317299999967 ], [ -86.4979028, 33.459362299999967 ], [ -86.5024818, 33.462922299999974 ], [ -86.5026928, 33.465029300000012 ], [ -86.5140498, 33.470425299999988 ], [ -86.5129328, 33.467658299999989 ], [ -86.5130048, 33.461833299999959 ], [ -86.5146588, 33.458528299999962 ], [ -86.5170408, 33.4584553 ], [ -86.5159698, 33.4561513 ], [ -86.5234988, 33.456444300000037 ], [ -86.5304118, 33.4549593 ], [ -86.5279468, 33.4589733 ], [ -86.5247958, 33.459131299999981 ], [ -86.5237328, 33.46129830000001 ], [ -86.5190268, 33.462644300000029 ], [ -86.5189198, 33.4641993 ], [ -86.5165768, 33.4622863 ], [ -86.5130528, 33.46321930000002 ], [ -86.5174928, 33.464830299999988 ], [ -86.5173088, 33.4674873 ], [ -86.5192798, 33.4694593 ], [ -86.5252808, 33.465449300000024 ], [ -86.5255508, 33.469046299999945 ], [ -86.5308568, 33.4715403 ], [ -86.5305938, 33.474890299999977 ], [ -86.5233648, 33.4779453 ], [ -86.5215158, 33.481556299999987 ], [ -86.5194628, 33.481021300000023 ], [ -86.514211800000012, 33.48409730000003 ], [ -86.5017488, 33.484065299999983 ], [ -86.4913998, 33.488515300000024 ], [ -86.4911448, 33.48072529999996 ], [ -86.5007688, 33.480285300000027 ], [ -86.5135398, 33.470829300000034 ], [ -86.5033318, 33.4693663 ], [ -86.4959278, 33.463130300000039 ], [ -86.4960868, 33.461193300000012 ], [ -86.4800688, 33.4475213 ], [ -86.4814808, 33.4492253 ], [ -86.4800308, 33.448716299999987 ], [ -86.4764838, 33.452183300000037 ], [ -86.4717768, 33.451392300000023 ], [ -86.4697528, 33.454187299999973 ], [ -86.4630498, 33.452169299999973 ], [ -86.4591458, 33.455170299999935 ], [ -86.4586438, 33.4506603 ], [ -86.4560528, 33.4501283 ], [ -86.4549428, 33.4459873 ], [ -86.4643478, 33.451164300000038 ], [ -86.4677688, 33.4510153 ], [ -86.4643828, 33.450032300000018 ], [ -86.4679608, 33.444327300000026 ], [ -86.4700718, 33.4442513 ], [ -86.4702218, 33.4391023 ], [ -86.4673508, 33.437109299999975 ], [ -86.4678478, 33.433304300000025 ] ] ] } },
{ "type": "Feature", "properties": { "state_po": "AL", "congressional_district": "AL-06", "pwsid": "AL0000245", "pws_name": "HOLLINS WATER AUTHORITY", "population_served_count": 1269, "model_method": "Decision Tree", "verification_status": "", "symbology_field": "Modeled", "intersection_area_sq_km": 3.5178427125521186 }, "geometry": { "type": "MultiPolygon", "coordinates": [ [ [ [ -86.124132108867059, 33.104690956870463 ], [ -86.1240367, 33.100738200000023 ], [ -86.1266457, 33.098166200000023 ], [ -86.1246687, 33.0953522 ], [ -86.1202217, 33.0940802 ], [ -86.1233937, 33.0937642 ], [ -86.120164699999989, 33.086065199999972 ], [ -86.1247757, 33.078780200000018 ], [ -86.1339497, 33.071384199999983 ], [ -86.1370177, 33.08059619999996 ], [ -86.1353627, 33.0870202 ], [ -86.1455237, 33.095231199999979 ], [ -86.1346817, 33.0892902 ], [ -86.1307857, 33.099885200000017 ], [ -86.1362847, 33.104549200000022 ], [ -86.1492697, 33.1044892 ], [ -86.124132108867059, 33.104690956870463 ] ] ], [ [ [ -86.1147017, 33.104692199999974 ], [ -86.115357072204375, 33.104692962646993 ], [ -86.1142207, 33.104692199999974 ], [ -86.1147017, 33.104692199999974 ] ] ] ] } },
{ "type": "Feature", "properties": { "state_po": "AL", "congressional_district": "AL-06", "pwsid": "AL0000351", "pws_name": "GOODWATER WTR WORKS & SEWER BD, CITY OF", "population_served_count": 2550, "model_method": "Random Forest", "verification_status": "", "symbology_field": "Modeled", "intersection_area_sq_km": 8.5919054957113605 }, "geometry": { "type": "MultiPolygon", "coordinates": [ [ [ [ -86.0699666, 33.038216200000029 ], [ -86.0661966, 33.039502199999944 ], [ -86.0635236, 33.038070200000064 ], [ -86.0699666, 33.038216200000029 ] ] ], [ [ [ -86.0545286, 33.047278200000029 ], [ -86.0462596, 33.037951199999988 ], [ -86.0509126, 33.039115200000055 ], [ -86.0608946, 33.038120200000023 ], [ -86.0550146, 33.0407312 ], [ -86.0545286, 33.047278200000029 ] ] ], [ [ [ -86.0699186, 33.0394252 ], [ -86.0751736, 33.038573200000016 ], [ -86.082655699999989, 33.0480002 ], [ -86.0821497, 33.050181200000019 ], [ -86.0761387, 33.05334220000001 ], [ -86.0733516, 33.0504962 ], [ -86.0696706, 33.049507200000043 ], [ -86.0699186, 33.0394252 ] ] ], [ [ [ -86.0854787, 33.064600200000015 ], [ -86.0776447, 33.06279020000003 ], [ -86.0728816, 33.063060200000031 ], [ -86.0699826, 33.05919319999996 ], [ -86.0719326, 33.057853199999975 ], [ -86.0854787, 33.064600200000015 ] ] ], [ [ [ -86.0545286, 33.047278200000029 ], [ -86.062856599999989, 33.050789200000033 ], [ -86.0696706, 33.049507200000043 ], [ -86.0694226, 33.0755112 ], [ -86.0834457, 33.0814932 ], [ -86.0776467, 33.080926199999979 ], [ -86.0761087, 33.0869092 ], [ -86.0693406, 33.0813422 ], [ -86.0687136, 33.0772462 ], [ -86.0635736, 33.0760062 ], [ -86.0585236, 33.071619199999979 ], [ -86.0501246, 33.068184200000019 ], [ -86.0360746, 33.076149200000025 ], [ -86.0336226, 33.079271200000029 ], [ -86.0335736, 33.062990200000051 ], [ -86.0460306, 33.063806200000023 ], [ -86.0452386, 33.0613302 ], [ -86.0471816, 33.060429200000023 ], [ -86.0509976, 33.063955200000038 ], [ -86.0539506, 33.06371920000003 ], [ -86.0545286, 33.047278200000029 ] ] ] ] } },
{ "type": "Feature", "properties": { "state_po": "AL", "congressional_district": "AL-06", "pwsid": "AL0001799", "pws_name": "LAKE MITCHELL WATER, INCORPORATED", "population_served_count": 390, "model_method": "Random Forest", "verification_status": "", "symbology_field": "Modeled", "intersection_area_sq_km": 53.893630402232709 }, "geometry": { "type": "Polygon", "coordinates": [ [ [ -86.2215287, 32.8516132 ], [ -86.2283897, 32.854394200000016 ], [ -86.2334337, 32.854245200000044 ], [ -86.2357947, 32.859242199999969 ], [ -86.2359737, 32.865229199999987 ], [ -86.2368847, 32.860487200000044 ], [ -86.2436927, 32.857766199999979 ], [ -86.2482197, 32.859398199999987 ], [ -86.2546597, 32.85740420000004 ], [ -86.2576297, 32.859156200000037 ], [ -86.2596477, 32.86512519999998 ], [ -86.2548957, 32.867689200000022 ], [ -86.2513937, 32.867046199999947 ], [ -86.2478887, 32.8803752 ], [ -86.2432097, 32.884158200000023 ], [ -86.2489627, 32.8853912 ], [ -86.2582507, 32.884622199999967 ], [ -86.2632787, 32.887332200000024 ], [ -86.2605147, 32.898069199999973 ], [ -86.2639007, 32.8992652 ], [ -86.2651467, 32.897704200000021 ], [ -86.2693837, 32.897156200000012 ], [ -86.2727587, 32.8989332 ], [ -86.2785907, 32.904279200000012 ], [ -86.2798607, 32.906836199999987 ], [ -86.2782297, 32.909222199999981 ], [ -86.2804057, 32.913044200000044 ], [ -86.2774657, 32.9137812 ], [ -86.2741787, 32.91726020000003 ], [ -86.2703437, 32.9167522 ], [ -86.2695117, 32.915137200000011 ], [ -86.2609227, 32.914747199999972 ], [ -86.2562177, 32.9064502 ], [ -86.2481657, 32.913722199999981 ], [ -86.2443247, 32.9144542 ], [ -86.2423857, 32.9180782 ], [ -86.2377697, 32.921230199999975 ], [ -86.2357237, 32.914873199999981 ], [ -86.2289967, 32.910193200000037 ], [ -86.2305947, 32.906745200000053 ], [ -86.2288917, 32.904275200000022 ], [ -86.2243567, 32.905174199999969 ], [ -86.2244217, 32.906971200000051 ], [ -86.2200067, 32.90698520000003 ], [ -86.2200567, 32.9105502 ], [ -86.2157097, 32.9106162 ], [ -86.2145117, 32.9069962 ], [ -86.2105447, 32.9242402 ], [ -86.2110097, 32.929854200000044 ], [ -86.2035017, 32.944029199999981 ], [ -86.1988937, 32.94218920000003 ], [ -86.1894277, 32.948364199999965 ], [ -86.1793307, 32.942383199999988 ], [ -86.1795987, 32.9379252 ], [ -86.1823377, 32.938529200000019 ], [ -86.1837847, 32.937452199999967 ], [ -86.1852917, 32.933130200000029 ], [ -86.1837197, 32.930210200000012 ], [ -86.1858387, 32.9303692 ], [ -86.1865757, 32.9286822 ], [ -86.1842357, 32.923595199999987 ], [ -86.1813277, 32.9224302 ], [ -86.1853437, 32.917927200000015 ], [ -86.1787477, 32.908001200000037 ], [ -86.1790237, 32.905882200000015 ], [ -86.1814837, 32.905223199999959 ], [ -86.1851497, 32.9006042 ], [ -86.1850017, 32.896378199999987 ], [ -86.1634197, 32.894079199999979 ], [ -86.1641507, 32.888004199999983 ], [ -86.1717407, 32.875533200000014 ], [ -86.1832967, 32.864363200000042 ], [ -86.1930667, 32.869690199999987 ], [ -86.1954137, 32.872489199999976 ], [ -86.1981597, 32.872439199999981 ], [ -86.2045387, 32.8693972 ], [ -86.2069617, 32.861277200000025 ], [ -86.2181777, 32.856274199999966 ], [ -86.2215287, 32.8516132 ] ], [ [ -86.2280227, 32.8726972 ], [ -86.2279997, 32.870191199999987 ], [ -86.2257137, 32.87023019999998 ], [ -86.2253167, 32.874027200000015 ], [ -86.2280227, 32.8726972 ] ], [ [ -86.2154197, 32.8709582 ], [ -86.2105477, 32.870582199999987 ], [ -86.2108457, 32.878099199999973 ], [ -86.2152457, 32.880882199999967 ], [ -86.2177727, 32.8738212 ], [ -86.2154197, 32.8709582 ] ], [ [ -86.2305347, 32.890031199999989 ], [ -86.2299457, 32.888218199999955 ], [ -86.2241687, 32.8901392 ], [ -86.227192699999989, 32.8922372 ], [ -86.2305347, 32.890031199999989 ] ], [ [ -86.2213367, 32.890234200000016 ], [ -86.2221477, 32.8897162 ], [ -86.2216717, 32.889435200000015 ], [ -86.2213367, 32.890234200000016 ] ], [ [ -86.2177077, 32.890633200000018 ], [ -86.2189587, 32.8903382 ], [ -86.2180107, 32.8900422 ], [ -86.2177077, 32.890633200000018 ] ] ] } },
{ "type": "Feature", "properties": { "state_po": "AL", "congressional_district": "AL-06", "pwsid": "AL0000002", "pws_name": "AUTAUGAVILLE WATER WORKS", "population_served_count": 1494, "model_method": "Random Forest", "verification_status": "", "symbology_field": "Modeled", "intersection_area_sq_km": 4.2488681405532978 }, "geometry": { "type": "MultiPolygon", "coordinates": [ [ [ [ -86.6402238, 32.40876810000001 ], [ -86.6392108, 32.410494100000015 ], [ -86.6410848, 32.415014100000022 ], [ -86.6497668, 32.419281100000021 ], [ -86.6508518, 32.428236100000028 ], [ -86.6544818, 32.4283941 ], [ -86.657048800000013, 32.431520100000036 ], [ -86.6633658, 32.430583100000028 ], [ -86.6590608, 32.433998099999975 ], [ -86.6602628, 32.435775100000022 ], [ -86.6573798, 32.43653410000001 ], [ -86.6586168, 32.4386101 ], [ -86.657480800000016, 32.43922910000002 ], [ -86.6676108, 32.4476261 ], [ -86.6603818, 32.445665100000021 ], [ -86.6478498, 32.432221100000021 ], [ -86.6407238, 32.429443100000015 ], [ -86.6336258, 32.4151211 ], [ -86.6359648, 32.409687100000042 ], [ -86.6348888, 32.4085101 ], [ -86.6363938, 32.409207099999982 ], [ -86.6371358, 32.408673099999987 ], [ -86.6387518, 32.409169099999986 ], [ -86.6393828, 32.4086881 ], [ -86.6365508, 32.408510099999987 ], [ -86.6336678, 32.4053951 ], [ -86.635517800000017, 32.403773099999988 ], [ -86.6365378, 32.403577100000028 ], [ -86.6349368, 32.406014100000014 ], [ -86.6402238, 32.40876810000001 ] ] ], [ [ [ -86.668834800000013, 32.4297611 ], [ -86.664500800000013, 32.4313031 ], [ -86.6636148, 32.430543099999987 ], [ -86.668834800000013, 32.4297611 ] ] ], [ [ [ -86.648074799999989, 32.4384241 ], [ -86.6423338, 32.4383901 ], [ -86.6417098, 32.437565100000029 ], [ -86.6480688, 32.43577709999996 ], [ -86.648074799999989, 32.4384241 ] ] ], [ [ [ -86.6490078, 32.438342099999971 ], [ -86.6517778, 32.438566099999974 ], [ -86.6587708, 32.449662100000026 ], [ -86.6482438, 32.4478671 ], [ -86.6503168, 32.442741100000035 ], [ -86.6490078, 32.438342099999971 ] ] ] ] } },
{ "type": "Feature", "properties": { "state_po": "AL", "congressional_district": "AL-06", "pwsid": "AL0000003", "pws_name": "BILLINGSLEY WATER SYSTEM", "population_served_count": 1440, "model_method": "Decision Tree", "verification_status": "", "symbology_field": "Modeled", "intersection_area_sq_km": 4.3500234924141488 }, "geometry": { "type": "Polygon", "coordinates": [ [ [ -86.7307508, 32.658716100000042 ], [ -86.7259768, 32.6611741 ], [ -86.7253238, 32.6599541 ], [ -86.7238848, 32.66161410000003 ], [ -86.7250808, 32.661600099999951 ], [ -86.7193768, 32.664163099999989 ], [ -86.7181888, 32.675948100000049 ], [ -86.7136628, 32.67605710000003 ], [ -86.7134448, 32.664482100000022 ], [ -86.7093968, 32.66179710000003 ], [ -86.7095068, 32.669498100000027 ], [ -86.6910798, 32.678925099999979 ], [ -86.6890668, 32.6780011 ], [ -86.6950548, 32.6765981 ], [ -86.6992708, 32.669645099999983 ], [ -86.6964158, 32.669644100000056 ], [ -86.6963588, 32.656239100000015 ], [ -86.7121798, 32.656266100000018 ], [ -86.7134818, 32.654705100000022 ], [ -86.7164068, 32.65796110000003 ], [ -86.7214138, 32.654865100000073 ], [ -86.7236968, 32.656178100000012 ], [ -86.7281308, 32.652222099999982 ], [ -86.7273728, 32.654371100000049 ], [ -86.7307508, 32.658716100000042 ] ] ] } },
{ "type": "Feature", "properties": { "state_po": "AL", "congressional_district": "AL-06", "pwsid": "AL0001071", "pws_name": "PINE LEVEL WATER AUTHORITY", "population_served_count": 2700, "model_method": "Decision Tree", "verification_status": "", "symbology_field": "Modeled", "intersection_area_sq_km": 0.99818318107857229 }, "geometry": { "type": "Polygon", "coordinates": [ [ [ -86.5077387, 32.598324099999985 ], [ -86.5012057, 32.606203099999981 ], [ -86.4911997, 32.60707009999998 ], [ -86.4939807, 32.5995201 ], [ -86.4964457, 32.5974031 ], [ -86.5077387, 32.598324099999985 ] ] ] } },
{ "type": "Feature", "properties": { "state_po": "AL", "congressional_district": "AL-06", "pwsid": "AL0001798", "pws_name": "FSI GREEN PARK SOUTH PROPERTY LLC", "population_served_count": 966, "model_method": "OSM", "verification_status": "", "symbology_field": "Modeled", "intersection_area_sq_km": 0.41834390077828787 }, "geometry": { "type": "MultiPolygon", "coordinates": [ [ [ [ -86.7973999, 33.323952299999988 ], [ -86.7963629, 33.324156300000013 ], [ -86.7963519, 33.323597300000024 ], [ -86.7973999, 33.323952299999988 ] ] ], [ [ [ -86.7978379, 33.32522729999998 ], [ -86.7963619, 33.325804300000037 ], [ -86.7963629, 33.324712300000016 ], [ -86.7978379, 33.32522729999998 ] ] ], [ [ [ -86.8022289, 33.3273403 ], [ -86.7983559, 33.331277300000011 ], [ -86.7924639, 33.330415300000013 ], [ -86.7983799, 33.325945299999951 ], [ -86.7986729, 33.3237183 ], [ -86.8016329, 33.3247233 ], [ -86.8022289, 33.3273403 ] ] ] ] } },
{ "type": "Feature", "properties": { "state_po": "AL", "congressional_district": "AL-06", "pwsid": "AL0001171", "pws_name": "WILSONVILLE WATER WORKS", "population_served_count": 2415, "model_method": "Random Forest", "verification_status": "", "symbology_field": "Modeled", "intersection_area_sq_km": 15.651608127049139 }, "geometry": { "type": "MultiPolygon", "coordinates": [ [ [ [ -86.4613448, 33.2019242 ], [ -86.4647308, 33.197126200000042 ], [ -86.470120799999989, 33.195913200000028 ], [ -86.4808608, 33.201594199999981 ], [ -86.4855998, 33.2019042 ], [ -86.4868878, 33.209569200000018 ], [ -86.4876988, 33.2109742 ], [ -86.4895888, 33.2106822 ], [ -86.4896828, 33.212587200000016 ], [ -86.4907158, 33.211007200000026 ], [ -86.490552799999989, 33.215440200000032 ], [ -86.4918778, 33.2148472 ], [ -86.4939048, 33.217757200000044 ], [ -86.4948068, 33.2157102 ], [ -86.4921308, 33.21193720000003 ], [ -86.4936288, 33.20989119999998 ], [ -86.4915518, 33.2086732 ], [ -86.4936368, 33.2074542 ], [ -86.4919188, 33.2081892 ], [ -86.487051799999989, 33.2034442 ], [ -86.4933698, 33.201352199999967 ], [ -86.4937928, 33.199483200000053 ], [ -86.4958338, 33.197111199999974 ], [ -86.4972288, 33.197427200000014 ], [ -86.4963648, 33.1957812 ], [ -86.4982648, 33.1963252 ], [ -86.4988558, 33.1970072 ], [ -86.4953538, 33.197960200000033 ], [ -86.4936688, 33.200359199999987 ], [ -86.4964438, 33.210748200000019 ], [ -86.5004198, 33.2141802 ], [ -86.4952668, 33.2226622 ], [ -86.4968008, 33.224028200000028 ], [ -86.4941708, 33.224750199999981 ], [ -86.4929648, 33.234356199999986 ], [ -86.4961488, 33.236317199999988 ], [ -86.4979098, 33.2404312 ], [ -86.509230800000012, 33.2408352 ], [ -86.5092118, 33.244409200000014 ], [ -86.4963738, 33.244416200000011 ], [ -86.4963908, 33.243237200000038 ], [ -86.4844588, 33.2488662 ], [ -86.4724918, 33.250254199999979 ], [ -86.4746218, 33.246076200000026 ], [ -86.4696338, 33.242733199999975 ], [ -86.4663308, 33.236468200000026 ], [ -86.4659058, 33.219966199999988 ], [ -86.4614118, 33.2091022 ], [ -86.4613448, 33.2019242 ] ], [ [ -86.4781598, 33.20270320000003 ], [ -86.4743318, 33.2003762 ], [ -86.4746838, 33.203758200000046 ], [ -86.4779198, 33.202602200000037 ], [ -86.4771528, 33.204287199999968 ], [ -86.4778088, 33.204764199999971 ], [ -86.4781598, 33.20270320000003 ] ], [ [ -86.4671388, 33.213681200000032 ], [ -86.4664608, 33.214030199999982 ], [ -86.4677108, 33.217116200000021 ], [ -86.4671388, 33.213681200000032 ] ], [ [ -86.4681328, 33.220450199999966 ], [ -86.4685648, 33.219045199999954 ], [ -86.4682718, 33.218874200000016 ], [ -86.4681328, 33.220450199999966 ] ], [ [ -86.4685588, 33.221479199999983 ], [ -86.4686868, 33.2219322 ], [ -86.4690748, 33.22196719999998 ], [ -86.4685588, 33.221479199999983 ] ], [ [ -86.4685948, 33.2222942 ], [ -86.4686308, 33.222535200000017 ], [ -86.4689058, 33.224228200000013 ], [ -86.4687358, 33.222342200000014 ], [ -86.4701268, 33.22230219999998 ], [ -86.4685948, 33.2222942 ] ] ], [ [ [ -86.4678418, 33.240063199999966 ], [ -86.4615128, 33.246159200000044 ], [ -86.4520408, 33.244983300000044 ], [ -86.4566828, 33.2437522 ], [ -86.4617708, 33.23712220000003 ], [ -86.4663568, 33.2403872 ], [ -86.4678418, 33.240063199999966 ] ] ], [ [ [ -86.4832588, 33.249839200000025 ], [ -86.4845428, 33.250981199999984 ], [ -86.4832288, 33.2509573 ], [ -86.4832588, 33.249839200000025 ] ] ] ] } },
{ "type": "Feature", "properties": { "state_po": "AL", "congressional_district": "AL-06", "pwsid": "AL0000352", "pws_name": "KELLYTON WATER SYSTEM", "population_served_count": 1965, "model_method": "Random Forest", "verification_status": "", "symbology_field": "Modeled", "intersection_area_sq_km": 4.3019378161985946 }, "geometry": { "type": "MultiPolygon", "coordinates": [ [ [ [ -86.0285546, 32.972663200000035 ], [ -86.0314596, 32.972676199999981 ], [ -86.0310936, 32.9743622 ], [ -86.0289366, 32.974055200000045 ], [ -86.0285546, 32.972663200000035 ] ] ], [ [ [ -86.0289366, 32.974055200000045 ], [ -86.0329426, 32.980340199999972 ], [ -86.0361566, 32.9753572 ], [ -86.0390616, 32.975898199999968 ], [ -86.0369466, 32.978083199999986 ], [ -86.0374006, 32.981052199999986 ], [ -86.0460476, 32.9809812 ], [ -86.0499656, 32.9790722 ], [ -86.0610556, 32.982490199999987 ], [ -86.0656526, 32.985442199999987 ], [ -86.0657556, 32.9915762 ], [ -86.0560646, 32.988690200000015 ], [ -86.0500166, 32.988673200000015 ], [ -86.0482246, 32.993738199999974 ], [ -86.0422586, 32.9944002 ], [ -86.0398826, 32.99172920000003 ], [ -86.0356406, 33.001181200000012 ], [ -86.0332596, 32.9993542 ], [ -86.0343666, 32.982929199999987 ], [ -86.025991600000012, 32.974112199999958 ], [ -86.0289366, 32.974055200000045 ] ] ], [ [ [ -86.0345826, 33.0142512 ], [ -86.0377376, 33.019453200000029 ], [ -86.0348286, 33.023468200000011 ], [ -86.0335106, 33.021775199999965 ], [ -86.0350936, 33.018651199999979 ], [ -86.0330856, 33.006461200000018 ], [ -86.0339776, 33.0015792 ], [ -86.0345826, 33.0142512 ] ] ] ] } },
{ "type": "Feature", "properties": { "state_po": "AL", "congressional_district": "AL-06", "pwsid": "AL0001156", "pws_name": "HARPERSVILLE WATER BOARD", "population_served_count": 2550, "model_method": "Random Forest", "verification_status": "", "symbology_field": "Modeled", "intersection_area_sq_km": 6.4531014315885233 }, "geometry": { "type": "MultiPolygon", "coordinates": [ [ [ [ -86.4136478, 33.332185300000042 ], [ -86.4136318, 33.329590300000042 ], [ -86.4109358, 33.329918299999974 ], [ -86.4120448, 33.3283203 ], [ -86.4153308, 33.3304003 ], [ -86.4136478, 33.332185300000042 ] ] ], [ [ [ -86.4392268, 33.336965299999967 ], [ -86.4525588, 33.335149299999976 ], [ -86.4524878, 33.33876430000003 ], [ -86.4560548, 33.3387723 ], [ -86.4575138, 33.3361433 ], [ -86.4564318, 33.341715299999983 ], [ -86.4501728, 33.342705300000027 ], [ -86.4489598, 33.346295299999987 ], [ -86.4472478, 33.3429853 ], [ -86.4415798, 33.3387433 ], [ -86.4413168, 33.3423743 ], [ -86.4380268, 33.341949300000039 ], [ -86.4393158, 33.341775299999981 ], [ -86.4392268, 33.336965299999967 ] ] ], [ [ [ -86.4191938, 33.3261443 ], [ -86.4268308, 33.337404299999982 ], [ -86.4410468, 33.344662299999968 ], [ -86.4400458, 33.3526133 ], [ -86.434880800000016, 33.3552923 ], [ -86.4348788, 33.348242300000017 ], [ -86.4278958, 33.358379299999989 ], [ -86.4223428, 33.356935299999975 ], [ -86.4223128, 33.3496843 ], [ -86.4137158, 33.349697299999988 ], [ -86.4137088, 33.352683299999967 ], [ -86.4075428, 33.3494553 ], [ -86.4080998, 33.345998300000019 ], [ -86.4137138, 33.346047300000016 ], [ -86.4136658, 33.335127299999975 ], [ -86.4171588, 33.33155630000001 ], [ -86.4153308, 33.3304003 ], [ -86.4191938, 33.3261443 ] ] ], [ [ [ -86.434880800000016, 33.3552923 ], [ -86.4358038, 33.357265300000016 ], [ -86.442326799999989, 33.364508299999983 ], [ -86.4311068, 33.35969529999997 ], [ -86.4312408, 33.356860299999965 ], [ -86.434880800000016, 33.3552923 ] ] ] ] } },
{ "type": "Feature", "properties": { "state_po": "AL", "congressional_district": "AL-06", "pwsid": "AL0001168", "pws_name": "VINCENT WATER WORKS BOARD", "population_served_count": 2733, "model_method": "Random Forest", "verification_status": "", "symbology_field": "Modeled", "intersection_area_sq_km": 11.826824231601577 }, "geometry": { "type": "MultiPolygon", "coordinates": [ [ [ [ -86.4014648, 33.357635299999977 ], [ -86.4091588, 33.371603299999961 ], [ -86.4190448, 33.3715783 ], [ -86.414971799999989, 33.3640043 ], [ -86.4273218, 33.3585793 ], [ -86.4231678, 33.35694029999997 ], [ -86.4278958, 33.358379299999989 ], [ -86.4312408, 33.356860299999965 ], [ -86.4311068, 33.35969529999997 ], [ -86.4407158, 33.363872300000011 ], [ -86.4287618, 33.359291299999953 ], [ -86.4221478, 33.3701663 ], [ -86.4237368, 33.3716073 ], [ -86.4196878, 33.372653300000017 ], [ -86.4226438, 33.3786753 ], [ -86.4216198, 33.3823203 ], [ -86.4236818, 33.3859033 ], [ -86.419868799999989, 33.385888300000019 ], [ -86.4179518, 33.3913683 ], [ -86.4119038, 33.38472730000003 ], [ -86.4110818, 33.386420300000012 ], [ -86.4095658, 33.3852223 ], [ -86.4095518, 33.383686299999987 ], [ -86.4110128, 33.3843303 ], [ -86.4045958, 33.375870300000031 ], [ -86.3958428, 33.356648299999989 ], [ -86.4014648, 33.357635299999977 ] ] ], [ [ [ -86.4349578, 33.404196300000017 ], [ -86.4283118, 33.404018299999983 ], [ -86.4287588, 33.401353300000025 ], [ -86.4333218, 33.399344299999981 ], [ -86.4349578, 33.404196300000017 ] ] ], [ [ [ -86.4357558, 33.404178299999955 ], [ -86.438522800000015, 33.40421030000001 ], [ -86.4373488, 33.407688299999968 ], [ -86.4357558, 33.404178299999955 ] ] ], [ [ [ -86.3788378, 33.4128523 ], [ -86.3808968, 33.410947300000018 ], [ -86.3783378, 33.409353299999957 ], [ -86.3784248, 33.405879299999981 ], [ -86.384875799999989, 33.39768430000003 ], [ -86.4054988, 33.398274300000011 ], [ -86.4091538, 33.3907173 ], [ -86.4107138, 33.3906373 ], [ -86.4116708, 33.392696299999976 ], [ -86.4173688, 33.391345299999962 ], [ -86.4224648, 33.397720299999968 ], [ -86.4284728, 33.401134299999953 ], [ -86.4178348, 33.406217300000023 ], [ -86.4191938, 33.4076323 ], [ -86.4131918, 33.4104573 ], [ -86.4131548, 33.408172299999983 ], [ -86.4098718, 33.4095603 ], [ -86.4067638, 33.407829300000024 ], [ -86.4059968, 33.403194300000038 ], [ -86.4037598, 33.401666300000016 ], [ -86.3990738, 33.410795300000039 ], [ -86.3965658, 33.410953299999974 ], [ -86.3981438, 33.413311300000018 ], [ -86.398755799999989, 33.419410299999946 ], [ -86.3976408, 33.419723299999987 ], [ -86.3940208, 33.418259299999981 ], [ -86.3913248, 33.418808299999981 ], [ -86.3913018, 33.4168103 ], [ -86.3855268, 33.414720300000042 ], [ -86.3825758, 33.414720300000042 ], [ -86.3825498, 33.418366300000017 ], [ -86.3782038, 33.4183493 ], [ -86.3788378, 33.4128523 ] ] ] ] } },
{ "type": "Feature", "properties": { "state_po": "AL", "congressional_district": "AL-06", "pwsid": "AL0001285", "pws_name": "RAY WATER AUTHORITY", "population_served_count": 1257, "model_method": "Random Forest", "verification_status": "", "symbology_field": "Modeled", "intersection_area_sq_km": 0.13424942418365909 }, "geometry": { "type": "Polygon", "coordinates": [ [ [ -86.0152786, 32.8991352 ], [ -86.0132266, 32.902583199999967 ], [ -86.0108156, 32.903826199999962 ], [ -86.0099576, 32.902713199999987 ], [ -86.0119886, 32.8998192 ], [ -86.0143496, 32.897930199999983 ], [ -86.0152786, 32.8991352 ] ] ] } },
{ "type": "Feature", "properties": { "state_po": "AL", "congressional_district": "AL-06", "pwsid": "AL0001672", "pws_name": "REMLAP-PINE MTN WATER AUTHORITY", "population_served_count": 2616, "model_method": "Random Forest", "verification_status": "", "symbology_field": "Modeled", "intersection_area_sq_km": 2.1263531452579918 }, "geometry": { "type": "MultiPolygon", "coordinates": [ [ [ [ -86.6055528, 33.764840399999983 ], [ -86.6023518, 33.7608754 ], [ -86.6014088, 33.7545114 ], [ -86.6039738, 33.751322400000021 ], [ -86.6023668, 33.7500794 ], [ -86.6043348, 33.7476583 ], [ -86.6027168, 33.745300300000032 ], [ -86.6130658, 33.738009299999966 ], [ -86.6129378, 33.741667299999975 ], [ -86.6068708, 33.754124399999981 ], [ -86.6074498, 33.761983399999984 ], [ -86.6092438, 33.762079399999941 ], [ -86.6095018, 33.758941400000012 ], [ -86.6125718, 33.758991399999978 ], [ -86.6145438, 33.760701400000016 ], [ -86.6166878, 33.758995399999954 ], [ -86.6182608, 33.7649194 ], [ -86.624499547029686, 33.765598109128298 ], [ -86.6055528, 33.764840399999983 ] ] ], [ [ [ -86.634172800000016, 33.761319400000012 ], [ -86.6371138, 33.755848399999927 ], [ -86.6404498, 33.7529533 ], [ -86.6343908, 33.765058400000044 ], [ -86.634172800000016, 33.761319400000012 ] ] ], [ [ [ -86.6323038, 33.763596400000019 ], [ -86.632670406048106, 33.765712237497382 ], [ -86.631523238186929, 33.765698198059077 ], [ -86.6323038, 33.763596400000019 ] ] ], [ [ [ -86.6282108, 33.765646399999966 ], [ -86.631312993836033, 33.765695623779152 ], [ -86.626143763206244, 33.765632210044757 ], [ -86.6282108, 33.765646399999966 ] ] ] ] } },
{ "type": "Feature", "properties": { "state_po": "AL", "congressional_district": "AL-04", "pwsid": "AL0000769", "pws_name": "KENNEDY WATER WORKS BOARD", "population_served_count": 723, "model_method": "Random Forest", "verification_status": "", "symbology_field": "Modeled", "intersection_area_sq_km": 3.5362660640748529 }, "geometry": { "type": "Polygon", "coordinates": [ [ [ -88.0058522, 33.57767230000001 ], [ -87.9849862, 33.587219300000015 ], [ -87.9891192, 33.59111230000002 ], [ -87.9861582, 33.591140299999964 ], [ -87.9861392, 33.594871300000058 ], [ -87.9682722, 33.5946783 ], [ -87.9687172, 33.591816300000012 ], [ -87.9634522, 33.591014299999955 ], [ -87.9653832, 33.5890083 ], [ -87.9702032, 33.5879663 ], [ -87.9635342, 33.576827299999977 ], [ -87.9719492, 33.576873299999981 ], [ -87.9745392, 33.5805053 ], [ -87.9780522, 33.5815773 ], [ -87.9789032, 33.5839963 ], [ -87.9815052, 33.584302299999976 ], [ -87.9804902, 33.58213429999995 ], [ -87.9822792, 33.5785153 ], [ -87.9850712, 33.5803273 ], [ -87.9843172, 33.582597300000032 ], [ -87.9860012, 33.584557300000043 ], [ -87.9877472, 33.584746300000042 ], [ -87.9938802, 33.57946230000001 ], [ -87.994596199999989, 33.580275300000011 ], [ -88.0047782, 33.576427300000041 ], [ -88.0058522, 33.57767230000001 ] ] ] } },
{ "type": "Feature", "properties": { "state_po": "AL", "congressional_district": "AL-04", "pwsid": "AL0001327", "pws_name": "COPELAND FERRY/PUMPKIN CENTER WA", "population_served_count": 1059, "model_method": "Random Forest", "verification_status": "", "symbology_field": "Modeled", "intersection_area_sq_km": 0.18535572592964908 }, "geometry": { "type": "Polygon", "coordinates": [ [ [ -87.158336, 33.664325299999987 ], [ -87.156912, 33.66237430000001 ], [ -87.154262, 33.664132300000048 ], [ -87.150791, 33.6628323 ], [ -87.155734, 33.65934529999997 ], [ -87.158336, 33.664325299999987 ] ] ] } },
{ "type": "Feature", "properties": { "state_po": "AL", "congressional_district": "AL-04", "pwsid": "AL0000770", "pws_name": "MILLPORT WATER WORKS", "population_served_count": 1410, "model_method": "Random Forest", "verification_status": "", "symbology_field": "Modeled", "intersection_area_sq_km": 6.0304197167590115 }, "geometry": { "type": "MultiPolygon", "coordinates": [ [ [ [ -88.0469512, 33.564815299999978 ], [ -88.0711812, 33.560704299999955 ], [ -88.0739122, 33.553930299999983 ], [ -88.0743922, 33.546470299999974 ], [ -88.1009952, 33.547328200000017 ], [ -88.1022312, 33.5497462 ], [ -88.1023192, 33.5531353 ], [ -88.0986922, 33.559472299999982 ], [ -88.0994162, 33.5638623 ], [ -88.0900892, 33.562777299999986 ], [ -88.0836652, 33.564179299999978 ], [ -88.0840132, 33.566443300000024 ], [ -88.0825792, 33.567206300000016 ], [ -88.0817652, 33.564359299999985 ], [ -88.0685682, 33.5662343 ], [ -88.0685582, 33.564645299999981 ], [ -88.064160199999989, 33.564642299999974 ], [ -88.064262200000016, 33.566501299999977 ], [ -88.0565712, 33.566978300000024 ], [ -88.0564302, 33.564640300000022 ], [ -88.0513092, 33.564639299999968 ], [ -88.0513322, 33.5673033 ], [ -88.0469912, 33.567573299999964 ], [ -88.0469512, 33.564815299999978 ] ] ], [ [ [ -88.0451322, 33.564220299999981 ], [ -88.043959199999989, 33.55841329999997 ], [ -88.0467232, 33.5529563 ], [ -88.0469512, 33.564815299999978 ], [ -88.0451322, 33.564220299999981 ] ] ] ] } },
{ "type": "Feature", "properties": { "state_po": "AL", "congressional_district": "AL-04", "pwsid": "AL0000595", "pws_name": "BELK WATER SYSTEM", "population_served_count": 894, "model_method": "Random Forest", "verification_status": "", "symbology_field": "Modeled", "intersection_area_sq_km": 3.7423637143539517 }, "geometry": { "type": "MultiPolygon", "coordinates": [ [ [ [ -87.9367902, 33.63463529999995 ], [ -87.9341942, 33.64497930000001 ], [ -87.9366102, 33.644475299999989 ], [ -87.9365242, 33.649983299999967 ], [ -87.9327372, 33.6499283 ], [ -87.9326382, 33.6560103 ], [ -87.9306782, 33.6557743 ], [ -87.9306092, 33.658443299999952 ], [ -87.9288502, 33.6584173 ], [ -87.9287672, 33.664702299999981 ], [ -87.9194592, 33.664579300000021 ], [ -87.9194522, 33.659817300000014 ], [ -87.9242652, 33.659831299999986 ], [ -87.9246792, 33.646459299999968 ], [ -87.9271722, 33.6448623 ], [ -87.9325862, 33.6444323 ], [ -87.9244312, 33.6411463 ], [ -87.9303552, 33.641203300000015 ], [ -87.9303632, 33.635376299999983 ], [ -87.9357252, 33.6358883 ], [ -87.9367902, 33.63463529999995 ] ] ], [ [ [ -87.8858492, 33.680627299999941 ], [ -87.8876622, 33.682309300000014 ], [ -87.8950062, 33.681137299999968 ], [ -87.8973142, 33.683384300000029 ], [ -87.8926162, 33.684751299999981 ], [ -87.8927362, 33.686708299999957 ], [ -87.8875092, 33.689395299999987 ], [ -87.8703762, 33.687595299999963 ], [ -87.8732082, 33.6850653 ], [ -87.8858492, 33.680627299999941 ] ] ] ] } },
{ "type": "Feature", "properties": { "state_po": "AL", "congressional_district": "AL-04", "pwsid": "AL0000598", "pws_name": "GLEN ALLEN WATER SYSTEM", "population_served_count": 1500, "model_method": "Decision Tree", "verification_status": "", "symbology_field": "Modeled", "intersection_area_sq_km": 4.2918223411745933 }, "geometry": { "type": "MultiPolygon", "coordinates": [ [ [ [ -87.744743200000016, 33.827207300000026 ], [ -87.7418392, 33.8283553 ], [ -87.7474252, 33.835525300000015 ], [ -87.7494792, 33.841481300000019 ], [ -87.7426722, 33.843494300000017 ], [ -87.7382932, 33.841602300000034 ], [ -87.7400232, 33.8354963 ], [ -87.7377642, 33.827483299999969 ], [ -87.744743200000016, 33.827207300000026 ] ] ], [ [ [ -87.7454522, 33.864704299999964 ], [ -87.7416142, 33.865261300000014 ], [ -87.7408612, 33.855851300000019 ], [ -87.7437502, 33.852767300000011 ], [ -87.7455382, 33.852937300000036 ], [ -87.7454522, 33.864704299999964 ] ] ], [ [ [ -87.6979562, 33.889583300000027 ], [ -87.7070702, 33.898190300000032 ], [ -87.7134832, 33.8999103 ], [ -87.7102392, 33.905874299999972 ], [ -87.7064462, 33.904288299999962 ], [ -87.6970252, 33.909203300000016 ], [ -87.6972512, 33.8989763 ], [ -87.6993462, 33.8936743 ], [ -87.6979562, 33.889583300000027 ] ] ], [ [ [ -87.7468342, 33.905142300000058 ], [ -87.7445822, 33.91255230000003 ], [ -87.7400902, 33.91232030000004 ], [ -87.7468112, 33.9149743 ], [ -87.7530922, 33.915108300000028 ], [ -87.7546172, 33.92493530000003 ], [ -87.7474142, 33.917863299999965 ], [ -87.7378652, 33.914771299999948 ], [ -87.7371892, 33.911917300000042 ], [ -87.729237200000014, 33.910724300000012 ], [ -87.7347352, 33.9107273 ], [ -87.7354622, 33.908161300000017 ], [ -87.740894200000014, 33.9108303 ], [ -87.7468342, 33.905142300000058 ] ] ] ] } },
{ "type": "Feature", "properties": { "state_po": "AL", "congressional_district": "AL-04", "pwsid": "AL0000604", "pws_name": "HODGES WATER SYSTEM", "population_served_count": 2400, "model_method": "Decision Tree", "verification_status": "", "symbology_field": "Modeled", "intersection_area_sq_km": 9.6448082805363775 }, "geometry": { "type": "Polygon", "coordinates": [ [ [ -87.9264912, 34.30886740000004 ], [ -87.9313972, 34.308091399999988 ], [ -87.9437452, 34.3114294 ], [ -87.9481762, 34.310191400000058 ], [ -87.9539233, 34.313041399999982 ], [ -87.9419102, 34.313257399999969 ], [ -87.941783199999989, 34.3198674 ], [ -87.9380312, 34.3171904 ], [ -87.9320692, 34.316610399999973 ], [ -87.9294322, 34.318858399999975 ], [ -87.9295492, 34.322861400000022 ], [ -87.9264972, 34.322907399999984 ], [ -87.9273672, 34.327343400000018 ], [ -87.9462122, 34.328170400000019 ], [ -87.9485683, 34.331325400000011 ], [ -87.9469632, 34.336460399999972 ], [ -87.9441592, 34.338604399999987 ], [ -87.9414052, 34.3383544 ], [ -87.941192199999989, 34.3449684 ], [ -87.936802200000017, 34.344984399999973 ], [ -87.9368162, 34.345902400000014 ], [ -87.9462962, 34.345925400000027 ], [ -87.9464283, 34.349529400000016 ], [ -87.9390892, 34.349686400000031 ], [ -87.9390622, 34.354527399999974 ], [ -87.9408512, 34.354500400000013 ], [ -87.9408772, 34.355789399999985 ], [ -87.9389312, 34.3557634 ], [ -87.9389572, 34.3612874 ], [ -87.9262782, 34.361471399999928 ], [ -87.9264652, 34.352191399999988 ], [ -87.9303112, 34.3463154 ], [ -87.9287332, 34.338308399999939 ], [ -87.9309402, 34.334641399999981 ], [ -87.928140200000016, 34.330553400000014 ], [ -87.9253242, 34.327336400000021 ], [ -87.9177102, 34.327965400000018 ], [ -87.9153982, 34.326508400000051 ], [ -87.9152622, 34.332343400000049 ], [ -87.9136192, 34.329572400000018 ], [ -87.9146872, 34.326657399999981 ], [ -87.9124852, 34.3266494 ], [ -87.9098582, 34.32899739999997 ], [ -87.9089212, 34.3265494 ], [ -87.906865200000013, 34.316798399999982 ], [ -87.9085032, 34.3125254 ], [ -87.9236792, 34.312851400000014 ], [ -87.9250752, 34.30755239999997 ], [ -87.9264912, 34.30886740000004 ] ] ] } },
{ "type": "Feature", "properties": { "state_po": "AL", "congressional_district": "AL-04", "pwsid": "AL0000767", "pws_name": "DETROIT WATER WORKS", "population_served_count": 435, "model_method": "Random Forest", "verification_status": "", "symbology_field": "Modeled", "intersection_area_sq_km": 2.3987676467922605 }, "geometry": { "type": "Polygon", "coordinates": [ [ [ -88.1842143, 34.0205423 ], [ -88.1808183, 34.024711300000014 ], [ -88.1744263, 34.0268073 ], [ -88.174315299999989, 34.028005299999975 ], [ -88.1675503, 34.029065300000035 ], [ -88.1548083, 34.038466299999982 ], [ -88.1548213, 34.031181300000014 ], [ -88.1570573, 34.031137299999962 ], [ -88.1570443, 34.0206613 ], [ -88.1842143, 34.0205423 ] ] ] } },
{ "type": "Feature", "properties": { "state_po": "AL", "congressional_district": "AL-04", "pwsid": "AL0000921", "pws_name": "BRILLIANT, THE UB OF THE TOWN", "population_served_count": 1590, "model_method": "Decision Tree", "verification_status": "", "symbology_field": "Modeled", "intersection_area_sq_km": 5.9477421286290211 }, "geometry": { "type": "Polygon", "coordinates": [ [ [ -87.7529852, 34.004139399999985 ], [ -87.7513992, 34.014899399999948 ], [ -87.7458392, 34.015943400000012 ], [ -87.7565352, 34.022347400000022 ], [ -87.7696582, 34.018344400000011 ], [ -87.7725362, 34.018814399999982 ], [ -87.7698982, 34.024510400000018 ], [ -87.7639162, 34.027487399999977 ], [ -87.7626072, 34.0332374 ], [ -87.7689072, 34.037011400000011 ], [ -87.7669772, 34.04303739999996 ], [ -87.7702622, 34.0457114 ], [ -87.7723612, 34.045521400000027 ], [ -87.7723612, 34.047112399999975 ], [ -87.7565142, 34.047181400000021 ], [ -87.7553362, 34.045736400000017 ], [ -87.7576682, 34.044621399999961 ], [ -87.7575542, 34.038811399999972 ], [ -87.7638492, 34.0392444 ], [ -87.7654392, 34.036001400000018 ], [ -87.7522162, 34.035794400000043 ], [ -87.7507612, 34.033745399999987 ], [ -87.7516942, 34.0310064 ], [ -87.7472982, 34.033664399999985 ], [ -87.739930199999989, 34.028021399999986 ], [ -87.7412542, 34.0214934 ], [ -87.7388202, 34.019714399999984 ], [ -87.7479802, 34.00705640000001 ], [ -87.7529852, 34.004139399999985 ] ] ] } },
{ "type": "Feature", "properties": { "state_po": "AL", "congressional_district": "AL-04", "pwsid": "AL0000929", "pws_name": "TWIN WATER AUTHORITY", "population_served_count": 804, "model_method": "Random Forest", "verification_status": "", "symbology_field": "Modeled", "intersection_area_sq_km": 1.9327441457874768 }, "geometry": { "type": "Polygon", "coordinates": [ [ [ -87.8576382, 34.002958399999962 ], [ -87.859860200000014, 34.0023534 ], [ -87.8602772, 34.0044284 ], [ -87.8583482, 34.007385400000018 ], [ -87.8593082, 34.012727399999953 ], [ -87.8554112, 34.012681400000019 ], [ -87.8553062, 34.0191074 ], [ -87.850110199999989, 34.0190834 ], [ -87.8501352, 34.023742400000046 ], [ -87.8468592, 34.0238594 ], [ -87.8479322, 34.021335400000012 ], [ -87.8453722, 34.0198404 ], [ -87.8462472, 34.007905400000013 ], [ -87.8487502, 34.0053664 ], [ -87.8529842, 34.005451399999977 ], [ -87.853093199999989, 34.0031494 ], [ -87.8554462, 34.0038334 ], [ -87.8573012, 33.998040400000015 ], [ -87.8576382, 34.002958399999962 ] ] ] } },
{ "type": "Feature", "properties": { "state_po": "AL", "congressional_district": "AL-04", "pwsid": "AL0001324", "pws_name": "CARBON HILL UTILITIES BOARD", "population_served_count": 3159, "model_method": "Decision Tree", "verification_status": "", "symbology_field": "Modeled", "intersection_area_sq_km": 31.892861209189206 }, "geometry": { "type": "Polygon", "coordinates": [ [ [ -87.4446021, 33.8686893 ], [ -87.4293991, 33.864012300000027 ], [ -87.4186371, 33.86436130000002 ], [ -87.4191381, 33.8583963 ], [ -87.4235731, 33.851270300000024 ], [ -87.4234411, 33.848443300000028 ], [ -87.4204121, 33.846670299999978 ], [ -87.4210021, 33.840725300000024 ], [ -87.4148171, 33.836908299999976 ], [ -87.4096001, 33.83067230000001 ], [ -87.4119731, 33.827836299999987 ], [ -87.4177241, 33.8271173 ], [ -87.4225661, 33.8254133 ], [ -87.4233701, 33.8235053 ], [ -87.4250631, 33.823764299999986 ], [ -87.4186341, 33.822339299999953 ], [ -87.4190361, 33.818034300000036 ], [ -87.4310681, 33.827388299999981 ], [ -87.4363551, 33.8382063 ], [ -87.4479961, 33.8528833 ], [ -87.4551841, 33.869644300000026 ], [ -87.4589871, 33.8731643 ], [ -87.4707701, 33.876442300000015 ], [ -87.4774281, 33.8766893 ], [ -87.4799821, 33.873246300000019 ], [ -87.4832321, 33.872799300000032 ], [ -87.4884891, 33.8638123 ], [ -87.4924741, 33.862896299999981 ], [ -87.491668100000012, 33.8697433 ], [ -87.493045099999989, 33.873373300000019 ], [ -87.4959461, 33.873364300000041 ], [ -87.4985891, 33.8676483 ], [ -87.5006531, 33.868240299999982 ], [ -87.5006511, 33.866602300000018 ], [ -87.5049081, 33.866602300000018 ], [ -87.5049111, 33.869847300000032 ], [ -87.5094981, 33.869847300000032 ], [ -87.5095331, 33.8767043 ], [ -87.5053421, 33.8766133 ], [ -87.505608099999989, 33.880153299999989 ], [ -87.5007621, 33.880486299999973 ], [ -87.500768100000016, 33.8789533 ], [ -87.4983981, 33.878443299999986 ], [ -87.4978431, 33.879459300000022 ], [ -87.4975991, 33.889381299999989 ], [ -87.4992261, 33.895625299999963 ], [ -87.5056781, 33.894304299999931 ], [ -87.5061691, 33.905702300000016 ], [ -87.5017671, 33.9056473 ], [ -87.5017411, 33.907766300000013 ], [ -87.5046981, 33.905893299999988 ], [ -87.50618510000001, 33.908492299999928 ], [ -87.5099451, 33.905465300000031 ], [ -87.5101361, 33.909370300000027 ], [ -87.5191951, 33.909457300000021 ], [ -87.5192311, 33.913978299999989 ], [ -87.5238511, 33.914193300000029 ], [ -87.5226761, 33.9174053 ], [ -87.5241611, 33.922765399999975 ], [ -87.531311100000011, 33.927125400000044 ], [ -87.5286531, 33.9278034 ], [ -87.5155771, 33.917771400000021 ], [ -87.5029541, 33.911002299999986 ], [ -87.4936041, 33.908648299999975 ], [ -87.4894041, 33.909535299999966 ], [ -87.4778351, 33.9186554 ], [ -87.4773521, 33.913050400000053 ], [ -87.4811001, 33.906199300000054 ], [ -87.4864111, 33.9062323 ], [ -87.48777410000001, 33.903653299999988 ], [ -87.4912391, 33.9053043 ], [ -87.4878431, 33.903384299999964 ], [ -87.4878211, 33.898952299999969 ], [ -87.4718411, 33.898383299999963 ], [ -87.4727061, 33.900581300000013 ], [ -87.4609051, 33.898259300000035 ], [ -87.4648821, 33.900164299999979 ], [ -87.4729301, 33.900865300000042 ], [ -87.4730531, 33.902496299999974 ], [ -87.4718911, 33.9043283 ], [ -87.4697831, 33.90156530000003 ], [ -87.4593161, 33.902730299999973 ], [ -87.4577401, 33.899419300000012 ], [ -87.4538301, 33.8979193 ], [ -87.453499100000016, 33.8947583 ], [ -87.4505051, 33.89103930000001 ], [ -87.4480961, 33.89146929999994 ], [ -87.4460361, 33.8884103 ], [ -87.4447241, 33.889460300000053 ], [ -87.4447721, 33.882792299999984 ], [ -87.4415651, 33.874992299999967 ], [ -87.4211141, 33.87909630000005 ], [ -87.4226191, 33.871701299999977 ], [ -87.4286101, 33.8680553 ], [ -87.4232431, 33.866956299999963 ], [ -87.4446441, 33.871017300000027 ], [ -87.4446021, 33.8686893 ] ], [ [ -87.4369611, 33.866067299999976 ], [ -87.4428731, 33.861970299999989 ], [ -87.442956099999989, 33.857231299999938 ], [ -87.4357711, 33.857390299999935 ], [ -87.4357061, 33.865546299999956 ], [ -87.4369611, 33.866067299999976 ] ] ] } },
{ "type": "Feature", "properties": { "state_po": "AL", "congressional_district": "AL-04", "pwsid": "AL0001345", "pws_name": "PROVIDENCE WATER AUTHORITY", "population_served_count": 1329, "model_method": "Random Forest", "verification_status": "", "symbology_field": "Modeled", "intersection_area_sq_km": 1.5798457410540503 }, "geometry": { "type": "Polygon", "coordinates": [ [ [ -87.3552891, 33.8142353 ], [ -87.3519351, 33.817171300000027 ], [ -87.3449021, 33.818132299999967 ], [ -87.340857, 33.816195300000011 ], [ -87.330726, 33.8172873 ], [ -87.330415, 33.814292299999984 ], [ -87.333171, 33.807359299999987 ], [ -87.3552891, 33.8142353 ] ] ] } },
{ "type": "Feature", "properties": { "state_po": "AL", "congressional_district": "AL-04", "pwsid": "AL0001353", "pws_name": "TOWNLEY WATER AUTHORITY", "population_served_count": 2445, "model_method": "Random Forest", "verification_status": "", "symbology_field": "Modeled", "intersection_area_sq_km": 7.7119267251573875 }, "geometry": { "type": "MultiPolygon", "coordinates": [ [ [ [ -87.3808971, 33.88832330000001 ], [ -87.3789881, 33.885749300000015 ], [ -87.3829121, 33.885620300000014 ], [ -87.3808971, 33.88832330000001 ] ] ], [ [ [ -87.3607451, 33.888535299999972 ], [ -87.3590831, 33.8986394 ], [ -87.3699721, 33.904417399999957 ], [ -87.3669611, 33.905082400000012 ], [ -87.3674241, 33.90920540000004 ], [ -87.360148099999989, 33.9068744 ], [ -87.3554301, 33.90203939999995 ], [ -87.3500991, 33.904646399999983 ], [ -87.3434191, 33.9051504 ], [ -87.3439381, 33.888773400000019 ], [ -87.3461111, 33.8912864 ], [ -87.3506131, 33.8904164 ], [ -87.3453441, 33.886632399999982 ], [ -87.3432691, 33.887984400000036 ], [ -87.3390551, 33.882856299999965 ], [ -87.3344021, 33.880044300000016 ], [ -87.33139, 33.87519829999998 ], [ -87.3332371, 33.8736023 ], [ -87.3378531, 33.879284300000037 ], [ -87.3411181, 33.8791203 ], [ -87.3451521, 33.876261300000017 ], [ -87.3455541, 33.877653299999956 ], [ -87.3495291, 33.877639300000041 ], [ -87.3494831, 33.879857299999962 ], [ -87.3572691, 33.8869643 ], [ -87.3607451, 33.888535299999972 ] ], [ [ -87.3409531, 33.879384300000012 ], [ -87.3379081, 33.8794313 ], [ -87.3394781, 33.881797299999988 ], [ -87.3409531, 33.879384300000012 ] ] ], [ [ [ -87.3603311, 33.888128300000012 ], [ -87.3724371, 33.8872283 ], [ -87.3808691, 33.889348300000016 ], [ -87.3808971, 33.88832330000001 ], [ -87.3842821, 33.894260400000014 ], [ -87.3990611, 33.899008399999971 ], [ -87.3930161, 33.907295399999988 ], [ -87.3896811, 33.9091684 ], [ -87.3853831, 33.896996400000027 ], [ -87.3810571, 33.899298400000021 ], [ -87.3766931, 33.899164399999968 ], [ -87.3777451, 33.892068299999984 ], [ -87.374197099999989, 33.8906783 ], [ -87.3758781, 33.894452399999984 ], [ -87.3753841, 33.902534400000029 ], [ -87.3739161, 33.903332400000018 ], [ -87.3730671, 33.899628400000019 ], [ -87.3701071, 33.897977400000016 ], [ -87.3660421, 33.890765300000012 ], [ -87.3603311, 33.888128300000012 ] ] ] ] } },
{ "type": "Feature", "properties": { "state_po": "AL", "congressional_district": "AL-04", "pwsid": "AL0001380", "pws_name": "ELDRIDGE WATER SYSTEM", "population_served_count": 1674, "model_method": "Decision Tree", "verification_status": "", "symbology_field": "Modeled", "intersection_area_sq_km": 1.8463890179293727 }, "geometry": { "type": "Polygon", "coordinates": [ [ [ -87.6269461, 33.911265299999954 ], [ -87.6272171, 33.9185343 ], [ -87.6245141, 33.9171493 ], [ -87.6231791, 33.923538300000025 ], [ -87.6272161, 33.924573299999977 ], [ -87.6271731, 33.926034300000012 ], [ -87.6232931, 33.9260273 ], [ -87.6221741, 33.93090430000003 ], [ -87.6185021, 33.929704300000012 ], [ -87.617437099999989, 33.925874300000018 ], [ -87.6143341, 33.9261933 ], [ -87.6143261, 33.929242300000013 ], [ -87.609844099999989, 33.9292433 ], [ -87.6098721, 33.927431299999988 ], [ -87.6085101, 33.928444299999967 ], [ -87.6013971, 33.9250753 ], [ -87.6101671, 33.923143299999978 ], [ -87.6081111, 33.922817300000048 ], [ -87.6094631, 33.921551300000026 ], [ -87.6144301, 33.92142130000002 ], [ -87.6143971, 33.918574300000031 ], [ -87.6223571, 33.918656299999967 ], [ -87.6224831, 33.915033300000012 ], [ -87.624169099999989, 33.916356300000011 ], [ -87.6241371, 33.9114393 ], [ -87.6269461, 33.911265299999954 ] ] ] } },
{ "type": "Feature", "properties": { "state_po": "AL", "congressional_district": "AL-04", "pwsid": "AL0001769", "pws_name": "BLUE HOLE WATER COMPANY, INC., THE", "population_served_count": 246, "model_method": "Random Forest", "verification_status": "", "symbology_field": "Modeled", "intersection_area_sq_km": 0.066060968649183718 }, "geometry": { "type": "MultiPolygon", "coordinates": [ [ [ [ -86.8096929, 33.916545399999983 ], [ -86.809106899999989, 33.9174114 ], [ -86.8091559, 33.918587400000014 ], [ -86.8082829, 33.9172384 ], [ -86.8096929, 33.916545399999983 ] ] ], [ [ [ -86.8152939, 33.929248400000063 ], [ -86.8153139, 33.932013399999967 ], [ -86.8144019, 33.930349400000011 ], [ -86.809744900000013, 33.929315400000036 ], [ -86.8094949, 33.928496400000022 ], [ -86.8152939, 33.929248400000063 ] ] ] ] } },
{ "type": "Feature", "properties": { "state_po": "AL", "congressional_district": "AL-04", "pwsid": "AL0000765", "pws_name": "WEST JEFFERSON WATER WORKS, TOWN OF", "population_served_count": 3282, "model_method": "Random Forest", "verification_status": "", "symbology_field": "Modeled", "intersection_area_sq_km": 2.4320017912405634 }, "geometry": { "type": "MultiPolygon", "coordinates": [ [ [ [ -87.092733990231395, 33.63513924798427 ], [ -87.092739, 33.636647300000021 ], [ -87.092729481646799, 33.638022820362146 ], [ -87.092733990231395, 33.63513924798427 ] ] ], [ [ [ -87.06143, 33.665138299999981 ], [ -87.06915, 33.666380300000036 ], [ -87.074327, 33.670680300000051 ], [ -87.066274, 33.672125299999969 ], [ -87.065088, 33.6817103 ], [ -87.061196, 33.688461300000021 ], [ -87.059279, 33.689147299999981 ], [ -87.05283, 33.687357299999974 ], [ -87.05268, 33.685581300000024 ], [ -87.057252, 33.685473 ], [ -87.05773, 33.6612963 ], [ -87.06143, 33.665138299999981 ] ] ] ] } },
{ "type": "Feature", "properties": { "state_po": "AL", "congressional_district": "AL-04", "pwsid": "AL0000612", "pws_name": "VINA WATER WORKS BOARD", "population_served_count": 1368, "model_method": "Decision Tree", "verification_status": "", "symbology_field": "Modeled", "intersection_area_sq_km": 1.8009787274161801 }, "geometry": { "type": "MultiPolygon", "coordinates": [ [ [ [ -88.0385983, 34.359630399999965 ], [ -88.0415923, 34.359862399999983 ], [ -88.0662323, 34.3605814 ], [ -88.0596743, 34.368568400000015 ], [ -88.0549723, 34.3638834 ], [ -88.0505593, 34.364458400000018 ], [ -88.0461583, 34.362271400000026 ], [ -88.0385823, 34.367477400000013 ], [ -88.0378183, 34.36360140000005 ], [ -88.0342563, 34.361998400000026 ], [ -88.0385983, 34.359630399999965 ] ] ], [ [ [ -88.0597233, 34.373883399999976 ], [ -88.0586923, 34.375559399999986 ], [ -88.0654903, 34.376665400000043 ], [ -88.058867300000017, 34.376337399999983 ], [ -88.0601573, 34.378551400000021 ], [ -88.0579773, 34.379986400000014 ], [ -88.053065300000014, 34.379823400000014 ], [ -88.0502583, 34.384191400000013 ], [ -88.0553543, 34.3759434 ], [ -88.0509313, 34.3739034 ], [ -88.0597233, 34.373883399999976 ] ] ] ] } },
{ "type": "Feature", "properties": { "state_po": "AL", "congressional_district": "AL-04", "pwsid": "AL0000772", "pws_name": "SULLIGENT, CITY OF", "population_served_count": 2643, "model_method": "Random Forest", "verification_status": "", "symbology_field": "Modeled", "intersection_area_sq_km": 7.5159469048851015 }, "geometry": { "type": "Polygon", "coordinates": [ [ [ -88.1367573, 33.871065299999984 ], [ -88.1396453, 33.871036299999986 ], [ -88.1397233, 33.873925299999968 ], [ -88.1440733, 33.873991300000029 ], [ -88.1439713, 33.877569299999969 ], [ -88.1485113, 33.8775843 ], [ -88.1485133, 33.881358300000016 ], [ -88.156129299999989, 33.881640299999965 ], [ -88.1536883, 33.886316300000011 ], [ -88.1614573, 33.886192300000019 ], [ -88.1614863, 33.8905793 ], [ -88.134730300000015, 33.902218300000015 ], [ -88.1357563, 33.903792299999985 ], [ -88.1330823, 33.90244729999997 ], [ -88.1288763, 33.9043833 ], [ -88.1277213, 33.903611299999959 ], [ -88.1134423, 33.9098663 ], [ -88.1078113, 33.905370299999987 ], [ -88.1070753, 33.9022643 ], [ -88.1093753, 33.901501300000021 ], [ -88.1097213, 33.898522299999961 ], [ -88.1175393, 33.8993443 ], [ -88.1234823, 33.902620299999981 ], [ -88.1267843, 33.897196300000026 ], [ -88.1244913, 33.8941813 ], [ -88.1219643, 33.893629300000022 ], [ -88.1220943, 33.8909243 ], [ -88.1177333, 33.890778300000036 ], [ -88.1178513, 33.888481299999974 ], [ -88.1222353, 33.888612300000013 ], [ -88.1227803, 33.884241300000028 ], [ -88.1246873, 33.883450300000028 ], [ -88.1176623, 33.877084299999986 ], [ -88.1175923, 33.872144299999974 ], [ -88.1298023, 33.8837483 ], [ -88.1346433, 33.884890299999974 ], [ -88.1414683, 33.889283299999967 ], [ -88.1435453, 33.8966873 ], [ -88.1481523, 33.89466530000005 ], [ -88.1444903, 33.890034299999982 ], [ -88.1441473, 33.8831353 ], [ -88.1419553, 33.878039300000012 ], [ -88.1375523, 33.874940299999949 ], [ -88.1367573, 33.871065299999984 ] ] ] } },
{ "type": "Feature", "properties": { "state_po": "AL", "congressional_district": "AL-04", "pwsid": "AL0000925", "pws_name": "HACKLEBURG WATER & SEWER BOARD", "population_served_count": 2505, "model_method": "Decision Tree", "verification_status": "", "symbology_field": "Modeled", "intersection_area_sq_km": 5.9112494728443279 }, "geometry": { "type": "Polygon", "coordinates": [ [ [ -87.8369602, 34.2451444 ], [ -87.8369592, 34.247973399999978 ], [ -87.8318262, 34.247976399999956 ], [ -87.8286192, 34.256718400000011 ], [ -87.8291892, 34.268103400000022 ], [ -87.8325052, 34.26844040000001 ], [ -87.8311832, 34.2718004 ], [ -87.8333962, 34.270085400000021 ], [ -87.8372682, 34.270029400000013 ], [ -87.8397442, 34.274803399999975 ], [ -87.8454022, 34.273088399999978 ], [ -87.845738200000014, 34.270901399999985 ], [ -87.8464712, 34.272506399999976 ], [ -87.8534602, 34.2665474 ], [ -87.8550492, 34.268032399999974 ], [ -87.8551352, 34.272970399999977 ], [ -87.8477852, 34.280201399999939 ], [ -87.8551022, 34.2826294 ], [ -87.8551102, 34.283728399999966 ], [ -87.8407522, 34.2822254 ], [ -87.8311512, 34.282483399999975 ], [ -87.8311862, 34.284801399999949 ], [ -87.8264292, 34.283590400000044 ], [ -87.8230692, 34.2824544 ], [ -87.8246532, 34.2771934 ], [ -87.8105902, 34.271073400000041 ], [ -87.8107862, 34.267910399999934 ], [ -87.817443200000014, 34.2679274 ], [ -87.8206692, 34.269953400000013 ], [ -87.8185372, 34.267961399999976 ], [ -87.8201902, 34.267473400000029 ], [ -87.8198072, 34.263913399999971 ], [ -87.8252102, 34.257208400000039 ], [ -87.8228212, 34.257043399999958 ], [ -87.8218092, 34.2537744 ], [ -87.8274362, 34.2537804 ], [ -87.8278712, 34.246339400000025 ], [ -87.8369602, 34.2451444 ] ] ] } },
{ "type": "Feature", "properties": { "state_po": "AL", "congressional_district": "AL-04", "pwsid": "AL0001337", "pws_name": "KANSAS WATER SYSTEM", "population_served_count": 318, "model_method": "Random Forest", "verification_status": "", "symbology_field": "Modeled", "intersection_area_sq_km": 1.0205515573313511 }, "geometry": { "type": "MultiPolygon", "coordinates": [ [ [ [ -87.5746901, 33.9093453 ], [ -87.5698501, 33.905006300000039 ], [ -87.5702311, 33.903212299999971 ], [ -87.5746901, 33.9093453 ] ] ], [ [ [ -87.5685821, 33.9020373 ], [ -87.5677041, 33.903559300000033 ], [ -87.5643861, 33.901852300000051 ], [ -87.5574331, 33.901348300000031 ], [ -87.5573471, 33.909426300000035 ], [ -87.5592621, 33.914171300000035 ], [ -87.5579021, 33.9120183 ], [ -87.5530451, 33.911797299999961 ], [ -87.5519281, 33.905470300000012 ], [ -87.548543099999989, 33.9029803 ], [ -87.5484731, 33.9007733 ], [ -87.5535081, 33.9015613 ], [ -87.5553701, 33.898758299999976 ], [ -87.5685821, 33.9020373 ] ] ] ] } },
{ "type": "Feature", "properties": { "state_po": "AL", "congressional_district": "AL-04", "pwsid": "AL0001342", "pws_name": "NAUVOO WATER WORKS", "population_served_count": 2103, "model_method": "Random Forest", "verification_status": "", "symbology_field": "Modeled", "intersection_area_sq_km": 5.815514224190415 }, "geometry": { "type": "MultiPolygon", "coordinates": [ [ [ [ -87.3970391, 33.936899399999973 ], [ -87.4023161, 33.9448254 ], [ -87.4060711, 33.940211399999974 ], [ -87.4079451, 33.9396364 ], [ -87.4067221, 33.941902399999975 ], [ -87.4164211, 33.951259400000012 ], [ -87.4224221, 33.954611399999983 ], [ -87.4299751, 33.9558874 ], [ -87.4359721, 33.962002399999975 ], [ -87.4185781, 33.957809399999952 ], [ -87.4142481, 33.958195399999987 ], [ -87.4052431, 33.9481814 ], [ -87.4009121, 33.949296400000016 ], [ -87.4004941, 33.948340399999978 ], [ -87.3917491, 33.9483844 ], [ -87.3918831, 33.938376400000017 ], [ -87.3970391, 33.936899399999973 ] ] ], [ [ [ -87.4776711, 33.964101399999976 ], [ -87.4791691, 33.9670554 ], [ -87.4823261, 33.967836399999982 ], [ -87.4902911, 33.967942400000013 ], [ -87.4918731, 33.9663184 ], [ -87.4939971, 33.9777734 ], [ -87.4884321, 33.990721400000027 ], [ -87.4958351, 33.991819400000026 ], [ -87.4964991, 33.9934184 ], [ -87.4876691, 33.99339339999996 ], [ -87.4877321, 33.9965954 ], [ -87.482390099999989, 33.9966794 ], [ -87.4815101, 33.992898399999959 ], [ -87.4835631, 33.991292399999985 ], [ -87.4793211, 33.988602399999948 ], [ -87.4804671, 33.990798400000024 ], [ -87.4785771, 33.990766400000012 ], [ -87.4720111, 33.985466400000021 ], [ -87.4727131, 33.982186399999954 ], [ -87.4802841, 33.985830399999948 ], [ -87.4801351, 33.9848144 ], [ -87.4834121, 33.9846774 ], [ -87.4834491, 33.9829634 ], [ -87.4810011, 33.9829374 ], [ -87.4810231, 33.980597399999979 ], [ -87.4878451, 33.980994400000029 ], [ -87.4919561, 33.979350400000015 ], [ -87.4900691, 33.978042400000042 ], [ -87.4870831, 33.978709399999985 ], [ -87.4876961, 33.9749834 ], [ -87.481749100000016, 33.972330399999983 ], [ -87.4798871, 33.9689474 ], [ -87.4756771, 33.968156400000041 ], [ -87.4776711, 33.964101399999976 ] ] ] ] } },
{ "type": "Feature", "properties": { "state_po": "AL", "congressional_district": "AL-04", "pwsid": "AL0001412", "pws_name": "LYNN WATER WORKS", "population_served_count": 1896, "model_method": "Random Forest", "verification_status": "", "symbology_field": "Modeled", "intersection_area_sq_km": 2.8959276130074643 }, "geometry": { "type": "MultiPolygon", "coordinates": [ [ [ [ -87.5512021, 34.045809399999982 ], [ -87.5499311, 34.0466374 ], [ -87.5478301, 34.044762399999989 ], [ -87.5483571, 34.042544400000018 ], [ -87.5512021, 34.045809399999982 ] ] ], [ [ [ -87.5391141, 34.039906399999971 ], [ -87.5549101, 34.0511464 ], [ -87.5646581, 34.051992400000017 ], [ -87.5664011, 34.0559614 ], [ -87.5731541, 34.058774400000011 ], [ -87.5754531, 34.063559400000031 ], [ -87.5844871, 34.072774399999965 ], [ -87.568960100000012, 34.060116399999956 ], [ -87.5589401, 34.054114400000017 ], [ -87.5533041, 34.052683399999964 ], [ -87.5529641, 34.054393400000045 ], [ -87.5450471, 34.057186399999964 ], [ -87.5408171, 34.0549814 ], [ -87.5401281, 34.0527394 ], [ -87.5370151, 34.053455399999969 ], [ -87.5371261, 34.05072039999996 ], [ -87.5406791, 34.049861399999983 ], [ -87.5324931, 34.041891399999983 ], [ -87.5391141, 34.039906399999971 ] ] ] ] } },
{ "type": "Feature", "properties": { "state_po": "AL", "congressional_district": "AL-04", "pwsid": "MS0710004", "pws_name": "TISHOMINGO CO WATER DISTRICT", "population_served_count": 2598, "model_method": "", "verification_status": "", "symbology_field": "System Sourced", "intersection_area_sq_km": 0.081985217353696183 }, "geometry": { "type": "MultiPolygon", "coordinates": [ [ [ [ -88.112008932473543, 34.778824580445786 ], [ -88.109837478520049, 34.794839064224732 ], [ -88.1119011, 34.778856599999976 ], [ -88.112008932473543, 34.778824580445786 ] ] ], [ [ [ -88.10614149450609, 34.823446634223167 ], [ -88.1048282, 34.83438529999998 ], [ -88.098874415180816, 34.88399000122093 ], [ -88.1028008, 34.8492851 ], [ -88.10614149450609, 34.823446634223167 ] ] ] ] } },
{ "type": "Feature", "properties": { "state_po": "AL", "congressional_district": "AL-04", "pwsid": "AL0000508", "pws_name": "CROSSVILLE WATER BOARD", "population_served_count": 1998, "model_method": "Random Forest", "verification_status": "", "symbology_field": "Modeled", "intersection_area_sq_km": 7.7412278783195365 }, "geometry": { "type": "MultiPolygon", "coordinates": [ [ [ [ -85.9801437, 34.2722255 ], [ -85.9940237, 34.272213500000014 ], [ -86.00192770000001, 34.280823500000039 ], [ -86.0021727, 34.283122500000012 ], [ -86.0051587, 34.2828835 ], [ -86.0068777, 34.28592350000001 ], [ -86.0198947, 34.289378499999948 ], [ -86.0202037, 34.301414499999986 ], [ -86.0157527, 34.301415500000019 ], [ -86.0157037, 34.298795499999976 ], [ -85.9982957, 34.291005500000011 ], [ -85.9960467, 34.287804499999986 ], [ -85.9942617, 34.287687499999976 ], [ -85.994106699999989, 34.2910475 ], [ -85.9873247, 34.2979625 ], [ -85.9813217, 34.297328500000013 ], [ -85.9776477, 34.292844500000022 ], [ -85.9758427, 34.286939499999974 ], [ -85.9583077, 34.287033499999971 ], [ -85.9579937, 34.2856845 ], [ -85.9669907, 34.28563350000001 ], [ -85.9669277, 34.280932500000013 ], [ -85.9713077, 34.281843500000058 ], [ -85.9753777, 34.2803095 ], [ -85.9812047, 34.280919499999989 ], [ -85.9801437, 34.2722255 ] ] ], [ [ [ -85.9886627, 34.297840499999957 ], [ -85.9952167, 34.303806499999979 ], [ -85.9946127, 34.305366500000019 ], [ -85.9913677, 34.30337849999998 ], [ -85.9893957, 34.303755500000015 ], [ -85.9893467, 34.3014405 ], [ -85.9876267, 34.3014455 ], [ -85.9882367, 34.299878499999977 ], [ -85.9899057, 34.301240500000013 ], [ -85.9886627, 34.297840499999957 ] ] ] ] } },
{ "type": "Feature", "properties": { "state_po": "AL", "congressional_district": "AL-04", "pwsid": "AL0001775", "pws_name": "CHANDLER MTN/GREASY COVE WATER AUTHORITY", "population_served_count": 960, "model_method": "Random Forest", "verification_status": "", "symbology_field": "Modeled", "intersection_area_sq_km": 2.7308127562234579 }, "geometry": { "type": "MultiPolygon", "coordinates": [ [ [ [ -86.344875, 33.917127 ], [ -86.347892800000011, 33.911180399999964 ], [ -86.3559778, 33.916352400000022 ], [ -86.3542878, 33.918994400000024 ], [ -86.3503848, 33.919376399999969 ], [ -86.3426618, 33.9258144 ], [ -86.337533800000017, 33.9255984 ], [ -86.3380598, 33.931377399999967 ], [ -86.3355518, 33.935649400000024 ], [ -86.3276238, 33.9372394 ], [ -86.322782484209682, 33.93424909448354 ], [ -86.3242038, 33.929544400000026 ], [ -86.3280088, 33.9295424 ], [ -86.3337368, 33.92116640000004 ], [ -86.3354658, 33.9198334 ], [ -86.3399438, 33.920971400000049 ], [ -86.3393978, 33.919342400000012 ], [ -86.344875, 33.917127 ] ] ], [ [ [ -86.3276238, 33.9372394 ], [ -86.3268818, 33.938939400000017 ], [ -86.3261858, 33.9395944 ], [ -86.3276238, 33.9372394 ] ] ] ] } },
{ "type": "Feature", "properties": { "state_po": "AL", "congressional_district": "AL-04", "pwsid": "AL0000592", "pws_name": "WALNUT GROVE, TOWN OF", "population_served_count": 1227, "model_method": "Random Forest", "verification_status": "", "symbology_field": "Modeled", "intersection_area_sq_km": 0.001214298437925842 }, "geometry": { "type": "Polygon", "coordinates": [ [ [ -86.3245988, 34.0671794 ], [ -86.3226668, 34.072294399999961 ], [ -86.3219428, 34.0733264 ], [ -86.320526746707401, 34.075298946575963 ], [ -86.3245988, 34.0671794 ] ] ] } },
{ "type": "Feature", "properties": { "state_po": "AL", "congressional_district": "AL-04", "pwsid": "AL0000571", "pws_name": "ALTOONA WATER & SEWER BOARD", "population_served_count": 1068, "model_method": "Decision Tree", "verification_status": "", "symbology_field": "Modeled", "intersection_area_sq_km": 0.11571184285706668 }, "geometry": { "type": "MultiPolygon", "coordinates": [ [ [ [ -86.332394907637379, 34.019044120786859 ], [ -86.3354948, 34.018036399999978 ], [ -86.3363798, 34.0202564 ], [ -86.3322738, 34.022857399999978 ], [ -86.332351289063794, 34.037561489513614 ], [ -86.332258, 34.021429 ], [ -86.332394907637379, 34.019044120786859 ] ] ], [ [ [ -86.332352931833853, 34.037667074349066 ], [ -86.3324118, 34.0388704 ], [ -86.3324088, 34.039256400000014 ], [ -86.332352931833853, 34.037667074349066 ] ] ] ] } },
{ "type": "Feature", "properties": { "state_po": "AL", "congressional_district": "AL-04", "pwsid": "AL0001672", "pws_name": "REMLAP-PINE MTN WATER AUTHORITY", "population_served_count": 2616, "model_method": "Random Forest", "verification_status": "", "symbology_field": "Modeled", "intersection_area_sq_km": 4.1143062137326405 }, "geometry": { "type": "Polygon", "coordinates": [ [ [ -86.6326678, 33.765718399999983 ], [ -86.6331988, 33.769880399999984 ], [ -86.6404228, 33.772590400000027 ], [ -86.6314638, 33.7863784 ], [ -86.6281268, 33.786756399999987 ], [ -86.6273938, 33.783580400000019 ], [ -86.6327978, 33.773634400000013 ], [ -86.6303818, 33.773028399999944 ], [ -86.6307268, 33.7712984 ], [ -86.6216968, 33.782758400000056 ], [ -86.6135778, 33.787022400000019 ], [ -86.6159028, 33.775842400000052 ], [ -86.6117598, 33.773873399999971 ], [ -86.611291799999989, 33.771170399999988 ], [ -86.6087748, 33.7704634 ], [ -86.605878465162618, 33.765199998692438 ], [ -86.6326678, 33.765718399999983 ] ] ] } },
{ "type": "Feature", "properties": { "state_po": "AL", "congressional_district": "AL-04", "pwsid": "AL0001402", "pws_name": "ADDISON WATER WORKS", "population_served_count": 2622, "model_method": "Decision Tree", "verification_status": "", "symbology_field": "Modeled", "intersection_area_sq_km": 7.3744362061478492 }, "geometry": { "type": "MultiPolygon", "coordinates": [ [ [ [ -87.169043, 34.193711400000012 ], [ -87.171868, 34.190293399999987 ], [ -87.17537, 34.190332399999988 ], [ -87.176414, 34.186093399999955 ], [ -87.176584, 34.193768399999982 ], [ -87.180391, 34.19379140000003 ], [ -87.180524, 34.1911224 ], [ -87.184943, 34.191145400000032 ], [ -87.18519, 34.180165399999986 ], [ -87.186479, 34.180289399999978 ], [ -87.18599, 34.183199399999985 ], [ -87.192376, 34.183190400000029 ], [ -87.193209, 34.185593399999952 ], [ -87.195145, 34.17985239999998 ], [ -87.199607, 34.177496399999988 ], [ -87.201045, 34.18305340000002 ], [ -87.196932, 34.192391400000027 ], [ -87.19511, 34.192849399999986 ], [ -87.198472, 34.1967744 ], [ -87.198473, 34.201189400000018 ], [ -87.203305, 34.2012584 ], [ -87.203548, 34.204278400000028 ], [ -87.194078, 34.2053984 ], [ -87.193933, 34.20779740000004 ], [ -87.18967, 34.2084024 ], [ -87.189668, 34.212001400000034 ], [ -87.184624, 34.211958399999972 ], [ -87.18462, 34.215198400000041 ], [ -87.179394, 34.215155400000022 ], [ -87.179039, 34.209227399999982 ], [ -87.181579, 34.2022414 ], [ -87.17132, 34.1994104 ], [ -87.169737, 34.200156400000012 ], [ -87.169883, 34.1990094 ], [ -87.161677, 34.196552399999966 ], [ -87.15827, 34.1936694 ], [ -87.169043, 34.193711400000012 ] ], [ [ -87.185819, 34.183312399999977 ], [ -87.18862, 34.184948400000017 ], [ -87.189527, 34.1880484 ], [ -87.18803, 34.193917400000011 ], [ -87.192506, 34.1944394 ], [ -87.195478, 34.190327399999973 ], [ -87.194887, 34.1883854 ], [ -87.189994, 34.184175400000015 ], [ -87.185819, 34.183312399999977 ] ] ], [ [ [ -87.154275, 34.1936594 ], [ -87.154286, 34.190393400000026 ], [ -87.15018, 34.19037139999994 ], [ -87.154408, 34.194732400000014 ], [ -87.155139, 34.2043644 ], [ -87.163529, 34.204915400000012 ], [ -87.151969, 34.2049304 ], [ -87.150703, 34.201324399999969 ], [ -87.147151, 34.199777399999974 ], [ -87.145177, 34.19420640000002 ], [ -87.148874, 34.192362400000029 ], [ -87.146224, 34.1841144 ], [ -87.152951, 34.1871674 ], [ -87.15827, 34.1936694 ], [ -87.154275, 34.1936594 ] ] ] ] } },
{ "type": "Feature", "properties": { "state_po": "AL", "congressional_district": "AL-04", "pwsid": "AL0000414", "pws_name": "WALTER WATER AUTHORITY", "population_served_count": 1431, "model_method": "Random Forest", "verification_status": "", "symbology_field": "Modeled", "intersection_area_sq_km": 3.361460128036442 }, "geometry": { "type": "Polygon", "coordinates": [ [ [ -86.7351139, 34.1085514 ], [ -86.7303559, 34.1157294 ], [ -86.7288919, 34.115459399999942 ], [ -86.7276549, 34.1025884 ], [ -86.7248759, 34.1048894 ], [ -86.7246129, 34.107484399999969 ], [ -86.7217309, 34.1087054 ], [ -86.7139449, 34.106656399999984 ], [ -86.7167519, 34.1020044 ], [ -86.7153889, 34.099096400000036 ], [ -86.7206359, 34.096874400000019 ], [ -86.7224369, 34.090868400000012 ], [ -86.7350799, 34.087487399999972 ], [ -86.7351139, 34.1085514 ] ] ] } },
{ "type": "Feature", "properties": { "state_po": "AL", "congressional_district": "AL-04", "pwsid": "AL0000404", "pws_name": "GARDEN CITY WATER DEPARTMENT", "population_served_count": 780, "model_method": "Random Forest", "verification_status": "", "symbology_field": "Modeled", "intersection_area_sq_km": 4.2545661869158096 }, "geometry": { "type": "Polygon", "coordinates": [ [ [ -86.7490669, 33.997812399999958 ], [ -86.7578449, 33.99743639999997 ], [ -86.7577319, 34.02998539999998 ], [ -86.7532649, 34.0299464 ], [ -86.7520309, 34.0336384 ], [ -86.7468449, 34.0336254 ], [ -86.7454199, 34.021386400000011 ], [ -86.7475869, 34.017324399999957 ], [ -86.7395119, 34.014858400000044 ], [ -86.7366929, 34.012012399999989 ], [ -86.7463539, 34.011995399999968 ], [ -86.747096900000017, 34.007104400000024 ], [ -86.744878899999989, 34.005833399999986 ], [ -86.7448949, 34.003757400000019 ], [ -86.749392899999989, 34.004418399999985 ], [ -86.7478019, 34.000964399999944 ], [ -86.7490669, 33.997812399999958 ] ] ] } },
{ "type": "Feature", "properties": { "state_po": "AL", "congressional_district": "AL-04", "pwsid": "AL0000311", "pws_name": "CHEROKEE WATER & GAS DEPARTMENT", "population_served_count": 1992, "model_method": "Random Forest", "verification_status": "", "symbology_field": "Modeled", "intersection_area_sq_km": 6.2877147499092425 }, "geometry": { "type": "Polygon", "coordinates": [ [ [ -87.9715873, 34.743788499999987 ], [ -87.9713473, 34.753968499999978 ], [ -87.9775193, 34.7552295 ], [ -87.9802953, 34.752165499999961 ], [ -87.9838493, 34.751767500000042 ], [ -87.9837033, 34.75718449999998 ], [ -87.9820223, 34.756564499999982 ], [ -87.9806623, 34.7607595 ], [ -87.9754493, 34.75849250000001 ], [ -87.9755343, 34.763049500000058 ], [ -87.977162299999989, 34.764915499999979 ], [ -87.9708283, 34.763214499999989 ], [ -87.9710993, 34.7714255 ], [ -87.9621823, 34.771451500000026 ], [ -87.9621033, 34.777518499999985 ], [ -87.9530123, 34.7815845 ], [ -87.9524693, 34.7640105 ], [ -87.9537063, 34.764009500000029 ], [ -87.9538243, 34.759692500000028 ], [ -87.9579103, 34.7597175 ], [ -87.9580383, 34.7527795 ], [ -87.9535013, 34.751840500000043 ], [ -87.9533723, 34.747409500000018 ], [ -87.9430653, 34.745380499999989 ], [ -87.9715873, 34.743788499999987 ] ] ] } },
{ "type": "Feature", "properties": { "state_po": "AL", "congressional_district": "AL-04", "pwsid": "AL0000951", "pws_name": "UNION GROVE UTILITY BOARD", "population_served_count": 3045, "model_method": "Random Forest", "verification_status": "", "symbology_field": "Modeled", "intersection_area_sq_km": 42.822170697874746 }, "geometry": { "type": "MultiPolygon", "coordinates": [ [ [ [ -86.5111958, 34.369245499999984 ], [ -86.5126608, 34.369105500000018 ], [ -86.5146158, 34.372762499999979 ], [ -86.5124828, 34.372761499999982 ], [ -86.5111958, 34.369245499999984 ] ] ], [ [ [ -86.4760338, 34.3753025 ], [ -86.4794598, 34.374819500000051 ], [ -86.4815738, 34.372727499999975 ], [ -86.4765208, 34.366846500000065 ], [ -86.4763608, 34.3637465 ], [ -86.4830078, 34.363981499999923 ], [ -86.4936858, 34.36154149999998 ], [ -86.4942268, 34.365255499999989 ], [ -86.4921128, 34.3672175 ], [ -86.4983778, 34.366901499999983 ], [ -86.4971038, 34.3653395 ], [ -86.4993598, 34.365352499999965 ], [ -86.4996968, 34.3675225 ], [ -86.5027808, 34.3680175 ], [ -86.5084108, 34.3731895 ], [ -86.512222799999989, 34.3727395 ], [ -86.5132038, 34.3754395 ], [ -86.5259869, 34.375505499999974 ], [ -86.5277799, 34.378978499999967 ], [ -86.5146298, 34.3846995 ], [ -86.5148028, 34.389886500000024 ], [ -86.5114108, 34.3914605 ], [ -86.5114048, 34.388756500000014 ], [ -86.5082578, 34.387292500000022 ], [ -86.5095378, 34.3843045 ], [ -86.5058098, 34.380838500000017 ], [ -86.4948238, 34.38306249999998 ], [ -86.5034428, 34.378272499999973 ], [ -86.4993328, 34.3689605 ], [ -86.4940248, 34.3689045 ], [ -86.4938348, 34.372505499999988 ], [ -86.4852908, 34.3724525 ], [ -86.4783658, 34.375922500000023 ], [ -86.4760338, 34.3753025 ] ] ], [ [ [ -86.570826855128828, 34.435807279503727 ], [ -86.5637869, 34.434267500000026 ], [ -86.5642369, 34.437330500000037 ], [ -86.5671099, 34.4395185 ], [ -86.5656149, 34.4446125 ], [ -86.5646249, 34.439535500000019 ], [ -86.5557609, 34.440195499999987 ], [ -86.554177900000013, 34.438132500000052 ], [ -86.555995900000013, 34.43472449999998 ], [ -86.5543229, 34.431300500000035 ], [ -86.5498399, 34.430631499999983 ], [ -86.5485079, 34.428183500000017 ], [ -86.5574709, 34.4282885 ], [ -86.5608559, 34.424690500000011 ], [ -86.5701219, 34.42471050000001 ], [ -86.5726819, 34.4236525 ], [ -86.573295291210442, 34.420473246730744 ], [ -86.570826855128828, 34.435807279503727 ] ] ], [ [ [ -86.5316729, 34.440053499999955 ], [ -86.5308999, 34.448653499999985 ], [ -86.5277409, 34.448467500000035 ], [ -86.50905680000001, 34.441627499999989 ], [ -86.5050318, 34.436244500000015 ], [ -86.5078418, 34.4303085 ], [ -86.5316729, 34.440053499999955 ] ] ], [ [ [ -86.5319839, 34.4326275 ], [ -86.5360989, 34.4280915 ], [ -86.5458059, 34.428163500000018 ], [ -86.5478029, 34.431139499999979 ], [ -86.5468109, 34.4354355 ], [ -86.5494639, 34.439233499999979 ], [ -86.5550219, 34.4401855 ], [ -86.5581849, 34.4432785 ], [ -86.5584859, 34.451758499999968 ], [ -86.5625659, 34.457128499999968 ], [ -86.567241654107974, 34.457287381868333 ], [ -86.565218539691259, 34.469728601601389 ], [ -86.5438359, 34.4605755 ], [ -86.5424069, 34.46320450000001 ], [ -86.5361279, 34.464501500000019 ], [ -86.529174900000015, 34.4740425 ], [ -86.5298879, 34.476644500000013 ], [ -86.5283719, 34.476620499999981 ], [ -86.5276459, 34.473168500000014 ], [ -86.5327219, 34.4678735 ], [ -86.5297449, 34.467476499999982 ], [ -86.5369599, 34.458307500000046 ], [ -86.5400849, 34.443979500000026 ], [ -86.5316729, 34.440053499999955 ], [ -86.5319839, 34.4326275 ] ], [ [ -86.5490889, 34.43921849999996 ], [ -86.5419489, 34.4397195 ], [ -86.5426069, 34.4451075 ], [ -86.5468639, 34.4471535 ], [ -86.5505409, 34.4409305 ], [ -86.5490889, 34.43921849999996 ] ] ], [ [ [ -86.5601209, 34.4852525 ], [ -86.5567169, 34.48577650000005 ], [ -86.5567669, 34.482258500000029 ], [ -86.5618079, 34.482220500000032 ], [ -86.5601209, 34.4852525 ] ] ], [ [ [ -86.4328798, 34.346489500000047 ], [ -86.4388728, 34.33420049999998 ], [ -86.43116280000001, 34.338868500000011 ], [ -86.4247038, 34.3314845 ], [ -86.4253668, 34.325410499999975 ], [ -86.4366128, 34.3153815 ], [ -86.441341799999989, 34.3148345 ], [ -86.442146799999989, 34.3074835 ], [ -86.4467188, 34.31072649999998 ], [ -86.4488428, 34.3152305 ], [ -86.4411118, 34.32940050000002 ], [ -86.4453628, 34.329693499999976 ], [ -86.4510068, 34.326661500000021 ], [ -86.4526168, 34.3288325 ], [ -86.4553848, 34.329415500000017 ], [ -86.4554578, 34.332052499999953 ], [ -86.4585378, 34.3320325 ], [ -86.4549178, 34.335458499999973 ], [ -86.4572288, 34.339633500000019 ], [ -86.4548288, 34.3407355 ], [ -86.4534978, 34.344424499999981 ], [ -86.4521418, 34.34449450000001 ], [ -86.452994800000013, 34.343303499999969 ], [ -86.4504678, 34.340400500000015 ], [ -86.4467208, 34.3448235 ], [ -86.4484018, 34.346817499999979 ], [ -86.4415288, 34.349280500000013 ], [ -86.441583799999989, 34.351993500000049 ], [ -86.4551398, 34.348578499999988 ], [ -86.4552348, 34.350911500000016 ], [ -86.4579398, 34.3514335 ], [ -86.463574799999989, 34.34844350000003 ], [ -86.4636358, 34.346662500000043 ], [ -86.4671038, 34.3467255 ], [ -86.4667558, 34.3487945 ], [ -86.4684238, 34.350021499999976 ], [ -86.471968800000013, 34.3467695 ], [ -86.4735468, 34.3506335 ], [ -86.4716308, 34.350695499999965 ], [ -86.4715448, 34.352185500000033 ], [ -86.4735138, 34.3522725 ], [ -86.4715858, 34.36496449999995 ], [ -86.4683388, 34.368366500000015 ], [ -86.4716098, 34.3731895 ], [ -86.4759168, 34.37570850000003 ], [ -86.4695768, 34.37856449999996 ], [ -86.4650018, 34.377306499999982 ], [ -86.460751800000011, 34.3788795 ], [ -86.4552288, 34.378479499999983 ], [ -86.4551878, 34.371130499999971 ], [ -86.4542168, 34.3681355 ], [ -86.4502278, 34.364673499999974 ], [ -86.4500528, 34.361629499999985 ], [ -86.4464538, 34.362341500000014 ], [ -86.4452938, 34.3642105 ], [ -86.4480648, 34.3676075 ], [ -86.4456028, 34.367929499999953 ], [ -86.4441598, 34.364678499999982 ], [ -86.4411978, 34.364709499999975 ], [ -86.4409128, 34.360942499999965 ], [ -86.4368518, 34.36119249999998 ], [ -86.4367378, 34.368332499999987 ], [ -86.4235228, 34.368189500000014 ], [ -86.4235568, 34.365272499999989 ], [ -86.4208378, 34.3663315 ], [ -86.4192708, 34.3641675 ], [ -86.4237148, 34.360930499999988 ], [ -86.4195698, 34.3608255 ], [ -86.4174778, 34.358875500000039 ], [ -86.4187268, 34.3557735 ], [ -86.4166848, 34.352208499999954 ], [ -86.4334528, 34.353783499999963 ], [ -86.4379908, 34.349720500000011 ], [ -86.4371648, 34.346530499999972 ], [ -86.4328798, 34.346489500000047 ] ] ], [ [ [ -86.4301998, 34.350873499999977 ], [ -86.4290468, 34.35032349999998 ], [ -86.4267718, 34.346460499999971 ], [ -86.4328798, 34.346489500000047 ], [ -86.4301998, 34.350873499999977 ] ] ], [ [ [ -86.4233538, 34.375441500000022 ], [ -86.4241178, 34.371339499999984 ], [ -86.4288978, 34.375544500000011 ], [ -86.4233538, 34.375441500000022 ] ] ], [ [ [ -86.3882458, 34.371572500000013 ], [ -86.3880318, 34.380519500000027 ], [ -86.3956188, 34.382118499999976 ], [ -86.3923078, 34.3886945 ], [ -86.3923938, 34.4070125 ], [ -86.393965799999989, 34.409897499999985 ], [ -86.3894078, 34.402751499999965 ], [ -86.3877408, 34.402637500000019 ], [ -86.3885868, 34.401447500000025 ], [ -86.3852718, 34.396216499999987 ], [ -86.3772838, 34.3893345 ], [ -86.3691728, 34.3885315 ], [ -86.3647328, 34.380254500000021 ], [ -86.3569168, 34.378294499999988 ], [ -86.3586138, 34.37483449999997 ], [ -86.3553478, 34.372154499999965 ], [ -86.3570768, 34.372030500000022 ], [ -86.3727278, 34.3854375 ], [ -86.3733698, 34.382690499999974 ], [ -86.3791988, 34.376206499999988 ], [ -86.3836548, 34.374184500000013 ], [ -86.3842748, 34.3688695 ], [ -86.3882938, 34.368883500000038 ], [ -86.3883268, 34.367583500000016 ], [ -86.3906298, 34.3715575 ], [ -86.3882458, 34.371572500000013 ] ] ], [ [ [ -86.4233538, 34.375441500000022 ], [ -86.4232798, 34.3813965 ], [ -86.4285538, 34.3862265 ], [ -86.4281618, 34.387578499999975 ], [ -86.4320778, 34.389562499999968 ], [ -86.4329638, 34.392764499999977 ], [ -86.4363148, 34.394156500000058 ], [ -86.4369148, 34.3906625 ], [ -86.4469288, 34.3961585 ], [ -86.4493948, 34.401652499999962 ], [ -86.4525808, 34.39975050000001 ], [ -86.4524198, 34.403985500000012 ], [ -86.4583198, 34.404021499999956 ], [ -86.4576488, 34.408412499999976 ], [ -86.4602008, 34.410406500000022 ], [ -86.4531568, 34.4129115 ], [ -86.4494648, 34.410683500000019 ], [ -86.4433618, 34.4096945 ], [ -86.4420418, 34.407149499999989 ], [ -86.4446258, 34.4057905 ], [ -86.4446818, 34.402843499999989 ], [ -86.4401188, 34.402620500000012 ], [ -86.4400588, 34.3977085 ], [ -86.4313378, 34.3958085 ], [ -86.4302438, 34.393449500000074 ], [ -86.4239508, 34.391580499999968 ], [ -86.4250018, 34.3890785 ], [ -86.4189218, 34.383569500000029 ], [ -86.4182348, 34.3851455 ], [ -86.4167318, 34.384440500000046 ], [ -86.4160708, 34.382736499999965 ], [ -86.4193668, 34.37542349999994 ], [ -86.4233538, 34.375441500000022 ] ] ] ] } },
{ "type": "Feature", "properties": { "state_po": "AL", "congressional_district": "AL-04", "pwsid": "AL0000949", "pws_name": "SWEARENGIN WATER SYSTEM", "population_served_count": 2520, "model_method": "Random Forest", "verification_status": "", "symbology_field": "Modeled", "intersection_area_sq_km": 12.807609818167627 }, "geometry": { "type": "MultiPolygon", "coordinates": [ [ [ [ -86.2253178, 34.5205935 ], [ -86.2331758, 34.5228345 ], [ -86.2376908, 34.522322500000016 ], [ -86.2390628, 34.534881500000026 ], [ -86.2375298, 34.53599649999996 ], [ -86.2360438, 34.533008499999958 ], [ -86.2330878, 34.532053500000039 ], [ -86.2327298, 34.5420785 ], [ -86.2252528, 34.5414525 ], [ -86.2196868, 34.5381455 ], [ -86.2184438, 34.5434295 ], [ -86.2108848, 34.543866500000036 ], [ -86.2112438, 34.552852500000014 ], [ -86.2023198, 34.56298849999996 ], [ -86.201976800000011, 34.5722295 ], [ -86.1977958, 34.571967499999978 ], [ -86.194653800000012, 34.5706475 ], [ -86.1895548, 34.563501499999951 ], [ -86.1986908, 34.5560225 ], [ -86.2016068, 34.549129499999985 ], [ -86.2174988, 34.538857500000042 ], [ -86.2211708, 34.5336935 ], [ -86.2242198, 34.532241499999969 ], [ -86.2253178, 34.5205935 ] ] ], [ [ [ -86.1632658, 34.540983499999953 ], [ -86.1661718, 34.545058500000025 ], [ -86.1654578, 34.548315499999987 ], [ -86.1757598, 34.5483725 ], [ -86.1756908, 34.555590499999987 ], [ -86.1845168, 34.555580500000019 ], [ -86.1843208, 34.562222500000011 ], [ -86.1886828, 34.563093499999987 ], [ -86.1818128, 34.5671625 ], [ -86.1733048, 34.567740500000014 ], [ -86.1676038, 34.5755735 ], [ -86.1623508, 34.5721695 ], [ -86.1623078, 34.565499499999966 ], [ -86.157924799999989, 34.564868499999967 ], [ -86.149095760890219, 34.5669198834008 ], [ -86.1494378, 34.549753499999959 ], [ -86.1550848, 34.550208500000025 ], [ -86.152230423549184, 34.548024428742011 ], [ -86.1632658, 34.540983499999953 ] ] ] ] } },
{ "type": "Feature", "properties": { "state_po": "AL", "congressional_district": "AL-04", "pwsid": "AL0000122", "pws_name": "NECTAR, TOWN OF", "population_served_count": 3288, "model_method": "Random Forest", "verification_status": "", "symbology_field": "Modeled", "intersection_area_sq_km": 5.5270680000756753 }, "geometry": { "type": "MultiPolygon", "coordinates": [ [ [ [ -86.6074658, 33.9199674 ], [ -86.5964538, 33.937970399999976 ], [ -86.5844628, 33.94663639999996 ], [ -86.5816788, 33.9359814 ], [ -86.5824878, 33.935201399999983 ], [ -86.5858008, 33.9382144 ], [ -86.5879998, 33.937641399999947 ], [ -86.5912138, 33.934249400000027 ], [ -86.5923658, 33.92698739999998 ], [ -86.5953068, 33.9280174 ], [ -86.5984088, 33.9207544 ], [ -86.6021198, 33.9215294 ], [ -86.6074658, 33.9199674 ] ] ], [ [ [ -86.626224900000011, 33.9622534 ], [ -86.6261449, 33.965971399999979 ], [ -86.6218269, 33.965877400000025 ], [ -86.6217679, 33.9732364 ], [ -86.6259699, 33.968231399999986 ], [ -86.6363109, 33.960454399999989 ], [ -86.6393899, 33.960035399999988 ], [ -86.6413129, 33.9633564 ], [ -86.6424509, 33.960472399999979 ], [ -86.6437929, 33.960945399999972 ], [ -86.6435929, 33.9661404 ], [ -86.6392569, 33.965911399999989 ], [ -86.6386199, 33.970062400000032 ], [ -86.6370469, 33.966452400000023 ], [ -86.6308109, 33.966270399999985 ], [ -86.6307429, 33.973541399999988 ], [ -86.6262909, 33.973522400000022 ], [ -86.6262349, 33.977305399999949 ], [ -86.6348019, 33.977151399999961 ], [ -86.6348269, 33.9808644 ], [ -86.6306559, 33.980845399999978 ], [ -86.6321029, 33.982522400000022 ], [ -86.6275309, 33.990279399999977 ], [ -86.6284579, 33.984362400000045 ], [ -86.6217669, 33.98429340000002 ], [ -86.6218149, 33.980399400000032 ], [ -86.6175889, 33.9803954 ], [ -86.6173249, 33.9730224 ], [ -86.6209309, 33.9732254 ], [ -86.6193749, 33.970188400000012 ], [ -86.6201869, 33.9593424 ], [ -86.625743899999989, 33.9565754 ], [ -86.6300689, 33.960203399999969 ], [ -86.6300469, 33.962233399999953 ], [ -86.626224900000011, 33.9622534 ] ] ] ] } },
{ "type": "Feature", "properties": { "state_po": "AL", "congressional_district": "AL-04", "pwsid": "AL0000102", "pws_name": "HAYDEN WATER WORKS", "population_served_count": 2589, "model_method": "Decision Tree", "verification_status": "", "symbology_field": "Modeled", "intersection_area_sq_km": 0.029799159302402952 }, "geometry": { "type": "Polygon", "coordinates": [ [ [ -86.7488529, 33.880549400000042 ], [ -86.747000899999989, 33.8817804 ], [ -86.7463369, 33.880557399999972 ], [ -86.7479449, 33.879875399999982 ], [ -86.7488529, 33.880549400000042 ] ] ] } },
{ "type": "Feature", "properties": { "state_po": "AL", "congressional_district": "AL-04", "pwsid": "AL0000098", "pws_name": "ALLGOOD WATER WORKS, TOWN OF", "population_served_count": 861, "model_method": "Decision Tree", "verification_status": "", "symbology_field": "Modeled", "intersection_area_sq_km": 1.7734117593171279 }, "geometry": { "type": "Polygon", "coordinates": [ [ [ -86.5232938, 33.899530399999982 ], [ -86.5198258, 33.9019814 ], [ -86.5210198, 33.907876400000028 ], [ -86.5161208, 33.907929400000015 ], [ -86.5161378, 33.9104984 ], [ -86.5117918, 33.91046640000004 ], [ -86.5116458, 33.918154400000013 ], [ -86.5076278, 33.918146399999962 ], [ -86.5076568, 33.919987399999989 ], [ -86.5050808, 33.918867400000032 ], [ -86.5071808, 33.914023399999984 ], [ -86.5032128, 33.9139914 ], [ -86.5029808, 33.906738399999981 ], [ -86.5074588, 33.9067824 ], [ -86.5075518, 33.9030584 ], [ -86.5153348, 33.903136399999987 ], [ -86.5163758, 33.899628400000019 ], [ -86.5232938, 33.899530399999982 ] ] ] } },
{ "type": "Feature", "properties": { "state_po": "AL", "congressional_district": "AL-04", "pwsid": "MS0480005", "pws_name": "VILLAGE OF GATTMAN", "population_served_count": 780, "model_method": "", "verification_status": "", "symbology_field": "System Sourced", "intersection_area_sq_km": 0.047907137052689008 }, "geometry": { "type": "Polygon", "coordinates": [ [ [ -88.229430216692322, 33.890664476364556 ], [ -88.23227940000001, 33.868369699999988 ], [ -88.232540648845557, 33.868366690539347 ], [ -88.229430216692322, 33.890664476364556 ] ] ] } },
{ "type": "Feature", "properties": { "state_po": "AL", "congressional_district": "AL-04", "pwsid": "TN0008267", "pws_name": "LEXINGTON W.D. RASCALTOWN COMMUNITY", "population_served_count": 217, "model_method": "", "verification_status": "", "symbology_field": "System Sourced", "intersection_area_sq_km": 3.3421017146533409 }, "geometry": { "type": "Polygon", "coordinates": [ [ [ -87.4341173, 34.9800338 ], [ -87.440185, 34.978665600000014 ], [ -87.4414937, 34.979795800000019 ], [ -87.4504761, 34.9793199 ], [ -87.4488105, 34.973133300000015 ], [ -87.4526771, 34.9799743 ], [ -87.4508331, 34.98485220000002 ], [ -87.4463121, 34.986874699999987 ], [ -87.4503572, 34.997522799999977 ], [ -87.449048499999989, 34.9991884 ], [ -87.4451223, 34.9991884 ], [ -87.443968777810554, 35.002868397423853 ], [ -87.4245661, 35.002728599999955 ], [ -87.425823, 35.000393 ], [ -87.433198, 35.000479 ], [ -87.43849, 34.993934 ], [ -87.438003, 34.985067 ], [ -87.4341173, 34.9800338 ] ] ] } },
{ "type": "Feature", "properties": { "state_po": "AL", "congressional_district": "AL-04", "pwsid": "AL0000523", "pws_name": "VALLEY HEAD WATER WORKS BOARD", "population_served_count": 3075, "model_method": "Random Forest", "verification_status": "", "symbology_field": "Modeled", "intersection_area_sq_km": 3.9694848940363134 }, "geometry": { "type": "MultiPolygon", "coordinates": [ [ [ [ -85.5874206, 34.551810600000017 ], [ -85.5856326, 34.5519396 ], [ -85.5849756, 34.551837599999978 ], [ -85.5874206, 34.551810600000017 ] ] ], [ [ [ -85.5825676, 34.555053600000015 ], [ -85.5747276, 34.564283599999953 ], [ -85.5700846, 34.5635616 ], [ -85.5719936, 34.5520016 ], [ -85.5829226, 34.551860599999962 ], [ -85.5825676, 34.555053600000015 ] ] ], [ [ [ -85.5783416, 34.581069600000014 ], [ -85.5734326, 34.5752936 ], [ -85.5726016, 34.571079599999955 ], [ -85.5703366, 34.571330599999968 ], [ -85.5706396, 34.564760599999985 ], [ -85.5727806, 34.565276599999976 ], [ -85.5740186, 34.5686976 ], [ -85.5759226, 34.5661106 ], [ -85.5767106, 34.570350600000012 ], [ -85.5882726, 34.576413599999967 ], [ -85.5938166, 34.573563599999957 ], [ -85.5992836, 34.566906600000024 ], [ -85.6055326, 34.551871599999949 ], [ -85.6069436, 34.555057600000048 ], [ -85.603410599999989, 34.566547600000021 ], [ -85.5965746, 34.5729136 ], [ -85.5944826, 34.577732600000026 ], [ -85.5911396, 34.579506600000016 ], [ -85.5902146, 34.58440860000001 ], [ -85.5876886, 34.5845716 ], [ -85.5876666, 34.580959600000028 ], [ -85.5783416, 34.581069600000014 ] ] ], [ [ [ -85.5777526, 34.58378960000001 ], [ -85.5800836, 34.585738599999949 ], [ -85.5800456, 34.591952599999985 ], [ -85.5746206, 34.592037600000019 ], [ -85.574508600000016, 34.581089599999977 ], [ -85.5783416, 34.581069600000014 ], [ -85.5777526, 34.58378960000001 ] ] ] ] } },
{ "type": "Feature", "properties": { "state_po": "AL", "congressional_district": "AL-04", "pwsid": "AL0000319", "pws_name": "LEIGHTON, WSB OF THE TOWN OF", "population_served_count": 1203, "model_method": "Decision Tree", "verification_status": "", "symbology_field": "Modeled", "intersection_area_sq_km": 4.4065407582086911 }, "geometry": { "type": "Polygon", "coordinates": [ [ [ -87.5288272, 34.684026500000016 ], [ -87.5290282, 34.698299499999969 ], [ -87.54658520000001, 34.698750499999953 ], [ -87.546700199999989, 34.705952499999967 ], [ -87.5290472, 34.705789500000016 ], [ -87.5290992, 34.7096345 ], [ -87.5059241, 34.69912249999998 ], [ -87.5202312, 34.7013955 ], [ -87.5203222, 34.6983265 ], [ -87.5115641, 34.698245500000013 ], [ -87.5114291, 34.690820499999987 ], [ -87.5202082, 34.6908725 ], [ -87.5201442, 34.683839500000026 ], [ -87.5288272, 34.684026500000016 ] ] ] } },
{ "type": "Feature", "properties": { "state_po": "AL", "congressional_district": "AL-04", "pwsid": "AL0000318", "pws_name": "LAGRANGE MOUNTAIN WATER AUTHORITY", "population_served_count": 1242, "model_method": "Random Forest", "verification_status": "", "symbology_field": "Modeled", "intersection_area_sq_km": 4.4423668300118528 }, "geometry": { "type": "MultiPolygon", "coordinates": [ [ [ [ -87.5874252, 34.602610500000026 ], [ -87.5780162, 34.6082315 ], [ -87.5781132, 34.613031500000034 ], [ -87.5738332, 34.611080499999957 ], [ -87.5774592, 34.6083465 ], [ -87.5719802, 34.6056865 ], [ -87.5720732, 34.602541499999951 ], [ -87.5691142, 34.597908500000045 ], [ -87.5625192, 34.594186499999978 ], [ -87.5611832, 34.591031500000028 ], [ -87.5574272, 34.589909499999983 ], [ -87.5611082, 34.586425500000033 ], [ -87.5729422, 34.5972635 ], [ -87.5763452, 34.5896665 ], [ -87.5869232, 34.595481500000012 ], [ -87.5888852, 34.600013499999974 ], [ -87.5874252, 34.602610500000026 ] ] ], [ [ [ -87.5903882, 34.670754500000022 ], [ -87.5908272, 34.6819265 ], [ -87.5719262, 34.6750625 ], [ -87.5718962, 34.671308500000016 ], [ -87.5729342, 34.6703215 ], [ -87.5903882, 34.670754500000022 ] ] ], [ [ [ -87.5959042, 34.683944500000017 ], [ -87.5953862, 34.6852285 ], [ -87.5907832, 34.685198500000013 ], [ -87.5908232, 34.682072500000054 ], [ -87.5959042, 34.683944500000017 ] ] ] ] } },
{ "type": "Feature", "properties": { "state_po": "AL", "congressional_district": "AL-04", "pwsid": "MS0710003", "pws_name": "DENNIS WATER ASSOCIATION", "population_served_count": 3256, "model_method": null, "verification_status": null, "symbology_field": "System Sourced", "intersection_area_sq_km": 0.0038406656605713394 }, "geometry": { "type": "Polygon", "coordinates": [ [ [ -88.13313471190493, 34.629893519085364 ], [ -88.1338116, 34.6251003 ], [ -88.134228792705485, 34.622879325823313 ], [ -88.13313471190493, 34.629893519085364 ] ] ] } },
{ "type": "Feature", "properties": { "state_po": "AL", "congressional_district": "AL-04", "pwsid": "AL0000920", "pws_name": "BEAR CREEK WATER WORKS", "population_served_count": 3150, "model_method": null, "verification_status": null, "symbology_field": "System Sourced", "intersection_area_sq_km": 38.780375518358966 }, "geometry": { "type": "Polygon", "coordinates": [ [ [ -87.7351673, 34.2412206 ], [ -87.7366973, 34.244749 ], [ -87.7383784, 34.244704 ], [ -87.7513681, 34.24132379999994 ], [ -87.7578965, 34.238054700000035 ], [ -87.766823, 34.237515499999986 ], [ -87.770975299999989, 34.238616200000024 ], [ -87.7730732, 34.241912 ], [ -87.7782323, 34.2449619 ], [ -87.7901418, 34.2496278 ], [ -87.7967159, 34.2480014 ], [ -87.7994851, 34.243931700000047 ], [ -87.7979424, 34.237308799999973 ], [ -87.8029976, 34.231224900000015 ], [ -87.8037783, 34.226941099999976 ], [ -87.8061449, 34.227461600000019 ], [ -87.8063282, 34.2314797 ], [ -87.8011443, 34.238918900000044 ], [ -87.8099923, 34.232831099999977 ], [ -87.8132627, 34.235803700000012 ], [ -87.8055443, 34.239363600000019 ], [ -87.8078282, 34.240240299999982 ], [ -87.8074156, 34.24199030000004 ], [ -87.8029382, 34.242216099999958 ], [ -87.8041346, 34.246936299999987 ], [ -87.8009326, 34.247178 ], [ -87.7987159, 34.2501413 ], [ -87.7908498, 34.2522721 ], [ -87.789306, 34.254344700000047 ], [ -87.7875252, 34.25362070000002 ], [ -87.7871897, 34.250976200000032 ], [ -87.7765676, 34.247292199999961 ], [ -87.7712401, 34.244235800000027 ], [ -87.7689899, 34.2407753 ], [ -87.7649873, 34.240016199999971 ], [ -87.7587913, 34.240658300000042 ], [ -87.752442, 34.243879400000026 ], [ -87.7315403, 34.248931400000011 ], [ -87.7337708, 34.259939200000012 ], [ -87.7414655, 34.259285399999946 ], [ -87.7431777, 34.255848800000017 ], [ -87.7453126, 34.2551163 ], [ -87.7464081, 34.256571100000023 ], [ -87.7443631, 34.2609924 ], [ -87.7514629, 34.2638404 ], [ -87.7555501, 34.267418400000011 ], [ -87.7587396, 34.265522399999988 ], [ -87.7605851, 34.2668592 ], [ -87.7581125, 34.269555899999986 ], [ -87.7550347, 34.270096399999957 ], [ -87.7518034, 34.267726599999946 ], [ -87.7470463, 34.268352200000038 ], [ -87.7465176, 34.2663583 ], [ -87.7487545, 34.265779 ], [ -87.740093, 34.262302 ], [ -87.7342789, 34.262620300000044 ], [ -87.733048599999989, 34.2645878 ], [ -87.7349892, 34.2736623 ], [ -87.7414034, 34.27085669999996 ], [ -87.7441582, 34.272760799999979 ], [ -87.7433988, 34.2750571 ], [ -87.7401287, 34.2736648 ], [ -87.7328264, 34.2783906 ], [ -87.7237267, 34.273301100000019 ], [ -87.7186283, 34.278902199999976 ], [ -87.7058751, 34.2770922 ], [ -87.7084355, 34.295141299999948 ], [ -87.7110833, 34.298609199999966 ], [ -87.7165449, 34.300106700000022 ], [ -87.7201724, 34.303246800000018 ], [ -87.7216637, 34.292662299999975 ], [ -87.7163663, 34.282327 ], [ -87.7242945, 34.276908 ], [ -87.7308792, 34.280245599999965 ], [ -87.7280486, 34.281585799999974 ], [ -87.7230368, 34.280853399999963 ], [ -87.7221148, 34.284947099999982 ], [ -87.7246816, 34.2846553 ], [ -87.7309513, 34.292610299999971 ], [ -87.7337848, 34.294324799999984 ], [ -87.7354069, 34.2937619 ], [ -87.7398718, 34.286815500000017 ], [ -87.7412664, 34.291066799999982 ], [ -87.7390842, 34.294469199999973 ], [ -87.753077, 34.295195 ], [ -87.7492957, 34.29977209999997 ], [ -87.7468677, 34.2972504 ], [ -87.7413186, 34.297164499999973 ], [ -87.7413073, 34.299949900000037 ], [ -87.7443224, 34.303333 ], [ -87.7429415, 34.3049403 ], [ -87.738311, 34.301299799999981 ], [ -87.7380588, 34.2971532 ], [ -87.7363008, 34.297116299999978 ], [ -87.7348533, 34.299114299999943 ], [ -87.7352703, 34.304563599999966 ], [ -87.731679899999989, 34.311364 ], [ -87.7292321, 34.310197499999987 ], [ -87.7320349, 34.303998 ], [ -87.7316322, 34.300688200000018 ], [ -87.723424, 34.303041100000051 ], [ -87.7237942, 34.306072100000073 ], [ -87.7223054, 34.307160400000015 ], [ -87.7120181, 34.301537200000013 ], [ -87.7089804, 34.303418899999976 ], [ -87.7019592, 34.302857299999943 ], [ -87.702342, 34.300909 ], [ -87.7076215, 34.3007646 ], [ -87.7079316, 34.299413099999981 ], [ -87.70525, 34.2961241 ], [ -87.7029946, 34.287489 ], [ -87.7027353, 34.278248299999987 ], [ -87.7014586, 34.283689899999963 ], [ -87.6986964, 34.284035299999971 ], [ -87.6967977, 34.2896211 ], [ -87.7003872, 34.289836 ], [ -87.7012133, 34.291482200000019 ], [ -87.6977889, 34.294365 ], [ -87.6959083, 34.292360099999982 ], [ -87.6954714, 34.2937288 ], [ -87.6983805, 34.296761299999986 ], [ -87.6965571, 34.2978415 ], [ -87.6946175, 34.29637629999997 ], [ -87.6936469, 34.299336699999984 ], [ -87.6936337, 34.301576799999985 ], [ -87.695752399999989, 34.302853099999979 ], [ -87.693998, 34.3042936 ], [ -87.6944481, 34.307745499999974 ], [ -87.7068293, 34.307944199999966 ], [ -87.708236, 34.309459 ], [ -87.7062022, 34.310962699999962 ], [ -87.6958581, 34.310516299999939 ], [ -87.6980535, 34.3160457 ], [ -87.6950182, 34.3260504 ], [ -87.6922478, 34.325275 ], [ -87.6948047, 34.3157211 ], [ -87.6913605, 34.308769099999978 ], [ -87.6903516, 34.299328699999968 ], [ -87.6869151, 34.297575100000039 ], [ -87.6894968, 34.2945025 ], [ -87.6920488, 34.29389 ], [ -87.693043, 34.286891700000012 ], [ -87.6962029, 34.281337599999944 ], [ -87.6905245, 34.2811267 ], [ -87.6792589, 34.283971 ], [ -87.6780246, 34.285238099999987 ], [ -87.6821387, 34.286001099999986 ], [ -87.682356399999989, 34.289416099999983 ], [ -87.680423, 34.290023299999987 ], [ -87.6793101, 34.2880937 ], [ -87.6764064, 34.287798400000021 ], [ -87.6646188, 34.306343699999964 ], [ -87.6639237, 34.3117689 ], [ -87.6586263, 34.316733400000011 ], [ -87.6565594, 34.316679899999961 ], [ -87.6564227, 34.314567400000044 ], [ -87.6610529, 34.31044319999998 ], [ -87.6613077, 34.3059981 ], [ -87.6541768, 34.303953499999984 ], [ -87.6523573, 34.3010664 ], [ -87.6543753, 34.300021500000014 ], [ -87.6600331, 34.302932 ], [ -87.6581141, 34.300118500000018 ], [ -87.6598445, 34.298686 ], [ -87.6624163, 34.299847899999989 ], [ -87.6632842, 34.302737699999987 ], [ -87.6641326, 34.301989 ], [ -87.6683068, 34.2929363 ], [ -87.66246, 34.292407400000016 ], [ -87.662131, 34.2890127 ], [ -87.6642664, 34.2882792 ], [ -87.6663723, 34.290156400000015 ], [ -87.6712904, 34.290383099999978 ], [ -87.6725924, 34.288250700000013 ], [ -87.6704555, 34.286146699999989 ], [ -87.6743477, 34.285174399999981 ], [ -87.672408, 34.2817362 ], [ -87.6743914, 34.281051 ], [ -87.6762224, 34.2827549 ], [ -87.6795144, 34.2809973 ], [ -87.677856800000015, 34.279902400000012 ], [ -87.6789277, 34.2783565 ], [ -87.6813955, 34.278541299999972 ], [ -87.682997899999989, 34.2805344 ], [ -87.6905747, 34.27837 ], [ -87.6968085, 34.278540500000013 ], [ -87.6957041, 34.275788600000041 ], [ -87.6982052, 34.275083899999977 ], [ -87.7020011, 34.26839019999997 ], [ -87.7006785, 34.266303699999959 ], [ -87.6931578, 34.267891699999986 ], [ -87.6899526, 34.2668758 ], [ -87.6918098, 34.268323 ], [ -87.690516, 34.269827899999953 ], [ -87.6838938, 34.268881400000012 ], [ -87.6823065, 34.265246800000021 ], [ -87.6723346, 34.263357200000016 ], [ -87.6680199, 34.264313800000011 ], [ -87.666775199999989, 34.270689099999984 ], [ -87.6709491, 34.270183899999957 ], [ -87.6716223, 34.2722556 ], [ -87.6646634, 34.273371 ], [ -87.663921, 34.2752575 ], [ -87.6618554, 34.275316300000014 ], [ -87.6647804, 34.26486970000002 ], [ -87.6618044, 34.264905 ], [ -87.6610562, 34.2680403 ], [ -87.6592252, 34.2686728 ], [ -87.6580302, 34.264968599999975 ], [ -87.6518034, 34.262025600000015 ], [ -87.657828099999989, 34.256253799999982 ], [ -87.6571519, 34.253006099999986 ], [ -87.6585518, 34.251840100000031 ], [ -87.6612028, 34.253562500000029 ], [ -87.6593864, 34.2593269 ], [ -87.6614092, 34.260779199999988 ], [ -87.663924900000012, 34.255509699999969 ], [ -87.6609185, 34.248538199999984 ], [ -87.6614821, 34.2460787 ], [ -87.6639103, 34.246340899999986 ], [ -87.6669373, 34.2528623 ], [ -87.6670154, 34.256689900000012 ], [ -87.6646598, 34.260602700000021 ], [ -87.665723899999989, 34.261963199999933 ], [ -87.6707527, 34.2609016 ], [ -87.6739288, 34.252032800000038 ], [ -87.6759722, 34.2510059 ], [ -87.6793941, 34.252691299999981 ], [ -87.6747882, 34.257495600000027 ], [ -87.6743657, 34.260858499999969 ], [ -87.6788623, 34.262636 ], [ -87.686057, 34.2613054 ], [ -87.6872671, 34.262609799999986 ], [ -87.686088, 34.2642747 ], [ -87.6889039, 34.264286 ], [ -87.691180300000013, 34.2604697 ], [ -87.6884814, 34.257589 ], [ -87.6910137, 34.256241599999981 ], [ -87.6930423, 34.256958200000014 ], [ -87.6945524, 34.26029290000001 ], [ -87.6933699, 34.262529600000022 ], [ -87.6979839, 34.263491399999971 ], [ -87.6947152, 34.259522699999984 ], [ -87.6946486, 34.2503834 ], [ -87.6889807, 34.24761920000001 ], [ -87.6868624, 34.244044 ], [ -87.6831543, 34.241867400000018 ], [ -87.6808335, 34.242523699999978 ], [ -87.6564636, 34.236802499999989 ], [ -87.6554928, 34.23390370000002 ], [ -87.6526684, 34.232663600000016 ], [ -87.6512961, 34.235856099999957 ], [ -87.649184, 34.235388499999985 ], [ -87.6486124, 34.2335909 ], [ -87.6447085, 34.235738799999986 ], [ -87.6441038, 34.233598499999964 ], [ -87.6500879, 34.228184700000028 ], [ -87.6544495, 34.227657799999982 ], [ -87.6613176, 34.2227473 ], [ -87.66212, 34.2181931 ], [ -87.6642509, 34.218727 ], [ -87.665209, 34.2229638 ], [ -87.6669231, 34.222374800000011 ], [ -87.6666157, 34.217255400000042 ], [ -87.6687945, 34.216637699999978 ], [ -87.6701403, 34.2216421 ], [ -87.6725714, 34.222111199999958 ], [ -87.6738413, 34.216052199999965 ], [ -87.6839362, 34.210201099999956 ], [ -87.683704, 34.204823899999987 ], [ -87.6865693, 34.205352200000014 ], [ -87.6868368, 34.208915 ], [ -87.6903944, 34.203007700000043 ], [ -87.6973933, 34.201331700000011 ], [ -87.6975135, 34.19950620000003 ], [ -87.6953266, 34.200465300000026 ], [ -87.6931503, 34.198971799999988 ], [ -87.6974005, 34.194807200000035 ], [ -87.7065197, 34.193458699999979 ], [ -87.7089873, 34.194826500000033 ], [ -87.7140462, 34.189305399999988 ], [ -87.7154724, 34.1918886 ], [ -87.7252591, 34.195819799999974 ], [ -87.7295097, 34.191417300000019 ], [ -87.7327657, 34.191525099999986 ], [ -87.7361828, 34.211378200000034 ], [ -87.7335273, 34.222121299999976 ], [ -87.7307599, 34.2213468 ], [ -87.732924, 34.211373699999967 ], [ -87.7301158, 34.1958299 ], [ -87.7250315, 34.198527399999982 ], [ -87.7140148, 34.194429399999947 ], [ -87.7107103, 34.197303599999969 ], [ -87.7102061, 34.205801099999967 ], [ -87.7077101, 34.205249900000027 ], [ -87.7072175, 34.200191499999988 ], [ -87.7026047, 34.203928 ], [ -87.6982729, 34.204101200000046 ], [ -87.6991031, 34.209991200000033 ], [ -87.7027404, 34.2162538 ], [ -87.7080293, 34.2171384 ], [ -87.7099725, 34.213864400000041 ], [ -87.7119156, 34.2135398 ], [ -87.7112914, 34.217986899999985 ], [ -87.7138919, 34.218723600000018 ], [ -87.7136784, 34.220564 ], [ -87.7112508, 34.2210537 ], [ -87.7004464, 34.218207500000034 ], [ -87.6960258, 34.210881100000016 ], [ -87.6950339, 34.204463599999976 ], [ -87.6919681, 34.205886100000022 ], [ -87.690516699999989, 34.210248499999985 ], [ -87.6917179, 34.213243799999965 ], [ -87.6899444, 34.213801500000031 ], [ -87.6883445, 34.2124046 ], [ -87.6893755, 34.223895 ], [ -87.6855569, 34.2226949 ], [ -87.6851073, 34.212773699999957 ], [ -87.6821733, 34.215267899999972 ], [ -87.6846502, 34.217018600000031 ], [ -87.6844677, 34.218586699999989 ], [ -87.6804446, 34.2195075 ], [ -87.6768683, 34.217353899999956 ], [ -87.6761996, 34.21921480000001 ], [ -87.6780769, 34.219830900000026 ], [ -87.6789911, 34.222956499999974 ], [ -87.6763161, 34.225577200000018 ], [ -87.6725102, 34.2248303 ], [ -87.6745631, 34.226933400000043 ], [ -87.6833463, 34.228893899999989 ], [ -87.6863807, 34.230963300000028 ], [ -87.6858136, 34.233000300000029 ], [ -87.6822808, 34.232661 ], [ -87.684661, 34.235657899999978 ], [ -87.6845619, 34.239427899999953 ], [ -87.6876262, 34.241412899999979 ], [ -87.6955082, 34.2418966 ], [ -87.6966256, 34.237946 ], [ -87.6982968, 34.237200700000017 ], [ -87.6996976, 34.238340899999983 ], [ -87.6992066, 34.241962099999974 ], [ -87.7098098, 34.241802 ], [ -87.714476499999989, 34.243791200000011 ], [ -87.7160726, 34.246076 ], [ -87.725723, 34.242868099999988 ], [ -87.7292944, 34.246909299999977 ], [ -87.733442599999989, 34.245214800000014 ], [ -87.7335214, 34.24213849999996 ], [ -87.7351673, 34.2412206 ] ], [ [ -87.7089236, 34.2445827 ], [ -87.706548, 34.2447067 ], [ -87.70488, 34.247193200000012 ], [ -87.7032872, 34.2448317 ], [ -87.6975611, 34.244640699999984 ], [ -87.6964518, 34.2478318 ], [ -87.6978907, 34.252771300000013 ], [ -87.7029844, 34.250388899999969 ], [ -87.7040539, 34.247544699999985 ], [ -87.7062513, 34.24784219999998 ], [ -87.7065242, 34.253447699999967 ], [ -87.7044657, 34.254482900000042 ], [ -87.7063592, 34.2583535 ], [ -87.7112057, 34.25059940000002 ], [ -87.7263456, 34.2503982 ], [ -87.7237324, 34.247466900000013 ], [ -87.7147984, 34.248748 ], [ -87.7089236, 34.2445827 ] ], [ [ -87.6994523, 34.255406500000035 ], [ -87.697851899999989, 34.255481500000073 ], [ -87.6977593, 34.257112800000023 ], [ -87.699584300000012, 34.2598351 ], [ -87.6994523, 34.255406500000035 ] ], [ [ -87.7044749, 34.2595118 ], [ -87.702357100000015, 34.257356499999979 ], [ -87.7027888, 34.259317 ], [ -87.7044749, 34.2595118 ] ], [ [ -87.7047758, 34.27085669999996 ], [ -87.7066812, 34.272493400000052 ], [ -87.7116981, 34.271705 ], [ -87.7126088, 34.275441499999978 ], [ -87.7176502, 34.27602660000003 ], [ -87.7240078, 34.265250500000043 ], [ -87.731136, 34.26188 ], [ -87.7292902, 34.253046399999988 ], [ -87.7130626, 34.2530642 ], [ -87.7110297, 34.256081099999946 ], [ -87.7109239, 34.260199299999975 ], [ -87.7119941, 34.2641267 ], [ -87.7145088, 34.266104299999967 ], [ -87.71095480000001, 34.2667511 ], [ -87.7113499, 34.270354900000044 ], [ -87.7082251, 34.27019139999998 ], [ -87.7075613, 34.268086799999985 ], [ -87.7055982, 34.268422699999945 ], [ -87.7047758, 34.27085669999996 ] ], [ [ -87.707669, 34.261192 ], [ -87.702587799999989, 34.263192 ], [ -87.7040273, 34.2659846 ], [ -87.7070478, 34.26524840000004 ], [ -87.707669, 34.261192 ] ], [ [ -87.7297768, 34.2652544 ], [ -87.7264822, 34.26701650000004 ], [ -87.7247776, 34.270439700000054 ], [ -87.7310431, 34.273235700000015 ], [ -87.7297768, 34.2652544 ] ], [ [ -87.722998, 34.2885521 ], [ -87.7250593, 34.2935483 ], [ -87.7234615, 34.3000846 ], [ -87.7314083, 34.297891100000029 ], [ -87.73251230000001, 34.296819600000042 ], [ -87.722998, 34.2885521 ] ], [ [ -87.7062464, 34.196325500000015 ], [ -87.7032116, 34.196330700000011 ], [ -87.7030246, 34.1964951 ], [ -87.7045797, 34.198569 ], [ -87.7062464, 34.196325500000015 ] ], [ [ -87.6976934, 34.1989271 ], [ -87.700549, 34.19886529999998 ], [ -87.7011589, 34.2014849 ], [ -87.7013464, 34.199050599999943 ], [ -87.6986144, 34.197937399999958 ], [ -87.6977622, 34.198390299999964 ], [ -87.6976934, 34.1989271 ] ], [ [ -87.6814176, 34.231548600000032 ], [ -87.6813939, 34.231413900000042 ], [ -87.6813111, 34.2314098 ], [ -87.6814176, 34.231548600000032 ] ], [ [ -87.6643591, 34.2313722 ], [ -87.6663042, 34.232784399999971 ], [ -87.6638906, 34.235727200000035 ], [ -87.6676662, 34.2365957 ], [ -87.6673894, 34.233786699999989 ], [ -87.6715322, 34.22828590000001 ], [ -87.6684282, 34.2247817 ], [ -87.6621771, 34.225359300000044 ], [ -87.6548005, 34.2305667 ], [ -87.6587508, 34.231943699999988 ], [ -87.6600708, 34.234815699999977 ], [ -87.6603783, 34.231877899999979 ], [ -87.6643591, 34.2313722 ] ], [ [ -87.6814773, 34.236516100000038 ], [ -87.6760215, 34.229543300000017 ], [ -87.6733645, 34.230536099999981 ], [ -87.6706168, 34.2346577 ], [ -87.6712627, 34.2370623 ], [ -87.6809113, 34.2397337 ], [ -87.6814773, 34.236516100000038 ] ], [ [ -87.6910538, 34.2455103 ], [ -87.692669, 34.244514399999979 ], [ -87.6904265, 34.244693199999979 ], [ -87.6910538, 34.2455103 ] ], [ [ -87.6572065, 34.261628699999982 ], [ -87.6563736, 34.261489400000016 ], [ -87.6574268, 34.2618761 ], [ -87.6572065, 34.261628699999982 ] ] ] } },
{ "type": "Feature", "properties": { "state_po": "AL", "congressional_district": "AL-07", "pwsid": "AL0001217", "pws_name": "CUBA WATER BOARD", "population_served_count": 570, "model_method": "Random Forest", "verification_status": "", "symbology_field": "Modeled", "intersection_area_sq_km": 1.5628814222358971 }, "geometry": { "type": "Polygon", "coordinates": [ [ [ -88.3812503, 32.422461 ], [ -88.3787213, 32.425644 ], [ -88.3795933, 32.42694 ], [ -88.376821299999989, 32.428799 ], [ -88.3783603, 32.428067 ], [ -88.380243299999989, 32.430847 ], [ -88.3896143, 32.427337 ], [ -88.3897973, 32.434647 ], [ -88.3820633, 32.433134 ], [ -88.3792833, 32.43446 ], [ -88.3786983, 32.431641 ], [ -88.372774299999989, 32.435072 ], [ -88.3700403, 32.438494 ], [ -88.3700303, 32.428782 ], [ -88.3751343, 32.42621 ], [ -88.3714103, 32.422102 ], [ -88.3812503, 32.422461 ] ] ] } },
{ "type": "Feature", "properties": { "state_po": "AL", "congressional_district": "AL-07", "pwsid": "MS0380004", "pws_name": "LONG CREEK WATER ASSN #1", "population_served_count": 2978, "model_method": "", "verification_status": "", "symbology_field": "System Sourced", "intersection_area_sq_km": 0.00073699287496542033 }, "geometry": { "type": "Polygon", "coordinates": [ [ [ -88.4116337, 32.3867518 ], [ -88.412331660219721, 32.38137312101572 ], [ -88.411659986510315, 32.386751621367715 ], [ -88.4116337, 32.3867518 ] ] ] } },
{ "type": "Feature", "properties": { "state_po": "AL", "congressional_district": "AL-07", "pwsid": "AL0000254", "pws_name": "FULTON, UTILITIES BOARD OF THE TOWN OF", "population_served_count": 534, "model_method": "Random Forest", "verification_status": "", "symbology_field": "Modeled", "intersection_area_sq_km": 2.111182227951514 }, "geometry": { "type": "MultiPolygon", "coordinates": [ [ [ [ -87.7377381, 31.789625900000019 ], [ -87.7352061, 31.7905109 ], [ -87.7402481, 31.7927809 ], [ -87.750228100000015, 31.7931579 ], [ -87.7495791, 31.79424589999994 ], [ -87.7358381, 31.793764899999967 ], [ -87.7311381, 31.79073690000001 ], [ -87.7298541, 31.7847319 ], [ -87.7340701, 31.782386899999977 ], [ -87.7337731, 31.7849119 ], [ -87.7379351, 31.7850649 ], [ -87.7377381, 31.789625900000019 ] ] ], [ [ [ -87.7284611, 31.785360900000011 ], [ -87.7299731, 31.794469899999974 ], [ -87.7276871, 31.789925900000036 ], [ -87.7258371, 31.790677900000013 ], [ -87.720913, 31.800676900000035 ], [ -87.720887, 31.7908089 ], [ -87.717086, 31.791193900000028 ], [ -87.716634, 31.789261899999953 ], [ -87.720909, 31.787963900000012 ], [ -87.721062, 31.781623900000014 ], [ -87.717796, 31.781702899999964 ], [ -87.719312, 31.77632989999994 ], [ -87.723412, 31.7763319 ], [ -87.723851, 31.779487899999989 ], [ -87.7284611, 31.785360900000011 ] ] ] ] } },
{ "type": "Feature", "properties": { "state_po": "AL", "congressional_district": "AL-07", "pwsid": "AL0001513", "pws_name": "MID-CENTRAL WATER AUTHORITY", "population_served_count": 2325, "model_method": "Random Forest", "verification_status": "", "symbology_field": "Modeled", "intersection_area_sq_km": 2.2382239434733879 }, "geometry": { "type": "MultiPolygon", "coordinates": [ [ [ [ -87.721062, 31.781623900000014 ], [ -87.720909, 31.787963900000012 ], [ -87.716634, 31.789261899999953 ], [ -87.717086, 31.791193900000028 ], [ -87.720887, 31.7908089 ], [ -87.720667, 31.80375690000001 ], [ -87.71932, 31.8038089 ], [ -87.71121, 31.8006009 ], [ -87.711227, 31.799426899999968 ], [ -87.714295, 31.794168900000013 ], [ -87.714818, 31.787622899999988 ], [ -87.717796, 31.781702899999964 ], [ -87.721062, 31.781623900000014 ] ] ], [ [ [ -87.7597611, 31.808872899999972 ], [ -87.7604761, 31.821292900000042 ], [ -87.7591611, 31.824785900000052 ], [ -87.7561651, 31.824623900000017 ], [ -87.7560991, 31.816457899999964 ], [ -87.7520781, 31.81754089999998 ], [ -87.7541291, 31.8051119 ], [ -87.7546241, 31.8088559 ], [ -87.7597611, 31.808872899999972 ] ] ] ] } },
{ "type": "Feature", "properties": { "state_po": "AL", "congressional_district": "AL-07", "pwsid": "AL0001107", "pws_name": "REFORM WATER & SEWER BOARD", "population_served_count": 2376, "model_method": "Random Forest", "verification_status": "", "symbology_field": "Modeled", "intersection_area_sq_km": 10.45315975488481 }, "geometry": { "type": "Polygon", "coordinates": [ [ [ -88.0237542, 33.347972199999987 ], [ -88.0241392, 33.35507820000003 ], [ -88.0304642, 33.3585272 ], [ -88.0303712, 33.37755319999998 ], [ -88.033608199999989, 33.3775832 ], [ -88.0355972, 33.388064200000038 ], [ -88.0314872, 33.387301199999975 ], [ -88.0362252, 33.3925642 ], [ -88.0479142, 33.396937200000025 ], [ -88.0214782, 33.396312199999983 ], [ -88.0215312, 33.398952200000039 ], [ -88.0194482, 33.3989162 ], [ -88.0161492, 33.3931422 ], [ -88.0171012, 33.38444819999998 ], [ -88.0143912, 33.384175200000016 ], [ -88.0112982, 33.389566199999969 ], [ -88.0097942, 33.389089200000036 ], [ -88.0105762, 33.3772352 ], [ -88.0040642, 33.373726199999979 ], [ -88.0044612, 33.367607200000045 ], [ -88.0019502, 33.365384199999973 ], [ -88.0016792, 33.362589200000038 ], [ -88.0130422, 33.3625222 ], [ -88.0129662, 33.347812200000071 ], [ -88.0237542, 33.347972199999987 ] ] ] } },
{ "type": "Feature", "properties": { "state_po": "AL", "congressional_district": "AL-07", "pwsid": "AL0001767", "pws_name": "AKRON WATER DEPARTMENT, TOWN OF", "population_served_count": 498, "model_method": "Random Forest", "verification_status": "", "symbology_field": "Modeled", "intersection_area_sq_km": 1.946498407039593 }, "geometry": { "type": "MultiPolygon", "coordinates": [ [ [ [ -87.7335931, 32.8712461 ], [ -87.7335431, 32.875337100000031 ], [ -87.7264031, 32.8736291 ], [ -87.7335931, 32.8712461 ] ] ], [ [ [ -87.7496701, 32.87263109999995 ], [ -87.749563099999989, 32.8828921 ], [ -87.7454491, 32.887443100000041 ], [ -87.7435051, 32.887759100000039 ], [ -87.7336461, 32.8753081 ], [ -87.7337131, 32.872357100000031 ], [ -87.7496701, 32.87263109999995 ] ] ] ] } },
{ "type": "Feature", "properties": { "state_po": "AL", "congressional_district": "AL-07", "pwsid": "MS0440005", "pws_name": "EAST LOWNDES W/A #1-LEE STOKES", "population_served_count": 2189, "model_method": "Random Forest", "verification_status": "", "symbology_field": "Modeled", "intersection_area_sq_km": 0.009087290251365664 }, "geometry": { "type": "MultiPolygon", "coordinates": [ [ [ [ -88.282141408971711, 33.473254717224805 ], [ -88.283189299999989, 33.464312200000016 ], [ -88.283218555369416, 33.464313039916675 ], [ -88.282141408971711, 33.473254717224805 ] ] ], [ [ [ -88.279625467380797, 33.494135182222529 ], [ -88.2816413, 33.477128200000024 ], [ -88.281688738315722, 33.477011812195435 ], [ -88.279625467380797, 33.494135182222529 ] ] ] ] } },
{ "type": "Feature", "properties": { "state_po": "AL", "congressional_district": "AL-07", "pwsid": "AL0001103", "pws_name": "CARROLLTON, TOWN OF", "population_served_count": 1305, "model_method": "Random Forest", "verification_status": "", "symbology_field": "Modeled", "intersection_area_sq_km": 4.6591067732917102 }, "geometry": { "type": "Polygon", "coordinates": [ [ [ -88.0943602, 33.2520832 ], [ -88.096108199999989, 33.248399200000016 ], [ -88.1127262, 33.262299199999987 ], [ -88.0953732, 33.276714199999986 ], [ -88.0776372, 33.261558199999989 ], [ -88.0913252, 33.262485200000029 ], [ -88.0884342, 33.25809320000004 ], [ -88.0842522, 33.2557362 ], [ -88.0889952, 33.2518192 ], [ -88.0943602, 33.2520832 ] ] ] } },
{ "type": "Feature", "properties": { "state_po": "AL", "congressional_district": "AL-07", "pwsid": "AL0000847", "pws_name": "HAYNEVILLE WATER DEPARTMENT", "population_served_count": 2868, "model_method": "Random Forest", "verification_status": "", "symbology_field": "Modeled", "intersection_area_sq_km": 3.9604855777653571 }, "geometry": { "type": "Polygon", "coordinates": [ [ [ -86.5661187, 32.191445 ], [ -86.566259699999989, 32.172782 ], [ -86.5703197, 32.173785 ], [ -86.5701607, 32.172832 ], [ -86.5916498, 32.173236 ], [ -86.5915948, 32.177679 ], [ -86.5879988, 32.182552 ], [ -86.5840467, 32.18472 ], [ -86.5807357, 32.184019 ], [ -86.5826997, 32.19119 ], [ -86.5661187, 32.191445 ] ] ] } },
{ "type": "Feature", "properties": { "state_po": "AL", "congressional_district": "AL-07", "pwsid": "AL0000852", "pws_name": "LOWNDESBORO WATER SYSTEM", "population_served_count": 1128, "model_method": "Decision Tree", "verification_status": "", "symbology_field": "Modeled", "intersection_area_sq_km": 1.7652745098263702 }, "geometry": { "type": "Polygon", "coordinates": [ [ [ -86.6213538, 32.273075 ], [ -86.6213228, 32.276152 ], [ -86.6180008, 32.276152 ], [ -86.6158578, 32.27451 ], [ -86.6113008, 32.275422 ], [ -86.6102398, 32.279744 ], [ -86.6130308, 32.281096 ], [ -86.613032800000013, 32.287586 ], [ -86.6047948, 32.287639 ], [ -86.6047688, 32.276353 ], [ -86.6087538, 32.276392 ], [ -86.6086658, 32.269132 ], [ -86.6046298, 32.269221 ], [ -86.6047138, 32.266843 ], [ -86.6130028, 32.266689 ], [ -86.6129058, 32.269436 ], [ -86.6172788, 32.269431 ], [ -86.6173128, 32.272754 ], [ -86.6213538, 32.273075 ] ] ] } },
{ "type": "Feature", "properties": { "state_po": "AL", "congressional_district": "AL-07", "pwsid": "AL0000853", "pws_name": "MOSSES WATER & FIRE PRO AUTHORITY", "population_served_count": 1704, "model_method": "Random Forest", "verification_status": "", "symbology_field": "Modeled", "intersection_area_sq_km": 5.2820517497319273 }, "geometry": { "type": "Polygon", "coordinates": [ [ [ -86.6903408, 32.185004 ], [ -86.6897938, 32.187534 ], [ -86.691780799999989, 32.189817 ], [ -86.6844758, 32.18976 ], [ -86.6844498, 32.192828 ], [ -86.6808798, 32.192699 ], [ -86.6805938, 32.19892 ], [ -86.6765478, 32.198884 ], [ -86.6765818, 32.202388 ], [ -86.6669278, 32.202448 ], [ -86.6669908, 32.196059 ], [ -86.6692588, 32.196043 ], [ -86.6707968, 32.193202 ], [ -86.674468800000014, 32.192073 ], [ -86.671868800000013, 32.174189 ], [ -86.6746628, 32.159802 ], [ -86.6720418, 32.159601 ], [ -86.6720388, 32.152338 ], [ -86.6804778, 32.152226 ], [ -86.6821828, 32.149063 ], [ -86.6850048, 32.150289 ], [ -86.6849888, 32.156675 ], [ -86.6802838, 32.156731 ], [ -86.6804978, 32.184795 ], [ -86.6903408, 32.185004 ] ] ] } },
{ "type": "Feature", "properties": { "state_po": "AL", "congressional_district": "AL-07", "pwsid": "AL0000858", "pws_name": "WHITE HALL WATER BOARD", "population_served_count": 1200, "model_method": "Decision Tree", "verification_status": "", "symbology_field": "Modeled", "intersection_area_sq_km": 6.9712984448380588 }, "geometry": { "type": "Polygon", "coordinates": [ [ [ -86.7456288, 32.273917 ], [ -86.7476228, 32.274259 ], [ -86.7476918, 32.297387 ], [ -86.7218428, 32.297936 ], [ -86.7220188, 32.299903 ], [ -86.7199818, 32.298834 ], [ -86.7206398, 32.297965 ], [ -86.7165358, 32.298062 ], [ -86.7166408, 32.315343 ], [ -86.7195128, 32.315408 ], [ -86.7221248, 32.312795 ], [ -86.7268668, 32.311589 ], [ -86.7196078, 32.316337 ], [ -86.7166488, 32.316587 ], [ -86.7166698, 32.31945 ], [ -86.7355558, 32.31947 ], [ -86.7240128, 32.324211 ], [ -86.7124228, 32.322907 ], [ -86.7141058, 32.309902 ], [ -86.7128018, 32.29647 ], [ -86.7201968, 32.287172 ], [ -86.7456288, 32.273917 ] ] ] } },
{ "type": "Feature", "properties": { "state_po": "AL", "congressional_district": "AL-07", "pwsid": "AL0000741", "pws_name": "BROOKSIDE WATER WORKS", "population_served_count": 2640, "model_method": "Random Forest", "verification_status": "", "symbology_field": "Modeled", "intersection_area_sq_km": 5.9656022228779246 }, "geometry": { "type": "MultiPolygon", "coordinates": [ [ [ [ -86.8889579, 33.612142299999981 ], [ -86.8878699, 33.615269300000051 ], [ -86.8915649, 33.616594300000031 ], [ -86.8913849, 33.626039299999981 ], [ -86.8831639, 33.623684299999987 ], [ -86.8842299, 33.613568300000011 ], [ -86.8873579, 33.611502299999984 ], [ -86.8889579, 33.612142299999981 ] ] ], [ [ [ -86.9295539, 33.639791300000013 ], [ -86.9226099, 33.6386963 ], [ -86.9205039, 33.641589300000035 ], [ -86.9167639, 33.640367300000023 ], [ -86.916646899999989, 33.642042300000014 ], [ -86.9138159, 33.643193300000029 ], [ -86.91312090000001, 33.64233429999998 ], [ -86.9167079, 33.640006299999989 ], [ -86.9143609, 33.637943299999954 ], [ -86.9129539, 33.632253300000016 ], [ -86.908873899999989, 33.628745300000034 ], [ -86.8996329, 33.6286493 ], [ -86.8997169, 33.631936299999971 ], [ -86.895370899999989, 33.6319083 ], [ -86.8944289, 33.62786830000001 ], [ -86.8931299, 33.6281563 ], [ -86.8918399, 33.6256033 ], [ -86.8983699, 33.628440299999987 ], [ -86.8992739, 33.624251300000033 ], [ -86.9017359, 33.627142299999981 ], [ -86.9038709, 33.624272299999959 ], [ -86.9038639, 33.6210043 ], [ -86.9058199, 33.6217063 ], [ -86.9043269, 33.615614300000068 ], [ -86.8977399, 33.611976299999988 ], [ -86.8995509, 33.608649299999982 ], [ -86.8974179, 33.606510299999968 ], [ -86.8996099, 33.6065703 ], [ -86.8995409, 33.6018703 ], [ -86.8954949, 33.6013863 ], [ -86.8953969, 33.598303300000019 ], [ -86.9079509, 33.601814300000015 ], [ -86.9119469, 33.60477429999996 ], [ -86.915110900000016, 33.6047653 ], [ -86.9161599, 33.6068983 ], [ -86.91260290000001, 33.606822299999983 ], [ -86.9126709, 33.610438300000013 ], [ -86.9170219, 33.610481300000011 ], [ -86.9168259, 33.61642530000001 ], [ -86.9130099, 33.6164073 ], [ -86.913010899999989, 33.613215300000014 ], [ -86.908305900000016, 33.613215300000014 ], [ -86.9117949, 33.616701299999981 ], [ -86.9103029, 33.6220403 ], [ -86.9121529, 33.624462299999969 ], [ -86.9107459, 33.627191299999978 ], [ -86.9127749, 33.631984300000028 ], [ -86.9166399, 33.632011299999988 ], [ -86.9157139, 33.628769299999988 ], [ -86.9253919, 33.6288013 ], [ -86.9254239, 33.6333223 ], [ -86.9293399, 33.631659300000017 ], [ -86.9278709, 33.6357843 ], [ -86.9295539, 33.639791300000013 ] ], [ [ -86.8990019, 33.610286299999949 ], [ -86.9015899, 33.6128673 ], [ -86.903689899999989, 33.6116143 ], [ -86.9060049, 33.613135299999982 ], [ -86.9067829, 33.611935299999963 ], [ -86.9060179, 33.6103753 ], [ -86.9039589, 33.61035030000005 ], [ -86.9039429, 33.6066383 ], [ -86.9017709, 33.606605300000041 ], [ -86.9017569, 33.6103273 ], [ -86.8990019, 33.610286299999949 ] ] ], [ [ [ -86.9361469, 33.640282299999967 ], [ -86.9359219, 33.6423913 ], [ -86.933652900000013, 33.642905299999967 ], [ -86.9335089, 33.639734299999986 ], [ -86.9361469, 33.640282299999967 ] ] ], [ [ [ -86.9257839, 33.639786300000011 ], [ -86.9282279, 33.643022299999956 ], [ -86.9319759, 33.6431623 ], [ -86.9322039, 33.644283299999984 ], [ -86.9266849, 33.6434613 ], [ -86.9257839, 33.639786300000011 ] ], [ [ -86.9316579, 33.643428299999975 ], [ -86.930968900000011, 33.6439883 ], [ -86.9316629, 33.643998300000021 ], [ -86.9316579, 33.643428299999975 ] ] ], [ [ [ -86.9298619, 33.64167530000001 ], [ -86.9291869, 33.6425323 ], [ -86.9291839, 33.64167130000002 ], [ -86.9298619, 33.64167530000001 ] ] ] ] } },
{ "type": "Feature", "properties": { "state_po": "AL", "congressional_district": "AL-07", "pwsid": "AL0001428", "pws_name": "FORKLAND WATER SYSTEM", "population_served_count": 1137, "model_method": "Decision Tree", "verification_status": "", "symbology_field": "Modeled", "intersection_area_sq_km": 66.454701634897447 }, "geometry": { "type": "Polygon", "coordinates": [ [ [ -87.8160161, 32.6084731 ], [ -87.8102241, 32.606012100000015 ], [ -87.8111121, 32.603907099999951 ], [ -87.8136281, 32.603786100000036 ], [ -87.8166321, 32.599545099999972 ], [ -87.820275099999989, 32.5991851 ], [ -87.8366331, 32.587797100000024 ], [ -87.8346941, 32.563978099999957 ], [ -87.8360481, 32.558645099999978 ], [ -87.839339099999989, 32.555130100000042 ], [ -87.8437291, 32.5556451 ], [ -87.8445081, 32.5528301 ], [ -87.8464921, 32.554514100000013 ], [ -87.8454621, 32.558037100000028 ], [ -87.8459081, 32.560892099999982 ], [ -87.8466361, 32.555608099999986 ], [ -87.8471151, 32.557100099999964 ], [ -87.84901210000001, 32.559197099999984 ], [ -87.8470221, 32.554922100000013 ], [ -87.8503441, 32.557668099999944 ], [ -87.8530321, 32.558949100000021 ], [ -87.8538531, 32.5588761 ], [ -87.8482761, 32.555729100000043 ], [ -87.8421461, 32.5490341 ], [ -87.8407341, 32.54957910000001 ], [ -87.8398861, 32.547163100000027 ], [ -87.844146099999989, 32.547906 ], [ -87.8492381, 32.542066 ], [ -87.8501551, 32.543594 ], [ -87.8490061, 32.542746 ], [ -87.8472391, 32.545111 ], [ -87.8480221, 32.548875099999982 ], [ -87.846116099999989, 32.546923 ], [ -87.8487761, 32.551916100000014 ], [ -87.8481631, 32.548989 ], [ -87.8518201, 32.5521191 ], [ -87.8638451, 32.553677099999952 ], [ -87.8562041, 32.550939 ], [ -87.857156100000012, 32.550478 ], [ -87.8508581, 32.550019 ], [ -87.8477481, 32.546976 ], [ -87.8487141, 32.544182 ], [ -87.8513891, 32.54725 ], [ -87.8605091, 32.5506551 ], [ -87.8488621, 32.543873 ], [ -87.8520721, 32.545011 ], [ -87.8515561, 32.542733 ], [ -87.8539641, 32.543573 ], [ -87.8561271, 32.542961 ], [ -87.8524571, 32.542867 ], [ -87.8527581, 32.541356 ], [ -87.8586721, 32.54099 ], [ -87.8539201, 32.541181 ], [ -87.8541121, 32.538865 ], [ -87.8519401, 32.542419 ], [ -87.8493621, 32.541702 ], [ -87.8530931, 32.535218 ], [ -87.8562581, 32.534382 ], [ -87.8541861, 32.534365 ], [ -87.8536361, 32.532531 ], [ -87.8608621, 32.533098 ], [ -87.8733291, 32.545574 ], [ -87.874439099999989, 32.549932 ], [ -87.8727401, 32.55549 ], [ -87.8750191, 32.5718301 ], [ -87.8753231, 32.570245100000022 ], [ -87.8813441, 32.5793251 ], [ -87.8884301, 32.5854451 ], [ -87.8898641, 32.585147100000043 ], [ -87.8896471, 32.5870261 ], [ -87.8990351, 32.5921381 ], [ -87.8986681, 32.600761100000028 ], [ -87.9050361, 32.613355100000028 ], [ -87.9048461, 32.614582099999986 ], [ -87.8877941, 32.617679099999982 ], [ -87.8793781, 32.621936100000056 ], [ -87.8795851, 32.6227421 ], [ -87.8874891, 32.624792099999986 ], [ -87.8948001, 32.622884100000029 ], [ -87.8973711, 32.6240071 ], [ -87.8993211, 32.622703100000066 ], [ -87.9057911, 32.623185100000022 ], [ -87.9100641, 32.6326191 ], [ -87.9155871, 32.6390811 ], [ -87.918023100000013, 32.640800100000021 ], [ -87.9219681, 32.640333100000021 ], [ -87.9172911, 32.647329099999979 ], [ -87.9102751, 32.649962099999989 ], [ -87.9076251, 32.6530371 ], [ -87.9023441, 32.649713100000028 ], [ -87.888443099999989, 32.646071099999972 ], [ -87.8861471, 32.649916100000056 ], [ -87.8944441, 32.655176100000027 ], [ -87.9036391, 32.665428100000057 ], [ -87.8931961, 32.665272099999946 ], [ -87.8885621, 32.657846100000015 ], [ -87.8832441, 32.657845100000017 ], [ -87.8832971, 32.665411100000043 ], [ -87.8767721, 32.665355100000028 ], [ -87.8740231, 32.662318100000043 ], [ -87.8712651, 32.663247100000021 ], [ -87.8711761, 32.660744100000052 ], [ -87.8671331, 32.660804099999964 ], [ -87.8631251, 32.662982100000058 ], [ -87.8629181, 32.6574381 ], [ -87.8689251, 32.650106099999952 ], [ -87.8644221, 32.6529661 ], [ -87.8625251, 32.646930099999977 ], [ -87.8576901, 32.6469131 ], [ -87.8576901, 32.651008100000027 ], [ -87.8539001, 32.651010099999986 ], [ -87.8538861, 32.652164099999979 ], [ -87.8521321, 32.650809100000011 ], [ -87.8502901, 32.642781099999979 ], [ -87.8450731, 32.64271609999998 ], [ -87.8450661, 32.638779100000015 ], [ -87.8535881, 32.638768099999986 ], [ -87.853557099999989, 32.635467099999964 ], [ -87.8342021, 32.616225100000015 ], [ -87.8287561, 32.615570099999978 ], [ -87.8291961, 32.6129861 ], [ -87.8277141, 32.61296909999998 ], [ -87.8258131, 32.6062211 ], [ -87.8160161, 32.6084731 ] ], [ [ -87.8258131, 32.6062211 ], [ -87.8323591, 32.6059731 ], [ -87.832243100000014, 32.6022511 ], [ -87.824701100000013, 32.6022461 ], [ -87.8258131, 32.6062211 ] ] ] } },
{ "type": "Feature", "properties": { "state_po": "AL", "congressional_district": "AL-07", "pwsid": "AL0001427", "pws_name": "PERRY COUNTY WATER AUTHORITY", "population_served_count": 2850, "model_method": "Random Forest", "verification_status": "", "symbology_field": "Modeled", "intersection_area_sq_km": 1.5818627083747701 }, "geometry": { "type": "Polygon", "coordinates": [ [ [ -87.527313, 32.582694099999962 ], [ -87.540937, 32.582845100000014 ], [ -87.540891, 32.587640099999987 ], [ -87.532988, 32.587644100000013 ], [ -87.533032, 32.5954501 ], [ -87.536407, 32.595827099999987 ], [ -87.536448, 32.597332100000038 ], [ -87.525213, 32.595904099999963 ], [ -87.525213, 32.581032100000044 ], [ -87.5271, 32.5810961 ], [ -87.527313, 32.582694099999962 ] ] ] } },
{ "type": "Feature", "properties": { "state_po": "AL", "congressional_district": "AL-07", "pwsid": "AL0001393", "pws_name": "PINE HILL WATER DEPARTMENT", "population_served_count": 2361, "model_method": "Decision Tree", "verification_status": "", "symbology_field": "Modeled", "intersection_area_sq_km": 9.6475157228759478 }, "geometry": { "type": "MultiPolygon", "coordinates": [ [ [ [ -87.584594, 31.975941899999988 ], [ -87.579549, 31.978320900000039 ], [ -87.576027, 31.976579900000036 ], [ -87.573553, 31.9770389 ], [ -87.57065, 31.980498899999986 ], [ -87.567155, 31.976763900000041 ], [ -87.565569, 31.9773369 ], [ -87.569653, 31.973918900000029 ], [ -87.572022, 31.9758739 ], [ -87.573123, 31.974428900000035 ], [ -87.571591, 31.973558900000011 ], [ -87.574858, 31.9722859 ], [ -87.583977, 31.9732519 ], [ -87.584083, 31.970092899999958 ], [ -87.585535, 31.9696949 ], [ -87.591484, 31.970297899999981 ], [ -87.592349, 31.968974899999978 ], [ -87.597879, 31.968376899999985 ], [ -87.598676, 31.9701319 ], [ -87.641979, 31.965140899999984 ], [ -87.642104, 31.970868899999981 ], [ -87.632802, 31.971562899999963 ], [ -87.617381, 31.97668390000003 ], [ -87.61406, 31.977150899999966 ], [ -87.61592, 31.9734999 ], [ -87.613151, 31.972354899999967 ], [ -87.586864, 31.978996900000034 ], [ -87.586584, 31.9767789 ], [ -87.584594, 31.975941899999988 ] ], [ [ -87.587084, 31.9771409 ], [ -87.592864, 31.9731079 ], [ -87.592365, 31.971166900000025 ], [ -87.589003, 31.973208900000014 ], [ -87.587084, 31.9771409 ] ] ], [ [ [ -87.584036, 31.999360899999974 ], [ -87.566733, 31.9995599 ], [ -87.566733, 31.998353900000033 ], [ -87.562082, 31.9978249 ], [ -87.562548, 31.991284899999975 ], [ -87.55492, 31.990995899999948 ], [ -87.555375, 31.989751899999959 ], [ -87.570346, 31.9887859 ], [ -87.577307, 31.992163899999966 ], [ -87.580144, 31.983766899999974 ], [ -87.584093, 31.980439899999983 ], [ -87.597106, 31.977164900000041 ], [ -87.612856, 31.9772309 ], [ -87.610913, 31.979581899999943 ], [ -87.607837, 31.9800489 ], [ -87.594879, 31.9797799 ], [ -87.597155, 31.9815029 ], [ -87.597167, 31.9896639 ], [ -87.599521, 31.9895799 ], [ -87.599455, 31.991317899999984 ], [ -87.601221, 31.9913299 ], [ -87.598378, 31.994917899999965 ], [ -87.59248, 31.9913829 ], [ -87.588408, 31.991707900000026 ], [ -87.583666, 31.993107899999977 ], [ -87.584036, 31.999360899999974 ] ] ], [ [ [ -87.584032, 31.9990049 ], [ -87.587213, 31.999208899999946 ], [ -87.589087, 32.000036900000033 ], [ -87.584032, 31.9990049 ] ] ] ] } },
{ "type": "Feature", "properties": { "state_po": "AL", "congressional_district": "AL-07", "pwsid": "AL0001391", "pws_name": "PINE APPLE WATER WORKS", "population_served_count": 390, "model_method": "Decision Tree", "verification_status": "", "symbology_field": "Modeled", "intersection_area_sq_km": 2.9332415359222606 }, "geometry": { "type": "Polygon", "coordinates": [ [ [ -86.9897868, 31.8669609 ], [ -86.9896858, 31.8738439 ], [ -86.9994109, 31.875425900000035 ], [ -87.0026669, 31.878199900000013 ], [ -86.9922609, 31.88197090000001 ], [ -86.9947879, 31.88473589999996 ], [ -86.9929379, 31.890675900000012 ], [ -86.9918299, 31.888590900000018 ], [ -86.9797288, 31.888588899999945 ], [ -86.9797238, 31.8742979 ], [ -86.9755888, 31.874285900000011 ], [ -86.9755218, 31.8720599 ], [ -86.9858278, 31.873714899999975 ], [ -86.985616800000017, 31.8671809 ], [ -86.9897868, 31.8669609 ] ] ] } },
{ "type": "Feature", "properties": { "state_po": "AL", "congressional_district": "AL-07", "pwsid": "AL0000919", "pws_name": "THOMASTON WATER WORKS & GAS BOARD", "population_served_count": 960, "model_method": "Random Forest", "verification_status": "", "symbology_field": "Modeled", "intersection_area_sq_km": 2.5642140009407703 }, "geometry": { "type": "MultiPolygon", "coordinates": [ [ [ [ -87.63349, 32.26381 ], [ -87.633472, 32.266962 ], [ -87.637623, 32.267082 ], [ -87.6377501, 32.278039 ], [ -87.632618, 32.27789 ], [ -87.633566, 32.280619 ], [ -87.631314, 32.279838 ], [ -87.629094, 32.281349 ], [ -87.625547, 32.281233 ], [ -87.623669, 32.281416 ], [ -87.623277, 32.281329 ], [ -87.628412, 32.279797 ], [ -87.625487, 32.271735 ], [ -87.621838, 32.273202 ], [ -87.621812, 32.268764 ], [ -87.617499, 32.268836 ], [ -87.617423, 32.266788 ], [ -87.608305, 32.266942 ], [ -87.608319, 32.263663 ], [ -87.622589, 32.265029 ], [ -87.628955, 32.263408 ], [ -87.63349, 32.26381 ] ] ], [ [ [ -87.62126, 32.273642 ], [ -87.621149, 32.275718 ], [ -87.621136, 32.274036 ], [ -87.614472, 32.274135 ], [ -87.62126, 32.273642 ] ] ] ] } },
{ "type": "Feature", "properties": { "state_po": "AL", "congressional_district": "AL-07", "pwsid": "AL0000909", "pws_name": "FAUNSDALE WATER WORKS", "population_served_count": 414, "model_method": "Random Forest", "verification_status": "", "symbology_field": "Modeled", "intersection_area_sq_km": 1.8534741126955243 }, "geometry": { "type": "Polygon", "coordinates": [ [ [ -87.589737, 32.456931 ], [ -87.590819, 32.453237 ], [ -87.598988, 32.454306 ], [ -87.597472, 32.462125 ], [ -87.6137971, 32.465615 ], [ -87.6258771, 32.470325 ], [ -87.595808, 32.467346 ], [ -87.595635, 32.463546 ], [ -87.593736, 32.463561 ], [ -87.593729, 32.461481 ], [ -87.589137, 32.460277 ], [ -87.589635, 32.458698 ], [ -87.587431, 32.458096 ], [ -87.587561, 32.456763 ], [ -87.589737, 32.456931 ] ] ] } },
{ "type": "Feature", "properties": { "state_po": "AL", "congressional_district": "AL-07", "pwsid": "AL0000484", "pws_name": "ORRVILLE WATER DEPARTMENT, TOWN OF", "population_served_count": 435, "model_method": "Decision Tree", "verification_status": "", "symbology_field": "Modeled", "intersection_area_sq_km": 2.0728768160812288 }, "geometry": { "type": "Polygon", "coordinates": [ [ [ -87.2475779, 32.292704 ], [ -87.2467029, 32.297572 ], [ -87.2489489, 32.297399 ], [ -87.2497739, 32.299521 ], [ -87.2542229, 32.299407 ], [ -87.2543169, 32.306235 ], [ -87.2500359, 32.30628 ], [ -87.2500669, 32.30879 ], [ -87.2461049, 32.309651 ], [ -87.2414709, 32.313376 ], [ -87.2414609, 32.307201 ], [ -87.2366469, 32.308008 ], [ -87.2365249, 32.299563 ], [ -87.2475779, 32.292704 ] ] ] } },
{ "type": "Feature", "properties": { "state_po": "AL", "congressional_district": "AL-07", "pwsid": "AL0000918", "pws_name": "SWEETWATER, THE WW & SB OF THE TOWN OF", "population_served_count": 465, "model_method": "Random Forest", "verification_status": "", "symbology_field": "Modeled", "intersection_area_sq_km": 0.44836688332422536 }, "geometry": { "type": "Polygon", "coordinates": [ [ [ -87.8722981, 32.092245 ], [ -87.8715261, 32.094346 ], [ -87.8750821, 32.094476 ], [ -87.8748041, 32.096317 ], [ -87.8717661, 32.098767 ], [ -87.8694021, 32.098974 ], [ -87.8683991, 32.097096 ], [ -87.8647531, 32.099483 ], [ -87.8640101, 32.097808 ], [ -87.8689291, 32.091789 ], [ -87.8722981, 32.092245 ] ] ] } },
{ "type": "Feature", "properties": { "state_po": "AL", "congressional_district": "AL-07", "pwsid": "AL0000252", "pws_name": "COFFEEVILLE WATER WORKS, TOWN OF", "population_served_count": 2730, "model_method": "Decision Tree", "verification_status": "", "symbology_field": "Modeled", "intersection_area_sq_km": 6.0418702116018528 }, "geometry": { "type": "MultiPolygon", "coordinates": [ [ [ [ -88.0818571, 31.7424819 ], [ -88.0917192, 31.7424889 ], [ -88.0918322, 31.7532249 ], [ -88.0961452, 31.753118900000029 ], [ -88.0947972, 31.756834899999983 ], [ -88.0909682, 31.756979899999983 ], [ -88.09121420000001, 31.7624729 ], [ -88.0893552, 31.7624799 ], [ -88.0894222, 31.7582939 ], [ -88.0856271, 31.757737899999981 ], [ -88.0819581, 31.761428899999988 ], [ -88.0774811, 31.761989899999936 ], [ -88.0747131, 31.76412590000001 ], [ -88.0746861, 31.756869899999955 ], [ -88.0704471, 31.756910900000012 ], [ -88.0704191, 31.7545059 ], [ -88.073793099999989, 31.752314899999959 ], [ -88.0710071, 31.751452899999975 ], [ -88.0704051, 31.7460709 ], [ -88.0745531, 31.746030899999987 ], [ -88.0757041, 31.7362339 ], [ -88.0717081, 31.726083899999981 ], [ -88.0666141, 31.721660899999979 ], [ -88.0665171, 31.717038900000031 ], [ -88.0691371, 31.7185869 ], [ -88.0769151, 31.730760900000021 ], [ -88.0818571, 31.7424819 ] ] ], [ [ [ -88.0819541, 31.778635900000019 ], [ -88.0774311, 31.785792899999965 ], [ -88.0811281, 31.785994899999974 ], [ -88.0827602, 31.7875589 ], [ -88.0661251, 31.7875469 ], [ -88.0661111, 31.778915899999987 ], [ -88.074814100000012, 31.7788149 ], [ -88.0748161, 31.777679899999963 ], [ -88.0763531, 31.778900899999957 ], [ -88.0819541, 31.778635900000019 ] ] ] ] } },
{ "type": "Feature", "properties": { "state_po": "AL", "congressional_district": "AL-07", "pwsid": "AL0000244", "pws_name": "PENNINGTON, UTILITIES BOARD OF", "population_served_count": 1080, "model_method": "Random Forest", "verification_status": "", "symbology_field": "Modeled", "intersection_area_sq_km": 4.4069808809530571 }, "geometry": { "type": "Polygon", "coordinates": [ [ [ -88.0187832, 32.230859 ], [ -88.0139702, 32.233713 ], [ -88.0069192, 32.220947 ], [ -88.007570199999989, 32.213454 ], [ -88.012102200000015, 32.203902 ], [ -88.0095691, 32.195458 ], [ -88.0127182, 32.201583 ], [ -88.0119372, 32.206273 ], [ -88.0176732, 32.20865 ], [ -88.025469199999989, 32.217848 ], [ -88.0293782, 32.217844 ], [ -88.0291862, 32.222516 ], [ -88.0308942, 32.22436 ], [ -88.0234302, 32.233023 ], [ -88.0187832, 32.230859 ] ] ] } },
{ "type": "Feature", "properties": { "state_po": "AL", "congressional_district": "AL-07", "pwsid": "AL0000233", "pws_name": "CHOCTAW-EDNA WATER AUTHORITY, INC.", "population_served_count": 819, "model_method": "Random Forest", "verification_status": "", "symbology_field": "Modeled", "intersection_area_sq_km": 0.98332766042869313 }, "geometry": { "type": "Polygon", "coordinates": [ [ [ -88.0293652, 32.216281 ], [ -88.0293782, 32.217844 ], [ -88.025469199999989, 32.217848 ], [ -88.0176732, 32.20865 ], [ -88.0129152, 32.206546 ], [ -88.0135592, 32.201611 ], [ -88.0098871, 32.194097 ], [ -88.0185892, 32.202542 ], [ -88.0182592, 32.204239 ], [ -88.0239812, 32.204704 ], [ -88.0219442, 32.209798 ], [ -88.0293652, 32.216281 ] ] ] } },
{ "type": "Feature", "properties": { "state_po": "AL", "congressional_district": "AL-07", "pwsid": "AL0000846", "pws_name": "FORT DEPOSIT WATER & SEWER BOARD", "population_served_count": 2250, "model_method": "Random Forest", "verification_status": "", "symbology_field": "Modeled", "intersection_area_sq_km": 7.8288738414936736 }, "geometry": { "type": "Polygon", "coordinates": [ [ [ -86.5688537, 31.971219 ], [ -86.5731037, 31.971939 ], [ -86.5732517, 31.982025 ], [ -86.5790577, 31.983844 ], [ -86.5827647, 31.97582 ], [ -86.5843217, 31.982157 ], [ -86.5858817, 31.982111 ], [ -86.5858067, 31.972911 ], [ -86.5893637, 31.978548 ], [ -86.5943057, 31.981897 ], [ -86.5944357, 32.000153 ], [ -86.5724347, 32.000154 ], [ -86.5715857, 31.994537 ], [ -86.5687177, 32.000481 ], [ -86.5606387, 31.999998 ], [ -86.5605597, 31.991024 ], [ -86.5592487, 31.99282 ], [ -86.5551437, 31.992813 ], [ -86.5588917, 31.987931 ], [ -86.5637037, 31.987609 ], [ -86.5637007, 31.985937 ], [ -86.5602067, 31.986088 ], [ -86.5657187, 31.977075 ], [ -86.5644277, 31.972513 ], [ -86.5604177, 31.971258 ], [ -86.5677497, 31.971255 ], [ -86.5687077, 31.966465 ], [ -86.5688537, 31.971219 ] ] ] } },
{ "type": "Feature", "properties": { "state_po": "AL", "congressional_district": "AL-07", "pwsid": "AL0000765", "pws_name": "WEST JEFFERSON WATER WORKS, TOWN OF", "population_served_count": 3282, "model_method": "Random Forest", "verification_status": "", "symbology_field": "Modeled", "intersection_area_sq_km": 10.710253273747556 }, "geometry": { "type": "MultiPolygon", "coordinates": [ [ [ [ -87.084586, 33.6311503 ], [ -87.075678, 33.631049300000015 ], [ -87.075824, 33.624081299999986 ], [ -87.080177, 33.624110300000027 ], [ -87.081672, 33.619638300000027 ], [ -87.082771, 33.623248300000036 ], [ -87.091496, 33.626464299999959 ], [ -87.091846, 33.6278583 ], [ -87.084658, 33.6277863 ], [ -87.084586, 33.6311503 ] ] ], [ [ [ -87.0727, 33.6231603 ], [ -87.065406, 33.6367703 ], [ -87.062892, 33.6384793 ], [ -87.054985, 33.6355463 ], [ -87.052341, 33.633071300000033 ], [ -87.052715, 33.629358300000035 ], [ -87.056783, 33.624838300000022 ], [ -87.060433, 33.625305300000065 ], [ -87.062723, 33.62832529999995 ], [ -87.069581, 33.623469300000011 ], [ -87.0727, 33.6231603 ] ] ], [ [ [ -87.091227, 33.6387943 ], [ -87.092169, 33.649225300000019 ], [ -87.084049, 33.646798299999986 ], [ -87.079421, 33.64356130000003 ], [ -87.068782, 33.640646300000022 ], [ -87.068758, 33.6347733 ], [ -87.075573, 33.634911299999978 ], [ -87.075657, 33.631298300000047 ], [ -87.084609, 33.631414300000024 ], [ -87.084547, 33.635044300000018 ], [ -87.092733990231395, 33.63513924798427 ], [ -87.092727, 33.63840830000003 ], [ -87.091227, 33.6387943 ] ] ], [ [ [ -87.057417, 33.674277300000014 ], [ -87.057417786590534, 33.674213324545562 ], [ -87.057418902623795, 33.674342623540504 ], [ -87.057417, 33.674277300000014 ] ] ], [ [ [ -87.057430629035622, 33.675701169893365 ], [ -87.057437434501978, 33.676489584524482 ], [ -87.057429, 33.6761463 ], [ -87.057430629035622, 33.675701169893365 ] ] ], [ [ [ -87.05739, 33.681051100453764 ], [ -87.05742, 33.680028299999982 ], [ -87.057423482370766, 33.679978153924289 ], [ -87.05739, 33.681051100453764 ] ] ], [ [ [ -87.04997, 33.660416300000037 ], [ -87.04884, 33.6647883 ], [ -87.035863, 33.66469530000002 ], [ -87.032168, 33.664347300000053 ], [ -87.032082, 33.661423299999981 ], [ -87.021174, 33.6589643 ], [ -87.024626, 33.6569753 ], [ -87.03108, 33.6583523 ], [ -87.0313, 33.6599433 ], [ -87.034252, 33.659267300000018 ], [ -87.036749, 33.6629133 ], [ -87.039631, 33.662503299999983 ], [ -87.040229, 33.657903300000022 ], [ -87.04379, 33.657393300000059 ], [ -87.045129, 33.6402743 ], [ -87.051243, 33.6372473 ], [ -87.052098, 33.638288300000021 ], [ -87.049073, 33.638992300000019 ], [ -87.049799, 33.641759299999968 ], [ -87.052331, 33.642010300000017 ], [ -87.05518, 33.6452273 ], [ -87.05704, 33.6452853 ], [ -87.057051, 33.6390003 ], [ -87.062209, 33.638843299999969 ], [ -87.063007, 33.641908300000026 ], [ -87.068853, 33.6420203 ], [ -87.066659, 33.64289930000001 ], [ -87.066558, 33.64561030000003 ], [ -87.07095, 33.645689299999979 ], [ -87.072115, 33.6493163 ], [ -87.075325, 33.647709299999953 ], [ -87.076546, 33.649478299999942 ], [ -87.079686, 33.649538299999975 ], [ -87.079657, 33.651726300000014 ], [ -87.081686, 33.6521943 ], [ -87.081883, 33.648627299999987 ], [ -87.083936, 33.647743299999952 ], [ -87.083851, 33.65398730000004 ], [ -87.08662, 33.652744299999959 ], [ -87.084092, 33.654646299999953 ], [ -87.086576, 33.654653299999964 ], [ -87.075208, 33.655876299999989 ], [ -87.066566, 33.6523643 ], [ -87.066567, 33.6492733 ], [ -87.053589, 33.648843299999939 ], [ -87.051539, 33.6508113 ], [ -87.047682, 33.650000299999981 ], [ -87.046433, 33.6550253 ], [ -87.04997, 33.660416300000037 ] ], [ [ -87.051991, 33.650119300000028 ], [ -87.053484, 33.645360299999957 ], [ -87.049223, 33.6444873 ], [ -87.047972, 33.6492223 ], [ -87.051991, 33.650119300000028 ] ] ], [ [ [ -87.048866, 33.658697300000021 ], [ -87.052453, 33.654259299999971 ], [ -87.054314, 33.6580433 ], [ -87.048866, 33.658697300000021 ] ] ], [ [ [ -87.057763, 33.663945300000016 ], [ -87.057729084889857, 33.661387079420592 ], [ -87.057873202038692, 33.664811932237846 ], [ -87.057763, 33.663945300000016 ] ] ], [ [ [ -87.044179, 33.67091629999998 ], [ -87.044926, 33.668207299999978 ], [ -87.045847, 33.670156299999988 ], [ -87.044179, 33.67091629999998 ] ] ], [ [ [ -87.057396511944489, 33.671748446169467 ], [ -87.052715, 33.672331299999975 ], [ -87.046365, 33.676132300000027 ], [ -87.046054, 33.670985299999984 ], [ -87.050571, 33.6722863 ], [ -87.046551, 33.669999300000043 ], [ -87.049397, 33.667133299999982 ], [ -87.049224, 33.665054300000037 ], [ -87.057845707679149, 33.665387285217079 ], [ -87.057396511944489, 33.671748446169467 ] ] ], [ [ [ -87.052899015004314, 33.685444076242838 ], [ -87.056827, 33.6846163 ], [ -87.057318420504032, 33.683344770018124 ], [ -87.057252, 33.685473 ], [ -87.052899015004314, 33.685444076242838 ] ] ] ] } },
{ "type": "Feature", "properties": { "state_po": "AL", "congressional_district": "AL-03", "pwsid": "AL0000862", "pws_name": "NOTASULGA WATER SYSTEM", "population_served_count": 2850, "model_method": "Decision Tree", "verification_status": "", "symbology_field": "Modeled", "intersection_area_sq_km": 5.0337225194253792 }, "geometry": { "type": "MultiPolygon", "coordinates": [ [ [ [ -85.617936384907892, 32.550148852961506 ], [ -85.6101065, 32.547055100000016 ], [ -85.610143218884531, 32.546983646905055 ], [ -85.617936384907892, 32.550148852961506 ] ] ], [ [ [ -85.6784235, 32.5821891 ], [ -85.6740895, 32.585931099999961 ], [ -85.67010350000001, 32.5846071 ], [ -85.6627895, 32.592124099999964 ], [ -85.6571955, 32.592165099999981 ], [ -85.6568055, 32.591169099999988 ], [ -85.6624395, 32.587711099999979 ], [ -85.6626295, 32.585100099999984 ], [ -85.6602125, 32.5837711 ], [ -85.6533055, 32.584652100000014 ], [ -85.6520295, 32.586195099999983 ], [ -85.6499375, 32.5849481 ], [ -85.6418365, 32.590902100000044 ], [ -85.6439525, 32.588588099999967 ], [ -85.6476385, 32.582558099999986 ], [ -85.6440485, 32.582592099999971 ], [ -85.6440055, 32.5884501 ], [ -85.6419895, 32.5891861 ], [ -85.6391505, 32.586363100000035 ], [ -85.635653499999989, 32.58636310000005 ], [ -85.635760499999989, 32.5785441 ], [ -85.6394195, 32.5752911 ], [ -85.6467855, 32.574305099999954 ], [ -85.6484115, 32.5700791 ], [ -85.6482915, 32.562619100000035 ], [ -85.63482769881827, 32.557006528181269 ], [ -85.661053, 32.567935 ], [ -85.6612575, 32.582340099999968 ], [ -85.6784235, 32.5821891 ] ] ] ] } },
{ "type": "Feature", "properties": { "state_po": "AL", "congressional_district": "AL-03", "pwsid": "AL0000149", "pws_name": "HOBSON CITY WATER SYSTEM", "population_served_count": 633, "model_method": "Random Forest", "verification_status": "", "symbology_field": "Modeled", "intersection_area_sq_km": 16.179213762470006 }, "geometry": { "type": "MultiPolygon", "coordinates": [ [ [ [ -85.8697496, 33.6022333 ], [ -85.8691296, 33.599776299999974 ], [ -85.8734646, 33.601931300000018 ], [ -85.8697496, 33.6022333 ] ] ], [ [ [ -85.8734646, 33.601931300000018 ], [ -85.8783606, 33.596872299999987 ], [ -85.8787986, 33.602246299999969 ], [ -85.8804656, 33.6020923 ], [ -85.8801536, 33.599772299999977 ], [ -85.8814876, 33.599807299999945 ], [ -85.8817736, 33.602198299999969 ], [ -85.8746276, 33.606852299999986 ], [ -85.8756546, 33.604552300000016 ], [ -85.8734646, 33.601931300000018 ] ] ], [ [ [ -85.8741836, 33.60744330000005 ], [ -85.877991600000016, 33.607805299999974 ], [ -85.8779066, 33.615081300000014 ], [ -85.8821776, 33.6150503 ], [ -85.8819226, 33.603845300000032 ], [ -85.8860166, 33.603933299999966 ], [ -85.8869276, 33.600429299999959 ], [ -85.9124066, 33.600477300000016 ], [ -85.9124526, 33.6022233 ], [ -85.9084156, 33.6044383 ], [ -85.8994996, 33.603959300000035 ], [ -85.8996376, 33.6083643 ], [ -85.8956636, 33.607348299999984 ], [ -85.883405599999989, 33.6303924 ], [ -85.8844676, 33.634904400000011 ], [ -85.882617599999989, 33.6348884 ], [ -85.8826166, 33.62950739999998 ], [ -85.8739816, 33.629477399999985 ], [ -85.8739916, 33.636762399999988 ], [ -85.8681736, 33.6367284 ], [ -85.8681226, 33.6387494 ], [ -85.8653646, 33.638732399999959 ], [ -85.8653786, 33.636978400000046 ], [ -85.8607686, 33.636934399999973 ], [ -85.8607526, 33.640477400000023 ], [ -85.8564416, 33.640468400000024 ], [ -85.8555666, 33.648447400000038 ], [ -85.8442036, 33.632995400000027 ], [ -85.8394216, 33.631038400000044 ], [ -85.8392206, 33.6294854 ], [ -85.8369876, 33.6298634 ], [ -85.8370396, 33.628378399999981 ], [ -85.8323756, 33.6282674 ], [ -85.8326366, 33.624575399999955 ], [ -85.8386886, 33.625856399999989 ], [ -85.8386866, 33.622798399999986 ], [ -85.8474296, 33.622850399999962 ], [ -85.8474496, 33.625203400000032 ], [ -85.8503826, 33.6225394 ], [ -85.8560186, 33.623115399999982 ], [ -85.8603436, 33.620215399999957 ], [ -85.8647496, 33.624516399999955 ], [ -85.8649886, 33.615184400000018 ], [ -85.8693816, 33.615150400000026 ], [ -85.8693806, 33.6104413 ], [ -85.8629976, 33.612901400000027 ], [ -85.8567526, 33.618702399999989 ], [ -85.8558276, 33.617292399999975 ], [ -85.8532036, 33.617618399999984 ], [ -85.851176600000016, 33.620316400000029 ], [ -85.8484356, 33.620326400000032 ], [ -85.8472446, 33.618112400000022 ], [ -85.8444906, 33.618516399999955 ], [ -85.8443686, 33.614736400000012 ], [ -85.8481416, 33.611825399999987 ], [ -85.8519946, 33.6117864 ], [ -85.8519686, 33.615478400000022 ], [ -85.8577246, 33.615448400000012 ], [ -85.8608436, 33.611790299999974 ], [ -85.8645106, 33.6117653 ], [ -85.8741836, 33.60744330000005 ] ], [ [ -85.8749916, 33.6196944 ], [ -85.8738746, 33.6151164 ], [ -85.8727136, 33.616181399999988 ], [ -85.8730676, 33.6203554 ], [ -85.8749916, 33.6196944 ] ], [ [ -85.8705286, 33.622164399999988 ], [ -85.8705606, 33.624040399999984 ], [ -85.8738896, 33.624034400000021 ], [ -85.8738746, 33.6221864 ], [ -85.8705286, 33.622164399999988 ] ], [ [ -85.8434126, 33.6274154 ], [ -85.8420946, 33.626531399999969 ], [ -85.8409396, 33.627626399999961 ], [ -85.8425996, 33.62873440000002 ], [ -85.8434126, 33.6274154 ] ] ], [ [ [ -85.9832237, 33.6555474 ], [ -85.9790037, 33.6562274 ], [ -85.9781027, 33.6599444 ], [ -85.9733397, 33.6624704 ], [ -85.9645297, 33.661567400000038 ], [ -85.9634936, 33.649981400000016 ], [ -85.9676047, 33.640349400000062 ], [ -85.9677206, 33.6352134 ], [ -85.9758807, 33.6385064 ], [ -85.9729887, 33.6455964 ], [ -85.9802797, 33.645591399999972 ], [ -85.9773627, 33.648561400000048 ], [ -85.9800247, 33.648548400000024 ], [ -85.9799907, 33.652084400000014 ], [ -85.9846517, 33.6515084 ], [ -85.9832237, 33.6555474 ] ] ] ] } },
{ "type": "Feature", "properties": { "state_po": "AL", "congressional_district": "AL-03", "pwsid": "AL0000245", "pws_name": "HOLLINS WATER AUTHORITY", "population_served_count": 1269, "model_method": "Decision Tree", "verification_status": "", "symbology_field": "Modeled", "intersection_area_sq_km": 4.839829063959141 }, "geometry": { "type": "Polygon", "coordinates": [ [ [ -86.114221208311221, 33.10469319847163 ], [ -86.149264314362753, 33.104498817211578 ], [ -86.1483367, 33.1114752 ], [ -86.1540167, 33.11302620000005 ], [ -86.1517277, 33.116783199999972 ], [ -86.1474357, 33.117517199999973 ], [ -86.1470707, 33.115770200000014 ], [ -86.1448607, 33.118031200000026 ], [ -86.1387367, 33.118609200000016 ], [ -86.1302727, 33.118805200000033 ], [ -86.1237507, 33.116334199999926 ], [ -86.1129477, 33.115477199999965 ], [ -86.114221208311221, 33.10469319847163 ] ] ] } },
{ "type": "Feature", "properties": { "state_po": "AL", "congressional_district": "AL-03", "pwsid": "AL0000264", "pws_name": "ASHLAND WATER & SEWER BOARD", "population_served_count": 2925, "model_method": "Random Forest", "verification_status": "", "symbology_field": "Modeled", "intersection_area_sq_km": 9.8752733405218596 }, "geometry": { "type": "MultiPolygon", "coordinates": [ [ [ [ -85.8207956, 33.247618299999935 ], [ -85.8208426, 33.254452299999961 ], [ -85.8247196, 33.2544533 ], [ -85.8247176, 33.2564193 ], [ -85.8308136, 33.256279299999981 ], [ -85.8307836, 33.255210300000023 ], [ -85.8363986, 33.257703299999967 ], [ -85.8464526, 33.252043299999961 ], [ -85.8441946, 33.260219300000024 ], [ -85.845071600000011, 33.262093299999982 ], [ -85.8495796, 33.2620793 ], [ -85.8494626, 33.265458300000027 ], [ -85.8537386, 33.264316300000047 ], [ -85.8545496, 33.2740543 ], [ -85.8598276, 33.273773299999974 ], [ -85.8587716, 33.2799703 ], [ -85.8576626, 33.2769913 ], [ -85.8539766, 33.276990299999987 ], [ -85.8546076, 33.2753293 ], [ -85.8534176, 33.275317300000026 ], [ -85.8534026, 33.278810300000018 ], [ -85.8425636, 33.27788630000002 ], [ -85.8437986, 33.284743300000017 ], [ -85.8462866, 33.28789130000002 ], [ -85.8423806, 33.287904299999987 ], [ -85.8423936, 33.289429299999981 ], [ -85.8296356, 33.2895213 ], [ -85.8344916, 33.287619300000024 ], [ -85.8351646, 33.279977300000034 ], [ -85.8189006, 33.2809723 ], [ -85.8180586, 33.279776299999973 ], [ -85.8236756, 33.27656929999997 ], [ -85.823798599999989, 33.272642299999987 ], [ -85.8292866, 33.271831300000024 ], [ -85.8293506, 33.269734299999975 ], [ -85.8154206, 33.264200300000013 ], [ -85.8119996, 33.258125299999968 ], [ -85.8165496, 33.258145299999988 ], [ -85.8165476, 33.254500299999989 ], [ -85.811826599999989, 33.2545223 ], [ -85.8118256, 33.251305300000027 ], [ -85.8158636, 33.2512133 ], [ -85.8073096, 33.2444003 ], [ -85.8076906, 33.2434213 ], [ -85.8118726, 33.243422300000049 ], [ -85.8118696, 33.247617299999952 ], [ -85.8207956, 33.247618299999935 ] ] ], [ [ [ -85.7927426, 33.276465300000012 ], [ -85.7983646, 33.280022299999978 ], [ -85.8062636, 33.280888300000015 ], [ -85.7981416, 33.281664300000024 ], [ -85.7899376, 33.284336300000014 ], [ -85.7927426, 33.276465300000012 ] ] ] ] } },
{ "type": "Feature", "properties": { "state_po": "AL", "congressional_district": "AL-03", "pwsid": "AL0001219", "pws_name": "WOLF CREEK WATER AUTHORITY", "population_served_count": 1044, "model_method": "Random Forest", "verification_status": "", "symbology_field": "Modeled", "intersection_area_sq_km": 1.8213350163336379 }, "geometry": { "type": "Polygon", "coordinates": [ [ [ -86.3874568, 33.5853873 ], [ -86.3833018, 33.5866153 ], [ -86.3794578, 33.589316299999972 ], [ -86.3787178, 33.59228729999996 ], [ -86.3747868, 33.5935113 ], [ -86.3580758, 33.594105299999967 ], [ -86.3622298, 33.5908233 ], [ -86.3625828, 33.5884283 ], [ -86.3565288, 33.5868193 ], [ -86.3557748, 33.584900300000015 ], [ -86.3611948, 33.583650300000038 ], [ -86.3733988, 33.58676530000001 ], [ -86.3837158, 33.5842183 ], [ -86.3874568, 33.5853873 ] ] ] } },
{ "type": "Feature", "properties": { "state_po": "AL", "congressional_district": "AL-03", "pwsid": "AL0001229", "pws_name": "WATER WORKS, INC.", "population_served_count": 594, "model_method": "Random Forest", "verification_status": "", "symbology_field": "Modeled", "intersection_area_sq_km": 25.326103871392487 }, "geometry": { "type": "Polygon", "coordinates": [ [ [ -86.2895177, 33.44845330000004 ], [ -86.2919647, 33.453009300000026 ], [ -86.2978647, 33.4543443 ], [ -86.2995657, 33.46188930000001 ], [ -86.3030737, 33.463166300000019 ], [ -86.3032717, 33.467199300000011 ], [ -86.296981699999989, 33.480789299999984 ], [ -86.2868427, 33.4879823 ], [ -86.2878087, 33.499072300000016 ], [ -86.2863487, 33.504495299999988 ], [ -86.2820037, 33.509901299999974 ], [ -86.2738567, 33.513720299999967 ], [ -86.2689237, 33.512807300000034 ], [ -86.2642147, 33.507579300000032 ], [ -86.2658177, 33.49883530000001 ], [ -86.2647997, 33.4943543 ], [ -86.2601117, 33.490134300000015 ], [ -86.2532637, 33.488850299999989 ], [ -86.2353327, 33.494538299999967 ], [ -86.232321700000014, 33.49676429999996 ], [ -86.2303787, 33.499679300000011 ], [ -86.2307437, 33.5099483 ], [ -86.2265837, 33.520556300000038 ], [ -86.2244927, 33.521119300000024 ], [ -86.2286967, 33.5087503 ], [ -86.2270087, 33.5069043 ], [ -86.2246607, 33.5095053 ], [ -86.2235097, 33.5047993 ], [ -86.2182467, 33.503876300000016 ], [ -86.2224907, 33.502370299999967 ], [ -86.225774700000017, 33.505660300000017 ], [ -86.228550700000014, 33.49424829999996 ], [ -86.2300087, 33.4967113 ], [ -86.2341537, 33.4935533 ], [ -86.2383727, 33.492463300000026 ], [ -86.2369937, 33.4906883 ], [ -86.2396517, 33.4912533 ], [ -86.2502247, 33.487432299999973 ], [ -86.2487887, 33.4856303 ], [ -86.2457507, 33.4852143 ], [ -86.2469627, 33.48334830000001 ], [ -86.2484597, 33.484124299999962 ], [ -86.2473227, 33.482062299999988 ], [ -86.2478737, 33.481083299999945 ], [ -86.2484977, 33.482957300000024 ], [ -86.2503927, 33.4827593 ], [ -86.2502207, 33.484550299999974 ], [ -86.2530277, 33.485740300000025 ], [ -86.2536657, 33.483227299999982 ], [ -86.2574507, 33.484916299999973 ], [ -86.2574867, 33.480239299999987 ], [ -86.2601507, 33.479866300000012 ], [ -86.2579657, 33.478043299999982 ], [ -86.2602867, 33.473996300000024 ], [ -86.2588777, 33.4685163 ], [ -86.2523727, 33.4762923 ], [ -86.2404327, 33.475319300000024 ], [ -86.2308157, 33.477176299999982 ], [ -86.2312137, 33.471174300000023 ], [ -86.2365297, 33.459378299999976 ], [ -86.2360107, 33.4518193 ], [ -86.2430727, 33.449737299999974 ], [ -86.246802699999989, 33.4526043 ], [ -86.2600137, 33.45781130000001 ], [ -86.2789957, 33.456085300000012 ], [ -86.2881507, 33.448006300000017 ], [ -86.2827067, 33.4462083 ], [ -86.2818787, 33.44914930000003 ], [ -86.279234699999989, 33.451019299999984 ], [ -86.2765857, 33.449533299999985 ], [ -86.2720667, 33.4497633 ], [ -86.2674187, 33.446336300000027 ], [ -86.2639987, 33.450798300000024 ], [ -86.2629447, 33.447368299999944 ], [ -86.2656007, 33.447583300000041 ], [ -86.2647437, 33.4449773 ], [ -86.2578097, 33.446689299999989 ], [ -86.2598877, 33.44817530000001 ], [ -86.253742699999989, 33.448220300000017 ], [ -86.2519207, 33.44647830000001 ], [ -86.2532637, 33.4419693 ], [ -86.2545327, 33.4458063 ], [ -86.2648797, 33.444142299999982 ], [ -86.2734067, 33.4492303 ], [ -86.2801967, 33.449763300000015 ], [ -86.281553699999989, 33.446312300000017 ], [ -86.2837007, 33.444964299999945 ], [ -86.2895177, 33.44845330000004 ] ], [ [ -86.2919427, 33.457170300000016 ], [ -86.2927897, 33.4557323 ], [ -86.2908637, 33.456668300000032 ], [ -86.2919427, 33.457170300000016 ] ], [ [ -86.2461867, 33.460340299999984 ], [ -86.2417167, 33.4605133 ], [ -86.2442277, 33.463746300000018 ], [ -86.2477177, 33.464249299999985 ], [ -86.2461867, 33.460340299999984 ] ], [ [ -86.295880700000012, 33.467421300000019 ], [ -86.2844747, 33.468558299999977 ], [ -86.2844377, 33.4734343 ], [ -86.288686700000014, 33.4733833 ], [ -86.2892707, 33.4697823 ], [ -86.2958347, 33.469661299999984 ], [ -86.295880700000012, 33.467421300000019 ] ], [ [ -86.2737367, 33.4715413 ], [ -86.2738637, 33.4690343 ], [ -86.2713717, 33.469045299999983 ], [ -86.2713537, 33.4715423 ], [ -86.2737367, 33.4715413 ] ], [ [ -86.2738627, 33.4727993 ], [ -86.2714167, 33.472769300000031 ], [ -86.2713857, 33.4735423 ], [ -86.2738747, 33.474148300000039 ], [ -86.2738627, 33.4727993 ] ], [ [ -86.2946337, 33.4747783 ], [ -86.2921327, 33.47465530000003 ], [ -86.2907697, 33.47675930000004 ], [ -86.2945737, 33.4759013 ], [ -86.2946337, 33.4747783 ] ], [ [ -86.2888807, 33.483770299999968 ], [ -86.2922887, 33.480787299999982 ], [ -86.2888277, 33.48086930000003 ], [ -86.2888807, 33.483770299999968 ] ], [ [ -86.2708837, 33.495052300000019 ], [ -86.2695127, 33.500974300000024 ], [ -86.2719667, 33.5020443 ], [ -86.2724527, 33.5105883 ], [ -86.2770147, 33.508750300000024 ], [ -86.2756717, 33.504086300000026 ], [ -86.2794007, 33.498044299999989 ], [ -86.2813517, 33.498064299999974 ], [ -86.2816047, 33.500296300000031 ], [ -86.2844007, 33.4989613 ], [ -86.283084699999989, 33.496739299999987 ], [ -86.2708837, 33.495052300000019 ] ] ] } },
{ "type": "Feature", "properties": { "state_po": "AL", "congressional_district": "AL-03", "pwsid": "AL0001378", "pws_name": "SYCAMORE WATER AND SEWER AUTHORITY", "population_served_count": 1728, "model_method": "Random Forest", "verification_status": "", "symbology_field": "Modeled", "intersection_area_sq_km": 3.1684316343783148 }, "geometry": { "type": "MultiPolygon", "coordinates": [ [ [ [ -86.2057097, 33.250408299999968 ], [ -86.2051147, 33.252282300000033 ], [ -86.2045427, 33.2514653 ], [ -86.2042037, 33.251270300000051 ], [ -86.2057097, 33.250408299999968 ] ] ], [ [ [ -86.1987527, 33.246875299999978 ], [ -86.2022607, 33.247209300000023 ], [ -86.2023667, 33.249502299999961 ], [ -86.205029700000011, 33.2524103 ], [ -86.2136757, 33.252560299999971 ], [ -86.2125807, 33.265523300000048 ], [ -86.2112347, 33.2633453 ], [ -86.2062807, 33.257006300000015 ], [ -86.2041427, 33.259826300000043 ], [ -86.201821700000011, 33.2598283 ], [ -86.199578699999989, 33.263734299999953 ], [ -86.191242699999989, 33.2637223 ], [ -86.1952847, 33.260624299999975 ], [ -86.1968977, 33.254875300000023 ], [ -86.2045027, 33.254731299999982 ], [ -86.1987527, 33.246875299999978 ] ] ], [ [ [ -86.2123067, 33.266357299999989 ], [ -86.2123037, 33.269467300000017 ], [ -86.215445699999989, 33.269509300000045 ], [ -86.2124197, 33.269551299999975 ], [ -86.2114317, 33.272188299999982 ], [ -86.2152637, 33.272328299999955 ], [ -86.2159937, 33.274575299999974 ], [ -86.2105927, 33.2772823 ], [ -86.2186867, 33.2766873 ], [ -86.2185397, 33.2835843 ], [ -86.2057887, 33.283899299999966 ], [ -86.2076947, 33.279807299999959 ], [ -86.2032717, 33.279559300000024 ], [ -86.2113657, 33.265585300000026 ], [ -86.2102217, 33.262725300000035 ], [ -86.2123067, 33.266357299999989 ] ] ] ] } },
{ "type": "Feature", "properties": { "state_po": "AL", "congressional_district": "AL-03", "pwsid": "AL0001270", "pws_name": "CAMP HILL UTILITIES BOARD", "population_served_count": 1500, "model_method": "Decision Tree", "verification_status": "", "symbology_field": "Modeled", "intersection_area_sq_km": 4.9706330933481979 }, "geometry": { "type": "MultiPolygon", "coordinates": [ [ [ [ -85.6502375, 32.806181199999955 ], [ -85.6450345, 32.8082472 ], [ -85.6449795, 32.800527200000012 ], [ -85.6397955, 32.800554199999965 ], [ -85.6378655, 32.7941432 ], [ -85.6406925, 32.7907032 ], [ -85.6403175, 32.786491200000036 ], [ -85.6438675, 32.785323199999986 ], [ -85.6477695, 32.7929412 ], [ -85.6501655, 32.790314199999983 ], [ -85.6529275, 32.7908282 ], [ -85.6534475, 32.794401200000031 ], [ -85.6580255, 32.7935972 ], [ -85.653659499999989, 32.7908112 ], [ -85.655631500000013, 32.7900262 ], [ -85.6564855, 32.787399199999989 ], [ -85.6613865, 32.786884199999989 ], [ -85.6659155, 32.788811200000033 ], [ -85.6609425, 32.795442200000032 ], [ -85.6678785, 32.798367200000037 ], [ -85.6585435, 32.801884199999975 ], [ -85.6583485, 32.800336200000025 ], [ -85.6470875, 32.799298200000024 ], [ -85.6502375, 32.806181199999955 ] ], [ [ -85.6448025, 32.792620199999952 ], [ -85.6448215, 32.794587199999988 ], [ -85.6470805, 32.7958572 ], [ -85.6481035, 32.793397199999959 ], [ -85.6448025, 32.792620199999952 ] ] ], [ [ [ -85.6505985, 32.805893199999957 ], [ -85.6536075, 32.806363200000028 ], [ -85.6538075, 32.809193199999974 ], [ -85.6557945, 32.8084592 ], [ -85.6579165, 32.811800199999986 ], [ -85.6718235, 32.81761119999998 ], [ -85.6778425, 32.8220212 ], [ -85.654188499999989, 32.822044200000022 ], [ -85.6538025, 32.8103662 ], [ -85.6512985, 32.809168199999988 ], [ -85.6505985, 32.805893199999957 ] ] ] ] } },
{ "type": "Feature", "properties": { "state_po": "AL", "congressional_district": "AL-03", "pwsid": "AL0001171", "pws_name": "WILSONVILLE WATER WORKS", "population_served_count": 2415, "model_method": "Random Forest", "verification_status": "", "symbology_field": "Modeled", "intersection_area_sq_km": 0.004654815466022008 }, "geometry": { "type": "MultiPolygon", "coordinates": [ [ [ [ -86.461041137933321, 33.207569655514114 ], [ -86.4608058, 33.2046482 ], [ -86.460978633436042, 33.202976550560379 ], [ -86.461041137933321, 33.207569655514114 ] ] ], [ [ [ -86.462048444446793, 33.211323115321846 ], [ -86.4620298, 33.2113252 ], [ -86.462025732662312, 33.211279019079925 ], [ -86.462048444446793, 33.211323115321846 ] ] ], [ [ [ -86.464694928706109, 33.21646102930476 ], [ -86.46477335355209, 33.216613272432525 ], [ -86.4646948, 33.2164682 ], [ -86.464694928706109, 33.21646102930476 ] ] ] ] } },
{ "type": "Feature", "properties": { "state_po": "AL", "congressional_district": "AL-03", "pwsid": "AL0000266", "pws_name": "CLAY COUNTY WATER AUTHORITY", "population_served_count": 2751, "model_method": "Random Forest", "verification_status": "", "symbology_field": "Modeled", "intersection_area_sq_km": 1.1083085073025929 }, "geometry": { "type": "Polygon", "coordinates": [ [ [ -85.7574606, 33.297510300000013 ], [ -85.7553776, 33.308614299999974 ], [ -85.7544396, 33.309477300000026 ], [ -85.7542746, 33.3061843 ], [ -85.7511746, 33.304373299999966 ], [ -85.7484676, 33.3117243 ], [ -85.7481736, 33.301962300000014 ], [ -85.7453366, 33.298238299999987 ], [ -85.7503806, 33.296532299999988 ], [ -85.7504666, 33.292533300000038 ], [ -85.7561016, 33.294830300000037 ], [ -85.7574606, 33.297510300000013 ] ] ] } },
{ "type": "Feature", "properties": { "state_po": "AL", "congressional_district": "AL-03", "pwsid": "AL0000270", "pws_name": "MILLERVILLE WATER & FIRE PRO AUTHORITY", "population_served_count": 1545, "model_method": "Decision Tree", "verification_status": "", "symbology_field": "Modeled", "intersection_area_sq_km": 1.9342224965978965 }, "geometry": { "type": "MultiPolygon", "coordinates": [ [ [ [ -85.9426316, 33.190709299999973 ], [ -85.9388806, 33.193446299999955 ], [ -85.9383606, 33.1971133 ], [ -85.9264126, 33.191536300000045 ], [ -85.930550599999989, 33.189797300000023 ], [ -85.9313466, 33.1920593 ], [ -85.9364056, 33.189636299999975 ], [ -85.9399036, 33.189935300000016 ], [ -85.9399636, 33.18819230000004 ], [ -85.9425246, 33.188680300000016 ], [ -85.9426316, 33.190709299999973 ] ] ], [ [ [ -85.9224746, 33.196016300000053 ], [ -85.9175926, 33.196281299999981 ], [ -85.9156936, 33.200190300000024 ], [ -85.9112376, 33.20197730000001 ], [ -85.8943026, 33.204012300000052 ], [ -85.9029846, 33.197387299999924 ], [ -85.9124466, 33.1942943 ], [ -85.9214716, 33.192555300000016 ], [ -85.9224746, 33.196016300000053 ] ] ] ] } },
{ "type": "Feature", "properties": { "state_po": "AL", "congressional_district": "AL-03", "pwsid": "AL0001130", "pws_name": "WADLEY UTILITIES BOARD", "population_served_count": 1149, "model_method": "Decision Tree", "verification_status": "", "symbology_field": "Modeled", "intersection_area_sq_km": 4.1427960226119929 }, "geometry": { "type": "Polygon", "coordinates": [ [ [ -85.5749485, 33.1081103 ], [ -85.5714735, 33.1150973 ], [ -85.5692945, 33.114025300000023 ], [ -85.5693465, 33.116197299999975 ], [ -85.5710045, 33.116275300000027 ], [ -85.5696285, 33.1192503 ], [ -85.5746555, 33.120399299999988 ], [ -85.5746725, 33.124795299999953 ], [ -85.5776675, 33.125383300000045 ], [ -85.5776645, 33.122920300000018 ], [ -85.5806395, 33.1250443 ], [ -85.5849495, 33.122723299999969 ], [ -85.5870035, 33.125854300000022 ], [ -85.5834395, 33.124066299999988 ], [ -85.5811475, 33.1250093 ], [ -85.5803905, 33.1284373 ], [ -85.5833715, 33.1309213 ], [ -85.5740385, 33.1321493 ], [ -85.5740645, 33.13446830000003 ], [ -85.5618375, 33.134428299999989 ], [ -85.5588545, 33.12645429999997 ], [ -85.5590935, 33.119445300000024 ], [ -85.562139500000015, 33.112851300000017 ], [ -85.5609975, 33.107814300000015 ], [ -85.5749485, 33.1081103 ] ] ] } },
{ "type": "Feature", "properties": { "state_po": "AL", "congressional_district": "AL-03", "pwsid": "AL0001168", "pws_name": "VINCENT WATER WORKS BOARD", "population_served_count": 2733, "model_method": "Random Forest", "verification_status": "", "symbology_field": "Modeled", "intersection_area_sq_km": 0.0011632119973431362 }, "geometry": { "type": "Polygon", "coordinates": [ [ [ -86.378203941474226, 33.417950780032214 ], [ -86.378250799999989, 33.412894300000055 ], [ -86.378267689681351, 33.412890518738031 ], [ -86.378203941474226, 33.417950780032214 ] ] ] } },
{ "type": "Feature", "properties": { "state_po": "AL", "congressional_district": "AL-03", "pwsid": "AL0001250", "pws_name": "WALDO, TOWN OF", "population_served_count": 450, "model_method": "Random Forest", "verification_status": "", "symbology_field": "Modeled", "intersection_area_sq_km": 1.2132946211634592 }, "geometry": { "type": "MultiPolygon", "coordinates": [ [ [ [ -86.037131699999989, 33.382221299999976 ], [ -86.0329087, 33.3766263 ], [ -86.0309037, 33.377812299999988 ], [ -86.0258557, 33.373460299999977 ], [ -86.0242737, 33.367911299999989 ], [ -86.029090700000012, 33.367958300000012 ], [ -86.0290787, 33.3717393 ], [ -86.0330167, 33.371735299999955 ], [ -86.0330147, 33.375845299999988 ], [ -86.0372767, 33.375847300000011 ], [ -86.037131699999989, 33.382221299999976 ] ] ], [ [ [ -86.0222667, 33.404265299999977 ], [ -86.0143257, 33.411136299999981 ], [ -86.0115587, 33.412283300000027 ], [ -86.0100686, 33.410567299999983 ], [ -86.0109866, 33.404517299999981 ], [ -86.0222667, 33.404265299999977 ] ] ] ] } },
{ "type": "Feature", "properties": { "state_po": "AL", "congressional_district": "AL-03", "pwsid": "AL0001274", "pws_name": "DAVISTON WATER SYSTEM, TOWN OF", "population_served_count": 693, "model_method": "Decision Tree", "verification_status": "", "symbology_field": "Modeled", "intersection_area_sq_km": 2.218215149161566 }, "geometry": { "type": "Polygon", "coordinates": [ [ [ -85.6274455, 33.0550742 ], [ -85.6399205, 33.053074199999976 ], [ -85.6372525, 33.0604602 ], [ -85.6352425, 33.062910199999969 ], [ -85.6308295, 33.063704200000025 ], [ -85.6262585, 33.072578199999981 ], [ -85.6237735, 33.064552199999987 ], [ -85.6169565, 33.057434199999975 ], [ -85.6145715, 33.057401199999987 ], [ -85.6151375, 33.054409200000016 ], [ -85.6173555, 33.0549892 ], [ -85.6241965, 33.052678200000045 ], [ -85.6274455, 33.0550742 ] ] ] } },
{ "type": "Feature", "properties": { "state_po": "AL", "congressional_district": "AL-03", "pwsid": "AL0001283", "pws_name": "NEW SITE WATER SYSTEM", "population_served_count": 2310, "model_method": "Random Forest", "verification_status": "", "symbology_field": "Modeled", "intersection_area_sq_km": 3.0046610005109295 }, "geometry": { "type": "MultiPolygon", "coordinates": [ [ [ [ -85.7956746, 33.0208942 ], [ -85.7943606, 33.0240852 ], [ -85.7943276, 33.020886199999964 ], [ -85.7956746, 33.0208942 ] ] ], [ [ [ -85.8064616, 33.024775199999986 ], [ -85.8179466, 33.033991199999981 ], [ -85.8231556, 33.0354322 ], [ -85.8174146, 33.0389252 ], [ -85.8116336, 33.03999620000004 ], [ -85.8097276, 33.0331842 ], [ -85.8050846, 33.0297952 ], [ -85.8064616, 33.024775199999986 ] ] ], [ [ [ -85.7931166, 33.0245122 ], [ -85.7863476, 33.030357200000026 ], [ -85.7748426, 33.036671200000022 ], [ -85.7793356, 33.043974200000044 ], [ -85.7746866, 33.045077200000023 ], [ -85.7708856, 33.0413562 ], [ -85.7744516, 33.037349199999987 ], [ -85.7721426, 33.0351482 ], [ -85.7761016, 33.034235199999983 ], [ -85.7833076, 33.021332199999989 ], [ -85.7828816, 33.019028199999958 ], [ -85.7883726, 33.015506199999969 ], [ -85.7931166, 33.0245122 ] ] ] ] } },
{ "type": "Feature", "properties": { "state_po": "AL", "congressional_district": "AL-03", "pwsid": "AL0001775", "pws_name": "CHANDLER MTN/GREASY COVE WATER AUTHORITY", "population_served_count": 960, "model_method": "Random Forest", "verification_status": "", "symbology_field": "Modeled", "intersection_area_sq_km": 1.4693145042129863 }, "geometry": { "type": "MultiPolygon", "coordinates": [ [ [ [ -86.340541050461653, 33.919266316928258 ], [ -86.3462898, 33.9154024 ], [ -86.347276721917837, 33.912798844245629 ], [ -86.346233, 33.915573 ], [ -86.344875, 33.917127 ], [ -86.342177, 33.919167 ], [ -86.340541050461653, 33.919266316928258 ] ] ], [ [ [ -86.339874997980317, 33.919306745633655 ], [ -86.339423585037338, 33.919334143733273 ], [ -86.3396008, 33.9192774 ], [ -86.339874997980317, 33.919306745633655 ] ] ], [ [ [ -86.339564093682981, 33.919846468783625 ], [ -86.3393688, 33.9195204 ], [ -86.339396162627722, 33.919345435964971 ], [ -86.339564093682981, 33.919846468783625 ] ] ], [ [ [ -86.335113776165088, 33.920094703638959 ], [ -86.3353408, 33.9198984 ], [ -86.335425555788362, 33.919854327017163 ], [ -86.335113776165088, 33.920094703638959 ] ] ], [ [ [ -86.336994074936385, 33.920216625774401 ], [ -86.337709800000013, 33.920370399999982 ], [ -86.337805934245196, 33.920422947171275 ], [ -86.336994074936385, 33.920216625774401 ] ] ], [ [ [ -86.333108697718274, 33.922710847618994 ], [ -86.3331828, 33.9220574 ], [ -86.333721361737616, 33.921186469788971 ], [ -86.333108697718274, 33.922710847618994 ] ] ], [ [ [ -86.32948439384684, 33.926480482471064 ], [ -86.3310428, 33.9252734 ], [ -86.332431386343643, 33.92470151772838 ], [ -86.32948439384684, 33.926480482471064 ] ] ], [ [ [ -86.32944331570377, 33.926530129237236 ], [ -86.328196533662066, 33.928940906347506 ], [ -86.3286808, 33.927462399999989 ], [ -86.32944331570377, 33.926530129237236 ] ] ], [ [ [ -86.2547207, 33.90485340000005 ], [ -86.2433207, 33.90532840000003 ], [ -86.2507477, 33.899880399999972 ], [ -86.2499887, 33.8968494 ], [ -86.2535557, 33.895211399999958 ], [ -86.2549907, 33.89496039999996 ], [ -86.2550827, 33.8967144 ], [ -86.2609717, 33.893059399999977 ], [ -86.2681487, 33.896098400000028 ], [ -86.2547207, 33.90485340000005 ] ] ], [ [ [ -86.326826920049044, 33.929369104551107 ], [ -86.325560582892891, 33.929072444560504 ], [ -86.3260618, 33.929123399999952 ], [ -86.326826920049044, 33.929369104551107 ] ] ], [ [ [ -86.324244905870628, 33.929521408711238 ], [ -86.324722799999989, 33.9292544 ], [ -86.32548065242068, 33.929074775862098 ], [ -86.324244905870628, 33.929521408711238 ] ] ], [ [ [ -86.3223208, 33.933490399999975 ], [ -86.322296451573948, 33.932193379291782 ], [ -86.322781778909359, 33.934248064015669 ], [ -86.3223208, 33.933490399999975 ] ] ], [ [ [ -86.323245165633708, 33.934339376232977 ], [ -86.3229318, 33.9343204 ], [ -86.322782484209682, 33.93424909448354 ], [ -86.323245165633708, 33.934339376232977 ] ] ], [ [ [ -86.3243448, 33.934559399999969 ], [ -86.324300808861096, 33.934545353236238 ], [ -86.324353795362256, 33.934564375583385 ], [ -86.3243448, 33.934559399999969 ] ] ], [ [ [ -86.325170194373285, 33.935237564793638 ], [ -86.326936694056542, 33.936694129947483 ], [ -86.3261758, 33.936325400000058 ], [ -86.325170194373285, 33.935237564793638 ] ] ], [ [ [ -86.3261208, 33.9392014 ], [ -86.327604245887287, 33.937244537107475 ], [ -86.326115090601135, 33.939435603467778 ], [ -86.3261208, 33.9392014 ] ] ] ] } },
{ "type": "Feature", "properties": { "state_po": "AL", "congressional_district": "AL-03", "pwsid": "AL0001505", "pws_name": "BIG WILLS WATER & FIRE PRO AUTHORITY", "population_served_count": 2301, "model_method": "Random Forest", "verification_status": "", "symbology_field": "Modeled", "intersection_area_sq_km": 13.846696895572469 }, "geometry": { "type": "MultiPolygon", "coordinates": [ [ [ [ -86.0898507, 34.086779399999983 ], [ -86.0907737, 34.083099400000037 ], [ -86.0940977, 34.081629400000011 ], [ -86.0987187, 34.076305400000024 ], [ -86.1067277, 34.081657399999962 ], [ -86.1006627, 34.087040400000021 ], [ -86.0977017, 34.0851744 ], [ -86.0935987, 34.087294399999969 ], [ -86.0898507, 34.086779399999983 ] ] ], [ [ [ -86.0899467, 34.0878854 ], [ -86.09138870000001, 34.0902834 ], [ -86.0903657, 34.0963154 ], [ -86.0850977, 34.1006514 ], [ -86.0850347, 34.0983844 ], [ -86.0712397, 34.098412400000043 ], [ -86.0640717, 34.094931400000029 ], [ -86.0627977, 34.086533400000022 ], [ -86.0755737, 34.086851400000029 ], [ -86.0842797, 34.090503399999982 ], [ -86.0899467, 34.0878854 ] ] ], [ [ [ -86.0826237, 34.110488399999973 ], [ -86.1043697, 34.0883114 ], [ -86.1111387, 34.0844904 ], [ -86.1105467, 34.091985399999984 ], [ -86.1130697, 34.091995400000037 ], [ -86.1133877, 34.0938964 ], [ -86.1226717, 34.0953264 ], [ -86.1237117, 34.097293399999984 ], [ -86.1186927, 34.110356400000022 ], [ -86.1156457, 34.110303399999971 ], [ -86.1156697, 34.116033400000028 ], [ -86.1124267, 34.1106964 ], [ -86.0943857, 34.113598399999979 ], [ -86.0826237, 34.110488399999973 ] ] ], [ [ [ -86.0601447, 34.129479500000024 ], [ -86.0730687, 34.141923499999969 ], [ -86.0764287, 34.14193150000002 ], [ -86.0686137, 34.155811499999977 ], [ -86.0650967, 34.157035499999971 ], [ -86.065257699999989, 34.1609665 ], [ -86.0625247, 34.15972550000005 ], [ -86.0591797, 34.160995499999963 ], [ -86.0518487, 34.159606499999974 ], [ -86.052514699999989, 34.157533499999978 ], [ -86.0586767, 34.153143500000034 ], [ -86.0602097, 34.1389555 ], [ -86.0619137, 34.13703449999997 ], [ -86.0551997, 34.138024499999972 ], [ -86.0521277, 34.136130500000021 ], [ -86.0601447, 34.129479500000024 ] ] ] ] } },
{ "type": "Feature", "properties": { "state_po": "AL", "congressional_district": "AL-03", "pwsid": "AL0001213", "pws_name": "STEELE WATER WORKS BOARD", "population_served_count": 1722, "model_method": "Random Forest", "verification_status": "", "symbology_field": "Modeled", "intersection_area_sq_km": 5.3274056557688718 }, "geometry": { "type": "Polygon", "coordinates": [ [ [ -86.2247747, 33.91871339999998 ], [ -86.2203837, 33.929425399999985 ], [ -86.2161077, 33.932344399999984 ], [ -86.2183267, 33.934178399999979 ], [ -86.2171947, 33.940425399999953 ], [ -86.218588700000012, 33.9421524 ], [ -86.21581470000001, 33.9431584 ], [ -86.2156287, 33.94168040000001 ], [ -86.2103567, 33.940673399999966 ], [ -86.204892700000016, 33.9538174 ], [ -86.2012287, 33.956072400000039 ], [ -86.1979187, 33.9546734 ], [ -86.1944887, 33.9571994 ], [ -86.1945037, 33.961405399999983 ], [ -86.1888777, 33.961605400000039 ], [ -86.1886887, 33.965101400000037 ], [ -86.1819627, 33.965105400000027 ], [ -86.1898857, 33.955077400000022 ], [ -86.1851437, 33.952759400000041 ], [ -86.2023067, 33.938100399999989 ], [ -86.1993627, 33.93584539999997 ], [ -86.1995257, 33.932640399999968 ], [ -86.2057097, 33.932357399999958 ], [ -86.2050747, 33.9357154 ], [ -86.2247747, 33.91871339999998 ] ] ] } },
{ "type": "Feature", "properties": { "state_po": "AL", "congressional_district": "AL-03", "pwsid": "AL0001208", "pws_name": "RAGLAND, THE WWB OF THE TOWN OF", "population_served_count": 3243, "model_method": "Decision Tree", "verification_status": "", "symbology_field": "Modeled", "intersection_area_sq_km": 11.625485352580316 }, "geometry": { "type": "MultiPolygon", "coordinates": [ [ [ [ -86.1472027, 33.715415400000026 ], [ -86.1439017, 33.717169399999968 ], [ -86.1430397, 33.715471399999984 ], [ -86.1414207, 33.715600400000014 ], [ -86.1413797, 33.713263400000024 ], [ -86.1466087, 33.708413400000026 ], [ -86.146157699999989, 33.707205400000014 ], [ -86.1623587, 33.7072734 ], [ -86.1590547, 33.7114334 ], [ -86.1588687, 33.717147400000044 ], [ -86.1553207, 33.7232774 ], [ -86.1563287, 33.7295054 ], [ -86.1588547, 33.7311154 ], [ -86.1565977, 33.7364824 ], [ -86.1576667, 33.738165400000035 ], [ -86.16378370000001, 33.735918400000038 ], [ -86.1722097, 33.729471400000023 ], [ -86.1749907, 33.728291399999975 ], [ -86.1729117, 33.72969639999998 ], [ -86.1790697, 33.733127400000015 ], [ -86.1847227, 33.727481399999981 ], [ -86.1847537, 33.735347399999966 ], [ -86.181371700000014, 33.7341694 ], [ -86.1773347, 33.736488400000013 ], [ -86.1818467, 33.738636400000054 ], [ -86.180200700000015, 33.742045399999981 ], [ -86.1821677, 33.746465400000041 ], [ -86.1835367, 33.746317400000017 ], [ -86.1820957, 33.748043399999979 ], [ -86.183227699999989, 33.7490494 ], [ -86.1846607, 33.74821440000003 ], [ -86.1847057, 33.75535340000004 ], [ -86.1808767, 33.745995400000012 ], [ -86.1732927, 33.742127399999966 ], [ -86.1711447, 33.744027400000014 ], [ -86.1609587, 33.7427284 ], [ -86.1649847, 33.7477624 ], [ -86.1637007, 33.74840539999996 ], [ -86.1633807, 33.746836399999964 ], [ -86.1616287, 33.746828399999984 ], [ -86.1613707, 33.749074400000019 ], [ -86.1579017, 33.750042400000048 ], [ -86.1581277, 33.7474714 ], [ -86.1552297, 33.750636399999983 ], [ -86.1488157, 33.749574399999972 ], [ -86.1453787, 33.754530400000021 ], [ -86.1454897, 33.74994640000002 ], [ -86.149703699999989, 33.7480274 ], [ -86.1435687, 33.745029400000021 ], [ -86.1390477, 33.749434399999963 ], [ -86.125044699999989, 33.751423400000014 ], [ -86.1253697, 33.7495484 ], [ -86.1511857, 33.7410594 ], [ -86.1541057, 33.7421994 ], [ -86.1564277, 33.741847399999983 ], [ -86.1527067, 33.740591400000042 ], [ -86.1551967, 33.739552400000022 ], [ -86.1519937, 33.733562399999983 ], [ -86.1543197, 33.7260424 ], [ -86.1516427, 33.7275744 ], [ -86.1477027, 33.7271754 ], [ -86.1463327, 33.724222400000031 ], [ -86.1477997, 33.72214839999998 ], [ -86.1504987, 33.722115399999986 ], [ -86.1472027, 33.715415400000026 ] ], [ [ -86.1478527, 33.714839400000045 ], [ -86.1544097, 33.7119034 ], [ -86.1543947, 33.711144399999945 ], [ -86.1496267, 33.70878339999998 ], [ -86.1460907, 33.7100424 ], [ -86.1445547, 33.711118400000032 ], [ -86.1478527, 33.714839400000045 ] ] ], [ [ [ -86.1238247, 33.749780399999963 ], [ -86.1160977, 33.7509374 ], [ -86.1138617, 33.745880399999976 ], [ -86.1166657, 33.744638399999957 ], [ -86.1238247, 33.749780399999963 ] ] ], [ [ [ -86.1291697, 33.737874400000024 ], [ -86.1082927, 33.748578400000021 ], [ -86.0933037, 33.7539654 ], [ -86.0782517, 33.76489140000001 ], [ -86.0785497, 33.757306400000012 ], [ -86.0754177, 33.758326399999987 ], [ -86.0787257, 33.7555424 ], [ -86.0793077, 33.7496474 ], [ -86.0853977, 33.749943399999985 ], [ -86.0892157, 33.7467874 ], [ -86.1032107, 33.74075340000001 ], [ -86.1175717, 33.740657399999975 ], [ -86.1291697, 33.737874400000024 ] ] ] ] } },
{ "type": "Feature", "properties": { "state_po": "AL", "congressional_district": "AL-03", "pwsid": "AL0001205", "pws_name": "PINEDALE SHORES WSFPA", "population_served_count": 990, "model_method": "Random Forest", "verification_status": "", "symbology_field": "Modeled", "intersection_area_sq_km": 1.1405946774777393 }, "geometry": { "type": "Polygon", "coordinates": [ [ [ -86.3332748, 33.823635400000036 ], [ -86.3331948, 33.827695399999989 ], [ -86.3257128, 33.831677399999961 ], [ -86.321505800000011, 33.831345400000018 ], [ -86.3169358, 33.833886399999983 ], [ -86.3099248, 33.8317824 ], [ -86.3071538, 33.8328094 ], [ -86.3073028, 33.836621399999977 ], [ -86.3056728, 33.834090399999972 ], [ -86.2996108, 33.836707399999987 ], [ -86.2994738, 33.832357399999985 ], [ -86.3194308, 33.829508400000016 ], [ -86.3332748, 33.823635400000036 ] ] ] } },
{ "type": "Feature", "properties": { "state_po": "AL", "congressional_district": "AL-03", "pwsid": "AL0001202", "pws_name": "NORTHWEST ST CLAIR WATER SYSTEM", "population_served_count": 2886, "model_method": "Random Forest", "verification_status": "", "symbology_field": "Modeled", "intersection_area_sq_km": 5.6620584386272785 }, "geometry": { "type": "MultiPolygon", "coordinates": [ [ [ [ -86.3371998, 33.8282824 ], [ -86.3138958, 33.8482864 ], [ -86.2994708, 33.856041399999967 ], [ -86.2994668, 33.8363544 ], [ -86.304960799999989, 33.83533340000001 ], [ -86.3056728, 33.834090399999972 ], [ -86.3073028, 33.836621399999977 ], [ -86.3071538, 33.8328094 ], [ -86.3097858, 33.8318174 ], [ -86.3142438, 33.8327414 ], [ -86.3149138, 33.830428399999967 ], [ -86.3150688, 33.8326214 ], [ -86.31708780000001, 33.8338724 ], [ -86.3189548, 33.8331224 ], [ -86.3180748, 33.831562399999981 ], [ -86.3196848, 33.832802399999977 ], [ -86.3216448, 33.831317400000032 ], [ -86.3237408, 33.8313434 ], [ -86.3240928, 33.832128399999981 ], [ -86.3282418, 33.8293624 ], [ -86.3360808, 33.827112400000026 ], [ -86.3371998, 33.8282824 ] ], [ [ -86.3240028, 33.8336654 ], [ -86.3221258, 33.834156400000026 ], [ -86.3239818, 33.835037400000012 ], [ -86.3240028, 33.8336654 ] ], [ [ -86.3201538, 33.8378434 ], [ -86.3159938, 33.836986400000036 ], [ -86.3154108, 33.838035399999967 ], [ -86.3201538, 33.8378434 ] ], [ [ -86.3116968, 33.8368714 ], [ -86.3116338, 33.838469399999973 ], [ -86.3134648, 33.838394400000048 ], [ -86.3132948, 33.837838400000024 ], [ -86.3116968, 33.8368714 ] ], [ [ -86.3237698, 33.8320564 ], [ -86.3224518, 33.8317544 ], [ -86.3205348, 33.8340084 ], [ -86.3174718, 33.834520400000031 ], [ -86.3101988, 33.832617399999982 ], [ -86.3096448, 33.833783400000037 ], [ -86.3073658, 33.833508399999978 ], [ -86.3116208, 33.8487324 ], [ -86.3117068, 33.8461424 ], [ -86.3144348, 33.846802400000016 ], [ -86.3117398, 33.8433884 ], [ -86.3106328, 33.8359054 ], [ -86.3140658, 33.8369444 ], [ -86.3140588, 33.8355924 ], [ -86.3185918, 33.8362074 ], [ -86.3214378, 33.8375274 ], [ -86.3201328, 33.8352894 ], [ -86.3237698, 33.8320564 ] ], [ [ -86.3152298, 33.8390014 ], [ -86.3135018, 33.839063399999986 ], [ -86.3136788, 33.841828400000011 ], [ -86.3151958, 33.841767400000016 ], [ -86.3152298, 33.8390014 ] ] ], [ [ [ -86.3233808, 33.8638844 ], [ -86.3242448, 33.8719564 ], [ -86.3225218, 33.8738074 ], [ -86.3178758, 33.8737754 ], [ -86.3083988, 33.880255399999967 ], [ -86.3047928, 33.8793484 ], [ -86.301746799999989, 33.8742304 ], [ -86.2996648, 33.87451039999997 ], [ -86.3233808, 33.8638844 ] ] ] ] } },
{ "type": "Feature", "properties": { "state_po": "AL", "congressional_district": "AL-03", "pwsid": "AL0000592", "pws_name": "WALNUT GROVE, TOWN OF", "population_served_count": 1227, "model_method": "Random Forest", "verification_status": "", "symbology_field": "Modeled", "intersection_area_sq_km": 5.9234877734842373 }, "geometry": { "type": "Polygon", "coordinates": [ [ [ -86.3199568, 34.0752704 ], [ -86.2975748, 34.074334399999948 ], [ -86.2992558, 34.0769404 ], [ -86.298758800000016, 34.07726539999998 ], [ -86.2973278, 34.074327400000016 ], [ -86.2911828, 34.073658400000042 ], [ -86.2915078, 34.07197740000003 ], [ -86.2935708, 34.07162440000004 ], [ -86.2925228, 34.070253399999984 ], [ -86.2909378, 34.07093740000002 ], [ -86.293777800000015, 34.068514400000062 ], [ -86.2929578, 34.067010399999987 ], [ -86.2999538, 34.062578400000056 ], [ -86.2960428, 34.056392399999986 ], [ -86.2960938, 34.049163399999976 ], [ -86.316431799999989, 34.04888339999998 ], [ -86.3160808, 34.067193399999972 ], [ -86.324591577066499, 34.06717940655318 ], [ -86.3199568, 34.0752704 ] ] ] } },
{ "type": "Feature", "properties": { "state_po": "AL", "congressional_district": "AL-03", "pwsid": "AL0000589", "pws_name": "REECE CITY (TOWN OF)", "population_served_count": 861, "model_method": "Random Forest", "verification_status": "", "symbology_field": "Modeled", "intersection_area_sq_km": 2.2146311332803261 }, "geometry": { "type": "Polygon", "coordinates": [ [ [ -86.0672827, 34.043523399999984 ], [ -86.0667977, 34.049869400000027 ], [ -86.0647797, 34.0498494 ], [ -86.0648417, 34.0465714 ], [ -86.0629777, 34.046555400000024 ], [ -86.0630397, 34.0495984 ], [ -86.058937700000016, 34.049560400000033 ], [ -86.0590087, 34.0530154 ], [ -86.0544357, 34.052989400000016 ], [ -86.0543217, 34.057292400000023 ], [ -86.0524777, 34.055793400000013 ], [ -86.0525397, 34.057728400000038 ], [ -86.0510777, 34.056902399999956 ], [ -86.0501937, 34.057723399999979 ], [ -86.0519587, 34.060102400000041 ], [ -86.050437699999989, 34.061360399999963 ], [ -86.0475377, 34.060013399999988 ], [ -86.0505077, 34.062730400000042 ], [ -86.0465997, 34.0608704 ], [ -86.0426747, 34.0640814 ], [ -86.0462937, 34.064826399999959 ], [ -86.0462957, 34.068638399999983 ], [ -86.0442667, 34.069047400000017 ], [ -86.0404917, 34.065408399999988 ], [ -86.0391937, 34.067272400000022 ], [ -86.0376557, 34.066425399999986 ], [ -86.0338237, 34.071182399999948 ], [ -86.0362977, 34.073668399999988 ], [ -86.0344727, 34.0751904 ], [ -86.0357507, 34.080020399999988 ], [ -86.0325037, 34.08004739999997 ], [ -86.0299907, 34.0771744 ], [ -86.0290477, 34.0786464 ], [ -86.0275747, 34.076536399999966 ], [ -86.0444647, 34.0555784 ], [ -86.0462797, 34.054325399999989 ], [ -86.0475457, 34.055482399999981 ], [ -86.0498167, 34.053514400000047 ], [ -86.0507737, 34.054382399999987 ], [ -86.0672827, 34.043523399999984 ] ] ] } },
{ "type": "Feature", "properties": { "state_po": "AL", "congressional_district": "AL-03", "pwsid": "AL0000583", "pws_name": "TILLISON BEND WATER AUTHORITY", "population_served_count": 1074, "model_method": "Random Forest", "verification_status": "", "symbology_field": "Modeled", "intersection_area_sq_km": 0.47440669364689986 }, "geometry": { "type": "Polygon", "coordinates": [ [ [ -85.9511367, 34.00758339999998 ], [ -85.9473477, 34.0078174 ], [ -85.946946700000012, 34.0100454 ], [ -85.9408757, 34.01010440000001 ], [ -85.9424107, 34.0029154 ], [ -85.9474137, 34.002861400000043 ], [ -85.9465397, 34.005917399999973 ], [ -85.9510697, 34.006459399999954 ], [ -85.9511367, 34.00758339999998 ] ] ] } },
{ "type": "Feature", "properties": { "state_po": "AL", "congressional_district": "AL-03", "pwsid": "AL0000573", "pws_name": "WHORTON BEND WATER AUTHORITY", "population_served_count": 2610, "model_method": "Random Forest", "verification_status": "", "symbology_field": "Modeled", "intersection_area_sq_km": 4.9083408255048262 }, "geometry": { "type": "MultiPolygon", "coordinates": [ [ [ [ -86.0265677, 33.943826399999956 ], [ -86.016384699999989, 33.95060239999998 ], [ -86.0134077, 33.949258399999955 ], [ -86.0127067, 33.950942399999981 ], [ -86.0107477, 33.948225400000013 ], [ -86.0098237, 33.9498014 ], [ -86.0087117, 33.947031400000036 ], [ -86.0086417, 33.950045400000022 ], [ -86.0065417, 33.950032399999962 ], [ -86.0065987, 33.947699400000012 ], [ -86.0042647, 33.946796400000032 ], [ -86.0046187, 33.949721399999973 ], [ -86.0041447, 33.9480174 ], [ -86.0030887, 33.949358399999987 ], [ -86.0021777, 33.949649399999977 ], [ -86.0016767, 33.949626400000042 ], [ -86.0037227, 33.9481984 ], [ -86.0031227, 33.948335400000033 ], [ -86.0020007, 33.947862399999977 ], [ -85.9997497, 33.946345399999963 ], [ -86.0030237, 33.9481374 ], [ -86.0037307, 33.946510399999973 ], [ -85.9996487, 33.943976400000011 ], [ -85.997241699999989, 33.943873399999973 ], [ -85.9987597, 33.94569239999997 ], [ -85.9966417, 33.944049399999948 ], [ -85.9968687, 33.942976399999957 ], [ -85.9832217, 33.937265399999973 ], [ -85.9868617, 33.937209400000022 ], [ -85.9825747, 33.936534400000021 ], [ -85.9851597, 33.935989399999961 ], [ -85.9783257, 33.9336004 ], [ -85.9791967, 33.935106399999981 ], [ -85.9802057, 33.9349244 ], [ -85.9819407, 33.9354404 ], [ -85.9796387, 33.935144400000013 ], [ -85.9820397, 33.9362764 ], [ -85.9806287, 33.936238400000015 ], [ -85.9820207, 33.937271399999965 ], [ -85.9807487, 33.9385194 ], [ -85.9786237, 33.935826399999961 ], [ -85.9738227, 33.9370544 ], [ -85.9780497, 33.935832399999967 ], [ -85.9780157, 33.9346564 ], [ -85.9773557, 33.933358399999982 ], [ -85.9720337, 33.933052400000037 ], [ -85.9692437, 33.9340814 ], [ -85.9711777, 33.9371704 ], [ -85.9683877, 33.937649399999977 ], [ -85.9677547, 33.9362534 ], [ -85.9703337, 33.9366644 ], [ -85.9678397, 33.934136399999957 ], [ -85.9633687, 33.936507399999961 ], [ -85.9635747, 33.941004400000018 ], [ -85.9619177, 33.938052400000025 ], [ -85.9605607, 33.9423564 ], [ -85.9613987, 33.946800399999972 ], [ -85.9574857, 33.946699399999972 ], [ -85.9525067, 33.937335399999967 ], [ -85.9569477, 33.9335334 ], [ -85.9768927, 33.932473399999971 ], [ -85.9842147, 33.933469400000028 ], [ -85.9959407, 33.937714400000033 ], [ -86.0104277, 33.947881400000028 ], [ -86.0174277, 33.9483114 ], [ -86.0256717, 33.942665400000024 ], [ -86.0265677, 33.943826399999956 ] ] ], [ [ [ -85.9897387, 33.944662400000027 ], [ -85.9885567, 33.9434154 ], [ -85.9896217, 33.943378399999972 ], [ -85.9897387, 33.944662400000027 ] ] ], [ [ [ -86.000303699999989, 33.950262400000035 ], [ -86.0037267, 33.949976400000054 ], [ -86.0012647, 33.951586399999961 ], [ -86.0042707, 33.9534344 ], [ -86.000232700000012, 33.957126399999979 ], [ -86.0000667, 33.9599304 ], [ -85.9914197, 33.961091400000036 ], [ -85.9915217, 33.964706400000033 ], [ -85.9849097, 33.96099940000002 ], [ -85.9812787, 33.961094399999979 ], [ -85.982163700000015, 33.95944139999996 ], [ -85.9778217, 33.95845139999998 ], [ -85.9782037, 33.953888400000018 ], [ -85.9811517, 33.9538564 ], [ -85.9832967, 33.957477399999988 ], [ -85.9913477, 33.957404399999945 ], [ -85.9911707, 33.9483844 ], [ -85.9895657, 33.945749400000039 ], [ -85.9959067, 33.9465224 ], [ -86.000303699999989, 33.950262400000035 ] ] ] ] } },
{ "type": "Feature", "properties": { "state_po": "AL", "congressional_district": "AL-03", "pwsid": "AL0000571", "pws_name": "ALTOONA WATER & SEWER BOARD", "population_served_count": 1068, "model_method": "Decision Tree", "verification_status": "", "symbology_field": "Modeled", "intersection_area_sq_km": 2.2056349474104069 }, "geometry": { "type": "Polygon", "coordinates": [ [ [ -86.3323368, 34.038973399999954 ], [ -86.3303798, 34.0316414 ], [ -86.3235538, 34.031655399999963 ], [ -86.3236618, 34.03851940000002 ], [ -86.3191378, 34.0385304 ], [ -86.3191038, 34.042067400000015 ], [ -86.3066988, 34.042142400000046 ], [ -86.3206578, 34.033065400000012 ], [ -86.3190508, 34.0296704 ], [ -86.31279880000001, 34.031992399999986 ], [ -86.3142448, 34.02766640000003 ], [ -86.318722799999989, 34.024196400000015 ], [ -86.3279688, 34.0240094 ], [ -86.3302788, 34.019775399999943 ], [ -86.332394907637379, 34.019044120786859 ], [ -86.3323368, 34.038973399999954 ] ] ] } },
{ "type": "Feature", "properties": { "state_po": "AL", "congressional_district": "AL-03", "pwsid": "AL0000161", "pws_name": "OHATCHEE WATER SYSTEM", "population_served_count": 1680, "model_method": "Random Forest", "verification_status": "", "symbology_field": "Modeled", "intersection_area_sq_km": 13.353656899210691 }, "geometry": { "type": "MultiPolygon", "coordinates": [ [ [ [ -86.0354787, 33.762425400000041 ], [ -86.0350087, 33.766612400000049 ], [ -86.0300987, 33.768968400000034 ], [ -86.0306397, 33.77251540000001 ], [ -86.033508700000013, 33.77280039999998 ], [ -86.0335427, 33.776489399999981 ], [ -86.0258797, 33.788895399999987 ], [ -86.0201027, 33.793008400000019 ], [ -86.0213587, 33.794737399999981 ], [ -86.0139687, 33.796923400000011 ], [ -86.0081947, 33.796239399999969 ], [ -86.0041407, 33.800685399999971 ], [ -86.0041947, 33.793959399999963 ], [ -85.9990247, 33.791093399999987 ], [ -85.9996717, 33.781375400000023 ], [ -86.0021127, 33.782484400000023 ], [ -86.0031727, 33.779890400000049 ], [ -86.0080747, 33.781919399999985 ], [ -86.0121077, 33.7802554 ], [ -86.0126357, 33.7791224 ], [ -86.0078867, 33.777998400000016 ], [ -86.0126787, 33.7782414 ], [ -86.0130077, 33.7669994 ], [ -86.0157497, 33.7626424 ], [ -86.0218997, 33.758889399999973 ], [ -86.0305867, 33.762158400000018 ], [ -86.0368507, 33.762073400000034 ], [ -86.0354787, 33.762425400000041 ] ] ], [ [ [ -85.9984017, 33.7859344 ], [ -85.9932487, 33.7883744 ], [ -85.9924997, 33.791470399999959 ], [ -85.9911487, 33.791074399999964 ], [ -85.9911777, 33.7889744 ], [ -85.9984017, 33.7859344 ] ] ], [ [ [ -85.9922437, 33.79202040000002 ], [ -85.9883217, 33.7973784 ], [ -85.9891307, 33.801892399999979 ], [ -85.9824027, 33.8004814 ], [ -85.9851647, 33.7981864 ], [ -85.9847447, 33.794250399999989 ], [ -85.9922437, 33.79202040000002 ] ] ], [ [ [ -86.0040347, 33.800848400000035 ], [ -85.9995277, 33.8071874 ], [ -85.9976057, 33.810331399999988 ], [ -85.9955187, 33.8016324 ], [ -86.0040347, 33.800848400000035 ] ] ], [ [ [ -86.0663597, 33.841196400000058 ], [ -86.0620387, 33.8421024 ], [ -86.0632347, 33.838756399999987 ], [ -86.0549907, 33.83520840000002 ], [ -86.0501187, 33.837503399999981 ], [ -86.0367077, 33.812990400000018 ], [ -86.0363037, 33.810670399999971 ], [ -86.0401877, 33.812084399999954 ], [ -86.0429617, 33.811034400000011 ], [ -86.0493877, 33.814257399999974 ], [ -86.0502477, 33.812325400000034 ], [ -86.0620727, 33.811750400000015 ], [ -86.0622537, 33.809861400000045 ], [ -86.0581757, 33.807954399999986 ], [ -86.0533297, 33.802984399999985 ], [ -86.0582157, 33.8052384 ], [ -86.0622017, 33.803997400000014 ], [ -86.0588817, 33.7981434 ], [ -86.0572747, 33.798074399999976 ], [ -86.0606487, 33.796716400000037 ], [ -86.0600947, 33.795153399999982 ], [ -86.0570927, 33.795107400000013 ], [ -86.058460700000012, 33.7928674 ], [ -86.054529699999989, 33.7933064 ], [ -86.0583687, 33.7923114 ], [ -86.0579537, 33.7909264 ], [ -86.0544507, 33.7901454 ], [ -86.0530547, 33.791723400000024 ], [ -86.0495717, 33.7916674 ], [ -86.05330570000001, 33.7897494 ], [ -86.0505927, 33.789457399999989 ], [ -86.0512187, 33.785950400000019 ], [ -86.0528447, 33.787341399999931 ], [ -86.0516667, 33.785428400000022 ], [ -86.0529707, 33.7841134 ], [ -86.0582797, 33.788733400000041 ], [ -86.0643687, 33.797781400000027 ], [ -86.0649487, 33.808950399999979 ], [ -86.052527700000013, 33.822110400000028 ], [ -86.0517197, 33.827115399999983 ], [ -86.0584177, 33.8351264 ], [ -86.0659097, 33.837865399999984 ], [ -86.0663597, 33.841196400000058 ] ] ] ] } },
{ "type": "Feature", "properties": { "state_po": "AL", "congressional_district": "AL-03", "pwsid": "AL0000283", "pws_name": "RANBURNE WATER & SEWER DEPARTMENT", "population_served_count": 2010, "model_method": "Random Forest", "verification_status": "", "symbology_field": "Modeled", "intersection_area_sq_km": 5.8044530622611807 }, "geometry": { "type": "MultiPolygon", "coordinates": [ [ [ [ -85.3204915, 33.499021299999981 ], [ -85.3199695, 33.494333300000015 ], [ -85.3367875, 33.495973299999982 ], [ -85.3302535, 33.505246299999961 ], [ -85.3263265, 33.5014583 ], [ -85.3204915, 33.499021299999981 ] ] ], [ [ [ -85.3204915, 33.499021299999981 ], [ -85.3141485, 33.512281300000041 ], [ -85.3114585, 33.507627300000017 ], [ -85.309683809650764, 33.50863433140924 ], [ -85.3061765, 33.4908373 ], [ -85.3094625, 33.4929593 ], [ -85.3127775, 33.498168299999968 ], [ -85.3204915, 33.499021299999981 ] ] ], [ [ [ -85.345735499999989, 33.5132453 ], [ -85.345646500000015, 33.514252299999988 ], [ -85.3499725, 33.514336300000018 ], [ -85.3499135, 33.517798299999981 ], [ -85.3540915, 33.5178493 ], [ -85.3539555, 33.525249400000021 ], [ -85.3479425, 33.5228503 ], [ -85.3442995, 33.523272400000025 ], [ -85.3449975, 33.530338399999977 ], [ -85.3472075, 33.532475399999974 ], [ -85.3317885, 33.532246399999984 ], [ -85.3316945, 33.5351174 ], [ -85.3177625, 33.535970400000039 ], [ -85.3177555, 33.5379264 ], [ -85.3153435, 33.537653400000039 ], [ -85.3149125, 33.534947399999972 ], [ -85.3175745, 33.5352304 ], [ -85.3176665, 33.5322154 ], [ -85.3270685, 33.5322244 ], [ -85.3271545, 33.523013400000011 ], [ -85.3408535, 33.5231824 ], [ -85.340886500000011, 33.519771300000023 ], [ -85.3388645, 33.5197713 ], [ -85.3388745, 33.517853300000027 ], [ -85.3403375, 33.5179843 ], [ -85.3390975, 33.512465299999953 ], [ -85.345735499999989, 33.5132453 ] ] ], [ [ [ -85.3504895, 33.5378674 ], [ -85.348583499999989, 33.534695400000025 ], [ -85.3503235, 33.532548400000024 ], [ -85.3504895, 33.5378674 ] ] ] ] } },
{ "type": "Feature", "properties": { "state_po": "AL", "congressional_district": "AL-03", "pwsid": "AL0001132", "pws_name": "WOODLAND WATER BOARD", "population_served_count": 1527, "model_method": "Decision Tree", "verification_status": "", "symbology_field": "Modeled", "intersection_area_sq_km": 5.5097683870135779 }, "geometry": { "type": "Polygon", "coordinates": [ [ [ -85.3957455, 33.369158299999974 ], [ -85.3961935, 33.3620033 ], [ -85.4004925, 33.362060299999989 ], [ -85.4001425, 33.369234299999945 ], [ -85.4069065, 33.369417299999967 ], [ -85.4098825, 33.363701299999953 ], [ -85.4121765, 33.3620683 ], [ -85.4144345, 33.363327299999987 ], [ -85.416177499999989, 33.367689300000016 ], [ -85.4126895, 33.370154299999982 ], [ -85.4126755, 33.3730643 ], [ -85.4086235, 33.373089300000018 ], [ -85.4084385, 33.3780923 ], [ -85.4121515, 33.3805843 ], [ -85.4209885, 33.381620300000051 ], [ -85.4038275, 33.3874063 ], [ -85.3953205, 33.387186299999989 ], [ -85.3953215, 33.3834623 ], [ -85.3848895, 33.383708299999974 ], [ -85.3819365, 33.373427300000039 ], [ -85.3822865, 33.366878300000018 ], [ -85.3846745, 33.36891930000003 ], [ -85.3957455, 33.369158299999974 ] ] ] } },
{ "type": "Feature", "properties": { "state_po": "AL", "congressional_district": "AL-03", "pwsid": "AL0000277", "pws_name": "EDWARDSVILLE WATER & FIRE PRO AUTHORITY", "population_served_count": 570, "model_method": "Random Forest", "verification_status": "", "symbology_field": "Modeled", "intersection_area_sq_km": 1.4609841709835749 }, "geometry": { "type": "MultiPolygon", "coordinates": [ [ [ [ -85.5157435, 33.701891399999987 ], [ -85.5131885, 33.697788399999986 ], [ -85.5157485, 33.695659400000018 ], [ -85.5196395, 33.6972054 ], [ -85.5157435, 33.701891399999987 ] ] ], [ [ [ -85.5174175, 33.7013774 ], [ -85.5239385, 33.7001464 ], [ -85.5169735, 33.702056399999989 ], [ -85.5170035, 33.709469399999982 ], [ -85.5134535, 33.71180039999998 ], [ -85.5051125, 33.711634399999966 ], [ -85.505289499999989, 33.709246400000012 ], [ -85.5041115, 33.709434400000028 ], [ -85.5000845, 33.713736399999974 ], [ -85.4994285, 33.7081364 ], [ -85.5174175, 33.7013774 ] ] ] ] } },
{ "type": "Feature", "properties": { "state_po": "AL", "congressional_district": "AL-05", "pwsid": "TN0008286", "pws_name": "JASPER HIGHLANDS WATER SYSTEM", "population_served_count": 1106, "model_method": "", "verification_status": "", "symbology_field": "System Sourced", "intersection_area_sq_km": 4.2107576408288008 }, "geometry": { "type": "Polygon", "coordinates": [ [ [ -85.6378005, 34.980516 ], [ -85.7267455, 34.9829 ], [ -85.735115268161877, 34.986731503408528 ], [ -85.631701679077565, 34.985101547235196 ], [ -85.6378005, 34.980516 ] ] ] } },
{ "type": "Feature", "properties": { "state_po": "AL", "congressional_district": "AL-05", "pwsid": "AL0000904", "pws_name": "GURLEY WATER SYSTEM", "population_served_count": 1143, "model_method": "Random Forest", "verification_status": "", "symbology_field": "Modeled", "intersection_area_sq_km": 4.9793799252827462 }, "geometry": { "type": "MultiPolygon", "coordinates": [ [ [ [ -86.4041428, 34.6822006 ], [ -86.4041178, 34.689521599999964 ], [ -86.4012388, 34.6895746 ], [ -86.402560799999989, 34.6967096 ], [ -86.3953978, 34.6969566 ], [ -86.3953778, 34.700453600000017 ], [ -86.3886178, 34.697693600000051 ], [ -86.3811008, 34.6983226 ], [ -86.3929628, 34.7033686 ], [ -86.3952838, 34.704950599999947 ], [ -86.3865718, 34.7017856 ], [ -86.3866418, 34.705127600000033 ], [ -86.3827568, 34.705939599999951 ], [ -86.3828658, 34.713965599999973 ], [ -86.3814348, 34.713981599999983 ], [ -86.3813958, 34.706248599999967 ], [ -86.377436800000012, 34.707146599999952 ], [ -86.3774858, 34.705594600000012 ], [ -86.3698118, 34.704921599999984 ], [ -86.3639608, 34.701421599999989 ], [ -86.3625888, 34.7020516 ], [ -86.3640238, 34.695977600000013 ], [ -86.3584828, 34.6938776 ], [ -86.3729328, 34.6947846 ], [ -86.3732038, 34.688435600000012 ], [ -86.3749388, 34.689151599999988 ], [ -86.37470780000001, 34.686805599999971 ], [ -86.3794098, 34.6876466 ], [ -86.3790858, 34.6889976 ], [ -86.3812148, 34.688527599999979 ], [ -86.3812568, 34.6870886 ], [ -86.3820848, 34.6885246 ], [ -86.3857728, 34.6887486 ], [ -86.3813178, 34.692853600000021 ], [ -86.386577800000012, 34.693550599999966 ], [ -86.3866268, 34.690988600000018 ], [ -86.3993368, 34.6895866 ], [ -86.3993878, 34.6822056 ], [ -86.4041428, 34.6822006 ] ] ], [ [ [ -86.3609488, 34.702323600000028 ], [ -86.3582628, 34.7024636 ], [ -86.3582818, 34.701252599999989 ], [ -86.3609938, 34.70117459999998 ], [ -86.3609488, 34.702323600000028 ] ] ] ] } },
{ "type": "Feature", "properties": { "state_po": "AL", "congressional_district": "AL-05", "pwsid": "TN0000018", "pws_name": "ARDMORE WATER SYSTEM", "population_served_count": 1886, "model_method": "", "verification_status": "", "symbology_field": "System Sourced", "intersection_area_sq_km": 6.1220536380528312 }, "geometry": { "type": "Polygon", "coordinates": [ [ [ -86.823045100000016, 34.977289400000011 ], [ -86.8567994, 34.974857800000017 ], [ -86.86358609711003, 34.991989595141774 ], [ -86.823315619621354, 34.991764147021144 ], [ -86.823045100000016, 34.977289400000011 ] ] ] } },
{ "type": "Feature", "properties": { "state_po": "AL", "congressional_district": "AL-05", "pwsid": "AL0000788", "pws_name": "LEXINGTON WATER WORKS AND SEWER", "population_served_count": 2910, "model_method": "Decision Tree", "verification_status": "", "symbology_field": "Modeled", "intersection_area_sq_km": 10.277482791123388 }, "geometry": { "type": "Polygon", "coordinates": [ [ [ -87.3781741, 34.9149936 ], [ -87.3781901, 34.936469599999981 ], [ -87.3805451, 34.9364756 ], [ -87.3805131, 34.940221599999958 ], [ -87.375942099999989, 34.940251600000018 ], [ -87.3761271, 34.958288600000053 ], [ -87.3841011, 34.9584196 ], [ -87.3819301, 34.956597599999974 ], [ -87.3826131, 34.952563599999984 ], [ -87.3842481, 34.9537236 ], [ -87.3900891, 34.952797600000018 ], [ -87.3898991, 34.9615216 ], [ -87.3805651, 34.9622986 ], [ -87.3806181, 34.96529660000003 ], [ -87.3850571, 34.965313599999973 ], [ -87.3852961, 34.972894600000032 ], [ -87.3897811, 34.9731096 ], [ -87.3897821, 34.980531599999978 ], [ -87.3850641, 34.980531599999921 ], [ -87.3850291, 34.97688560000006 ], [ -87.3805991, 34.976798599999974 ], [ -87.380586100000016, 34.9805696 ], [ -87.3757981, 34.9806146 ], [ -87.375691100000012, 34.983964599999965 ], [ -87.3790171, 34.983988600000046 ], [ -87.3797141, 34.985838599999951 ], [ -87.3879331, 34.983473599999982 ], [ -87.3883261, 34.981525599999976 ], [ -87.3987411, 34.9819526 ], [ -87.4027141, 34.9787376 ], [ -87.401462099999989, 34.982105599999976 ], [ -87.3989501, 34.982835599999959 ], [ -87.3977401, 34.985237600000019 ], [ -87.3994581, 34.995770599999958 ], [ -87.4025361, 34.999696599999986 ], [ -87.4057211, 35.000753599999982 ], [ -87.4049521, 35.0024386 ], [ -87.4004261, 35.0023466 ], [ -87.3970911, 34.9913956 ], [ -87.3844361, 34.987735600000043 ], [ -87.3707461, 34.9873796 ], [ -87.3709151, 34.9803486 ], [ -87.3662171, 34.980200599999975 ], [ -87.3661981, 34.976071600000012 ], [ -87.3687021, 34.971855599999977 ], [ -87.3562861, 34.972023599999986 ], [ -87.3561831, 34.976324600000027 ], [ -87.3505351, 34.976654599999982 ], [ -87.3485951, 34.978512600000016 ], [ -87.3485671, 34.97582060000002 ], [ -87.3530491, 34.975873600000028 ], [ -87.353075100000012, 34.9684796 ], [ -87.3664901, 34.968519599999965 ], [ -87.3668311, 34.961594599999977 ], [ -87.361698100000012, 34.961556599999987 ], [ -87.3621571, 34.954261600000024 ], [ -87.3671031, 34.9615916 ], [ -87.3709841, 34.9616016 ], [ -87.3712231, 34.9542496 ], [ -87.3668311, 34.954268599999978 ], [ -87.3669171, 34.9510956 ], [ -87.3705841, 34.951010600000039 ], [ -87.370792100000017, 34.932706599999968 ], [ -87.3748771, 34.9326886 ], [ -87.3756321, 34.929004599999978 ], [ -87.3627301, 34.9287826 ], [ -87.3630601, 34.923886599999975 ], [ -87.3672931, 34.924769599999976 ], [ -87.3748741, 34.923644600000017 ], [ -87.3781741, 34.9149936 ] ] ] } },
{ "type": "Feature", "properties": { "state_po": "AL", "congressional_district": "AL-05", "pwsid": "AL0000951", "pws_name": "UNION GROVE UTILITY BOARD", "population_served_count": 3045, "model_method": "Random Forest", "verification_status": "", "symbology_field": "Modeled", "intersection_area_sq_km": 14.215105455472717 }, "geometry": { "type": "MultiPolygon", "coordinates": [ [ [ [ -86.5733179, 34.420455499999967 ], [ -86.5721499, 34.4279485 ], [ -86.5718422533336, 34.429721417926523 ], [ -86.573295291210442, 34.420473246730744 ], [ -86.5733179, 34.420455499999967 ] ] ], [ [ [ -86.5714379, 34.432352499999986 ], [ -86.570826855128828, 34.435807279503727 ], [ -86.571697202439864, 34.430590852491491 ], [ -86.5714379, 34.432352499999986 ] ] ], [ [ [ -86.5680269, 34.457016499999988 ], [ -86.5760829, 34.451040500000033 ], [ -86.5776349, 34.4467195 ], [ -86.5796369, 34.4477915 ], [ -86.586366900000016, 34.4432105 ], [ -86.5860419, 34.453419500000024 ], [ -86.5885619, 34.457351499999973 ], [ -86.5880929, 34.473700500000035 ], [ -86.5909399, 34.4753565 ], [ -86.5932589, 34.47272449999997 ], [ -86.5967299, 34.4725145 ], [ -86.598720899999989, 34.4752235 ], [ -86.602048900000014, 34.4640265 ], [ -86.6047309, 34.467642500000025 ], [ -86.6043789, 34.472553500000018 ], [ -86.6139059, 34.475786500000019 ], [ -86.6153569, 34.4751255 ], [ -86.6151989, 34.469168500000016 ], [ -86.6208999, 34.469204499999975 ], [ -86.6219629, 34.473465499999989 ], [ -86.6264309, 34.473558500000031 ], [ -86.627477900000017, 34.475383499999971 ], [ -86.6286309, 34.480674499999985 ], [ -86.6155639, 34.4763335 ], [ -86.6139669, 34.4801395 ], [ -86.6106419, 34.482774500000026 ], [ -86.6142409, 34.4817095 ], [ -86.6142269, 34.4836505 ], [ -86.6157639, 34.4836555 ], [ -86.6180169, 34.480643500000021 ], [ -86.6204429, 34.4809335 ], [ -86.6186659, 34.4843805 ], [ -86.6166449, 34.48595250000001 ], [ -86.6098569, 34.48683350000001 ], [ -86.6094209, 34.4912035 ], [ -86.6011589, 34.500793500000022 ], [ -86.6028839, 34.5082125 ], [ -86.5954079, 34.51366349999995 ], [ -86.6017679, 34.5089245 ], [ -86.5952219, 34.508799499999981 ], [ -86.5984459, 34.5053025 ], [ -86.594770900000015, 34.502289499999982 ], [ -86.5963219, 34.4993255 ], [ -86.5913039, 34.494302499999961 ], [ -86.5930919, 34.493070500000023 ], [ -86.5891419, 34.490561499999977 ], [ -86.5836559, 34.4897875 ], [ -86.5792219, 34.485770499999951 ], [ -86.5756969, 34.479502499999988 ], [ -86.5677539, 34.4793825 ], [ -86.5702259, 34.4759525 ], [ -86.5644359, 34.4746445 ], [ -86.5680269, 34.457016499999988 ] ], [ [ -86.5750069, 34.4721415 ], [ -86.5769919, 34.480688499999985 ], [ -86.5814739, 34.485251499999954 ], [ -86.5810729, 34.482034499999955 ], [ -86.5881439, 34.4765205 ], [ -86.5880209, 34.4736415 ], [ -86.5855679, 34.472325500000011 ], [ -86.5750069, 34.4721415 ] ] ], [ [ [ -86.568455899999989, 34.485457499999974 ], [ -86.5637259, 34.4864775 ], [ -86.5617809, 34.489748500000019 ], [ -86.5629359, 34.483170500000043 ], [ -86.5674979, 34.479654499999967 ], [ -86.568455899999989, 34.485457499999974 ] ] ] ] } },
{ "type": "Feature", "properties": { "state_po": "AL", "congressional_district": "AL-05", "pwsid": "AL0001085", "pws_name": "FALKVILLE WATER WORKS", "population_served_count": 1455, "model_method": "Random Forest", "verification_status": "", "symbology_field": "Modeled", "intersection_area_sq_km": 5.4749013209359365 }, "geometry": { "type": "MultiPolygon", "coordinates": [ [ [ [ -86.913973, 34.3983145 ], [ -86.909178, 34.3895645 ], [ -86.907662, 34.3724385 ], [ -86.901366, 34.370996499999968 ], [ -86.900635, 34.375108499999975 ], [ -86.898723, 34.3755175 ], [ -86.898425, 34.382311499999979 ], [ -86.894571, 34.3822745 ], [ -86.894453, 34.368380499999986 ], [ -86.891643, 34.3682395 ], [ -86.891638, 34.362944500000019 ], [ -86.925989, 34.364233500000026 ], [ -86.925594, 34.373099499999988 ], [ -86.909181, 34.3717875 ], [ -86.911763, 34.3768285 ], [ -86.912171, 34.375108499999975 ], [ -86.91705, 34.376651499999987 ], [ -86.923972, 34.38364150000001 ], [ -86.916556, 34.383574500000023 ], [ -86.916457, 34.3909275 ], [ -86.912164, 34.3916655 ], [ -86.913973, 34.3983145 ] ] ], [ [ [ -86.914281, 34.39874249999994 ], [ -86.920431, 34.398379500000011 ], [ -86.920405, 34.400780499999975 ], [ -86.916016, 34.403947499999987 ], [ -86.914281, 34.39874249999994 ] ] ] ] } },
{ "type": "Feature", "properties": { "state_po": "AL", "congressional_district": "AL-05", "pwsid": "AL0000949", "pws_name": "SWEARENGIN WATER SYSTEM", "population_served_count": 2520, "model_method": "Random Forest", "verification_status": "", "symbology_field": "Modeled", "intersection_area_sq_km": 0.002736638565664242 }, "geometry": { "type": "MultiPolygon", "coordinates": [ [ [ [ -86.152230423549184, 34.548024428742011 ], [ -86.15508, 34.550202 ], [ -86.155077735951323, 34.550203100798647 ], [ -86.152230423549184, 34.548024428742011 ] ] ], [ [ [ -86.149095760890219, 34.5669198834008 ], [ -86.1490938, 34.562807500000019 ], [ -86.149360777201935, 34.553425397497719 ], [ -86.149095760890219, 34.5669198834008 ] ] ] ] } },
{ "type": "Feature", "properties": { "state_po": "AL", "congressional_district": "AL-05", "pwsid": "AL0000726", "pws_name": "PISGAH WATER WORKS", "population_served_count": 1407, "model_method": "Random Forest", "verification_status": "", "symbology_field": "Modeled", "intersection_area_sq_km": 5.3024965526361161 }, "geometry": { "type": "MultiPolygon", "coordinates": [ [ [ [ -85.8490287, 34.6759186 ], [ -85.8517797, 34.676186600000015 ], [ -85.8531737, 34.6854366 ], [ -85.8608837, 34.689720599999944 ], [ -85.856042699999989, 34.694589600000015 ], [ -85.8560187, 34.699411600000012 ], [ -85.8544147, 34.699415600000016 ], [ -85.853526699999989, 34.70176559999998 ], [ -85.8515687, 34.701797599999985 ], [ -85.8513817, 34.6952006 ], [ -85.8473227, 34.6859336 ], [ -85.8438597, 34.690021600000051 ], [ -85.8388117, 34.6898566 ], [ -85.8389177, 34.682604600000019 ], [ -85.8352127, 34.681763600000011 ], [ -85.8419547, 34.677125599999954 ], [ -85.8441067, 34.678369599999975 ], [ -85.8490287, 34.6759186 ] ] ], [ [ [ -85.7881327, 34.68246459999996 ], [ -85.7854587, 34.692873600000041 ], [ -85.7952177, 34.6889486 ], [ -85.7950197, 34.697126599999969 ], [ -85.7753267, 34.6969636 ], [ -85.7683577, 34.6997336 ], [ -85.7684667, 34.693933599999987 ], [ -85.7642427, 34.68952059999998 ], [ -85.7672167, 34.687671600000023 ], [ -85.7687597, 34.689601600000017 ], [ -85.7756897, 34.6897256 ], [ -85.7815937, 34.682233599999961 ], [ -85.7881327, 34.68246459999996 ] ] ] ] } },
{ "type": "Feature", "properties": { "state_po": "AL", "congressional_district": "AL-05", "pwsid": "TN0008267", "pws_name": "LEXINGTON W.D. RASCALTOWN COMMUNITY", "population_served_count": 217, "model_method": "", "verification_status": "", "symbology_field": "System Sourced", "intersection_area_sq_km": 53.438466514541425 }, "geometry": { "type": "Polygon", "coordinates": [ [ [ -87.329778, 34.9982366 ], [ -87.3257329, 34.997403799999979 ], [ -87.325138, 34.9930613 ], [ -87.3268631, 34.997106399999986 ], [ -87.329778, 34.997284899999983 ], [ -87.3304918, 34.9830676 ], [ -87.3350128, 34.979082 ], [ -87.3473265, 34.978665600000014 ], [ -87.3509552, 34.9757507 ], [ -87.3558926, 34.975572299999989 ], [ -87.3555356, 34.97194360000001 ], [ -87.3483378, 34.969861599999952 ], [ -87.3342395, 34.9689693 ], [ -87.3487542, 34.9690882 ], [ -87.3572607, 34.970753899999963 ], [ -87.3659458, 34.97004 ], [ -87.3661242, 34.962009299999956 ], [ -87.3489921, 34.9608196 ], [ -87.353751, 34.958975499999973 ], [ -87.353751, 34.9609386 ], [ -87.3661242, 34.961057600000018 ], [ -87.358807399999989, 34.952432 ], [ -87.3375112, 34.947792099999972 ], [ -87.3554167, 34.950112 ], [ -87.35773660000001, 34.9367276 ], [ -87.349824900000016, 34.934110200000013 ], [ -87.3492301, 34.932563500000022 ], [ -87.3532751, 34.933693799999965 ], [ -87.3539295, 34.9250087 ], [ -87.3614248, 34.925722600000029 ], [ -87.3645776, 34.921142100000019 ], [ -87.366957, 34.912873499999982 ], [ -87.3782, 34.9138847 ], [ -87.3808769, 34.90787659999998 ], [ -87.3778431, 34.907162799999952 ], [ -87.3782595, 34.906151500000036 ], [ -87.3818882, 34.906746399999982 ], [ -87.38349430000001, 34.898953599999984 ], [ -87.3826615, 34.893659300000031 ], [ -87.3840892, 34.893183400000041 ], [ -87.3839702, 34.9045454 ], [ -87.3773672, 34.918465199999979 ], [ -87.3768318, 34.926317400000016 ], [ -87.3852789, 34.928458900000017 ], [ -87.4039577, 34.929172800000018 ], [ -87.408835599999989, 34.923045699999982 ], [ -87.4216252, 34.917810899999964 ], [ -87.409311500000015, 34.924175899999952 ], [ -87.4022326, 34.934943 ], [ -87.4121073, 34.936370700000026 ], [ -87.4133565, 34.943033100000036 ], [ -87.4172232, 34.943866 ], [ -87.4190078, 34.950469 ], [ -87.4270384, 34.950944799999974 ], [ -87.4288825, 34.960462700000015 ], [ -87.4248969, 34.963556 ], [ -87.4294179, 34.967958 ], [ -87.429061, 34.976940499999976 ], [ -87.438003, 34.985067 ], [ -87.43849, 34.993934 ], [ -87.433198, 35.000479 ], [ -87.425823, 35.000393 ], [ -87.4245661, 35.002728599999955 ], [ -87.389980828405314, 35.002340731130197 ], [ -87.386885, 34.99901 ], [ -87.3823641, 34.998891 ], [ -87.380639, 35.001865300000013 ], [ -87.3811148, 34.9874696 ], [ -87.37183490000001, 34.9852686 ], [ -87.3632094, 34.98752910000001 ], [ -87.358694552101056, 35.001813627708465 ], [ -87.3642802, 34.97949840000004 ], [ -87.362912, 34.978844 ], [ -87.3614248, 34.979201 ], [ -87.3568443, 34.9903249 ], [ -87.3398312, 35.000080700000034 ], [ -87.3423891, 34.997403799999979 ], [ -87.3409614, 34.985447 ], [ -87.3389389, 34.981045 ], [ -87.3356077, 34.980271700000024 ], [ -87.3314436, 34.985268599999984 ], [ -87.33105264540329, 35.001392958069331 ], [ -87.329778, 34.9982366 ] ] ] } },
{ "type": "Feature", "properties": { "state_po": "AL", "congressional_district": "AL-05", "pwsid": "AL0001091", "pws_name": "TRINITY WATER WORKS SYSTEM", "population_served_count": 2844, "model_method": "Random Forest", "verification_status": "", "symbology_field": "Modeled", "intersection_area_sq_km": 17.85238263649536 }, "geometry": { "type": "Polygon", "coordinates": [ [ [ -87.136072, 34.5639045 ], [ -87.112825, 34.576761499999989 ], [ -87.111786, 34.5750875 ], [ -87.108496, 34.575599499999981 ], [ -87.109651, 34.578514500000018 ], [ -87.111707, 34.5778735 ], [ -87.112226, 34.583829500000022 ], [ -87.110663, 34.5883565 ], [ -87.10591, 34.591894499999988 ], [ -87.105765, 34.605629499999971 ], [ -87.09834, 34.6055645 ], [ -87.097517, 34.609169500000029 ], [ -87.09683, 34.606089499999982 ], [ -87.092341, 34.606618499999961 ], [ -87.092383, 34.611935500000037 ], [ -87.087878, 34.6126815 ], [ -87.087724, 34.6263855 ], [ -87.087734, 34.6166305 ], [ -87.083594, 34.616571499999978 ], [ -87.084624, 34.624677499999954 ], [ -87.082768, 34.623743499999946 ], [ -87.082876, 34.620622499999989 ], [ -87.081457, 34.620622499999989 ], [ -87.08137, 34.62291350000001 ], [ -87.076534, 34.620597499999974 ], [ -87.076739, 34.619392499999975 ], [ -87.08317, 34.620288499999951 ], [ -87.083838, 34.609382500000045 ], [ -87.079105, 34.609277500000019 ], [ -87.078894, 34.6127395 ], [ -87.070442, 34.612694500000032 ], [ -87.070332, 34.618011499999959 ], [ -87.067921, 34.6181455 ], [ -87.069165, 34.619837500000038 ], [ -87.053911, 34.6195975 ], [ -87.052333, 34.6131805 ], [ -87.055596, 34.613274499999953 ], [ -87.057883, 34.6067455 ], [ -87.064078, 34.6072005 ], [ -87.068536, 34.6052315 ], [ -87.051222, 34.605039499999968 ], [ -87.052712, 34.599557500000017 ], [ -87.058936, 34.600285499999984 ], [ -87.060829, 34.595858500000048 ], [ -87.052715, 34.5974305 ], [ -87.06777, 34.594289499999974 ], [ -87.067856, 34.584904500000029 ], [ -87.06889, 34.584393499999976 ], [ -87.068902, 34.586780499999989 ], [ -87.071687, 34.5867575 ], [ -87.070767, 34.5936655 ], [ -87.079096, 34.591933500000017 ], [ -87.077073, 34.5846795 ], [ -87.080399, 34.582617499999969 ], [ -87.080581, 34.5802155 ], [ -87.077312, 34.580144500000031 ], [ -87.079312, 34.5777755 ], [ -87.084318, 34.578387500000019 ], [ -87.083936, 34.5802065 ], [ -87.092656, 34.57894049999998 ], [ -87.092648, 34.584336499999985 ], [ -87.097135, 34.584892500000024 ], [ -87.106149, 34.576630500000022 ], [ -87.106438, 34.5618695 ], [ -87.116202, 34.560454499999963 ], [ -87.119525, 34.5576835 ], [ -87.126424, 34.558302500000032 ], [ -87.131978, 34.562836499999968 ], [ -87.136072, 34.5639045 ] ] ] } },
{ "type": "Feature", "properties": { "state_po": "AL", "congressional_district": "AL-05", "pwsid": "AL0000831", "pws_name": "SWAN CREEK COMMUNITY, ROYCE SWAN, LLC", "population_served_count": 324, "model_method": "Random Forest", "verification_status": "", "symbology_field": "Modeled", "intersection_area_sq_km": 2.119889420034434 }, "geometry": { "type": "MultiPolygon", "coordinates": [ [ [ [ -86.9515632, 34.6885138 ], [ -86.9536421, 34.6941249 ], [ -86.9541987, 34.7110109 ], [ -86.9519987, 34.709495899999986 ], [ -86.9466728, 34.7091558 ], [ -86.9461459, 34.701755800000015 ], [ -86.943117, 34.6968087 ], [ -86.9501112, 34.6891118 ], [ -86.9515632, 34.6885138 ] ] ], [ [ [ -86.9631986, 34.716664 ], [ -86.963136600000013, 34.715013 ], [ -86.9624966, 34.716639 ], [ -86.9597256, 34.716618 ], [ -86.9602797, 34.711304 ], [ -86.9559117, 34.7112839 ], [ -86.9558877, 34.709411900000013 ], [ -86.964826699999989, 34.709554 ], [ -86.9646556, 34.716658 ], [ -86.9631986, 34.716664 ] ] ], [ [ [ -86.9564336, 34.716580899999961 ], [ -86.9563606, 34.714834899999957 ], [ -86.9591146, 34.714799 ], [ -86.9591746, 34.716611 ], [ -86.9564336, 34.716580899999961 ] ] ] ] } },
{ "type": "Feature", "properties": { "state_po": "AL", "congressional_district": "AL-05", "pwsid": "AL0000800", "pws_name": "TOWN CREEK WATER SYSTEM", "population_served_count": 1527, "model_method": "Random Forest", "verification_status": "", "symbology_field": "Modeled", "intersection_area_sq_km": 8.8400219733301633 }, "geometry": { "type": "MultiPolygon", "coordinates": [ [ [ [ -87.4058991, 34.664974499999964 ], [ -87.4059561, 34.674753500000037 ], [ -87.4107461, 34.674871499999981 ], [ -87.4107981, 34.6773395 ], [ -87.4226511, 34.677675500000035 ], [ -87.4227671, 34.685284500000023 ], [ -87.4081191, 34.684579500000034 ], [ -87.4111361, 34.690460499999979 ], [ -87.4050801, 34.6920115 ], [ -87.4008271, 34.690863500000034 ], [ -87.3978111, 34.688109499999989 ], [ -87.3971681, 34.6848625 ], [ -87.3996481, 34.6847215 ], [ -87.3996381, 34.682887500000035 ], [ -87.3901351, 34.682990499999974 ], [ -87.3900041, 34.680810500000014 ], [ -87.4016191, 34.6810805 ], [ -87.401355099999989, 34.661793500000016 ], [ -87.4058991, 34.664974499999964 ] ] ], [ [ [ -87.3115271, 34.724869499999954 ], [ -87.311455099999989, 34.7389325 ], [ -87.3028831, 34.743799499999973 ], [ -87.2953851, 34.7385715 ], [ -87.2979301, 34.732997500000025 ], [ -87.2956321, 34.7355095 ], [ -87.2939871, 34.734854499999983 ], [ -87.2929951, 34.7369165 ], [ -87.2914161, 34.736866499999955 ], [ -87.2872551, 34.7335015 ], [ -87.2848781, 34.7337485 ], [ -87.2840671, 34.7298395 ], [ -87.2809141, 34.729541499999975 ], [ -87.2889301, 34.72974150000001 ], [ -87.2952241, 34.7258175 ], [ -87.295571099999989, 34.707533500000039 ], [ -87.3007621, 34.707671499999982 ], [ -87.3077721, 34.714840499999966 ], [ -87.3081951, 34.7210915 ], [ -87.3115271, 34.724869499999954 ] ] ] ] } },
{ "type": "Feature", "properties": { "state_po": "AL", "congressional_district": "AL-01", "pwsid": "AL0000558", "pws_name": "EAST BREWTON WATER & SEWER BOARD", "population_served_count": 2994, "model_method": "Random Forest", "verification_status": "", "symbology_field": "Modeled", "intersection_area_sq_km": 10.018254468634792 }, "geometry": { "type": "MultiPolygon", "coordinates": [ [ [ [ -87.0742068, 31.082054799999923 ], [ -87.0764878, 31.090268799999972 ], [ -87.0725278, 31.0892108 ], [ -87.0699318, 31.089508800000022 ], [ -87.0696538, 31.091285800000012 ], [ -87.064782799999989, 31.091324800000027 ], [ -87.0641558, 31.0948528 ], [ -87.0623198, 31.095264799999953 ], [ -87.0680478, 31.100725800000056 ], [ -87.064468800000014, 31.100285799999963 ], [ -87.0628388, 31.102793799999983 ], [ -87.0579998, 31.1024858 ], [ -87.0540418, 31.107138800000012 ], [ -87.0478218, 31.10974579999996 ], [ -87.0473098, 31.1003868 ], [ -87.0433958, 31.100411799999979 ], [ -87.0431108, 31.0931838 ], [ -87.038941799999989, 31.093047800000022 ], [ -87.0389268, 31.087867800000016 ], [ -87.0442318, 31.084182799999986 ], [ -87.0387878, 31.0846288 ], [ -87.0366088, 31.083236800000019 ], [ -87.0335278, 31.085936799999988 ], [ -87.0329128, 31.0825348 ], [ -87.0344808, 31.082129799999979 ], [ -87.0333878, 31.081013800000033 ], [ -87.0353128, 31.078824799999982 ], [ -87.0347738, 31.0768628 ], [ -87.039684799999989, 31.076829799999985 ], [ -87.0397908, 31.078332799999977 ], [ -87.0460268, 31.078304799999984 ], [ -87.0461038, 31.082235799999985 ], [ -87.0492948, 31.082479799999959 ], [ -87.0483288, 31.085716799999989 ], [ -87.0597658, 31.083463799999986 ], [ -87.0596928, 31.078438799999947 ], [ -87.0617728, 31.073193799999981 ], [ -87.0613218, 31.074703800000012 ], [ -87.0646348, 31.074906799999976 ], [ -87.0647598, 31.078468799999989 ], [ -87.0689418, 31.078451800000028 ], [ -87.0690078, 31.082053800000011 ], [ -87.0742068, 31.082054799999923 ] ] ], [ [ [ -87.0701168, 31.106038799999965 ], [ -87.0733488, 31.105999799999982 ], [ -87.0744928, 31.118748800000017 ], [ -87.0720008, 31.118741799999977 ], [ -87.0715828, 31.1128488 ], [ -87.0686238, 31.1131008 ], [ -87.0674618, 31.119357800000014 ], [ -87.0686518, 31.129211800000022 ], [ -87.0644308, 31.129066799999965 ], [ -87.0644148, 31.12538779999996 ], [ -87.0615728, 31.1254188 ], [ -87.0580998, 31.128447799999979 ], [ -87.0549548, 31.125785799999981 ], [ -87.0510258, 31.1277028 ], [ -87.0495648, 31.126712799999957 ], [ -87.0646658, 31.111412799999968 ], [ -87.0626238, 31.113323799999971 ], [ -87.0616608, 31.107866800000021 ], [ -87.0680168, 31.1078228 ], [ -87.0701318, 31.105007799999971 ], [ -87.0701168, 31.106038799999965 ] ] ], [ [ [ -87.0615528, 31.128402799999979 ], [ -87.060224800000015, 31.1291548 ], [ -87.0601428, 31.12840480000002 ], [ -87.0615528, 31.128402799999979 ] ] ], [ [ [ -87.0630798, 31.1321258 ], [ -87.0598308, 31.132944799999979 ], [ -87.0591448, 31.130359799999962 ], [ -87.0614768, 31.130186799999979 ], [ -87.0630798, 31.1321258 ] ] ] ] } },
{ "type": "Feature", "properties": { "state_po": "AL", "congressional_district": "AL-01", "pwsid": "AL0000546", "pws_name": "POLLARD WATER SYSTEM", "population_served_count": 216, "model_method": "Random Forest", "verification_status": "", "symbology_field": "Modeled", "intersection_area_sq_km": 1.5390581544877688 }, "geometry": { "type": "MultiPolygon", "coordinates": [ [ [ [ -87.1745289, 31.027036700000036 ], [ -87.1792359, 31.023648699999981 ], [ -87.1791969, 31.02713170000002 ], [ -87.1878919, 31.030406700000047 ], [ -87.1905729, 31.034947700000014 ], [ -87.1865659, 31.039118700000056 ], [ -87.1853129, 31.0351617 ], [ -87.1794859, 31.032548700000024 ], [ -87.1751549, 31.032367699999984 ], [ -87.1751459, 31.030707699999965 ], [ -87.1676209, 31.036118700000031 ], [ -87.164614899999989, 31.0339087 ], [ -87.1728279, 31.02844570000001 ], [ -87.1719179, 31.025903699999972 ], [ -87.1737639, 31.02276069999996 ], [ -87.1745289, 31.027036700000036 ] ] ], [ [ [ -87.1915499, 31.038285699999975 ], [ -87.1890629, 31.0368447 ], [ -87.1906449, 31.035135700000019 ], [ -87.1915269, 31.0368537 ], [ -87.1915499, 31.038285699999975 ] ] ] ] } },
{ "type": "Feature", "properties": { "state_po": "AL", "congressional_district": "AL-01", "pwsid": "AL0000028", "pws_name": "PARK CITY WATER AUTHORITY, INC", "population_served_count": 1281, "model_method": "Random Forest", "verification_status": "", "symbology_field": "Modeled", "intersection_area_sq_km": 1.2536598023467478 }, "geometry": { "type": "Polygon", "coordinates": [ [ [ -87.909503, 30.63037659999997 ], [ -87.912091, 30.6339826 ], [ -87.912787, 30.640056599999955 ], [ -87.912586, 30.643262599999961 ], [ -87.908522, 30.643274599999966 ], [ -87.908501, 30.6453066 ], [ -87.910743, 30.6454146 ], [ -87.911002, 30.647558600000028 ], [ -87.90881, 30.647795599999984 ], [ -87.906766, 30.644800600000032 ], [ -87.906583, 30.639756600000037 ], [ -87.910648, 30.6406916 ], [ -87.910606, 30.636247600000011 ], [ -87.898718, 30.63589559999998 ], [ -87.897078, 30.630464599999986 ], [ -87.909503, 30.63037659999997 ] ] ] } },
{ "type": "Feature", "properties": { "state_po": "AL", "congressional_district": "AL-01", "pwsid": "AL0000065", "pws_name": "SILVERHILL, TOWN OF", "population_served_count": 2058, "model_method": "Random Forest", "verification_status": "", "symbology_field": "Modeled", "intersection_area_sq_km": 2.4832842240201649 }, "geometry": { "type": "Polygon", "coordinates": [ [ [ -87.761256, 30.536469599999965 ], [ -87.76117, 30.538273599999961 ], [ -87.767741, 30.538272600000013 ], [ -87.767707, 30.545666599999951 ], [ -87.763578, 30.545643599999963 ], [ -87.763697, 30.552913600000032 ], [ -87.75493, 30.552861599999986 ], [ -87.754955, 30.547371599999945 ], [ -87.753936, 30.54556159999996 ], [ -87.751877, 30.545570600000023 ], [ -87.751868, 30.543739599999977 ], [ -87.749714, 30.543729600000027 ], [ -87.749722, 30.541952600000037 ], [ -87.746584, 30.541963599999963 ], [ -87.746615, 30.5437256 ], [ -87.742305, 30.5437326 ], [ -87.74234, 30.5382636 ], [ -87.747413, 30.538268599999981 ], [ -87.748412, 30.5365816 ], [ -87.748865, 30.538254599999973 ], [ -87.759247, 30.5382716 ], [ -87.75928, 30.53644360000002 ], [ -87.761256, 30.536469599999965 ] ] ] } },
{ "type": "Feature", "properties": { "state_po": "AL", "congressional_district": "AL-01", "pwsid": "AL0000073", "pws_name": "SUMMERDALE, WW BOARD OF THE TOWN OF", "population_served_count": 1800, "model_method": "Random Forest", "verification_status": "", "symbology_field": "Modeled", "intersection_area_sq_km": 3.2149724743758377 }, "geometry": { "type": "Polygon", "coordinates": [ [ [ -87.699308, 30.4853936 ], [ -87.703695, 30.4872326 ], [ -87.708342, 30.4872256 ], [ -87.708369, 30.5058606 ], [ -87.709561, 30.50683960000001 ], [ -87.707944, 30.509056599999941 ], [ -87.708404, 30.519529599999984 ], [ -87.703995, 30.51827160000003 ], [ -87.704042, 30.51610560000001 ], [ -87.705888, 30.516077599999967 ], [ -87.706095, 30.501772599999988 ], [ -87.691425, 30.501770599999936 ], [ -87.691425, 30.487168600000039 ], [ -87.699308, 30.4853936 ] ] ] } },
{ "type": "Feature", "properties": { "state_po": "AL", "congressional_district": "AL-01", "pwsid": "AL0000298", "pws_name": "JACK WATER SYSTEM, INC", "population_served_count": 1335, "model_method": "Random Forest", "verification_status": "", "symbology_field": "Modeled", "intersection_area_sq_km": 0.57151547449454432 }, "geometry": { "type": "Polygon", "coordinates": [ [ [ -85.9540485, 31.600389900000025 ], [ -85.9468315, 31.601092899999987 ], [ -85.9459125, 31.595820899999978 ], [ -85.9411165, 31.589442900000019 ], [ -85.9425625, 31.588223899999978 ], [ -85.9435885, 31.587600899999963 ], [ -85.9540485, 31.600389900000025 ] ] ] } },
{ "type": "Feature", "properties": { "state_po": "AL", "congressional_district": "AL-01", "pwsid": "AL0000416", "pws_name": "ARITON WATER WORKS", "population_served_count": 1263, "model_method": "Decision Tree", "verification_status": "", "symbology_field": "Modeled", "intersection_area_sq_km": 6.3814326268885617 }, "geometry": { "type": "MultiPolygon", "coordinates": [ [ [ [ -85.7132935, 31.60053090000001 ], [ -85.7134765, 31.593981900000017 ], [ -85.7175525, 31.595354899999975 ], [ -85.7175295, 31.5965639 ], [ -85.7208795, 31.596063899999962 ], [ -85.7128875, 31.586421899999984 ], [ -85.7070905, 31.581983899999987 ], [ -85.7131455, 31.582026899999953 ], [ -85.7131635, 31.580264899999989 ], [ -85.717690499999989, 31.5820539 ], [ -85.7302995, 31.5821189 ], [ -85.7306385, 31.5906369 ], [ -85.7342605, 31.597003899999983 ], [ -85.7427315, 31.59472389999998 ], [ -85.7455685, 31.5949759 ], [ -85.747174500000014, 31.596717899999984 ], [ -85.7326475, 31.598806900000056 ], [ -85.7315665, 31.6014979 ], [ -85.7266735, 31.602739899999989 ], [ -85.7175525, 31.600336900000016 ], [ -85.7185725, 31.605696900000048 ], [ -85.7132365, 31.602432899999979 ], [ -85.7122295, 31.600360899999984 ], [ -85.7132935, 31.60053090000001 ] ] ], [ [ [ -85.7116685, 31.600297900000015 ], [ -85.7084505, 31.600836900000012 ], [ -85.7044645, 31.603975899999988 ], [ -85.7022375, 31.6068439 ], [ -85.7013455, 31.612019900000011 ], [ -85.6963585, 31.6154919 ], [ -85.6965695, 31.601716899999964 ], [ -85.6918915, 31.598011900000042 ], [ -85.696684499999989, 31.593488900000015 ], [ -85.6875865, 31.593389899999966 ], [ -85.6878585, 31.585592900000027 ], [ -85.6910035, 31.585640900000026 ], [ -85.6961165, 31.5923819 ], [ -85.7047365, 31.598606899999982 ], [ -85.7115725, 31.5991569 ], [ -85.7116685, 31.600297900000015 ] ] ] ] } },
{ "type": "Feature", "properties": { "state_po": "AL", "congressional_district": "AL-01", "pwsid": "AL0000615", "pws_name": "BLACK WATER WORKS", "population_served_count": 345, "model_method": "Decision Tree", "verification_status": "", "symbology_field": "Modeled", "intersection_area_sq_km": 0.15509700770399026 }, "geometry": { "type": "Polygon", "coordinates": [ [ [ -85.7425105, 31.0093218 ], [ -85.7472875, 31.010797799999978 ], [ -85.7461725, 31.013921800000016 ], [ -85.7437405, 31.013938799999988 ], [ -85.7425105, 31.010112800000048 ], [ -85.7392525, 31.010149800000018 ], [ -85.7425105, 31.0093218 ] ] ] } },
{ "type": "Feature", "properties": { "state_po": "AL", "congressional_district": "AL-01", "pwsid": "AL0000439", "pws_name": "NEWTON, THE WW AND SB OF THE TOWN OF", "population_served_count": 2466, "model_method": "Random Forest", "verification_status": "", "symbology_field": "Modeled", "intersection_area_sq_km": 8.1986556950402001 }, "geometry": { "type": "Polygon", "coordinates": [ [ [ -85.6055574, 31.308564900000015 ], [ -85.6135794, 31.307078899999983 ], [ -85.6105594, 31.308504899999956 ], [ -85.6104864, 31.3111089 ], [ -85.6184214, 31.311400900000013 ], [ -85.6142934, 31.316971899999974 ], [ -85.6110684, 31.318098899999953 ], [ -85.6091184, 31.320798899999971 ], [ -85.6145414, 31.32851590000001 ], [ -85.6206234, 31.3280289 ], [ -85.6207774, 31.329201900000026 ], [ -85.6105694, 31.335942900000045 ], [ -85.612792399999989, 31.33755690000002 ], [ -85.6103244, 31.340484900000014 ], [ -85.606827400000014, 31.339545900000019 ], [ -85.6044414, 31.335709899999983 ], [ -85.5898114, 31.338846899999968 ], [ -85.5833574, 31.336153899999964 ], [ -85.5805294, 31.315987900000021 ], [ -85.5849884, 31.317391899999986 ], [ -85.5905984, 31.321881899999987 ], [ -85.5947604, 31.32156890000001 ], [ -85.5942464, 31.31525089999997 ], [ -85.5973284, 31.3110469 ], [ -85.6043924, 31.304793900000021 ], [ -85.6055574, 31.308564900000015 ] ] ] } },
{ "type": "Feature", "properties": { "state_po": "AL", "congressional_district": "AL-01", "pwsid": "AL0000387", "pws_name": "DOZIER WATER WORKS", "population_served_count": 495, "model_method": "Random Forest", "verification_status": "", "symbology_field": "Modeled", "intersection_area_sq_km": 0.0015699696653797128 }, "geometry": { "type": "MultiPolygon", "coordinates": [ [ [ [ -86.3639667, 31.485540900000011 ], [ -86.363836381273941, 31.48471415342582 ], [ -86.364231889607012, 31.485831819158427 ], [ -86.3639667, 31.485540900000011 ] ] ], [ [ [ -86.359961955222104, 31.486961839288014 ], [ -86.3605067, 31.487089900000022 ], [ -86.360659290184799, 31.487208212914577 ], [ -86.359961955222104, 31.486961839288014 ] ] ] ] } },
{ "type": "Feature", "properties": { "state_po": "AL", "congressional_district": "AL-01", "pwsid": "AL0000384", "pws_name": "SANFORD WATER SYSTEM", "population_served_count": 498, "model_method": "Decision Tree", "verification_status": "", "symbology_field": "Modeled", "intersection_area_sq_km": 0.30669084075092667 }, "geometry": { "type": "Polygon", "coordinates": [ [ [ -86.3796617, 31.2966058 ], [ -86.3773356, 31.2898208 ], [ -86.3848337, 31.294130799999984 ], [ -86.388244700000016, 31.2978828 ], [ -86.3851857, 31.2965018 ], [ -86.3796617, 31.2966058 ] ] ] } },
{ "type": "Feature", "properties": { "state_po": "AL", "congressional_district": "AL-01", "pwsid": "AL0000372", "pws_name": "LOCKHART WATER WORKS", "population_served_count": 720, "model_method": "Random Forest", "verification_status": "", "symbology_field": "Modeled", "intersection_area_sq_km": 1.4379231593374162 }, "geometry": { "type": "Polygon", "coordinates": [ [ [ -86.355122600000016, 31.0082248 ], [ -86.3535806, 31.010698800000018 ], [ -86.3597266, 31.014426799999988 ], [ -86.360322599999989, 31.016370800000011 ], [ -86.3564216, 31.016395800000033 ], [ -86.360324600000013, 31.020061799999961 ], [ -86.3515006, 31.020185800000032 ], [ -86.3493326, 31.016414800000017 ], [ -86.3454746, 31.0142378 ], [ -86.3464196, 31.006017799999977 ], [ -86.3523216, 31.0059938 ], [ -86.355122600000016, 31.0082248 ] ] ] } },
{ "type": "Feature", "properties": { "state_po": "AL", "congressional_district": "AL-01", "pwsid": "AL0000368", "pws_name": "HEATH WATER SYSTEM", "population_served_count": 450, "model_method": "Random Forest", "verification_status": "", "symbology_field": "Modeled", "intersection_area_sq_km": 1.0074768726999497 }, "geometry": { "type": "Polygon", "coordinates": [ [ [ -86.4716127, 31.351255800000011 ], [ -86.4714557, 31.35861580000001 ], [ -86.4745467, 31.358696800000015 ], [ -86.4745357, 31.3617578 ], [ -86.4688027, 31.360649800000019 ], [ -86.4656187, 31.3729028 ], [ -86.4628807, 31.3729908 ], [ -86.4628417, 31.369858799999971 ], [ -86.4597067, 31.3698598 ], [ -86.4596967, 31.36690879999998 ], [ -86.4628217, 31.36265179999997 ], [ -86.4594767, 31.362664800000012 ], [ -86.4595117, 31.359838799999956 ], [ -86.4660977, 31.3612068 ], [ -86.4695777, 31.358190800000056 ], [ -86.4716127, 31.351255800000011 ] ] ] } },
{ "type": "Feature", "properties": { "state_po": "AL", "congressional_district": "AL-01", "pwsid": "AL0000364", "pws_name": "GANTT WATER SYSTEM", "population_served_count": 801, "model_method": "Random Forest", "verification_status": "", "symbology_field": "Modeled", "intersection_area_sq_km": 3.983675845025505 }, "geometry": { "type": "MultiPolygon", "coordinates": [ [ [ [ -86.4778407, 31.4097309 ], [ -86.4801417, 31.407930899999968 ], [ -86.4796767, 31.405949900000017 ], [ -86.480918699999989, 31.4059279 ], [ -86.4808697, 31.399613899999977 ], [ -86.4854107, 31.4018769 ], [ -86.4891677, 31.4019498 ], [ -86.4893827, 31.415592900000011 ], [ -86.4845607, 31.412788899999981 ], [ -86.4810937, 31.416780900000028 ], [ -86.4808577, 31.4097029 ], [ -86.4778407, 31.4097309 ] ] ], [ [ [ -86.4767027, 31.409580900000023 ], [ -86.477879700000017, 31.411775899999988 ], [ -86.4765777, 31.4114799 ], [ -86.4781367, 31.413706900000015 ], [ -86.4779387, 31.4147789 ], [ -86.4761037, 31.413657899999986 ], [ -86.4762087, 31.419283900000018 ], [ -86.4787247, 31.4232109 ], [ -86.4738877, 31.419928899999988 ], [ -86.4720727, 31.4201489 ], [ -86.4716177, 31.422227900000038 ], [ -86.4698027, 31.422310900000017 ], [ -86.4679757, 31.424995899999978 ], [ -86.4684087, 31.4328749 ], [ -86.4592647, 31.43839590000001 ], [ -86.4542567, 31.44348789999998 ], [ -86.4573247, 31.437790899999985 ], [ -86.456490699999989, 31.435502900000024 ], [ -86.4587877, 31.4366679 ], [ -86.4538087, 31.4316309 ], [ -86.4582197, 31.426087900000041 ], [ -86.4576947, 31.423607899999972 ], [ -86.4549897, 31.4227629 ], [ -86.4536137, 31.41979490000001 ], [ -86.4599457, 31.415877900000027 ], [ -86.4634317, 31.4090929 ], [ -86.4671847, 31.408867900000022 ], [ -86.4721937, 31.418548899999983 ], [ -86.4753437, 31.4181259 ], [ -86.4758547, 31.4108139 ], [ -86.4767027, 31.409580900000023 ] ], [ [ -86.4583517, 31.4261579 ], [ -86.4646807, 31.4314979 ], [ -86.4645297, 31.419622899999972 ], [ -86.4618477, 31.416728899999967 ], [ -86.4663547, 31.4095739 ], [ -86.4632057, 31.411058899999958 ], [ -86.4608857, 31.4165649 ], [ -86.4549927, 31.4196189 ], [ -86.4585727, 31.4229949 ], [ -86.4596187, 31.4263119 ], [ -86.4583517, 31.4261579 ] ] ] ] } },
{ "type": "Feature", "properties": { "state_po": "AL", "congressional_district": "AL-01", "pwsid": "AL0000299", "pws_name": "KINSTON WATER WORKS", "population_served_count": 2235, "model_method": "Decision Tree", "verification_status": "", "symbology_field": "Modeled", "intersection_area_sq_km": 3.3465896778524451 }, "geometry": { "type": "Polygon", "coordinates": [ [ [ -86.1703826, 31.21570879999998 ], [ -86.1730906, 31.2142838 ], [ -86.1853246, 31.2144548 ], [ -86.185295599999989, 31.2287798 ], [ -86.1777986, 31.228839800000028 ], [ -86.1726346, 31.221894799999976 ], [ -86.1601786, 31.223101799999977 ], [ -86.1616376, 31.218058800000012 ], [ -86.159212599999989, 31.218258800000026 ], [ -86.1567036, 31.221391800000017 ], [ -86.1499866, 31.22793779999996 ], [ -86.1465086, 31.2162688 ], [ -86.1474176, 31.2114718 ], [ -86.1556286, 31.222342799999986 ], [ -86.1593716, 31.218052800000034 ], [ -86.1650806, 31.2174958 ], [ -86.1648606, 31.2149388 ], [ -86.1679336, 31.214468800000034 ], [ -86.1663746, 31.211183799999983 ], [ -86.1675656, 31.210562800000016 ], [ -86.1703826, 31.21570879999998 ] ] ] } },
{ "type": "Feature", "properties": { "state_po": "AL", "congressional_district": "AL-01", "pwsid": "AL0000570", "pws_name": "RIVERVIEW WATER WORKS", "population_served_count": 903, "model_method": "Random Forest", "verification_status": "", "symbology_field": "Modeled", "intersection_area_sq_km": 1.7100513555225296 }, "geometry": { "type": "MultiPolygon", "coordinates": [ [ [ [ -87.0301438, 31.040582799999985 ], [ -87.0247738, 31.04080880000004 ], [ -87.0211058, 31.035736800000027 ], [ -87.0141678, 31.034638800000064 ], [ -87.0201988, 31.031456800000033 ], [ -87.020755799999989, 31.0276667 ], [ -87.0276658, 31.02647780000002 ], [ -87.0301438, 31.040582799999985 ] ] ], [ [ [ -87.0597358, 31.0603108 ], [ -87.0531418, 31.058917799999971 ], [ -87.0530718, 31.049359799999987 ], [ -87.0558118, 31.049341800000018 ], [ -87.0589328, 31.057410799999985 ], [ -87.0614888, 31.0584268 ], [ -87.061917799999989, 31.059512799999982 ], [ -87.0597358, 31.0603108 ] ] ] ] } },
{ "type": "Feature", "properties": { "state_po": "AL", "congressional_district": "AL-01", "pwsid": "AL0000379", "pws_name": "RIVER FALLS, TOWN OF", "population_served_count": 1035, "model_method": "Random Forest", "verification_status": "", "symbology_field": "Modeled", "intersection_area_sq_km": 2.1967799316076735 }, "geometry": { "type": "MultiPolygon", "coordinates": [ [ [ [ -86.5504297, 31.3434528 ], [ -86.5473207, 31.3453478 ], [ -86.5478707, 31.347833800000011 ], [ -86.5436837, 31.3477848 ], [ -86.5437967, 31.34966080000002 ], [ -86.5476087, 31.350411799999975 ], [ -86.5573387, 31.358149800000032 ], [ -86.5394327, 31.3565198 ], [ -86.5395447, 31.3615468 ], [ -86.5376197, 31.3615798 ], [ -86.5348147, 31.3583908 ], [ -86.5383837, 31.356544799999977 ], [ -86.5381937, 31.35537779999996 ], [ -86.5323647, 31.34869979999997 ], [ -86.5360857, 31.348139799999981 ], [ -86.5349287, 31.3471998 ], [ -86.5374407, 31.3467068 ], [ -86.5380317, 31.3443408 ], [ -86.5406487, 31.344961800000011 ], [ -86.5443167, 31.3408228 ], [ -86.5504297, 31.3434528 ] ] ], [ [ [ -86.5407787, 31.366432800000023 ], [ -86.5383727, 31.3660078 ], [ -86.5380947, 31.365570799999986 ], [ -86.5399117, 31.365464799999973 ], [ -86.5407787, 31.366432800000023 ] ] ] ] } },
{ "type": "Feature", "properties": { "state_po": "AL", "congressional_district": "AL-01", "pwsid": "AL0000378", "pws_name": "RED LEVEL WATER WORKS", "population_served_count": 846, "model_method": "Random Forest", "verification_status": "", "symbology_field": "Modeled", "intersection_area_sq_km": 3.3508978518128747 }, "geometry": { "type": "Polygon", "coordinates": [ [ [ -86.6203447, 31.396887800000027 ], [ -86.6203867, 31.409519799999963 ], [ -86.6237097, 31.4100248 ], [ -86.623666700000015, 31.411820799999965 ], [ -86.6203937, 31.4118488 ], [ -86.6204107, 31.4189598 ], [ -86.6166657, 31.419041800000013 ], [ -86.6139397, 31.4104768 ], [ -86.6118277, 31.411157799999977 ], [ -86.6113937, 31.4230959 ], [ -86.6075287, 31.411823799999983 ], [ -86.6034747, 31.408067800000016 ], [ -86.5990427, 31.407879799999971 ], [ -86.5990357, 31.4055198 ], [ -86.6020267, 31.4069628 ], [ -86.6067467, 31.404705800000013 ], [ -86.6056737, 31.4015908 ], [ -86.602721699999989, 31.4014058 ], [ -86.5979887, 31.397321799999975 ], [ -86.6203447, 31.396887800000027 ] ] ] } },
{ "type": "Feature", "properties": { "state_po": "AL", "congressional_district": "AL-01", "pwsid": "AL0000563", "pws_name": "ESCAMBIA COMMUNITY UTILITIES LLC", "population_served_count": 1500, "model_method": "Random Forest", "verification_status": "", "symbology_field": "Modeled", "intersection_area_sq_km": 2.079372003157836 }, "geometry": { "type": "MultiPolygon", "coordinates": [ [ [ [ -87.4490009, 31.012316699999982 ], [ -87.4544549, 31.012387699999977 ], [ -87.4545769, 31.0250877 ], [ -87.4475899, 31.025310700000013 ], [ -87.4490009, 31.012316699999982 ] ] ], [ [ [ -87.4230699, 31.0260317 ], [ -87.4117729, 31.026362700000043 ], [ -87.4115339, 31.03161770000002 ], [ -87.4073479, 31.0316387 ], [ -87.4076039, 31.02648270000001 ], [ -87.4005339, 31.025539700000035 ], [ -87.4005509, 31.024067700000035 ], [ -87.4117709, 31.023719699999976 ], [ -87.4117899, 31.019987699999938 ], [ -87.4142119, 31.016891699999974 ], [ -87.4230699, 31.0260317 ] ] ] ] } },
{ "type": "Feature", "properties": { "state_po": "AL", "congressional_district": "AL-01", "pwsid": "AL0000559", "pws_name": "FLOMATON WATER WORKS", "population_served_count": 2409, "model_method": "Random Forest", "verification_status": "", "symbology_field": "Modeled", "intersection_area_sq_km": 14.742207514765626 }, "geometry": { "type": "MultiPolygon", "coordinates": [ [ [ [ -87.318476633229523, 30.998388359916675 ], [ -87.3184419, 31.0068707 ], [ -87.3162179, 31.0052127 ], [ -87.3099909, 31.0052127 ], [ -87.310007900000016, 31.011039699999962 ], [ -87.288130900000013, 31.01040469999997 ], [ -87.2908459, 30.998886699999975 ], [ -87.318476633229523, 30.998388359916675 ] ] ], [ [ [ -87.2425849, 31.0210377 ], [ -87.2427959, 31.00608870000001 ], [ -87.2387689, 31.0053207 ], [ -87.238320684149173, 30.996462535778143 ], [ -87.25498, 30.998285 ], [ -87.2762789, 30.9983077 ], [ -87.2761709, 31.001745699999983 ], [ -87.2827579, 31.001399699999975 ], [ -87.2827799, 31.0049897 ], [ -87.2846769, 31.005520699999984 ], [ -87.2846819, 31.012246700000023 ], [ -87.2754109, 31.012254700000028 ], [ -87.2696609, 31.0098507 ], [ -87.2625749, 31.0108987 ], [ -87.2652539, 31.011020700000028 ], [ -87.2630849, 31.0144167 ], [ -87.2695629, 31.020568699999927 ], [ -87.2717819, 31.018927699999953 ], [ -87.2718059, 31.023356700000029 ], [ -87.2546079, 31.023469699999985 ], [ -87.2554849, 31.0305207 ], [ -87.2594839, 31.034143700000062 ], [ -87.2563829, 31.0341017 ], [ -87.2621279, 31.042286700000012 ], [ -87.2572129, 31.046825699999978 ], [ -87.2557329, 31.0430957 ], [ -87.2498189, 31.038939699999986 ], [ -87.246347899999989, 31.0339947 ], [ -87.2508909, 31.034051700000013 ], [ -87.2508949, 31.035798700000015 ], [ -87.2530579, 31.0357947 ], [ -87.253042900000011, 31.034055699999971 ], [ -87.2561229, 31.0340977 ], [ -87.2533259, 31.028734699999983 ], [ -87.2519849, 31.019945699999987 ], [ -87.2439109, 31.0212887 ], [ -87.2425849, 31.0210377 ] ] ], [ [ [ -87.2425829, 31.0220037 ], [ -87.2444009, 31.0268097 ], [ -87.2468069, 31.026830700000023 ], [ -87.2467189, 31.030626699999964 ], [ -87.2443829, 31.034172700000028 ], [ -87.2421509, 31.0342137 ], [ -87.2420069, 31.0270487 ], [ -87.2329699, 31.027121700000016 ], [ -87.2365059, 31.0194097 ], [ -87.2425829, 31.0220037 ] ] ], [ [ [ -87.2628959, 31.039791699999988 ], [ -87.2635889, 31.041613699999967 ], [ -87.2662269, 31.041694700000019 ], [ -87.2663389, 31.043364699999987 ], [ -87.2693419, 31.045089699999977 ], [ -87.2681469, 31.048813700000032 ], [ -87.2644809, 31.04885670000003 ], [ -87.2621279, 31.042286700000012 ], [ -87.2628959, 31.039791699999988 ] ] ] ] } },
{ "type": "Feature", "properties": { "state_po": "AL", "congressional_district": "AL-01", "pwsid": "AL0001006", "pws_name": "MT. VERNON, TOWN OF", "population_served_count": 1878, "model_method": "Random Forest", "verification_status": "", "symbology_field": "Modeled", "intersection_area_sq_km": 8.5566361753875952 }, "geometry": { "type": "MultiPolygon", "coordinates": [ [ [ [ -88.0227731, 31.051957699999971 ], [ -88.0244891, 31.0526157 ], [ -88.0245061, 31.056077699999964 ], [ -88.0311231, 31.056251700000015 ], [ -88.0336901, 31.061466699999958 ], [ -88.0351621, 31.059215699999982 ], [ -88.0398431, 31.0665187 ], [ -88.0384281, 31.071653699999985 ], [ -88.0301721, 31.072505700000036 ], [ -88.0253561, 31.076346699999984 ], [ -88.0266331, 31.071855700000036 ], [ -88.0234881, 31.07623970000002 ], [ -88.0253521, 31.0704787 ], [ -88.0224191, 31.0706327 ], [ -88.0191311, 31.061983700000017 ], [ -88.0227731, 31.051957699999971 ] ] ], [ [ [ -88.0223661, 31.076016700000029 ], [ -88.0162321, 31.0858107 ], [ -88.0180461, 31.086507699999984 ], [ -88.010563100000013, 31.100739699999966 ], [ -88.0096921, 31.1082597 ], [ -88.0055041, 31.108289699999986 ], [ -88.005518099999989, 31.1008017 ], [ -87.9910791, 31.1007337 ], [ -87.9943231, 31.101038699999979 ], [ -87.9942821, 31.10367770000002 ], [ -87.9934621, 31.10561269999998 ], [ -87.9906581, 31.106265699999987 ], [ -87.9893631, 31.106255700000023 ], [ -87.9894021, 31.103804700000012 ], [ -87.9877141, 31.10379070000004 ], [ -87.9878961, 31.100800699999947 ], [ -87.9857521, 31.100576699999976 ], [ -87.9855761, 31.1024297 ], [ -87.9812951, 31.1037337 ], [ -87.9817041, 31.100181700000025 ], [ -87.9837181, 31.099369699999958 ], [ -87.9804321, 31.099199700000028 ], [ -87.9805421, 31.097472700000015 ], [ -87.9850711, 31.097192699999944 ], [ -87.9854991, 31.0949527 ], [ -87.9898771, 31.094954700000013 ], [ -87.991801099999989, 31.092422700000046 ], [ -87.9916591, 31.089081700000026 ], [ -88.0019061, 31.0881257 ], [ -88.0019131, 31.085723699999988 ], [ -88.0096811, 31.08573369999997 ], [ -88.0095631, 31.082340699999971 ], [ -88.0054831, 31.0828877 ], [ -88.0053861, 31.0784577 ], [ -88.0182081, 31.078302699999963 ], [ -88.018216099999989, 31.07477669999998 ], [ -88.0223661, 31.076016700000029 ] ] ] ] } },
{ "type": "Feature", "properties": { "state_po": "AL", "congressional_district": "AL-01", "pwsid": "AL0000438", "pws_name": "MIDLAND CITY WATER DEPARTMENT", "population_served_count": 3300, "model_method": "Random Forest", "verification_status": "", "symbology_field": "Modeled", "intersection_area_sq_km": 6.5035475384893084 }, "geometry": { "type": "Polygon", "coordinates": [ [ [ -85.4848064, 31.310625900000019 ], [ -85.476638400000013, 31.293690900000012 ], [ -85.509586399999989, 31.31595490000003 ], [ -85.5049454, 31.315486899999975 ], [ -85.5051664, 31.31818089999997 ], [ -85.5026654, 31.3195819 ], [ -85.5051364, 31.324361899999978 ], [ -85.5058754, 31.335498900000012 ], [ -85.4886864, 31.335156899999951 ], [ -85.4889354, 31.323338899999985 ], [ -85.4916434, 31.3231979 ], [ -85.4911234, 31.321203900000015 ], [ -85.4861854, 31.3211199 ], [ -85.4784424, 31.325657900000014 ], [ -85.4784454, 31.319680900000062 ], [ -85.473152399999989, 31.319681899999988 ], [ -85.472364399999989, 31.3158449 ], [ -85.476509400000012, 31.316027900000027 ], [ -85.4765554, 31.317643900000036 ], [ -85.478501400000013, 31.3179659 ], [ -85.479124399999989, 31.316153899999989 ], [ -85.4896744, 31.317721900000031 ], [ -85.4916014, 31.3177239 ], [ -85.4765834, 31.3154939 ], [ -85.4845804, 31.316570899999967 ], [ -85.4848064, 31.310625900000019 ] ] ] } },
{ "type": "Feature", "properties": { "state_po": "AL", "congressional_district": "AL-01", "pwsid": "AL0000443", "pws_name": "PINCKARD WATER DEPARTMENT", "population_served_count": 1377, "model_method": "Random Forest", "verification_status": "", "symbology_field": "Modeled", "intersection_area_sq_km": 3.3468938127589944 }, "geometry": { "type": "Polygon", "coordinates": [ [ [ -85.5696084, 31.316262899999977 ], [ -85.5586754, 31.3158589 ], [ -85.5522034, 31.313514899999962 ], [ -85.5523344, 31.320529899999983 ], [ -85.5488534, 31.3207149 ], [ -85.5474564, 31.313576900000037 ], [ -85.543960400000017, 31.313633900000021 ], [ -85.5439384, 31.3120529 ], [ -85.5311754, 31.3093379 ], [ -85.5186274, 31.3105959 ], [ -85.5240584, 31.308301899999972 ], [ -85.5314694, 31.3082309 ], [ -85.5369344, 31.30055489999997 ], [ -85.5455724, 31.309766900000028 ], [ -85.5494384, 31.308827900000036 ], [ -85.5517454, 31.305258900000027 ], [ -85.5579094, 31.304405899999974 ], [ -85.5582164, 31.300191900000037 ], [ -85.5635914, 31.306356899999965 ], [ -85.5644584, 31.3148729 ], [ -85.5696044, 31.314891900000053 ], [ -85.5696084, 31.316262899999977 ] ] ] } },
{ "type": "Feature", "properties": { "state_po": "AL", "congressional_district": "AL-01", "pwsid": "AL0000626", "pws_name": "MALVERN WATER DEPARTMENT", "population_served_count": 1668, "model_method": "Random Forest", "verification_status": "", "symbology_field": "Modeled", "intersection_area_sq_km": 5.2101403849975778 }, "geometry": { "type": "MultiPolygon", "coordinates": [ [ [ [ -85.5132384, 31.136174799999978 ], [ -85.5034564, 31.139199800000018 ], [ -85.5065714, 31.123668800000068 ], [ -85.5147004, 31.127992800000055 ], [ -85.5121494, 31.131892799999989 ], [ -85.5132384, 31.136174799999978 ] ] ], [ [ [ -85.5132384, 31.136174799999978 ], [ -85.5192534, 31.1358838 ], [ -85.519239399999989, 31.133817800000017 ], [ -85.5219654, 31.1336068 ], [ -85.5205144, 31.139435800000012 ], [ -85.5283504, 31.139092800000022 ], [ -85.5282204, 31.137025800000021 ], [ -85.529635399999989, 31.136906800000048 ], [ -85.5297704, 31.1390298 ], [ -85.5357844, 31.138733799999983 ], [ -85.5298144, 31.1460288 ], [ -85.5277144, 31.144304799999958 ], [ -85.5275944, 31.15366779999998 ], [ -85.5256094, 31.15873280000001 ], [ -85.5149514, 31.158554799999955 ], [ -85.5152194, 31.149007799999989 ], [ -85.5169674, 31.1469128 ], [ -85.5213514, 31.146667799999975 ], [ -85.5192324, 31.142890800000028 ], [ -85.5140834, 31.143083800000028 ], [ -85.5125944, 31.1458268 ], [ -85.5091254, 31.147609799999969 ], [ -85.5132384, 31.136174799999978 ] ] ], [ [ [ -85.5358304, 31.1511008 ], [ -85.5301154, 31.1462698 ], [ -85.5357544, 31.145999799999984 ], [ -85.5358304, 31.1511008 ] ] ], [ [ [ -85.5091164, 31.147932800000028 ], [ -85.5066674, 31.157398800000021 ], [ -85.4968834, 31.157759800000022 ], [ -85.5013744, 31.152235800000014 ], [ -85.5091164, 31.147932800000028 ] ] ] ] } },
{ "type": "Feature", "properties": { "state_po": "AL", "congressional_district": "AL-01", "pwsid": "AL0000666", "pws_name": "NEWVILLE WATER SYSTEM", "population_served_count": 900, "model_method": "Random Forest", "verification_status": "", "symbology_field": "Modeled", "intersection_area_sq_km": 3.0104810406268427 }, "geometry": { "type": "MultiPolygon", "coordinates": [ [ [ [ -85.3365884, 31.420496900000025 ], [ -85.3356984, 31.417053899999974 ], [ -85.3394044, 31.414944900000012 ], [ -85.3365884, 31.420496900000025 ] ] ], [ [ [ -85.3338124, 31.418634899999972 ], [ -85.3389494, 31.4221679 ], [ -85.3686424, 31.422974899999989 ], [ -85.3534774, 31.4227459 ], [ -85.3534034, 31.43060289999994 ], [ -85.346925399999989, 31.428897899999942 ], [ -85.3508694, 31.435257899999989 ], [ -85.3307624, 31.4351699 ], [ -85.3335524, 31.419814900000027 ], [ -85.3278374, 31.413520900000023 ], [ -85.3338124, 31.418634899999972 ] ] ] ] } },
{ "type": "Feature", "properties": { "state_po": "AL", "congressional_district": "AL-01", "pwsid": "AL0000689", "pws_name": "KINSEY WATER SYSTEM", "population_served_count": 2010, "model_method": "Random Forest", "verification_status": "", "symbology_field": "Modeled", "intersection_area_sq_km": 6.0269719302758968 }, "geometry": { "type": "Polygon", "coordinates": [ [ [ -85.3485254, 31.270204900000014 ], [ -85.3572374, 31.2703799 ], [ -85.3609324, 31.272178900000032 ], [ -85.3654004, 31.2763829 ], [ -85.3654004, 31.277952899999981 ], [ -85.3635414, 31.277889899999987 ], [ -85.3638934, 31.284274899999986 ], [ -85.3568914, 31.284918900000012 ], [ -85.3491044, 31.28972390000003 ], [ -85.3453324, 31.293654899999975 ], [ -85.345636399999989, 31.300478899999987 ], [ -85.3406164, 31.300114899999979 ], [ -85.3406264, 31.303551899999988 ], [ -85.3357804, 31.3033909 ], [ -85.3358664, 31.30036889999996 ], [ -85.3442724, 31.29926690000001 ], [ -85.3442504, 31.292636899999984 ], [ -85.3438774, 31.291586900000016 ], [ -85.3315214, 31.29121390000002 ], [ -85.3316024, 31.2774859 ], [ -85.3358874, 31.27280290000002 ], [ -85.3433244, 31.273235899999982 ], [ -85.3485254, 31.270204900000014 ] ] ] } },
{ "type": "Feature", "properties": { "state_po": "AL", "congressional_district": "AL-01", "pwsid": "AL0000678", "pws_name": "COWARTS WATER SYSTEM", "population_served_count": 2262, "model_method": "Random Forest", "verification_status": "", "symbology_field": "Modeled", "intersection_area_sq_km": 9.2919259782067574 }, "geometry": { "type": "MultiPolygon", "coordinates": [ [ [ [ -85.3036753, 31.177753800000037 ], [ -85.3162543, 31.182588799999969 ], [ -85.3162553, 31.189157799999983 ], [ -85.3254143, 31.189209800000018 ], [ -85.3245383, 31.1947798 ], [ -85.3192293, 31.1939748 ], [ -85.3077513, 31.199008800000016 ], [ -85.3076883, 31.2004658 ], [ -85.3159423, 31.204042800000018 ], [ -85.3127293, 31.2123418 ], [ -85.3104113, 31.213421799999985 ], [ -85.3045763, 31.206254800000025 ], [ -85.3027983, 31.218609800000021 ], [ -85.2957893, 31.223226899999961 ], [ -85.2856823, 31.223723899999982 ], [ -85.2860923, 31.210533799999975 ], [ -85.2844473, 31.21022879999995 ], [ -85.2839263, 31.2052418 ], [ -85.2818363, 31.204242800000046 ], [ -85.293180300000017, 31.20311880000002 ], [ -85.3005843, 31.200226800000035 ], [ -85.3008683, 31.1985458 ], [ -85.3037753, 31.197065800000018 ], [ -85.3033613, 31.1923388 ], [ -85.2948683, 31.19091179999997 ], [ -85.2949273, 31.187675800000015 ], [ -85.2926483, 31.187850800000025 ], [ -85.2923423, 31.183891800000019 ], [ -85.2954153, 31.181771799999982 ], [ -85.3036993, 31.181751800000011 ], [ -85.3036753, 31.177753800000037 ] ] ], [ [ [ -85.3215293, 31.202641799999974 ], [ -85.3186753, 31.2056738 ], [ -85.3160123, 31.204078799999962 ], [ -85.3197743, 31.201414800000027 ], [ -85.3215293, 31.202641799999974 ] ] ] ] } },
{ "type": "Feature", "properties": { "state_po": "AL", "congressional_district": "AL-01", "pwsid": "AL0000708", "pws_name": "WEBB WATER SYSTEM", "population_served_count": 1521, "model_method": "Decision Tree", "verification_status": "", "symbology_field": "Modeled", "intersection_area_sq_km": 4.5747757001422924 }, "geometry": { "type": "Polygon", "coordinates": [ [ [ -85.277668300000016, 31.245304899999958 ], [ -85.2784713, 31.2342789 ], [ -85.3013353, 31.2464819 ], [ -85.3118753, 31.241767900000017 ], [ -85.2977233, 31.2484889 ], [ -85.2979393, 31.251630899999967 ], [ -85.2869643, 31.255729900000016 ], [ -85.2863433, 31.258175900000026 ], [ -85.2837423, 31.2569099 ], [ -85.2794083, 31.2577489 ], [ -85.2766383, 31.260613899999981 ], [ -85.2810293, 31.2661779 ], [ -85.2752263, 31.265300899999978 ], [ -85.2644583, 31.266749899999976 ], [ -85.2728453, 31.260898899999983 ], [ -85.2710963, 31.260197900000023 ], [ -85.2713123, 31.256061900000049 ], [ -85.2760363, 31.2575499 ], [ -85.2757523, 31.245219900000031 ], [ -85.277668300000016, 31.245304899999958 ] ] ] } },
{ "type": "Feature", "properties": { "state_po": "AL", "congressional_district": "AL-01", "pwsid": "AL0001511", "pws_name": "AVON WATER SYSTEM", "population_served_count": 495, "model_method": "Random Forest", "verification_status": "", "symbology_field": "Modeled", "intersection_area_sq_km": 4.053424543665586 }, "geometry": { "type": "Polygon", "coordinates": [ [ [ -85.2867263, 31.1699268 ], [ -85.2949373, 31.1696188 ], [ -85.2951363, 31.176842800000017 ], [ -85.2907013, 31.1767178 ], [ -85.2906533, 31.179739800000014 ], [ -85.2868143, 31.180680799999955 ], [ -85.2907303, 31.180814800000046 ], [ -85.2900053, 31.1875608 ], [ -85.2923633, 31.187627799999976 ], [ -85.2914063, 31.190492800000019 ], [ -85.2948603, 31.191284799999966 ], [ -85.2748113, 31.190559799999985 ], [ -85.2757293, 31.1875488 ], [ -85.2743513, 31.185321799999986 ], [ -85.2710143, 31.1843458 ], [ -85.2694983, 31.175906800000021 ], [ -85.2792313, 31.171936799999973 ], [ -85.2867083, 31.171541799999982 ], [ -85.2867263, 31.1699268 ] ] ] } },
{ "type": "Feature", "properties": { "state_po": "AL", "congressional_district": "AL-01", "pwsid": "AL0000669", "pws_name": "WILLS CROSS ROADS WATER SYSTEM", "population_served_count": 540, "model_method": "Random Forest", "verification_status": "", "symbology_field": "Modeled", "intersection_area_sq_km": 0.82482544422785498 }, "geometry": { "type": "MultiPolygon", "coordinates": [ [ [ [ -85.181576300000017, 31.549468900000019 ], [ -85.1794753, 31.55659990000002 ], [ -85.1861123, 31.557035900000027 ], [ -85.2016763, 31.560688899999988 ], [ -85.1938333, 31.561165900000017 ], [ -85.1826843, 31.557004900000027 ], [ -85.1825873, 31.559374899999987 ], [ -85.1798373, 31.559302899999963 ], [ -85.1793733, 31.5565989 ], [ -85.1731873, 31.5563129 ], [ -85.181576300000017, 31.549468900000019 ] ] ], [ [ [ -85.180135299999989, 31.5768059 ], [ -85.1788153, 31.579626900000044 ], [ -85.1755383, 31.5814649 ], [ -85.1754613, 31.5761469 ], [ -85.180135299999989, 31.5768059 ] ] ] ] } },
{ "type": "Feature", "properties": { "state_po": "AL", "congressional_district": "AL-01", "pwsid": "AL0000676", "pws_name": "COLUMBIA WATER WORKS", "population_served_count": 1179, "model_method": "Random Forest", "verification_status": "", "symbology_field": "Modeled", "intersection_area_sq_km": 2.6097926180733269 }, "geometry": { "type": "Polygon", "coordinates": [ [ [ -85.1134383, 31.283750899999955 ], [ -85.1158463, 31.2845339 ], [ -85.1233693, 31.293558899999972 ], [ -85.1265833, 31.29345990000002 ], [ -85.1274083, 31.296415900000021 ], [ -85.1210753, 31.3024439 ], [ -85.1147763, 31.3005599 ], [ -85.1121713, 31.297650899999983 ], [ -85.1104693, 31.297181899999973 ], [ -85.1098923, 31.299482899999969 ], [ -85.1051363, 31.297066899999958 ], [ -85.1059423, 31.292185899999982 ], [ -85.1041053, 31.2905369 ], [ -85.1134383, 31.283750899999955 ] ] ] } },
{ "type": "Feature", "properties": { "state_po": "AL", "congressional_district": "AL-01", "pwsid": "AL0000685", "pws_name": "GORDON, TOWN OF", "population_served_count": 414, "model_method": "Random Forest", "verification_status": "", "symbology_field": "Modeled", "intersection_area_sq_km": 2.0697941932032817 }, "geometry": { "type": "MultiPolygon", "coordinates": [ [ [ [ -85.0791393, 31.139045800000027 ], [ -85.0912973, 31.141560799999972 ], [ -85.1000123, 31.1412778 ], [ -85.0958233, 31.148963800000026 ], [ -85.0840053, 31.144202800000031 ], [ -85.0791393, 31.139045800000027 ] ] ], [ [ [ -85.0636333, 31.141606799999973 ], [ -85.064778300000015, 31.139889799999981 ], [ -85.0703183, 31.142019799999968 ], [ -85.0739673, 31.138147799999974 ], [ -85.0759943, 31.13795780000002 ], [ -85.0760413, 31.155542799999985 ], [ -85.0636333, 31.141606799999973 ] ] ] ] } },
{ "type": "Feature", "properties": { "state_po": "AL", "congressional_district": "AL-01", "pwsid": "GA0610001", "pws_name": "FORT GAINES", "population_served_count": 1173, "model_method": "Random Forest", "verification_status": "", "symbology_field": "Modeled", "intersection_area_sq_km": 0.0025001289583296872 }, "geometry": { "type": "MultiPolygon", "coordinates": [ [ [ [ -85.055976, 31.605178 ], [ -85.055981979455865, 31.605119250648222 ], [ -85.055981972381133, 31.605184851897803 ], [ -85.055976, 31.605178 ] ] ], [ [ [ -85.057310731381932, 31.606709250224068 ], [ -85.057317669452175, 31.606713845775332 ], [ -85.057314, 31.606713 ], [ -85.057310731381932, 31.606709250224068 ] ] ], [ [ [ -85.0603963, 31.6077489 ], [ -85.060548057144345, 31.608313659367035 ], [ -85.059702020161453, 31.607268765757667 ], [ -85.0603963, 31.6077489 ] ] ], [ [ [ -85.060418, 31.611271 ], [ -85.060420935657461, 31.611204249308269 ], [ -85.059518411378818, 31.612682032523505 ], [ -85.060418, 31.611271 ] ] ], [ [ [ -85.0583343, 31.6145519 ], [ -85.057505716079291, 31.617568931386867 ], [ -85.058549923547318, 31.614201068172715 ], [ -85.0583343, 31.6145519 ] ] ] ] } },
{ "type": "Feature", "properties": { "state_po": "AL", "congressional_district": "AL-01", "pwsid": "AL0000693", "pws_name": "NAPIER FIELD WATER SYSTEM", "population_served_count": 2382, "model_method": null, "verification_status": "", "symbology_field": "System Sourced", "intersection_area_sq_km": 8.889890959535796 }, "geometry": { "type": "MultiPolygon", "coordinates": [ [ [ [ -85.4388919, 31.313412499999973 ], [ -85.4382865, 31.327767200000032 ], [ -85.4260221, 31.3277938 ], [ -85.4285443, 31.322213 ], [ -85.4374168, 31.322214300000038 ], [ -85.4374673, 31.3082159 ], [ -85.4335453, 31.307652099999956 ], [ -85.4287542, 31.2891132 ], [ -85.4497762, 31.2864616 ], [ -85.454757, 31.289155600000019 ], [ -85.4603691, 31.290065100000014 ], [ -85.4601217, 31.304377900000016 ], [ -85.4654903, 31.305693099999989 ], [ -85.4681256, 31.309274899999945 ], [ -85.4723637, 31.3094168 ], [ -85.4722749, 31.312860799999967 ], [ -85.454632800000013, 31.314239699999963 ], [ -85.4440606, 31.308164399999971 ], [ -85.4388919, 31.313412499999973 ] ] ], [ [ [ -85.439445, 31.322247 ], [ -85.4393999, 31.322246199999981 ], [ -85.4393998, 31.322240600000018 ], [ -85.439445, 31.322247 ] ] ] ] } },
{ "type": "Feature", "properties": { "state_po": "AL", "congressional_district": "AL-01", "pwsid": "FL1170126", "pws_name": "CENTRAL WATER WORKS", "population_served_count": 2560, "model_method": null, "verification_status": null, "symbology_field": "System Sourced", "intersection_area_sq_km": 0.0043428090604177355 }, "geometry": { "type": "MultiPolygon", "coordinates": [ [ [ [ -87.367081982721999, 30.998277329951758 ], [ -87.3653866, 30.998306900000014 ], [ -87.365143325698369, 30.998239885903288 ], [ -87.367081982721999, 30.998277329951758 ] ] ], [ [ [ -87.338666535452262, 30.998266118665949 ], [ -87.3342757, 30.9983162 ], [ -87.334050694450525, 30.998271904258846 ], [ -87.338666535452262, 30.998266118665949 ] ] ], [ [ [ -87.332063097035061, 30.998286458090085 ], [ -87.3311459, 30.998298699999964 ], [ -87.331070039621181, 30.99829396261098 ], [ -87.332063097035061, 30.998286458090085 ] ] ], [ [ [ -87.287983325944694, 30.998341969317025 ], [ -87.2851456, 30.998361699999986 ], [ -87.284958089059643, 30.998331967830534 ], [ -87.287983325944694, 30.998341969317025 ] ] ], [ [ [ -87.283368304684572, 30.998326678923508 ], [ -87.2824044, 30.9983689 ], [ -87.282204910973149, 30.998322794106993 ], [ -87.283368304684572, 30.998326678923508 ] ] ] ] } },
{ "type": "Feature", "properties": { "state_po": "AL", "congressional_district": "AL-01", "pwsid": "FL1300247", "pws_name": "ESTO, TOWN OF", "population_served_count": 360, "model_method": null, "verification_status": null, "symbology_field": "System Sourced", "intersection_area_sq_km": 0.035004690326685725 }, "geometry": { "type": "Polygon", "coordinates": [ [ [ -85.664689560432237, 30.995846289500626 ], [ -85.6641964, 30.996148 ], [ -85.652182678847026, 30.995926173786522 ], [ -85.664689560432237, 30.995846289500626 ] ] ] } },
{ "type": "Feature", "properties": { "state_po": "AL", "congressional_district": "AL-01", "pwsid": "FL1460416", "pws_name": "LAUREL HILL, CITY OF", "population_served_count": 1802, "model_method": null, "verification_status": null, "symbology_field": "System Sourced", "intersection_area_sq_km": 0.25296088194719618 }, "geometry": { "type": "MultiPolygon", "coordinates": [ [ [ [ -86.531132557416072, 30.993754618263054 ], [ -86.5256619, 30.994089200000058 ], [ -86.525178899281386, 30.993483726831411 ], [ -86.531132557416072, 30.993754618263054 ] ] ], [ [ [ -86.519938, 30.993245 ], [ -86.5221574, 30.993984199999971 ], [ -86.512640574323214, 30.993694606454632 ], [ -86.519938, 30.993245 ] ] ], [ [ [ -86.494096091371247, 30.993433468343628 ], [ -86.4926309, 30.994031799999956 ], [ -86.492246817347734, 30.993462931157158 ], [ -86.494096091371247, 30.993433468343628 ] ] ], [ [ [ -86.486947415461785, 30.993547190947289 ], [ -86.4800911, 30.994146500000042 ], [ -86.4795698, 30.993693200000031 ], [ -86.486947415461785, 30.993547190947289 ] ] ], [ [ [ -86.413801981874187, 30.994004574303947 ], [ -86.4203393, 30.9947479 ], [ -86.4137876, 30.994385900000012 ], [ -86.413801981874187, 30.994004574303947 ] ] ], [ [ [ -86.4054825, 30.9941361 ], [ -86.4032908, 30.9947939 ], [ -86.4006304, 30.994370899999975 ], [ -86.400631269102647, 30.994089748050545 ], [ -86.4054825, 30.9941361 ] ] ], [ [ [ -86.399244998951545, 30.994102908481818 ], [ -86.3955932, 30.9947942 ], [ -86.395106380464952, 30.994142095048705 ], [ -86.399244998951545, 30.994102908481818 ] ] ] ] } },
{ "type": "Feature", "properties": { "state_po": "AL", "congressional_district": "AL-01", "pwsid": "FL1464068", "pws_name": "OKALOOSA WATERWORKS (FORMERLY BLACKMAN)", "population_served_count": 812, "model_method": null, "verification_status": null, "symbology_field": "System Sourced", "intersection_area_sq_km": 0.19060252421707896 }, "geometry": { "type": "MultiPolygon", "coordinates": [ [ [ [ -86.7094386, 30.9952679 ], [ -86.7047328, 30.9952513 ], [ -86.704280944474334, 30.994691349051021 ], [ -86.706261, 30.994703 ], [ -86.7094386, 30.9952679 ] ] ], [ [ [ -86.717806366258628, 30.996013268605513 ], [ -86.7130205, 30.99606390000001 ], [ -86.712569402528757, 30.995419086886631 ], [ -86.717806366258628, 30.996013268605513 ] ] ], [ [ [ -86.642872376978914, 30.994664648331124 ], [ -86.6484237, 30.995303900000028 ], [ -86.6428722, 30.99489160000002 ], [ -86.642872376978914, 30.994664648331124 ] ] ], [ [ [ -86.629398777572419, 30.994743222468575 ], [ -86.6218506, 30.99538159999998 ], [ -86.621366355410473, 30.99479207601755 ], [ -86.629398777572419, 30.994743222468575 ] ] ], [ [ [ -86.572625325676057, 30.995080410223188 ], [ -86.5679686, 30.99552120000002 ], [ -86.567464598042108, 30.995112337105347 ], [ -86.572625325676057, 30.995080410223188 ] ] ], [ [ [ -86.561624830522504, 30.995140795052617 ], [ -86.5598097, 30.995291 ], [ -86.559375323224344, 30.995038653527327 ], [ -86.561624830522504, 30.995140795052617 ] ] ], [ [ [ -86.555718089338129, 30.994872494610174 ], [ -86.5543019, 30.995116100000022 ], [ -86.553867376956063, 30.994788365088844 ], [ -86.555718089338129, 30.994872494610174 ] ] ] ] } },
{ "type": "Feature", "properties": { "state_po": "AL", "congressional_district": "AL-01", "pwsid": "FL1570064", "pws_name": "BERRYDALE WATER SYSTEM", "population_served_count": 2800, "model_method": null, "verification_status": null, "symbology_field": "System Sourced", "intersection_area_sq_km": 0.035580097045024059 }, "geometry": { "type": "MultiPolygon", "coordinates": [ [ [ [ -87.0434031, 30.9995064 ], [ -87.0413335, 30.999675 ], [ -87.0390494, 30.999670799999986 ], [ -87.038677126208043, 30.999504944843622 ], [ -87.0434031, 30.9995064 ] ] ], [ [ [ -87.038098373473147, 30.999465651834036 ], [ -87.0352759, 30.9996135 ], [ -87.03482465325186, 30.999332571881482 ], [ -87.038098373473147, 30.999465651834036 ] ] ], [ [ [ -87.032942922580602, 30.999313707663624 ], [ -87.0281487, 30.999691 ], [ -87.027625622899691, 30.999260229619871 ], [ -87.032942922580602, 30.999313707663624 ] ] ] ] } },
{ "type": "Feature", "properties": { "state_po": "AL", "congressional_district": "AL-01", "pwsid": "FL1660524", "pws_name": "CITY OF PAXTON", "population_served_count": 1578, "model_method": null, "verification_status": null, "symbology_field": "System Sourced", "intersection_area_sq_km": 0.1481889636554691 }, "geometry": { "type": "MultiPolygon", "coordinates": [ [ [ [ -86.378129154084903, 30.9943996960791 ], [ -86.3748534, 30.994945299999987 ], [ -86.372850746421548, 30.994474990886939 ], [ -86.378129154084903, 30.9943996960791 ] ] ], [ [ [ -86.369678799383692, 30.994476776469259 ], [ -86.3678201, 30.994938699999981 ], [ -86.367297938789491, 30.994467077317559 ], [ -86.369678799383692, 30.994476776469259 ] ] ], [ [ [ -86.365483406782289, 30.994457916308111 ], [ -86.3649227, 30.994932299999977 ], [ -86.363676424147911, 30.994446379770096 ], [ -86.365483406782289, 30.994457916308111 ] ] ], [ [ [ -86.362496531327977, 30.99443810176227 ], [ -86.3565877, 30.995077 ], [ -86.356101307301202, 30.994393015247521 ], [ -86.362496531327977, 30.99443810176227 ] ] ], [ [ [ -86.336206949320982, 30.994252413764624 ], [ -86.3350895, 30.994716 ], [ -86.334148153666945, 30.994237753375014 ], [ -86.336206949320982, 30.994252413764624 ] ] ], [ [ [ -86.31138616502092, 30.994077111739973 ], [ -86.3058339, 30.9944728 ], [ -86.303140631652482, 30.994007132474515 ], [ -86.31138616502092, 30.994077111739973 ] ] ], [ [ [ -86.302077265297712, 30.993991142870929 ], [ -86.2971591, 30.994122800000053 ], [ -86.296725558680876, 30.993910547091104 ], [ -86.302077265297712, 30.993991142870929 ] ] ], [ [ [ -86.294248705528247, 30.99387332802684 ], [ -86.2895311, 30.9941026 ], [ -86.289073155420155, 30.993798287827925 ], [ -86.294248705528247, 30.99387332802684 ] ] ] ] } }
]
}
