{
"type": "FeatureCollection",
"name": "mt_service_areas",
"crs": { "type": "name", "properties": { "name": "urn:ogc:def:crs:OGC:1.3:CRS84" } },
"features": [
{ "type": "Feature", "properties": { "state_po": "MT", "congressional_district": "MT-02", "pwsid": "MT0000158", "pws_name": "BOULDER  CITY OF", "population_served_count": 1400, "model_method": "Random Forest", "verification_status": "", "symbology_field": "Modeled", "intersection_area_sq_km": 2.8014092246062221 }, "geometry": { "type": "Polygon", "coordinates": [ [ [ -112.1215847, 46.226446600000017 ], [ -112.1223167, 46.228796600000017 ], [ -112.1315507, 46.2288706 ], [ -112.131514699999983, 46.236352600000018 ], [ -112.1288177, 46.237587599999983 ], [ -112.1314997, 46.241489600000023 ], [ -112.1174167, 46.245464600000055 ], [ -112.1165617, 46.243437600000021 ], [ -112.1055167, 46.236152600000025 ], [ -112.1054957, 46.23305060000002 ], [ -112.1112217, 46.235946599999956 ], [ -112.1106177, 46.228702599999977 ], [ -112.1163467, 46.228769600000021 ], [ -112.1173517, 46.224145599999957 ], [ -112.1215847, 46.226446600000017 ] ] ] } },
{ "type": "Feature", "properties": { "state_po": "MT", "congressional_district": "MT-02", "pwsid": "MT0000359", "pws_name": "WHITEHALL  TOWN OF", "population_served_count": 1500, "model_method": "Random Forest", "verification_status": "", "symbology_field": "Modeled", "intersection_area_sq_km": 1.9358928647650258 }, "geometry": { "type": "MultiPolygon", "coordinates": [ [ [ [ -112.0974916, 45.865332499999973 ], [ -112.0987966, 45.866381499999981 ], [ -112.1081936, 45.866165500000037 ], [ -112.108422600000011, 45.87054849999997 ], [ -112.1118726, 45.871550499999984 ], [ -112.10838360000001, 45.8727955 ], [ -112.1085736, 45.87408749999998 ], [ -112.103264599999989, 45.874112499999967 ], [ -112.1025626, 45.877430499999967 ], [ -112.0953466, 45.8764655 ], [ -112.0953256, 45.874186500000036 ], [ -112.092777599999977, 45.8742035 ], [ -112.0925966, 45.876235500000028 ], [ -112.0876256, 45.875991499999969 ], [ -112.0876466, 45.8742245 ], [ -112.0851386, 45.874233500000038 ], [ -112.0864816, 45.870652500000034 ], [ -112.0766986, 45.870696499999923 ], [ -112.0766796, 45.867341499999945 ], [ -112.0945376, 45.8687085 ], [ -112.0974916, 45.865332499999973 ] ] ], [ [ [ -112.1133146, 45.868861499999973 ], [ -112.11193560000001, 45.8702165 ], [ -112.1103976, 45.8700415 ], [ -112.1133146, 45.868861499999973 ] ] ], [ [ [ -112.1146596, 45.873506499999969 ], [ -112.1123106, 45.874306499999982 ], [ -112.1119856, 45.873114500000014 ], [ -112.1146596, 45.873506499999969 ] ] ] ] } },
{ "type": "Feature", "properties": { "state_po": "MT", "congressional_district": "MT-02", "pwsid": "MT0000058", "pws_name": "ROCKY MOUNTAIN WUA", "population_served_count": 30, "model_method": "Random Forest", "verification_status": "", "symbology_field": "Modeled", "intersection_area_sq_km": 0.012963379559139569 }, "geometry": { "type": "Polygon", "coordinates": [ [ [ -112.0260817, 46.3900056 ], [ -112.0262157, 46.3914586 ], [ -112.0251477, 46.39101860000001 ], [ -112.0260817, 46.3900056 ] ] ] } },
{ "type": "Feature", "properties": { "state_po": "MT", "congressional_district": "MT-02", "pwsid": "MT0000175", "pws_name": "CHOTEAU  CITY OF", "population_served_count": 1691, "model_method": "Random Forest", "verification_status": "", "symbology_field": "Modeled", "intersection_area_sq_km": 2.3268286604127009 }, "geometry": { "type": "MultiPolygon", "coordinates": [ [ [ [ -112.173202, 47.803234700000019 ], [ -112.191588, 47.804609699999979 ], [ -112.191547, 47.807648700000058 ], [ -112.193895, 47.808982699999937 ], [ -112.19418, 47.818263700000024 ], [ -112.193875, 47.820673700000022 ], [ -112.189829, 47.820664699999945 ], [ -112.192237, 47.823667700000023 ], [ -112.18599, 47.8170197 ], [ -112.175732, 47.8170077 ], [ -112.174485, 47.82071670000002 ], [ -112.169106, 47.820678699999952 ], [ -112.169013, 47.8169007 ], [ -112.163419, 47.816733700000029 ], [ -112.164352, 47.815162699999966 ], [ -112.171109, 47.81578970000001 ], [ -112.171089, 47.814286699999961 ], [ -112.177288, 47.813320700000013 ], [ -112.17817, 47.814328699999955 ], [ -112.181829, 47.812935700000068 ], [ -112.173202, 47.803234700000019 ] ] ], [ [ [ -112.183128, 47.820723699999974 ], [ -112.180901, 47.820734700000024 ], [ -112.180609, 47.817412699999949 ], [ -112.183067, 47.818501699999963 ], [ -112.183128, 47.820723699999974 ] ] ] ] } },
{ "type": "Feature", "properties": { "state_po": "MT", "congressional_district": "MT-02", "pwsid": "MT0001793", "pws_name": "NORTH FORESTVALE HOMEOWNERS", "population_served_count": 98, "model_method": "Random Forest", "verification_status": "", "symbology_field": "Modeled", "intersection_area_sq_km": 0.22085971802220378 }, "geometry": { "type": "MultiPolygon", "coordinates": [ [ [ [ -112.160035799999989, 46.67469760000003 ], [ -112.1517698, 46.6662066 ], [ -112.1616628, 46.67485660000002 ], [ -112.160035799999989, 46.67469760000003 ] ] ], [ [ [ -112.1494138, 46.668672599999972 ], [ -112.1509598, 46.674397599999971 ], [ -112.1484558, 46.673963600000015 ], [ -112.1494138, 46.668672599999972 ] ] ] ] } },
{ "type": "Feature", "properties": { "state_po": "MT", "congressional_district": "MT-02", "pwsid": "MT0004288", "pws_name": "BLUE CLOUD SUBDIVISION", "population_served_count": 60, "model_method": "Random Forest", "verification_status": "", "symbology_field": "Modeled", "intersection_area_sq_km": 0.10280350304112121 }, "geometry": { "type": "MultiPolygon", "coordinates": [ [ [ [ -112.1007278, 46.622847599999943 ], [ -112.1032238, 46.622099599999963 ], [ -112.1032418, 46.622727600000019 ], [ -112.1007278, 46.622847599999943 ] ] ], [ [ [ -112.0989278, 46.624599599999968 ], [ -112.099004799999989, 46.626109600000028 ], [ -112.0968288, 46.625838599999987 ], [ -112.0966268, 46.6229696 ], [ -112.1007278, 46.622847599999943 ], [ -112.1008108, 46.624560599999988 ], [ -112.0989278, 46.624599599999968 ] ] ] ] } },
{ "type": "Feature", "properties": { "state_po": "MT", "congressional_district": "MT-02", "pwsid": "MT0004697", "pws_name": "BROADWATER ESTATES HOA", "population_served_count": 40, "model_method": "Random Forest", "verification_status": "", "symbology_field": "Modeled", "intersection_area_sq_km": 0.23199950653624937 }, "geometry": { "type": "Polygon", "coordinates": [ [ [ -112.1130408, 46.5936776 ], [ -112.1055158, 46.599454599999952 ], [ -112.0970798, 46.602128599999965 ], [ -112.0964598, 46.60027659999998 ], [ -112.1130408, 46.5936776 ] ] ] } },
{ "type": "Feature", "properties": { "state_po": "MT", "congressional_district": "MT-02", "pwsid": "MT0004778", "pws_name": "BYNUM  - TETON CO W & S DISTRICT", "population_served_count": 100, "model_method": "Random Forest", "verification_status": "", "symbology_field": "Modeled", "intersection_area_sq_km": 0.34874511620322396 }, "geometry": { "type": "Polygon", "coordinates": [ [ [ -112.4809962, 48.063413699999934 ], [ -112.4809952, 48.069352699999989 ], [ -112.4705342, 48.067170699999963 ], [ -112.4751232, 48.0633827 ], [ -112.4809962, 48.063413699999934 ] ] ] } },
{ "type": "Feature", "properties": { "state_po": "MT", "congressional_district": "MT-02", "pwsid": "MT0000591", "pws_name": "FOREST PARK WATER USERS ASSOCIATION", "population_served_count": 323, "model_method": "Random Forest", "verification_status": "", "symbology_field": "Modeled", "intersection_area_sq_km": 5.1809294168587812 }, "geometry": { "type": "Polygon", "coordinates": [ [ [ -111.991376699999989, 46.4947436 ], [ -111.9834137, 46.495873599999975 ], [ -111.9820237, 46.5004436 ], [ -111.9723137, 46.500103600000024 ], [ -111.9671277, 46.503754600000022 ], [ -111.9672577, 46.514427600000026 ], [ -111.9576037, 46.51456959999993 ], [ -111.9548707, 46.510921599999953 ], [ -111.9509107, 46.50966259999997 ], [ -111.9541897, 46.504189599999989 ], [ -111.952505699999989, 46.501449600000015 ], [ -111.953559700000014, 46.499072599999984 ], [ -111.9692657, 46.489352600000018 ], [ -111.9784967, 46.477201599999972 ], [ -111.9836357, 46.477725600000035 ], [ -111.9832337, 46.4866246 ], [ -111.988303699999989, 46.488468600000061 ], [ -111.991376699999989, 46.4947436 ] ] ] } },
{ "type": "Feature", "properties": { "state_po": "MT", "congressional_district": "MT-02", "pwsid": "MT0000615", "pws_name": "CAMELOT HOA", "population_served_count": 96, "model_method": "Random Forest", "verification_status": "", "symbology_field": "Modeled", "intersection_area_sq_km": 0.0088543883870819753 }, "geometry": { "type": "Polygon", "coordinates": [ [ [ -112.3003038, 46.750387599999982 ], [ -112.301583799999989, 46.7512306 ], [ -112.3006688, 46.751427599999985 ], [ -112.3003038, 46.750387599999982 ] ] ] } },
{ "type": "Feature", "properties": { "state_po": "MT", "congressional_district": "MT-02", "pwsid": "MT0001649", "pws_name": "MILLER COLONY", "population_served_count": 84, "model_method": "Random Forest", "verification_status": "", "symbology_field": "Modeled", "intersection_area_sq_km": 0.13414715214533457 }, "geometry": { "type": "Polygon", "coordinates": [ [ [ -112.2976911, 47.9263657 ], [ -112.2976911, 47.927934700000037 ], [ -112.2865891, 47.927946699999971 ], [ -112.286594099999988, 47.926319699999972 ], [ -112.2976911, 47.9263657 ] ] ] } },
{ "type": "Feature", "properties": { "state_po": "MT", "congressional_district": "MT-02", "pwsid": "MT0001778", "pws_name": "ROCKPORT COLONY", "population_served_count": 92, "model_method": "Random Forest", "verification_status": "", "symbology_field": "Modeled", "intersection_area_sq_km": 0.012588772736868219 }, "geometry": { "type": "Polygon", "coordinates": [ [ [ -112.2992341, 48.07247269999997 ], [ -112.3006971, 48.073474699999977 ], [ -112.2991651, 48.073455699999975 ], [ -112.2992341, 48.07247269999997 ] ] ] } },
{ "type": "Feature", "properties": { "state_po": "MT", "congressional_district": "MT-02", "pwsid": "MT0001783", "pws_name": "RIMROCK COLONY", "population_served_count": 124, "model_method": "Random Forest", "verification_status": "", "symbology_field": "Modeled", "intersection_area_sq_km": 0.035498832547591626 }, "geometry": { "type": "Polygon", "coordinates": [ [ [ -112.0959863, 48.8943468 ], [ -112.0976203, 48.8959588 ], [ -112.0949753, 48.8965598 ], [ -112.0959863, 48.8943468 ] ] ] } },
{ "type": "Feature", "properties": { "state_po": "MT", "congressional_district": "MT-02", "pwsid": "MT0002390", "pws_name": "TREASURE STATE ACRES WUA", "population_served_count": 483, "model_method": "Random Forest", "verification_status": "", "symbology_field": "Modeled", "intersection_area_sq_km": 1.2500584025391637 }, "geometry": { "type": "Polygon", "coordinates": [ [ [ -112.0212918, 46.637084599999945 ], [ -112.0114728, 46.646575600000055 ], [ -112.0117067, 46.6203026 ], [ -112.0175437, 46.6202156 ], [ -112.0176727, 46.6231466 ], [ -112.021035699999985, 46.623301599999941 ], [ -112.021163699999988, 46.630140599999983 ], [ -112.0158037, 46.6280556 ], [ -112.0121677, 46.637095599999981 ], [ -112.0212918, 46.637084599999945 ] ] ] } },
{ "type": "Feature", "properties": { "state_po": "MT", "congressional_district": "MT-02", "pwsid": "MT0000030", "pws_name": "BLUE SKY HEIGHTS WUA  CLANCY", "population_served_count": 250, "model_method": "Random Forest", "verification_status": "", "symbology_field": "Modeled", "intersection_area_sq_km": 0.19163807632618049 }, "geometry": { "type": "MultiPolygon", "coordinates": [ [ [ [ -111.9626747, 46.501633599999977 ], [ -111.9577457, 46.501242599999962 ], [ -111.9583017, 46.49834059999997 ], [ -111.960582699999989, 46.497827600000036 ], [ -111.9626747, 46.501633599999977 ] ] ], [ [ [ -111.9723587, 46.5037056 ], [ -111.9691287, 46.5037556 ], [ -111.9671277, 46.503754600000022 ], [ -111.9723137, 46.500103600000024 ], [ -111.9723587, 46.5037056 ] ] ] ] } },
{ "type": "Feature", "properties": { "state_po": "MT", "congressional_district": "MT-02", "pwsid": "MT0000046", "pws_name": "RYAN DAM WATER SYSTEM", "population_served_count": 230, "model_method": "Random Forest", "verification_status": "", "symbology_field": "Modeled", "intersection_area_sq_km": 0.013093597647015865 }, "geometry": { "type": "Polygon", "coordinates": [ [ [ -112.0198839, 46.587041399999961 ], [ -112.0183489, 46.588011400000013 ], [ -112.0183209, 46.587038399999948 ], [ -112.0198839, 46.587041399999961 ] ] ] } },
{ "type": "Feature", "properties": { "state_po": "MT", "congressional_district": "MT-02", "pwsid": "MT0000057", "pws_name": "SADDLE MOUNTAIN CORP  CLANCY", "population_served_count": 350, "model_method": "Random Forest", "verification_status": "", "symbology_field": "Modeled", "intersection_area_sq_km": 1.0125710445126164 }, "geometry": { "type": "MultiPolygon", "coordinates": [ [ [ [ -111.9463317, 46.528408600000041 ], [ -111.9482727, 46.540795600000024 ], [ -111.9459837, 46.540667599999978 ], [ -111.9413427, 46.532444600000069 ], [ -111.9440207, 46.5294896 ], [ -111.9423587, 46.52925560000002 ], [ -111.9429987, 46.5283286 ], [ -111.9463317, 46.528408600000041 ] ] ], [ [ [ -111.9402287, 46.5305946 ], [ -111.9447347, 46.540559599999973 ], [ -111.941929699999989, 46.540322599999982 ], [ -111.943423700000011, 46.542730600000013 ], [ -111.9410217, 46.542731599999968 ], [ -111.9409607, 46.5402436 ], [ -111.931730699999989, 46.5394416 ], [ -111.9381197, 46.535983599999959 ], [ -111.935756700000013, 46.534301600000077 ], [ -111.9402287, 46.5305946 ] ] ] ] } },
{ "type": "Feature", "properties": { "state_po": "MT", "congressional_district": "MT-02", "pwsid": "MT0000128", "pws_name": "HANGMANS TREE WUA", "population_served_count": 158, "model_method": "Random Forest", "verification_status": "", "symbology_field": "Modeled", "intersection_area_sq_km": 0.35609211907875082 }, "geometry": { "type": "MultiPolygon", "coordinates": [ [ [ [ -111.9527057, 46.498613599999977 ], [ -111.9517717, 46.501583599999954 ], [ -111.9478357, 46.511426600000028 ], [ -111.949038699999988, 46.5069766 ], [ -111.9448967, 46.504048599999962 ], [ -111.9395557, 46.502924599999972 ], [ -111.9438867, 46.502211599999988 ], [ -111.9504557, 46.503525600000025 ], [ -111.9527057, 46.498613599999977 ] ] ], [ [ [ -111.953344699999988, 46.499549599999966 ], [ -111.9534437, 46.506078600000045 ], [ -111.9505137, 46.507261599999985 ], [ -111.9483777, 46.511709599999989 ], [ -111.953344699999988, 46.499549599999966 ] ] ] ] } },
{ "type": "Feature", "properties": { "state_po": "MT", "congressional_district": "MT-02", "pwsid": "MT0000597", "pws_name": "GOLDEN ESTATES TRAILER COURT", "population_served_count": 225, "model_method": "Parcel", "verification_status": "", "symbology_field": "Modeled", "intersection_area_sq_km": 0.017744280109928543 }, "geometry": { "type": "Polygon", "coordinates": [ [ [ -111.9887177, 46.5880146 ], [ -111.986879699999989, 46.589144600000047 ], [ -111.9868537, 46.58802960000002 ], [ -111.9887177, 46.5880146 ] ] ] } },
{ "type": "Feature", "properties": { "state_po": "MT", "congressional_district": "MT-02", "pwsid": "MT0000601", "pws_name": "MOBILE CITY HOME PARK NO 1", "population_served_count": 100, "model_method": "Parcel", "verification_status": "", "symbology_field": "Modeled", "intersection_area_sq_km": 0.065574057359721827 }, "geometry": { "type": "Polygon", "coordinates": [ [ [ -112.0723658, 46.612288599999985 ], [ -112.0642248, 46.607723599999979 ], [ -112.0625558, 46.6109696 ], [ -112.0666888, 46.610634600000033 ], [ -112.0663288, 46.612097600000013 ], [ -112.0609908, 46.612265600000029 ], [ -112.0642908, 46.607439600000014 ], [ -112.0723658, 46.612288599999985 ] ] ] } },
{ "type": "Feature", "properties": { "state_po": "MT", "congressional_district": "MT-02", "pwsid": "MT0000603", "pws_name": "PEBBLE GARDENS MOBILE HOME CT", "population_served_count": 125, "model_method": "Random Forest", "verification_status": "", "symbology_field": "Modeled", "intersection_area_sq_km": 0.083932458037394991 }, "geometry": { "type": "Polygon", "coordinates": [ [ [ -112.0263567, 46.623877600000029 ], [ -112.0263907, 46.6256816 ], [ -112.0210827, 46.625703600000037 ], [ -112.0210437, 46.623807600000021 ], [ -112.0263567, 46.623877600000029 ] ] ] } },
{ "type": "Feature", "properties": { "state_po": "MT", "congressional_district": "MT-02", "pwsid": "MT0002005", "pws_name": "TEN MILE AND PLEASANT VALLEY WUA", "population_served_count": 750, "model_method": "Random Forest", "verification_status": "", "symbology_field": "Modeled", "intersection_area_sq_km": 0.83823423789783769 }, "geometry": { "type": "Polygon", "coordinates": [ [ [ -112.0158037, 46.6280556 ], [ -112.0211947, 46.63198059999997 ], [ -112.0301998, 46.634096600000014 ], [ -112.0291788, 46.636882599999979 ], [ -112.021318799999989, 46.6387376 ], [ -112.0212918, 46.637084599999945 ], [ -112.0121677, 46.637095599999981 ], [ -112.0158037, 46.6280556 ] ] ] } },
{ "type": "Feature", "properties": { "state_po": "MT", "congressional_district": "MT-02", "pwsid": "MT0002917", "pws_name": "MCHUGH MOBILE HOME PARK", "population_served_count": 490, "model_method": "Parcel", "verification_status": "", "symbology_field": "Modeled", "intersection_area_sq_km": 0.27156477300465759 }, "geometry": { "type": "Polygon", "coordinates": [ [ [ -112.0312977, 46.616489600000037 ], [ -112.0266757, 46.616483600000024 ], [ -112.028685700000011, 46.6076516 ], [ -112.0295267, 46.609195600000064 ], [ -112.032054699999989, 46.6091876 ], [ -112.0312977, 46.616489600000037 ] ] ] } },
{ "type": "Feature", "properties": { "state_po": "MT", "congressional_district": "MT-02", "pwsid": "MT0002978", "pws_name": "JEFFERSON HILLS WUA", "population_served_count": 780, "model_method": "Random Forest", "verification_status": "", "symbology_field": "Modeled", "intersection_area_sq_km": 0.25317696499400377 }, "geometry": { "type": "Polygon", "coordinates": [ [ [ -111.9572377, 46.535786600000016 ], [ -111.956552699999989, 46.538209599999959 ], [ -111.9541567, 46.537677599999974 ], [ -111.9516007, 46.540945600000022 ], [ -111.9482547, 46.540876600000018 ], [ -111.9485307, 46.535519599999986 ], [ -111.9572377, 46.535786600000016 ] ] ] } },
{ "type": "Feature", "properties": { "state_po": "MT", "congressional_district": "MT-02", "pwsid": "MT0003614", "pws_name": "JEFFERSON TRACTS ASSOC INC", "population_served_count": 80, "model_method": "Random Forest", "verification_status": "", "symbology_field": "Modeled", "intersection_area_sq_km": 0.16929104575627466 }, "geometry": { "type": "Polygon", "coordinates": [ [ [ -111.9600417, 46.531114599999988 ], [ -111.9656167, 46.534764600000045 ], [ -111.9695587, 46.535912600000017 ], [ -111.9572377, 46.535786600000016 ], [ -111.961404699999974, 46.5339996 ], [ -111.9600417, 46.531114599999988 ] ] ] } },
{ "type": "Feature", "properties": { "state_po": "MT", "congressional_district": "MT-02", "pwsid": "MT0004187", "pws_name": "GOLDEN ESTATES HOMEOWNERS ASSOCIATION", "population_served_count": 400, "model_method": "Random Forest", "verification_status": "", "symbology_field": "Modeled", "intersection_area_sq_km": 0.60185776212165265 }, "geometry": { "type": "Polygon", "coordinates": [ [ [ -112.0317368, 46.6267746 ], [ -112.031433799999988, 46.634266599999968 ], [ -112.0211947, 46.63198059999997 ], [ -112.0210827, 46.625703600000037 ], [ -112.0317368, 46.6267746 ] ] ] } },
{ "type": "Feature", "properties": { "state_po": "MT", "congressional_district": "MT-02", "pwsid": "MT0004257", "pws_name": "STONEY BROOK VILLAGE CONDOMINIUM ASSOC", "population_served_count": 142, "model_method": "Random Forest", "verification_status": "", "symbology_field": "Modeled", "intersection_area_sq_km": 0.19011317541897443 }, "geometry": { "type": "Polygon", "coordinates": [ [ [ -111.9477427, 46.514705600000021 ], [ -111.9457307, 46.526653600000039 ], [ -111.9404907, 46.530523600000016 ], [ -111.9407797, 46.527649600000046 ], [ -111.9454567, 46.522668600000017 ], [ -111.9477427, 46.514705600000021 ] ] ] } },
{ "type": "Feature", "properties": { "state_po": "MT", "congressional_district": "MT-02", "pwsid": "MT0004489", "pws_name": "BRYANT NO 3 SUBDIVISION", "population_served_count": 100, "model_method": "Random Forest", "verification_status": "", "symbology_field": "Modeled", "intersection_area_sq_km": 0.61059432899113264 }, "geometry": { "type": "MultiPolygon", "coordinates": [ [ [ [ -112.0312288, 46.645799600000032 ], [ -112.021397799999988, 46.645865600000057 ], [ -112.0213378, 46.639909599999946 ], [ -112.0319778, 46.639823600000028 ], [ -112.0312288, 46.645799600000032 ] ] ], [ [ [ -112.0327248, 46.645792600000014 ], [ -112.0362328, 46.645768600000011 ], [ -112.0356688, 46.648119600000051 ], [ -112.0320478, 46.6477486 ], [ -112.0327248, 46.645792600000014 ] ] ] ] } },
{ "type": "Feature", "properties": { "state_po": "MT", "congressional_district": "MT-02", "pwsid": "MT0004559", "pws_name": "GLACIER POINT HO AND WUA", "population_served_count": 210, "model_method": "Random Forest", "verification_status": "", "symbology_field": "Modeled", "intersection_area_sq_km": 1.4845966273280136 }, "geometry": { "type": "Polygon", "coordinates": [ [ [ -112.0211488, 46.639270599999954 ], [ -112.0213718, 46.660479600000023 ], [ -112.0116418, 46.660527600000016 ], [ -112.0119678, 46.645390599999963 ], [ -112.0211488, 46.639270599999954 ] ] ] } },
{ "type": "Feature", "properties": { "state_po": "MT", "congressional_district": "MT-02", "pwsid": "MT0004834", "pws_name": "NCMRWA   PONDERA CO SERVICE AREA", "population_served_count": 144, "model_method": "Random Forest", "verification_status": "", "symbology_field": "Modeled", "intersection_area_sq_km": 0.39781322683730219 }, "geometry": { "type": "Polygon", "coordinates": [ [ [ -112.0754687, 46.550315600000012 ], [ -112.0738367, 46.552574599999971 ], [ -112.0666327, 46.5553606 ], [ -112.0625527, 46.552477600000053 ], [ -112.0629207, 46.5494666 ], [ -112.0754687, 46.550315600000012 ] ] ] } },
{ "type": "Feature", "properties": { "state_po": "MT", "congressional_district": "MT-02", "pwsid": "MT0005088", "pws_name": "MOBILE CITY 3", "population_served_count": 40, "model_method": "Random Forest", "verification_status": "", "symbology_field": "Modeled", "intersection_area_sq_km": 0.0060335352864039149 }, "geometry": { "type": "Polygon", "coordinates": [ [ [ -112.0616438, 46.609300599999955 ], [ -112.0616638, 46.610329599999979 ], [ -112.0609908, 46.610292599999973 ], [ -112.0616438, 46.609300599999955 ] ] ] } },
{ "type": "Feature", "properties": { "state_po": "MT", "congressional_district": "MT-02", "pwsid": "MT0003043", "pws_name": "MOBILE CITY HOME PARK NO 2", "population_served_count": 300, "model_method": "Parcel", "verification_status": "", "symbology_field": "Modeled", "intersection_area_sq_km": 0.040836436170727998 }, "geometry": { "type": "Polygon", "coordinates": [ [ [ -112.066684, 46.610318499999984 ], [ -112.0631091, 46.610614599999977 ], [ -112.0624947, 46.610649700000018 ], [ -112.0633843, 46.608931600000027 ], [ -112.066684, 46.610318499999984 ] ] ] } },
{ "type": "Feature", "properties": { "state_po": "MT", "congressional_district": "MT-02", "pwsid": "MT0000605", "pws_name": "TRAILS END TR PARK  HELENA", "population_served_count": 35, "model_method": "Parcel", "verification_status": "", "symbology_field": "Modeled", "intersection_area_sq_km": 0.019118997095293928 }, "geometry": { "type": "Polygon", "coordinates": [ [ [ -112.0250978, 46.64689 ], [ -112.0267201, 46.648276100000018 ], [ -112.025099, 46.64826810000001 ], [ -112.0250978, 46.64689 ] ] ] } },
{ "type": "Feature", "properties": { "state_po": "MT", "congressional_district": "MT-02", "pwsid": "MT0000186", "pws_name": "CONRAD WATER DEPT", "population_served_count": 2500, "model_method": "Random Forest", "verification_status": "", "symbology_field": "Modeled", "intersection_area_sq_km": 3.2863276628250877 }, "geometry": { "type": "Polygon", "coordinates": [ [ [ -111.9527831, 48.1585038 ], [ -111.9614441, 48.15960479999994 ], [ -111.9614761, 48.162469800000039 ], [ -111.9565291, 48.161268799999988 ], [ -111.956054099999989, 48.163292800000015 ], [ -111.950808099999989, 48.163260799999961 ], [ -111.9498771, 48.164029800000037 ], [ -111.9571451, 48.165724800000035 ], [ -111.959555099999989, 48.164747799999944 ], [ -111.9581231, 48.1699578 ], [ -111.9646601, 48.173704799999953 ], [ -111.9607211, 48.173922799999978 ], [ -111.9587041, 48.177510800000064 ], [ -111.9505611, 48.177536799999984 ], [ -111.950561099999987, 48.181734799999973 ], [ -111.943007099999988, 48.181726799999957 ], [ -111.9397341, 48.185491799999966 ], [ -111.935898099999989, 48.1855108 ], [ -111.9425441, 48.173754800000033 ], [ -111.9398801, 48.175089799999924 ], [ -111.9336781, 48.174468799999985 ], [ -111.9350711, 48.171665799999985 ], [ -111.9317131, 48.1707938 ], [ -111.933168099999989, 48.168352800000051 ], [ -111.9361451, 48.168750800000019 ], [ -111.9376461, 48.1665358 ], [ -111.9459101, 48.1671158 ], [ -111.9519201, 48.157113799999976 ], [ -111.9527831, 48.1585038 ] ] ] } },
{ "type": "Feature", "properties": { "state_po": "MT", "congressional_district": "MT-02", "pwsid": "MT0000212", "pws_name": "FAIRFIELD  TOWN OF", "population_served_count": 718, "model_method": "Random Forest", "verification_status": "", "symbology_field": "Modeled", "intersection_area_sq_km": 0.82472038363159061 }, "geometry": { "type": "Polygon", "coordinates": [ [ [ -111.9764099, 47.611519699999981 ], [ -111.987143, 47.61103869999998 ], [ -111.990325, 47.615707699999966 ], [ -111.987181, 47.615809699999986 ], [ -111.987895, 47.618873699999988 ], [ -111.981865, 47.618649700000041 ], [ -111.976492, 47.6202817 ], [ -111.9749629, 47.6194767 ], [ -111.9765479, 47.6174187 ], [ -111.9739299, 47.617454699999989 ], [ -111.9751639, 47.6131367 ], [ -111.9764099, 47.611519699999981 ] ] ] } },
{ "type": "Feature", "properties": { "state_po": "MT", "congressional_district": "MT-02", "pwsid": "MT0000265", "pws_name": "KEVIN  TOWN OF", "population_served_count": 290, "model_method": "Random Forest", "verification_status": "", "symbology_field": "Modeled", "intersection_area_sq_km": 0.49386409769759565 }, "geometry": { "type": "Polygon", "coordinates": [ [ [ -111.9727962, 48.741727800000014 ], [ -111.9704952, 48.7445108 ], [ -111.9712292, 48.747331799999962 ], [ -111.96732320000001, 48.7480158 ], [ -111.9702382, 48.74900980000001 ], [ -111.9671692, 48.7529038 ], [ -111.9606602, 48.751438799999974 ], [ -111.9635172, 48.747799799999989 ], [ -111.9653762, 48.748366799999964 ], [ -111.9667862, 48.746635799999986 ], [ -111.9650612, 48.745980800000027 ], [ -111.9692322, 48.74121879999997 ], [ -111.9712402, 48.74032780000001 ], [ -111.9727962, 48.741727800000014 ] ] ] } },
{ "type": "Feature", "properties": { "state_po": "MT", "congressional_district": "MT-02", "pwsid": "MT0004872", "pws_name": "MOONLIGHT ESTATES HOA", "population_served_count": 44, "model_method": "Random Forest", "verification_status": "", "symbology_field": "Modeled", "intersection_area_sq_km": 0.16621575622534077 }, "geometry": { "type": "MultiPolygon", "coordinates": [ [ [ [ -112.0391878, 46.6457396 ], [ -112.0371378, 46.64902460000004 ], [ -112.0356688, 46.648119600000051 ], [ -112.0362328, 46.645768600000011 ], [ -112.0391878, 46.6457396 ] ] ], [ [ [ -112.0473848, 46.649397599999972 ], [ -112.045684799999989, 46.646262600000028 ], [ -112.0468908, 46.645661600000018 ], [ -112.0473848, 46.649397599999972 ] ] ], [ [ [ -112.0203698, 46.667233599999982 ], [ -112.0161428, 46.667246599999984 ], [ -112.016140799999988, 46.6660286 ], [ -112.0213128, 46.665997600000047 ], [ -112.0203698, 46.667233599999982 ] ] ] ] } },
{ "type": "Feature", "properties": { "state_po": "MT", "congressional_district": "MT-02", "pwsid": "MT0004474", "pws_name": "GRAND VALLEY ESTATES SUBDIVISION", "population_served_count": 50, "model_method": "Random Forest", "verification_status": "", "symbology_field": "Modeled", "intersection_area_sq_km": 0.39330550099001238 }, "geometry": { "type": "Polygon", "coordinates": [ [ [ -112.0347028, 46.7043706 ], [ -112.029092800000015, 46.7069036 ], [ -112.0208548, 46.712883599999948 ], [ -112.0230798, 46.7044436 ], [ -112.0347028, 46.7043706 ] ] ] } },
{ "type": "Feature", "properties": { "state_po": "MT", "congressional_district": "MT-02", "pwsid": "MT0004448", "pws_name": "GRASS LAND ESTATES", "population_served_count": 228, "model_method": "Random Forest", "verification_status": "", "symbology_field": "Modeled", "intersection_area_sq_km": 0.26420729655553288 }, "geometry": { "type": "Polygon", "coordinates": [ [ [ -112.006506699999989, 46.642722599999971 ], [ -112.0065557, 46.645621599999977 ], [ -112.0026867, 46.64571859999996 ], [ -112.0058777, 46.646505600000019 ], [ -112.001620699999989, 46.648717599999969 ], [ -111.9987977, 46.642790599999969 ], [ -112.006506699999989, 46.642722599999971 ] ] ] } },
{ "type": "Feature", "properties": { "state_po": "MT", "congressional_district": "MT-02", "pwsid": "MT0004144", "pws_name": "APPLEGATE VILLAGE", "population_served_count": 85, "model_method": "Random Forest", "verification_status": "", "symbology_field": "Modeled", "intersection_area_sq_km": 0.4132669637447734 }, "geometry": { "type": "Polygon", "coordinates": [ [ [ -112.0411858, 46.6976376 ], [ -112.0411788, 46.6988336 ], [ -112.0527918, 46.698552600000021 ], [ -112.0529108, 46.7023156 ], [ -112.0417498, 46.702549599999941 ], [ -112.0417828, 46.7007496 ], [ -112.0381268, 46.700661600000046 ], [ -112.0411858, 46.6976376 ] ] ] } },
{ "type": "Feature", "properties": { "state_po": "MT", "congressional_district": "MT-02", "pwsid": "MT0003183", "pws_name": "BARNETT WATER USERS  SYSTEM", "population_served_count": 70, "model_method": "Random Forest", "verification_status": "", "symbology_field": "Modeled", "intersection_area_sq_km": 0.73119643828912573 }, "geometry": { "type": "MultiPolygon", "coordinates": [ [ [ [ -112.0316858, 46.653153599999982 ], [ -112.0258568, 46.653185599999986 ], [ -112.025928799999988, 46.655053599999974 ], [ -112.0213578, 46.6550576 ], [ -112.0213908, 46.653217599999984 ], [ -112.0280668, 46.65225860000006 ], [ -112.0280578, 46.6457976 ], [ -112.0320378, 46.6457976 ], [ -112.0320098, 46.651290599999932 ], [ -112.0374328, 46.6512526 ], [ -112.0316858, 46.653153599999982 ] ] ], [ [ [ -112.0213718, 46.660479600000023 ], [ -112.0213128, 46.665997600000047 ], [ -112.0123588, 46.664656600000015 ], [ -112.0134718, 46.660504600000031 ], [ -112.0213718, 46.660479600000023 ] ] ] ] } },
{ "type": "Feature", "properties": { "state_po": "MT", "congressional_district": "MT-02", "pwsid": "MT0002743", "pws_name": "ROSEMARYS ADDITION", "population_served_count": 30, "model_method": "Random Forest", "verification_status": "", "symbology_field": "Modeled", "intersection_area_sq_km": 1.0655406135967143 }, "geometry": { "type": "MultiPolygon", "coordinates": [ [ [ [ -112.0329228, 46.689791599999978 ], [ -112.0419458, 46.68985259999998 ], [ -112.041872799999979, 46.693566599999954 ], [ -112.0327898, 46.6946496 ], [ -112.0329228, 46.689791599999978 ] ] ], [ [ [ -112.0556578, 46.689496600000034 ], [ -112.0613078, 46.696536599999945 ], [ -112.0557438, 46.696758599999953 ], [ -112.0527198, 46.698568599999973 ], [ -112.0418148, 46.698834599999962 ], [ -112.0417938, 46.696648599999953 ], [ -112.0510088, 46.695871600000025 ], [ -112.0502148, 46.6895536 ], [ -112.0556578, 46.689496600000034 ] ] ] ] } },
{ "type": "Feature", "properties": { "state_po": "MT", "congressional_district": "MT-02", "pwsid": "MT0002172", "pws_name": "TOWN VIEW ESTATES WUA INC", "population_served_count": 175, "model_method": "Random Forest", "verification_status": "", "symbology_field": "Modeled", "intersection_area_sq_km": 0.82558312507170684 }, "geometry": { "type": "Polygon", "coordinates": [ [ [ -112.0310738, 46.7263806 ], [ -112.0310238, 46.728245600000029 ], [ -112.0334828, 46.726963599999941 ], [ -112.0344538, 46.7282366 ], [ -112.0413488, 46.728230599999975 ], [ -112.0412908, 46.7309796 ], [ -112.0387978, 46.731069600000019 ], [ -112.0387938, 46.7337286 ], [ -112.028348799999989, 46.7336676 ], [ -112.0283058, 46.735293599999949 ], [ -112.023485799999989, 46.7352006 ], [ -112.0235058, 46.733645600000024 ], [ -112.02684880000001, 46.733661599999984 ], [ -112.0268898, 46.732122599999954 ], [ -112.0254048, 46.730296600000031 ], [ -112.0215408, 46.730186600000039 ], [ -112.0216108, 46.7288056 ], [ -112.0278108, 46.728810599999946 ], [ -112.0278288, 46.726338599999949 ], [ -112.0310738, 46.7263806 ] ] ] } },
{ "type": "Feature", "properties": { "state_po": "MT", "congressional_district": "MT-02", "pwsid": "MT0000596", "pws_name": "BEACON TRAILER COURT  HELENA", "population_served_count": 55, "model_method": "Random Forest", "verification_status": "", "symbology_field": "Modeled", "intersection_area_sq_km": 0.04454852381577469 }, "geometry": { "type": "MultiPolygon", "coordinates": [ [ [ [ -111.9417427, 46.636375600000029 ], [ -111.9393907, 46.6356826 ], [ -111.9417597, 46.6356876 ], [ -111.9417427, 46.636375600000029 ] ] ], [ [ [ -111.9361867, 46.637228599999979 ], [ -111.9379737, 46.6388446 ], [ -111.9361387, 46.638832600000022 ], [ -111.9361867, 46.637228599999979 ] ] ] ] } },
{ "type": "Feature", "properties": { "state_po": "MT", "congressional_district": "MT-02", "pwsid": "MT0000590", "pws_name": "HELENA LEISURE LLC", "population_served_count": 1200, "model_method": "OSM", "verification_status": "", "symbology_field": "Modeled", "intersection_area_sq_km": 1.0361206218531296 }, "geometry": { "type": "Polygon", "coordinates": [ [ [ -111.951216699999989, 46.631521599999985 ], [ -111.9518627, 46.63811759999998 ], [ -111.942948699999988, 46.6412916 ], [ -111.9403757, 46.63885759999998 ], [ -111.9361387, 46.638832600000022 ], [ -111.9361177, 46.631500599999988 ], [ -111.951216699999989, 46.631521599999985 ] ] ] } },
{ "type": "Feature", "properties": { "state_po": "MT", "congressional_district": "MT-02", "pwsid": "MT0000426", "pws_name": "HELENA RV AND MOBILE HOME PARK", "population_served_count": 250, "model_method": "Parcel", "verification_status": "", "symbology_field": "Modeled", "intersection_area_sq_km": 0.4223969047446699 }, "geometry": { "type": "Polygon", "coordinates": [ [ [ -112.0314068, 46.660401599999958 ], [ -112.0213718, 46.660479600000023 ], [ -112.0213578, 46.6550576 ], [ -112.025928799999988, 46.655053599999974 ], [ -112.0258568, 46.653185599999986 ], [ -112.028061799999989, 46.653172600000026 ], [ -112.028151799999989, 46.657362600000027 ], [ -112.0321998, 46.657377599999975 ], [ -112.0314068, 46.660401599999958 ] ], [ [ -112.0261788, 46.657978599999971 ], [ -112.0241808, 46.657996600000033 ], [ -112.0242478, 46.659452599999987 ], [ -112.0261978, 46.6594986 ], [ -112.0261788, 46.657978599999971 ] ] ] } },
{ "type": "Feature", "properties": { "state_po": "MT", "congressional_district": "MT-02", "pwsid": "MT0000340", "pws_name": "SWEETGRASS WATER USERS ASSN", "population_served_count": 100, "model_method": "Random Forest", "verification_status": "", "symbology_field": "Modeled", "intersection_area_sq_km": 0.48154801141511738 }, "geometry": { "type": "Polygon", "coordinates": [ [ [ -111.9601203, 48.994349799999966 ], [ -111.9736933, 48.9939448 ], [ -111.9738973, 48.998454800000026 ], [ -111.960774299999983, 48.998398800000032 ], [ -111.9601203, 48.994349799999966 ] ], [ [ -111.9650323, 48.997817800000028 ], [ -111.965708299999989, 48.99838879999993 ], [ -111.968455299999988, 48.997982800000024 ], [ -111.9650323, 48.997817800000028 ] ] ] } },
{ "type": "Feature", "properties": { "state_po": "MT", "congressional_district": "MT-02", "pwsid": "MT0000402", "pws_name": "MCDONALD TRAILER CT", "population_served_count": 75, "model_method": "Random Forest", "verification_status": "", "symbology_field": "Modeled", "intersection_area_sq_km": 0.035900755680549561 }, "geometry": { "type": "Polygon", "coordinates": [ [ [ -111.9068087, 46.587940600000053 ], [ -111.9095307, 46.590381599999986 ], [ -111.9076757, 46.590374600000011 ], [ -111.906694699999989, 46.588345599999968 ], [ -111.9045277, 46.588209600000035 ], [ -111.9043807, 46.588102600000013 ], [ -111.9042877, 46.5878446 ], [ -111.9068087, 46.587940600000053 ] ] ] } },
{ "type": "Feature", "properties": { "state_po": "MT", "congressional_district": "MT-02", "pwsid": "MT0000592", "pws_name": "BUZZ INN", "population_served_count": 95, "model_method": "Random Forest", "verification_status": "", "symbology_field": "Modeled", "intersection_area_sq_km": 0.29447987660745201 }, "geometry": { "type": "Polygon", "coordinates": [ [ [ -111.9046987, 46.5860526 ], [ -111.9043807, 46.588102600000013 ], [ -111.9066597, 46.5893826 ], [ -111.9040687, 46.589037599999976 ], [ -111.9016527, 46.591422600000023 ], [ -111.8990547, 46.591446599999955 ], [ -111.8990227, 46.588237600000014 ], [ -111.895073700000012, 46.587749600000024 ], [ -111.8995697, 46.5856096 ], [ -111.9046987, 46.5860526 ] ] ] } },
{ "type": "Feature", "properties": { "state_po": "MT", "congressional_district": "MT-02", "pwsid": "MT0000593", "pws_name": "PELE PARK", "population_served_count": 186, "model_method": "Parcel", "verification_status": "", "symbology_field": "Modeled", "intersection_area_sq_km": 0.012120847812600121 }, "geometry": { "type": "Polygon", "coordinates": [ [ [ -111.931422700000013, 46.603438599999976 ], [ -111.9303747, 46.604216600000015 ], [ -111.9309387, 46.602934600000047 ], [ -111.931422700000013, 46.603438599999976 ] ] ] } },
{ "type": "Feature", "properties": { "state_po": "MT", "congressional_district": "MT-02", "pwsid": "MT0003199", "pws_name": "RANCH HEADQUARTERS", "population_served_count": 85, "model_method": "Decision Tree", "verification_status": "", "symbology_field": "Modeled", "intersection_area_sq_km": 0.31033875150230772 }, "geometry": { "type": "Polygon", "coordinates": [ [ [ -110.8124702, 45.123159599999973 ], [ -110.8060202, 45.127641599999976 ], [ -110.7998042, 45.117947600000022 ], [ -110.8026232, 45.121039599999961 ], [ -110.8124702, 45.123159599999973 ] ], [ [ -110.8054032, 45.1255756 ], [ -110.8055312, 45.1230916 ], [ -110.8043692, 45.12271360000004 ], [ -110.8054032, 45.1255756 ] ] ] } },
{ "type": "Feature", "properties": { "state_po": "MT", "congressional_district": "MT-02", "pwsid": "MT0003313", "pws_name": "GOLDEN AGE VILLAGE", "population_served_count": 180, "model_method": "Random Forest", "verification_status": "", "symbology_field": "Modeled", "intersection_area_sq_km": 0.013392620577122578 }, "geometry": { "type": "Polygon", "coordinates": [ [ [ -110.741005199999989, 45.3625866 ], [ -110.7409412, 45.363992600000024 ], [ -110.7400802, 45.363588599999979 ], [ -110.741005199999989, 45.3625866 ] ] ] } },
{ "type": "Feature", "properties": { "state_po": "MT", "congressional_district": "MT-02", "pwsid": "MT0003440", "pws_name": "EAST GATE WORK CAMP", "population_served_count": 208, "model_method": "Parcel", "verification_status": "", "symbology_field": "Modeled", "intersection_area_sq_km": 0.06408685579232952 }, "geometry": { "type": "MultiPolygon", "coordinates": [ [ [ [ -110.7921742, 45.111972599999973 ], [ -110.790003199999987, 45.11288059999994 ], [ -110.7881162, 45.110261599999966 ], [ -110.7907702, 45.1101656 ], [ -110.7921742, 45.111972599999973 ] ] ], [ [ [ -110.7928812, 45.112946600000022 ], [ -110.7926982, 45.1141226 ], [ -110.792019200000013, 45.113409600000018 ], [ -110.7928812, 45.112946600000022 ] ] ] ] } },
{ "type": "Feature", "properties": { "state_po": "MT", "congressional_district": "MT-02", "pwsid": "MT0004802", "pws_name": "AVALON SUBDIVISION", "population_served_count": 135, "model_method": "Decision Tree", "verification_status": "", "symbology_field": "Modeled", "intersection_area_sq_km": 0.013392620577122578 }, "geometry": { "type": "Polygon", "coordinates": [ [ [ -110.741005199999989, 45.3625866 ], [ -110.7409412, 45.363992600000024 ], [ -110.7400802, 45.363588599999979 ], [ -110.741005199999989, 45.3625866 ] ] ] } },
{ "type": "Feature", "properties": { "state_po": "MT", "congressional_district": "MT-02", "pwsid": "MT0000196", "pws_name": "EAST HELENA  CITY OF", "population_served_count": 2114, "model_method": "Random Forest", "verification_status": "", "symbology_field": "Modeled", "intersection_area_sq_km": 1.6888416455407889 }, "geometry": { "type": "MultiPolygon", "coordinates": [ [ [ [ -111.935711700000013, 46.589245600000019 ], [ -111.9309227, 46.589554600000042 ], [ -111.9304337, 46.592159599999974 ], [ -111.921847700000015, 46.592442600000012 ], [ -111.9199597, 46.590360600000025 ], [ -111.9197037, 46.594962600000045 ], [ -111.904167699999988, 46.5950836 ], [ -111.9040687, 46.589037599999976 ], [ -111.9066597, 46.5893826 ], [ -111.906694699999989, 46.588345599999968 ], [ -111.9043807, 46.588102600000013 ], [ -111.9046987, 46.5860526 ], [ -111.8995697, 46.5856096 ], [ -111.9017957, 46.585508599999947 ], [ -111.9249617, 46.5885126 ], [ -111.927244699999989, 46.5835396 ], [ -111.935711700000013, 46.589245600000019 ] ] ], [ [ [ -111.9351477, 46.588062599999951 ], [ -111.934629699999974, 46.587634599999987 ], [ -111.935732699999988, 46.5884976 ], [ -111.9351477, 46.588062599999951 ] ] ] ] } },
{ "type": "Feature", "properties": { "state_po": "MT", "congressional_district": "MT-02", "pwsid": "MT0000344", "pws_name": "TOWNSEND  CITY OF", "population_served_count": 2000, "model_method": "Decision Tree", "verification_status": "", "symbology_field": "Modeled", "intersection_area_sq_km": 4.0710286073416846 }, "geometry": { "type": "Polygon", "coordinates": [ [ [ -111.5098706, 46.301720599999967 ], [ -111.5301576, 46.332241599999975 ], [ -111.5263736, 46.334868600000021 ], [ -111.5223626, 46.335387599999983 ], [ -111.5220136, 46.329557600000037 ], [ -111.5142236, 46.326934599999987 ], [ -111.514343599999989, 46.33732860000007 ], [ -111.5060656, 46.337275599999941 ], [ -111.5135926, 46.3275006 ], [ -111.5132166, 46.3261086 ], [ -111.5040166, 46.325725599999949 ], [ -111.504005600000013, 46.322773599999984 ], [ -111.5108366, 46.322606599999958 ], [ -111.5088696, 46.319620600000015 ], [ -111.493422599999988, 46.3189426 ], [ -111.497859600000012, 46.3125936 ], [ -111.5104246, 46.30505460000002 ], [ -111.5098706, 46.301720599999967 ] ] ] } },
{ "type": "Feature", "properties": { "state_po": "MT", "congressional_district": "MT-02", "pwsid": "MT0000594", "pws_name": "PHOENIX PARK", "population_served_count": 36, "model_method": "Random Forest", "verification_status": "", "symbology_field": "Modeled", "intersection_area_sq_km": 0.14686539215173913 }, "geometry": { "type": "Polygon", "coordinates": [ [ [ -111.9017457, 46.614056599999984 ], [ -111.901889699999984, 46.617046600000037 ], [ -111.8961517, 46.617092599999985 ], [ -111.8961867, 46.614177599999962 ], [ -111.9017457, 46.614056599999984 ] ] ] } },
{ "type": "Feature", "properties": { "state_po": "MT", "congressional_district": "MT-02", "pwsid": "MT0001784", "pws_name": "EASTGATE VILLAGE SEWER AND WATER", "population_served_count": 2000, "model_method": "Random Forest", "verification_status": "", "symbology_field": "Modeled", "intersection_area_sq_km": 1.3577218011076437 }, "geometry": { "type": "MultiPolygon", "coordinates": [ [ [ [ -111.894528699999981, 46.587664600000011 ], [ -111.8990227, 46.588237600000014 ], [ -111.8990547, 46.591446599999955 ], [ -111.9040917, 46.59041059999997 ], [ -111.904167699999988, 46.5950836 ], [ -111.8938227, 46.595092599999973 ], [ -111.8938157, 46.60075759999998 ], [ -111.886837700000015, 46.6006236 ], [ -111.888694699999988, 46.59381759999998 ], [ -111.89303670000001, 46.593767599999978 ], [ -111.889330699999988, 46.59284160000005 ], [ -111.8909527, 46.590467599999982 ], [ -111.8937817, 46.5903546 ], [ -111.8912027, 46.587857600000028 ], [ -111.8980477, 46.585721599999971 ], [ -111.894528699999981, 46.587664600000011 ] ] ], [ [ [ -111.8646047, 46.61628360000006 ], [ -111.8582057, 46.616368599999973 ], [ -111.8575037, 46.61326459999998 ], [ -111.8591307, 46.612453599999952 ], [ -111.871550700000014, 46.612908600000019 ], [ -111.8715517, 46.6155926 ], [ -111.8649067, 46.614811599999982 ], [ -111.8646047, 46.61628360000006 ] ] ] ] } },
{ "type": "Feature", "properties": { "state_po": "MT", "congressional_district": "MT-02", "pwsid": "MT0001921", "pws_name": "MOUNTAIN VIEW MB HM PK", "population_served_count": 150, "model_method": "Parcel", "verification_status": "", "symbology_field": "Modeled", "intersection_area_sq_km": 0.029891257707528037 }, "geometry": { "type": "Polygon", "coordinates": [ [ [ -111.513539600000016, 46.330486600000015 ], [ -111.5132586, 46.3328746 ], [ -111.5121986, 46.330508600000016 ], [ -111.513539600000016, 46.330486600000015 ] ] ] } },
{ "type": "Feature", "properties": { "state_po": "MT", "congressional_district": "MT-02", "pwsid": "MT0002482", "pws_name": "SUNNYBROOK ACRES HOA", "population_served_count": 50, "model_method": "Random Forest", "verification_status": "", "symbology_field": "Modeled", "intersection_area_sq_km": 0.051531233824955398 }, "geometry": { "type": "Polygon", "coordinates": [ [ [ -111.9172577, 46.549537600000029 ], [ -111.911619699999989, 46.551516599999985 ], [ -111.9100217, 46.554378599999957 ], [ -111.9115567, 46.561612600000039 ], [ -111.9106857, 46.561613600000015 ], [ -111.9095237, 46.5563796 ], [ -111.909705699999989, 46.554846599999969 ], [ -111.910465699999975, 46.552761599999961 ], [ -111.9112657, 46.551744600000028 ], [ -111.912188700000016, 46.551101600000031 ], [ -111.9172577, 46.549537600000029 ] ] ] } },
{ "type": "Feature", "properties": { "state_po": "MT", "congressional_district": "MT-02", "pwsid": "MT0004143", "pws_name": "RUGER WATER DISTRICT", "population_served_count": 79, "model_method": "Random Forest", "verification_status": "", "symbology_field": "Modeled", "intersection_area_sq_km": 0.39921952679196537 }, "geometry": { "type": "Polygon", "coordinates": [ [ [ -111.886843700000014, 46.596525600000049 ], [ -111.886837700000015, 46.6006236 ], [ -111.8754957, 46.600692599999931 ], [ -111.8755077, 46.596698599999989 ], [ -111.886843700000014, 46.596525600000049 ] ] ] } },
{ "type": "Feature", "properties": { "state_po": "MT", "congressional_district": "MT-02", "pwsid": "MT0000025", "pws_name": "SOUTH WIND WATER AND SEWER DISTRICT", "population_served_count": 200, "model_method": "Random Forest", "verification_status": "", "symbology_field": "Modeled", "intersection_area_sq_km": 0.11729955936736002 }, "geometry": { "type": "Polygon", "coordinates": [ [ [ -111.2957748, 47.449250799999966 ], [ -111.2923258, 47.450704799999954 ], [ -111.2866018, 47.44928280000002 ], [ -111.2843258, 47.450314800000051 ], [ -111.2843128, 47.4486528 ], [ -111.2957748, 47.449250799999966 ] ] ] } },
{ "type": "Feature", "properties": { "state_po": "MT", "congressional_district": "MT-02", "pwsid": "MT0000027", "pws_name": "GREAT FALLS RV PARK", "population_served_count": 274, "model_method": "Random Forest", "verification_status": "", "symbology_field": "Modeled", "intersection_area_sq_km": 0.40869935295003224 }, "geometry": { "type": "MultiPolygon", "coordinates": [ [ [ [ -111.334173799999988, 47.4858578 ], [ -111.3305298, 47.488674799999977 ], [ -111.3292908, 47.486732799999984 ], [ -111.334173799999988, 47.4858578 ] ] ], [ [ [ -111.3263478, 47.486741799999969 ], [ -111.3287158, 47.490063800000023 ], [ -111.3207938, 47.492206800000041 ], [ -111.3250398, 47.490186799999975 ], [ -111.3263478, 47.486741799999969 ] ] ], [ [ [ -111.335259799999989, 47.487924799999988 ], [ -111.333508799999976, 47.4915528 ], [ -111.3287968, 47.4913878 ], [ -111.328927799999988, 47.490079800000011 ], [ -111.335259799999989, 47.487924799999988 ] ], [ [ -111.3314798, 47.4905098 ], [ -111.3310338, 47.4898858 ], [ -111.3309328, 47.490493800000046 ], [ -111.3314798, 47.4905098 ] ] ], [ [ [ -111.3325488, 47.4920738 ], [ -111.3331908, 47.49361379999997 ], [ -111.3291688, 47.496018799999959 ], [ -111.3283318, 47.492900800000015 ], [ -111.327115800000016, 47.494229800000035 ], [ -111.3284258, 47.4919588 ], [ -111.3325488, 47.4920738 ] ], [ [ -111.3314848, 47.493540799999963 ], [ -111.3317788, 47.4941278 ], [ -111.3317878, 47.493534800000013 ], [ -111.3314848, 47.493540799999963 ] ] ] ] } },
{ "type": "Feature", "properties": { "state_po": "MT", "congressional_district": "MT-02", "pwsid": "MT0000053", "pws_name": "MISSOURI MEADOWS COMMUNITY INC", "population_served_count": 85, "model_method": "Random Forest", "verification_status": "", "symbology_field": "Modeled", "intersection_area_sq_km": 0.13232688782577653 }, "geometry": { "type": "Polygon", "coordinates": [ [ [ -111.3095128, 47.468001799999961 ], [ -111.3092008, 47.4730268 ], [ -111.305990799999975, 47.4730398 ], [ -111.3059838, 47.468625800000012 ], [ -111.3095128, 47.468001799999961 ] ] ] } },
{ "type": "Feature", "properties": { "state_po": "MT", "congressional_district": "MT-02", "pwsid": "MT0000138", "pws_name": "BELT  TOWN OF", "population_served_count": 600, "model_method": "Random Forest", "verification_status": "", "symbology_field": "Modeled", "intersection_area_sq_km": 1.2361324680562296 }, "geometry": { "type": "MultiPolygon", "coordinates": [ [ [ [ -110.8220276, 47.077172799999985 ], [ -110.8157246, 47.070270800000053 ], [ -110.8004826, 47.061943799999987 ], [ -110.7982556, 47.059194800000036 ], [ -110.7997966, 47.057957800000018 ], [ -110.8164356, 47.069846800000015 ], [ -110.8220276, 47.077172799999985 ] ] ], [ [ [ -110.9012237, 47.365229799999959 ], [ -110.9062327, 47.367313800000026 ], [ -110.9052717, 47.368056800000019 ], [ -110.9012237, 47.365229799999959 ] ] ], [ [ [ -110.930469699999989, 47.385505799999962 ], [ -110.930306699999988, 47.389037800000033 ], [ -110.9316157, 47.3923478 ], [ -110.9230857, 47.392328800000044 ], [ -110.9221287, 47.385566799999978 ], [ -110.9237367, 47.381105799999972 ], [ -110.9301157, 47.381000800000017 ], [ -110.9319647, 47.382165800000017 ], [ -110.930469699999989, 47.385505799999962 ] ] ], [ [ [ -110.9311377, 47.385388799999966 ], [ -110.9319447, 47.385608800000028 ], [ -110.9306897, 47.388134799999975 ], [ -110.9311377, 47.385388799999966 ] ] ] ] } },
{ "type": "Feature", "properties": { "state_po": "MT", "congressional_district": "MT-02", "pwsid": "MT0000171", "pws_name": "CASCADE  TOWN OF", "population_served_count": 650, "model_method": "Decision Tree", "verification_status": "", "symbology_field": "Modeled", "intersection_area_sq_km": 1.3007215585690759 }, "geometry": { "type": "Polygon", "coordinates": [ [ [ -111.7080298, 47.260343699999972 ], [ -111.7070478, 47.274841700000032 ], [ -111.699353800000011, 47.280180699999939 ], [ -111.7001268, 47.281389700000034 ], [ -111.6980298, 47.278555699999949 ], [ -111.698275799999976, 47.276814700000038 ], [ -111.6936818, 47.28019369999997 ], [ -111.6975058, 47.276816700000033 ], [ -111.6947378, 47.276815699999979 ], [ -111.7021538, 47.261858699999983 ], [ -111.7057228, 47.262087699999981 ], [ -111.7080298, 47.260343699999972 ] ] ] } },
{ "type": "Feature", "properties": { "state_po": "MT", "congressional_district": "MT-02", "pwsid": "MT0000173", "pws_name": "CHESTER  TOWN OF", "population_served_count": 870, "model_method": "Decision Tree", "verification_status": "", "symbology_field": "Modeled", "intersection_area_sq_km": 27.913275323933878 }, "geometry": { "type": "Polygon", "coordinates": [ [ [ -110.9706099, 48.480299899999963 ], [ -111.0805879, 48.4809799 ], [ -111.080557, 48.5084119 ], [ -110.9538059, 48.514757900000014 ], [ -110.9538909, 48.513265899999936 ], [ -110.9615699, 48.512834900000072 ], [ -110.9599189, 48.509261899999942 ], [ -110.9620329, 48.509274899999944 ], [ -110.9620529, 48.50565090000002 ], [ -110.9706429, 48.505534900000079 ], [ -110.9706099, 48.480299899999963 ] ] ] } },
{ "type": "Feature", "properties": { "state_po": "MT", "congressional_district": "MT-02", "pwsid": "MT0000200", "pws_name": "DEVON WATER INC", "population_served_count": 75, "model_method": "Random Forest", "verification_status": "", "symbology_field": "Modeled", "intersection_area_sq_km": 0.040427708808690545 }, "geometry": { "type": "Polygon", "coordinates": [ [ [ -111.6656681, 48.4759498 ], [ -111.6642231, 48.479236800000031 ], [ -111.6639541, 48.4763808 ], [ -111.6656681, 48.4759498 ] ] ] } },
{ "type": "Feature", "properties": { "state_po": "MT", "congressional_district": "MT-02", "pwsid": "MT0000204", "pws_name": "DUTTON  TOWN OF", "population_served_count": 338, "model_method": "Random Forest", "verification_status": "", "symbology_field": "Modeled", "intersection_area_sq_km": 0.80217825174374824 }, "geometry": { "type": "Polygon", "coordinates": [ [ [ -111.7078169, 47.842718800000021 ], [ -111.7163489, 47.842761799999977 ], [ -111.7179919, 47.8459368 ], [ -111.7209579, 47.845961799999984 ], [ -111.72199590000001, 47.850357799999962 ], [ -111.7147509, 47.8513318 ], [ -111.7147849, 47.853319799999987 ], [ -111.711647899999988, 47.853262800000039 ], [ -111.7078169, 47.842718800000021 ] ] ] } },
{ "type": "Feature", "properties": { "state_po": "MT", "congressional_district": "MT-02", "pwsid": "MT0000311", "pws_name": "POWER TETON COUNTY WATER DIST", "population_served_count": 205, "model_method": "Random Forest", "verification_status": "", "symbology_field": "Modeled", "intersection_area_sq_km": 0.86682510562955184 }, "geometry": { "type": "Polygon", "coordinates": [ [ [ -111.680876900000015, 47.712282700000053 ], [ -111.6882869, 47.712297700000022 ], [ -111.6885559, 47.719067699999947 ], [ -111.6842619, 47.721582700000013 ], [ -111.6883189, 47.739984699999987 ], [ -111.6865099, 47.7395267 ], [ -111.6865749, 47.732681699999929 ], [ -111.6830709, 47.722874700000013 ], [ -111.677763899999988, 47.727158700000011 ], [ -111.6777799, 47.719479700000051 ], [ -111.6799779, 47.7189627 ], [ -111.680876900000015, 47.712282700000053 ] ] ] } },
{ "type": "Feature", "properties": { "state_po": "MT", "congressional_district": "MT-02", "pwsid": "MT0000325", "pws_name": "SAND COULEE WATER USERS DISTRICT", "population_served_count": 180, "model_method": "Decision Tree", "verification_status": "", "symbology_field": "Modeled", "intersection_area_sq_km": 0.062556202623033103 }, "geometry": { "type": "Polygon", "coordinates": [ [ [ -111.1674477, 47.397935799999978 ], [ -111.1697817, 47.39842279999997 ], [ -111.1660937, 47.401900799999964 ], [ -111.1651707, 47.401304800000041 ], [ -111.1674477, 47.397935799999978 ] ] ] } },
{ "type": "Feature", "properties": { "state_po": "MT", "congressional_district": "MT-02", "pwsid": "MT0003590", "pws_name": "WEGNER WATER SERVICE HAULER", "population_served_count": 50, "model_method": "Random Forest", "verification_status": "", "symbology_field": "Modeled", "intersection_area_sq_km": 0.015907116144193635 }, "geometry": { "type": "MultiPolygon", "coordinates": [ [ [ [ -107.6678585, 45.638621200000024 ], [ -107.6670282, 45.642016700000063 ], [ -107.6671888, 45.63837740000001 ], [ -107.6678585, 45.638621200000024 ] ] ], [ [ [ -107.6668975, 45.643082 ], [ -107.6658808, 45.644146699999972 ], [ -107.6666825, 45.6424252 ], [ -107.6668975, 45.643082 ] ] ] ] } },
{ "type": "Feature", "properties": { "state_po": "MT", "congressional_district": "MT-02", "pwsid": "MT0000123", "pws_name": "RIVER GROVE ESTATES TR CT", "population_served_count": 100, "model_method": "Parcel", "verification_status": "", "symbology_field": "Modeled", "intersection_area_sq_km": 0.034686730016538173 }, "geometry": { "type": "Polygon", "coordinates": [ [ [ -108.5577783, 45.736806500000029 ], [ -108.5563503, 45.736579500000012 ], [ -108.5563471, 45.7358483 ], [ -108.5569055, 45.735190699999983 ], [ -108.5623864, 45.735228500000019 ], [ -108.5615461, 45.7357535 ], [ -108.560765499999988, 45.736045 ], [ -108.5577783, 45.736806500000029 ] ], [ [ -108.5620416, 45.735362599999952 ], [ -108.5619977, 45.735255199999983 ], [ -108.561852, 45.735226099999984 ], [ -108.5620416, 45.735362599999952 ] ], [ [ -108.561855, 45.735329500000013 ], [ -108.5619204, 45.735454499999989 ], [ -108.5619685, 45.735413 ], [ -108.561855, 45.735329500000013 ] ], [ [ -108.5616986, 45.7354077 ], [ -108.561795499999988, 45.7355196 ], [ -108.56183870000001, 45.735486899999984 ], [ -108.5616986, 45.7354077 ] ], [ [ -108.5616735, 45.735608400000046 ], [ -108.5615816, 45.735489299999962 ], [ -108.5614875, 45.735495900000018 ], [ -108.5616735, 45.735608400000046 ] ], [ [ -108.5613617, 45.735569799999986 ], [ -108.5615827, 45.735658700000023 ], [ -108.5613928, 45.735534099999981 ], [ -108.5613617, 45.735569799999986 ] ], [ [ -108.5612939, 45.735682300000036 ], [ -108.5613064, 45.7357944 ], [ -108.5613671, 45.735770800000019 ], [ -108.5612939, 45.735682300000036 ] ], [ [ -108.561113, 45.735831699999942 ], [ -108.5611107, 45.7357317 ], [ -108.5609918, 45.7356808 ], [ -108.561113, 45.735831699999942 ] ], [ [ -108.5609394, 45.735788199999952 ], [ -108.5609367, 45.735896199999942 ], [ -108.5609966, 45.735869700000045 ], [ -108.5609394, 45.735788199999952 ] ], [ [ -108.560738, 45.735817299999965 ], [ -108.5607726, 45.735957800000037 ], [ -108.5608293, 45.735931300000018 ], [ -108.560738, 45.735817299999965 ] ], [ [ -108.5604454, 45.7358261 ], [ -108.560584, 45.735989199999977 ], [ -108.5605453, 45.73585779999992 ], [ -108.5604454, 45.7358261 ] ], [ [ -108.5603891, 45.735925400000013 ], [ -108.5603944, 45.7360416 ], [ -108.5604549, 45.736027 ], [ -108.5603891, 45.735925400000013 ] ], [ [ -108.5602784, 45.736058599999957 ], [ -108.5601359, 45.735889499999949 ], [ -108.560075, 45.735927899999943 ], [ -108.5602784, 45.736058599999957 ] ], [ [ -108.5599712, 45.736073600000026 ], [ -108.5599382, 45.73593869999997 ], [ -108.5598823, 45.7359684 ], [ -108.5599712, 45.736073600000026 ] ], [ [ -108.5597055, 45.736017799999949 ], [ -108.5599038, 45.736163300000037 ], [ -108.5597613, 45.735997300000051 ], [ -108.5597055, 45.736017799999949 ] ], [ [ -108.5596404, 45.736109600000013 ], [ -108.5596631, 45.7362394 ], [ -108.559719, 45.736212799999961 ], [ -108.5596404, 45.736109600000013 ] ], [ [ -108.55934, 45.736107700000034 ], [ -108.5594655, 45.736282700000018 ], [ -108.5595255, 45.7362531 ], [ -108.55934, 45.736107700000034 ] ], [ [ -108.5591426, 45.7361391 ], [ -108.5592818, 45.7362197 ], [ -108.5592025, 45.7361155 ], [ -108.5591426, 45.7361391 ] ], [ [ -108.5591073, 45.736276 ], [ -108.5589692, 45.7362245 ], [ -108.5590913, 45.7363665 ], [ -108.5591073, 45.736276 ] ], [ [ -108.5570899, 45.735678500000013 ], [ -108.5572394, 45.7356281 ], [ -108.5569565, 45.735631800000029 ], [ -108.5570899, 45.735678500000013 ] ], [ [ -108.5576821, 45.735766899999973 ], [ -108.5575488, 45.735807099999981 ], [ -108.557685299999989, 45.7358119 ], [ -108.5576821, 45.735766899999973 ] ], [ [ -108.5572106, 45.73599119999998 ], [ -108.5571581, 45.7358703 ], [ -108.5571554, 45.7360294 ], [ -108.5572106, 45.73599119999998 ] ], [ [ -108.557341, 45.735976600000036 ], [ -108.5572911, 45.735844600000028 ], [ -108.557283, 45.736036399999968 ], [ -108.557341, 45.735976600000036 ] ], [ [ -108.5575043, 45.735968299999975 ], [ -108.5574273, 45.735866699999988 ], [ -108.5574244, 45.736031600000032 ], [ -108.5575043, 45.735968299999975 ] ], [ [ -108.5577288, 45.736040100000032 ], [ -108.557748600000011, 45.735869399999977 ], [ -108.5576685, 45.7360427 ], [ -108.5577288, 45.736040100000032 ] ], [ [ -108.5577871, 45.7358727 ], [ -108.5578356, 45.736041 ], [ -108.5578602, 45.735873299999959 ], [ -108.5577871, 45.7358727 ] ], [ [ -108.5572982, 45.736181100000032 ], [ -108.5571255, 45.736272 ], [ -108.55719329999998, 45.7362965 ], [ -108.5572982, 45.736181100000032 ] ], [ [ -108.5573003, 45.736288399999978 ], [ -108.5574697, 45.7361549 ], [ -108.5574147, 45.736130399999986 ], [ -108.5573003, 45.736288399999978 ] ], [ [ -108.5576024, 45.736147099999954 ], [ -108.5574379, 45.736277599999987 ], [ -108.5575145, 45.736308199999989 ], [ -108.5576024, 45.736147099999954 ] ], [ [ -108.5573796, 45.736488199999989 ], [ -108.5572653, 45.736412399999985 ], [ -108.5573567, 45.736560200000014 ], [ -108.5573796, 45.736488199999989 ] ], [ [ -108.558932, 45.736428099999969 ], [ -108.5589101, 45.736301099999977 ], [ -108.5587897, 45.736246900000026 ], [ -108.558932, 45.736428099999969 ] ], [ [ -108.557444800000013, 45.736391899999965 ], [ -108.5574715, 45.736566100000012 ], [ -108.5575233, 45.736545500000027 ], [ -108.557444800000013, 45.736391899999965 ] ], [ [ -108.558736599999989, 45.736343500000011 ], [ -108.5587387, 45.736459399999951 ], [ -108.5587944, 45.736441899999974 ], [ -108.558736599999989, 45.736343500000011 ] ], [ [ -108.5584424, 45.736352 ], [ -108.5585682, 45.736418199999967 ], [ -108.5585119, 45.7363316 ], [ -108.5584424, 45.736352 ] ], [ [ -108.5583854, 45.736445300000028 ], [ -108.5583923, 45.736561599999959 ], [ -108.5584569, 45.736538099999976 ], [ -108.5583854, 45.736445300000028 ] ], [ [ -108.5582802, 45.736584500000035 ], [ -108.55812, 45.73646030000004 ], [ -108.5582244, 45.736605 ], [ -108.5582802, 45.736584500000035 ] ], [ [ -108.5579269, 45.736479599999967 ], [ -108.5580995, 45.736628 ], [ -108.5579827, 45.736459100000033 ], [ -108.5579269, 45.736479599999967 ] ], [ [ -108.5571548, 45.735780399999975 ], [ -108.556963, 45.7357248 ], [ -108.556962, 45.73577880000002 ], [ -108.5571548, 45.735780399999975 ] ], [ [ -108.5568366, 45.735880799999968 ], [ -108.5566199, 45.736004899999983 ], [ -108.5566798, 45.7360294 ], [ -108.5568366, 45.735880799999968 ] ], [ [ -108.5565341, 45.7360433 ], [ -108.556618199999988, 45.735872900000018 ], [ -108.5564744, 45.736012699999968 ], [ -108.5565341, 45.7360433 ] ], [ [ -108.5567781, 45.7360082 ], [ -108.556986, 45.735881 ], [ -108.556948, 45.735847599999985 ], [ -108.5567781, 45.7360082 ] ], [ [ -108.5570247, 45.7358692 ], [ -108.5570949, 45.7360438 ], [ -108.5570978, 45.73586980000001 ], [ -108.5570247, 45.7358692 ] ], [ [ -108.5565663, 45.736132300000016 ], [ -108.5564916, 45.736272599999964 ], [ -108.5565798, 45.7361888 ], [ -108.5565663, 45.736132300000016 ] ], [ [ -108.5565892, 45.736297399999955 ], [ -108.5566609, 45.736142100000016 ], [ -108.5565382, 45.736273 ], [ -108.5565892, 45.736297399999955 ] ], [ [ -108.5568192, 45.73614340000001 ], [ -108.5567435, 45.736295800000022 ], [ -108.5568615, 45.736161800000026 ], [ -108.5568192, 45.73614340000001 ] ], [ [ -108.5569786, 45.736217699999976 ], [ -108.556860199999988, 45.736236700000013 ], [ -108.5569069, 45.736276100000026 ], [ -108.5569786, 45.736217699999976 ] ], [ [ -108.5571189, 45.736143 ], [ -108.5570478, 45.736301299999951 ], [ -108.5571699, 45.736164400000014 ], [ -108.5571189, 45.736143 ] ], [ [ -108.5567356, 45.736520599999963 ], [ -108.5565443, 45.736431900000042 ], [ -108.5566837, 45.736550099999953 ], [ -108.5567356, 45.736520599999963 ] ], [ [ -108.5564927, 45.736489599999977 ], [ -108.5566284, 45.736540700000063 ], [ -108.5564972, 45.7364135 ], [ -108.5564927, 45.736489599999977 ] ], [ [ -108.556870499999988, 45.73642750000004 ], [ -108.5569024, 45.736536899999976 ], [ -108.556945399999989, 45.73651339999995 ], [ -108.556870499999988, 45.73642750000004 ] ], [ [ -108.5566767, 45.736439099999984 ], [ -108.5568249, 45.73656030000005 ], [ -108.556868099999988, 45.736524700000011 ], [ -108.5566767, 45.736439099999984 ] ], [ [ -108.5569601, 45.736402500000032 ], [ -108.55701280000001, 45.736561899999984 ], [ -108.5570647, 45.7365383 ], [ -108.5569601, 45.736402500000032 ] ], [ [ -108.5571403, 45.736481799999979 ], [ -108.5570241, 45.736418 ], [ -108.5571375, 45.736554 ], [ -108.5571403, 45.736481799999979 ] ], [ [ -108.5572662, 45.736497700000015 ], [ -108.5571525, 45.736428099999969 ], [ -108.5572444, 45.73655190000003 ], [ -108.5572662, 45.736497700000015 ] ] ] } },
{ "type": "Feature", "properties": { "state_po": "MT", "congressional_district": "MT-02", "pwsid": "MT0004507", "pws_name": "ARROW CREEK TRAILER COURT", "population_served_count": 75, "model_method": "Parcel", "verification_status": "", "symbology_field": "Modeled", "intersection_area_sq_km": 0.036048415685182127 }, "geometry": { "type": "Polygon", "coordinates": [ [ [ -108.1441835, 45.9361074 ], [ -108.1453794, 45.936111 ], [ -108.1453756, 45.938088500000063 ], [ -108.1446699, 45.9391626 ], [ -108.1462362, 45.9391411 ], [ -108.1441984, 45.940274399999957 ], [ -108.1441835, 45.9361074 ] ], [ [ -108.144849, 45.936489299999963 ], [ -108.145121, 45.936457299999972 ], [ -108.1448582, 45.936435399999951 ], [ -108.144849, 45.936489299999963 ] ], [ [ -108.1448671, 45.9365995 ], [ -108.1450897, 45.936568599999951 ], [ -108.144871099999989, 45.936545700000032 ], [ -108.1448671, 45.9365995 ] ], [ [ -108.1448172, 45.936714799999933 ], [ -108.1450531, 45.936675200000025 ], [ -108.1448185, 45.9366645 ], [ -108.1448172, 45.936714799999933 ] ], [ [ -108.1450387, 45.936832800000012 ], [ -108.1448148, 45.93678039999994 ], [ -108.144816800000015, 45.936831799999979 ], [ -108.1450387, 45.936832800000012 ] ], [ [ -108.1447749, 45.9369333 ], [ -108.1451067, 45.936895900000017 ], [ -108.1447796, 45.936878300000011 ], [ -108.1447749, 45.9369333 ] ], [ [ -108.144795699999989, 45.937038200000018 ], [ -108.1450191, 45.936986700000034 ], [ -108.144794499999989, 45.9369824 ], [ -108.144795699999989, 45.937038200000018 ] ], [ [ -108.1450297, 45.9370839 ], [ -108.1447851, 45.937144199999949 ], [ -108.1450307, 45.937148600000022 ], [ -108.1450297, 45.9370839 ] ], [ [ -108.1448132, 45.937237499999966 ], [ -108.1450766, 45.937185799999988 ], [ -108.1448047, 45.937187099999981 ], [ -108.1448132, 45.937237499999966 ] ], [ [ -108.1448119, 45.93729010000002 ], [ -108.1450899, 45.9373409 ], [ -108.1450903, 45.937293400000058 ], [ -108.1448119, 45.93729010000002 ] ], [ [ -108.1450952, 45.937444299999967 ], [ -108.1448353, 45.937402299999974 ], [ -108.1448342, 45.937448 ], [ -108.1450952, 45.937444299999967 ] ], [ [ -108.1448492, 45.9375054 ], [ -108.1451295, 45.9375361 ], [ -108.1451247, 45.9374881 ], [ -108.1448492, 45.9375054 ] ], [ [ -108.1451898, 45.937636200000057 ], [ -108.1448567, 45.937610099999958 ], [ -108.1448586, 45.93765410000001 ], [ -108.1451898, 45.937636200000057 ] ], [ [ -108.1444192, 45.93636230000002 ], [ -108.1445672, 45.936490599999978 ], [ -108.1445729, 45.936372500000047 ], [ -108.1444192, 45.93636230000002 ] ], [ [ -108.1445507, 45.9366172 ], [ -108.1442575, 45.936537500000036 ], [ -108.1442634, 45.936610099999967 ], [ -108.1445507, 45.9366172 ] ], [ [ -108.1445345, 45.936735900000031 ], [ -108.1442593, 45.936660699999976 ], [ -108.144257400000015, 45.93672939999994 ], [ -108.1445345, 45.936735900000031 ] ], [ [ -108.144258, 45.936778299999936 ], [ -108.1445161, 45.936836600000042 ], [ -108.144519800000012, 45.936788300000075 ], [ -108.144258, 45.936778299999936 ] ], [ [ -108.1445113, 45.9369566 ], [ -108.144267, 45.936898700000057 ], [ -108.1442682, 45.9369512 ], [ -108.1445113, 45.9369566 ] ], [ [ -108.1445137, 45.937047100000015 ], [ -108.1442525, 45.936997599999984 ], [ -108.144252199999983, 45.937041399999977 ], [ -108.1445137, 45.937047100000015 ] ], [ [ -108.144217200000014, 45.9371 ], [ -108.1445258, 45.93715879999997 ], [ -108.1445219, 45.937099100000019 ], [ -108.144217200000014, 45.9371 ] ], [ [ -108.1445317, 45.9372537 ], [ -108.1442277, 45.937203 ], [ -108.1442329, 45.93725790000002 ], [ -108.1445317, 45.9372537 ] ], [ [ -108.144539099999974, 45.937347400000036 ], [ -108.1442512, 45.937313 ], [ -108.1442532, 45.937365599999964 ], [ -108.144539099999974, 45.937347400000036 ] ], [ [ -108.1442551, 45.937420499999959 ], [ -108.1445531, 45.937464500000011 ], [ -108.1445436, 45.9374103 ], [ -108.1442551, 45.937420499999959 ] ], [ [ -108.1442444, 45.937587199999989 ], [ -108.1445589, 45.9375195 ], [ -108.1442326, 45.9375345 ], [ -108.1442444, 45.937587199999989 ] ], [ [ -108.1446147, 45.937815899999983 ], [ -108.1443777, 45.937758 ], [ -108.1443794, 45.937817399999986 ], [ -108.1446147, 45.937815899999983 ] ] ] } },
{ "type": "Feature", "properties": { "state_po": "MT", "congressional_district": "MT-02", "pwsid": "MT0001786", "pws_name": "DUCK CREEK MOBILE HOME PARK", "population_served_count": 70, "model_method": "Parcel", "verification_status": "", "symbology_field": "Modeled", "intersection_area_sq_km": 0.077502620744693204 }, "geometry": { "type": "Polygon", "coordinates": [ [ [ -108.6431439, 45.6989764 ], [ -108.645760900000013, 45.698967300000035 ], [ -108.6457247, 45.702582 ], [ -108.6431448, 45.7025891 ], [ -108.6431439, 45.6989764 ] ], [ [ -108.6439802, 45.6990602 ], [ -108.644176699999989, 45.699228600000055 ], [ -108.6440464, 45.699038700000052 ], [ -108.6439802, 45.6990602 ] ], [ [ -108.6442373, 45.699047500000013 ], [ -108.6443842, 45.699204599999973 ], [ -108.6442979, 45.699027699999988 ], [ -108.6442373, 45.699047500000013 ] ], [ [ -108.644459700000013, 45.6990474 ], [ -108.6446352, 45.699223 ], [ -108.644520199999988, 45.6990276 ], [ -108.644459700000013, 45.6990474 ] ], [ [ -108.6447234, 45.699075 ], [ -108.6448841, 45.699224899999969 ], [ -108.6447871, 45.699057200000055 ], [ -108.6447234, 45.699075 ] ], [ [ -108.6442288, 45.699595899999984 ], [ -108.6440765, 45.699427799999953 ], [ -108.644170699999989, 45.699613900000024 ], [ -108.6442288, 45.699595899999984 ] ], [ [ -108.6442998, 45.69942039999998 ], [ -108.6444539, 45.699573899999947 ], [ -108.6443627, 45.6994008 ], [ -108.6442998, 45.69942039999998 ] ], [ [ -108.6447079, 45.699605199999958 ], [ -108.6445219, 45.699434900000057 ], [ -108.644647299999988, 45.699630399999933 ], [ -108.6447079, 45.699605199999958 ] ], [ [ -108.6449345, 45.699593199999981 ], [ -108.6447925, 45.699432500000043 ], [ -108.644881399999989, 45.6996019 ], [ -108.6449345, 45.699593199999981 ] ], [ [ -108.645304, 45.699498599999984 ], [ -108.6453853, 45.699708099999967 ], [ -108.6453866, 45.699497599999965 ], [ -108.645304, 45.699498599999984 ] ], [ [ -108.6449968, 45.699574 ], [ -108.6451324, 45.699698 ], [ -108.6450682, 45.699558 ], [ -108.6449968, 45.699574 ] ], [ [ -108.6446108, 45.7017675 ], [ -108.64474220000001, 45.701937300000012 ], [ -108.6446791, 45.7017626 ], [ -108.6446108, 45.7017675 ] ], [ [ -108.6449722, 45.701761099999985 ], [ -108.6449747, 45.701961200000056 ], [ -108.64504, 45.701946899999953 ], [ -108.6449722, 45.701761099999985 ] ], [ [ -108.6451712, 45.701768099999988 ], [ -108.6453238, 45.701919800000027 ], [ -108.6452453, 45.701752100000014 ], [ -108.6451712, 45.701768099999988 ] ], [ [ -108.645390800000015, 45.701791799999967 ], [ -108.6455406, 45.701915800000044 ], [ -108.6454986, 45.7017798 ], [ -108.645390800000015, 45.701791799999967 ] ], [ [ -108.6454051, 45.702165300000047 ], [ -108.6451364, 45.702249399999964 ], [ -108.645419499999988, 45.7022167 ], [ -108.6454051, 45.702165300000047 ] ], [ [ -108.644729, 45.702167400000015 ], [ -108.6446663, 45.7021762 ], [ -108.6447959, 45.702357900000045 ], [ -108.644729, 45.702167400000015 ] ], [ [ -108.6439751, 45.699236299999981 ], [ -108.6438726, 45.699063 ], [ -108.6438176, 45.6990865 ], [ -108.6439751, 45.699236299999981 ] ], [ [ -108.6437594, 45.69926759999997 ], [ -108.6435555, 45.699113899999986 ], [ -108.6437044, 45.6992947 ], [ -108.6437594, 45.69926759999997 ] ], [ [ -108.6436159, 45.699411500000018 ], [ -108.6433742, 45.6993125 ], [ -108.6433527, 45.699350799999984 ], [ -108.6436159, 45.699411500000018 ] ], [ [ -108.643567600000011, 45.699523099999979 ], [ -108.6433389, 45.699569 ], [ -108.643547900000016, 45.699598199999983 ], [ -108.643567600000011, 45.699523099999979 ] ], [ [ -108.643569200000016, 45.6997304 ], [ -108.6433037, 45.6996623 ], [ -108.643299899999988, 45.6997008 ], [ -108.643569200000016, 45.6997304 ] ], [ [ -108.6435625, 45.699847800000065 ], [ -108.6432742, 45.699852900000025 ], [ -108.6435514, 45.699888100000017 ], [ -108.6435625, 45.699847800000065 ] ], [ [ -108.6437046, 45.70154860000001 ], [ -108.6433827, 45.7015443 ], [ -108.643687899999989, 45.7015907 ], [ -108.6437046, 45.70154860000001 ] ], [ [ -108.6436752, 45.701681500000042 ], [ -108.6433563, 45.701692799999989 ], [ -108.6436689, 45.701721799999987 ], [ -108.6436752, 45.701681500000042 ] ], [ [ -108.6436904, 45.701892500000028 ], [ -108.6433621, 45.701937700000016 ], [ -108.6436916, 45.701967800000041 ], [ -108.6436904, 45.701892500000028 ] ], [ [ -108.6440272, 45.701763100000015 ], [ -108.6440793, 45.701972599999969 ], [ -108.644098, 45.701754499999964 ], [ -108.6440272, 45.701763100000015 ] ], [ [ -108.6443702, 45.701954699999973 ], [ -108.6443732, 45.7017639 ], [ -108.6443097, 45.701770700000054 ], [ -108.6443702, 45.701954699999973 ] ], [ [ -108.643641, 45.7021729 ], [ -108.6433441, 45.702064299999947 ], [ -108.6433302, 45.7021283 ], [ -108.643641, 45.7021729 ] ], [ [ -108.6436808, 45.702301600000069 ], [ -108.643367, 45.702291899999977 ], [ -108.6436607, 45.7023537 ], [ -108.6436808, 45.702301600000069 ] ], [ [ -108.6442526, 45.702343699999986 ], [ -108.6441398, 45.702159300000041 ], [ -108.6441922, 45.702350499999987 ], [ -108.6442526, 45.702343699999986 ] ], [ [ -108.6440609, 45.70237889999995 ], [ -108.6439342, 45.7021678 ], [ -108.6439926, 45.7023839 ], [ -108.6440609, 45.70237889999995 ] ], [ [ -108.6443703, 45.702155499999925 ], [ -108.6445234, 45.702326500000041 ], [ -108.644434, 45.702141399999988 ], [ -108.6443703, 45.702155499999925 ] ] ] } },
{ "type": "Feature", "properties": { "state_po": "MT", "congressional_district": "MT-02", "pwsid": "MT0005118", "pws_name": "STILL RIVER ESTATES SUBDIVISION", "population_served_count": 188, "model_method": "Random Forest", "verification_status": "", "symbology_field": "Modeled", "intersection_area_sq_km": 2.5398949544656877 }, "geometry": { "type": "Polygon", "coordinates": [ [ [ -108.6795028, 45.7549258 ], [ -108.6589458, 45.7551278 ], [ -108.658729799999989, 45.740654799999952 ], [ -108.6793988, 45.7406068 ], [ -108.6794398, 45.745168800000037 ], [ -108.6754028, 45.746102799999989 ], [ -108.679444800000013, 45.746756799999936 ], [ -108.6795028, 45.7549258 ] ] ] } },
{ "type": "Feature", "properties": { "state_po": "MT", "congressional_district": "MT-02", "pwsid": "MT0005056", "pws_name": "SUNDANCE SUBDIVISION", "population_served_count": 378, "model_method": "Random Forest", "verification_status": "", "symbology_field": "Modeled", "intersection_area_sq_km": 0.27564623076645883 }, "geometry": { "type": "Polygon", "coordinates": [ [ [ -108.6386138, 45.7840029 ], [ -108.630963799999989, 45.7840359 ], [ -108.6333378, 45.778922900000047 ], [ -108.6385578, 45.779175900000013 ], [ -108.6386138, 45.7840029 ] ] ] } },
{ "type": "Feature", "properties": { "state_po": "MT", "congressional_district": "MT-02", "pwsid": "MT0004989", "pws_name": "THE NINES SUBDIVISION", "population_served_count": 220, "model_method": "Random Forest", "verification_status": "", "symbology_field": "Modeled", "intersection_area_sq_km": 0.15563894944190271 }, "geometry": { "type": "MultiPolygon", "coordinates": [ [ [ [ -108.6712687, 45.739040700000011 ], [ -108.6710896, 45.740855599999989 ], [ -108.6679816, 45.740866599999983 ], [ -108.6681187, 45.73804759999998 ], [ -108.6712687, 45.739040700000011 ] ] ], [ [ [ -108.6877017, 45.740850899999977 ], [ -108.6835576, 45.7421018 ], [ -108.6835507, 45.740848799999974 ], [ -108.6877017, 45.740850899999977 ] ] ], [ [ [ -108.6415635, 45.8081884 ], [ -108.6425654, 45.810909399999979 ], [ -108.6408874, 45.8108353 ], [ -108.6415635, 45.8081884 ] ] ] ] } },
{ "type": "Feature", "properties": { "state_po": "MT", "congressional_district": "MT-02", "pwsid": "MT0004964", "pws_name": "SKYCREST ESTATES SUBDIVISION", "population_served_count": 65, "model_method": "Random Forest", "verification_status": "", "symbology_field": "Modeled", "intersection_area_sq_km": 0.33337007662605583 }, "geometry": { "type": "Polygon", "coordinates": [ [ [ -108.6966238, 45.746781800000022 ], [ -108.696615799999989, 45.748833800000028 ], [ -108.6794618, 45.7492138 ], [ -108.679444800000013, 45.746756799999936 ], [ -108.6966238, 45.746781800000022 ] ] ] } },
{ "type": "Feature", "properties": { "state_po": "MT", "congressional_district": "MT-02", "pwsid": "MT0004920", "pws_name": "SHEPHERD WATER STATION", "population_served_count": 100, "model_method": "Random Forest", "verification_status": "", "symbology_field": "Modeled", "intersection_area_sq_km": 0.12339486163925945 }, "geometry": { "type": "Polygon", "coordinates": [ [ [ -108.3428688, 45.952241900000033 ], [ -108.3428918, 45.955285899999986 ], [ -108.3393288, 45.95592790000002 ], [ -108.3388018, 45.952243900000028 ], [ -108.3428688, 45.952241900000033 ] ] ] } },
{ "type": "Feature", "properties": { "state_po": "MT", "congressional_district": "MT-02", "pwsid": "MT0004881", "pws_name": "BLACK ROCK ESTATES SUBDIVISION", "population_served_count": 75, "model_method": "Random Forest", "verification_status": "", "symbology_field": "Modeled", "intersection_area_sq_km": 0.23289935022254354 }, "geometry": { "type": "Polygon", "coordinates": [ [ [ -108.6533528, 45.772459900000015 ], [ -108.6450208, 45.772856899999987 ], [ -108.6449878, 45.769677900000019 ], [ -108.6532248, 45.769668900000028 ], [ -108.6533528, 45.772459900000015 ] ] ] } },
{ "type": "Feature", "properties": { "state_po": "MT", "congressional_district": "MT-02", "pwsid": "MT0004563", "pws_name": "GRANITE PARK WATER ASSOCIATION", "population_served_count": 250, "model_method": "Random Forest", "verification_status": "", "symbology_field": "Modeled", "intersection_area_sq_km": 0.61562752052714098 }, "geometry": { "type": "MultiPolygon", "coordinates": [ [ [ [ -108.6589428, 45.763152800000036 ], [ -108.6531778, 45.760062800000043 ], [ -108.6492668, 45.755127899999962 ], [ -108.6589458, 45.7551278 ], [ -108.6589428, 45.763152800000036 ] ] ], [ [ [ -108.6531358, 45.764611900000013 ], [ -108.6532248, 45.769668900000028 ], [ -108.648895799999977, 45.769673899999972 ], [ -108.6488288, 45.7646179 ], [ -108.6531358, 45.764611900000013 ] ] ] ] } },
{ "type": "Feature", "properties": { "state_po": "MT", "congressional_district": "MT-02", "pwsid": "MT0004497", "pws_name": "PRECISION WATER", "population_served_count": 250, "model_method": "Random Forest", "verification_status": "", "symbology_field": "Modeled", "intersection_area_sq_km": 20.801527432419967 }, "geometry": { "type": "Polygon", "coordinates": [ [ [ -108.6322579, 45.94338190000002 ], [ -108.632475899999989, 45.958046899999971 ], [ -108.4677638, 45.957963900000031 ], [ -108.4674518, 45.94336689999998 ], [ -108.6322579, 45.94338190000002 ] ] ] } },
{ "type": "Feature", "properties": { "state_po": "MT", "congressional_district": "MT-02", "pwsid": "MT0004480", "pws_name": "RIO VISTA ESTATES HOA  ASSOC INC", "population_served_count": 50, "model_method": "Random Forest", "verification_status": "", "symbology_field": "Modeled", "intersection_area_sq_km": 0.22155604098893317 }, "geometry": { "type": "MultiPolygon", "coordinates": [ [ [ [ -108.812093799999985, 45.605936799999988 ], [ -108.809070800000015, 45.61014280000002 ], [ -108.8071908, 45.6101478 ], [ -108.8110408, 45.605144799999948 ], [ -108.812093799999985, 45.605936799999988 ] ] ], [ [ [ -108.7963768, 45.61503780000001 ], [ -108.793731799999989, 45.617353800000018 ], [ -108.7873408, 45.617417799999963 ], [ -108.7921878, 45.614650799999971 ], [ -108.7963768, 45.61503780000001 ] ] ] ] } },
{ "type": "Feature", "properties": { "state_po": "MT", "congressional_district": "MT-02", "pwsid": "MT0004461", "pws_name": "EAGLE MOUNTAIN RURAL PWS", "population_served_count": 50, "model_method": "Random Forest", "verification_status": "", "symbology_field": "Modeled", "intersection_area_sq_km": 0.16124402029315954 }, "geometry": { "type": "MultiPolygon", "coordinates": [ [ [ [ -109.53729, 45.7066668 ], [ -109.538586, 45.707352799999974 ], [ -109.537043, 45.707244799999948 ], [ -109.53729, 45.7066668 ] ] ], [ [ [ -109.546128, 45.706454799999982 ], [ -109.545307, 45.709534800000014 ], [ -109.540487, 45.7093318 ], [ -109.540512, 45.706646799999966 ], [ -109.54321, 45.705633800000058 ], [ -109.546128, 45.706454799999982 ] ] ] ] } },
{ "type": "Feature", "properties": { "state_po": "MT", "congressional_district": "MT-02", "pwsid": "MT0004392", "pws_name": "CHERRY CREEK ESTATES LLC", "population_served_count": 600, "model_method": "Random Forest", "verification_status": "", "symbology_field": "Modeled", "intersection_area_sq_km": 0.45132372946353377 }, "geometry": { "type": "MultiPolygon", "coordinates": [ [ [ [ -108.4452548, 45.81945590000003 ], [ -108.4452408, 45.823920900000026 ], [ -108.442153800000014, 45.8234339 ], [ -108.4421108, 45.826098900000012 ], [ -108.4385348, 45.826233900000027 ], [ -108.4384848, 45.8245319 ], [ -108.4359828, 45.824534900000018 ], [ -108.4360248, 45.8213489 ], [ -108.4452548, 45.81945590000003 ] ] ], [ [ [ -108.4452358, 45.824534900000018 ], [ -108.4452358, 45.8261509 ], [ -108.4425518, 45.826608899999961 ], [ -108.4425668, 45.823580899999982 ], [ -108.4452358, 45.824534900000018 ] ] ] ] } },
{ "type": "Feature", "properties": { "state_po": "MT", "congressional_district": "MT-02", "pwsid": "MT0004382", "pws_name": "HOBSON  TOWN OF", "population_served_count": 125, "model_method": "Decision Tree", "verification_status": "", "symbology_field": "Modeled", "intersection_area_sq_km": 0.15118298904618271 }, "geometry": { "type": "MultiPolygon", "coordinates": [ [ [ [ -109.874826399999989, 46.9978199 ], [ -109.8746764, 46.9994219 ], [ -109.8747974, 47.0026509 ], [ -109.8709454, 46.999055899999973 ], [ -109.8718504, 46.997370899999979 ], [ -109.874826399999989, 46.9978199 ] ] ], [ [ [ -109.8756104, 47.000822899999982 ], [ -109.8779744, 46.999856899999983 ], [ -109.8779124, 47.001886900000052 ], [ -109.8756104, 47.000822899999982 ] ] ] ] } },
{ "type": "Feature", "properties": { "state_po": "MT", "congressional_district": "MT-02", "pwsid": "MT0004263", "pws_name": "HARDIN SUBDIVISION", "population_served_count": 28, "model_method": "Decision Tree", "verification_status": "", "symbology_field": "Modeled", "intersection_area_sq_km": 0.60369766149038906 }, "geometry": { "type": "Polygon", "coordinates": [ [ [ -107.5990916, 45.746593899999937 ], [ -107.6172116, 45.746497899999966 ], [ -107.6122306, 45.7474099 ], [ -107.6122066, 45.749075899999987 ], [ -107.6142876, 45.7490959 ], [ -107.6122516, 45.7531349 ], [ -107.6070776, 45.753156899999986 ], [ -107.6058176, 45.75009289999997 ], [ -107.6017936, 45.75195189999998 ], [ -107.5990916, 45.746593899999937 ] ] ] } },
{ "type": "Feature", "properties": { "state_po": "MT", "congressional_district": "MT-02", "pwsid": "MT0004250", "pws_name": "OAK RIDGE ESTATES", "population_served_count": 200, "model_method": "Random Forest", "verification_status": "", "symbology_field": "Modeled", "intersection_area_sq_km": 0.62184434404756117 }, "geometry": { "type": "Polygon", "coordinates": [ [ [ -108.6462548, 45.777806899999987 ], [ -108.6489338, 45.777506900000027 ], [ -108.648958799999988, 45.779978899999961 ], [ -108.6386098, 45.7830319 ], [ -108.6384298, 45.772846899999962 ], [ -108.6459808, 45.772852900000032 ], [ -108.6462548, 45.777806899999987 ] ] ] } },
{ "type": "Feature", "properties": { "state_po": "MT", "congressional_district": "MT-02", "pwsid": "MT0004226", "pws_name": "PIONEER WATER SERVICE", "population_served_count": 900, "model_method": "Random Forest", "verification_status": "", "symbology_field": "Modeled", "intersection_area_sq_km": 0.44199529474399307 }, "geometry": { "type": "Polygon", "coordinates": [ [ [ -108.7460399, 45.755234800000018 ], [ -108.7356149, 45.755812800000015 ], [ -108.7334069, 45.754096800000049 ], [ -108.7357729, 45.753043800000015 ], [ -108.7313299, 45.7525768 ], [ -108.730784899999989, 45.750664799999988 ], [ -108.7385349, 45.750774800000023 ], [ -108.7407599, 45.748820799999976 ], [ -108.743398899999988, 45.7514048 ], [ -108.7408859, 45.753808800000037 ], [ -108.7460399, 45.755234800000018 ] ] ] } },
{ "type": "Feature", "properties": { "state_po": "MT", "congressional_district": "MT-02", "pwsid": "MT0004093", "pws_name": "BLUE GRASS WATER USERS ASSOCIATION", "population_served_count": 60, "model_method": "Random Forest", "verification_status": "", "symbology_field": "Modeled", "intersection_area_sq_km": 0.088994015764074216 }, "geometry": { "type": "Polygon", "coordinates": [ [ [ -108.6297268, 45.778376900000012 ], [ -108.6315938, 45.7826409 ], [ -108.6294098, 45.78234489999997 ], [ -108.6297268, 45.778376900000012 ] ] ] } },
{ "type": "Feature", "properties": { "state_po": "MT", "congressional_district": "MT-02", "pwsid": "MT0004058", "pws_name": "MOUNTAIN VIEW COLONY", "population_served_count": 114, "model_method": "Random Forest", "verification_status": "", "symbology_field": "Modeled", "intersection_area_sq_km": 0.73682379821244848 }, "geometry": { "type": "Polygon", "coordinates": [ [ [ -108.7268759, 46.063923899999971 ], [ -108.7269669, 46.0707019 ], [ -108.716550900000016, 46.073430900000027 ], [ -108.716375899999989, 46.063863899999966 ], [ -108.7268759, 46.063923899999971 ] ] ] } },
{ "type": "Feature", "properties": { "state_po": "MT", "congressional_district": "MT-02", "pwsid": "MT0004051", "pws_name": "COOL SPRING COLONY", "population_served_count": 75, "model_method": "Decision Tree", "verification_status": "", "symbology_field": "Modeled", "intersection_area_sq_km": 2.0758699985626499 }, "geometry": { "type": "Polygon", "coordinates": [ [ [ -110.5828379, 48.5664059 ], [ -110.553694799999988, 48.56650390000005 ], [ -110.5538308, 48.56409690000001 ], [ -110.5507448, 48.563213900000051 ], [ -110.5507518, 48.559212900000055 ], [ -110.582814899999988, 48.557704899999983 ], [ -110.5828379, 48.5664059 ] ] ] } },
{ "type": "Feature", "properties": { "state_po": "MT", "congressional_district": "MT-02", "pwsid": "MT0004006", "pws_name": "COTTONWOOD ESTATES", "population_served_count": 50, "model_method": "Random Forest", "verification_status": "", "symbology_field": "Modeled", "intersection_area_sq_km": 0.25852949115939294 }, "geometry": { "type": "Polygon", "coordinates": [ [ [ -109.8064561, 45.776246699999987 ], [ -109.8034781, 45.778704699999949 ], [ -109.7938931, 45.769168699999952 ], [ -109.7952971, 45.76854970000003 ], [ -109.7973461, 45.771861700000017 ], [ -109.8064561, 45.776246699999987 ] ] ] } },
{ "type": "Feature", "properties": { "state_po": "MT", "congressional_district": "MT-02", "pwsid": "MT0003809", "pws_name": "MOUNTAIN ACRES MB HM PK", "population_served_count": 320, "model_method": "Random Forest", "verification_status": "", "symbology_field": "Modeled", "intersection_area_sq_km": 0.053755350336037275 }, "geometry": { "type": "Polygon", "coordinates": [ [ [ -109.428971300000015, 47.070160900000026 ], [ -109.4357343, 47.0710939 ], [ -109.4289563, 47.071615899999948 ], [ -109.428971300000015, 47.070160900000026 ] ] ] } },
{ "type": "Feature", "properties": { "state_po": "MT", "congressional_district": "MT-02", "pwsid": "MT0003552", "pws_name": "ALDINGER ACRES SUBDIVISION", "population_served_count": 100, "model_method": "Random Forest", "verification_status": "", "symbology_field": "Modeled", "intersection_area_sq_km": 0.034802583290870069 }, "geometry": { "type": "Polygon", "coordinates": [ [ [ -108.6385438, 45.778275900000018 ], [ -108.634228799999988, 45.779157900000037 ], [ -108.6341518, 45.778324900000051 ], [ -108.6385438, 45.778275900000018 ] ] ] } },
{ "type": "Feature", "properties": { "state_po": "MT", "congressional_district": "MT-02", "pwsid": "MT0003521", "pws_name": "NORTH GERALDINE WATER SYSTEM", "population_served_count": 50, "model_method": "Random Forest", "verification_status": "", "symbology_field": "Modeled", "intersection_area_sq_km": 0.038342608570998339 }, "geometry": { "type": "Polygon", "coordinates": [ [ [ -110.2704266, 47.6015499 ], [ -110.2719196, 47.602508899999989 ], [ -110.271953599999989, 47.603581900000016 ], [ -110.2689806, 47.60358889999997 ], [ -110.2704266, 47.6015499 ] ] ] } },
{ "type": "Feature", "properties": { "state_po": "MT", "congressional_district": "MT-02", "pwsid": "MT0002927", "pws_name": "WELLS GARDEN ESTATES", "population_served_count": 240, "model_method": "Random Forest", "verification_status": "", "symbology_field": "Modeled", "intersection_area_sq_km": 0.2239512071065678 }, "geometry": { "type": "MultiPolygon", "coordinates": [ [ [ [ -108.6449878, 45.769677900000019 ], [ -108.6450208, 45.772856899999987 ], [ -108.6409838, 45.772848900000028 ], [ -108.6409518, 45.769680900000019 ], [ -108.6449878, 45.769677900000019 ] ] ], [ [ [ -108.6487848, 45.7769709 ], [ -108.6459008, 45.777651899999981 ], [ -108.6459808, 45.772852900000032 ], [ -108.6487488, 45.772848900000014 ], [ -108.6487848, 45.7769709 ] ] ] ] } },
{ "type": "Feature", "properties": { "state_po": "MT", "congressional_district": "MT-02", "pwsid": "MT0002840", "pws_name": "GOLDEN EAGLE WATER USERS ASSN", "population_served_count": 125, "model_method": "Random Forest", "verification_status": "", "symbology_field": "Modeled", "intersection_area_sq_km": 1.4321264853679925 }, "geometry": { "type": "MultiPolygon", "coordinates": [ [ [ [ -108.6253758, 45.726122799999949 ], [ -108.6379088, 45.726165799999954 ], [ -108.6379348, 45.72845479999998 ], [ -108.628830799999989, 45.733381800000018 ], [ -108.6174408, 45.733342900000011 ], [ -108.627673800000011, 45.733336799999961 ], [ -108.6276618, 45.729873800000028 ], [ -108.6196028, 45.729781799999955 ], [ -108.6253758, 45.726122799999949 ] ] ], [ [ [ -108.6573988, 45.738968800000023 ], [ -108.650715800000015, 45.740657800000022 ], [ -108.6380688, 45.740657800000022 ], [ -108.6380268, 45.7353128 ], [ -108.641911799999988, 45.735309799999953 ], [ -108.6418958, 45.733409800000011 ], [ -108.6446378, 45.733406800000019 ], [ -108.6438918, 45.73497380000002 ], [ -108.6483328, 45.734985800000018 ], [ -108.6497338, 45.7367418 ], [ -108.6587088, 45.73699680000005 ], [ -108.6573988, 45.738968800000023 ] ] ] ] } },
{ "type": "Feature", "properties": { "state_po": "MT", "congressional_district": "MT-02", "pwsid": "MT0001848", "pws_name": "FISHER WATER SERVICE", "population_served_count": 750, "model_method": "Random Forest", "verification_status": "", "symbology_field": "Modeled", "intersection_area_sq_km": 1.1849410093456072 }, "geometry": { "type": "MultiPolygon", "coordinates": [ [ [ [ -108.6586768, 45.723469800000032 ], [ -108.6587088, 45.73699680000005 ], [ -108.652082799999988, 45.737082800000032 ], [ -108.6483328, 45.734985800000018 ], [ -108.6438138, 45.734918800000038 ], [ -108.6446378, 45.733406800000019 ], [ -108.6483538, 45.733403799999977 ], [ -108.6482948, 45.7261618 ], [ -108.6545328, 45.72614379999996 ], [ -108.6545048, 45.7234748 ], [ -108.6586768, 45.723469800000032 ] ] ], [ [ [ -108.6414158, 45.735303799999983 ], [ -108.6380268, 45.7353128 ], [ -108.6379918, 45.7334128 ], [ -108.6418958, 45.733409800000011 ], [ -108.6414158, 45.735303799999983 ] ] ] ] } },
{ "type": "Feature", "properties": { "state_po": "MT", "congressional_district": "MT-02", "pwsid": "MT0000719", "pws_name": "SPRINGWATER COLONY", "population_served_count": 100, "model_method": "Random Forest", "verification_status": "", "symbology_field": "Modeled", "intersection_area_sq_km": 0.062236903673118252 }, "geometry": { "type": "Polygon", "coordinates": [ [ [ -109.524177099999989, 46.343392799999982 ], [ -109.5258841, 46.345347799999985 ], [ -109.5244341, 46.347012800000016 ], [ -109.521914099999989, 46.345917800000016 ], [ -109.524177099999989, 46.343392799999982 ] ] ] } },
{ "type": "Feature", "properties": { "state_po": "MT", "congressional_district": "MT-02", "pwsid": "MT0000586", "pws_name": "TWO DOT WATER USERS COMPANY", "population_served_count": 50, "model_method": "Random Forest", "verification_status": "", "symbology_field": "Modeled", "intersection_area_sq_km": 0.036385012855267677 }, "geometry": { "type": "Polygon", "coordinates": [ [ [ -110.0686233, 46.424075799999983 ], [ -110.0733863, 46.42357380000005 ], [ -110.0732153, 46.424466799999962 ], [ -110.0686233, 46.424075799999983 ] ] ] } },
{ "type": "Feature", "properties": { "state_po": "MT", "congressional_district": "MT-02", "pwsid": "MT0000474", "pws_name": "WINDMILL TRAILER PARK  WELL 1", "population_served_count": 110, "model_method": "Parcel", "verification_status": "", "symbology_field": "Modeled", "intersection_area_sq_km": 0.091494518421715645 }, "geometry": { "type": "MultiPolygon", "coordinates": [ [ [ [ -110.591953, 45.639678499999924 ], [ -110.5890762, 45.638536 ], [ -110.5916636, 45.6374172 ], [ -110.591953, 45.639678499999924 ] ] ], [ [ [ -110.5906032, 45.640159699999977 ], [ -110.5861952, 45.641031700000042 ], [ -110.5861522, 45.6393427 ], [ -110.587468199999989, 45.6390787 ], [ -110.5906032, 45.640159699999977 ] ] ] ] } },
{ "type": "Feature", "properties": { "state_po": "MT", "congressional_district": "MT-02", "pwsid": "MT0000464", "pws_name": "MEADOWLARK OF BILLINGS LLC", "population_served_count": 800, "model_method": "Random Forest", "verification_status": "", "symbology_field": "Modeled", "intersection_area_sq_km": 0.16987594716851573 }, "geometry": { "type": "MultiPolygon", "coordinates": [ [ [ [ -108.5114618, 45.6986959 ], [ -108.507781799999989, 45.701799899999976 ], [ -108.5070638, 45.702877900000011 ], [ -108.5061818, 45.701819899999983 ], [ -108.5114618, 45.6986959 ] ] ], [ [ [ -108.518235800000014, 45.700366900000013 ], [ -108.5174588, 45.702359900000012 ], [ -108.5131778, 45.7020439 ], [ -108.5160718, 45.69900589999996 ], [ -108.518235800000014, 45.700366900000013 ] ] ] ] } },
{ "type": "Feature", "properties": { "state_po": "MT", "congressional_district": "MT-02", "pwsid": "MT0000463", "pws_name": "BIG TIMBER  CITY OF", "population_served_count": 1650, "model_method": "Random Forest", "verification_status": "", "symbology_field": "Modeled", "intersection_area_sq_km": 2.5433184267344764 }, "geometry": { "type": "Polygon", "coordinates": [ [ [ -109.9732411, 45.826496700000035 ], [ -109.9596721, 45.8336847 ], [ -109.9595321, 45.83656669999997 ], [ -109.9408841, 45.843565699999985 ], [ -109.940868099999989, 45.8416657 ], [ -109.9392271, 45.841708700000012 ], [ -109.9411321, 45.836292700000016 ], [ -109.938442099999989, 45.83559269999995 ], [ -109.9383921, 45.834092699999985 ], [ -109.9436501, 45.8329587 ], [ -109.946041099999988, 45.8271207 ], [ -109.9729421, 45.8253657 ], [ -109.9732411, 45.826496700000035 ] ] ] } },
{ "type": "Feature", "properties": { "state_po": "MT", "congressional_district": "MT-02", "pwsid": "MT0000445", "pws_name": "MARTINSDALE COLONY", "population_served_count": 150, "model_method": "Random Forest", "verification_status": "", "symbology_field": "Modeled", "intersection_area_sq_km": 0.19185087933077982 }, "geometry": { "type": "Polygon", "coordinates": [ [ [ -110.3122593, 46.455968800000029 ], [ -110.3150263, 46.456350799999974 ], [ -110.316034300000013, 46.458572800000042 ], [ -110.3192733, 46.458192799999971 ], [ -110.3189513, 46.4607428 ], [ -110.3129713, 46.459976799999978 ], [ -110.313578299999989, 46.458398800000026 ], [ -110.3107743, 46.458229799999955 ], [ -110.3122593, 46.455968800000029 ] ] ] } },
{ "type": "Feature", "properties": { "state_po": "MT", "congressional_district": "MT-02", "pwsid": "MT0000433", "pws_name": "SPRING CREEK COLONY  LEWISTOWN", "population_served_count": 48, "model_method": "Random Forest", "verification_status": "", "symbology_field": "Modeled", "intersection_area_sq_km": 0.015152859620993234 }, "geometry": { "type": "Polygon", "coordinates": [ [ [ -109.4666053, 47.099000899999957 ], [ -109.4663193, 47.10023989999997 ], [ -109.4634313, 47.099020900000049 ], [ -109.4666053, 47.099000899999957 ] ] ] } },
{ "type": "Feature", "properties": { "state_po": "MT", "congressional_district": "MT-02", "pwsid": "MT0000413", "pws_name": "AYERS HUTTERITE COLONY", "population_served_count": 58, "model_method": "Random Forest", "verification_status": "", "symbology_field": "Modeled", "intersection_area_sq_km": 0.0370763235799541 }, "geometry": { "type": "Polygon", "coordinates": [ [ [ -109.0813252, 46.991088900000058 ], [ -109.0820882, 46.993598899999945 ], [ -109.0795722, 46.991251899999988 ], [ -109.0813252, 46.991088900000058 ] ] ] } },
{ "type": "Feature", "properties": { "state_po": "MT", "congressional_district": "MT-02", "pwsid": "MT0000364", "pws_name": "WINNETT  TOWN OF", "population_served_count": 187, "model_method": "Random Forest", "verification_status": "", "symbology_field": "Modeled", "intersection_area_sq_km": 0.35692640804083897 }, "geometry": { "type": "Polygon", "coordinates": [ [ [ -108.353508, 46.999234 ], [ -108.356397, 47.001098 ], [ -108.356265, 47.005275 ], [ -108.34751, 47.0069 ], [ -108.346449, 47.004168 ], [ -108.350353, 47.004107 ], [ -108.350405, 47.001109 ], [ -108.353508, 46.999234 ] ] ] } },
{ "type": "Feature", "properties": { "state_po": "MT", "congressional_district": "MT-02", "pwsid": "MT0000334", "pws_name": "STANFORD  TOWN OF", "population_served_count": 425, "model_method": "Random Forest", "verification_status": "", "symbology_field": "Modeled", "intersection_area_sq_km": 0.82875674337729632 }, "geometry": { "type": "Polygon", "coordinates": [ [ [ -110.2247595, 47.147236800000023 ], [ -110.2224445, 47.147358799999957 ], [ -110.2223805, 47.149403800000044 ], [ -110.2279295, 47.149740799999975 ], [ -110.2299455, 47.1513348 ], [ -110.225255499999989, 47.151364799999982 ], [ -110.2244375, 47.157193800000037 ], [ -110.2179375, 47.1571468 ], [ -110.216497499999988, 47.153485800000013 ], [ -110.2159055, 47.154568800000014 ], [ -110.2116765, 47.154040799999976 ], [ -110.2114845, 47.151329800000013 ], [ -110.2141855, 47.151345800000037 ], [ -110.2137545, 47.148123800000043 ], [ -110.2155675, 47.149273800000017 ], [ -110.2218305, 47.1483358 ], [ -110.2229685, 47.1458228 ], [ -110.2247595, 47.147236800000023 ] ] ] } },
{ "type": "Feature", "properties": { "state_po": "MT", "congressional_district": "MT-02", "pwsid": "MT0000322", "pws_name": "RYEGATE  TOWN OF", "population_served_count": 270, "model_method": "Random Forest", "verification_status": "", "symbology_field": "Modeled", "intersection_area_sq_km": 1.4454551102794653 }, "geometry": { "type": "Polygon", "coordinates": [ [ [ -109.2578511, 46.293885799999984 ], [ -109.2564571, 46.297352799999985 ], [ -109.2630501, 46.297652800000051 ], [ -109.2629841, 46.30132280000003 ], [ -109.2598341, 46.301202799999977 ], [ -109.26161110000001, 46.304522799999987 ], [ -109.247229100000013, 46.304637899999975 ], [ -109.2472631, 46.302795799999963 ], [ -109.24198410000001, 46.30288190000001 ], [ -109.2421651, 46.2955408 ], [ -109.252625099999989, 46.295333799999945 ], [ -109.2526921, 46.2927278 ], [ -109.2548451, 46.294521800000055 ], [ -109.2578511, 46.293885799999984 ] ] ] } },
{ "type": "Feature", "properties": { "state_po": "MT", "congressional_district": "MT-02", "pwsid": "MT0000321", "pws_name": "ROUNDUP WATER DEPARTMENT", "population_served_count": 1900, "model_method": "Random Forest", "verification_status": "", "symbology_field": "Modeled", "intersection_area_sq_km": 2.8413240716961923 }, "geometry": { "type": "MultiPolygon", "coordinates": [ [ [ [ -108.569986899999989, 46.427789900000022 ], [ -108.570054899999988, 46.430605899999946 ], [ -108.5734919, 46.4305559 ], [ -108.572673, 46.4324109 ], [ -108.5699239, 46.432323899999965 ], [ -108.5638279, 46.437255899999975 ], [ -108.5576219, 46.439295900000026 ], [ -108.559089899999989, 46.438078899999972 ], [ -108.5579349, 46.4352789 ], [ -108.5610299, 46.435854900000052 ], [ -108.5645509, 46.43435690000004 ], [ -108.5605239, 46.434881899999901 ], [ -108.5590659, 46.433235900000021 ], [ -108.5642889, 46.429768899999956 ], [ -108.569986899999989, 46.427789900000022 ] ] ], [ [ [ -108.5480989, 46.439917900000019 ], [ -108.5465309, 46.440320899999982 ], [ -108.5517509, 46.4414359 ], [ -108.5520609, 46.4499319 ], [ -108.5493089, 46.4498459 ], [ -108.550659900000014, 46.457249899999979 ], [ -108.5484329, 46.4571669 ], [ -108.5483869, 46.4585909 ], [ -108.5412369, 46.4586009 ], [ -108.5389699, 46.453332900000028 ], [ -108.536013900000015, 46.45322689999994 ], [ -108.536057899999989, 46.448897900000027 ], [ -108.530935899999989, 46.4499999 ], [ -108.5345769, 46.445327899999917 ], [ -108.5321389, 46.444357899999915 ], [ -108.538963900000013, 46.441415899999932 ], [ -108.5428399, 46.440719900000026 ], [ -108.543464899999989, 46.4418189 ], [ -108.5458879, 46.43869990000001 ], [ -108.5480989, 46.439917900000019 ] ] ] ] } },
{ "type": "Feature", "properties": { "state_po": "MT", "congressional_district": "MT-02", "pwsid": "MT0000313", "pws_name": "RAPELJE WATER DISTRICT", "population_served_count": 70, "model_method": "Random Forest", "verification_status": "", "symbology_field": "Modeled", "intersection_area_sq_km": 0.64283452590187939 }, "geometry": { "type": "Polygon", "coordinates": [ [ [ -109.268598, 45.9723258 ], [ -109.267745, 45.974489800000015 ], [ -109.25481, 45.9742458 ], [ -109.253145, 45.972707799999988 ], [ -109.255394, 45.9673808 ], [ -109.257181, 45.967125800000012 ], [ -109.268598, 45.9723258 ] ] ] } },
{ "type": "Feature", "properties": { "state_po": "MT", "congressional_district": "MT-02", "pwsid": "MT0000295", "pws_name": "MOORE  TOWN OF", "population_served_count": 186, "model_method": "Random Forest", "verification_status": "", "symbology_field": "Modeled", "intersection_area_sq_km": 0.49123192569607516 }, "geometry": { "type": "Polygon", "coordinates": [ [ [ -109.7025833, 46.972009899999968 ], [ -109.6985153, 46.976891900000034 ], [ -109.6920613, 46.979387900000035 ], [ -109.690475299999989, 46.976144899999944 ], [ -109.6920313, 46.9757639 ], [ -109.6919833, 46.970655900000011 ], [ -109.6951703, 46.9706569 ], [ -109.695175299999988, 46.972007900000044 ], [ -109.7025833, 46.972009899999968 ] ] ] } },
{ "type": "Feature", "properties": { "state_po": "MT", "congressional_district": "MT-02", "pwsid": "MT0000290", "pws_name": "MELSTONE  TOWN OF", "population_served_count": 170, "model_method": "Random Forest", "verification_status": "", "symbology_field": "Modeled", "intersection_area_sq_km": 0.25589429990020135 }, "geometry": { "type": "Polygon", "coordinates": [ [ [ -107.8717298, 46.595119 ], [ -107.8735488, 46.59771 ], [ -107.8732108, 46.600515 ], [ -107.8646038, 46.599473 ], [ -107.8717298, 46.595119 ] ] ] } },
{ "type": "Feature", "properties": { "state_po": "MT", "congressional_district": "MT-02", "pwsid": "MT0000287", "pws_name": "MARTINSDALE WATER AND SEWER DISTRICT", "population_served_count": 75, "model_method": "Decision Tree", "verification_status": "", "symbology_field": "Modeled", "intersection_area_sq_km": 0.1571031541138817 }, "geometry": { "type": "Polygon", "coordinates": [ [ [ -110.3151063, 46.45645780000001 ], [ -110.3171493, 46.458598799999983 ], [ -110.3192733, 46.458192799999971 ], [ -110.3189513, 46.4607428 ], [ -110.3126903, 46.459731799999986 ], [ -110.3151063, 46.45645780000001 ] ] ] } },
{ "type": "Feature", "properties": { "state_po": "MT", "congressional_district": "MT-02", "pwsid": "MT0000258", "pws_name": "JUDITH GAP  TOWN OF", "population_served_count": 126, "model_method": "Random Forest", "verification_status": "", "symbology_field": "Modeled", "intersection_area_sq_km": 0.315358392870356 }, "geometry": { "type": "Polygon", "coordinates": [ [ [ -109.7509893, 46.6741118 ], [ -109.7567793, 46.6783348 ], [ -109.755609299999989, 46.684152799999985 ], [ -109.7523253, 46.68308880000005 ], [ -109.7523683, 46.679123799999971 ], [ -109.749243299999989, 46.679107800000054 ], [ -109.7493073, 46.675080799999982 ], [ -109.7509893, 46.6741118 ] ] ] } },
{ "type": "Feature", "properties": { "state_po": "MT", "congressional_district": "MT-02", "pwsid": "MT0000240", "pws_name": "HARLOWTON  CITY OF", "population_served_count": 1050, "model_method": "Random Forest", "verification_status": "", "symbology_field": "Modeled", "intersection_area_sq_km": 1.6820868005197198 }, "geometry": { "type": "Polygon", "coordinates": [ [ [ -109.8303622, 46.431786800000019 ], [ -109.8421102, 46.4332138 ], [ -109.8419832, 46.4354348 ], [ -109.8438902, 46.4348038 ], [ -109.8426682, 46.435436799999948 ], [ -109.8524142, 46.437250799999944 ], [ -109.8524092, 46.438980799999968 ], [ -109.8419892, 46.43903080000004 ], [ -109.8419982, 46.441035799999966 ], [ -109.834295200000014, 46.441020799999968 ], [ -109.8313752, 46.439111800000063 ], [ -109.8313542, 46.442655799999976 ], [ -109.8260752, 46.44257080000002 ], [ -109.8243292, 46.4369258 ], [ -109.8174562, 46.433375800000022 ], [ -109.819018199999988, 46.433476799999958 ], [ -109.8189902, 46.431775799999969 ], [ -109.8207972, 46.431852800000016 ], [ -109.820836199999988, 46.433467799999967 ], [ -109.8241902, 46.43361680000001 ], [ -109.8243542, 46.432579799999957 ], [ -109.8303622, 46.431786800000019 ] ] ] } },
{ "type": "Feature", "properties": { "state_po": "MT", "congressional_district": "MT-02", "pwsid": "MT0000231", "pws_name": "GRASS RANGE  TOWN OF", "population_served_count": 102, "model_method": "Random Forest", "verification_status": "", "symbology_field": "Modeled", "intersection_area_sq_km": 0.45468293964909112 }, "geometry": { "type": "Polygon", "coordinates": [ [ [ -108.7961051, 47.01979 ], [ -108.8006161, 47.023616 ], [ -108.8019731, 47.022297 ], [ -108.8078561, 47.023149 ], [ -108.8030761, 47.031039 ], [ -108.8009541, 47.030841 ], [ -108.8009561, 47.026889 ], [ -108.7987451, 47.026693 ], [ -108.7961051, 47.01979 ] ] ] } },
{ "type": "Feature", "properties": { "state_po": "MT", "congressional_district": "MT-02", "pwsid": "MT0000018", "pws_name": "ST LABRE INDIAN SCHOOL", "population_served_count": 650, "model_method": "Random Forest", "verification_status": "", "symbology_field": "Modeled", "intersection_area_sq_km": 0.0068666442480476908 }, "geometry": { "type": "Polygon", "coordinates": [ [ [ -106.2833483, 45.607921 ], [ -106.2819903, 45.608265 ], [ -106.2820093, 45.607712 ], [ -106.2833483, 45.607921 ] ] ] } },
{ "type": "Feature", "properties": { "state_po": "MT", "congressional_district": "MT-02", "pwsid": "MT0000226", "pws_name": "GEYSER JUDITH BASIN CTY WATER SEWER DIST", "population_served_count": 125, "model_method": "Random Forest", "verification_status": "", "symbology_field": "Modeled", "intersection_area_sq_km": 0.16293974443325146 }, "geometry": { "type": "Polygon", "coordinates": [ [ [ -110.493706500000016, 47.2570098 ], [ -110.493143499999988, 47.2594068 ], [ -110.498876599999988, 47.259017799999953 ], [ -110.4987666, 47.2609438 ], [ -110.4911925, 47.261549799999933 ], [ -110.4922945, 47.256932799999987 ], [ -110.493706500000016, 47.2570098 ] ] ] } },
{ "type": "Feature", "properties": { "state_po": "MT", "congressional_district": "MT-02", "pwsid": "MT0000225", "pws_name": "GERALDINE  TOWN OF", "population_served_count": 260, "model_method": "Random Forest", "verification_status": "", "symbology_field": "Modeled", "intersection_area_sq_km": 1.0239658231159432 }, "geometry": { "type": "Polygon", "coordinates": [ [ [ -110.2686156, 47.596023899999985 ], [ -110.2685866, 47.597962899999978 ], [ -110.274246600000012, 47.5979109 ], [ -110.2737746, 47.608635900000067 ], [ -110.2706146, 47.608647899999958 ], [ -110.257949599999989, 47.597385899999949 ], [ -110.2579646, 47.596032899999983 ], [ -110.2686156, 47.596023899999985 ] ] ] } },
{ "type": "Feature", "properties": { "state_po": "MT", "congressional_district": "MT-02", "pwsid": "MT0000216", "pws_name": "FORT BENTON  CITY OF", "population_served_count": 1500, "model_method": "Random Forest", "verification_status": "", "symbology_field": "Modeled", "intersection_area_sq_km": 3.0042399967094107 }, "geometry": { "type": "Polygon", "coordinates": [ [ [ -110.7001717, 47.810890899999983 ], [ -110.689942699999989, 47.80722990000001 ], [ -110.6820957, 47.8069269 ], [ -110.6802097, 47.808768899999961 ], [ -110.6824547, 47.809881900000057 ], [ -110.6764507, 47.815452899999968 ], [ -110.6780637, 47.8179169 ], [ -110.6756167, 47.821355900000043 ], [ -110.6727357, 47.821540899999938 ], [ -110.6714047, 47.823713899999987 ], [ -110.6700887, 47.823069899999972 ], [ -110.668606700000012, 47.826947899999986 ], [ -110.6651577, 47.8275639 ], [ -110.6651477, 47.828987899999973 ], [ -110.6689027, 47.828999900000028 ], [ -110.6696927, 47.830606900000049 ], [ -110.6651887, 47.830603900000021 ], [ -110.6653217, 47.835903899999934 ], [ -110.6587927, 47.835183900000054 ], [ -110.6617767, 47.830789900000013 ], [ -110.6582297, 47.834105899999983 ], [ -110.6559447, 47.83281089999997 ], [ -110.659680699999981, 47.829440900000023 ], [ -110.6562137, 47.827741900000021 ], [ -110.6571727, 47.825281900000029 ], [ -110.655563700000016, 47.824466899999969 ], [ -110.6584857, 47.823081900000012 ], [ -110.6602887, 47.823925900000042 ], [ -110.6643837, 47.820322900000029 ], [ -110.669071699999989, 47.815856900000057 ], [ -110.6672827, 47.8149809 ], [ -110.6696447, 47.81151790000002 ], [ -110.6764917, 47.805054899999973 ], [ -110.6833467, 47.8028179 ], [ -110.6897587, 47.8031229 ], [ -110.7001717, 47.810890899999983 ] ] ] } },
{ "type": "Feature", "properties": { "state_po": "MT", "congressional_district": "MT-02", "pwsid": "MT0000199", "pws_name": "DENTON  TOWN OF", "population_served_count": 255, "model_method": "Random Forest", "verification_status": "", "symbology_field": "Modeled", "intersection_area_sq_km": 0.52036588410373219 }, "geometry": { "type": "MultiPolygon", "coordinates": [ [ [ [ -109.9366104, 47.314393900000013 ], [ -109.9534294, 47.3183189 ], [ -109.951878400000012, 47.319976899999986 ], [ -109.9366564, 47.319489900000086 ], [ -109.9366104, 47.314393900000013 ] ] ], [ [ [ -109.964434400000016, 47.319691899999967 ], [ -109.9537424, 47.317577899999982 ], [ -109.9519234, 47.317301899999968 ], [ -109.964434400000016, 47.319691899999967 ] ] ] ] } },
{ "type": "Feature", "properties": { "state_po": "MT", "congressional_district": "MT-02", "pwsid": "MT0000185", "pws_name": "COLUMBUS  TOWN OF", "population_served_count": 1900, "model_method": "Random Forest", "verification_status": "", "symbology_field": "Modeled", "intersection_area_sq_km": 4.8486958041918786 }, "geometry": { "type": "Polygon", "coordinates": [ [ [ -109.255, 45.628435800000048 ], [ -109.253284, 45.630511800000022 ], [ -109.2476249, 45.6272568 ], [ -109.247633, 45.631395799999972 ], [ -109.254316, 45.632925800000059 ], [ -109.257428, 45.637960800000016 ], [ -109.269726, 45.6407548 ], [ -109.26868, 45.648813799999964 ], [ -109.266372, 45.649887799999981 ], [ -109.268381, 45.651567800000038 ], [ -109.265932, 45.65468480000002 ], [ -109.245368, 45.645369799999976 ], [ -109.242199, 45.638601800000018 ], [ -109.23284790000001, 45.638527800000013 ], [ -109.2329429, 45.6340708 ], [ -109.2441259, 45.63453979999997 ], [ -109.2329079, 45.632152800000014 ], [ -109.2329149, 45.629675800000015 ], [ -109.2305659, 45.6290118 ], [ -109.2328769, 45.627824799999978 ], [ -109.2329189, 45.6241398 ], [ -109.227390899999989, 45.6250888 ], [ -109.2378189, 45.620965800000015 ], [ -109.2408479, 45.621559799999986 ], [ -109.2434279, 45.624858799999949 ], [ -109.255, 45.628435800000048 ] ] ] } },
{ "type": "Feature", "properties": { "state_po": "MT", "congressional_district": "MT-02", "pwsid": "MT0000178", "pws_name": "CLYDE PARK WATER DEPT", "population_served_count": 300, "model_method": "Random Forest", "verification_status": "", "symbology_field": "Modeled", "intersection_area_sq_km": 0.94687871763013287 }, "geometry": { "type": "Polygon", "coordinates": [ [ [ -110.6031463, 45.876550699999974 ], [ -110.6056993, 45.880133699999988 ], [ -110.6129323, 45.879738700000068 ], [ -110.6151743, 45.884979699999946 ], [ -110.6176923, 45.88593970000003 ], [ -110.5996053, 45.88697470000001 ], [ -110.5977303, 45.888940699999971 ], [ -110.59721230000001, 45.883213699999985 ], [ -110.5996193, 45.883223699999974 ], [ -110.6000023, 45.880503699999963 ], [ -110.6027903, 45.8805157 ], [ -110.6031463, 45.876550699999974 ] ] ] } },
{ "type": "Feature", "properties": { "state_po": "MT", "congressional_district": "MT-02", "pwsid": "MT0000167", "pws_name": "BROADVIEW  TOWN OF", "population_served_count": 200, "model_method": "Decision Tree", "verification_status": "", "symbology_field": "Modeled", "intersection_area_sq_km": 0.67840799073043645 }, "geometry": { "type": "Polygon", "coordinates": [ [ [ -108.884681, 46.095200899999973 ], [ -108.884525, 46.101958899999971 ], [ -108.87325, 46.102538899999963 ], [ -108.873218, 46.095471899999978 ], [ -108.884681, 46.095200899999973 ] ] ] } },
{ "type": "Feature", "properties": { "state_po": "MT", "congressional_district": "MT-02", "pwsid": "MT0000150", "pws_name": "BIG SANDY  TOWN OF", "population_served_count": 608, "model_method": "Random Forest", "verification_status": "", "symbology_field": "Modeled", "intersection_area_sq_km": 1.2400793061306914 }, "geometry": { "type": "Polygon", "coordinates": [ [ [ -110.1210537, 48.172994899999985 ], [ -110.1170607, 48.175901899999985 ], [ -110.120682699999989, 48.176563899999969 ], [ -110.120637699999989, 48.183812900000042 ], [ -110.1060157, 48.183825899999967 ], [ -110.1060117, 48.175762899999938 ], [ -110.1099807, 48.172929900000028 ], [ -110.1210537, 48.172994899999985 ] ] ] } },
{ "type": "Feature", "properties": { "state_po": "MT", "congressional_district": "MT-02", "pwsid": "MT0000125", "pws_name": "STROBEL TRAILER COURT", "population_served_count": 60, "model_method": "Parcel", "verification_status": "", "symbology_field": "Modeled", "intersection_area_sq_km": 0.020852823905696288 }, "geometry": { "type": "Polygon", "coordinates": [ [ [ -109.9528671, 45.822325700000022 ], [ -109.9518781, 45.8240507 ], [ -109.9504251, 45.8247767 ], [ -109.9501141, 45.8242487 ], [ -109.9528671, 45.822325700000022 ] ] ] } },
{ "type": "Feature", "properties": { "state_po": "MT", "congressional_district": "MT-02", "pwsid": "MT0000039", "pws_name": "EDANNES MOBILE HOME PARK", "population_served_count": 55, "model_method": "Random Forest", "verification_status": "", "symbology_field": "Modeled", "intersection_area_sq_km": 0.033452427331154271 }, "geometry": { "type": "Polygon", "coordinates": [ [ [ -110.5776272, 45.636490700000017 ], [ -110.5804912, 45.6378277 ], [ -110.5775992, 45.637877700000026 ], [ -110.5776272, 45.636490700000017 ] ] ] } },
{ "type": "Feature", "properties": { "state_po": "MT", "congressional_district": "MT-02", "pwsid": "MT0000038", "pws_name": "SLEEPING GIANT COMMUNITY INC", "population_served_count": 50, "model_method": "Parcel", "verification_status": "", "symbology_field": "Modeled", "intersection_area_sq_km": 0.015605082672226453 }, "geometry": { "type": "Polygon", "coordinates": [ [ [ -110.5445122, 45.677726699999987 ], [ -110.5458972, 45.679036699999976 ], [ -110.5444992, 45.679038700000035 ], [ -110.5445122, 45.677726699999987 ] ] ] } },
{ "type": "Feature", "properties": { "state_po": "MT", "congressional_district": "MT-02", "pwsid": "MT0001599", "pws_name": "BIG SPUR TR CT", "population_served_count": 65, "model_method": "Parcel", "verification_status": "", "symbology_field": "Modeled", "intersection_area_sq_km": 0.041387809498842257 }, "geometry": { "type": "Polygon", "coordinates": [ [ [ -110.6138709, 45.501343799999979 ], [ -110.6121046, 45.502360799999984 ], [ -110.610192399999988, 45.501833799999972 ], [ -110.6115772, 45.500336400000016 ], [ -110.6138709, 45.501343799999979 ] ] ] } },
{ "type": "Feature", "properties": { "state_po": "MT", "congressional_district": "MT-02", "pwsid": "MT0004376", "pws_name": "COUNTRY HAVEN ESTATES  WHISPERING PINES", "population_served_count": 100, "model_method": "Random Forest", "verification_status": "", "symbology_field": "Modeled", "intersection_area_sq_km": 51.163830689540632 }, "geometry": { "type": "Polygon", "coordinates": [ [ [ -109.2589839, 45.594115799999983 ], [ -109.2649309, 45.603622799999975 ], [ -109.271977, 45.606997799999988 ], [ -109.275683, 45.612805799999961 ], [ -109.278296, 45.6139208 ], [ -109.272374, 45.615743799999969 ], [ -109.274279, 45.61923980000001 ], [ -109.279061, 45.620347799999983 ], [ -109.278582, 45.6296728 ], [ -109.275919, 45.6322878 ], [ -109.272308, 45.632458799999981 ], [ -109.263883, 45.628164800000043 ], [ -109.257403, 45.627080800000037 ], [ -109.255048, 45.6248758 ], [ -109.2495199, 45.624113800000039 ], [ -109.2504349, 45.622212799999986 ], [ -109.2457319, 45.620405799999958 ], [ -109.2432649, 45.6217388 ], [ -109.229928899999976, 45.618083799999965 ], [ -109.2251539, 45.6187378 ], [ -109.2077549, 45.615678800000047 ], [ -109.2066389, 45.6054898 ], [ -109.199182900000011, 45.60274880000005 ], [ -109.1985289, 45.5973188 ], [ -109.1879549, 45.584031799999941 ], [ -109.1694209, 45.573826799999971 ], [ -109.1696439, 45.566565800000049 ], [ -109.1718899, 45.5664928 ], [ -109.1732589, 45.557711799999971 ], [ -109.1854949, 45.530627800000033 ], [ -109.1929659, 45.532754799999971 ], [ -109.1964779, 45.537196800000011 ], [ -109.1967229, 45.5422128 ], [ -109.2021229, 45.543189799999972 ], [ -109.2141329, 45.5394548 ], [ -109.226171900000011, 45.539792800000015 ], [ -109.2323359, 45.536865799999944 ], [ -109.2379529, 45.5389308 ], [ -109.2408789, 45.5416918 ], [ -109.2397649, 45.546520799999989 ], [ -109.2423079, 45.5516328 ], [ -109.2466359, 45.5539848 ], [ -109.2499889, 45.5604228 ], [ -109.2499519, 45.567400799999945 ], [ -109.2567359, 45.571741800000034 ], [ -109.257205899999988, 45.5766538 ], [ -109.2550809, 45.57810980000005 ], [ -109.2589839, 45.594115799999983 ] ] ] } },
{ "type": "Feature", "properties": { "state_po": "MT", "congressional_district": "MT-02", "pwsid": "MT0000256", "pws_name": "JOLIET  TOWN OF", "population_served_count": 600, "model_method": "Random Forest", "verification_status": "", "symbology_field": "Modeled", "intersection_area_sq_km": 0.71089047516765125 }, "geometry": { "type": "Polygon", "coordinates": [ [ [ -108.9805339, 45.48139479999994 ], [ -108.9770409, 45.483498800000021 ], [ -108.9766889, 45.489011799999979 ], [ -108.9746889, 45.489821800000044 ], [ -108.9728089, 45.487244799999942 ], [ -108.9693669, 45.486673800000013 ], [ -108.9614199, 45.4892178 ], [ -108.9614589, 45.486671799999989 ], [ -108.9652389, 45.487314799999972 ], [ -108.968666899999988, 45.485011799999988 ], [ -108.9686019, 45.4821828 ], [ -108.9657329, 45.482376799999962 ], [ -108.9662889, 45.4814898 ], [ -108.9688139, 45.4820628 ], [ -108.9731449, 45.479440799999971 ], [ -108.9741529, 45.480438799999988 ], [ -108.9769729, 45.4794448 ], [ -108.9786039, 45.481640799999987 ], [ -108.9805339, 45.48139479999994 ] ] ] } },
{ "type": "Feature", "properties": { "state_po": "MT", "congressional_district": "MT-02", "pwsid": "MT0000003", "pws_name": "ABSAROKEE WATER AND SEWER DIST", "population_served_count": 1100, "model_method": "Random Forest", "verification_status": "", "symbology_field": "Modeled", "intersection_area_sq_km": 3.1903235652093453 }, "geometry": { "type": "Polygon", "coordinates": [ [ [ -109.456891, 45.511304800000026 ], [ -109.449711, 45.518311799999971 ], [ -109.443792, 45.530025799999969 ], [ -109.440532, 45.53069780000007 ], [ -109.438683, 45.533980799999938 ], [ -109.432717, 45.536377800000011 ], [ -109.422552, 45.537221799999983 ], [ -109.425331, 45.535934799999957 ], [ -109.430177, 45.5362388 ], [ -109.425569, 45.5329148 ], [ -109.445905, 45.5115828 ], [ -109.448733, 45.503778800000013 ], [ -109.453374, 45.503947799999942 ], [ -109.454162, 45.501854800000032 ], [ -109.456473, 45.5047627 ], [ -109.456891, 45.511304800000026 ] ] ] } },
{ "type": "Feature", "properties": { "state_po": "MT", "congressional_district": "MT-02", "pwsid": "MT0000497", "pws_name": "PINE CREST TR PK", "population_served_count": 54, "model_method": "Random Forest", "verification_status": "", "symbology_field": "Modeled", "intersection_area_sq_km": 0.087530975396246227 }, "geometry": { "type": "Polygon", "coordinates": [ [ [ -110.5728292, 45.5999738 ], [ -110.5750215, 45.599732499999988 ], [ -110.5766507, 45.603957199999989 ], [ -110.574483, 45.604305199999978 ], [ -110.5728292, 45.5999738 ] ] ] } },
{ "type": "Feature", "properties": { "state_po": "MT", "congressional_district": "MT-02", "pwsid": "MT0000314", "pws_name": "RED LODGE WATER DEPT", "population_served_count": 2000, "model_method": "Random Forest", "verification_status": "", "symbology_field": "Modeled", "intersection_area_sq_km": 5.3382429512979153 }, "geometry": { "type": "Polygon", "coordinates": [ [ [ -109.2478369, 45.173517699999969 ], [ -109.2598699, 45.1719717 ], [ -109.2600809, 45.18170470000004 ], [ -109.2583949, 45.1817407 ], [ -109.2581999, 45.1778247 ], [ -109.256642899999989, 45.181769700000025 ], [ -109.2547819, 45.181814699999961 ], [ -109.2523339, 45.1911397 ], [ -109.2541629, 45.192928700000024 ], [ -109.2556179, 45.1920177 ], [ -109.255850900000013, 45.193344700000061 ], [ -109.2604059, 45.1942187 ], [ -109.2604319, 45.206032699999987 ], [ -109.2528229, 45.207576700000018 ], [ -109.2513639, 45.211386699999984 ], [ -109.2511049, 45.215074699999931 ], [ -109.2560439, 45.215093699999969 ], [ -109.2572109, 45.218658700000027 ], [ -109.2447419, 45.218768700000012 ], [ -109.2453569, 45.215208700000012 ], [ -109.2422749, 45.2148827 ], [ -109.2456959, 45.200352699999982 ], [ -109.2384589, 45.2004347 ], [ -109.2380859, 45.197522700000015 ], [ -109.2478369, 45.173517699999969 ] ] ] } },
{ "type": "Feature", "properties": { "state_po": "MT", "congressional_district": "MT-02", "pwsid": "MT0003035", "pws_name": "FALLON COUNTY WATER DISTRICT", "population_served_count": 85, "model_method": "Random Forest", "verification_status": "", "symbology_field": "Modeled", "intersection_area_sq_km": 0.38117192843698006 }, "geometry": { "type": "MultiPolygon", "coordinates": [ [ [ [ -104.274802799999989, 46.350559300000029 ], [ -104.2727736, 46.358041199999946 ], [ -104.2713976, 46.3580472 ], [ -104.2690166, 46.357128200000041 ], [ -104.2689668, 46.35032320000002 ], [ -104.274802799999989, 46.350559300000029 ] ] ], [ [ [ -104.2441684, 46.363010799999977 ], [ -104.2487814, 46.363736899999957 ], [ -104.2486823, 46.3664799 ], [ -104.24532330000001, 46.365565800000027 ], [ -104.2441684, 46.363010799999977 ] ] ] ] } },
{ "type": "Feature", "properties": { "state_po": "MT", "congressional_district": "MT-02", "pwsid": "MT0002738", "pws_name": "CASITAS DEL MESA MHP", "population_served_count": 180, "model_method": "Random Forest", "verification_status": "", "symbology_field": "Modeled", "intersection_area_sq_km": 0.37259306513136314 }, "geometry": { "type": "Polygon", "coordinates": [ [ [ -104.7468122, 47.107748299999983 ], [ -104.7419952, 47.107977299999973 ], [ -104.742097199999989, 47.110719300000049 ], [ -104.7395242, 47.109465299999982 ], [ -104.7357832, 47.1115603 ], [ -104.7350062, 47.1063123 ], [ -104.7450572, 47.1040353 ], [ -104.7468122, 47.107748299999983 ] ] ] } },
{ "type": "Feature", "properties": { "state_po": "MT", "congressional_district": "MT-02", "pwsid": "MT0000222", "pws_name": "FROMBERG  TOWN OF", "population_served_count": 500, "model_method": "Random Forest", "verification_status": "", "symbology_field": "Modeled", "intersection_area_sq_km": 1.1608690678903884 }, "geometry": { "type": "Polygon", "coordinates": [ [ [ -108.902996800000011, 45.388698800000036 ], [ -108.9132698, 45.388716799999976 ], [ -108.9132718, 45.390366799999946 ], [ -108.9190858, 45.390756799999984 ], [ -108.9198178, 45.3923678 ], [ -108.9184108, 45.3937878 ], [ -108.913204799999988, 45.393295800000047 ], [ -108.9132748, 45.397089799999947 ], [ -108.9106568, 45.396894800000048 ], [ -108.9105068, 45.394382800000024 ], [ -108.9059148, 45.394394799999958 ], [ -108.9026628, 45.398979800000042 ], [ -108.9023398, 45.3961548 ], [ -108.8963128, 45.393788800000038 ], [ -108.8953488, 45.391416799999973 ], [ -108.8997998, 45.389057800000018 ], [ -108.9000388, 45.386631800000018 ], [ -108.902996800000011, 45.388698800000036 ] ] ] } },
{ "type": "Feature", "properties": { "state_po": "MT", "congressional_district": "MT-02", "pwsid": "MT0000165", "pws_name": "BRIDGER  TOWN OF", "population_served_count": 750, "model_method": "Random Forest", "verification_status": "", "symbology_field": "Modeled", "intersection_area_sq_km": 1.747033468682631 }, "geometry": { "type": "Polygon", "coordinates": [ [ [ -108.9230798, 45.2867138 ], [ -108.925429799999989, 45.295679800000016 ], [ -108.921755800000014, 45.2968008 ], [ -108.9216858, 45.298995800000029 ], [ -108.9237568, 45.301539799999965 ], [ -108.9249998, 45.3001408 ], [ -108.9249398, 45.304831799999967 ], [ -108.9219368, 45.30482980000005 ], [ -108.9204988, 45.3016008 ], [ -108.9122738, 45.297587799999981 ], [ -108.9069948, 45.297597800000041 ], [ -108.9062388, 45.299146800000017 ], [ -108.9039558, 45.298170800000015 ], [ -108.9040938, 45.290238799999983 ], [ -108.9192808, 45.290230800000025 ], [ -108.9195338, 45.2867128 ], [ -108.9230798, 45.2867138 ] ] ] } },
{ "type": "Feature", "properties": { "state_po": "MT", "congressional_district": "MT-02", "pwsid": "MT0000063", "pws_name": "BEARCREEK MUNICIPAL WATER SYS", "population_served_count": 200, "model_method": "Random Forest", "verification_status": "", "symbology_field": "Modeled", "intersection_area_sq_km": 0.22949441466145684 }, "geometry": { "type": "Polygon", "coordinates": [ [ [ -109.1528398, 45.160956699999936 ], [ -109.1511018, 45.157895700000047 ], [ -109.1554778, 45.158444699999983 ], [ -109.1568248, 45.1606947 ], [ -109.162461799999988, 45.1602817 ], [ -109.1625488, 45.164082699999987 ], [ -109.1528398, 45.160956699999936 ] ] ] } },
{ "type": "Feature", "properties": { "state_po": "MT", "congressional_district": "MT-02", "pwsid": "MT0000228", "pws_name": "CHERRY CREEK WUA  GLASGOW", "population_served_count": 180, "model_method": "Random Forest", "verification_status": "", "symbology_field": "Modeled", "intersection_area_sq_km": 0.0865579522746633 }, "geometry": { "type": "Polygon", "coordinates": [ [ [ -106.659301899999988, 48.2222033 ], [ -106.6583539, 48.222907300000031 ], [ -106.6550499, 48.220682300000036 ], [ -106.6542179, 48.221921299999963 ], [ -106.652620899999988, 48.2205703 ], [ -106.6546959, 48.2188573 ], [ -106.659301899999988, 48.2222033 ] ] ] } },
{ "type": "Feature", "properties": { "state_po": "MT", "congressional_district": "MT-02", "pwsid": "MT0004987", "pws_name": "HIDDEN VALLEY COLONY", "population_served_count": 80, "model_method": "Random Forest", "verification_status": "", "symbology_field": "Modeled", "intersection_area_sq_km": 0.18493782983927121 }, "geometry": { "type": "MultiPolygon", "coordinates": [ [ [ [ -110.2951548, 48.567424 ], [ -110.3027478, 48.567461 ], [ -110.3027668, 48.569257 ], [ -110.295099799999988, 48.569392 ], [ -110.2951548, 48.567424 ] ] ], [ [ [ -110.3040218, 48.570745 ], [ -110.3026578, 48.573664 ], [ -110.3027128, 48.571726 ], [ -110.2996938, 48.570778 ], [ -110.3040218, 48.570745 ] ] ] ] } },
{ "type": "Feature", "properties": { "state_po": "MT", "congressional_district": "MT-02", "pwsid": "MT0000345", "pws_name": "TRACY WATER USERS CORP", "population_served_count": 200, "model_method": "Random Forest", "verification_status": "", "symbology_field": "Modeled", "intersection_area_sq_km": 0.26658966327284522 }, "geometry": { "type": "MultiPolygon", "coordinates": [ [ [ [ -111.154195699999988, 47.4034808 ], [ -111.1521647, 47.404150800000018 ], [ -111.1522417, 47.40089280000003 ], [ -111.154195699999988, 47.4034808 ] ] ], [ [ [ -111.1586537, 47.4133458 ], [ -111.1619587, 47.413398799999968 ], [ -111.1581137, 47.414417799999981 ], [ -111.156334699999988, 47.417917800000026 ], [ -111.1536697, 47.417919800000028 ], [ -111.1555527, 47.417409799999959 ], [ -111.1540507, 47.4159228 ], [ -111.1576257, 47.408781800000014 ], [ -111.1561417, 47.403693800000056 ], [ -111.1578697, 47.40641380000001 ], [ -111.1586537, 47.4133458 ] ] ], [ [ [ -111.1541987, 47.413192799999962 ], [ -111.151850700000011, 47.414375799999966 ], [ -111.1518207, 47.413135799999971 ], [ -111.1541987, 47.413192799999962 ] ] ] ] } },
{ "type": "Feature", "properties": { "state_po": "MT", "congressional_district": "MT-02", "pwsid": "MT0000360", "pws_name": "WHITE SULPHUR SPRINGS  CITY OF", "population_served_count": 1000, "model_method": "Random Forest", "verification_status": "", "symbology_field": "Modeled", "intersection_area_sq_km": 2.3006772714326305 }, "geometry": { "type": "Polygon", "coordinates": [ [ [ -110.906177499999984, 46.539708699999984 ], [ -110.9063345, 46.541470700000055 ], [ -110.9134225, 46.541501699999962 ], [ -110.9133675, 46.545084699999983 ], [ -110.9161525, 46.5450757 ], [ -110.9162615, 46.548711699999977 ], [ -110.9130975, 46.550511700000023 ], [ -110.9099365, 46.5498437 ], [ -110.90763050000001, 46.552271700000027 ], [ -110.895402499999989, 46.552302700000062 ], [ -110.8953335, 46.550129700000014 ], [ -110.8894735, 46.550892700000055 ], [ -110.8894375, 46.548662699999973 ], [ -110.8953525, 46.5479147 ], [ -110.8926815, 46.5450457 ], [ -110.8954065, 46.544412699999953 ], [ -110.8956395, 46.534146700000015 ], [ -110.9021105, 46.534635700000059 ], [ -110.9015735, 46.539380700000024 ], [ -110.906177499999984, 46.539708699999984 ] ] ] } },
{ "type": "Feature", "properties": { "state_po": "MT", "congressional_district": "MT-02", "pwsid": "MT0000600", "pws_name": "PRAIRIE MOBILE VILLAGE", "population_served_count": 163, "model_method": "OSM", "verification_status": "", "symbology_field": "Modeled", "intersection_area_sq_km": 0.025958814792778232 }, "geometry": { "type": "MultiPolygon", "coordinates": [ [ [ [ -111.931875699999978, 46.627077599999971 ], [ -111.9336957, 46.6281826 ], [ -111.931830699999978, 46.628196599999988 ], [ -111.931875699999978, 46.627077599999971 ] ] ], [ [ [ -111.9353267, 46.627139599999957 ], [ -111.9345707, 46.62821560000004 ], [ -111.9344697, 46.627135599999981 ], [ -111.9353267, 46.627139599999957 ] ] ] ] } },
{ "type": "Feature", "properties": { "state_po": "MT", "congressional_district": "MT-02", "pwsid": "MT0001738", "pws_name": "CASCADE COLONY", "population_served_count": 105, "model_method": "Random Forest", "verification_status": "", "symbology_field": "Modeled", "intersection_area_sq_km": 17.717450686750226 }, "geometry": { "type": "Polygon", "coordinates": [ [ [ -111.8102308, 47.168435699999975 ], [ -111.8095658, 47.177811700000014 ], [ -111.805838799999989, 47.1784167 ], [ -111.8028478, 47.1812697 ], [ -111.8002938, 47.187098699999943 ], [ -111.795048799999989, 47.1895737 ], [ -111.7792678, 47.192837700000027 ], [ -111.7721778, 47.1970047 ], [ -111.7645498, 47.1966257 ], [ -111.7642208, 47.191957700000039 ], [ -111.758324800000011, 47.1909287 ], [ -111.7462578, 47.185487699999982 ], [ -111.7457688, 47.179884700000017 ], [ -111.7429428, 47.176830700000032 ], [ -111.7440218, 47.173384699999957 ], [ -111.741944800000013, 47.166432700000023 ], [ -111.7410618, 47.164156699999985 ], [ -111.7394278, 47.165390699999982 ], [ -111.7394938, 47.1630887 ], [ -111.7425308, 47.161972699999936 ], [ -111.7468378, 47.163030700000043 ], [ -111.7494838, 47.1557647 ], [ -111.7570318, 47.147350700000011 ], [ -111.752211800000012, 47.143441699999983 ], [ -111.7420368, 47.139894700000013 ], [ -111.7510268, 47.141860699999953 ], [ -111.7595368, 47.14591869999996 ], [ -111.7669628, 47.150381700000047 ], [ -111.7705768, 47.1559227 ], [ -111.7761468, 47.158892700000017 ], [ -111.7795418, 47.158185699999969 ], [ -111.7819848, 47.159799700000022 ], [ -111.7820968, 47.1621477 ], [ -111.7879758, 47.1620227 ], [ -111.7900578, 47.163256699999977 ], [ -111.7918198, 47.160416699999963 ], [ -111.7966238, 47.165334699999967 ], [ -111.8038718, 47.164181700000015 ], [ -111.8076308, 47.165168699999981 ], [ -111.8102308, 47.168435699999975 ] ] ] } },
{ "type": "Feature", "properties": { "state_po": "MT", "congressional_district": "MT-02", "pwsid": "MT0001773", "pws_name": "FAIRHAVEN COLONY", "population_served_count": 105, "model_method": "Random Forest", "verification_status": "", "symbology_field": "Modeled", "intersection_area_sq_km": 0.078976805946282605 }, "geometry": { "type": "MultiPolygon", "coordinates": [ [ [ [ -111.506205799999989, 47.4309317 ], [ -111.5053008, 47.432390699999978 ], [ -111.5036518, 47.432284700000054 ], [ -111.506205799999989, 47.4309317 ] ] ], [ [ [ -111.515768799999989, 47.43738069999997 ], [ -111.5229258, 47.436565700000017 ], [ -111.522894799999989, 47.4374677 ], [ -111.515768799999989, 47.43738069999997 ] ] ] ] } },
{ "type": "Feature", "properties": { "state_po": "MT", "congressional_district": "MT-02", "pwsid": "MT0002806", "pws_name": "WINDY ACRES WUA", "population_served_count": 50, "model_method": "Random Forest", "verification_status": "", "symbology_field": "Modeled", "intersection_area_sq_km": 0.28847145728345247 }, "geometry": { "type": "Polygon", "coordinates": [ [ [ -111.3532618, 47.553523799999972 ], [ -111.3532848, 47.5599388 ], [ -111.3479788, 47.5598258 ], [ -111.3479588, 47.553511799999981 ], [ -111.3532618, 47.553523799999972 ] ] ] } },
{ "type": "Feature", "properties": { "state_po": "MT", "congressional_district": "MT-02", "pwsid": "MT0002873", "pws_name": "MOUNTAIN HERITAGE WATER SYSTEM", "population_served_count": 175, "model_method": "Random Forest", "verification_status": "", "symbology_field": "Modeled", "intersection_area_sq_km": 0.64773777974824176 }, "geometry": { "type": "Polygon", "coordinates": [ [ [ -111.9254417, 46.7093056 ], [ -111.9253877, 46.71789159999998 ], [ -111.9250027, 46.7178906 ], [ -111.917225699999989, 46.715013600000042 ], [ -111.9148067, 46.70848460000002 ], [ -111.9254417, 46.7093056 ] ] ] } },
{ "type": "Feature", "properties": { "state_po": "MT", "congressional_district": "MT-02", "pwsid": "MT0003152", "pws_name": "EAGLE CREEK COLONY", "population_served_count": 125, "model_method": "Random Forest", "verification_status": "", "symbology_field": "Modeled", "intersection_area_sq_km": 1.0358587079097317 }, "geometry": { "type": "Polygon", "coordinates": [ [ [ -111.211325, 48.697374900000035 ], [ -111.210803, 48.700533900000032 ], [ -111.208138, 48.700534900000036 ], [ -111.208144, 48.707757899999962 ], [ -111.197206, 48.707798900000014 ], [ -111.197195, 48.69701089999996 ], [ -111.211325, 48.697374900000035 ] ] ] } },
{ "type": "Feature", "properties": { "state_po": "MT", "congressional_district": "MT-02", "pwsid": "MT0003251", "pws_name": "HOMESTEAD VALLEY WUA  HVHA", "population_served_count": 105, "model_method": "Random Forest", "verification_status": "", "symbology_field": "Modeled", "intersection_area_sq_km": 2.1064529696619063 }, "geometry": { "type": "Polygon", "coordinates": [ [ [ -111.9147037, 46.6169606 ], [ -111.9140607, 46.631583600000042 ], [ -111.902175700000015, 46.631001600000019 ], [ -111.9021337, 46.6249836 ], [ -111.893945699999989, 46.625004600000025 ], [ -111.8939327, 46.617106600000035 ], [ -111.9147037, 46.6169606 ] ] ] } },
{ "type": "Feature", "properties": { "state_po": "MT", "congressional_district": "MT-02", "pwsid": "MT0003304", "pws_name": "PLEASANT VALLEY COLONY", "population_served_count": 120, "model_method": "Random Forest", "verification_status": "", "symbology_field": "Modeled", "intersection_area_sq_km": 0.64508639013762781 }, "geometry": { "type": "Polygon", "coordinates": [ [ [ -111.050285699999989, 47.334403799999968 ], [ -111.0504397, 47.341408800000032 ], [ -111.0393687, 47.3413328 ], [ -111.0393537, 47.334381800000017 ], [ -111.050285699999989, 47.334403799999968 ] ] ] } },
{ "type": "Feature", "properties": { "state_po": "MT", "congressional_district": "MT-02", "pwsid": "MT0003539", "pws_name": "PRAIRIE WATER COMPANY", "population_served_count": 1000, "model_method": "Random Forest", "verification_status": "", "symbology_field": "Modeled", "intersection_area_sq_km": 1.221851852832416 }, "geometry": { "type": "MultiPolygon", "coordinates": [ [ [ [ -111.368952799999988, 47.5168958 ], [ -111.348700799999989, 47.511513799999975 ], [ -111.350188799999984, 47.5116508 ], [ -111.3502178, 47.508563799999962 ], [ -111.3570148, 47.5085928 ], [ -111.3593788, 47.510884799999985 ], [ -111.3654718, 47.510875799999937 ], [ -111.3655328, 47.507920799999987 ], [ -111.3697468, 47.5080668 ], [ -111.368952799999988, 47.5168958 ] ], [ [ -111.3603308, 47.512178800000015 ], [ -111.3592798, 47.514137799999979 ], [ -111.3653978, 47.5146488 ], [ -111.365445799999989, 47.512169799999988 ], [ -111.3603308, 47.512178800000015 ] ] ], [ [ [ -111.3493858, 47.514714799999979 ], [ -111.358595799999989, 47.516979799999937 ], [ -111.3575118, 47.518928800000033 ], [ -111.3444798, 47.517935799999961 ], [ -111.343450800000014, 47.515987799999976 ], [ -111.3486968, 47.515880799999977 ], [ -111.3493858, 47.514714799999979 ] ] ], [ [ [ -111.3698518, 47.51712780000004 ], [ -111.3774268, 47.51932080000001 ], [ -111.3798658, 47.521681799999961 ], [ -111.3698008, 47.518904799999966 ], [ -111.3698518, 47.51712780000004 ] ] ] ] } },
{ "type": "Feature", "properties": { "state_po": "MT", "congressional_district": "MT-02", "pwsid": "MT0003990", "pws_name": "DAVIS MEADOW VILLAGE", "population_served_count": 180, "model_method": "Parcel", "verification_status": "", "symbology_field": "Modeled", "intersection_area_sq_km": 0.023320729585087185 }, "geometry": { "type": "Polygon", "coordinates": [ [ [ -111.9254567, 46.621011599999981 ], [ -111.9221367, 46.6218566 ], [ -111.9219607, 46.621051599999987 ], [ -111.9254567, 46.621011599999981 ] ] ] } },
{ "type": "Feature", "properties": { "state_po": "MT", "congressional_district": "MT-02", "pwsid": "MT0004036", "pws_name": "CAMROSE COLONY", "population_served_count": 95, "model_method": "Random Forest", "verification_status": "", "symbology_field": "Modeled", "intersection_area_sq_km": 0.009793767009255409 }, "geometry": { "type": "Polygon", "coordinates": [ [ [ -111.349937, 48.475096799999989 ], [ -111.350715, 48.476078799999925 ], [ -111.34945, 48.4758388 ], [ -111.349937, 48.475096799999989 ] ] ] } },
{ "type": "Feature", "properties": { "state_po": "MT", "congressional_district": "MT-02", "pwsid": "MT0004190", "pws_name": "HOLMBERG VILLAGE ESTATES", "population_served_count": 225, "model_method": "Random Forest", "verification_status": "", "symbology_field": "Modeled", "intersection_area_sq_km": 0.23766838995019895 }, "geometry": { "type": "Polygon", "coordinates": [ [ [ -111.8726237, 46.617133599999953 ], [ -111.8719137, 46.624048599999959 ], [ -111.8679387, 46.624116599999986 ], [ -111.8686407, 46.617119599999953 ], [ -111.8726237, 46.617133599999953 ] ] ] } },
{ "type": "Feature", "properties": { "state_po": "MT", "congressional_district": "MT-02", "pwsid": "MT0004261", "pws_name": "BIG BEND RANCH SUBDIVISION", "population_served_count": 100, "model_method": "Random Forest", "verification_status": "", "symbology_field": "Modeled", "intersection_area_sq_km": 5.4427374175737606 }, "geometry": { "type": "Polygon", "coordinates": [ [ [ -111.3864648, 47.436808799999987 ], [ -111.3923148, 47.438348700000034 ], [ -111.3858388, 47.437259799999936 ], [ -111.3858038, 47.438693799999982 ], [ -111.3909198, 47.438980799999975 ], [ -111.3912408, 47.446882799999983 ], [ -111.3809318, 47.4469078 ], [ -111.3809448, 47.4504548 ], [ -111.3579708, 47.451872799999983 ], [ -111.3547608, 47.446596800000016 ], [ -111.342887800000014, 47.4473568 ], [ -111.3562248, 47.436201799999957 ], [ -111.3707388, 47.430212799999978 ], [ -111.3786218, 47.430078800000011 ], [ -111.3864648, 47.436808799999987 ] ] ] } },
{ "type": "Feature", "properties": { "state_po": "MT", "congressional_district": "MT-02", "pwsid": "MT0004419", "pws_name": "SPRING TREE RIDGE", "population_served_count": 80, "model_method": "Random Forest", "verification_status": "", "symbology_field": "Modeled", "intersection_area_sq_km": 5.4427374175737606 }, "geometry": { "type": "Polygon", "coordinates": [ [ [ -111.3864648, 47.436808799999987 ], [ -111.3923148, 47.438348700000034 ], [ -111.3858388, 47.437259799999936 ], [ -111.3858038, 47.438693799999982 ], [ -111.3909198, 47.438980799999975 ], [ -111.3912408, 47.446882799999983 ], [ -111.3809318, 47.4469078 ], [ -111.3809448, 47.4504548 ], [ -111.3579708, 47.451872799999983 ], [ -111.3547608, 47.446596800000016 ], [ -111.342887800000014, 47.4473568 ], [ -111.3562248, 47.436201799999957 ], [ -111.3707388, 47.430212799999978 ], [ -111.3786218, 47.430078800000011 ], [ -111.3864648, 47.436808799999987 ] ] ] } },
{ "type": "Feature", "properties": { "state_po": "MT", "congressional_district": "MT-02", "pwsid": "MT0004681", "pws_name": "HIGHWOOD MOBILE HOME PARK", "population_served_count": 400, "model_method": "Random Forest", "verification_status": "", "symbology_field": "Modeled", "intersection_area_sq_km": 0.023860384368220702 }, "geometry": { "type": "MultiPolygon", "coordinates": [ [ [ [ -111.2380958, 47.513182799999974 ], [ -111.237361799999988, 47.514277800000031 ], [ -111.2371958, 47.51312379999991 ], [ -111.2380958, 47.513182799999974 ] ] ], [ [ [ -111.236218799999989, 47.515527800000022 ], [ -111.2343348, 47.516020800000021 ], [ -111.2344948, 47.514964800000037 ], [ -111.236218799999989, 47.515527800000022 ] ] ] ] } },
{ "type": "Feature", "properties": { "state_po": "MT", "congressional_district": "MT-02", "pwsid": "MT0004683", "pws_name": "BIG SKY MOBILE HOME PARK", "population_served_count": 40, "model_method": "Random Forest", "verification_status": "", "symbology_field": "Modeled", "intersection_area_sq_km": 0.046778690240661218 }, "geometry": { "type": "Polygon", "coordinates": [ [ [ -111.300189100000011, 47.478576100000033 ], [ -111.3002958, 47.4775972 ], [ -111.305952100000013, 47.47762810000004 ], [ -111.306058799999988, 47.478586399999976 ], [ -111.300189100000011, 47.478576100000033 ] ] ] } },
{ "type": "Feature", "properties": { "state_po": "MT", "congressional_district": "MT-02", "pwsid": "MT0004686", "pws_name": "GRANDVIEW TRAILER COURT", "population_served_count": 165, "model_method": "Random Forest", "verification_status": "", "symbology_field": "Modeled", "intersection_area_sq_km": 0.026325796182153156 }, "geometry": { "type": "Polygon", "coordinates": [ [ [ -111.2954488, 47.48741579999998 ], [ -111.2948198, 47.48914579999996 ], [ -111.2938598, 47.487417799999982 ], [ -111.2954488, 47.48741579999998 ] ] ] } },
{ "type": "Feature", "properties": { "state_po": "MT", "congressional_district": "MT-02", "pwsid": "MT0004687", "pws_name": "RIVERS EDGE MOBILE HOME PARK   GRT FLS", "population_served_count": 75, "model_method": "Random Forest", "verification_status": "", "symbology_field": "Modeled", "intersection_area_sq_km": 0.36161388179362786 }, "geometry": { "type": "MultiPolygon", "coordinates": [ [ [ [ -111.3444148, 47.485847799999938 ], [ -111.3431548, 47.493861799999983 ], [ -111.341023799999988, 47.49390279999993 ], [ -111.3400468, 47.492607799999981 ], [ -111.3419008, 47.491802799999952 ], [ -111.3381338, 47.491178799999965 ], [ -111.3381168, 47.488271800000021 ], [ -111.3400628, 47.487701799999961 ], [ -111.3382398, 47.486927800000039 ], [ -111.3444148, 47.485847799999938 ] ] ], [ [ [ -111.3372438, 47.491274800000028 ], [ -111.3357708, 47.494062800000044 ], [ -111.3331908, 47.49361379999997 ], [ -111.3344078, 47.490160800000027 ], [ -111.3372438, 47.491274800000028 ] ] ] ] } },
{ "type": "Feature", "properties": { "state_po": "MT", "congressional_district": "MT-02", "pwsid": "MT0004825", "pws_name": "RED SKY MOBILE HOME COMMUNITY", "population_served_count": 80, "model_method": "Random Forest", "verification_status": "", "symbology_field": "Modeled", "intersection_area_sq_km": 0.12448565163475088 }, "geometry": { "type": "Polygon", "coordinates": [ [ [ -111.5485758, 47.557133700000051 ], [ -111.5484688, 47.56188469999995 ], [ -111.546507800000015, 47.5620147 ], [ -111.544605800000014, 47.5579807 ], [ -111.5485758, 47.557133700000051 ] ] ] } },
{ "type": "Feature", "properties": { "state_po": "MT", "congressional_district": "MT-02", "pwsid": "MT0000298", "pws_name": "NEIHART  TOWN OF", "population_served_count": 229, "model_method": "Random Forest", "verification_status": "", "symbology_field": "Modeled", "intersection_area_sq_km": 0.16899921987023267 }, "geometry": { "type": "Polygon", "coordinates": [ [ [ -110.7346245, 46.92973379999998 ], [ -110.7374975, 46.933186800000044 ], [ -110.7360695, 46.9343898 ], [ -110.7252845, 46.9246628 ], [ -110.7346245, 46.92973379999998 ] ] ] } },
{ "type": "Feature", "properties": { "state_po": "MT", "congressional_district": "MT-02", "pwsid": "MT0000391", "pws_name": "SURPRISE CREEK COLONY", "population_served_count": 80, "model_method": "Random Forest", "verification_status": "", "symbology_field": "Modeled", "intersection_area_sq_km": 0.1232591082626868 }, "geometry": { "type": "Polygon", "coordinates": [ [ [ -110.799629599999989, 47.057839800000018 ], [ -110.7987696, 47.0601378 ], [ -110.793387599999988, 47.055489800000018 ], [ -110.7946266, 47.052947799999934 ], [ -110.799629599999989, 47.057839800000018 ] ] ] } },
{ "type": "Feature", "properties": { "state_po": "MT", "congressional_district": "MT-02", "pwsid": "MT0000338", "pws_name": "SUNBURST  TOWN OF", "population_served_count": 459, "model_method": "Random Forest", "verification_status": "", "symbology_field": "Modeled", "intersection_area_sq_km": 0.49508928915689421 }, "geometry": { "type": "MultiPolygon", "coordinates": [ [ [ [ -111.9075342, 48.879637799999969 ], [ -111.9127952, 48.8788988 ], [ -111.9128372, 48.880694799999986 ], [ -111.917490199999989, 48.8806958 ], [ -111.9164522, 48.887576800000012 ], [ -111.9144602, 48.8874098 ], [ -111.914463200000014, 48.885902799999975 ], [ -111.908062199999989, 48.885904800000027 ], [ -111.9075342, 48.879637799999969 ] ] ], [ [ [ -111.906548199999989, 48.883844799999956 ], [ -111.9049702, 48.8848798 ], [ -111.9049782, 48.883861800000069 ], [ -111.906548199999989, 48.883844799999956 ] ] ] ] } },
{ "type": "Feature", "properties": { "state_po": "MT", "congressional_district": "MT-02", "pwsid": "MT0000277", "pws_name": "LODGE GRASS  TOWN OF", "population_served_count": 480, "model_method": "Random Forest", "verification_status": "", "symbology_field": "Modeled", "intersection_area_sq_km": 1.7446519177544253 }, "geometry": { "type": "MultiPolygon", "coordinates": [ [ [ [ -106.9077203, 45.182504900000033 ], [ -106.8885993, 45.182503900000022 ], [ -106.8885983, 45.182342900000037 ], [ -106.895733299999989, 45.179092899999958 ], [ -106.8997833, 45.172186900000014 ], [ -106.9077203, 45.182504900000033 ] ] ], [ [ [ -107.3631525, 45.303559900000018 ], [ -107.3596825, 45.3101269 ], [ -107.3600415, 45.3081609 ], [ -107.3624145, 45.30355790000003 ], [ -107.3631525, 45.303559900000018 ] ] ], [ [ [ -107.3616965, 45.309897899999967 ], [ -107.3652515, 45.3085509 ], [ -107.3684955, 45.309308900000033 ], [ -107.3683165, 45.310855900000021 ], [ -107.3735395, 45.310840900000024 ], [ -107.3716535, 45.318126900000031 ], [ -107.3726795, 45.321281900000031 ], [ -107.367991499999988, 45.321290899999987 ], [ -107.3678295, 45.319683899999966 ], [ -107.3644585, 45.318208900000023 ], [ -107.368666499999989, 45.3290569 ], [ -107.3608235, 45.3145759 ], [ -107.363375499999989, 45.314447900000033 ], [ -107.3616965, 45.309897899999967 ] ] ] ] } },
{ "type": "Feature", "properties": { "state_po": "MT", "congressional_district": "MT-02", "pwsid": "MT0000180", "pws_name": "COLSTRIP  CITY OF", "population_served_count": 2350, "model_method": "Random Forest", "verification_status": "", "symbology_field": "Modeled", "intersection_area_sq_km": 8.2353906145276348 }, "geometry": { "type": "MultiPolygon", "coordinates": [ [ [ [ -106.6284784, 45.893773 ], [ -106.6230914, 45.882201 ], [ -106.6167604, 45.885635 ], [ -106.6081504, 45.885131 ], [ -106.6078894, 45.876161 ], [ -106.6266224, 45.874744 ], [ -106.6276584, 45.876262 ], [ -106.6494224, 45.87589 ], [ -106.6497504, 45.895462 ], [ -106.6469164, 45.895597 ], [ -106.6454184, 45.892505 ], [ -106.6437474, 45.892445 ], [ -106.6445944, 45.890668 ], [ -106.640592399999989, 45.887872 ], [ -106.6353154, 45.889711 ], [ -106.636556399999989, 45.895826 ], [ -106.6305384, 45.895616 ], [ -106.6300984, 45.893238 ], [ -106.6284784, 45.893773 ] ] ], [ [ [ -106.6284784, 45.893773 ], [ -106.6377224, 45.908833 ], [ -106.6344054, 45.910288 ], [ -106.6374424, 45.915894 ], [ -106.6305144, 45.918706 ], [ -106.6166474, 45.9188871 ], [ -106.616774400000011, 45.910009 ], [ -106.6135804, 45.907714 ], [ -106.6137334, 45.904201 ], [ -106.6183114, 45.904247 ], [ -106.6183274, 45.900246 ], [ -106.6235634, 45.900354 ], [ -106.6235634, 45.897788 ], [ -106.6184054, 45.896134 ], [ -106.6183914, 45.89508 ], [ -106.6099134, 45.89341 ], [ -106.6174674, 45.892989 ], [ -106.6195684, 45.896388 ], [ -106.6250124, 45.897366 ], [ -106.6284784, 45.893773 ] ] ] ] } },
{ "type": "Feature", "properties": { "state_po": "MT", "congressional_district": "MT-02", "pwsid": "MT0000215", "pws_name": "FORSYTH  CITY OF", "population_served_count": 2260, "model_method": "Random Forest", "verification_status": "", "symbology_field": "Modeled", "intersection_area_sq_km": 3.0236841565027044 }, "geometry": { "type": "Polygon", "coordinates": [ [ [ -106.6935985, 46.256761100000013 ], [ -106.6954115, 46.2616131 ], [ -106.6924555, 46.2650381 ], [ -106.6834815, 46.271127099999987 ], [ -106.6782415, 46.271726099999981 ], [ -106.6764565, 46.274208100000024 ], [ -106.6716735, 46.274026099999951 ], [ -106.6731765, 46.27223409999997 ], [ -106.670608500000014, 46.273295099999977 ], [ -106.6694515, 46.271970099999976 ], [ -106.6674685, 46.272817099999969 ], [ -106.659817499999988, 46.271867099999973 ], [ -106.6654275, 46.2723171 ], [ -106.6654115, 46.270352099999947 ], [ -106.6577735, 46.270348099999957 ], [ -106.6527135, 46.272586100000026 ], [ -106.643314499999988, 46.2738311 ], [ -106.6432935, 46.270244100000021 ], [ -106.6585385, 46.269406099999962 ], [ -106.6583105, 46.266736100000024 ], [ -106.667207499999989, 46.267468099999974 ], [ -106.6772685, 46.2612161 ], [ -106.6768305, 46.258961099999965 ], [ -106.6935985, 46.256761100000013 ] ] ] } },
{ "type": "Feature", "properties": { "state_po": "MT", "congressional_district": "MT-02", "pwsid": "MT0000428", "pws_name": "HYSHAM  TOWN OF", "population_served_count": 262, "model_method": "Decision Tree", "verification_status": "", "symbology_field": "Modeled", "intersection_area_sq_km": 0.83850983354400732 }, "geometry": { "type": "Polygon", "coordinates": [ [ [ -107.2316466, 46.286352 ], [ -107.2316206, 46.290009 ], [ -107.2368506, 46.290009 ], [ -107.2372296, 46.292925 ], [ -107.2320096, 46.295152 ], [ -107.1676656, 46.294494 ], [ -107.2263826, 46.294507 ], [ -107.2260096, 46.286382 ], [ -107.2316466, 46.286352 ] ] ] } },
{ "type": "Feature", "properties": { "state_po": "MT", "congressional_district": "MT-02", "pwsid": "MT0005060", "pws_name": "CASITAS DEL RIO", "population_served_count": 216, "model_method": "Random Forest", "verification_status": "", "symbology_field": "Modeled", "intersection_area_sq_km": 0.042408285002907525 }, "geometry": { "type": "Polygon", "coordinates": [ [ [ -104.7302652, 47.101554300000018 ], [ -104.7298772, 47.104152300000031 ], [ -104.7265302, 47.1032063 ], [ -104.7302652, 47.101554300000018 ] ] ] } },
{ "type": "Feature", "properties": { "state_po": "MT", "congressional_district": "MT-02", "pwsid": "MT0004404", "pws_name": "NORTH BAKER WATER AND OR SEWER DIST", "population_served_count": 112, "model_method": "Random Forest", "verification_status": "", "symbology_field": "Modeled", "intersection_area_sq_km": 0.016452143201088378 }, "geometry": { "type": "Polygon", "coordinates": [ [ [ -104.2733959, 46.362623299999989 ], [ -104.2743719, 46.364475299999967 ], [ -104.275160899999989, 46.365236299999985 ], [ -104.2737809, 46.364653300000022 ], [ -104.2733959, 46.362623299999989 ] ] ] } },
{ "type": "Feature", "properties": { "state_po": "MT", "congressional_district": "MT-02", "pwsid": "MT0000570", "pws_name": "HIGHLAND PARK UTILITIES ASSN", "population_served_count": 500, "model_method": "Random Forest", "verification_status": "", "symbology_field": "Modeled", "intersection_area_sq_km": 0.16998434372665389 }, "geometry": { "type": "Polygon", "coordinates": [ [ [ -104.745930199999989, 47.11894429999996 ], [ -104.7469032, 47.120704300000021 ], [ -104.7504642, 47.120703300000024 ], [ -104.7505392, 47.122465300000016 ], [ -104.7433062, 47.12247229999997 ], [ -104.7426972, 47.11895830000001 ], [ -104.745930199999989, 47.11894429999996 ] ] ] } },
{ "type": "Feature", "properties": { "state_po": "MT", "congressional_district": "MT-02", "pwsid": "MT0000410", "pws_name": "I 94 MOBILE HOME PARK", "population_served_count": 90, "model_method": "Parcel", "verification_status": "", "symbology_field": "Modeled", "intersection_area_sq_km": 0.014657068553962734 }, "geometry": { "type": "Polygon", "coordinates": [ [ [ -104.7731304, 47.0930761 ], [ -104.772200399999988, 47.0919501 ], [ -104.7724444, 47.091037100000044 ], [ -104.7736684, 47.0916401 ], [ -104.7731304, 47.0930761 ] ] ] } },
{ "type": "Feature", "properties": { "state_po": "MT", "congressional_district": "MT-02", "pwsid": "MT0000361", "pws_name": "WIBAUX  TOWN OF", "population_served_count": 550, "model_method": "Random Forest", "verification_status": "", "symbology_field": "Modeled", "intersection_area_sq_km": 1.875428079486543 }, "geometry": { "type": "Polygon", "coordinates": [ [ [ -104.186695, 46.9765164 ], [ -104.191785, 46.976527400000023 ], [ -104.191779, 46.9801774 ], [ -104.194337, 46.980212399999964 ], [ -104.191359, 46.984039400000036 ], [ -104.188372, 46.984948400000029 ], [ -104.198942, 46.984502400000011 ], [ -104.197549, 46.988651400000023 ], [ -104.199755, 46.989558400000057 ], [ -104.199733, 46.994821399999964 ], [ -104.178333, 46.9910304 ], [ -104.17834, 46.989181399999978 ], [ -104.183664, 46.9900104 ], [ -104.184409, 46.9872764 ], [ -104.187431, 46.987733400000053 ], [ -104.186995, 46.9858644 ], [ -104.178371, 46.9847724 ], [ -104.178412, 46.9801314 ], [ -104.186176, 46.979787399999971 ], [ -104.186695, 46.9765164 ] ] ] } },
{ "type": "Feature", "properties": { "state_po": "MT", "congressional_district": "MT-02", "pwsid": "MT0000307", "pws_name": "PLEVNA  TOWN OF", "population_served_count": 130, "model_method": "Random Forest", "verification_status": "", "symbology_field": "Modeled", "intersection_area_sq_km": 1.5945165103321837 }, "geometry": { "type": "MultiPolygon", "coordinates": [ [ [ [ -104.462483, 46.397056300000024 ], [ -104.448517, 46.397079299999987 ], [ -104.448539, 46.390940300000025 ], [ -104.462483, 46.397056300000024 ] ] ], [ [ [ -104.517607, 46.411782299999985 ], [ -104.517547, 46.4159503 ], [ -104.521798, 46.41549329999998 ], [ -104.521901, 46.416996299999937 ], [ -104.524877, 46.417126299999985 ], [ -104.524809, 46.426018300000045 ], [ -104.514093, 46.426016300000065 ], [ -104.514102, 46.418731299999969 ], [ -104.509138, 46.418601299999978 ], [ -104.509168, 46.415871300000035 ], [ -104.512273, 46.4158233 ], [ -104.51376, 46.414142300000023 ], [ -104.509251, 46.411506300000028 ], [ -104.517607, 46.411782299999985 ] ] ] ] } },
{ "type": "Feature", "properties": { "state_po": "MT", "congressional_district": "MT-02", "pwsid": "MT0000233", "pws_name": "FOREST PARK WATER  RSID 24", "population_served_count": 1200, "model_method": "Random Forest", "verification_status": "", "symbology_field": "Modeled", "intersection_area_sq_km": 2.6014173021202875 }, "geometry": { "type": "MultiPolygon", "coordinates": [ [ [ [ -104.761561199999989, 47.096277299999983 ], [ -104.7689692, 47.092538300000029 ], [ -104.7753732, 47.093355300000013 ], [ -104.7657292, 47.1049473 ], [ -104.7567212, 47.108136299999963 ], [ -104.7555732, 47.1055343 ], [ -104.7520322, 47.105562299999931 ], [ -104.7519502, 47.107688299999985 ], [ -104.7492922, 47.107914299999976 ], [ -104.7469372, 47.111306299999967 ], [ -104.736024199999989, 47.114912299999951 ], [ -104.7357832, 47.1115603 ], [ -104.7377532, 47.1109483 ], [ -104.7377512, 47.113320300000019 ], [ -104.7405632, 47.112711300000065 ], [ -104.7405042, 47.1110463 ], [ -104.7462592, 47.1107843 ], [ -104.7468322, 47.1091553 ], [ -104.7419412, 47.108380300000029 ], [ -104.746815200000015, 47.107937299999975 ], [ -104.7457822, 47.1032103 ], [ -104.7437082, 47.1018833 ], [ -104.7520102, 47.100712300000019 ], [ -104.7520402, 47.096158300000056 ], [ -104.755696199999988, 47.094373300000029 ], [ -104.7536412, 47.092697300000019 ], [ -104.7569922, 47.091365299999978 ], [ -104.761561199999989, 47.096277299999983 ] ] ], [ [ [ -104.7468532, 47.1127463 ], [ -104.7491742, 47.114437300000013 ], [ -104.741945199999989, 47.113967300000013 ], [ -104.7468532, 47.1127463 ] ] ] ] } },
{ "type": "Feature", "properties": { "state_po": "MT", "congressional_district": "MT-02", "pwsid": "MT0000206", "pws_name": "EKALAKA  TOWN OF", "population_served_count": 400, "model_method": "Random Forest", "verification_status": "", "symbology_field": "Modeled", "intersection_area_sq_km": 2.2727931903624436 }, "geometry": { "type": "Polygon", "coordinates": [ [ [ -104.5612059, 45.892334199999986 ], [ -104.5585009, 45.8932182 ], [ -104.5610229, 45.894386199999978 ], [ -104.561365900000013, 45.896786200000051 ], [ -104.5426529, 45.8973072 ], [ -104.5450989, 45.892488199999953 ], [ -104.537707900000015, 45.8904002 ], [ -104.542153899999988, 45.890214199999967 ], [ -104.544894899999989, 45.884882200000064 ], [ -104.5434609, 45.882472199999967 ], [ -104.5609099, 45.882104199999986 ], [ -104.5612059, 45.892334199999986 ] ] ] } },
{ "type": "Feature", "properties": { "state_po": "MT", "congressional_district": "MT-02", "pwsid": "MT0000021", "pws_name": "BAKER  CITY OF", "population_served_count": 1858, "model_method": "Random Forest", "verification_status": "", "symbology_field": "Modeled", "intersection_area_sq_km": 2.5304460319671711 }, "geometry": { "type": "Polygon", "coordinates": [ [ [ -104.2763889, 46.3528983 ], [ -104.2782949, 46.352850300000043 ], [ -104.2783339, 46.3548303 ], [ -104.2813839, 46.354805299999988 ], [ -104.2817529, 46.358122300000062 ], [ -104.2844099, 46.358922299999975 ], [ -104.2844659, 46.36786630000001 ], [ -104.2882989, 46.367867299999922 ], [ -104.2852839, 46.3680393 ], [ -104.2815849, 46.3724753 ], [ -104.2753739, 46.372484299999975 ], [ -104.2685949, 46.368927299999982 ], [ -104.2507169, 46.366311300000028 ], [ -104.2508279, 46.362230299999979 ], [ -104.250948900000012, 46.364013299999968 ], [ -104.2548439, 46.364000300000022 ], [ -104.2544379, 46.362227299999958 ], [ -104.2651239, 46.363402299999954 ], [ -104.2644639, 46.360453299999968 ], [ -104.2676339, 46.360744300000015 ], [ -104.2694939, 46.363120300000034 ], [ -104.2695249, 46.364607300000024 ], [ -104.266762899999989, 46.364581300000033 ], [ -104.269008899999989, 46.3668743 ], [ -104.2739949, 46.3672533 ], [ -104.2707319, 46.360732300000031 ], [ -104.2710509, 46.356959300000014 ], [ -104.2748079, 46.3578723 ], [ -104.2763889, 46.3528983 ] ] ] } },
{ "type": "Feature", "properties": { "state_po": "MT", "congressional_district": "MT-02", "pwsid": "MT0000316", "pws_name": "RICHEY  TOWN OF", "population_served_count": 180, "model_method": "Random Forest", "verification_status": "", "symbology_field": "Modeled", "intersection_area_sq_km": 0.53668440043027132 }, "geometry": { "type": "Polygon", "coordinates": [ [ [ -105.0745024, 47.640583399999947 ], [ -105.0748834, 47.647273399999968 ], [ -105.0724104, 47.64821640000001 ], [ -105.0678804, 47.648239400000023 ], [ -105.0704584, 47.645619399999966 ], [ -105.0641354, 47.645786400000013 ], [ -105.0640684, 47.6433354 ], [ -105.0719134, 47.63912040000001 ], [ -105.0724154, 47.641090400000039 ], [ -105.0745024, 47.640583399999947 ] ] ] } },
{ "type": "Feature", "properties": { "state_po": "MT", "congressional_district": "MT-02", "pwsid": "MT0000355", "pws_name": "WESTBY  TOWN OF", "population_served_count": 172, "model_method": "Random Forest", "verification_status": "", "symbology_field": "Modeled", "intersection_area_sq_km": 0.83571470881334553 }, "geometry": { "type": "Polygon", "coordinates": [ [ [ -104.0496654, 48.872534600000044 ], [ -104.0488484, 48.865783599999929 ], [ -104.0509084, 48.865746600000016 ], [ -104.0501394, 48.863785599999972 ], [ -104.0613974, 48.863788600000028 ], [ -104.0613314, 48.87195660000004 ], [ -104.0496654, 48.872534600000044 ] ] ] } },
{ "type": "Feature", "properties": { "state_po": "MT", "congressional_district": "MT-02", "pwsid": "MT0000644", "pws_name": "MOUNT PLEASANT ESTATES", "population_served_count": 45, "model_method": "Random Forest", "verification_status": "", "symbology_field": "Modeled", "intersection_area_sq_km": 0.013808914960053494 }, "geometry": { "type": "Polygon", "coordinates": [ [ [ -104.2586771, 47.5759244 ], [ -104.2572111, 47.577004399999979 ], [ -104.2571941, 47.5759344 ], [ -104.2586771, 47.5759244 ] ] ] } },
{ "type": "Feature", "properties": { "state_po": "MT", "congressional_district": "MT-02", "pwsid": "MT0000549", "pws_name": "FLAXVILLE  TOWN OF", "population_served_count": 82, "model_method": "Random Forest", "verification_status": "", "symbology_field": "Modeled", "intersection_area_sq_km": 0.19303507343327242 }, "geometry": { "type": "Polygon", "coordinates": [ [ [ -105.1695096, 48.802683500000057 ], [ -105.1784926, 48.8035725 ], [ -105.1780036, 48.805786499999982 ], [ -105.1695106, 48.80589850000004 ], [ -105.1695096, 48.802683500000057 ] ] ] } },
{ "type": "Feature", "properties": { "state_po": "MT", "congressional_district": "MT-02", "pwsid": "MT0000458", "pws_name": "ASHLAND WATER AND SEWER DIST", "population_served_count": 400, "model_method": "Random Forest", "verification_status": "", "symbology_field": "Modeled", "intersection_area_sq_km": 1.7470267185575086 }, "geometry": { "type": "Polygon", "coordinates": [ [ [ -106.274780299999989, 45.597248 ], [ -106.2664153, 45.603263 ], [ -106.263827299999988, 45.5992 ], [ -106.2615043, 45.598675 ], [ -106.2626873, 45.597264 ], [ -106.2586253, 45.595175 ], [ -106.2618453, 45.592066 ], [ -106.2541403, 45.590442 ], [ -106.257727300000013, 45.589141 ], [ -106.2548563, 45.588091 ], [ -106.2650383, 45.590192 ], [ -106.2736323, 45.594731 ], [ -106.2870713, 45.593121 ], [ -106.2894803, 45.596849 ], [ -106.2944233, 45.598354 ], [ -106.2898673, 45.601352 ], [ -106.2900133, 45.597741 ], [ -106.2835353, 45.597787 ], [ -106.2835203, 45.600216 ], [ -106.2798693, 45.600814 ], [ -106.2785173, 45.598293 ], [ -106.274780299999989, 45.597248 ] ] ] } },
{ "type": "Feature", "properties": { "state_po": "MT", "congressional_district": "MT-02", "pwsid": "MT0000415", "pws_name": "GLASGOW  CITY OF", "population_served_count": 3253, "model_method": "Random Forest", "verification_status": "", "symbology_field": "Modeled", "intersection_area_sq_km": 5.865053180573323 }, "geometry": { "type": "MultiPolygon", "coordinates": [ [ [ [ -106.0705817, 48.051510299999983 ], [ -106.0651007, 48.051078299999972 ], [ -106.0676257, 48.056055300000033 ], [ -106.0618257, 48.055311299999978 ], [ -106.0615357, 48.057164299999968 ], [ -106.0650227, 48.05781430000004 ], [ -106.0608387, 48.058809299999972 ], [ -106.0596767, 48.060891299999966 ], [ -106.0575317, 48.0572413 ], [ -106.0509897, 48.0604763 ], [ -106.0437257, 48.061233299999962 ], [ -106.0459847, 48.059917299999981 ], [ -106.046210699999989, 48.0571433 ], [ -106.0488607, 48.056858299999966 ], [ -106.0491217, 48.052509299999969 ], [ -106.0595497, 48.052227299999956 ], [ -106.0596377, 48.045116300000018 ], [ -106.068916699999988, 48.045144299999983 ], [ -106.0676977, 48.047943300000028 ], [ -106.0658787, 48.046677299999985 ], [ -106.0648427, 48.04824430000005 ], [ -106.0700907, 48.048289300000064 ], [ -106.0662877, 48.049851300000022 ], [ -106.0705817, 48.051510299999983 ] ] ], [ [ [ -106.5973228, 48.167193299999987 ], [ -106.6009558, 48.168006299999981 ], [ -106.5998688, 48.168548300000047 ], [ -106.612096799999989, 48.17599730000002 ], [ -106.6217739, 48.1866213 ], [ -106.6238009, 48.186739299999978 ], [ -106.623988900000015, 48.18868529999996 ], [ -106.6259039, 48.187433299999981 ], [ -106.6280839, 48.190880299999989 ], [ -106.6312129, 48.1916833 ], [ -106.6346499, 48.188693300000018 ], [ -106.6413549, 48.188685299999968 ], [ -106.6436039, 48.191422300000042 ], [ -106.6484989, 48.192729300000025 ], [ -106.6467509, 48.1947913 ], [ -106.6504379, 48.196745300000025 ], [ -106.648871899999989, 48.199663300000033 ], [ -106.6470419, 48.199083300000026 ], [ -106.6491739, 48.208001300000035 ], [ -106.6413049, 48.207332299999976 ], [ -106.6434789, 48.2086873 ], [ -106.6439379, 48.209839300000013 ], [ -106.6420829, 48.209974300000049 ], [ -106.6434039, 48.211899300000013 ], [ -106.641002899999989, 48.210068300000025 ], [ -106.635835899999989, 48.2105703 ], [ -106.6358509, 48.208144300000015 ], [ -106.6331659, 48.207071300000059 ], [ -106.6341389, 48.204707299999981 ], [ -106.6289519, 48.204742300000049 ], [ -106.6306299, 48.2010943 ], [ -106.6256119, 48.201524300000038 ], [ -106.6256119, 48.2047623 ], [ -106.6127389, 48.2047483 ], [ -106.6127459, 48.199173299999956 ], [ -106.6177819, 48.196357299999988 ], [ -106.6166499, 48.194704300000033 ], [ -106.6196249, 48.194379300000037 ], [ -106.6174449, 48.1911213 ], [ -106.6190229, 48.190641300000031 ], [ -106.620863899999989, 48.193414299999972 ], [ -106.6207889, 48.192190299999979 ], [ -106.626261899999989, 48.192735299999946 ], [ -106.6262559, 48.194132299999964 ], [ -106.6295969, 48.1929043 ], [ -106.6255989, 48.190665299999985 ], [ -106.6090078, 48.174940300000038 ], [ -106.5973228, 48.167193299999987 ] ] ] ] } },
{ "type": "Feature", "properties": { "state_po": "MT", "congressional_district": "MT-02", "pwsid": "MT0000326", "pws_name": "SCOBEY  CITY OF", "population_served_count": 1026, "model_method": "Decision Tree", "verification_status": "", "symbology_field": "Modeled", "intersection_area_sq_km": 0.32289975627170164 }, "geometry": { "type": "MultiPolygon", "coordinates": [ [ [ [ -105.4316137, 48.785139499999985 ], [ -105.4316007, 48.788420500000022 ], [ -105.4280997, 48.7890035 ], [ -105.4255167, 48.788438499999984 ], [ -105.4253767, 48.785471500000014 ], [ -105.423861699999989, 48.785532499999945 ], [ -105.4316137, 48.785139499999985 ] ] ], [ [ [ -105.4245457, 48.786435499999989 ], [ -105.4233577, 48.7909065 ], [ -105.4170547, 48.790988500000061 ], [ -105.4177507, 48.788780499999973 ], [ -105.4195967, 48.78949650000002 ], [ -105.4214597, 48.78813049999993 ], [ -105.4213927, 48.7864365 ], [ -105.4245457, 48.786435499999989 ] ] ] ] } },
{ "type": "Feature", "properties": { "state_po": "MT", "congressional_district": "MT-02", "pwsid": "MT0000301", "pws_name": "OPHEIM  TOWN OF", "population_served_count": 111, "model_method": "Random Forest", "verification_status": "", "symbology_field": "Modeled", "intersection_area_sq_km": 0.27188284487598308 }, "geometry": { "type": "Polygon", "coordinates": [ [ [ -106.4036759, 48.857553400000015 ], [ -106.4136169, 48.856505400000017 ], [ -106.4136229, 48.860236400000012 ], [ -106.4042999, 48.859582400000022 ], [ -106.4036759, 48.857553400000015 ] ] ] } },
{ "type": "Feature", "properties": { "state_po": "MT", "congressional_district": "MT-02", "pwsid": "MT0000297", "pws_name": "NASHUA  TOWN OF", "population_served_count": 300, "model_method": "Random Forest", "verification_status": "", "symbology_field": "Modeled", "intersection_area_sq_km": 0.88617626142886685 }, "geometry": { "type": "MultiPolygon", "coordinates": [ [ [ [ -106.3488748, 48.12869929999998 ], [ -106.3678708, 48.130209299999976 ], [ -106.3646788, 48.132963299999972 ], [ -106.3713188, 48.134449300000021 ], [ -106.3503968, 48.1327463 ], [ -106.3488748, 48.12869929999998 ] ] ], [ [ [ -106.3550468, 48.133693300000033 ], [ -106.3640778, 48.134302299999973 ], [ -106.3637458, 48.135689300000017 ], [ -106.371316799999988, 48.1347963 ], [ -106.3713088, 48.136193299999988 ], [ -106.3561448, 48.13759630000002 ], [ -106.3550468, 48.133693300000033 ] ] ] ] } },
{ "type": "Feature", "properties": { "state_po": "MT", "congressional_district": "MT-02", "pwsid": "MT0000257", "pws_name": "JORDAN  TOWN OF", "population_served_count": 364, "model_method": "Random Forest", "verification_status": "", "symbology_field": "Modeled", "intersection_area_sq_km": 0.87529836219694812 }, "geometry": { "type": "Polygon", "coordinates": [ [ [ -106.9084757, 47.3156602 ], [ -106.9099767, 47.3181592 ], [ -106.9151367, 47.3170592 ], [ -106.9164987, 47.318121200000036 ], [ -106.9152497, 47.326415200000021 ], [ -106.9139537, 47.325371199999985 ], [ -106.9117607, 47.3263022 ], [ -106.9045297, 47.325378199999982 ], [ -106.9045237, 47.32345820000004 ], [ -106.9028727, 47.323460200000021 ], [ -106.9036037, 47.317332199999981 ], [ -106.9084757, 47.3156602 ] ] ] } },
{ "type": "Feature", "properties": { "state_po": "MT", "congressional_district": "MT-02", "pwsid": "MT0000218", "pws_name": "FORT PECK  TOWN OF", "population_served_count": 240, "model_method": "Random Forest", "verification_status": "", "symbology_field": "Modeled", "intersection_area_sq_km": 0.56128293050349454 }, "geometry": { "type": "Polygon", "coordinates": [ [ [ -106.4524108, 48.0046903 ], [ -106.4504028, 48.009044300000021 ], [ -106.4529688, 48.014830299999936 ], [ -106.446441799999988, 48.015430299999984 ], [ -106.4468228, 48.007589300000035 ], [ -106.4438058, 48.0063293 ], [ -106.4479598, 48.005537299999936 ], [ -106.4490888, 48.003407299999935 ], [ -106.4524108, 48.0046903 ] ] ] } },
{ "type": "Feature", "properties": { "state_po": "MT", "congressional_district": "MT-02", "pwsid": "MT0000176", "pws_name": "CIRCLE  TOWN OF", "population_served_count": 644, "model_method": "Random Forest", "verification_status": "", "symbology_field": "Modeled", "intersection_area_sq_km": 1.5497869183700503 }, "geometry": { "type": "MultiPolygon", "coordinates": [ [ [ [ -105.595704399999988, 47.412849299999948 ], [ -105.5977394, 47.4128793 ], [ -105.5977394, 47.416246299999976 ], [ -105.5997234, 47.4162423 ], [ -105.5977404, 47.4170883 ], [ -105.5977414, 47.420101299999956 ], [ -105.5881304, 47.420129300000035 ], [ -105.587075399999989, 47.427370300000035 ], [ -105.5793664, 47.427388299999933 ], [ -105.5793804, 47.423511300000023 ], [ -105.576409399999989, 47.42276930000002 ], [ -105.583512399999989, 47.419690299999964 ], [ -105.5858054, 47.416585300000051 ], [ -105.5838454, 47.412888299999956 ], [ -105.5883114, 47.4122383 ], [ -105.5893294, 47.410652299999946 ], [ -105.5866694, 47.410770299999982 ], [ -105.5890164, 47.4092753 ], [ -105.5950494, 47.408347299999967 ], [ -105.595704399999988, 47.412849299999948 ] ] ], [ [ [ -105.5847804, 47.4170253 ], [ -105.5829924, 47.419292299999981 ], [ -105.5818294, 47.420101299999935 ], [ -105.5818614, 47.4170093 ], [ -105.5847804, 47.4170253 ] ] ] ] } },
{ "type": "Feature", "properties": { "state_po": "MT", "congressional_district": "MT-02", "pwsid": "MT0000166", "pws_name": "BROADUS  TOWN OF", "population_served_count": 450, "model_method": "Random Forest", "verification_status": "", "symbology_field": "Modeled", "intersection_area_sq_km": 0.90338954682396866 }, "geometry": { "type": "Polygon", "coordinates": [ [ [ -105.406026, 45.433355100000028 ], [ -105.406581, 45.4349081 ], [ -105.409279, 45.435301099999968 ], [ -105.409494, 45.437573099999966 ], [ -105.413193, 45.437535099999934 ], [ -105.411634, 45.442925100000039 ], [ -105.414584, 45.448063100000013 ], [ -105.40851, 45.447384099999987 ], [ -105.408526, 45.449414099999984 ], [ -105.402974, 45.449556099999981 ], [ -105.403456, 45.446380099999949 ], [ -105.405184, 45.446400099999956 ], [ -105.403375, 45.4424111 ], [ -105.405122, 45.4423901 ], [ -105.405982, 45.440002099999973 ], [ -105.406026, 45.433355100000028 ] ] ] } },
{ "type": "Feature", "properties": { "state_po": "MT", "congressional_district": "MT-02", "pwsid": "MT0004869", "pws_name": "PERRYS WATER SERVICE", "population_served_count": 100, "model_method": "Random Forest", "verification_status": "", "symbology_field": "Modeled", "intersection_area_sq_km": 0.098082017992896717 }, "geometry": { "type": "Polygon", "coordinates": [ [ [ -109.2309646, 48.583057100000012 ], [ -109.2361516, 48.5833711 ], [ -109.2358436, 48.585322100000049 ], [ -109.2291226, 48.58481010000002 ], [ -109.2309646, 48.583057100000012 ] ] ] } },
{ "type": "Feature", "properties": { "state_po": "MT", "congressional_district": "MT-02", "pwsid": "MT0004378", "pws_name": "CAMP CREEK WUA INC", "population_served_count": 50, "model_method": "Random Forest", "verification_status": "", "symbology_field": "Modeled", "intersection_area_sq_km": 0.22555844114431947 }, "geometry": { "type": "Polygon", "coordinates": [ [ [ -108.6263573, 47.897032100000018 ], [ -108.6271123, 47.897906099999979 ], [ -108.6176453, 47.900348100000024 ], [ -108.6144753, 47.900360099999965 ], [ -108.6136153, 47.898537100000013 ], [ -108.6263573, 47.897032100000018 ] ] ] } },
{ "type": "Feature", "properties": { "state_po": "MT", "congressional_district": "MT-02", "pwsid": "MT0004072", "pws_name": "HARTLAND COLONY", "population_served_count": 73, "model_method": "Random Forest", "verification_status": "", "symbology_field": "Modeled", "intersection_area_sq_km": 0.27082455902411118 }, "geometry": { "type": "Polygon", "coordinates": [ [ [ -109.4511007, 48.957008099999982 ], [ -109.4455417, 48.957410100000047 ], [ -109.4456017, 48.9501931 ], [ -109.4508837, 48.952476100000055 ], [ -109.4511007, 48.957008099999982 ] ] ] } },
{ "type": "Feature", "properties": { "state_po": "MT", "congressional_district": "MT-02", "pwsid": "MT0003524", "pws_name": "LORING HUTTERIAN BRETHREN INC", "population_served_count": 45, "model_method": "Random Forest", "verification_status": "", "symbology_field": "Modeled", "intersection_area_sq_km": 0.013394645759028696 }, "geometry": { "type": "Polygon", "coordinates": [ [ [ -107.6271202, 48.759804200000033 ], [ -107.6273832, 48.7612322 ], [ -107.6260392, 48.760597199999964 ], [ -107.6271202, 48.759804200000033 ] ] ] } },
{ "type": "Feature", "properties": { "state_po": "MT", "congressional_district": "MT-02", "pwsid": "MT0001772", "pws_name": "TURNER COLONY", "population_served_count": 50, "model_method": "Random Forest", "verification_status": "", "symbology_field": "Modeled", "intersection_area_sq_km": 0.18814647489116409 }, "geometry": { "type": "Polygon", "coordinates": [ [ [ -108.4009384, 48.843661200000049 ], [ -108.4082834, 48.8447702 ], [ -108.4101934, 48.846584199999974 ], [ -108.4027984, 48.848310199999943 ], [ -108.4009384, 48.843661200000049 ] ] ] } },
{ "type": "Feature", "properties": { "state_po": "MT", "congressional_district": "MT-02", "pwsid": "MT0001771", "pws_name": "NORTH HARLEM COLONY", "population_served_count": 42, "model_method": "Random Forest", "verification_status": "", "symbology_field": "Modeled", "intersection_area_sq_km": 0.016890890662288306 }, "geometry": { "type": "Polygon", "coordinates": [ [ [ -108.7568594, 48.584666100000042 ], [ -108.7550804, 48.5856341 ], [ -108.7549734, 48.5844721 ], [ -108.7568594, 48.584666100000042 ] ] ] } },
{ "type": "Feature", "properties": { "state_po": "MT", "congressional_district": "MT-02", "pwsid": "MT0000408", "pws_name": "WHISPERING TREES MOBILE PARK", "population_served_count": 100, "model_method": "Parcel", "verification_status": "", "symbology_field": "Modeled", "intersection_area_sq_km": 0.028912997464599351 }, "geometry": { "type": "Polygon", "coordinates": [ [ [ -104.746673199999989, 47.111911699999958 ], [ -104.746501, 47.113450800000031 ], [ -104.7420482, 47.11344979999997 ], [ -104.746673199999989, 47.111911699999958 ] ] ] } },
{ "type": "Feature", "properties": { "state_po": "MT", "congressional_district": "MT-02", "pwsid": "MT0000020", "pws_name": "BAINVILLE  TOWN OF", "population_served_count": 350, "model_method": "Decision Tree", "verification_status": "", "symbology_field": "Modeled", "intersection_area_sq_km": 1.4346995037338426 }, "geometry": { "type": "Polygon", "coordinates": [ [ [ -104.2202312, 48.136709499999988 ], [ -104.2202222, 48.138824499999984 ], [ -104.2088892, 48.1388625 ], [ -104.2089162, 48.1321605 ], [ -104.2305432, 48.132197499999954 ], [ -104.2304933, 48.146699499999983 ], [ -104.2228572, 48.143772500000011 ], [ -104.2264582, 48.142046499999978 ], [ -104.2264462, 48.139941499999971 ], [ -104.2248902, 48.139949499999972 ], [ -104.2248702, 48.1367815 ], [ -104.2202312, 48.136709499999988 ] ] ] } },
{ "type": "Feature", "properties": { "state_po": "MT", "congressional_district": "MT-02", "pwsid": "MT0000192", "pws_name": "CULBERTSON  TOWN OF", "population_served_count": 714, "model_method": "Random Forest", "verification_status": "", "symbology_field": "Modeled", "intersection_area_sq_km": 1.5043528521007985 }, "geometry": { "type": "MultiPolygon", "coordinates": [ [ [ [ -104.5249313, 48.1503115 ], [ -104.5168563, 48.148857499999941 ], [ -104.5168743, 48.150851499999966 ], [ -104.5139543, 48.1508565 ], [ -104.497605299999989, 48.1498715 ], [ -104.4976173, 48.148905499999969 ], [ -104.503076299999989, 48.1488725 ], [ -104.5031113, 48.1454785 ], [ -104.5098143, 48.145823500000049 ], [ -104.5177433, 48.142734499999982 ], [ -104.5358203, 48.139439500000023 ], [ -104.5331733, 48.143092500000044 ], [ -104.5249143, 48.1430805 ], [ -104.5249313, 48.1503115 ] ] ], [ [ [ -104.5194773, 48.1505425 ], [ -104.5195543, 48.15764549999998 ], [ -104.5159573, 48.15757149999996 ], [ -104.5166353, 48.152283499999932 ], [ -104.5193293, 48.152301500000071 ], [ -104.5194773, 48.1505425 ] ] ] ] } },
{ "type": "Feature", "properties": { "state_po": "MT", "congressional_district": "MT-02", "pwsid": "MT0000213", "pws_name": "FAIRVIEW  TOWN OF", "population_served_count": 1000, "model_method": "Random Forest", "verification_status": "", "symbology_field": "Modeled", "intersection_area_sq_km": 1.5413508279310284 }, "geometry": { "type": "Polygon", "coordinates": [ [ [ -104.0418671, 47.846023499999987 ], [ -104.0442731, 47.848154500000028 ], [ -104.046427099999988, 47.845468499999981 ], [ -104.060365100000013, 47.845518499999962 ], [ -104.0571691, 47.851068499999975 ], [ -104.0531351, 47.852049499999978 ], [ -104.0487821, 47.856311499999954 ], [ -104.0499491, 47.855251499999966 ], [ -104.0557681, 47.85674949999995 ], [ -104.0578631, 47.8599535 ], [ -104.0471211, 47.859970500000031 ], [ -104.0469691, 47.858365500000026 ], [ -104.041701525942017, 47.858352962054475 ], [ -104.0435411, 47.848988499999983 ], [ -104.041788500435842, 47.849702694088649 ], [ -104.0418671, 47.846023499999987 ] ] ] } },
{ "type": "Feature", "properties": { "state_po": "MT", "congressional_district": "MT-02", "pwsid": "MT0000221", "pws_name": "FROID  TOWN OF", "population_served_count": 450, "model_method": "Random Forest", "verification_status": "", "symbology_field": "Modeled", "intersection_area_sq_km": 0.81574637170716624 }, "geometry": { "type": "Polygon", "coordinates": [ [ [ -104.4978964, 48.333089500000035 ], [ -104.4938674, 48.3350385 ], [ -104.4962664, 48.3375935 ], [ -104.4949814, 48.3381325 ], [ -104.4933744, 48.336451499999981 ], [ -104.4883374, 48.338583499999984 ], [ -104.4874814, 48.337702500000063 ], [ -104.480993399999988, 48.33883150000004 ], [ -104.4809894, 48.331537499999982 ], [ -104.4978884, 48.331531500000018 ], [ -104.4978964, 48.333089500000035 ] ] ] } },
{ "type": "Feature", "properties": { "state_po": "MT", "congressional_district": "MT-02", "pwsid": "MT0000289", "pws_name": "MEDICINE LAKE  TOWN OF", "population_served_count": 600, "model_method": "Random Forest", "verification_status": "", "symbology_field": "Modeled", "intersection_area_sq_km": 0.83912756841310898 }, "geometry": { "type": "Polygon", "coordinates": [ [ [ -104.4939714, 48.4981015 ], [ -104.506524399999989, 48.497991500000012 ], [ -104.5057374, 48.498994499999988 ], [ -104.508652399999988, 48.4995895 ], [ -104.5085724, 48.505182499999989 ], [ -104.4938274, 48.50522850000003 ], [ -104.4939714, 48.4981015 ] ] ] } },
{ "type": "Feature", "properties": { "state_po": "MT", "congressional_district": "MT-02", "pwsid": "MT0000306", "pws_name": "PLENTYWOOD WATER DEPARTMENT", "population_served_count": 1700, "model_method": "Decision Tree", "verification_status": "", "symbology_field": "Modeled", "intersection_area_sq_km": 1.2386888109455794 }, "geometry": { "type": "MultiPolygon", "coordinates": [ [ [ [ -104.5600795, 48.772623499999987 ], [ -104.5589465, 48.778624500000056 ], [ -104.5534905, 48.777617499999977 ], [ -104.5574255, 48.77297449999994 ], [ -104.5370545, 48.766857500000022 ], [ -104.5370535, 48.765816499999978 ], [ -104.5485665, 48.7658165 ], [ -104.548586500000013, 48.767948500000024 ], [ -104.553438500000013, 48.767924500000028 ], [ -104.553999499999989, 48.7708875 ], [ -104.555710499999989, 48.771401500000017 ], [ -104.5556425, 48.769445500000025 ], [ -104.5572505, 48.769445500000025 ], [ -104.5572165, 48.771818500000016 ], [ -104.5588395, 48.772274499999938 ], [ -104.559892499999989, 48.770477500000034 ], [ -104.5638915, 48.771602499999979 ], [ -104.5627735, 48.773427499999954 ], [ -104.5626065, 48.772285499999967 ], [ -104.5600795, 48.772623499999987 ] ], [ [ -104.557512500000016, 48.7767105 ], [ -104.5564035, 48.77586849999998 ], [ -104.555868499999988, 48.776709500000059 ], [ -104.557512500000016, 48.7767105 ] ] ], [ [ [ -104.5671295, 48.776666499999934 ], [ -104.5639235, 48.7802485 ], [ -104.5647285, 48.7842635 ], [ -104.5698935, 48.784274499999952 ], [ -104.5689955, 48.787537500000028 ], [ -104.5589715, 48.787533499999967 ], [ -104.5609595, 48.781272500000014 ], [ -104.5589515, 48.77973749999996 ], [ -104.5624575, 48.779713500000035 ], [ -104.5599565, 48.777721500000013 ], [ -104.5644545, 48.775919499999986 ], [ -104.5671295, 48.776666499999934 ] ] ] ] } },
{ "type": "Feature", "properties": { "state_po": "MT", "congressional_district": "MT-02", "pwsid": "MT0004348", "pws_name": "DRY PRAIRIE RURAL WATER AUTHORITY", "population_served_count": 3005, "model_method": "Random Forest", "verification_status": "", "symbology_field": "Modeled", "intersection_area_sq_km": 0.26829807743588058 }, "geometry": { "type": "Polygon", "coordinates": [ [ [ -104.5168743, 48.150851499999966 ], [ -104.5158923, 48.15772749999995 ], [ -104.5073743, 48.1567315 ], [ -104.507399299999989, 48.154610499999968 ], [ -104.5139443, 48.154742499999969 ], [ -104.5139543, 48.1508565 ], [ -104.5168743, 48.150851499999966 ] ] ] } },
{ "type": "Feature", "properties": { "state_po": "MT", "congressional_district": "MT-02", "pwsid": "MT0001770", "pws_name": "GILDFORD COLONY", "population_served_count": 70, "model_method": "Random Forest", "verification_status": "", "symbology_field": "Modeled", "intersection_area_sq_km": 0.11283870807716816 }, "geometry": { "type": "MultiPolygon", "coordinates": [ [ [ [ -110.2996558, 48.568426 ], [ -110.2981418, 48.567449 ], [ -110.2998408, 48.567452 ], [ -110.2996558, 48.568426 ] ] ], [ [ [ -110.2996558, 48.568426 ], [ -110.3012828, 48.569389 ], [ -110.2996418, 48.569512 ], [ -110.2996558, 48.568426 ] ] ], [ [ [ -110.3027128, 48.571726 ], [ -110.3026578, 48.573664 ], [ -110.2972158, 48.573844 ], [ -110.2972038, 48.571742 ], [ -110.3027128, 48.571726 ] ] ] ] } },
{ "type": "Feature", "properties": { "state_po": "MT", "congressional_district": "MT-02", "pwsid": "MT0001623", "pws_name": "PHILLIPS COUNTY ZORTMAN WATER AND SEWER", "population_served_count": 169, "model_method": "Random Forest", "verification_status": "", "symbology_field": "Modeled", "intersection_area_sq_km": 0.26741623490870442 }, "geometry": { "type": "Polygon", "coordinates": [ [ [ -108.5095622, 47.9141621 ], [ -108.5213102, 47.9162521 ], [ -108.5294082, 47.9142811 ], [ -108.5291892, 47.916257099999974 ], [ -108.5249112, 47.91808709999998 ], [ -108.5225792, 47.916905099999987 ], [ -108.5216212, 47.918314099999982 ], [ -108.5119792, 47.9160141 ], [ -108.5095622, 47.9141621 ] ] ] } },
{ "type": "Feature", "properties": { "state_po": "MT", "congressional_district": "MT-02", "pwsid": "MT0000363", "pws_name": "WINIFRED  TOWN OF", "population_served_count": 274, "model_method": "Random Forest", "verification_status": "", "symbology_field": "Modeled", "intersection_area_sq_km": 0.57092952087789806 }, "geometry": { "type": "Polygon", "coordinates": [ [ [ -109.3823624, 47.554939 ], [ -109.3824124, 47.559116 ], [ -109.384530399999989, 47.559112 ], [ -109.384846400000015, 47.562304 ], [ -109.3767214, 47.562129 ], [ -109.371370399999989, 47.554959 ], [ -109.3823624, 47.554939 ] ] ] } },
{ "type": "Feature", "properties": { "state_po": "MT", "congressional_district": "MT-02", "pwsid": "MT0000323", "pws_name": "SACO  TOWN OF", "population_served_count": 180, "model_method": "Random Forest", "verification_status": "", "symbology_field": "Modeled", "intersection_area_sq_km": 0.6722401424909763 }, "geometry": { "type": "Polygon", "coordinates": [ [ [ -107.3451391, 48.454538200000052 ], [ -107.3438651, 48.45641119999997 ], [ -107.3467441, 48.457493200000052 ], [ -107.3451731, 48.461481199999952 ], [ -107.3396731, 48.46143620000003 ], [ -107.339705099999989, 48.459356199999981 ], [ -107.3342701, 48.459343199999978 ], [ -107.3342431, 48.452103199999954 ], [ -107.3404941, 48.45422019999998 ], [ -107.3421021, 48.452390200000011 ], [ -107.3451391, 48.454538200000052 ] ] ] } },
{ "type": "Feature", "properties": { "state_po": "MT", "congressional_district": "MT-02", "pwsid": "MT0000284", "pws_name": "MALTA  CITY OF", "population_served_count": 1800, "model_method": "Random Forest", "verification_status": "", "symbology_field": "Modeled", "intersection_area_sq_km": 2.686664880782081 }, "geometry": { "type": "MultiPolygon", "coordinates": [ [ [ [ -107.8719862, 48.344910200000044 ], [ -107.8748522, 48.3478722 ], [ -107.8746952, 48.351300200000033 ], [ -107.8892602, 48.3529082 ], [ -107.8892692, 48.355242200000049 ], [ -107.88375520000001, 48.355895200000013 ], [ -107.8836862, 48.358662199999976 ], [ -107.8774302, 48.3608372 ], [ -107.8803902, 48.3611652 ], [ -107.881974200000016, 48.363886199999975 ], [ -107.8791262, 48.364134199999974 ], [ -107.8756122, 48.3620622 ], [ -107.8738022, 48.363562200000061 ], [ -107.8693932, 48.363740200000045 ], [ -107.871056200000012, 48.3613332 ], [ -107.8612992, 48.360098199999989 ], [ -107.8625202, 48.358448200000034 ], [ -107.8577302, 48.35844619999996 ], [ -107.8584102, 48.3563982 ], [ -107.8563792, 48.35643119999996 ], [ -107.856584200000015, 48.350641200000048 ], [ -107.8604642, 48.350404199999964 ], [ -107.8607082, 48.352906199999964 ], [ -107.8641862, 48.352922199999973 ], [ -107.8623822, 48.351593199999961 ], [ -107.8667802, 48.3512422 ], [ -107.8678362, 48.344537200000033 ], [ -107.8719862, 48.344910200000044 ] ] ], [ [ [ -107.865797199999989, 48.365696199999981 ], [ -107.861874199999988, 48.366236199999975 ], [ -107.8611992, 48.365445200000011 ], [ -107.8621402, 48.364085199999963 ], [ -107.8666332, 48.364157199999987 ], [ -107.865797199999989, 48.365696199999981 ] ] ] ] } },
{ "type": "Feature", "properties": { "state_po": "MT", "congressional_district": "MT-02", "pwsid": "MT0000239", "pws_name": "HARLEM  CITY OF", "population_served_count": 820, "model_method": "Decision Tree", "verification_status": "", "symbology_field": "Modeled", "intersection_area_sq_km": 1.6370296748647808 }, "geometry": { "type": "Polygon", "coordinates": [ [ [ -108.7882684, 48.526280100000015 ], [ -108.8018564, 48.5370371 ], [ -108.8084414, 48.539734100000011 ], [ -108.7893784, 48.534830099999958 ], [ -108.7886544, 48.536136099999979 ], [ -108.786125399999989, 48.535502099999981 ], [ -108.7843734, 48.538612099999966 ], [ -108.7814824, 48.5379181 ], [ -108.7814744, 48.534986100000019 ], [ -108.774582400000014, 48.5307401 ], [ -108.7746634, 48.52812609999998 ], [ -108.7814794, 48.528430100000016 ], [ -108.7825834, 48.5192861 ], [ -108.7882684, 48.526280100000015 ] ] ] } },
{ "type": "Feature", "properties": { "state_po": "MT", "congressional_district": "MT-02", "pwsid": "MT0000203", "pws_name": "DODSON  TOWN OF", "population_served_count": 120, "model_method": "Random Forest", "verification_status": "", "symbology_field": "Modeled", "intersection_area_sq_km": 0.41561840132794103 }, "geometry": { "type": "Polygon", "coordinates": [ [ [ -108.2429913, 48.391645100000012 ], [ -108.2485333, 48.392528099999957 ], [ -108.2485413, 48.394719099999989 ], [ -108.2530893, 48.394709100000028 ], [ -108.2531353, 48.399296100000065 ], [ -108.2485993, 48.3983091 ], [ -108.2485783, 48.39669810000003 ], [ -108.2409633, 48.396138099999952 ], [ -108.2429913, 48.391645100000012 ] ] ] } },
{ "type": "Feature", "properties": { "state_po": "MT", "congressional_district": "MT-02", "pwsid": "MT0000174", "pws_name": "CHINOOK  CITY OF", "population_served_count": 1300, "model_method": "Random Forest", "verification_status": "", "symbology_field": "Modeled", "intersection_area_sq_km": 2.4165422798868526 }, "geometry": { "type": "MultiPolygon", "coordinates": [ [ [ [ -109.218909599999989, 48.590001099999967 ], [ -109.2189076, 48.593955099999981 ], [ -109.2159386, 48.593719099999987 ], [ -109.2162996, 48.588687100000037 ], [ -109.218909599999989, 48.590001099999967 ] ] ], [ [ [ -109.2184886, 48.582814100000022 ], [ -109.2309756, 48.5829541 ], [ -109.2306306, 48.584933099999958 ], [ -109.2358436, 48.585322100000049 ], [ -109.2372796, 48.583289099999959 ], [ -109.2400206, 48.589715100000042 ], [ -109.2476426, 48.591351099999976 ], [ -109.248161599999989, 48.5899911 ], [ -109.2531816, 48.590126099999971 ], [ -109.2593646, 48.596347099999967 ], [ -109.2458456, 48.5959831 ], [ -109.2455666, 48.5927921 ], [ -109.2372886, 48.591756099999976 ], [ -109.2372916, 48.5944591 ], [ -109.2407076, 48.5947161 ], [ -109.2372936, 48.595314100000046 ], [ -109.2372946, 48.597378099999972 ], [ -109.2263776, 48.597376100000034 ], [ -109.2263536, 48.588646100000055 ], [ -109.2188906, 48.588740099999967 ], [ -109.2184886, 48.582814100000022 ] ] ] ] } },
{ "type": "Feature", "properties": { "state_po": "MT", "congressional_district": "MT-02", "pwsid": "MT0000007", "pws_name": "SOUTH CHESTER WATER DIST", "population_served_count": 55, "model_method": null, "verification_status": null, "symbology_field": "System Sourced", "intersection_area_sq_km": 83.038428228988707 }, "geometry": { "type": "Polygon", "coordinates": [ [ [ -110.912862499999989, 48.266548699999959 ], [ -110.9182058, 48.26655589999995 ], [ -110.918237499999989, 48.291898699999983 ], [ -110.9291332, 48.2919267 ], [ -110.9290951, 48.30643220000001 ], [ -110.9833087, 48.306442699999977 ], [ -110.9833624, 48.32093189999997 ], [ -110.9942164, 48.320939500000016 ], [ -110.994319, 48.349927199999968 ], [ -111.0479382, 48.3498139 ], [ -111.0479201, 48.364313699999975 ], [ -111.0052174, 48.364449099999973 ], [ -111.005240799999982, 48.378937799999989 ], [ -110.9835141, 48.378922500000051 ], [ -110.9836508, 48.436901300000017 ], [ -110.9510036, 48.4368771 ], [ -110.9509605, 48.422389499999987 ], [ -110.8859049, 48.4223147 ], [ -110.8859028, 48.429560400000028 ], [ -110.8431417, 48.429639 ], [ -110.8431026, 48.415127799999965 ], [ -110.9509401, 48.415119 ], [ -110.9508527, 48.3788812 ], [ -110.9183564, 48.37886629999997 ], [ -110.91828719999998, 48.349891699999986 ], [ -110.9291414, 48.349877899999967 ], [ -110.929088, 48.320933100000026 ], [ -110.9073917, 48.320943900000039 ], [ -110.9073536, 48.299135800000023 ], [ -110.8965583, 48.299177 ], [ -110.8965458, 48.291934699999985 ], [ -110.885777099999984, 48.291965899999951 ], [ -110.885781, 48.2774761 ], [ -110.9072884, 48.277398 ], [ -110.9072852, 48.270171099999978 ], [ -110.9127334, 48.270167599999986 ], [ -110.912862499999989, 48.266548699999959 ] ] ] } },
{ "type": "Feature", "properties": { "state_po": "MT", "congressional_district": "MT-02", "pwsid": "MT0000009", "pws_name": "GALATA COUNTY WATER DISTRICT", "population_served_count": 200, "model_method": null, "verification_status": null, "symbology_field": "System Sourced", "intersection_area_sq_km": 62.250462025634747 }, "geometry": { "type": "Polygon", "coordinates": [ [ [ -111.1671064, 48.4364796 ], [ -111.210669, 48.436489100000031 ], [ -111.2107125, 48.450972400000019 ], [ -111.2324237, 48.45102379999998 ], [ -111.2324211, 48.465456100000019 ], [ -111.25418, 48.465443300000032 ], [ -111.2541751, 48.467843 ], [ -111.2433069, 48.467491 ], [ -111.2433109, 48.472687899999976 ], [ -111.2324374, 48.472689699999961 ], [ -111.2324543, 48.479864700000022 ], [ -111.221574600000011, 48.479869 ], [ -111.2215841, 48.487104099999989 ], [ -111.2107039, 48.4871116 ], [ -111.210746499999985, 48.50881320000007 ], [ -111.1998491, 48.5088091 ], [ -111.1998922, 48.53049209999994 ], [ -111.2053395, 48.530501100000016 ], [ -111.205353300000013, 48.5377431 ], [ -111.1999029, 48.5377453 ], [ -111.1999116, 48.54497510000003 ], [ -111.189015900000015, 48.544964899999989 ], [ -111.1890491, 48.5664642 ], [ -111.2326375, 48.566458 ], [ -111.2326078, 48.552198 ], [ -111.2652205, 48.552182299999956 ], [ -111.265205600000016, 48.5449706 ], [ -111.2543097, 48.544964500000049 ], [ -111.2542985, 48.537724099999927 ], [ -111.2755319, 48.5377265 ], [ -111.2755524, 48.559424800000059 ], [ -111.2543493, 48.559441299999939 ], [ -111.2543591, 48.566446100000022 ], [ -111.2734442, 48.566445900000019 ], [ -111.273449, 48.573700900000048 ], [ -111.2516673, 48.573719500000031 ], [ -111.2516823, 48.580956299999976 ], [ -111.2625784, 48.580946299999965 ], [ -111.2625998, 48.588199 ], [ -111.2734547, 48.588192700000036 ], [ -111.2734494, 48.6135919 ], [ -111.2680851, 48.6135938 ], [ -111.2680733, 48.60997 ], [ -111.251711899999989, 48.609981800000014 ], [ -111.2516812, 48.595481 ], [ -111.2298703, 48.5955127 ], [ -111.229891, 48.610015 ], [ -111.2189564, 48.610010900000013 ], [ -111.2189351, 48.595507400000031 ], [ -111.2080312, 48.5954997 ], [ -111.2080236, 48.588247599999939 ], [ -111.1971201, 48.588240199999987 ], [ -111.197122, 48.580979300000038 ], [ -111.2080202, 48.580975 ], [ -111.208014299999988, 48.570109200000012 ], [ -111.175345399999983, 48.570109799999969 ], [ -111.1753375, 48.580976099999951 ], [ -111.1862386, 48.580981799999975 ], [ -111.1862422, 48.588240199999987 ], [ -111.1644021, 48.5882393 ], [ -111.164428199999989, 48.5664668 ], [ -111.1835623, 48.566464 ], [ -111.1835076, 48.526890099999974 ], [ -111.1562762, 48.52689740000001 ], [ -111.1562702, 48.530517200000048 ], [ -111.124061, 48.530594099999981 ], [ -111.1240917, 48.508854499999948 ], [ -111.1453339, 48.50877890000001 ], [ -111.145338, 48.506283300000014 ], [ -111.1553763, 48.504386199999949 ], [ -111.1671294, 48.499303900000065 ], [ -111.1671584, 48.523271200000018 ], [ -111.1889605, 48.52324950000002 ], [ -111.1889009, 48.489485499999972 ], [ -111.2215416, 48.474862900000034 ], [ -111.2215412, 48.465450199999957 ], [ -111.1671712, 48.465422700000019 ], [ -111.1671064, 48.4364796 ] ] ] } },
{ "type": "Feature", "properties": { "state_po": "MT", "congressional_district": "MT-02", "pwsid": "MT0000014", "pws_name": "BASIN COUNTY WATER AND SEWER DIST", "population_served_count": 200, "model_method": null, "verification_status": null, "symbology_field": "System Sourced", "intersection_area_sq_km": 5.0939579216624535 }, "geometry": { "type": "Polygon", "coordinates": [ [ [ -112.2449812, 46.265294799999964 ], [ -112.2860326, 46.265678900000019 ], [ -112.2860126, 46.2800861 ], [ -112.2452542, 46.2798322 ], [ -112.2449812, 46.265294799999964 ] ] ] } },
{ "type": "Feature", "properties": { "state_po": "MT", "congressional_district": "MT-02", "pwsid": "MT0000022", "pws_name": "WORDEN BALLANTINE YELLOWSTONE", "population_served_count": 800, "model_method": null, "verification_status": null, "symbology_field": "System Sourced", "intersection_area_sq_km": 3.040841347376376 }, "geometry": { "type": "Polygon", "coordinates": [ [ [ -108.162369, 45.941764499999941 ], [ -108.1623802, 45.943247299999982 ], [ -108.1643924, 45.943266099999988 ], [ -108.1643986, 45.946427299999954 ], [ -108.1669889, 45.947262500000022 ], [ -108.1623988, 45.947254199999982 ], [ -108.1618236, 45.954079199999988 ], [ -108.161199200000013, 45.946839100000012 ], [ -108.1514331, 45.946798500000014 ], [ -108.152051899999989, 45.958256399999961 ], [ -108.1631798, 45.958133699999969 ], [ -108.168762, 45.9558385 ], [ -108.1670001, 45.954077399999967 ], [ -108.1730441, 45.9540814 ], [ -108.1751514, 45.9541232 ], [ -108.1752646, 45.958450899999953 ], [ -108.170327, 45.958496300000022 ], [ -108.1703214, 45.965789500000014 ], [ -108.164981, 45.965785200000028 ], [ -108.1647658, 45.976335100000014 ], [ -108.1591501, 45.976413600000051 ], [ -108.1590991, 45.9727939 ], [ -108.1636885, 45.972772900000038 ], [ -108.161774099999988, 45.965369 ], [ -108.1539778, 45.9653535 ], [ -108.1532567, 45.958665400000022 ], [ -108.1462533, 45.958336800000033 ], [ -108.1462412, 45.954017600000014 ], [ -108.1410433, 45.95399709999996 ], [ -108.1403275, 45.948247299999984 ], [ -108.162369, 45.941764499999941 ] ] ] } },
{ "type": "Feature", "properties": { "state_po": "MT", "congressional_district": "MT-02", "pwsid": "MT0000154", "pws_name": "YELLOWSTONE BOYS AND GIRLS RANCH", "population_served_count": 240, "model_method": null, "verification_status": null, "symbology_field": "System Sourced", "intersection_area_sq_km": 1.505825137222381 }, "geometry": { "type": "Polygon", "coordinates": [ [ [ -108.7094144, 45.7334116 ], [ -108.7095306, 45.7443052 ], [ -108.6996095, 45.743708199999986 ], [ -108.6995953, 45.7406318 ], [ -108.689733, 45.7406043 ], [ -108.6897012, 45.733346200000028 ], [ -108.7094144, 45.7334116 ] ] ] } },
{ "type": "Feature", "properties": { "state_po": "MT", "congressional_district": "MT-02", "pwsid": "MT0000157", "pws_name": "BLACK EAGLE CASCADE COUNTY WATER SEWER", "population_served_count": 1233, "model_method": null, "verification_status": null, "symbology_field": "System Sourced", "intersection_area_sq_km": 0.94193906027631991 }, "geometry": { "type": "Polygon", "coordinates": [ [ [ -111.2697594, 47.5220132 ], [ -111.2902291, 47.522466299999984 ], [ -111.2902101, 47.5247237 ], [ -111.2814744, 47.526787900000016 ], [ -111.281542699999989, 47.5311456 ], [ -111.2711081, 47.531228500000019 ], [ -111.2697594, 47.5220132 ] ] ] } },
{ "type": "Feature", "properties": { "state_po": "MT", "congressional_district": "MT-02", "pwsid": "MT0000164", "pws_name": "BRADY COUNTY WATER  SEWER DISTRICT", "population_served_count": 144, "model_method": null, "verification_status": null, "symbology_field": "System Sourced", "intersection_area_sq_km": 0.50857499347216295 }, "geometry": { "type": "Polygon", "coordinates": [ [ [ -111.842813, 48.03186579999997 ], [ -111.8474972, 48.0324219 ], [ -111.8475883, 48.036625299999983 ], [ -111.8428959, 48.03774109999997 ], [ -111.8429235, 48.039123599999982 ], [ -111.8357311, 48.039101099999968 ], [ -111.8340676, 48.035490400000015 ], [ -111.8367591, 48.03550009999995 ], [ -111.8371243, 48.032292099999971 ], [ -111.8427327, 48.035402499999954 ], [ -111.842813, 48.03186579999997 ] ] ] } },
{ "type": "Feature", "properties": { "state_po": "MT", "congressional_district": "MT-02", "pwsid": "MT0000187", "pws_name": "COOKE CITY WATER DISTRICT", "population_served_count": 300, "model_method": null, "verification_status": null, "symbology_field": "System Sourced", "intersection_area_sq_km": 0.25343506452449505 }, "geometry": { "type": "Polygon", "coordinates": [ [ [ -109.9394898, 45.017881699999961 ], [ -109.940350400000014, 45.019844799999987 ], [ -109.9325699, 45.02283 ], [ -109.93187970000001, 45.0213725 ], [ -109.9284738, 45.022497199999954 ], [ -109.9255169, 45.0208799 ], [ -109.9394898, 45.017881699999961 ] ] ] } },
{ "type": "Feature", "properties": { "state_po": "MT", "congressional_district": "MT-02", "pwsid": "MT0000224", "pws_name": "GARDINER PARK CO WATER DIST", "population_served_count": 700, "model_method": null, "verification_status": null, "symbology_field": "System Sourced", "intersection_area_sq_km": 1.4832406911185363 }, "geometry": { "type": "Polygon", "coordinates": [ [ [ -110.6963019, 45.029825899999977 ], [ -110.712407, 45.029815 ], [ -110.712684, 45.033564900000016 ], [ -110.7242838, 45.03781129999998 ], [ -110.729779799999989, 45.042485199999987 ], [ -110.7189797, 45.037092 ], [ -110.7189658, 45.038860100000072 ], [ -110.6981988, 45.0388629 ], [ -110.698145599999989, 45.030076800000025 ], [ -110.6963019, 45.029825899999977 ] ] ] } },
{ "type": "Feature", "properties": { "state_po": "MT", "congressional_district": "MT-02", "pwsid": "MT0000232", "pws_name": "GORE HILL COUNTY WATER DIST", "population_served_count": 500, "model_method": null, "verification_status": null, "symbology_field": "System Sourced", "intersection_area_sq_km": 2.6727475407671348 }, "geometry": { "type": "Polygon", "coordinates": [ [ [ -111.376576199999988, 47.44314989999998 ], [ -111.380592299999989, 47.44315240000001 ], [ -111.3808246, 47.446988900000051 ], [ -111.3910978, 47.4469656 ], [ -111.3912953, 47.456110300000027 ], [ -111.3756189, 47.456033099999942 ], [ -111.3756116, 47.461076899999966 ], [ -111.3702642, 47.461047 ], [ -111.370255199999988, 47.4574869 ], [ -111.366280099999983, 47.457466 ], [ -111.366227099999989, 47.461030599999987 ], [ -111.3622803, 47.461018700000018 ], [ -111.3649117, 47.4537553 ], [ -111.3542604, 47.453801399999961 ], [ -111.354252699999989, 47.451118199999989 ], [ -111.370364299999977, 47.450387799999952 ], [ -111.3701976, 47.446772900000049 ], [ -111.376742299999989, 47.4467826 ], [ -111.376576199999988, 47.44314989999998 ] ], [ [ -111.3782405, 47.4469805 ], [ -111.3795909, 47.448628400000011 ], [ -111.3795893, 47.44699439999993 ], [ -111.3782405, 47.4469805 ] ] ] } },
{ "type": "Feature", "properties": { "state_po": "MT", "congressional_district": "MT-02", "pwsid": "MT0000248", "pws_name": "HIGHWOOD COUNTY WATER AND SEWER DISTRICT", "population_served_count": 280, "model_method": null, "verification_status": null, "symbology_field": "System Sourced", "intersection_area_sq_km": 6.8191981850464884 }, "geometry": { "type": "Polygon", "coordinates": [ [ [ -110.8001425, 47.5789849 ], [ -110.8082991, 47.580609800000055 ], [ -110.8090056, 47.579220500000027 ], [ -110.8123466, 47.579214799999967 ], [ -110.8123498, 47.582686599999981 ], [ -110.8176953, 47.582817700000035 ], [ -110.817697, 47.5864132 ], [ -110.8283887, 47.586424899999983 ], [ -110.8283954, 47.597255200000014 ], [ -110.8123296, 47.597219 ], [ -110.8123226, 47.590024199999981 ], [ -110.8016532, 47.590025499999989 ], [ -110.801642699999988, 47.597199100000033 ], [ -110.7695139, 47.59712539999996 ], [ -110.769507, 47.604339199999984 ], [ -110.753579, 47.6043251 ], [ -110.7535831, 47.600715199999982 ], [ -110.7642741, 47.600715199999982 ], [ -110.7642564, 47.589980700000048 ], [ -110.7748495, 47.58998320000002 ], [ -110.7748582, 47.584690600000073 ], [ -110.780229600000013, 47.584672799999979 ], [ -110.7815051, 47.5864252 ], [ -110.777365, 47.588924300000023 ], [ -110.7965829, 47.5810016 ], [ -110.8019569, 47.580187300000013 ], [ -110.8001425, 47.5789849 ] ], [ [ -110.8026815, 47.579966700000043 ], [ -110.8022207, 47.5801827 ], [ -110.8026866, 47.580173300000027 ], [ -110.8026815, 47.579966700000043 ] ] ] } },
{ "type": "Feature", "properties": { "state_po": "MT", "congressional_district": "MT-02", "pwsid": "MT0000249", "pws_name": "HILL COUNTY WATER DISTRICTS", "population_served_count": 1720, "model_method": null, "verification_status": null, "symbology_field": "System Sourced", "intersection_area_sq_km": 8.8477702550502286 }, "geometry": { "type": "MultiPolygon", "coordinates": [ [ [ [ -110.062842, 48.56335880000001 ], [ -110.062854, 48.56692250000004 ], [ -110.0566823, 48.5669313 ], [ -110.0567203, 48.5633362 ], [ -110.062842, 48.56335880000001 ] ] ], [ [ [ -110.0846062, 48.563343799999963 ], [ -110.1007188, 48.563246799999988 ], [ -110.1006145, 48.566866699999977 ], [ -110.0898509, 48.566883499999982 ], [ -110.0915631, 48.5739599 ], [ -110.0843913, 48.5735382 ], [ -110.0846062, 48.563343799999963 ] ] ], [ [ [ -110.432523, 48.549555099999949 ], [ -110.4325489, 48.557254900000032 ], [ -110.4216392, 48.558794800000037 ], [ -110.421632, 48.560415400000032 ], [ -110.4161607, 48.560397899999948 ], [ -110.4161465, 48.549502599999947 ], [ -110.432523, 48.549555099999949 ] ] ], [ [ [ -110.3095133, 48.562365700000015 ], [ -110.3095475, 48.56662319999996 ], [ -110.313498599999988, 48.566627600000011 ], [ -110.3135001, 48.577487299999959 ], [ -110.3080357, 48.577483299999962 ], [ -110.3079942, 48.5881938 ], [ -110.2971612, 48.588355500000013 ], [ -110.2971339, 48.5811166 ], [ -110.2916872, 48.5811101 ], [ -110.291308, 48.565466099999988 ], [ -110.293620699999977, 48.5649817 ], [ -110.2936257, 48.5624451 ], [ -110.3095133, 48.562365700000015 ] ] ], [ [ [ -110.5540234, 48.556534500000012 ], [ -110.5545968, 48.558193299999928 ], [ -110.5610366, 48.558351800000011 ], [ -110.5610352, 48.564145799999984 ], [ -110.5501348, 48.564149599999979 ], [ -110.550088, 48.558156100000055 ], [ -110.5540234, 48.556534500000012 ] ] ], [ [ [ -110.6798315, 48.5533009 ], [ -110.696545199999989, 48.553373400000012 ], [ -110.6962239, 48.56650429999997 ], [ -110.6907253, 48.5665096 ], [ -110.6907178, 48.564067199999982 ], [ -110.6798343, 48.564072 ], [ -110.679826, 48.5596305 ], [ -110.677009900000016, 48.559740299999945 ], [ -110.6770359, 48.556805299999979 ], [ -110.679825099999988, 48.556798600000015 ], [ -110.6798315, 48.5533009 ] ] ], [ [ [ -110.7725457, 48.5567527 ], [ -110.7725043, 48.5588618 ], [ -110.7749419, 48.558175500000047 ], [ -110.775696, 48.561603599999977 ], [ -110.7782121, 48.561590699999961 ], [ -110.7782142, 48.566448899999969 ], [ -110.7710643, 48.5664447 ], [ -110.7695103, 48.565245 ], [ -110.7710248, 48.563176499999948 ], [ -110.7679276, 48.563944799999959 ], [ -110.767170900000011, 48.5621182 ], [ -110.761699299999975, 48.561965299999969 ], [ -110.7633065, 48.558931299999983 ], [ -110.7679171, 48.55888960000005 ], [ -110.7700331, 48.556760299999972 ], [ -110.7725457, 48.5567527 ] ] ] ] } },
{ "type": "Feature", "properties": { "state_po": "MT", "congressional_district": "MT-02", "pwsid": "MT0000250", "pws_name": "HINSDALE WATER DEPARTMENT", "population_served_count": 250, "model_method": null, "verification_status": null, "symbology_field": "System Sourced", "intersection_area_sq_km": 0.42258032956286362 }, "geometry": { "type": "Polygon", "coordinates": [ [ [ -107.0787757, 48.3903898 ], [ -107.0916148, 48.394265600000018 ], [ -107.0915789, 48.3975651 ], [ -107.087437799999989, 48.397526099999972 ], [ -107.0817897, 48.39417659999998 ], [ -107.0786949, 48.394173 ], [ -107.0787757, 48.3903898 ] ] ] } },
{ "type": "Feature", "properties": { "state_po": "MT", "congressional_district": "MT-02", "pwsid": "MT0000254", "pws_name": "HUNTLEY YELLOWSTONE CO WATER AND SEWER", "population_served_count": 230, "model_method": null, "verification_status": null, "symbology_field": "System Sourced", "intersection_area_sq_km": 3.1228862964974562 }, "geometry": { "type": "Polygon", "coordinates": [ [ [ -108.319614, 45.884915 ], [ -108.314517099999989, 45.88898680000004 ], [ -108.3155244, 45.8933654 ], [ -108.3113289, 45.898576100000014 ], [ -108.3181282, 45.904253700000012 ], [ -108.3009254, 45.90507719999998 ], [ -108.2990328, 45.906648399999959 ], [ -108.2954808, 45.906685500000023 ], [ -108.2932572, 45.906694499999986 ], [ -108.2911187, 45.904222299999972 ], [ -108.2888705, 45.905682699999957 ], [ -108.287262399999989, 45.904475 ], [ -108.2903461, 45.9035721 ], [ -108.2903337, 45.90453210000004 ], [ -108.2954778, 45.901154100000028 ], [ -108.2953793, 45.891348099999959 ], [ -108.3093636, 45.884962500000029 ], [ -108.319614, 45.884915 ] ] ] } },
{ "type": "Feature", "properties": { "state_po": "MT", "congressional_district": "MT-02", "pwsid": "MT0000269", "pws_name": "LAMBERT SEWER AND WATER ASSN", "population_served_count": 150, "model_method": null, "verification_status": null, "symbology_field": "System Sourced", "intersection_area_sq_km": 3.322254095854662 }, "geometry": { "type": "Polygon", "coordinates": [ [ [ -104.6151288, 47.6798563 ], [ -104.6259111, 47.681676399999958 ], [ -104.6260225, 47.688611400000028 ], [ -104.6151299, 47.688600900000019 ], [ -104.6151251, 47.7030846 ], [ -104.5936304, 47.7030686 ], [ -104.593648, 47.6885368 ], [ -104.6151032, 47.688582800000027 ], [ -104.6151288, 47.6798563 ] ] ] } },
{ "type": "Feature", "properties": { "state_po": "MT", "congressional_district": "MT-02", "pwsid": "MT0000296", "pws_name": "MUSSELSHELL COMMUNITY COUNTY WSD", "population_served_count": 75, "model_method": null, "verification_status": null, "symbology_field": "System Sourced", "intersection_area_sq_km": 0.28437889025419438 }, "geometry": { "type": "Polygon", "coordinates": [ [ [ -108.0948143, 46.515453899999955 ], [ -108.094838599999989, 46.520035299999961 ], [ -108.0865934, 46.520027200000065 ], [ -108.0885714, 46.515559 ], [ -108.0948143, 46.515453899999955 ] ] ] } },
{ "type": "Feature", "properties": { "state_po": "MT", "congressional_district": "MT-02", "pwsid": "MT0000317", "pws_name": "ROBERTS WUA  CARBON CO WATER AND SEWER", "population_served_count": 300, "model_method": null, "verification_status": null, "symbology_field": "System Sourced", "intersection_area_sq_km": 0.94496430268437981 }, "geometry": { "type": "MultiPolygon", "coordinates": [ [ [ [ -109.1747978, 45.349299400000028 ], [ -109.1709348, 45.3564094 ], [ -109.1734134, 45.356435399999938 ], [ -109.173448799999989, 45.363738 ], [ -109.1631305, 45.363694799999955 ], [ -109.1655497, 45.355814599999967 ], [ -109.1682154, 45.355051799999984 ], [ -109.1683267, 45.349293500000023 ], [ -109.1747978, 45.349299400000028 ] ], [ [ -109.1714234, 45.363581300000035 ], [ -109.1722928, 45.362107200000011 ], [ -109.1682758, 45.36207349999998 ], [ -109.1682917, 45.363572700000027 ], [ -109.1714234, 45.363581300000035 ] ] ], [ [ [ -109.1594568, 45.3600474 ], [ -109.1584327, 45.36115879999992 ], [ -109.154516, 45.36209139999994 ], [ -109.1557494, 45.360053300000011 ], [ -109.1594568, 45.3600474 ] ] ], [ [ [ -109.1608641, 45.36021 ], [ -109.1595996, 45.362276400000034 ], [ -109.1586475, 45.362275600000039 ], [ -109.1595792, 45.360219400000013 ], [ -109.1608641, 45.36021 ] ] ] ] } },
{ "type": "Feature", "properties": { "state_po": "MT", "congressional_district": "MT-02", "pwsid": "MT0000352", "pws_name": "VAUGHN CASCADE COUNTY WATER AND SEWER", "population_served_count": 585, "model_method": null, "verification_status": null, "symbology_field": "System Sourced", "intersection_area_sq_km": 1.247616542537183 }, "geometry": { "type": "Polygon", "coordinates": [ [ [ -111.5607171, 47.547000899999979 ], [ -111.5594034, 47.552478700000016 ], [ -111.564746899999989, 47.553213400000011 ], [ -111.5594044, 47.554398500000019 ], [ -111.5594073, 47.5592547 ], [ -111.5540859, 47.560027799999979 ], [ -111.5540666, 47.563560400000057 ], [ -111.5507708, 47.564369100000043 ], [ -111.5464504, 47.561455600000045 ], [ -111.5418327, 47.560601 ], [ -111.5420339, 47.557361 ], [ -111.545117499999989, 47.5545369 ], [ -111.5430055, 47.5530666 ], [ -111.5570684, 47.552379700000017 ], [ -111.557091199999988, 47.5483413 ], [ -111.5607171, 47.547000899999979 ] ], [ [ -111.5528711, 47.553230199999931 ], [ -111.554174, 47.5554639 ], [ -111.5576181, 47.5529228 ], [ -111.5528711, 47.553230199999931 ] ] ] } },
{ "type": "Feature", "properties": { "state_po": "MT", "congressional_district": "MT-02", "pwsid": "MT0000362", "pws_name": "WILSALL WATER DISTRICT", "population_served_count": 250, "model_method": null, "verification_status": null, "symbology_field": "System Sourced", "intersection_area_sq_km": 3.2861826900570947 }, "geometry": { "type": "Polygon", "coordinates": [ [ [ -110.6548914, 45.981515399999957 ], [ -110.6651855, 45.981438300000022 ], [ -110.665471, 45.9886814 ], [ -110.6759886, 45.988526500000013 ], [ -110.6767466, 46.003174800000011 ], [ -110.6555055, 46.003158800000016 ], [ -110.6548914, 45.981515399999957 ] ] ] } },
{ "type": "Feature", "properties": { "state_po": "MT", "congressional_district": "MT-02", "pwsid": "MT0000400", "pws_name": "TIBER COUNTY WATER DISTRICT", "population_served_count": 750, "model_method": null, "verification_status": null, "symbology_field": "System Sourced", "intersection_area_sq_km": 2070.2139912111684 }, "geometry": { "type": "Polygon", "coordinates": [ [ [ -111.0644131, 47.959351100000049 ], [ -111.4083781, 47.958225800000022 ], [ -111.4085464, 47.98717509999998 ], [ -111.6663335, 47.98727130000001 ], [ -111.7754405, 47.984655199999985 ], [ -111.7853897, 47.991817800000014 ], [ -111.7742484, 47.991969199999964 ], [ -111.774295, 47.999230400000044 ], [ -111.794427899999974, 47.999079199999969 ], [ -111.810635100000013, 48.010024 ], [ -111.8538012, 48.065316099999933 ], [ -111.853861099999989, 48.144759400000034 ], [ -111.9180866, 48.144839400000059 ], [ -111.9180823, 48.159372 ], [ -111.928977800000013, 48.159331700000024 ], [ -111.9287436, 48.2201425 ], [ -111.9365958, 48.220221599999988 ], [ -111.9367467, 48.238269399999979 ], [ -111.969099899999989, 48.238544599999955 ], [ -111.9692079, 48.278516799999977 ], [ -111.9907471, 48.2785809 ], [ -111.990769299999982, 48.292895200000011 ], [ -112.0015469, 48.292967100000027 ], [ -112.0016758, 48.30750160000003 ], [ -111.9692546, 48.30731770000007 ], [ -111.969325, 48.3507767 ], [ -112.012609, 48.3509613 ], [ -112.0128257, 48.3798776 ], [ -111.9476402, 48.379719600000065 ], [ -111.947547, 48.394064799999967 ], [ -111.9259196, 48.3939632 ], [ -111.9259098, 48.39294410000003 ], [ -111.7959806, 48.393155900000025 ], [ -111.7960728, 48.321141599999976 ], [ -111.6658578, 48.320524699999972 ], [ -111.6664912, 48.219417800000016 ], [ -111.2753357, 48.2195477 ], [ -111.27532, 48.306462800000013 ], [ -111.2105333, 48.3062941 ], [ -111.2105476, 48.291878199999964 ], [ -111.1455473, 48.291665199999969 ], [ -111.145517399999989, 48.277273899999976 ], [ -111.1348809, 48.277259100000023 ], [ -111.1348167, 48.262822099999966 ], [ -111.1455243, 48.2628119 ], [ -111.1454762, 48.219466499999953 ], [ -111.129187300000012, 48.219450699999946 ], [ -111.1292398, 48.176595900000031 ], [ -111.1400644, 48.1765715 ], [ -111.1400296, 48.1331844 ], [ -111.0859806, 48.133111600000021 ], [ -111.0859715, 48.1187007 ], [ -111.0535347, 48.118602100000025 ], [ -111.053562, 48.089621599999965 ], [ -111.042758, 48.089564899999957 ], [ -111.0427743, 48.060644199999963 ], [ -110.9563417, 48.060680900000044 ], [ -110.9563549, 48.017258099999957 ], [ -111.0643707, 48.017279900000027 ], [ -111.0644131, 47.959351100000049 ] ] ] } },
{ "type": "Feature", "properties": { "state_po": "MT", "congressional_district": "MT-02", "pwsid": "MT0000460", "pws_name": "BELFRY CARBON CO WATER AND SEWER DIST", "population_served_count": 205, "model_method": null, "verification_status": null, "symbology_field": "System Sourced", "intersection_area_sq_km": 0.22161051548123925 }, "geometry": { "type": "MultiPolygon", "coordinates": [ [ [ [ -109.0113095, 45.141216800000031 ], [ -109.012107199999988, 45.14177 ], [ -109.011312499999988, 45.1416434 ], [ -109.0113095, 45.141216800000031 ] ] ], [ [ [ -109.0108726, 45.14019219999998 ], [ -109.010691, 45.143653400000019 ], [ -109.0081109, 45.1444557 ], [ -109.005697399999988, 45.144870100000063 ], [ -109.0025175, 45.142007899999939 ], [ -109.0056855, 45.142001500000028 ], [ -109.0050678, 45.140410200000012 ], [ -109.0108726, 45.14019219999998 ] ] ], [ [ [ -109.011174, 45.142068900000027 ], [ -109.0121301, 45.1423445 ], [ -109.01117, 45.142342699999965 ], [ -109.011174, 45.142068900000027 ] ] ] ] } },
{ "type": "Feature", "properties": { "state_po": "MT", "congressional_district": "MT-02", "pwsid": "MT0000514", "pws_name": "RICHLAND CO  VALLEY VIEW WUA", "population_served_count": 85, "model_method": null, "verification_status": null, "symbology_field": "System Sourced", "intersection_area_sq_km": 0.45216089477504062 }, "geometry": { "type": "Polygon", "coordinates": [ [ [ -104.1042895, 47.666405 ], [ -104.1112295, 47.666454500000043 ], [ -104.1111473, 47.669801199999981 ], [ -104.1146872, 47.66976359999996 ], [ -104.1154931, 47.671972099999977 ], [ -104.1105265, 47.671799 ], [ -104.1095705, 47.6744451 ], [ -104.106882, 47.674459399999968 ], [ -104.1068866, 47.6730151 ], [ -104.1042084, 47.6730071 ], [ -104.1059607, 47.67082 ], [ -104.1042895, 47.666405 ] ] ] } },
{ "type": "Feature", "properties": { "state_po": "MT", "congressional_district": "MT-02", "pwsid": "MT0000520", "pws_name": "CARTER CHOUTEAU CO WATER DIST", "population_served_count": 150, "model_method": null, "verification_status": null, "symbology_field": "System Sourced", "intersection_area_sq_km": 92.535679594777505 }, "geometry": { "type": "Polygon", "coordinates": [ [ [ -110.7686184, 47.785532499999981 ], [ -110.8968102, 47.785793200000015 ], [ -110.8965277, 47.87260420000004 ], [ -110.7686933, 47.87227330000001 ], [ -110.7686184, 47.785532499999981 ] ] ] } },
{ "type": "Feature", "properties": { "state_po": "MT", "congressional_district": "MT-02", "pwsid": "MT0000521", "pws_name": "SUN PRAIRIE VILLAGE COUNTY", "population_served_count": 1800, "model_method": null, "verification_status": null, "symbology_field": "System Sourced", "intersection_area_sq_km": 1.2547096621396099 }, "geometry": { "type": "Polygon", "coordinates": [ [ [ -111.487365, 47.538431699999968 ], [ -111.4953942, 47.538412499999986 ], [ -111.4953828, 47.5456868 ], [ -111.5113871, 47.545674700000021 ], [ -111.511384299999989, 47.552959899999955 ], [ -111.4900289, 47.5473172 ], [ -111.4899841, 47.5439086 ], [ -111.4873045, 47.543932700000056 ], [ -111.487365, 47.538431699999968 ] ] ] } },
{ "type": "Feature", "properties": { "state_po": "MT", "congressional_district": "MT-02", "pwsid": "MT0000526", "pws_name": "HOMESTEAD ACRES COUNTY WATER AND SEWER", "population_served_count": 500, "model_method": null, "verification_status": null, "symbology_field": "System Sourced", "intersection_area_sq_km": 15.406642608074312 }, "geometry": { "type": "Polygon", "coordinates": [ [ [ -111.2817072, 47.575273100000011 ], [ -111.2817936, 47.582464900000055 ], [ -111.2930477, 47.582462600000014 ], [ -111.2930274, 47.575281299999986 ], [ -111.308999199999988, 47.57529490000001 ], [ -111.3089587, 47.589730700000011 ], [ -111.314197799999988, 47.5898239 ], [ -111.314331599999988, 47.608053500000054 ], [ -111.3089751, 47.60805059999997 ], [ -111.3090633, 47.611390699999951 ], [ -111.266247399999983, 47.611385299999981 ], [ -111.266275, 47.614574800000014 ], [ -111.2555504, 47.61471780000003 ], [ -111.2555211, 47.612732200000032 ], [ -111.252877, 47.612814 ], [ -111.2528914, 47.611347 ], [ -111.2614055, 47.6113656 ], [ -111.2613692, 47.6080318 ], [ -111.239431599999989, 47.608071 ], [ -111.2393015, 47.589886899999975 ], [ -111.2555845, 47.58977 ], [ -111.255544199999989, 47.586287800000022 ], [ -111.2611552, 47.586313299999972 ], [ -111.2611969, 47.589751200000038 ], [ -111.2716686, 47.589711199999989 ], [ -111.2717528, 47.575448800000032 ], [ -111.2817072, 47.575273100000011 ] ], [ [ -111.2500958, 47.5933721 ], [ -111.2503096, 47.604257300000022 ], [ -111.261327799999989, 47.604235799999977 ], [ -111.2612091, 47.593335099999983 ], [ -111.2500958, 47.5933721 ] ], [ [ -111.2665074, 47.600465299999968 ], [ -111.266508699999989, 47.608003299999957 ], [ -111.2772826, 47.607980799999957 ], [ -111.277113899999989, 47.600449399999988 ], [ -111.2665074, 47.600465299999968 ] ] ] } },
{ "type": "Feature", "properties": { "state_po": "MT", "congressional_district": "MT-02", "pwsid": "MT0000571", "pws_name": "SUN PRAIRIE WATER DISTRICT", "population_served_count": 350, "model_method": null, "verification_status": null, "symbology_field": "System Sourced", "intersection_area_sq_km": 2.1564085600563039 }, "geometry": { "type": "Polygon", "coordinates": [ [ [ -111.504769599999989, 47.523568 ], [ -111.5114175, 47.525105500000052 ], [ -111.5114151, 47.528487900000016 ], [ -111.512963, 47.52722439999998 ], [ -111.5181396, 47.532231200000048 ], [ -111.5206387, 47.532643199999974 ], [ -111.5175458, 47.5341741 ], [ -111.5134864, 47.532526500000067 ], [ -111.5129468, 47.531127 ], [ -111.5145032, 47.531120400000034 ], [ -111.5114148, 47.528655500000021 ], [ -111.5113895, 47.538415 ], [ -111.4953791, 47.5384266 ], [ -111.4940511, 47.524737899999963 ], [ -111.504769599999989, 47.523568 ] ] ] } },
{ "type": "Feature", "properties": { "state_po": "MT", "congressional_district": "MT-02", "pwsid": "MT0000579", "pws_name": "STOCKETT WATER AND SEWER DIST", "population_served_count": 210, "model_method": null, "verification_status": null, "symbology_field": "System Sourced", "intersection_area_sq_km": 0.66414295691645742 }, "geometry": { "type": "Polygon", "coordinates": [ [ [ -111.1656778, 47.348943499999955 ], [ -111.1687022, 47.3489222 ], [ -111.1685357, 47.357299799999936 ], [ -111.1631557, 47.360753599999981 ], [ -111.1605218, 47.360766600000048 ], [ -111.1604692, 47.363468200000028 ], [ -111.1558282, 47.363466100000025 ], [ -111.155754, 47.3598496 ], [ -111.1605045, 47.358862399999985 ], [ -111.1605621, 47.354213500000043 ], [ -111.1648566, 47.3533258 ], [ -111.1656778, 47.348943499999955 ] ] ] } },
{ "type": "Feature", "properties": { "state_po": "MT", "congressional_district": "MT-02", "pwsid": "MT0000580", "pws_name": "TWO BUTTES WATER USERS ASSN", "population_served_count": 525, "model_method": null, "verification_status": null, "symbology_field": "System Sourced", "intersection_area_sq_km": 1.6035167678352724 }, "geometry": { "type": "Polygon", "coordinates": [ [ [ -111.9118947, 47.488035599999954 ], [ -111.9334264, 47.4880785 ], [ -111.9334174, 47.494734200000011 ], [ -111.9387574, 47.49464110000001 ], [ -111.9387486, 47.497711499999973 ], [ -111.917254199999988, 47.499422300000049 ], [ -111.9172421, 47.495290400000016 ], [ -111.922699, 47.495325200000011 ], [ -111.9227044, 47.491720099999952 ], [ -111.911909400000013, 47.491659399999982 ], [ -111.9118947, 47.488035599999954 ] ] ] } },
{ "type": "Feature", "properties": { "state_po": "MT", "congressional_district": "MT-02", "pwsid": "MT0001779", "pws_name": "SAGE CREEK COLONY", "population_served_count": 130, "model_method": null, "verification_status": null, "symbology_field": "System Sourced", "intersection_area_sq_km": 115.78581014790046 }, "geometry": { "type": "MultiPolygon", "coordinates": [ [ [ [ -110.9251593, 48.8201207 ], [ -110.9416263, 48.820123099999982 ], [ -110.9416723, 48.823740099999966 ], [ -110.958119, 48.823731399999943 ], [ -110.9581667, 48.827409100000011 ], [ -110.936219799999989, 48.827440299999964 ], [ -110.936222, 48.831062500000023 ], [ -110.925236, 48.8310801 ], [ -110.9251593, 48.8201207 ] ] ], [ [ [ -110.929774979925142, 48.997896205249695 ], [ -110.929676700000016, 48.964780200000035 ], [ -110.9131989, 48.964742100000024 ], [ -110.9131517, 48.950291599999964 ], [ -110.9076531, 48.9502834 ], [ -110.9075452, 48.9213526 ], [ -110.8965526, 48.9213375 ], [ -110.8965252, 48.914091600000027 ], [ -110.9036253, 48.9140902 ], [ -110.9036022, 48.9035134 ], [ -110.9145608, 48.903480800000054 ], [ -110.9144893, 48.8853981 ], [ -110.8925194, 48.885410300000011 ], [ -110.892407299999988, 48.863685600000011 ], [ -110.8814401, 48.863692600000014 ], [ -110.8814505, 48.8673117 ], [ -110.865921, 48.8672773 ], [ -110.8659369, 48.870895900000043 ], [ -110.8604565, 48.870886399999989 ], [ -110.860594299999988, 48.907077099999981 ], [ -110.8386071, 48.9070286 ], [ -110.8386262, 48.914086900000051 ], [ -110.8745626, 48.914086300000022 ], [ -110.8746163, 48.928582699999971 ], [ -110.8306911, 48.92858980000004 ], [ -110.8308289, 48.9502676 ], [ -110.8528065, 48.950278300000065 ], [ -110.8528915, 48.964778600000017 ], [ -110.841904, 48.964767 ], [ -110.841941, 48.972004099999985 ], [ -110.8309287, 48.971976599999955 ], [ -110.8308257, 48.953900899999972 ], [ -110.825337499999989, 48.953898799999962 ], [ -110.8253056, 48.950284200000034 ], [ -110.8198135, 48.9502801 ], [ -110.8197851, 48.946666600000022 ], [ -110.8087994, 48.946661500000026 ], [ -110.8087677, 48.9430465 ], [ -110.7867855, 48.943063600000023 ], [ -110.786740099999989, 48.935831799999981 ], [ -110.753762, 48.935846400000038 ], [ -110.753825299999988, 48.9575475 ], [ -110.7427773, 48.957556399999945 ], [ -110.742743499999989, 48.9285917 ], [ -110.753732, 48.928588399999981 ], [ -110.7536744, 48.9141364 ], [ -110.7505973, 48.914128 ], [ -110.7505965, 48.906842599999976 ], [ -110.761570899999981, 48.906849799999961 ], [ -110.7615796, 48.903234400000031 ], [ -110.7725735, 48.9032527 ], [ -110.7725804, 48.9141519 ], [ -110.7646869, 48.91414709999998 ], [ -110.7647478, 48.9285916 ], [ -110.781206900000015, 48.9285838 ], [ -110.781202399999984, 48.924969 ], [ -110.7921974, 48.924961899999957 ], [ -110.7922263, 48.928575899999963 ], [ -110.797695699999977, 48.928570599999979 ], [ -110.7976599, 48.921345099999954 ], [ -110.8086443, 48.921333 ], [ -110.8085996, 48.914124 ], [ -110.8055225, 48.914116599999979 ], [ -110.805514699999989, 48.906918 ], [ -110.8165201, 48.906925399999977 ], [ -110.816510799999989, 48.899711499999988 ], [ -110.7725499, 48.8996517 ], [ -110.772519699999975, 48.88517550000001 ], [ -110.756069599999989, 48.8851606 ], [ -110.7560844, 48.892390399999982 ], [ -110.7505713, 48.892385 ], [ -110.7505349, 48.874291300000031 ], [ -110.7560252, 48.8742896 ], [ -110.7560205, 48.86705769999994 ], [ -110.761533199999988, 48.8670657 ], [ -110.7615493, 48.8779128 ], [ -110.772526, 48.877924500000013 ], [ -110.7725392, 48.881540199999975 ], [ -110.778024699999989, 48.8815533 ], [ -110.7780333, 48.8851658 ], [ -110.7834925, 48.885173899999955 ], [ -110.7834751, 48.870703699999986 ], [ -110.794468099999989, 48.870722199999975 ], [ -110.7944872, 48.881572400000017 ], [ -110.827475, 48.881649399999965 ], [ -110.827453, 48.874418 ], [ -110.8329507, 48.874434 ], [ -110.832945599999988, 48.87081660000004 ], [ -110.8384368, 48.870835100000015 ], [ -110.8383492, 48.849134600000035 ], [ -110.816384899999989, 48.849079300000014 ], [ -110.8163473, 48.841845399999976 ], [ -110.805368199999975, 48.841817399999961 ], [ -110.8053369, 48.8128674 ], [ -110.8163286, 48.812879300000027 ], [ -110.8163299, 48.820117 ], [ -110.8217867, 48.820123099999961 ], [ -110.8217948, 48.812888499999985 ], [ -110.8272801, 48.812889200000015 ], [ -110.8272105, 48.7984274 ], [ -110.8162754, 48.798413300000021 ], [ -110.816294899999988, 48.805654100000019 ], [ -110.7724307, 48.805616300000018 ], [ -110.7724367, 48.812858400000025 ], [ -110.7504986, 48.8128331 ], [ -110.7504511, 48.787498400000068 ], [ -110.7723842, 48.7874954 ], [ -110.7724172, 48.7983552 ], [ -110.7833589, 48.7983693 ], [ -110.7833591, 48.794747600000022 ], [ -110.794317400000011, 48.79475930000001 ], [ -110.7942985, 48.783886800000019 ], [ -110.8162055, 48.783932 ], [ -110.816243899999989, 48.7911631 ], [ -110.8491137, 48.7912103 ], [ -110.8491461, 48.798461599999918 ], [ -110.8382, 48.7984416 ], [ -110.838279, 48.812914199999987 ], [ -110.832794, 48.812913 ], [ -110.8327818, 48.816532199999976 ], [ -110.8273027, 48.8165271 ], [ -110.827298, 48.820129 ], [ -110.8382726, 48.82014549999996 ], [ -110.8383022, 48.834632900000045 ], [ -110.8492512, 48.834653100000033 ], [ -110.8492135, 48.827415499999972 ], [ -110.8601837, 48.8274373 ], [ -110.8601721, 48.820198400000073 ], [ -110.8492131, 48.8201779 ], [ -110.8492106, 48.8165434 ], [ -110.8601636, 48.816562699999977 ], [ -110.8601677, 48.812945099999972 ], [ -110.8812273, 48.813037200000068 ], [ -110.881253, 48.82749 ], [ -110.8766554, 48.82748839999995 ], [ -110.8767482, 48.841959200000048 ], [ -110.86029880000001, 48.8419256 ], [ -110.8603758, 48.856381400000032 ], [ -110.914342499999975, 48.8564151 ], [ -110.914314, 48.8491777 ], [ -110.9198014, 48.8491715 ], [ -110.91975930000001, 48.83832569999997 ], [ -110.914294900000016, 48.838328299999972 ], [ -110.914298699999989, 48.8419479 ], [ -110.9033101, 48.841951599999966 ], [ -110.9032689, 48.834702 ], [ -110.9307511, 48.8346803 ], [ -110.9308036, 48.84916350000006 ], [ -110.9362896, 48.849165799999959 ], [ -110.9363166, 48.856412899999981 ], [ -110.9308313, 48.8564247 ], [ -110.930894099999989, 48.8709022 ], [ -110.9144365, 48.87091640000002 ], [ -110.914452, 48.874534700000012 ], [ -110.9089466, 48.87453630000001 ], [ -110.9089069, 48.867284699999963 ], [ -110.9198793, 48.867276100000019 ], [ -110.9198465, 48.860053 ], [ -110.8979146, 48.860060500000039 ], [ -110.8979662, 48.870905600000036 ], [ -110.9034616, 48.870907400000043 ], [ -110.9035077, 48.87814549999996 ], [ -110.9254396, 48.878134700000025 ], [ -110.9254804, 48.885371600000013 ], [ -110.9364498, 48.8853664 ], [ -110.936491, 48.8925973 ], [ -110.9612082, 48.89255560000003 ], [ -110.9612394, 48.899799099999981 ], [ -110.925543, 48.899852500000023 ], [ -110.9255578, 48.907081299999973 ], [ -110.920078499999988, 48.907102599999973 ], [ -110.920083399999982, 48.910716800000039 ], [ -110.914607, 48.910737599999941 ], [ -110.9146155, 48.9141132 ], [ -110.9130463, 48.914118100000032 ], [ -110.9131673, 48.946659700000026 ], [ -110.9241496, 48.946672799999973 ], [ -110.9241878, 48.957518 ], [ -110.9351625, 48.957558099999957 ], [ -110.935291, 48.9936697 ], [ -110.9847207, 48.993801600000026 ], [ -110.984654299999988, 48.972085899999975 ], [ -110.9956448, 48.972068499999978 ], [ -110.9955947, 48.957575100000021 ], [ -111.0065388, 48.957569800000044 ], [ -111.006552, 48.961191299999975 ], [ -111.0175512, 48.9612108 ], [ -111.0175628, 48.964831 ], [ -111.0285653, 48.964849699999959 ], [ -111.028595, 48.972103399999916 ], [ -111.0230864, 48.972102899999946 ], [ -111.0230944, 48.982973200000025 ], [ -111.0065599, 48.982955100000019 ], [ -111.006539, 48.975701299999983 ], [ -110.9901932, 48.975714699999983 ], [ -110.990247999675077, 48.997601572423576 ], [ -110.929774979925142, 48.997896205249695 ] ] ] ] } },
{ "type": "Feature", "properties": { "state_po": "MT", "congressional_district": "MT-02", "pwsid": "MT0001924", "pws_name": "LA CASA GRANDE WATER AND SEWER DISTRICT", "population_served_count": 404, "model_method": null, "verification_status": null, "symbology_field": "System Sourced", "intersection_area_sq_km": 0.44361729018887769 }, "geometry": { "type": "Polygon", "coordinates": [ [ [ -111.909593199999989, 46.5951094 ], [ -111.9144057, 46.5951115 ], [ -111.9144762, 46.6058655 ], [ -111.9096797, 46.605896700000024 ], [ -111.909593199999989, 46.5951094 ] ] ] } },
{ "type": "Feature", "properties": { "state_po": "MT", "congressional_district": "MT-02", "pwsid": "MT0002395", "pws_name": "ROY WATER AND SEWER DISTRICT", "population_served_count": 110, "model_method": null, "verification_status": null, "symbology_field": "System Sourced", "intersection_area_sq_km": 0.47140338583810115 }, "geometry": { "type": "Polygon", "coordinates": [ [ [ -108.9618216, 47.3289499 ], [ -108.9617311, 47.335726799999982 ], [ -108.952573700000016, 47.334357800000056 ], [ -108.9525512, 47.3289878 ], [ -108.9618216, 47.3289499 ] ] ] } },
{ "type": "Feature", "properties": { "state_po": "MT", "congressional_district": "MT-02", "pwsid": "MT0002669", "pws_name": "LOMA COUNTY WATER DISTRICT", "population_served_count": 200, "model_method": null, "verification_status": null, "symbology_field": "System Sourced", "intersection_area_sq_km": 4.1824879608524457 }, "geometry": { "type": "MultiPolygon", "coordinates": [ [ [ [ -110.482979, 47.944071200000025 ], [ -110.5044441, 47.944072400000032 ], [ -110.5044231, 47.937913900000034 ], [ -110.499089399999988, 47.93795439999996 ], [ -110.4990639, 47.935387400000032 ], [ -110.5034432, 47.934040300000021 ], [ -110.5044181, 47.935788599999967 ], [ -110.504712399999988, 47.933546799999931 ], [ -110.5106697, 47.9334936 ], [ -110.5205336, 47.943999600000041 ], [ -110.5044709, 47.944090299999985 ], [ -110.50447, 47.958538599999947 ], [ -110.4830151, 47.958497299999948 ], [ -110.482979, 47.944071200000025 ] ] ], [ [ [ -110.4987832, 47.9729212 ], [ -110.5045075, 47.9729008 ], [ -110.504496, 47.980140899999931 ], [ -110.4940676, 47.9801765 ], [ -110.4987832, 47.9729212 ] ] ] ] } },
{ "type": "Feature", "properties": { "state_po": "MT", "congressional_district": "MT-02", "pwsid": "MT0002912", "pws_name": "TRI COUNTY WATER DISTRICT", "population_served_count": 470, "model_method": null, "verification_status": null, "symbology_field": "System Sourced", "intersection_area_sq_km": 122.7406607233291 }, "geometry": { "type": "MultiPolygon", "coordinates": [ [ [ [ -111.516660800000011, 47.6110069 ], [ -111.538095399999989, 47.610989200000013 ], [ -111.538169499999981, 47.625483300000027 ], [ -111.549058, 47.625489 ], [ -111.5491227, 47.639794500000058 ], [ -111.5601086, 47.63985490000001 ], [ -111.5599318, 47.647071599999983 ], [ -111.5489208, 47.64707710000004 ], [ -111.548891200000014, 47.654281900000015 ], [ -111.5596203, 47.654290299999985 ], [ -111.5597778, 47.6505004 ], [ -111.5704507, 47.650717800000017 ], [ -111.5704494, 47.654347500000021 ], [ -111.5811821, 47.65439020000003 ], [ -111.581392099999988, 47.641611700000048 ], [ -111.5859407, 47.641649600000029 ], [ -111.6006133, 47.654521200000026 ], [ -111.6134831, 47.669118100000041 ], [ -111.6457261, 47.668972900000028 ], [ -111.6458338, 47.683449900000028 ], [ -111.656490199999979, 47.683367599999976 ], [ -111.6564201, 47.676137899999965 ], [ -111.6667978, 47.676096600000015 ], [ -111.6670733, 47.697764599999985 ], [ -111.6566467, 47.697778 ], [ -111.656526, 47.690597400000016 ], [ -111.6457444, 47.69070210000001 ], [ -111.6459141, 47.697825099999967 ], [ -111.635154, 47.697877 ], [ -111.6350428, 47.690670600000011 ], [ -111.62434, 47.6906523 ], [ -111.6024145, 47.6907932 ], [ -111.6017366, 47.698016100000018 ], [ -111.5802538, 47.697957200000012 ], [ -111.5812545, 47.676275199999957 ], [ -111.5920515, 47.676288600000014 ], [ -111.5919479, 47.6689416 ], [ -111.6003405, 47.669025500000018 ], [ -111.599984299999988, 47.654529300000029 ], [ -111.5918947, 47.654457400000013 ], [ -111.591904, 47.661746499999985 ], [ -111.5486287, 47.661560799999982 ], [ -111.5483712, 47.668725299999949 ], [ -111.5378475, 47.668831200000071 ], [ -111.5379984, 47.661573599999983 ], [ -111.527402099999989, 47.6616203 ], [ -111.52743, 47.654381699999924 ], [ -111.4956532, 47.654435399999976 ], [ -111.4955192, 47.647115699999972 ], [ -111.4633993, 47.647250300000067 ], [ -111.463652599999989, 47.654515300000014 ], [ -111.4579272, 47.6545441 ], [ -111.457740199999989, 47.661770700000076 ], [ -111.452341499999989, 47.661763100000023 ], [ -111.4524228, 47.658165499999974 ], [ -111.4308186, 47.658287599999966 ], [ -111.430617, 47.669151 ], [ -111.419834399999985, 47.669200799999963 ], [ -111.4200982, 47.6547147 ], [ -111.4308588, 47.654647199999985 ], [ -111.4308916, 47.6510561 ], [ -111.4525736, 47.650932 ], [ -111.4526425, 47.647320500000085 ], [ -111.458006, 47.647275100000051 ], [ -111.4581107, 47.640051800000023 ], [ -111.4419173, 47.640237100000043 ], [ -111.4418313, 47.6329348 ], [ -111.4741304, 47.632715399999981 ], [ -111.4738735, 47.625516600000026 ], [ -111.5168112, 47.625441699999946 ], [ -111.516660800000011, 47.6110069 ] ] ], [ [ [ -111.239486899999989, 47.697844599999954 ], [ -111.2505762, 47.697752100000052 ], [ -111.2510452, 47.7049821 ], [ -111.261915, 47.704847 ], [ -111.2616274, 47.697658600000011 ], [ -111.272141, 47.69780159999997 ], [ -111.272361, 47.701420700000028 ], [ -111.2821642, 47.701580799999931 ], [ -111.2822362, 47.708864 ], [ -111.2727843, 47.708674500000029 ], [ -111.273158099999989, 47.727004300000054 ], [ -111.2821518, 47.727032500000043 ], [ -111.2821252, 47.7416311 ], [ -111.32519090000001, 47.741441700000024 ], [ -111.3252065, 47.719715099999988 ], [ -111.346531899999988, 47.719864799999968 ], [ -111.34656, 47.712632799999973 ], [ -111.3680447, 47.712743399999972 ], [ -111.3680167, 47.720006600000012 ], [ -111.389392500000014, 47.719958499999983 ], [ -111.3893959, 47.72720680000004 ], [ -111.4088248, 47.727192299999963 ], [ -111.4087672, 47.741774099999979 ], [ -111.3465634, 47.741622400000018 ], [ -111.346542700000015, 47.756128700000012 ], [ -111.32517, 47.755963900000012 ], [ -111.3251207, 47.770494199999973 ], [ -111.346495, 47.770594199999969 ], [ -111.3466174, 47.77791460000001 ], [ -111.3359022, 47.7778639 ], [ -111.3360271, 47.792684600000058 ], [ -111.3253227, 47.7927177 ], [ -111.325353, 47.807221500000018 ], [ -111.3360597, 47.8071983 ], [ -111.336022, 47.796305499999988 ], [ -111.3467868, 47.796287900000017 ], [ -111.3467986, 47.814447499999979 ], [ -111.3253914, 47.814491100000033 ], [ -111.3253915, 47.829014 ], [ -111.3360862, 47.829011 ], [ -111.3360992, 47.8217439 ], [ -111.3468217, 47.821746 ], [ -111.3468504, 47.829008 ], [ -111.4089238, 47.8285442 ], [ -111.4085488, 47.885841600000056 ], [ -111.3761559, 47.885777 ], [ -111.376268700000011, 47.871356600000027 ], [ -111.400790199999989, 47.8713605 ], [ -111.4007801, 47.8649527 ], [ -111.3900341, 47.86519880000003 ], [ -111.3899894, 47.857945700000045 ], [ -111.3791988, 47.857939099999982 ], [ -111.3790504, 47.836191100000029 ], [ -111.31481740000001, 47.836289 ], [ -111.3146055, 47.8290196 ], [ -111.3199848, 47.829013700000019 ], [ -111.3199707, 47.8217615 ], [ -111.3038632, 47.821759800000024 ], [ -111.303866, 47.829029 ], [ -111.287773699999988, 47.829028 ], [ -111.2877319, 47.818156199999933 ], [ -111.251684400000016, 47.817804400000014 ], [ -111.2517111, 47.8213993 ], [ -111.2409745, 47.821400499999989 ], [ -111.2410648, 47.8358422 ], [ -111.2464486, 47.835857800000028 ], [ -111.246485, 47.843088100000024 ], [ -111.262672099999989, 47.843134199999987 ], [ -111.2628214, 47.8503908 ], [ -111.241120899999984, 47.8503355 ], [ -111.2410615, 47.84309169999996 ], [ -111.2197013, 47.8430704 ], [ -111.2195087, 47.8286587 ], [ -111.2356414, 47.828628200000018 ], [ -111.235595499999974, 47.821409199999977 ], [ -111.2302435, 47.821410599999972 ], [ -111.2302269, 47.814181499999982 ], [ -111.320002, 47.814476599999971 ], [ -111.3199598, 47.8072379 ], [ -111.3145939, 47.8072303 ], [ -111.3145469, 47.799948 ], [ -111.3199174, 47.79994719999997 ], [ -111.3197982, 47.75599930000002 ], [ -111.303739100000016, 47.756102400000017 ], [ -111.3038034, 47.745182499999956 ], [ -111.2821252, 47.745312799999958 ], [ -111.2821188, 47.748975300000048 ], [ -111.2729959, 47.748916 ], [ -111.2733305, 47.763528499999985 ], [ -111.262499, 47.763459700000013 ], [ -111.2624947, 47.756134 ], [ -111.2411685, 47.75618009999998 ], [ -111.2409508, 47.748852900000031 ], [ -111.219457, 47.748506600000013 ], [ -111.2193472, 47.733920400000059 ], [ -111.240869499999988, 47.734271499999977 ], [ -111.2408891, 47.741552 ], [ -111.2515189, 47.741551 ], [ -111.2515346, 47.7306226 ], [ -111.2623305, 47.7306195 ], [ -111.2623519, 47.719739400000044 ], [ -111.2515139, 47.719727200000023 ], [ -111.2514812, 47.7121481 ], [ -111.2407796, 47.712423799999947 ], [ -111.239486899999989, 47.697844599999954 ] ] ] ] } },
{ "type": "Feature", "properties": { "state_po": "MT", "congressional_district": "MT-02", "pwsid": "MT0002988", "pws_name": "NORTH HAVRE COUNTY WATER DIST", "population_served_count": 90, "model_method": null, "verification_status": null, "symbology_field": "System Sourced", "intersection_area_sq_km": 50.210636925292476 }, "geometry": { "type": "MultiPolygon", "coordinates": [ [ [ [ -109.8324336, 48.582061 ], [ -109.859397199999989, 48.582384099999963 ], [ -109.860838, 48.584621499999983 ], [ -109.8643808, 48.583479799999949 ], [ -109.8696572, 48.584303800000022 ], [ -109.875782199999989, 48.589832099999981 ], [ -109.8845617, 48.587433 ], [ -109.8947962, 48.5883001 ], [ -109.8982898, 48.589558 ], [ -109.8982859, 48.596199600000041 ], [ -109.907833, 48.5962 ], [ -109.9144359, 48.599788099999977 ], [ -109.9162621, 48.596202500000018 ], [ -109.9201421, 48.596201300000033 ], [ -109.9202782, 48.610697499999986 ], [ -109.8323281, 48.611026599999974 ], [ -109.8324336, 48.582061 ] ] ], [ [ [ -109.898259, 48.639790699999935 ], [ -109.8982733, 48.647052 ], [ -109.887255, 48.64707049999997 ], [ -109.8872507, 48.639810199999957 ], [ -109.898259, 48.639790699999935 ] ] ], [ [ [ -109.9532354, 48.6469142 ], [ -109.9533057, 48.654192700000046 ], [ -109.942284199999989, 48.654203200000012 ], [ -109.9422385, 48.646929200000045 ], [ -109.9532354, 48.6469142 ] ] ], [ [ [ -109.9202576, 48.668727799999985 ], [ -109.920229299999988, 48.675984 ], [ -109.9092094, 48.676002899999986 ], [ -109.9092364, 48.668748199999975 ], [ -109.9202576, 48.668727799999985 ] ] ], [ [ [ -109.931101700000013, 48.6904468 ], [ -109.931058, 48.697709599999989 ], [ -109.920089, 48.697719599999985 ], [ -109.9201324, 48.690459899999951 ], [ -109.931101700000013, 48.6904468 ] ] ], [ [ [ -109.9200346, 48.712206499999944 ], [ -109.920027800000014, 48.719472 ], [ -109.9090357, 48.719479499999942 ], [ -109.9090546, 48.71221849999997 ], [ -109.9200346, 48.712206499999944 ] ] ], [ [ [ -109.9632889, 48.719440599999913 ], [ -109.963257, 48.726707400000024 ], [ -109.9528196, 48.726704199999986 ], [ -109.9528448, 48.719439799999918 ], [ -109.9632889, 48.719440599999913 ] ] ], [ [ [ -109.909011, 48.733955 ], [ -109.9089983, 48.741197199999966 ], [ -109.8980404, 48.741198 ], [ -109.8980382, 48.733960599999982 ], [ -109.909011, 48.733955 ] ] ], [ [ [ -109.9964522, 48.777329 ], [ -109.9964486, 48.7845829 ], [ -109.9853483, 48.784598799999948 ], [ -109.98536, 48.777346900000047 ], [ -109.9964522, 48.777329 ] ] ], [ [ [ -110.0185863, 48.7845371 ], [ -110.0186019, 48.7917968 ], [ -110.0075158, 48.791808499999973 ], [ -110.0075095, 48.7845541 ], [ -110.0185863, 48.7845371 ] ] ], [ [ [ -109.985363299999989, 48.791825100000025 ], [ -109.9853707, 48.799083200000055 ], [ -109.9631521, 48.7991023 ], [ -109.963158, 48.791852199999965 ], [ -109.985363299999989, 48.791825100000025 ] ] ], [ [ [ -109.9419969, 48.799089299999977 ], [ -109.9420419, 48.806341599999989 ], [ -109.9310739, 48.806345299999954 ], [ -109.9310381, 48.79909360000007 ], [ -109.9419969, 48.799089299999977 ] ] ], [ [ [ -110.0738619, 48.79169569999997 ], [ -110.0739038, 48.798954 ], [ -110.0628205, 48.7989709 ], [ -110.062795099999988, 48.791715299999943 ], [ -110.0738619, 48.79169569999997 ] ] ], [ [ [ -110.0075323, 48.799034699999957 ], [ -110.0075645, 48.806289 ], [ -109.9964619, 48.806307199999985 ], [ -109.9964383, 48.799053 ], [ -110.0075323, 48.799034699999957 ] ] ], [ [ [ -109.9743173, 48.813567700000029 ], [ -109.974345899999989, 48.820824700000024 ], [ -109.9632273, 48.820834 ], [ -109.963203299999989, 48.813581199999931 ], [ -109.9743173, 48.813567700000029 ] ] ], [ [ [ -110.0518547, 48.827938400000043 ], [ -110.0518833, 48.835178199999973 ], [ -110.0629302, 48.83517579999998 ], [ -110.0629342, 48.842426700000019 ], [ -110.051882299999988, 48.842435599999973 ], [ -110.0518561, 48.8351962 ], [ -110.0407991, 48.835202 ], [ -110.0407826, 48.8279526 ], [ -110.0518547, 48.827938400000043 ] ] ], [ [ [ -110.0408336, 48.8424267 ], [ -110.0408633, 48.849663800000023 ], [ -110.0519185, 48.849658600000012 ], [ -110.0519358, 48.856905399999967 ], [ -110.0408627, 48.856917100000011 ], [ -110.0408361, 48.849681799999942 ], [ -110.0298065, 48.8496904 ], [ -110.0298207, 48.856925200000028 ], [ -110.0187689, 48.85694 ], [ -110.0187394, 48.849692900000022 ], [ -110.0297792, 48.849672399999982 ], [ -110.029765, 48.84243750000001 ], [ -110.0408336, 48.8424267 ] ] ], [ [ [ -109.9205803, 48.871519600000035 ], [ -109.963679, 48.87145139999997 ], [ -109.9637559, 48.885919100000038 ], [ -109.9206422, 48.8860156 ], [ -109.9205803, 48.871519600000035 ] ] ], [ [ [ -110.018859, 48.878638700000025 ], [ -110.018886, 48.885893899999971 ], [ -109.9968093, 48.885911100000023 ], [ -109.9970496, 48.8786389 ], [ -110.018859, 48.878638700000025 ] ] ], [ [ [ -110.0630554, 48.893067499999965 ], [ -110.0630769, 48.900319599999975 ], [ -110.052024, 48.900328700000024 ], [ -110.052007, 48.8930772 ], [ -110.0630554, 48.893067499999965 ] ] ], [ [ [ -109.767161300000012, 48.654476 ], [ -109.7671675, 48.661730599999956 ], [ -109.756213, 48.6617424 ], [ -109.7562162, 48.654492500000053 ], [ -109.767161300000012, 48.654476 ] ] ], [ [ [ -109.7890192, 48.654446200000024 ], [ -109.789046399999989, 48.668927899999971 ], [ -109.778110399999989, 48.6689516 ], [ -109.7781084, 48.6761882 ], [ -109.7671552, 48.676206900000025 ], [ -109.7671492, 48.6689561 ], [ -109.778083199999983, 48.668933700000018 ], [ -109.778076900000016, 48.654464500000024 ], [ -109.7890192, 48.654446200000024 ] ] ], [ [ [ -109.8872652, 48.66154249999996 ], [ -109.8872637, 48.668797500000018 ], [ -109.8762615, 48.668815099999954 ], [ -109.8762615, 48.661561900000017 ], [ -109.8872652, 48.66154249999996 ] ] ], [ [ [ -109.8218208, 48.668878700000015 ], [ -109.8218392, 48.676129199999977 ], [ -109.810892899999985, 48.676151 ], [ -109.8108838, 48.668902699999983 ], [ -109.8218208, 48.668878700000015 ] ] ], [ [ [ -109.8542878, 48.668822199999944 ], [ -109.854289799999989, 48.67607620000004 ], [ -109.8432852, 48.676092 ], [ -109.8432865, 48.668841099999973 ], [ -109.8542878, 48.668822199999944 ] ] ], [ [ [ -109.7233933, 48.6834892 ], [ -109.7343513, 48.683465400000046 ], [ -109.7343566, 48.69071509999997 ], [ -109.7234019, 48.6907343 ], [ -109.7233933, 48.6834892 ] ] ], [ [ [ -109.8108995, 48.68337870000002 ], [ -109.821850399999988, 48.683353599999975 ], [ -109.821868099999989, 48.690602299999966 ], [ -109.8109174, 48.690621100000051 ], [ -109.8108995, 48.68337870000002 ] ] ], [ [ [ -109.8432941, 48.6833138 ], [ -109.8433025, 48.690568700000014 ], [ -109.8323045, 48.690583899999965 ], [ -109.8323002, 48.6833309 ], [ -109.8432941, 48.6833138 ] ] ], [ [ [ -109.7234289, 48.7196668 ], [ -109.723433199999988, 48.7269201 ], [ -109.7124655, 48.7269236 ], [ -109.712465200000011, 48.719674199999979 ], [ -109.7234289, 48.7196668 ] ] ], [ [ [ -109.7562664, 48.719617499999963 ], [ -109.756282700000014, 48.7268673 ], [ -109.7453082, 48.726869599999972 ], [ -109.745297, 48.7196225 ], [ -109.7562664, 48.719617499999963 ] ] ], [ [ [ -109.843308, 48.712264 ], [ -109.8433242, 48.71951629999996 ], [ -109.8323572, 48.719521899999968 ], [ -109.8323429, 48.7122756 ], [ -109.843308, 48.712264 ] ] ], [ [ [ -109.8790076, 48.712179299999974 ], [ -109.877552099999988, 48.711751499999984 ], [ -109.8790193, 48.712169700000011 ], [ -109.8790076, 48.712179299999974 ] ] ], [ [ [ -109.8761997, 48.719487700000023 ], [ -109.8762045, 48.726744199999978 ], [ -109.8652188, 48.726745899999983 ], [ -109.86522, 48.719493500000013 ], [ -109.8761997, 48.719487700000023 ] ] ], [ [ [ -109.876567, 48.857028299999953 ], [ -109.8766153, 48.864287500000032 ], [ -109.865602599999988, 48.864295399999918 ], [ -109.8655651, 48.857038199999984 ], [ -109.876567, 48.857028299999953 ] ] ], [ [ [ -109.767611, 48.886133600000036 ], [ -109.7786297, 48.886107599999988 ], [ -109.7786608, 48.893366200000031 ], [ -109.767639, 48.89338829999997 ], [ -109.767611, 48.886133600000036 ] ] ], [ [ [ -109.8006788, 48.900556699999981 ], [ -109.8007052, 48.907812800000038 ], [ -109.78969570000001, 48.907829 ], [ -109.7896776, 48.900576499999985 ], [ -109.8006788, 48.900556699999981 ] ] ], [ [ [ -109.909718200000015, 48.900485600000039 ], [ -109.9097422, 48.907739699999944 ], [ -109.898747, 48.9077372 ], [ -109.8987151, 48.900489200000024 ], [ -109.909718200000015, 48.900485600000039 ] ] ], [ [ [ -109.8437196, 48.90775 ], [ -109.84373, 48.9140029 ], [ -109.8327096, 48.913994 ], [ -109.8327074, 48.907757300000021 ], [ -109.8437196, 48.90775 ] ] ], [ [ [ -109.8522627, 48.921231399999989 ], [ -109.8522877, 48.928484900000015 ], [ -109.8412748, 48.928480100000037 ], [ -109.8412593, 48.921228300000024 ], [ -109.8522627, 48.921231399999989 ] ] ], [ [ [ -109.896268100000015, 48.94296 ], [ -109.8962949, 48.950215500000027 ], [ -109.8852682, 48.950214100000039 ], [ -109.8852492, 48.942961 ], [ -109.896268100000015, 48.94296 ] ] ] ] } },
{ "type": "Feature", "properties": { "state_po": "MT", "congressional_district": "MT-02", "pwsid": "MT0003041", "pws_name": "CUSTER CO WATER AND SEWER DIST", "population_served_count": 480, "model_method": null, "verification_status": null, "symbology_field": "System Sourced", "intersection_area_sq_km": 0.25853856298452771 }, "geometry": { "type": "Polygon", "coordinates": [ [ [ -107.5522493, 46.1266948 ], [ -107.5598583, 46.126711899999968 ], [ -107.5598447, 46.128659499999969 ], [ -107.549694699999989, 46.1302217 ], [ -107.549588899999989, 46.131220400000032 ], [ -107.5419037, 46.133412599999957 ], [ -107.5377327, 46.1343886 ], [ -107.5368113, 46.134442 ], [ -107.5362509, 46.133190900000052 ], [ -107.539409299999988, 46.1324973 ], [ -107.5394124, 46.129292800000051 ], [ -107.540011299999989, 46.133805599999988 ], [ -107.549427, 46.131187 ], [ -107.5494027, 46.12995829999997 ], [ -107.5522357, 46.129163199999965 ], [ -107.5522493, 46.1266948 ] ] ] } },
{ "type": "Feature", "properties": { "state_po": "MT", "congressional_district": "MT-02", "pwsid": "MT0003150", "pws_name": "SAGE CREEK CO WATER DISTRICT", "population_served_count": 225, "model_method": null, "verification_status": null, "symbology_field": "System Sourced", "intersection_area_sq_km": 50.289210554969806 }, "geometry": { "type": "MultiPolygon", "coordinates": [ [ [ [ -110.739877299999989, 48.7766355 ], [ -110.7504509, 48.776639299999978 ], [ -110.750476299999988, 48.791132799999964 ], [ -110.7289813, 48.791111199999982 ], [ -110.7290224, 48.809196900000053 ], [ -110.723387, 48.809376899999982 ], [ -110.7232967, 48.805753499999966 ], [ -110.7070066, 48.805578899999979 ], [ -110.706969, 48.783862400000011 ], [ -110.7398951, 48.783869300000049 ], [ -110.739877299999989, 48.7766355 ] ] ], [ [ [ -110.740461, 48.874299700000016 ], [ -110.7404836, 48.877918600000015 ], [ -110.7505662, 48.877907800000038 ], [ -110.7505868, 48.8923873 ], [ -110.7404957, 48.892409099999973 ], [ -110.7404653, 48.881552600000035 ], [ -110.7349673, 48.881557299999976 ], [ -110.7349431, 48.874318 ], [ -110.740461, 48.874299700000016 ] ] ], [ [ [ -110.7074393, 48.87796349999995 ], [ -110.729479, 48.8779418 ], [ -110.729567799999984, 48.906935499999953 ], [ -110.7076079, 48.90693430000006 ], [ -110.7076229, 48.9141294 ], [ -110.698844099999988, 48.914124799999946 ], [ -110.6988751, 48.9213446 ], [ -110.7207905, 48.921351600000015 ], [ -110.7207839, 48.917733599999963 ], [ -110.7317464, 48.917731300000042 ], [ -110.7317361, 48.91411259999996 ], [ -110.7427271, 48.914120099999948 ], [ -110.7428018, 48.9575551 ], [ -110.7209816, 48.957562100000025 ], [ -110.7211208, 48.97200889999997 ], [ -110.7321092, 48.972000800000025 ], [ -110.7321796, 48.979228100000014 ], [ -110.7430312, 48.979221899999978 ], [ -110.7430808, 48.9864564 ], [ -110.721227399999989, 48.986486500000048 ], [ -110.7211553, 48.979256799999973 ], [ -110.6991735, 48.979254599999976 ], [ -110.6992062, 48.986485299999963 ], [ -110.6661509, 48.986535 ], [ -110.6660912, 48.975657399999946 ], [ -110.6715821, 48.975645600000021 ], [ -110.6715702, 48.9720249 ], [ -110.6991025, 48.972005900000035 ], [ -110.6990844, 48.968391700000041 ], [ -110.7047892, 48.968207299999953 ], [ -110.7045552, 48.964775200000027 ], [ -110.7100417, 48.964774400000017 ], [ -110.7099856, 48.9575583 ], [ -110.6769919, 48.957551100000011 ], [ -110.67697050000001, 48.9539162 ], [ -110.687934399999989, 48.953654599999979 ], [ -110.6879796, 48.9502963 ], [ -110.709943900000013, 48.950304099999954 ], [ -110.7099045, 48.943070900000038 ], [ -110.7208632, 48.9430711 ], [ -110.7208522, 48.9394686 ], [ -110.710037899999989, 48.9394826 ], [ -110.709876, 48.935844899999978 ], [ -110.698915, 48.935838400000044 ], [ -110.698879, 48.928600500000037 ], [ -110.6768966, 48.9285849 ], [ -110.6768611, 48.914106600000061 ], [ -110.6856304, 48.914095900000042 ], [ -110.6855909, 48.899747099999985 ], [ -110.6526565, 48.899694599999989 ], [ -110.6549759, 48.928614099999976 ], [ -110.6329989, 48.928611500000031 ], [ -110.632948, 48.9141185 ], [ -110.641673599999976, 48.9141067 ], [ -110.6416646, 48.906919299999977 ], [ -110.6197453, 48.906872599999986 ], [ -110.6196624, 48.8923902 ], [ -110.7075202, 48.892431899999984 ], [ -110.7074393, 48.87796349999995 ] ] ] ] } },
{ "type": "Feature", "properties": { "state_po": "MT", "congressional_district": "MT-02", "pwsid": "MT0003203", "pws_name": "ANTELOPE COUNTY WATER AND SEWER", "population_served_count": 59, "model_method": null, "verification_status": null, "symbology_field": "System Sourced", "intersection_area_sq_km": 0.28776215296405039 }, "geometry": { "type": "Polygon", "coordinates": [ [ [ -104.4592064, 48.686147800000022 ], [ -104.4570474, 48.694625699999975 ], [ -104.4553436, 48.694565900000015 ], [ -104.4522701, 48.686152599999964 ], [ -104.4592064, 48.686147800000022 ] ] ] } },
{ "type": "Feature", "properties": { "state_po": "MT", "congressional_district": "MT-02", "pwsid": "MT0003312", "pws_name": "OUTLOOK COUNTY SEWER AND WATER", "population_served_count": 96, "model_method": null, "verification_status": null, "symbology_field": "System Sourced", "intersection_area_sq_km": 1.2366728030382883 }, "geometry": { "type": "Polygon", "coordinates": [ [ [ -104.7878274, 48.881760600000028 ], [ -104.787852, 48.891023300000029 ], [ -104.7713871, 48.890961299999979 ], [ -104.7713774, 48.881758 ], [ -104.7878274, 48.881760600000028 ] ] ] } },
{ "type": "Feature", "properties": { "state_po": "MT", "congressional_district": "MT-02", "pwsid": "MT0003374", "pws_name": "HIDDEN LAKE YELLOWSTONE COUNTY W AND S D", "population_served_count": 350, "model_method": null, "verification_status": null, "symbology_field": "System Sourced", "intersection_area_sq_km": 0.3969078241200219 }, "geometry": { "type": "Polygon", "coordinates": [ [ [ -108.4615065, 45.885515 ], [ -108.461513599999989, 45.892654100000016 ], [ -108.454645, 45.8926959 ], [ -108.4552402, 45.885533 ], [ -108.4615065, 45.885515 ] ] ] } },
{ "type": "Feature", "properties": { "state_po": "MT", "congressional_district": "MT-02", "pwsid": "MT0003595", "pws_name": "NORTH VALLEY COUNTY WATER AND SEWER DIST", "population_served_count": 450, "model_method": null, "verification_status": null, "symbology_field": "System Sourced", "intersection_area_sq_km": 1.1953802238956459 }, "geometry": { "type": "MultiPolygon", "coordinates": [ [ [ [ -106.5337698, 48.400386 ], [ -106.5364881, 48.402651600000013 ], [ -106.5328669, 48.407123300000045 ], [ -106.5298251, 48.406861700000036 ], [ -106.5337698, 48.400386 ] ] ], [ [ [ -106.5580328, 48.400469900000012 ], [ -106.5580475, 48.4075931 ], [ -106.553614599999989, 48.40618550000007 ], [ -106.553305400000013, 48.407263899999982 ], [ -106.536530899999988, 48.406458900000025 ], [ -106.537860099999989, 48.404168299999967 ], [ -106.5407767, 48.405513199999966 ], [ -106.5432328, 48.400443 ], [ -106.5580328, 48.400469900000012 ] ] ] ] } },
{ "type": "Feature", "properties": { "state_po": "MT", "congressional_district": "MT-02", "pwsid": "MT0003782", "pws_name": "RANCHVIEW ESTATES WUA", "population_served_count": 250, "model_method": null, "verification_status": null, "symbology_field": "System Sourced", "intersection_area_sq_km": 0.24942056689314612 }, "geometry": { "type": "Polygon", "coordinates": [ [ [ -112.012591, 46.715409799999975 ], [ -112.0206691, 46.7153956 ], [ -112.020625, 46.719081099999968 ], [ -112.0128527, 46.71902429999998 ], [ -112.012591, 46.715409799999975 ] ] ] } },
{ "type": "Feature", "properties": { "state_po": "MT", "congressional_district": "MT-02", "pwsid": "MT0003986", "pws_name": "CRYSTAL SPRINGS WATER SYSTEM", "population_served_count": 225, "model_method": null, "verification_status": null, "symbology_field": "System Sourced", "intersection_area_sq_km": 0.22418923527266374 }, "geometry": { "type": "Polygon", "coordinates": [ [ [ -108.6483302, 45.704385 ], [ -108.64834, 45.70892419999997 ], [ -108.6436774, 45.709972400000041 ], [ -108.6431281, 45.70440209999996 ], [ -108.6483302, 45.704385 ] ] ] } },
{ "type": "Feature", "properties": { "state_po": "MT", "congressional_district": "MT-02", "pwsid": "MT0004039", "pws_name": "SKYVIEW WATER AND SEWER UTILITY", "population_served_count": 400, "model_method": null, "verification_status": null, "symbology_field": "System Sourced", "intersection_area_sq_km": 0.14401111270272743 }, "geometry": { "type": "Polygon", "coordinates": [ [ [ -112.020871899999989, 46.728424299999979 ], [ -112.0282855, 46.728457100000028 ], [ -112.0282118, 46.7336007 ], [ -112.0263594, 46.733594399999973 ], [ -112.0260321, 46.7300288 ], [ -112.0208467, 46.729696299999958 ], [ -112.020871899999989, 46.728424299999979 ] ] ] } },
{ "type": "Feature", "properties": { "state_po": "MT", "congressional_district": "MT-02", "pwsid": "MT0004177", "pws_name": "FORT PECK RURAL COUNTY WATER DISTRICT", "population_served_count": 663, "model_method": null, "verification_status": null, "symbology_field": "System Sourced", "intersection_area_sq_km": 111.91798683527503 }, "geometry": { "type": "Polygon", "coordinates": [ [ [ -106.538373, 47.9974144 ], [ -106.5332361, 47.997446899999986 ], [ -106.5332538, 48.001029600000045 ], [ -106.538645, 48.001053 ], [ -106.538661499999989, 48.004675400000011 ], [ -106.5332703, 48.00466909999998 ], [ -106.5333312, 48.0227645 ], [ -106.5549015, 48.022822199999943 ], [ -106.5550054, 48.037296599999983 ], [ -106.576631, 48.037357900000018 ], [ -106.5766623, 48.05199580000005 ], [ -106.5982504, 48.051949100000016 ], [ -106.5982972, 48.066443200000016 ], [ -106.6192985, 48.066412400000019 ], [ -106.6194034, 48.088163300000055 ], [ -106.630231099999989, 48.088150300000052 ], [ -106.6302799, 48.099038500000027 ], [ -106.6248639, 48.0990521 ], [ -106.6248689, 48.102684899999979 ], [ -106.6194272, 48.102685 ], [ -106.6193765, 48.088175099999965 ], [ -106.490246, 48.08843089999997 ], [ -106.4902176, 48.095701399999982 ], [ -106.4798556, 48.095689199999988 ], [ -106.4798415, 48.073911499999944 ], [ -106.4364965, 48.073823399999981 ], [ -106.4364864, 48.07749010000002 ], [ -106.4256579, 48.077516700000011 ], [ -106.4256458, 48.0811701 ], [ -106.4202107, 48.08116 ], [ -106.4202213, 48.0750494 ], [ -106.4185884, 48.073843 ], [ -106.4202238, 48.0738362 ], [ -106.420245799999989, 48.0593544 ], [ -106.4148505, 48.059341900000042 ], [ -106.4148501, 48.055700899999984 ], [ -106.4096676, 48.055677 ], [ -106.4160073, 48.0535652 ], [ -106.4242867, 48.0429567 ], [ -106.4335966, 48.037185800000024 ], [ -106.4364449, 48.029854599999986 ], [ -106.4438355, 48.029878699999955 ], [ -106.4451083, 48.017088300000019 ], [ -106.4460785, 48.015697099999947 ], [ -106.4513508, 48.0159462 ], [ -106.453345399999989, 48.014639799999983 ], [ -106.450763, 48.009544699999942 ], [ -106.4721481, 48.005026499999978 ], [ -106.4795806, 48.0011026 ], [ -106.4688135, 48.000766100000014 ], [ -106.4687759, 47.98647769999998 ], [ -106.4795496, 47.986497300000046 ], [ -106.4795597, 47.979251099999985 ], [ -106.5008572, 47.979284599999957 ], [ -106.5008712, 47.9720404 ], [ -106.5224076, 47.972064299999971 ], [ -106.5224123, 47.9793043 ], [ -106.533191, 47.9793137 ], [ -106.5332179, 47.993763 ], [ -106.5359112, 47.993776099999977 ], [ -106.5359321, 47.997405799999967 ], [ -106.538373, 47.9974144 ] ] ] } },
{ "type": "Feature", "properties": { "state_po": "MT", "congressional_district": "MT-02", "pwsid": "MT0004264", "pws_name": "NORTH STAR PUD", "population_served_count": 715, "model_method": null, "verification_status": null, "symbology_field": "System Sourced", "intersection_area_sq_km": 0.78853483107378397 }, "geometry": { "type": "Polygon", "coordinates": [ [ [ -112.0210047, 46.7190677 ], [ -112.0312912, 46.719058199999985 ], [ -112.029981, 46.719157 ], [ -112.031147, 46.728356400000038 ], [ -112.0208645, 46.72831230000002 ], [ -112.0210047, 46.7190677 ] ] ] } },
{ "type": "Feature", "properties": { "state_po": "MT", "congressional_district": "MT-02", "pwsid": "MT0004555", "pws_name": "BRIDGE CREEK ESTATES SUBDIVISION", "population_served_count": 205, "model_method": null, "verification_status": null, "symbology_field": "System Sourced", "intersection_area_sq_km": 0.46044482437857914 }, "geometry": { "type": "Polygon", "coordinates": [ [ [ -112.0124631, 46.708128800000011 ], [ -112.020767299999989, 46.7081319 ], [ -112.0207057, 46.712984499999976 ], [ -112.0177528, 46.713380799999989 ], [ -112.020689499999989, 46.714007500000022 ], [ -112.0206691, 46.715410299999974 ], [ -112.0176474, 46.7153887 ], [ -112.0180328, 46.7143852 ], [ -112.0125411, 46.71537010000003 ], [ -112.0124631, 46.708128800000011 ] ] ] } },
{ "type": "Feature", "properties": { "state_po": "MT", "congressional_district": "MT-02", "pwsid": "MT0004739", "pws_name": "ELK CREEK COLONY", "population_served_count": 84, "model_method": null, "verification_status": null, "symbology_field": "System Sourced", "intersection_area_sq_km": 0.64035575056268901 }, "geometry": { "type": "Polygon", "coordinates": [ [ [ -112.398959, 47.4867379 ], [ -112.402704300000011, 47.489928199999952 ], [ -112.3980349, 47.493732699999974 ], [ -112.3986303, 47.494944300000014 ], [ -112.3898326, 47.495908300000018 ], [ -112.3884713, 47.498317499999963 ], [ -112.3902565, 47.498279 ], [ -112.3865726, 47.5009496 ], [ -112.3865514, 47.49782840000001 ], [ -112.3879423, 47.498324100000026 ], [ -112.3890871, 47.4963464 ], [ -112.3870181, 47.496099699999959 ], [ -112.390681199999989, 47.49388460000003 ], [ -112.3894987, 47.493039400000043 ], [ -112.3922662, 47.48978690000002 ], [ -112.398959, 47.4867379 ] ] ] } },
{ "type": "Feature", "properties": { "state_po": "MT", "congressional_district": "MT-02", "pwsid": "MT0004765", "pws_name": "FORT SMITH WATER AND SEWER DISTRICT", "population_served_count": 450, "model_method": null, "verification_status": null, "symbology_field": "System Sourced", "intersection_area_sq_km": 0.57535889836511944 }, "geometry": { "type": "MultiPolygon", "coordinates": [ [ [ [ -107.9172945, 45.3055564 ], [ -107.918661199999988, 45.311352399999954 ], [ -107.913519, 45.3113441 ], [ -107.911797, 45.305569400000017 ], [ -107.9172945, 45.3055564 ] ] ], [ [ [ -107.9316277, 45.307046900000046 ], [ -107.934557399999989, 45.308077 ], [ -107.939243499999989, 45.313149299999978 ], [ -107.9282073, 45.309932199999977 ], [ -107.9316277, 45.307046900000046 ] ] ] ] } },
{ "type": "Feature", "properties": { "state_po": "MT", "congressional_district": "MT-01", "pwsid": "MT0000276", "pws_name": "LIMA  TOWN OF", "population_served_count": 279, "model_method": "Random Forest", "verification_status": "", "symbology_field": "Modeled", "intersection_area_sq_km": 1.138082093379172 }, "geometry": { "type": "Polygon", "coordinates": [ [ [ -112.583493499999989, 44.63454840000005 ], [ -112.5835165, 44.630987399999988 ], [ -112.591137499999988, 44.63102640000001 ], [ -112.5959095, 44.634301399999977 ], [ -112.5987655, 44.6383214 ], [ -112.5986075, 44.64569640000007 ], [ -112.5960075, 44.645649399999982 ], [ -112.5936065, 44.641526399999982 ], [ -112.5873165, 44.6419774 ], [ -112.5873785, 44.634632400000029 ], [ -112.583493499999989, 44.63454840000005 ] ] ] } },
{ "type": "Feature", "properties": { "state_po": "MT", "congressional_district": "MT-01", "pwsid": "MT0000195", "pws_name": "DARBY  TOWN OF", "population_served_count": 850, "model_method": "Random Forest", "verification_status": "", "symbology_field": "Modeled", "intersection_area_sq_km": 1.2547955498002772 }, "geometry": { "type": "Polygon", "coordinates": [ [ [ -114.1737021, 46.011134400000039 ], [ -114.1746891, 46.014407399999975 ], [ -114.1809271, 46.0152374 ], [ -114.1813281, 46.018245399999969 ], [ -114.18800109999998, 46.023696400000063 ], [ -114.1777241, 46.0291824 ], [ -114.1746721, 46.028351399999956 ], [ -114.1730791, 46.0182634 ], [ -114.1703821, 46.014264399999973 ], [ -114.170849100000012, 46.011465399999963 ], [ -114.1720231, 46.0123554 ], [ -114.1737021, 46.011134400000039 ] ] ] } },
{ "type": "Feature", "properties": { "state_po": "MT", "congressional_district": "MT-01", "pwsid": "MT0001079", "pws_name": "HAMILTON MOBILE VILLAGE", "population_served_count": 53, "model_method": "Parcel", "verification_status": "", "symbology_field": "Modeled", "intersection_area_sq_km": 0.14027555507553746 }, "geometry": { "type": "Polygon", "coordinates": [ [ [ -114.1551971, 46.2349554 ], [ -114.1533441, 46.2369474 ], [ -114.1523821, 46.2296354 ], [ -114.155250099999989, 46.2296394 ], [ -114.1551971, 46.2349554 ] ], [ [ -114.1550511, 46.232812400000014 ], [ -114.1544881, 46.232978399999986 ], [ -114.1550501, 46.232978399999986 ], [ -114.1550511, 46.232812400000014 ] ] ] } },
{ "type": "Feature", "properties": { "state_po": "MT", "congressional_district": "MT-01", "pwsid": "MT0001080", "pws_name": "HONEY LANE COMMUNITY", "population_served_count": 50, "model_method": "Random Forest", "verification_status": "", "symbology_field": "Modeled", "intersection_area_sq_km": 0.052825484565532335 }, "geometry": { "type": "Polygon", "coordinates": [ [ [ -114.153265100000013, 46.242549399999952 ], [ -114.1536771, 46.24419140000002 ], [ -114.1503631, 46.245489399999968 ], [ -114.1502751, 46.243103400000024 ], [ -114.153265100000013, 46.242549399999952 ] ] ] } },
{ "type": "Feature", "properties": { "state_po": "MT", "congressional_district": "MT-01", "pwsid": "MT0001083", "pws_name": "BLUEBIRD MB HM PARK  HAMILTON", "population_served_count": 75, "model_method": "Random Forest", "verification_status": "", "symbology_field": "Modeled", "intersection_area_sq_km": 0.053303939838164935 }, "geometry": { "type": "Polygon", "coordinates": [ [ [ -114.1533451, 46.2388864 ], [ -114.150138099999978, 46.238957399999968 ], [ -114.150072099999988, 46.2369514 ], [ -114.1531131, 46.236952399999936 ], [ -114.1533451, 46.2388864 ] ] ] } },
{ "type": "Feature", "properties": { "state_po": "MT", "congressional_district": "MT-01", "pwsid": "MT0002485", "pws_name": "KELLER SUBDIVISION NO 2 HOA", "population_served_count": 300, "model_method": "Random Forest", "verification_status": "", "symbology_field": "Modeled", "intersection_area_sq_km": 2.7926210356598746 }, "geometry": { "type": "Polygon", "coordinates": [ [ [ -112.6450836, 45.2618764 ], [ -112.6322166, 45.2618984 ], [ -112.6322056, 45.264851399999962 ], [ -112.6218346, 45.2648794 ], [ -112.6203386, 45.255877399999932 ], [ -112.6217016, 45.255835400000016 ], [ -112.621827599999975, 45.2473654 ], [ -112.6370436, 45.247440400000016 ], [ -112.6326746, 45.2394644 ], [ -112.6450836, 45.2618764 ] ] ] } },
{ "type": "Feature", "properties": { "state_po": "MT", "congressional_district": "MT-01", "pwsid": "MT0002486", "pws_name": "HILDRETH SUBDIVISION NO 2", "population_served_count": 300, "model_method": "Random Forest", "verification_status": "", "symbology_field": "Modeled", "intersection_area_sq_km": 0.07384188110615808 }, "geometry": { "type": "MultiPolygon", "coordinates": [ [ [ [ -112.6157366, 45.25480339999995 ], [ -112.6157406, 45.256966399999953 ], [ -112.6141386, 45.256939399999979 ], [ -112.6140846, 45.25464740000006 ], [ -112.6157366, 45.25480339999995 ] ] ], [ [ [ -112.6203566, 45.2574634 ], [ -112.6190706, 45.255938399999955 ], [ -112.6203386, 45.255877399999932 ], [ -112.6203566, 45.2574634 ] ] ], [ [ [ -112.615748599999989, 45.257872399999961 ], [ -112.6133556, 45.25888639999998 ], [ -112.6136096, 45.257679399999979 ], [ -112.615748599999989, 45.257872399999961 ] ] ] ] } },
{ "type": "Feature", "properties": { "state_po": "MT", "congressional_district": "MT-01", "pwsid": "MT0002515", "pws_name": "SKYLINE TR CT AND RV PARK", "population_served_count": 75, "model_method": "Random Forest", "verification_status": "", "symbology_field": "Modeled", "intersection_area_sq_km": 0.18967144964657573 }, "geometry": { "type": "Polygon", "coordinates": [ [ [ -112.6548006, 45.2567224 ], [ -112.65500059999998, 45.261686399999959 ], [ -112.6519976, 45.261802400000036 ], [ -112.6495076, 45.257281400000032 ], [ -112.6548006, 45.2567224 ] ] ] } },
{ "type": "Feature", "properties": { "state_po": "MT", "congressional_district": "MT-01", "pwsid": "MT0003003", "pws_name": "ANTIGONE ACRES HOA", "population_served_count": 85, "model_method": "Random Forest", "verification_status": "", "symbology_field": "Modeled", "intersection_area_sq_km": 5.966357606441667 }, "geometry": { "type": "Polygon", "coordinates": [ [ [ -114.144944099999989, 46.2224784 ], [ -114.145029099999988, 46.2369464 ], [ -114.1265481, 46.236714400000039 ], [ -114.1251231, 46.228875399999986 ], [ -114.1144171, 46.223536399999986 ], [ -114.1051261, 46.214305400000072 ], [ -114.1080021, 46.213563400000041 ], [ -114.1075971, 46.211288399999987 ], [ -114.1061091, 46.208284400000039 ], [ -114.1029811, 46.208348399999984 ], [ -114.1038351, 46.20681740000002 ], [ -114.1005391, 46.201515399999977 ], [ -114.0989591, 46.200610400000016 ], [ -114.095069099999989, 46.2018124 ], [ -114.097304099999988, 46.197463399999954 ], [ -114.0932611, 46.1936344 ], [ -114.095531099999988, 46.191121400000014 ], [ -114.095289099999988, 46.194781399999989 ], [ -114.0983481, 46.196884400000016 ], [ -114.1131301, 46.196911400000026 ], [ -114.1129631, 46.213241399999944 ], [ -114.1146281, 46.214951400000025 ], [ -114.13437110000001, 46.215195400000034 ], [ -114.1346071, 46.222430399999986 ], [ -114.144944099999989, 46.2224784 ] ] ] } },
{ "type": "Feature", "properties": { "state_po": "MT", "congressional_district": "MT-01", "pwsid": "MT0004249", "pws_name": "CLARKS LOOKOUT", "population_served_count": 62, "model_method": "Random Forest", "verification_status": "", "symbology_field": "Modeled", "intersection_area_sq_km": 0.091612665656835165 }, "geometry": { "type": "Polygon", "coordinates": [ [ [ -112.6427976, 45.235678399999983 ], [ -112.6485686, 45.238517399999957 ], [ -112.6486076, 45.239550400000056 ], [ -112.641640599999988, 45.23767940000004 ], [ -112.6427976, 45.235678399999983 ] ] ] } },
{ "type": "Feature", "properties": { "state_po": "MT", "congressional_district": "MT-01", "pwsid": "MT0004517", "pws_name": "DALY ESTATES SUBDIVISION", "population_served_count": 123, "model_method": "Random Forest", "verification_status": "", "symbology_field": "Modeled", "intersection_area_sq_km": 0.082244953088580111 }, "geometry": { "type": "MultiPolygon", "coordinates": [ [ [ [ -114.1304081, 46.2367744 ], [ -114.1313971, 46.239464399999989 ], [ -114.1300981, 46.239450399999981 ], [ -114.1304081, 46.2367744 ] ] ], [ [ [ -114.1334881, 46.240973400000037 ], [ -114.1314161, 46.243177400000043 ], [ -114.1300641, 46.241557400000026 ], [ -114.1334881, 46.240973400000037 ] ] ] ] } },
{ "type": "Feature", "properties": { "state_po": "MT", "congressional_district": "MT-01", "pwsid": "MT0004533", "pws_name": "WILD FLOWER  HOA, THE", "population_served_count": 120, "model_method": "Random Forest", "verification_status": "", "symbology_field": "Modeled", "intersection_area_sq_km": 0.035584062408058462 }, "geometry": { "type": "Polygon", "coordinates": [ [ [ -114.1480901, 46.2163214 ], [ -114.1474991, 46.217904399999973 ], [ -114.145442099999983, 46.2162694 ], [ -114.1480901, 46.2163214 ] ] ] } },
{ "type": "Feature", "properties": { "state_po": "MT", "congressional_district": "MT-01", "pwsid": "MT0000634", "pws_name": "WESTANA MOBILE MANOR  HAMILTON", "population_served_count": 90, "model_method": "Parcel", "verification_status": "", "symbology_field": "Modeled", "intersection_area_sq_km": 0.040574941228200996 }, "geometry": { "type": "Polygon", "coordinates": [ [ [ -114.1480941, 46.220415400000064 ], [ -114.1482938, 46.221938299999962 ], [ -114.1451048, 46.2219307 ], [ -114.1450659, 46.22040920000002 ], [ -114.1480941, 46.220415400000064 ] ] ] } },
{ "type": "Feature", "properties": { "state_po": "MT", "congressional_district": "MT-01", "pwsid": "MT0000504", "pws_name": "BIG SKY TRAILER CT  HAMILTON", "population_served_count": 70, "model_method": "Parcel", "verification_status": "", "symbology_field": "Modeled", "intersection_area_sq_km": 0.024160193589864303 }, "geometry": { "type": "Polygon", "coordinates": [ [ [ -114.1467783, 46.207897099999947 ], [ -114.1471186, 46.209392600000015 ], [ -114.1445996, 46.2094386 ], [ -114.144592, 46.207896899999973 ], [ -114.1467783, 46.207897099999947 ] ] ] } },
{ "type": "Feature", "properties": { "state_po": "MT", "congressional_district": "MT-01", "pwsid": "MT0003284", "pws_name": "SAWTOOTH VILLA", "population_served_count": 70, "model_method": "Parcel", "verification_status": "", "symbology_field": "Modeled", "intersection_area_sq_km": 0.022713162721712424 }, "geometry": { "type": "Polygon", "coordinates": [ [ [ -114.1484325, 46.200636900000013 ], [ -114.1498839, 46.2006262 ], [ -114.1498942, 46.202625400000031 ], [ -114.1486914, 46.20262639999995 ], [ -114.1484325, 46.200636900000013 ] ] ] } },
{ "type": "Feature", "properties": { "state_po": "MT", "congressional_district": "MT-01", "pwsid": "MT0002171", "pws_name": "WESTERN MOBILE VILLAGE  DILLON", "population_served_count": 75, "model_method": "Parcel", "verification_status": "", "symbology_field": "Modeled", "intersection_area_sq_km": 0.021417171130819014 }, "geometry": { "type": "Polygon", "coordinates": [ [ [ -112.631677599999989, 45.2381566 ], [ -112.63069, 45.239799299999966 ], [ -112.6298777, 45.2386799 ], [ -112.631677599999989, 45.2381566 ] ] ] } },
{ "type": "Feature", "properties": { "state_po": "MT", "congressional_district": "MT-01", "pwsid": "MT0062207", "pws_name": "TRAPPER CREEK JOB CORPS", "population_served_count": 275, "model_method": "Random Forest", "verification_status": "", "symbology_field": "Modeled", "intersection_area_sq_km": 0.0095593691170598061 }, "geometry": { "type": "MultiPolygon", "coordinates": [ [ [ [ -114.2816826, 45.7245893 ], [ -114.2817496, 45.7260324 ], [ -114.2809636, 45.7245893 ], [ -114.2816826, 45.7245893 ] ] ], [ [ [ -114.2827956, 45.730477200000031 ], [ -114.2828464, 45.7319344 ], [ -114.2827874, 45.730468099999968 ], [ -114.2827956, 45.730477200000031 ] ] ] ] } },
{ "type": "Feature", "properties": { "state_po": "MT", "congressional_district": "MT-01", "pwsid": "MT0000329", "pws_name": "SHERIDAN  TOWN OF", "population_served_count": 632, "model_method": "Random Forest", "verification_status": "", "symbology_field": "Modeled", "intersection_area_sq_km": 1.1472825910963547 }, "geometry": { "type": "Polygon", "coordinates": [ [ [ -112.2041546, 45.452086500000014 ], [ -112.205108599999988, 45.45765949999997 ], [ -112.203262599999988, 45.4582425 ], [ -112.1989776, 45.457110500000049 ], [ -112.1988416, 45.458652500000049 ], [ -112.1946296, 45.4571735 ], [ -112.1844926, 45.4589435 ], [ -112.179464599999989, 45.4584425 ], [ -112.184485599999988, 45.4552075 ], [ -112.1844826, 45.4535555 ], [ -112.1892876, 45.4535595 ], [ -112.1896946, 45.451348499999959 ], [ -112.2041546, 45.452086500000014 ] ] ] } },
{ "type": "Feature", "properties": { "state_po": "MT", "congressional_district": "MT-01", "pwsid": "MT0000349", "pws_name": "TWIN BRIDGES  TOWN OF", "population_served_count": 424, "model_method": "Random Forest", "verification_status": "", "symbology_field": "Modeled", "intersection_area_sq_km": 1.3366641605935403 }, "geometry": { "type": "Polygon", "coordinates": [ [ [ -112.3284006, 45.535641500000018 ], [ -112.337477600000014, 45.535607500000012 ], [ -112.3324326, 45.543810499999985 ], [ -112.337774599999989, 45.54596949999997 ], [ -112.338438599999989, 45.5480735 ], [ -112.3346266, 45.548649499999989 ], [ -112.3334896, 45.550192500000023 ], [ -112.323663599999989, 45.550151499999963 ], [ -112.3241726, 45.540326499999978 ], [ -112.3284006, 45.535641500000018 ] ] ] } },
{ "type": "Feature", "properties": { "state_po": "MT", "congressional_district": "MT-01", "pwsid": "MT0000578", "pws_name": "RAMSAY WATER AND SEWER DISTRICT", "population_served_count": 97, "model_method": "Random Forest", "verification_status": "", "symbology_field": "Modeled", "intersection_area_sq_km": 0.20036542224151394 }, "geometry": { "type": "Polygon", "coordinates": [ [ [ -112.690069799999989, 46.0033475 ], [ -112.6893228, 46.009588499999964 ], [ -112.6879148, 46.009484500000028 ], [ -112.6846228, 46.007908499999978 ], [ -112.684842799999984, 46.004694500000028 ], [ -112.690069799999989, 46.0033475 ] ] ] } },
{ "type": "Feature", "properties": { "state_po": "MT", "congressional_district": "MT-01", "pwsid": "MT0000589", "pws_name": "FAIRMONT HOT SPRINGS RESORT", "population_served_count": 1965, "model_method": "Random Forest", "verification_status": "", "symbology_field": "Modeled", "intersection_area_sq_km": 0.31694697978537967 }, "geometry": { "type": "Polygon", "coordinates": [ [ [ -112.8174298, 46.039158499999942 ], [ -112.8137628, 46.044521499999973 ], [ -112.8104988, 46.0444475 ], [ -112.8088048, 46.041741500000029 ], [ -112.8128218, 46.038285499999972 ], [ -112.815256800000014, 46.0375775 ], [ -112.8174298, 46.039158499999942 ] ] ] } },
{ "type": "Feature", "properties": { "state_po": "MT", "congressional_district": "MT-01", "pwsid": "MT0004805", "pws_name": "MONTANA STATE HOSPITAL COMPLEX", "population_served_count": 721, "model_method": "Random Forest", "verification_status": "", "symbology_field": "Modeled", "intersection_area_sq_km": 0.4438026141104256 }, "geometry": { "type": "MultiPolygon", "coordinates": [ [ [ [ -112.7971608, 46.175711499999984 ], [ -112.7927828, 46.177926500000019 ], [ -112.7944988, 46.1812055 ], [ -112.7886558, 46.18204650000002 ], [ -112.7903388, 46.177103499999959 ], [ -112.7971608, 46.175711499999984 ] ] ], [ [ [ -112.7637648, 46.2442745 ], [ -112.755457799999988, 46.265502500000053 ], [ -112.7504848, 46.266405499999948 ], [ -112.7578658, 46.258279500000022 ], [ -112.7637648, 46.2442745 ] ] ] ] } },
{ "type": "Feature", "properties": { "state_po": "MT", "congressional_district": "MT-01", "pwsid": "MT0062254", "pws_name": "ANACONDA CCC", "population_served_count": 290, "model_method": "Random Forest", "verification_status": "", "symbology_field": "Modeled", "intersection_area_sq_km": 0.34235445271221088 }, "geometry": { "type": "Polygon", "coordinates": [ [ [ -113.2847279, 46.197752499999979 ], [ -113.2846749, 46.203848500000014 ], [ -113.2846459, 46.205829500000036 ], [ -113.2815519, 46.20477349999998 ], [ -113.2815149, 46.201175499999977 ], [ -113.2774789, 46.197620500000021 ], [ -113.2803629, 46.195667499999985 ], [ -113.2847279, 46.197752499999979 ] ] ] } },
{ "type": "Feature", "properties": { "state_po": "MT", "congressional_district": "MT-01", "pwsid": "MT0000649", "pws_name": "HUNTERS TRAILER CT  ANACONDA", "population_served_count": 38, "model_method": "Parcel", "verification_status": "", "symbology_field": "Modeled", "intersection_area_sq_km": 0.022920102092725676 }, "geometry": { "type": "Polygon", "coordinates": [ [ [ -112.998045499999989, 46.144403200000042 ], [ -112.9975595, 46.145185 ], [ -112.994883, 46.143488200000014 ], [ -112.998045499999989, 46.144403200000042 ] ] ] } },
{ "type": "Feature", "properties": { "state_po": "MT", "congressional_district": "MT-01", "pwsid": "MT0000506", "pws_name": "WHITE BIRD COMMUNITY  THE", "population_served_count": 82, "model_method": "Random Forest", "verification_status": "", "symbology_field": "Modeled", "intersection_area_sq_km": 0.39173004670149247 }, "geometry": { "type": "Polygon", "coordinates": [ [ [ -114.1531141, 46.414613400000064 ], [ -114.1557901, 46.419389400000028 ], [ -114.1473781, 46.4194604 ], [ -114.1473861, 46.418094399999973 ], [ -114.1455171, 46.418141399999982 ], [ -114.1453231, 46.414376399999959 ], [ -114.1531141, 46.414613400000064 ] ] ] } },
{ "type": "Feature", "properties": { "state_po": "MT", "congressional_district": "MT-01", "pwsid": "MT0002131", "pws_name": "PONDEROSA MOBILE HOME PARK", "population_served_count": 60, "model_method": "Parcel", "verification_status": "", "symbology_field": "Modeled", "intersection_area_sq_km": 0.020954233728187246 }, "geometry": { "type": "Polygon", "coordinates": [ [ [ -114.0505661, 46.298414399999963 ], [ -114.0502561, 46.299352400000053 ], [ -114.0461871, 46.2985114 ], [ -114.0461991, 46.298362399999981 ], [ -114.0505661, 46.298414399999963 ] ] ] } },
{ "type": "Feature", "properties": { "state_po": "MT", "congressional_district": "MT-01", "pwsid": "MT0002926", "pws_name": "PINESDALE  TOWN OF", "population_served_count": 800, "model_method": "Random Forest", "verification_status": "", "symbology_field": "Modeled", "intersection_area_sq_km": 1.0380947438641754 }, "geometry": { "type": "Polygon", "coordinates": [ [ [ -114.2078231, 46.3238574 ], [ -114.2287041, 46.323874400000051 ], [ -114.2288341, 46.329090400000013 ], [ -114.2249281, 46.3314704 ], [ -114.2268981, 46.329141399999976 ], [ -114.2225411, 46.327912400000052 ], [ -114.22212709999998, 46.326531399999986 ], [ -114.2182551, 46.326628399999969 ], [ -114.2182501, 46.3311074 ], [ -114.2078911, 46.3310764 ], [ -114.2078231, 46.3238574 ] ] ] } },
{ "type": "Feature", "properties": { "state_po": "MT", "congressional_district": "MT-01", "pwsid": "MT0004438", "pws_name": "CENTENNIAL HOMEOWNER'S ASSOCIATION, INC", "population_served_count": 115, "model_method": "Random Forest", "verification_status": "", "symbology_field": "Modeled", "intersection_area_sq_km": 0.35435293546753371 }, "geometry": { "type": "MultiPolygon", "coordinates": [ [ [ [ -114.1136481, 46.31301140000005 ], [ -114.1078151, 46.312715399999952 ], [ -114.1044191, 46.312687399999987 ], [ -114.1090011, 46.308503400000014 ], [ -114.1138341, 46.309192399999979 ], [ -114.1136481, 46.31301140000005 ] ] ], [ [ [ -114.1141911, 46.313020399999985 ], [ -114.1175601, 46.315723400000024 ], [ -114.109890100000015, 46.315744400000021 ], [ -114.1100171, 46.314392399999988 ], [ -114.1136541, 46.314376399999965 ], [ -114.1141911, 46.313020399999985 ] ] ] ] } },
{ "type": "Feature", "properties": { "state_po": "MT", "congressional_district": "MT-01", "pwsid": "MT0000197", "pws_name": "DEER LODGE  CITY OF", "population_served_count": 2900, "model_method": "Random Forest", "verification_status": "", "symbology_field": "Modeled", "intersection_area_sq_km": 5.1751836085845495 }, "geometry": { "type": "Polygon", "coordinates": [ [ [ -112.7452408, 46.3723295 ], [ -112.7444809, 46.389946499999965 ], [ -112.7505879, 46.389892499999988 ], [ -112.7499159, 46.400672499999956 ], [ -112.7447589, 46.400692500000034 ], [ -112.7447099, 46.402541499999963 ], [ -112.7394819, 46.4025435 ], [ -112.7394729, 46.404327499999987 ], [ -112.7348749, 46.404327499999987 ], [ -112.7346119, 46.4080885 ], [ -112.7290429, 46.410542499999963 ], [ -112.7291769, 46.4151895 ], [ -112.7236599, 46.415175499999968 ], [ -112.7240089, 46.4118785 ], [ -112.7267689, 46.410895500000031 ], [ -112.7242679, 46.407951499999982 ], [ -112.7218419, 46.408702500000011 ], [ -112.7231539, 46.4110935 ], [ -112.723084899999989, 46.411997499999941 ], [ -112.7181128, 46.402998500000017 ], [ -112.7172578, 46.397327499999982 ], [ -112.7193738, 46.391317500000014 ], [ -112.7215858, 46.388090500000011 ], [ -112.7235728, 46.389883499999975 ], [ -112.7393289, 46.38994449999997 ], [ -112.741453799999988, 46.372356500000052 ], [ -112.7452408, 46.3723295 ] ] ] } },
{ "type": "Feature", "properties": { "state_po": "MT", "congressional_district": "MT-01", "pwsid": "MT0000304", "pws_name": "PHILIPSBURG  TOWN OF", "population_served_count": 1360, "model_method": "Random Forest", "verification_status": "", "symbology_field": "Modeled", "intersection_area_sq_km": 2.2702614842102142 }, "geometry": { "type": "MultiPolygon", "coordinates": [ [ [ [ -113.292488, 46.327198500000016 ], [ -113.294561, 46.32762050000003 ], [ -113.295919, 46.323136500000025 ], [ -113.298031, 46.323986499999975 ], [ -113.298083, 46.32773849999996 ], [ -113.303924, 46.330446499999944 ], [ -113.304197, 46.334604499999969 ], [ -113.31126, 46.337721499999979 ], [ -113.310096, 46.3425325 ], [ -113.308124, 46.342789499999952 ], [ -113.306743, 46.338475500000037 ], [ -113.285317, 46.3386315 ], [ -113.285327, 46.3276135 ], [ -113.289299, 46.3249305 ], [ -113.286971, 46.3226765 ], [ -113.287167, 46.319651499999971 ], [ -113.292488, 46.327198500000016 ] ] ], [ [ [ -113.308272, 46.33413549999996 ], [ -113.307598, 46.3348755 ], [ -113.307595, 46.334147499999979 ], [ -113.308272, 46.33413549999996 ] ] ] ] } },
{ "type": "Feature", "properties": { "state_po": "MT", "congressional_district": "MT-01", "pwsid": "MT0002799", "pws_name": "CORVALLIS MOBILE VILLAGE", "population_served_count": 138, "model_method": "Parcel", "verification_status": "", "symbology_field": "Modeled", "intersection_area_sq_km": 0.013065204256070695 }, "geometry": { "type": "Polygon", "coordinates": [ [ [ -114.108793099999986, 46.3152944 ], [ -114.106788099999989, 46.31593739999996 ], [ -114.106788099999989, 46.31540739999997 ], [ -114.108793099999986, 46.3152944 ] ] ] } },
{ "type": "Feature", "properties": { "state_po": "MT", "congressional_district": "MT-01", "pwsid": "MT0000353", "pws_name": "VIRGINIA CITY WATER DEPT", "population_served_count": 1500, "model_method": "Random Forest", "verification_status": "", "symbology_field": "Modeled", "intersection_area_sq_km": 1.333659960414302 }, "geometry": { "type": "Polygon", "coordinates": [ [ [ -111.9446625, 45.2899375 ], [ -111.947193500000012, 45.291642499999988 ], [ -111.9485205, 45.2906215 ], [ -111.9533045, 45.293890500000039 ], [ -111.9547825, 45.297541500000051 ], [ -111.9261275, 45.29847250000001 ], [ -111.9245675, 45.293315499999963 ], [ -111.9355885, 45.2951605 ], [ -111.938531500000011, 45.294544499999979 ], [ -111.9364255, 45.291375499999965 ], [ -111.9446625, 45.2899375 ] ] ] } },
{ "type": "Feature", "properties": { "state_po": "MT", "congressional_district": "MT-01", "pwsid": "MT0000530", "pws_name": "CREEKSIDE MOTEL  RV AND TRLR PK", "population_served_count": 35, "model_method": "Random Forest", "verification_status": "", "symbology_field": "Modeled", "intersection_area_sq_km": 0.3029088821587631 }, "geometry": { "type": "Polygon", "coordinates": [ [ [ -115.062686899999989, 48.8973195 ], [ -115.0626949, 48.9024135 ], [ -115.0601079, 48.902410499999974 ], [ -115.0606629, 48.905133500000048 ], [ -115.057440899999975, 48.905129499999958 ], [ -115.057538900000011, 48.896947500000039 ], [ -115.062686899999989, 48.8973195 ] ] ] } },
{ "type": "Feature", "properties": { "state_po": "MT", "congressional_district": "MT-01", "pwsid": "MT0000517", "pws_name": "EL MAR ESTATES MSLA CO WATER", "population_served_count": 1350, "model_method": "Random Forest", "verification_status": "", "symbology_field": "Modeled", "intersection_area_sq_km": 6.9118056323920039 }, "geometry": { "type": "Polygon", "coordinates": [ [ [ -114.1509772, 46.894431400000038 ], [ -114.1487482, 46.899402400000056 ], [ -114.138205200000016, 46.899374400000028 ], [ -114.134056199999989, 46.90064640000007 ], [ -114.1254742, 46.894323400000054 ], [ -114.1078012, 46.893767399999959 ], [ -114.1079722, 46.8796784 ], [ -114.1155642, 46.87768339999996 ], [ -114.125878199999988, 46.877756399999967 ], [ -114.113827199999989, 46.8715164 ], [ -114.113429200000013, 46.8704034 ], [ -114.1164482, 46.8693284 ], [ -114.1153812, 46.864887399999979 ], [ -114.1170492, 46.862699400000039 ], [ -114.1202542, 46.861974400000051 ], [ -114.1263202, 46.867595399999978 ], [ -114.1304152, 46.87964240000003 ], [ -114.1436892, 46.887170399999945 ], [ -114.1401492, 46.884164399999975 ], [ -114.1456092, 46.886502400000019 ], [ -114.1509772, 46.894431400000038 ] ] ] } },
{ "type": "Feature", "properties": { "state_po": "MT", "congressional_district": "MT-01", "pwsid": "MT0000454", "pws_name": "HOLLYWOOD HEIGHTS TRAILER PARK LLC", "population_served_count": 220, "model_method": "Parcel", "verification_status": "", "symbology_field": "Modeled", "intersection_area_sq_km": 0.028290634872959273 }, "geometry": { "type": "Polygon", "coordinates": [ [ [ -114.018439199999989, 46.8849674 ], [ -114.0184512, 46.8860694 ], [ -114.0153552, 46.886053400000058 ], [ -114.015395199999986, 46.884969399999989 ], [ -114.018439199999989, 46.8849674 ] ] ] } },
{ "type": "Feature", "properties": { "state_po": "MT", "congressional_district": "MT-01", "pwsid": "MT0000450", "pws_name": "BIG PINES TRAILER COURT", "population_served_count": 78, "model_method": "Parcel", "verification_status": "", "symbology_field": "Modeled", "intersection_area_sq_km": 0.0084109073488700913 }, "geometry": { "type": "Polygon", "coordinates": [ [ [ -113.9019312, 46.881326499999979 ], [ -113.8992952, 46.8814265 ], [ -113.8992892, 46.880737499999952 ], [ -113.900672199999988, 46.881046500000025 ], [ -113.9019312, 46.881326499999979 ] ] ] } },
{ "type": "Feature", "properties": { "state_po": "MT", "congressional_district": "MT-01", "pwsid": "MT0000443", "pws_name": "BITTERROOT GATEWAY MB PK  LOLO", "population_served_count": 130, "model_method": "Random Forest", "verification_status": "", "symbology_field": "Modeled", "intersection_area_sq_km": 0.03047515101286637 }, "geometry": { "type": "MultiPolygon", "coordinates": [ [ [ [ -114.083354199999988, 46.757186399999952 ], [ -114.0844412, 46.7581284 ], [ -114.082870199999988, 46.758183400000014 ], [ -114.083354199999988, 46.757186399999952 ] ] ], [ [ [ -114.0771482, 46.7650194 ], [ -114.0761742, 46.764577400000022 ], [ -114.0755512, 46.762376400000043 ], [ -114.0771482, 46.7650194 ] ] ] ] } },
{ "type": "Feature", "properties": { "state_po": "MT", "congressional_district": "MT-01", "pwsid": "MT0000437", "pws_name": "WESTVIEW MOBILE HOME PARK", "population_served_count": 947, "model_method": "OSM", "verification_status": "", "symbology_field": "Modeled", "intersection_area_sq_km": 0.78966500479788193 }, "geometry": { "type": "Polygon", "coordinates": [ [ [ -114.0576672, 46.911730399999961 ], [ -114.0565962, 46.91413940000001 ], [ -114.0434832, 46.914197399999978 ], [ -114.0435012, 46.907849399999975 ], [ -114.0374262, 46.9077634 ], [ -114.0390032, 46.90528139999995 ], [ -114.0491372, 46.906265400000066 ], [ -114.0508512, 46.9071084 ], [ -114.0506432, 46.909864399999961 ], [ -114.0536512, 46.909878399999968 ], [ -114.0526262, 46.908311399999988 ], [ -114.0576672, 46.911730399999961 ] ] ] } },
{ "type": "Feature", "properties": { "state_po": "MT", "congressional_district": "MT-01", "pwsid": "MT0000405", "pws_name": "GLESSNER TRAILER COURT", "population_served_count": 67, "model_method": "Random Forest", "verification_status": "", "symbology_field": "Modeled", "intersection_area_sq_km": 0.046516523045786393 }, "geometry": { "type": "Polygon", "coordinates": [ [ [ -114.2224873, 47.0167464 ], [ -114.2194973, 47.017936400000018 ], [ -114.217447299999989, 47.0179774 ], [ -114.2199873, 47.01538639999994 ], [ -114.2224873, 47.0167464 ] ] ] } },
{ "type": "Feature", "properties": { "state_po": "MT", "congressional_district": "MT-01", "pwsid": "MT0000404", "pws_name": "FRENCHTOWN VALLEY VIEW TR CT", "population_served_count": 50, "model_method": "Parcel", "verification_status": "", "symbology_field": "Modeled", "intersection_area_sq_km": 0.19086755279031367 }, "geometry": { "type": "Polygon", "coordinates": [ [ [ -114.2207883, 47.009575400000017 ], [ -114.2243493, 47.007141399999966 ], [ -114.2243903, 47.010232400000049 ], [ -114.2292653, 47.011041399999975 ], [ -114.2301863, 47.0130804 ], [ -114.232172299999988, 47.012354400000014 ], [ -114.2323593, 47.014561400000048 ], [ -114.2246313, 47.012529400000027 ], [ -114.2245573, 47.011017399999986 ], [ -114.2207883, 47.009575400000017 ] ] ] } },
{ "type": "Feature", "properties": { "state_po": "MT", "congressional_district": "MT-01", "pwsid": "MT0000392", "pws_name": "LION MOUNTAIN HOMEOWNERS ASSOC", "population_served_count": 204, "model_method": "Random Forest", "verification_status": "", "symbology_field": "Modeled", "intersection_area_sq_km": 2.63678616894707 }, "geometry": { "type": "MultiPolygon", "coordinates": [ [ [ [ -114.4217726, 48.3780925 ], [ -114.4172346, 48.373729499999968 ], [ -114.417351599999989, 48.370864500000025 ], [ -114.4206656, 48.3711155 ], [ -114.4180246, 48.372863500000022 ], [ -114.4217726, 48.3780925 ] ] ], [ [ [ -114.3888746, 48.4244715 ], [ -114.386366599999988, 48.4270265 ], [ -114.3829576, 48.42532049999997 ], [ -114.3821816, 48.426948500000037 ], [ -114.3833556, 48.426357500000044 ], [ -114.3843326, 48.4272615 ], [ -114.3816656, 48.427699500000031 ], [ -114.3884116, 48.4291245 ], [ -114.3847876, 48.42938450000004 ], [ -114.3841516, 48.430706499999935 ], [ -114.3796086, 48.431053499999976 ], [ -114.3793296, 48.431857500000035 ], [ -114.3841836, 48.432315499999966 ], [ -114.3832106, 48.4350745 ], [ -114.3884566, 48.436186500000041 ], [ -114.3901466, 48.437309499999984 ], [ -114.3905286, 48.4384655 ], [ -114.386149599999982, 48.43599649999998 ], [ -114.3836246, 48.43754550000002 ], [ -114.377334599999983, 48.434543500000039 ], [ -114.372953599999988, 48.426175499999985 ], [ -114.3687846, 48.424680499999987 ], [ -114.3696716, 48.4206235 ], [ -114.3725976, 48.420269499999982 ], [ -114.3727136, 48.4179435 ], [ -114.3790846, 48.41795650000001 ], [ -114.3790956, 48.414329499999958 ], [ -114.3750286, 48.414368500000016 ], [ -114.3742126, 48.41080250000001 ], [ -114.378204599999989, 48.4101495 ], [ -114.379105599999988, 48.406041499999965 ], [ -114.3832446, 48.409042500000012 ], [ -114.3888746, 48.4244715 ] ] ] ] } },
{ "type": "Feature", "properties": { "state_po": "MT", "congressional_district": "MT-01", "pwsid": "MT0000381", "pws_name": "BLUE MOUNTAIN TRAILER CT", "population_served_count": 75, "model_method": "Random Forest", "verification_status": "", "symbology_field": "Modeled", "intersection_area_sq_km": 0.012415292689372151 }, "geometry": { "type": "Polygon", "coordinates": [ [ [ -114.092023200000014, 46.813029400000033 ], [ -114.092661199999981, 46.814333400000045 ], [ -114.091505200000014, 46.813234400000013 ], [ -114.092023200000014, 46.813029400000033 ] ] ] } },
{ "type": "Feature", "properties": { "state_po": "MT", "congressional_district": "MT-01", "pwsid": "MT0000378", "pws_name": "BUENA VISTA COMMUNITY, INC", "population_served_count": 90, "model_method": "Random Forest", "verification_status": "", "symbology_field": "Modeled", "intersection_area_sq_km": 0.18936168924195301 }, "geometry": { "type": "MultiPolygon", "coordinates": [ [ [ [ -114.1028872, 46.935503399999973 ], [ -114.0974232, 46.9327474 ], [ -114.098799199999988, 46.930934399999956 ], [ -114.1028952, 46.933109400000028 ], [ -114.1028872, 46.935503399999973 ] ] ], [ [ [ -114.105671199999989, 46.9347504 ], [ -114.1034892, 46.932282399999941 ], [ -114.108345199999988, 46.933390399999979 ], [ -114.105671199999989, 46.9347504 ] ] ] ] } },
{ "type": "Feature", "properties": { "state_po": "MT", "congressional_district": "MT-01", "pwsid": "MT0000376", "pws_name": "COUNTRYSIDE COURT  MISSOULA", "population_served_count": 37, "model_method": "Parcel", "verification_status": "", "symbology_field": "Modeled", "intersection_area_sq_km": 0.018853185867059953 }, "geometry": { "type": "MultiPolygon", "coordinates": [ [ [ [ -114.0763032, 46.8887194 ], [ -114.0762492, 46.887600400000053 ], [ -114.0754132, 46.8874044 ], [ -114.0750902, 46.886644400000058 ], [ -114.0764002, 46.887613399999985 ], [ -114.0763032, 46.8887194 ] ] ], [ [ [ -114.0712092, 46.888032400000021 ], [ -114.0703532, 46.8887384 ], [ -114.0703002, 46.888025399999982 ], [ -114.0712092, 46.888032400000021 ] ] ], [ [ [ -114.0761602, 46.888616399999989 ], [ -114.075127200000011, 46.887170399999938 ], [ -114.0753742, 46.887491399999988 ], [ -114.0761282, 46.8876894 ], [ -114.0761602, 46.888616399999989 ] ] ] ] } },
{ "type": "Feature", "properties": { "state_po": "MT", "congressional_district": "MT-01", "pwsid": "MT0000373", "pws_name": "GREENFIELD MOBILE HOME PARK", "population_served_count": 620, "model_method": "Parcel", "verification_status": "", "symbology_field": "Modeled", "intersection_area_sq_km": 0.014886780377878321 }, "geometry": { "type": "Polygon", "coordinates": [ [ [ -114.0831902, 46.883479400000013 ], [ -114.0846212, 46.8845194 ], [ -114.0830852, 46.884558400000031 ], [ -114.0831902, 46.883479400000013 ] ] ] } },
{ "type": "Feature", "properties": { "state_po": "MT", "congressional_district": "MT-01", "pwsid": "MT0000367", "pws_name": "TARGET RANGE TRAILER COURT LLC", "population_served_count": 200, "model_method": "Parcel", "verification_status": "", "symbology_field": "Modeled", "intersection_area_sq_km": 0.024779640257486937 }, "geometry": { "type": "Polygon", "coordinates": [ [ [ -114.0791932, 46.848800399999966 ], [ -114.0810552, 46.848759399999928 ], [ -114.0809822, 46.850296399999962 ], [ -114.0791582, 46.850209400000018 ], [ -114.0791932, 46.848800399999966 ] ] ] } },
{ "type": "Feature", "properties": { "state_po": "MT", "congressional_district": "MT-01", "pwsid": "MT0000348", "pws_name": "TROY  CITY OF", "population_served_count": 2100, "model_method": "Random Forest", "verification_status": "", "symbology_field": "Modeled", "intersection_area_sq_km": 2.6059945054805596 }, "geometry": { "type": "MultiPolygon", "coordinates": [ [ [ [ -115.8210939, 48.412229400000051 ], [ -115.8323239, 48.413895399999987 ], [ -115.8279409, 48.421248399999989 ], [ -115.8215979, 48.42112340000002 ], [ -115.8210939, 48.412229400000051 ] ] ], [ [ [ -115.880197899999985, 48.446760399999945 ], [ -115.883950899999988, 48.44953940000002 ], [ -115.885565899999989, 48.4486754 ], [ -115.8924989, 48.455577399999981 ], [ -115.895363899999978, 48.4493854 ], [ -115.8968779, 48.44950139999996 ], [ -115.892667899999978, 48.45583139999998 ], [ -115.8974139, 48.455800400000015 ], [ -115.900224, 48.4593764 ], [ -115.898501, 48.4682554 ], [ -115.893715, 48.4659564 ], [ -115.889895899999985, 48.4665834 ], [ -115.891232, 48.4686534 ], [ -115.888162, 48.469740399999957 ], [ -115.886794, 48.468240400000042 ], [ -115.8817829, 48.4552704 ], [ -115.884539899999979, 48.455240399999987 ], [ -115.879155899999986, 48.450708400000032 ], [ -115.880197899999985, 48.446760399999945 ] ] ] ] } },
{ "type": "Feature", "properties": { "state_po": "MT", "congressional_district": "MT-01", "pwsid": "MT0002128", "pws_name": "BITTERROOT PINES TRCT FLORENCE", "population_served_count": 45, "model_method": "Random Forest", "verification_status": "", "symbology_field": "Modeled", "intersection_area_sq_km": 1.1141104353331837 }, "geometry": { "type": "Polygon", "coordinates": [ [ [ -114.0880502, 46.6263744 ], [ -114.0879352, 46.642675399999973 ], [ -114.0831242, 46.64255740000003 ], [ -114.0850462, 46.634452400000029 ], [ -114.0810432, 46.634470400000048 ], [ -114.0810762, 46.631745400000021 ], [ -114.078198199999989, 46.631649400000015 ], [ -114.076685200000014, 46.633588400000036 ], [ -114.0716122, 46.6335724 ], [ -114.071923200000015, 46.63246340000002 ], [ -114.0746392, 46.6316944 ], [ -114.0819852, 46.624508400000053 ], [ -114.0853612, 46.624355399999978 ], [ -114.0880502, 46.6263744 ] ] ] } },
{ "type": "Feature", "properties": { "state_po": "MT", "congressional_district": "MT-01", "pwsid": "MT0002393", "pws_name": "GOODAN KEIL CO WATER DIST", "population_served_count": 207, "model_method": "Random Forest", "verification_status": "", "symbology_field": "Modeled", "intersection_area_sq_km": 0.3830880118020622 }, "geometry": { "type": "Polygon", "coordinates": [ [ [ -114.0940462, 46.936335400000011 ], [ -114.0770882, 46.932005400000023 ], [ -114.0743442, 46.927079400000011 ], [ -114.0677972, 46.923644400000022 ], [ -114.0940462, 46.936335400000011 ] ] ] } },
{ "type": "Feature", "properties": { "state_po": "MT", "congressional_district": "MT-01", "pwsid": "MT0000347", "pws_name": "WATER SERVICE INC  TROUT CREEK", "population_served_count": 350, "model_method": "Random Forest", "verification_status": "", "symbology_field": "Modeled", "intersection_area_sq_km": 1.6228412921123221 }, "geometry": { "type": "MultiPolygon", "coordinates": [ [ [ [ -115.604376699999989, 47.835377399999963 ], [ -115.6002657, 47.8369274 ], [ -115.600312699999975, 47.832020400000026 ], [ -115.604376699999989, 47.835377399999963 ] ] ], [ [ [ -115.574894700000016, 47.822509399999973 ], [ -115.6088127, 47.843207400000018 ], [ -115.6094487, 47.8521764 ], [ -115.6014287, 47.843534399999939 ], [ -115.573303700000011, 47.825166400000015 ], [ -115.572231699999989, 47.823287400000012 ], [ -115.574894700000016, 47.822509399999973 ] ] ] ] } },
{ "type": "Feature", "properties": { "state_po": "MT", "congressional_district": "MT-01", "pwsid": "MT0000335", "pws_name": "STEVENSVILLE  TOWN OF", "population_served_count": 2090, "model_method": "Decision Tree", "verification_status": "", "symbology_field": "Modeled", "intersection_area_sq_km": 2.5430395762870197 }, "geometry": { "type": "Polygon", "coordinates": [ [ [ -114.0772811, 46.4975714 ], [ -114.0772921, 46.5067484 ], [ -114.0814891, 46.504880399999976 ], [ -114.080510199999978, 46.507492399999954 ], [ -114.0825692, 46.507504399999988 ], [ -114.0828531, 46.501224399999984 ], [ -114.0983732, 46.500959399999964 ], [ -114.0984372, 46.5049444 ], [ -114.1024612, 46.503597399999983 ], [ -114.100971199999989, 46.507426400000014 ], [ -114.0983852, 46.5074454 ], [ -114.0983832, 46.510149399999975 ], [ -114.0968252, 46.509704400000011 ], [ -114.098371199999988, 46.512537400000042 ], [ -114.0937012, 46.514658399999938 ], [ -114.0927952, 46.5125954 ], [ -114.0827962, 46.512636399999963 ], [ -114.082579200000012, 46.508432399999975 ], [ -114.075881099999975, 46.508430399999938 ], [ -114.0768972, 46.512307400000047 ], [ -114.0720621, 46.512060399999953 ], [ -114.0720361, 46.508407399999925 ], [ -114.0667501, 46.508364400000026 ], [ -114.0667571, 46.501165399999955 ], [ -114.0720331, 46.502979400000029 ], [ -114.0720351, 46.504788399999953 ], [ -114.0753231, 46.504806400000049 ], [ -114.0759611, 46.5011964 ], [ -114.072073100000011, 46.5011834 ], [ -114.0720021, 46.497550399999987 ], [ -114.0772811, 46.4975714 ] ] ] } },
{ "type": "Feature", "properties": { "state_po": "MT", "congressional_district": "MT-01", "pwsid": "MT0000320", "pws_name": "ROUND BUTTE WATER COMPANY", "population_served_count": 400, "model_method": "Random Forest", "verification_status": "", "symbology_field": "Modeled", "intersection_area_sq_km": 15.550884001965851 }, "geometry": { "type": "MultiPolygon", "coordinates": [ [ [ [ -114.1611074, 47.5151265 ], [ -114.1610964, 47.529700500000025 ], [ -114.1632744, 47.529698499999974 ], [ -114.163872399999988, 47.535573500000012 ], [ -114.1727554, 47.55082350000005 ], [ -114.1662694, 47.5486355 ], [ -114.1634594, 47.549708499999959 ], [ -114.1558374, 47.543613500000014 ], [ -114.1558224, 47.529703499999989 ], [ -114.139980399999985, 47.5297115 ], [ -114.1397284, 47.515091499999969 ], [ -114.1611074, 47.5151265 ] ] ], [ [ [ -114.227813399999988, 47.5280575 ], [ -114.224123400000011, 47.529694499999948 ], [ -114.2242494, 47.5275875 ], [ -114.227813399999988, 47.5280575 ] ] ], [ [ [ -114.2218164, 47.51420849999996 ], [ -114.211250400000011, 47.523083499999984 ], [ -114.2188624, 47.529082499999987 ], [ -114.2243374, 47.530852499999973 ], [ -114.221987399999989, 47.5330905 ], [ -114.2237244, 47.537938499999981 ], [ -114.2264224, 47.539695500000036 ], [ -114.2265134, 47.546023499999976 ], [ -114.2302064, 47.5506035 ], [ -114.2282204, 47.554974500000021 ], [ -114.2258904, 47.5550435 ], [ -114.2271854, 47.55721649999996 ], [ -114.2253444, 47.558738499999968 ], [ -114.1986954, 47.558760499999984 ], [ -114.198662399999989, 47.554973499999946 ], [ -114.2008334, 47.5548125 ], [ -114.2013544, 47.55235049999996 ], [ -114.1986704, 47.55293349999998 ], [ -114.1986314, 47.529686499999983 ], [ -114.1656974, 47.529677500000027 ], [ -114.181512399999988, 47.520195499999964 ], [ -114.1881504, 47.519792500000037 ], [ -114.1909254, 47.512103499999959 ], [ -114.1964454, 47.511212499999985 ], [ -114.1987504, 47.515570499999981 ], [ -114.2020314, 47.516568500000034 ], [ -114.2065504, 47.515517499999959 ], [ -114.2086324, 47.516837500000015 ], [ -114.2100624, 47.514424500000032 ], [ -114.2143024, 47.514374499999981 ], [ -114.2143874, 47.511507500000022 ], [ -114.2207764, 47.510268499999988 ], [ -114.2218164, 47.51420849999996 ] ], [ [ -114.2005324, 47.54424150000002 ], [ -114.2021034, 47.546942500000014 ], [ -114.2039664, 47.545556499999982 ], [ -114.2094914, 47.546222500000027 ], [ -114.2109954, 47.544235500000056 ], [ -114.2005324, 47.54424150000002 ] ] ] ] } },
{ "type": "Feature", "properties": { "state_po": "MT", "congressional_district": "MT-01", "pwsid": "MT0000318", "pws_name": "RONAN  CITY OF", "population_served_count": 2483, "model_method": "Random Forest", "verification_status": "", "symbology_field": "Modeled", "intersection_area_sq_km": 2.6232808742832674 }, "geometry": { "type": "MultiPolygon", "coordinates": [ [ [ [ -114.0969284, 47.5151435 ], [ -114.095287399999989, 47.5127585 ], [ -114.0969114, 47.512782499999979 ], [ -114.0969284, 47.5151435 ] ] ], [ [ [ -114.097304400000013, 47.515139499999954 ], [ -114.0989594, 47.5186965 ], [ -114.1025584, 47.518678500000014 ], [ -114.1026244, 47.5222395 ], [ -114.1030994, 47.5204125 ], [ -114.1047694, 47.522341500000024 ], [ -114.1077724, 47.521711500000045 ], [ -114.1077364, 47.528234500000039 ], [ -114.110914400000013, 47.5273255 ], [ -114.1118984, 47.525022500000041 ], [ -114.1130614, 47.528724500000017 ], [ -114.117617399999986, 47.528763499999968 ], [ -114.1157674, 47.5334145 ], [ -114.1104024, 47.5315335 ], [ -114.110389399999988, 47.533490499999978 ], [ -114.107766399999988, 47.533484499999979 ], [ -114.1078024, 47.537004500000037 ], [ -114.102503399999989, 47.537843500000044 ], [ -114.100254400000011, 47.536334499999988 ], [ -114.0971014, 47.529782499999961 ], [ -114.0930274, 47.533349499999986 ], [ -114.0917684, 47.529779499999975 ], [ -114.0809884, 47.5297865 ], [ -114.0809694, 47.527982500000014 ], [ -114.08660540000001, 47.527855500000044 ], [ -114.0883754, 47.5234815 ], [ -114.091803399999989, 47.5240375 ], [ -114.0931734, 47.522468499999945 ], [ -114.0970884, 47.522442499999954 ], [ -114.097304400000013, 47.515139499999954 ] ] ] ] } },
{ "type": "Feature", "properties": { "state_po": "MT", "congressional_district": "MT-01", "pwsid": "MT0000315", "pws_name": "REXFORD  TOWN OF", "population_served_count": 160, "model_method": "Random Forest", "verification_status": "", "symbology_field": "Modeled", "intersection_area_sq_km": 0.21683398102281182 }, "geometry": { "type": "Polygon", "coordinates": [ [ [ -115.1770429, 48.898394499999945 ], [ -115.177026900000016, 48.900216500000063 ], [ -115.167037900000011, 48.9016885 ], [ -115.167591899999977, 48.898356499999977 ], [ -115.1770429, 48.898394499999945 ] ] ] } },
{ "type": "Feature", "properties": { "state_po": "MT", "congressional_district": "MT-01", "pwsid": "MT0000299", "pws_name": "NOXON WATER DISTRICT", "population_served_count": 330, "model_method": "Random Forest", "verification_status": "", "symbology_field": "Modeled", "intersection_area_sq_km": 0.088094082300394838 }, "geometry": { "type": "MultiPolygon", "coordinates": [ [ [ [ -115.774158799999981, 47.990655300000022 ], [ -115.7725978, 47.9913743 ], [ -115.773013800000015, 47.990556299999959 ], [ -115.774158799999981, 47.990655300000022 ] ] ], [ [ [ -115.7693498, 47.9923943 ], [ -115.7743228, 47.992447299999938 ], [ -115.7737548, 47.993349299999949 ], [ -115.7693498, 47.9923943 ] ] ], [ [ [ -115.7790688, 47.9935673 ], [ -115.7824188, 47.99596930000002 ], [ -115.7782738, 47.994886299999962 ], [ -115.7790688, 47.9935673 ] ] ] ] } },
{ "type": "Feature", "properties": { "state_po": "MT", "congressional_district": "MT-01", "pwsid": "MT0003146", "pws_name": "BITTERROOT MEADOWS HOA  LOLO", "population_served_count": 120, "model_method": "Random Forest", "verification_status": "", "symbology_field": "Modeled", "intersection_area_sq_km": 0.45176029271606677 }, "geometry": { "type": "Polygon", "coordinates": [ [ [ -114.0821512, 46.7410664 ], [ -114.0873572, 46.742147400000015 ], [ -114.0873372, 46.743842400000034 ], [ -114.0935652, 46.74372039999998 ], [ -114.0921042, 46.745572399999986 ], [ -114.0939572, 46.747494400000036 ], [ -114.0826512, 46.747544400000017 ], [ -114.0821512, 46.7410664 ] ] ] } },
{ "type": "Feature", "properties": { "state_po": "MT", "congressional_district": "MT-01", "pwsid": "MT0003157", "pws_name": "MISSION MOUNTAIN VIEW HOA", "population_served_count": 80, "model_method": "Random Forest", "verification_status": "", "symbology_field": "Modeled", "intersection_area_sq_km": 0.066088303477943811 }, "geometry": { "type": "Polygon", "coordinates": [ [ [ -114.1624994, 47.518068499999977 ], [ -114.1610964, 47.518302499999955 ], [ -114.1612784, 47.511509500000052 ], [ -114.1621194, 47.511492499999989 ], [ -114.1624994, 47.518068499999977 ] ] ] } },
{ "type": "Feature", "properties": { "state_po": "MT", "congressional_district": "MT-01", "pwsid": "MT0003175", "pws_name": "RIDGEWOOD ESTATES", "population_served_count": 250, "model_method": "Random Forest", "verification_status": "", "symbology_field": "Modeled", "intersection_area_sq_km": 0.066299839988454318 }, "geometry": { "type": "Polygon", "coordinates": [ [ [ -114.0655145, 48.007121499999954 ], [ -114.0622435, 48.0072275 ], [ -114.0617265, 48.0049705 ], [ -114.0641275, 48.0048555 ], [ -114.0655145, 48.007121499999954 ] ] ] } },
{ "type": "Feature", "properties": { "state_po": "MT", "congressional_district": "MT-01", "pwsid": "MT0000275", "pws_name": "PINEWOOD VILLAGE", "population_served_count": 160, "model_method": "Random Forest", "verification_status": "", "symbology_field": "Modeled", "intersection_area_sq_km": 0.31731975315445782 }, "geometry": { "type": "MultiPolygon", "coordinates": [ [ [ [ -115.513749800000014, 48.3311414 ], [ -115.5060368, 48.3324444 ], [ -115.5060038, 48.331157400000023 ], [ -115.513749800000014, 48.3311414 ] ] ], [ [ [ -115.516438799999989, 48.335859400000039 ], [ -115.5214378, 48.336170400000015 ], [ -115.5209288, 48.3414124 ], [ -115.5197178, 48.3397154 ], [ -115.5170658, 48.339694399999978 ], [ -115.5162018, 48.341431399999983 ], [ -115.5140948, 48.341483400000058 ], [ -115.5141078, 48.337659399999964 ], [ -115.5161868, 48.337963400000028 ], [ -115.516438799999989, 48.335859400000039 ] ] ] ] } },
{ "type": "Feature", "properties": { "state_po": "MT", "congressional_district": "MT-01", "pwsid": "MT0000247", "pws_name": "HERON COMMUNITY WATER SYSTEM", "population_served_count": 84, "model_method": "Random Forest", "verification_status": "", "symbology_field": "Modeled", "intersection_area_sq_km": 0.025656598117051281 }, "geometry": { "type": "Polygon", "coordinates": [ [ [ -115.9610879, 48.057463299999959 ], [ -115.960120899999978, 48.058966299999987 ], [ -115.9583869, 48.058401299999979 ], [ -115.959315899999979, 48.0569473 ], [ -115.9610879, 48.057463299999959 ] ] ] } },
{ "type": "Feature", "properties": { "state_po": "MT", "congressional_district": "MT-01", "pwsid": "MT0000210", "pws_name": "EUREKA  TOWN OF", "population_served_count": 1995, "model_method": "Random Forest", "verification_status": "", "symbology_field": "Modeled", "intersection_area_sq_km": 2.6348711295024101 }, "geometry": { "type": "Polygon", "coordinates": [ [ [ -115.035536900000011, 48.868280500000012 ], [ -115.039521899999983, 48.8693265 ], [ -115.0447069, 48.873892500000039 ], [ -115.0519489, 48.872723500000021 ], [ -115.0519879, 48.870217499999953 ], [ -115.057569899999976, 48.877146500000023 ], [ -115.0572709, 48.8871625 ], [ -115.0627249, 48.8872075 ], [ -115.060864900000013, 48.890362500000059 ], [ -115.0626859, 48.891220500000017 ], [ -115.0626959, 48.894298499999984 ], [ -115.0502899, 48.8927065 ], [ -115.047057899999984, 48.886757499999931 ], [ -115.0436889, 48.887093499999985 ], [ -115.0436549, 48.883558500000035 ], [ -115.0408069, 48.883563500000029 ], [ -115.0387409, 48.880476499999958 ], [ -115.0409969, 48.880898499999979 ], [ -115.0412999, 48.876331499999964 ], [ -115.0354699, 48.8763055 ], [ -115.036424900000014, 48.87436849999996 ], [ -115.0403759, 48.8748345 ], [ -115.042177900000013, 48.8736215 ], [ -115.035536900000011, 48.868280500000012 ] ] ] } },
{ "type": "Feature", "properties": { "state_po": "MT", "congressional_district": "MT-01", "pwsid": "MT0003328", "pws_name": "TWO MILE TRACT HOA", "population_served_count": 128, "model_method": "Random Forest", "verification_status": "", "symbology_field": "Modeled", "intersection_area_sq_km": 0.047883489355997219 }, "geometry": { "type": "Polygon", "coordinates": [ [ [ -114.3542546, 48.207692499999972 ], [ -114.3507886, 48.206109499999975 ], [ -114.3516856, 48.204240500000033 ], [ -114.3534586, 48.2042025 ], [ -114.3542546, 48.207692499999972 ] ] ] } },
{ "type": "Feature", "properties": { "state_po": "MT", "congressional_district": "MT-01", "pwsid": "MT0000133", "pws_name": "PTARMIGAN VILLAGE INC", "population_served_count": 600, "model_method": "Random Forest", "verification_status": "", "symbology_field": "Modeled", "intersection_area_sq_km": 0.31352475204068536 }, "geometry": { "type": "Polygon", "coordinates": [ [ [ -114.3582126, 48.459755499999986 ], [ -114.3495116, 48.457773499999966 ], [ -114.3522086, 48.457786500000012 ], [ -114.352099599999974, 48.45056150000002 ], [ -114.3547566, 48.450542499999983 ], [ -114.354474599999975, 48.448219499999951 ], [ -114.3565196, 48.448727500000011 ], [ -114.3577256, 48.453095499999989 ], [ -114.3550516, 48.4531925 ], [ -114.3552386, 48.455675499999984 ], [ -114.3582126, 48.459755499999986 ] ] ] } },
{ "type": "Feature", "properties": { "state_po": "MT", "congressional_district": "MT-01", "pwsid": "MT0000109", "pws_name": "GREEN ACRES COURT", "population_served_count": 85, "model_method": "Random Forest", "verification_status": "", "symbology_field": "Modeled", "intersection_area_sq_km": 0.058183325998153672 }, "geometry": { "type": "Polygon", "coordinates": [ [ [ -114.2880336, 48.180650499999913 ], [ -114.2932396, 48.18171450000002 ], [ -114.2880446, 48.182337500000038 ], [ -114.2880336, 48.180650499999913 ] ] ] } },
{ "type": "Feature", "properties": { "state_po": "MT", "congressional_district": "MT-01", "pwsid": "MT0000100", "pws_name": "ALPINE MOBILE MANOR", "population_served_count": 45, "model_method": "Parcel", "verification_status": "", "symbology_field": "Modeled", "intersection_area_sq_km": 0.0070911217886026274 }, "geometry": { "type": "Polygon", "coordinates": [ [ [ -114.291524599999988, 48.200656500000036 ], [ -114.2929506, 48.2010055 ], [ -114.2916156, 48.200831500000014 ], [ -114.291524599999988, 48.200656500000036 ] ] ] } },
{ "type": "Feature", "properties": { "state_po": "MT", "congressional_district": "MT-01", "pwsid": "MT0000088", "pws_name": "PLEASANT HILL ESTATES HOA", "population_served_count": 90, "model_method": "Random Forest", "verification_status": "", "symbology_field": "Modeled", "intersection_area_sq_km": 0.01633028882202742 }, "geometry": { "type": "Polygon", "coordinates": [ [ [ -114.3981746, 48.215565500000025 ], [ -114.39670959999998, 48.21665049999995 ], [ -114.3967816, 48.2158505 ], [ -114.3981746, 48.215565500000025 ] ] ] } },
{ "type": "Feature", "properties": { "state_po": "MT", "congressional_district": "MT-01", "pwsid": "MT0000064", "pws_name": "FOREST ACRES TR PK  WHITEFISH", "population_served_count": 390, "model_method": "Parcel", "verification_status": "", "symbology_field": "Modeled", "intersection_area_sq_km": 0.008892871951669476 }, "geometry": { "type": "MultiPolygon", "coordinates": [ [ [ [ -114.3407366, 48.3370015 ], [ -114.340470599999975, 48.337786500000057 ], [ -114.3400876, 48.337410500000011 ], [ -114.3407366, 48.3370015 ] ] ], [ [ [ -114.3420066, 48.337365499999954 ], [ -114.3416836, 48.338015499999933 ], [ -114.3412956, 48.337535499999987 ], [ -114.3420066, 48.337365499999954 ] ] ] ] } },
{ "type": "Feature", "properties": { "state_po": "MT", "congressional_district": "MT-01", "pwsid": "MT0000062", "pws_name": "OUTBACK MOBILE HOME SETTLEMENT", "population_served_count": 80, "model_method": "Random Forest", "verification_status": "", "symbology_field": "Modeled", "intersection_area_sq_km": 0.014015297413777536 }, "geometry": { "type": "Polygon", "coordinates": [ [ [ -114.533681699999988, 48.485188499999985 ], [ -114.5336687, 48.486303500000027 ], [ -114.532432700000015, 48.4863735 ], [ -114.533681699999988, 48.485188499999985 ] ] ] } },
{ "type": "Feature", "properties": { "state_po": "MT", "congressional_district": "MT-01", "pwsid": "MT0000060", "pws_name": "BIG MOUNTAIN WATER COMPANY", "population_served_count": 2435, "model_method": "Random Forest", "verification_status": "", "symbology_field": "Modeled", "intersection_area_sq_km": 0.9004144569156417 }, "geometry": { "type": "MultiPolygon", "coordinates": [ [ [ [ -114.3624689, 48.468035799999953 ], [ -114.3475439, 48.46450059999998 ], [ -114.3474491, 48.4580936 ], [ -114.3561951, 48.4601687 ], [ -114.357677, 48.464303699999967 ], [ -114.3624689, 48.468035799999953 ] ] ], [ [ [ -114.3520726, 48.47509069999996 ], [ -114.3561685, 48.479683699999974 ], [ -114.3596365, 48.480260800000018 ], [ -114.3598205, 48.4807368 ], [ -114.3559165, 48.480714700000057 ], [ -114.3558884, 48.4827037 ], [ -114.3522153, 48.4834057 ], [ -114.3515254, 48.481983699999979 ], [ -114.3498613, 48.482969700000012 ], [ -114.348552399999988, 48.480453599999954 ], [ -114.3512505, 48.478673700000037 ], [ -114.3520726, 48.47509069999996 ] ] ] ] } },
{ "type": "Feature", "properties": { "state_po": "MT", "congressional_district": "MT-01", "pwsid": "MT0004518", "pws_name": "VALLEY WATER SYSTEM  THE", "population_served_count": 82, "model_method": "Random Forest", "verification_status": "", "symbology_field": "Modeled", "intersection_area_sq_km": 0.14037503433193785 }, "geometry": { "type": "MultiPolygon", "coordinates": [ [ [ [ -114.0820342, 46.88540540000001 ], [ -114.0785322, 46.887944399999988 ], [ -114.0752932, 46.8864504 ], [ -114.0820342, 46.88540540000001 ] ] ], [ [ [ -114.076456199999981, 46.8909994 ], [ -114.0764502, 46.888718400000023 ], [ -114.0804222, 46.889857400000011 ], [ -114.0804392, 46.890958400000045 ], [ -114.076456199999981, 46.8909994 ] ] ] ] } },
{ "type": "Feature", "properties": { "state_po": "MT", "congressional_district": "MT-01", "pwsid": "MT0004597", "pws_name": "COUNTRY BOURNE", "population_served_count": 25, "model_method": "Random Forest", "verification_status": "", "symbology_field": "Modeled", "intersection_area_sq_km": 0.039583448139073808 }, "geometry": { "type": "MultiPolygon", "coordinates": [ [ [ [ -114.6573796, 48.092079500000025 ], [ -114.6539906, 48.0917155 ], [ -114.6537506, 48.091132500000064 ], [ -114.6569736, 48.0909605 ], [ -114.6573796, 48.092079500000025 ] ] ], [ [ [ -114.661261599999975, 48.105248500000016 ], [ -114.662055599999988, 48.106097500000033 ], [ -114.6605706, 48.10571650000005 ], [ -114.661261599999975, 48.105248500000016 ] ] ] ] } },
{ "type": "Feature", "properties": { "state_po": "MT", "congressional_district": "MT-01", "pwsid": "MT0004605", "pws_name": "STONE RIDGE WATER COMPANY", "population_served_count": 50, "model_method": "Random Forest", "verification_status": "", "symbology_field": "Modeled", "intersection_area_sq_km": 0.03552277331481675 }, "geometry": { "type": "MultiPolygon", "coordinates": [ [ [ [ -114.240694499999975, 47.812476500000024 ], [ -114.2394015, 47.813440499999977 ], [ -114.2392115, 47.812493499999988 ], [ -114.240694499999975, 47.812476500000024 ] ] ], [ [ [ -114.2762145, 47.8522595 ], [ -114.2762305, 47.855430499999969 ], [ -114.2741415, 47.850334499999988 ], [ -114.2762145, 47.8522595 ] ] ] ] } },
{ "type": "Feature", "properties": { "state_po": "MT", "congressional_district": "MT-01", "pwsid": "MT0003102", "pws_name": "JETTE LAKE LANDOWNERS ASSOCIATION", "population_served_count": 288, "model_method": "Random Forest", "verification_status": "", "symbology_field": "Modeled", "intersection_area_sq_km": 0.94120675295013478 }, "geometry": { "type": "Polygon", "coordinates": [ [ [ -114.3447787, 47.817819200000024 ], [ -114.3457709, 47.819256 ], [ -114.3126741, 47.8182637 ], [ -114.3073585, 47.816942799999971 ], [ -114.3107612, 47.8029038 ], [ -114.3096724, 47.801526099999933 ], [ -114.3075234, 47.801863499999989 ], [ -114.3070625, 47.79798430000001 ], [ -114.3126906, 47.7999152 ], [ -114.3136188, 47.806141800000042 ], [ -114.3084594, 47.816675600000025 ], [ -114.3346489, 47.815448299999964 ], [ -114.3447787, 47.817819200000024 ] ] ] } },
{ "type": "Feature", "properties": { "state_po": "MT", "congressional_district": "MT-01", "pwsid": "MT0004568", "pws_name": "BRANCO COURT", "population_served_count": 37, "model_method": "Parcel", "verification_status": "", "symbology_field": "Modeled", "intersection_area_sq_km": 0.032987335536245138 }, "geometry": { "type": "Polygon", "coordinates": [ [ [ -114.095116899999979, 46.748493599999989 ], [ -114.0976501, 46.750173499999981 ], [ -114.0951197, 46.750030500000022 ], [ -114.095116899999979, 46.748493599999989 ] ] ] } },
{ "type": "Feature", "properties": { "state_po": "MT", "congressional_district": "MT-01", "pwsid": "MT0000449", "pws_name": "GREENWOOD TRAILER COURT", "population_served_count": 53, "model_method": "Parcel", "verification_status": "", "symbology_field": "Modeled", "intersection_area_sq_km": 0.025697408865554331 }, "geometry": { "type": "Polygon", "coordinates": [ [ [ -113.9078866, 46.885165500000063 ], [ -113.909224599999988, 46.8832363 ], [ -113.9092181, 46.8851702 ], [ -113.9078866, 46.885165500000063 ] ] ] } },
{ "type": "Feature", "properties": { "state_po": "MT", "congressional_district": "MT-01", "pwsid": "MT0000489", "pws_name": "TWO RIVERS MOBILE HM PK  LOLO", "population_served_count": 138, "model_method": "Parcel", "verification_status": "", "symbology_field": "Modeled", "intersection_area_sq_km": 0.023336272911968881 }, "geometry": { "type": "Polygon", "coordinates": [ [ [ -114.0870172, 46.753801399999979 ], [ -114.0839769, 46.754709599999984 ], [ -114.0839748, 46.753804700000018 ], [ -114.0870172, 46.753801399999979 ] ] ] } },
{ "type": "Feature", "properties": { "state_po": "MT", "congressional_district": "MT-01", "pwsid": "MT0000082", "pws_name": "MEADOWLARK MOBILE HOME PARK", "population_served_count": 55, "model_method": "Parcel", "verification_status": "", "symbology_field": "Modeled", "intersection_area_sq_km": 0.019111301411727986 }, "geometry": { "type": "Polygon", "coordinates": [ [ [ -114.3095548, 48.169833100000027 ], [ -114.3121921, 48.168942599999987 ], [ -114.3121922, 48.169820199999911 ], [ -114.3095548, 48.169833100000027 ] ] ] } },
{ "type": "Feature", "properties": { "state_po": "MT", "congressional_district": "MT-01", "pwsid": "MT0000368", "pws_name": "TAMARACK COURT", "population_served_count": 75, "model_method": "Parcel", "verification_status": "", "symbology_field": "Modeled", "intersection_area_sq_km": 0.017355434815688409 }, "geometry": { "type": "Polygon", "coordinates": [ [ [ -113.9072393, 46.881716200000014 ], [ -113.9078866, 46.885165500000063 ], [ -113.907246, 46.885163200000036 ], [ -113.9072393, 46.881716200000014 ] ] ] } },
{ "type": "Feature", "properties": { "state_po": "MT", "congressional_district": "MT-01", "pwsid": "MT0002132", "pws_name": "MOUNTAIN SHADOWS ESTATES  STEVENSVILLE", "population_served_count": 55, "model_method": "Parcel", "verification_status": "", "symbology_field": "Modeled", "intersection_area_sq_km": 0.017085947351375107 }, "geometry": { "type": "Polygon", "coordinates": [ [ [ -114.0930116, 46.497833600000014 ], [ -114.0898365, 46.497068900000023 ], [ -114.0930162, 46.497443500000017 ], [ -114.0930116, 46.497833600000014 ] ] ] } },
{ "type": "Feature", "properties": { "state_po": "MT", "congressional_district": "MT-01", "pwsid": "MT0003012", "pws_name": "MISSOULA VILLAGE WEST TR CT", "population_served_count": 68, "model_method": "Parcel", "verification_status": "", "symbology_field": "Modeled", "intersection_area_sq_km": 0.015615593496368202 }, "geometry": { "type": "Polygon", "coordinates": [ [ [ -114.1317349, 46.945607099999989 ], [ -114.132141, 46.9476384 ], [ -114.131348, 46.9473864 ], [ -114.1317349, 46.945607099999989 ] ] ] } },
{ "type": "Feature", "properties": { "state_po": "MT", "congressional_district": "MT-01", "pwsid": "MT0002651", "pws_name": "DISTRICT COURT LLC", "population_served_count": 50, "model_method": "Parcel", "verification_status": "", "symbology_field": "Modeled", "intersection_area_sq_km": 0.014743810619754326 }, "geometry": { "type": "Polygon", "coordinates": [ [ [ -114.3970997, 48.185992600000056 ], [ -114.399284, 48.187368500000055 ], [ -114.3983646, 48.187707700000011 ], [ -114.3970997, 48.185992600000056 ] ] ] } },
{ "type": "Feature", "properties": { "state_po": "MT", "congressional_district": "MT-01", "pwsid": "MT0001745", "pws_name": "TWIN ACRES TRAILER COURT", "population_served_count": 60, "model_method": "Parcel", "verification_status": "", "symbology_field": "Modeled", "intersection_area_sq_km": 0.014356659049203104 }, "geometry": { "type": "Polygon", "coordinates": [ [ [ -114.289481, 48.171598799999941 ], [ -114.293202799999989, 48.171145100000011 ], [ -114.2932054, 48.171617 ], [ -114.289481, 48.171598799999941 ] ] ] } },
{ "type": "Feature", "properties": { "state_po": "MT", "congressional_district": "MT-01", "pwsid": "MT0000444", "pws_name": "VALLEY WEST TRAILER COURT", "population_served_count": 115, "model_method": "Parcel", "verification_status": "", "symbology_field": "Modeled", "intersection_area_sq_km": 0.010504358932206279 }, "geometry": { "type": "Polygon", "coordinates": [ [ [ -114.0922852, 46.747539500000052 ], [ -114.0910714, 46.7483859 ], [ -114.0910776, 46.747535500000062 ], [ -114.0922852, 46.747539500000052 ] ] ] } },
{ "type": "Feature", "properties": { "state_po": "MT", "congressional_district": "MT-01", "pwsid": "MT0003538", "pws_name": "CATLIN STREET MOBILE COURT", "population_served_count": 35, "model_method": "Parcel", "verification_status": "", "symbology_field": "Modeled", "intersection_area_sq_km": 0.0070937955269999775 }, "geometry": { "type": "Polygon", "coordinates": [ [ [ -114.0242582, 46.869674599999975 ], [ -114.0241327, 46.871045400000014 ], [ -114.023338599999988, 46.869672900000019 ], [ -114.0242582, 46.869674599999975 ] ] ] } },
{ "type": "Feature", "properties": { "state_po": "MT", "congressional_district": "MT-01", "pwsid": "MT0001785", "pws_name": "FOREST HILL HOA", "population_served_count": 50, "model_method": "Parcel", "verification_status": "", "symbology_field": "Modeled", "intersection_area_sq_km": 0.0040413663228855362 }, "geometry": { "type": "Polygon", "coordinates": [ [ [ -114.2560746, 48.117220700000061 ], [ -114.2565004, 48.115646299999987 ], [ -114.2575757, 48.115554400000015 ], [ -114.258023799999989, 48.116838900000033 ], [ -114.2560746, 48.117220700000061 ] ], [ [ -114.256593, 48.116034 ], [ -114.2574794, 48.116869499999979 ], [ -114.2574679, 48.115981099999978 ], [ -114.256593, 48.116034 ] ] ] } },
{ "type": "Feature", "properties": { "state_po": "MT", "congressional_district": "MT-01", "pwsid": "MT0003527", "pws_name": "JUNIPER TRAILER COURT  MSLA", "population_served_count": 35, "model_method": "Parcel", "verification_status": "", "symbology_field": "Modeled", "intersection_area_sq_km": 0.003629974742500818 }, "geometry": { "type": "Polygon", "coordinates": [ [ [ -114.0230116, 46.871454499999984 ], [ -114.0241298, 46.871813100000033 ], [ -114.0230099, 46.871863100000034 ], [ -114.0230116, 46.871454499999984 ] ] ] } },
{ "type": "Feature", "properties": { "state_po": "MT", "congressional_district": "MT-01", "pwsid": "MT0000079", "pws_name": "SPRUCE PARK MOBILE VILLAGE", "population_served_count": 48, "model_method": "Parcel", "verification_status": "", "symbology_field": "Modeled", "intersection_area_sq_km": 0.010780809572066069 }, "geometry": { "type": "Polygon", "coordinates": [ [ [ -114.2466236, 48.224031499999988 ], [ -114.2459856, 48.22546849999997 ], [ -114.2453506, 48.225437499999984 ], [ -114.2466236, 48.224031499999988 ] ] ] } },
{ "type": "Feature", "properties": { "state_po": "MT", "congressional_district": "MT-01", "pwsid": "MT0000327", "pws_name": "SEELEY LAKE WATER DISTRICT", "population_served_count": 1575, "model_method": "Random Forest", "verification_status": "", "symbology_field": "Modeled", "intersection_area_sq_km": 11.459655102310219 }, "geometry": { "type": "MultiPolygon", "coordinates": [ [ [ [ -113.4853152, 47.153367499999916 ], [ -113.4809052, 47.1554515 ], [ -113.4895122, 47.158203499999978 ], [ -113.4914732, 47.160792500000014 ], [ -113.489497199999974, 47.16270750000001 ], [ -113.490893199999974, 47.165732500000011 ], [ -113.506000199999988, 47.169333500000036 ], [ -113.516415200000012, 47.178904499999966 ], [ -113.5174142, 47.183733500000031 ], [ -113.5156322, 47.184411500000039 ], [ -113.5152472, 47.1885635 ], [ -113.5088072, 47.18525650000003 ], [ -113.505229199999974, 47.1804765 ], [ -113.4995142, 47.1802945 ], [ -113.4941762, 47.176938499999963 ], [ -113.4942692, 47.1714905 ], [ -113.489121200000014, 47.170644499999959 ], [ -113.4781842, 47.169962500000011 ], [ -113.4793912, 47.17486849999996 ], [ -113.4819222, 47.1766965 ], [ -113.4845712, 47.17624749999996 ], [ -113.4842902, 47.179177499999938 ], [ -113.4730142, 47.179153500000012 ], [ -113.4731252, 47.1731005 ], [ -113.4692092, 47.173109499999939 ], [ -113.4708872, 47.178949499999987 ], [ -113.4664612, 47.183875499999949 ], [ -113.4664632, 47.179192499999964 ], [ -113.4271642, 47.1792675 ], [ -113.4292272, 47.17783450000001 ], [ -113.4290042, 47.173117500000018 ], [ -113.4236182, 47.168250500000021 ], [ -113.4261592, 47.1633765 ], [ -113.43293220000001, 47.162993499999985 ], [ -113.4335572, 47.1606765 ], [ -113.4385052, 47.163489500000061 ], [ -113.4379872, 47.165634499999982 ], [ -113.4409212, 47.165797499999961 ], [ -113.4444652, 47.161473500000014 ], [ -113.4511412, 47.159247500000021 ], [ -113.4541722, 47.160546499999967 ], [ -113.4494632, 47.162781500000015 ], [ -113.4500942, 47.163791500000016 ], [ -113.4536432, 47.16383450000005 ], [ -113.45822219999998, 47.1611775 ], [ -113.464590199999989, 47.163318499999981 ], [ -113.4660172, 47.159847499999984 ], [ -113.4693082, 47.1611645 ], [ -113.4730102, 47.160416499999982 ], [ -113.4750612, 47.163198500000028 ], [ -113.4821522, 47.158196499999974 ], [ -113.4792092, 47.156753500000022 ], [ -113.4775242, 47.1531825 ], [ -113.4822202, 47.150474499999987 ], [ -113.4853152, 47.153367499999916 ] ] ], [ [ [ -113.4909952, 47.18984649999998 ], [ -113.4850782, 47.1863695 ], [ -113.4846072, 47.182815500000025 ], [ -113.4909952, 47.18984649999998 ] ] ] ] } },
{ "type": "Feature", "properties": { "state_po": "MT", "congressional_district": "MT-01", "pwsid": "MT0000356", "pws_name": "WEST GLACIER WUA", "population_served_count": 90, "model_method": "Random Forest", "verification_status": "", "symbology_field": "Modeled", "intersection_area_sq_km": 1.029523387450263 }, "geometry": { "type": "Polygon", "coordinates": [ [ [ -113.9886586, 48.503699599999962 ], [ -113.986392599999974, 48.510815599999958 ], [ -113.9802576, 48.506383600000014 ], [ -113.966804599999989, 48.500951599999965 ], [ -113.9673666, 48.499497599999962 ], [ -113.978612599999977, 48.499953600000026 ], [ -113.9846856, 48.4977786 ], [ -113.9886586, 48.503699599999962 ] ], [ [ -113.9799356, 48.500826600000025 ], [ -113.9793936, 48.501907600000031 ], [ -113.981334600000011, 48.501854599999987 ], [ -113.9799356, 48.500826600000025 ] ] ] } },
{ "type": "Feature", "properties": { "state_po": "MT", "congressional_district": "MT-01", "pwsid": "MT0001781", "pws_name": "BIRCH CREEK COLONY", "population_served_count": 120, "model_method": "Random Forest", "verification_status": "", "symbology_field": "Modeled", "intersection_area_sq_km": 0.030547579642596006 }, "geometry": { "type": "Polygon", "coordinates": [ [ [ -112.471908200000016, 48.248308699999953 ], [ -112.4699302, 48.248512700000049 ], [ -112.4698042, 48.246998699999985 ], [ -112.4712972, 48.246809699999986 ], [ -112.471908200000016, 48.248308699999953 ] ] ] } },
{ "type": "Feature", "properties": { "state_po": "MT", "congressional_district": "MT-01", "pwsid": "MT0001892", "pws_name": "COUNTRY ESTATES MBLE HOME PARK", "population_served_count": 125, "model_method": "Random Forest", "verification_status": "", "symbology_field": "Modeled", "intersection_area_sq_km": 0.0092848759846655866 }, "geometry": { "type": "Polygon", "coordinates": [ [ [ -114.1921126, 48.385188500000019 ], [ -114.1928966, 48.386623500000063 ], [ -114.192230599999988, 48.386703499999967 ], [ -114.1921126, 48.385188500000019 ] ] ] } },
{ "type": "Feature", "properties": { "state_po": "MT", "congressional_district": "MT-01", "pwsid": "MT0001914", "pws_name": "NEW MIAMI COLONY", "population_served_count": 130, "model_method": "Random Forest", "verification_status": "", "symbology_field": "Modeled", "intersection_area_sq_km": 0.041218216443025146 }, "geometry": { "type": "MultiPolygon", "coordinates": [ [ [ [ -112.282786099999981, 48.1912317 ], [ -112.2812471, 48.192920699999966 ], [ -112.2810341, 48.191075700000049 ], [ -112.282786099999981, 48.1912317 ] ] ], [ [ [ -112.4996042, 48.190172700000034 ], [ -112.5008212, 48.1916367 ], [ -112.4994282, 48.1916507 ], [ -112.4996042, 48.190172700000034 ] ] ] ] } },
{ "type": "Feature", "properties": { "state_po": "MT", "congressional_district": "MT-01", "pwsid": "MT0002464", "pws_name": "MILLTOWN COMMUNITY PWS SYSTEM", "population_served_count": 43, "model_method": "Random Forest", "verification_status": "", "symbology_field": "Modeled", "intersection_area_sq_km": 0.27630965716994227 }, "geometry": { "type": "Polygon", "coordinates": [ [ [ -113.6589501, 46.893587499999953 ], [ -113.6558191, 46.896229499999976 ], [ -113.6602701, 46.905686499999959 ], [ -113.6563501, 46.902759500000023 ], [ -113.6530521, 46.893743499999971 ], [ -113.6565261, 46.892693500000057 ], [ -113.6589501, 46.893587499999953 ] ] ] } },
{ "type": "Feature", "properties": { "state_po": "MT", "congressional_district": "MT-01", "pwsid": "MT0002863", "pws_name": "PONDEROSA HOMEOWNERS ASSN INC", "population_served_count": 246, "model_method": "Random Forest", "verification_status": "", "symbology_field": "Modeled", "intersection_area_sq_km": 0.62642139754929849 }, "geometry": { "type": "MultiPolygon", "coordinates": [ [ [ [ -114.2763246, 48.264139499999985 ], [ -114.2763076, 48.261323499999953 ], [ -114.2710396, 48.2596155 ], [ -114.2734126, 48.2548725 ], [ -114.28233059999998, 48.254899499999986 ], [ -114.2763246, 48.264139499999985 ] ] ], [ [ [ -114.324153599999988, 48.266141499999954 ], [ -114.3197776, 48.2670355 ], [ -114.3218436, 48.26269749999998 ], [ -114.324155600000012, 48.2631675 ], [ -114.324153599999988, 48.266141499999954 ] ] ] ] } },
{ "type": "Feature", "properties": { "state_po": "MT", "congressional_district": "MT-01", "pwsid": "MT0001851", "pws_name": "WHISPERING PINES TR CT", "population_served_count": 55, "model_method": "Parcel", "verification_status": "", "symbology_field": "Modeled", "intersection_area_sq_km": 0.012495509564963397 }, "geometry": { "type": "Polygon", "coordinates": [ [ [ -115.084246100000016, 47.3097268 ], [ -115.0841598, 47.311044 ], [ -115.083334, 47.3109103 ], [ -115.084246100000016, 47.3097268 ] ] ] } },
{ "type": "Feature", "properties": { "state_po": "MT", "congressional_district": "MT-01", "pwsid": "MT0004423", "pws_name": "TRESTLE CREEK I AND II", "population_served_count": 110, "model_method": "Random Forest", "verification_status": "", "symbology_field": "Modeled", "intersection_area_sq_km": 0.095151652742361578 }, "geometry": { "type": "Polygon", "coordinates": [ [ [ -115.0922905, 47.293900400000012 ], [ -115.0907305, 47.300459400000015 ], [ -115.089140499999985, 47.3028284 ], [ -115.087576499999983, 47.301880399999966 ], [ -115.0922905, 47.293900400000012 ] ] ] } },
{ "type": "Feature", "properties": { "state_po": "MT", "congressional_district": "MT-01", "pwsid": "MT0004345", "pws_name": "COUGAR MEADOWS", "population_served_count": 45, "model_method": "Random Forest", "verification_status": "", "symbology_field": "Modeled", "intersection_area_sq_km": 0.54076007884211552 }, "geometry": { "type": "MultiPolygon", "coordinates": [ [ [ [ -115.0979655, 47.29717440000001 ], [ -115.0917805, 47.293614399999946 ], [ -115.0918135, 47.292447399999986 ], [ -115.1000635, 47.296658399999963 ], [ -115.0979655, 47.29717440000001 ] ] ], [ [ [ -115.0988735, 47.297686399999982 ], [ -115.1027415, 47.299936399999957 ], [ -115.099102499999987, 47.302409399999988 ], [ -115.1003855, 47.30793139999998 ], [ -115.0909225, 47.3047064 ], [ -115.0988735, 47.297686399999982 ] ] ] ] } },
{ "type": "Feature", "properties": { "state_po": "MT", "congressional_district": "MT-01", "pwsid": "MT0003958", "pws_name": "NORTHWEST INDIAN BIBLE SCHOOL", "population_served_count": 100, "model_method": "Random Forest", "verification_status": "", "symbology_field": "Modeled", "intersection_area_sq_km": 0.49051315174861315 }, "geometry": { "type": "Polygon", "coordinates": [ [ [ -114.4348803, 46.991014400000068 ], [ -114.4499993, 46.994759400000049 ], [ -114.4400883, 46.9932664 ], [ -114.4231883, 46.99603740000002 ], [ -114.4147053, 47.0019634 ], [ -114.4292113, 46.991408399999962 ], [ -114.4348803, 46.991014400000068 ] ] ] } },
{ "type": "Feature", "properties": { "state_po": "MT", "congressional_district": "MT-01", "pwsid": "MT0003911", "pws_name": "SALISH SHORES TRADE WINDS COMM VILLAGE", "population_served_count": 215, "model_method": "Random Forest", "verification_status": "", "symbology_field": "Modeled", "intersection_area_sq_km": 0.44728082530194141 }, "geometry": { "type": "MultiPolygon", "coordinates": [ [ [ [ -115.319284599999989, 47.580170400000014 ], [ -115.31759959999998, 47.578742400000031 ], [ -115.3191006, 47.578551399999974 ], [ -115.319284599999989, 47.580170400000014 ] ] ], [ [ [ -115.317979600000015, 47.580505399999964 ], [ -115.318660600000015, 47.581536400000019 ], [ -115.3149576, 47.5829174 ], [ -115.3147686, 47.5867284 ], [ -115.3012816, 47.581426400000034 ], [ -115.3016026, 47.579946399999983 ], [ -115.3082726, 47.5813954 ], [ -115.317979600000015, 47.580505399999964 ] ] ] ] } },
{ "type": "Feature", "properties": { "state_po": "MT", "congressional_district": "MT-01", "pwsid": "MT0003556", "pws_name": "NORTH SHORE ESTATES HOA", "population_served_count": 65, "model_method": "Random Forest", "verification_status": "", "symbology_field": "Modeled", "intersection_area_sq_km": 0.78070226368065077 }, "geometry": { "type": "Polygon", "coordinates": [ [ [ -115.285918599999988, 47.5590694 ], [ -115.284974599999984, 47.563058400000024 ], [ -115.2899836, 47.5624024 ], [ -115.2847086, 47.564966399999989 ], [ -115.2726056, 47.565794400000016 ], [ -115.2688616, 47.564680400000078 ], [ -115.2726146, 47.56365840000003 ], [ -115.2708376, 47.5591554 ], [ -115.285918599999988, 47.5590694 ] ] ] } },
{ "type": "Feature", "properties": { "state_po": "MT", "congressional_district": "MT-01", "pwsid": "MT0001850", "pws_name": "HIGH COUNTRY PARK", "population_served_count": 76, "model_method": "Parcel", "verification_status": "", "symbology_field": "Modeled", "intersection_area_sq_km": 0.045629072083408773 }, "geometry": { "type": "Polygon", "coordinates": [ [ [ -115.0869355, 47.292931400000029 ], [ -115.0893545, 47.295022400000043 ], [ -115.0872455, 47.295042399999964 ], [ -115.0869355, 47.292931400000029 ] ] ] } },
{ "type": "Feature", "properties": { "state_po": "MT", "congressional_district": "MT-01", "pwsid": "MT0000341", "pws_name": "THOMPSON FALLS  CITY OF", "population_served_count": 1950, "model_method": "Random Forest", "verification_status": "", "symbology_field": "Modeled", "intersection_area_sq_km": 3.6068035713159166 }, "geometry": { "type": "Polygon", "coordinates": [ [ [ -115.319001599999979, 47.580107399999989 ], [ -115.3279366, 47.5863644 ], [ -115.325302600000015, 47.588964400000037 ], [ -115.3274436, 47.591623400000024 ], [ -115.3572226, 47.5950054 ], [ -115.3579266, 47.594139399999989 ], [ -115.3604836, 47.5938604 ], [ -115.3575146, 47.59368540000002 ], [ -115.3609826, 47.593272400000011 ], [ -115.3603446, 47.59432540000001 ], [ -115.3581376, 47.594945399999986 ], [ -115.359067599999989, 47.599427400000025 ], [ -115.357071600000012, 47.598124399999975 ], [ -115.35335259999998, 47.600416399999958 ], [ -115.333074599999975, 47.6002534 ], [ -115.333068599999976, 47.602959399999989 ], [ -115.3222436, 47.6023514 ], [ -115.3222336, 47.60009740000006 ], [ -115.332032599999977, 47.600127400000019 ], [ -115.3156426, 47.596327400000021 ], [ -115.3148236, 47.592926399999989 ], [ -115.3168616, 47.5893814 ], [ -115.323866599999988, 47.591270399999971 ], [ -115.3036776, 47.5840094 ], [ -115.3054616, 47.582835399999979 ], [ -115.3147686, 47.5867284 ], [ -115.3149576, 47.5829174 ], [ -115.319001599999979, 47.580107399999989 ] ] ] } },
{ "type": "Feature", "properties": { "state_po": "MT", "congressional_district": "MT-01", "pwsid": "MT0000455", "pws_name": "MOUNTAIN VIEW TRAILER COURT", "population_served_count": 42, "model_method": "Parcel", "verification_status": "", "symbology_field": "Modeled", "intersection_area_sq_km": 0.003736168816005339 }, "geometry": { "type": "Polygon", "coordinates": [ [ [ -113.8940464, 46.881879299999987 ], [ -113.893225699999988, 46.882421600000029 ], [ -113.8932411, 46.881867799999974 ], [ -113.8940464, 46.881879299999987 ] ] ] } },
{ "type": "Feature", "properties": { "state_po": "MT", "congressional_district": "MT-01", "pwsid": "MT0000193", "pws_name": "CUT BANK  CITY OF", "population_served_count": 3105, "model_method": "Random Forest", "verification_status": "", "symbology_field": "Modeled", "intersection_area_sq_km": 3.2454862978838537 }, "geometry": { "type": "Polygon", "coordinates": [ [ [ -112.3201183, 48.624475799999949 ], [ -112.3307143, 48.62346280000002 ], [ -112.3339583, 48.626407799999967 ], [ -112.3332873, 48.628128800000034 ], [ -112.339256299999988, 48.628651799999986 ], [ -112.337303299999988, 48.631071799999958 ], [ -112.3406563, 48.631734800000082 ], [ -112.339481299999989, 48.63222780000001 ], [ -112.342050300000011, 48.6339488 ], [ -112.342043299999986, 48.631652799999941 ], [ -112.346034300000014, 48.632644799999973 ], [ -112.3469773, 48.6341458 ], [ -112.342053299999989, 48.638355800000014 ], [ -112.3425163, 48.640965800000032 ], [ -112.3371663, 48.641119799999956 ], [ -112.344738299999989, 48.64106079999997 ], [ -112.344901299999989, 48.644714800000024 ], [ -112.3365933, 48.641359799999982 ], [ -112.3353703, 48.6428058 ], [ -112.3297063, 48.64266979999995 ], [ -112.3265913, 48.640396799999976 ], [ -112.3203233, 48.64553079999996 ], [ -112.3201763, 48.632449800000032 ], [ -112.3142923, 48.6285488 ], [ -112.3162433, 48.628703799999968 ], [ -112.3162333, 48.62716180000006 ], [ -112.320147299999988, 48.627761799999988 ], [ -112.3201183, 48.624475799999949 ] ] ] } },
{ "type": "Feature", "properties": { "state_po": "MT", "congressional_district": "MT-01", "pwsid": "MT0000566", "pws_name": "GLACIER COLONY", "population_served_count": 80, "model_method": "Random Forest", "verification_status": "", "symbology_field": "Modeled", "intersection_area_sq_km": 0.0088652617626050808 }, "geometry": { "type": "Polygon", "coordinates": [ [ [ -112.3357193, 48.634390799999984 ], [ -112.3347573, 48.635831799999963 ], [ -112.3342193, 48.635516799999962 ], [ -112.3357193, 48.634390799999984 ] ] ] } },
{ "type": "Feature", "properties": { "state_po": "MT", "congressional_district": "MT-01", "pwsid": "MT0000305", "pws_name": "PLAINS  TOWN OF", "population_served_count": 1700, "model_method": "Random Forest", "verification_status": "", "symbology_field": "Modeled", "intersection_area_sq_km": 2.4831661619861509 }, "geometry": { "type": "MultiPolygon", "coordinates": [ [ [ [ -114.8747915, 47.451816400000013 ], [ -114.8835405, 47.4547464 ], [ -114.8928835, 47.455100399999971 ], [ -114.8913015, 47.457213400000015 ], [ -114.8962455, 47.4578874 ], [ -114.8961995, 47.462264400000038 ], [ -114.885178499999981, 47.462202400000031 ], [ -114.8921385, 47.469533400000017 ], [ -114.88459349999998, 47.469508399999988 ], [ -114.8846415, 47.466032400000024 ], [ -114.8778565, 47.46583040000003 ], [ -114.8779065, 47.456132400000058 ], [ -114.8732465, 47.453093400000036 ], [ -114.870856499999988, 47.454395400000038 ], [ -114.8650725, 47.453831399999977 ], [ -114.8747915, 47.451816400000013 ] ] ], [ [ [ -114.893699499999983, 47.470667400000067 ], [ -114.907224500000012, 47.4840084 ], [ -114.8933105, 47.4839514 ], [ -114.893699499999983, 47.470667400000067 ] ] ] ] } },
{ "type": "Feature", "properties": { "state_po": "MT", "congressional_district": "MT-01", "pwsid": "MT0000251", "pws_name": "HOT SPRINGS MUNICIPAL WATER", "population_served_count": 600, "model_method": "Random Forest", "verification_status": "", "symbology_field": "Modeled", "intersection_area_sq_km": 0.9326666533637733 }, "geometry": { "type": "Polygon", "coordinates": [ [ [ -114.6688095, 47.605422399999981 ], [ -114.679603500000013, 47.605327400000014 ], [ -114.6796325, 47.609054399999984 ], [ -114.6750835, 47.609046400000011 ], [ -114.6770825, 47.609572400000069 ], [ -114.6778895, 47.612677399999946 ], [ -114.661454499999977, 47.612725400000031 ], [ -114.6633705, 47.6056034 ], [ -114.667331499999989, 47.607771399999976 ], [ -114.6688095, 47.605422399999981 ] ] ] } },
{ "type": "Feature", "properties": { "state_po": "MT", "congressional_district": "MT-01", "pwsid": "MT0000015", "pws_name": "ALBERTON  TOWN OF", "population_served_count": 495, "model_method": "Random Forest", "verification_status": "", "symbology_field": "Modeled", "intersection_area_sq_km": 1.417475469976653 }, "geometry": { "type": "Polygon", "coordinates": [ [ [ -114.493750299999988, 47.0055884 ], [ -114.4937803, 47.009125400000016 ], [ -114.4831203, 47.009072400000036 ], [ -114.4831143, 47.006609399999967 ], [ -114.4778193, 47.0065774 ], [ -114.4777933, 47.00479839999997 ], [ -114.467251299999987, 47.004704399999945 ], [ -114.4671963, 46.998819399999981 ], [ -114.4770933, 47.0004194 ], [ -114.4863743, 46.999578399999983 ], [ -114.493750299999988, 47.0055884 ] ] ] } },
{ "type": "Feature", "properties": { "state_po": "MT", "congressional_district": "MT-01", "pwsid": "MT0000540", "pws_name": "EMKAYAN VILLAGE CO WATER AND SEWER DIST", "population_served_count": 160, "model_method": "Random Forest", "verification_status": "", "symbology_field": "Modeled", "intersection_area_sq_km": 0.33359528622819801 }, "geometry": { "type": "MultiPolygon", "coordinates": [ [ [ [ -115.3250148, 48.395886400000059 ], [ -115.3203448, 48.400280400000042 ], [ -115.3200888, 48.4039474 ], [ -115.316596800000013, 48.410707400000014 ], [ -115.314762800000011, 48.409850399999982 ], [ -115.319268799999989, 48.4041074 ], [ -115.3195138, 48.4001304 ], [ -115.3250148, 48.395886400000059 ] ] ], [ [ [ -115.4442678, 48.3858714 ], [ -115.4466908, 48.3889964 ], [ -115.449230799999981, 48.394928400000026 ], [ -115.446773799999988, 48.394969400000065 ], [ -115.44641080000001, 48.391386399999938 ], [ -115.4447938, 48.391398399999972 ], [ -115.441713799999988, 48.385658399999961 ], [ -115.4442678, 48.3858714 ] ] ] ] } },
{ "type": "Feature", "properties": { "state_po": "MT", "congressional_district": "MT-01", "pwsid": "MT0000553", "pws_name": "RIVERS EDGE MOBILE PARK  LIBBY", "population_served_count": 60, "model_method": "Parcel", "verification_status": "", "symbology_field": "Modeled", "intersection_area_sq_km": 0.016815554157978297 }, "geometry": { "type": "Polygon", "coordinates": [ [ [ -115.4844219, 48.4174174 ], [ -115.4829289, 48.417647399999971 ], [ -115.4821159, 48.418188400000027 ], [ -115.482262899999981, 48.4171454 ], [ -115.4844219, 48.4174174 ] ] ] } },
{ "type": "Feature", "properties": { "state_po": "MT", "congressional_district": "MT-01", "pwsid": "MT0000582", "pws_name": "ANGEL ISLAND SUBDIVISION", "population_served_count": 150, "model_method": "Random Forest", "verification_status": "", "symbology_field": "Modeled", "intersection_area_sq_km": 0.36971374074065505 }, "geometry": { "type": "Polygon", "coordinates": [ [ [ -115.8562729, 48.25469240000001 ], [ -115.8539939, 48.25899740000002 ], [ -115.8490219, 48.259020400000011 ], [ -115.8506719, 48.252108399999983 ], [ -115.8541759, 48.2514514 ], [ -115.8562729, 48.25469240000001 ] ] ] } },
{ "type": "Feature", "properties": { "state_po": "MT", "congressional_district": "MT-01", "pwsid": "MT0000621", "pws_name": "MISSION MEADOWS RV CAMPSITE PARK, INC.", "population_served_count": 200, "model_method": "Random Forest", "verification_status": "", "symbology_field": "Modeled", "intersection_area_sq_km": 11.613646471146545 }, "geometry": { "type": "Polygon", "coordinates": [ [ [ -114.1132274, 47.558714500000015 ], [ -114.1210094, 47.560033499999975 ], [ -114.1257754, 47.558713499999968 ], [ -114.1647194, 47.558754500000035 ], [ -114.1659084, 47.560981500000025 ], [ -114.1683484, 47.5610965 ], [ -114.167125399999989, 47.563063500000034 ], [ -114.1707044, 47.563269500000033 ], [ -114.1771974, 47.56750150000007 ], [ -114.1772264, 47.57325150000004 ], [ -114.1558054, 47.573234499999948 ], [ -114.1558534, 47.587698500000016 ], [ -114.1239704, 47.5876935 ], [ -114.124254400000012, 47.580864500000018 ], [ -114.1187444, 47.580412500000023 ], [ -114.1184264, 47.583291500000101 ], [ -114.113598400000015, 47.580318499999947 ], [ -114.1132274, 47.558714500000015 ] ], [ [ -114.1241554, 47.564000500000027 ], [ -114.1224534, 47.5664325 ], [ -114.1230474, 47.569615499999983 ], [ -114.1238814, 47.569615499999983 ], [ -114.1241554, 47.564000500000027 ] ] ] } },
{ "type": "Feature", "properties": { "state_po": "MT", "congressional_district": "MT-01", "pwsid": "MT0000646", "pws_name": "MOBILE CITY TRAILER COURT", "population_served_count": 175, "model_method": "Parcel", "verification_status": "", "symbology_field": "Modeled", "intersection_area_sq_km": 0.015615188885224287 }, "geometry": { "type": "Polygon", "coordinates": [ [ [ -114.0210872, 46.8749014 ], [ -114.019216199999988, 46.8756124 ], [ -114.0188832, 46.875261399999971 ], [ -114.0210872, 46.8749014 ] ] ] } },
{ "type": "Feature", "properties": { "state_po": "MT", "congressional_district": "MT-01", "pwsid": "MT0001018", "pws_name": "PARADISE PINES", "population_served_count": 95, "model_method": "Decision Tree", "verification_status": "", "symbology_field": "Modeled", "intersection_area_sq_km": 0.049962687950915817 }, "geometry": { "type": "Polygon", "coordinates": [ [ [ -114.031720400000012, 47.733417499999959 ], [ -114.0302794, 47.7350565 ], [ -114.0277514, 47.7349885 ], [ -114.0289294, 47.73308549999998 ], [ -114.031720400000012, 47.733417499999959 ] ] ] } },
{ "type": "Feature", "properties": { "state_po": "MT", "congressional_district": "MT-01", "pwsid": "MT0001145", "pws_name": "CRYSTAL LAKE SUBDIVISION HOA", "population_served_count": 34, "model_method": "Random Forest", "verification_status": "", "symbology_field": "Modeled", "intersection_area_sq_km": 0.036113524552654104 }, "geometry": { "type": "Polygon", "coordinates": [ [ [ -114.9052108, 48.763093499999975 ], [ -114.9050798, 48.7650225 ], [ -114.9021908, 48.765237499999976 ], [ -114.90339680000001, 48.763261500000034 ], [ -114.9052108, 48.763093499999975 ] ] ] } },
{ "type": "Feature", "properties": { "state_po": "MT", "congressional_district": "MT-01", "pwsid": "MT0001670", "pws_name": "MEADOWLAND HOA", "population_served_count": 150, "model_method": "Random Forest", "verification_status": "", "symbology_field": "Modeled", "intersection_area_sq_km": 0.29136708264432998 }, "geometry": { "type": "Polygon", "coordinates": [ [ [ -114.3489026, 48.218209499999979 ], [ -114.3469426, 48.216420499999963 ], [ -114.3465076, 48.2188965 ], [ -114.339103599999987, 48.219401500000046 ], [ -114.3426106, 48.214532499999919 ], [ -114.345259599999977, 48.2144335 ], [ -114.3429626, 48.2136765 ], [ -114.3432706, 48.211538500000032 ], [ -114.3456936, 48.211496500000031 ], [ -114.3489026, 48.218209499999979 ] ] ] } },
{ "type": "Feature", "properties": { "state_po": "MT", "congressional_district": "MT-01", "pwsid": "MT0001672", "pws_name": "MORNING STAR", "population_served_count": 85, "model_method": "Random Forest", "verification_status": "", "symbology_field": "Modeled", "intersection_area_sq_km": 0.017610390087532589 }, "geometry": { "type": "Polygon", "coordinates": [ [ [ -114.2932396, 48.18171450000002 ], [ -114.2917936, 48.183005500000064 ], [ -114.2914756, 48.1817265 ], [ -114.2932396, 48.18171450000002 ] ] ] } },
{ "type": "Feature", "properties": { "state_po": "MT", "congressional_district": "MT-01", "pwsid": "MT0001740", "pws_name": "ST IGNATIUS  TOWN OF", "population_served_count": 700, "model_method": "Random Forest", "verification_status": "", "symbology_field": "Modeled", "intersection_area_sq_km": 2.2809011980405374 }, "geometry": { "type": "MultiPolygon", "coordinates": [ [ [ [ -114.1155743, 47.312854499999958 ], [ -114.1074063, 47.318366499999982 ], [ -114.1049043, 47.317516499999989 ], [ -114.1055693, 47.316258499999968 ], [ -114.1035603, 47.316806500000034 ], [ -114.1043393, 47.3146845 ], [ -114.1013343, 47.3139855 ], [ -114.1041383, 47.311095500000029 ], [ -114.1098753, 47.3095085 ], [ -114.1155743, 47.312854499999958 ] ] ], [ [ [ -114.2966744, 47.311913400000051 ], [ -114.2705814, 47.298415399999975 ], [ -114.250057399999989, 47.2897705 ], [ -114.2030923, 47.2801825 ], [ -114.2500004, 47.289446499999954 ], [ -114.2763774, 47.300296400000036 ], [ -114.2957984, 47.306131399999941 ], [ -114.2987694, 47.31091739999998 ], [ -114.2966744, 47.311913400000051 ] ] ], [ [ [ -114.0913683, 47.3159695 ], [ -114.0916183, 47.317726499999978 ], [ -114.0993073, 47.317749500000026 ], [ -114.0992103, 47.320010500000024 ], [ -114.1031233, 47.3212665 ], [ -114.1022503, 47.3230695 ], [ -114.0968423, 47.323994499999969 ], [ -114.096856300000013, 47.3267065 ], [ -114.091451299999989, 47.3267105 ], [ -114.0914633, 47.3240635 ], [ -114.086104299999988, 47.3208795 ], [ -114.0880733, 47.3171085 ], [ -114.0913683, 47.3159695 ] ] ] ] } },
{ "type": "Feature", "properties": { "state_po": "MT", "congressional_district": "MT-01", "pwsid": "MT0002120", "pws_name": "HIDDEN HEIGHTS HOA", "population_served_count": 65, "model_method": "Random Forest", "verification_status": "", "symbology_field": "Modeled", "intersection_area_sq_km": 0.15855019547720783 }, "geometry": { "type": "MultiPolygon", "coordinates": [ [ [ [ -114.1127862, 46.847585399999979 ], [ -114.110005199999989, 46.848584400000028 ], [ -114.1087182, 46.8461244 ], [ -114.1129712, 46.845697399999942 ], [ -114.1127862, 46.847585399999979 ] ] ], [ [ [ -114.134979199999989, 46.850709399999985 ], [ -114.1317942, 46.849046400000013 ], [ -114.1246942, 46.847615399999953 ], [ -114.1328032, 46.848421400000056 ], [ -114.134979199999989, 46.850709399999985 ] ] ] ] } },
{ "type": "Feature", "properties": { "state_po": "MT", "congressional_district": "MT-01", "pwsid": "MT0002540", "pws_name": "HIGH QUALITY H2O", "population_served_count": 200, "model_method": "Random Forest", "verification_status": "", "symbology_field": "Modeled", "intersection_area_sq_km": 0.011124163405680719 }, "geometry": { "type": "Polygon", "coordinates": [ [ [ -114.0294872, 46.871319399999976 ], [ -114.0316482, 46.871930400000018 ], [ -114.0294842, 46.871933400000025 ], [ -114.0294872, 46.871319399999976 ] ] ] } },
{ "type": "Feature", "properties": { "state_po": "MT", "congressional_district": "MT-01", "pwsid": "MT0002635", "pws_name": "OLD HELLGATE VILLAGE  MSLA", "population_served_count": 140, "model_method": "Parcel", "verification_status": "", "symbology_field": "Modeled", "intersection_area_sq_km": 0.0045465444507959297 }, "geometry": { "type": "Polygon", "coordinates": [ [ [ -114.0818532, 46.884002400000064 ], [ -114.0826162, 46.884723399999949 ], [ -114.081868199999988, 46.884686400000035 ], [ -114.0818532, 46.884002400000064 ] ] ] } },
{ "type": "Feature", "properties": { "state_po": "MT", "congressional_district": "MT-01", "pwsid": "MT0002846", "pws_name": "COUNTRY ESTATES WATER SUPPLY", "population_served_count": 430, "model_method": "Random Forest", "verification_status": "", "symbology_field": "Modeled", "intersection_area_sq_km": 0.86525516442299588 }, "geometry": { "type": "Polygon", "coordinates": [ [ [ -114.3415166, 48.240438499999961 ], [ -114.3413166, 48.247292499999979 ], [ -114.3413076, 48.254945500000026 ], [ -114.3322126, 48.2517895 ], [ -114.335658599999988, 48.2486095 ], [ -114.3324386, 48.249130500000078 ], [ -114.3314416, 48.2470535 ], [ -114.3331506, 48.2460595 ], [ -114.3305216, 48.245232500000043 ], [ -114.3304656, 48.240443499999948 ], [ -114.3365006, 48.242457499999972 ], [ -114.3360396, 48.245174499999969 ], [ -114.3404116, 48.243440500000013 ], [ -114.3383416, 48.240438499999961 ], [ -114.3415166, 48.240438499999961 ] ] ] } },
{ "type": "Feature", "properties": { "state_po": "MT", "congressional_district": "MT-01", "pwsid": "MT0002985", "pws_name": "WILDERNESS PLATEAU WATER AND SEWER DIST", "population_served_count": 208, "model_method": "Random Forest", "verification_status": "", "symbology_field": "Modeled", "intersection_area_sq_km": 0.30433620905512809 }, "geometry": { "type": "Polygon", "coordinates": [ [ [ -115.863620900000015, 48.432877400000031 ], [ -115.8649199, 48.435599400000015 ], [ -115.8625209, 48.43798240000001 ], [ -115.852847900000015, 48.4375714 ], [ -115.8528499, 48.43344339999998 ], [ -115.854926899999981, 48.436226400000038 ], [ -115.8607639, 48.43283940000002 ], [ -115.863620900000015, 48.432877400000031 ] ] ] } },
{ "type": "Feature", "properties": { "state_po": "MT", "congressional_district": "MT-01", "pwsid": "MT0003215", "pws_name": "MONTANA TRAILER COURT", "population_served_count": 73, "model_method": "Random Forest", "verification_status": "", "symbology_field": "Modeled", "intersection_area_sq_km": 0.046910531626406529 }, "geometry": { "type": "Polygon", "coordinates": [ [ [ -114.0223972, 46.871969400000033 ], [ -114.0262062, 46.872942400000035 ], [ -114.0262022, 46.873925399999983 ], [ -114.0224392, 46.8739084 ], [ -114.0223972, 46.871969400000033 ] ] ] } },
{ "type": "Feature", "properties": { "state_po": "MT", "congressional_district": "MT-01", "pwsid": "MT0003224", "pws_name": "PINEWOOD SHORES WUA", "population_served_count": 46, "model_method": "Random Forest", "verification_status": "", "symbology_field": "Modeled", "intersection_area_sq_km": 0.21950525824487541 }, "geometry": { "type": "MultiPolygon", "coordinates": [ [ [ [ -114.1454674, 47.761487499999987 ], [ -114.1438524, 47.762290500000027 ], [ -114.1433874, 47.758464499999974 ], [ -114.14072539999998, 47.756313500000012 ], [ -114.1387784, 47.756579499999958 ], [ -114.1390524, 47.7536245 ], [ -114.1445894, 47.756804499999966 ], [ -114.1454674, 47.761487499999987 ] ] ], [ [ [ -114.1665194, 47.757559500000013 ], [ -114.1643494, 47.7625075 ], [ -114.163061399999989, 47.76241450000002 ], [ -114.163759399999989, 47.758996499999981 ], [ -114.1665194, 47.757559500000013 ] ] ] ] } },
{ "type": "Feature", "properties": { "state_po": "MT", "congressional_district": "MT-01", "pwsid": "MT0003229", "pws_name": "ALPINE VILLAGE WUA", "population_served_count": 125, "model_method": "Random Forest", "verification_status": "", "symbology_field": "Modeled", "intersection_area_sq_km": 0.32965705965102687 }, "geometry": { "type": "MultiPolygon", "coordinates": [ [ [ [ -114.3512885, 48.445731599999988 ], [ -114.3526944, 48.4508627 ], [ -114.3500374, 48.4508816 ], [ -114.349967299999989, 48.453260600000021 ], [ -114.3497635, 48.44732960000006 ], [ -114.3455286, 48.443161499999981 ], [ -114.3453017, 48.4400165 ], [ -114.3510047, 48.440021599999987 ], [ -114.3500105, 48.447292600000026 ], [ -114.3512885, 48.445731599999988 ] ] ], [ [ [ -114.3552585, 48.447921699999988 ], [ -114.353649499999989, 48.447071699999981 ], [ -114.3538845, 48.4460767 ], [ -114.3549925, 48.446303699999916 ], [ -114.3552585, 48.447921699999988 ] ] ] ] } },
{ "type": "Feature", "properties": { "state_po": "MT", "congressional_district": "MT-01", "pwsid": "MT0003261", "pws_name": "GRINELL ESTATES HOA", "population_served_count": 48, "model_method": "Random Forest", "verification_status": "", "symbology_field": "Modeled", "intersection_area_sq_km": 0.2215464450185646 }, "geometry": { "type": "Polygon", "coordinates": [ [ [ -114.251562299999989, 47.019430400000026 ], [ -114.251838299999989, 47.0185174 ], [ -114.2734923, 47.024645399999955 ], [ -114.2856353, 47.0253434 ], [ -114.2856793, 47.026273400000022 ], [ -114.274628299999989, 47.0250974 ], [ -114.251562299999989, 47.019430400000026 ] ] ] } },
{ "type": "Feature", "properties": { "state_po": "MT", "congressional_district": "MT-01", "pwsid": "MT0003283", "pws_name": "C AND D HOA", "population_served_count": 140, "model_method": "Random Forest", "verification_status": "", "symbology_field": "Modeled", "intersection_area_sq_km": 0.16555179724787369 }, "geometry": { "type": "Polygon", "coordinates": [ [ [ -114.0413092, 46.866987399999985 ], [ -114.0419622, 46.874160400000022 ], [ -114.0379522, 46.8760024 ], [ -114.0395822, 46.8669044 ], [ -114.0413092, 46.866987399999985 ] ], [ [ -114.0398962, 46.868124400000028 ], [ -114.0403632, 46.868388399999979 ], [ -114.0403412, 46.868125400000025 ], [ -114.0398962, 46.868124400000028 ] ] ] } },
{ "type": "Feature", "properties": { "state_po": "MT", "congressional_district": "MT-01", "pwsid": "MT0003305", "pws_name": "GRANT CREEK WATER USERS ASSOCIATION INC", "population_served_count": 380, "model_method": "Random Forest", "verification_status": "", "symbology_field": "Modeled", "intersection_area_sq_km": 9.5995168521784784 }, "geometry": { "type": "Polygon", "coordinates": [ [ [ -114.0133412, 46.898027400000018 ], [ -114.0231782, 46.90588540000001 ], [ -114.0230192, 46.92252740000005 ], [ -114.0200382, 46.922517400000018 ], [ -114.019718200000014, 46.924137399999921 ], [ -114.0251002, 46.923933399999939 ], [ -114.0257032, 46.92272640000003 ], [ -114.0269152, 46.9236684 ], [ -114.0269322, 46.921040400000038 ], [ -114.0306842, 46.921069399999986 ], [ -114.0283872, 46.926087399999965 ], [ -114.0224992, 46.931279400000015 ], [ -114.0205422, 46.936592399999988 ], [ -114.0327422, 46.951738399999982 ], [ -114.028925199999989, 46.948940399999969 ], [ -114.0219262, 46.94928239999998 ], [ -114.0188642, 46.9444754 ], [ -114.008557199999984, 46.949945399999976 ], [ -114.0075572, 46.939576399999979 ], [ -114.016300199999975, 46.94001440000001 ], [ -114.019255199999989, 46.934962400000018 ], [ -113.9810112, 46.914264399999944 ], [ -113.9866062, 46.9142194 ], [ -113.986885199999975, 46.899723399999971 ], [ -113.998052199999989, 46.899700399999979 ], [ -114.0014202, 46.900720399999969 ], [ -113.9974472, 46.900212400000029 ], [ -113.997433199999989, 46.906901399999981 ], [ -114.0026132, 46.906919399999957 ], [ -114.0026392, 46.9002854 ], [ -114.0133412, 46.898027400000018 ] ] ] } },
{ "type": "Feature", "properties": { "state_po": "MT", "congressional_district": "MT-01", "pwsid": "MT0003376", "pws_name": "SHELTER BAY ESTATES", "population_served_count": 56, "model_method": "Random Forest", "verification_status": "", "symbology_field": "Modeled", "intersection_area_sq_km": 0.49352897761825398 }, "geometry": { "type": "MultiPolygon", "coordinates": [ [ [ [ -114.2084285, 47.902259500000014 ], [ -114.2078725, 47.901156499999942 ], [ -114.2073405, 47.900846500000029 ], [ -114.2061045, 47.9016715 ], [ -114.2053015, 47.902666499999981 ], [ -114.2058395, 47.901813500000038 ], [ -114.2069975, 47.900701499999975 ], [ -114.2078045, 47.900701499999975 ], [ -114.2084285, 47.902259500000014 ] ] ], [ [ [ -114.2125675, 47.903488499999952 ], [ -114.203642500000015, 47.9101955 ], [ -114.1973335, 47.910599499999947 ], [ -114.198043499999983, 47.906002499999978 ], [ -114.2019375, 47.908515500000043 ], [ -114.2070605, 47.901135499999931 ], [ -114.2076535, 47.901088500000021 ], [ -114.2081905, 47.9022455 ], [ -114.208825499999989, 47.902558500000026 ], [ -114.2120215, 47.901778499999963 ], [ -114.2125675, 47.903488499999952 ] ] ] ] } },
{ "type": "Feature", "properties": { "state_po": "MT", "congressional_district": "MT-01", "pwsid": "MT0003393", "pws_name": "TAMARACK WOODS HOA  LAKESIDE", "population_served_count": 180, "model_method": "Random Forest", "verification_status": "", "symbology_field": "Modeled", "intersection_area_sq_km": 1.1202288304668877 }, "geometry": { "type": "Polygon", "coordinates": [ [ [ -114.2175885, 48.005075500000011 ], [ -114.2248575, 48.0169525 ], [ -114.2303205, 48.01688450000001 ], [ -114.2303005, 48.018078499999959 ], [ -114.224639499999981, 48.018109500000058 ], [ -114.223062500000012, 48.0194945 ], [ -114.2194785, 48.01405350000001 ], [ -114.2131925, 48.0121735 ], [ -114.2139285, 48.002300499999976 ], [ -114.2100345, 47.997140499999951 ], [ -114.211082499999989, 47.996321500000029 ], [ -114.2151885, 48.001842500000016 ], [ -114.2191425, 48.001751499999969 ], [ -114.221154500000011, 48.0038495 ], [ -114.222583500000013, 47.997652500000029 ], [ -114.2256415, 48.0011595 ], [ -114.2274315, 48.005580500000015 ], [ -114.225897499999988, 48.006476499999941 ], [ -114.2236535, 48.004623500000015 ], [ -114.2175885, 48.005075500000011 ] ] ] } },
{ "type": "Feature", "properties": { "state_po": "MT", "congressional_district": "MT-01", "pwsid": "MT0003414", "pws_name": "WEST VALLEY PINES HOA INC", "population_served_count": 130, "model_method": "Random Forest", "verification_status": "", "symbology_field": "Modeled", "intersection_area_sq_km": 0.074097304799768324 }, "geometry": { "type": "Polygon", "coordinates": [ [ [ -114.4019586, 48.244521499999969 ], [ -114.4055366, 48.247506499999965 ], [ -114.4020746, 48.2475095 ], [ -114.4019586, 48.244521499999969 ] ] ] } },
{ "type": "Feature", "properties": { "state_po": "MT", "congressional_district": "MT-01", "pwsid": "MT0003565", "pws_name": "EAST VIEW ACRES WATER SYSTEM", "population_served_count": 25, "model_method": "Random Forest", "verification_status": "", "symbology_field": "Modeled", "intersection_area_sq_km": 0.053145818107195285 }, "geometry": { "type": "Polygon", "coordinates": [ [ [ -113.9351962, 46.87926939999997 ], [ -113.9405222, 46.8790484 ], [ -113.9354842, 46.88182740000002 ], [ -113.9351962, 46.87926939999997 ] ] ] } },
{ "type": "Feature", "properties": { "state_po": "MT", "congressional_district": "MT-01", "pwsid": "MT0003594", "pws_name": "FOREST VIEW HOA", "population_served_count": 65, "model_method": "Random Forest", "verification_status": "", "symbology_field": "Modeled", "intersection_area_sq_km": 0.6071169804171016 }, "geometry": { "type": "Polygon", "coordinates": [ [ [ -114.0813372, 46.642237399999985 ], [ -114.0710282, 46.642643399999976 ], [ -114.0789202, 46.631658399999985 ], [ -114.0810762, 46.631745400000021 ], [ -114.0813372, 46.642237399999985 ] ] ] } },
{ "type": "Feature", "properties": { "state_po": "MT", "congressional_district": "MT-01", "pwsid": "MT0003630", "pws_name": "SPRING MEADOWS COUNTY WATER DISTRICT", "population_served_count": 162, "model_method": "Random Forest", "verification_status": "", "symbology_field": "Modeled", "intersection_area_sq_km": 0.90178161529854484 }, "geometry": { "type": "Polygon", "coordinates": [ [ [ -114.131431299999988, 46.955708399999956 ], [ -114.1315113, 46.957488399999981 ], [ -114.1255903, 46.95851739999997 ], [ -114.1287203, 46.960029399999968 ], [ -114.1281923, 46.961574400000011 ], [ -114.1316993, 46.961657399999957 ], [ -114.1318233, 46.964942399999977 ], [ -114.1166713, 46.963980399999983 ], [ -114.1147533, 46.957673400000033 ], [ -114.1241743, 46.957697400000022 ], [ -114.1241643, 46.955746400000017 ], [ -114.131431299999988, 46.955708399999956 ] ] ] } },
{ "type": "Feature", "properties": { "state_po": "MT", "congressional_district": "MT-01", "pwsid": "MT0003692", "pws_name": "KATOONAH LODGES", "population_served_count": 258, "model_method": "Parcel", "verification_status": "", "symbology_field": "Modeled", "intersection_area_sq_km": 0.064897622207900629 }, "geometry": { "type": "Polygon", "coordinates": [ [ [ -114.0798332, 46.885693400000051 ], [ -114.0785322, 46.887944399999988 ], [ -114.0752932, 46.8864504 ], [ -114.0798332, 46.885693400000051 ] ] ] } },
{ "type": "Feature", "properties": { "state_po": "MT", "congressional_district": "MT-01", "pwsid": "MT0003694", "pws_name": "CARPENTER LAKE HOA", "population_served_count": 65, "model_method": "Random Forest", "verification_status": "", "symbology_field": "Modeled", "intersection_area_sq_km": 0.081853945488002539 }, "geometry": { "type": "Polygon", "coordinates": [ [ [ -115.0828389, 48.911017499999943 ], [ -115.0805679, 48.909839500000047 ], [ -115.0775569, 48.9054725 ], [ -115.0791979, 48.9054595 ], [ -115.0828389, 48.911017499999943 ] ] ] } },
{ "type": "Feature", "properties": { "state_po": "MT", "congressional_district": "MT-01", "pwsid": "MT0003710", "pws_name": "AMITY SQUARE WATER SYSTEM", "population_served_count": 50, "model_method": "Random Forest", "verification_status": "", "symbology_field": "Modeled", "intersection_area_sq_km": 0.42267696356255491 }, "geometry": { "type": "MultiPolygon", "coordinates": [ [ [ [ -114.052284199999988, 46.850575399999983 ], [ -114.0515042, 46.852089399999969 ], [ -114.051485199999988, 46.850577400000013 ], [ -114.052284199999988, 46.850575399999983 ] ] ], [ [ [ -114.0501212, 46.85427939999996 ], [ -114.0447442, 46.85422140000005 ], [ -114.0447802, 46.850570399999974 ], [ -114.0500162, 46.850598399999974 ], [ -114.0501212, 46.85427939999996 ] ] ], [ [ [ -114.0909012, 46.863176399999972 ], [ -114.0814142, 46.863220400000017 ], [ -114.0814142, 46.859594400000042 ], [ -114.0882082, 46.8596054 ], [ -114.088431199999988, 46.861412399999985 ], [ -114.0908902, 46.8614314 ], [ -114.0909012, 46.863176399999972 ] ] ] ] } },
{ "type": "Feature", "properties": { "state_po": "MT", "congressional_district": "MT-01", "pwsid": "MT0003736", "pws_name": "BARNABY LAKE HOA", "population_served_count": 75, "model_method": "Random Forest", "verification_status": "", "symbology_field": "Modeled", "intersection_area_sq_km": 0.049846988693416638 }, "geometry": { "type": "Polygon", "coordinates": [ [ [ -114.772334799999982, 48.669750499999964 ], [ -114.771059799999989, 48.670709499999973 ], [ -114.7713168, 48.674326500000035 ], [ -114.770964800000016, 48.674370499999945 ], [ -114.769091800000012, 48.667292499999959 ], [ -114.772334799999982, 48.669750499999964 ] ] ] } },
{ "type": "Feature", "properties": { "state_po": "MT", "congressional_district": "MT-01", "pwsid": "MT0003792", "pws_name": "OVERLOOK SUBDIVISION", "population_served_count": 49, "model_method": "Random Forest", "verification_status": "", "symbology_field": "Modeled", "intersection_area_sq_km": 2.3286135179626632 }, "geometry": { "type": "Polygon", "coordinates": [ [ [ -114.185987400000016, 47.665159499999959 ], [ -114.1947144, 47.6666885 ], [ -114.198184399999988, 47.670818500000024 ], [ -114.1916514, 47.6835545 ], [ -114.1830814, 47.68807850000001 ], [ -114.183090400000012, 47.685551500000024 ], [ -114.177673399999989, 47.6855315 ], [ -114.177508399999979, 47.676067499999974 ], [ -114.1835514, 47.67294849999994 ], [ -114.185987400000016, 47.665159499999959 ] ] ] } },
{ "type": "Feature", "properties": { "state_po": "MT", "congressional_district": "MT-01", "pwsid": "MT0004021", "pws_name": "MAGNOLIA ESTATES", "population_served_count": 140, "model_method": "Parcel", "verification_status": "", "symbology_field": "Modeled", "intersection_area_sq_km": 0.067981881913566841 }, "geometry": { "type": "Polygon", "coordinates": [ [ [ -114.1907593, 46.942104399999955 ], [ -114.1962893, 46.9420324 ], [ -114.196627299999989, 46.943145399999963 ], [ -114.1907593, 46.942104399999955 ] ] ] } },
{ "type": "Feature", "properties": { "state_po": "MT", "congressional_district": "MT-01", "pwsid": "MT0004052", "pws_name": "IRON HORSE HOMEOWNERS ASSOC", "population_served_count": 335, "model_method": "Random Forest", "verification_status": "", "symbology_field": "Modeled", "intersection_area_sq_km": 5.3405388914793468 }, "geometry": { "type": "MultiPolygon", "coordinates": [ [ [ [ -114.3388626, 48.436122499999982 ], [ -114.3437096, 48.439086499999938 ], [ -114.3473636, 48.4396965 ], [ -114.3475906, 48.442841500000071 ], [ -114.3518256, 48.447009500000043 ], [ -114.3520296, 48.4529405 ], [ -114.352099599999974, 48.45056150000002 ], [ -114.3547566, 48.450542499999983 ], [ -114.354474599999975, 48.448219499999951 ], [ -114.3565196, 48.448727500000011 ], [ -114.3577256, 48.453095499999989 ], [ -114.3550516, 48.4531925 ], [ -114.3552386, 48.455675499999984 ], [ -114.3582576, 48.459848500000014 ], [ -114.3453026, 48.456151499999983 ], [ -114.3482026, 48.459811500000043 ], [ -114.3411526, 48.458711500000042 ], [ -114.3363626, 48.4602755 ], [ -114.3360336, 48.457868500000039 ], [ -114.3295076, 48.458782499999977 ], [ -114.3294176, 48.454080499999968 ], [ -114.3232986, 48.45410050000001 ], [ -114.3232006, 48.4468325 ], [ -114.3339876, 48.445545499999973 ], [ -114.3319296, 48.443352499999989 ], [ -114.3411456, 48.44331750000002 ], [ -114.3411306, 48.438463500000026 ], [ -114.3388626, 48.436122499999982 ] ], [ [ -114.3271626, 48.449209499999981 ], [ -114.3268486, 48.451476499999984 ], [ -114.331257600000015, 48.451515499999957 ], [ -114.3304386, 48.449512500000012 ], [ -114.3271626, 48.449209499999981 ] ] ], [ [ [ -114.3505076, 48.4801655 ], [ -114.3454176, 48.4774835 ], [ -114.346718599999988, 48.479784499999958 ], [ -114.3444686, 48.4825835 ], [ -114.3321836, 48.4808775 ], [ -114.33368560000001, 48.475133500000041 ], [ -114.3304876, 48.466952500000033 ], [ -114.3261076, 48.463798499999967 ], [ -114.3277396, 48.4626045 ], [ -114.3380706, 48.466075499999988 ], [ -114.3505076, 48.4801655 ] ] ] ] } },
{ "type": "Feature", "properties": { "state_po": "MT", "congressional_district": "MT-01", "pwsid": "MT0004083", "pws_name": "WETTINGTON WATER DISTRICT INC", "population_served_count": 119, "model_method": "Random Forest", "verification_status": "", "symbology_field": "Modeled", "intersection_area_sq_km": 0.10003769065492982 }, "geometry": { "type": "MultiPolygon", "coordinates": [ [ [ [ -114.4703856, 48.109130499999985 ], [ -114.4660976, 48.113578499999988 ], [ -114.466438599999989, 48.110130500000025 ], [ -114.4703856, 48.109130499999985 ] ] ], [ [ [ -114.426126599999989, 48.17465449999996 ], [ -114.4222886, 48.174710500000018 ], [ -114.425147599999988, 48.171475499999964 ], [ -114.4245916, 48.172456499999981 ], [ -114.426126599999989, 48.17465449999996 ] ] ] ] } },
{ "type": "Feature", "properties": { "state_po": "MT", "congressional_district": "MT-01", "pwsid": "MT0004107", "pws_name": "WYE AREA WATER SYSTEM", "population_served_count": 512, "model_method": "Random Forest", "verification_status": "", "symbology_field": "Modeled", "intersection_area_sq_km": 1.6317398836698243 }, "geometry": { "type": "Polygon", "coordinates": [ [ [ -114.1056402, 46.934762400000011 ], [ -114.113439199999988, 46.93870439999997 ], [ -114.1233692, 46.939163399999948 ], [ -114.127069299999988, 46.943334400000026 ], [ -114.1259903, 46.94409839999993 ], [ -114.131168300000013, 46.948252400000023 ], [ -114.1316993, 46.961657399999957 ], [ -114.1287203, 46.960029399999968 ], [ -114.1281923, 46.961574400000011 ], [ -114.1257213, 46.961037400000016 ], [ -114.1212183, 46.957788400000034 ], [ -114.126669299999989, 46.9557284 ], [ -114.1241353, 46.950444400000016 ], [ -114.1297813, 46.950407400000039 ], [ -114.11057120000001, 46.9395034 ], [ -114.0999432, 46.9379054 ], [ -114.1056402, 46.934762400000011 ] ] ] } },
{ "type": "Feature", "properties": { "state_po": "MT", "congressional_district": "MT-01", "pwsid": "MT0004158", "pws_name": "KING RANCH SUBDIVISION", "population_served_count": 70, "model_method": "Random Forest", "verification_status": "", "symbology_field": "Modeled", "intersection_area_sq_km": 0.26728435786489463 }, "geometry": { "type": "MultiPolygon", "coordinates": [ [ [ [ -114.230443299999976, 47.016755400000015 ], [ -114.2277043, 47.016074400000015 ], [ -114.2217803, 47.011726400000015 ], [ -114.2219403, 47.011440399999977 ], [ -114.231549300000012, 47.0154674 ], [ -114.230443299999976, 47.016755400000015 ] ] ], [ [ [ -114.252734300000014, 47.0183994 ], [ -114.2403633, 47.0156054 ], [ -114.2407703, 47.014052399999983 ], [ -114.2477653, 47.014858400000016 ], [ -114.252734300000014, 47.0183994 ] ] ] ] } },
{ "type": "Feature", "properties": { "state_po": "MT", "congressional_district": "MT-01", "pwsid": "MT0004193", "pws_name": "NORTHERN PINES COMMUNITY HOA", "population_served_count": 295, "model_method": "Random Forest", "verification_status": "", "symbology_field": "Modeled", "intersection_area_sq_km": 0.041601516050495092 }, "geometry": { "type": "Polygon", "coordinates": [ [ [ -114.3456806, 48.24899249999995 ], [ -114.3456836, 48.250530499999982 ], [ -114.3425316, 48.250369499999948 ], [ -114.3424646, 48.248918499999938 ], [ -114.3456806, 48.24899249999995 ] ] ] } },
{ "type": "Feature", "properties": { "state_po": "MT", "congressional_district": "MT-01", "pwsid": "MT0004211", "pws_name": "GROVE  THE", "population_served_count": 50, "model_method": "Random Forest", "verification_status": "", "symbology_field": "Modeled", "intersection_area_sq_km": 0.43293127676558013 }, "geometry": { "type": "MultiPolygon", "coordinates": [ [ [ [ -114.042085199999988, 46.866943399999975 ], [ -114.0473352, 46.867023399999979 ], [ -114.0472932, 46.871495400000015 ], [ -114.0446662, 46.8714774 ], [ -114.0451162, 46.8728404 ], [ -114.0420492, 46.871244400000016 ], [ -114.042085199999988, 46.866943399999975 ] ] ], [ [ [ -114.063300200000015, 46.870549400000016 ], [ -114.055324200000015, 46.87054540000004 ], [ -114.0553762, 46.866925400000021 ], [ -114.0605622, 46.867923400000045 ], [ -114.0633062, 46.86694640000006 ], [ -114.063300200000015, 46.870549400000016 ] ] ] ] } },
{ "type": "Feature", "properties": { "state_po": "MT", "congressional_district": "MT-01", "pwsid": "MT0004241", "pws_name": "KOOTENAI CREEK VILLAGE", "population_served_count": 175, "model_method": "Random Forest", "verification_status": "", "symbology_field": "Modeled", "intersection_area_sq_km": 0.57822367875064273 }, "geometry": { "type": "Polygon", "coordinates": [ [ [ -114.1174212, 46.515653400000012 ], [ -114.1225182, 46.522913400000043 ], [ -114.1149702, 46.522912399999981 ], [ -114.1132722, 46.525606399999987 ], [ -114.1107362, 46.525078399999963 ], [ -114.1121402, 46.5226754 ], [ -114.1082642, 46.521019399999979 ], [ -114.1140862, 46.516240400000036 ], [ -114.1174212, 46.515653400000012 ] ] ] } },
{ "type": "Feature", "properties": { "state_po": "MT", "congressional_district": "MT-01", "pwsid": "MT0004245", "pws_name": "RENAE COURT SUBDIVISION", "population_served_count": 36, "model_method": "Random Forest", "verification_status": "", "symbology_field": "Modeled", "intersection_area_sq_km": 0.52196137753321148 }, "geometry": { "type": "MultiPolygon", "coordinates": [ [ [ [ -114.0457992, 46.8125424 ], [ -114.0495302, 46.812578399999985 ], [ -114.0478292, 46.8143384 ], [ -114.0500242, 46.8150664 ], [ -114.0495552, 46.816610399999988 ], [ -114.0534592, 46.816690399999942 ], [ -114.054102199999988, 46.818644399999954 ], [ -114.048074199999988, 46.8197754 ], [ -114.0445102, 46.815913400000028 ], [ -114.0457992, 46.8125424 ] ] ], [ [ [ -114.053727200000012, 46.870747400000077 ], [ -114.0471712, 46.871705399999982 ], [ -114.0473352, 46.867023399999979 ], [ -114.052571199999988, 46.867027400000026 ], [ -114.053727200000012, 46.870747400000077 ] ] ] ] } },
{ "type": "Feature", "properties": { "state_po": "MT", "congressional_district": "MT-01", "pwsid": "MT0004276", "pws_name": "SOUTH EIGHTY WATER", "population_served_count": 63, "model_method": "Random Forest", "verification_status": "", "symbology_field": "Modeled", "intersection_area_sq_km": 1.483840590287103 }, "geometry": { "type": "Polygon", "coordinates": [ [ [ -114.2289995, 48.081886500000017 ], [ -114.2284015, 48.086797499999967 ], [ -114.2261825, 48.0862075 ], [ -114.2236575, 48.088122499999955 ], [ -114.2235625, 48.095373499999951 ], [ -114.2125865, 48.095312500000034 ], [ -114.212658499999989, 48.084450499999981 ], [ -114.2206885, 48.080069500000022 ], [ -114.2289995, 48.081886500000017 ] ] ] } },
{ "type": "Feature", "properties": { "state_po": "MT", "congressional_district": "MT-01", "pwsid": "MT0004379", "pws_name": "PHANTOM HILLS WATER SYSTEM", "population_served_count": 810, "model_method": "Random Forest", "verification_status": "", "symbology_field": "Modeled", "intersection_area_sq_km": 0.84289130460961614 }, "geometry": { "type": "Polygon", "coordinates": [ [ [ -114.114779199999987, 46.8996874 ], [ -114.109268199999988, 46.893861400000013 ], [ -114.1266842, 46.894759400000034 ], [ -114.121980199999982, 46.8964114 ], [ -114.1232582, 46.8983404 ], [ -114.1202512, 46.906351399999977 ], [ -114.1140382, 46.903253400000033 ], [ -114.114779199999987, 46.8996874 ] ] ] } },
{ "type": "Feature", "properties": { "state_po": "MT", "congressional_district": "MT-01", "pwsid": "MT0004449", "pws_name": "STONERIDGE HOME OWNERS ASSOCIATION", "population_served_count": 95, "model_method": "Random Forest", "verification_status": "", "symbology_field": "Modeled", "intersection_area_sq_km": 0.030450200278523659 }, "geometry": { "type": "Polygon", "coordinates": [ [ [ -114.3670506, 48.187663500000028 ], [ -114.3669796, 48.189465499999976 ], [ -114.3649396, 48.189457499999939 ], [ -114.3650446, 48.187678499999976 ], [ -114.3670506, 48.187663500000028 ] ] ] } },
{ "type": "Feature", "properties": { "state_po": "MT", "congressional_district": "MT-01", "pwsid": "MT0004459", "pws_name": "ROCKY CLIFF ESTATES", "population_served_count": 140, "model_method": "Random Forest", "verification_status": "", "symbology_field": "Modeled", "intersection_area_sq_km": 1.3285133011020263 }, "geometry": { "type": "Polygon", "coordinates": [ [ [ -114.2567525, 48.119175500000026 ], [ -114.2553095, 48.122977499999934 ], [ -114.2588125, 48.121688500000047 ], [ -114.2618815, 48.127212500000084 ], [ -114.2581675, 48.1272955 ], [ -114.2592425, 48.1255415 ], [ -114.2558495, 48.127662500000021 ], [ -114.253381499999989, 48.127327500000021 ], [ -114.2524445, 48.12952749999998 ], [ -114.2516515, 48.128262500000012 ], [ -114.248653499999989, 48.129526500000019 ], [ -114.2488925, 48.131337500000015 ], [ -114.2478845, 48.130596499999967 ], [ -114.2455505, 48.133920499999981 ], [ -114.2450975, 48.1194055 ], [ -114.2511165, 48.117182499999934 ], [ -114.2517585, 48.113190499999988 ], [ -114.2567525, 48.119175500000026 ] ] ] } },
{ "type": "Feature", "properties": { "state_po": "MT", "congressional_district": "MT-01", "pwsid": "MT0004506", "pws_name": "RIVERWALK AND DINOS ESTATES", "population_served_count": 115, "model_method": "Random Forest", "verification_status": "", "symbology_field": "Modeled", "intersection_area_sq_km": 0.48255665284819149 }, "geometry": { "type": "Polygon", "coordinates": [ [ [ -114.0838832, 46.8848124 ], [ -114.0940192, 46.888061400000012 ], [ -114.0896062, 46.892907399999963 ], [ -114.0785322, 46.887944399999988 ], [ -114.082273199999989, 46.88706040000001 ], [ -114.0838832, 46.8848124 ] ], [ [ -114.086720199999988, 46.886456400000014 ], [ -114.086714199999989, 46.888618400000034 ], [ -114.0892912, 46.888607400000062 ], [ -114.0893042, 46.886921400000027 ], [ -114.086720199999988, 46.886456400000014 ] ] ] } },
{ "type": "Feature", "properties": { "state_po": "MT", "congressional_district": "MT-01", "pwsid": "MT0004516", "pws_name": "HAWTHORN SPRINGS PROPERTY OWNERS ASSOC", "population_served_count": 165, "model_method": "Random Forest", "verification_status": "", "symbology_field": "Modeled", "intersection_area_sq_km": 0.26753623789258812 }, "geometry": { "type": "Polygon", "coordinates": [ [ [ -114.1565193, 46.97947839999992 ], [ -114.1561173, 46.981499400000018 ], [ -114.1523453, 46.981868400000032 ], [ -114.150339299999985, 46.985643400000043 ], [ -114.1479613, 46.985794400000032 ], [ -114.1484193, 46.980728399999983 ], [ -114.1565193, 46.97947839999992 ] ] ] } },
{ "type": "Feature", "properties": { "state_po": "MT", "congressional_district": "MT-01", "pwsid": "MT0004530", "pws_name": "MEADOW BROOK PARK", "population_served_count": 120, "model_method": "Random Forest", "verification_status": "", "symbology_field": "Modeled", "intersection_area_sq_km": 0.032161175545200968 }, "geometry": { "type": "Polygon", "coordinates": [ [ [ -114.296298299999989, 47.023129400000023 ], [ -114.2945493, 47.025766399999988 ], [ -114.2930393, 47.025688399999986 ], [ -114.2948433, 47.023665400000041 ], [ -114.296298299999989, 47.023129400000023 ] ] ] } },
{ "type": "Feature", "properties": { "state_po": "MT", "congressional_district": "MT-01", "pwsid": "MT0004543", "pws_name": "ASHLEY HILLS HOA", "population_served_count": 75, "model_method": "Random Forest", "verification_status": "", "symbology_field": "Modeled", "intersection_area_sq_km": 0.078347068563518543 }, "geometry": { "type": "Polygon", "coordinates": [ [ [ -114.4027806, 48.186589500000032 ], [ -114.4003126, 48.18950449999997 ], [ -114.3954726, 48.189324500000026 ], [ -114.3954816, 48.1890885 ], [ -114.4027806, 48.186589500000032 ] ] ] } },
{ "type": "Feature", "properties": { "state_po": "MT", "congressional_district": "MT-01", "pwsid": "MT0004657", "pws_name": "TIMBERS AT WHITEFISH  THE", "population_served_count": 40, "model_method": "Random Forest", "verification_status": "", "symbology_field": "Modeled", "intersection_area_sq_km": 0.30199538268647425 }, "geometry": { "type": "Polygon", "coordinates": [ [ [ -114.3358866, 48.32029049999997 ], [ -114.3357326, 48.340948499999975 ], [ -114.3345596, 48.340983499999986 ], [ -114.3330106, 48.320221500000045 ], [ -114.3358866, 48.32029049999997 ] ] ] } },
{ "type": "Feature", "properties": { "state_po": "MT", "congressional_district": "MT-01", "pwsid": "MT0004745", "pws_name": "DWAYNES VILLAGE", "population_served_count": 40, "model_method": "Parcel", "verification_status": "", "symbology_field": "Modeled", "intersection_area_sq_km": 0.031472042857850713 }, "geometry": { "type": "Polygon", "coordinates": [ [ [ -114.6534366, 48.0962905 ], [ -114.654733599999986, 48.097802499999986 ], [ -114.6516956, 48.098552500000025 ], [ -114.6534366, 48.0962905 ] ] ] } },
{ "type": "Feature", "properties": { "state_po": "MT", "congressional_district": "MT-01", "pwsid": "MT0004929", "pws_name": "AP KOOKOOSINT", "population_served_count": 40, "model_method": "Random Forest", "verification_status": "", "symbology_field": "Modeled", "intersection_area_sq_km": 0.94819302818288487 }, "geometry": { "type": "Polygon", "coordinates": [ [ [ -114.3629506, 48.1717075 ], [ -114.3624666, 48.17612350000001 ], [ -114.3595336, 48.1796515 ], [ -114.3468416, 48.1726685 ], [ -114.3516556, 48.166651500000036 ], [ -114.3629506, 48.1717075 ] ] ] } },
{ "type": "Feature", "properties": { "state_po": "MT", "congressional_district": "MT-01", "pwsid": "MT0000379", "pws_name": "WAGON WHEEL TRAILER VILLAGE", "population_served_count": 210, "model_method": "Parcel", "verification_status": "", "symbology_field": "Modeled", "intersection_area_sq_km": 0.050711628036693795 }, "geometry": { "type": "Polygon", "coordinates": [ [ [ -114.1839483, 46.903002400000013 ], [ -114.1849078, 46.905752599999978 ], [ -114.1796631, 46.9054438 ], [ -114.1839207, 46.9047627 ], [ -114.1839483, 46.903002400000013 ] ] ] } },
{ "type": "Feature", "properties": { "state_po": "MT", "congressional_district": "MT-01", "pwsid": "MT0000374", "pws_name": "BAIR CLARK PROPERTIES, LLC", "population_served_count": 180, "model_method": "Parcel", "verification_status": "", "symbology_field": "Modeled", "intersection_area_sq_km": 0.011697046121611269 }, "geometry": { "type": "Polygon", "coordinates": [ [ [ -114.1063338, 46.932267500000016 ], [ -114.1080542, 46.9314421 ], [ -114.1074752, 46.932523 ], [ -114.1063338, 46.932267500000016 ] ] ] } },
{ "type": "Feature", "properties": { "state_po": "MT", "congressional_district": "MT-01", "pwsid": "MT0002819", "pws_name": "COUNTRY COURT COMMUNITY INC", "population_served_count": 25, "model_method": "Parcel", "verification_status": "", "symbology_field": "Modeled", "intersection_area_sq_km": 0.011607590407006905 }, "geometry": { "type": "Polygon", "coordinates": [ [ [ -114.277589299999988, 48.164795599999977 ], [ -114.2786621, 48.1657671 ], [ -114.2776165, 48.165772900000036 ], [ -114.277589299999988, 48.164795599999977 ] ] ] } },
{ "type": "Feature", "properties": { "state_po": "MT", "congressional_district": "MT-01", "pwsid": "MT0004074", "pws_name": "BONNIE'S PLACE, INC.", "population_served_count": 60, "model_method": "Parcel", "verification_status": "", "symbology_field": "Modeled", "intersection_area_sq_km": 0.012488496414143343 }, "geometry": { "type": "MultiPolygon", "coordinates": [ [ [ [ -114.03407, 46.865519600000013 ], [ -114.0321525, 46.865159599999949 ], [ -114.034071399999988, 46.8651631 ], [ -114.03407, 46.865519600000013 ] ] ], [ [ [ -114.032149499999989, 46.865927400000011 ], [ -114.0340698, 46.865574400000028 ], [ -114.034068, 46.8660405 ], [ -114.032149499999989, 46.865927400000011 ] ] ] ] } },
{ "type": "Feature", "properties": { "state_po": "MT", "congressional_district": "MT-01", "pwsid": "MT0000077", "pws_name": "SUNRISE TERRACE NO 1 HOA", "population_served_count": 85, "model_method": "Random Forest", "verification_status": "", "symbology_field": "Modeled", "intersection_area_sq_km": 0.82846905385870806 }, "geometry": { "type": "Polygon", "coordinates": [ [ [ -114.237204600000013, 48.215582500000011 ], [ -114.235508599999989, 48.218371499999961 ], [ -114.2415016, 48.221137499999934 ], [ -114.2355016, 48.223905499999979 ], [ -114.2233036, 48.21843449999993 ], [ -114.2232546, 48.214876499999988 ], [ -114.237204600000013, 48.215582500000011 ] ] ] } },
{ "type": "Feature", "properties": { "state_po": "MT", "congressional_district": "MT-01", "pwsid": "MT0000108", "pws_name": "RIVERSIDE MOBILE HOME PARK", "population_served_count": 100, "model_method": "Parcel", "verification_status": "", "symbology_field": "Modeled", "intersection_area_sq_km": 0.015319142813379313 }, "geometry": { "type": "Polygon", "coordinates": [ [ [ -114.2239576, 48.347202499999987 ], [ -114.226063599999989, 48.347906500000022 ], [ -114.223350599999989, 48.347780500000042 ], [ -114.2239576, 48.347202499999987 ] ] ] } },
{ "type": "Feature", "properties": { "state_po": "MT", "congressional_district": "MT-01", "pwsid": "MT0000126", "pws_name": "BEAR CREEK VILLAGE  BIGFORK", "population_served_count": 100, "model_method": "Parcel", "verification_status": "", "symbology_field": "Modeled", "intersection_area_sq_km": 0.050877369790015205 }, "geometry": { "type": "Polygon", "coordinates": [ [ [ -113.9794085, 48.0701365 ], [ -113.9754875, 48.0706885 ], [ -113.9747585, 48.070376500000052 ], [ -113.9774925, 48.06852150000001 ], [ -113.9794085, 48.0701365 ] ] ] } },
{ "type": "Feature", "properties": { "state_po": "MT", "congressional_district": "MT-01", "pwsid": "MT0000198", "pws_name": "MONTANA STATE PRISON", "population_served_count": 2100, "model_method": "Random Forest", "verification_status": "", "symbology_field": "Modeled", "intersection_area_sq_km": 0.2840701316660259 }, "geometry": { "type": "Polygon", "coordinates": [ [ [ -113.141682, 46.665485499999917 ], [ -113.153716, 46.669362499999949 ], [ -113.153654, 46.67199249999998 ], [ -113.146389, 46.67070450000007 ], [ -113.141682, 46.665485499999917 ] ], [ [ -113.151449, 46.669109499999976 ], [ -113.149991, 46.669192500000023 ], [ -113.151047, 46.669597499999981 ], [ -113.151449, 46.669109499999976 ] ] ] } },
{ "type": "Feature", "properties": { "state_po": "MT", "congressional_district": "MT-01", "pwsid": "MT0000370", "pws_name": "LEWIS AND CLARK TRAILER COURT", "population_served_count": 110, "model_method": "Random Forest", "verification_status": "", "symbology_field": "Modeled", "intersection_area_sq_km": 0.16237319279715839 }, "geometry": { "type": "MultiPolygon", "coordinates": [ [ [ [ -113.7136251, 46.774103499999988 ], [ -113.7176091, 46.7761455 ], [ -113.715527099999989, 46.77802550000002 ], [ -113.7136251, 46.774103499999988 ] ] ], [ [ [ -113.7039141, 46.7795065 ], [ -113.6965551, 46.779766500000044 ], [ -113.6937351, 46.778628500000011 ], [ -113.7037111, 46.7784665 ], [ -113.7039141, 46.7795065 ] ] ] ] } },
{ "type": "Feature", "properties": { "state_po": "MT", "congressional_district": "MT-01", "pwsid": "MT0000372", "pws_name": "GREENLAND MOBILE HOME PARK", "population_served_count": 163, "model_method": "Parcel", "verification_status": "", "symbology_field": "Modeled", "intersection_area_sq_km": 0.017493419945802578 }, "geometry": { "type": "Polygon", "coordinates": [ [ [ -113.8899612, 46.883466499999955 ], [ -113.8908902, 46.884363499999985 ], [ -113.8879352, 46.882929500000031 ], [ -113.8899612, 46.883466499999955 ] ] ] } },
{ "type": "Feature", "properties": { "state_po": "MT", "congressional_district": "MT-01", "pwsid": "MT0000377", "pws_name": "HAPPY VALLEY MHP", "population_served_count": 55, "model_method": "Parcel", "verification_status": "", "symbology_field": "Modeled", "intersection_area_sq_km": 0.0035105435856819895 }, "geometry": { "type": "Polygon", "coordinates": [ [ [ -113.8932242, 46.8805285 ], [ -113.8936402, 46.881319499999989 ], [ -113.8931852, 46.881287499999949 ], [ -113.8932242, 46.8805285 ] ] ] } },
{ "type": "Feature", "properties": { "state_po": "MT", "congressional_district": "MT-01", "pwsid": "MT0000452", "pws_name": "CIRCLE J TRAILER COURT", "population_served_count": 59, "model_method": "Parcel", "verification_status": "", "symbology_field": "Modeled", "intersection_area_sq_km": 0.0089988923235141682 }, "geometry": { "type": "Polygon", "coordinates": [ [ [ -113.897486199999989, 46.880355500000022 ], [ -113.8983342, 46.8815125 ], [ -113.897493200000014, 46.881618499999981 ], [ -113.897486199999989, 46.880355500000022 ] ] ] } },
{ "type": "Feature", "properties": { "state_po": "MT", "congressional_district": "MT-01", "pwsid": "MT0000453", "pws_name": "HARVEYS MOBILE HOME PARK", "population_served_count": 98, "model_method": "Parcel", "verification_status": "", "symbology_field": "Modeled", "intersection_area_sq_km": 0.061197490930943108 }, "geometry": { "type": "Polygon", "coordinates": [ [ [ -113.8892862, 46.8799565 ], [ -113.8874242, 46.882245500000025 ], [ -113.8843002, 46.881282499999983 ], [ -113.8861292, 46.879904499999959 ], [ -113.8892862, 46.8799565 ] ] ] } },
{ "type": "Feature", "properties": { "state_po": "MT", "congressional_district": "MT-01", "pwsid": "MT0000467", "pws_name": "BONNER HOUSING PWS SYSTEM", "population_served_count": 128, "model_method": "Random Forest", "verification_status": "", "symbology_field": "Modeled", "intersection_area_sq_km": 1.0276689287987175 }, "geometry": { "type": "MultiPolygon", "coordinates": [ [ [ [ -113.8723962, 46.866840500000016 ], [ -113.8693072, 46.866371500000049 ], [ -113.8615892, 46.861978499999964 ], [ -113.8631362, 46.861092500000012 ], [ -113.8723962, 46.866840500000016 ] ] ], [ [ [ -113.8731212, 46.8676825 ], [ -113.8824982, 46.8728835 ], [ -113.8680142, 46.8763045 ], [ -113.8586632, 46.876033499999963 ], [ -113.8692682, 46.8688365 ], [ -113.8731212, 46.8676825 ] ] ] ] } },
{ "type": "Feature", "properties": { "state_po": "MT", "congressional_district": "MT-01", "pwsid": "MT0001865", "pws_name": "WHITEWATER PARK ASSOC  BONNER", "population_served_count": 25, "model_method": "Random Forest", "verification_status": "", "symbology_field": "Modeled", "intersection_area_sq_km": 0.15405805501616013 }, "geometry": { "type": "Polygon", "coordinates": [ [ [ -113.7237872, 46.904596500000039 ], [ -113.7194882, 46.909910499999988 ], [ -113.7144772, 46.911974500000014 ], [ -113.7192042, 46.9097465 ], [ -113.7171302, 46.906123500000042 ], [ -113.7237872, 46.904596500000039 ] ] ] } },
{ "type": "Feature", "properties": { "state_po": "MT", "congressional_district": "MT-01", "pwsid": "MT0001922", "pws_name": "HILLTOP TERRACE SUBDIVISION", "population_served_count": 230, "model_method": "Random Forest", "verification_status": "", "symbology_field": "Modeled", "intersection_area_sq_km": 1.1960797516906161 }, "geometry": { "type": "Polygon", "coordinates": [ [ [ -114.2331536, 48.37883749999996 ], [ -114.2333796, 48.388394499999983 ], [ -114.2125506, 48.381650500000035 ], [ -114.214716599999988, 48.381073500000042 ], [ -114.2182276, 48.382590500000042 ], [ -114.2184446, 48.380073500000037 ], [ -114.2217956, 48.37882350000001 ], [ -114.2195366, 48.376151499999963 ], [ -114.223429599999989, 48.3746065 ], [ -114.2331536, 48.37883749999996 ] ] ] } },
{ "type": "Feature", "properties": { "state_po": "MT", "congressional_district": "MT-01", "pwsid": "MT0002031", "pws_name": "KINGSBURY COLONY", "population_served_count": 120, "model_method": "Random Forest", "verification_status": "", "symbology_field": "Modeled", "intersection_area_sq_km": 0.033130277148244416 }, "geometry": { "type": "Polygon", "coordinates": [ [ [ -112.48426520000001, 48.3025967 ], [ -112.4849872, 48.3042247 ], [ -112.4828932, 48.3041857 ], [ -112.48426520000001, 48.3025967 ] ] ] } },
{ "type": "Feature", "properties": { "state_po": "MT", "congressional_district": "MT-01", "pwsid": "MT0002119", "pws_name": "CANYON PINES HOA", "population_served_count": 32, "model_method": "Random Forest", "verification_status": "", "symbology_field": "Modeled", "intersection_area_sq_km": 0.022249778735452658 }, "geometry": { "type": "MultiPolygon", "coordinates": [ [ [ [ -113.8527712, 46.852344499999973 ], [ -113.851096200000015, 46.8527385 ], [ -113.8505182, 46.852275500000012 ], [ -113.851731199999989, 46.851313499999975 ], [ -113.8527712, 46.852344499999973 ] ] ], [ [ [ -113.8618432, 46.86083349999997 ], [ -113.8601432, 46.8606015 ], [ -113.8609822, 46.860170499999967 ], [ -113.8618432, 46.86083349999997 ] ] ] ] } },
{ "type": "Feature", "properties": { "state_po": "MT", "congressional_district": "MT-01", "pwsid": "MT0002493", "pws_name": "BIG SKY MOBILE MANOR", "population_served_count": 35, "model_method": "Parcel", "verification_status": "", "symbology_field": "Modeled", "intersection_area_sq_km": 0.0054487445789986226 }, "geometry": { "type": "Polygon", "coordinates": [ [ [ -114.1993306, 48.36638250000005 ], [ -114.2002556, 48.3669775 ], [ -114.199119599999989, 48.366973500000014 ], [ -114.1993306, 48.36638250000005 ] ] ] } },
{ "type": "Feature", "properties": { "state_po": "MT", "congressional_district": "MT-01", "pwsid": "MT0002729", "pws_name": "ST MARY HEADQUARTERS AND CG", "population_served_count": 430, "model_method": "Random Forest", "verification_status": "", "symbology_field": "Modeled", "intersection_area_sq_km": 0.29458793684140744 }, "geometry": { "type": "Polygon", "coordinates": [ [ [ -113.4288745, 48.740267599999981 ], [ -113.4368155, 48.749484599999981 ], [ -113.4359745, 48.7520216 ], [ -113.4284545, 48.74735569999995 ], [ -113.4290655, 48.741819600000014 ], [ -113.4262635, 48.739331599999957 ], [ -113.4288745, 48.740267599999981 ] ] ] } },
{ "type": "Feature", "properties": { "state_po": "MT", "congressional_district": "MT-01", "pwsid": "MT0002812", "pws_name": "ROCKY MOUNTAIN HI RV PARK", "population_served_count": 275, "model_method": "Random Forest", "verification_status": "", "symbology_field": "Modeled", "intersection_area_sq_km": 1.0066689680393917 }, "geometry": { "type": "MultiPolygon", "coordinates": [ [ [ [ -114.2539396, 48.254869499999984 ], [ -114.2512246, 48.254856499999953 ], [ -114.2521596, 48.2518335 ], [ -114.247553599999989, 48.248519500000022 ], [ -114.2509326, 48.245823499999986 ], [ -114.254623599999988, 48.24609050000003 ], [ -114.2539396, 48.254869499999984 ] ] ], [ [ [ -114.2346426, 48.2640825 ], [ -114.2284626, 48.267212500000021 ], [ -114.2274746, 48.272080500000044 ], [ -114.2274626, 48.2692065 ], [ -114.223142599999989, 48.2692085 ], [ -114.2263856, 48.265992500000038 ], [ -114.2236166, 48.258394500000037 ], [ -114.2331806, 48.258347500000035 ], [ -114.2346426, 48.2640825 ] ] ] ] } },
{ "type": "Feature", "properties": { "state_po": "MT", "congressional_district": "MT-01", "pwsid": "MT0002814", "pws_name": "EAST WOOD VILLAGE TRAILER PARK", "population_served_count": 36, "model_method": "Parcel", "verification_status": "", "symbology_field": "Modeled", "intersection_area_sq_km": 0.22741393470844909 }, "geometry": { "type": "Polygon", "coordinates": [ [ [ -114.1815956, 48.3637275 ], [ -114.176982599999988, 48.36736850000004 ], [ -114.169586599999988, 48.366041499999945 ], [ -114.1733116, 48.3641005 ], [ -114.1815956, 48.3637275 ] ] ] } },
{ "type": "Feature", "properties": { "state_po": "MT", "congressional_district": "MT-01", "pwsid": "MT0002893", "pws_name": "THOMPSON RANCHETTES II", "population_served_count": 100, "model_method": "Random Forest", "verification_status": "", "symbology_field": "Modeled", "intersection_area_sq_km": 1.0353211559911468 }, "geometry": { "type": "Polygon", "coordinates": [ [ [ -114.2546926, 48.254894500000013 ], [ -114.254685599999988, 48.262839499999984 ], [ -114.258170600000014, 48.262927500000025 ], [ -114.2583126, 48.264573500000068 ], [ -114.2546736, 48.264865499999978 ], [ -114.254528600000015, 48.269313499999981 ], [ -114.2471136, 48.269057500000017 ], [ -114.2447156, 48.2659625 ], [ -114.2445456, 48.258849500000032 ], [ -114.2498256, 48.257908500000042 ], [ -114.2512246, 48.254856499999953 ], [ -114.2546926, 48.254894500000013 ] ] ] } },
{ "type": "Feature", "properties": { "state_po": "MT", "congressional_district": "MT-01", "pwsid": "MT0002997", "pws_name": "KOKANEE BEND HOA", "population_served_count": 230, "model_method": "Random Forest", "verification_status": "", "symbology_field": "Modeled", "intersection_area_sq_km": 0.056062015179822955 }, "geometry": { "type": "Polygon", "coordinates": [ [ [ -114.2118896, 48.345015500000017 ], [ -114.2087636, 48.345693499999967 ], [ -114.2098716, 48.341881500000028 ], [ -114.2105876, 48.342191500000013 ], [ -114.2118896, 48.345015500000017 ] ] ] } },
{ "type": "Feature", "properties": { "state_po": "MT", "congressional_district": "MT-01", "pwsid": "MT0003031", "pws_name": "COUNTRY LAKE HOMES  WHITEFISH", "population_served_count": 260, "model_method": "Random Forest", "verification_status": "", "symbology_field": "Modeled", "intersection_area_sq_km": 0.128918570884685 }, "geometry": { "type": "Polygon", "coordinates": [ [ [ -114.3158946, 48.3418485 ], [ -114.3144856, 48.3480665 ], [ -114.3137246, 48.34847849999997 ], [ -114.3135006, 48.3388325 ], [ -114.3158946, 48.3418485 ] ] ] } },
{ "type": "Feature", "properties": { "state_po": "MT", "congressional_district": "MT-01", "pwsid": "MT0003040", "pws_name": "SUNRISE TERRACE SUBD NO 2", "population_served_count": 131, "model_method": "Random Forest", "verification_status": "", "symbology_field": "Modeled", "intersection_area_sq_km": 0.81735594419743085 }, "geometry": { "type": "Polygon", "coordinates": [ [ [ -114.2566936, 48.210350499999954 ], [ -114.2500326, 48.213362500000052 ], [ -114.2484866, 48.217334499999971 ], [ -114.2417556, 48.221264500000025 ], [ -114.235508599999989, 48.218371499999961 ], [ -114.237204600000013, 48.215582500000011 ], [ -114.235260599999989, 48.215095499999975 ], [ -114.240270599999988, 48.214062499999983 ], [ -114.2436626, 48.211394500000026 ], [ -114.2566936, 48.210350499999954 ] ] ] } },
{ "type": "Feature", "properties": { "state_po": "MT", "congressional_district": "MT-01", "pwsid": "MT0003088", "pws_name": "MILLTOWN WATERS USERS ASSOCIATION", "population_served_count": 105, "model_method": "Random Forest", "verification_status": "", "symbology_field": "Modeled", "intersection_area_sq_km": 0.18936251821722114 }, "geometry": { "type": "Polygon", "coordinates": [ [ [ -113.8863492, 46.8715505 ], [ -113.8824982, 46.8728835 ], [ -113.8826982, 46.870991499999974 ], [ -113.8723962, 46.866840500000016 ], [ -113.873902199999989, 46.865817500000013 ], [ -113.8863492, 46.8715505 ] ] ] } },
{ "type": "Feature", "properties": { "state_po": "MT", "congressional_district": "MT-01", "pwsid": "MT0003176", "pws_name": "HEADQUARTERS  APGAR", "population_served_count": 500, "model_method": "Random Forest", "verification_status": "", "symbology_field": "Modeled", "intersection_area_sq_km": 0.020914603706319944 }, "geometry": { "type": "Polygon", "coordinates": [ [ [ -113.8779156, 48.617392599999924 ], [ -113.8761526, 48.618202600000018 ], [ -113.874322600000013, 48.618261600000018 ], [ -113.875531599999988, 48.617037600000025 ], [ -113.8779156, 48.617392599999924 ] ] ] } },
{ "type": "Feature", "properties": { "state_po": "MT", "congressional_district": "MT-01", "pwsid": "MT0003334", "pws_name": "PIEGAN BORDER STATION", "population_served_count": 94, "model_method": "Random Forest", "verification_status": "", "symbology_field": "Modeled", "intersection_area_sq_km": 0.024961415872376099 }, "geometry": { "type": "Polygon", "coordinates": [ [ [ -113.3831666, 48.993923700000025 ], [ -113.3804186, 48.9926147 ], [ -113.3834436, 48.992955700000024 ], [ -113.3831666, 48.993923700000025 ] ] ] } },
{ "type": "Feature", "properties": { "state_po": "MT", "congressional_district": "MT-01", "pwsid": "MT0003602", "pws_name": "GREENWOOD VILLAGE RV AND MHP", "population_served_count": 195, "model_method": "Random Forest", "verification_status": "", "symbology_field": "Modeled", "intersection_area_sq_km": 0.047944043154406271 }, "geometry": { "type": "Polygon", "coordinates": [ [ [ -114.3023126, 48.205241500000042 ], [ -114.300847600000012, 48.206740499999981 ], [ -114.2984106, 48.206115499999953 ], [ -114.2996976, 48.2046135 ], [ -114.3023126, 48.205241500000042 ] ] ] } },
{ "type": "Feature", "properties": { "state_po": "MT", "congressional_district": "MT-01", "pwsid": "MT0003652", "pws_name": "RIVER BLUFF HOA  WHITEFISH", "population_served_count": 32, "model_method": "Random Forest", "verification_status": "", "symbology_field": "Modeled", "intersection_area_sq_km": 0.30155117495933997 }, "geometry": { "type": "Polygon", "coordinates": [ [ [ -114.3157086, 48.3708895 ], [ -114.3023466, 48.37072050000004 ], [ -114.3020326, 48.368838499999988 ], [ -114.3137476, 48.3677955 ], [ -114.3157086, 48.3708895 ] ] ] } },
{ "type": "Feature", "properties": { "state_po": "MT", "congressional_district": "MT-01", "pwsid": "MT0003744", "pws_name": "PONDERA COLONY WATER SYSTEMS", "population_served_count": 112, "model_method": "Random Forest", "verification_status": "", "symbology_field": "Modeled", "intersection_area_sq_km": 0.60596175908076322 }, "geometry": { "type": "Polygon", "coordinates": [ [ [ -112.4238212, 48.240109700000062 ], [ -112.4208792, 48.2437057 ], [ -112.4129852, 48.243699699999986 ], [ -112.4129842, 48.236484699999977 ], [ -112.4238142, 48.236489700000021 ], [ -112.4238212, 48.240109700000062 ] ] ] } },
{ "type": "Feature", "properties": { "state_po": "MT", "congressional_district": "MT-01", "pwsid": "MT0003932", "pws_name": "HIDDEN LAKE COLONY", "population_served_count": 80, "model_method": "Random Forest", "verification_status": "", "symbology_field": "Modeled", "intersection_area_sq_km": 0.58784774162100828 }, "geometry": { "type": "Polygon", "coordinates": [ [ [ -112.6079633, 48.59509969999997 ], [ -112.60810930000001, 48.602530699999988 ], [ -112.5983473, 48.6023557 ], [ -112.5981723, 48.595070700000029 ], [ -112.6079633, 48.59509969999997 ] ] ] } },
{ "type": "Feature", "properties": { "state_po": "MT", "congressional_district": "MT-01", "pwsid": "MT0004186", "pws_name": "RIDGEWOOD TERRACE MHP", "population_served_count": 280, "model_method": "OSM", "verification_status": "", "symbology_field": "Modeled", "intersection_area_sq_km": 0.029718023820535039 }, "geometry": { "type": "MultiPolygon", "coordinates": [ [ [ [ -114.2788496, 48.2296915 ], [ -114.278066599999988, 48.230257499999958 ], [ -114.2780286, 48.229711500000029 ], [ -114.2788496, 48.2296915 ] ] ], [ [ [ -114.2812226, 48.229886500000028 ], [ -114.2842406, 48.2307545 ], [ -114.2810396, 48.230708500000027 ], [ -114.2812226, 48.229886500000028 ] ] ] ] } },
{ "type": "Feature", "properties": { "state_po": "MT", "congressional_district": "MT-01", "pwsid": "MT0004322", "pws_name": "NEW CASTLE COURT", "population_served_count": 55, "model_method": "Parcel", "verification_status": "", "symbology_field": "Modeled", "intersection_area_sq_km": 0.24593048633204245 }, "geometry": { "type": "Polygon", "coordinates": [ [ [ -113.9090502, 46.8782785 ], [ -113.9007592, 46.878735499999976 ], [ -113.8904462, 46.873759499999956 ], [ -113.8945562, 46.873701500000031 ], [ -113.9090502, 46.8782785 ] ] ] } },
{ "type": "Feature", "properties": { "state_po": "MT", "congressional_district": "MT-01", "pwsid": "MT0004483", "pws_name": "PRAIRIE FALCON ACRES", "population_served_count": 41, "model_method": "Random Forest", "verification_status": "", "symbology_field": "Modeled", "intersection_area_sq_km": 0.40887872042110601 }, "geometry": { "type": "Polygon", "coordinates": [ [ [ -114.2408986, 48.341774499999971 ], [ -114.2409216, 48.347201500000018 ], [ -114.232131599999988, 48.34716449999997 ], [ -114.2312636, 48.341785499999972 ], [ -114.2408986, 48.341774499999971 ] ] ] } },
{ "type": "Feature", "properties": { "state_po": "MT", "congressional_district": "MT-01", "pwsid": "MT0004514", "pws_name": "EAST VALLEY ESTATES", "population_served_count": 63, "model_method": "Random Forest", "verification_status": "", "symbology_field": "Modeled", "intersection_area_sq_km": 0.023708246723267684 }, "geometry": { "type": "Polygon", "coordinates": [ [ [ -114.203290599999988, 48.211094499999987 ], [ -114.2015316, 48.212721499999986 ], [ -114.2015245, 48.211092500000028 ], [ -114.203290599999988, 48.211094499999987 ] ] ] } },
{ "type": "Feature", "properties": { "state_po": "MT", "congressional_district": "MT-01", "pwsid": "MT0004537", "pws_name": "TURAH MEADOWS", "population_served_count": 73, "model_method": "Random Forest", "verification_status": "", "symbology_field": "Modeled", "intersection_area_sq_km": 0.19871578590697253 }, "geometry": { "type": "MultiPolygon", "coordinates": [ [ [ [ -113.836795199999983, 46.835743499999971 ], [ -113.8334472, 46.837481499999981 ], [ -113.8314592, 46.8360795 ], [ -113.836795199999983, 46.835743499999971 ] ] ], [ [ [ -113.8282382, 46.83935750000002 ], [ -113.8247162, 46.83782750000001 ], [ -113.826808199999988, 46.836213499999985 ], [ -113.830067199999974, 46.838062499999943 ], [ -113.8282382, 46.83935750000002 ] ] ], [ [ [ -113.8369242, 46.843243500000021 ], [ -113.8305752, 46.8400025 ], [ -113.8317432, 46.8389905 ], [ -113.838714200000013, 46.8428265 ], [ -113.8369242, 46.843243500000021 ] ] ] ] } },
{ "type": "Feature", "properties": { "state_po": "MT", "congressional_district": "MT-01", "pwsid": "MT0004545", "pws_name": "PHEASANT HAVEN ESTATES", "population_served_count": 53, "model_method": "Random Forest", "verification_status": "", "symbology_field": "Modeled", "intersection_area_sq_km": 3.9279886015468097 }, "geometry": { "type": "Polygon", "coordinates": [ [ [ -114.180781499999981, 48.117770499999978 ], [ -114.1807205, 48.123749500000031 ], [ -114.1766835, 48.126923499999975 ], [ -114.1771485, 48.128481499999985 ], [ -114.180688499999988, 48.124361500000013 ], [ -114.1804515, 48.1390185 ], [ -114.1585325, 48.1391015 ], [ -114.1588375, 48.117204499999971 ], [ -114.180781499999981, 48.117770499999978 ] ] ] } },
{ "type": "Feature", "properties": { "state_po": "MT", "congressional_district": "MT-01", "pwsid": "MT0004698", "pws_name": "WOODS BAY WATER AND SEWER DISTRICT", "population_served_count": 685, "model_method": "Random Forest", "verification_status": "", "symbology_field": "Modeled", "intersection_area_sq_km": 0.28462347293991885 }, "geometry": { "type": "Polygon", "coordinates": [ [ [ -113.8436284, 47.9172255 ], [ -113.8440574, 47.926048500000029 ], [ -113.8521624, 47.93271349999997 ], [ -113.850511399999988, 47.933600499999962 ], [ -113.844989399999989, 47.928256499999961 ], [ -113.8405304, 47.92095350000001 ], [ -113.8431794, 47.920856500000042 ], [ -113.8436284, 47.9172255 ] ] ] } },
{ "type": "Feature", "properties": { "state_po": "MT", "congressional_district": "MT-01", "pwsid": "MT0004743", "pws_name": "SKY VIEW ESTATES", "population_served_count": 60, "model_method": "Random Forest", "verification_status": "", "symbology_field": "Modeled", "intersection_area_sq_km": 9.5055620402283321 }, "geometry": { "type": "Polygon", "coordinates": [ [ [ -114.2455835, 48.134095500000036 ], [ -114.237092499999989, 48.138829500000071 ], [ -114.2330555, 48.137386500000012 ], [ -114.2304545, 48.132748500000069 ], [ -114.2189215, 48.138905499999979 ], [ -114.1804515, 48.1390185 ], [ -114.180688499999988, 48.124361500000013 ], [ -114.1886835, 48.124323499999925 ], [ -114.1886815, 48.126890500000023 ], [ -114.1931955, 48.1266175 ], [ -114.1949425, 48.120145499999985 ], [ -114.2017715, 48.119475500000021 ], [ -114.2019565, 48.117066500000021 ], [ -114.2272105, 48.117093500000038 ], [ -114.2289915, 48.120514499999977 ], [ -114.2408835, 48.120810499999912 ], [ -114.2451255, 48.12221349999993 ], [ -114.2455835, 48.134095500000036 ] ], [ [ -114.1952485, 48.1253275 ], [ -114.1964645, 48.126374499999983 ], [ -114.201694499999988, 48.127740500000058 ], [ -114.2017215, 48.1259505 ], [ -114.1952485, 48.1253275 ] ] ] } },
{ "type": "Feature", "properties": { "state_po": "MT", "congressional_district": "MT-01", "pwsid": "MT0004753", "pws_name": "EAST EVERGREEN MOBILE MANOR", "population_served_count": 155, "model_method": "OSM", "verification_status": "", "symbology_field": "Modeled", "intersection_area_sq_km": 0.015337742012778712 }, "geometry": { "type": "Polygon", "coordinates": [ [ [ -114.2740576, 48.2232525 ], [ -114.2750166, 48.2250095 ], [ -114.2740186, 48.224979500000018 ], [ -114.2740576, 48.2232525 ] ] ] } },
{ "type": "Feature", "properties": { "state_po": "MT", "congressional_district": "MT-01", "pwsid": "MT0004768", "pws_name": "ZENITH COLONY", "population_served_count": 70, "model_method": "Random Forest", "verification_status": "", "symbology_field": "Modeled", "intersection_area_sq_km": 171.28853737736316 }, "geometry": { "type": "Polygon", "coordinates": [ [ [ -112.5382784, 48.848634800000049 ], [ -112.5380714, 48.8840118 ], [ -112.5219534, 48.8848798 ], [ -112.5225804, 48.8966178 ], [ -112.519082399999988, 48.901330800000082 ], [ -112.516533400000014, 48.9028388 ], [ -112.5056934, 48.9029658 ], [ -112.4951674, 48.9061668 ], [ -112.4811044, 48.914069799999979 ], [ -112.4868654, 48.918023800000036 ], [ -112.5075024, 48.924330800000057 ], [ -112.5114824, 48.927606800000014 ], [ -112.5115614, 48.954271800000015 ], [ -112.5095514, 48.955918800000013 ], [ -112.5126454, 48.959044800000072 ], [ -112.5118904, 48.965541800000011 ], [ -112.5215114, 48.970829799999976 ], [ -112.5236014, 48.974792799999975 ], [ -112.522504399999988, 48.979506800000024 ], [ -112.5261274, 48.986206799999955 ], [ -112.522990400000012, 48.9932218 ], [ -112.5235224, 48.998746800000013 ], [ -112.3686824, 48.99869979999994 ], [ -112.3688473, 48.9146128 ], [ -112.3660493, 48.914599800000055 ], [ -112.3661873, 48.841717799999962 ], [ -112.3859703, 48.849040799999983 ], [ -112.390956299999985, 48.855682800000025 ], [ -112.4054113, 48.856344799999988 ], [ -112.4191893, 48.864334799999924 ], [ -112.4344163, 48.8692648 ], [ -112.4660703, 48.899046800000022 ], [ -112.4709533, 48.899055799999964 ], [ -112.4727013, 48.897721800000021 ], [ -112.4726783, 48.8565718 ], [ -112.4776623, 48.8558928 ], [ -112.4827043, 48.857191799999981 ], [ -112.4858373, 48.8555528 ], [ -112.4944683, 48.8557258 ], [ -112.4945873, 48.826918799999959 ], [ -112.497799300000011, 48.8269198 ], [ -112.5243593, 48.843769799999968 ], [ -112.5382784, 48.848634800000049 ] ] ] } },
{ "type": "Feature", "properties": { "state_po": "MT", "congressional_district": "MT-01", "pwsid": "MT0005002", "pws_name": "SWEETGRASS RANCH SUBDIVISION", "population_served_count": 30, "model_method": "Random Forest", "verification_status": "", "symbology_field": "Modeled", "intersection_area_sq_km": 5.8701728435223837 }, "geometry": { "type": "Polygon", "coordinates": [ [ [ -114.1646935, 48.2256915 ], [ -114.1646405, 48.234943499999964 ], [ -114.1617135, 48.234839499999978 ], [ -114.1578765, 48.237245500000036 ], [ -114.1646325, 48.237689499999973 ], [ -114.1645666, 48.247460499999953 ], [ -114.186215600000011, 48.247385499999979 ], [ -114.1862056, 48.2619675 ], [ -114.1645166, 48.26206950000001 ], [ -114.1645446, 48.251137500000027 ], [ -114.1375635, 48.251036500000012 ], [ -114.1375995, 48.2449335 ], [ -114.1484335, 48.240057499999949 ], [ -114.147671499999987, 48.231718499999936 ], [ -114.1538665, 48.230036500000054 ], [ -114.1575855, 48.234604500000017 ], [ -114.1636765, 48.2328305 ], [ -114.1632185, 48.226517499999972 ], [ -114.1606015, 48.225265500000035 ], [ -114.1646935, 48.2256915 ] ] ] } },
{ "type": "Feature", "properties": { "state_po": "MT", "congressional_district": "MT-01", "pwsid": "MT0005069", "pws_name": "THE BENCHES", "population_served_count": 123, "model_method": "Random Forest", "verification_status": "", "symbology_field": "Modeled", "intersection_area_sq_km": 0.018489697805196839 }, "geometry": { "type": "Polygon", "coordinates": [ [ [ -114.1539296, 48.358759500000033 ], [ -114.1538846, 48.359962499999966 ], [ -114.1502256, 48.359962499999966 ], [ -114.1539296, 48.358759500000033 ] ] ] } },
{ "type": "Feature", "properties": { "state_po": "MT", "congressional_district": "MT-01", "pwsid": "MT0003531", "pws_name": "HALFMOON MOBILE HOME PARK INC", "population_served_count": 60, "model_method": "Parcel", "verification_status": "", "symbology_field": "Modeled", "intersection_area_sq_km": 0.12142291425588649 }, "geometry": { "type": "Polygon", "coordinates": [ [ [ -114.2572713, 48.3839888 ], [ -114.252547299999989, 48.385181399999958 ], [ -114.2518466, 48.381649 ], [ -114.257282100000012, 48.381641899999941 ], [ -114.2572713, 48.3839888 ] ] ] } },
{ "type": "Feature", "properties": { "state_po": "MT", "congressional_district": "MT-01", "pwsid": "MT0000451", "pws_name": "CAROLS TRAILER COURT", "population_served_count": 50, "model_method": "Parcel", "verification_status": "", "symbology_field": "Modeled", "intersection_area_sq_km": 0.028153806517180722 }, "geometry": { "type": "Polygon", "coordinates": [ [ [ -113.8931052, 46.8804272 ], [ -113.8930381, 46.881975 ], [ -113.8906365, 46.881509900000012 ], [ -113.8906301, 46.880398 ], [ -113.8931052, 46.8804272 ] ] ] } },
{ "type": "Feature", "properties": { "state_po": "MT", "congressional_district": "MT-01", "pwsid": "MT0002856", "pws_name": "ELK PARK VILLAGE", "population_served_count": 35, "model_method": "Parcel", "verification_status": "", "symbology_field": "Modeled", "intersection_area_sq_km": 0.028448465246030754 }, "geometry": { "type": "Polygon", "coordinates": [ [ [ -114.1366608, 48.300783599999988 ], [ -114.1362062, 48.302008100000045 ], [ -114.1336246, 48.301988499999986 ], [ -114.133609799999988, 48.300766899999921 ], [ -114.1366608, 48.300783599999988 ] ] ] } },
{ "type": "Feature", "properties": { "state_po": "MT", "congressional_district": "MT-01", "pwsid": "MT0000095", "pws_name": "HANSONS TRAILER COURT", "population_served_count": 40, "model_method": "Parcel", "verification_status": "", "symbology_field": "Modeled", "intersection_area_sq_km": 0.015690536229534886 }, "geometry": { "type": "Polygon", "coordinates": [ [ [ -114.3049682, 48.21793549999996 ], [ -114.3075338, 48.21864039999997 ], [ -114.3050067, 48.21866 ], [ -114.3049682, 48.21793549999996 ] ] ] } },
{ "type": "Feature", "properties": { "state_po": "MT", "congressional_district": "MT-01", "pwsid": "MT0000110", "pws_name": "NORTHFORK TR CT COLUMBIA FALLS", "population_served_count": 48, "model_method": "Parcel", "verification_status": "", "symbology_field": "Modeled", "intersection_area_sq_km": 0.0063911167230188727 }, "geometry": { "type": "Polygon", "coordinates": [ [ [ -114.163896200000011, 48.388497400000048 ], [ -114.1647239, 48.388857499999972 ], [ -114.1620936, 48.388487199999958 ], [ -114.163896200000011, 48.388497400000048 ] ] ] } },
{ "type": "Feature", "properties": { "state_po": "MT", "congressional_district": "MT-01", "pwsid": "MT0000351", "pws_name": "VALIER  TOWN OF", "population_served_count": 452, "model_method": "Random Forest", "verification_status": "", "symbology_field": "Modeled", "intersection_area_sq_km": 2.1698930465091619 }, "geometry": { "type": "MultiPolygon", "coordinates": [ [ [ [ -112.2393502, 48.308926699999979 ], [ -112.2302402, 48.309037699999983 ], [ -112.2284532, 48.3101367 ], [ -112.2284682, 48.3080507 ], [ -112.2393402, 48.307951699999961 ], [ -112.2393502, 48.308926699999979 ] ] ], [ [ [ -112.2459792, 48.309176699999981 ], [ -112.2462552, 48.305927699999984 ], [ -112.2402192, 48.304641699999969 ], [ -112.240195199999988, 48.301054699999945 ], [ -112.2478672, 48.298245700000038 ], [ -112.2575682, 48.299285700000027 ], [ -112.2633422, 48.304157699999962 ], [ -112.262563199999988, 48.3142427 ], [ -112.252392199999989, 48.311143700000038 ], [ -112.252375199999989, 48.3131517 ], [ -112.250056199999989, 48.313415700000071 ], [ -112.2500422, 48.31039870000005 ], [ -112.2459792, 48.309176699999981 ] ] ], [ [ [ -112.242549199999985, 48.308005700000017 ], [ -112.2455412, 48.3095777 ], [ -112.2403992, 48.3079717 ], [ -112.242549199999985, 48.308005700000017 ] ] ] ] } },
{ "type": "Feature", "properties": { "state_po": "MT", "congressional_district": "MT-01", "pwsid": "MT0004529", "pws_name": "HORIZON COLONY", "population_served_count": 150, "model_method": "Random Forest", "verification_status": "", "symbology_field": "Modeled", "intersection_area_sq_km": 0.041457579100547363 }, "geometry": { "type": "Polygon", "coordinates": [ [ [ -112.3190563, 48.696912799999957 ], [ -112.3201993, 48.7001528 ], [ -112.3176213, 48.699576799999981 ], [ -112.3190563, 48.696912799999957 ] ] ] } },
{ "type": "Feature", "properties": { "state_po": "MT", "congressional_district": "MT-01", "pwsid": "MT0002939", "pws_name": "PINNACLE ESTATES OF GLENDIVE", "population_served_count": 50, "model_method": "Random Forest", "verification_status": "", "symbology_field": "Modeled", "intersection_area_sq_km": 0.030382234057562775 }, "geometry": { "type": "MultiPolygon", "coordinates": [ [ [ [ -111.18193239999998, 45.771167599999977 ], [ -111.1806414, 45.770228599999953 ], [ -111.181934399999989, 45.770241600000013 ], [ -111.18193239999998, 45.771167599999977 ] ] ], [ [ [ -111.1818814, 45.772930599999981 ], [ -111.1792754, 45.772007599999952 ], [ -111.1819054, 45.772024600000073 ], [ -111.1818814, 45.772930599999981 ] ] ] ] } },
{ "type": "Feature", "properties": { "state_po": "MT", "congressional_district": "MT-01", "pwsid": "MT0002398", "pws_name": "GODFREY CANYON ESTATES", "population_served_count": 100, "model_method": "Random Forest", "verification_status": "", "symbology_field": "Modeled", "intersection_area_sq_km": 0.055426581602725372 }, "geometry": { "type": "MultiPolygon", "coordinates": [ [ [ [ -111.3332854, 45.664427 ], [ -111.3312302, 45.6660806 ], [ -111.3312044, 45.664290200000032 ], [ -111.3332854, 45.664427 ] ] ], [ [ [ -111.3332392, 45.6678341 ], [ -111.3322855, 45.6693757 ], [ -111.3306255, 45.669563700000026 ], [ -111.3310622, 45.666922 ], [ -111.3332392, 45.6678341 ] ] ] ] } },
{ "type": "Feature", "properties": { "state_po": "MT", "congressional_district": "MT-01", "pwsid": "MT0004431", "pws_name": "CHURCHILL NORTH SUBDIVISION", "population_served_count": 155, "model_method": "Random Forest", "verification_status": "", "symbology_field": "Modeled", "intersection_area_sq_km": 0.17296459973933578 }, "geometry": { "type": "MultiPolygon", "coordinates": [ [ [ [ -111.3084074, 45.753403599999984 ], [ -111.3067324, 45.7579726 ], [ -111.3053354, 45.753529599999972 ], [ -111.3084074, 45.753403599999984 ] ] ], [ [ [ -111.3217464, 45.758237599999944 ], [ -111.3200224, 45.7615016 ], [ -111.3200374, 45.759987599999981 ], [ -111.3143764, 45.758171600000011 ], [ -111.3217464, 45.758237599999944 ] ] ] ] } },
{ "type": "Feature", "properties": { "state_po": "MT", "congressional_district": "MT-01", "pwsid": "MT0004363", "pws_name": "SETTLEMENT  THE", "population_served_count": 100, "model_method": "Random Forest", "verification_status": "", "symbology_field": "Modeled", "intersection_area_sq_km": 0.20430600364994278 }, "geometry": { "type": "Polygon", "coordinates": [ [ [ -111.3091404, 45.745694599999972 ], [ -111.3066984, 45.75083260000001 ], [ -111.301221399999989, 45.750608599999964 ], [ -111.3006214, 45.7482436 ], [ -111.3046824, 45.748098600000048 ], [ -111.3091404, 45.745694599999972 ] ] ] } },
{ "type": "Feature", "properties": { "state_po": "MT", "congressional_district": "MT-01", "pwsid": "MT0001891", "pws_name": "GALLATIN RIVER APARTMENTS", "population_served_count": 40, "model_method": "Random Forest", "verification_status": "", "symbology_field": "Modeled", "intersection_area_sq_km": 0.035867411331486042 }, "geometry": { "type": "Polygon", "coordinates": [ [ [ -111.199598, 45.668367900000028 ], [ -111.196607, 45.669000499999967 ], [ -111.1967485, 45.666961500000035 ], [ -111.199598, 45.668367900000028 ] ] ] } },
{ "type": "Feature", "properties": { "state_po": "MT", "congressional_district": "MT-01", "pwsid": "MT0004916", "pws_name": "ENCAMPMENT TRAIL", "population_served_count": 100, "model_method": "Random Forest", "verification_status": "", "symbology_field": "Modeled", "intersection_area_sq_km": 6.2969011223461786 }, "geometry": { "type": "Polygon", "coordinates": [ [ [ -111.4063223, 45.235160499999985 ], [ -111.4028153, 45.2377785 ], [ -111.4059483, 45.237732499999971 ], [ -111.3990813, 45.2399075 ], [ -111.4081373, 45.2383815 ], [ -111.4103663, 45.235743500000027 ], [ -111.4065273, 45.241352500000012 ], [ -111.4185854, 45.2439215 ], [ -111.4309344, 45.2533265 ], [ -111.4186234, 45.245545499999963 ], [ -111.4112923, 45.244544499999968 ], [ -111.4017633, 45.246725499999989 ], [ -111.4052483, 45.247182500000029 ], [ -111.3986623, 45.249692499999981 ], [ -111.4043973, 45.25025549999998 ], [ -111.3965023, 45.254189499999939 ], [ -111.4002163, 45.254118499999954 ], [ -111.3953473, 45.2580435 ], [ -111.3890513, 45.2580625 ], [ -111.3874153, 45.256675499999986 ], [ -111.386341299999984, 45.259146499999964 ], [ -111.3845683, 45.251829499999978 ], [ -111.3861853, 45.24981049999996 ], [ -111.384662299999988, 45.247855500000057 ], [ -111.3819513, 45.248587499999928 ], [ -111.377530299999989, 45.246144499999957 ], [ -111.3731713, 45.2459735 ], [ -111.37310930000001, 45.238477500000037 ], [ -111.3753663, 45.238105499999968 ], [ -111.3787153, 45.2319705 ], [ -111.3792913, 45.2362515 ], [ -111.3822293, 45.235934499999971 ], [ -111.380840299999988, 45.2344665 ], [ -111.3841863, 45.233804500000012 ], [ -111.389266299999989, 45.235085500000025 ], [ -111.385626300000013, 45.231065500000014 ], [ -111.3954273, 45.224416500000061 ], [ -111.399144299999989, 45.22841449999995 ], [ -111.4038943, 45.2276125 ], [ -111.403433299999989, 45.231274500000033 ], [ -111.4042413, 45.2335935 ], [ -111.405597300000011, 45.2333365 ], [ -111.4030723, 45.2358145 ], [ -111.4063223, 45.235160499999985 ] ] ] } },
{ "type": "Feature", "properties": { "state_po": "MT", "congressional_district": "MT-01", "pwsid": "MT0004462", "pws_name": "LOWER PIONEER MOUNTAIN WATER SYSTEM", "population_served_count": 350, "model_method": "Random Forest", "verification_status": "", "symbology_field": "Modeled", "intersection_area_sq_km": 0.49325776807293903 }, "geometry": { "type": "Polygon", "coordinates": [ [ [ -111.4247834, 45.246284499999987 ], [ -111.4195664, 45.242750500000042 ], [ -111.4089013, 45.2417665 ], [ -111.4085783, 45.2396395 ], [ -111.4134483, 45.238194500000034 ], [ -111.4142993, 45.24016749999997 ], [ -111.418815299999977, 45.2362325 ], [ -111.418591399999983, 45.238486499999972 ], [ -111.4226964, 45.241358499999976 ], [ -111.4247834, 45.246284499999987 ] ] ] } },
{ "type": "Feature", "properties": { "state_po": "MT", "congressional_district": "MT-01", "pwsid": "MT0004202", "pws_name": "ANTLER RIDGE HOMEOWNERS ASSOCIATION", "population_served_count": 50, "model_method": "Random Forest", "verification_status": "", "symbology_field": "Modeled", "intersection_area_sq_km": 11.007930907246886 }, "geometry": { "type": "Polygon", "coordinates": [ [ [ -111.3732533, 45.2584385 ], [ -111.3730473, 45.284904599999955 ], [ -111.3706883, 45.2803556 ], [ -111.3636373, 45.281510599999947 ], [ -111.367041300000011, 45.2830696 ], [ -111.3673643, 45.285465599999988 ], [ -111.3700373, 45.286084600000017 ], [ -111.3675583, 45.286248600000043 ], [ -111.359924299999989, 45.282698600000032 ], [ -111.3549353, 45.282033599999934 ], [ -111.3508013, 45.277803600000013 ], [ -111.347136299999988, 45.2771796 ], [ -111.3455663, 45.278256600000027 ], [ -111.3503793, 45.282607600000034 ], [ -111.3530173, 45.2806796 ], [ -111.3529433, 45.286431600000036 ], [ -111.355992300000011, 45.2849526 ], [ -111.356729300000012, 45.286449599999948 ], [ -111.358936300000011, 45.2859816 ], [ -111.3592143, 45.2900926 ], [ -111.3633303, 45.2966496 ], [ -111.3619953, 45.298244599999968 ], [ -111.3653983, 45.2955606 ], [ -111.3651644, 45.301088600000028 ], [ -111.3682954, 45.301938600000014 ], [ -111.3654414, 45.3041556 ], [ -111.3598533, 45.304109600000018 ], [ -111.3557673, 45.301164600000014 ], [ -111.3502503, 45.2998116 ], [ -111.3439773, 45.2890186 ], [ -111.3404823, 45.288950600000071 ], [ -111.3410963, 45.287082599999977 ], [ -111.338462299999989, 45.28795660000003 ], [ -111.3395443, 45.285716599999979 ], [ -111.3360653, 45.2868006 ], [ -111.3334353, 45.283967599999983 ], [ -111.3352673, 45.284059599999971 ], [ -111.3338153, 45.280759600000017 ], [ -111.331552300000013, 45.279458600000012 ], [ -111.3330653, 45.2875086 ], [ -111.336713300000014, 45.291766600000031 ], [ -111.336449300000012, 45.292780599999986 ], [ -111.330076299999988, 45.284822599999956 ], [ -111.326957299999989, 45.277305599999984 ], [ -111.3212513, 45.271434599999964 ], [ -111.320895299999989, 45.267976600000047 ], [ -111.3186483, 45.267575599999979 ], [ -111.3206213, 45.26634760000001 ], [ -111.3155433, 45.2634766 ], [ -111.3197763, 45.2629016 ], [ -111.3274673, 45.265513599999956 ], [ -111.3361593, 45.2652406 ], [ -111.3416553, 45.267686600000054 ], [ -111.3438753, 45.2673296 ], [ -111.3452983, 45.262119599999977 ], [ -111.3472903, 45.261329599999989 ], [ -111.3563523, 45.261150599999986 ], [ -111.3534643, 45.264572600000029 ], [ -111.3573433, 45.2653886 ], [ -111.3707443, 45.261992599999985 ], [ -111.36812230000001, 45.2610926 ], [ -111.3679263, 45.258094599999964 ], [ -111.3732533, 45.2584385 ] ] ] } },
{ "type": "Feature", "properties": { "state_po": "MT", "congressional_district": "MT-01", "pwsid": "MT0000208", "pws_name": "ENNIS  TOWN OF", "population_served_count": 1400, "model_method": "Random Forest", "verification_status": "", "symbology_field": "Modeled", "intersection_area_sq_km": 1.7841323098504287 }, "geometry": { "type": "Polygon", "coordinates": [ [ [ -111.7329594, 45.33586650000003 ], [ -111.7319794, 45.338363500000035 ], [ -111.7345894, 45.340943500000037 ], [ -111.7379434, 45.3381485 ], [ -111.7372084, 45.336994500000067 ], [ -111.7399914, 45.3370125 ], [ -111.7407624, 45.3448275 ], [ -111.7438964, 45.348240499999974 ], [ -111.741009399999982, 45.3483115 ], [ -111.740877399999988, 45.347123499999988 ], [ -111.7363554, 45.349060499999965 ], [ -111.7340654, 45.3555065 ], [ -111.7323804, 45.355504499999988 ], [ -111.732588400000012, 45.350709500000043 ], [ -111.7227764, 45.3501705 ], [ -111.7273884, 45.338339500000082 ], [ -111.7329594, 45.33586650000003 ] ] ] } },
{ "type": "Feature", "properties": { "state_po": "MT", "congressional_district": "MT-01", "pwsid": "MT0004035", "pws_name": "RAMSHORN VIEW ESTATES", "population_served_count": 185, "model_method": "Random Forest", "verification_status": "", "symbology_field": "Modeled", "intersection_area_sq_km": 0.11087679895825207 }, "geometry": { "type": "MultiPolygon", "coordinates": [ [ [ [ -111.2257353, 45.116312500000021 ], [ -111.227213299999988, 45.119167499999946 ], [ -111.2263833, 45.119406599999976 ], [ -111.2237213, 45.1159415 ], [ -111.2257353, 45.116312500000021 ] ] ], [ [ [ -111.2536023, 45.242045600000047 ], [ -111.2509023, 45.242141599999989 ], [ -111.2508913, 45.239491600000051 ], [ -111.253574300000011, 45.239462599999968 ], [ -111.2536023, 45.242045600000047 ] ] ] ] } },
{ "type": "Feature", "properties": { "state_po": "MT", "congressional_district": "MT-01", "pwsid": "MT0004236", "pws_name": "FIRELIGHT MEADOWS LLC", "population_served_count": 350, "model_method": "Random Forest", "verification_status": "", "symbology_field": "Modeled", "intersection_area_sq_km": 0.035467388287568326 }, "geometry": { "type": "Polygon", "coordinates": [ [ [ -111.2209323, 45.402210599999982 ], [ -111.2217163, 45.404867600000017 ], [ -111.218699300000011, 45.4026316 ], [ -111.2209323, 45.402210599999982 ] ] ] } },
{ "type": "Feature", "properties": { "state_po": "MT", "congressional_district": "MT-01", "pwsid": "MT0000035", "pws_name": "HIDDEN VALLEY OWNER LLC", "population_served_count": 200, "model_method": "Parcel", "verification_status": "", "symbology_field": "Modeled", "intersection_area_sq_km": 0.046699210891222108 }, "geometry": { "type": "Polygon", "coordinates": [ [ [ -111.0981524, 45.7184936 ], [ -111.0981324, 45.7201596 ], [ -111.0935664, 45.719743600000022 ], [ -111.0936584, 45.718893600000051 ], [ -111.0981524, 45.7184936 ] ] ] } },
{ "type": "Feature", "properties": { "state_po": "MT", "congressional_district": "MT-01", "pwsid": "MT0000037", "pws_name": "THOMSON MOBILE HOME PARK", "population_served_count": 65, "model_method": "Random Forest", "verification_status": "", "symbology_field": "Modeled", "intersection_area_sq_km": 0.3616700416063115 }, "geometry": { "type": "Polygon", "coordinates": [ [ [ -111.1039934, 45.7383776 ], [ -111.1098124, 45.7412646 ], [ -111.1106004, 45.7466766 ], [ -111.1040474, 45.746068599999965 ], [ -111.1039934, 45.7383776 ] ] ] } },
{ "type": "Feature", "properties": { "state_po": "MT", "congressional_district": "MT-01", "pwsid": "MT0000461", "pws_name": "LEXLEY ACRES MOBILE HOME PARK", "population_served_count": 250, "model_method": "Parcel", "verification_status": "", "symbology_field": "Modeled", "intersection_area_sq_km": 1.7864407723303681 }, "geometry": { "type": "Polygon", "coordinates": [ [ [ -111.1977354, 45.7495646 ], [ -111.1931814, 45.758363599999974 ], [ -111.1852654, 45.758418600000027 ], [ -111.185228400000014, 45.760258600000014 ], [ -111.1905394, 45.760198599999988 ], [ -111.190450399999989, 45.7656546 ], [ -111.1790934, 45.76569260000003 ], [ -111.179166400000014, 45.762015599999984 ], [ -111.1830574, 45.76203660000003 ], [ -111.1831014, 45.7589766 ], [ -111.1847834, 45.7589876 ], [ -111.182328399999989, 45.758386600000037 ], [ -111.1823374, 45.756430599999938 ], [ -111.1852544, 45.756442600000071 ], [ -111.1851934, 45.745010599999965 ], [ -111.1957744, 45.7450046 ], [ -111.1973604, 45.743809600000013 ], [ -111.1977354, 45.7495646 ] ] ] } },
{ "type": "Feature", "properties": { "state_po": "MT", "congressional_district": "MT-01", "pwsid": "MT0000795", "pws_name": "MYSTIC HEIGHTS HOA  BOZEMAN", "population_served_count": 96, "model_method": "Random Forest", "verification_status": "", "symbology_field": "Modeled", "intersection_area_sq_km": 0.1429327445740253 }, "geometry": { "type": "MultiPolygon", "coordinates": [ [ [ [ -111.0548043, 45.596193599999957 ], [ -111.0526303, 45.596685600000029 ], [ -111.0485473, 45.5966066 ], [ -111.0488733, 45.5953776 ], [ -111.0546343, 45.59399059999997 ], [ -111.0548043, 45.596193599999957 ] ] ], [ [ [ -111.1233424, 45.663381600000051 ], [ -111.1197804, 45.66302560000004 ], [ -111.1194494, 45.662660599999981 ], [ -111.123205399999989, 45.6613986 ], [ -111.1233424, 45.663381600000051 ] ] ] ] } },
{ "type": "Feature", "properties": { "state_po": "MT", "congressional_district": "MT-01", "pwsid": "MT0001366", "pws_name": "FOREST PARK TR CT NO 1  BOZEMAN", "population_served_count": 260, "model_method": "Parcel", "verification_status": "", "symbology_field": "Modeled", "intersection_area_sq_km": 0.098206792193666181 }, "geometry": { "type": "Polygon", "coordinates": [ [ [ -111.2094183, 45.6770494 ], [ -111.2061881, 45.67262820000002 ], [ -111.2098451, 45.674467599999986 ], [ -111.2094183, 45.6770494 ] ] ] } },
{ "type": "Feature", "properties": { "state_po": "MT", "congressional_district": "MT-01", "pwsid": "MT0001375", "pws_name": "CHURCHILL RETIREMENT HOME", "population_served_count": 80, "model_method": "Random Forest", "verification_status": "", "symbology_field": "Modeled", "intersection_area_sq_km": 0.011428949128370117 }, "geometry": { "type": "Polygon", "coordinates": [ [ [ -111.305171, 45.7481156 ], [ -111.3037153, 45.749054400000041 ], [ -111.303728299999989, 45.7480808 ], [ -111.305171, 45.7481156 ] ] ] } },
{ "type": "Feature", "properties": { "state_po": "MT", "congressional_district": "MT-01", "pwsid": "MT0001376", "pws_name": "RIDERS TRAILER COURT", "population_served_count": 100, "model_method": "Parcel", "verification_status": "", "symbology_field": "Modeled", "intersection_area_sq_km": 0.022826707028924718 }, "geometry": { "type": "Polygon", "coordinates": [ [ [ -111.3244924, 45.8609726 ], [ -111.3230424, 45.8625216 ], [ -111.3229094, 45.8609616 ], [ -111.3244924, 45.8609726 ] ] ] } },
{ "type": "Feature", "properties": { "state_po": "MT", "congressional_district": "MT-01", "pwsid": "MT0001644", "pws_name": "COUNTRY COURT  GALLATIN", "population_served_count": 30, "model_method": "Parcel", "verification_status": "", "symbology_field": "Modeled", "intersection_area_sq_km": 0.094263095683693662 }, "geometry": { "type": "Polygon", "coordinates": [ [ [ -111.1964884, 45.598359600000016 ], [ -111.1961214, 45.602661600000019 ], [ -111.1937954, 45.6026646 ], [ -111.1937594, 45.598356600000024 ], [ -111.1964884, 45.598359600000016 ] ] ] } },
{ "type": "Feature", "properties": { "state_po": "MT", "congressional_district": "MT-01", "pwsid": "MT0001791", "pws_name": "MOUNTAIN MEADOWS ESTATES LLP", "population_served_count": 300, "model_method": "Parcel", "verification_status": "", "symbology_field": "Modeled", "intersection_area_sq_km": 0.5154351832472952 }, "geometry": { "type": "Polygon", "coordinates": [ [ [ -111.1020684, 45.6710336 ], [ -111.0847934, 45.6711306 ], [ -111.083484399999989, 45.669099599999946 ], [ -111.0990264, 45.666301600000068 ], [ -111.1020684, 45.6710336 ] ] ] } },
{ "type": "Feature", "properties": { "state_po": "MT", "congressional_district": "MT-01", "pwsid": "MT0001823", "pws_name": "SPRINGVALE SUBDIVISION", "population_served_count": 150, "model_method": "Random Forest", "verification_status": "", "symbology_field": "Modeled", "intersection_area_sq_km": 0.20130800378487709 }, "geometry": { "type": "Polygon", "coordinates": [ [ [ -111.1027654, 45.776494599999978 ], [ -111.102717399999989, 45.780101599999981 ], [ -111.0962604, 45.780134600000025 ], [ -111.096285400000014, 45.7765436 ], [ -111.1027654, 45.776494599999978 ] ] ] } },
{ "type": "Feature", "properties": { "state_po": "MT", "congressional_district": "MT-01", "pwsid": "MT0002074", "pws_name": "FOREST CREEK SUBD", "population_served_count": 45, "model_method": "Random Forest", "verification_status": "", "symbology_field": "Modeled", "intersection_area_sq_km": 0.22196086605661233 }, "geometry": { "type": "MultiPolygon", "coordinates": [ [ [ [ -111.0837193, 45.58812159999998 ], [ -111.0818523, 45.588336600000027 ], [ -111.0793183, 45.585443599999969 ], [ -111.0828993, 45.585753599999983 ], [ -111.0837193, 45.58812159999998 ] ] ], [ [ [ -111.0924343, 45.587170600000015 ], [ -111.0898823, 45.587810600000012 ], [ -111.0874823, 45.5847726 ], [ -111.0907373, 45.584531599999956 ], [ -111.0924343, 45.587170600000015 ] ] ], [ [ [ -111.0798643, 45.5908716 ], [ -111.079924300000016, 45.588457600000012 ], [ -111.0819023, 45.588404599999983 ], [ -111.0836963, 45.590853599999974 ], [ -111.0798643, 45.5908716 ] ] ] ] } },
{ "type": "Feature", "properties": { "state_po": "MT", "congressional_district": "MT-01", "pwsid": "MT0003323", "pws_name": "BAXTER CREEK NO 2 HOA", "population_served_count": 450, "model_method": "Random Forest", "verification_status": "", "symbology_field": "Modeled", "intersection_area_sq_km": 0.18916643360340554 }, "geometry": { "type": "MultiPolygon", "coordinates": [ [ [ [ -111.1215064, 45.735782600000014 ], [ -111.1198834, 45.7328366 ], [ -111.119638400000014, 45.72929859999995 ], [ -111.1229554, 45.7303556 ], [ -111.1229854, 45.735791600000013 ], [ -111.1215064, 45.735782600000014 ] ] ], [ [ [ -111.1150204, 45.7357216 ], [ -111.1150484, 45.732760600000063 ], [ -111.1174444, 45.73282560000002 ], [ -111.1174154, 45.735756599999988 ], [ -111.1150204, 45.7357216 ] ] ] ] } },
{ "type": "Feature", "properties": { "state_po": "MT", "congressional_district": "MT-01", "pwsid": "MT0003961", "pws_name": "WYLIE CREEK ESTATES SUBDIVISION", "population_served_count": 400, "model_method": "Random Forest", "verification_status": "", "symbology_field": "Modeled", "intersection_area_sq_km": 0.30943664718052438 }, "geometry": { "type": "Polygon", "coordinates": [ [ [ -111.144712399999989, 45.719926600000015 ], [ -111.144712399999975, 45.725246600000048 ], [ -111.1389254, 45.7245606 ], [ -111.1367564, 45.725631599999986 ], [ -111.137052400000016, 45.724133600000023 ], [ -111.1351844, 45.724054600000031 ], [ -111.136033399999988, 45.721071600000037 ], [ -111.1397284, 45.7220326 ], [ -111.1425044, 45.721587600000049 ], [ -111.1421704, 45.719854600000012 ], [ -111.144712399999989, 45.719926600000015 ] ] ] } },
{ "type": "Feature", "properties": { "state_po": "MT", "congressional_district": "MT-01", "pwsid": "MT0004178", "pws_name": "GENESIS BUSINESS PARK", "population_served_count": 670, "model_method": "Random Forest", "verification_status": "", "symbology_field": "Modeled", "intersection_area_sq_km": 0.68599366689101737 }, "geometry": { "type": "Polygon", "coordinates": [ [ [ -111.1352704, 45.663719600000015 ], [ -111.1305824, 45.665154600000022 ], [ -111.1307644, 45.666907599999966 ], [ -111.1340704, 45.667202599999975 ], [ -111.135245399999988, 45.665728599999959 ], [ -111.1351794, 45.671064600000015 ], [ -111.125098400000013, 45.6710246 ], [ -111.1250864, 45.663374600000019 ], [ -111.1233424, 45.663381600000051 ], [ -111.123205399999989, 45.6613986 ], [ -111.1280624, 45.6598156 ], [ -111.129590399999984, 45.663827599999983 ], [ -111.1352704, 45.663719600000015 ] ] ] } },
{ "type": "Feature", "properties": { "state_po": "MT", "congressional_district": "MT-01", "pwsid": "MT0004248", "pws_name": "ELK GROVE WATER", "population_served_count": 672, "model_method": "Random Forest", "verification_status": "", "symbology_field": "Modeled", "intersection_area_sq_km": 0.52577399130559743 }, "geometry": { "type": "MultiPolygon", "coordinates": [ [ [ [ -111.1837794, 45.638860599999987 ], [ -111.1797484, 45.64400459999996 ], [ -111.1777404, 45.643026599999956 ], [ -111.1795784, 45.638694599999972 ], [ -111.1837794, 45.638860599999987 ] ] ], [ [ [ -111.196405399999989, 45.645755599999937 ], [ -111.196298399999989, 45.652579600000045 ], [ -111.1896574, 45.652706599999988 ], [ -111.1941304, 45.645717599999983 ], [ -111.196405399999989, 45.645755599999937 ] ] ], [ [ [ -111.1886374, 45.6521636 ], [ -111.1860404, 45.652573599999961 ], [ -111.1861934, 45.649303600000025 ], [ -111.1887254, 45.649323600000031 ], [ -111.1886374, 45.6521636 ] ] ] ] } },
{ "type": "Feature", "properties": { "state_po": "MT", "congressional_district": "MT-01", "pwsid": "MT0004564", "pws_name": "GRAVEL HOLLOW LLC", "population_served_count": 50, "model_method": "Random Forest", "verification_status": "", "symbology_field": "Modeled", "intersection_area_sq_km": 0.37878785515367419 }, "geometry": { "type": "MultiPolygon", "coordinates": [ [ [ [ -111.2333753, 45.444040599999973 ], [ -111.2310853, 45.441002599999962 ], [ -111.2338523, 45.439096600000013 ], [ -111.2352713, 45.443671600000037 ], [ -111.2333753, 45.444040599999973 ] ] ], [ [ [ -111.2464704, 45.458435600000023 ], [ -111.2434084, 45.4554766 ], [ -111.2364624, 45.453405600000025 ], [ -111.2341664, 45.447570599999985 ], [ -111.2443124, 45.454841600000023 ], [ -111.2464704, 45.458435600000023 ] ] ] ] } },
{ "type": "Feature", "properties": { "state_po": "MT", "congressional_district": "MT-01", "pwsid": "MT0004572", "pws_name": "COBBLESTONE SUBDIVISION", "population_served_count": 150, "model_method": "Random Forest", "verification_status": "", "symbology_field": "Modeled", "intersection_area_sq_km": 0.24137244541092959 }, "geometry": { "type": "Polygon", "coordinates": [ [ [ -111.2266104, 45.787347600000025 ], [ -111.2267304, 45.7807476 ], [ -111.2315424, 45.780759599999961 ], [ -111.230374399999988, 45.787325599999981 ], [ -111.2266104, 45.787347600000025 ] ] ] } },
{ "type": "Feature", "properties": { "state_po": "MT", "congressional_district": "MT-01", "pwsid": "MT0000034", "pws_name": "STAR MOBILE HOME PARK", "population_served_count": 190, "model_method": "Parcel", "verification_status": "", "symbology_field": "Modeled", "intersection_area_sq_km": 0.065662762386378595 }, "geometry": { "type": "Polygon", "coordinates": [ [ [ -111.1861, 45.7583991 ], [ -111.1897465, 45.755470899999949 ], [ -111.190120799999988, 45.755605499999966 ], [ -111.1905592, 45.758367899999989 ], [ -111.1861, 45.7583991 ] ] ] } },
{ "type": "Feature", "properties": { "state_po": "MT", "congressional_district": "MT-01", "pwsid": "MT0001821", "pws_name": "MANHATTAN CAMPER COURT", "population_served_count": 105, "model_method": "Parcel", "verification_status": "", "symbology_field": "Modeled", "intersection_area_sq_km": 0.020489342036049869 }, "geometry": { "type": "Polygon", "coordinates": [ [ [ -111.3395237, 45.8511755 ], [ -111.3383275, 45.8532432 ], [ -111.3385533, 45.851241699999939 ], [ -111.3395237, 45.8511755 ] ] ] } },
{ "type": "Feature", "properties": { "state_po": "MT", "congressional_district": "MT-01", "pwsid": "MT0000548", "pws_name": "PONDEROSA MB HOME SUBD", "population_served_count": 70, "model_method": "Parcel", "verification_status": "", "symbology_field": "Modeled", "intersection_area_sq_km": 0.041713212674210673 }, "geometry": { "type": "Polygon", "coordinates": [ [ [ -111.072803400000012, 45.674759600000016 ], [ -111.0728204, 45.678418599999972 ], [ -111.0714764, 45.67841760000001 ], [ -111.0715084, 45.6748466 ], [ -111.072803400000012, 45.674759600000016 ] ] ] } },
{ "type": "Feature", "properties": { "state_po": "MT", "congressional_district": "MT-01", "pwsid": "MT0000796", "pws_name": "SPRINGHILL PARK SUBDIVISION", "population_served_count": 90, "model_method": "Random Forest", "verification_status": "", "symbology_field": "Modeled", "intersection_area_sq_km": 0.16601284187684998 }, "geometry": { "type": "MultiPolygon", "coordinates": [ [ [ [ -111.071935400000015, 45.722119599999971 ], [ -111.0680824, 45.7221086 ], [ -111.068101399999989, 45.7214566 ], [ -111.0692544, 45.720195599999968 ], [ -111.071935400000015, 45.722119599999971 ] ] ], [ [ [ -111.0603514, 45.7317646 ], [ -111.055105399999988, 45.7324086 ], [ -111.052172399999989, 45.730637600000016 ], [ -111.0592994, 45.7301756 ], [ -111.0603514, 45.7317646 ] ] ] ] } },
{ "type": "Feature", "properties": { "state_po": "MT", "congressional_district": "MT-01", "pwsid": "MT0001262", "pws_name": "MT ELLIS ACADEMY", "population_served_count": 106, "model_method": "Random Forest", "verification_status": "", "symbology_field": "Modeled", "intersection_area_sq_km": 0.053348061724614849 }, "geometry": { "type": "Polygon", "coordinates": [ [ [ -110.9539027, 45.655146599999973 ], [ -110.9535174, 45.652609 ], [ -110.9558586, 45.6525883 ], [ -110.956080899999989, 45.6548773 ], [ -110.9539027, 45.655146599999973 ] ] ] } },
{ "type": "Feature", "properties": { "state_po": "MT", "congressional_district": "MT-01", "pwsid": "MT0002696", "pws_name": "BELGRADE TRAILER COURT", "population_served_count": 50, "model_method": "Random Forest", "verification_status": "", "symbology_field": "Modeled", "intersection_area_sq_km": 0.042708831892824144 }, "geometry": { "type": "Polygon", "coordinates": [ [ [ -111.171021200000013, 45.775337799999967 ], [ -111.1694135, 45.774615500000017 ], [ -111.1694215, 45.772792200000033 ], [ -111.1724795, 45.774067699999982 ], [ -111.171021200000013, 45.775337799999967 ] ] ] } },
{ "type": "Feature", "properties": { "state_po": "MT", "congressional_district": "MT-01", "pwsid": "MT0003810", "pws_name": "COVERED WAGON MB HM PARK", "population_served_count": 500, "model_method": "Random Forest", "verification_status": "", "symbology_field": "Modeled", "intersection_area_sq_km": 0.15975154403403405 }, "geometry": { "type": "Polygon", "coordinates": [ [ [ -111.0583184, 45.688862599999986 ], [ -111.0618904, 45.689424599999988 ], [ -111.0625034, 45.69301260000001 ], [ -111.0576084, 45.692840599999968 ], [ -111.0583184, 45.688862599999986 ] ] ] } },
{ "type": "Feature", "properties": { "state_po": "MT", "congressional_district": "MT-01", "pwsid": "MT0004208", "pws_name": "SPIRIT HILLS SUBDIVISION", "population_served_count": 230, "model_method": "Random Forest", "verification_status": "", "symbology_field": "Modeled", "intersection_area_sq_km": 0.34202086125338882 }, "geometry": { "type": "MultiPolygon", "coordinates": [ [ [ [ -111.0459954, 45.750512599999972 ], [ -111.0447634, 45.753056600000022 ], [ -111.0485504, 45.7531956 ], [ -111.0499184, 45.754993600000034 ], [ -111.0427154, 45.755131600000013 ], [ -111.0404744, 45.753623600000012 ], [ -111.0409994, 45.751060600000024 ], [ -111.0459954, 45.750512599999972 ] ] ], [ [ [ -111.0596094, 45.7546296 ], [ -111.0598884, 45.7569596 ], [ -111.05664440000001, 45.756647600000022 ], [ -111.0566184, 45.758333599999943 ], [ -111.0523604, 45.7573886 ], [ -111.0528754, 45.756009599999949 ], [ -111.0596094, 45.7546296 ] ] ] ] } },
{ "type": "Feature", "properties": { "state_po": "MT", "congressional_district": "MT-01", "pwsid": "MT0004734", "pws_name": "FRANKLIN HILLS SUBDIVISION", "population_served_count": 50, "model_method": "Random Forest", "verification_status": "", "symbology_field": "Modeled", "intersection_area_sq_km": 0.25372114331120788 }, "geometry": { "type": "Polygon", "coordinates": [ [ [ -110.9896013, 45.66467160000002 ], [ -111.0009873, 45.663873599999967 ], [ -111.0009733, 45.667387599999955 ], [ -110.9936343, 45.66739060000004 ], [ -110.993609299999989, 45.665104599999964 ], [ -110.9896013, 45.66467160000002 ] ] ] } },
{ "type": "Feature", "properties": { "state_po": "MT", "congressional_district": "MT-01", "pwsid": "MT0000115", "pws_name": "ROCKY CREEK TR COURT", "population_served_count": 35, "model_method": "Parcel", "verification_status": "", "symbology_field": "Modeled", "intersection_area_sq_km": 0.024166897708193247 }, "geometry": { "type": "Polygon", "coordinates": [ [ [ -111.0135979, 45.6837686 ], [ -111.0130244, 45.6855511 ], [ -111.0117761, 45.683794100000021 ], [ -111.0135979, 45.6837686 ] ] ] } },
{ "type": "Feature", "properties": { "state_po": "MT", "congressional_district": "MT-01", "pwsid": "MT0000339", "pws_name": "SUPERIOR  TOWN OF", "population_served_count": 1100, "model_method": "", "verification_status": "", "symbology_field": "System Sourced", "intersection_area_sq_km": 2.9799221862857386 }, "geometry": { "type": "Polygon", "coordinates": [ [ [ -114.8760786, 47.1827096 ], [ -114.8907199, 47.191211900000027 ], [ -114.9019749, 47.194290200000019 ], [ -114.9029485, 47.198792 ], [ -114.9011203, 47.199967300000012 ], [ -114.8936398, 47.199051100000027 ], [ -114.8884456, 47.213329099999974 ], [ -114.8850842, 47.217789599999989 ], [ -114.876887899999986, 47.2232376 ], [ -114.8752618, 47.221468700000038 ], [ -114.8848522, 47.211633600000013 ], [ -114.889357800000013, 47.199856799999928 ], [ -114.8881155, 47.196385599999985 ], [ -114.883391, 47.1952068 ], [ -114.878176, 47.190819 ], [ -114.869482, 47.188234099999974 ], [ -114.86842390000001, 47.185185499999953 ], [ -114.870845100000011, 47.183218699999969 ], [ -114.8760786, 47.1827096 ] ] ] } },
{ "type": "Feature", "properties": { "state_po": "MT", "congressional_district": "MT-01", "pwsid": "MT0000189", "pws_name": "CORAM COUNTY WATER AND SEWER DISTRICT", "population_served_count": 450, "model_method": null, "verification_status": null, "symbology_field": "System Sourced", "intersection_area_sq_km": 2.0783406066242147 }, "geometry": { "type": "MultiPolygon", "coordinates": [ [ [ [ -114.0461158, 48.4051652 ], [ -114.0523995, 48.40909640000006 ], [ -114.0504001, 48.41064219999997 ], [ -114.0468721, 48.4093087 ], [ -114.0461158, 48.4051652 ] ] ], [ [ [ -114.04688560000001, 48.410379299999967 ], [ -114.045778500000011, 48.410646199999988 ], [ -114.0457716, 48.408887699999987 ], [ -114.04688560000001, 48.410379299999967 ] ] ], [ [ [ -114.0187805, 48.417920500000037 ], [ -114.0206685, 48.418603199999986 ], [ -114.0187777, 48.418272099999975 ], [ -114.0187805, 48.417920500000037 ] ] ], [ [ [ -114.0242266, 48.41847029999996 ], [ -114.0330272, 48.417898300000012 ], [ -114.0330403, 48.419333199999947 ], [ -114.0242266, 48.41847029999996 ] ] ], [ [ [ -114.0431881, 48.42817910000003 ], [ -114.0416305, 48.425106799999959 ], [ -114.0441627, 48.422370400000013 ], [ -114.0370973, 48.421479399999967 ], [ -114.0370847, 48.419435899999975 ], [ -114.035061, 48.419440199999961 ], [ -114.03507350000001, 48.422738799999969 ], [ -114.0332568, 48.422747 ], [ -114.0332544, 48.421500399999978 ], [ -114.0187689, 48.421535099999936 ], [ -114.0187763, 48.4183759 ], [ -114.0209097, 48.4187343 ], [ -114.0238057, 48.4185361 ], [ -114.0338304, 48.419477799999989 ], [ -114.0335682, 48.416098599999977 ], [ -114.029634800000011, 48.4161077 ], [ -114.0296393, 48.414302199999966 ], [ -114.04, 48.414256700000017 ], [ -114.0397356, 48.416964900000039 ], [ -114.0424099, 48.416043 ], [ -114.0423896, 48.414241900000043 ], [ -114.0457885, 48.4142207 ], [ -114.0472508, 48.416921299999963 ], [ -114.0486105, 48.414221399999953 ], [ -114.0566996, 48.414223099999951 ], [ -114.0559017, 48.424351399999985 ], [ -114.0533671, 48.423567 ], [ -114.0540679, 48.421443100000019 ], [ -114.046207, 48.4214315 ], [ -114.0436061, 48.4255974 ], [ -114.045778399999989, 48.425684 ], [ -114.0458215, 48.4284814 ], [ -114.0431881, 48.42817910000003 ] ], [ [ -114.0490857, 48.4173643 ], [ -114.047992799999989, 48.4170225 ], [ -114.0477739, 48.417636300000012 ], [ -114.0490857, 48.4173643 ] ] ] ] } },
{ "type": "Feature", "properties": { "state_po": "MT", "congressional_district": "MT-01", "pwsid": "MT0004475", "pws_name": "EAGLE RIDGE ESTATES CO W AND S DIST", "population_served_count": 115, "model_method": null, "verification_status": null, "symbology_field": "System Sourced", "intersection_area_sq_km": 0.27075811445291165 }, "geometry": { "type": "Polygon", "coordinates": [ [ [ -114.362907299999989, 48.1867466 ], [ -114.3650256, 48.182239700000011 ], [ -114.3685174, 48.18221310000002 ], [ -114.3681901, 48.189456200000016 ], [ -114.3643114, 48.1894258 ], [ -114.362907299999989, 48.1867466 ] ] ] } },
{ "type": "Feature", "properties": { "state_po": "MT", "congressional_district": "MT-01", "pwsid": "MT0002862", "pws_name": "EMERALD HEIGHTS HOA WATER & SEWER DIST", "population_served_count": 70, "model_method": null, "verification_status": null, "symbology_field": "System Sourced", "intersection_area_sq_km": 0.098812032584357321 }, "geometry": { "type": "Polygon", "coordinates": [ [ [ -114.3303288, 48.377116699999988 ], [ -114.330322099999989, 48.374479299999962 ], [ -114.3351641, 48.374462 ], [ -114.3338154, 48.378079499999934 ], [ -114.3303288, 48.377116699999988 ] ] ] } },
{ "type": "Feature", "properties": { "state_po": "MT", "congressional_district": "MT-01", "pwsid": "MT0004458", "pws_name": "FOX HILL ESTATES", "population_served_count": 163, "model_method": null, "verification_status": null, "symbology_field": "System Sourced", "intersection_area_sq_km": 0.26598165524031275 }, "geometry": { "type": "Polygon", "coordinates": [ [ [ -114.1267911, 48.2111728 ], [ -114.1265548, 48.20035739999998 ], [ -114.129974499999989, 48.20032290000001 ], [ -114.1299738, 48.2096033 ], [ -114.1267938, 48.209633199999956 ], [ -114.1267911, 48.2111728 ] ] ] } },
{ "type": "Feature", "properties": { "state_po": "MT", "congressional_district": "MT-01", "pwsid": "MT0004700", "pws_name": "ALPINE PACIFIC UTILITIES", "population_served_count": 270, "model_method": null, "verification_status": null, "symbology_field": "System Sourced", "intersection_area_sq_km": 0.68910677233419815 }, "geometry": { "type": "Polygon", "coordinates": [ [ [ -114.259533300000015, 48.287428800000043 ], [ -114.2603272, 48.281589600000032 ], [ -114.2631596, 48.2802013 ], [ -114.2762243, 48.2802119 ], [ -114.276213, 48.283825199999974 ], [ -114.2654808, 48.2856433 ], [ -114.2654848, 48.2874479 ], [ -114.259533300000015, 48.287428800000043 ] ] ] } },
{ "type": "Feature", "properties": { "state_po": "MT", "congressional_district": "MT-01", "pwsid": "MT0003194", "pws_name": "GREEN TREE MEADOWS COUNTY W &/OR S DIST", "population_served_count": 237, "model_method": null, "verification_status": null, "symbology_field": "System Sourced", "intersection_area_sq_km": 0.25456219881367198 }, "geometry": { "type": "Polygon", "coordinates": [ [ [ -114.2715102, 48.158713599999977 ], [ -114.276618, 48.157957599999989 ], [ -114.2766246, 48.1641585 ], [ -114.2715073, 48.164170700000021 ], [ -114.2715102, 48.158713599999977 ] ] ] } },
{ "type": "Feature", "properties": { "state_po": "MT", "congressional_district": "MT-01", "pwsid": "MT0001923", "pws_name": "GREENACRES COUNTY WATER AND SEWER DIST", "population_served_count": 450, "model_method": null, "verification_status": null, "symbology_field": "System Sourced", "intersection_area_sq_km": 0.25825576994901123 }, "geometry": { "type": "MultiPolygon", "coordinates": [ [ [ [ -114.287978599999988, 48.177615699999976 ], [ -114.2899355, 48.1776276 ], [ -114.2911023, 48.176132900000027 ], [ -114.2916038, 48.1763544 ], [ -114.2903113, 48.177880099999989 ], [ -114.287978599999988, 48.177615699999976 ] ] ], [ [ [ -114.2915425, 48.176695899999949 ], [ -114.291836, 48.1773299 ], [ -114.291539, 48.177347 ], [ -114.2915425, 48.176695899999949 ] ] ], [ [ [ -114.2931231, 48.1790003 ], [ -114.293129399999984, 48.18065559999998 ], [ -114.288001, 48.1806331 ], [ -114.2880217, 48.178119199999969 ], [ -114.2901011, 48.178098 ], [ -114.291545599999978, 48.177516299999951 ], [ -114.2934655, 48.1775107 ], [ -114.2933686, 48.178883 ], [ -114.298626399999989, 48.1789071 ], [ -114.2956679, 48.182522399999968 ], [ -114.2933825, 48.182512099999983 ], [ -114.2931231, 48.1790003 ] ] ] ] } },
{ "type": "Feature", "properties": { "state_po": "MT", "congressional_district": "MT-01", "pwsid": "MT0001984", "pws_name": "HAPPY VALLEY WATER DIST B KSPL", "population_served_count": 207, "model_method": null, "verification_status": null, "symbology_field": "System Sourced", "intersection_area_sq_km": 0.31421173999072188 }, "geometry": { "type": "Polygon", "coordinates": [ [ [ -114.33370739999998, 48.336511799999975 ], [ -114.330408299999988, 48.3346083 ], [ -114.327914199999981, 48.334572199999982 ], [ -114.327891, 48.327334200000067 ], [ -114.3304636, 48.327331200000017 ], [ -114.330475299999989, 48.324820399999986 ], [ -114.3319817, 48.3290083 ], [ -114.329607599999989, 48.3293771 ], [ -114.3296105, 48.330749199999985 ], [ -114.3324996, 48.3303551 ], [ -114.3337323, 48.3338603 ], [ -114.33370739999998, 48.336511799999975 ] ] ] } },
{ "type": "Feature", "properties": { "state_po": "MT", "congressional_district": "MT-01", "pwsid": "MT0000261", "pws_name": "FLATHEAD CO WATER DISTRICT NO 8", "population_served_count": 475, "model_method": null, "verification_status": null, "symbology_field": "System Sourced", "intersection_area_sq_km": 0.51234442464173502 }, "geometry": { "type": "MultiPolygon", "coordinates": [ [ [ [ -114.3331231, 48.327995100000031 ], [ -114.3338361, 48.32764569999997 ], [ -114.333833, 48.3279902 ], [ -114.3331231, 48.327995100000031 ] ] ], [ [ [ -114.3291027, 48.340764600000043 ], [ -114.323856, 48.334749099999968 ], [ -114.3304074, 48.334772799999975 ], [ -114.3303949, 48.336487499999969 ], [ -114.333789599999989, 48.336512300000031 ], [ -114.3339153, 48.327414400000016 ], [ -114.33552, 48.3274148 ], [ -114.335399, 48.340967600000013 ], [ -114.3291027, 48.340764600000043 ] ] ] ] } },
{ "type": "Feature", "properties": { "state_po": "MT", "congressional_district": "MT-01", "pwsid": "MT0001737", "pws_name": "HIDEAWAY TR PK  COLUMBIA FALLS", "population_served_count": 75, "model_method": null, "verification_status": null, "symbology_field": "System Sourced", "intersection_area_sq_km": 0.034276548366801246 }, "geometry": { "type": "Polygon", "coordinates": [ [ [ -114.2790024, 48.373604599999986 ], [ -114.2789822, 48.37212660000003 ], [ -114.2816897, 48.3718628 ], [ -114.281720100000015, 48.373386 ], [ -114.2790024, 48.373604599999986 ] ] ] } },
{ "type": "Feature", "properties": { "state_po": "MT", "congressional_district": "MT-01", "pwsid": "MT0000253", "pws_name": "HUNGRY HORSE CO WATER AND SEWER DISTRICT", "population_served_count": 1135, "model_method": null, "verification_status": null, "symbology_field": "System Sourced", "intersection_area_sq_km": 2.2607309173391701 }, "geometry": { "type": "Polygon", "coordinates": [ [ [ -114.0444209, 48.392821199999986 ], [ -114.0443922, 48.385591800000043 ], [ -114.0509171, 48.385603 ], [ -114.0444012, 48.38199740000001 ], [ -114.0498418, 48.381991799999966 ], [ -114.0498148, 48.378382500000015 ], [ -114.0552232, 48.378362499999952 ], [ -114.0551781, 48.3747482 ], [ -114.0605869, 48.374743799999976 ], [ -114.0628854, 48.377697599999969 ], [ -114.0659958, 48.378332399999969 ], [ -114.0660566, 48.385627699999986 ], [ -114.07986910000001, 48.385687199999957 ], [ -114.0797629, 48.389029 ], [ -114.0714534, 48.388116900000014 ], [ -114.0714265, 48.391554599999964 ], [ -114.057193, 48.387627800000026 ], [ -114.0476092, 48.38925960000001 ], [ -114.0460885, 48.3928216 ], [ -114.0444209, 48.392821199999986 ] ], [ [ -114.0593419, 48.3842507 ], [ -114.0578186, 48.385423499999916 ], [ -114.059342899999976, 48.385417299999943 ], [ -114.0593419, 48.3842507 ] ] ] } },
{ "type": "Feature", "properties": { "state_po": "MT", "congressional_district": "MT-01", "pwsid": "MT0000266", "pws_name": "LAKESIDE WATER SYSTEM", "population_served_count": 1225, "model_method": null, "verification_status": null, "symbology_field": "System Sourced", "intersection_area_sq_km": 8.762978112897148 }, "geometry": { "type": "MultiPolygon", "coordinates": [ [ [ [ -114.2207261, 48.004116700000026 ], [ -114.220039899999989, 48.005401299999981 ], [ -114.220065, 48.0024608 ], [ -114.218896, 48.001800700000011 ], [ -114.2166901, 48.002330399999984 ], [ -114.215532599999989, 48.00174879999998 ], [ -114.2194294, 48.001765199999987 ], [ -114.2221098, 48.000125199999978 ], [ -114.222345600000011, 47.996742899999958 ], [ -114.2198408, 47.999225700000054 ], [ -114.2171978, 47.999324800000032 ], [ -114.219734899999978, 47.999072199999986 ], [ -114.2218375, 47.996761199999931 ], [ -114.219479799999988, 47.9981955 ], [ -114.2158784, 47.997009099999978 ], [ -114.2146872, 47.995194600000026 ], [ -114.2144042, 47.9912886 ], [ -114.2154795, 47.9963188 ], [ -114.219431199999988, 47.998032 ], [ -114.2217709, 47.996478300000035 ], [ -114.2240287, 47.991797400000031 ], [ -114.2248061, 47.9911927 ], [ -114.222074299999989, 47.996373599999963 ], [ -114.2225837, 47.996653699999989 ], [ -114.2242317, 48.000222699999981 ], [ -114.2253034, 47.996093899999948 ], [ -114.2259285, 47.9952356 ], [ -114.2290251, 47.9947764 ], [ -114.2262737, 47.9935023 ], [ -114.227067800000015, 47.991192199999965 ], [ -114.2264998, 47.9934404 ], [ -114.2285833, 47.994162399999972 ], [ -114.230574800000014, 47.991193600000017 ], [ -114.2356341, 47.9911946 ], [ -114.2356371, 48.00136 ], [ -114.2325621, 48.003718 ], [ -114.2356363, 48.0025463 ], [ -114.2356376, 48.004964099999967 ], [ -114.2328092, 48.003967799999984 ], [ -114.2324391, 48.005733500000012 ], [ -114.2231275, 48.005730899999961 ], [ -114.2207261, 48.004116700000026 ] ], [ [ -114.230233, 47.9935767 ], [ -114.2289506, 47.995058200000017 ], [ -114.2261515, 47.995306900000017 ], [ -114.2252844, 47.998439399999988 ], [ -114.2294579, 47.998444399999968 ], [ -114.228685899999988, 47.9959614 ], [ -114.2323955, 47.994521 ], [ -114.230233, 47.9935767 ] ], [ [ -114.2313447, 47.995658600000027 ], [ -114.2306393, 47.996409799999952 ], [ -114.2336079, 47.99574640000003 ], [ -114.2313447, 47.995658600000027 ] ], [ [ -114.2226125, 47.99787130000005 ], [ -114.222431899999989, 48.002984 ], [ -114.2252171, 48.0026671 ], [ -114.2251905, 48.001198400000035 ], [ -114.2239272, 48.000259 ], [ -114.2226125, 47.99787130000005 ] ], [ [ -114.2264956, 47.999500399999988 ], [ -114.2245037, 48.0002822 ], [ -114.2264646, 48.000778299999965 ], [ -114.2264956, 47.999500399999988 ] ], [ [ -114.225677800000014, 48.0016495 ], [ -114.2255456, 48.004299 ], [ -114.2264898, 48.00517379999998 ], [ -114.226849699999988, 48.005062 ], [ -114.225677800000014, 48.0016495 ] ] ], [ [ [ -114.2143204, 48.002707899999947 ], [ -114.2152899, 48.002879 ], [ -114.2144433, 48.0029874 ], [ -114.2143204, 48.002707899999947 ] ] ], [ [ [ -114.2397099, 48.012931799999983 ], [ -114.2418845, 48.0120415 ], [ -114.2418864, 48.0129301 ], [ -114.2397099, 48.012931799999983 ] ] ], [ [ [ -114.2452709, 48.122266799999977 ], [ -114.2409139, 48.120874400000062 ], [ -114.2299438, 48.120865699999989 ], [ -114.228821900000014, 48.12056269999993 ], [ -114.228414199999989, 48.120310800000013 ], [ -114.2275471, 48.1182075 ], [ -114.2274358, 48.117156 ], [ -114.2126336, 48.117141500000017 ], [ -114.2126209, 48.09546509999997 ], [ -114.159156599999989, 48.0955275 ], [ -114.2128092, 48.095209399999973 ], [ -114.2129736, 48.1061987 ], [ -114.2209513, 48.106199400000037 ], [ -114.22095920000001, 48.1044063 ], [ -114.2235972, 48.104392600000033 ], [ -114.223565799999989, 48.09896040000001 ], [ -114.219751899999977, 48.0989627 ], [ -114.2196798, 48.095468700000048 ], [ -114.2235455, 48.0972342 ], [ -114.2235167, 48.094658799999962 ], [ -114.234193100000013, 48.095142800000019 ], [ -114.2342126, 48.092200500000082 ], [ -114.2370606, 48.095208800000016 ], [ -114.229741499999989, 48.084982399999973 ], [ -114.2288046, 48.0814462 ], [ -114.2294936, 48.079296299999953 ], [ -114.2306435, 48.078142799999966 ], [ -114.240763199999989, 48.0771129 ], [ -114.244561, 48.074811400000023 ], [ -114.2384486, 48.0683897 ], [ -114.2385476, 48.064182299999977 ], [ -114.2366042, 48.064187 ], [ -114.2370457, 48.062970299999989 ], [ -114.239433, 48.063448500000035 ], [ -114.2375748, 48.062598299999983 ], [ -114.2392913, 48.0612508 ], [ -114.240988, 48.06196930000003 ], [ -114.2403134, 48.057081499999939 ], [ -114.2331526, 48.055885799999942 ], [ -114.2323495, 48.054828900000039 ], [ -114.2379387, 48.055963300000023 ], [ -114.2329593, 48.0532402 ], [ -114.2295518, 48.0532353 ], [ -114.2275063, 48.0509781 ], [ -114.2263184, 48.051761 ], [ -114.2235602, 48.0505512 ], [ -114.226001599999989, 48.049823099999927 ], [ -114.2225402, 48.04989850000004 ], [ -114.2204917, 48.0426238 ], [ -114.2252709, 48.041905799999938 ], [ -114.2196861, 48.038856599999981 ], [ -114.2162869, 48.039319100000043 ], [ -114.2151026, 48.037144500000018 ], [ -114.2256375, 48.0346325 ], [ -114.226423, 48.0331553 ], [ -114.2226882, 48.029420199999969 ], [ -114.2257483, 48.0245313 ], [ -114.2208675, 48.016286799999961 ], [ -114.211859, 48.012166499999978 ], [ -114.2125616, 48.006773400000029 ], [ -114.2101163, 48.002407299999987 ], [ -114.208411700000013, 48.005658499999988 ], [ -114.195172200000016, 48.005774099999961 ], [ -114.192968599999986, 48.004243199999955 ], [ -114.19275660000001, 48.0020814 ], [ -114.1970488, 48.0044331 ], [ -114.197644400000016, 48.002093499999972 ], [ -114.1995356, 48.0021002 ], [ -114.1994703, 48.004725499999985 ], [ -114.2033547, 48.003488899999944 ], [ -114.2080776, 48.004685500000015 ], [ -114.207263, 47.998659799999963 ], [ -114.2109567, 47.998124700000041 ], [ -114.2069263, 47.994857600000067 ], [ -114.2113852, 47.997146 ], [ -114.214039899999989, 48.002704199999982 ], [ -114.2137988, 48.012486 ], [ -114.2180871, 48.013878499999969 ], [ -114.217653, 48.012215499999982 ], [ -114.2343003, 48.012942900000027 ], [ -114.2329494, 48.011208700000026 ], [ -114.2381284, 48.009323399999985 ], [ -114.238131700000011, 48.011034200000012 ], [ -114.235646799999984, 48.0110451 ], [ -114.235674, 48.015175799999973 ], [ -114.2381393, 48.0150131 ], [ -114.2381355, 48.013015900000021 ], [ -114.2448943, 48.013016500000013 ], [ -114.245791, 48.016578600000038 ], [ -114.2389769, 48.017482899999976 ], [ -114.2384594, 48.0178352 ], [ -114.2376954, 48.0190614 ], [ -114.236403, 48.0193857 ], [ -114.2358094, 48.020183 ], [ -114.2410693, 48.017270600000025 ], [ -114.2410938, 48.020207699999951 ], [ -114.246461, 48.020232600000035 ], [ -114.2464558, 48.027409 ], [ -114.2357161, 48.025221300000055 ], [ -114.2410861, 48.026603699999981 ], [ -114.2411081, 48.03102870000005 ], [ -114.2357344, 48.031035 ], [ -114.2370569, 48.026695200000027 ], [ -114.2357137, 48.025903400000011 ], [ -114.227958199999989, 48.0258961 ], [ -114.2259569, 48.028025 ], [ -114.2287744, 48.033512099999918 ], [ -114.2357508, 48.033520799999977 ], [ -114.2357587, 48.0346515 ], [ -114.2289289, 48.0346374 ], [ -114.2282882, 48.045564599999963 ], [ -114.2299057, 48.0483425 ], [ -114.2320777, 48.048235500000011 ], [ -114.2304843, 48.049093499999969 ], [ -114.233588, 48.049782699999987 ], [ -114.2340492, 48.0508652 ], [ -114.2317779, 48.050864200000021 ], [ -114.234047, 48.05342 ], [ -114.242262599999989, 48.058004199999978 ], [ -114.242729700000012, 48.059645700000026 ], [ -114.2416705, 48.063701299999941 ], [ -114.246276900000012, 48.075567400000033 ], [ -114.2436712, 48.077456699999985 ], [ -114.2392621, 48.07773839999993 ], [ -114.2378854, 48.079749699999986 ], [ -114.2372529, 48.077802800000022 ], [ -114.2334282, 48.078516 ], [ -114.2349164, 48.0793776 ], [ -114.234780299999983, 48.0804392 ], [ -114.2363966, 48.0788469 ], [ -114.2378764, 48.0809131 ], [ -114.243649, 48.08094890000001 ], [ -114.2403937, 48.0826739 ], [ -114.239621, 48.086142599999981 ], [ -114.2384386, 48.085268200000037 ], [ -114.239124499999988, 48.0862446 ], [ -114.237227399999981, 48.0865102 ], [ -114.238549600000013, 48.088165 ], [ -114.2342421, 48.088148600000032 ], [ -114.2346983, 48.084521799999976 ], [ -114.2338494, 48.083579 ], [ -114.23430089999998, 48.0795654 ], [ -114.2308365, 48.078364699999987 ], [ -114.2292217, 48.08143830000003 ], [ -114.2366677, 48.094208900000048 ], [ -114.2402053, 48.093212399999928 ], [ -114.240129599999989, 48.096555499999901 ], [ -114.237635, 48.095390400000028 ], [ -114.2447853, 48.104254199999957 ], [ -114.2447596, 48.099031199999985 ], [ -114.244882499999989, 48.0990268 ], [ -114.2452296, 48.109859900000011 ], [ -114.2452709, 48.122266799999977 ] ], [ [ -114.233550799999989, 48.024374100000031 ], [ -114.2327302, 48.024784599999983 ], [ -114.2335493, 48.0247855 ], [ -114.233550799999989, 48.024374100000031 ] ], [ [ -114.236875399999988, 48.02460940000001 ], [ -114.2378892, 48.024006799999974 ], [ -114.2368734, 48.024002600000017 ], [ -114.236875399999988, 48.02460940000001 ] ], [ [ -114.2261531, 48.026462 ], [ -114.2269679, 48.025770300000012 ], [ -114.2267413, 48.025707300000029 ], [ -114.2261531, 48.026462 ] ], [ [ -114.2422372, 48.0592205 ], [ -114.2409403, 48.058720600000044 ], [ -114.2411131, 48.059217699999984 ], [ -114.2422372, 48.0592205 ] ], [ [ -114.2405154, 48.06708859999997 ], [ -114.240830699999989, 48.064696400000052 ], [ -114.2410044, 48.062917699999979 ], [ -114.2385891, 48.065494099999967 ], [ -114.2405154, 48.06708859999997 ] ], [ [ -114.2390724, 48.067086800000027 ], [ -114.2396149, 48.066879400000019 ], [ -114.2389872, 48.066879400000019 ], [ -114.2390724, 48.067086800000027 ] ], [ [ -114.241316399999988, 48.067192099999957 ], [ -114.2408133, 48.067088499999933 ], [ -114.2408031, 48.0671944 ], [ -114.241316399999988, 48.067192099999957 ] ], [ [ -114.2406947, 48.069084 ], [ -114.242754, 48.069096 ], [ -114.2424718, 48.068151200000031 ], [ -114.2406947, 48.069084 ] ], [ [ -114.2433841, 48.070741799999972 ], [ -114.2422067, 48.069929799999976 ], [ -114.2420645, 48.071311300000033 ], [ -114.2433841, 48.070741799999972 ] ], [ [ -114.2445871, 48.076653099999938 ], [ -114.2443415, 48.076109499999973 ], [ -114.244020299999974, 48.076278599999966 ], [ -114.2445871, 48.076653099999938 ] ], [ [ -114.2236803, 48.046012599999962 ], [ -114.2232726, 48.04545449999997 ], [ -114.223267, 48.046011899999975 ], [ -114.2236803, 48.046012599999962 ] ], [ [ -114.2248792, 48.0460172 ], [ -114.226971299999988, 48.045459900000026 ], [ -114.2248808, 48.04545339999995 ], [ -114.2248792, 48.0460172 ] ], [ [ -114.2275286, 48.046714300000026 ], [ -114.2280871, 48.046405899999911 ], [ -114.2268523, 48.046403200000036 ], [ -114.2275286, 48.046714300000026 ] ], [ [ -114.224434699999989, 48.0490731 ], [ -114.2244489, 48.046687699999985 ], [ -114.224343499999989, 48.0466885 ], [ -114.224434699999989, 48.0490731 ] ], [ [ -114.226666499999979, 48.0511361 ], [ -114.2267651, 48.0502958 ], [ -114.2261746, 48.050677399999955 ], [ -114.226666499999979, 48.0511361 ] ], [ [ -114.2345213, 48.080892200000022 ], [ -114.2346937, 48.0835802 ], [ -114.2346888, 48.082277100000034 ], [ -114.2362656, 48.080903199999966 ], [ -114.2345213, 48.080892200000022 ] ], [ [ -114.2371927, 48.0845342 ], [ -114.2354051, 48.085544 ], [ -114.2365669, 48.08605660000002 ], [ -114.2371927, 48.0845342 ] ], [ [ -114.2263702, 48.105357 ], [ -114.2343222, 48.108286499999934 ], [ -114.2343012, 48.106227700000012 ], [ -114.2448388, 48.106248 ], [ -114.2372663, 48.095486 ], [ -114.2236099, 48.0954634 ], [ -114.2236945, 48.102580200000013 ], [ -114.226428, 48.1025876 ], [ -114.2263702, 48.105357 ] ], [ [ -114.2234961, 48.1097658 ], [ -114.220936199999983, 48.109765399999951 ], [ -114.220951, 48.106257600000035 ], [ -114.2129732, 48.106246499999948 ], [ -114.2127778, 48.116974 ], [ -114.2234932, 48.116969400000038 ], [ -114.2234961, 48.1097658 ] ], [ [ -114.2449963, 48.122043500000032 ], [ -114.2449724, 48.113484 ], [ -114.2343179, 48.113469499999951 ], [ -114.2343228, 48.108346700000048 ], [ -114.2289728, 48.107643899999943 ], [ -114.2286324, 48.12022180000001 ], [ -114.241160799999989, 48.120725599999972 ], [ -114.2449963, 48.122043500000032 ] ] ] ] } },
{ "type": "Feature", "properties": { "state_po": "MT", "congressional_district": "MT-01", "pwsid": "MT0000286", "pws_name": "MARTIN CITY COUNTY WATER DISTRICT", "population_served_count": 340, "model_method": null, "verification_status": null, "symbology_field": "System Sourced", "intersection_area_sq_km": 1.7356585290481898 }, "geometry": { "type": "Polygon", "coordinates": [ [ [ -114.0402974, 48.393307 ], [ -114.039294200000015, 48.393991100000029 ], [ -114.0379805, 48.392824899999979 ], [ -114.0373137, 48.393733500000025 ], [ -114.0367909, 48.392826899999967 ], [ -114.030005300000013, 48.392834599999972 ], [ -114.0281498, 48.391978400000021 ], [ -114.028139900000014, 48.389217900000013 ], [ -114.031140799999989, 48.38921189999995 ], [ -114.03112, 48.387369900000039 ], [ -114.0294087, 48.385907 ], [ -114.0288602, 48.3872594 ], [ -114.0263241, 48.386976200000042 ], [ -114.025453399999989, 48.384674299999972 ], [ -114.0245501, 48.386910500000027 ], [ -114.020603900000012, 48.3876633 ], [ -114.0193628, 48.385566100000041 ], [ -114.0227007, 48.3856059 ], [ -114.0227234, 48.382292100000029 ], [ -114.0252008, 48.3831923 ], [ -114.0282958, 48.381526 ], [ -114.038979399999988, 48.381949 ], [ -114.0389857, 48.378307899999989 ], [ -114.044406299999977, 48.378402299999905 ], [ -114.044404899999989, 48.38792310000003 ], [ -114.042493799999988, 48.389207799999944 ], [ -114.0444104, 48.3892083 ], [ -114.0444199, 48.392371800000021 ], [ -114.0419426, 48.391808900000051 ], [ -114.040131699999989, 48.394885699999961 ], [ -114.0402974, 48.393307 ] ], [ [ -114.038818299999988, 48.3882617 ], [ -114.0389745, 48.386775799999967 ], [ -114.038549, 48.3867854 ], [ -114.038818299999988, 48.3882617 ] ], [ [ -114.036029500000012, 48.388809799999976 ], [ -114.0371028, 48.3895903 ], [ -114.0373889, 48.3890841 ], [ -114.036029500000012, 48.388809799999976 ] ], [ [ -114.0413499, 48.389276600000017 ], [ -114.0400926, 48.389825200000018 ], [ -114.04147, 48.389545199999979 ], [ -114.0413499, 48.389276600000017 ] ], [ [ -114.0376401, 48.390180900000033 ], [ -114.0382046, 48.3897012 ], [ -114.0376385, 48.389701099999982 ], [ -114.0376401, 48.390180900000033 ] ], [ [ -114.0414316, 48.389696299999983 ], [ -114.040393, 48.390251599999985 ], [ -114.0415736, 48.3900116 ], [ -114.0414316, 48.389696299999983 ] ], [ [ -114.0394894, 48.390441299999971 ], [ -114.0400534, 48.389976299999958 ], [ -114.0393508, 48.390132 ], [ -114.0394894, 48.390441299999971 ] ], [ [ -114.0413626, 48.390112199999919 ], [ -114.0405595, 48.390619499999964 ], [ -114.0414995, 48.390417799999973 ], [ -114.0413626, 48.390112199999919 ] ], [ [ -114.0367844, 48.3914529 ], [ -114.0373966, 48.391124100000013 ], [ -114.036783, 48.391125100000032 ], [ -114.0367844, 48.3914529 ] ], [ [ -114.0395951, 48.392774400000029 ], [ -114.0392132, 48.39281 ], [ -114.039599200000012, 48.392957500000023 ], [ -114.0395951, 48.392774400000029 ] ], [ [ -114.0393091, 48.393415599999969 ], [ -114.0392845, 48.3929289 ], [ -114.0390372, 48.393125 ], [ -114.0393091, 48.393415599999969 ] ], [ [ -114.0312302, 48.38730690000007 ], [ -114.033450800000011, 48.3878087 ], [ -114.0315275, 48.38643710000003 ], [ -114.0312302, 48.38730690000007 ] ], [ [ -114.0335618, 48.387767400000072 ], [ -114.0344179, 48.387216699999989 ], [ -114.0335588, 48.386926800000026 ], [ -114.0335618, 48.387767400000072 ] ], [ [ -114.0329366, 48.3897197 ], [ -114.0334252, 48.389289400000031 ], [ -114.032728299999988, 48.3892895 ], [ -114.0329366, 48.3897197 ] ], [ [ -114.0359077, 48.3892895 ], [ -114.0351518, 48.389721800000032 ], [ -114.0359093, 48.3897228 ], [ -114.0359077, 48.3892895 ] ], [ [ -114.032588, 48.3897769 ], [ -114.0328908, 48.390104899999969 ], [ -114.032732199999984, 48.389776199999979 ], [ -114.032588, 48.3897769 ] ], [ [ -114.033121, 48.3901045 ], [ -114.0335712, 48.389774699999954 ], [ -114.0329609, 48.389776599999983 ], [ -114.033121, 48.3901045 ] ], [ [ -114.0317303, 48.391465300000014 ], [ -114.032107, 48.391122 ], [ -114.0317289, 48.391122599999967 ], [ -114.0317303, 48.391465300000014 ] ], [ [ -114.036653699999988, 48.3906308 ], [ -114.0370254, 48.390958 ], [ -114.0370242, 48.390630499999986 ], [ -114.036653699999988, 48.3906308 ] ], [ [ -114.031730599999989, 48.3915202 ], [ -114.0321995, 48.3918479 ], [ -114.0321983, 48.391518900000015 ], [ -114.031730599999989, 48.3915202 ] ], [ [ -114.031487, 48.392699699999973 ], [ -114.0304976, 48.392372199999969 ], [ -114.0304989, 48.39270130000002 ], [ -114.031487, 48.392699699999973 ] ] ] } },
{ "type": "Feature", "properties": { "state_po": "MT", "congressional_district": "MT-01", "pwsid": "MT0002925", "pws_name": "MEADOW HILLS WATER AND SEWER DISTRICT", "population_served_count": 130, "model_method": null, "verification_status": null, "symbology_field": "System Sourced", "intersection_area_sq_km": 0.17262272986160956 }, "geometry": { "type": "MultiPolygon", "coordinates": [ [ [ [ -114.3637801, 48.198734300000027 ], [ -114.3649479, 48.197050399999974 ], [ -114.3644101, 48.198730099999963 ], [ -114.3637801, 48.198734300000027 ] ] ], [ [ [ -114.370614, 48.1972191 ], [ -114.3731534, 48.197058500000026 ], [ -114.3731398, 48.198898200000016 ], [ -114.370496, 48.198860299999978 ], [ -114.370614, 48.1972191 ] ] ], [ [ [ -114.364326, 48.198900899999984 ], [ -114.3731363, 48.199083500000022 ], [ -114.3731091, 48.200545800000022 ], [ -114.3640536, 48.200473200000054 ], [ -114.364326, 48.198900899999984 ] ] ] ] } },
{ "type": "Feature", "properties": { "state_po": "MT", "congressional_district": "MT-01", "pwsid": "MT0000914", "pws_name": "MEADOW LAKE CO WATER AND SEWER DISTRICT", "population_served_count": 950, "model_method": null, "verification_status": null, "symbology_field": "System Sourced", "intersection_area_sq_km": 1.443662179950751 }, "geometry": { "type": "Polygon", "coordinates": [ [ [ -114.2028823, 48.3997895 ], [ -114.2030673, 48.38512570000001 ], [ -114.2141388, 48.38509430000002 ], [ -114.214048, 48.392401600000042 ], [ -114.2168689, 48.397262 ], [ -114.2139737, 48.3988496 ], [ -114.2191433, 48.399760900000032 ], [ -114.2028823, 48.3997895 ] ] ] } },
{ "type": "Feature", "properties": { "state_po": "MT", "congressional_district": "MT-01", "pwsid": "MT0000089", "pws_name": "PANORAMIC MOUNTAIN RIVER HEIGHTS W DIST", "population_served_count": 65, "model_method": null, "verification_status": null, "symbology_field": "System Sourced", "intersection_area_sq_km": 0.14101732018006533 }, "geometry": { "type": "Polygon", "coordinates": [ [ [ -114.2339808, 48.223919200000083 ], [ -114.2307966, 48.222033 ], [ -114.2341415, 48.221891 ], [ -114.2349633, 48.2185368 ], [ -114.2363437, 48.2190469 ], [ -114.2344136, 48.2219803 ], [ -114.238564900000014, 48.222639400000013 ], [ -114.2339808, 48.223919200000083 ] ] ] } },
{ "type": "Feature", "properties": { "state_po": "MT", "congressional_district": "MT-01", "pwsid": "MT0000086", "pws_name": "PLEASANT VIEW HOMESITES W AND S DISTRICT", "population_served_count": 85, "model_method": null, "verification_status": null, "symbology_field": "System Sourced", "intersection_area_sq_km": 0.32904170134948096 }, "geometry": { "type": "Polygon", "coordinates": [ [ [ -114.1374858, 48.2192278 ], [ -114.1429665, 48.218353700000037 ], [ -114.143111499999989, 48.225568 ], [ -114.1375397, 48.225539800000057 ], [ -114.1374858, 48.2192278 ] ] ] } },
{ "type": "Feature", "properties": { "state_po": "MT", "congressional_district": "MT-01", "pwsid": "MT0000332", "pws_name": "SOMERS CO WATER AND SEWER DIST", "population_served_count": 765, "model_method": null, "verification_status": null, "symbology_field": "System Sourced", "intersection_area_sq_km": 2.20687294876004 }, "geometry": { "type": "Polygon", "coordinates": [ [ [ -114.2218145, 48.095516199999942 ], [ -114.2125481, 48.095465200000035 ], [ -114.2125177, 48.094117499999982 ], [ -114.207360099999988, 48.094107500000028 ], [ -114.207398399999988, 48.09171689999998 ], [ -114.2041827, 48.091708 ], [ -114.2041894, 48.090550199999939 ], [ -114.205118399999989, 48.0880876 ], [ -114.2124886, 48.088113400000033 ], [ -114.2124647, 48.086402 ], [ -114.2104034, 48.087058200000016 ], [ -114.2124606, 48.086123599999965 ], [ -114.2116215, 48.084367200000038 ], [ -114.220573699999989, 48.079694400000079 ], [ -114.2225962, 48.072318 ], [ -114.2261586, 48.0729262 ], [ -114.2304962, 48.077705599999966 ], [ -114.2278594, 48.07965080000001 ], [ -114.23012150000001, 48.080885900000013 ], [ -114.229741499999989, 48.084982399999973 ], [ -114.23241, 48.088141800000052 ], [ -114.228509699999989, 48.088127199999988 ], [ -114.2259909, 48.08631120000004 ], [ -114.225876, 48.088278700000032 ], [ -114.228961899999987, 48.090094899999947 ], [ -114.2258675, 48.090081 ], [ -114.2258628, 48.09194459999997 ], [ -114.2237365, 48.091936499999974 ], [ -114.2255019, 48.095464799999966 ], [ -114.2235245, 48.095463299999935 ], [ -114.2235455, 48.0972342 ], [ -114.2218174, 48.097234 ], [ -114.2218145, 48.095516199999942 ] ], [ [ -114.2180886, 48.0828006 ], [ -114.2145948, 48.084165100000028 ], [ -114.2146265, 48.0844906 ], [ -114.218090499999988, 48.084493699999975 ], [ -114.2180886, 48.0828006 ] ], [ [ -114.2246923, 48.087053 ], [ -114.2263891, 48.085750300000015 ], [ -114.2279239, 48.086772800000013 ], [ -114.2262512, 48.084503099999971 ], [ -114.222175799999988, 48.0844933 ], [ -114.2246923, 48.087053 ] ], [ [ -114.2171798, 48.0952034 ], [ -114.2171806, 48.0942131 ], [ -114.2207711, 48.094210800000042 ], [ -114.2208046, 48.091726499999986 ], [ -114.2180882, 48.091728199999963 ], [ -114.2180997, 48.088111399999967 ], [ -114.212696499999979, 48.0881142 ], [ -114.212733, 48.094820900000045 ], [ -114.2171798, 48.0952034 ] ] ] } },
{ "type": "Feature", "properties": { "state_po": "MT", "congressional_district": "MT-01", "pwsid": "MT0004221", "pws_name": "STILLWATER ESTATES COUNTY W AND S DIST", "population_served_count": 130, "model_method": null, "verification_status": null, "symbology_field": "System Sourced", "intersection_area_sq_km": 0.46606740065709051 }, "geometry": { "type": "Polygon", "coordinates": [ [ [ -114.341361299999988, 48.250316799999958 ], [ -114.3425877, 48.2404094 ], [ -114.3467828, 48.240408499999958 ], [ -114.346835, 48.25127820000003 ], [ -114.341361299999988, 48.250316799999958 ] ] ] } },
{ "type": "Feature", "properties": { "state_po": "MT", "congressional_district": "MT-01", "pwsid": "MT0003774", "pws_name": "WAPITI ACRES COUNTY WATER AND SEWER DIST", "population_served_count": 32, "model_method": null, "verification_status": null, "symbology_field": "System Sourced", "intersection_area_sq_km": 0.075499069732858401 }, "geometry": { "type": "Polygon", "coordinates": [ [ [ -114.309497299999975, 48.146193700000012 ], [ -114.3127785, 48.1462755 ], [ -114.3129358, 48.1488741 ], [ -114.3092736, 48.14801549999995 ], [ -114.309497299999975, 48.146193700000012 ] ] ] } },
{ "type": "Feature", "properties": { "state_po": "MT", "congressional_district": "MT-01", "pwsid": "MT0004671", "pws_name": "PLEASANT VIEW WATER AND SEWER DISTRICT", "population_served_count": 45, "model_method": null, "verification_status": null, "symbology_field": "System Sourced", "intersection_area_sq_km": 0.1196971503784596 }, "geometry": { "type": "MultiPolygon", "coordinates": [ [ [ [ -114.247645600000013, 47.7342493 ], [ -114.2461787, 47.7341818 ], [ -114.248554200000015, 47.733355399999986 ], [ -114.247645600000013, 47.7342493 ] ] ], [ [ [ -114.2434847, 47.7366088 ], [ -114.2463647, 47.734305300000052 ], [ -114.2473537, 47.7353943 ], [ -114.2448326, 47.7363449 ], [ -114.2492082, 47.734885099999985 ], [ -114.247298, 47.734786 ], [ -114.2498179, 47.733050599999977 ], [ -114.2498344, 47.736601199999953 ], [ -114.2434847, 47.7366088 ] ] ] ] } },
{ "type": "Feature", "properties": { "state_po": "MT", "congressional_district": "MT-01", "pwsid": "MT0003103", "pws_name": "PONDERILLA HILLS LAKE COUNTY WATER SEWER", "population_served_count": 35, "model_method": null, "verification_status": null, "symbology_field": "System Sourced", "intersection_area_sq_km": 0.40102178581588332 }, "geometry": { "type": "Polygon", "coordinates": [ [ [ -114.1777398, 47.671392 ], [ -114.1776748, 47.6639136 ], [ -114.1830694, 47.6638902 ], [ -114.1830914, 47.665553199999984 ], [ -114.1855021, 47.6659332 ], [ -114.1841321, 47.670301799999976 ], [ -114.1819977, 47.671902599999953 ], [ -114.1777398, 47.671392 ] ] ] } },
{ "type": "Feature", "properties": { "state_po": "MT", "congressional_district": "MT-01", "pwsid": "MT0001917", "pws_name": "PABLO LAKE COUNTY WATER AND SEWER DIST", "population_served_count": 2175, "model_method": null, "verification_status": null, "symbology_field": "System Sourced", "intersection_area_sq_km": 3.4993423647120223 }, "geometry": { "type": "Polygon", "coordinates": [ [ [ -114.1292878, 47.594843 ], [ -114.1292543, 47.598467799999966 ], [ -114.123873, 47.59848529999995 ], [ -114.1238442, 47.602114099999945 ], [ -114.1191113, 47.602091399999985 ], [ -114.1186499, 47.606788499999979 ], [ -114.116961, 47.6093618 ], [ -114.113561, 47.609370899999966 ], [ -114.1135739, 47.611432500000028 ], [ -114.1078886, 47.611420200000012 ], [ -114.1078791, 47.605725199999938 ], [ -114.0918892, 47.605729100000026 ], [ -114.0918838, 47.602103500000027 ], [ -114.1025863, 47.6021061 ], [ -114.102563, 47.594844499999972 ], [ -114.1104769, 47.5948346 ], [ -114.109933, 47.593725799999973 ], [ -114.112435099999985, 47.59374720000001 ], [ -114.1113071, 47.5948314 ], [ -114.1190434, 47.5948458 ], [ -114.118841699999976, 47.587615800000016 ], [ -114.1292655, 47.587607200000043 ], [ -114.129289, 47.5912249 ], [ -114.1346452, 47.591218499999982 ], [ -114.1346773, 47.5948213 ], [ -114.1292878, 47.594843 ] ] ] } },
{ "type": "Feature", "properties": { "state_po": "MT", "congressional_district": "MT-01", "pwsid": "MT0003801", "pws_name": "MISSION MOUNTAIN LAKE CO W AND S DIST", "population_served_count": 198, "model_method": null, "verification_status": null, "symbology_field": "System Sourced", "intersection_area_sq_km": 0.048546498078496668 }, "geometry": { "type": "Polygon", "coordinates": [ [ [ -114.144946499999989, 47.539595400000017 ], [ -114.1456772, 47.537694299999977 ], [ -114.1479819, 47.534651 ], [ -114.1466801, 47.538847900000022 ], [ -114.144946499999989, 47.539595400000017 ] ] ] } },
{ "type": "Feature", "properties": { "state_po": "MT", "congressional_district": "MT-01", "pwsid": "MT0000172", "pws_name": "CONSOLIDATED CHARLO LAKE CO W AND S DIST", "population_served_count": 450, "model_method": null, "verification_status": null, "symbology_field": "System Sourced", "intersection_area_sq_km": 0.49795985665783443 }, "geometry": { "type": "Polygon", "coordinates": [ [ [ -114.1663894, 47.43906 ], [ -114.1663622, 47.435437100000044 ], [ -114.1725943, 47.435453099999989 ], [ -114.1735761, 47.4340782 ], [ -114.1735711, 47.435455300000051 ], [ -114.1770517, 47.435466 ], [ -114.1770897, 47.442718499999977 ], [ -114.171757700000015, 47.4427067 ], [ -114.1717261, 47.4390707 ], [ -114.1663894, 47.43906 ] ] ] } },
{ "type": "Feature", "properties": { "state_po": "MT", "congressional_district": "MT-01", "pwsid": "MT0003100", "pws_name": "JETTE MEADOWS LAKE CO W AND S DIST", "population_served_count": 375, "model_method": null, "verification_status": null, "symbology_field": "System Sourced", "intersection_area_sq_km": 2.7540674820043201 }, "geometry": { "type": "Polygon", "coordinates": [ [ [ -114.2210093, 47.769085100000019 ], [ -114.2209298, 47.7545739 ], [ -114.2263204, 47.75456649999996 ], [ -114.2263101, 47.7472867 ], [ -114.2208768, 47.747305900000015 ], [ -114.220862, 47.743704699999981 ], [ -114.2156261, 47.7437104 ], [ -114.215574899999979, 47.736446899999983 ], [ -114.2102197, 47.736429 ], [ -114.2102095, 47.734157400000015 ], [ -114.215559899999988, 47.734160799999948 ], [ -114.2261735, 47.740858299999978 ], [ -114.2319673, 47.7557683 ], [ -114.2382126, 47.7654498 ], [ -114.2317284, 47.765500899999978 ], [ -114.2317758, 47.769075699999945 ], [ -114.2210093, 47.769085100000019 ] ] ] } },
{ "type": "Feature", "properties": { "state_po": "MT", "congressional_district": "MT-01", "pwsid": "MT0003233", "pws_name": "CLEARVIEW HEIGHTS WATER ASSN", "population_served_count": 90, "model_method": null, "verification_status": null, "symbology_field": "System Sourced", "intersection_area_sq_km": 0.050200179075074368 }, "geometry": { "type": "MultiPolygon", "coordinates": [ [ [ [ -114.1154979, 47.681825400000015 ], [ -114.1160867, 47.680997799999979 ], [ -114.1160857, 47.6818293 ], [ -114.1154979, 47.681825400000015 ] ] ], [ [ [ -114.1155137, 47.684649700000016 ], [ -114.115499199999988, 47.681996199999979 ], [ -114.1172442, 47.682020700000017 ], [ -114.1159636, 47.68287 ], [ -114.117592, 47.685493500000035 ], [ -114.1155137, 47.684649700000016 ] ] ] ] } },
{ "type": "Feature", "properties": { "state_po": "MT", "congressional_district": "MT-01", "pwsid": "MT0004400", "pws_name": "KOOTENAI WOODS SUBDIVISION", "population_served_count": 53, "model_method": null, "verification_status": null, "symbology_field": "System Sourced", "intersection_area_sq_km": 0.15857660925304232 }, "geometry": { "type": "Polygon", "coordinates": [ [ [ -113.9751823, 48.0235171 ], [ -113.975325399999988, 48.01783159999993 ], [ -113.9766608, 48.017881200000012 ], [ -113.9792118, 48.023544099999967 ], [ -113.9751823, 48.0235171 ] ] ] } },
{ "type": "Feature", "properties": { "state_po": "MT", "congressional_district": "MT-01", "pwsid": "MT0000078", "pws_name": "STILLWATER WATER DISTRICT", "population_served_count": 85, "model_method": null, "verification_status": null, "symbology_field": "System Sourced", "intersection_area_sq_km": 0.096360141769264357 }, "geometry": { "type": "Polygon", "coordinates": [ [ [ -114.314086, 48.2312976 ], [ -114.319266, 48.231313 ], [ -114.319515599999988, 48.2318969 ], [ -114.3140712, 48.233873899999949 ], [ -114.314086, 48.2312976 ] ] ] } },
{ "type": "Feature", "properties": { "state_po": "MT", "congressional_district": "MT-01", "pwsid": "MT0000184", "pws_name": "FLATHEAD COUNTY WATER DIST 101", "population_served_count": 210, "model_method": null, "verification_status": null, "symbology_field": "System Sourced", "intersection_area_sq_km": 0.20937894810356608 }, "geometry": { "type": "MultiPolygon", "coordinates": [ [ [ [ -114.1470469, 48.3618225 ], [ -114.1479594, 48.3617808 ], [ -114.1474915, 48.362107 ], [ -114.1470469, 48.3618225 ] ] ], [ [ [ -114.147137, 48.3620929 ], [ -114.148903, 48.36315029999998 ], [ -114.1478475, 48.363959599999966 ], [ -114.1502033, 48.363900300000033 ], [ -114.1484334, 48.367567799999968 ], [ -114.1429487, 48.368129599999989 ], [ -114.1433052, 48.3647106 ], [ -114.147137, 48.3620929 ] ], [ [ -114.1472885, 48.36260390000006 ], [ -114.147164, 48.362783900000025 ], [ -114.1473582, 48.3626483 ], [ -114.1472885, 48.36260390000006 ] ] ] ] } },
{ "type": "Feature", "properties": { "state_po": "MT", "congressional_district": "MT-01", "pwsid": "MT0000285", "pws_name": "MANHATTAN  TOWN OF", "population_served_count": 1800, "model_method": null, "verification_status": null, "symbology_field": "System Sourced", "intersection_area_sq_km": 4.4789987733428118 }, "geometry": { "type": "Polygon", "coordinates": [ [ [ -111.3323111, 45.86860870000006 ], [ -111.3320272, 45.864132499999954 ], [ -111.328127099999989, 45.864125499999979 ], [ -111.3265498, 45.86041860000006 ], [ -111.321466, 45.8603152 ], [ -111.321435099999988, 45.856781299999952 ], [ -111.3188825, 45.8567484 ], [ -111.3188648, 45.854001799999978 ], [ -111.3265594, 45.854917700000023 ], [ -111.3265612, 45.853026499999956 ], [ -111.316584800000015, 45.847289800000027 ], [ -111.3349785, 45.849511 ], [ -111.3377072, 45.8509544 ], [ -111.3370523, 45.8543368 ], [ -111.3422861, 45.856139400000032 ], [ -111.343673599999988, 45.853283300000044 ], [ -111.3474646, 45.8533151 ], [ -111.3475036, 45.855838 ], [ -111.3530961, 45.859865500000019 ], [ -111.3340705, 45.860456700000029 ], [ -111.3339722, 45.8641433 ], [ -111.3372485, 45.864161600000024 ], [ -111.3371346, 45.862147099999945 ], [ -111.3394968, 45.861100399999962 ], [ -111.347769, 45.865696199999938 ], [ -111.3462354, 45.867329700000013 ], [ -111.3478482, 45.867779199999973 ], [ -111.3480867, 45.8731797 ], [ -111.3374207, 45.87318970000004 ], [ -111.3376628, 45.8775389 ], [ -111.3327997, 45.87747 ], [ -111.3327106, 45.874902900000038 ], [ -111.3223436, 45.874944100000043 ], [ -111.3217979, 45.8658492 ], [ -111.3269592, 45.8659753 ], [ -111.3272093, 45.8695831 ], [ -111.3323111, 45.86860870000006 ] ], [ [ -111.3302923, 45.87256189999998 ], [ -111.3325648, 45.8726061 ], [ -111.3323732, 45.869588199999974 ], [ -111.3300428, 45.869586299999973 ], [ -111.3302923, 45.87256189999998 ] ], [ [ -111.337497899999988, 45.866405899999982 ], [ -111.3384162, 45.865890200000017 ], [ -111.337469200000015, 45.8659034 ], [ -111.337497899999988, 45.866405899999982 ] ] ] } },
{ "type": "Feature", "properties": { "state_po": "MT", "congressional_district": "MT-01", "pwsid": "MT0000300", "pws_name": "AVISTA UTILITIES NOXON RAPIDS DAM", "population_served_count": 43, "model_method": null, "verification_status": null, "symbology_field": "System Sourced", "intersection_area_sq_km": 1.0055266943425052 }, "geometry": { "type": "Polygon", "coordinates": [ [ [ -115.7742704, 47.987075899999958 ], [ -115.776967200000016, 47.986932800000012 ], [ -115.7771634, 47.988535 ], [ -115.785224200000016, 47.988103699999954 ], [ -115.7861473, 47.995786099999968 ], [ -115.7882282, 47.995678700000028 ], [ -115.788512299999979, 47.998081399999982 ], [ -115.7694876, 47.9931001 ], [ -115.7690824, 47.988973599999973 ], [ -115.774449, 47.9886813 ], [ -115.7742704, 47.987075899999958 ] ] ] } },
{ "type": "Feature", "properties": { "state_po": "MT", "congressional_district": "MT-01", "pwsid": "MT0000343", "pws_name": "THREE FORKS  CITY OF", "population_served_count": 1900, "model_method": null, "verification_status": null, "symbology_field": "System Sourced", "intersection_area_sq_km": 4.3210331728466338 }, "geometry": { "type": "MultiPolygon", "coordinates": [ [ [ [ -111.5345592, 45.8921761 ], [ -111.5346247, 45.872014299999975 ], [ -111.5363364, 45.874502500000041 ], [ -111.555394, 45.87445 ], [ -111.554213499999989, 45.878966599999956 ], [ -111.5467752, 45.883285499999971 ], [ -111.5482819, 45.884574099999973 ], [ -111.5345592, 45.8921761 ] ], [ [ -111.5372759, 45.881205299999984 ], [ -111.5372787, 45.881489299999977 ], [ -111.5372858, 45.881850100000037 ], [ -111.5372759, 45.881205299999984 ] ], [ [ -111.5371955, 45.8820919 ], [ -111.5372728, 45.882225 ], [ -111.5376459, 45.8828515 ], [ -111.5371955, 45.8820919 ] ] ], [ [ [ -111.550355599999989, 45.898171 ], [ -111.5447775, 45.898324 ], [ -111.540736, 45.896161399999968 ], [ -111.54228590000001, 45.895059800000048 ], [ -111.5422517, 45.889347900000011 ], [ -111.5458053, 45.887061100000011 ], [ -111.5524938, 45.887055299999986 ], [ -111.5535844, 45.885709099999985 ], [ -111.5553094, 45.885707499999967 ], [ -111.555298799999989, 45.887053 ], [ -111.5605194, 45.887051799999966 ], [ -111.5593788, 45.888313 ], [ -111.5668126, 45.885255699999981 ], [ -111.5620266, 45.88903 ], [ -111.5663784, 45.889056799999977 ], [ -111.5657801, 45.898083199999974 ], [ -111.5515328, 45.8981707 ], [ -111.5528524, 45.901443699999973 ], [ -111.548403, 45.901498700000019 ], [ -111.550355599999989, 45.898171 ] ] ] ] } },
{ "type": "Feature", "properties": { "state_po": "MT", "congressional_district": "MT-01", "pwsid": "MT0000385", "pws_name": "PARADISE WATER DISTRICT", "population_served_count": 200, "model_method": null, "verification_status": null, "symbology_field": "System Sourced", "intersection_area_sq_km": 1.0236320950747693 }, "geometry": { "type": "Polygon", "coordinates": [ [ [ -114.798704899999976, 47.3856183 ], [ -114.8036127, 47.387589799999965 ], [ -114.8153572, 47.3991917 ], [ -114.8154602, 47.404321300000021 ], [ -114.8050276, 47.395165800000022 ], [ -114.802012599999983, 47.3951299 ], [ -114.7995077, 47.3914763 ], [ -114.793976, 47.389785400000022 ], [ -114.793895, 47.386098099999977 ], [ -114.798704899999976, 47.3856183 ] ] ] } },
{ "type": "Feature", "properties": { "state_po": "MT", "congressional_district": "MT-01", "pwsid": "MT0000628", "pws_name": "RAE WATER AND SEWER DIST 313", "population_served_count": 2220, "model_method": null, "verification_status": null, "symbology_field": "System Sourced", "intersection_area_sq_km": 1.6306115870789888 }, "geometry": { "type": "Polygon", "coordinates": [ [ [ -111.1424607, 45.6601152 ], [ -111.1424113, 45.670925800000028 ], [ -111.1351315, 45.670917 ], [ -111.1333219, 45.6692956 ], [ -111.1309033, 45.6693 ], [ -111.1308382, 45.6709072 ], [ -111.1250992, 45.671016100000045 ], [ -111.1250746, 45.669801699999979 ], [ -111.1198766, 45.670893600000021 ], [ -111.1198401, 45.663819699999969 ], [ -111.1161545, 45.662875600000021 ], [ -111.1249518, 45.66041849999997 ], [ -111.1249461, 45.663794599999932 ], [ -111.1352622, 45.663782399999974 ], [ -111.135403, 45.660177299999958 ], [ -111.1424607, 45.6601152 ] ], [ [ -111.1250466, 45.664585699999975 ], [ -111.1242905, 45.6638928 ], [ -111.1242935, 45.664589799999987 ], [ -111.1250466, 45.664585699999975 ] ], [ [ -111.1252371, 45.665611 ], [ -111.1250864, 45.667399200000034 ], [ -111.1301302, 45.667408700000017 ], [ -111.1301418, 45.6656131 ], [ -111.1252371, 45.665611 ] ], [ [ -111.1269685, 45.668318299999967 ], [ -111.1250904, 45.669098199999986 ], [ -111.1269701, 45.669110299999986 ], [ -111.1269685, 45.668318299999967 ] ] ] } },
{ "type": "Feature", "properties": { "state_po": "MT", "congressional_district": "MT-01", "pwsid": "MT0000632", "pws_name": "ELK MEADOWS RANCHETTES", "population_served_count": 175, "model_method": null, "verification_status": null, "symbology_field": "System Sourced", "intersection_area_sq_km": 2.0736084114882916 }, "geometry": { "type": "Polygon", "coordinates": [ [ [ -114.314313399999989, 47.052127099999986 ], [ -114.3354643, 47.0522574 ], [ -114.3353926, 47.057328500000011 ], [ -114.3286972, 47.0611566 ], [ -114.3247755, 47.060963499999957 ], [ -114.325301599999989, 47.062379399999969 ], [ -114.328913199999988, 47.062535300000022 ], [ -114.3294528, 47.066539199999966 ], [ -114.314319599999976, 47.0666202 ], [ -114.314313399999989, 47.052127099999986 ] ] ] } },
{ "type": "Feature", "properties": { "state_po": "MT", "congressional_district": "MT-01", "pwsid": "MT0001326", "pws_name": "YELLOWSTONE HOLIDAY WTR AND SEW DISTRICT", "population_served_count": 85, "model_method": null, "verification_status": null, "symbology_field": "System Sourced", "intersection_area_sq_km": 0.65195214210164254 }, "geometry": { "type": "Polygon", "coordinates": [ [ [ -111.2101363, 44.799954600000035 ], [ -111.213954699999988, 44.800865099999932 ], [ -111.2139604, 44.8026723 ], [ -111.2203692, 44.8026887 ], [ -111.2229512, 44.806332499999947 ], [ -111.2178147, 44.806319199999976 ], [ -111.2178115, 44.808130599999949 ], [ -111.2050713, 44.80798869999996 ], [ -111.2050675, 44.806199699999986 ], [ -111.2101405, 44.8062458 ], [ -111.2101363, 44.799954600000035 ] ] ] } },
{ "type": "Feature", "properties": { "state_po": "MT", "congressional_district": "MT-01", "pwsid": "MT0001743", "pws_name": "LAKESHORE HEIGHTS HOA", "population_served_count": 100, "model_method": null, "verification_status": null, "symbology_field": "System Sourced", "intersection_area_sq_km": 1.4127895181455672 }, "geometry": { "type": "Polygon", "coordinates": [ [ [ -114.3630905, 48.174882 ], [ -114.379240700000011, 48.1735578 ], [ -114.3792087, 48.185029699999966 ], [ -114.370384699999988, 48.185760800000018 ], [ -114.370490199999978, 48.1820457 ], [ -114.3584773, 48.181332900000029 ], [ -114.3630905, 48.174882 ] ] ] } },
{ "type": "Feature", "properties": { "state_po": "MT", "congressional_district": "MT-01", "pwsid": "MT0001864", "pws_name": "SUNNY MEADOWS WATER AND SEWER DIST", "population_served_count": 135, "model_method": null, "verification_status": null, "symbology_field": "System Sourced", "intersection_area_sq_km": 0.6799716807045757 }, "geometry": { "type": "Polygon", "coordinates": [ [ [ -113.9335326, 46.884182699999968 ], [ -113.9441143, 46.885155499999939 ], [ -113.944096, 46.888806 ], [ -113.9386625, 46.889450099999948 ], [ -113.938624499999975, 46.892486400000038 ], [ -113.9305611, 46.8925773 ], [ -113.9305853, 46.890728799999984 ], [ -113.9331958, 46.8900654 ], [ -113.9281608, 46.8870583 ], [ -113.9335326, 46.884182699999968 ] ], [ [ -113.9346373, 46.886836 ], [ -113.93323980000001, 46.888854399999971 ], [ -113.935928, 46.888839299999987 ], [ -113.9346373, 46.886836 ] ] ] } },
{ "type": "Feature", "properties": { "state_po": "MT", "congressional_district": "MT-01", "pwsid": "MT0001923", "pws_name": "GREENACRES COUNTY WATER AND SEWER DIST", "population_served_count": 450, "model_method": null, "verification_status": null, "symbology_field": "System Sourced", "intersection_area_sq_km": 0.2622450892577437 }, "geometry": { "type": "MultiPolygon", "coordinates": [ [ [ [ -114.2911019, 48.176124400000035 ], [ -114.2912569, 48.177406899999987 ], [ -114.2901021, 48.177941700000019 ], [ -114.2879899, 48.177916599999968 ], [ -114.2911019, 48.176124400000035 ] ] ], [ [ [ -114.2914998, 48.176810599999968 ], [ -114.2918489, 48.177331099999975 ], [ -114.2915367, 48.177356500000016 ], [ -114.2914998, 48.176810599999968 ] ] ], [ [ [ -114.2923018, 48.177488899999979 ], [ -114.293381599999989, 48.178874600000022 ], [ -114.2986381, 48.178903700000028 ], [ -114.2956725, 48.1825313 ], [ -114.2933696, 48.182516 ], [ -114.2933551, 48.178977799999963 ], [ -114.293134, 48.180664499999956 ], [ -114.287988399999989, 48.18063759999994 ], [ -114.2880034, 48.178118399999988 ], [ -114.2901926, 48.1780768 ], [ -114.2923018, 48.177488899999979 ] ] ] ] } },
{ "type": "Feature", "properties": { "state_po": "MT", "congressional_district": "MT-01", "pwsid": "MT0001983", "pws_name": "HEBGEN LAKE ESTATES CO WATER SEWER DISTR", "population_served_count": 230, "model_method": null, "verification_status": null, "symbology_field": "System Sourced", "intersection_area_sq_km": 0.43500859103679745 }, "geometry": { "type": "Polygon", "coordinates": [ [ [ -111.1858006, 44.766409900000028 ], [ -111.1934408, 44.7664573 ], [ -111.1947719, 44.7745537 ], [ -111.1923864, 44.7741055 ], [ -111.19205, 44.771997200000015 ], [ -111.1913622, 44.775193200000011 ], [ -111.189574, 44.7751859 ], [ -111.188366199999976, 44.770069899999953 ], [ -111.185825799999989, 44.7700494 ], [ -111.1858006, 44.766409900000028 ] ] ] } },
{ "type": "Feature", "properties": { "state_po": "MT", "congressional_district": "MT-01", "pwsid": "MT0002173", "pws_name": "RIVERSIDE WATER AND SEWER DIST", "population_served_count": 344, "model_method": null, "verification_status": null, "symbology_field": "System Sourced", "intersection_area_sq_km": 0.24590597886591126 }, "geometry": { "type": "MultiPolygon", "coordinates": [ [ [ [ -111.0666225, 45.725753599999962 ], [ -111.0693136, 45.7282012 ], [ -111.0668563, 45.7310424 ], [ -111.0682489, 45.7322179 ], [ -111.0667541, 45.733040799999984 ], [ -111.061469, 45.7330045 ], [ -111.0664843, 45.732869200000032 ], [ -111.066454100000016, 45.729159 ], [ -111.065221600000015, 45.7273347 ], [ -111.0666225, 45.725753599999962 ] ] ], [ [ [ -111.0581974, 45.727399700000028 ], [ -111.0663839, 45.730222299999959 ], [ -111.064400299999988, 45.732774899999953 ], [ -111.061902300000014, 45.729167300000015 ], [ -111.057761, 45.728377499999951 ], [ -111.0581974, 45.727399700000028 ] ] ] ] } },
{ "type": "Feature", "properties": { "state_po": "MT", "congressional_district": "MT-01", "pwsid": "MT0002590", "pws_name": "BEAVERHEAD JACKSON WATER AND SEWER DIST", "population_served_count": 58, "model_method": null, "verification_status": null, "symbology_field": "System Sourced", "intersection_area_sq_km": 0.24982963762845031 }, "geometry": { "type": "MultiPolygon", "coordinates": [ [ [ [ -113.406784, 45.367223 ], [ -113.407232, 45.366939599999988 ], [ -113.4072365, 45.367215399999971 ], [ -113.406784, 45.367223 ] ] ], [ [ [ -113.4059973, 45.36788049999997 ], [ -113.4063831, 45.367801 ], [ -113.4061783, 45.367982399999974 ], [ -113.4059973, 45.36788049999997 ] ] ], [ [ [ -113.4093472, 45.367000899999965 ], [ -113.410098, 45.3681273 ], [ -113.4155292, 45.3682483 ], [ -113.4106486, 45.3685151 ], [ -113.410252, 45.372057699999949 ], [ -113.4041939, 45.371830700000039 ], [ -113.4041887, 45.368193599999969 ], [ -113.4093472, 45.367000899999965 ] ] ], [ [ [ -113.4063841, 45.375407899999971 ], [ -113.4092161, 45.374445 ], [ -113.409231199999979, 45.375398 ], [ -113.4063841, 45.375407899999971 ] ] ] ] } },
{ "type": "Feature", "properties": { "state_po": "MT", "congressional_district": "MT-01", "pwsid": "MT0002800", "pws_name": "SHELBY ADDITION WATER DISTRICT", "population_served_count": 145, "model_method": null, "verification_status": null, "symbology_field": "System Sourced", "intersection_area_sq_km": 0.17149281286761714 }, "geometry": { "type": "MultiPolygon", "coordinates": [ [ [ [ -114.0936292, 46.7407347 ], [ -114.0958646, 46.745924800000026 ], [ -114.0991877, 46.74745 ], [ -114.097046400000011, 46.747449199999977 ], [ -114.0969603, 46.746516 ], [ -114.0954084, 46.746316200000024 ], [ -114.093692100000013, 46.744311300000028 ], [ -114.092211299999988, 46.744413500000036 ], [ -114.091848399999989, 46.7459278 ], [ -114.0938941, 46.7474468 ], [ -114.0913185, 46.7464039 ], [ -114.0936292, 46.7407347 ] ] ], [ [ [ -114.0925338, 46.74445 ], [ -114.093858, 46.744530599999926 ], [ -114.095249, 46.746413900000036 ], [ -114.0967891, 46.746603299999954 ], [ -114.0968255, 46.7474476 ], [ -114.094113299999989, 46.747448100000049 ], [ -114.0925338, 46.74445 ] ] ], [ [ [ -114.092486, 46.748148600000079 ], [ -114.0937092, 46.7475438 ], [ -114.093713099999988, 46.74814520000001 ], [ -114.092486, 46.748148600000079 ] ] ] ] } },
{ "type": "Feature", "properties": { "state_po": "MT", "congressional_district": "MT-01", "pwsid": "MT0002986", "pws_name": "WOODSIDE PARK COUNTY WATER AND SEWER DIS", "population_served_count": 115, "model_method": null, "verification_status": null, "symbology_field": "System Sourced", "intersection_area_sq_km": 0.16841480368207465 }, "geometry": { "type": "Polygon", "coordinates": [ [ [ -115.3465756, 47.5714722 ], [ -115.3545612, 47.5714521 ], [ -115.3541015, 47.574874799999954 ], [ -115.3542767, 47.573283699999983 ], [ -115.349640900000011, 47.57326459999998 ], [ -115.3496284, 47.574891 ], [ -115.3465569, 47.574901599999947 ], [ -115.3465756, 47.5714722 ] ] ] } },
{ "type": "Feature", "properties": { "state_po": "MT", "congressional_district": "MT-01", "pwsid": "MT0003076", "pws_name": "RANCH CO WATER & SEWER DIST THE", "population_served_count": 90, "model_method": null, "verification_status": null, "symbology_field": "System Sourced", "intersection_area_sq_km": 0.4505207302140754 }, "geometry": { "type": "Polygon", "coordinates": [ [ [ -114.0668429, 48.044896900000047 ], [ -114.0695864, 48.047822199999942 ], [ -114.0661846, 48.047381399999971 ], [ -114.065249, 48.0491071 ], [ -114.0663152, 48.051811799999975 ], [ -114.0662767, 48.050325900000054 ], [ -114.0697132, 48.0498193 ], [ -114.0703923, 48.04786660000002 ], [ -114.0719703, 48.048934 ], [ -114.0735442, 48.046803600000032 ], [ -114.072308, 48.048975399999954 ], [ -114.0712888, 48.049236500000021 ], [ -114.0703949, 48.048061900000036 ], [ -114.0699687, 48.049903399999984 ], [ -114.0665055, 48.0504191 ], [ -114.0663948, 48.052141700000043 ], [ -114.056864100000013, 48.052011799999974 ], [ -114.0585467, 48.047543199999986 ], [ -114.0668429, 48.044896900000047 ] ] ] } },
{ "type": "Feature", "properties": { "state_po": "MT", "congressional_district": "MT-01", "pwsid": "MT0003780", "pws_name": "VALLEY GROVE SUBDIVISION", "population_served_count": 825, "model_method": null, "verification_status": null, "symbology_field": "System Sourced", "intersection_area_sq_km": 0.41198667851644011 }, "geometry": { "type": "Polygon", "coordinates": [ [ [ -111.1406416, 45.729280699999947 ], [ -111.1446836, 45.729259800000051 ], [ -111.1446421, 45.736546699999963 ], [ -111.1348415, 45.736606600000052 ], [ -111.134672200000011, 45.734807899999971 ], [ -111.1407042, 45.731731399999958 ], [ -111.1406416, 45.729280699999947 ] ] ] } },
{ "type": "Feature", "properties": { "state_po": "MT", "congressional_district": "MT-01", "pwsid": "MT0004150", "pws_name": "FOYS LAKESIDE ESTATES WATER & SEWER DIST", "population_served_count": 36, "model_method": null, "verification_status": null, "symbology_field": "System Sourced", "intersection_area_sq_km": 0.089578768366717909 }, "geometry": { "type": "Polygon", "coordinates": [ [ [ -114.3525988, 48.156888 ], [ -114.355286, 48.1568434 ], [ -114.3572687, 48.15913640000003 ], [ -114.3523086, 48.159467199999973 ], [ -114.3525988, 48.156888 ] ] ] } },
{ "type": "Feature", "properties": { "state_po": "MT", "congressional_district": "MT-01", "pwsid": "MT0004583", "pws_name": "DEER LICK SUBDIVISION WATER DISTRICT", "population_served_count": 70, "model_method": null, "verification_status": null, "symbology_field": "System Sourced", "intersection_area_sq_km": 0.10495182940620444 }, "geometry": { "type": "Polygon", "coordinates": [ [ [ -115.4130323, 47.384826 ], [ -115.4183857, 47.386096200000019 ], [ -115.418389199999979, 47.38841520000004 ], [ -115.413029099999989, 47.386878800000055 ], [ -115.4130323, 47.384826 ] ] ] } },
{ "type": "Feature", "properties": { "state_po": "MT", "congressional_district": "MT-01", "pwsid": "MT0004931", "pws_name": "BRIDGER BASE WATER SYSTEM", "population_served_count": 75, "model_method": null, "verification_status": null, "symbology_field": "System Sourced", "intersection_area_sq_km": 0.1231244326580008 }, "geometry": { "type": "Polygon", "coordinates": [ [ [ -110.893389899999988, 45.819330299999962 ], [ -110.897297600000016, 45.819354899999986 ], [ -110.8972905, 45.822983400000034 ], [ -110.8933787, 45.822963300000026 ], [ -110.893389899999988, 45.819330299999962 ] ] ] } }
]
}
