county_geoid,county_name,NAME,state_po,congressional_district_count,congressional_districts,elected_representatives,representative_parties,total_population,total_households,median_household_income,poverty_rate,county_rural_share,cws_service_area_count,cws_component_count,cws_service_area_sq_km,estimated_cws_service_population,estimated_cws_service_households,estimated_service_area_median_household_income,vulnerable_block_group_count
01069,Houston County,"Houston County, Alabama",AL,1,AL-01,BARRY MOORE,REPUBLICAN,108140,43302,58626,17.511425981138952,0.3431652394544878,7,44,28.629848221391445,3848,1525,56842.10277650874,0
01023,Choctaw County,"Choctaw County, Alabama",AL,1,AL-07,TERRI A. SEWELL,DEMOCRAT,12380,5255,47813,16.49114213405176,1,2,13,5.126623043873575,125,46,36375,0
01113,Russell County,"Russell County, Alabama",AL,1,AL-02,SHOMARI FIGURES,DEMOCRAT,58811,23938,51197,22.174323744096178,0.4035111434026663,1,7,3.180327738944079,380,191,39889,1
10005,Sussex County,"Sussex County, Delaware",DE,1,DE-AL,SARAH MCBRIDE,DEMOCRAT,255626,106441,81497,10.87125323867553,0.3758183150923843,83,468,72.67597838913655,21667,9421,80473.14937739607,3
01071,Jackson County,"Jackson County, Alabama",AL,1,AL-05,DALE W. STRONG,REPUBLICAN,53053,21795,51908,17.25925217557617,0.7530953422469047,4,23,9.516341219415954,492,202,52339.99999999999,0
01089,Madison County,"Madison County, Alabama",AL,1,AL-05,DALE W. STRONG,REPUBLICAN,405718,165031,86499,10.127080550377636,0.17102276679556772,1,6,4.979029537897678,985,349,77868,0
04015,Mohave County,"Mohave County, Arizona",AZ,2,AZ-09 / AZ-02,PAUL A. GOSAR / ELIJAH CRANE,REPUBLICAN,220517,101973,57684,16.087829348466094,0.23932441493526893,45,314,152.0709351460953,14254,6764,50604.32151609136,10
05017,Chicot County,"Chicot County, Arkansas",AR,1,AR-01,"ERIC A. \""RICK\"" CRAWFORD",REPUBLICAN,9765,3965,39045,22.63711911357341,1,8,36,403.63273723174825,8073,3187,40880.634525639856,7
05121,Randolph County,"Randolph County, Arkansas",AR,1,AR-01,"ERIC A. \""RICK\"" CRAWFORD",REPUBLICAN,18838,7334,50911,22.3853711790393,0.6142372516288838,8,34,19.346844260797454,1051,445,47845.13936672564,3
05073,Lafayette County,"Lafayette County, Arkansas",AR,1,AR-04,BRUCE WESTERMAN,REPUBLICAN,6136,2622,41278,22.255340288127172,1,9,40,111.63421233723807,3365,1429,40347.40901528855,4
05057,Hempstead County,"Hempstead County, Arkansas",AR,1,AR-04,BRUCE WESTERMAN,REPUBLICAN,19508,7479,46787,20.224660668781528,0.5586842761026664,9,34,556.8247236082356,6613,2489,54418.50949797433,5
06079,San Luis Obispo County,"San Luis Obispo County, California",CA,2,CA-24 / CA-19,SALUD O. CARBAJAL / JIMMY PANETTA,DEMOCRAT,281555,109503,97446,12.905574431542396,0.19087967028297878,54,294,98.13624040508002,18553,7163,110515.4761000419,1
06081,San Mateo County,"San Mateo County, California",CA,2,CA-16 / CA-15,SAM LICCARDO / KEVIN MULLIN,DEMOCRAT,742340,264419,158855,6.705593224713926,0.017051653362845056,17,94,9.50951235344486,8723,2628,135028.62395969618,0
06091,Sierra County,"Sierra County, California",CA,1,CA-03,KEVIN KILEY,REPUBLICAN,2746,1219,63355,4.4392523364485985,0.9876390605686032,10,38,12.724292508176749,1846,696,63355,0
08067,La Plata County,"La Plata County, Colorado",CO,1,CO-03,JEFF HURD,REPUBLICAN,56331,24378,86056,11.701541850220265,0.6564578166001653,34,217,63.477446828704025,8350,3522,87920.72546727752,0
12007,Bradford County,"Bradford County, Florida",FL,1,FL-03,KAT CAMMACK,REPUBLICAN,27885,9278,63050,16.772770773519742,0.7074868388510052,5,17,6.341149410035346,1300,435,63865.85999847025,1
10003,New Castle County,"New Castle County, Delaware",DE,1,DE-AL,SARAH MCBRIDE,DEMOCRAT,577961,224173,91166,10.136095117026844,0.060942425256562335,7,42,13.409451756597223,10722,3741,115453.77911565399,0
09190,Western Connecticut Planning Region,"Western Connecticut Planning Region, Connecticut",CT,2,CT-04 / CT-05,JAMES A. HIMES / JAHANA HAYES,DEMOCRAT,627071,235379,128188,7.456889254359446,NA,66,525,38.201457546674476,0,0,NA,0
12009,Brevard County,"Brevard County, Florida",FL,1,FL-08,MIKE HARIDOPOLOS,REPUBLICAN,632780,257695,78476,10.228716543696477,0.038804046078877434,16,73,20.64706426739605,12580,5054,91082.5521750398,0
12131,Walton County,"Walton County, Florida",FL,2,FL-01 / FL-02,MATT GAETZ / NEAL P. DUNN,REPUBLICAN,82948,34362,81986,12.470213475238602,0.5614766615762565,5,30,131.25735897583513,15885,6798,77858.29837704412,2
12053,Hernando County,"Hernando County, Florida",FL,1,FL-12,GUS M. BILIRAKIS,REPUBLICAN,207018,82475,66058,11.736817874599614,0.20058093206179473,12,45,5.8835982296215725,3130,1239,75609.10575536289,1
12047,Hamilton County,"Hamilton County, Florida",FL,1,FL-03,KAT CAMMACK,REPUBLICAN,13616,4281,50144,20.13477088948787,1,2,9,5.692908471298428,861,365,46738.04765866827,2
12065,Jefferson County,"Jefferson County, Florida",FL,1,FL-02,NEAL P. DUNN,REPUBLICAN,15091,5751,61212,20.969827586206897,1,4,17,71.14402518625542,4250,1704,64431.06151968966,2
12031,Duval County,"Duval County, Florida",FL,2,FL-04 / FL-05,AARON BEAN / JOHN H. RUTHERFORD,REPUBLICAN,1023153,415128,71277,14.146297573703626,0.026507507781997595,9,33,12.50374622769481,4995,1743,76606.50635308448,0
13105,Elbert County,"Elbert County, Georgia",GA,1,GA-10,MIKE COLLINS,REPUBLICAN,19849,8376,58450,17.978510102308366,0.7097316290675765,4,22,5.529108396323888,496,208,63160.79317956428,2
13213,Murray County,"Murray County, Georgia",GA,1,GA-14,MARJORIE TAYLOR GREENE,REPUBLICAN,40562,15246,69253,14.397390893021635,0.679583719010332,1,2,1.0620848077442735,174,71,66774,0
16073,Owyhee County,"Owyhee County, Idaho",ID,1,ID-01,RUSS FULCHER,REPUBLICAN,12503,4339,64406,12.238781791673416,1,6,44,6.612660736930292,3202,1097,67617.70605518983,0
16049,Idaho County,"Idaho County, Idaho",ID,1,ID-01,RUSS FULCHER,REPUBLICAN,17432,6776,66325,11.10781990521327,1,17,112,14.629023437942053,3707,1528,69610.80309756668,0
17105,Livingston County,"Livingston County, Illinois",IL,2,IL-02 / IL-16,ROBIN L. KELLY / DARIN LAHOOD,DEMOCRAT / REPUBLICAN,35565,14615,73790,10.51549463647199,0.6459583973195588,14,117,12.784502161211199,4574,1857,85463.43791689495,0
17161,Rock Island County,"Rock Island County, Illinois",IL,1,IL-17,ERIC SORENSEN,DEMOCRAT,142757,61733,67159,15.501099317112946,0.11544044459190445,38,285,55.58655869601477,9964,4066,79805.22779037105,1
27087,Mahnomen County,"Mahnomen County, Minnesota",MN,1,MN-08,PETE STAUBER,REPUBLICAN,5358,1885,59441,18.33969465648855,1,3,12,5.321661783240088,1104,380,57831,0
18089,Lake County,"Lake County, Indiana",IN,1,IN-01,FRANK J. MRVAN,DEMOCRAT,500379,195130,71493,14.285482989617696,0.045367956687387204,13,72,6.770095333372146,4393,1722,103471.92212852601,0
04013,Maricopa County,"Maricopa County, Arizona",AZ,8,AZ-09 / AZ-07 / AZ-01 / AZ-08 / AZ-05 / AZ-03 / AZ-04 / AZ-02,"PAUL A. GOSAR / RAúL M. GRIJALVA / DAVID SCHWEIKERT / ABRAHAM \""ABE\"" HAMADEH / ANDY BIGGS / YASSAMIN ANSARI / GREG STANTON / ELIJAH CRANE",REPUBLICAN / DEMOCRAT,4559748,1730696,89300,10.978031687092578,0.023046585868603312,56,343,212.2934830173675,22768,9190,102795.83797521838,0
06067,Sacramento County,"Sacramento County, California",CA,3,CA-07 / CA-06 / CA-03,DORIS O. MATSUI / AMI BERA / KEVIN KILEY,DEMOCRAT / REPUBLICAN,1594006,571057,92175,12.49584965695788,0.023992227399049243,34,117,5.535722870483973,7602,2490,68213.73679054982,6
19159,Ringgold County,"Ringgold County, Iowa",IA,1,IA-03,ZACHARY NUNN,REPUBLICAN,4645,1899,73346,8.751953561062738,1,4,27,13.407004834710838,1267,533,71966.84892788997,0
06107,Tulare County,"Tulare County, California",CA,3,CA-20 / CA-22 / CA-21,VINCE FONG / DAVID G. VALADAO / JIM COSTA,REPUBLICAN / DEMOCRAT,478693,143195,71300,17.8860705981822,0.20056138333646856,81,528,106.35899590647671,23576,6271,65715.7577510201,14
06069,San Benito County,"San Benito County, California",CA,1,CA-18,ZOE LOFGREN,DEMOCRAT,67290,20561,114394,6.6680605128358295,0.22735130589169741,30,137,24.622733354443227,5328,1850,114179.72163448151,0
19163,Scott County,"Scott County, Iowa",IA,1,IA-01,MARIANNETTE MILLER-MEEKS,REPUBLICAN,174608,73132,78277,11.499850559960619,0.13277685221762306,36,222,39.1056719309061,8248,3319,103708.24568786637,0
27053,Hennepin County,"Hennepin County, Minnesota",MN,3,MN-03 / MN-05 / MN-06,KELLY MORRISON / ILHAN OMAR / TOM EMMER,DEMOCRATIC-FARMER-LABOR / DEMOCRAT / REPUBLICAN,1269496,539493,97653,9.950824925329862,0.023880958047387373,18,96,27.634832789796917,18382,8080,105074.76531122637,0
17125,Mason County,"Mason County, Illinois",IL,1,IL-15,MARY E. MILLER,REPUBLICAN,12745,5781,62845,14.834289356277884,1,7,68,13.358237175099672,6395,2999,56253.94943093897,2
36005,Bronx County,"Bronx County, New York",NY,4,NY-14 / NY-15 / NY-13 / NY-16,ALEXANDRIA OCASIO-CORTEZ / RITCHIE TORRES / ADRIANO ESPAILLAT / GEORGE S. LATIMER,DEMOCRAT / WORKING FAMILIES / DEMOCRAT,1404779,534100,48676,27.814994832603254,6.790461303198171e-7,0,0,0,0,0,NA,0
20099,Labette County,"Labette County, Kansas",KS,1,KS-02,DEREK SCHMIDT,REPUBLICAN,19869,8078,56325,16.045651154307155,0.53264962346413,14,101,1278.9413524801787,8363,3142,58475.10879971968,1
36119,Westchester County,"Westchester County, New York",NY,2,NY-17 / NY-16,MICHAEL LAWLER / GEORGE S. LATIMER,CONSERVATIVE / REPUBLICAN / DEMOCRAT,999677,372883,118976,9.01085126114087,0.04533095991167367,54,326,41.81395114413529,18583,6027,170924.7789426971,1
36053,Madison County,"Madison County, New York",NY,1,NY-22,JOHN W. MANNION,DEMOCRAT / WORKING FAMILIES,67328,26252,75499,10.014464253790772,0.6916019760056458,21,119,18.41042624852663,5241,1920,89018.0691069619,0
21235,Whitley County,"Whitley County, Kentucky",KY,1,KY-05,HAROLD ROGERS,REPUBLICAN,36920,13541,44615,26.342171968898636,0.6366038352582262,1,3,32.38816970493393,884,224,48900,1
44007,Providence County,"Providence County, Rhode Island",RI,2,RI-02 / RI-01,SETH MAGAZINER / GABE AMO,DEMOCRAT,664854,259210,78787,13.406583766475865,0.0519341163935642,16,126,12.78119937652562,4385,1822,103509.27783635876,0
36029,Erie County,"Erie County, New York",NY,2,NY-23 / NY-26,NICHOLAS A. LANGWORTHY / TIMOTHY M. KENNEDY,CONSERVATIVE / REPUBLICAN / DEMOCRAT / WORKING FAMILIES,950622,409665,72839,13.851838354607665,0.10308560984913585,24,160,38.165799523598814,11018,4307,77246.1811709004,2
48287,Lee County,"Lee County, Texas",TX,1,TX-10,MICHAEL T. MCCAUL,REPUBLICAN,17971,6984,76371,11.33302898881534,1,7,106,64.41300595938631,1501,554,87607.89478154895,0
36091,Saratoga County,"Saratoga County, New York",NY,2,NY-21 / NY-20,ELISE M. STEFANIK / PAUL TONKO,CONSERVATIVE / REPUBLICAN / DEMOCRAT / WORKING FAMILIES,238284,101911,100787,7.060343614476327,0.28484686360181566,57,406,42.494746517027686,21216,9040,96493.42089842708,0
01121,Talladega County,"Talladega County, Alabama",AL,2,AL-03 / AL-06,MIKE ROGERS / GARY J. PALMER,REPUBLICAN,81021,33644,57776,17.81237886031787,0.5867995958563099,4,20,29.647416326741443,1551,735,59770.13862744046,1
21133,Letcher County,"Letcher County, Kentucky",KY,1,KY-05,HAROLD ROGERS,REPUBLICAN,20808,8463,41793,24.350601522219495,1,7,42,280.58857593281186,15413,6046,41417.12574856729,9
38017,Cass County,"Cass County, North Dakota",ND,1,ND-AL,JULIE FEDORCHAK,REPUBLICAN,193400,83945,75555,10.999299543901486,0.0909470261482184,24,102,34.701953720244646,6687,2937,121906.56069635191,0
39035,Cuyahoga County,"Cuyahoga County, Ohio",OH,2,OH-07 / OH-11,MAX L. MILLER / SHONTEL M. BROWN,REPUBLICAN / DEMOCRAT,1245873,554551,64468,16.073988386305565,0.0056553635822415415,2,12,4.188579793536436,1608,572,151373.01431186558,0
39061,Hamilton County,"Hamilton County, Ohio",OH,2,OH-08 / OH-01,WARREN DAVIDSON / GREG LANDSMAN,REPUBLICAN / DEMOCRAT,830774,354739,72470,14.968463913627703,0.023820215520821923,2,10,8.221839039889318,2777,1110,100241.75279476361,0
22075,Plaquemines Parish,"Plaquemines Parish, Louisiana",LA,1,LA-01,STEVE SCALISE,REPUBLICAN,22803,8218,86315,12.878413026854393,0.33187327237933234,2,18,21.31542370616024,2534,764,81606.4655188768,1
22031,De Soto Parish,"De Soto Parish, Louisiana",LA,2,LA-06 / LA-04,CLEO FIELDS / MIKE JOHNSON,DEMOCRAT / REPUBLICAN,27026,10504,48578,21.528971962616822,0.791063702819633,8,71,16.748380831800613,1915,734,42059.22422239259,6
22111,Union Parish,"Union Parish, Louisiana",LA,1,LA-04,MIKE JOHNSON,REPUBLICAN,20821,8508,42885,29.40012857919984,1,18,195,26.441685467172373,2253,904,44055.940173121984,8
22115,Vernon Parish,"Vernon Parish, Louisiana",LA,1,LA-04,MIKE JOHNSON,REPUBLICAN,47117,18300,57270,18.999118165784832,0.5782974358974359,12,101,26.368553019420744,7231,3122,56599.10142048982,4
01087,Macon County,"Macon County, Alabama",AL,1,AL-02,SHOMARI FIGURES,DEMOCRAT,18691,7237,43707,24.31844997826492,0.5390640999385624,4,26,17.46684298341768,734,273,52227.566551093434,1
01041,Crenshaw County,"Crenshaw County, Alabama",AL,1,AL-02,SHOMARI FIGURES,DEMOCRAT,13122,5233,48560,17.898742040689548,1,5,29,9.96101409093431,968,387,40833.85852079837,2
24005,Baltimore County,"Baltimore County, Maryland",MD,3,MD-02 / MD-01 / MD-07,"JOHN \""JOHNNY O\"" OLSZEWSKI, JR. / ANDY HARRIS / KWEISI MFUME",DEMOCRAT / REPUBLICAN,850796,332801,91768,9.78232233617034,0.07129140409696502,5,31,1.5337548833848829,117,46,153156.36923951912,0
24019,Dorchester County,"Dorchester County, Maryland",MD,1,MD-01,ANDY HARRIS,REPUBLICAN,32754,13546,61839,17.13524069309693,0.5395776336417571,12,83,11.688622801937294,3836,1514,73752.68041346366,1
24017,Charles County,"Charles County, Maryland",MD,1,MD-05,STENY H. HOYER,DEMOCRAT,170527,60875,122816,6.8745495149531495,0.284148676305539,43,207,12.051001037217883,7487,2865,117554.13158649657,0
24015,Cecil County,"Cecil County, Maryland",MD,1,MD-01,ANDY HARRIS,REPUBLICAN,104960,40595,92007,10.847958582453565,0.4834803567124608,40,235,18.84073875361553,8956,3511,96677.82090973777,0
25001,Barnstable County,"Barnstable County, Massachusetts",MA,1,MA-09,WILLIAM R. KEATING,DEMOCRAT,231668,105777,95241,7.671112042689583,0.027934985763943473,9,58,3.0341244657294637,810,455,114935.6551094447,0
25017,Middlesex County,"Middlesex County, Massachusetts",MA,6,MA-03 / MA-05 / MA-06 / MA-02 / MA-04 / MA-07,LORI TRAHAN / KATHERINE M. CLARK / SETH MOULTON / JAMES P. MCGOVERN / JAKE AUCHINCLOSS / AYANNA PRESSLEY,DEMOCRAT,1638365,634215,130847,7.74172852042279,0.03537740762572595,41,331,16.702472268394903,6633,2406,162401.11806820557,0
26103,Marquette County,"Marquette County, Michigan",MI,1,MI-01,JACK BERGMAN,REPUBLICAN,67112,28255,65429,13.95429746184866,0.45498886650408227,18,130,89.19864819998288,9901,4055,71592.80931699873,0
26053,Gogebic County,"Gogebic County, Michigan",MI,1,MI-01,JACK BERGMAN,REPUBLICAN,14319,6989,52732,14.40079846011264,0.6408205841446454,8,39,17.565363072601997,2905,1363,55878.077797960366,0
26115,Monroe County,"Monroe County, Michigan",MI,2,MI-05 / MI-06,TIM WALBERG / DEBBIE DINGELL,REPUBLICAN / DEMOCRAT,155505,63029,77335,10.529022012210202,0.37721321111821665,7,24,9.196742943341732,2454,929,83195.55770923519,0
26141,Presque Isle County,"Presque Isle County, Michigan",MI,1,MI-01,JACK BERGMAN,REPUBLICAN,13209,6655,59321,13.95863542700145,1,6,35,42.13420587371754,3588,2008,56843.04351967715,2
27075,Lake County,"Lake County, Minnesota",MN,1,MN-08,PETE STAUBER,REPUBLICAN,10879,4942,75541,8.5634066448292,1,3,11,3.205765148141585,1592,766,69911.40854059227,0
27163,Washington County,"Washington County, Minnesota",MN,3,MN-08 / MN-04 / MN-02,PETE STAUBER / BETTY MCCOLLUM / ANGIE CRAIG,REPUBLICAN / DEMOCRAT,276238,105577,115345,5.123631555622296,0.1336632183220714,18,55,9.345271348441035,7434,2572,122064.64791341285,1
28001,Adams County,"Adams County, Mississippi",MS,1,MS-02,BENNIE G. THOMPSON,DEMOCRAT,28803,11464,43644,27.044025157232703,0.3647843455887332,5,39,0.767121954113366,354,139,42804,1
28087,Lowndes County,"Lowndes County, Mississippi",MS,1,MS-01,TRENT KELLY,REPUBLICAN,57838,23006,53812,17.264856985405224,0.5432157475500603,8,56,161.38676324943998,5920,2024,61771.88756503481,1
28143,Tunica County,"Tunica County, Mississippi",MS,1,MS-02,BENNIE G. THOMPSON,DEMOCRAT,9475,3800,39364,31.10342591591916,1,5,30,12.718902110437453,486,197,40513.75676909383,1
28139,Tippah County,"Tippah County, Mississippi",MS,1,MS-01,TRENT KELLY,REPUBLICAN,21523,8017,52542,18.93136361456185,1,15,117,424.0088316203635,8689,3201,55069.506231205334,4
29099,Jefferson County,"Jefferson County, Missouri",MO,2,MO-03 / MO-08,BOB ONDER / JASON SMITH,REPUBLICAN,229458,88309,82851,9.026907807675341,0.34771697855243255,39,248,211.296817720362,18377,7176,91179.43716688307,0
30001,Beaverhead County,"Beaverhead County, Montana",MT,1,MT-01,RYAN K. ZINKE,REPUBLICAN,9713,4201,61268,11.429487864856196,0.527371678582862,7,38,4.557075934207079,522,237,60304.87265635963,0
30105,Valley County,"Valley County, Montana",MT,1,MT-02,TROY DOWNING,REPUBLICAN,7519,2951,71695,10.11572498298162,1,8,36,121.20690055838999,3285,1353,83752.1976469411,0
30005,Blaine County,"Blaine County, Montana",MT,1,MT-02,TROY DOWNING,REPUBLICAN,6949,2280,64813,18.28788099752078,1,6,38,4.6151339977892585,940,368,76107.6931020365,0
30029,Flathead County,"Flathead County, Montana",MT,1,MT-01,RYAN K. ZINKE,REPUBLICAN,110695,44233,73925,9.320663346886564,0.5149534770068132,86,434,66.21813515445832,11415,4678,77623.96129567667,0
33017,Strafford County,"Strafford County, New Hampshire",NH,1,NH-01,CHRIS PAPPAS,DEMOCRAT,132575,52080,88570,8.660705639304044,0.36736471361229744,43,134,11.437659175456044,7094,2930,82933.45032069416,2
34001,Atlantic County,"Atlantic County, New Jersey",NJ,1,NJ-02,JEFFERSON VAN DREW,REPUBLICAN,276270,109557,78050,13.177941802171782,0.14935126432427312,19,102,2.6032708762140455,4001,1609,85403.78301746759,0
34009,Cape May County,"Cape May County, New Jersey",NJ,1,NJ-02,JEFFERSON VAN DREW,REPUBLICAN,94941,44884,91128,8.729269983469312,0.18595887175503606,15,74,27.338741997737348,4462,1737,74997.12458747058,1
34041,Warren County,"Warren County, New Jersey",NJ,1,NJ-07,"THOMAS H. KEAN, JR.",REPUBLICAN,110849,45391,100869,8.34224208035233,0.4322004524226503,20,96,12.226029709571186,7173,3353,92462.88837222518,0
34019,Hunterdon County,"Hunterdon County, New Jersey",NJ,1,NJ-07,"THOMAS H. KEAN, JR.",REPUBLICAN,130160,50860,141715,3.994999413993827,0.5834722793085532,23,130,22.478939035271598,10513,4170,121022.43807170373,0
34025,Monmouth County,"Monmouth County, New Jersey",NJ,3,NJ-04 / NJ-03 / NJ-06,"CHRISTOPHER H. SMITH / HERB CONAWAY / FRANK PALLONE, JR.",REPUBLICAN / DEMOCRAT,645353,251712,124845,6.485045945066226,0.05128842553389837,20,104,25.182384568239208,12819,5072,128434.71640243339,0
34023,Middlesex County,"Middlesex County, New Jersey",NJ,2,NJ-12 / NJ-06,"BONNIE WATSON COLEMAN / FRANK PALLONE, JR.",DEMOCRAT,871290,307782,111549,8.592791959689654,0.009765258433526963,3,10,2.2966641198326445,2455,1074,98952,0
35045,San Juan County,"San Juan County, New Mexico",NM,1,NM-03,TERESA LEGER FERNANDEZ,DEMOCRAT,120942,41732,55872,23.07718039422297,0.35203557425962306,9,65,205.03107230837426,6586,2219,59561.437185907664,5
36031,Essex County,"Essex County, New York",NY,1,NY-21,ELISE M. STEFANIK,CONSERVATIVE / REPUBLICAN,36973,16342,71661,11.208496302852085,0.8650116369278511,32,205,126.38413794746492,9381,4099,69494.49026742559,0
37047,Columbus County,"Columbus County, North Carolina",NC,1,NC-07,DAVID ROUZER,REPUBLICAN,50140,20048,49442,18.182197728790914,0.8969638306698536,13,76,333.5345903909132,14805,5482,48783.581482747526,9
37039,Cherokee County,"Cherokee County, North Carolina",NC,1,NC-11,CHUCK EDWARDS,REPUBLICAN,29562,13241,53628,12.363040584360174,1,9,64,27.89081358387791,3811,1743,46950.28138032916,2
37149,Polk County,"Polk County, North Carolina",NC,2,NC-14 / NC-11,TIM MOORE / CHUCK EDWARDS,REPUBLICAN,19891,8976,67758,14.010427315477408,0.914165976821192,5,36,13.125077478089121,2211,1120,70012.99440259094,0
37009,Ashe County,"Ashe County, North Carolina",NC,1,NC-05,VIRGINIA FOXX,REPUBLICAN,26950,12201,56866,13.49066175641652,1,11,97,19.97936857596963,3032,1353,59814.70036010664,2
37055,Dare County,"Dare County, North Carolina",NC,1,NC-03,GREGORY F. MURPHY,REPUBLICAN,37875,16836,88994,6.621410198615789,0.22080455099553029,4,30,29.10549103047677,6021,2852,81851.01895588658,0
37091,Hertford County,"Hertford County, North Carolina",NC,1,NC-01,DONALD G. DAVIS,DEMOCRAT,19908,8285,45537,22.926722246599386,0.7744524870081663,5,33,134.0391525441623,2823,1229,53895.34650626354,2
38097,Traill County,"Traill County, North Dakota",ND,1,ND-AL,JULIE FEDORCHAK,REPUBLICAN,7970,3333,87004,9.055799707018245,1,6,28,13.320066709001463,4114,1755,72024.31899367961,0
38053,McKenzie County,"McKenzie County, North Dakota",ND,1,ND-AL,JULIE FEDORCHAK,REPUBLICAN,14321,5997,93404,11.959593105397005,0.5452257889009793,4,31,3.225629169392433,211,103,96039.10205236045,0
39167,Washington County,"Washington County, Ohio",OH,1,OH-06,MICHAEL A. RULLI,REPUBLICAN,58978,24779,63603,13.748647988555877,0.5833765538471835,12,99,58.76267157276446,9044,3802,67947.2347349884,5
40095,Marshall County,"Marshall County, Oklahoma",OK,1,OK-02,JOSH BRECHEEN,REPUBLICAN,15792,5982,57245,16.082302416511762,1,5,45,13.245805807966365,2063,812,55227.95057335954,1
02020,Anchorage Municipality,"Anchorage Municipality, Alaska",AK,1,AK-AL,NICK BEGICH,REPUBLICAN,288976,108597,103284,8.946018153187424,0.0426922852424231,47,165,23.18411910743269,17985,6607,96570.75899272898,3
02180,Nome Census Area,"Nome Census Area, Alaska",AK,1,AK-AL,NICK BEGICH,REPUBLICAN,9866,2816,78681,21.51053619862299,1,13,83,28.270612119235928,0,0,NA,0
02070,Dillingham Census Area,"Dillingham Census Area, Alaska",AK,1,AK-AL,NICK BEGICH,REPUBLICAN,4724,1403,78533,19.458653026427964,1,8,42,148.91825733921192,0,0,NA,0
41015,Curry County,"Curry County, Oregon",OR,2,OR-04 / OR-02,VAL T. HOYLE / CLIFF BENTZ,DEMOCRAT / REPUBLICAN,23381,11159,62244,15.211267605633802,0.5182973641559327,11,61,35.29555318455303,8093,4135,56908.04291366151,1
41007,Clatsop County,"Clatsop County, Oregon",OR,1,OR-01,SUZANNE BONAMICI,DEMOCRAT,41363,17984,71822,12.320187885311674,0.39111803661862093,16,107,73.6607939959397,10600,4520,85882.50237573133,0
41035,Klamath County,"Klamath County, Oregon",OR,1,OR-02,CLIFF BENTZ,REPUBLICAN,70247,28999,58830,18.306884430106905,0.3775229423883134,26,114,30.447959817267567,3643,1502,65147.13670963856,3
41033,Josephine County,"Josephine County, Oregon",OR,1,OR-02,CLIFF BENTZ,REPUBLICAN,88179,36715,60098,15.593317641655663,0.4314224088999887,27,120,8.704821596433357,5673,2392,58504.85879588129,7
02066,Copper River Census Area,"Copper River Census Area, Alaska",AK,1,AK-AL,NICK BEGICH,REPUBLICAN,2626,1207,79250,8.7442218798151,1,4,14,2.5718376925270428,0,0,NA,0
41065,Wasco County,"Wasco County, Oregon",OR,1,OR-02,CLIFF BENTZ,REPUBLICAN,26552,10563,64175,11.625130002696352,0.3476565429321335,15,86,13.76297681287868,2094,845,68593.02592982203,0
48037,Bowie County,"Bowie County, Texas",TX,2,TX-01 / TX-04,NATHANIEL MORAN / PAT FALLON,REPUBLICAN,92115,35073,59803,16.2062337902927,0.37943655603759163,10,107,221.31264235692208,5887,2312,57439.99856800451,4
42071,Lancaster County,"Lancaster County, Pennsylvania",PA,1,PA-11,LLOYD SMUCKER,REPUBLICAN,557931,212748,86959,8.194408846421215,0.27875490068428743,78,338,35.40369425962001,23750,8344,91092.58910880102,0
42095,Northampton County,"Northampton County, Pennsylvania",PA,1,PA-07,RYAN E. MACKENZIE,REPUBLICAN,318580,122624,89184,8.753102833976278,0.1685791066333068,41,170,20.44167623009715,14818,6006,87656.885718017,1
44009,Washington County,"Washington County, Rhode Island",RI,1,RI-02,SETH MAGAZINER,DEMOCRAT,130344,52549,106638,8.18749294320693,0.33631651506866195,23,186,12.66331468236981,4069,1717,111344.157904882,1
45013,Beaufort County,"Beaufort County, South Carolina",SC,1,SC-01,NANCY MACE,REPUBLICAN,195289,82333,86573,9.632520843290319,0.18601196043117407,10,30,17.14270967988786,3286,1492,99385.8306930704,0
45051,Horry County,"Horry County, South Carolina",SC,1,SC-07,RUSSELL FRY,REPUBLICAN,383016,158779,66880,13.236816542694042,0.2442390799620544,4,21,1.3831603897425913,1720,1075,39906,0
45091,York County,"York County, South Carolina",SC,1,SC-05,RALPH NORMAN,REPUBLICAN,293673,113785,89095,8.366875231050411,0.22665815874366338,45,208,35.82563850036726,12705,5121,109545.24404605752,1
46023,Charles Mix County,"Charles Mix County, South Dakota",SD,1,SD-AL,DUSTY JOHNSON,REPUBLICAN,9281,3032,64038,24.03952920275372,1,8,32,16.585695839836845,2177,705,64667.78810493862,3
04007,Gila County,"Gila County, Arizona",AZ,1,AZ-02,ELIJAH CRANE,REPUBLICAN,53795,23645,61986,16.88767476713524,0.44357260849977476,38,281,42.29221169386651,6207,3025,60688.36069080241,3
47157,Shelby County,"Shelby County, Tennessee",TN,2,TN-09 / TN-08,STEVE COHEN / DAVID KUSTOFF,DEMOCRAT / REPUBLICAN,919173,362741,63767,17.823668241920963,0.034027646319847185,2,13,0.17417340125960598,0,0,NA,0
47165,Sumner County,"Sumner County, Tennessee",TN,1,TN-06,JOHN W. ROSE,REPUBLICAN,204424,78582,90301,8.820808161770891,0.2525919472592864,0,0,0,0,0,NA,0
47019,Carter County,"Carter County, Tennessee",TN,1,TN-01,DIANA HARSHBARGER,REPUBLICAN,56712,24425,50135,17.07865576089519,0.4073745475193413,5,41,29.748907410180493,3198,1293,52848.78271247955,1
47123,Monroe County,"Monroe County, Tennessee",TN,1,TN-03,"CHARLES J. \""CHUCK\"" FLEISCHMANN",REPUBLICAN,47695,19714,56895,15.465562599732609,0.7329729729729729,2,17,0.30549257096745597,64,26,49876.942020947725,0
47013,Campbell County,"Campbell County, Tennessee",TN,2,TN-02 / TN-03,"TIM BURCHETT / CHARLES J. \""CHUCK\"" FLEISCHMANN",REPUBLICAN,39761,17186,51557,18.531119695070476,0.4878284783051538,3,44,6.961300308521145,747,335,64312.64195008442,0
48273,Kleberg County,"Kleberg County, Texas",TX,1,TX-34,VICENTE GONZALEZ,DEMOCRAT,30579,11853,61292,28.09489025705242,0.19635953608247422,8,179,1858.2853444099273,1915,751,88614.30852014685,1
48229,Hudspeth County,"Hudspeth County, Texas",TX,1,TX-23,TONY GONZALES,REPUBLICAN,3403,842,48600,17.343803345851825,1,5,64,163.31091334260125,1488,391,48600,0
48419,Shelby County,"Shelby County, Texas",TX,1,TX-01,NATHANIEL MORAN,REPUBLICAN,24155,9366,49776,20.58441830284255,0.7867371576055283,23,411,1204.506564511877,14261,5650,52978.2339246957,7
48301,Loving County,"Loving County, Texas",TX,1,TX-23,TONY GONZALES,REPUBLICAN,33,27,51250,6.0606060606060606,1,1,18,31.249408542334717,9,4,51250,0
49037,San Juan County,"San Juan County, Utah",UT,1,UT-03,MIKE KENNEDY,REPUBLICAN,14483,4555,64481,18.074252515233102,1,9,63,162.9881755214371,1494,537,72772.52734925643,1
49019,Grand County,"Grand County, Utah",UT,1,UT-03,MIKE KENNEDY,REPUBLICAN,9754,4554,67106,13.295395757889292,0.1795428689626642,5,34,3.0035698452735446,72,26,80625,0
49049,Utah County,"Utah County, Utah",UT,2,UT-04 / UT-03,BURGESS OWENS / MIKE KENNEDY,REPUBLICAN,705400,203018,100671,8.688229500730317,0.0422915412367929,25,179,190.8146666589287,8273,2512,126343.25187414345,0
49023,Juab County,"Juab County, Utah",UT,2,UT-02 / UT-04,CELESTE MALOY / BURGESS OWENS,REPUBLICAN,12586,3862,101786,6.915150539365642,0.4629221109791278,4,41,21.410618402623058,2892,846,93208,0
51133,Northumberland County,"Northumberland County, Virginia",VA,1,VA-01,ROBERT J. WITTMAN,REPUBLICAN,12188,5640,66480,11.537511323396195,1,40,308,37.70833783908073,3221,1507,73797.75361344904,1
51193,Westmoreland County,"Westmoreland County, Virginia",VA,1,VA-01,ROBERT J. WITTMAN,REPUBLICAN,18826,8149,63398,14.013831555245805,0.7848676733235915,19,189,31.923437659453317,5089,2206,71399.92616254538,1
51073,Gloucester County,"Gloucester County, Virginia",VA,1,VA-01,ROBERT J. WITTMAN,REPUBLICAN,39526,15274,84306,5.171305934664713,0.7257110382061946,4,37,1.1728777468251033,748,290,90125.4171894297,0
51107,Loudoun County,"Loudoun County, Virginia",VA,1,VA-10,SUHAS SUBRAMANYAM,DEMOCRAT,432998,143032,181765,4.234450593435662,0.11946531609966766,15,163,27.191141063492246,7552,2559,176557.36845686095,0
51143,Pittsylvania County,"Pittsylvania County, Virginia",VA,1,VA-05,JOHN J. MCGUIRE III,REPUBLICAN,59856,25020,54085,14.559386973180077,0.890613378291268,11,64,20.494233007935993,3669,1471,48251.247581397336,4
51083,Halifax County,"Halifax County, Virginia",VA,1,VA-05,JOHN J. MCGUIRE III,REPUBLICAN,33639,13613,52013,17.34946384382733,0.7821115748633237,6,56,4.704633187656994,294,112,63519.59258008468,0
53053,Pierce County,"Pierce County, Washington",WA,3,WA-08 / WA-10 / WA-06,KIM SCHRIER / MARILYN STRICKLAND / EMILY RANDALL,DEMOCRAT,930319,351330,99564,8.806150019535227,0.06781670339691466,201,596,222.26714296275907,62465,23204,129281.83852883452,1
53067,Thurston County,"Thurston County, Washington",WA,2,WA-10 / WA-03,MARILYN STRICKLAND / MARIE GLUESENKAMP PEREZ,DEMOCRAT,299067,118899,96563,9.546866311320883,0.2133802363014047,186,514,79.00621713631804,35913,13677,104640.97229598238,1
53005,Benton County,"Benton County, Washington",WA,1,WA-04,DAN NEWHOUSE,REPUBLICAN,212905,78046,89874,10.985820615847324,0.12143682355841506,26,85,109.8017288660274,8755,3228,140389.2992118466,0
54047,McDowell County,"McDowell County, West Virginia",WV,1,WV-01,CAROL D. MILLER,REPUBLICAN,17943,6467,31559,34.1752120521585,1,17,125,47.79149645069794,6138,1828,32393.13528514853,7
54099,Wayne County,"Wayne County, West Virginia",WV,1,WV-01,CAROL D. MILLER,REPUBLICAN,38164,15762,58878,14.576422892644658,0.5981991688471602,5,65,14.511108671567728,3030,1193,54513.757700876544,3
54037,Jefferson County,"Jefferson County, West Virginia",WV,1,WV-02,RILEY MOORE,REPUBLICAN,59260,22804,98806,8.686781360767702,0.6169910400166375,12,64,12.860505044737256,3629,1615,89672.03461921253,0
54003,Berkeley County,"Berkeley County, West Virginia",WV,1,WV-02,RILEY MOORE,REPUBLICAN,129514,51021,80815,11.101295411725157,0.32425702021691405,9,67,13.230846466451077,2387,1114,91903.01026098637,0
55003,Ashland County,"Ashland County, Wisconsin",WI,1,WI-07,THOMAS P. TIFFANY,REPUBLICAN,16080,6832,62462,13.376043486701612,0.5491982279902664,4,18,7.373090226397483,944,452,63897.667810230836,0
55051,Iron County,"Iron County, Wisconsin",WI,1,WI-07,THOMAS P. TIFFANY,REPUBLICAN,6210,3109,60625,10.459561851424807,0.6715007332572919,5,21,13.189269718937087,2164,1053,55453.32763151607,1
56039,Teton County,"Teton County, Wyoming",WY,1,WY-AL,HARRIET M. HAGEMAN,REPUBLICAN,23396,9830,124172,5.7284056725397505,0.5388110239595388,34,240,40.51035234301084,5575,2365,124272.45979998646,0
05045,Faulkner County,"Faulkner County, Arkansas",AR,1,AR-02,J. FRENCH HILL,REPUBLICAN,127717,49309,67289,14.50689011816307,0.46056616301478565,4,12,79.84207736330973,3476,1247,70806.23192178766,0
05011,Bradley County,"Bradley County, Arkansas",AR,1,AR-04,BRUCE WESTERMAN,REPUBLICAN,10208,3752,41476,19.86152324431256,0.49947842579421525,9,35,1264.121812270618,4971,1724,42767.026458244305,7
05085,Lonoke County,"Lonoke County, Arkansas",AR,1,AR-01,"ERIC A. \""RICK\"" CRAWFORD",REPUBLICAN,75272,28554,72828,10.397302960296567,0.5193676957373505,6,22,107.58123920312799,12001,4838,65930.8129976472,4
05099,Nevada County,"Nevada County, Arkansas",AR,1,AR-04,BRUCE WESTERMAN,REPUBLICAN,8159,3251,53886,20.252847665540116,1,7,29,401.11908850848477,2356,952,56111.239619978856,1
05037,Cross County,"Cross County, Arkansas",AR,1,AR-01,"ERIC A. \""RICK\"" CRAWFORD",REPUBLICAN,16543,6483,50863,19.72303562713519,0.5506445672191529,8,39,370.3637488866517,3796,1530,45199.0867094425,2
06007,Butte County,"Butte County, California",CA,1,CA-01,DOUG LAMALFA,REPUBLICAN,207929,83312,67928,19.2474076115576,0.21016670446813338,34,124,18.004750147396184,4578,1743,88492.79886364721,3
06047,Merced County,"Merced County, California",CA,1,CA-13,ADAM GRAY,DEMOCRAT,290201,86055,65510,19.088797470125655,0.16798955910697647,13,61,129.23661361200655,2035,567,82351.15388129462,0
08059,Jefferson County,"Jefferson County, Colorado",CO,4,CO-07 / CO-02 / CO-06 / CO-01,BRITTANY PETTERSEN / JOE NEGUSE / JASON CROW / DIANA DEGETTE,DEMOCRAT,579377,241735,110656,6.68117408552491,0.07148444871420974,22,241,56.79030122847863,28567,11457,118305.44644482326,0
08065,Lake County,"Lake County, Colorado",CO,1,CO-07,BRITTANY PETTERSEN,DEMOCRAT,7380,3020,96575,7.912178956089478,0.3897256589564282,4,28,15.636497458665065,607,232,103171.27420478739,0
08055,Huerfano County,"Huerfano County, Colorado",CO,1,CO-03,JEFF HURD,REPUBLICAN,6972,3100,52526,17.33099722587239,1,7,56,11.102431615799219,3505,1475,54412.221361697004,1
12117,Seminole County,"Seminole County, Florida",FL,1,FL-07,CORY MILLS,REPUBLICAN,481470,187248,85761,9.02930272201672,0.032445163701853644,23,79,89.03827760764618,35708,14157,83558.27686356058,3
12041,Gilchrist County,"Gilchrist County, Florida",FL,1,FL-03,KAT CAMMACK,REPUBLICAN,19040,7151,63523,11.49501661129568,1,4,23,7.892181605829327,1413,525,62352.98238077197,1
12013,Calhoun County,"Calhoun County, Florida",FL,1,FL-02,NEAL P. DUNN,REPUBLICAN,13492,4636,50517,20.748125426039536,1,3,22,11.076187773404703,719,241,55406,1
13229,Pierce County,"Pierce County, Georgia",GA,1,GA-01,"EARL L. \""BUDDY\"" CARTER",REPUBLICAN,20202,7605,60517,13.827976369280064,0.9871677825116657,6,25,4.877587820112553,1084,404,60195.67383730875,1
13261,Sumter County,"Sumter County, Georgia",GA,1,GA-02,"SANFORD D. BISHOP, JR.",DEMOCRAT,29061,10986,42653,23.748493810932192,0.4122433819556996,11,45,15.621139308150816,2092,820,46429.69566330701,4
13021,Bibb County,"Bibb County, Georgia",GA,2,GA-02 / GA-08,"SANFORD D. BISHOP, JR. / AUSTIN SCOTT",DEMOCRAT / REPUBLICAN,156578,59921,51234,24.733021498007226,0.1408551853876171,4,16,0.7252163625378318,738,271,73063.17348801186,1
13151,Henry County,"Henry County, Georgia",GA,3,GA-10 / GA-13 / GA-03,MIKE COLLINS / DAVID SCOTT / BRIAN JACK,REPUBLICAN / DEMOCRAT,249960,86704,83146,9.214325699028226,0.18820831533118415,4,15,3.017153956724636,1412,607,67934.28734577111,0
13195,Madison County,"Madison County, Georgia",GA,1,GA-10,MIKE COLLINS,REPUBLICAN,31528,11242,61963,17.241157762857785,0.9065737051792828,14,95,21.27350504573015,3440,1246,62156.374716582526,1
13265,Taliaferro County,"Taliaferro County, Georgia",GA,1,GA-10,MIKE COLLINS,REPUBLICAN,1558,588,52500,20.361990950226243,1,1,5,3.7564457148220205,236,89,52500,0
13267,Tattnall County,"Tattnall County, Georgia",GA,1,GA-12,RICK W. ALLEN,REPUBLICAN,24208,7630,50747,23.351551922980494,1,8,39,16.74181889492199,3489,1393,42411.41611244188,3
13237,Putnam County,"Putnam County, Georgia",GA,1,GA-10,MIKE COLLINS,REPUBLICAN,22855,10435,72096,17.646275415075912,1,15,119,30.06196654922532,1463,776,82909.19329114925,0
13219,Oconee County,"Oconee County, Georgia",GA,1,GA-10,MIKE COLLINS,REPUBLICAN,43551,14994,121217,6.214872210015034,0.540850259575588,23,105,18.296462923216,3186,1152,116586.45832286333,0
13205,Mitchell County,"Mitchell County, Georgia",GA,1,GA-02,"SANFORD D. BISHOP, JR.",DEMOCRAT,21058,7813,57613,23.441332788225676,0.7577568375086187,6,26,7.2978917535928245,1224,481,63347.27919887469,0
13201,Miller County,"Miller County, Georgia",GA,1,GA-02,"SANFORD D. BISHOP, JR.",DEMOCRAT,5850,2573,51425,23.76689485694225,1,2,11,6.374559603642391,1434,557,37089.24814660398,1
16085,Valley County,"Valley County, Idaho",ID,1,ID-01,RUSS FULCHER,REPUBLICAN,12389,4318,76078,11.68937107431275,0.6854248254725013,9,55,16.55770563186602,1083,356,83709.10519493648,0
16005,Bannock County,"Bannock County, Idaho",ID,1,ID-02,MICHAEL K. SIMPSON,REPUBLICAN,89454,33590,66499,12.301784087370692,0.17016019674090418,16,121,49.85983307692366,3270,1209,91433.66088127592,0
16039,Elmore County,"Elmore County, Idaho",ID,1,ID-02,MICHAEL K. SIMPSON,REPUBLICAN,29321,11067,65359,10.494619057800584,0.3790902114002651,16,76,13.560652335454149,1875,799,72077.66036111866,0
17047,Edwards County,"Edwards County, Illinois",IL,1,IL-12,MIKE BOST,REPUBLICAN,6075,2666,60519,16.490066225165563,1,5,60,14.248726591894302,3030,1296,60575.3628205693,1
17027,Clinton County,"Clinton County, Illinois",IL,1,IL-12,MIKE BOST,REPUBLICAN,36954,14570,86588,7.367696806375781,0.8021626602346947,19,204,30.857792570179804,10375,4110,89796.27953455593,3
18041,Fayette County,"Fayette County, Indiana",IN,1,IN-06,JEFFERSON SHREVE,REPUBLICAN,23334,9422,59321,17.86433260393873,0.38452004444824345,5,26,4.431775959647598,623,240,76396.03060502362,0
18069,Huntington County,"Huntington County, Indiana",IN,1,IN-03,MARLIN A. STUTZMAN,REPUBLICAN,36798,15403,66301,9.856076305106878,0.521166330260215,7,46,11.895155590745839,3998,1738,79243.72252996796,0
19175,Union County,"Union County, Iowa",IA,1,IA-03,ZACHARY NUNN,REPUBLICAN,11993,5116,57772,12.368668318100282,0.38152908222112375,1,10,0.6694242304986683,49,18,80536,0
20059,Franklin County,"Franklin County, Kansas",KS,1,KS-03,SHARICE DAVIDS,DEMOCRAT,26106,10409,77207,8.667163652057912,0.5206570241575627,20,173,1196.636161335703,11759,4674,83329.1164751205,0
20171,Scott County,"Scott County, Kansas",KS,1,KS-01,TRACEY MANN,REPUBLICAN,5027,2289,68839,6.462864177267131,1,0,0,0,0,0,NA,0
21123,Larue County,"Larue County, Kentucky",KY,1,KY-02,BRETT GUTHRIE,REPUBLICAN,15107,5996,67067,17.91225823842577,1,1,3,0.3272962987126898,0,0,NA,0
21115,Johnson County,"Johnson County, Kentucky",KY,1,KY-05,HAROLD ROGERS,REPUBLICAN,22334,9040,44904,22.793542749390607,0.7380511463844798,1,5,0.3026998974022433,20,8,32450,1
21109,Jackson County,"Jackson County, Kentucky",KY,1,KY-05,HAROLD ROGERS,REPUBLICAN,13086,5122,40000,19.455645161290324,1,2,12,28.563478868834274,1049,416,38838.415307217394,2
21175,Morgan County,"Morgan County, Kentucky",KY,1,KY-05,HAROLD ROGERS,REPUBLICAN,14053,4882,47913,17.067833698030636,1,2,8,32.95351972650019,2513,704,49189.65724674093,2
21011,Bath County,"Bath County, Kentucky",KY,2,KY-05 / KY-06,HAROLD ROGERS / ANDY BARR,REPUBLICAN,12851,4698,56541,25.310778914240757,1,1,6,25.91175579261882,1782,642,53292.69024313725,2
21231,Wayne County,"Wayne County, Kentucky",KY,1,KY-05,HAROLD ROGERS,REPUBLICAN,19602,8074,45739,24.75672877846791,0.6583482485297878,0,0,0,0,0,NA,0
21061,Edmonson County,"Edmonson County, Kentucky",KY,1,KY-02,BRETT GUTHRIE,REPUBLICAN,12355,5099,54937,15.316497212200721,1,2,13,6.615229441581751,661,265,66648.1006198416,2
21165,Menifee County,"Menifee County, Kentucky",KY,1,KY-05,HAROLD ROGERS,REPUBLICAN,6230,2478,45096,26.919339164237122,1,1,4,39.23636061492306,1793,730,42501.78841091007,2
22001,Acadia Parish,"Acadia Parish, Louisiana",LA,1,LA-03,CLAY HIGGINS,REPUBLICAN,56955,22099,45562,24.9777318559162,0.6168716131721551,8,57,14.149952904934654,3169,1170,60878.29031867732,3
22071,Orleans Parish,"Orleans Parish, Louisiana",LA,2,LA-01 / LA-02,STEVE SCALISE / TROY A. CARTER,REPUBLICAN / DEMOCRAT,371853,155821,56631,22.604137623375898,0.004304721130633833,0,0,0,0,0,NA,0
22103,St. Tammany Parish,"St. Tammany Parish, Louisiana",LA,1,LA-01,STEVE SCALISE,REPUBLICAN,272421,105082,81202,11.403195970491875,0.22982197528064408,58,345,127.75187343969714,38430,15318,81474.56237077512,3
22067,Morehouse Parish,"Morehouse Parish, Louisiana",LA,1,LA-05,JULIA LETLOW,REPUBLICAN,24551,9769,39454,29.276037256562237,0.5082133520621172,13,101,30.87955207261098,2688,992,48554.19363351933,5
22081,Red River Parish,"Red River Parish, Louisiana",LA,1,LA-04,MIKE JOHNSON,REPUBLICAN,7443,3100,49167,25.7675592317398,1,9,75,88.87090981500538,2623,1037,42341.83336350926,3
22039,Evangeline Parish,"Evangeline Parish, Louisiana",LA,1,LA-04,MIKE JOHNSON,REPUBLICAN,32060,12561,41915,24.256926132109257,0.7497063369397218,8,52,329.91662107944927,5675,2023,52715.528236164806,5
22043,Grant Parish,"Grant Parish, Louisiana",LA,1,LA-04,MIKE JOHNSON,REPUBLICAN,22095,7440,64016,17.037548462478092,1,11,114,124.32369192358952,5606,1869,63692.578778970346,3
22083,Richland Parish,"Richland Parish, Louisiana",LA,1,LA-05,JULIA LETLOW,REPUBLICAN,19822,7240,53544,24.04754324525098,1,5,37,15.180773981934612,1549,571,64327.45198020569,2
26135,Oscoda County,"Oscoda County, Michigan",MI,1,MI-01,JACK BERGMAN,REPUBLICAN,8425,3788,49515,17.208413001912046,1,3,28,4.324692557763344,440,207,51050.222803247605,3
27015,Brown County,"Brown County, Minnesota",MN,2,MN-01 / MN-07,BRAD FINSTAD / MICHELLE FISCHBACH,REPUBLICAN,25800,11027,69378,8.467660485597705,0.4815143562828033,5,21,4.7618024408890705,2088,882,63943.54613826017,0
28163,Yazoo County,"Yazoo County, Mississippi",MS,1,MS-02,BENNIE G. THOMPSON,DEMOCRAT,24835,8767,39295,30.75134787555028,0.4368619825748794,20,129,1107.0271540094286,11221,3471,57304.21897509336,3
28089,Madison County,"Madison County, Mississippi",MS,2,MS-02 / MS-03,BENNIE G. THOMPSON / MICHAEL GUEST,DEMOCRAT / REPUBLICAN,111647,43917,83441,11.167300311061794,0.25757478583535665,9,67,164.3305185238886,4265,1695,71545.17730376685,1
28101,Newton County,"Newton County, Mississippi",MS,1,MS-03,MICHAEL GUEST,REPUBLICAN,21093,7713,50540,24.681020733652314,1,11,74,328.6394954431292,7577,2809,49875.53347800124,6
29033,Carroll County,"Carroll County, Missouri",MO,1,MO-06,SAM GRAVES,REPUBLICAN,8411,3522,62154,13.69549506143098,1,11,80,1468.638278427621,4288,1870,64657.53109187782,1
29039,Cedar County,"Cedar County, Missouri",MO,1,MO-04,MARK ALFORD,REPUBLICAN,14615,5773,48181,16.984666620412128,1,7,50,211.04642197543282,3824,1639,46565.02880380394,3
29197,Schuyler County,"Schuyler County, Missouri",MO,1,MO-06,SAM GRAVES,REPUBLICAN,4038,1307,61205,8.559343120179149,1,4,31,6.914505737705991,650,205,64419.89867662686,0
30063,Missoula County,"Missoula County, Montana",MT,1,MT-01,RYAN K. ZINKE,REPUBLICAN,120672,52679,75598,10.126753880566664,0.2528196604535201,66,361,42.607224742635644,9509,4178,81388.0231638906,0
30097,Sweet Grass County,"Sweet Grass County, Montana",MT,1,MT-02,TROY DOWNING,REPUBLICAN,3720,1552,77000,7.861208999728924,1,3,14,2.8227007417988954,782,330,77000,0
30047,Lake County,"Lake County, Montana",MT,1,MT-01,RYAN K. ZINKE,REPUBLICAN,32561,12576,63360,17.239665828131308,0.8212886233699492,21,142,43.17692719362847,4470,1674,62233.86520114225,3
30069,Petroleum County,"Petroleum County, Montana",MT,1,MT-02,TROY DOWNING,REPUBLICAN,447,221,60208,8.053691275167786,1,1,6,0.35692640804083897,63,28,60208,0
30023,Deer Lodge County,"Deer Lodge County, Montana",MT,1,MT-01,RYAN K. ZINKE,REPUBLICAN,9597,4473,57527,16.289445048966268,0.28914128011888335,3,13,0.8062908451978501,94,36,61100.00000000001,1
31115,Loup County,"Loup County, Nebraska",NE,1,NE-03,ADRIAN SMITH,REPUBLICAN,578,244,71667,6.920415224913495,1,0,0,0,0,0,NA,0
31005,Arthur County,"Arthur County, Nebraska",NE,1,NE-03,ADRIAN SMITH,REPUBLICAN,484,185,76250,7.231404958677686,1,0,0,0,0,0,NA,0
32011,Eureka County,"Eureka County, Nevada",NV,1,NV-02,MARK E. AMODEI,REPUBLICAN,1585,622,70473,24.88917036098797,1,3,37,4.438826897770547,453,152,70473,0
35011,De Baca County,"De Baca County, New Mexico",NM,1,NM-01,MELANIE A. STANSBURY,DEMOCRAT,1576,820,NA,15.492957746478874,1,2,11,42.86338652482954,937,453,NA,1
36113,Warren County,"Warren County, New York",NY,1,NY-21,ELISE M. STEFANIK,CONSERVATIVE / REPUBLICAN,65517,30133,78442,10.473370946741893,0.3215540715274503,19,142,27.36920583792259,4752,2215,78842.30733438508,1
36017,Chenango County,"Chenango County, New York",NY,1,NY-19,JOSH RILEY,DEMOCRAT / WORKING FAMILIES,46321,19890,62948,11.80610539280373,0.8335874629394324,26,182,27.846239812575735,6479,2719,63428.5765328279,1
36051,Livingston County,"Livingston County, New York",NY,1,NY-24,CLAUDIA TENNEY,CONSERVATIVE / REPUBLICAN,61498,24473,74001,11.08706743371862,0.713782061648931,20,113,44.008514547511545,12490,5150,76479.7056893873,0
37193,Wilkes County,"Wilkes County, North Carolina",NC,1,NC-05,VIRGINIA FOXX,REPUBLICAN,65935,27107,51721,16.72806637359916,0.6984947475329322,4,24,3.7779200518772535,396,165,47039.10721324273,1
37159,Rowan County,"Rowan County, North Carolina",NC,1,NC-06,ADDISON MCDOWELL,REPUBLICAN,149875,58899,65725,15.993562305242612,0.4220731914893617,41,200,24.649646123922384,8720,3500,66220.05230472665,4
37089,Henderson County,"Henderson County, North Carolina",NC,1,NC-11,CHUCK EDWARDS,REPUBLICAN,118484,51067,68187,11.559691035237021,0.3427903096808593,31,144,16.164079929513523,3878,1751,78676.49481272453,0
37163,Sampson County,"Sampson County, North Carolina",NC,2,NC-03 / NC-07,GREGORY F. MURPHY / DAVID ROUZER,REPUBLICAN,59470,21607,52432,21.81746358889805,0.8422149197100075,12,63,92.3727707200433,4240,1735,50847.862554655185,3
37121,Mitchell County,"Mitchell County, North Carolina",NC,1,NC-11,CHUCK EDWARDS,REPUBLICAN,14992,6587,57602,12.918725974739154,1,10,60,4.949017140178778,746,338,65554.47352608442,0
38069,Pierce County,"Pierce County, North Dakota",ND,1,ND-AL,JULIE FEDORCHAK,REPUBLICAN,3928,1854,59365,10.803618946248005,1,3,23,4.421024320672489,1049,483,59460.71922149672,1
39067,Harrison County,"Harrison County, Ohio",OH,1,OH-06,MICHAEL A. RULLI,REPUBLICAN,14306,5948,54414,13.102613401694795,1,15,92,31.083267475159055,3436,1395,55316.57566439383,2
40145,Wagoner County,"Wagoner County, Oklahoma",OK,2,OK-01 / OK-02,KEVIN HERN / JOSH BRECHEEN,REPUBLICAN,86609,31379,81207,9.200181169939727,0.36394956841728304,12,85,294.9722836382717,6152,2604,61370.31518008134,1
40133,Seminole County,"Seminole County, Oklahoma",OK,1,OK-05,STEPHANIE I. BICE,REPUBLICAN,23494,8782,48062,21.73626083513002,0.7332739004924436,10,72,379.1765525633024,5232,1997,54533.54668605104,5
41017,Deschutes County,"Deschutes County, Oregon",OR,2,OR-02 / OR-05,CLIFF BENTZ / JANELLE S. BYNUM,REPUBLICAN / DEMOCRAT,206334,84933,92758,8.803032155520235,0.292414238372181,41,204,75.68620318171394,16748,7043,92611.4613863601,0
41031,Jefferson County,"Jefferson County, Oregon",OR,2,OR-02 / OR-05,CLIFF BENTZ / JANELLE S. BYNUM,REPUBLICAN / DEMOCRAT,25203,8814,76260,13.395457192778101,0.6699453105868909,1,4,0.6020443851252949,52,27,75870,0
41055,Sherman County,"Sherman County, Oregon",OR,1,OR-02,CLIFF BENTZ,REPUBLICAN,1938,804,60161,22.033023735810115,1,4,27,5.374755957031485,740,318,60161,0
42051,Fayette County,"Fayette County, Pennsylvania",PA,1,PA-14,GUY RESCHENTHALER,REPUBLICAN,125997,55182,58236,16.821700971256394,0.5510543150833825,10,47,113.49691623970975,4505,1718,55710.622967963864,2
42129,Westmoreland County,"Westmoreland County, Pennsylvania",PA,2,PA-14 / PA-12,GUY RESCHENTHALER / SUMMER L. LEE,REPUBLICAN / DEMOCRAT,352500,154979,74109,10.270551809948204,0.2648260461339356,15,66,39.89786169017255,6561,3094,72135.8270972278,0
42023,Cameron County,"Cameron County, Pennsylvania",PA,1,PA-15,GLENN THOMPSON,REPUBLICAN,4427,2216,50573,13.5122838944495,1,2,8,16.39127304642544,2508,1308,45662.800253107955,1
45055,Kershaw County,"Kershaw County, South Carolina",SC,1,SC-05,RALPH NORMAN,REPUBLICAN,68314,26897,68231,13.15866941418899,0.528125621148877,2,21,5.657954865327925,534,243,55253.298624083916,1
45027,Clarendon County,"Clarendon County, South Carolina",SC,1,SC-06,JAMES E. CLYBURN,DEMOCRAT,30986,12356,52401,15.429575323490658,0.8548034934497817,8,47,12.662954970717452,2393,954,57879.19199342067,0
45017,Calhoun County,"Calhoun County, South Carolina",SC,1,SC-06,JAMES E. CLYBURN,DEMOCRAT,14182,6179,58682,12.939147927293627,1,4,21,6.5767227342385235,1892,894,54393.543977405316,1
46079,Lake County,"Lake County, South Dakota",SD,1,SD-AL,DUSTY JOHNSON,REPUBLICAN,10972,4716,76808,8.359697056849775,0.4421737950990144,4,19,821.6838363988924,2446,1083,94574.31888543551,0
47001,Anderson County,"Anderson County, Tennessee",TN,1,TN-03,"CHARLES J. \""CHUCK\"" FLEISCHMANN",REPUBLICAN,79153,32755,66183,13.362129918881047,0.3652088222709179,2,15,11.298706617228952,2669,1121,70579.22893234254,1
47189,Wilson County,"Wilson County, Tennessee",TN,2,TN-05 / TN-06,ANDREW OGLES / JOHN W. ROSE,REPUBLICAN,158805,59139,95839,7.974173751837883,0.35238295078416376,3,23,28.48247617588698,1464,604,88051,0
47135,Perry County,"Perry County, Tennessee",TN,1,TN-07,MARK E. GREEN,REPUBLICAN,8697,3610,55972,18.06451612903226,1,1,8,5.54656366281276e-4,0,0,NA,0
47045,Dyer County,"Dyer County, Tennessee",TN,1,TN-08,DAVID KUSTOFF,REPUBLICAN,36508,14769,58154,16.31460298906237,0.5437623977609304,5,40,34.73235630386372,1112,438,62544.319505005245,1
47029,Cocke County,"Cocke County, Tennessee",TN,1,TN-01,DIANA HARSHBARGER,REPUBLICAN,36813,15509,48016,21.912889772695888,0.6789355259868329,2,20,0.1343076865607889,0,0,NA,0
47049,Fentress County,"Fentress County, Tennessee",TN,1,TN-06,JOHN W. ROSE,REPUBLICAN,19309,7831,51149,20.978615822184768,1,1,9,9.079922990662714,2076,879,31990,3
47085,Humphreys County,"Humphreys County, Tennessee",TN,1,TN-07,MARK E. GREEN,REPUBLICAN,19214,7241,60616,14.791288566243194,1,1,9,22.97528520461135,1412,494,79732,0
47185,White County,"White County, Tennessee",TN,1,TN-06,JOHN W. ROSE,REPUBLICAN,28160,11226,52188,13.17416942327053,0.7919271690248986,1,11,0.25043170643493295,0,0,NA,0
47127,Moore County,"Moore County, Tennessee",TN,1,TN-04,SCOTT DESJARLAIS,REPUBLICAN,6674,2739,66469,8.048780487804878,0.9989165763813651,3,16,18.71197733250466,417,178,63704.86477016716,0
48339,Montgomery County,"Montgomery County, Texas",TX,2,TX-08 / TX-02,MORGAN LUTTRELL / DAN CRENSHAW,REPUBLICAN,684432,247541,97701,9.442609067692322,0.2287623520613497,253,3392,375.65177365992685,149761,58596,103356.20243713321,2
48029,Bexar County,"Bexar County, Texas",TX,5,TX-23 / TX-28 / TX-20 / TX-21 / TX-35,TONY GONZALES / HENRY CUELLAR / JOAQUIN CASTRO / CHIP ROY / GREG CASAR,REPUBLICAN / DEMOCRAT,2067341,750939,72341,14.615024647909896,0.04707652922077276,27,356,37.90471097109681,12506,4455,130051.75137135846,1
48245,Jefferson County,"Jefferson County, Texas",TX,2,TX-14 / TX-36,"RANDY K. WEBER, SR. / BRIAN BABIN",REPUBLICAN,253878,94807,60026,19.48657277468021,0.09846955084474868,9,73,21.717980191443445,5159,1952,96543.52690110367,1
48457,Tyler County,"Tyler County, Texas",TX,1,TX-36,BRIAN BABIN,REPUBLICAN,20238,7145,55396,17.90209014802905,1,20,297,280.9235651592981,6640,2486,57462.18962889151,3
48157,Fort Bend County,"Fort Bend County, Texas",TX,3,TX-22 / TX-09 / TX-07,TROY E. NEHLS / AL GREEN / LIZZIE FLETCHER,REPUBLICAN / DEMOCRAT,893767,292713,114041,7.573170896724054,0.04798007727469952,76,833,106.91089120147501,82606,29828,127708.3634498582,1
48139,Ellis County,"Ellis County, Texas",TX,1,TX-06,JAKE ELLZEY,REPUBLICAN,213160,71759,99595,6.901871798645165,0.3069444805279156,26,323,610.2299193197925,15876,5710,78330.87782712768,0
48499,Wood County,"Wood County, Texas",TX,1,TX-05,LANCE GOODEN,REPUBLICAN,46961,18672,60300,12.503334222459323,0.8729121602033763,14,220,178.12480839699012,8120,3531,60890.0920762465,5
48041,Brazos County,"Brazos County, Texas",TX,1,TX-10,MICHAEL T. MCCAUL,REPUBLICAN,242311,91087,58553,24.266464055062684,0.11850382084165423,7,68,1.640411964509601,973,320,80831.79111743475,0
48459,Upshur County,"Upshur County, Texas",TX,2,TX-05 / TX-01,LANCE GOODEN / NATHANIEL MORAN,REPUBLICAN,42567,15583,66208,12.358022334637777,0.8069059962828915,13,211,76.69759057225646,6090,2345,65292.09960806543,3
48343,Morris County,"Morris County, Texas",TX,1,TX-01,NATHANIEL MORAN,REPUBLICAN,12076,4895,58645,19.46087544363698,1,9,148,133.40580904898346,6981,2853,59475.68620619187,4
48393,Roberts County,"Roberts County, Texas",TX,1,TX-13,RONNY JACKSON,REPUBLICAN,832,323,67868,5.649038461538462,1,1,13,2.783653802561152,310,121,67868,0
48289,Leon County,"Leon County, Texas",TX,1,TX-17,PETE SESSIONS,REPUBLICAN,16263,6741,61449,16.399925848112215,1,15,226,92.63778072842933,3951,1647,52790.65178818411,2
48349,Navarro County,"Navarro County, Texas",TX,1,TX-06,JAKE ELLZEY,REPUBLICAN,54711,19044,63111,17.11686309893043,0.5367132867132867,24,326,875.8955117547649,13242,5002,62703.69573823623,0
48185,Grimes County,"Grimes County, Texas",TX,1,TX-10,MICHAEL T. MCCAUL,REPUBLICAN,31340,10255,69803,14.56667387075859,0.7451824518245183,18,216,657.0263348481752,12626,4216,76106.80624190278,2
48467,Van Zandt County,"Van Zandt County, Texas",TX,1,TX-05,LANCE GOODEN,REPUBLICAN,62649,22682,69475,11.097468374880851,1,21,406,573.8834717514259,20815,7849,64925.54415351999,2
48125,Dickens County,"Dickens County, Texas",TX,1,TX-13,RONNY JACKSON,REPUBLICAN,1747,727,49335,17.984768599882834,1,6,112,348.9817759627876,1057,434,49335,1
48105,Crockett County,"Crockett County, Texas",TX,1,TX-23,TONY GONZALES,REPUBLICAN,2822,1225,81022,9.324177809902421,1,0,0,0,0,0,NA,0
48415,Scurry County,"Scurry County, Texas",TX,1,TX-19,JODEY C. ARRINGTON,REPUBLICAN,16488,5876,60039,11.596189431841546,0.3180368532955351,5,60,197.18454550818325,1436,511,68681.54240066202,1
48379,Rains County,"Rains County, Texas",TX,1,TX-04,PAT FALLON,REPUBLICAN,12775,4856,65413,9.986611010474915,1,6,112,67.84564209525828,1972,802,61507.67230191794,1
48261,Kenedy County,"Kenedy County, Texas",TX,1,TX-34,VICENTE GONZALEZ,DEMOCRAT,145,55,38882,15.277777777777779,1,4,72,956.8795917666594,89,14,38882,0
49011,Davis County,"Davis County, Utah",UT,2,UT-02 / UT-01,CELESTE MALOY / BLAKE D. MOORE,REPUBLICAN,370924,115919,110884,6.426738014443575,0.00836552433419084,3,12,2.8824247401638363,4874,1483,80928.90196990165,0
49015,Emery County,"Emery County, Utah",UT,1,UT-03,MIKE KENNEDY,REPUBLICAN,10046,3453,74291,12.488696875313975,1,11,77,273.8348739093237,7031,2471,74987.80042568181,0
49051,Wasatch County,"Wasatch County, Utah",UT,1,UT-03,MIKE KENNEDY,REPUBLICAN,36642,12880,117608,4.74931129476584,0.27860181671840867,22,192,224.55897235435998,7000,2860,137165.61645940208,0
49007,Carbon County,"Carbon County, Utah",UT,1,UT-03,MIKE KENNEDY,REPUBLICAN,20517,8123,58377,17.011380504700643,0.34616892024299434,3,24,47.81762660652574,4222,1640,65228.20690409492,1
49013,Duchesne County,"Duchesne County, Utah",UT,1,UT-03,MIKE KENNEDY,REPUBLICAN,20185,6878,78445,11.804995970991136,0.6804960195958358,14,101,1657.7882067563883,9614,3442,79845.54640250094,0
49055,Wayne County,"Wayne County, Utah",UT,1,UT-02,CELESTE MALOY,REPUBLICAN,2584,1156,76607,10.583657587548638,1,9,68,54.633575280657226,1352,628,76607,0
51109,Louisa County,"Louisa County, Virginia",VA,1,VA-05,JOHN J. MCGUIRE III,REPUBLICAN,39980,15561,86689,10.02866770608057,1,9,95,13.598031854451872,3163,1322,82095.6475844444,0
51023,Botetourt County,"Botetourt County, Virginia",VA,1,VA-06,BEN CLINE,REPUBLICAN,34004,13220,81213,6.158654561690728,0.5943862364567211,20,234,97.82713532621715,10312,3863,83746.83441889552,0
51061,Fauquier County,"Fauquier County, Virginia",VA,1,VA-10,SUHAS SUBRAMANYAM,DEMOCRAT,74577,26720,130189,6.760255684116838,0.5745628460231321,17,221,31.587314534482548,6295,2299,106368.18765487139,0
51009,Amherst County,"Amherst County, Virginia",VA,1,VA-05,JOHN J. MCGUIRE III,REPUBLICAN,31485,12694,68724,10.772550429921209,0.623662439709969,2,13,9.610174612321991,1743,720,85836.73426791532,0
51161,Roanoke County,"Roanoke County, Virginia",VA,2,VA-06 / VA-09,BEN CLINE / H. MORGAN GRIFFITH,REPUBLICAN,97023,39725,83709,7.260391236802891,0.19410083669490039,7,104,2.7486485183873226,980,386,90747.42125319623,0
51175,Southampton County,"Southampton County, Virginia",VA,2,VA-04 / VA-02,JENNIFER L. MCCLELLAN / JENNIFER A. KIGGANS,DEMOCRAT / REPUBLICAN,17964,6868,70795,8.716323296354991,0.9824405423427428,19,134,66.1686810260571,4252,1689,71616.59767948382,0
51113,Madison County,"Madison County, Virginia",VA,1,VA-07,EUGENE S. VINDMAN,DEMOCRAT,14044,5482,84323,10.764975616857122,1,6,47,5.401267143045345,553,232,86797.632342203,0
53017,Douglas County,"Douglas County, Washington",WA,2,WA-04 / WA-08,DAN NEWHOUSE / KIM SCHRIER,REPUBLICAN / DEMOCRAT,44366,15923,80363,8.262036952762356,0.25380781592062973,20,82,18.25770560586691,3712,1432,71051.89992044588,1
54039,Kanawha County,"Kanawha County, West Virginia",WV,1,WV-01,CAROL D. MILLER,REPUBLICAN,176537,76459,60943,15.748213183504179,0.29376746244709395,3,19,4.3561360244436,556,200,52020.07506415043,2
54109,Wyoming County,"Wyoming County, West Virginia",WV,1,WV-01,CAROL D. MILLER,REPUBLICAN,20629,8068,48440,22.577194262095794,1,7,68,25.4156548043587,2593,946,49093.071136053775,2
54025,Greenbrier County,"Greenbrier County, West Virginia",WV,1,WV-01,CAROL D. MILLER,REPUBLICAN,32386,14788,48218,21.815653932442252,0.7808472571792462,8,52,22.854346162901702,5136,2257,41133.525947219416,8
54041,Lewis County,"Lewis County, West Virginia",WV,1,WV-02,RILEY MOORE,REPUBLICAN,16740,6967,56477,16.117348786671496,0.7399166324194211,5,26,9.085801859933424,1320,538,63675.8128322075,1
55057,Juneau County,"Juneau County, Wisconsin",WI,2,WI-03 / WI-07,DERRICK VAN ORDEN / THOMAS P. TIFFANY,REPUBLICAN,26689,10955,67270,13.009478672985782,1,14,67,27.848977733890596,4060,1607,64097.18133245934,1
55035,Eau Claire County,"Eau Claire County, Wisconsin",WI,1,WI-03,DERRICK VAN ORDEN,REPUBLICAN,107116,44726,74546,11.797834494925507,0.2372717812884306,10,38,11.2673355018238,2518,937,80549.15739490428,0
56013,Fremont County,"Fremont County, Wyoming",WY,1,WY-AL,HARRIET M. HAGEMAN,REPUBLICAN,39533,15037,64904,12.815191449621251,0.5358362644644951,20,148,12.632972663901898,2796,1140,65066.65163782657,2
08033,Dolores County,"Dolores County, Colorado",CO,1,CO-03,JEFF HURD,REPUBLICAN,2432,1254,64907,21.62828947368421,1,2,15,2.9300914825220583,588,317,64907,1
01073,Jefferson County,"Jefferson County, Alabama",AL,2,AL-07 / AL-06,TERRI A. SEWELL / GARY J. PALMER,DEMOCRAT / REPUBLICAN,667755,269883,66388,15.704486754482986,0.1207091523755745,3,19,18.802208641883972,2707,951,80008.91228525412,2
09170,South Central Connecticut Planning Region,"South Central Connecticut Planning Region, Connecticut",CT,3,CT-03 / CT-02 / CT-05,ROSA L. DELAURO / JOE COURTNEY / JAHANA HAYES,DEMOCRAT,570598,230673,88197,11.406611753622425,NA,8,66,2.2519796345301537,0,0,NA,0
09180,Southeastern Connecticut Planning Region,"Southeastern Connecticut Planning Region, Connecticut",CT,1,CT-02,JOE COURTNEY,DEMOCRAT,279971,115768,86586,10.653203208039423,NA,74,538,63.02371865420737,0,0,NA,0
06109,Tuolumne County,"Tuolumne County, California",CA,1,CA-05,TOM MCCLINTOCK,REPUBLICAN,54498,22690,77404,10.438559075574858,0.4783710895361381,44,194,80.5042499685503,12232,5249,83247.69217913128,2
12103,Pinellas County,"Pinellas County, Florida",FL,2,FL-13 / FL-14,ANNA PAULINA LUNA / KATHY CASTOR,REPUBLICAN / DEMOCRAT,963481,428473,72646,11.53971997005503,0.0019048969510179782,2,11,0.08499086007984474,45,20,71528,0
12057,Hillsborough County,"Hillsborough County, Florida",FL,3,FL-16 / FL-15 / FL-14,VERN BUCHANAN / LAUREL M. LEE / KATHY CASTOR,REPUBLICAN / DEMOCRAT,1522748,583192,79540,12.71356504830202,0.03672310965760172,108,342,78.92973945206073,49862,19610,76418.42532403368,13
12075,Levy County,"Levy County, Florida",FL,1,FL-03,KAT CAMMACK,REPUBLICAN,45391,18562,56750,17.39275246469491,1,12,74,77.58669337108064,9466,4138,51891.80157128442,4
12086,Miami-Dade County,"Miami-Dade County, Florida",FL,4,FL-28 / FL-26 / FL-27 / FL-24,CARLOS A. GIMENEZ / MARIO DIAZ-BALART / MARIA ELVIRA SALAZAR / FREDERICA S. WILSON,REPUBLICAN / DEMOCRAT,2738356,975411,71753,14.724289505285162,0.008635459682496677,9,22,19.381225137476086,10607,3942,74979.85909146625,0
12071,Lee County,"Lee County, Florida",FL,2,FL-19 / FL-17,BYRON DONALDS / W. GREGORY STEUBE,REPUBLICAN,817666,327803,76107,12.001218322072143,0.039279884125327603,15,69,16.14073902176218,6787,2881,78661.9386879402,1
12113,Santa Rosa County,"Santa Rosa County, Florida",FL,1,FL-01,MATT GAETZ,REPUBLICAN,198472,72605,91922,8.757790338944448,0.19902659574468085,6,44,91.59082755898822,3730,1368,69034.79105431976,2
01043,Cullman County,"Cullman County, Alabama",AL,1,AL-04,ROBERT B. ADERHOLT,REPUBLICAN,90566,35347,62656,15.31329495247021,0.7559920788473358,2,9,7.616026314952649,645,265,56881.12433204106,0
12037,Franklin County,"Franklin County, Florida",FL,1,FL-02,NEAL P. DUNN,REPUBLICAN,12553,4949,64105,16.494184449125378,1,4,29,17.144404213519305,3164,1299,70759.19477458285,0
12073,Leon County,"Leon County, Florida",FL,1,FL-02,NEAL P. DUNN,REPUBLICAN,297542,122597,66287,18.668280611532303,0.13437463637670347,20,79,23.571750908156204,8217,3288,68082.01478336881,5
13051,Chatham County,"Chatham County, Georgia",GA,1,GA-01,"EARL L. \""BUDDY\"" CARTER",REPUBLICAN,300879,120383,71097,14.32516923247737,0.030166852359198214,52,209,53.31524654768693,21740,8762,88141.83803014676,2
13185,Lowndes County,"Lowndes County, Georgia",GA,1,GA-08,AUSTIN SCOTT,REPUBLICAN,119965,46106,58541,19.17824836238866,0.35079618777008226,53,211,40.5087992078766,10952,4224,66532.42137172118,6
13027,Brooks County,"Brooks County, Georgia",GA,1,GA-08,AUSTIN SCOTT,REPUBLICAN,16293,6052,46807,25.4278728606357,1,11,45,11.289474964003462,1891,649,57494.757320273624,2
13049,Charlton County,"Charlton County, Georgia",GA,1,GA-01,"EARL L. \""BUDDY\"" CARTER",REPUBLICAN,12818,4215,61276,18.07881773399015,1,2,7,0.3398868398321364,131,31,56952.30598719258,0
17197,Will County,"Will County, Illinois",IL,4,IL-01 / IL-14 / IL-02 / IL-11,JONATHAN L. JACKSON / LAUREN UNDERWOOD / ROBIN L. KELLY / BILL FOSTER,DEMOCRAT,701462,244273,109984,7.331784198828046,0.04874812416080878,27,225,27.23757403422467,19482,7265,100698.27855724325,0
13245,Richmond County,"Richmond County, Georgia",GA,1,GA-12,RICK W. ALLEN,REPUBLICAN,206069,76694,55637,20.02917066874012,0.08333212330656754,4,16,5.75860206816217,1424,504,59371.64311358076,0
13241,Rabun County,"Rabun County, Georgia",GA,1,GA-09,ANDREW S. CLYDE,REPUBLICAN,17312,7615,67493,13.126938608298707,1,13,65,29.556115385791113,1469,682,62159.86240218694,1
13153,Houston County,"Houston County, Georgia",GA,2,GA-08 / GA-02,"AUSTIN SCOTT / SANFORD D. BISHOP, JR.",REPUBLICAN / DEMOCRAT,169649,63851,80698,11.057313432835821,0.08977406757805577,3,14,5.526199049732672,1038,409,67723.20723050841,0
16041,Franklin County,"Franklin County, Idaho",ID,1,ID-02,MICHAEL K. SIMPSON,REPUBLICAN,15056,4932,71950,7.880781365375579,1,13,89,107.58920690383523,1808,628,72111.23838950167,0
01033,Colbert County,"Colbert County, Alabama",AL,1,AL-04,ROBERT B. ADERHOLT,REPUBLICAN,58022,24301,60628,17.362756026194788,0.4029566463382669,5,41,15.222448221141438,1569,672,54735.762787239284,1
04001,Apache County,"Apache County, Arizona",AZ,1,AZ-02,ELIJAH CRANE,REPUBLICAN,65341,21100,41438,30.52918080996105,1,14,102,61.702520980522515,3806,1350,67830.98315591215,3
05007,Benton County,"Benton County, Arkansas",AR,1,AR-03,STEVE WOMACK,REPUBLICAN,303632,111919,93506,7.555662165718836,0.24004248539564524,21,117,269.0066220950067,12620,4833,87560.8526025746,0
05139,Union County,"Union County, Arkansas",AR,1,AR-04,BRUCE WESTERMAN,REPUBLICAN,37900,15002,55259,19.549235309900723,0.5212270189993342,24,120,497.52487150692804,14859,6005,57400.26543590711,7
05003,Ashley County,"Ashley County, Arkansas",AR,1,AR-04,BRUCE WESTERMAN,REPUBLICAN,18429,7356,44266,22.14746745432666,0.6231245409715664,9,36,262.51027083169396,5526,1988,38960.465206421904,5
05133,Sevier County,"Sevier County, Arkansas",AR,1,AR-04,BRUCE WESTERMAN,REPUBLICAN,15712,5622,53527,17.28165308348842,0.6278805480143949,5,18,24.225125709142887,1398,527,53157.13908600736,1
05131,Sebastian County,"Sebastian County, Arkansas",AR,2,AR-03 / AR-04,STEVE WOMACK / BRUCE WESTERMAN,REPUBLICAN,128900,52181,57790,15.966909592278904,0.19674645341512845,13,55,43.01878220229549,4507,1750,65693.77838758359,3
05015,Carroll County,"Carroll County, Arkansas",AR,1,AR-03,STEVE WOMACK,REPUBLICAN,28626,11347,54230,17.179278929340725,0.8210544939844303,18,60,68.79152931089428,4453,1909,58464.61061083814,2
05021,Clay County,"Clay County, Arkansas",AR,1,AR-01,"ERIC A. \""RICK\"" CRAWFORD",REPUBLICAN,14280,6021,51481,17.19126612788884,1,13,64,110.19734083184716,3178,1332,51699.442161989886,1
05041,Desha County,"Desha County, Arkansas",AR,1,AR-01,"ERIC A. \""RICK\"" CRAWFORD",REPUBLICAN,10786,4610,37662,28.329116296504544,0.6219394471259324,12,46,280.95540234194783,3143,1287,39729.560214712474,6
05063,Independence County,"Independence County, Arkansas",AR,1,AR-01,"ERIC A. \""RICK\"" CRAWFORD",REPUBLICAN,38175,14638,56609,20.39339693429092,0.7123464600137066,12,63,406.58230700396604,7693,3152,59018.490656340895,2
06059,Orange County,"Orange County, California",CA,6,CA-40 / CA-47 / CA-49 / CA-45 / CA-46 / CA-38,YOUNG KIM / DAVE MIN / MIKE LEVIN / DEREK TRAN / J. LUIS CORREA / LINDA T. SáNCHEZ,REPUBLICAN / DEMOCRAT,3165820,1082960,116289,9.497028529824425,0.0024982828619741076,10,77,2.8192021164059966,8884,2929,105725.72866070535,0
05019,Clark County,"Clark County, Arkansas",AR,1,AR-04,BRUCE WESTERMAN,REPUBLICAN,21125,8121,52034,21.552142279708974,0.5297025086263173,12,44,736.7422486324459,8791,3472,53384.09220813908,5
06037,Los Angeles County,"Los Angeles County, California",CA,17,CA-27 / CA-28 / CA-23 / CA-32 / CA-42 / CA-31 / CA-30 / CA-38 / CA-29 / CA-36 / CA-44 / CA-43 / CA-37 / CA-34 / CA-26 / CA-35 / CA-45,GEORGE WHITESIDES / JUDY CHU / JAY OBERNOLTE / BRAD SHERMAN / ROBERT GARCIA / GIL CISNEROS / LAURA FRIEDMAN / LINDA T. SáNCHEZ / LUZ MARIA RIVAS / TED LIEU / NANETTE DIAZ BARRAGáN / MAXINE WATERS / SYDNEY KAMLAGER-DOVE / JIMMY GOMEZ / JULIA BROWNLEY / NORMA J. TORRES / DEREK TRAN,DEMOCRAT / REPUBLICAN,9808667,3416449,90112,13.735928547825411,0.008909518655315769,89,750,3333.4784601267356,917081,284444,104271.60405422255,21
06087,Santa Cruz County,"Santa Cruz County, California",CA,2,CA-19 / CA-18,JIMMY PANETTA / ZOE LOFGREN,DEMOCRAT,264926,96898,111093,11.619784932673205,0.13293165128977594,49,206,93.03582727846933,11685,4239,138545.82009510766,0
06097,Sonoma County,"Sonoma County, California",CA,2,CA-02 / CA-04,JARED HUFFMAN / MIKE THOMPSON,DEMOCRAT,485040,190998,104674,8.89142699646289,0.13632244616589925,111,502,143.42695069089675,29521,12295,110805.87330287804,1
06041,Marin County,"Marin County, California",CA,1,CA-02,JARED HUFFMAN,DEMOCRAT,257969,103018,149091,8.307603736607794,0.06012862104063342,13,84,51.90309756174046,3660,1507,106501.26477316633,0
06001,Alameda County,"Alameda County, California",CA,4,CA-14 / CA-12 / CA-17 / CA-10,ERIC SWALWELL / LATEEFAH SIMON / RO KHANNA / MARK DESAULNIER,DEMOCRAT,1649473,598246,129367,9.21508736291826,0.004905629199103874,7,53,1101.6537017282692,240398,83051,184951.87349889879,0
06003,Alpine County,"Alpine County, California",CA,1,CA-03,KEVIN KILEY,REPUBLICAN,1616,435,105521,9.962871287128714,1,3,10,3.21730019876916,259,94,105521.00000000001,0
06061,Placer County,"Placer County, California",CA,1,CA-03,KEVIN KILEY,REPUBLICAN,419156,157954,115998,6.755544006794521,0.14581248656541623,40,154,119.3949169590285,15603,6487,114830.45637590239,0
06057,Nevada County,"Nevada County, California",CA,1,CA-03,KEVIN KILEY,REPUBLICAN,102481,42865,89882,11.01026823547961,0.4820473195684706,18,60,43.401840365418444,3526,1482,82297.67673896765,1
08077,Mesa County,"Mesa County, Colorado",CO,1,CO-03,JEFF HURD,REPUBLICAN,158601,65830,73658,10.723258223258224,0.1267156059934619,6,68,14.391914120765954,3590,1715,85051.03586240915,1
08123,Weld County,"Weld County, Colorado",CO,4,CO-04 / CO-08 / CO-02 / CO-07,LAUREN BOEBERT / GABE EVANS / JOE NEGUSE / BRITTANY PETTERSEN,REPUBLICAN / DEMOCRAT,350396,124287,97097,9.577015858639518,0.2001361780771534,16,62,25.878382442178417,8783,3366,87503.02318831174,2
08083,Montezuma County,"Montezuma County, Colorado",CO,1,CO-03,JEFF HURD,REPUBLICAN,26412,11269,65244,13.254911006035444,0.6662153274788193,6,29,6.808374311613006,1602,786,73704.96519983934,0
21147,McCreary County,"McCreary County, Kentucky",KY,1,KY-05,HAROLD ROGERS,REPUBLICAN,16867,5861,33750,38.85646059962855,1,1,3,2.8161143807798554,16,7,29420,1
37167,Stanly County,"Stanly County, North Carolina",NC,1,NC-08,MARK HARRIS,REPUBLICAN,64651,25240,60704,15.246880086814976,0.7282093945987457,6,25,65.94745744921168,7829,3429,67013.32821759293,0
37007,Anson County,"Anson County, North Carolina",NC,1,NC-08,MARK HARRIS,REPUBLICAN,22289,8548,47302,21.725224133753333,0.7776921333031058,5,19,39.99732844939544,2376,1004,54785.421924307724,2
37155,Robeson County,"Robeson County, North Carolina",NC,2,NC-08 / NC-07,MARK HARRIS / DAVID ROUZER,REPUBLICAN,116902,43134,41978,27.2287052472811,0.7601476014760148,10,72,25.671775526995003,8947,3109,35741.01978453125,13
01099,Monroe County,"Monroe County, Alabama",AL,1,AL-02,SHOMARI FIGURES,DEMOCRAT,19388,7363,42292,20.093847758081335,0.7833299615618046,3,20,16.02178602528174,1364,473,49127.11315050382,2
21135,Lewis County,"Lewis County, Kentucky",KY,1,KY-04,THOMAS MASSIE,REPUBLICAN,12965,5019,46838,22.025573054732575,1,3,26,75.73331262892451,2450,947,57787.26712117727,1
22057,Lafourche Parish,"Lafourche Parish, Louisiana",LA,3,LA-01 / LA-03 / LA-02,STEVE SCALISE / CLAY HIGGINS / TROY A. CARTER,REPUBLICAN / DEMOCRAT,96252,37762,63135,16.96989710049213,0.2336787724099757,1,6,13.3038673609717,1217,447,61017.79748233096,0
22117,Washington Parish,"Washington Parish, Louisiana",LA,1,LA-05,JULIA LETLOW,REPUBLICAN,45120,17716,45380,24.317382450944095,0.7576270813628665,7,51,5.0209340826618325,597,201,40377.45648294289,2
22029,Concordia Parish,"Concordia Parish, Louisiana",LA,1,LA-05,JULIA LETLOW,REPUBLICAN,18174,6778,39943,31.82484319127733,0.34136030395462086,3,19,6.155897606898656,1183,473,41685.05192400742,1
22035,East Carroll Parish,"East Carroll Parish, Louisiana",LA,1,LA-05,JULIA LETLOW,REPUBLICAN,7072,2617,33341,35.224274406332455,1,3,25,0.47644950731514674,52,11,47562.3574461664,1
22011,Beauregard Parish,"Beauregard Parish, Louisiana",LA,1,LA-04,MIKE JOHNSON,REPUBLICAN,36676,13747,65944,14.34525485778654,0.7297053270951326,6,46,7.288076339868705,1486,593,62569.53891382756,1
23031,York County,"York County, Maine",ME,1,ME-01,CHELLIE PINGREE,DEMOCRAT,216731,91413,88333,7.653610874310285,0.5197903496688242,33,239,32.08586739075454,6658,2914,86865.85155506976,0
23029,Washington County,"Washington County, Maine",ME,1,ME-02,JARED F. GOLDEN,DEMOCRAT,31331,14187,56024,17.088274044795785,1,19,128,34.62294663620107,6699,3067,56481.166070466024,5
23003,Aroostook County,"Aroostook County, Maine",ME,1,ME-02,JARED F. GOLDEN,DEMOCRAT,67058,29932,56700,14.401507722481,0.8563147306460025,22,167,68.36864809018394,9044,4087,56044.38720220618,7
24041,Talbot County,"Talbot County, Maryland",MD,1,MD-01,ANDY HARRIS,REPUBLICAN,37917,16433,84811,9.325539808364693,0.5194531791291371,7,48,11.884925531627148,3457,1683,83749.54631533008,0
24037,St. Mary's County,"St. Mary's County, Maryland",MD,1,MD-05,STENY H. HOYER,DEMOCRAT,115126,42436,119446,7.9813750144396955,0.5674433321321533,35,178,33.83327347468842,11064,4105,124001.56806131233,1
24039,Somerset County,"Somerset County, Maryland",MD,1,MD-01,ANDY HARRIS,REPUBLICAN,24822,8348,64943,16.35878592641063,0.5972786352558895,7,57,35.71365802747124,7396,2499,67582.86397878554,1
01131,Wilcox County,"Wilcox County, Alabama",AL,1,AL-07,TERRI A. SEWELL,DEMOCRAT,10172,3860,40640,28.20307013143373,1,2,13,12.580757258799027,633,214,44289.91349647702,3
24011,Caroline County,"Caroline County, Maryland",MD,1,MD-01,ANDY HARRIS,REPUBLICAN,33669,12495,68457,12.162039967447328,0.849547953023158,18,96,15.654852934331279,5984,2260,60709.326921052394,2
24033,Prince George's County,"Prince George's County, Maryland",MD,3,MD-05 / MD-04 / MD-08,STENY H. HOYER / GLENN IVEY / JAMIE RASKIN,DEMOCRAT,959754,347744,101798,10.842965928784244,0.024345508327638207,3,17,3.134506254970933,724,285,136722.583741945,0
24001,Allegany County,"Allegany County, Maryland",MD,1,MD-06,APRIL MCCLAIN DELANEY,DEMOCRAT,67452,27382,59603,16.851782179837404,0.3498517017590227,14,67,12.5182326654903,5126,2138,58315.57274589273,1
01065,Hale County,"Hale County, Alabama",AL,1,AL-07,TERRI A. SEWELL,DEMOCRAT,14829,5642,39250,24.584899214212506,1,2,28,3.528065466235782,349,118,53780.25019707611,0
36063,Niagara County,"Niagara County, New York",NY,3,NY-24 / NY-26 / NY-23,CLAUDIA TENNEY / TIMOTHY M. KENNEDY / NICHOLAS A. LANGWORTHY,CONSERVATIVE / REPUBLICAN / DEMOCRAT / WORKING FAMILIES,210721,91884,69633,13.532287359431155,0.29972351010504733,6,16,18.410986382151503,6673,3156,73092.73071341,0
37129,New Hanover County,"New Hanover County, North Carolina",NC,1,NC-07,DAVID ROUZER,REPUBLICAN,235229,104856,75166,12.293758459656956,0.01710662732275301,11,61,13.067675715796288,6820,3132,82835.25320902148,1
37141,Pender County,"Pender County, North Carolina",NC,1,NC-07,DAVID ROUZER,REPUBLICAN,65550,25291,80396,9.733962234779495,0.6100858761191302,6,34,105.86245438863882,2422,1071,83292.49084031457,0
37133,Onslow County,"Onslow County, North Carolina",NC,1,NC-03,GREGORY F. MURPHY,REPUBLICAN,207906,75265,68148,11.59210590013501,0.36266717503519474,7,39,36.18258980560388,10314,3893,75514.23049010156,0
37043,Clay County,"Clay County, North Carolina",NC,1,NC-11,CHUCK EDWARDS,REPUBLICAN,11610,5081,56971,12.884905492945249,1,5,35,7.096851939798986,1090,458,55619.42726707386,1
37113,Macon County,"Macon County, North Carolina",NC,1,NC-11,CHUCK EDWARDS,REPUBLICAN,37941,18406,59061,11.603786161845088,0.7471767439347274,22,144,18.971410187025736,1501,765,60207.822064582615,0
37175,Transylvania County,"Transylvania County, North Carolina",NC,1,NC-11,CHUCK EDWARDS,REPUBLICAN,33691,14584,66184,13.209105929869652,0.6041047717213364,17,106,51.507374493257785,2092,907,72605.9332694535,0
37049,Craven County,"Craven County, North Carolina",NC,1,NC-03,GREGORY F. MURPHY,REPUBLICAN,102612,42871,65873,13.699593384083892,0.35376290706910246,6,33,14.800078464818053,4070,1833,63245.76424326393,3
37137,Pamlico County,"Pamlico County, North Carolina",NC,1,NC-03,GREGORY F. MURPHY,REPUBLICAN,12390,5456,59717,15.150992234685074,1,1,8,2.8819920486048574,721,399,60778.25439589898,0
37177,Tyrrell County,"Tyrrell County, North Carolina",NC,1,NC-01,DONALD G. DAVIS,DEMOCRAT,3423,1547,41685,18.708388814913448,1,2,21,245.26947399977524,2852,1359,41685,1
37053,Currituck County,"Currituck County, North Carolina",NC,1,NC-01,DONALD G. DAVIS,DEMOCRAT,30601,11845,93511,7.5030426630702935,0.9588256227758007,5,33,4.384264938384874,1391,580,120258.17607979887,1
37131,Northampton County,"Northampton County, North Carolina",NC,1,NC-01,DONALD G. DAVIS,DEMOCRAT,16931,7857,50086,21.106108542224387,0.8835212638085971,13,81,308.36107452277224,6770,3014,47151.472884250565,6
37075,Graham County,"Graham County, North Carolina",NC,1,NC-11,CHUCK EDWARDS,REPUBLICAN,8072,3524,49684,6.696935300794552,1,10,65,7.3863738164371515,1468,661,52093.016832453184,1
38077,Richland County,"Richland County, North Dakota",ND,1,ND-AL,JULIE FEDORCHAK,REPUBLICAN,16584,6849,75432,9.683144885616619,0.5218101518543167,15,55,16.291924074695242,1645,671,84491.57797180525,0
38105,Williams County,"Williams County, North Dakota",ND,1,ND-AL,JULIE FEDORCHAK,REPUBLICAN,39555,15154,85595,8.64304898324594,0.27936507936507937,8,40,1419.5112711069187,3931,1293,88376.9569680933,0
38099,Walsh County,"Walsh County, North Dakota",ND,1,ND-AL,JULIE FEDORCHAK,REPUBLICAN,10396,4400,71944,11.222189552092521,1,5,40,2351.0463395713173,8530,3554,69675.06139682546,0
38067,Pembina County,"Pembina County, North Dakota",ND,1,ND-AL,JULIE FEDORCHAK,REPUBLICAN,6727,2973,68393,9.248819137589518,1,8,29,79.41097971750864,2278,989,74355.27955044602,0
38085,Sioux County,"Sioux County, North Dakota",ND,1,ND-AL,JULIE FEDORCHAK,REPUBLICAN,3740,1112,42083,43.29051653457229,1,0,0,0,0,0,NA,0
39043,Erie County,"Erie County, Ohio",OH,1,OH-09,MARCY KAPTUR,DEMOCRAT,74581,32482,71993,12.969059490471963,0.2818888683187432,4,24,14.227239063795167,3296,1419,86889.65425791281,0
40065,Jackson County,"Jackson County, Oklahoma",OK,1,OK-03,FRANK D. LUCAS,REPUBLICAN,24678,9775,62799,16.15549665530733,0.23865241073229776,11,85,1322.2776199104846,6601,2546,79581.46029682885,1
40141,Tillman County,"Tillman County, Oklahoma",OK,1,OK-04,TOM COLE,REPUBLICAN,6910,2668,48939,21.011269276393833,1,9,74,1193.787787357703,2274,882,48037.123602442305,2
40067,Jefferson County,"Jefferson County, Oklahoma",OK,1,OK-04,TOM COLE,REPUBLICAN,5380,2163,48668,23.132760267430754,1,6,52,33.69045396672767,1871,768,48894.525657242106,3
40023,Choctaw County,"Choctaw County, Oklahoma",OK,1,OK-02,JOSH BRECHEEN,REPUBLICAN,14297,5923,44081,23.193348966105308,0.6485497043086454,8,57,304.3019683293281,3801,1576,47844.8312212035,5
40135,Sequoyah County,"Sequoyah County, Oklahoma",OK,1,OK-02,JOSH BRECHEEN,REPUBLICAN,39860,15454,51093,20.19377479401892,0.8087370484458135,16,124,579.5698175918781,18011,6988,52792.800156599296,5
40089,McCurtain County,"McCurtain County, Oklahoma",OK,1,OK-02,JOSH BRECHEEN,REPUBLICAN,30863,11143,51929,21.198005511087782,0.8207632894139028,12,42,514.0749245634482,6202,2191,50728.7911328637,3
02130,Ketchikan Gateway Borough,"Ketchikan Gateway Borough, Alaska",AK,1,AK-AL,NICK BEGICH,REPUBLICAN,13768,5732,92885,8.693730199661092,0.14145397189561226,3,17,1.6217320330292566,0,0,NA,0
02185,North Slope Borough,"North Slope Borough, Alaska",AK,1,AK-AL,NICK BEGICH,REPUBLICAN,10810,2281,95694,11.07139497695419,1,7,45,34.942057554453214,0,0,NA,0
02290,Yukon-Koyukuk Census Area,"Yukon-Koyukuk Census Area, Alaska",AK,1,AK-AL,NICK BEGICH,REPUBLICAN,5195,2296,55741,16.020170674941816,1,23,113,268.0193201440326,0,0,NA,0
02220,Sitka City and Borough,"Sitka City and Borough, Alaska",AK,1,AK-AL,NICK BEGICH,REPUBLICAN,8368,3440,101727,7.475952757822964,0.09340269567273587,1,6,0.10695127462048111,0,0,NA,0
41051,Multnomah County,"Multnomah County, Oregon",OR,3,OR-03 / OR-01 / OR-05,MAXINE E. DEXTER / SUZANNE BONAMICI / JANELLE S. BYNUM,DEMOCRAT,801477,349803,88766,12.586488594812844,0.012816582212040793,17,72,102.42629081573173,11025,3778,119760.43933693391,1
41021,Gilliam County,"Gilliam County, Oregon",OR,1,OR-02,CLIFF BENTZ,REPUBLICAN,1971,875,66917,15.253360910031024,1,2,21,3.3653545316440585,742,326,66917,0
42133,York County,"York County, Pennsylvania",PA,2,PA-11 / PA-10,LLOYD SMUCKER / SCOTT PERRY,REPUBLICAN,462924,181583,84829,8.361672950908078,0.28456657859336865,36,169,8.830708881656223,7625,3091,90154.34299905517,0
42017,Bucks County,"Bucks County, Pennsylvania",PA,1,PA-01,BRIAN K. FITZPATRICK,REPUBLICAN,647461,249187,114764,6.0972993961256226,0.10296842567644902,47,274,26.591366673521467,21037,8294,140016.9868442934,2
42049,Erie County,"Erie County, Pennsylvania",PA,1,PA-16,MIKE KELLY,REPUBLICAN,269052,110587,63354,14.967653669500635,0.2398256028588727,30,122,21.927699977823963,9404,3836,88364.67170053601,1
42127,Wayne County,"Wayne County, Pennsylvania",PA,1,PA-08,"ROB BRESNAHAN, JR.",REPUBLICAN,51262,20877,62381,12.117177097203728,0.8621640113380901,42,232,25.792690913801252,6136,2467,69135.60212494864,2
42029,Chester County,"Chester County, Pennsylvania",PA,2,PA-06 / PA-05,CHRISSY HOULAHAN / MARY GAY SCANLON,DEMOCRAT,547840,204774,127208,5.977632375515192,0.19312217330042494,59,267,36.66429412542608,19820,7532,108771.58319159498,0
42089,Monroe County,"Monroe County, Pennsylvania",PA,2,PA-08 / PA-07,"ROB BRESNAHAN, JR. / RYAN E. MACKENZIE",REPUBLICAN,167515,61212,83565,10.68155418924425,0.5676035335982939,61,278,44.70208567485455,14387,5173,95264.88977107334,1
02100,Haines Borough,"Haines Borough, Alaska",AK,1,AK-AL,NICK BEGICH,REPUBLICAN,2086,901,86927,5.445783132530121,1,2,20,6.856191632868798,0,0,NA,0
45045,Greenville County,"Greenville County, South Carolina",SC,2,SC-04 / SC-03,WILLIAM R. TIMMONS IV / SHERI BIGGS,REPUBLICAN,548166,220565,76932,10.828673201114327,0.11896090452758527,10,38,41.06403522500191,17691,7126,75904.13233587844,2
45025,Chesterfield County,"Chesterfield County, South Carolina",SC,1,SC-07,RUSSELL FRY,REPUBLICAN,43784,17534,49235,20.342780588085834,0.8316733297899384,5,12,18.223855352586494,2582,1011,54363.24393838504,2
25025,Suffolk County,"Suffolk County, Massachusetts",MA,3,MA-07 / MA-08 / MA-05,AYANNA PRESSLEY / STEPHEN F. LYNCH / KATHERINE M. CLARK,DEMOCRAT,785121,327167,95631,16.184725293417248,4.5116400312807045e-5,0,0,0,0,0,NA,0
25021,Norfolk County,"Norfolk County, Massachusetts",MA,6,MA-04 / MA-08 / MA-07 / MA-02 / MA-09 / MA-05,JAKE AUCHINCLOSS / STEPHEN F. LYNCH / AYANNA PRESSLEY / JAMES P. MCGOVERN / WILLIAM R. KEATING / KATHERINE M. CLARK,DEMOCRAT,730082,283368,130739,6.685345980376919,0.020222292318944988,11,94,14.130622270410724,4408,1815,163287.3287904586,0
25013,Hampden County,"Hampden County, Massachusetts",MA,1,MA-01,RICHARD E. NEAL,DEMOCRAT,462815,184471,71306,16.33918741343183,0.09527397627864541,19,111,11.900072348681238,5125,2180,86279.78654660686,0
26041,Delta County,"Delta County, Michigan",MI,1,MI-01,JACK BERGMAN,REPUBLICAN,36813,15971,57809,12.662463359327472,0.4266319811397447,5,25,2.8409681741597548,237,104,60811.84539461285,0
26003,Alger County,"Alger County, Michigan",MI,1,MI-01,JACK BERGMAN,REPUBLICAN,8762,3531,61286,10.359544749094672,1,5,31,7.279355071394714,1516,687,60795.64134349117,0
27167,Wilkin County,"Wilkin County, Minnesota",MN,1,MN-07,MICHELLE FISCHBACH,REPUBLICAN,6371,2655,71410,14.08428136516584,0.4795573316938211,5,21,2.1038001825277908,281,110,84803,0
27137,St. Louis County,"St. Louis County, Minnesota",MN,1,MN-08,PETE STAUBER,REPUBLICAN,200123,87115,70069,13.21018983187501,0.39287622795671,24,99,67.78819573805964,18769,8661,63265.06614498343,2
27119,Polk County,"Polk County, Minnesota",MN,1,MN-07,MICHELLE FISCHBACH,REPUBLICAN,30705,12360,73107,11.875761266747869,0.4653436778661195,10,45,144.0707154626262,4048,1556,84586.5874742304,2
27073,Lac qui Parle County,"Lac qui Parle County, Minnesota",MN,1,MN-07,MICHELLE FISCHBACH,REPUBLICAN,6682,2924,74432,8.135437413819519,1,6,20,11.862111092982252,1927,844,72463.45299441737,0
28113,Pike County,"Pike County, Mississippi",MS,1,MS-03,MICHAEL GUEST,REPUBLICAN,39602,15007,43814,27.134472414242857,0.6199037793869656,10,80,357.4654821827423,12193,4278,42995.71401483902,13
28151,Washington County,"Washington County, Mississippi",MS,1,MS-02,BENNIE G. THOMPSON,DEMOCRAT,42765,17113,42165,26.445965606888162,0.3484929433239838,9,57,31.229744558088992,3257,1232,35368.88778085463,5
28055,Issaquena County,"Issaquena County, Mississippi",MS,1,MS-02,BENNIE G. THOMPSON,DEMOCRAT,928,350,31429,16.15508885298869,1,5,32,236.4897654912826,450,118,31429,1
28033,DeSoto County,"DeSoto County, Mississippi",MS,1,MS-01,TRENT KELLY,REPUBLICAN,191301,70986,85297,9.707092713628661,0.21901205521439288,12,76,188.70938492406322,16012,6119,71599.16881599513,3
28021,Claiborne County,"Claiborne County, Mississippi",MS,1,MS-02,BENNIE G. THOMPSON,DEMOCRAT,8582,3008,31897,30.66931742876077,1,8,68,710.2950329654758,5508,1885,33813.82461792835,6
29201,Scott County,"Scott County, Missouri",MO,1,MO-08,JASON SMITH,REPUBLICAN,37933,15327,62782,12.808277932661376,0.45997004650673956,19,117,964.1660957799947,18863,7299,65198.82737458894,1
29183,St. Charles County,"St. Charles County, Missouri",MO,2,MO-03 / MO-02,BOB ONDER / ANN WAGNER,REPUBLICAN,414535,161311,104692,5.202451098235268,0.05658561621864374,13,98,45.174940759016366,7295,2799,134457.85053412005,0
29013,Bates County,"Bates County, Missouri",MO,1,MO-04,MARK ALFORD,REPUBLICAN,16186,6158,60733,15.856907268806292,1,21,146,2189.4209695784,11240,4245,68341.40575867289,2
29087,Holt County,"Holt County, Missouri",MO,1,MO-06,SAM GRAVES,REPUBLICAN,4240,1744,61187,10.227823557925351,1,9,55,1153.3589678831556,3717,1540,60676.98031446394,0
29171,Putnam County,"Putnam County, Missouri",MO,1,MO-06,SAM GRAVES,REPUBLICAN,4642,1791,63510,15.522518583296895,1,4,39,1325.287844924048,4221,1606,65938.83230269578,1
30053,Lincoln County,"Lincoln County, Montana",MT,1,MT-01,RYAN K. ZINKE,REPUBLICAN,21175,9082,47143,15.441176470588236,0.7793871016923312,12,68,7.2702035002348175,1896,811,46172.73314144644,3
30051,Liberty County,"Liberty County, Montana",MT,1,MT-02,TROY DOWNING,REPUBLICAN,1952,724,57857,25.79303172126885,1,8,83,574.4813185884483,671,248,57857,0
30085,Roosevelt County,"Roosevelt County, Montana",MT,1,MT-02,TROY DOWNING,REPUBLICAN,10526,3091,57063,30.39716869838773,1,4,53,4.023096804978275,590,182,95357,0
30075,Powder River County,"Powder River County, Montana",MT,1,MT-02,TROY DOWNING,REPUBLICAN,1815,708,67045,8.12038614423623,1,1,6,0.9033895468239687,153,64,67045,0
30035,Glacier County,"Glacier County, Montana",MT,1,MT-01,RYAN K. ZINKE,REPUBLICAN,13637,4291,46875,31.1442415206858,1,7,54,175.4828783486821,2238,791,63803.52193159867,3
30009,Carbon County,"Carbon County, Montana",MT,1,MT-02,TROY DOWNING,REPUBLICAN,11116,4664,80261,7.794211051628709,1,8,64,10.574661236854698,3335,1714,69431.75459610124,0
32033,White Pine County,"White Pine County, Nevada",NV,1,NV-02,MARK E. AMODEI,REPUBLICAN,8735,3359,72865,8.186738836265222,0.5093612334801763,3,17,37.46798595852002,1070,477,64552.92897996071,1
32017,Lincoln County,"Lincoln County, Nevada",NV,2,NV-04 / NV-02,STEVEN HORSFORD / MARK E. AMODEI,DEMOCRAT / REPUBLICAN,4405,1717,72307,5.038092897517818,1,5,27,12.948494529508455,1991,761,72572.82669313627,0
35029,Luna County,"Luna County, New Mexico",NM,1,NM-02,GABE VASQUEZ,DEMOCRAT,25611,9223,36419,28.581089144357374,0.4134974633263853,4,24,9.119116265630423,1251,438,47975.40135090785,3
36045,Jefferson County,"Jefferson County, New York",NY,2,NY-24 / NY-21,CLAUDIA TENNEY / ELISE M. STEFANIK,CONSERVATIVE / REPUBLICAN,115040,47606,66301,13.684009563897197,0.4938014581780485,39,217,81.76085200061131,16628,7009,72520.12626314073,2
16043,Fremont County,"Fremont County, Idaho",ID,1,ID-02,MICHAEL K. SIMPSON,REPUBLICAN,13943,4654,72683,10.072642851793605,1,6,30,5.916487642724693,1561,592,67868.52952636089,0
16083,Twin Falls County,"Twin Falls County, Idaho",ID,1,ID-02,MICHAEL K. SIMPSON,REPUBLICAN,93734,34754,67409,11.480823786733655,0.3469115785265309,10,174,9.010866649542455,3351,1182,68252.61219171839,1
16003,Adams County,"Adams County, Idaho",ID,1,ID-01,RUSS FULCHER,REPUBLICAN,4744,1776,61808,17.92312592907199,1,5,33,9.696275858192235,924,372,69686.54191677565,0
16069,Nez Perce County,"Nez Perce County, Idaho",ID,1,ID-01,RUSS FULCHER,REPUBLICAN,42697,17270,72599,12.246823956442832,0.18909479686386316,10,70,16.867703706047287,1261,467,70598.50332743707,0
17153,Pulaski County,"Pulaski County, Illinois",IL,1,IL-12,MIKE BOST,REPUBLICAN,5015,1940,42463,24.97920133111481,1,7,46,11.189635688865877,1586,596,45980.22251717795,2
17045,Edgar County,"Edgar County, Illinois",IL,1,IL-15,MARY E. MILLER,REPUBLICAN,16535,7567,59941,11.998016856717898,0.5069370330843116,7,55,7.271916726675528,1901,803,68283.48876102394,0
18147,Spencer County,"Spencer County, Indiana",IN,1,IN-08,MARK MESSMER,REPUBLICAN,19955,8078,74506,7.4668028600612875,1,10,56,29.210817812150665,4389,1829,69194.81157126502,0
18129,Posey County,"Posey County, Indiana",IN,1,IN-08,MARK MESSMER,REPUBLICAN,25116,10533,78129,10.145454545454545,0.7041075251764333,3,16,3.985572955550807,1863,795,74296.26285366279,0
19111,Lee County,"Lee County, Iowa",IA,1,IA-01,MARIANNETTE MILLER-MEEKS,REPUBLICAN,32893,14323,62382,13.094068038426176,0.40947697809566386,4,26,4.665161705543296,1134,424,79076.5155753025,0
27145,Stearns County,"Stearns County, Minnesota",MN,2,MN-07 / MN-06,MICHELLE FISCHBACH / TOM EMMER,REPUBLICAN,160865,61403,77066,12.892949411101974,0.37988653880170825,28,118,51.348186500287056,10961,4098,88856.3149351797,0
29037,Cass County,"Cass County, Missouri",MO,1,MO-04,MARK ALFORD,REPUBLICAN,110773,43206,87535,6.244626163950021,0.2966129989612702,24,140,879.410950835323,26968,10418,98039.76664341844,2
29019,Boone County,"Boone County, Missouri",MO,2,MO-04 / MO-03,MARK ALFORD / BOB ONDER,REPUBLICAN,188043,76562,72758,16.581376145242924,0.22754207287184794,4,18,8.358239247345312,1584,655,87938.73003332253,0
29159,Pettis County,"Pettis County, Missouri",MO,1,MO-04,MARK ALFORD,REPUBLICAN,43397,16996,60430,15.597729192080322,0.39406700791065613,18,116,410.4712101772753,5671,2061,77458.99635547659,1
34031,Passaic County,"Passaic County, New Jersey",NJ,3,NJ-05 / NJ-09 / NJ-11,JOSH GOTTHEIMER / NELLIE POU / MIKIE SHERRILL,DEMOCRAT,521012,178936,87522,12.993778993533505,0.02831232661347254,19,101,8.332549053871,5511,1997,143565.31316394595,0
26163,Wayne County,"Wayne County, Michigan",MI,3,MI-06 / MI-13 / MI-12,DEBBIE DINGELL / SHRI THANEDAR / RASHIDA TLAIB,DEMOCRAT,1772259,700591,60539,20.796898493133664,0.008968192327999995,4,8,6.953485640058524,4607,1790,128971.84918067772,1
18161,Union County,"Union County, Indiana",IN,1,IN-06,JEFFERSON SHREVE,REPUBLICAN,6985,2940,76424,8.46797461050202,1,3,14,4.750207679470193,2005,851,69673.30213461476,1
06113,Yolo County,"Yolo County, California",CA,2,CA-04 / CA-07,MIKE THOMPSON / DORIS O. MATSUI,DEMOCRAT,220564,76693,91752,16.69018855142825,0.08047947579284945,12,64,46.54393532182455,2788,1059,105900.42815555308,0
18035,Delaware County,"Delaware County, Indiana",IN,1,IN-05,VICTORIA SPARTZ,REPUBLICAN,112280,46256,58127,19.64924392793104,0.2305925667765833,12,77,12.65133329948803,4583,1992,69993.00961264866,0
19063,Emmet County,"Emmet County, Iowa",IA,1,IA-04,RANDY FEENSTRA,REPUBLICAN,9262,4063,63730,9.947162876177348,0.3849595227950575,5,37,4.07256792358612,691,288,72007.50600212751,0
26109,Menominee County,"Menominee County, Michigan",MI,1,MI-01,JACK BERGMAN,REPUBLICAN,23247,10361,56435,12.176573426573427,0.6316909199217088,5,27,4.606445596661764,773,324,55218.274067737846,0
19189,Winnebago County,"Winnebago County, Iowa",IA,1,IA-04,RANDY FEENSTRA,REPUBLICAN,10583,4641,67642,11.183225162256615,1,6,45,13.511347561119809,1998,905,70370.43807581054,0
36047,Kings County,"Kings County, New York",NY,5,NY-08 / NY-09 / NY-10 / NY-07 / NY-11,HAKEEM S. JEFFRIES / YVETTE D. CLARKE / DANIEL S. GOLDMAN / NYDIA M. VELáZQUEZ / NICOLE MALLIOTAKIS,DEMOCRAT / DEMOCRAT / WORKING FAMILIES / CONSERVATIVE / REPUBLICAN,2631580,1009927,80263,19.134824688362592,0,0,0,0,0,0,NA,0
20013,Brown County,"Brown County, Kansas",KS,1,KS-02,DEREK SCHMIDT,REPUBLICAN,9343,3794,62233,13.763181019332162,1,13,112,1029.3557524195087,7184,2878,64399.396238774185,1
01091,Marengo County,"Marengo County, Alabama",AL,1,AL-07,TERRI A. SEWELL,DEMOCRAT,18851,7898,43825,21.851354977193452,0.6777415515189152,4,27,5.129740494469144,401,153,37730.46878069081,2
01101,Montgomery County,"Montgomery County, Alabama",AL,1,AL-02,SHOMARI FIGURES,DEMOCRAT,226718,91381,59386,19.940193264358694,0.12364055661836001,5,33,4.438038457503035,305,123,75121.34602447461,1
01095,Marshall County,"Marshall County, Alabama",AL,1,AL-04,ROBERT B. ADERHOLT,REPUBLICAN,99748,36459,62571,16.637823971333756,0.5365119042740647,2,14,55.62978051604514,5608,2182,74273.02435287315,1
36075,Oswego County,"Oswego County, New York",NY,1,NY-24,CLAUDIA TENNEY,CONSERVATIVE / REPUBLICAN,117953,47239,69183,16.32389945495123,0.6272622846202935,31,193,22.80993136401489,7736,3420,60771.357456095524,3
21027,Breckinridge County,"Breckinridge County, Kentucky",KY,1,KY-02,BRETT GUTHRIE,REPUBLICAN,20881,8069,55843,21.357607791317967,1,3,16,20.020657191725622,1875,728,54416.80825283523,3
40087,McClain County,"McClain County, Oklahoma",OK,1,OK-04,TOM COLE,REPUBLICAN,45273,16421,84552,8.517490283176013,0.8702174643560079,14,108,582.9951134538699,11173,4161,90444.57934182118,0
40125,Pottawatomie County,"Pottawatomie County, Oklahoma",OK,1,OK-05,STEPHANIE I. BICE,REPUBLICAN,73463,26927,61398,15.889353028149808,0.5273552874927541,13,107,348.25474869321175,11766,4200,67575.64225742473,4
36071,Orange County,"Orange County, New York",NY,1,NY-18,PATRICK RYAN,DEMOCRAT / WORKING FAMILIES,406616,138608,97178,12.643138397251743,0.2758216839849493,96,433,96.11643473897023,27729,10223,113794.6181580791,1
21159,Martin County,"Martin County, Kentucky",KY,1,KY-05,HAROLD ROGERS,REPUBLICAN,11027,3854,37042,33.17407561279601,1,3,44,0.7451053990544232,0,0,NA,0
48213,Henderson County,"Henderson County, Texas",TX,1,TX-05,LANCE GOODEN,REPUBLICAN,84862,33575,65179,14.732651421582148,0.6594400486914181,61,887,979.1349828431178,31194,12633,68873.06758497984,4
55078,Menominee County,"Menominee County, Wisconsin",WI,1,WI-08,TONY WIED,REPUBLICAN,4252,1405,62108,21.74531657576476,1,0,0,0,0,0,NA,0
18139,Rush County,"Rush County, Indiana",IN,1,IN-06,JEFFERSON SHREVE,REPUBLICAN,16739,6746,66473,11.866150308604624,0.6138371537726839,6,33,2.4829699509607623,1193,464,72111.17806664304,0
18065,Henry County,"Henry County, Indiana",IN,1,IN-06,JEFFERSON SHREVE,REPUBLICAN,48970,18642,63150,13.627044711014177,0.6206607515230813,8,55,9.538019135825255,4971,1944,69731.47035657422,0
18027,Daviess County,"Daviess County, Indiana",IN,1,IN-08,MARK MESSMER,REPUBLICAN,33658,11814,68503,11.674142320281247,0.6129534765285641,5,32,9.70482557245223,2232,799,74759.6417147241,1
18071,Jackson County,"Jackson County, Indiana",IN,1,IN-09,ERIN HOUCHIN,REPUBLICAN,46660,18138,70262,12.2943627988594,0.4777504953907125,5,29,42.44420710611629,23291,8974,68469.59625591226,4
18175,Washington County,"Washington County, Indiana",IN,1,IN-09,ERIN HOUCHIN,REPUBLICAN,28212,11229,64641,14.446326258513206,0.7652047406145767,2,14,4.266530828527113,1038,398,55332.892756062756,1
19055,Delaware County,"Delaware County, Iowa",IA,1,IA-02,ASHLEY HINSON,REPUBLICAN,17558,7369,74989,7.7613485990449345,0.7190645013723697,7,54,9.312612039738136,1623,639,84491.19805119373,0
19165,Shelby County,"Shelby County, Iowa",IA,1,IA-04,RANDY FEENSTRA,REPUBLICAN,11778,4882,72738,7.631078041183596,0.5987570236676315,8,60,9.12031606118592,1149,508,77456.09375820086,0
20069,Gray County,"Gray County, Kansas",KS,1,KS-01,TRACEY MANN,REPUBLICAN,5701,2136,79122,8.522114347357066,1,5,47,6.080871187183074,2183,828,79721.9539700894,0
20093,Kearny County,"Kearny County, Kansas",KS,1,KS-01,TRACEY MANN,REPUBLICAN,3864,1427,89135,4.5059288537549405,1,5,55,25.7060701408794,1777,637,89135,0
20165,Rush County,"Rush County, Kansas",KS,1,KS-01,TRACEY MANN,REPUBLICAN,2947,1387,59970,11.138183083884442,1,10,95,394.4082347434283,1285,603,59970,0
21179,Nelson County,"Nelson County, Kentucky",KY,2,KY-02 / KY-04,BRETT GUTHRIE / THOMAS MASSIE,REPUBLICAN,47606,19150,69562,10.847824702210332,0.6216782917540331,2,8,17.41126799048167,923,378,82445.3331316992,0
21183,Ohio County,"Ohio County, Kentucky",KY,1,KY-02,BRETT GUTHRIE,REPUBLICAN,23735,9107,57798,12.5445872190468,0.7619888944977284,6,29,91.54227386029812,4047,1482,56780.32510105349,1
21107,Hopkins County,"Hopkins County, Kentucky",KY,1,KY-01,JAMES COMER,REPUBLICAN,45119,18397,56815,19.97898871785502,0.5304581379477358,8,39,109.88767864562554,9265,3517,53409.54987308642,6
21209,Scott County,"Scott County, Kentucky",KY,1,KY-06,ANDY BARR,REPUBLICAN,59536,22642,85158,10.575155087381644,0.3230338553057475,4,17,2.5427989431955,67,28,82934.79070916456,0
21079,Garrard County,"Garrard County, Kentucky",KY,1,KY-06,ANDY BARR,REPUBLICAN,17568,6695,63087,15.930780728987006,1,1,4,7.377835088362956,326,132,44013.48506727929,2
21025,Breathitt County,"Breathitt County, Kentucky",KY,1,KY-05,HAROLD ROGERS,REPUBLICAN,13276,5464,34808,33.134419707749984,1,2,12,4.083402885134914,253,87,35714.98643448332,3
21167,Mercer County,"Mercer County, Kentucky",KY,1,KY-06,ANDY BARR,REPUBLICAN,23028,9181,64824,10.662443916600687,0.5675544366414911,1,4,8.923439069561736,824,322,79130,0
21013,Bell County,"Bell County, Kentucky",KY,1,KY-05,HAROLD ROGERS,REPUBLICAN,23509,9939,31354,28.823400043985046,0.5926878864588953,5,17,5.7182070692886775,85,37,33618.22489742757,4
21187,Owen County,"Owen County, Kentucky",KY,1,KY-04,THOMAS MASSIE,REPUBLICAN,11330,4252,61134,18.283215847238335,1,2,10,20.148590581644996,161,65,62516.69259652716,0
04025,Yavapai County,"Yavapai County, Arizona",AZ,1,AZ-02,ELIJAH CRANE,REPUBLICAN,245480,111157,69613,12.04263495271065,0.3198057652333315,93,761,328.0435389104071,39439,18774,66774.4603533005,8
46103,Pennington County,"Pennington County, South Dakota",SD,1,SD-AL,DUSTY JOHNSON,REPUBLICAN,113512,46370,74517,11.157967444946332,0.18019263518338796,61,302,2699.661916081923,14600,6070,97593.01108522505,1
46089,McPherson County,"McPherson County, South Dakota",SD,1,SD-AL,DUSTY JOHNSON,REPUBLICAN,2145,915,66906,12.862862862862864,1,5,22,7.332219528471659,420,160,66906,0
47167,Tipton County,"Tipton County, Tennessee",TN,2,TN-09 / TN-08,STEVE COHEN / DAVID KUSTOFF,DEMOCRAT / REPUBLICAN,61553,22660,74127,13.5989890203673,0.6666229293094965,2,7,0.3272440038831487,0,0,NA,0
47055,Giles County,"Giles County, Tennessee",TN,1,TN-04,SCOTT DESJARLAIS,REPUBLICAN,30620,12058,62307,12.788006841734582,0.7311672049034469,2,20,32.89900515975,658,297,57399.99999999999,0
47065,Hamilton County,"Hamilton County, Tennessee",TN,1,TN-03,"CHARLES J. \""CHUCK\"" FLEISCHMANN",REPUBLICAN,376192,154181,76183,13.078768960905602,0.12506041664959983,3,15,0.5956395361698812,329,119,128921.85364824471,0
47155,Sevier County,"Sevier County, Tennessee",TN,1,TN-01,DIANA HARSHBARGER,REPUBLICAN,99652,40344,62581,13.470162124870646,0.5336552144744867,8,66,22.451643277785614,1971,872,49795.7547714683,1
47059,Greene County,"Greene County, Tennessee",TN,1,TN-01,DIANA HARSHBARGER,REPUBLICAN,71628,28400,56194,15.358586872365441,0.6732951305736116,2,11,7.274858391319656,1228,451,54844,0
47147,Robertson County,"Robertson County, Tennessee",TN,1,TN-07,MARK E. GREEN,REPUBLICAN,75539,28255,83047,10.362971789687906,0.530005631636059,1,4,19.116352455719362,0,0,NA,0
47009,Blount County,"Blount County, Tennessee",TN,1,TN-02,TIM BURCHETT,REPUBLICAN,139333,55522,77365,8.367424187278894,0.3720062093435837,1,6,0.3845300365929726,28,12,98281.00000000001,0
48355,Nueces County,"Nueces County, Texas",TX,1,TX-27,MICHAEL CLOUD,REPUBLICAN,352955,131160,66897,17.404753774835203,0.0627700479644825,10,199,1071.2925617340884,15549,4934,87666.30437669967,3
48427,Starr County,"Starr County, Texas",TX,1,TX-28,HENRY CUELLAR,DEMOCRAT,66067,19157,37639,33.51579653574043,0.2859526699029126,3,43,248.5078281983509,3612,1122,41593.584746470464,9
48409,San Patricio County,"San Patricio County, Texas",TX,1,TX-27,MICHAEL CLOUD,REPUBLICAN,70181,25334,69704,14.78116663061504,0.27832157661261,7,96,76.69077432186539,6593,2271,65830.50172909827,2
48039,Brazoria County,"Brazoria County, Texas",TX,3,TX-14 / TX-22 / TX-09,"RANDY K. WEBER, SR. / TROY E. NEHLS / AL GREEN",REPUBLICAN / DEMOCRAT,391255,133898,97993,7.386760873710303,0.22595428875550694,132,1269,120.09440028851891,38219,13067,103899.68069593176,2
48443,Terrell County,"Terrell County, Texas",TX,1,TX-23,TONY GONZALES,REPUBLICAN,835,451,44886,7.664670658682635,1,1,39,6.099859729153155,344,204,44886,0
48211,Hemphill County,"Hemphill County, Texas",TX,1,TX-13,RONNY JACKSON,REPUBLICAN,3234,1476,61563,6.191074795725958,1,1,26,6.924006885219603,1357,592,61563.00000000001,0
48067,Cass County,"Cass County, Texas",TX,1,TX-01,NATHANIEL MORAN,REPUBLICAN,28568,11805,53813,17.516771376850176,0.8056160820974204,14,183,680.927851823576,11007,4736,52796.141962452166,8
49043,Summit County,"Summit County, Utah",UT,2,UT-03 / UT-01,MIKE KENNEDY / BLAKE D. MOORE,REPUBLICAN,42970,15730,138114,4.877707244212099,0.44641971811034775,23,219,101.67777891223122,10853,3666,120650.7424435282,0
50027,Windsor County,"Windsor County, Vermont",VT,1,VT-AL,BECCA BALINT,DEMOCRAT,57990,25293,77594,9.221135850838683,0.7864353366924662,44,270,125.68785102927207,12800,5598,79469.67490605319,1
51185,Tazewell County,"Tazewell County, Virginia",VA,1,VA-09,H. MORGAN GRIFFITH,REPUBLICAN,39624,16290,47313,18.51519628535247,0.5229414529174602,9,90,20.799658926608714,4431,1601,44127.842113333136,5
51191,Washington County,"Washington County, Virginia",VA,1,VA-09,H. MORGAN GRIFFITH,REPUBLICAN,53926,22112,64552,11.066321874049285,0.6917400574765922,5,37,2.226553878438952,117,50,70359.49823695836,0
51051,Dickenson County,"Dickenson County, Virginia",VA,1,VA-09,H. MORGAN GRIFFITH,REPUBLICAN,13733,5935,47254,17.330016583747927,1,9,106,26.040579654241927,664,278,48827.51679809588,0
51131,Northampton County,"Northampton County, Virginia",VA,1,VA-02,JENNIFER A. KIGGANS,REPUBLICAN,12059,5437,61632,17.733197900795666,1,7,40,6.742110868654917,1701,705,58049.546534689856,1
51179,Stafford County,"Stafford County, Virginia",VA,1,VA-07,EUGENE S. VINDMAN,DEMOCRAT,163466,52326,137807,4.674140105012891,0.18646886769007245,4,16,11.907108014657567,137,32,139348.85089832562,0
51103,Lancaster County,"Lancaster County, Virginia",VA,1,VA-01,ROBERT J. WITTMAN,REPUBLICAN,10936,5701,69713,10.268902838939379,1,29,232,31.761581213903515,3883,2046,75569.95663141657,1
51159,Richmond County,"Richmond County, Virginia",VA,1,VA-01,ROBERT J. WITTMAN,REPUBLICAN,9095,3177,66304,7.729403884795714,1,9,75,14.886768636968133,1754,637,65222.85430161888,0
51015,Augusta County,"Augusta County, Virginia",VA,1,VA-06,BEN CLINE,REPUBLICAN,78033,31083,82049,6.639274506675177,0.8426445726379909,16,119,18.848518932693636,3343,1257,78155.84331148014,1
51181,Surry County,"Surry County, Virginia",VA,1,VA-04,JENNIFER L. MCCLELLAN,DEMOCRAT,6549,2830,78041,10.525507068223725,1,7,42,13.490160872693501,1030,449,74593.93643859362,0
51059,Fairfax County,"Fairfax County, Virginia",VA,3,VA-11 / VA-08 / VA-10,"GERALD E. CONNOLLY / DONALD S. BEYER, JR. / SUHAS SUBRAMANYAM",DEMOCRAT,1147837,414101,153637,5.940072329835309,0.015417596489291138,1,10,0.47149614653614624,420,156,250001,0
51069,Frederick County,"Frederick County, Virginia",VA,1,VA-06,BEN CLINE,REPUBLICAN,95008,35385,97606,6.809697489809054,0.39409750708277275,5,52,17.447602828532855,6577,2587,97441.701670992,0
53057,Skagit County,"Skagit County, Washington",WA,1,WA-02,RICK LARSEN,DEMOCRAT,131328,52329,89263,11.614444829845453,0.3410127930946627,39,103,131.8221620826513,10409,4413,93551.7253684165,0
53055,San Juan County,"San Juan County, Washington",WA,1,WA-02,RICK LARSEN,DEMOCRAT,18478,9015,84800,11.343479689039746,0.8008769957274567,39,132,41.806999778202524,3163,1627,90379.33714228675,0
53027,Grays Harbor County,"Grays Harbor County, Washington",WA,1,WA-06,EMILY RANDALL,DEMOCRAT,77053,30628,64414,15.314051370602202,0.3911497170659474,26,77,51.5380301944692,8870,3178,69120.87726033821,1
53045,Mason County,"Mason County, Washington",WA,1,WA-06,EMILY RANDALL,DEMOCRAT,67982,26029,83270,12.260953764221737,0.6949761129537778,113,245,84.89520687704527,14466,5969,83905.75619975504,1
53033,King County,"King County, Washington",WA,4,WA-08 / WA-09 / WA-07 / WA-01,KIM SCHRIER / ADAM SMITH / PRAMILA JAYAPAL / SUZAN K. DELBENE,DEMOCRAT,2287171,941054,124746,8.592610323206936,0.03294348309780035,81,248,250.13676755897788,40209,14067,164290.44439304149,0
53049,Pacific County,"Pacific County, Washington",WA,1,WA-03,MARIE GLUESENKAMP PEREZ,DEMOCRAT,23994,10977,67081,10.350197828100008,0.6292317569013481,15,48,82.48112164909227,7606,3409,71155.58673356919,2
53029,Island County,"Island County, Washington",WA,1,WA-02,RICK LARSEN,DEMOCRAT,86836,35972,90551,7.697589619737652,0.47780835165847313,220,671,137.0957664661549,38266,16379,99193.59606671281,0
54063,Monroe County,"Monroe County, West Virginia",WV,1,WV-01,CAROL D. MILLER,REPUBLICAN,12386,4619,56750,13.96598030438675,1,4,22,15.089077550341523,1033,400,58405.958263885164,1
54103,Wetzel County,"Wetzel County, West Virginia",WV,1,WV-02,RILEY MOORE,REPUBLICAN,14078,6113,56836,15.998268897864975,0.6240825370447306,6,71,45.83767626457164,5078,2178,60128.54574436106,3
54095,Tyler County,"Tyler County, West Virginia",WV,1,WV-02,RILEY MOORE,REPUBLICAN,8064,3296,63693,20.205307961942914,1,5,44,28.664150780937202,4414,1687,60070.46032486329,3
54107,Wood County,"Wood County, West Virginia",WV,1,WV-02,RILEY MOORE,REPUBLICAN,83407,35836,57810,14.747784968252228,0.29627740343551295,1,4,4.885274274262859,1259,534,72836.0970643328,0
54057,Mineral County,"Mineral County, West Virginia",WV,1,WV-02,RILEY MOORE,REPUBLICAN,26854,11120,69375,14.044900773887058,0.6922562922265943,14,90,29.74038259004122,4972,2038,65339.101113809025,1
54031,Hardy County,"Hardy County, West Virginia",WV,1,WV-02,RILEY MOORE,REPUBLICAN,14243,5954,49272,17.69203539823009,1,8,54,10.868014884726664,3030,1229,47849.44116455542,2
54027,Hampshire County,"Hampshire County, West Virginia",WV,1,WV-02,RILEY MOORE,REPUBLICAN,23465,8643,63116,13.074189444127583,1,7,54,37.385530953665196,4472,1679,57033.14900279002,1
55023,Crawford County,"Crawford County, Wisconsin",WI,1,WI-03,DERRICK VAN ORDEN,REPUBLICAN,16042,6706,64094,13.779035335921563,0.6300502699683486,7,25,8.80875961123636,980,405,66943.30139941568,0
55011,Buffalo County,"Buffalo County, Wisconsin",WI,1,WI-03,DERRICK VAN ORDEN,REPUBLICAN,13393,5720,70479,8.42755917382783,1,8,36,13.757473039872016,3509,1567,61776.73598637358,0
55121,Trempealeau County,"Trempealeau County, Wisconsin",WI,1,WI-03,DERRICK VAN ORDEN,REPUBLICAN,30839,12533,76313,9.917382574635463,1,14,59,26.499325576943743,7502,3134,76015.22055232638,0
56007,Carbon County,"Carbon County, Wyoming",WY,1,WY-AL,HARRIET M. HAGEMAN,REPUBLICAN,14463,6116,70511,12.169274024944128,0.470317121827062,10,64,13.03445597288367,2329,947,81204.6656167375,0
56033,Sheridan County,"Sheridan County, Wyoming",WY,1,WY-AL,HARRIET M. HAGEMAN,REPUBLICAN,32055,13845,71388,10.225780624499599,0.37162446233951035,6,46,6.961783133779748,2235,970,66115.95325791475,0
56029,Park County,"Park County, Wyoming",WY,1,WY-AL,HARRIET M. HAGEMAN,REPUBLICAN,30449,13330,73035,8.914073071718539,0.44355927626248987,11,65,4.58240855347399,643,297,75631.26884272367,2
05097,Montgomery County,"Montgomery County, Arkansas",AR,1,AR-04,BRUCE WESTERMAN,REPUBLICAN,8553,3715,48906,22.39318262516274,1,6,17,142.79693515155444,3757,1697,49559.63746174551,4
05025,Cleveland County,"Cleveland County, Arkansas",AR,1,AR-04,BRUCE WESTERMAN,REPUBLICAN,7453,2931,54794,15.778049111382444,1,5,24,572.710522844578,3353,1301,55472.5404827105,3
06019,Fresno County,"Fresno County, California",CA,4,CA-13 / CA-05 / CA-20 / CA-21,ADAM GRAY / TOM MCCLINTOCK / VINCE FONG / JIM COSTA,DEMOCRAT / REPUBLICAN,1016725,324702,74201,18.312406479734566,0.11265012581122961,85,346,256.4454569781371,17888,5302,81580.37116323152,11
06105,Trinity County,"Trinity County, California",CA,1,CA-02,JARED HUFFMAN,DEMOCRAT,15860,5585,53002,20.70039405109953,1,17,85,20.828088561190803,2982,966,49551.85812482503,1
06089,Shasta County,"Shasta County, California",CA,1,CA-01,DOUG LAMALFA,REPUBLICAN,181436,71232,72636,13.285247518648665,0.3379155115149186,52,212,104.01822846099097,11573,4464,71116.70250400543,2
06115,Yuba County,"Yuba County, California",CA,2,CA-03 / CA-01,KEVIN KILEY / DOUG LAMALFA,REPUBLICAN,84507,28635,76373,14.184397163120567,0.29512718357339873,16,52,502.6961500872449,5903,2034,60376.545453617895,1
06011,Colusa County,"Colusa County, California",CA,1,CA-01,DOUG LAMALFA,REPUBLICAN,21984,7512,75672,11.385155420072977,0.42703420486286003,8,42,14.016611177661371,3265,1146,69746.07825421487,1
08035,Douglas County,"Douglas County, Colorado",CO,2,CO-04 / CO-06,LAUREN BOEBERT / JASON CROW,REPUBLICAN / DEMOCRAT,377150,139960,149594,3.7650843016753828,0.09014520445390499,17,112,44.2269800995337,5327,2700,182289.79367863026,0
08043,Fremont County,"Fremont County, Colorado",CO,1,CO-07,BRITTANY PETTERSEN,DEMOCRAT,49634,17976,62664,13.348695776120111,0.494534011728887,10,69,49.76018063457785,6054,2375,77484.58177688275,1
08027,Custer County,"Custer County, Colorado",CO,1,CO-07,BRITTANY PETTERSEN,DEMOCRAT,5247,2672,72674,12.70053475935829,1,2,14,10.896881892519996,581,331,71890.04357375942,0
08117,Summit County,"Summit County, Colorado",CO,1,CO-02,JOE NEGUSE,DEMOCRAT,31017,12545,109773,7.69380410465908,0.16100466913540493,13,90,12.750115869759604,5895,2322,109087.22034615948,1
08049,Grand County,"Grand County, Colorado",CO,1,CO-02,JOE NEGUSE,DEMOCRAT,15895,7475,88612,7.569645783436279,0.6832092638544252,16,118,40.32330777277715,6889,3353,93990.8367307829,0
08029,Delta County,"Delta County, Colorado",CO,1,CO-03,JEFF HURD,REPUBLICAN,31598,12959,57774,13.98530612244898,0.7374663418386973,21,176,144.9632805216662,10527,4712,61239.141160496285,2
08091,Ouray County,"Ouray County, Colorado",CO,1,CO-03,JEFF HURD,REPUBLICAN,5087,2623,91020,4.252805670407561,1,5,34,13.173781435722692,1750,935,91272.22870564129,0
08093,Park County,"Park County, Colorado",CO,1,CO-07,BRITTANY PETTERSEN,DEMOCRAT,17907,8988,103670,4.95983822951188,1,10,74,65.82007715000685,1364,872,106049.66723910299,0
12069,Lake County,"Lake County, Florida",FL,2,FL-11 / FL-06,DANIEL WEBSTER / MICHAEL WALTZ,REPUBLICAN,412924,164497,73161,8.851723884437256,0.1793174217879132,114,344,147.10127035523155,60967,29556,66798.35208592724,4
12083,Marion County,"Marion County, Florida",FL,3,FL-06 / FL-03 / FL-12,MICHAEL WALTZ / KAT CAMMACK / GUS M. BILIRAKIS,REPUBLICAN,400078,164881,61010,14.41490069274612,0.29345212126371345,118,376,118.02831840204368,52271,23394,59941.89404766766,13
12023,Columbia County,"Columbia County, Florida",FL,1,FL-03,KAT CAMMACK,REPUBLICAN,71789,27430,59205,16.67285444852013,0.636517547131912,15,46,13.743275252623386,1734,696,58760.573606559694,4
12119,Sumter County,"Sumter County, Florida",FL,1,FL-11,DANIEL WEBSTER,REPUBLICAN,143408,70318,76508,9.711940838272088,0.21577316727295148,15,59,211.13984805494863,83336,49031,78907.85577346587,6
12097,Osceola County,"Osceola County, Florida",FL,1,FL-09,DARREN SOTO,DEMOCRAT,427415,142794,72637,12.805670546886978,0.06305576139310856,12,33,6.426329802167403,5015,2112,83494.88090166864,0
12121,Suwannee County,"Suwannee County, Florida",FL,1,FL-03,KAT CAMMACK,REPUBLICAN,45342,16112,56658,14.974914057418935,0.8466209688549478,6,22,8.30135803688267,1469,567,48987.69005147471,1
12125,Union County,"Union County, Florida",FL,1,FL-03,KAT CAMMACK,REPUBLICAN,15701,4316,64146,19.54406199315192,1,3,10,5.702467266596772,2043,530,61010.48098240939,1
13121,Fulton County,"Fulton County, Georgia",GA,3,GA-06 / GA-07 / GA-05,LUCY MCBATH / RICHARD MCCORMICK / NIKEMA WILLIAMS,DEMOCRAT / REPUBLICAN,1076561,462481,95292,12.3442033866565,0.00632318062078728,2,10,18.618776900526864,19282,6575,79742.3626209532,1
13013,Barrow County,"Barrow County, Georgia",GA,1,GA-10,MIKE COLLINS,REPUBLICAN,89886,30789,80653,9.554418302556579,0.32965690677204956,4,20,6.577859983092992,1203,511,79836.09321055574,1
13163,Jefferson County,"Jefferson County, Georgia",GA,1,GA-12,RICK W. ALLEN,REPUBLICAN,15341,5751,53014,16.933746296795043,1,6,30,30.828002348434598,3691,1440,51906.80843657295,3
13009,Baldwin County,"Baldwin County, Georgia",GA,1,GA-08,AUSTIN SCOTT,REPUBLICAN,43642,16582,54403,21.709254324084235,0.4876367040343387,3,21,9.265893601797147,836,397,68134.3465130956,0
13279,Toombs County,"Toombs County, Georgia",GA,1,GA-12,RICK W. ALLEN,REPUBLICAN,27102,10409,52621,22.49353956780645,0.496929337772845,12,40,18.457905633708823,1139,414,62107.80964613802,1
13001,Appling County,"Appling County, Georgia",GA,1,GA-01,"EARL L. \""BUDDY\"" CARTER",REPUBLICAN,18493,7178,46651,22.47537284684387,0.7097158967685968,2,11,2.9940313208853437,217,88,67246.55072950765,0
13023,Bleckley County,"Bleckley County, Georgia",GA,1,GA-08,AUSTIN SCOTT,REPUBLICAN,12430,4465,62008,19.32021466905188,0.510530080267027,0,0,0,0,0,NA,0
13133,Greene County,"Greene County, Georgia",GA,1,GA-10,MIKE COLLINS,REPUBLICAN,20109,8198,86272,9.79792408363837,1,19,105,93.00491539252576,4991,2126,69703.7242501787,2
13311,White County,"White County, Georgia",GA,1,GA-09,ANDREW S. CLYDE,REPUBLICAN,28810,10729,70666,12.398170644561954,1,13,69,27.474596334701097,1924,798,59390.82211636521,0
13301,Warren County,"Warren County, Georgia",GA,1,GA-12,RICK W. ALLEN,REPUBLICAN,5170,2097,44289,21.449559255631733,1,3,11,9.5662893213839,1348,545,38642.80192786164,1
13315,Wilcox County,"Wilcox County, Georgia",GA,1,GA-08,AUSTIN SCOTT,REPUBLICAN,8798,2614,54138,21.90271816881259,1,5,28,14.823006389045194,2743,822,55242.41561510808,1
13305,Wayne County,"Wayne County, Georgia",GA,1,GA-01,"EARL L. \""BUDDY\"" CARTER",REPUBLICAN,30949,11061,53427,21.303240900020644,0.5763004246284501,14,57,23.049315349601898,3694,1445,48050.25656145589,3
13289,Twiggs County,"Twiggs County, Georgia",GA,1,GA-08,AUSTIN SCOTT,REPUBLICAN,7803,2888,56324,18.167641325536064,1,8,29,9.620825524113835,1190,437,46687.36765254281,0
13249,Schley County,"Schley County, Georgia",GA,1,GA-02,"SANFORD D. BISHOP, JR.",DEMOCRAT,4513,1639,56875,13.893197429647685,1,2,10,8.548715432437735,1749,622,55663.557846592696,0
15003,Honolulu County,"Honolulu County, Hawaii",HI,2,HI-02 / HI-01,JILL N. TOKUDA / ED CASE,DEMOCRAT,1001146,338868,106195,9.22967919457273,0.016888209438587792,5,18,4.224028721297871,3885,925,73942.17096517124,0
15001,Hawaii County,"Hawaii County, Hawaii",HI,1,HI-02,JILL N. TOKUDA,DEMOCRAT,205769,74072,78639,14.944324004729996,0.5949837760244032,23,120,156.12809291827887,15789,5618,67226.69884747203,4
16013,Blaine County,"Blaine County, Idaho",ID,1,ID-02,MICHAEL K. SIMPSON,REPUBLICAN,24951,10413,92566,6.637060960839725,0.24270764667106132,14,75,9.454406699425668,3370,1355,89383.25372287071,0
16061,Lewis County,"Lewis County, Idaho",ID,1,ID-01,RUSS FULCHER,REPUBLICAN,3682,1574,51615,15.313098167897184,1,7,47,6.011632626844252,1918,870,48559.87615672909,0
16025,Camas County,"Camas County, Idaho",ID,1,ID-02,MICHAEL K. SIMPSON,REPUBLICAN,1124,370,57955,5.871886120996441,1,1,6,2.369098389797276,183,63,57955,0
16015,Boise County,"Boise County, Idaho",ID,1,ID-01,RUSS FULCHER,REPUBLICAN,8273,3593,78774,7.72116664649643,1,15,128,12.989315254931084,1453,714,73980.64136119343,0
17039,De Witt County,"De Witt County, Illinois",IL,1,IL-15,MARY E. MILLER,REPUBLICAN,15373,6595,71678,9.965567474506688,0.5280355761794276,7,55,9.480455104180779,3094,1245,79892.40689004782,0
31075,Grant County,"Grant County, Nebraska",NE,1,NE-03,ADRIAN SMITH,REPUBLICAN,626,284,70147,12.155591572123177,1,1,5,1.0060706587333685,109,51,70147,0
31091,Hooker County,"Hooker County, Nebraska",NE,1,NE-03,ADRIAN SMITH,REPUBLICAN,647,327,49464,6.2300319488817895,1,1,7,1.0691747462782253,311,143,49464,0
32015,Lander County,"Lander County, Nevada",NV,1,NV-02,MARK E. AMODEI,REPUBLICAN,5770,2129,89014,10.741643454038996,1,2,21,6.532016022997759,200,76,98913,0
34035,Somerset County,"Somerset County, New Jersey",NJ,2,NJ-07 / NJ-12,"THOMAS H. KEAN, JR. / BONNIE WATSON COLEMAN",REPUBLICAN / DEMOCRAT,349846,130802,140374,5.374285211704216,0.0753153946160684,2,9,1.0156773101701067,653,270,168358.15057926465,0
35021,Harding County,"Harding County, New Mexico",NM,1,NM-03,TERESA LEGER FERNANDEZ,DEMOCRAT,741,286,48553,19.4331983805668,1,2,22,6.977674482530737,172,75,48553,0
35051,Sierra County,"Sierra County, New Mexico",NM,1,NM-02,GABE VASQUEZ,DEMOCRAT,11500,5440,41600,21.381083237301656,0.3337076710435384,6,50,33.1497294196605,2335,1243,50253.09636727122,1
37085,Harnett County,"Harnett County, North Carolina",NC,1,NC-13,BRAD KNOTT,REPUBLICAN,139150,49845,71287,13.745310086073715,0.641560852898898,8,28,11.166050531751189,2938,1173,62725.92277282128,1
37125,Moore County,"Moore County, North Carolina",NC,1,NC-09,RICHARD HUDSON,REPUBLICAN,104876,44013,86080,10.074713533601734,0.4954325308091089,20,108,62.29847392809951,8385,3632,81313.28061370867,1
37117,Martin County,"Martin County, North Carolina",NC,1,NC-01,DONALD G. DAVIS,DEMOCRAT,21644,9502,48578,20.366541353383457,0.7493531841496074,10,69,1168.5356828501149,17387,7454,54649.48588686566,4
37051,Cumberland County,"Cumberland County, North Carolina",NC,2,NC-07 / NC-09,DAVID ROUZER / RICHARD HUDSON,REPUBLICAN,338545,129758,61291,16.69966790876066,0.1384168638416864,22,100,54.49625159387003,22865,8354,73522.87055922454,2
37059,Davie County,"Davie County, North Carolina",NC,1,NC-06,ADDISON MCDOWELL,REPUBLICAN,44122,17270,75057,9.394929938052895,0.7044156209027908,1,4,0.18581850192443197,40,15,87321,0
37083,Halifax County,"Halifax County, North Carolina",NC,1,NC-01,DONALD G. DAVIS,DEMOCRAT,47675,20383,45590,22.817704620568986,0.5605898564435852,10,65,21.6501785734463,5068,2181,40691.42082581692,9
37027,Caldwell County,"Caldwell County, North Carolina",NC,1,NC-05,VIRGINIA FOXX,REPUBLICAN,80536,32919,56425,13.369044475461164,0.4282100877845559,11,53,18.118127532554624,1551,586,63568.38093348442,0
37127,Nash County,"Nash County, North Carolina",NC,1,NC-01,DONALD G. DAVIS,DEMOCRAT,96216,38797,62426,11.838801606051296,0.49671475202695586,9,50,12.249789571089325,3844,1541,58347.52926059075,1
37015,Bertie County,"Bertie County, North Carolina",NC,1,NC-01,DONALD G. DAVIS,DEMOCRAT,17170,7143,48750,16.135216307751293,1,10,80,19.584391300863953,3148,1203,47522.680650040806,2
37093,Hoke County,"Hoke County, North Carolina",NC,1,NC-09,RICHARD HUDSON,REPUBLICAN,53835,19258,64912,17.084424022146475,0.42609730809108715,7,42,10.714058726021767,3482,1220,64928.04015569195,2
38103,Wells County,"Wells County, North Dakota",ND,1,ND-AL,JULIE FEDORCHAK,REPUBLICAN,3890,1787,66114,9.126879451332103,1,5,19,7.118811758388234,1703,816,48457.31322865137,1
47003,Bedford County,"Bedford County, Tennessee",TN,1,TN-04,SCOTT DESJARLAIS,REPUBLICAN,52237,19505,67225,12.610261902443774,0.5510878436212353,4,21,251.95675952764634,15946,6210,66342.76650170221,2
47053,Gibson County,"Gibson County, Tennessee",TN,1,TN-08,DAVID KUSTOFF,REPUBLICAN,50869,20360,62755,13.683703569923544,0.7077475262249896,13,115,632.2844298206402,17169,6840,73062.88949447482,1
47033,Crockett County,"Crockett County, Tennessee",TN,1,TN-08,DAVID KUSTOFF,REPUBLICAN,13944,5508,62165,14.519427402862986,1,6,53,43.278278434804214,3593,1458,60155.38459030584,1
47173,Union County,"Union County, Tennessee",TN,1,TN-02,TIM BURCHETT,REPUBLICAN,20431,7931,62727,13.801129048232148,1,2,9,2.477656561995782,63,30,73774.75335393735,0
47031,Coffee County,"Coffee County, Tennessee",TN,1,TN-04,SCOTT DESJARLAIS,REPUBLICAN,59710,23097,61505,17.366467207973827,0.46076111178289486,3,15,1.0120430244669203,124,54,71193.22508545844,0
47119,Maury County,"Maury County, Tennessee",TN,1,TN-05,ANDREW OGLES,REPUBLICAN,107791,42306,76130,9.846396959920236,0.37481926040366825,0,0,0,0,0,NA,0
47121,Meigs County,"Meigs County, Tennessee",TN,1,TN-04,SCOTT DESJARLAIS,REPUBLICAN,13343,5235,61375,14.273840108810639,1,0,0,0,0,0,NA,0
47107,McMinn County,"McMinn County, Tennessee",TN,1,TN-03,"CHARLES J. \""CHUCK\"" FLEISCHMANN",REPUBLICAN,54884,21218,61470,12.95728286077654,0.6166191155492154,1,6,49.46991425242196,1626,653,67980.16737631196,0
47105,Loudon County,"Loudon County, Tennessee",TN,1,TN-02,TIM BURCHETT,REPUBLICAN,58580,24056,84185,12.611854421792076,0.3565572277083409,0,0,0,0,0,NA,0
47141,Putnam County,"Putnam County, Tennessee",TN,1,TN-06,JOHN W. ROSE,REPUBLICAN,82558,33601,58912,18.3729062666295,0.3852656097377714,3,25,1.6021966648336698,52,20,51399.30452887278,0
47081,Hickman County,"Hickman County, Tennessee",TN,1,TN-07,MARK E. GREEN,REPUBLICAN,25436,9435,68247,10.644502770487023,1,1,6,2.272166113087609,99,25,50962,0
47079,Henry County,"Henry County, Tennessee",TN,1,TN-08,DAVID KUSTOFF,REPUBLICAN,32412,13452,50613,18.26868851431794,0.677722910649399,8,46,252.25064734047407,7523,3239,51590.19169620828,9
47057,Grainger County,"Grainger County, Tennessee",TN,1,TN-02,TIM BURCHETT,REPUBLICAN,24266,9660,50538,17.066079661087343,0.8443065414204955,4,35,25.46637359842146,1633,654,51570.94973461277,3
47159,Smith County,"Smith County, Tennessee",TN,1,TN-06,JOHN W. ROSE,REPUBLICAN,20389,7932,66293,10.018332259822623,1,7,39,275.89802084104724,5706,2318,73683.66867442052,0
48387,Red River County,"Red River County, Texas",TX,2,TX-04 / TX-01,PAT FALLON / NATHANIEL MORAN,REPUBLICAN,11611,4978,48491,15.618164318838044,1,10,97,643.254230925641,5542,2484,53208.35964453226,5
48219,Hockley County,"Hockley County, Texas",TX,1,TX-19,JODEY C. ARRINGTON,REPUBLICAN,21363,7915,63140,13.063322763524551,0.41491386915540696,6,77,10.306496925757928,2814,1164,73961.20193929638,0
48127,Dimmit County,"Dimmit County, Texas",TX,1,TX-23,TONY GONZALES,REPUBLICAN,8380,2998,38808,41.1058566751546,0.3482298316889147,6,66,7.832912528695335,768,277,34693.606081066326,2
48471,Walker County,"Walker County, Texas",TX,2,TX-17 / TX-08,PETE SESSIONS / MORGAN LUTTRELL,REPUBLICAN,80209,26017,52324,18.362558264895203,0.4317408376963351,23,297,542.0344106003258,19699,5149,66917.12343019317,1
48089,Colorado County,"Colorado County, Texas",TX,1,TX-10,MICHAEL T. MCCAUL,REPUBLICAN,21006,7937,66377,10.675275498810622,1,13,163,55.353877045278594,2866,1189,60770.406162266736,0
48131,Duval County,"Duval County, Texas",TX,1,TX-28,HENRY CUELLAR,DEMOCRAT,9742,3053,49038,33.27075971731449,1,5,60,23.872535997942112,2472,803,63286.59841399134,2
48475,Ward County,"Ward County, Texas",TX,1,TX-23,TONY GONZALES,REPUBLICAN,11144,4388,65952,14.923747276688454,0.21315699072483682,5,54,64.5179008283018,2777,1174,61625.00000000001,0
48225,Houston County,"Houston County, Texas",TX,1,TX-17,PETE SESSIONS,REPUBLICAN,22051,7983,56531,15.032241423781274,0.7310341702166229,12,247,204.34985230108273,3242,992,61634.98112666998,0
48347,Nacogdoches County,"Nacogdoches County, Texas",TX,1,TX-17,PETE SESSIONS,REPUBLICAN,65162,25302,53555,21.798968214345148,0.4782608695652174,18,495,1032.5915679602128,14829,5898,68896.15117702959,3
48153,Floyd County,"Floyd County, Texas",TX,1,TX-19,JODEY C. ARRINGTON,REPUBLICAN,5216,1952,58462,17.93678495249176,1,4,81,24.95169940893855,2771,989,56675.87814178977,1
48469,Victoria County,"Victoria County, Texas",TX,1,TX-27,MICHAEL CLOUD,REPUBLICAN,91413,34855,70896,16.246083165137104,0.27741214862186403,12,109,11.71706535179547,4003,1362,81775.21610076842,1
48223,Hopkins County,"Hopkins County, Texas",TX,1,TX-04,PAT FALLON,REPUBLICAN,37784,14002,70888,11.876746185256824,0.6008644358061271,11,192,537.6372165936364,7856,3200,72122.39727516763,0
48025,Bee County,"Bee County, Texas",TX,1,TX-27,MICHAEL CLOUD,REPUBLICAN,31083,8807,57673,17.595746448450612,0.5416626405127709,6,64,15.216258914954297,980,365,51877.11956447702,0
48119,Delta County,"Delta County, Texas",TX,1,TX-04,PAT FALLON,REPUBLICAN,5438,2173,66575,11.364902506963789,1,4,69,146.0548390201648,2819,1142,59190.164072235115,1
48455,Trinity County,"Trinity County, Texas",TX,1,TX-17,PETE SESSIONS,REPUBLICAN,14046,6078,52018,17.613842032867588,1,16,269,892.3188590578508,8174,3752,54412.37647197149,3
48015,Austin County,"Austin County, Texas",TX,1,TX-10,MICHAEL T. MCCAUL,REPUBLICAN,31170,12128,75789,11.95398574206092,0.7883448801670699,20,195,184.69839376752424,4669,1893,79232.42651641261,2
48151,Fisher County,"Fisher County, Texas",TX,1,TX-19,JODEY C. ARRINGTON,REPUBLICAN,3655,1564,65533,13.723315774882174,1,6,70,1113.7847831502427,2595,1104,64373.88907500157,0
48407,San Jacinto County,"San Jacinto County, Texas",TX,1,TX-08,MORGAN LUTTRELL,REPUBLICAN,28441,10881,65364,18.369313113291703,1,32,450,637.2280440440497,15087,6133,67299.38230652924,4
48405,San Augustine County,"San Augustine County, Texas",TX,1,TX-01,NATHANIEL MORAN,REPUBLICAN,7874,2940,50408,27.136864184583114,1,18,341,436.894609801712,4912,1845,46969.43220503135,4
48477,Washington County,"Washington County, Texas",TX,1,TX-10,MICHAEL T. MCCAUL,REPUBLICAN,36647,15481,77825,13.421755333196396,0.5141739980449658,13,206,650.2893101529429,11506,4924,87619.24581144794,0
48435,Sutton County,"Sutton County, Texas",TX,1,TX-23,TONY GONZALES,REPUBLICAN,3277,1273,78906,4.50920245398773,1,1,43,5.5418390012654966,1316,497,78906,0
38071,Ramsey County,"Ramsey County, North Dakota",ND,1,ND-AL,JULIE FEDORCHAK,REPUBLICAN,11556,5410,61006,15.192969740895089,0.35433003015941406,2,11,323.11303518898524,201,74,95758,0
39077,Huron County,"Huron County, Ohio",OH,1,OH-05,ROBERT E. LATTA,REPUBLICAN,58319,23490,67878,13.208430101563312,0.5142661999487749,10,78,18.11522423291298,5974,2302,70337.94352901998,0
39065,Hardin County,"Hardin County, Ohio",OH,1,OH-04,JIM JORDAN,REPUBLICAN,30475,11724,62484,17.317116164286972,0.564242898097472,6,45,10.265062514837515,3248,1274,67554.4259723521,1
40101,Muskogee County,"Muskogee County, Oklahoma",OK,1,OK-02,JOSH BRECHEEN,REPUBLICAN,66444,25739,53619,19.11905981811195,0.46037775667405295,23,164,796.1428728900181,16471,6010,60586.79061015786,7
40035,Craig County,"Craig County, Oklahoma",OK,1,OK-02,JOSH BRECHEEN,REPUBLICAN,14302,5190,51922,19.017444461010886,0.6407457290706742,9,53,244.30643806798412,1894,690,54297.750000849715,5
40075,Kiowa County,"Kiowa County, Oklahoma",OK,1,OK-03,FRANK D. LUCAS,REPUBLICAN,8383,3438,44962,22.937233394271786,1,12,92,1061.8878312972822,3318,1295,46413.561751955014,5
42091,Montgomery County,"Montgomery County, Pennsylvania",PA,3,PA-04 / PA-01 / PA-05,MADELEINE DEAN / BRIAN K. FITZPATRICK / MARY GAY SCANLON,DEMOCRAT / REPUBLICAN,867573,335505,113915,6.508293156860219,0.03336512743519666,25,127,10.737949189554499,13755,5523,100013.85749068232,0
42043,Dauphin County,"Dauphin County, Pennsylvania",PA,1,PA-10,SCOTT PERRY,REPUBLICAN,289593,121358,76242,12.872451738400713,0.14826414712239133,25,151,18.708556735875938,10328,4249,75302.82317312497,1
42027,Centre County,"Centre County, Pennsylvania",PA,1,PA-15,GLENN THOMPSON,REPUBLICAN,158576,59013,74291,16.316609034484273,0.34648989707407124,36,156,116.1626460806298,20392,8028,81121.95170774926,0
42033,Clearfield County,"Clearfield County, Pennsylvania",PA,1,PA-15,GLENN THOMPSON,REPUBLICAN,78635,32518,62152,14.613843696705558,0.6130930215237953,15,58,235.8513115038147,10405,4233,62298.14196369245,3
42063,Indiana County,"Indiana County, Pennsylvania",PA,2,PA-14 / PA-15,GUY RESCHENTHALER / GLENN THOMPSON,REPUBLICAN,83042,32487,60208,13.979337462414227,0.5984191432621387,14,49,36.50898761875254,4854,1756,62612.16872334676,1
42031,Clarion County,"Clarion County, Pennsylvania",PA,1,PA-15,GLENN THOMPSON,REPUBLICAN,37179,15049,62649,13.10763888888889,0.847963266292527,15,59,25.08228441082745,6087,2495,64921.344728121396,0
42035,Clinton County,"Clinton County, Pennsylvania",PA,1,PA-15,GLENN THOMPSON,REPUBLICAN,37798,15424,60816,14.812552068869758,0.47903871829105477,17,66,56.87848601826449,8600,3397,64641.6070106267,2
42061,Huntingdon County,"Huntingdon County, Pennsylvania",PA,1,PA-13,JOHN JOYCE,REPUBLICAN,43653,16341,65557,10.636756449067246,0.7434682028485893,21,95,34.703493128558705,7158,2468,66436.57124258982,0
42113,Sullivan County,"Sullivan County, Pennsylvania",PA,1,PA-09,DANIEL MEUSER,REPUBLICAN,5888,2551,69764,11.581173982020095,1,4,21,3.6399202763614533,554,244,72861.69864722916,0
45079,Richland County,"Richland County, South Carolina",SC,2,SC-06 / SC-02,JAMES E. CLYBURN / JOE WILSON,DEMOCRAT / REPUBLICAN,422117,167961,63784,17.199584936221907,0.08558273879182116,27,129,50.387315177698035,19956,8294,67255.252877695,8
45047,Greenwood County,"Greenwood County, South Carolina",SC,1,SC-03,SHERI BIGGS,REPUBLICAN,69489,27884,52830,15.083706031669285,0.39682196363426625,3,7,16.951393015510504,3713,1562,55707.42540148776,1
45087,Union County,"Union County, South Carolina",SC,1,SC-05,RALPH NORMAN,REPUBLICAN,26885,11611,41621,22.623767984592728,0.6428938481867568,5,18,160.0363304345115,4837,1921,58417.012593710155,2
45071,Newberry County,"Newberry County, South Carolina",SC,1,SC-03,SHERI BIGGS,REPUBLICAN,38435,15325,61780,17.3562412342216,0.6727909011373578,6,36,13.240274212040367,2547,1167,58222.923694516074,2
45049,Hampton County,"Hampton County, South Carolina",SC,1,SC-06,JAMES E. CLYBURN,DEMOCRAT,18254,7225,44711,20.68907657027798,1,8,37,23.07483371062733,4531,1701,46552.560760847016,5
45005,Allendale County,"Allendale County, South Carolina",SC,1,SC-06,JAMES E. CLYBURN,DEMOCRAT,7661,3238,32328,28.15262227460224,1,3,11,17.012575706413127,3727,1507,28175.16361240782,7
46093,Meade County,"Meade County, South Dakota",SD,1,SD-AL,DUSTY JOHNSON,REPUBLICAN,30546,11968,74790,7.09891150023663,0.3325405332976015,48,214,970.2741843531836,8690,3515,89629.5667762039,0
46073,Jerauld County,"Jerauld County, South Dakota",SD,1,SD-AL,DUSTY JOHNSON,REPUBLICAN,1772,785,73750,8.314087759815243,1,3,19,11.808258214695996,384,181,73750,0
46117,Stanley County,"Stanley County, South Dakota",SD,1,SD-AL,DUSTY JOHNSON,REPUBLICAN,3015,1290,87712,5.074626865671642,0.30033557046979864,2,35,7.1116102249338455,1066,461,87712,0
47143,Rhea County,"Rhea County, Tennessee",TN,1,TN-04,SCOTT DESJARLAIS,REPUBLICAN,33992,13475,55033,15.888466261343556,0.7052631578947368,4,32,69.42357377518651,3480,1426,57375.95941118168,2
47093,Knox County,"Knox County, Tennessee",TN,1,TN-02,TIM BURCHETT,REPUBLICAN,494148,201146,74222,12.199700636148185,0.09193249695701827,0,0,0,0,0,NA,0
21119,Knott County,"Knott County, Kentucky",KY,1,KY-05,HAROLD ROGERS,REPUBLICAN,13830,5521,41761,23.31159583239637,1,5,26,63.64594916736252,3784,1446,43140.445988917105,6
21003,Allen County,"Allen County, Kentucky",KY,1,KY-01,JAMES COMER,REPUBLICAN,21293,8035,61403,13.454753504338704,0.7747717116767049,1,7,25.695142582952446,294,116,54825,0
21139,Livingston County,"Livingston County, Kentucky",KY,1,KY-01,JAMES COMER,REPUBLICAN,8903,3603,58984,19.25992984044359,0.9534203420342034,3,17,56.459448282351346,3582,1417,70554.1632279164,1
21055,Crittenden County,"Crittenden County, Kentucky",KY,1,KY-01,JAMES COMER,REPUBLICAN,8979,3543,46656,17.717614804660727,1,2,12,15.32230330676407,2803,1166,41489.07005326975,3
21239,Woodford County,"Woodford County, Kentucky",KY,1,KY-06,ANDY BARR,REPUBLICAN,27279,10814,83788,10.520782487890962,0.3724461315172491,3,11,55.142883171549116,4096,1685,72603.80751075636,0
21193,Perry County,"Perry County, Kentucky",KY,1,KY-05,HAROLD ROGERS,REPUBLICAN,27499,11078,42181,26.836475164572114,0.7257752958943561,4,20,83.93358613112088,3780,1578,49519.7605517853,5
21181,Nicholas County,"Nicholas County, Kentucky",KY,1,KY-06,ANDY BARR,REPUBLICAN,7708,2776,59531,17.571842868441866,1,2,9,18.168442694701138,1830,672,57219.48340460395,1
21189,Owsley County,"Owsley County, Kentucky",KY,1,KY-05,HAROLD ROGERS,REPUBLICAN,3971,1567,22188,36.147074054893835,1,0,0,0,0,0,NA,0
21097,Harrison County,"Harrison County, Kentucky",KY,1,KY-04,THOMAS MASSIE,REPUBLICAN,19140,7293,66442,17.139373376451253,0.6579820243954633,1,5,5.878355517935061,88,33,74141,0
21063,Elliott County,"Elliott County, Kentucky",KY,1,KY-05,HAROLD ROGERS,REPUBLICAN,7307,2440,45776,25.11954096270322,1,0,0,0,0,0,NA,0
22015,Bossier Parish,"Bossier Parish, Louisiana",LA,1,LA-04,MIKE JOHNSON,REPUBLICAN,129789,50826,69617,15.921673482227115,0.271674459789042,16,115,17.149863004920267,3083,1143,76381.3021140763,1
22077,Pointe Coupee Parish,"Pointe Coupee Parish, Louisiana",LA,1,LA-06,CLEO FIELDS,DEMOCRAT,20217,8335,65961,16.472529120631904,0.6727044994700838,9,74,27.68512818462294,3763,1434,68271.7874368156,2
22125,West Feliciana Parish,"West Feliciana Parish, Louisiana",LA,1,LA-05,JULIA LETLOW,REPUBLICAN,15327,4026,77452,11.812984138694208,1,3,27,15.24998773024317,2186,849,77867.30635185401,0
22091,St. Helena Parish,"St. Helena Parish, Louisiana",LA,1,LA-05,JULIA LETLOW,REPUBLICAN,10858,4176,41934,32.42765422908719,1,3,22,5.305078516959883,560,218,57045.556448383555,2
22025,Catahoula Parish,"Catahoula Parish, Louisiana",LA,1,LA-05,JULIA LETLOW,REPUBLICAN,8583,3201,50275,24.28191489361702,1,8,81,13.449812807310867,2402,845,49099.417473978945,3
24027,Howard County,"Howard County, Maryland",MD,1,MD-03,SARAH ELFRETH,DEMOCRAT,336328,121065,149763,5.230751663251017,0.11877514541838065,2,12,0.43577442879282474,243,84,224297.4470226774,0
26051,Gladwin County,"Gladwin County, Michigan",MI,1,MI-02,JOHN R. MOOLENAAR,REPUBLICAN,25693,11280,55349,14.882588549438466,1,8,41,14.057638613987821,3087,1411,49998.20280790355,1
27061,Itasca County,"Itasca County, Minnesota",MN,1,MN-08,PETE STAUBER,REPUBLICAN,45275,18541,68603,12.244759206798866,0.7701159639223353,15,67,21.19788046118769,6056,2471,67104.76837263434,1
27171,Wright County,"Wright County, Minnesota",MN,1,MN-06,TOM EMMER,REPUBLICAN,148269,54010,107209,5.175329570692149,0.3916808762036834,10,53,20.485105751342747,8595,3216,95589.82530251586,1
27127,Redwood County,"Redwood County, Minnesota",MN,1,MN-07,MICHELLE FISCHBACH,REPUBLICAN,15350,6293,67866,13.266458513253172,0.7012641815235008,13,51,10.895780384239655,2769,1105,69817.90991071747,0
27097,Morrison County,"Morrison County, Minnesota",MN,1,MN-07,MICHELLE FISCHBACH,REPUBLICAN,34249,14084,69446,10.950376474773226,0.7232872684504558,8,38,14.194795737636943,2682,1058,79525.54711205202,0
27139,Scott County,"Scott County, Minnesota",MN,1,MN-02,ANGIE CRAIG,DEMOCRAT,154557,54971,119314,4.602589856504413,0.181020089049083,11,34,2.604122917185565,1377,462,136080.4892944348,1
27129,Renville County,"Renville County, Minnesota",MN,1,MN-07,MICHELLE FISCHBACH,REPUBLICAN,14558,6056,70625,11.04165203343401,1,11,52,21.557404759074,5998,2491,68544.5853888625,0
27107,Norman County,"Norman County, Minnesota",MN,1,MN-07,MICHELLE FISCHBACH,REPUBLICAN,6367,2700,72260,10.123734533183352,1,9,37,11.325211353125574,2390,1011,69626.86193357057,0
27065,Kanabec County,"Kanabec County, Minnesota",MN,1,MN-08,PETE STAUBER,REPUBLICAN,16390,6564,71460,10.016105054509415,1,4,19,0.962466043967563,229,94,87176.24280912215,0
28083,Leflore County,"Leflore County, Mississippi",MS,1,MS-02,BENNIE G. THOMPSON,DEMOCRAT,27141,10203,35277,31.50371862410908,0.3127845019231448,11,51,212.3299552714742,3601,1221,40235.842411028556,3
28131,Stone County,"Stone County, Mississippi",MS,1,MS-04,MIKE EZELL,REPUBLICAN,18894,6705,61413,16.87256355350574,1,6,37,61.66847930190711,3228,1122,64002.92929016842,2
28051,Holmes County,"Holmes County, Mississippi",MS,1,MS-02,BENNIE G. THOMPSON,DEMOCRAT,16191,6157,32538,36.357689540132135,1,22,154,351.74645990327,9736,3550,32548.92698840079,13
28157,Wilkinson County,"Wilkinson County, Mississippi",MS,1,MS-02,BENNIE G. THOMPSON,DEMOCRAT,8162,3185,35311,27.445728784888637,1,10,62,508.0875992495212,6362,2322,38491.51280374392,5
28013,Calhoun County,"Calhoun County, Mississippi",MS,1,MS-01,TRENT KELLY,REPUBLICAN,12922,5611,43125,20.40638836179633,1,20,142,1029.5647963858744,10123,4254,43159.93215022693,5
29027,Callaway County,"Callaway County, Missouri",MO,1,MO-03,BOB ONDER,REPUBLICAN,44741,16485,74176,11.648854590159944,0.6011336178669016,6,34,22.377372374916618,1225,465,74269.08874104585,0
29113,Lincoln County,"Lincoln County, Missouri",MO,1,MO-06,SAM GRAVES,REPUBLICAN,63057,22817,89278,10.226430895094534,0.7201967301171652,20,134,29.209757154705652,4745,1800,88040.53950099804,1
29123,Madison County,"Madison County, Missouri",MO,1,MO-08,JASON SMITH,REPUBLICAN,12729,4683,54434,13.196058008172422,0.6051005860921908,2,24,1279.2253272168198,8166,2902,64215.5952778313,3
29207,Stoddard County,"Stoddard County, Missouri",MO,1,MO-08,JASON SMITH,REPUBLICAN,28470,11585,57957,15.134092775774024,0.6639578683035714,23,176,756.0025696475126,12532,4981,64330.1394130253,4
30045,Judith Basin County,"Judith Basin County, Montana",MT,1,MT-02,TROY DOWNING,REPUBLICAN,2071,918,59000,13.310745401742498,1,3,21,1.1428794768570212,172,78,59000.00000000001,0
30013,Cascade County,"Cascade County, Montana",MT,1,MT-02,TROY DOWNING,REPUBLICAN,84606,35615,67690,13.056664200016984,0.20514369654322742,30,182,104.0165721130818,6345,2548,91009.44379000488,0
30007,Broadwater County,"Broadwater County, Montana",MT,1,MT-02,TROY DOWNING,REPUBLICAN,7668,2822,70374,12.650918635170603,1,2,12,4.071028607340812,1896,849,70265,0
30049,Lewis and Clark County,"Lewis and Clark County, Montana",MT,1,MT-02,TROY DOWNING,REPUBLICAN,73464,31215,78237,8.062815604017535,0.26197286291970184,46,301,21.08342076283058,12957,5452,82787.29039186555,1
30027,Fergus County,"Fergus County, Montana",MT,1,MT-02,TROY DOWNING,REPUBLICAN,11687,5303,63706,15.130480625604077,0.47370260352961735,8,49,2.614598189701912,357,154,75643.6313259798,0
30037,Golden Valley County,"Golden Valley County, Montana",MT,1,MT-02,TROY DOWNING,REPUBLICAN,899,376,58333,17.018909899888765,1,1,5,1.4454551102794653,110,50,58333,0
30039,Granite County,"Granite County, Montana",MT,1,MT-01,RYAN K. ZINKE,REPUBLICAN,3462,1514,59265,10.167992926613616,1,3,27,2.556885029327465,581,259,56132.74786786616,0
31185,York County,"York County, Nebraska",NE,1,NE-03,ADRIAN SMITH,REPUBLICAN,14286,5712,77757,9.169139465875372,0.43589380530973454,7,36,5.89089377055513,1112,455,87319.82181653375,0
37019,Brunswick County,"Brunswick County, North Carolina",NC,1,NC-07,DAVID ROUZER,REPUBLICAN,152568,69124,77024,9.232122892092328,0.36381526486359944,4,32,21.126604870111567,2184,1326,74056.97854997648,0
37119,Mecklenburg County,"Mecklenburg County, North Carolina",NC,3,NC-12 / NC-14 / NC-08,ALMA S. ADAMS / TIM MOORE / MARK HARRIS,DEMOCRAT / REPUBLICAN,1154681,466527,87005,10.361531461281334,0.008443883451279357,27,184,62.89761598519903,69422,26381,129937.75869449659,2
37145,Person County,"Person County, North Carolina",NC,1,NC-13,BRAD KNOTT,REPUBLICAN,39542,16063,63300,17.489612276632084,0.7570146047011279,2,11,2.7017226928004776,242,95,81116.4938100785,0
39171,Williams County,"Williams County, Ohio",OH,1,OH-09,MARCY KAPTUR,DEMOCRAT,36719,15476,61048,12.748344370860927,0.7510107271845183,12,83,50.46043478462172,6512,2586,65734.40766186759,1
40079,Le Flore County,"Le Flore County, Oklahoma",OK,1,OK-02,JOSH BRECHEEN,REPUBLICAN,49053,17997,51565,19.3686259574288,0.7997672920692306,23,142,853.5895887446035,16604,6236,51626.22349309699,11
02170,Matanuska-Susitna Borough,"Matanuska-Susitna Borough, Alaska",AK,1,AK-AL,NICK BEGICH,REPUBLICAN,112988,39869,94031,10.043743420336153,0.5009011869519335,49,187,30.315096657916722,0,0,NA,0
02122,Kenai Peninsula Borough,"Kenai Peninsula Borough, Alaska",AK,1,AK-AL,NICK BEGICH,REPUBLICAN,60413,24371,80538,11.814696702401955,0.7740097620707835,20,89,27.566746964253692,0,0,NA,0
41045,Malheur County,"Malheur County, Oregon",OR,1,OR-02,CLIFF BENTZ,REPUBLICAN,31954,10292,54519,17.569095921396762,0.5887048240473852,7,71,8.58725260075511,3559,1090,58131.88399683295,1
02240,Southeast Fairbanks Census Area,"Southeast Fairbanks Census Area, Alaska",AK,1,AK-AL,NICK BEGICH,REPUBLICAN,7068,2497,73882,12.699554149288078,1,8,34,33.48392083697793,0,0,NA,0
41039,Lane County,"Lane County, Oregon",OR,1,OR-04,VAL T. HOYLE,DEMOCRAT,384207,160445,71544,15.343050181225516,0.1803086917808398,52,305,52.53588996045196,10586,4324,68249.01338790022,3
41001,Baker County,"Baker County, Oregon",OR,1,OR-02,CLIFF BENTZ,REPUBLICAN,16840,7355,60936,14.853184576717956,0.413966882649388,9,47,8.335949788235736,1320,612,58028.50875975758,2
42125,Washington County,"Washington County, Pennsylvania",PA,1,PA-14,GUY RESCHENTHALER,REPUBLICAN,210042,88505,78958,9.61073235100066,0.32333567392249307,10,42,12.20033644305365,5219,2155,56832.41334947315,2
44005,Newport County,"Newport County, Rhode Island",RI,1,RI-01,GABE AMO,DEMOCRAT,84657,36868,103514,8.486657130173137,0.08502738110528589,8,66,13.1166567405758,4964,2228,107132.32693057119,0
45007,Anderson County,"Anderson County, South Carolina",SC,1,SC-03,SHERI BIGGS,REPUBLICAN,210478,83904,66651,14.571115519579877,0.4165660373653776,10,31,15.753050611279708,3306,1400,66264.55817356784,1
45083,Spartanburg County,"Spartanburg County, South Carolina",SC,2,SC-04 / SC-05,WILLIAM R. TIMMONS IV / RALPH NORMAN,REPUBLICAN,347852,131672,66234,14.497970707605434,0.29515208980569946,4,14,8.117503853802454,3127,925,38954.42717274278,4
46127,Union County,"Union County, South Dakota",SD,1,SD-AL,DUSTY JOHNSON,REPUBLICAN,17081,7310,89636,6.214454976303317,0.5790851228362381,7,45,250.29268511569464,7851,3546,90641.46347920588,0
04009,Graham County,"Graham County, Arizona",AZ,2,AZ-06 / AZ-02,JUAN CISCOMANI / ELIJAH CRANE,REPUBLICAN,39232,12746,67325,17.262655624417267,0.5242778916772637,5,37,43.281719687061916,1023,366,92476.51151704896,0
47183,Weakley County,"Weakley County, Tennessee",TN,1,TN-08,DAVID KUSTOFF,REPUBLICAN,33016,13384,51880,19.03959015596122,0.6743662999209774,4,33,33.06768880444046,3846,1575,52305.47942532758,1
48071,Chambers County,"Chambers County, Texas",TX,2,TX-36 / TX-14,"BRIAN BABIN / RANDY K. WEBER, SR.",REPUBLICAN,51498,17229,109804,11.850836840559852,0.541066328831247,24,228,27.36953510747869,11319,4256,116638.56193881527,0
48377,Presidio County,"Presidio County, Texas",TX,1,TX-23,TONY GONZALES,REPUBLICAN,5930,2418,43802,32,1,4,40,92.58648516529385,1691,901,45162.89010597612,1
48087,Collingsworth County,"Collingsworth County, Texas",TX,1,TX-13,RONNY JACKSON,REPUBLICAN,2588,975,61280,21.75632911392405,1,5,44,921.6815454059717,1774,653,61280,1
49025,Kane County,"Kane County, Utah",UT,1,UT-02,CELESTE MALOY,REPUBLICAN,8170,3456,77092,9.534619750283769,1,14,118,109.64298342523678,1957,848,75480.21104718915,0
49005,Cache County,"Cache County, Utah",UT,1,UT-01,BLAKE D. MOORE,REPUBLICAN,140046,44439,81665,11.952382358150794,0.14439671357976477,17,164,181.52956379384366,15986,5032,105136.57659797948,0
49003,Box Elder County,"Box Elder County, Utah",UT,1,UT-01,BLAKE D. MOORE,REPUBLICAN,61246,19557,84550,8.41279757990267,0.3173793916692679,32,272,499.7383077899417,19914,6399,95437.42632890605,0
50009,Essex County,"Essex County, Vermont",VT,1,VT-AL,BECCA BALINT,DEMOCRAT,5982,2823,59294,13.848469643753136,1,12,56,24.79824611648265,1461,697,54407.76908610706,1
51141,Patrick County,"Patrick County, Virginia",VA,1,VA-09,H. MORGAN GRIFFITH,REPUBLICAN,17512,7781,53038,11.668127373648845,1,4,26,5.878773532296722,750,337,49345.1785109605,1
51027,Buchanan County,"Buchanan County, Virginia",VA,1,VA-09,H. MORGAN GRIFFITH,REPUBLICAN,19415,7530,42886,25.215860969037013,1,4,16,0.29890811736773787,29,12,44530.26459625175,1
51093,Isle of Wight County,"Isle of Wight County, Virginia",VA,1,VA-02,JENNIFER A. KIGGANS,REPUBLICAN,39974,15756,95241,6.75134195206774,0.5845464435579961,17,89,63.136131176262566,5331,2134,81063.37845233799,0
51095,James City County,"James City County, Virginia",VA,1,VA-01,ROBERT J. WITTMAN,REPUBLICAN,81013,31990,109985,6.8363790799055675,0.14161576405039997,11,64,12.93486854749567,1297,529,115175.10825131093,0
54065,Morgan County,"Morgan County, West Virginia",WV,1,WV-02,RILEY MOORE,REPUBLICAN,17426,7342,72179,11.16504854368932,1,6,30,2.2119780879039044,612,268,66754.11913498942,0
54023,Grant County,"Grant County, West Virginia",WV,1,WV-02,RILEY MOORE,REPUBLICAN,10983,4393,62361,13.261648745519713,1,5,43,21.155762331528667,1696,684,59524.35323505757,3
55075,Marinette County,"Marinette County, Wisconsin",WI,1,WI-08,TONY WIED,REPUBLICAN,42046,19051,63809,9.757938827196572,0.6076136797860145,9,37,17.49568271316921,2739,1210,63190.91983641746,0
56005,Campbell County,"Campbell County, Wyoming",WY,1,WY-AL,HARRIET M. HAGEMAN,REPUBLICAN,47240,17988,89869,9.44310448789732,0.26802194530685153,43,272,43.337532197971655,11479,4507,89382.61416268686,2
05039,Dallas County,"Dallas County, Arkansas",AR,1,AR-04,BRUCE WESTERMAN,REPUBLICAN,6242,2558,42500,13.920881321982975,1,9,41,570.7771615549248,5616,2208,49936.14398201712,3
05117,Prairie County,"Prairie County, Arkansas",AR,1,AR-01,"ERIC A. \""RICK\"" CRAWFORD",REPUBLICAN,8064,3256,51646,11.84159938485198,1,5,19,66.65063630304438,2428,967,63286.300312542204,1
05067,Jackson County,"Jackson County, Arkansas",AR,1,AR-01,"ERIC A. \""RICK\"" CRAWFORD",REPUBLICAN,16712,6076,44218,21.662927650028042,0.6450611757684274,11,43,516.1833204735748,9094,3016,47542.44356865941,2
05075,Lawrence County,"Lawrence County, Arkansas",AR,1,AR-01,"ERIC A. \""RICK\"" CRAWFORD",REPUBLICAN,16238,6613,44882,20.098572617295012,0.596694622594968,12,56,184.10853499874887,7481,3174,44965.22706185941,5
48269,King County,"King County, Texas",TX,1,TX-13,RONNY JACKSON,REPUBLICAN,211,111,46645,23.696682464454977,1,3,69,432.65303451250134,134,56,46645,1
48345,Motley County,"Motley County, Texas",TX,1,TX-13,RONNY JACKSON,REPUBLICAN,1183,460,61154,16.06086221470837,1,4,49,70.76891364198502,492,213,61154,0
51111,Lunenburg County,"Lunenburg County, Virginia",VA,1,VA-05,JOHN J. MCGUIRE III,REPUBLICAN,12016,4771,54842,15.893439652047844,1,2,20,10.241781010164404,2370,867,57374.420431467675,1
51177,Spotsylvania County,"Spotsylvania County, Virginia",VA,1,VA-07,EUGENE S. VINDMAN,DEMOCRAT,146603,52481,112738,7.101988172500377,0.32040533592321757,3,56,7.436036220875257,2904,1008,118589.39530988228,0
51087,Henrico County,"Henrico County, Virginia",VA,2,VA-04 / VA-01,JENNIFER L. MCCLELLAN / ROBERT J. WITTMAN,DEMOCRAT / REPUBLICAN,335744,137365,88783,8.794242453467065,0.03694200467120629,0,0,0,0,0,NA,0
51101,King William County,"King William County, Virginia",VA,1,VA-01,ROBERT J. WITTMAN,REPUBLICAN,18593,7352,86056,5.856562922868742,1,9,81,25.024954519355198,4476,1870,84174.41305064764,0
51155,Pulaski County,"Pulaski County, Virginia",VA,1,VA-09,H. MORGAN GRIFFITH,REPUBLICAN,33687,14456,62028,14.367603550295858,0.4259171597633136,6,41,4.605209601822517,754,317,56444.39715567622,0
51187,Warren County,"Warren County, Virginia",VA,1,VA-06,BEN CLINE,REPUBLICAN,41531,15339,84682,11.643818698283315,0.602401355366219,8,91,8.043363097988024,708,239,119189.67806150629,0
51137,Orange County,"Orange County, Virginia",VA,1,VA-07,EUGENE S. VINDMAN,DEMOCRAT,37822,14856,94008,9.833471883296237,0.5668340045236387,4,24,5.346610125799736,1392,617,72603.90523254106,0
51067,Franklin County,"Franklin County, Virginia",VA,1,VA-09,H. MORGAN GRIFFITH,REPUBLICAN,55130,22999,68849,12.654492818171695,0.9006736788002276,22,193,43.84947518863101,3700,1653,89307.87992511957,1
51139,Page County,"Page County, Virginia",VA,1,VA-06,BEN CLINE,REPUBLICAN,23727,9911,57037,11.345916237058498,0.7999915643848328,4,40,6.86017875647749,1811,670,67008.29547199793,0
51127,New Kent County,"New Kent County, Virginia",VA,1,VA-01,ROBERT J. WITTMAN,REPUBLICAN,25105,9263,123314,4.732999753916824,1,17,137,31.764548493096893,4630,1862,123119.16279332565,0
51125,Nelson County,"Nelson County, Virginia",VA,1,VA-05,JOHN J. MCGUIRE III,REPUBLICAN,14732,6364,72589,12.472781709308656,1,5,47,8.805565498588402,725,377,102319.94937849787,1
51145,Powhatan County,"Powhatan County, Virginia",VA,1,VA-05,JOHN J. MCGUIRE III,REPUBLICAN,31555,11325,110537,4.552392328621673,0.9809118781525071,5,58,5.420808131623025,1437,510,119198.58190430618,0
51075,Goochland County,"Goochland County, Virginia",VA,1,VA-05,JOHN J. MCGUIRE III,REPUBLICAN,26410,10342,118931,5.142700113846033,0.927285962712824,6,49,7.3700685927909,1848,788,156898.8469755394,0
51037,Charlotte County,"Charlotte County, Virginia",VA,1,VA-05,JOHN J. MCGUIRE III,REPUBLICAN,11422,4704,58000,18.93634165995165,1,4,48,8.329010238161658,933,375,57636.19213533464,1
51063,Floyd County,"Floyd County, Virginia",VA,1,VA-09,H. MORGAN GRIFFITH,REPUBLICAN,15593,6627,62191,9.842722702075545,1,2,27,3.9636203179170173,879,373,60363.658885149955,0
51097,King and Queen County,"King and Queen County, Virginia",VA,1,VA-01,ROBERT J. WITTMAN,REPUBLICAN,6695,3003,70469,17.88386710565699,1,4,24,0.674033694279078,164,74,67282.91803448954,1
53007,Chelan County,"Chelan County, Washington",WA,1,WA-08,KIM SCHRIER,DEMOCRAT,80172,31520,82381,8.269155380199047,0.3362925866909477,41,133,88.82213412215566,7121,2788,95388.49688713529,0
53037,Kittitas County,"Kittitas County, Washington",WA,1,WA-08,KIM SCHRIER,DEMOCRAT,47172,19993,73804,14.379185759605217,0.42792701355526985,29,94,79.88138439430116,7414,3453,84496.17585149607,0
53041,Lewis County,"Lewis County, Washington",WA,1,WA-03,MARIE GLUESENKAMP PEREZ,DEMOCRAT,85154,32916,74796,12.220410203911579,0.6017845621979574,54,160,149.12091951114542,12142,4921,79951.0940091313,1
53025,Grant County,"Grant County, Washington",WA,1,WA-04,DAN NEWHOUSE,REPUBLICAN,101799,35398,73267,15.848012926633425,0.44869505563794476,61,172,91.2089997259164,16807,6187,73100.6524602817,1
54021,Gilmer County,"Gilmer County, West Virginia",WV,1,WV-01,CAROL D. MILLER,REPUBLICAN,7288,2254,47981,18.986844688788533,1,6,33,59.83099259761205,3357,1195,49584.68247844575,3
54033,Harrison County,"Harrison County, West Virginia",WV,1,WV-02,RILEY MOORE,REPUBLICAN,64984,26353,60377,14.36136046748445,0.4427572397263391,18,99,105.1530124029785,20809,7863,62801.892641446466,3
54017,Doddridge County,"Doddridge County, West Virginia",WV,1,WV-02,RILEY MOORE,REPUBLICAN,7711,2554,57401,14.841042639746874,1,2,14,7.476090425164273,1198,380,59466.20561943212,0
54085,Ritchie County,"Ritchie County, West Virginia",WV,1,WV-02,RILEY MOORE,REPUBLICAN,8286,3389,50582,21.56474374845259,1,5,33,30.180571152660537,2519,1010,50641.230519838704,2
54005,Boone County,"Boone County, West Virginia",WV,1,WV-01,CAROL D. MILLER,REPUBLICAN,21026,7927,57093,16.238244514106583,1,0,0,0,0,0,NA,0
54093,Tucker County,"Tucker County, West Virginia",WV,1,WV-02,RILEY MOORE,REPUBLICAN,6654,2840,53358,15.344242050015437,1,5,41,26.548585620082932,1945,808,53758.33300287045,0
54087,Roane County,"Roane County, West Virginia",WV,1,WV-01,CAROL D. MILLER,REPUBLICAN,13786,5704,45778,19.057377049180328,1,4,39,58.81464323078767,3312,1296,46867.74145221309,3
54001,Barbour County,"Barbour County, West Virginia",WV,1,WV-02,RILEY MOORE,REPUBLICAN,15424,6152,51394,19.975655937246415,1,11,96,119.30222124740789,7491,2897,54524.70092358589,4
54013,Calhoun County,"Calhoun County, West Virginia",WV,1,WV-01,CAROL D. MILLER,REPUBLICAN,6048,2525,43980,32.862836267020924,1,4,28,28.02597506875275,1940,820,41676.44129694298,5
55111,Sauk County,"Sauk County, Wisconsin",WI,2,WI-02 / WI-03,MARK POCAN / DERRICK VAN ORDEN,DEMOCRAT / REPUBLICAN,66009,27987,79541,8.058731569751403,0.4470446907835713,20,86,30.823418874884304,4432,1836,80459.87511920114,0
55113,Sawyer County,"Sawyer County, Wisconsin",WI,1,WI-07,THOMAS P. TIFFANY,REPUBLICAN,18476,8810,60801,15.614747261302341,1,9,38,11.316348048922872,2534,1243,58969.56660587304,2
55001,Adams County,"Adams County, Wisconsin",WI,1,WI-03,DERRICK VAN ORDEN,REPUBLICAN,21123,9517,59442,14.12575787209075,1,10,42,14.958080007280982,2555,1261,62329.61135417011,1
01003,Baldwin County,"Baldwin County, Alabama",AL,1,AL-01,BARRY MOORE,REPUBLICAN,246989,98574,78775,10.092700217272553,0.3758645536249768,3,16,6.951916500743555,1722,698,76434.45490773754,0
01005,Barbour County,"Barbour County, Alabama",AL,1,AL-02,SHOMARI FIGURES,DEMOCRAT,24643,9128,46042,21.38256961497475,0.6591999365658328,7,56,135.60701928685157,2521,844,38239.682075103265,4
01129,Washington County,"Washington County, Alabama",AL,1,AL-02,SHOMARI FIGURES,DEMOCRAT,15143,5963,61042,17.10806494543519,1,13,103,44.0153005177945,2072,812,65538.15420513759,3
01107,Pickens County,"Pickens County, Alabama",AL,1,AL-07,TERRI A. SEWELL,DEMOCRAT,18721,6764,46274,19.995321363822445,1,3,20,15.121353818427103,1754,594,40967.36022853847,4
01049,DeKalb County,"DeKalb County, Alabama",AL,1,AL-04,ROBERT B. ADERHOLT,REPUBLICAN,72269,26181,51204,22.35726041271047,0.882973969388895,2,18,11.710712772356617,1342,481,50859.77594832961,1
21089,Greenup County,"Greenup County, Kentucky",KY,1,KY-04,THOMAS MASSIE,REPUBLICAN,35501,14739,60751,15.429782602468995,0.42683944163283466,4,26,27.399034209151576,7799,3351,59936.84728544211,1
04027,Yuma County,"Yuma County, Arizona",AZ,2,AZ-09 / AZ-07,PAUL A. GOSAR / RAúL M. GRIJALVA,REPUBLICAN / DEMOCRAT,211741,79341,62876,15.600007850294876,0.1510047527724506,21,115,64.52824304960073,5808,2365,64970.02534978956,5
05091,Miller County,"Miller County, Arkansas",AR,1,AR-04,BRUCE WESTERMAN,REPUBLICAN,42360,16359,48836,24.573918971562136,0.39906103286384975,7,61,37.54936247474572,2802,1054,57897.16803915918,5
05081,Little River County,"Little River County, Arkansas",AR,1,AR-04,BRUCE WESTERMAN,REPUBLICAN,11821,4820,53344,15.525587828492393,1,6,20,18.695738221770803,1872,778,52100.90429862464,1
06065,Riverside County,"Riverside County, California",CA,6,CA-25 / CA-41 / CA-48 / CA-39 / CA-35 / CA-40,RAUL RUIZ / KEN CALVERT / DARRELL ISSA / MARK TAKANO / NORMA J. TORRES / YOUNG KIM,DEMOCRAT / REPUBLICAN,2478600,775335,93074,10.617039021328036,0.054734852792486924,64,299,120.55212792930635,17460,5351,81890.07644254099,3
06013,Contra Costa County,"Contra Costa County, California",CA,3,CA-10 / CA-08 / CA-09,MARK DESAULNIER / JOHN GARAMENDI / JOSH HARDER,DEMOCRAT,1165012,414417,127229,8.36068637239007,0.010001483797870707,32,111,27.2872115421358,35322,11497,198407.8391678354,0
06023,Humboldt County,"Humboldt County, California",CA,1,CA-02,JARED HUFFMAN,DEMOCRAT,134541,54922,61160,18.67050399046238,0.31534555154144345,40,174,984.0977948726019,103001,42002,63932.996085425795,20
08023,Costilla County,"Costilla County, Colorado",CO,1,CO-03,JEFF HURD,REPUBLICAN,3607,1651,36861,21.00418410041841,1,8,49,20.029923250624023,977,462,36430.02819312189,3
08069,Larimer County,"Larimer County, Colorado",CO,3,CO-02 / CO-04 / CO-08,JOE NEGUSE / LAUREN BOEBERT / GABE EVANS,DEMOCRAT / REPUBLICAN,367368,154232,93765,11.19598501939753,0.10244077690452452,13,120,22.27657349449961,3228,1371,117162.3960979272,0
08107,Routt County,"Routt County, Colorado",CO,1,CO-02,JOE NEGUSE,DEMOCRAT,25084,11281,106489,5.1538896518297115,0.417817874259938,10,69,10.237586195448383,1939,843,89364.06919621075,0
09110,Capitol Planning Region,"Capitol Planning Region, Connecticut",CT,3,CT-02 / CT-01 / CT-05,JOE COURTNEY / JOHN B. LARSON / JAHANA HAYES,DEMOCRAT,977290,391113,93394,10.289595988141393,NA,94,651,63.94116759809694,0,0,NA,0
12123,Taylor County,"Taylor County, Florida",FL,1,FL-02,NEAL P. DUNN,REPUBLICAN,21503,7976,49073,17.344345616264295,0.7003578638282254,3,13,12.838760891049104,2114,791,51719.830057004474,2
12101,Pasco County,"Pasco County, Florida",FL,2,FL-12 / FL-15,GUS M. BILIRAKIS / LAUREL M. LEE,REPUBLICAN,611444,236163,70492,11.097267393793192,0.07244821504526679,46,212,44.611931127845175,25394,11201,62274.421055833234,9
12033,Escambia County,"Escambia County, Florida",FL,1,FL-01,MATT GAETZ,REPUBLICAN,325923,129027,67500,14.710745953828726,0.07626162998400149,3,21,46.70967922606292,2984,915,50306.150778893265,1
12089,Nassau County,"Nassau County, Florida",FL,1,FL-04,AARON BEAN,REPUBLICAN,97859,39307,89804,9.682274592276448,0.43769922082521695,5,17,18.156909473393434,3768,1415,72009.54999309815,0
13039,Camden County,"Camden County, Georgia",GA,1,GA-01,"EARL L. \""BUDDY\"" CARTER",REPUBLICAN,56970,21693,74378,12.873311427528295,0.29581142272860067,6,30,3.927713772286224,911,399,62151.976936106024,0
13181,Lincoln County,"Lincoln County, Georgia",GA,1,GA-12,RICK W. ALLEN,REPUBLICAN,7854,2997,56907,17.014466777621305,1,2,6,8.687967228828215,1001,423,42912,1
13313,Whitfield County,"Whitfield County, Georgia",GA,1,GA-14,MARJORIE TAYLOR GREENE,REPUBLICAN,103598,36834,67070,14.836601307189543,0.3489267382174522,0,0,0,0,0,NA,0
13033,Burke County,"Burke County, Georgia",GA,1,GA-12,RICK W. ALLEN,REPUBLICAN,24470,9184,53014,18.340193754937424,0.7518702228004553,7,31,5.4812944635444705,1034,420,45375.70558702117,3
16029,Caribou County,"Caribou County, Idaho",ID,1,ID-02,MICHAEL K. SIMPSON,REPUBLICAN,7162,2474,68782,9.210340443565475,1,8,54,10.748024663994753,2300,809,67568.92822592398,0
16007,Bear Lake County,"Bear Lake County, Idaho",ID,1,ID-02,MICHAEL K. SIMPSON,REPUBLICAN,6650,2278,75260,7.018076864651375,1,12,67,21.947314905203225,2764,990,71832.65554730411,0
17003,Alexander County,"Alexander County, Illinois",IL,1,IL-12,MIKE BOST,REPUBLICAN,4875,1904,47043,19.023674837628327,0.9694656488549618,8,74,16.498692565026936,2535,923,45622.59570280818,2
18123,Perry County,"Perry County, Indiana",IN,1,IN-08,MARK MESSMER,REPUBLICAN,19270,7758,61151,14.961379155938655,0.5429838288993218,5,32,24.456114474114244,2361,955,54231.984215769684,2
20075,Hamilton County,"Hamilton County, Kansas",KS,1,KS-01,TRACEY MANN,REPUBLICAN,2471,757,70250,7.032520325203252,1,3,20,34.575254603250826,1234,371,70250,0
32003,Clark County,"Clark County, Nevada",NV,3,NV-04 / NV-03 / NV-01,STEVEN HORSFORD / SUSIE LEE / DINA TITUS,DEMOCRAT,2329548,862518,76472,13.037466619234168,0.012689249561126853,22,237,44.24139114795538,6020,903,78097.133223259,3
22051,Jefferson Parish,"Jefferson Parish, Louisiana",LA,2,LA-01 / LA-02,STEVE SCALISE / TROY A. CARTER,REPUBLICAN / DEMOCRAT,430920,177003,65252,16.59138278287598,0.015713018483101585,0,0,0,0,0,NA,0
04021,Pinal County,"Pinal County, Arizona",AZ,4,AZ-02 / AZ-06 / AZ-07 / AZ-05,ELIJAH CRANE / JUAN CISCOMANI / RAúL M. GRIJALVA / ANDY BIGGS,REPUBLICAN / DEMOCRAT,469006,161917,80266,11.10072146491057,0.2303204597614658,45,329,339.7572800557417,25008,9234,72842.51597049757,4
26099,Macomb County,"Macomb County, Michigan",MI,2,MI-09 / MI-10,LISA C. MCCLAIN / JOHN JAMES,REPUBLICAN,879853,358668,77837,10.407837828536028,0.03209992544401663,7,38,5.169436340849184,2468,907,100855.40289293799,0
26147,St. Clair County,"St. Clair County, Michigan",MI,1,MI-09,LISA C. MCCLAIN,REPUBLICAN,160221,67816,71270,11.27997980308003,0.39506057375158216,10,50,23.052911480972746,7067,2885,68021.41402457953,0
12105,Polk County,"Polk County, Florida",FL,4,FL-18 / FL-11 / FL-15 / FL-09,SCOTT FRANKLIN / DANIEL WEBSTER / LAUREL M. LEE / DARREN SOTO,REPUBLICAN / DEMOCRAT,790694,289425,65978,14.46754310383804,0.10884688695613795,105,364,299.0843807708239,56959,22958,62926.91519760352,17
19149,Plymouth County,"Plymouth County, Iowa",IA,1,IA-04,RANDY FEENSTRA,REPUBLICAN,25747,10313,83251,6.904029650658465,0.6054945910187564,10,75,15.46103882164362,3048,1191,92460.61677911646,0
36061,New York County,"New York County, New York",NY,3,NY-12 / NY-13 / NY-10,JERROLD NADLER / ADRIANO ESPAILLAT / DANIEL S. GOLDMAN,DEMOCRAT / WORKING FAMILIES / DEMOCRAT,1629477,778281,103931,16.524508369221333,0,0,0,0,0,0,NA,0
20131,Nemaha County,"Nemaha County, Kansas",KS,1,KS-02,DEREK SCHMIDT,REPUBLICAN,10160,4031,77348,9.298316771445954,1,13,128,1723.2696920763447,8413,3290,77003.26347170072,0
01001,Autauga County,"Autauga County, Alabama",AL,1,AL-06,GARY J. PALMER,REPUBLICAN,59947,22917,72481,11.28950907868191,0.4067681319615679,3,34,8.76224272549104,670,308,45685.68387897894,1
01025,Clarke County,"Clarke County, Alabama",AL,2,AL-07 / AL-02,TERRI A. SEWELL / SHOMARI FIGURES,DEMOCRAT,22543,8423,49249,20.056713327631993,1,3,23,10.391276383027368,487,199,48568.61513562701,0
40113,Osage County,"Osage County, Oklahoma",OK,1,OK-03,FRANK D. LUCAS,REPUBLICAN,45997,17374,62847,13.093004859306136,0.7306298834519185,28,195,1561.9104672485307,9319,3625,65213.01448396135,2
36059,Nassau County,"Nassau County, New York",NY,3,NY-03 / NY-04 / NY-02,THOMAS R. SUOZZI / LAURA A. GILLEN / ANDREW R. GARBARINO,COMMON SENSE / DEMOCRAT / CONSERVATIVE / REPUBLICAN,1389591,458166,146202,5.417856249074297,0.004290809257086033,6,46,14.173140782127474,8679,3096,188398.2889680395,0
21095,Harlan County,"Harlan County, Kentucky",KY,1,KY-05,HAROLD ROGERS,REPUBLICAN,25772,10731,41693,27.37118738552202,0.7708993328612426,13,54,230.99027885280685,19011,7660,40977.345365170986,15
36111,Ulster County,"Ulster County, New York",NY,2,NY-19 / NY-18,JOSH RILEY / PATRICK RYAN,DEMOCRAT / WORKING FAMILIES,182601,74278,86271,14.635357791251327,0.5612341972274004,80,419,62.79132563986417,15964,6327,91924.71818318218,2
48061,Cameron County,"Cameron County, Texas",TX,1,TX-34,VICENTE GONZALEZ,DEMOCRAT,426120,138433,52601,24.82613162392353,0.1758147533235,10,103,104.91688998554334,9492,3336,55859.3803852394,7
21127,Lawrence County,"Lawrence County, Kentucky",KY,1,KY-05,HAROLD ROGERS,REPUBLICAN,16077,6342,46772,21.777582638148402,0.7602037684895354,1,7,0.01915614754432038,0,0,NA,0
22087,St. Bernard Parish,"St. Bernard Parish, Louisiana",LA,2,LA-01 / LA-02,STEVE SCALISE / TROY A. CARTER,REPUBLICAN / DEMOCRAT,44419,16219,58651,22.961820984855354,0.05376565213417421,0,0,0,0,0,NA,0
01047,Dallas County,"Dallas County, Alabama",AL,1,AL-07,TERRI A. SEWELL,DEMOCRAT,36858,15947,35627,31.0388328214129,0.44862461650460195,1,5,2.0728768160812288,194,64,34922,0
22085,Sabine Parish,"Sabine Parish, Louisiana",LA,1,LA-04,MIKE JOHNSON,REPUBLICAN,21977,8785,50329,23.716347488204274,1,12,98,68.90162064095341,3868,1591,45602.42118048028,5
22119,Webster Parish,"Webster Parish, Louisiana",LA,1,LA-04,MIKE JOHNSON,REPUBLICAN,35820,14334,41182,23.133365817306313,0.49711905212757324,27,251,106.24339614654613,6124,2391,42392.64661200413,10
23015,Lincoln County,"Lincoln County, Maine",ME,1,ME-01,CHELLIE PINGREE,DEMOCRAT,36099,16592,76875,7.899872719558761,0.9129608082413372,11,71,11.926354632523044,1998,941,75429.59070223618,0
01035,Conecuh County,"Conecuh County, Alabama",AL,1,AL-02,SHOMARI FIGURES,DEMOCRAT,11275,4417,41327,27.849462365591396,1,6,31,10.23012551686481,684,279,38598.77039926689,7
24009,Calvert County,"Calvert County, Maryland",MD,1,MD-05,STENY H. HOYER,DEMOCRAT,94313,33465,133922,3.868892273932912,0.6189064807130616,28,156,14.350517877333129,8720,3215,129782.68920080921,0
24043,Washington County,"Washington County, Maryland",MD,1,MD-06,APRIL MCCLAIN DELANEY,DEMOCRAT,155709,59818,77747,12.418186107647198,0.3222714197989722,20,119,25.132759981576545,10470,4282,81439.40120223245,2
26055,Grand Traverse County,"Grand Traverse County, Michigan",MI,1,MI-01,JACK BERGMAN,REPUBLICAN,96166,40287,81647,9.634138635549846,0.43172893172893173,16,101,22.79889722903513,9415,4020,71666.68172537812,3
26013,Baraga County,"Baraga County, Michigan",MI,1,MI-01,JACK BERGMAN,REPUBLICAN,8191,3433,55327,15.22708275285595,1,3,32,11.016560294820266,2156,932,56555.85473903613,0
26071,Iron County,"Iron County, Michigan",MI,1,MI-01,JACK BERGMAN,REPUBLICAN,11667,5547,55940,16.987321571061266,1,15,73,37.891564375247725,4810,2177,50729.67310925646,2
27069,Kittson County,"Kittson County, Minnesota",MN,1,MN-07,MICHELLE FISCHBACH,REPUBLICAN,4084,1774,76100,9.139240506329115,1,7,28,16.213720110054165,1177,495,74213.62059133514,0
27089,Marshall County,"Marshall County, Minnesota",MN,1,MN-07,MICHELLE FISCHBACH,REPUBLICAN,8909,3781,72543,8.301972858934885,1,13,52,175.03297004265823,3675,1505,70459.8705341333,0
28103,Noxubee County,"Noxubee County, Mississippi",MS,1,MS-03,MICHAEL GUEST,REPUBLICAN,10025,3946,33833,26.327007002943265,1,9,54,512.7161450070114,4275,1550,43464.321122723864,2
29143,New Madrid County,"New Madrid County, Missouri",MO,1,MO-08,JASON SMITH,REPUBLICAN,15731,6695,51881,17.68356414946433,0.8742850188633321,18,135,1339.2453354954114,12821,5246,50627.34890801436,9
29095,Jackson County,"Jackson County, Missouri",MO,3,MO-05 / MO-04 / MO-06,EMANUEL CLEAVER / MARK ALFORD / SAM GRAVES,DEMOCRAT / REPUBLICAN,719976,306798,68577,14.088936038918499,0.04268938823542535,11,59,61.17782217244808,11568,4845,90010.03214250301,0
29157,Perry County,"Perry County, Missouri",MO,1,MO-08,JASON SMITH,REPUBLICAN,18976,7525,62981,13.853700609131582,0.5746993036505592,10,79,267.4584942401741,4820,1866,70000.41729212008,0
30061,Mineral County,"Mineral County, Montana",MT,1,MT-01,RYAN K. ZINKE,REPUBLICAN,4959,2150,63450,13.525179856115107,1,7,39,5.196385798902698,1118,527,63119.34338139484,0
30083,Richland County,"Richland County, Montana",MT,1,MT-02,TROY DOWNING,REPUBLICAN,11235,4422,73084,6.5976252120346395,0.43242537638151596,4,25,5.329574733520743,526,199,84677.67951228053,0
30057,Madison County,"Madison County, Montana",MT,1,MT-01,RYAN K. ZINKE,REPUBLICAN,9223,3740,75250,6.173513986013986,1,7,49,12.41033286473149,1374,605,67836.23929742166,0
32009,Esmeralda County,"Esmeralda County, Nevada",NV,1,NV-04,STEVEN HORSFORD,DEMOCRAT,1028,503,41715,12.426614481409002,1,3,42,1.060851787585636,113,78,41715,0
34033,Salem County,"Salem County, New Jersey",NJ,1,NJ-02,JEFFERSON VAN DREW,REPUBLICAN,65275,24846,79960,12.676892318265596,0.5315791908940882,11,58,3.4065488729754794,2232,741,97387.74480366708,0
34007,Camden County,"Camden County, New Jersey",NJ,1,NJ-01,DONALD NORCROSS,DEMOCRAT,527257,202540,88755,12.40074838877877,0.013077738617152354,10,57,9.970783816210336,6398,2523,88792.19885179373,0
34015,Gloucester County,"Gloucester County, New Jersey",NJ,2,NJ-02 / NJ-01,JEFFERSON VAN DREW / DONALD NORCROSS,REPUBLICAN / DEMOCRAT,306954,112545,105115,7.7012225378567125,0.11316797554698406,15,83,27.213732293192784,15066,5247,107774.02616442794,0
37087,Haywood County,"Haywood County, North Carolina",NC,1,NC-11,CHUCK EDWARDS,REPUBLICAN,62662,27123,61912,13.125040429523255,0.46884311230652775,11,61,11.317420377724195,3212,1380,64315.62049455289,1
37021,Buncombe County,"Buncombe County, North Carolina",NC,1,NC-11,CHUCK EDWARDS,REPUBLICAN,274360,101855,74436,11.83535691856814,0.22303415821741907,25,147,13.045700480359134,3708,1311,109573.19995807724,5
37065,Edgecombe County,"Edgecombe County, North Carolina",NC,1,NC-01,DONALD G. DAVIS,DEMOCRAT,48736,19652,51265,21.732865555694776,0.4479550102249489,10,63,11.849330650236885,2834,1139,54374.08422481471,4
38059,Morton County,"Morton County, North Dakota",ND,1,ND-AL,JULIE FEDORCHAK,REPUBLICAN,33777,13946,79382,8.042911691617673,0.288906911777958,6,27,8.625787191407253,1152,404,73228.0052017887,0
38055,McLean County,"McLean County, North Dakota",ND,1,ND-AL,JULIE FEDORCHAK,REPUBLICAN,9823,4377,83583,8.882669983416251,1,11,37,15.289958984658488,2261,1064,85559.63415013261,0
38007,Billings County,"Billings County, North Dakota",ND,1,ND-AL,JULIE FEDORCHAK,REPUBLICAN,1024,407,86806,10.805500982318271,1,1,6,0.8468395401754634,51,22,86806,0
40111,Okmulgee County,"Okmulgee County, Oklahoma",OK,1,OK-02,JOSH BRECHEEN,REPUBLICAN,36899,14246,54029,18.018955479933627,0.530785157739879,15,119,1054.2422570947365,13722,5362,62141.37656133169,9
41005,Clackamas County,"Clackamas County, Oregon",OR,4,OR-05 / OR-03 / OR-06 / OR-02,JANELLE S. BYNUM / MAXINE E. DEXTER / ANDREA SALINAS / CLIFF BENTZ,DEMOCRAT / REPUBLICAN,423975,163845,103517,7.706158322940793,0.17109593949705862,53,273,88.95770246826798,15729,6609,120899.57963489389,0
41003,Benton County,"Benton County, Oregon",OR,2,OR-04 / OR-05,VAL T. HOYLE / JANELLE S. BYNUM,DEMOCRAT,96303,38537,77702,18.20275472285886,0.1940557236510338,11,61,6.143017591934721,2118,866,96276.09167873769,1
41023,Grant County,"Grant County, Oregon",OR,1,OR-02,CLIFF BENTZ,REPUBLICAN,7209,3444,59450,12.82453637660485,1,8,63,14.816224103468935,2872,1345,61814.26384414529,2
42003,Allegheny County,"Allegheny County, Pennsylvania",PA,2,PA-17 / PA-12,CHRISTOPHER R. DELUZIO / SUMMER L. LEE,DEMOCRAT,1238177,545802,78548,11.522916652812045,0.02414643468859999,13,53,40.16387748851262,16914,7779,77733.14133618787,3
42041,Cumberland County,"Cumberland County, Pennsylvania",PA,2,PA-10 / PA-13,SCOTT PERRY / JOHN JOYCE,REPUBLICAN,268323,106427,87494,7.479238503210824,0.20886502819219252,19,84,15.939912050437176,7592,2971,79143.84312688609,0
42067,Juniata County,"Juniata County, Pennsylvania",PA,1,PA-13,JOHN JOYCE,REPUBLICAN,23379,9025,66318,9.700199289489646,1,12,61,6.930667050101005,2341,869,69998.50832336376,1
45075,Orangeburg County,"Orangeburg County, South Carolina",SC,2,SC-06 / SC-02,JAMES E. CLYBURN / JOE WILSON,DEMOCRAT / REPUBLICAN,83253,33077,45675,22.441374637708435,0.654821129620175,13,48,43.876831784528015,6464,2575,45914.48001701662,12
45067,Marion County,"Marion County, South Carolina",SC,1,SC-07,RUSSELL FRY,REPUBLICAN,28664,12177,36301,29.990489274014582,0.5910975567967652,1,4,1.658873628860304,369,169,32700,0
45009,Bamberg County,"Bamberg County, South Carolina",SC,1,SC-06,JAMES E. CLYBURN,DEMOCRAT,13042,4644,44370,24.295717309884385,1,2,10,3.9880370052274476,414,159,37490.39761858213,0
46137,Ziebach County,"Ziebach County, South Dakota",SD,1,SD-AL,DUSTY JOHNSON,REPUBLICAN,2377,735,53958,33.48758939840135,1,2,34,5100.620234827608,2013,613,53958,1
12045,Gulf County,"Gulf County, Florida",FL,1,FL-02,NEAL P. DUNN,REPUBLICAN,15131,5944,61179,12.467928159076331,1,1,3,10.20230592825191,2377,940,53439.58689536967,1
12029,Dixie County,"Dixie County, Florida",FL,1,FL-03,KAT CAMMACK,REPUBLICAN,17058,6236,50110,20.90685002594707,1,6,28,10.71517577217237,3609,1160,47074.658943286224,1
12129,Wakulla County,"Wakulla County, Florida",FL,1,FL-02,NEAL P. DUNN,REPUBLICAN,35387,12745,81895,6.686704056022061,0.7001540101883663,4,19,16.509384149835412,2273,955,68927.5694088646,0
17097,Lake County,"Lake County, Illinois",IL,4,IL-10 / IL-09 / IL-05 / IL-11,BRADLEY SCOTT SCHNEIDER / JANICE D. SCHAKOWSKY / MIKE QUIGLEY / BILL FOSTER,DEMOCRAT,714223,258455,110416,8.336152015993806,0.01415288475268149,53,394,62.18073021990512,45066,17258,117761.09813770851,0
16087,Washington County,"Washington County, Idaho",ID,1,ID-01,RUSS FULCHER,REPUBLICAN,11142,4202,54000,15.28069374714742,0.4758095238095238,2,12,1.888392454208658,265,121,70865,0
05009,Boone County,"Boone County, Arkansas",AR,1,AR-01,"ERIC A. \""RICK\"" CRAWFORD",REPUBLICAN,38138,15363,55143,11.708176503563706,0.626735878843015,13,47,406.1604694023322,10583,4040,62116.17426611532,2
06073,San Diego County,"San Diego County, California",CA,5,CA-48 / CA-49 / CA-50 / CA-51 / CA-52,DARRELL ISSA / MIKE LEVIN / SCOTT H. PETERS / SARA JACOBS / JUAN VARGAS,REPUBLICAN / DEMOCRAT,3288774,1171278,106268,10.27902300054464,0.04394637295316789,50,327,554.9791874049747,409116,134720,116982.47116080688,8
06053,Monterey County,"Monterey County, California",CA,2,CA-18 / CA-19,ZOE LOFGREN / JIMMY PANETTA,DEMOCRAT,437613,132489,97230,12.732517112831832,0.14253305545115993,146,616,190.66868596148018,30270,8565,117185.53250408973,1
06045,Mendocino County,"Mendocino County, California",CA,1,CA-02,JARED HUFFMAN,DEMOCRAT,90244,34842,68092,15.361652754779044,0.48464536413357934,35,197,59.78750210373391,5981,2458,91405.90772359946,3
06017,El Dorado County,"El Dorado County, California",CA,2,CA-03 / CA-05,KEVIN KILEY / TOM MCCLINTOCK,REPUBLICAN,192662,76185,108845,7.988940400466218,0.366723330805241,17,75,22.871029197469266,5045,2528,88126.24793905581,0
06093,Siskiyou County,"Siskiyou County, California",CA,1,CA-01,DOUG LAMALFA,REPUBLICAN,43466,19079,59095,16.38264189598175,0.7091387603230783,29,140,314.94287687168384,11186,4616,56872.63742225476,7
08113,San Miguel County,"San Miguel County, Colorado",CO,1,CO-03,JEFF HURD,REPUBLICAN,7968,4604,79024,9.25553319919517,0.43173934588701685,7,62,92.17568822077315,1318,618,73077.11259978978,0
08071,Las Animas County,"Las Animas County, Colorado",CO,1,CO-03,JEFF HURD,REPUBLICAN,14413,6513,52074,18.708354689902613,0.428169014084507,10,62,6.786358186101779,1777,752,45450.28302184244,2
08057,Jackson County,"Jackson County, Colorado",CO,1,CO-02,JOE NEGUSE,DEMOCRAT,1372,658,47667,14.641288433382138,1,2,15,2.2741580574282185,307,147,47667,0
22107,Tensas Parish,"Tensas Parish, Louisiana",LA,1,LA-05,JULIA LETLOW,REPUBLICAN,3935,1578,36615,34.43383356070942,1,5,33,10.113662043600742,1688,578,30649.918048295352,3
22017,Caddo Parish,"Caddo Parish, Louisiana",LA,2,LA-04 / LA-06,MIKE JOHNSON / CLEO FIELDS,REPUBLICAN / DEMOCRAT,230004,95771,50705,22.377171612995003,0.15965658740035654,26,182,77.25157027168508,8906,3533,56400.06287453364,8
23027,Waldo County,"Waldo County, Maine",ME,1,ME-02,JARED F. GOLDEN,DEMOCRAT,40192,17470,72782,12.002748721081163,0.9052187744590603,13,94,18.04866197628218,1828,821,81744.50111815707,0
23017,Oxford County,"Oxford County, Maine",ME,1,ME-02,JARED F. GOLDEN,DEMOCRAT,59255,24140,60173,13.825106558504055,0.8276822957232116,18,145,53.76747234935353,10122,4242,62890.30167829945,4
24025,Harford County,"Harford County, Maryland",MD,1,MD-01,ANDY HARRIS,REPUBLICAN,263757,101795,112265,7.137973837486871,0.20928699544695006,13,98,4.390831399870229,3871,1546,103260.20986766131,0
24047,Worcester County,"Worcester County, Maryland",MD,1,MD-01,ANDY HARRIS,REPUBLICAN,53700,24136,81745,9.940725638992713,0.40958825772016777,15,91,12.93370895570838,3962,1704,69267.44807918035,2
24003,Anne Arundel County,"Anne Arundel County, Maryland",MD,2,MD-03 / MD-05,SARAH ELFRETH / STENY H. HOYER,DEMOCRAT,598166,224748,124911,5.644186898230073,0.07482393019425052,20,109,13.205314154772216,9357,3582,146394.6546519697,0
24023,Garrett County,"Garrett County, Maryland",MD,1,MD-06,APRIL MCCLAIN DELANEY,DEMOCRAT,28615,12578,67688,11.246646395993562,0.8421162257862945,16,114,133.2031959583509,6009,2605,62224.592643267446,2
37029,Camden County,"Camden County, North Carolina",NC,1,NC-01,DONALD G. DAVIS,DEMOCRAT,10927,4011,91078,6.141804788213628,0.9475615644616128,1,3,0.03940522392757276,13,5,81524,0
37161,Rutherford County,"Rutherford County, North Carolina",NC,1,NC-14,TIM MOORE,REPUBLICAN,64930,26642,51410,16.750431914559446,0.6778598473092918,12,86,33.011916126365925,4346,1824,59234.36540069247,2
38035,Grand Forks County,"Grand Forks County, North Dakota",ND,1,ND-AL,JULIE FEDORCHAK,REPUBLICAN,72923,31295,68075,13.204839040393685,0.1922782561158945,7,45,1230.3488652610213,4259,1583,94940.12175500307,0
39161,Van Wert County,"Van Wert County, Ohio",OH,1,OH-05,ROBERT E. LATTA,REPUBLICAN,28826,11549,67917,8.979935456713905,0.5042342124364868,4,30,6.439701222099353,2545,993,81624.47353096839,0
02050,Bethel Census Area,"Bethel Census Area, Alaska",AK,1,AK-AL,NICK BEGICH,REPUBLICAN,18394,4828,73996,25.608945969884854,0.7269366763098682,25,119,183.71101131434443,0,0,NA,0
41019,Douglas County,"Douglas County, Oregon",OR,2,OR-02 / OR-04,CLIFF BENTZ / VAL T. HOYLE,REPUBLICAN / DEMOCRAT,112072,47519,61310,16.268629753409808,0.4037913328117553,19,92,18.167185302992273,5641,2395,62746.468107909546,3
42111,Somerset County,"Somerset County, Pennsylvania",PA,2,PA-14 / PA-13,GUY RESCHENTHALER / JOHN JOYCE,REPUBLICAN,72799,29344,61446,10.98582098261174,0.7759716170459604,33,157,111.5581616833914,16659,6855,61653.46583567997,2
42045,Delaware County,"Delaware County, Pennsylvania",PA,1,PA-05,MARY GAY SCANLON,DEMOCRAT,579222,216946,89546,10.172789511285348,0.007848066154672954,3,11,0.04179095521598044,30,12,130114.24556644242,0
42103,Pike County,"Pike County, Pennsylvania",PA,1,PA-08,"ROB BRESNAHAN, JR.",REPUBLICAN,60621,24262,81323,9.8110440897124,0.8723327923464593,37,199,43.104895388845954,13108,5847,77484.30185569299,0
45019,Charleston County,"Charleston County, South Carolina",SC,2,SC-01 / SC-06,NANCY MACE / JAMES E. CLYBURN,REPUBLICAN / DEMOCRAT,420264,178975,88494,11.319949260867444,0.09059977708917658,7,32,49.2858768343569,2817,1231,153064.1785254107,0
45003,Aiken County,"Aiken County, South Carolina",SC,1,SC-02,JOE WILSON,REPUBLICAN,174160,69916,70609,14.339840402898162,0.3701957253210748,16,98,40.144756011776366,9172,3652,65889.7911189326,6
45021,Cherokee County,"Cherokee County, South Carolina",SC,1,SC-05,RALPH NORMAN,REPUBLICAN,56647,22063,50288,18.41583801700533,0.6612708125800484,3,13,0.4410704083934461,0,0,NA,0
45057,Lancaster County,"Lancaster County, South Carolina",SC,1,SC-05,RALPH NORMAN,REPUBLICAN,104475,40128,78869,11.417000895603755,0.379363856023996,5,30,19.853017366591043,3723,1547,68341.93067054333,0
28109,Pearl River County,"Pearl River County, Mississippi",MS,1,MS-04,MIKE EZELL,REPUBLICAN,57458,21880,58135,16.49882570635542,0.7096624810757859,8,61,86.41891624151286,10230,4268,62646.69910465229,1
29023,Butler County,"Butler County, Missouri",MO,1,MO-08,JASON SMITH,REPUBLICAN,42020,16594,49089,20.50341359119512,0.514621409921671,12,93,618.5389560301273,7924,3085,49444.56172634535,6
47063,Hamblen County,"Hamblen County, Tennessee",TN,1,TN-01,DIANA HARSHBARGER,REPUBLICAN,65669,26146,55454,18.354724702380953,0.22660816446766616,2,16,0.7020399816014952,2,1,57900,0
47187,Williamson County,"Williamson County, Tennessee",TN,2,TN-05 / TN-07,ANDREW OGLES / MARK E. GREEN,REPUBLICAN,260351,92214,135594,4.642172314411491,0.1864196733487805,1,2,0.1359910751029899,134,48,186249.99999999997,0
47117,Marshall County,"Marshall County, Tennessee",TN,1,TN-05,ANDREW OGLES,REPUBLICAN,36049,13622,71049,11.776621184414124,0.6522524622647008,2,11,0.8792950195611968,111,42,71556.67251432246,0
48473,Waller County,"Waller County, Texas",TX,1,TX-10,MICHAEL T. MCCAUL,REPUBLICAN,61552,18342,80397,14.634832448398326,0.7736028453709899,25,292,68.52354802047093,8683,3193,81762.75495566383,2
48161,Freestone County,"Freestone County, Texas",TX,2,TX-06 / TX-17,JAKE ELLZEY / PETE SESSIONS,REPUBLICAN,20049,7090,59960,12.29684641050479,1,22,366,754.9035815496101,10298,3863,71502.00750273578,2
48453,Travis County,"Travis County, Texas",TX,5,TX-10 / TX-35 / TX-37 / TX-17 / TX-21,MICHAEL T. MCCAUL / GREG CASAR / LLOYD DOGGETT / PETE SESSIONS / CHIP ROY,REPUBLICAN / DEMOCRAT,1330015,583747,99611,10.928039405513921,0.05110650540851411,67,775,132.84587882922077,58223,24170,154252.07097740678,0
48495,Winkler County,"Winkler County, Texas",TX,1,TX-23,TONY GONZALES,REPUBLICAN,7454,2762,86900,16.22134816221348,0.18097805159799768,1,31,3.0299001446871823,589,248,93026,0
48491,Williamson County,"Williamson County, Texas",TX,4,TX-31 / TX-17 / TX-10 / TX-37,JOHN R. CARTER / PETE SESSIONS / MICHAEL T. MCCAUL / LLOYD DOGGETT,REPUBLICAN / DEMOCRAT,672688,252323,111340,6.430708697990881,0.09152618071416725,23,227,62.259385901342895,21367,7553,133021.6593449928,0
48423,Smith County,"Smith County, Texas",TX,1,TX-01,NATHANIEL MORAN,REPUBLICAN,241740,83134,74192,11.567868263115972,0.3492476839458795,29,437,380.0043848724607,16146,5658,73342.17369495382,2
48461,Upton County,"Upton County, Texas",TX,1,TX-23,TONY GONZALES,REPUBLICAN,3191,1360,49167,16.038961038961038,1,3,23,8.422166522116363,2024,809,48229.418007696855,1
48373,Polk County,"Polk County, Texas",TX,1,TX-08,MORGAN LUTTRELL,REPUBLICAN,52800,19517,62259,17.464765684128704,0.88843445124992515,59,804,808.6643046359261,28086,10679,62573.636504452545,8
48241,Jasper County,"Jasper County, Texas",TX,1,TX-36,BRIAN BABIN,REPUBLICAN,32727,13845,56723,20.743851611466386,0.7785627653123105,19,231,885.2608800274413,14366,5861,57835.62987407131,3
48449,Titus County,"Titus County, Texas",TX,1,TX-01,NATHANIEL MORAN,REPUBLICAN,31363,11156,58425,17.100012871669456,0.5065446282843153,5,55,68.53964091052127,1405,522,67139.28603808429,1
48389,Reeves County,"Reeves County, Texas",TX,1,TX-23,TONY GONZALES,REPUBLICAN,12664,4224,64297,16.75513698630137,0.11303227556278818,3,73,655.830333155438,1965,318,72085.75908143808,0
48437,Swisher County,"Swisher County, Texas",TX,1,TX-19,JODEY C. ARRINGTON,REPUBLICAN,6937,2383,36165,30.098163394553517,1,3,57,7.799846575670352,672,193,43024.28905140571,3
48173,Glasscock County,"Glasscock County, Texas",TX,1,TX-11,AUGUST PFLUGER,REPUBLICAN,1068,460,101250,8.895131086142323,1,1,15,2.3702208206061925,6,2,101250,0
49057,Weber County,"Weber County, Utah",UT,1,UT-01,BLAKE D. MOORE,REPUBLICAN,269648,94125,90005,8.086928481976138,0.05591424093233622,20,136,114.10735603600011,12999,4770,110230.27823467401,0
49047,Uintah County,"Uintah County, Utah",UT,1,UT-03,MIKE KENNEDY,REPUBLICAN,37056,12145,73746,11.765510824051013,0.44764177428411006,7,49,648.6443806928166,4162,1353,72990.8558603802,1
49029,Morgan County,"Morgan County, Utah",UT,1,UT-01,BLAKE D. MOORE,REPUBLICAN,12802,3785,130929,1.4159430493624345,1,10,77,19.40068703502932,4355,1312,142315.20924640677,0
49017,Garfield County,"Garfield County, Utah",UT,1,UT-02,CELESTE MALOY,REPUBLICAN,5219,2042,61875,9.810874704491725,1,13,98,163.6534892417534,2450,996,64004.242598876335,0
51003,Albemarle County,"Albemarle County, Virginia",VA,2,VA-05 / VA-07,JOHN J. MCGUIRE III / EUGENE S. VINDMAN,REPUBLICAN / DEMOCRAT,114919,45912,104392,7.66912789990361,0.4037457182258997,12,139,20.71357165741126,3660,1643,98717.48875361554,1
51840,Winchester city,"Winchester city, Virginia",VA,1,VA-06,BEN CLINE,REPUBLICAN,27913,11492,63974,21.48757241637077,0,0,0,0,0,0,NA,0
51163,Rockbridge County,"Rockbridge County, Virginia",VA,1,VA-06,BEN CLINE,REPUBLICAN,22531,9552,65469,7.505015502462156,0.9007947019867549,7,50,16.44423537637047,1558,668,62439.578021327725,0
54081,Raleigh County,"Raleigh County, West Virginia",WV,1,WV-01,CAROL D. MILLER,REPUBLICAN,73195,29004,52150,22.815485168426346,0.43065517287608424,9,55,33.205898833925396,4050,1603,60534.44476012,5
54083,Randolph County,"Randolph County, West Virginia",WV,1,WV-02,RILEY MOORE,REPUBLICAN,27576,10678,52757,15.910350835511206,0.6022841185736789,10,67,38.57786170429156,4530,1680,58624.230875509005,4
54007,Braxton County,"Braxton County, West Virginia",WV,1,WV-01,CAROL D. MILLER,REPUBLICAN,12208,4790,50331,20.415283805633564,1,5,50,32.23085090583204,3283,1282,53206.61735877565,5
55099,Price County,"Price County, Wisconsin",WI,1,WI-07,THOMAS P. TIFFANY,REPUBLICAN,14092,6539,60546,11.855151602241701,1,4,26,13.267128672741938,3193,1477,56888.1064947439,1
56035,Sublette County,"Sublette County, Wyoming",WY,1,WY-AL,HARRIET M. HAGEMAN,REPUBLICAN,8838,3693,83597,6.886329950974804,1,5,47,11.315826634090326,1985,837,76822.93636804698,0
06039,Madera County,"Madera County, California",CA,2,CA-05 / CA-13,TOM MCCLINTOCK / ADAM GRAY,REPUBLICAN / DEMOCRAT,160940,45379,76627,19.202074218116998,0.3860740456305398,60,270,38.588486954806115,15006,4338,83251.61949116662,4
06033,Lake County,"Lake County, California",CA,1,CA-04,MIKE THOMPSON,DEMOCRAT,68152,26940,60621,16.966381153115986,0.40787524023297095,35,185,44.53238303025593,14387,6137,58696.754811831925,4
08037,Eagle County,"Eagle County, Colorado",CO,2,CO-02 / CO-03,JOE NEGUSE / JEFF HURD,DEMOCRAT / REPUBLICAN,55135,22058,104096,8.688826825840133,0.18510344332597656,15,126,27.417662010003156,5359,2116,96128.55138937825,0
08109,Saguache County,"Saguache County, Colorado",CO,1,CO-03,JEFF HURD,REPUBLICAN,6580,3397,50082,17.770992366412212,1,5,34,8.319151716387479,1895,990,52872.2072098332,2
09140,Naugatuck Valley Planning Region,"Naugatuck Valley Planning Region, Connecticut",CT,4,CT-05 / CT-03 / CT-04 / CT-01,JAHANA HAYES / ROSA L. DELAURO / JAMES A. HIMES / JOHN B. LARSON,DEMOCRAT,454969,180116,86191,11.21286660359508,NA,27,172,19.924233715472045,0,0,NA,0
12001,Alachua County,"Alachua County, Florida",FL,1,FL-03,KAT CAMMACK,REPUBLICAN,285492,116786,61949,21.166644284286075,0.23241449645919818,13,58,25.31899375619038,7323,3065,68206.39747080013,5
13303,Washington County,"Washington County, Georgia",GA,1,GA-12,RICK W. ALLEN,REPUBLICAN,19849,7330,46023,17.167808976343135,0.6449369621773063,7,30,11.580998431372183,2311,861,39704.35982741765,5
13157,Jackson County,"Jackson County, Georgia",GA,1,GA-09,ANDREW S. CLYDE,REPUBLICAN,84757,28402,89544,7.3066107430532385,0.6281897585202946,7,42,35.64263836616588,4101,1457,73281.77987852508,0
13309,Wheeler County,"Wheeler County, Georgia",GA,1,GA-12,RICK W. ALLEN,REPUBLICAN,7335,1615,40539,32.72816486751717,1,2,10,3.971170756626988,519,114,48378,1
13171,Lamar County,"Lamar County, Georgia",GA,1,GA-03,BRIAN JACK,REPUBLICAN,19571,7133,67062,9.593023255813954,0.6310810810810811,3,8,1.5625569778871042,221,84,80643,0
13221,Oglethorpe County,"Oglethorpe County, Georgia",GA,1,GA-10,MIKE COLLINS,REPUBLICAN,15509,5411,75034,11.597431529288428,1,13,73,33.272553505974344,2117,768,71632.30684690959,1
13317,Wilkes County,"Wilkes County, Georgia",GA,2,GA-12 / GA-10,RICK W. ALLEN / MIKE COLLINS,REPUBLICAN,9549,4133,52043,17.812864257709016,1,2,15,7.4145612767329085,390,182,55200.96955855493,1
13079,Crawford County,"Crawford County, Georgia",GA,1,GA-02,"SANFORD D. BISHOP, JR.",DEMOCRAT,12225,4441,67116,11.601198402130493,1,2,8,0.4011464707018019,59,21,62114.916572930415,0
13141,Hancock County,"Hancock County, Georgia",GA,1,GA-10,MIKE COLLINS,REPUBLICAN,8650,2922,40082,30.63754427390791,1,8,46,14.334220492426004,1902,568,41111.49611287394,2
13025,Brantley County,"Brantley County, Georgia",GA,1,GA-01,"EARL L. \""BUDDY\"" CARTER",REPUBLICAN,18315,6599,58239,17.082143641555017,0.9932301204150713,8,34,8.727473699935075,1492,538,65745.03411877697,1
16035,Clearwater County,"Clearwater County, Idaho",ID,1,ID-01,RUSS FULCHER,REPUBLICAN,9012,3636,60000,13.22514230350006,1,8,59,9.415615102439848,2416,1019,58341.87468886286,2
17175,Stark County,"Stark County, Illinois",IL,1,IL-16,DARIN LAHOOD,REPUBLICAN,5308,2285,62878,11.050689454262963,1,5,45,7.008260452467046,2107,890,64235.895932966225,0
18125,Pike County,"Pike County, Indiana",IN,1,IN-08,MARK MESSMER,REPUBLICAN,12154,5021,71334,10.675799849636622,1,4,17,13.706537051968581,1428,601,71567.20960093602,0
19107,Keokuk County,"Keokuk County, Iowa",IA,1,IA-01,MARIANNETTE MILLER-MEEKS,REPUBLICAN,9924,4068,62329,12.129904722876754,1,12,75,17.39460879914367,3383,1386,62988.57755007316,0
19017,Bremer County,"Bremer County, Iowa",IA,1,IA-02,ASHLEY HINSON,REPUBLICAN,25204,9716,86784,7.325311378509605,0.63346406275012,8,58,13.74162543882476,5039,2027,80550.0561923687,0
19081,Hancock County,"Hancock County, Iowa",IA,1,IA-04,RANDY FEENSTRA,REPUBLICAN,10671,4673,70601,12.152311528870133,1,8,56,14.446359623268096,4253,1880,71186.14462266858,0
20149,Pottawatomie County,"Pottawatomie County, Kansas",KS,1,KS-01,TRACEY MANN,REPUBLICAN,26204,9381,92325,6.6627996906419185,0.6553968754931355,17,147,1416.7814918945405,9017,3189,81745.80544167684,0
21067,Fayette County,"Fayette County, Kentucky",KY,1,KY-06,ANDY BARR,REPUBLICAN,323725,139715,69479,14.92535875641812,0.029274266050779676,1,4,3.5681625096414065,111,21,151042,0
21049,Clark County,"Clark County, Kentucky",KY,1,KY-06,ANDY BARR,REPUBLICAN,37192,15055,64348,14.579500837428956,0.28992210321324247,2,8,3.1103311826891105,120,38,97045,0
21051,Clay County,"Clay County, Kentucky",KY,1,KY-05,HAROLD ROGERS,REPUBLICAN,19921,7288,40900,32.35358272439743,1,0,0,0,0,0,NA,0
21043,Carter County,"Carter County, Kentucky",KY,2,KY-05 / KY-04,HAROLD ROGERS / THOMAS MASSIE,REPUBLICAN,26341,10794,51235,19.179467237021193,0.796522326961355,0,0,0,0,0,NA,0
21229,Washington County,"Washington County, Kentucky",KY,1,KY-01,JAMES COMER,REPUBLICAN,12140,4852,61616,12.749204221812699,1,0,0,0,0,0,NA,0
21033,Caldwell County,"Caldwell County, Kentucky",KY,1,KY-01,JAMES COMER,REPUBLICAN,12618,5025,59583,15.146893562369561,0.5210688591983555,2,7,13.732264609973274,545,270,78292.41202572934,0
22099,St. Martin Parish,"St. Martin Parish, Louisiana",LA,1,LA-03,CLAY HIGGINS,REPUBLICAN,51353,19579,55960,15.263137270269212,0.5220893619487318,4,18,6.457400596660212,922,345,49015.54583331579,1
22063,Livingston Parish,"Livingston Parish, Louisiana",LA,2,LA-05 / LA-01,JULIA LETLOW / STEVE SCALISE,REPUBLICAN,148115,53596,80122,12.861481759546804,0.3875683501778159,19,144,74.24630494288283,5904,2384,72445.30601016489,1
22033,East Baton Rouge Parish,"East Baton Rouge Parish, Louisiana",LA,2,LA-06 / LA-05,CLEO FIELDS / JULIA LETLOW,DEMOCRAT / REPUBLICAN,452938,177295,63071,19.595053240968234,0.06858209951814984,2,13,2.5393403923993634,167,72,74692.5139049255,0
22059,LaSalle Parish,"LaSalle Parish, Louisiana",LA,1,LA-05,JULIA LETLOW,REPUBLICAN,14789,5049,68497,16.01423487544484,1,10,80,36.5998936701747,3578,1187,53138.58488912439,2
22021,Caldwell Parish,"Caldwell Parish, Louisiana",LA,1,LA-05,JULIA LETLOW,REPUBLICAN,9500,3716,47028,29.782608695652176,1,12,116,23.075480810018718,2916,1117,57177.57325423127,5
25015,Hampshire County,"Hampshire County, Massachusetts",MA,2,MA-01 / MA-02,RICHARD E. NEAL / JAMES P. MCGOVERN,DEMOCRAT,162028,62114,87001,11.314789132168752,0.28546960100549573,23,170,33.44634383169285,9548,3966,97197.15760439476,1
26079,Kalkaska County,"Kalkaska County, Michigan",MI,1,MI-01,JACK BERGMAN,REPUBLICAN,18239,7789,68578,12.242182302062542,1,3,19,11.245442312776172,1843,788,67690.45458599522,1
27023,Chippewa County,"Chippewa County, Minnesota",MN,1,MN-07,MICHELLE FISCHBACH,REPUBLICAN,12377,5126,71458,14.532814698336505,0.5720749325289729,6,31,6.836813893617822,1520,623,71667.38017677913,0
27125,Red Lake County,"Red Lake County, Minnesota",MN,1,MN-07,MICHELLE FISCHBACH,REPUBLICAN,3915,1671,77188,7.199590058929029,1,3,13,5.519204602163039,1151,492,74266.40381553386,0
28049,Hinds County,"Hinds County, Mississippi",MS,2,MS-02 / MS-03,BENNIE G. THOMPSON / MICHAEL GUEST,DEMOCRAT / REPUBLICAN,218533,89578,49402,22.674670668667666,0.17579980855529503,17,115,330.6304368022082,10862,4071,58050.80614473641,2
28053,Humphreys County,"Humphreys County, Mississippi",MS,1,MS-02,BENNIE G. THOMPSON,DEMOCRAT,7395,2900,33731,27.03551912568306,1,11,58,58.22769969044627,1453,581,29282.07758018068,4
29195,Saline County,"Saline County, Missouri",MO,1,MO-04,MARK ALFORD,REPUBLICAN,23231,8053,57931,16.414467613950915,0.4226631809025843,17,114,1405.3284650371334,7492,2784,62533.256373094635,1
29169,Pulaski County,"Pulaski County, Missouri",MO,1,MO-04,MARK ALFORD,REPUBLICAN,53894,16851,64466,12.670830356525547,0.41299230840515244,9,97,513.8696055199982,10608,4106,58206.159049884634,3
30015,Chouteau County,"Chouteau County, Montana",MT,1,MT-02,TROY DOWNING,REPUBLICAN,5906,2159,58218,11.187371310912834,1,9,67,722.8089368198677,1557,596,63410.08146262003,0
30073,Pondera County,"Pondera County, Montana",MT,2,MT-02 / MT-01,TROY DOWNING / RYAN K. ZINKE,REPUBLICAN,6035,2268,52338,21.940928270042193,1,8,70,1252.623071440788,2814,1163,52907.91048478954,1
31093,Howard County,"Howard County, Nebraska",NE,1,NE-03,ADRIAN SMITH,REPUBLICAN,6534,2504,76767,4.818153559216661,1,6,31,5.496419890391988,1753,687,69188,0
31113,Logan County,"Logan County, Nebraska",NE,1,NE-03,ADRIAN SMITH,REPUBLICAN,773,299,74271,5.613577023498695,1,1,5,0.4939448837490016,140,59,74270.99999999999,0
31103,Keya Paha County,"Keya Paha County, Nebraska",NE,1,NE-03,ADRIAN SMITH,REPUBLICAN,822,302,64000,7.177615571776156,1,1,7,0.9650638834216555,110,43,63999.99999999999,0
35043,Sandoval County,"Sandoval County, New Mexico",NM,2,NM-03 / NM-01,TERESA LEGER FERNANDEZ / MELANIE A. STANSBURY,DEMOCRAT,153604,56895,86636,9.95771863914233,0.1915489740247524,26,257,186.01557593516335,7733,2849,96381.65436969028,1
36077,Otsego County,"Otsego County, New York",NY,1,NY-19,JOSH RILEY,DEMOCRAT / WORKING FAMILIES,60108,23189,68885,12.539276049328901,0.7271375845806849,38,191,31.610020621598267,7266,2902,71280.7994960889,0
36067,Onondaga County,"Onondaga County, New York",NY,1,NY-22,JOHN W. MANNION,DEMOCRAT / WORKING FAMILIES,471129,197760,76945,13.803829773978363,0.1463938251811062,17,104,25.17093244338361,5684,2353,84097.22367033974,1
28007,Attala County,"Attala County, Mississippi",MS,1,MS-02,BENNIE G. THOMPSON,DEMOCRAT,17526,6627,51639,18.002681746633243,0.624573760411426,16,104,977.6252113770787,7556,3074,57615.96571416502,1
28029,Copiah County,"Copiah County, Mississippi",MS,1,MS-02,BENNIE G. THOMPSON,DEMOCRAT,27855,10060,49089,22.969742248785955,0.8217357586012408,15,103,315.98070797861817,6883,2342,60340.52056345445,3
29015,Benton County,"Benton County, Missouri",MO,1,MO-04,MARK ALFORD,REPUBLICAN,20151,8573,52567,19.870084092854626,1,24,148,51.42871824170286,5079,2298,51032.7651903749,3
29041,Chariton County,"Chariton County, Missouri",MO,1,MO-06,SAM GRAVES,REPUBLICAN,7390,2681,71520,8.779322938614975,1,11,90,377.6487506103013,2848,1051,63630.90253248617,1
30087,Rosebud County,"Rosebud County, Montana",MT,1,MT-02,TROY DOWNING,REPUBLICAN,8165,3070,49914,24.45048160039516,1,4,28,13.012968133835502,2859,1133,73634.5571584047,1
30055,McCone County,"McCone County, Montana",MT,1,MT-02,TROY DOWNING,REPUBLICAN,1670,798,69375,5.042527339003645,1,1,8,1.5497869183700503,202,93,69375,0
31077,Greeley County,"Greeley County, Nebraska",NE,1,NE-03,ADRIAN SMITH,REPUBLICAN,2202,958,63929,13.075506445672191,1,4,17,5.297570480621867,611,267,63928.99999999999,0
51041,Chesterfield County,"Chesterfield County, Virginia",VA,2,VA-01 / VA-04,ROBERT J. WITTMAN / JENNIFER L. MCCLELLAN,REPUBLICAN / DEMOCRAT,377869,140155,101931,7.05752836141505,0.08031041179762335,1,3,0.15279736534900695,95,34,250001,0
51005,Alleghany County,"Alleghany County, Virginia",VA,1,VA-06,BEN CLINE,REPUBLICAN,14859,6383,56188,11.64294065057424,0.5313670104447218,10,56,11.729705214121429,2657,1154,54270.360131649555,1
51017,Bath County,"Bath County, Virginia",VA,1,VA-06,BEN CLINE,REPUBLICAN,4100,1822,56184,23.77710539586485,1,6,61,9.313942452685984,971,445,73343.90766168656,2
53065,Stevens County,"Stevens County, Washington",WA,1,WA-05,MICHAEL BAUMGARTNER,REPUBLICAN,48067,19374,69327,12.038728918572659,0.8910969964474109,31,133,55.821541091900336,6104,2672,59334.19272145183,1
13307,Webster County,"Webster County, Georgia",GA,1,GA-02,"SANFORD D. BISHOP, JR.",DEMOCRAT,2381,843,46792,22.320302648171502,1,2,12,8.549500740101811,713,252,37556.5919057335,1
56003,Big Horn County,"Big Horn County, Wyoming",WY,1,WY-AL,HARRIET M. HAGEMAN,REPUBLICAN,11828,4460,62101,12.734990903577925,1,17,86,37.14528257437655,5948,2275,64813.75533519959,1
01097,Mobile County,"Mobile County, Alabama",AL,2,AL-01 / AL-02,BARRY MOORE / SHOMARI FIGURES,REPUBLICAN / DEMOCRAT,412590,161665,58880,16.2257076859917,0.22396331805722633,2,13,8.580852526409373,1170,423,60872,1
04005,Coconino County,"Coconino County, Arizona",AZ,1,AZ-02,ELIJAH CRANE,REPUBLICAN,144508,55118,72966,16.77267959948993,0.32404325263092604,31,240,184.9995911505339,9686,4349,80305.61931269606,4
06111,Ventura County,"Ventura County, California",CA,3,CA-26 / CA-24 / CA-32,JULIA BROWNLEY / SALUD O. CARBAJAL / BRAD SHERMAN,DEMOCRAT,837469,280360,109797,9.338181554611952,0.03366858527000876,48,281,1757.624842317385,768720,252176,119477.00152065018,8
13127,Glynn County,"Glynn County, Georgia",GA,1,GA-01,"EARL L. \""BUDDY\"" CARTER",REPUBLICAN,85447,35543,69799,16.05586924219911,0.18638090391602266,35,143,59.67273382006786,10267,4100,92010.04081708462,2
01115,St. Clair County,"St. Clair County, Alabama",AL,1,AL-03,MIKE ROGERS,REPUBLICAN,94166,35107,77463,11.351122405760272,0.6711085255150764,9,62,27.098641358822718,2275,817,65866.85801894873,2
18061,Harrison County,"Harrison County, Indiana",IN,1,IN-09,ERIN HOUCHIN,REPUBLICAN,39859,15497,74475,7.170041102146445,0.8563574923084682,2,14,12.71562445238073,1557,592,88899.52445399086,0
22105,Tangipahoa Parish,"Tangipahoa Parish, Louisiana",LA,2,LA-05 / LA-01,JULIA LETLOW / STEVE SCALISE,REPUBLICAN,136738,51999,56760,19.180772397332184,0.4598706789729417,17,106,52.09698235537083,9951,3727,47961.67627842915,11
06101,Sutter County,"Sutter County, California",CA,1,CA-01,DOUG LAMALFA,REPUBLICAN,98857,33292,79704,14.430433984207626,0.15065289612879268,6,18,3.1992463089878513,2544,848,94504.58443979689,0
36013,Chautauqua County,"Chautauqua County, New York",NY,1,NY-23,NICHOLAS A. LANGWORTHY,CONSERVATIVE / REPUBLICAN,125544,53393,58351,17.427258805513016,0.44068872055586455,38,206,43.66405592208632,11474,4604,71172.40232901004,3
46095,Mellette County,"Mellette County, South Dakota",SD,1,SD-AL,DUSTY JOHNSON,REPUBLICAN,1943,641,54076,41.73728813559322,1,1,3,1.1063403919355697,245,82,54076.00000000001,1
23013,Knox County,"Knox County, Maine",ME,1,ME-01,CHELLIE PINGREE,DEMOCRAT,41003,18484,74096,8.183810786012845,0.6422291723101928,10,81,17.408223346226436,2309,1098,65063.88147906838,0
24013,Carroll County,"Carroll County, Maryland",MD,2,MD-02 / MD-03,"JOHN \""JOHNNY O\"" OLSZEWSKI, JR. / SARAH ELFRETH",DEMOCRAT,175321,64285,118211,5.208709530854993,0.42238751583367556,18,110,7.66206044719192,4953,2191,119700.66031369001,0
21093,Hardin County,"Hardin County, Kentucky",KY,1,KY-02,BRETT GUTHRIE,REPUBLICAN,111942,44622,67647,13.05611057137096,0.33497136456432586,2,9,0.6551720132419523,0,0,NA,0
27031,Cook County,"Cook County, Minnesota",MN,1,MN-08,PETE STAUBER,REPUBLICAN,5635,2710,72638,10.16827783745077,1,2,5,3.5582857401118146,906,436,73011.77502937756,0
34011,Cumberland County,"Cumberland County, New Jersey",NJ,1,NJ-02,JEFFERSON VAN DREW,REPUBLICAN,153305,53781,67436,15.578350487017467,0.24490762364419533,11,70,28.046673292858753,6397,1821,80680.54788994127,0
34021,Mercer County,"Mercer County, New Jersey",NJ,2,NJ-12 / NJ-03,BONNIE WATSON COLEMAN / HERB CONAWAY,DEMOCRAT,385864,144114,100645,10.274556431472192,0.050779676769763,6,38,6.9099556233318244,5473,2189,173276.4798538695,0
39123,Ottawa County,"Ottawa County, Ohio",OH,1,OH-09,MARCY KAPTUR,DEMOCRAT,39994,18504,76101,8.430919297889094,0.6246655435536617,6,33,13.413027455756863,4733,2086,85764.44622378505,0
02275,Wrangell City and Borough,"Wrangell City and Borough, Alaska",AK,1,AK-AL,NICK BEGICH,REPUBLICAN,2088,976,63750,12.088974854932301,1,1,6,114.07249983276722,0,0,NA,0
02282,Yakutat City and Borough,"Yakutat City and Borough, Alaska",AK,1,AK-AL,NICK BEGICH,REPUBLICAN,527,206,85000,11.877394636015326,1,1,7,20.5158886794701,0,0,NA,0
02195,Petersburg Borough,"Petersburg Borough, Alaska",AK,1,AK-AL,NICK BEGICH,REPUBLICAN,3409,1371,75125,6.970345460103943,1,1,6,20.145183291765452,0,0,NA,0
45069,Marlboro County,"Marlboro County, South Carolina",SC,1,SC-07,RUSSELL FRY,REPUBLICAN,25975,9789,34301,28.507056623023296,0.6523418457269284,5,23,7.594563779833399,2291,983,32645.221948263785,3
30089,Sanders County,"Sanders County, Montana",MT,1,MT-01,RYAN K. ZINKE,REPUBLICAN,13285,5451,57476,15.448581019224902,1,12,77,12.99839484503468,2779,1215,59128.39346936702,3
32031,Washoe County,"Washoe County, Nevada",NV,1,NV-02,MARK E. AMODEI,REPUBLICAN,497200,199296,88096,10.650946746286689,0.041717027207024984,13,87,51.24745764498017,20690,8165,113477.96894136834,1
33009,Grafton County,"Grafton County, New Hampshire",NH,1,NH-02,MAGGIE GOODLANDER,DEMOCRAT,92120,37107,88261,10.351489321843387,0.6567527821067187,81,266,48.574796118123054,11546,4858,85662.53086715887,0
35039,Rio Arriba County,"Rio Arriba County, New Mexico",NM,1,NM-03,TERESA LEGER FERNANDEZ,DEMOCRAT,40070,15647,57155,18.238204052934233,0.5640561900750688,47,241,143.76414960214126,14483,5438,60120.28282379101,5
35055,Taos County,"Taos County, New Mexico",NM,1,NM-03,TERESA LEGER FERNANDEZ,DEMOCRAT,34543,15549,58950,15.459500422629631,0.5457972107048624,41,209,139.70074084041266,13391,6149,58497.240107427715,5
36009,Cattaraugus County,"Cattaraugus County, New York",NY,1,NY-23,NICHOLAS A. LANGWORTHY,CONSERVATIVE / REPUBLICAN,76145,31895,59540,19.100161704556264,0.6180914306482178,42,258,83.12069721690834,15352,6259,61731.33574129819,6
36105,Sullivan County,"Sullivan County, New York",NY,1,NY-19,JOSH RILEY,DEMOCRAT / WORKING FAMILIES,79721,31434,72382,15.854802156867853,0.7505596255596255,42,287,65.67926625082812,9428,3810,74536.49958297118,2
17043,DuPage County,"DuPage County, Illinois",IL,5,IL-03 / IL-06 / IL-11 / IL-08 / IL-04,"DELIA C. RAMIREZ / SEAN CASTEN / BILL FOSTER / RAJA KRISHNAMOORTHI / JESúS G. \""CHUY\"" GARCíA",DEMOCRAT,930024,350758,112096,6.5648814996842395,0.001878061094871028,12,100,7.880968244221032,14102,5159,118241.0915175183,0
27051,Grant County,"Grant County, Minnesota",MN,1,MN-07,MICHELLE FISCHBACH,REPUBLICAN,6127,2490,73917,11.61215725140403,1,7,29,8.047343581315173,1821,745,73458.2097225856,0
18083,Knox County,"Knox County, Indiana",IN,1,IN-08,MARK MESSMER,REPUBLICAN,36007,15169,61237,13.688013519025699,0.45427484703158594,8,54,8.92608352919342,2509,1026,72233.26886314494,0
19195,Worth County,"Worth County, Iowa",IA,1,IA-02,ASHLEY HINSON,REPUBLICAN,7350,3178,78008,8.168044077134986,1,8,52,9.820016243795767,2473,1081,71946.04622594795,0
12095,Orange County,"Orange County, Florida",FL,5,FL-11 / FL-09 / FL-10 / FL-08 / FL-07,DANIEL WEBSTER / DARREN SOTO / MAXWELL FROST / MIKE HARIDOPOLOS / CORY MILLS,REPUBLICAN / DEMOCRAT,1471937,527776,79719,12.995191566296166,0.023477034886160507,31,102,34.76235712538517,45618,17054,84314.95299090218,3
26089,Leelanau County,"Leelanau County, Michigan",MI,1,MI-01,JACK BERGMAN,REPUBLICAN,22734,9645,99422,6.5273340433084845,0.8758351643424062,13,86,12.983295719371775,1982,889,101519.38473933641,0
19125,Marion County,"Marion County, Iowa",IA,1,IA-01,MARIANNETTE MILLER-MEEKS,REPUBLICAN,33642,13316,78680,8.170437074456402,0.46965343867839826,6,42,31.90591119656967,2590,1138,73297.91150222659,0
01055,Etowah County,"Etowah County, Alabama",AL,1,AL-03,MIKE ROGERS,REPUBLICAN,103105,39411,54563,16.93653836700585,0.43169689469817085,7,34,29.57340671528249,2715,1038,54185.46305890427,2
36065,Oneida County,"Oneida County, New York",NY,2,NY-21 / NY-22,ELISE M. STEFANIK / JOHN W. MANNION,CONSERVATIVE / REPUBLICAN / DEMOCRAT / WORKING FAMILIES,229124,95220,70154,15.474293459347583,0.34357781367797524,40,258,71.88851022914352,19404,8578,84959.72718302037,0
21101,Henderson County,"Henderson County, Kentucky",KY,1,KY-01,JAMES COMER,REPUBLICAN,44280,18522,58851,14.626728110599078,0.36530261424776195,2,8,3.444807697725756,35,13,70313,0
21195,Pike County,"Pike County, Kentucky",KY,1,KY-05,HAROLD ROGERS,REPUBLICAN,56727,24284,44312,24.375033794135142,0.8478412790400381,9,101,21.70059311038097,1519,581,46951.15573746907,1
48361,Orange County,"Orange County, Texas",TX,1,TX-14,"RANDY K. WEBER, SR.",REPUBLICAN,85307,32437,72104,12.54380979444918,0.36068531270634846,23,203,19.138651835301047,5714,2238,67133.5880661907,1
01109,Pike County,"Pike County, Alabama",AL,1,AL-02,SHOMARI FIGURES,DEMOCRAT,32987,12484,48677,23.31344956003032,0.5617558847587022,4,28,15.034591676250706,1671,746,44824.3848096766,3
19147,Palo Alto County,"Palo Alto County, Iowa",IA,1,IA-04,RANDY FEENSTRA,REPUBLICAN,8863,3782,72781,11.614797416324134,1,5,34,7.13775869893979,1065,450,80390.62550704571,0
19161,Sac County,"Sac County, Iowa",IA,1,IA-04,RANDY FEENSTRA,REPUBLICAN,9689,4302,73838,9.163430250865959,1,9,82,21.362906875540244,3938,1730,71123.36277913369,0
21029,Bullitt County,"Bullitt County, Kentucky",KY,1,KY-02,BRETT GUTHRIE,REPUBLICAN,84027,31747,80558,9.691461372877303,0.2945254631037377,1,5,27.034922628018695,2054,892,67516,1
21155,Marion County,"Marion County, Kentucky",KY,1,KY-01,JAMES COMER,REPUBLICAN,19749,7724,59627,16.974674880219027,0.6829068995454778,0,0,0,0,0,NA,0
21121,Knox County,"Knox County, Kentucky",KY,1,KY-05,HAROLD ROGERS,REPUBLICAN,29865,11711,32527,36.904190384747274,0.6204749445235651,0,0,0,0,0,NA,0
21005,Anderson County,"Anderson County, Kentucky",KY,2,KY-06 / KY-01,ANDY BARR / JAMES COMER,REPUBLICAN,24353,9653,74488,11.468231017103198,0.4322069428140198,0,0,0,0,0,NA,0
21099,Hart County,"Hart County, Kentucky",KY,1,KY-02,BRETT GUTHRIE,REPUBLICAN,19603,7376,52285,19.305403002249072,0.8832434674408959,3,23,27.08236718684774,3114,1239,45520.45083344441,4
47163,Sullivan County,"Sullivan County, Tennessee",TN,1,TN-01,DIANA HARSHBARGER,REPUBLICAN,160624,68907,58807,15.425226237914506,0.2653591547960016,7,40,20.58287697854498,2698,1171,62284.67408777866,0
47091,Johnson County,"Johnson County, Tennessee",TN,1,TN-01,DIANA HARSHBARGER,REPUBLICAN,18196,7298,53129,21.439444681239724,1,2,17,5.782095781246102,738,250,50787.41886761712,0
48167,Galveston County,"Galveston County, Texas",TX,1,TX-14,"RANDY K. WEBER, SR.",REPUBLICAN,358990,140660,86105,11.711252076211856,0.04064366006809588,12,103,8.704854515098098,6725,3144,111054.9288944712,0
48007,Aransas County,"Aransas County, Texas",TX,1,TX-27,MICHAEL CLOUD,REPUBLICAN,24876,12478,69466,14.242276818292387,0.23575325220310533,8,65,9.417536158069595,2108,1227,80314.82497530516,0
48465,Val Verde County,"Val Verde County, Texas",TX,1,TX-23,TONY GONZALES,REPUBLICAN,47741,16810,66100,16.57428540376046,0.10309754969949145,12,116,17.523440657119306,1451,452,89488.03869753263,0
48403,Sabine County,"Sabine County, Texas",TX,1,TX-01,NATHANIEL MORAN,REPUBLICAN,10023,4649,66585,11.018837350617783,1,11,151,104.86414392107474,3356,1605,68267.32493972928,1
48315,Marion County,"Marion County, Texas",TX,1,TX-01,NATHANIEL MORAN,REPUBLICAN,9737,4207,49672,18.32259405528996,1,14,228,669.985359074011,7221,3147,49902.90184303717,3
49033,Rich County,"Rich County, Utah",UT,1,UT-01,BLAKE D. MOORE,REPUBLICAN,2631,923,79009,3.7974683544303796,1,8,62,39.95195642298353,1278,469,79009,0
51153,Prince William County,"Prince William County, Virginia",VA,2,VA-10 / VA-07,SUHAS SUBRAMANYAM / EUGENE S. VINDMAN,DEMOCRAT,488880,156798,131402,6.186676824597651,0.04594943219052517,6,61,8.854562864032655,443,152,169636.70711450162,1
51171,Shenandoah County,"Shenandoah County, Virginia",VA,1,VA-06,BEN CLINE,REPUBLICAN,44925,17962,67191,11.797210179923178,0.6961933644140678,12,124,29.823014352296124,5273,2249,64638.331244403606,0
53031,Jefferson County,"Jefferson County, Washington",WA,1,WA-06,EMILY RANDALL,DEMOCRAT,33577,16340,74048,11.092635143306325,0.5325833156442369,24,65,33.89881987187498,4755,2341,92611.78265511595,0
53011,Clark County,"Clark County, Washington",WA,1,WA-03,MARIE GLUESENKAMP PEREZ,DEMOCRAT,516959,196017,97536,7.984056068970762,0.13481127970578827,13,39,16.59369115906416,3398,1158,112729.52356156759,0
53071,Walla Walla County,"Walla Walla County, Washington",WA,1,WA-05,MICHAEL BAUMGARTNER,REPUBLICAN,62161,23447,74202,12.058280820248582,0.2025278026332609,33,105,17.06578120237227,7475,2701,79637.97554593814,1
53035,Kitsap County,"Kitsap County, Washington",WA,1,WA-06,EMILY RANDALL,DEMOCRAT,277881,108537,104158,8.191296631789108,0.17571141935554097,98,288,152.11941100621559,30203,12080,114712.3738634244,0
53019,Ferry County,"Ferry County, Washington",WA,1,WA-05,MICHAEL BAUMGARTNER,REPUBLICAN,7387,3169,55614,13.585989875495963,1,10,40,9.362781192564755,924,394,55970.90554987587,0
54011,Cabell County,"Cabell County, West Virginia",WV,1,WV-01,CAROL D. MILLER,REPUBLICAN,92739,39318,55832,19.20169543388828,0.22028616852146263,1,8,0.13947738394664108,21,7,55179,0
54073,Pleasants County,"Pleasants County, West Virginia",WV,1,WV-02,RILEY MOORE,REPUBLICAN,7521,2769,60932,11.593591905564924,1,4,38,9.814872045264728,2174,798,60119.29414740036,0
05103,Ouachita County,"Ouachita County, Arkansas",AR,1,AR-04,BRUCE WESTERMAN,REPUBLICAN,22085,8624,49268,18.871846992515938,0.5641059602649007,14,64,694.3392729387423,9296,3460,51373.07340468602,6
05061,Howard County,"Howard County, Arkansas",AR,1,AR-04,BRUCE WESTERMAN,REPUBLICAN,12583,5098,45603,22.520344855370237,1,8,25,75.71063354867489,2368,983,47565.97053102691,2
05013,Calhoun County,"Calhoun County, Arkansas",AR,1,AR-04,BRUCE WESTERMAN,REPUBLICAN,4704,1690,66809,10.166852057842046,1,10,44,735.907087271697,4473,1605,67058.88939985298,0
05095,Monroe County,"Monroe County, Arkansas",AR,1,AR-01,"ERIC A. \""RICK\"" CRAWFORD",REPUBLICAN,6589,2790,43214,20.571428571428573,1,10,44,276.86710966476625,5350,2203,43227.924617614815,4
06021,Glenn County,"Glenn County, California",CA,1,CA-01,DOUG LAMALFA,REPUBLICAN,28494,9810,67139,15.950530035335689,0.41211052322163433,11,35,5.492270595595203,1991,695,70793.28005194583,2
06043,Mariposa County,"Mariposa County, California",CA,1,CA-05,TOM MCCLINTOCK,REPUBLICAN,17082,7508,68412,14.04121757669075,1,12,82,48.89675057854552,3188,1375,67726.76406450075,2
08031,Denver County,"Denver County, Colorado",CO,2,CO-01 / CO-06,DIANA DEGETTE / JASON CROW,DEMOCRAT,718877,335428,94718,11.242666319666426,1.4534843093573643e-4,6,29,0.18949151615185217,267,136,108756.91359176161,0
08015,Chaffee County,"Chaffee County, Colorado",CO,1,CO-07,BRITTANY PETTERSEN,DEMOCRAT,20178,9863,84132,8.284149518796193,0.4356644074758677,10,78,6.3876399975034674,1424,712,81709.14435857571,0
13067,Cobb County,"Cobb County, Georgia",GA,3,GA-11 / GA-06 / GA-14,BARRY LOUDERMILK / LUCY MCBATH / MARJORIE TAYLOR GREENE,REPUBLICAN / DEMOCRAT,775208,295714,102738,8.737427244784513,5.220916558006341e-5,0,0,0,0,0,NA,0
13029,Bryan County,"Bryan County, Georgia",GA,1,GA-01,"EARL L. \""BUDDY\"" CARTER",REPUBLICAN,48263,16603,103408,6.696791120921225,0.46781259779158657,41,174,51.73803507566419,9445,3409,106257.86930070838,0
13113,Fayette County,"Fayette County, Georgia",GA,2,GA-03 / GA-06,BRIAN JACK / LUCY MCBATH,REPUBLICAN / DEMOCRAT,122244,44581,111978,5.580506135095714,0.1813178515697099,12,54,25.527573713017464,4710,1595,98111.69475906849,0
13217,Newton County,"Newton County, Georgia",GA,2,GA-10 / GA-13,MIKE COLLINS / DAVID SCOTT,REPUBLICAN / DEMOCRAT,118152,41203,77179,12.293975530698399,0.33974911764444404,7,41,14.763747126905686,4040,1230,76929.69591649545,0
13319,Wilkinson County,"Wilkinson County, Georgia",GA,1,GA-08,AUSTIN SCOTT,REPUBLICAN,8747,3473,45465,21.6,1,6,27,27.092125882117738,3480,1359,43135.04434980078,3
13107,Emanuel County,"Emanuel County, Georgia",GA,1,GA-12,RICK W. ALLEN,REPUBLICAN,23026,8312,52772,25.692384906693434,0.6815267041461701,11,50,21.46925653252391,2633,993,46634.80300067114,4
15009,Maui County,"Maui County, Hawaii",HI,1,HI-02,JILL N. TOKUDA,DEMOCRAT,164522,55841,97161,9.17345522012115,0.21406460541170472,22,90,232.04301918522256,21745,6082,91120.22128792423,1
17017,Cass County,"Cass County, Illinois",IL,1,IL-15,MARY E. MILLER,REPUBLICAN,12784,5128,68125,11.087453670846148,0.5198589173439656,6,51,7.952064250545383,2759,1113,66304.67450235358,0
17129,Menard County,"Menard County, Illinois",IL,1,IL-15,MARY E. MILLER,REPUBLICAN,12095,5228,82176,10.117056856187292,1,5,35,12.450774470771808,1763,742,84156.48486350909,0
35033,Mora County,"Mora County, New Mexico",NM,1,NM-03,TERESA LEGER FERNANDEZ,DEMOCRAT,4149,1968,53663,21.42512077294686,1,15,69,53.58628352544406,1558,714,62729.701490674306,1
37101,Johnston County,"Johnston County, North Carolina",NC,1,NC-13,BRAD KNOTT,REPUBLICAN,234263,85591,83384,10.634919265057434,0.5300394909235691,38,197,148.59999816986425,24545,9727,98031.82381560077,0
37079,Greene County,"Greene County, North Carolina",NC,1,NC-01,DONALD G. DAVIS,DEMOCRAT,20486,6912,53244,21.04678297588621,1,7,67,52.02694306742122,4867,1973,52554.8512960042,2
37057,Davidson County,"Davidson County, North Carolina",NC,1,NC-06,ADDISON MCDOWELL,REPUBLICAN,172954,69846,64172,12.847577556211807,0.47714437932871606,3,17,6.082062991722182,1311,576,61357.18026312594,1
37123,Montgomery County,"Montgomery County, North Carolina",NC,1,NC-08,MARK HARRIS,REPUBLICAN,26007,10643,57766,15.443847733375454,1,5,18,29.483414871677656,4931,2173,53537.13350800672,2
37199,Yancey County,"Yancey County, North Carolina",NC,1,NC-11,CHUCK EDWARDS,REPUBLICAN,18797,8130,58709,15.170825747027953,1,4,55,3.461509729525389,275,120,63969.11913588298,0
38031,Foster County,"Foster County, North Dakota",ND,1,ND-AL,JULIE FEDORCHAK,REPUBLICAN,3358,1531,87831,8.773006134969325,1,2,10,3.087167103534142,890,401,87831,0
47021,Cheatham County,"Cheatham County, Tennessee",TN,1,TN-07,MARK E. GREEN,REPUBLICAN,41829,16279,89852,7.668371285218062,1,0,0,0,0,0,NA,0
48257,Kaufman County,"Kaufman County, Texas",TX,1,TX-05,LANCE GOODEN,REPUBLICAN,172604,50990,89485,9.683365420063081,0.4192209758447457,10,101,157.0361211580353,8938,2988,78757.84115471794,1
48277,Lamar County,"Lamar County, Texas",TX,1,TX-04,PAT FALLON,REPUBLICAN,50669,20019,61880,18.96855951235162,0.47508385241974127,12,151,124.39354530244745,3075,1287,76402.12928531121,2
48005,Angelina County,"Angelina County, Texas",TX,1,TX-17,PETE SESSIONS,REPUBLICAN,87275,32271,60960,15.758970727101039,0.5190578158458244,17,252,401.8377466260633,12970,4805,64716.49429328243,3
48507,Zavala County,"Zavala County, Texas",TX,1,TX-23,TONY GONZALES,REPUBLICAN,9412,3271,36749,33.921128566848346,0.3062047569803516,3,39,10.955002073940305,1505,455,36036.2683167485,3
48401,Rusk County,"Rusk County, Texas",TX,1,TX-01,NATHANIEL MORAN,REPUBLICAN,52842,18027,68658,14.413454507468924,0.6407476921898342,35,540,1130.7164050938989,21048,7201,67065.55720296741,2
48003,Andrews County,"Andrews County, Texas",TX,1,TX-19,JODEY C. ARRINGTON,REPUBLICAN,18610,6844,72242,15.592594603398664,0.1831810854379366,1,9,0.09060745437117967,57,21,67590,0
48395,Robertson County,"Robertson County, Texas",TX,1,TX-17,PETE SESSIONS,REPUBLICAN,17167,6701,72236,13.510644571563367,1,8,117,199.43891550672578,3468,1358,82224.42644825485,0
48371,Pecos County,"Pecos County, Texas",TX,1,TX-23,TONY GONZALES,REPUBLICAN,14896,5238,72750,21.569090336795718,0.4371750148094517,3,33,179.83063835026664,1043,365,51406,1
48051,Burleson County,"Burleson County, Texas",TX,1,TX-10,MICHAEL T. MCCAUL,REPUBLICAN,18857,7900,70000,12.691689008042895,1,17,197,328.02177702819927,5408,2425,69640.02615409704,0
48239,Jackson County,"Jackson County, Texas",TX,1,TX-27,MICHAEL CLOUD,REPUBLICAN,15152,6028,65414,14.052571734332151,0.6056845476381105,11,126,22.233636790397913,2768,1063,78434.72426159537,0
40117,Pawnee County,"Pawnee County, Oklahoma",OK,1,OK-03,FRANK D. LUCAS,REPUBLICAN,15795,6108,58738,18.199935711989713,1,15,103,714.1844015235365,9451,3802,58087.8738122908,4
40027,Cleveland County,"Cleveland County, Oklahoma",OK,1,OK-04,TOM COLE,REPUBLICAN,300047,116799,77068,12.89917899109296,0.15714923797406677,8,55,20.382140244322315,3909,1620,69678.13816433969,2
40077,Latimer County,"Latimer County, Oklahoma",OK,1,OK-02,JOSH BRECHEEN,REPUBLICAN,9518,3901,41405,20.70056743780009,1,11,97,508.85201073108726,4482,1859,42445.78398552529,4
42099,Perry County,"Perry County, Pennsylvania",PA,1,PA-13,JOHN JOYCE,REPUBLICAN,46239,18299,79444,7.986696133563817,0.9351686226604424,25,133,14.722860050051205,6610,2680,75807.51293510718,0
45077,Pickens County,"Pickens County, South Carolina",SC,1,SC-03,SHERI BIGGS,REPUBLICAN,134629,52414,61064,17.16663625328266,0.3755897841770418,8,22,56.9199550547039,8638,3669,65031.6122909177,1
45059,Laurens County,"Laurens County, South Carolina",SC,1,SC-03,SHERI BIGGS,REPUBLICAN,68666,26959,57623,18.13374479431944,0.6402078798916182,2,5,1.6920925058732381,101,38,52598.748530268436,0
45085,Sumter County,"Sumter County, South Carolina",SC,2,SC-05 / SC-06,RALPH NORMAN / JAMES E. CLYBURN,REPUBLICAN / DEMOCRAT,104725,41083,56693,16.55631737437346,0.3479764295729281,15,78,21.768967735826855,5645,2310,58334.23281006696,3
45061,Lee County,"Lee County, South Carolina",SC,1,SC-05,RALPH NORMAN,REPUBLICAN,16166,6351,44760,24.98164096401629,1,1,5,2.0155402269339446,251,108,23553,2
46041,Dewey County,"Dewey County, South Dakota",SD,1,SD-AL,DUSTY JOHNSON,REPUBLICAN,5205,1692,54104,33.03973380309258,1,5,52,6331.045091425981,3540,1180,55810.39090378614,2
46069,Hyde County,"Hyde County, South Dakota",SD,1,SD-AL,DUSTY JOHNSON,REPUBLICAN,1191,503,73472,5.6521739130434785,1,1,2,1.8845616657702557,251,100,73472,0
47149,Rutherford County,"Rutherford County, Tennessee",TN,1,TN-04,SCOTT DESJARLAIS,REPUBLICAN,360646,129431,85470,9.268125181188484,0.15964051234896892,2,16,0.03204819641671998,0,0,NA,0
22123,West Carroll Parish,"West Carroll Parish, Louisiana",LA,1,LA-05,JULIA LETLOW,REPUBLICAN,9464,3850,49134,16.235446313065978,1,7,57,14.951529747578034,2303,909,47423.92212253269,3
23023,Sagadahoc County,"Sagadahoc County, Maine",ME,1,ME-01,CHELLIE PINGREE,DEMOCRAT,37285,16446,87806,10.025518514496689,0.6138586882476362,6,52,13.375769234207144,1990,865,79505.41975930538,0
28137,Tate County,"Tate County, Mississippi",MS,1,MS-01,TRENT KELLY,REPUBLICAN,28321,11018,69704,16.863154753021938,0.7570909350057012,11,76,198.85205344304387,8509,3407,59555.384886269036,3
28161,Yalobusha County,"Yalobusha County, Mississippi",MS,1,MS-02,BENNIE G. THOMPSON,DEMOCRAT,12419,4996,49151,21.506172839506174,1,21,116,534.2199966710351,5031,2081,50947.2619170495,4
48351,Newton County,"Newton County, Texas",TX,1,TX-36,BRIAN BABIN,REPUBLICAN,12093,4841,42618,18.958141095545674,1,10,147,205.80371106957531,3525,1499,42551.44672284204,2
51001,Accomack County,"Accomack County, Virginia",VA,1,VA-02,JENNIFER A. KIGGANS,REPUBLICAN,33335,14446,58993,13.917604366785595,0.9035405381139078,10,87,12.918604698549162,4429,1893,66498.71803316419,2
53009,Clallam County,"Clallam County, Washington",WA,1,WA-06,EMILY RANDALL,DEMOCRAT,77813,35046,70370,10.579084967320261,0.3609098567818029,61,175,149.79384061739134,15266,6982,77642.41649034606,2
53047,Okanogan County,"Okanogan County, Washington",WA,1,WA-04,DAN NEWHOUSE,REPUBLICAN,43425,17540,63207,20.741534305277376,0.8060754322629679,38,137,85.42159885040242,8706,3724,61309.627915756566,8
55007,Bayfield County,"Bayfield County, Wisconsin",WI,1,WI-07,THOMAS P. TIFFANY,REPUBLICAN,16575,7437,71151,9.766959492435335,1,6,24,6.809290432172708,2248,987,70755.06639275046,0
08019,Clear Creek County,"Clear Creek County, Colorado",CO,1,CO-02,JOE NEGUSE,DEMOCRAT,9262,4677,94577,6.390158937513608,1,5,40,4.131571070331866,1028,531,74772.27317648112,0
12093,Okeechobee County,"Okeechobee County, Florida",FL,1,FL-18,SCOTT FRANKLIN,REPUBLICAN,40816,15113,57984,17.99012656898272,0.3644687720714358,6,14,3.303397796057327,973,420,56937.84320517261,1
13031,Bulloch County,"Bulloch County, Georgia",GA,1,GA-12,RICK W. ALLEN,REPUBLICAN,82683,30856,58810,23.012275856601082,0.4514358993329141,89,389,127.63387867480387,15513,5941,71325.02267743621,6
13183,Long County,"Long County, Georgia",GA,1,GA-01,"EARL L. \""BUDDY\"" CARTER",REPUBLICAN,18374,6162,68808,17.346657097112573,0.8023874319643741,28,114,44.83906947331726,4442,1821,61833.76902788412,1
17155,Putnam County,"Putnam County, Illinois",IL,2,IL-16 / IL-14,DARIN LAHOOD / LAUREN UNDERWOOD,REPUBLICAN / DEMOCRAT,5601,2465,75590,8.088235294117647,1,8,64,18.968866037001863,2787,1217,75010.7494267123,0
47145,Roane County,"Roane County, Tennessee",TN,1,TN-03,"CHARLES J. \""CHUCK\"" FLEISCHMANN",REPUBLICAN,55208,22790,71885,11.966623454874108,0.521140738521459,0,0,0,0,0,NA,0
47097,Lauderdale County,"Lauderdale County, Tennessee",TN,1,TN-08,DAVID KUSTOFF,REPUBLICAN,24784,9325,49879,21.044254830010168,0.7246947460525792,5,33,21.366098626375788,1472,574,44843.819988789095,3
48103,Crane County,"Crane County, Texas",TX,1,TX-23,TONY GONZALES,REPUBLICAN,4610,1632,62212,10.889088459811406,1,1,11,1.5069194104140348e-5,0,0,NA,0
48237,Jack County,"Jack County, Texas",TX,1,TX-25,ROGER WILLIAMS,REPUBLICAN,8882,2986,68079,12.951575710991545,1,3,48,4.26246517423925,383,147,75632,0
48327,Menard County,"Menard County, Texas",TX,1,TX-11,AUGUST PFLUGER,REPUBLICAN,1955,942,53043,18.85804085908853,1,1,30,5.352019956977976,606,291,53043,1
45041,Florence County,"Florence County, South Carolina",SC,2,SC-07 / SC-06,RUSSELL FRY / JAMES E. CLYBURN,REPUBLICAN / DEMOCRAT,137117,52856,58305,18.66136504360411,0.39208661963096186,5,26,11.629534867001649,1876,679,47977.45038260389,3
21131,Leslie County,"Leslie County, Kentucky",KY,1,KY-05,HAROLD ROGERS,REPUBLICAN,10079,4231,35934,30.281545417180435,1,1,3,0.5346947888795263,35,13,42286,1
22047,Iberville Parish,"Iberville Parish, Louisiana",LA,1,LA-02,TROY A. CARTER,DEMOCRAT,29815,11296,54000,19.90851746652403,0.5847028868092986,9,50,53.659537415492295,7404,2638,59341.30605864641,4
27103,Nicollet County,"Nicollet County, Minnesota",MN,1,MN-01,BRAD FINSTAD,REPUBLICAN,34411,13002,79756,8.008393623351813,0.25210425494862715,4,15,5.165346847957791,1540,564,100994.75684124175,0
39003,Allen County,"Allen County, Ohio",OH,1,OH-04,JIM JORDAN,REPUBLICAN,101348,41295,64038,13.289141414141413,0.3097567657476078,5,45,4.253903888975347,2599,989,74205.99361303949,1
41047,Marion County,"Marion County, Oregon",OR,3,OR-05 / OR-06 / OR-02,JANELLE S. BYNUM / ANDREA SALINAS / CLIFF BENTZ,DEMOCRAT / REPUBLICAN,349244,126870,77351,13.033868786081175,0.15353260869565216,57,302,29.005114300689183,15068,5304,86582.23928942315,0
45015,Berkeley County,"Berkeley County, South Carolina",SC,1,SC-01,NANCY MACE,REPUBLICAN,246802,93711,84358,9.918246005202526,0.2206985961080827,8,37,17.802566394960863,4589,2504,97655.44655550746,1
48053,Burnet County,"Burnet County, Texas",TX,1,TX-31,JOHN R. CARTER,REPUBLICAN,52652,20969,78732,7.963398286480291,0.6732342764095257,37,488,54.0830711521407,7679,3437,83296.7879499477,0
48463,Uvalde County,"Uvalde County, Texas",TX,1,TX-23,TONY GONZALES,REPUBLICAN,24881,8417,53801,22.174094127446896,0.3516528252727569,9,172,39.237691862916826,3396,1281,55192.50321311778,2
48311,McMullen County,"McMullen County, Texas",TX,1,TX-28,HENRY CUELLAR,DEMOCRAT,700,207,43875,12.285714285714286,1,2,31,1.2865128106001043,46,16,43875,0
51085,Hanover County,"Hanover County, Virginia",VA,2,VA-01 / VA-05,ROBERT J. WITTMAN / JOHN J. MCGUIRE III,REPUBLICAN,112879,42688,112805,5.690814175465262,0.37007064985133525,13,137,13.776873073762275,9222,3760,103151.33060399786,0
51047,Culpeper County,"Culpeper County, Virginia",VA,1,VA-07,EUGENE S. VINDMAN,DEMOCRAT,54397,18924,100049,7.850705403658212,0.5706538285888263,29,236,21.632234006310796,3300,1112,98264.98547492364,0
10001,Kent County,"Kent County, Delaware",DE,1,DE-AL,SARAH MCBRIDE,DEMOCRAT,187604,71424,74477,10.637006082352427,0.26471671863228685,44,247,44.89055743758665,11665,4658,74494.91936029209,1
13179,Liberty County,"Liberty County, Georgia",GA,1,GA-01,"EARL L. \""BUDDY\"" CARTER",REPUBLICAN,67397,23998,60456,15.315468638796919,0.2351354664705161,39,159,62.41981075763406,5325,2251,66866.29016062652,2
04012,La Paz County,"La Paz County, Arizona",AZ,1,AZ-09,PAUL A. GOSAR,REPUBLICAN,16664,8959,49478,17.4547435975056,0.4341970163676995,19,134,169.0744683620554,6380,3889,41813.85817385091,3
06071,San Bernardino County,"San Bernardino County, California",CA,6,CA-23 / CA-25 / CA-28 / CA-33 / CA-35 / CA-40,JAY OBERNOLTE / RAUL RUIZ / JUDY CHU / PETE AGUILAR / NORMA J. TORRES / YOUNG KIM,REPUBLICAN / DEMOCRAT,2197104,674915,85478,13.347035251988393,0.05381467455426021,100,577,872.2829898221299,58259,21020,76131.48104396607,8
39021,Champaign County,"Champaign County, Ohio",OH,1,OH-04,JIM JORDAN,REPUBLICAN,38804,15646,75556,7.98057086151516,0.7061786433848221,10,59,12.357207195796976,5175,2115,71979.97032200066,0
24045,Wicomico County,"Wicomico County, Maryland",MD,1,MD-01,ANDY HARRIS,REPUBLICAN,104914,40470,76210,13.937351112516927,0.26869907711317914,22,114,12.079108680784007,5501,2262,83412.40326098258,0
37165,Scotland County,"Scotland County, North Carolina",NC,1,NC-08,MARK HARRIS,REPUBLICAN,33590,12580,45730,25.81181815273379,0.525223854392228,8,34,787.158305941202,18543,6690,47542.44916766161,10
02090,Fairbanks North Star Borough,"Fairbanks North Star Borough, Alaska",AK,1,AK-AL,NICK BEGICH,REPUBLICAN,95460,36359,88267,6.127790440254316,0.2536093251790288,12,47,11.663627277550335,3496,1202,99228.3401870267,0
45043,Georgetown County,"Georgetown County, South Carolina",SC,1,SC-07,RUSSELL FRY,REPUBLICAN,64811,27129,68713,14.97411265672759,0.4218661283199798,6,36,17.08901944261231,2245,837,49547.401828014205,1
26007,Alpena County,"Alpena County, Michigan",MI,1,MI-01,JACK BERGMAN,REPUBLICAN,28880,13019,53950,17.9590395480226,0.466392223336908,1,4,0.029157410372295783,27,13,61292,0
30081,Ravalli County,"Ravalli County, Montana",MT,1,MT-01,RYAN K. ZINKE,REPUBLICAN,46727,18661,71283,8.77245831091985,0.8444786526010776,21,127,14.36016860002512,4106,1672,74234.17289869064,0
36025,Delaware County,"Delaware County, New York",NY,1,NY-19,JOSH RILEY,DEMOCRAT / WORKING FAMILIES,44487,19203,63337,14.414244220369802,0.9054798230567843,26,152,28.36133554823988,5778,2542,59611.90262335943,6
16027,Canyon County,"Canyon County, Idaho",ID,1,ID-01,RUSS FULCHER,REPUBLICAN,250790,86069,76488,10.510454480926404,0.18726985569329957,64,512,24.826268657330047,11514,4332,81854.71968493628,1
27013,Blue Earth County,"Blue Earth County, Minnesota",MN,1,MN-01,BRAD FINSTAD,REPUBLICAN,69871,27606,74477,15.671833648393195,0.3357304086121079,18,72,16.489329858889267,8241,3262,88973.187015908,0
06099,Stanislaus County,"Stanislaus County, California",CA,3,CA-13 / CA-05 / CA-09,ADAM GRAY / TOM MCCLINTOCK / JOSH HARDER,DEMOCRAT / REPUBLICAN,553990,177874,81468,13.532426069145485,0.08170518631596844,47,168,441.98476245559414,265617,87423,85220.60184638559,16
19101,Jefferson County,"Jefferson County, Iowa",IA,1,IA-01,MARIANNETTE MILLER-MEEKS,REPUBLICAN,15705,6952,61620,15.185640185640185,0.4119261954925621,5,29,3.9893575203894014,512,240,70469.59868053826,0
01009,Blount County,"Blount County, Alabama",AL,1,AL-04,ROBERT B. ADERHOLT,REPUBLICAN,59518,22180,64190,12.860103274901482,0.9048939696283018,8,53,14.358384998592545,1545,606,62434.10131093483,1
21059,Daviess County,"Daviess County, Kentucky",KY,1,KY-02,BRETT GUTHRIE,REPUBLICAN,103648,41639,68214,14.719882826803369,0.2601730679882298,3,24,11.86394210867588,322,118,83064.03570767611,0
48187,Guadalupe County,"Guadalupe County, Texas",TX,2,TX-15 / TX-28,MONICA DE LA CRUZ / HENRY CUELLAR,REPUBLICAN / DEMOCRAT,183642,65424,92375,9.311364224410815,0.24821951756163654,9,107,27.085889841900418,2638,929,80117.35637921059,0
22041,Franklin Parish,"Franklin Parish, Louisiana",LA,1,LA-05,JULIA LETLOW,REPUBLICAN,19408,7525,47020,24.08101210837813,0.7399615656923233,4,27,6.909508713216395,1226,521,46614.1846633503,1
22127,Winn Parish,"Winn Parish, Louisiana",LA,1,LA-04,MIKE JOHNSON,REPUBLICAN,13467,4790,48871,24.264460046807088,0.6604143947655398,13,108,61.11586158872674,1309,414,48861.564815117934,3
28119,Quitman County,"Quitman County, Mississippi",MS,1,MS-02,BENNIE G. THOMPSON,DEMOCRAT,5774,2643,32412,29.6302879488091,1,15,75,287.69243217646516,4903,2122,32615.12204463313,7
30099,Teton County,"Teton County, Montana",MT,1,MT-02,TROY DOWNING,REPUBLICAN,6353,2469,70430,13.44146458969006,1,9,96,5.475639939483991,1675,676,62050.51889737737,0
30059,Meagher County,"Meagher County, Montana",MT,1,MT-02,TROY DOWNING,REPUBLICAN,2007,927,71932,12.353838332486019,1,3,23,2.503730508011838,473,227,71932,0
51029,Buckingham County,"Buckingham County, Virginia",VA,1,VA-05,JOHN J. MCGUIRE III,REPUBLICAN,16976,6274,60828,12.45700411411614,1,3,20,0.16198515515123477,6,2,58098.00000000001,0
51147,Prince Edward County,"Prince Edward County, Virginia",VA,1,VA-05,JOHN J. MCGUIRE III,REPUBLICAN,21996,7641,56315,20.887502166753336,0.6673531969426518,2,28,2.499593161497564,303,86,58542,0
51031,Campbell County,"Campbell County, Virginia",VA,1,VA-05,JOHN J. MCGUIRE III,REPUBLICAN,55312,22240,66165,10.814885636537472,0.5685507038207411,9,55,7.398433407029398,2033,885,63219.58330168465,1
54019,Fayette County,"Fayette County, West Virginia",WV,1,WV-01,CAROL D. MILLER,REPUBLICAN,39519,15948,53194,19.242226286908807,0.6295198577356254,7,58,29.808978470953836,5086,1868,48374.2193838085,5
54043,Lincoln County,"Lincoln County, West Virginia",WV,1,WV-01,CAROL D. MILLER,REPUBLICAN,19902,7673,46205,23.161277160053046,1,4,31,39.808759723050784,4065,1535,45581.94435115019,5
06025,Imperial County,"Imperial County, California",CA,1,CA-25,RAUL RUIZ,DEMOCRAT,180202,49644,57681,19.53161998267398,0.18405471280230604,22,77,28.580751069894472,4509,1145,48780.959286860205,4
01119,Sumter County,"Sumter County, Alabama",AL,1,AL-07,TERRI A. SEWELL,DEMOCRAT,11878,4823,33310,26.460304401480872,1,3,15,11.586045746547573,148,62,48417,0
05107,Phillips County,"Phillips County, Arkansas",AR,1,AR-01,"ERIC A. \""RICK\"" CRAWFORD",REPUBLICAN,15450,6023,40134,29.34655014999348,0.4809874456784162,6,29,335.543162627195,5895,2366,45153.11047507989,8
06085,Santa Clara County,"Santa Clara County, California",CA,4,CA-18 / CA-19 / CA-16 / CA-17,ZOE LOFGREN / JIMMY PANETTA / SAM LICCARDO / RO KHANNA,DEMOCRAT,1902047,659353,164281,7.10646700481001,0.013188834758159936,55,269,3355.131011292699,1894293,642859,170424.02472711352,20
06009,Calaveras County,"Calaveras County, California",CA,1,CA-05,TOM MCCLINTOCK,REPUBLICAN,46248,18437,78647,13.002663406540627,0.8197474167623421,12,44,24.959494501857677,1948,823,90725.85296324425,0
13191,McIntosh County,"McIntosh County, Georgia",GA,1,GA-01,"EARL L. \""BUDDY\"" CARTER",REPUBLICAN,11312,5067,50273,22.986142154671434,1,23,100,135.39721756241897,4319,2147,52518.365775329046,3
13215,Muscogee County,"Muscogee County, Georgia",GA,2,GA-02 / GA-03,"SANFORD D. BISHOP, JR. / BRIAN JACK",DEMOCRAT / REPUBLICAN,203711,81415,58073,19.046224977033887,0.037564879519819065,0,0,0,0,0,NA,0
16059,Lemhi County,"Lemhi County, Idaho",ID,1,ID-02,MICHAEL K. SIMPSON,REPUBLICAN,8249,3458,53202,12.842234499693063,1,5,33,6.7899662019374345,2050,930,49705.79345707549,1
22005,Ascension Parish,"Ascension Parish, Louisiana",LA,3,LA-02 / LA-01 / LA-05,TROY A. CARTER / STEVE SCALISE / JULIA LETLOW,DEMOCRAT / REPUBLICAN,130314,47656,91549,10.34244929905999,0.10836363636363637,21,121,48.19938189659723,10517,3783,96208.60092172056,3
01051,Elmore County,"Elmore County, Alabama",AL,1,AL-06,GARY J. PALMER,REPUBLICAN,89526,32856,78243,10.316835637841711,0.7123680052741057,0,0,0,0,0,NA,0
46123,Tripp County,"Tripp County, South Dakota",SD,1,SD-AL,DUSTY JOHNSON,REPUBLICAN,5611,2258,58987,18.449496831904586,1,3,17,5.944770296750359,2463,910,54215.84994144902,1
22065,Madison Parish,"Madison Parish, Louisiana",LA,1,LA-05,JULIA LETLOW,REPUBLICAN,9513,3053,35456,34.520943668753006,0.2853149645602476,3,17,3.967502122256549,118,40,47232,1
24031,Montgomery County,"Montgomery County, Maryland",MD,3,MD-08 / MD-06 / MD-04,JAMIE RASKIN / APRIL MCCLAIN DELANEY / GLENN IVEY,DEMOCRAT,1065949,389210,132450,7.450445779849843,0.026794129527400026,0,0,0,0,0,NA,0
28149,Warren County,"Warren County, Mississippi",MS,1,MS-02,BENNIE G. THOMPSON,DEMOCRAT,43020,16772,59401,19.516733002048937,0.42495863333482403,6,44,150.18263800972548,3052,1237,45531.53157314712,1
37013,Beaufort County,"Beaufort County, North Carolina",NC,1,NC-03,GREGORY F. MURPHY,REPUBLICAN,44499,19385,58357,17.820924773820103,0.6302741198602526,5,32,26.835107490552954,2614,1178,49821.11934947812,4
38087,Slope County,"Slope County, North Dakota",ND,1,ND-AL,JULIE FEDORCHAK,REPUBLICAN,766,374,71250,4.960835509138382,1,1,5,0.3358241111562064,29,15,71250,0
48203,Harrison County,"Harrison County, Texas",TX,1,TX-01,NATHANIEL MORAN,REPUBLICAN,70155,26287,66103,15.6265240072709,0.5490492308139282,24,345,733.5013546877482,18479,6849,68828.35260985514,5
02110,Juneau City and Borough,"Juneau City and Borough, Alaska",AK,1,AK-AL,NICK BEGICH,REPUBLICAN,31794,13167,101661,8.910254349014437,0.23249108665323207,0,0,0,0,0,NA,0
48391,Refugio County,"Refugio County, Texas",TX,1,TX-27,MICHAEL CLOUD,REPUBLICAN,6707,2495,60181,14.625954198473282,1,5,65,11.829088617717302,3218,1189,56232.23061202259,1
49045,Tooele County,"Tooele County, Utah",UT,1,UT-02,CELESTE MALOY,REPUBLICAN,79347,23925,106587,5.194507717954265,0.19747448347960053,10,79,78.45078618161057,5578,1702,128480.67609062415,1
51057,Essex County,"Essex County, Virginia",VA,1,VA-01,ROBERT J. WITTMAN,REPUBLICAN,10623,4447,56520,12.301850972947319,1,10,80,9.439024399594471,2418,1053,53293.54231378054,1
54071,Pendleton County,"Pendleton County, West Virginia",WV,1,WV-01,CAROL D. MILLER,REPUBLICAN,6043,2342,64931,16.551724137931036,1,6,39,10.183802564667584,770,286,69848.72879868344,1
06103,Tehama County,"Tehama County, California",CA,1,CA-01,DOUG LAMALFA,REPUBLICAN,65167,24788,63784,15.558314580585085,0.5703261480502514,46,138,22.57272080625872,6204,2473,63054.74402798938,4
13089,DeKalb County,"DeKalb County, Georgia",GA,3,GA-04 / GA-05 / GA-13,"HENRY C. \""HANK\"" JOHNSON, JR. / NIKEMA WILLIAMS / DAVID SCOTT",DEMOCRAT,765351,287239,80644,13.688951304398612,0.0015790534052345555,1,5,6.292564753951298e-4,0,0,NA,0
13123,Gilmer County,"Gilmer County, Georgia",GA,1,GA-09,ANDREW S. CLYDE,REPUBLICAN,32426,13015,74499,15.969806163021868,0.7850923356616591,9,47,14.883241579758643,729,324,72692.23231860227,0
13075,Cook County,"Cook County, Georgia",GA,1,GA-08,AUSTIN SCOTT,REPUBLICAN,17532,6304,53651,17.731111882448225,0.5917348656335248,7,36,25.843567877302856,2451,917,53606.30743969501,1
19069,Franklin County,"Franklin County, Iowa",IA,1,IA-04,RANDY FEENSTRA,REPUBLICAN,9956,4198,59894,13.600081866557511,1,11,72,9.654189410026227,865,370,68787.13535350596,0
21017,Bourbon County,"Bourbon County, Kentucky",KY,1,KY-06,ANDY BARR,REPUBLICAN,20240,8134,61354,14.241563232141967,0.4435611297649615,1,3,11.34842768652167,623,275,46528,2
21069,Fleming County,"Fleming County, Kentucky",KY,1,KY-06,ANDY BARR,REPUBLICAN,15323,5859,49307,21.17916803144448,1,1,9,11.69961142870515,233,100,50081.18672572082,0
48057,Calhoun County,"Calhoun County, Texas",TX,1,TX-27,MICHAEL CLOUD,REPUBLICAN,19868,8670,79959,7.663675300836223,0.4004277330150204,9,91,17.12701640048155,2131,1063,112002.11361906125,0
51195,Wise County,"Wise County, Virginia",VA,1,VA-09,H. MORGAN GRIFFITH,REPUBLICAN,35448,13905,52943,17.228707306528317,0.6538610572931082,5,55,18.21385321594931,2915,1095,38554.4595701309,5
53061,Snohomish County,"Snohomish County, Washington",WA,3,WA-08 / WA-01 / WA-02,KIM SCHRIER / SUZAN K. DELBENE / RICK LARSEN,DEMOCRAT,844430,316212,111246,8.041058584290816,0.1179602322342827,98,263,192.30716834534252,32213,11896,123517.19960808076,0
05001,Arkansas County,"Arkansas County, Arkansas",AR,1,AR-01,"ERIC A. \""RICK\"" CRAWFORD",REPUBLICAN,16515,6705,53164,19.018895796146982,0.5258032538340428,7,25,52.04032182905163,4550,1751,58528.256318992615,1
05147,Woodruff County,"Woodruff County, Arkansas",AR,1,AR-01,"ERIC A. \""RICK\"" CRAWFORD",REPUBLICAN,6026,2692,48158,24.05257767156026,1,8,33,142.7351873817022,4131,1772,45310.64715524459,5
08013,Boulder County,"Boulder County, Colorado",CO,2,CO-02 / CO-07,JOE NEGUSE / BRITTANY PETTERSEN,DEMOCRAT,328961,137008,103994,11.160881043881252,0.09402644833987386,25,141,34.103018080404524,8612,3680,114411.42154761238,0
12107,Putnam County,"Putnam County, Florida",FL,1,FL-06,MICHAEL WALTZ,REPUBLICAN,75164,31360,47934,23.42064714946071,0.7267904147515718,28,103,51.275344407343404,12579,5454,49955.52985875828,10
13189,McDuffie County,"McDuffie County, Georgia",GA,1,GA-12,RICK W. ALLEN,REPUBLICAN,21718,8149,56733,20.31661029688087,0.59375,0,0,0,0,0,NA,0
13269,Taylor County,"Taylor County, Georgia",GA,1,GA-02,"SANFORD D. BISHOP, JR.",DEMOCRAT,7786,3179,41788,32.05917004843566,1,1,5,2.762555782970298,754,310,36330,2
16033,Clark County,"Clark County, Idaho",ID,1,ID-02,MICHAEL K. SIMPSON,REPUBLICAN,849,279,55208,11.743772241992882,1,1,6,1.243298087994229,203,72,55208,0
19083,Hardin County,"Hardin County, Iowa",IA,1,IA-02,ASHLEY HINSON,REPUBLICAN,16639,7038,65069,9.675194381740656,0.7003199431212229,9,67,23.73609291256511,4707,1869,71938.6586762813,0
21007,Ballard County,"Ballard County, Kentucky",KY,1,KY-01,JAMES COMER,REPUBLICAN,7654,3209,66164,15.008656279131708,1,7,56,38.28917201955975,2696,1115,65224.407045027,1
22055,Lafayette Parish,"Lafayette Parish, Louisiana",LA,2,LA-03 / LA-06,CLAY HIGGINS / CLEO FIELDS,REPUBLICAN / DEMOCRAT,247997,100903,67451,17.115024414981065,0.09079928687544725,29,128,20.407594575284545,9582,3808,83289.91112418538,9
26119,Montmorency County,"Montmorency County, Michigan",MI,1,MI-01,JACK BERGMAN,REPUBLICAN,9516,4921,49756,18.156691825236525,1,3,18,5.204587849908779,587,325,59166.57171797842,2
29029,Camden County,"Camden County, Missouri",MO,2,MO-04 / MO-03,MARK ALFORD / BOB ONDER,REPUBLICAN,43667,17925,66387,12.604070305272895,0.5625219323897532,54,357,405.6579912220343,11427,4760,67035.98434446522,0
30077,Powell County,"Powell County, Montana",MT,1,MT-01,RYAN K. ZINKE,REPUBLICAN,7053,2432,66923,5.557648831951771,1,3,24,5.179124926673563,3216,1038,62432,0
37147,Pitt County,"Pitt County, North Carolina",NC,1,NC-03,GREGORY F. MURPHY,REPUBLICAN,177193,74533,58188,19.838554005440027,0.26851617981356063,8,45,17.545512526042806,4418,1782,48852.77686175595,7
37099,Jackson County,"Jackson County, North Carolina",NC,1,NC-11,CHUCK EDWARDS,REPUBLICAN,43771,18430,55815,18.005554152991667,0.6666589343292584,31,243,58.18499134120063,4432,1949,62173.96010768124,3
38037,Grant County,"Grant County, North Dakota",ND,1,ND-AL,JULIE FEDORCHAK,REPUBLICAN,2269,1059,57875,16.606660666066606,1,3,16,8.72893336203274,207,95,57875,1
41043,Linn County,"Linn County, Oregon",OR,3,OR-05 / OR-04 / OR-06,JANELLE S. BYNUM / VAL T. HOYLE / ANDREA SALINAS,DEMOCRAT,130706,50729,76329,12.98326511980565,0.34245393048752043,33,169,47.166780654549406,8823,3348,86322.33438086574,2
42005,Armstrong County,"Armstrong County, Pennsylvania",PA,1,PA-15,GLENN THOMPSON,REPUBLICAN,64622,28035,65008,11.791649080023136,0.6494401903657829,21,85,118.63707323740994,15497,6777,68062.49580051072,2
47005,Benton County,"Benton County, Tennessee",TN,2,TN-07 / TN-08,MARK E. GREEN / DAVID KUSTOFF,REPUBLICAN,16006,7121,51746,17.845202800731723,1,4,30,24.949844732693464,1186,561,54286,2
48133,Eastland County,"Eastland County, Texas",TX,1,TX-25,ROGER WILLIAMS,REPUBLICAN,18011,7236,53549,16.205187991839114,1,12,203,1146.7999518544846,7457,3165,55541.23477866392,2
48155,Foard County,"Foard County, Texas",TX,1,TX-13,RONNY JACKSON,REPUBLICAN,991,437,61563,5.573419078242229,1,6,93,517.6748495769269,665,266,61563,0
51149,Prince George County,"Prince George County, Virginia",VA,1,VA-04,JENNIFER L. MCCLELLAN,DEMOCRAT,43146,12919,84897,8.886086109040876,0.4905603348058591,7,49,6.663895152111173,1598,606,82632.23343454518,0
54045,Logan County,"Logan County, West Virginia",WV,1,WV-01,CAROL D. MILLER,REPUBLICAN,31418,12760,49723,21.783640122059257,0.7291429975128197,7,46,6.1863793153915445,2620,1094,46938.446785584645,5
08005,Arapahoe County,"Arapahoe County, Colorado",CO,3,CO-04 / CO-06 / CO-01,LAUREN BOEBERT / JASON CROW / DIANA DEGETTE,REPUBLICAN / DEMOCRAT,659844,257232,101087,8.636239242540297,0.02063596256888577,13,112,117.80733013560625,4091,1623,123948.70382851863,0
13103,Effingham County,"Effingham County, Georgia",GA,2,GA-12 / GA-01,"RICK W. ALLEN / EARL L. \""BUDDY\"" CARTER",REPUBLICAN,69143,24287,88438,6.8365118649002765,0.7421142830675169,51,235,50.727581577546744,12388,4765,85964.25258858407,0
04003,Cochise County,"Cochise County, Arizona",AZ,2,AZ-06 / AZ-07,JUAN CISCOMANI / RAúL M. GRIJALVA,REPUBLICAN / DEMOCRAT,125566,50982,59742,15.423076923076923,0.36767718638149977,46,401,164.97690998185016,23163,9888,62181.56754113067,8
06083,Santa Barbara County,"Santa Barbara County, California",CA,1,CA-24,SALUD O. CARBAJAL,DEMOCRAT,443701,149608,98161,14.741387863868953,0.0556947453199146,48,199,75.14104104163599,8239,2928,114753.04366570442,0
06051,Mono County,"Mono County, California",CA,1,CA-03,KEVIN KILEY,REPUBLICAN,13148,5744,99415,8.553690503564038,0.4660856384994316,17,71,18.156458532993504,2526,1083,111315.79910869931,0
22101,St. Mary Parish,"St. Mary Parish, Louisiana",LA,1,LA-03,CLAY HIGGINS,REPUBLICAN,47828,18463,52576,20.794115153056897,0.19517872323199612,4,33,19.391935721867096,2482,842,58014.07224029462,0
22037,East Feliciana Parish,"East Feliciana Parish, Louisiana",LA,1,LA-05,JULIA LETLOW,REPUBLICAN,19271,6401,73085,16.23158903125374,1,6,38,17.17798575744099,2629,879,65089.520093797306,2
24035,Queen Anne's County,"Queen Anne's County, Maryland",MD,1,MD-01,ANDY HARRIS,REPUBLICAN,51825,19907,112826,6.437643220569386,0.5902674740345671,14,71,7.444549657981643,2779,1041,123280.6538488769,0
37095,Hyde County,"Hyde County, North Carolina",NC,1,NC-03,GREGORY F. MURPHY,REPUBLICAN,4592,1939,53713,22.17958557175748,1,1,8,2.718302917273837,910,410,53458,0
37173,Swain County,"Swain County, North Carolina",NC,1,NC-11,CHUCK EDWARDS,REPUBLICAN,14013,6013,52349,19.107812155508196,1,3,16,2.5105430512173283,599,223,59433.442092549296,1
02013,Aleutians East Borough,"Aleutians East Borough, Alaska",AK,1,AK-AL,NICK BEGICH,REPUBLICAN,3491,1045,65365,13.219554527046572,1,6,32,99.87784489346662,0,0,NA,0
42101,Philadelphia County,"Philadelphia County, Pennsylvania",PA,3,PA-02 / PA-03 / PA-05,BRENDAN F. BOYLE / DWIGHT EVANS / MARY GAY SCANLON,DEMOCRAT,1579706,679428,61953,21.356722891817324,0,0,0,0,0,0,NA,0
26029,Charlevoix County,"Charlevoix County, Michigan",MI,1,MI-01,JACK BERGMAN,REPUBLICAN,26108,12267,76531,8.728961114335462,0.6980118216012896,16,115,24.193592400219735,6215,3016,66321.31467914999,2
29031,Cape Girardeau County,"Cape Girardeau County, Missouri",MO,1,MO-08,JASON SMITH,REPUBLICAN,82735,32454,68464,13.948071348094135,0.3220046505935626,12,96,427.670783917274,10479,3877,76325.66397640656,0
30031,Gallatin County,"Gallatin County, Montana",MT,1,MT-01,RYAN K. ZINKE,REPUBLICAN,124074,51215,93528,9.518717471031987,0.34756220578345665,43,278,30.396378658476713,9321,3967,96494.27311115102,1
33007,Coos County,"Coos County, New Hampshire",NH,1,NH-02,MAGGIE GOODLANDER,DEMOCRAT,31271,14002,57677,13.2110342939284,0.6911219137776641,23,69,27.342925474834004,6668,3174,61136.21884078388,2
16031,Cassia County,"Cassia County, Idaho",ID,1,ID-02,MICHAEL K. SIMPSON,REPUBLICAN,25483,8495,70830,12.411460405889375,0.5031433786250253,11,62,166.47953362847272,1387,473,71695.12723421422,1
17185,Wabash County,"Wabash County, Illinois",IL,1,IL-12,MIKE BOST,REPUBLICAN,11119,4740,57086,16.686619394051018,0.3871138104040137,4,36,2.212235687291667,572,228,73839,0
26063,Huron County,"Huron County, Michigan",MI,1,MI-09,LISA C. MCCLAIN,REPUBLICAN,31113,14150,58870,12.61782487161152,1,19,90,41.2162843583619,10075,4698,55913.4664233056,2
27077,Lake of the Woods County,"Lake of the Woods County, Minnesota",MN,1,MN-08,PETE STAUBER,REPUBLICAN,3821,1817,77546,6.352567496029645,1,4,19,7.1709109873698145,636,338,70558.79444019179,0
36103,Suffolk County,"Suffolk County, New York",NY,3,NY-01 / NY-02 / NY-03,NICK LALOTA / ANDREW R. GARBARINO / THOMAS R. SUOZZI,CONSERVATIVE / REPUBLICAN / COMMON SENSE / DEMOCRAT,1530146,512565,130686,6.423618505110732,0.019641920939498795,13,60,18.776993265604187,9831,3949,97075.57846343584,2
46085,Lyman County,"Lyman County, South Dakota",SD,1,SD-AL,DUSTY JOHNSON,REPUBLICAN,3724,1188,67143,23.65179304681084,1,3,9,4.378771228087427,370,160,77375,0
18145,Shelby County,"Shelby County, Indiana",IN,1,IN-06,JEFFERSON SHREVE,REPUBLICAN,45265,18450,72190,13.044262960790507,0.5259127732771057,8,53,3.195663106441778,1569,573,88828.95320571258,1
20097,Kiowa County,"Kiowa County, Kansas",KS,1,KS-04,RON ESTES,REPUBLICAN,2422,955,75539,5.850340136054422,1,3,23,6.630383995308973,935,363,75539,0
21125,Laurel County,"Laurel County, Kentucky",KY,1,KY-05,HAROLD ROGERS,REPUBLICAN,62983,23996,57771,20.46232597567735,0.6099212623576573,1,7,2.798781080955326,5,2,52632,0
49035,Salt Lake County,"Salt Lake County, Utah",UT,4,UT-02 / UT-04 / UT-03 / UT-01,CELESTE MALOY / BURGESS OWENS / MIKE KENNEDY / BLAKE D. MOORE,REPUBLICAN,1196523,426245,97494,8.14270480310996,0.00691422313493155,14,76,46.70056750395054,6184,1943,128721.0398868213,2
51790,Staunton city,"Staunton city, Virginia",VA,1,VA-06,BEN CLINE,REPUBLICAN,25948,11309,65581,12.408186844928613,0.021436893203883495,2,8,5.8037978559692585,2221,979,65672.09280258558,2
12039,Gadsden County,"Gadsden County, Florida",FL,1,FL-02,NEAL P. DUNN,REPUBLICAN,43710,16872,48801,27.909490700931137,0.8051156847533427,10,28,26.800566325386683,3525,1102,48361.43642758632,3
17031,Cook County,"Cook County, Illinois",IL,11,IL-02 / IL-06 / IL-05 / IL-08 / IL-01 / IL-04 / IL-09 / IL-07 / IL-03 / IL-10 / IL-11,"ROBIN L. KELLY / SEAN CASTEN / MIKE QUIGLEY / RAJA KRISHNAMOORTHI / JONATHAN L. JACKSON / JESúS G. \""CHUY\"" GARCíA / JANICE D. SCHAKOWSKY / DANNY K. DAVIS / DELIA C. RAMIREZ / BRADLEY SCOTT SCHNEIDER / BILL FOSTER",DEMOCRAT,5182090,2100230,83498,13.490645842192087,5.478111154855966e-4,38,295,54.62818623766799,78502,27881,92045.30070118963,5
06015,Del Norte County,"Del Norte County, California",CA,1,CA-02,JARED HUFFMAN,DEMOCRAT,27107,9522,67058,12.948070317235805,0.4369750928162059,15,54,36.56211881016391,5101,1935,84075.30461255148,2
23025,Somerset County,"Somerset County, Maine",ME,1,ME-02,JARED F. GOLDEN,DEMOCRAT,50959,23209,58179,14.191742477256822,0.8487826138637399,17,133,50.8281400369197,5333,2380,56436.56620611027,2
37031,Carteret County,"Carteret County, North Carolina",NC,1,NC-03,GREGORY F. MURPHY,REPUBLICAN,69148,31977,72322,10.065732394159081,0.3059716928168307,20,105,25.322923660910334,6769,3201,87328.4030783822,3
39095,Lucas County,"Lucas County, Ohio",OH,1,OH-09,MARCY KAPTUR,DEMOCRAT,428018,183243,62224,17.71852763311013,0.04985172011621247,3,18,0.331202052344252,129,57,74562.63762366635,0
02188,Northwest Arctic Borough,"Northwest Arctic Borough, Alaska",AK,1,AK-AL,NICK BEGICH,REPUBLICAN,7441,1825,84018,17.861994023363216,1,11,61,72.7654948320933,0,0,NA,0
25011,Franklin County,"Franklin County, Massachusetts",MA,2,MA-02 / MA-01,JAMES P. MCGOVERN / RICHARD E. NEAL,DEMOCRAT,70944,31570,74907,12.12433453546282,0.5485365132551493,23,142,40.23937662779778,9813,4352,84255.5928620807,0
01063,Greene County,"Greene County, Alabama",AL,1,AL-07,TERRI A. SEWELL,DEMOCRAT,7424,3225,29200,40.13883217639853,1,1,3,56.4322743034582,364,160,29280,0
30071,Phillips County,"Phillips County, Montana",MT,1,MT-02,TROY DOWNING,REPUBLICAN,4221,1765,53417,10.521212121212121,1,6,39,4.280892746413331,997,417,53417,0
35007,Colfax County,"Colfax County, New Mexico",NM,1,NM-03,TERESA LEGER FERNANDEZ,DEMOCRAT,12322,5368,53554,18.151390319258496,0.5455719706143538,11,78,189.3807759468703,2020,858,54784.7904807042,0
19089,Howard County,"Howard County, Iowa",IA,1,IA-02,ASHLEY HINSON,REPUBLICAN,9445,3773,67446,8.934930398187115,1,5,35,6.926868652130851,776,306,76200.20358923814,0
19045,Clinton County,"Clinton County, Iowa",IA,1,IA-01,MARIANNETTE MILLER-MEEKS,REPUBLICAN,46268,19506,66981,13.185427680329138,0.3014851485148515,13,98,11.202873955241985,2252,915,81449.24751431587,0
01117,Shelby County,"Shelby County, Alabama",AL,1,AL-06,GARY J. PALMER,REPUBLICAN,230211,86866,97961,7.181042754619701,0.23967375708443933,6,44,45.31603931731109,5070,1965,73473.20430738383,2
47037,Davidson County,"Davidson County, Tennessee",TN,3,TN-07 / TN-05 / TN-06,MARK E. GREEN / ANDREW OGLES / JOHN W. ROSE,REPUBLICAN,715388,324907,77853,13.946113619197527,0.03142548234071442,0,0,0,0,0,NA,0
18107,Montgomery County,"Montgomery County, Indiana",IN,1,IN-04,JAMES R. BAIRD,REPUBLICAN,38312,15602,71479,10.525743489370956,0.5291280050611556,10,56,9.156702434444616,4454,1787,85517.16717964741,0
20161,Riley County,"Riley County, Kansas",KS,1,KS-01,TRACEY MANN,REPUBLICAN,71946,27695,61098,19.86783997921808,0.09848663822454454,14,105,271.34978176827923,8355,3503,75587.00802018034,2
21205,Rowan County,"Rowan County, Kentucky",KY,1,KY-05,HAROLD ROGERS,REPUBLICAN,24578,9592,54321,24.22161384622523,0.6198605141513259,2,8,0.409879069341295,0,0,NA,0
51119,Middlesex County,"Middlesex County, Virginia",VA,1,VA-01,ROBERT J. WITTMAN,REPUBLICAN,10847,4772,75060,7.312843241160035,1,9,78,16.489964800822783,1481,629,84075.39029096968,0
51199,York County,"York County, Virginia",VA,1,VA-01,ROBERT J. WITTMAN,REPUBLICAN,71005,26968,109956,5.550983873994832,0.07064030266257405,6,25,41.00203046341069,3858,1421,126298.46602696597,0
53075,Whitman County,"Whitman County, Washington",WA,1,WA-05,MICHAEL BAUMGARTNER,REPUBLICAN,47003,18721,55406,22.661940845758984,0.31855418673003566,21,69,23.487185763746666,4248,1795,73608.67730180903,0
55029,Door County,"Door County, Wisconsin",WI,1,WI-08,TONY WIED,REPUBLICAN,30445,14986,74795,7.657866808171929,0.6863899421273199,7,28,5.936699080423342,979,474,81084.64806708328,0
55037,Florence County,"Florence County, Wisconsin",WI,1,WI-07,THOMAS P. TIFFANY,REPUBLICAN,4646,2197,61086,7.2957623416339015,1,2,9,2.8084612337035533,340,159,57328.759537526676,1
06055,Napa County,"Napa County, California",CA,1,CA-04,MIKE THOMPSON,DEMOCRAT,134869,49763,111471,8.457222365058,0.1472550880675849,25,130,39.01484276224955,6987,2557,99169.51149055964,0
13139,Hall County,"Hall County, Georgia",GA,2,GA-09 / GA-07,ANDREW S. CLYDE / RICHARD MCCORMICK,REPUBLICAN,212705,73551,80901,11.79958409273685,0.2594813327032136,8,56,10.400380940905972,1920,708,84484.81724296843,0
16077,Power County,"Power County, Idaho",ID,1,ID-02,MICHAEL K. SIMPSON,REPUBLICAN,8133,2815,61146,9.46950917203768,1,3,39,78.50717876523274,270,96,62063.54269151115,0
17035,Cumberland County,"Cumberland County, Illinois",IL,1,IL-12,MIKE BOST,REPUBLICAN,10334,4177,73327,9.090909090909092,1,5,41,9.276421754204083,2792,1131,73103.43148901967,0
37153,Richmond County,"Richmond County, North Carolina",NC,1,NC-08,MARK HARRIS,REPUBLICAN,42344,17026,44883,25.223111713062618,0.4450472686629721,4,21,10.099912162622394,824,293,58268.71303597364,2
37103,Jones County,"Jones County, North Carolina",NC,1,NC-03,GREGORY F. MURPHY,REPUBLICAN,9302,4125,59641,18.362687540769734,1,3,20,2.8848552310577076,1102,513,62589.52566756473,0
48073,Cherokee County,"Cherokee County, Texas",TX,1,TX-06,JAKE ELLZEY,REPUBLICAN,51886,18185,61261,18.156981163082104,0.7246488931206856,29,452,748.7913252239093,12488,4629,62561.29209190528,5
48063,Camp County,"Camp County, Texas",TX,1,TX-01,NATHANIEL MORAN,REPUBLICAN,12798,4817,58843,19.918283963227783,1,6,74,12.172281864024662,515,215,57057,1
19021,Buena Vista County,"Buena Vista County, Iowa",IA,1,IA-04,RANDY FEENSTRA,REPUBLICAN,20753,7546,71719,7.787485480531286,0.43043749699851125,9,61,11.98444560829513,2761,1021,78152.34102228617,0
21151,Madison County,"Madison County, Kentucky",KY,1,KY-06,ANDY BARR,REPUBLICAN,95769,37051,63351,15.062027298675048,0.3618515442120365,0,0,0,0,0,NA,0
45029,Colleton County,"Colleton County, South Carolina",SC,2,SC-06 / SC-01,JAMES E. CLYBURN / NANCY MACE,DEMOCRAT / REPUBLICAN,38783,16408,51114,19.580860339303534,0.7609315096881152,5,20,5.096075099792355,298,117,44923.96058039599,1
47151,Scott County,"Scott County, Tennessee",TN,2,TN-06 / TN-03,"JOHN W. ROSE / CHARLES J. \""CHUCK\"" FLEISCHMANN",REPUBLICAN,22113,8755,44711,23.06876843657817,1,0,0,0,0,0,NA,0
48141,El Paso County,"El Paso County, Texas",TX,2,TX-23 / TX-16,TONY GONZALES / VERONICA ESCOBAR,REPUBLICAN / DEMOCRAT,870779,299637,59806,18.74558635912125,0.04023649089650982,12,103,23.629770041997656,5858,1334,63880.474672434364,4
51091,Highland County,"Highland County, Virginia",VA,1,VA-06,BEN CLINE,REPUBLICAN,2296,1003,65625,9.538327526132404,1,2,18,1.2847413853866323,105,48,65625,0
51165,Rockingham County,"Rockingham County, Virginia",VA,1,VA-06,BEN CLINE,REPUBLICAN,85600,32686,80693,9.784058545729838,0.5928101531812267,14,105,18.227273605291426,6685,2534,77914.76261634605,0
53015,Cowlitz County,"Cowlitz County, Washington",WA,1,WA-03,MARIE GLUESENKAMP PEREZ,DEMOCRAT,112360,43943,76531,12.19782297490749,0.329766097715163,20,57,16.8660873770858,2739,1039,85611.32270378672,0
08111,San Juan County,"San Juan County, Colorado",CO,1,CO-03,JEFF HURD,REPUBLICAN,724,399,77824,21.2707182320442,1,1,10,1.7516534060345506,496,281,77824,0
13135,Gwinnett County,"Gwinnett County, Georgia",GA,5,GA-09 / GA-13 / GA-04 / GA-10 / GA-07,"ANDREW S. CLYDE / DAVID SCOTT / HENRY C. \""HANK\"" JOHNSON, JR. / MIKE COLLINS / RICHARD MCCORMICK",REPUBLICAN / DEMOCRAT,979864,327043,87890,10.817070224762414,0.004728011351406701,2,11,0.40225515665661143,432,150,59297.148744227736,0
13077,Coweta County,"Coweta County, Georgia",GA,1,GA-03,BRIAN JACK,REPUBLICAN,152852,56275,95548,7.419879926980842,0.44892513581192955,11,48,39.66909854818678,5120,1928,95228.23269145176,1
13271,Telfair County,"Telfair County, Georgia",GA,1,GA-08,AUSTIN SCOTT,REPUBLICAN,11831,3351,50929,24.106209491950658,1,4,22,7.954648858921203,1170,344,51162.33722099579,2
13283,Treutlen County,"Treutlen County, Georgia",GA,1,GA-12,RICK W. ALLEN,REPUBLICAN,6376,2261,55518,13.792533861909481,1,1,7,8.954843476314474,2098,706,44583,1
16023,Butte County,"Butte County, Idaho",ID,1,ID-02,MICHAEL K. SIMPSON,REPUBLICAN,2684,1073,53015,19.253956292388846,1,3,17,3.7049898202808507,626,261,53015,1
31171,Thomas County,"Thomas County, Nebraska",NE,1,NE-03,ADRIAN SMITH,REPUBLICAN,564,304,65000,8.865248226950355,1,1,7,0.3945078289210267,81,37,65000,0
34013,Essex County,"Essex County, New Jersey",NJ,3,NJ-11 / NJ-10 / NJ-08,MIKIE SHERRILL / LAMONICA MCIVER / ROBERT MENENDEZ,DEMOCRAT,863002,319788,80789,14.64198745104545,1.3777485504695922e-4,3,27,6.3732484570125125,3222,1088,232097.65306267864,0
36043,Herkimer County,"Herkimer County, New York",NY,1,NY-21,ELISE M. STEFANIK,CONSERVATIVE / REPUBLICAN,59757,25741,68515,13.413326525402093,0.5260147325362909,23,173,26.595593795610228,11371,4894,70342.2900283606,0
37017,Bladen County,"Bladen County, North Carolina",NC,1,NC-07,DAVID ROUZER,REPUBLICAN,29566,11824,42422,21.961737225777746,1,5,39,16.437458353431758,2419,972,37271.25435569287,3
38005,Benson County,"Benson County, North Dakota",ND,1,ND-AL,JULIE FEDORCHAK,REPUBLICAN,5808,2025,64033,25.601523281980267,1,4,22,15.69997068250317,585,189,58827.170086774226,0
48001,Anderson County,"Anderson County, Texas",TX,1,TX-06,JAKE ELLZEY,REPUBLICAN,58439,17579,62068,17.364884482973164,0.6786195228065329,23,400,978.1829055008144,13128,5386,68065.42223971579,0
48199,Hardin County,"Hardin County, Texas",TX,1,TX-36,BRIAN BABIN,REPUBLICAN,57642,22222,75808,12.088624222786583,0.5072113247141257,18,211,32.90150024351208,6044,2465,81971.81417301693,0
48243,Jeff Davis County,"Jeff Davis County, Texas",TX,1,TX-23,TONY GONZALES,REPUBLICAN,1865,966,59286,23.89189189189189,1,4,51,13.389143308459824,681,330,59285.99999999999,0
45035,Dorchester County,"Dorchester County, South Carolina",SC,2,SC-06 / SC-01,JAMES E. CLYBURN / NANCY MACE,DEMOCRAT / REPUBLICAN,167201,63179,78198,11.383860824804847,0.1471833601584747,9,41,13.593485321772878,3587,1424,56885.93974612379,1
46055,Haakon County,"Haakon County, South Dakota",SD,1,SD-AL,DUSTY JOHNSON,REPUBLICAN,1722,687,65625,7.7243018419489005,1,4,50,967.456268439226,796,292,65625,0
21065,Estill County,"Estill County, Kentucky",KY,1,KY-06,ANDY BARR,REPUBLICAN,14035,5975,46051,20.739234623484133,0.7155263715314552,0,0,0,0,0,NA,0
22079,Rapides Parish,"Rapides Parish, Louisiana",LA,2,LA-04 / LA-06,MIKE JOHNSON / CLEO FIELDS,REPUBLICAN / DEMOCRAT,127527,48954,54967,19.898565146213848,0.39776039623758874,16,123,39.42464591678094,4713,1769,62329.65816494611,9
23007,Franklin County,"Franklin County, Maine",ME,1,ME-02,JARED F. GOLDEN,DEMOCRAT,30413,12675,58675,12.156096892452119,1,13,100,60.50056706850474,4864,2050,63814.02649795247,0
27149,Stevens County,"Stevens County, Minnesota",MN,1,MN-07,MICHELLE FISCHBACH,REPUBLICAN,9739,3889,75733,11.129119394921664,0.4798883259228622,4,14,4.247903774452152,910,383,82081.11845774521,0
28121,Rankin County,"Rankin County, Mississippi",MS,1,MS-03,MICHAEL GUEST,REPUBLICAN,158854,60133,79357,9.83640612827837,0.3299857989823665,23,211,404.55239201200806,24065,8901,79137.64668244614,1
30043,Jefferson County,"Jefferson County, Montana",MT,1,MT-02,TROY DOWNING,REPUBLICAN,12774,4996,95490,5.716798592788039,1,12,89,17.138775326581403,2671,1098,94076.18140185233,1
40013,Bryan County,"Bryan County, Oklahoma",OK,1,OK-02,JOSH BRECHEEN,REPUBLICAN,48253,18397,57225,16.573093445621197,0.5805240193631016,11,125,160.57973266815947,6638,2577,61641.47225406783,1
51105,Lee County,"Lee County, Virginia",VA,1,VA-09,H. MORGAN GRIFFITH,REPUBLICAN,21900,8527,41827,28.828117286997728,1,15,106,35.05564872698888,3948,1559,34676.50982744465,10
05069,Jefferson County,"Jefferson County, Arkansas",AR,1,AR-04,BRUCE WESTERMAN,REPUBLICAN,64802,24017,51096,18.554347274602986,0.3059322033898305,10,55,237.512404678,6934,2272,67456.31305164263,1
51053,Dinwiddie County,"Dinwiddie County, Virginia",VA,1,VA-04,JENNIFER L. MCCLELLAN,DEMOCRAT,28191,10661,83704,11.657380093958265,0.7166422156224281,4,36,3.6599296877324434,639,258,75250.7744733109,0
51830,Williamsburg city,"Williamsburg city, Virginia",VA,1,VA-01,ROBERT J. WITTMAN,REPUBLICAN,15798,5020,75604,18.84440400363967,0.001166936790923825,0,0,0,0,0,NA,0
54075,Pocahontas County,"Pocahontas County, West Virginia",WV,1,WV-01,CAROL D. MILLER,REPUBLICAN,7784,3181,42119,22.548491379310345,1,5,38,15.531614111400334,1273,541,41281.36148328815,6
05093,Mississippi County,"Mississippi County, Arkansas",AR,1,AR-01,"ERIC A. \""RICK\"" CRAWFORD",REPUBLICAN,39126,15452,52548,21.130484867525396,0.4563844168612511,20,90,644.2277671981657,13782,4820,58512.308004098544,5
45063,Lexington County,"Lexington County, South Carolina",SC,1,SC-02,JOE WILSON,REPUBLICAN,304887,121964,77408,11.108867697827677,0.2515451153266597,64,397,90.06937076606616,20706,8564,89163.59998332609,3
27027,Clay County,"Clay County, Minnesota",MN,1,MN-07,MICHELLE FISCHBACH,REPUBLICAN,66059,26442,81172,13.264902026010233,0.25792277779478856,11,43,20.972909959282706,5688,2198,102208.28751285777,0
33015,Rockingham County,"Rockingham County, New Hampshire",NH,2,NH-01 / NH-02,CHRIS PAPPAS / MAGGIE GOODLANDER,DEMOCRAT,319082,127570,118331,4.771089357699119,0.29010172642085963,186,493,46.32419525511585,28639,11413,119341.80663667902,0
41013,Crook County,"Crook County, Oregon",OR,1,OR-02,CLIFF BENTZ,REPUBLICAN,26277,10782,81965,11.284941907281722,0.49846390168970817,12,68,15.061330908581526,2129,938,91546.45785061401,1
45031,Darlington County,"Darlington County, South Carolina",SC,1,SC-07,RUSSELL FRY,REPUBLICAN,62558,25561,48581,21.086308796952082,0.5711469676496304,1,4,3.369061924209283,923,360,39461,2
13251,Screven County,"Screven County, Georgia",GA,1,GA-12,RICK W. ALLEN,REPUBLICAN,14130,4932,52792,17.17725077488647,1,10,35,44.60119743604447,813,309,64681.56022013721,3
05145,White County,"White County, Arkansas",AR,1,AR-02,J. FRENCH HILL,REPUBLICAN,77838,29629,55249,17.548523263114305,0.5591367056311994,12,43,308.27557747238274,14276,5426,46597.37334473821,8
29069,Dunklin County,"Dunklin County, Missouri",MO,1,MO-08,JASON SMITH,REPUBLICAN,27493,11257,47849,22.025325940356662,0.6266308383127673,16,114,501.5383707941741,7366,2872,46849.584641244364,6
48329,Midland County,"Midland County, Texas",TX,1,TX-11,AUGUST PFLUGER,REPUBLICAN,174801,67651,92874,11.347824831846657,0.13721372137213722,11,201,89.30026236771485,7851,3169,128754.05257483847,0
51167,Russell County,"Russell County, Virginia",VA,1,VA-09,H. MORGAN GRIFFITH,REPUBLICAN,25538,10669,50012,16.678531877867425,0.993871455723207,12,136,12.910227555844742,1503,611,45353.05911165915,5
12055,Highlands County,"Highlands County, Florida",FL,1,FL-18,SCOTT FRANKLIN,REPUBLICAN,105702,46879,54897,15.26471972265171,0.19876524917271696,29,110,151.78341565256156,25519,12000,55352.89600132667,11
18183,Whitley County,"Whitley County, Indiana",IN,1,IN-03,MARLIN A. STUTZMAN,REPUBLICAN,34618,14029,78083,9.920449227889565,0.6908543183878798,6,33,5.39393782757133,2905,1138,73658.98348238855,0
21197,Powell County,"Powell County, Kentucky",KY,1,KY-06,ANDY BARR,REPUBLICAN,13038,4790,40309,22.478659500474233,1,3,13,19.382822942157166,2263,905,35818.228295828136,2
22053,Jefferson Davis Parish,"Jefferson Davis Parish, Louisiana",LA,1,LA-03,CLAY HIGGINS,REPUBLICAN,31924,12068,57341,14.563634040378226,0.7092093023255814,4,20,11.04593004089712,3781,1477,57330.220027087045,2
51117,Mecklenburg County,"Mecklenburg County, Virginia",VA,1,VA-05,JOHN J. MCGUIRE III,REPUBLICAN,30516,13569,57045,16.34068760151597,0.8325802302186748,22,168,28.10846467675399,4194,1965,52256.74543133265,0
19143,Osceola County,"Osceola County, Iowa",IA,1,IA-04,RANDY FEENSTRA,REPUBLICAN,6100,2634,69239,15.967930516118257,1,5,29,8.164399814078486,1992,822,62458.86063355382,1
21071,Floyd County,"Floyd County, Kentucky",KY,1,KY-05,HAROLD ROGERS,REPUBLICAN,35224,14700,41279,28.04902962206333,0.7821490178621112,4,20,23.478127658629305,2102,760,40126.025122293635,5
48323,Maverick County,"Maverick County, Texas",TX,1,TX-23,TONY GONZALES,REPUBLICAN,58082,18080,49568,22.783952761375478,0.06571423635704043,1,14,18.01941000266232,942,302,61250,0
12133,Washington County,"Washington County, Florida",FL,1,FL-02,NEAL P. DUNN,REPUBLICAN,25529,9287,58210,17.2882096069869,1,5,32,54.55072209637198,3836,1305,58708.91766076473,3
37111,McDowell County,"McDowell County, North Carolina",NC,1,NC-11,CHUCK EDWARDS,REPUBLICAN,44817,18638,57168,14.807754145803665,0.7301135089057382,18,128,28.891605199095167,2212,998,58256.17271218895,0
48503,Young County,"Young County, Texas",TX,1,TX-25,ROGER WILLIAMS,REPUBLICAN,18029,7643,68010,16.502615445188145,0.5195052331113226,5,78,242.32750535924313,3240,1434,58699.18966365109,3
46075,Jones County,"Jones County, South Dakota",SD,1,SD-AL,DUSTY JOHNSON,REPUBLICAN,1004,342,65119,18.309859154929576,1,1,3,0.9393168420573802,109,40,65119,0
06095,Solano County,"Solano County, California",CA,3,CA-04 / CA-08 / CA-07,MIKE THOMPSON / JOHN GARAMENDI / DORIS O. MATSUI,DEMOCRAT,451918,157512,100401,9.989034715863488,0.04456317765953459,16,63,120.17457043976012,133117,46851,94431.49468656706,5
12017,Citrus County,"Citrus County, Florida",FL,1,FL-12,GUS M. BILIRAKIS,REPUBLICAN,162472,71291,56546,15.593577125243552,0.2497416197032039,41,126,23.062930480682404,7884,3658,52461.73839947597,11
13137,Habersham County,"Habersham County, Georgia",GA,1,GA-09,ANDREW S. CLYDE,REPUBLICAN,47793,16753,67309,14.08444493440635,0.5933392713606048,9,72,27.907889382370996,4015,1175,65442.22458562611,0
01085,Lowndes County,"Lowndes County, Alabama",AL,1,AL-07,TERRI A. SEWELL,DEMOCRAT,9833,4284,37052,29.94824016563147,1,5,38,25.80798412365583,1972,809,37717.676849233234,5
22113,Vermilion Parish,"Vermilion Parish, Louisiana",LA,1,LA-03,CLAY HIGGINS,REPUBLICAN,57123,21797,55707,20.162878586256454,0.5593368085217664,4,27,9.33501999025592,4282,1613,55557.87576112191,6
25023,Plymouth County,"Plymouth County, Massachusetts",MA,3,MA-09 / MA-08 / MA-04,WILLIAM R. KEATING / STEPHEN F. LYNCH / JAKE AUCHINCLOSS,DEMOCRAT,535075,203141,114201,7.103457733521768,0.12465077549974662,18,139,13.081553644539843,6395,2327,107315.87172905884,0
27043,Faribault County,"Faribault County, Minnesota",MN,1,MN-01,BRAD FINSTAD,REPUBLICAN,13914,6079,66815,10.368359260346345,1,12,46,19.697528728091747,7196,3129,65695.31383724482,1
29189,St. Louis County,"St. Louis County, Missouri",MO,2,MO-02 / MO-01,ANN WAGNER / WESLEY BELL,REPUBLICAN / DEMOCRAT,995569,413849,82936,9.793094798481777,0.013546122245736338,7,50,15.308435144666452,7092,2729,136179.49347974616,0
35017,Grant County,"Grant County, New Mexico",NM,1,NM-02,GABE VASQUEZ,DEMOCRAT,27775,11295,44958,19.504609574586247,0.40422210395600494,16,141,34.65429444654194,7551,2929,41343.87531466572,3
37139,Pasquotank County,"Pasquotank County, North Carolina",NC,1,NC-01,DONALD G. DAVIS,DEMOCRAT,40834,15785,66589,11.039962363764669,0.45052750936698877,1,3,0.005016636770146763,0,0,NA,0
42055,Franklin County,"Franklin County, Pennsylvania",PA,1,PA-13,JOHN JOYCE,REPUBLICAN,157379,63510,77003,8.475854158343108,0.444815688890029,24,108,20.056286435294442,6823,2769,77021.23914070781,0
48043,Brewster County,"Brewster County, Texas",TX,1,TX-23,TONY GONZALES,REPUBLICAN,9503,4951,56212,8.927190365705448,0.3418185627487953,4,46,78.6384059170437,724,367,49498.00000000001,0
53073,Whatcom County,"Whatcom County, Washington",WA,1,WA-02,RICK LARSEN,DEMOCRAT,230503,94021,81784,12.883160673484328,0.28587109373278025,91,275,386.3676890959245,39488,15297,89797.6272970605,2
55043,Grant County,"Grant County, Wisconsin",WI,1,WI-03,DERRICK VAN ORDEN,REPUBLICAN,51770,19960,66858,12.985770158941499,0.7720743963957025,24,101,48.40841606406116,11295,4464,68203.04129185386,2
05023,Cleburne County,"Cleburne County, Arkansas",AR,1,AR-02,J. FRENCH HILL,REPUBLICAN,25226,10522,55798,13.879834198559298,0.727125571607786,5,17,79.22557724013916,1874,768,52643.458696608264,0
13019,Berrien County,"Berrien County, Georgia",GA,1,GA-08,AUSTIN SCOTT,REPUBLICAN,18352,7045,52876,20.584512081017117,0.7332599118942731,7,30,12.428052026920529,1938,716,54267.71612653171,2
18051,Gibson County,"Gibson County, Indiana",IN,1,IN-08,MARK MESSMER,REPUBLICAN,33000,13438,67573,10.787893792164388,0.7472660628275424,7,40,19.275998369905874,5869,2338,73045.0851784165,1
21177,Muhlenberg County,"Muhlenberg County, Kentucky",KY,1,KY-02,BRETT GUTHRIE,REPUBLICAN,30591,12123,51927,18.3729807102447,0.6351849456802897,6,29,6.581199779427146,680,247,44889.79883507026,2
22097,St. Landry Parish,"St. Landry Parish, Louisiana",LA,1,LA-06,CLEO FIELDS,DEMOCRAT,81670,32183,44462,26.75661533861564,0.591955415556094,11,67,28.326240099694285,5940,2300,46034.14840034122,6
23021,Piscataquis County,"Piscataquis County, Maine",ME,1,ME-02,JARED F. GOLDEN,DEMOCRAT,17263,8385,61345,15.481393975191967,1,7,53,40.12023624717655,4864,2209,61536.88129253083,1
27021,Cass County,"Cass County, Minnesota",MN,1,MN-08,PETE STAUBER,REPUBLICAN,30992,12874,68874,12.806352525978694,1,11,51,12.432503063696235,2154,877,62964.28372097486,0
35037,Quay County,"Quay County, New Mexico",NM,1,NM-03,TERESA LEGER FERNANDEZ,DEMOCRAT,8564,4389,41946,27.11624616835652,0.40349874228218613,7,44,124.07872739010973,1481,677,38527.91418822822,3
37023,Burke County,"Burke County, North Carolina",NC,1,NC-14,TIM MOORE,REPUBLICAN,87795,36306,58592,15.583883504237486,0.4592326139088729,8,31,29.29594793949443,3121,1357,63255.17481628495,0
41061,Union County,"Union County, Oregon",OR,1,OR-02,CLIFF BENTZ,REPUBLICAN,26144,10900,65661,16.058677429369762,0.42914948847152234,9,45,10.21809947198565,4167,1721,65872.42738819518,1
42097,Northumberland County,"Northumberland County, Pennsylvania",PA,1,PA-09,DANIEL MEUSER,REPUBLICAN,90560,37886,60583,12.592669337385459,0.35259201064955753,9,37,4.885679652426066,1600,631,73572.09964118041,0
47035,Cumberland County,"Cumberland County, Tennessee",TN,1,TN-06,JOHN W. ROSE,REPUBLICAN,63553,28195,60375,14.354370548955542,0.5394390383514597,1,8,83.22309581864566,917,461,64633.499385584895,0
48333,Mills County,"Mills County, Texas",TX,1,TX-11,AUGUST PFLUGER,REPUBLICAN,4511,1799,67620,7.199074074074074,1,5,103,14.14137316005822,1105,428,69828.0730353243,0
01061,Geneva County,"Geneva County, Alabama",AL,1,AL-01,BARRY MOORE,REPUBLICAN,26887,10647,52771,19.178596926314206,0.9944108931317753,3,20,5.400242083028545,536,217,64832.65298052243,1
01039,Covington County,"Covington County, Alabama",AL,1,AL-01,BARRY MOORE,REPUBLICAN,37628,14642,52456,19.186895172190084,0.6881554431727442,10,48,12.81246831673093,1344,540,57674.720110204165,2
01111,Randolph County,"Randolph County, Alabama",AL,1,AL-03,MIKE ROGERS,REPUBLICAN,22510,9271,52338,19.90581996068212,1,2,12,9.652564409626008,550,192,56018.17545816345,1
01059,Franklin County,"Franklin County, Alabama",AL,1,AL-04,ROBERT B. ADERHOLT,REPUBLICAN,31966,11954,53338,19.138755980861244,0.6904991747890262,3,22,11.639850722407672,371,127,37711.81313481261,3
01093,Marion County,"Marion County, Alabama",AL,1,AL-04,ROBERT B. ADERHOLT,REPUBLICAN,29184,10614,50088,16.20978188565627,1,6,41,52.864354129702896,3141,1178,40808.05564794267,5
05127,Scott County,"Scott County, Arkansas",AR,1,AR-04,BRUCE WESTERMAN,REPUBLICAN,9816,3985,43270,18.729440789473685,1,2,9,9.117870407706581,319,127,52638,0
05077,Lee County,"Lee County, Arkansas",AR,1,AR-01,"ERIC A. \""RICK\"" CRAWFORD",REPUBLICAN,8359,2690,34375,39.440993788819874,1,8,35,58.21578005662404,3923,1268,23830.24001889237,5
05005,Baxter County,"Baxter County, Arkansas",AR,1,AR-01,"ERIC A. \""RICK\"" CRAWFORD",REPUBLICAN,42407,19348,48452,15.491815014556389,0.5728013068441156,16,64,122.41171523509976,5296,2294,48043.62095301612,2
05105,Perry County,"Perry County, Arkansas",AR,1,AR-02,J. FRENCH HILL,REPUBLICAN,10101,4094,55764,14.244273281984595,1,8,26,212.2631844336233,5169,2074,58605.448463605666,2
06049,Modoc County,"Modoc County, California",CA,1,CA-01,DOUG LAMALFA,REPUBLICAN,8600,3267,59455,17.90021281626862,1,6,29,330.32352585458625,3740,1386,59159.05638949788,1
08063,Kit Carson County,"Kit Carson County, Colorado",CO,1,CO-04,LAUREN BOEBERT,REPUBLICAN,7023,2896,70259,9.828009828009828,1,5,44,5.601829793325979,1011,436,60560.46722794334,0
08125,Yuma County,"Yuma County, Colorado",CO,1,CO-04,LAUREN BOEBERT,REPUBLICAN,9979,4078,60545,17.932943709627807,1,3,22,11.664193290511555,1329,489,73027.54885952729,0
08099,Prowers County,"Prowers County, Colorado",CO,1,CO-04,LAUREN BOEBERT,REPUBLICAN,11910,4733,53508,18.15668998877084,0.3747812317693141,7,64,26.339492671773037,1278,516,49205.84883990194,2
12087,Monroe County,"Monroe County, Florida",FL,1,FL-28,CARLOS A. GIMENEZ,REPUBLICAN,81860,34405,87738,10.649922128006724,0.1311267707604315,0,0,0,0,0,NA,0
12021,Collier County,"Collier County, Florida",FL,3,FL-26 / FL-19 / FL-18,MARIO DIAZ-BALART / BYRON DONALDS / SCOTT FRANKLIN,REPUBLICAN,398291,165875,90045,10.693808794130481,0.11622825693542549,3,19,5.916816384535281,1507,704,74712.60835045815,0
45089,Williamsburg County,"Williamsburg County, South Carolina",SC,1,SC-06,JAMES E. CLYBURN,DEMOCRAT,30282,12291,46213,23.326141425389753,0.8307870818023593,8,48,13.846192882819615,1864,808,49926.39704144697,4
21203,Rockcastle County,"Rockcastle County, Kentucky",KY,1,KY-05,HAROLD ROGERS,REPUBLICAN,16163,6534,48862,25.635647088736334,1,2,10,117.65733091301057,2563,1046,50456.267801243404,3
22013,Bienville Parish,"Bienville Parish, Louisiana",LA,1,LA-04,MIKE JOHNSON,REPUBLICAN,12638,5556,35011,29.2498782269849,1,20,143,32.19459072030131,2264,928,36094.09609818609,9
26137,Otsego County,"Otsego County, Michigan",MI,1,MI-01,JACK BERGMAN,REPUBLICAN,25584,11231,68183,8.033033033033034,0.6621896297477183,9,45,3.191741763980957,794,342,78242.1703136929,0
30093,Silver Bow County,"Silver Bow County, Montana",MT,1,MT-01,RYAN K. ZINKE,REPUBLICAN,35785,15419,61754,14.845479373293086,0.13875843224319015,2,18,0.5173124020269887,104,39,83876,0
36115,Washington County,"Washington County, New York",NY,1,NY-21,ELISE M. STEFANIK,CONSERVATIVE / REPUBLICAN,60522,24469,73495,10.733319490586933,0.7549835241917067,18,131,34.759043172155664,11676,4369,66966.86939018405,2
42059,Greene County,"Greene County, Pennsylvania",PA,1,PA-14,GUY RESCHENTHALER,REPUBLICAN,34835,14324,68041,13.520504731861198,0.7565222228402959,4,18,7.192150872156941,741,306,72947.22133158219,0
47025,Claiborne County,"Claiborne County, Tennessee",TN,1,TN-02,TIM BURCHETT,REPUBLICAN,32466,13724,49379,17.36499967818755,0.7132915145273538,4,23,4.958341383971372,325,125,56863.13208031714,1
48215,Hidalgo County,"Hidalgo County, Texas",TX,2,TX-15 / TX-34,MONICA DE LA CRUZ / VICENTE GONZALEZ,REPUBLICAN / DEMOCRAT,891977,270210,54338,26.665549525762362,0.08905224160839523,9,74,17.844398795806605,10201,3284,45586.47257648285,6
05029,Conway County,"Conway County, Arkansas",AR,1,AR-02,J. FRENCH HILL,REPUBLICAN,21054,8279,54187,19.709533624119253,0.6939415882210959,4,12,23.14327254970818,1511,637,57118.00382575898,0
51019,Bedford County,"Bedford County, Virginia",VA,2,VA-09 / VA-05,H. MORGAN GRIFFITH / JOHN J. MCGUIRE III,REPUBLICAN,80894,33127,78937,8.062162465544981,0.7073443910296746,13,82,5.91640952617152,688,285,71965.13931601074,0
51685,Manassas Park city,"Manassas Park city, Virginia",VA,1,VA-10,SUHAS SUBRAMANYAM,DEMOCRAT,16798,5193,103250,5.119657102035957,0,0,0,0,0,0,NA,0
54067,Nicholas County,"Nicholas County, West Virginia",WV,1,WV-01,CAROL D. MILLER,REPUBLICAN,24277,9466,54639,15.402203284140512,1,3,31,25.895635345541848,2768,985,43893.15546588235,2
16079,Shoshone County,"Shoshone County, Idaho",ID,1,ID-01,RUSS FULCHER,REPUBLICAN,13785,5763,55527,13.07669703203056,1,10,62,12.759882482750816,3464,1511,57182.08251485144,2
06077,San Joaquin County,"San Joaquin County, California",CA,2,CA-09 / CA-13,JOSH HARDER / ADAM GRAY,DEMOCRAT,797334,245250,92179,12.411203003497118,0.07751340099816101,87,306,310.58129045653317,133085,43980,103854.20239942007,4
24029,Kent County,"Kent County, Maryland",MD,1,MD-01,ANDY HARRIS,REPUBLICAN,19346,8493,80147,9.659947512423921,0.6962704448380039,10,51,17.39136533051456,3479,1647,86541.2805490415,0
34003,Bergen County,"Bergen County, New Jersey",NJ,2,NJ-05 / NJ-09,JOSH GOTTHEIMER / NELLIE POU,DEMOCRAT,962316,355127,124884,6.790966960704345,0.001210590416560291,3,13,18.679173425334117,10826,4085,184454.1437468809,0
39073,Hocking County,"Hocking County, Ohio",OH,1,OH-02,DAVID J. TAYLOR,REPUBLICAN,27799,11568,62960,15.982100629388437,0.7060962566844919,7,41,5.134607974268056,1226,548,64148.07821646741,0
06027,Inyo County,"Inyo County, California",CA,1,CA-03,KEVIN KILEY,REPUBLICAN,18739,8040,73991,10.879276530834604,0.42085612116112747,44,166,17.08235013027815,8740,3402,75965.13842957986,1
37115,Madison County,"Madison County, North Carolina",NC,1,NC-11,CHUCK EDWARDS,REPUBLICAN,21867,8342,58531,12.123382514443968,1,6,56,32.50064221888219,3041,1179,63687.84641548611,1
02158,Kusilvak Census Area,"Kusilvak Census Area, Alaska",AK,1,AK-AL,NICK BEGICH,REPUBLICAN,8176,1916,51471,32.398022249690975,1,13,73,210.19055211629473,0,0,NA,0
27173,Yellow Medicine County,"Yellow Medicine County, Minnesota",MN,1,MN-07,MICHELLE FISCHBACH,REPUBLICAN,9451,4070,74000,8.556723139609693,1,10,38,13.170876306883281,2860,1227,73504.50477154928,0
48481,Wharton County,"Wharton County, Texas",TX,1,TX-22,TROY E. NEHLS,REPUBLICAN,41794,15890,66924,13.608473338203067,0.4752946836661054,12,115,11.638904618214154,3391,1282,71490.76553209485,1
48169,Garza County,"Garza County, Texas",TX,1,TX-19,JODEY C. ARRINGTON,REPUBLICAN,5118,1463,46314,8.420208500400962,1,3,74,157.47991776395222,148,54,45700.14353522663,0
13209,Montgomery County,"Montgomery County, Georgia",GA,1,GA-12,RICK W. ALLEN,REPUBLICAN,8640,3143,51941,20.555341303509447,0.9871080139372822,12,45,18.03254897459766,2455,863,46829.38717296743,2
17189,Washington County,"Washington County, Illinois",IL,1,IL-12,MIKE BOST,REPUBLICAN,13627,5795,78224,7.528005974607916,0.9931691010827701,14,113,21.893815440663154,4823,2031,72614.96246883273,0
21031,Butler County,"Butler County, Kentucky",KY,1,KY-02,BRETT GUTHRIE,REPUBLICAN,12393,4567,56092,20.515592515592516,1,2,13,9.873398313155901,2042,749,41104.864829234444,1
51530,Buena Vista city,"Buena Vista city, Virginia",VA,1,VA-06,BEN CLINE,REPUBLICAN,6593,2554,57833,18.844386080105057,0.021834061135371178,0,0,0,0,0,NA,0
30003,Big Horn County,"Big Horn County, Montana",MT,1,MT-02,TROY DOWNING,REPUBLICAN,12891,3827,58750,22.082770672809595,1,4,21,2.939615593753577,491,125,58203.74037687969,1
36095,Schoharie County,"Schoharie County, New York",NY,1,NY-21,ELISE M. STEFANIK,CONSERVATIVE / REPUBLICAN,30049,12861,70133,11.730695552227369,0.8303829844517736,12,79,13.339278321222771,2580,1133,65605.12495039306,2
21217,Taylor County,"Taylor County, Kentucky",KY,1,KY-01,JAMES COMER,REPUBLICAN,26397,10260,60456,17.455397941749116,0.5085501287322753,0,0,0,0,0,NA,0
12027,DeSoto County,"DeSoto County, Florida",FL,1,FL-18,SCOTT FRANKLIN,REPUBLICAN,35386,12824,54417,24.060732360821675,0.48958088062161526,4,12,1.675374009558634,947,391,61503.61657098199,1
47041,DeKalb County,"DeKalb County, Tennessee",TN,1,TN-06,JOHN W. ROSE,REPUBLICAN,20959,8652,53153,18.566034082106896,0.7597111553784861,3,23,661.136520483634,12899,5498,57789.82254686921,4
45065,McCormick County,"McCormick County, South Carolina",SC,1,SC-03,SHERI BIGGS,REPUBLICAN,9760,4199,55798,17.613187309472732,1,1,3,14.516873585397795,1798,754,52097.64255688459,2
08053,Hinsdale County,"Hinsdale County, Colorado",CO,1,CO-03,JEFF HURD,REPUBLICAN,1005,511,75972,4.079601990049751,1,2,14,3.016567782554457,260,169,75972,0
21085,Grayson County,"Grayson County, Kentucky",KY,1,KY-02,BRETT GUTHRIE,REPUBLICAN,26707,10129,50757,20.070571088865876,0.7544284632853898,0,0,0,0,0,NA,0
34027,Morris County,"Morris County, New Jersey",NJ,2,NJ-11 / NJ-07,"MIKIE SHERRILL / THOMAS H. KEAN, JR.",DEMOCRAT / REPUBLICAN,514528,193245,137326,4.917308420653958,0.08554934859656185,34,204,26.92651335304438,20177,8061,123241.35417354033,1
51007,Amelia County,"Amelia County, Virginia",VA,1,VA-05,JOHN J. MCGUIRE III,REPUBLICAN,13462,5417,76717,9.701101206082853,1,1,18,0.20470521275788606,86,38,72672,0
09130,Lower Connecticut River Valley Planning Region,"Lower Connecticut River Valley Planning Region, Connecticut",CT,3,CT-02 / CT-03 / CT-01,JOE COURTNEY / ROSA L. DELAURO / JOHN B. LARSON,DEMOCRAT,175822,74068,104428,6.796368352788586,NA,55,406,23.589391603967584,0,0,NA,0
20203,Wichita County,"Wichita County, Kansas",KS,1,KS-01,TRACEY MANN,REPUBLICAN,2091,824,79063,16.52932622394571,1,1,15,3.363143317925958,675,258,79063,1
17071,Henderson County,"Henderson County, Illinois",IL,1,IL-15,MARY E. MILLER,REPUBLICAN,6193,2704,62227,13.936309914642154,0.9946766870205104,7,49,6.717713629339212,1805,775,62084.387723223175,1
16071,Oneida County,"Oneida County, Idaho",ID,1,ID-02,MICHAEL K. SIMPSON,REPUBLICAN,4768,1921,74954,10.807952622673435,1,2,17,4.574074774404229,1110,467,74954,0
16055,Kootenai County,"Kootenai County, Idaho",ID,1,ID-01,RUSS FULCHER,REPUBLICAN,181996,71172,81861,9.043100237376517,0.23511630349785834,78,512,173.88086700423946,17973,7110,92296.87826285932,0
17127,Massac County,"Massac County, Illinois",IL,1,IL-12,MIKE BOST,REPUBLICAN,13865,5457,65116,16.27389951089373,0.5288305455572023,2,14,4.621658837337213,958,364,75615.57511795354,1
17157,Randolph County,"Randolph County, Illinois",IL,1,IL-12,MIKE BOST,REPUBLICAN,30058,11945,68131,14.630373126081992,0.7898750124324504,12,112,16.708365188944917,4669,2057,63285.45120185844,1
12015,Charlotte County,"Charlotte County, Florida",FL,1,FL-17,W. GREGORY STEUBE,REPUBLICAN,201064,90542,69952,8.98559274195599,0.06499970564151418,8,39,31.968197982273253,3680,1773,81010.86352343594,0
12059,Holmes County,"Holmes County, Florida",FL,1,FL-02,NEAL P. DUNN,REPUBLICAN,19513,7011,49343,13.960726614226699,1,9,52,41.296859275345376,6202,1957,47055.33244349081,4
12079,Madison County,"Madison County, Florida",FL,1,FL-02,NEAL P. DUNN,REPUBLICAN,18089,6976,48485,20.995855680156023,1,5,27,5.002740660133742,598,252,53149.86317187195,1
12003,Baker County,"Baker County, Florida",FL,1,FL-03,KAT CAMMACK,REPUBLICAN,28430,9165,79836,11.755139969799048,0.6149545277610673,3,10,1.980131517141912,576,196,81634.22319274528,1
13285,Troup County,"Troup County, Georgia",GA,1,GA-03,BRIAN JACK,REPUBLICAN,70330,26904,56776,16.899172879776327,0.45363408521303256,3,15,0.8076827988560323,87,32,60580.54713251263,0
13233,Polk County,"Polk County, Georgia",GA,1,GA-14,MARJORIE TAYLOR GREENE,REPUBLICAN,43785,15901,58515,16.354608941787895,0.5198469185354584,1,2,1.4636270867857453,257,82,62244.36014480895,0
17163,St. Clair County,"St. Clair County, Illinois",IL,2,IL-12 / IL-13,MIKE BOST / NIKKI BUDZINSKI,REPUBLICAN / DEMOCRAT,253694,100846,73854,13.583540182457046,0.14155788655788656,16,114,61.43561685156416,6906,2704,80317.13457131013,1
13047,Catoosa County,"Catoosa County, Georgia",GA,1,GA-14,MARJORIE TAYLOR GREENE,REPUBLICAN,68634,26653,74639,9.854782467962394,0.23722595473833097,1,4,66.24858110892364,17932,6888,80661.43113112192,0
13295,Walker County,"Walker County, Georgia",GA,1,GA-14,MARJORIE TAYLOR GREENE,REPUBLICAN,68762,26355,59469,13.292140533118415,0.5101693913146303,1,3,2.358004128358735,836,316,63318.04761445611,1
13131,Grady County,"Grady County, Georgia",GA,1,GA-02,"SANFORD D. BISHOP, JR.",DEMOCRAT,26108,10108,58980,20.301071939940403,0.6056563500533618,7,29,12.271793252111811,1323,511,57034.290999512516,0
13253,Seminole County,"Seminole County, Georgia",GA,1,GA-02,"SANFORD D. BISHOP, JR.",DEMOCRAT,9156,3767,49495,20.110803324099724,1,5,29,11.074086711972353,3040,1167,46651.388741263756,4
13061,Clay County,"Clay County, Georgia",GA,1,GA-02,"SANFORD D. BISHOP, JR.",DEMOCRAT,2850,1231,49147,21.01865136298422,1,4,18,11.652407157382594,961,415,49147,1
17117,Macoupin County,"Macoupin County, Illinois",IL,1,IL-13,NIKKI BUDZINSKI,DEMOCRAT,44350,17576,70805,13.059424326833797,0.6551915849400671,27,191,47.31627056191486,12995,5215,73210.19752700896,1
13045,Carroll County,"Carroll County, Georgia",GA,1,GA-03,BRIAN JACK,REPUBLICAN,124569,44106,73714,15.367748661641444,0.5438278443616342,7,34,14.694598655956142,1645,625,76498.97325028222,0
17093,Kendall County,"Kendall County, Illinois",IL,1,IL-14,LAUREN UNDERWOOD,DEMOCRAT,137675,45372,111601,5.4150174536638085,0.11370375145030295,6,46,5.861964637605446,3598,1273,119376.02785074801,0
18029,Dearborn County,"Dearborn County, Indiana",IN,1,IN-09,ERIN HOUCHIN,REPUBLICAN,51094,20282,84735,7.641149845152069,0.6021034353479745,5,24,8.32458094015083,1355,574,73450.14246087759,0
18001,Adams County,"Adams County, Indiana",IN,1,IN-03,MARLIN A. STUTZMAN,REPUBLICAN,36227,12401,65289,11.156249124478189,0.7084252562205032,5,29,5.927799310895328,2203,579,65615.92549947083,2
18151,Steuben County,"Steuben County, Indiana",IN,1,IN-03,MARLIN A. STUTZMAN,REPUBLICAN,34726,14058,74911,9.335309060118544,0.631595760127777,15,80,10.049994849649213,3179,1380,76197.57702916727,0
18007,Benton County,"Benton County, Indiana",IN,1,IN-04,JAMES R. BAIRD,REPUBLICAN,8735,3454,65875,13.902127164942462,1,6,35,7.270212782787778,4464,1779,65551.55176434647,0
26017,Bay County,"Bay County, Michigan",MI,1,MI-08,KRISTEN MCDONALD RIVET,DEMOCRAT,103008,45103,61763,13.249576150762929,0.28939107995686336,7,17,79.33590692379272,17105,7208,77013.57220421311,0
26049,Genesee County,"Genesee County, Michigan",MI,2,MI-08 / MI-07,KRISTEN MCDONALD RIVET / TOM BARRETT,DEMOCRAT / REPUBLICAN,403305,167334,62281,16.404771822758,0.1819916250421579,25,124,22.802650381442778,15140,6499,68376.20623593408,7
26021,Berrien County,"Berrien County, Michigan",MI,2,MI-05 / MI-04,TIM WALBERG / BILL HUIZENGA,REPUBLICAN,153288,63999,65425,15.078906275956012,0.3009668472485031,27,171,64.98413012531319,20843,8610,66384.9513030003,5
17149,Pike County,"Pike County, Illinois",IL,1,IL-15,MARY E. MILLER,REPUBLICAN,14469,5965,59777,14.845698809778348,1,12,101,17.300529701213158,3149,1227,62494.38496872397,3
17013,Calhoun County,"Calhoun County, Illinois",IL,1,IL-15,MARY E. MILLER,REPUBLICAN,4330,1239,93203,6.3060935285781765,1,4,36,7.533298674018596,668,162,88049.15016150991,0
17201,Winnebago County,"Winnebago County, Illinois",IL,2,IL-16 / IL-17,DARIN LAHOOD / ERIC SORENSEN,REPUBLICAN / DEMOCRAT,283292,116014,65837,15.618305186756182,0.09694059926406168,16,143,23.215506937276793,10210,4073,88893.84350634315,1
18043,Floyd County,"Floyd County, Indiana",IN,1,IN-09,ERIN HOUCHIN,REPUBLICAN,80918,31916,79704,10.347391101646863,0.34051488494607624,1,3,1.3379325726109326e-4,0,0,NA,0
19139,Muscatine County,"Muscatine County, Iowa",IA,1,IA-01,MARIANNETTE MILLER-MEEKS,REPUBLICAN,42559,17345,69396,13.679031217904315,0.41843413900774834,16,117,18.964780704733386,3500,1467,83784.22701828966,0
27035,Crow Wing County,"Crow Wing County, Minnesota",MN,1,MN-08,PETE STAUBER,REPUBLICAN,67686,29402,72589,9.867315081652258,0.6871436565189117,21,71,10.008062328557052,3784,1742,63776.30861772217,1
17057,Fulton County,"Fulton County, Illinois",IL,2,IL-17 / IL-15,ERIC SORENSEN / MARY E. MILLER,DEMOCRAT / REPUBLICAN,33020,13795,60599,13.156957352417344,0.6079323990597757,18,147,22.520957965280726,8284,3335,64776.088699299675,1
17025,Clay County,"Clay County, Illinois",IL,1,IL-12,MIKE BOST,REPUBLICAN,13052,5311,60417,17.51170046801872,0.6392986152919927,6,57,9.072986524539031,1733,684,67054.4629839064,1
18167,Vigo County,"Vigo County, Indiana",IN,1,IN-08,MARK MESSMER,REPUBLICAN,106109,42399,52976,19.151893981674093,0.24767081476736408,10,54,14.536015553851453,1428,535,71614.87033021938,1
20209,Wyandotte County,"Wyandotte County, Kansas",KS,2,KS-02 / KS-03,DEREK SCHMIDT / SHARICE DAVIDS,REPUBLICAN / DEMOCRAT,167654,61562,63631,15.763329752175855,0.05288782534195988,3,21,4.6048833957883915,153,56,96790.7241346369,0
17099,LaSalle County,"LaSalle County, Illinois",IL,2,IL-14 / IL-16,LAUREN UNDERWOOD / DARIN LAHOOD,DEMOCRAT / REPUBLICAN,108714,45373,73045,13.914808071612805,0.3159915373251382,27,210,19.55007167478675,6996,2826,79464.83755602961,1
20005,Atchison County,"Atchison County, Kansas",KS,1,KS-02,DEREK SCHMIDT,REPUBLICAN,16208,5735,61112,12.975161246054618,0.3328235869831172,8,46,178.46599466667232,1926,734,68044.41183339366,0
36003,Allegany County,"Allegany County, New York",NY,1,NY-23,NICHOLAS A. LANGWORTHY,CONSERVATIVE / REPUBLICAN,47159,17710,62869,16.184724689165186,0.8850740485620803,19,117,41.93597258481323,9592,3588,62649.54625703994,4
21111,Jefferson County,"Jefferson County, Kentucky",KY,2,KY-03 / KY-02,MORGAN MCGARVEY / BRETT GUTHRIE,DEMOCRAT / REPUBLICAN,783022,331554,69866,14.291510506206972,0.016327594068219816,0,0,0,0,0,NA,0
40049,Garvin County,"Garvin County, Oklahoma",OK,1,OK-04,TOM COLE,REPUBLICAN,25860,10110,58556,16.96716793953232,0.781415653258497,14,92,1075.2752341761195,15069,5932,61557.58022217741,6
45053,Jasper County,"Jasper County, South Carolina",SC,2,SC-06 / SC-01,JAMES E. CLYBURN / NANCY MACE,DEMOCRAT / REPUBLICAN,32166,13118,65613,17.826741749607123,0.8914938696120316,3,14,5.807810884712663,1792,729,61893.92241381563,2
26145,Saginaw County,"Saginaw County, Michigan",MI,1,MI-08,KRISTEN MCDONALD RIVET,DEMOCRAT,188665,77958,60622,18.205980793209807,0.3261503019082283,18,66,81.01366267780985,12469,5245,69344.70377801605,1
19145,Page County,"Page County, Iowa",IA,1,IA-03,ZACHARY NUNN,REPUBLICAN,15131,6255,57953,13.764085009271145,0.3375846426927881,6,36,4.95487713909155,511,214,70978.72828898297,0
18057,Hamilton County,"Hamilton County, Indiana",IN,1,IN-05,VICTORIA SPARTZ,REPUBLICAN,365056,137252,121530,4.394027610299089,0.05740689043851646,11,63,34.66466922878209,3184,1281,96421.7040875921,0
19085,Harrison County,"Harrison County, Iowa",IA,1,IA-04,RANDY FEENSTRA,REPUBLICAN,14632,6089,79535,7.087216580887467,1,11,85,16.47206826425762,5807,2515,77773.97354237906,1
26117,Montcalm County,"Montcalm County, Michigan",MI,1,MI-02,JOHN R. MOOLENAAR,REPUBLICAN,67816,24511,67344,12.554199083612657,0.8459032635782268,9,54,12.314185846628698,3945,1495,65048.06350950034,3
19177,Van Buren County,"Van Buren County, Iowa",IA,1,IA-01,MARIANNETTE MILLER-MEEKS,REPUBLICAN,7241,2896,61161,15.101983794355965,1,8,45,11.609746565866168,1568,644,59355.87470695804,0
26121,Muskegon County,"Muskegon County, Michigan",MI,2,MI-02 / MI-03,JOHN R. MOOLENAAR / HILLARY J. SCHOLTEN,REPUBLICAN / DEMOCRAT,175961,67732,65024,14.054301779702344,0.26013513513513514,14,115,20.330446447700396,10362,4134,68483.55038524896,2
19119,Lyon County,"Lyon County, Iowa",IA,1,IA-04,RANDY FEENSTRA,REPUBLICAN,12162,4479,76746,5.329101236217841,1,14,175,230.89801797101336,6314,2367,75382.59797701695,0
26105,Mason County,"Mason County, Michigan",MI,1,MI-02,JOHN R. MOOLENAAR,REPUBLICAN,29207,12801,64748,14.13122595403972,0.5909748038000826,7,36,13.948395576627151,1784,771,74827.4325067164,0
27047,Freeborn County,"Freeborn County, Minnesota",MN,1,MN-01,BRAD FINSTAD,REPUBLICAN,30623,12846,71023,10.625062373174545,0.4176403948859039,14,52,12.295096166409333,2184,907,80558.09320306782,0
20011,Bourbon County,"Bourbon County, Kansas",KS,1,KS-02,DEREK SCHMIDT,REPUBLICAN,14394,5840,59238,13.642516207166773,0.48196378830083564,8,52,241.12645851588172,805,276,60772.624311796324,0
20043,Doniphan County,"Doniphan County, Kansas",KS,1,KS-02,DEREK SCHMIDT,REPUBLICAN,7503,2724,74028,9.646679372526023,0.7167776298268975,12,82,324.0908004466265,4981,1840,77280.74790196029,0
20137,Norton County,"Norton County, Kansas",KS,1,KS-01,TRACEY MANN,REPUBLICAN,5359,2000,54050,7.19871205151794,1,6,54,10.373714794329752,2142,785,54050,0
20117,Marshall County,"Marshall County, Kansas",KS,1,KS-01,TRACEY MANN,REPUBLICAN,9993,4176,68419,11.336821586129066,1,12,151,1768.2946703137636,5000,2141,68572.47384230286,0
20129,Morton County,"Morton County, Kansas",KS,1,KS-01,TRACEY MANN,REPUBLICAN,2611,972,66447,14.774066797642437,1,2,17,5.681466216108141,1510,543,66447,1
20175,Seward County,"Seward County, Kansas",KS,1,KS-01,TRACEY MANN,REPUBLICAN,21486,7257,63827,12.214282334011642,0.09656710981606265,2,15,0.9748013575215132,214,73,68073.56995116586,0
26043,Dickinson County,"Dickinson County, Michigan",MI,1,MI-01,JACK BERGMAN,REPUBLICAN,25954,11905,65156,10.545199282427268,0.3524877635179404,6,30,41.514884624788564,2376,1089,64311.12526214704,1
26157,Tuscola County,"Tuscola County, Michigan",MI,2,MI-09 / MI-08,LISA C. MCCLAIN / KRISTEN MCDONALD RIVET,REPUBLICAN / DEMOCRAT,52980,21498,63811,12.843896377019405,0.8990491907807138,15,83,28.038556636964028,8443,3423,65852.0458788316,1
26011,Arenac County,"Arenac County, Michigan",MI,1,MI-01,JACK BERGMAN,REPUBLICAN,15077,6552,58811,11.736679640316735,0.8754166111185175,8,46,9.318056163628018,1640,739,58811.57810985726,1
26127,Oceana County,"Oceana County, Michigan",MI,1,MI-02,JOHN R. MOOLENAAR,REPUBLICAN,26915,10419,62417,13.628998831907758,1,7,51,37.35083523865211,4311,1649,63944.73742008017,2
26061,Houghton County,"Houghton County, Michigan",MI,1,MI-01,JACK BERGMAN,REPUBLICAN,37693,14305,58899,16.50080930399856,0.452102459784267,13,63,22.948667567752835,8591,3701,56565.35536267883,2
27133,Rock County,"Rock County, Minnesota",MN,1,MN-01,BRAD FINSTAD,REPUBLICAN,9621,4035,71295,10.619280698020855,0.5045342126957956,9,51,159.69896988876,3076,1315,65615.05517957041,1
46083,Lincoln County,"Lincoln County, South Dakota",SD,1,SD-AL,DUSTY JOHNSON,REPUBLICAN,70638,27879,99166,5.575631686774414,0.2547536102883627,5,18,12.084662996161367,4505,1919,76190.96728871213,0
46099,Minnehaha County,"Minnehaha County, South Dakota",SD,1,SD-AL,DUSTY JOHNSON,REPUBLICAN,203289,84814,76880,8.82136447052655,0.14337217438924213,12,90,25.3829969721911,4215,1554,104225.91290674075,0
46091,Marshall County,"Marshall County, South Dakota",SD,1,SD-AL,DUSTY JOHNSON,REPUBLICAN,4344,1651,78156,6.061320754716981,1,8,23,4.569762881052604,899,345,78156,0
01103,Morgan County,"Morgan County, Alabama",AL,1,AL-05,DALE W. STRONG,REPUBLICAN,124471,49040,68845,13.476112836226886,0.3843754304372838,3,29,33.42463017636393,4257,1564,89947.96552101437,0
21161,Mason County,"Mason County, Kentucky",KY,1,KY-04,THOMAS MASSIE,REPUBLICAN,16956,7131,52178,18.812593703148426,0.5348714953271028,2,19,77.17011860739854,2258,896,66882.47064333358,0
21141,Logan County,"Logan County, Kentucky",KY,2,KY-01 / KY-02,JAMES COMER / BRETT GUTHRIE,REPUBLICAN,27986,11005,60382,16.750497557445268,0.7579104695246428,5,21,199.08976469875589,9199,3687,58735.74966215707,1
25005,Bristol County,"Bristol County, Massachusetts",MA,3,MA-04 / MA-09 / MA-08,JAKE AUCHINCLOSS / WILLIAM R. KEATING / STEPHEN F. LYNCH,DEMOCRAT,582270,233825,85625,11.32085084255056,0.10443888121546961,10,54,8.467509716004889,3799,1376,131899.49447755687,0
21185,Oldham County,"Oldham County, Kentucky",KY,1,KY-04,THOMAS MASSIE,REPUBLICAN,69257,23025,122497,4.301306027346864,0.25163074829529486,0,0,0,0,0,NA,0
36011,Cayuga County,"Cayuga County, New York",NY,2,NY-22 / NY-24,JOHN W. MANNION / CLAUDIA TENNEY,DEMOCRAT / WORKING FAMILIES / CONSERVATIVE / REPUBLICAN,75102,31524,67904,13.508615401773268,0.587753121393348,22,145,47.03914170668596,10352,4279,82025.68244948414,1
26033,Chippewa County,"Chippewa County, Michigan",MI,1,MI-01,JACK BERGMAN,REPUBLICAN,36295,14080,62217,14.03755868544601,0.5112953649585429,4,21,7.971122034296981,755,314,68041.85564232958,0
01105,Perry County,"Perry County, Alabama",AL,1,AL-07,TERRI A. SEWELL,DEMOCRAT,8031,3440,37654,31.361684443828786,1,1,25,2.956491781771666e-4,0,0,NA,0
40143,Tulsa County,"Tulsa County, Oklahoma",OK,1,OK-01,KEVIN HERN,REPUBLICAN,680794,272422,69009,14.71476364593081,0.051329863928197356,4,8,9.684007226141372,3433,1287,48907.45194231613,4
01013,Butler County,"Butler County, Alabama",AL,1,AL-02,SHOMARI FIGURES,DEMOCRAT,18630,7597,44755,22.414451781913442,0.6943467534512624,2,16,9.824344661824062,1253,565,32002.566467380268,1
26027,Cass County,"Cass County, Michigan",MI,1,MI-05,TIM WALBERG,REPUBLICAN,51520,21207,70443,11.900800563722132,0.7410300645486441,16,88,12.281241438353398,4087,1672,65312.76625219211,2
32019,Lyon County,"Lyon County, Nevada",NV,2,NV-02 / NV-04,MARK E. AMODEI / STEVEN HORSFORD,REPUBLICAN / DEMOCRAT,61680,23745,80812,11.695458912027615,0.4462564362285811,4,49,25.660176830818298,4283,1775,54386.882314284274,2
33013,Merrimack County,"Merrimack County, New Hampshire",NH,2,NH-02 / NH-01,MAGGIE GOODLANDER / CHRIS PAPPAS,DEMOCRAT,155967,60901,97004,7.638458720484897,0.5464995318839072,58,190,36.1568621601669,16005,6131,106367.44538557039,0
46065,Hughes County,"Hughes County, South Dakota",SD,1,SD-AL,DUSTY JOHNSON,REPUBLICAN,17664,7253,81395,9.16180497678295,0.28679988741908247,4,18,2.4560815075130744,1008,393,89393.01137412578,0
46049,Faulk County,"Faulk County, South Dakota",SD,1,SD-AL,DUSTY JOHNSON,REPUBLICAN,2126,862,57750,28.349514563106798,1,6,19,5.1297179185278745,282,115,57750,0
46125,Turner County,"Turner County, South Dakota",SD,1,SD-AL,DUSTY JOHNSON,REPUBLICAN,8882,3568,75771,9.321642824180895,1,7,12,8.800665395322358,2095,862,76049.52807293858,0
46111,Sanborn County,"Sanborn County, South Dakota",SD,1,SD-AL,DUSTY JOHNSON,REPUBLICAN,2384,946,78750,8.540772532188841,1,4,30,20.71634887852415,268,109,78750,0
09160,Northwest Hills Planning Region,"Northwest Hills Planning Region, Connecticut",CT,2,CT-05 / CT-01,JAHANA HAYES / JOHN B. LARSON,DEMOCRAT,113216,47845,93551,8.82586611677959,NA,42,336,68.63848985158228,0,0,NA,0
12081,Manatee County,"Manatee County, Florida",FL,1,FL-16,VERN BUCHANAN,REPUBLICAN,429792,176747,78457,9.771978539156626,0.046914012659177905,2,4,0.16537834057426057,756,430,77817.34302563484,0
35049,Santa Fe County,"Santa Fe County, New Mexico",NM,2,NM-03 / NM-01,TERESA LEGER FERNANDEZ / MELANIE A. STANSBURY,DEMOCRAT,156105,70767,79071,11.966311469554997,0.35038075738100927,36,212,87.71518293280735,12375,5218,94417.09793150464,3
36069,Ontario County,"Ontario County, New York",NY,2,NY-24 / NY-25,CLAUDIA TENNEY / JOSEPH D. MORELLE,CONSERVATIVE / REPUBLICAN / DEMOCRAT / WORKING FAMILIES,112625,48311,82324,9.010928459913675,0.4485585729783564,21,131,60.018252010693146,12589,5312,76938.16868629573,1
46071,Jackson County,"Jackson County, South Dakota",SD,1,SD-AL,DUSTY JOHNSON,REPUBLICAN,2802,830,35417,42.359838768779774,1,2,17,562.149090690914,380,129,43889,1
46063,Harding County,"Harding County, South Dakota",SD,1,SD-AL,DUSTY JOHNSON,REPUBLICAN,1148,498,80441,6.3268892794376095,1,2,9,3.2192067045095354,143,54,80441,0
12115,Sarasota County,"Sarasota County, Florida",FL,1,FL-17,W. GREGORY STEUBE,REPUBLICAN,459547,212204,83416,8.58598070511299,0.024105657525472,7,25,4.677754736019064,5844,2648,87131.13547410554,0
12111,St. Lucie County,"St. Lucie County, Florida",FL,1,FL-21,BRIAN J. MAST,REPUBLICAN,360500,137453,71457,12.277698899507836,0.035376914338478734,10,32,12.974858157594454,7813,3724,61306.81467483739,2
13073,Columbia County,"Columbia County, Georgia",GA,1,GA-12,RICK W. ALLEN,REPUBLICAN,162434,55149,95592,7.471310737759351,0.14947118774437537,4,15,6.949106876953382,4250,1631,81036.22079295138,2
13291,Union County,"Union County, Georgia",GA,1,GA-09,ANDREW S. CLYDE,REPUBLICAN,26304,11490,66176,10.893203883495145,1,7,34,7.750910001025521,354,156,48283.30778331985,2
12099,Palm Beach County,"Palm Beach County, Florida",FL,4,FL-20 / FL-21 / FL-22 / FL-23,SHEILA CHERFILUS-MCCORMICK / BRIAN J. MAST / LOIS FRANKEL / JARED MOSKOWITZ,DEMOCRAT / REPUBLICAN,1533806,605430,83581,11.330657487538618,0.008488189514613076,12,50,15.753357589643741,12063,4746,77725.82922116006,0
36039,Greene County,"Greene County, New York",NY,1,NY-19,JOSH RILEY,DEMOCRAT / WORKING FAMILIES,47409,18674,77945,9.878551532033427,0.7320940518662243,26,143,77.54286816520174,6464,2185,80602.62048322071,0
36037,Genesee County,"Genesee County, New York",NY,1,NY-24,CLAUDIA TENNEY,CONSERVATIVE / REPUBLICAN,57787,24873,73314,10.64153076909486,0.6212064122764952,9,53,7.578127711878325,2555,943,77144.10973250092,0
36049,Lewis County,"Lewis County, New York",NY,1,NY-21,ELISE M. STEFANIK,CONSERVATIVE / REPUBLICAN,26607,11110,68182,12.336973005762815,1,12,71,20.833117392064707,3417,1419,69152.23527297756,0
49041,Sevier County,"Sevier County, Utah",UT,1,UT-02,CELESTE MALOY,REPUBLICAN,22085,7503,74884,9.683986489612733,0.6100269491682929,15,131,66.5383889479416,9511,3465,71666.71408608899,0
50015,Lamoille County,"Lamoille County, Vermont",VT,1,VT-AL,BECCA BALINT,DEMOCRAT,26148,11923,74908,8.51464189109726,1,22,141,52.79182787669701,6532,3084,70377.00746836993,0
51033,Caroline County,"Caroline County, Virginia",VA,1,VA-07,EUGENE S. VINDMAN,DEMOCRAT,32098,11988,87407,11.248267637863796,1,13,113,24.00281734878061,5505,2139,87857.33500265084,0
51065,Fluvanna County,"Fluvanna County, Virginia",VA,1,VA-05,JOHN J. MCGUIRE III,REPUBLICAN,28092,10329,96768,7.6848285404435135,0.6394363095893427,7,65,3.5223515364445093,518,179,84142.57671928195,1
12005,Bay County,"Bay County, Florida",FL,1,FL-02,NEAL P. DUNN,REPUBLICAN,186393,78778,73533,11.890553234199933,0.14209318783672725,0,0,0,0,0,NA,0
13087,Decatur County,"Decatur County, Georgia",GA,1,GA-02,"SANFORD D. BISHOP, JR.",DEMOCRAT,29195,10621,53317,22.04101979774961,0.5281438349167433,11,51,10.348252474723447,1130,360,51639.39982954475,3
21225,Union County,"Union County, Kentucky",KY,1,KY-01,JAMES COMER,REPUBLICAN,13260,5198,60327,18.43900943034578,1,2,11,7.2091010319184265,973,445,50982,0
39059,Guernsey County,"Guernsey County, Ohio",OH,1,OH-12,TROY BALDERSON,REPUBLICAN,38223,16318,58478,15.306392669879774,0.6246682969977626,4,36,10.812625688624353,1099,441,62903.785648913945,1
39147,Seneca County,"Seneca County, Ohio",OH,1,OH-05,ROBERT E. LATTA,REPUBLICAN,54770,22279,66025,11.917128347183748,0.45599157420690406,9,57,8.147762152518574,3017,1232,80428.93412422469,3
37183,Wake County,"Wake County, North Carolina",NC,3,NC-02 / NC-13 / NC-04,DEBORAH K. ROSS / BRAD KNOTT / VALERIE P. FOUSHEE,DEMOCRAT / REPUBLICAN,1178653,460175,105768,8.129155058506853,0.05157383058411029,288,1989,177.79479640731805,105483,40663,121930.2869945445,2
37081,Guilford County,"Guilford County, North Carolina",NC,3,NC-09 / NC-05 / NC-06,RICHARD HUDSON / VIRGINIA FOXX / ADDISON MCDOWELL,REPUBLICAN,547940,219718,68642,14.575816157363056,0.1415668604597459,80,464,48.87940469710746,15555,5920,119445.5115514328,1
51680,Lynchburg city,"Lynchburg city, Virginia",VA,1,VA-05,JOHN J. MCGUIRE III,REPUBLICAN,79497,28701,57947,18.596838232085982,0.01616271563999038,1,4,1.6160750501469772,856,100,50281.09150955752,0
51183,Sussex County,"Sussex County, Virginia",VA,1,VA-04,JENNIFER L. MCCLELLAN,DEMOCRAT,10765,3785,63530,11.588498961408112,1,4,30,13.608021237102282,2669,1138,57607.896720206605,0
51730,Petersburg city,"Petersburg city, Virginia",VA,1,VA-04,JENNIFER L. MCCLELLAN,DEMOCRAT,33537,15138,50698,21.73440425146446,0.02707872556638173,1,9,2.154310794657643,780,380,55044.44143268618,1
13281,Towns County,"Towns County, Georgia",GA,1,GA-09,ANDREW S. CLYDE,REPUBLICAN,12913,5924,59135,13.294701986754967,1,3,16,6.176435937032281,927,373,62626.35722686744,2
13119,Franklin County,"Franklin County, Georgia",GA,1,GA-10,MIKE COLLINS,REPUBLICAN,24234,8994,53046,19.51845357738528,1,6,32,22.08054038470952,3363,1079,47335.57388488669,2
13149,Heard County,"Heard County, Georgia",GA,1,GA-03,BRIAN JACK,REPUBLICAN,11773,4309,65868,17.918925897237283,1,1,4,14.48698814122804,452,157,83333,0
39049,Franklin County,"Franklin County, Ohio",OH,2,OH-15 / OH-03,MIKE CAREY / JOYCE BEATTY,REPUBLICAN / DEMOCRAT,1333048,553099,75176,14.702670596730762,0.01372632113291439,23,124,32.5316584665292,19854,7563,101132.10552138925,0
39153,Summit County,"Summit County, Ohio",OH,1,OH-13,EMILIA STRONG SYKES,DEMOCRAT,537864,231267,71622,12.814451593397768,0.03782002412902366,20,121,15.606648388495236,9500,4078,96475.4712963033,2
37191,Wayne County,"Wayne County, North Carolina",NC,1,NC-01,DONALD G. DAVIS,DEMOCRAT,118652,47507,59733,17.334576760010016,0.5358850451279691,4,20,15.748643220364226,3746,1458,78871.2881897864,1
37151,Randolph County,"Randolph County, North Carolina",NC,1,NC-09,RICHARD HUDSON,REPUBLICAN,146348,57721,61022,14.496360355876314,0.601840869522997,30,156,38.2122363099253,8147,3232,60936.71107146125,5
37169,Stokes County,"Stokes County, North Carolina",NC,1,NC-05,VIRGINIA FOXX,REPUBLICAN,45139,19546,62969,11.166940808003424,0.8052336028751124,7,43,28.55703396503064,2990,1264,58228.45533247533,0
51690,Martinsville city,"Martinsville city, Virginia",VA,1,VA-09,H. MORGAN GRIFFITH,REPUBLICAN,13658,5711,46727,23.500834977986944,8.157211716722285e-4,0,0,0,0,0,NA,0
51660,Harrisonburg city,"Harrisonburg city, Virginia",VA,1,VA-06,BEN CLINE,REPUBLICAN,51392,17360,62254,25.705506224722654,0.006214536611726561,4,22,4.152332201264013,5774,2473,54388.63005966309,5
51620,Franklin city,"Franklin city, Virginia",VA,1,VA-02,JENNIFER A. KIGGANS,REPUBLICAN,8250,3454,63245,19.34567901234568,0.03948655256723716,0,0,0,0,0,NA,0
54015,Clay County,"Clay County, West Virginia",WV,1,WV-01,CAROL D. MILLER,REPUBLICAN,7835,2972,42318,26.43426807306406,1,7,78,32.19133645638603,2453,897,45510.90327865982,1
01075,Lamar County,"Lamar County, Alabama",AL,1,AL-04,ROBERT B. ADERHOLT,REPUBLICAN,13693,5086,50000,18.003381606998456,1,5,38,19.529307469563307,2142,774,51565.777775706316,1
01019,Cherokee County,"Cherokee County, Alabama",AL,1,AL-03,MIKE ROGERS,REPUBLICAN,25443,10192,53863,14.754816112084063,1,0,0,0,0,0,NA,0
39173,Wood County,"Wood County, Ohio",OH,2,OH-05 / OH-09,ROBERT E. LATTA / MARCY KAPTUR,REPUBLICAN / DEMOCRAT,132064,54257,74216,12.233598906990968,0.3007077611759724,12,75,10.230975341377162,4425,1759,85875.55959651626,0
39013,Belmont County,"Belmont County, Ohio",OH,1,OH-06,MICHAEL A. RULLI,REPUBLICAN,65473,27195,57017,15.765290383335227,0.6150954178383987,13,73,78.85930249802374,8215,3321,60777.504797336696,4
37197,Yadkin County,"Yadkin County, North Carolina",NC,1,NC-10,PAT HARRIGAN,REPUBLICAN,37574,15009,62932,13.978494623655914,1,11,62,19.61119673332733,3798,1621,61034.57540138138,3
38003,Barnes County,"Barnes County, North Dakota",ND,1,ND-AL,JULIE FEDORCHAK,REPUBLICAN,10773,4908,68038,12.11253701875617,0.39675665714548974,7,16,4.0091342354266395,295,135,89320.29097292731,0
38101,Ward County,"Ward County, North Dakota",ND,1,ND-AL,JULIE FEDORCHAK,REPUBLICAN,68973,28568,78238,8.564115537433592,0.271657203335288,11,63,50.187805323738836,2722,1041,84888.51227514034,0
54097,Upshur County,"Upshur County, West Virginia",WV,1,WV-02,RILEY MOORE,REPUBLICAN,23712,9557,54338,19.2433546998969,0.6411236143768895,5,50,99.13626581416528,7295,3090,49889.089983325845,2
55055,Jefferson County,"Jefferson County, Wisconsin",WI,1,WI-05,SCOTT FITZGERALD,REPUBLICAN,86003,34873,83750,8.112300108212096,0.44500588928150764,16,52,27.04860454572735,3687,1550,88264.88413430714,0
55141,Wood County,"Wood County, Wisconsin",WI,2,WI-07 / WI-03,THOMAS P. TIFFANY / DERRICK VAN ORDEN,REPUBLICAN,74004,32253,67989,10.767022149302708,0.3547778511461183,9,51,32.23491317588737,5775,2380,58948.951023489484,0
01077,Lauderdale County,"Lauderdale County, Alabama",AL,2,AL-04 / AL-05,ROBERT B. ADERHOLT / DALE W. STRONG,REPUBLICAN,95830,39258,62649,12.159044353882312,0.5216322517207473,2,7,57.50191963076673,2696,1192,68633.63772121033,0
01083,Limestone County,"Limestone County, Alabama",AL,1,AL-05,DALE W. STRONG,REPUBLICAN,111233,40953,83629,9.957709643314228,0.5101284155643526,2,19,8.24194305808684,1509,639,75428.38144099091,0
47061,Grundy County,"Grundy County, Tennessee",TN,1,TN-04,SCOTT DESJARLAIS,REPUBLICAN,13819,5161,47593,18.870156758355517,1,1,4,3.556012521276133,42,16,47650,0
47077,Henderson County,"Henderson County, Tennessee",TN,1,TN-08,DAVID KUSTOFF,REPUBLICAN,27980,10920,55136,16.851441241685144,0.7716758853530638,4,38,52.71460106277621,1012,433,58204.069014193046,1
38061,Mountrail County,"Mountrail County, North Dakota",ND,1,ND-AL,JULIE FEDORCHAK,REPUBLICAN,9507,3901,80717,14.515441959531417,1,5,39,3475.899472548314,4082,1642,106161.99999999999,0
38049,McHenry County,"McHenry County, North Dakota",ND,1,ND-AL,JULIE FEDORCHAK,REPUBLICAN,5207,2244,80733,9.694967942490772,1,7,43,6.509242687451076,914,381,78556.38896822074,0
55133,Waukesha County,"Waukesha County, Wisconsin",WI,1,WI-05,SCOTT FITZGERALD,REPUBLICAN,411762,168658,106076,5.228724525563906,0.15207701644806354,37,145,35.68940202028475,19407,7978,112161.50272189439,0
55119,Taylor County,"Taylor County, Wisconsin",WI,1,WI-07,THOMAS P. TIFFANY,REPUBLICAN,20024,8046,69350,9.568243720367194,0.7934012956360167,4,19,4.350219180489417,954,361,69014.59130367605,0
56031,Platte County,"Platte County, Wyoming",WY,1,WY-AL,HARRIET M. HAGEMAN,REPUBLICAN,8612,3848,67718,7.741401725564354,1,6,44,4.517987040183977,958,446,71565.50007888481,0
56043,Washakie County,"Washakie County, Wyoming",WY,1,WY-AL,HARRIET M. HAGEMAN,REPUBLICAN,7703,3394,65714,8.817289843542827,0.363825634352635,5,42,14.923497536596862,1069,462,67983.08494963615,0
01015,Calhoun County,"Calhoun County, Alabama",AL,1,AL-03,MIKE ROGERS,REPUBLICAN,116090,45015,55029,17.890989948982796,0.3649401842993447,2,13,29.514852690419794,1676,661,61459.73660659348,1
04019,Pima County,"Pima County, Arizona",AZ,2,AZ-07 / AZ-06,RAúL M. GRIJALVA / JUAN CISCOMANI,DEMOCRAT / REPUBLICAN,1060490,437827,70315,14.31998636311688,0.08841966853645611,113,689,559.6751324245021,43899,17641,68051.41062860496,14
47087,Jackson County,"Jackson County, Tennessee",TN,1,TN-06,JOHN W. ROSE,REPUBLICAN,12029,4795,47951,20.25337837837838,1,5,27,614.6719999088106,8102,3393,46884.83348706891,4
48135,Ector County,"Ector County, Texas",TX,1,TX-11,AUGUST PFLUGER,REPUBLICAN,164654,64563,71536,16.45072537807678,0.09090578854641554,4,45,1.0265671465081943,547,251,58991.321815643954,1
48055,Caldwell County,"Caldwell County, Texas",TX,1,TX-27,MICHAEL CLOUD,REPUBLICAN,48669,16647,69758,13.181593483353751,0.5459320445480897,4,59,108.85428879373706,3893,1422,68725.49320550467,1
48445,Terry County,"Terry County, Texas",TX,1,TX-19,JODEY C. ARRINGTON,REPUBLICAN,11629,4297,44100,18.333333333333332,0.3014960696475361,2,23,5.062779607415616,563,152,78438,0
39089,Licking County,"Licking County, Ohio",OH,1,OH-12,TROY BALDERSON,REPUBLICAN,181837,68620,84426,10.219454063048072,0.33780718018810324,17,104,18.96333590082848,7844,3018,81469.95445772364,1
39165,Warren County,"Warren County, Ohio",OH,1,OH-01,GREG LANDSMAN,DEMOCRAT,250008,92052,110132,5.952371213298756,0.1751734155329149,8,36,4.154285602768524,3620,1588,78110.36693263594,2
39119,Muskingum County,"Muskingum County, Ohio",OH,1,OH-12,TROY BALDERSON,REPUBLICAN,86411,34357,60780,15.075996490645673,0.510461752112024,8,65,16.98165346652116,8510,3300,61262.61967767673,1
56019,Johnson County,"Johnson County, Wyoming",WY,1,WY-AL,HARRIET M. HAGEMAN,REPUBLICAN,8686,3932,64871,9.11105926271582,0.46537232153427255,3,16,1.8364698338173602,201,86,75821.7431499964,1
04017,Navajo County,"Navajo County, Arizona",AZ,1,AZ-02,ELIJAH CRANE,REPUBLICAN,108415,40063,54606,24.7196540270457,0.6425311805991548,34,265,87.54540169659855,8534,3620,66159.38100580552,1
05113,Polk County,"Polk County, Arkansas",AR,1,AR-04,BRUCE WESTERMAN,REPUBLICAN,19361,7898,49191,15.890640548892264,0.7120857395556943,9,28,392.43512828107646,8935,3797,51351.057878185544,4
05031,Craighead County,"Craighead County, Arkansas",AR,1,AR-01,"ERIC A. \""RICK\"" CRAWFORD",REPUBLICAN,113249,44437,59548,20.117494426780688,0.3366867150344778,11,61,463.62577659813905,11932,4705,58314.21804259672,1
48497,Wise County,"Wise County, Texas",TX,2,TX-13 / TX-26,RONNY JACKSON / BRANDON GILL,REPUBLICAN,75005,25135,93421,8.890097932535365,0.9050734351322998,39,584,223.9140689179365,15955,5621,91536.57789850669,0
48069,Castro County,"Castro County, Texas",TX,1,TX-19,JODEY C. ARRINGTON,REPUBLICAN,7344,2413,56776,19.190942979428414,1,3,35,4.514856821067749,776,238,59034.56572518366,1
48309,McLennan County,"McLennan County, Texas",TX,1,TX-17,PETE SESSIONS,REPUBLICAN,266067,97338,66643,16.581612777561357,0.24021889714827366,52,943,1007.9778147199679,38768,13482,90071.41444302902,3
39139,Richland County,"Richland County, Ohio",OH,1,OH-04,JIM JORDAN,REPUBLICAN,125099,50111,59509,13.76287213326644,0.33654030863802264,44,251,30.248951230853102,13940,5596,66994.61427653802,2
39163,Vinton County,"Vinton County, Ohio",OH,1,OH-02,DAVID J. TAYLOR,REPUBLICAN,12630,5328,55336,17.282459953312404,0.943203125,3,27,8.684070113227264,2508,991,57415.30763010147,3
39027,Clinton County,"Clinton County, Ohio",OH,1,OH-02,DAVID J. TAYLOR,REPUBLICAN,42012,16761,70407,12.87810134953097,0.7014136798514922,4,33,6.400738752136435,3528,1380,60187.78331233968,2
39115,Morgan County,"Morgan County, Ohio",OH,1,OH-12,TROY BALDERSON,REPUBLICAN,13651,5713,59351,12.91112925978172,1,10,65,56.39077474706379,5077,2119,55868.70068875558,2
05027,Columbia County,"Columbia County, Arkansas",AR,1,AR-04,BRUCE WESTERMAN,REPUBLICAN,22349,8409,55334,21.13030602171767,0.5437480812245077,13,65,863.3045551727839,9188,3613,51542.95542562208,2
08007,Archuleta County,"Archuleta County, Colorado",CO,1,CO-03,JEFF HURD,REPUBLICAN,13900,5921,83065,8.188279663475486,0.5784115577513287,5,67,11.048469209152113,479,204,65647.74805427044,0
08081,Moffat County,"Moffat County, Colorado",CO,1,CO-03,JEFF HURD,REPUBLICAN,13207,5390,73849,8.391821788220934,0.2739993981342161,1,9,0.6403439444615541,81,28,52166,0
08009,Baca County,"Baca County, Colorado",CO,1,CO-04,LAUREN BOEBERT,REPUBLICAN,3428,1657,46215,24.61814914645103,1,6,50,5.70080522828147,1760,832,46444.33864452665,2
48331,Milam County,"Milam County, Texas",TX,1,TX-17,PETE SESSIONS,REPUBLICAN,25567,10152,66141,12.943807660050322,0.5711804152864184,8,136,312.2424653390892,3770,1519,65177.663300436885,1
48091,Comal County,"Comal County, Texas",TX,2,TX-21 / TX-35,CHIP ROY / GREG CASAR,REPUBLICAN / DEMOCRAT,183826,71354,101889,6.479515997213583,0.4661147608993133,28,469,57.65255130246483,13056,5427,123885.10692754178,0
48183,Gregg County,"Gregg County, Texas",TX,1,TX-01,NATHANIEL MORAN,REPUBLICAN,125480,48277,66550,16.10416718027102,0.13460346590040165,10,151,38.61434437228983,3231,1130,81124.40112390135,3
39131,Pike County,"Pike County, Ohio",OH,1,OH-02,DAVID J. TAYLOR,REPUBLICAN,27044,10866,52736,21.332234377341525,0.816560838747785,4,25,20.457248672764983,3065,1199,50354.73099109857,5
40063,Hughes County,"Hughes County, Oklahoma",OK,1,OK-02,JOSH BRECHEEN,REPUBLICAN,13389,4034,51581,20.210562651018297,0.6810054612104436,14,126,1419.9107730096268,8000,2555,51015.60431138796,4
40019,Carter County,"Carter County, Oklahoma",OK,1,OK-04,TOM COLE,REPUBLICAN,48555,19046,60723,16.244433240904126,0.5541320334145783,8,50,175.33622384834945,3918,1732,53544.69498295876,2
40137,Stephens County,"Stephens County, Oklahoma",OK,1,OK-04,TOM COLE,REPUBLICAN,43551,17567,61620,18.022496032857276,0.5249953323375653,6,72,126.91355935396614,3369,1348,63266.809211355816,1
08115,Sedgwick County,"Sedgwick County, Colorado",CO,1,CO-04,LAUREN BOEBERT,REPUBLICAN,2304,1022,52386,13.045394446892905,1,3,19,3.7859591861311275,1039,442,52386,0
01021,Chilton County,"Chilton County, Alabama",AL,1,AL-06,GARY J. PALMER,REPUBLICAN,45992,17875,65603,14.022603599832566,0.8554449726751677,3,21,5.173070146460396,458,206,49984.804744692585,1
21163,Meade County,"Meade County, Kentucky",KY,1,KY-02,BRETT GUTHRIE,REPUBLICAN,30158,11007,74355,12.226051460501221,0.9059760690597607,4,19,42.782952070277375,6192,2554,70816.3386994649,1
48195,Hansford County,"Hansford County, Texas",TX,1,TX-13,RONNY JACKSON,REPUBLICAN,5119,1858,69441,8.577654516640253,1,3,50,9.749432792214431,3388,1169,71976.29309111976,0
48353,Nolan County,"Nolan County, Texas",TX,1,TX-19,JODEY C. ARRINGTON,REPUBLICAN,14454,5886,50747,22.509067633880946,0.29624100963495725,6,122,293.06508919451346,1917,783,83804.40824168402,0
48031,Blanco County,"Blanco County, Texas",TX,1,TX-21,CHIP ROY,REPUBLICAN,12446,5166,92425,8.438338346475897,1,8,110,18.62806353204149,2370,1058,80404.94986108282,0
48297,Live Oak County,"Live Oak County, Texas",TX,1,TX-15,MONICA DE LA CRUZ,REPUBLICAN,11620,4358,57150,17.062506210871508,1,5,79,228.95239302568055,2859,1294,51121.873847140894,1
48179,Gray County,"Gray County, Texas",TX,1,TX-13,RONNY JACKSON,REPUBLICAN,21045,7991,59614,15.718353611183018,0.20549300419277336,5,80,6.302889123558703,1029,279,77656,0
48123,DeWitt County,"DeWitt County, Texas",TX,1,TX-27,MICHAEL CLOUD,REPUBLICAN,20016,6921,63730,17.599868124622233,0.5139729620661824,2,17,6.516105346968097,1231,509,49492.80227860435,0
40099,Murray County,"Murray County, Oklahoma",OK,1,OK-04,TOM COLE,REPUBLICAN,13753,4956,66322,12.650602409638553,0.6513952819332566,6,31,256.9227614043488,5618,1985,63817.547191513375,1
40057,Harmon County,"Harmon County, Oklahoma",OK,1,OK-03,FRANK D. LUCAS,REPUBLICAN,2406,964,43333,22.719449225473323,1,6,50,1049.0256585583577,1747,677,43333,1
40029,Coal County,"Coal County, Oklahoma",OK,1,OK-02,JOSH BRECHEEN,REPUBLICAN,5320,2051,50423,20.820668693009118,1,13,93,823.2836756487242,3923,1528,49994.84290555729,1
48285,Lavaca County,"Lavaca County, Texas",TX,1,TX-27,MICHAEL CLOUD,REPUBLICAN,20552,8476,63240,11.45186142452408,0.8238678271131435,4,83,25.910333195464776,3357,1366,77000.854563944,1
48247,Jim Hogg County,"Jim Hogg County, Texas",TX,1,TX-28,HENRY CUELLAR,DEMOCRAT,4727,1279,42211,31.42733376651505,1,2,35,10.755149052657456,27,8,41460,0
48045,Briscoe County,"Briscoe County, Texas",TX,1,TX-13,RONNY JACKSON,REPUBLICAN,1301,553,45417,16.795665634674922,1,5,81,26.115037715590997,618,238,45417,0
48383,Reagan County,"Reagan County, Texas",TX,1,TX-23,TONY GONZALES,REPUBLICAN,3232,1033,57813,11.786600496277917,1,2,40,12.797435200147437,2048,625,57813,0
48283,La Salle County,"La Salle County, Texas",TX,1,TX-23,TONY GONZALES,REPUBLICAN,6839,1647,57716,21.446121446121445,1,3,45,6.791286015733946,544,128,51567,0
48205,Hartley County,"Hartley County, Texas",TX,1,TX-13,RONNY JACKSON,REPUBLICAN,5215,1633,75841,9.379093528949436,0.4620958751393534,2,25,7.079915657961727,815,247,75841,0
48033,Borden County,"Borden County, Texas",TX,1,TX-19,JODEY C. ARRINGTON,REPUBLICAN,713,243,65625,7.433380084151473,1,2,26,26.203332957187325,100,39,65625,0
41067,Washington County,"Washington County, Oregon",OR,2,OR-01 / OR-06,SUZANNE BONAMICI / ANDREA SALINAS,DEMOCRAT,603947,235406,107772,8.053782107941833,0.05495093042313765,13,65,20.548611539696722,4428,1702,109313.72105078287,0
41071,Yamhill County,"Yamhill County, Oregon",OR,1,OR-06,ANDREA SALINAS,DEMOCRAT,108734,39247,90063,10.250717443574032,0.2648855387014723,21,137,30.70852545811053,10652,3725,100263.26215629338,1
29017,Bollinger County,"Bollinger County, Missouri",MO,1,MO-08,JASON SMITH,REPUBLICAN,10559,3941,63814,13.630255327318103,1,7,61,12.827258935871901,860,322,63769.563266730715,1
29139,Montgomery County,"Montgomery County, Missouri",MO,1,MO-03,BOB ONDER,REPUBLICAN,11426,4640,65500,13.8913783832228,1,10,69,19.474665150607727,3499,1451,64632.11616271467,0
29179,Reynolds County,"Reynolds County, Missouri",MO,1,MO-08,JASON SMITH,REPUBLICAN,6010,2335,45028,17.317282889079966,1,5,37,5.314619516561953,839,322,44092.19196912271,1
30019,Daniels County,"Daniels County, Montana",MT,1,MT-02,TROY DOWNING,REPUBLICAN,1494,734,55625,12.865895166780122,1,2,7,0.5159348297050216,113,50,55625.00000000001,0
41069,Wheeler County,"Wheeler County, Oregon",OR,1,OR-02,CLIFF BENTZ,REPUBLICAN,1485,703,55284,10.770279481935924,1,3,21,3.8815909715150214,481,233,55284,0
42019,Butler County,"Butler County, Pennsylvania",PA,1,PA-16,MIKE KELLY,REPUBLICAN,197254,80824,89843,8.147750601819528,0.4330857800508869,36,149,15.221894395098358,9264,3908,106184.23019765678,0
31037,Colfax County,"Colfax County, Nebraska",NE,1,NE-01,MIKE FLOOD,REPUBLICAN,10641,3707,82530,6.88381782028217,0.3836703836703837,4,20,5.033303373984909,1198,484,79728.68076226249,0
31155,Saunders County,"Saunders County, Nebraska",NE,1,NE-02,DON BACON,REPUBLICAN,23048,8899,94066,6.287096065069246,0.7853487745758148,20,105,12.553996950941416,3230,1311,91764.76369557249,0
42025,Carbon County,"Carbon County, Pennsylvania",PA,1,PA-07,RYAN E. MACKENZIE,REPUBLICAN,65382,27255,67554,12.31457242582897,0.5891982887766607,25,117,29.020473690523655,13175,5306,66896.0885418791,2
42079,Luzerne County,"Luzerne County, Pennsylvania",PA,2,PA-08 / PA-09,"ROB BRESNAHAN, JR. / DANIEL MEUSER",REPUBLICAN,327675,135055,63691,15.320431031215655,0.22222461101863056,68,291,40.65432598611433,16494,6674,88818.2436996754,1
31047,Dawson County,"Dawson County, Nebraska",NE,1,NE-03,ADRIAN SMITH,REPUBLICAN,24202,9145,69880,10.818018919031546,0.5670855626062793,6,26,6.108706119212873,758,324,91159.3913936283,0
31059,Fillmore County,"Fillmore County, Nebraska",NE,1,NE-03,ADRIAN SMITH,REPUBLICAN,5541,2357,76295,8.825172221187861,1,7,38,9.131199631255653,1960,821,77602.53370177628,0
31123,Morrill County,"Morrill County, Nebraska",NE,1,NE-03,ADRIAN SMITH,REPUBLICAN,4534,1918,58500,13.898305084745763,1,3,32,3.7987212634758962,1403,591,58500.00000000001,0
31181,Webster County,"Webster County, Nebraska",NE,1,NE-03,ADRIAN SMITH,REPUBLICAN,3360,1493,64347,9.63008254356466,1,6,47,5.905677036978859,1284,572,64792.7386033079,0
42087,Mifflin County,"Mifflin County, Pennsylvania",PA,1,PA-13,JOHN JOYCE,REPUBLICAN,46041,18510,63953,16.234339156520203,0.5449147216262489,8,25,5.522953721513796,1226,450,66774.15858000705,0
42053,Forest County,"Forest County, Pennsylvania",PA,1,PA-15,GLENN THOMPSON,REPUBLICAN,6715,1920,52191,11.926391800605638,1,2,9,5.5103419549159245,280,116,53021,0
38065,Oliver County,"Oliver County, North Dakota",ND,1,ND-AL,JULIE FEDORCHAK,REPUBLICAN,1839,725,77240,5.223068552774755,1,2,13,1.14393909190014,204,79,77240,0
08103,Rio Blanco County,"Rio Blanco County, Colorado",CO,1,CO-03,JEFF HURD,REPUBLICAN,6544,2805,65473,8.497772119669001,1,3,29,10.259570242116219,2549,1086,67802.15111020792,0
08075,Logan County,"Logan County, Colorado",CO,1,CO-04,LAUREN BOEBERT,REPUBLICAN,20892,8203,51829,15.770590125307915,0.4296729840208101,6,27,4.879170118170298,1204,388,77407.04713321225,0
31179,Wayne County,"Wayne County, Nebraska",NE,1,NE-03,ADRIAN SMITH,REPUBLICAN,9844,3753,66215,13.176723109945147,0.3833144271424152,5,25,2.4779555929922745,541,225,76204.00000000001,0
31073,Gosper County,"Gosper County, Nebraska",NE,1,NE-03,ADRIAN SMITH,REPUBLICAN,2040,836,77500,10.319042871385843,1,4,16,15.668915525418866,572,253,77500,0
31069,Garden County,"Garden County, Nebraska",NE,1,NE-03,ADRIAN SMITH,REPUBLICAN,1761,858,41882,16.54178674351585,1,1,4,1.915148707163971,380,174,41882,1
45037,Edgefield County,"Edgefield County, South Carolina",SC,1,SC-03,SHERI BIGGS,REPUBLICAN,27476,9768,73029,17.767202062264523,0.8798378610125892,1,2,0.2179922495365633,109,52,45833,1
45039,Fairfield County,"Fairfield County, South Carolina",SC,1,SC-05,RALPH NORMAN,REPUBLICAN,20550,8930,47885,15.645217047755445,0.7728184074852015,4,40,8.737419764635465,687,326,63422.17510076852,2
19019,Buchanan County,"Buchanan County, Iowa",IA,1,IA-02,ASHLEY HINSON,REPUBLICAN,20694,8252,78236,8.601626808241196,0.6707512764405543,9,57,10.25432985198192,3558,1355,77422.44203759085,0
19073,Greene County,"Greene County, Iowa",IA,1,IA-03,ZACHARY NUNN,REPUBLICAN,8688,3922,63409,9.75609756097561,1,4,28,5.260544584878241,681,282,67696.19785940718,0
19077,Guthrie County,"Guthrie County, Iowa",IA,1,IA-03,ZACHARY NUNN,REPUBLICAN,10688,4600,77711,9.884600832387438,1,11,98,24.166259205745508,3587,1549,79030.02162746315,0
19029,Cass County,"Cass County, Iowa",IA,1,IA-03,ZACHARY NUNN,REPUBLICAN,13096,5844,63013,14.25460766778132,0.49661004037480005,6,51,9.441977751273745,1501,624,65893.44260769404,0
19047,Crawford County,"Crawford County, Iowa",IA,1,IA-04,RANDY FEENSTRA,REPUBLICAN,16277,6331,67027,14.768561665113388,0.5072919818456884,10,72,9.749561823922487,1586,643,72262.50653903512,0
19117,Lucas County,"Lucas County, Iowa",IA,1,IA-03,ZACHARY NUNN,REPUBLICAN,8716,3708,61793,14.947319671182123,1,1,6,0.8734069298345769,36,16,61736,0
29067,Douglas County,"Douglas County, Missouri",MO,1,MO-08,JASON SMITH,REPUBLICAN,11965,4654,45985,17.54712196771194,1,2,21,6.055910258323403,1974,696,41425,2
29151,Osage County,"Osage County, Missouri",MO,1,MO-03,BOB ONDER,REPUBLICAN,13402,5287,76681,8.606338297059947,1,13,85,352.85770619289303,5589,2228,70012.54924313331,1
29121,Macon County,"Macon County, Missouri",MO,1,MO-06,SAM GRAVES,REPUBLICAN,15163,6067,62357,9.51903137333601,0.6476428430534552,6,32,8.177399295701342,1582,636,59551.58348204759,0
39099,Mahoning County,"Mahoning County, Ohio",OH,1,OH-06,MICHAEL A. RULLI,REPUBLICAN,226491,98065,56942,18.90151549505265,0.15643398916951717,9,48,2.997229347481888,1424,627,64524.19893859961,0
40001,Adair County,"Adair County, Oklahoma",OK,1,OK-02,JOSH BRECHEEN,REPUBLICAN,19575,7133,48041,21.519316880141623,1,10,101,865.0083658578701,16016,5847,49462.880253667856,7
05125,Saline County,"Saline County, Arkansas",AR,1,AR-02,J. FRENCH HILL,REPUBLICAN,127479,50203,79046,8.824510676156583,0.36761846113956054,7,26,235.51568538369293,29166,11653,87323.52591366033,0
05137,Stone County,"Stone County, Arkansas",AR,1,AR-01,"ERIC A. \""RICK\"" CRAWFORD",REPUBLICAN,12568,5262,40943,19.346552139359396,1,6,30,326.95272502823707,3759,1515,40140.75594345843,4
19091,Humboldt County,"Humboldt County, Iowa",IA,1,IA-04,RANDY FEENSTRA,REPUBLICAN,9591,4219,71946,12.871182500264187,0.44368031676565595,9,63,7.156826338671842,1285,587,63271.643882188066,0
19099,Jasper County,"Jasper County, Iowa",IA,1,IA-01,MARIANNETTE MILLER-MEEKS,REPUBLICAN,37954,15010,71311,8.297366091190792,0.5783725173881998,9,58,21.86690206561332,6289,2435,87395.77725403428,0
19009,Audubon County,"Audubon County, Iowa",IA,1,IA-04,RANDY FEENSTRA,REPUBLICAN,5599,2596,58229,11.763629710940359,1,5,45,7.938093350711726,2197,1096,47090.91020242272,1
19003,Adams County,"Adams County, Iowa",IA,1,IA-03,ZACHARY NUNN,REPUBLICAN,3622,1540,71875,9.08834321196726,1,1,13,3.350421010545083,933,410,62266,0
19093,Ida County,"Ida County, Iowa",IA,1,IA-04,RANDY FEENSTRA,REPUBLICAN,6911,3050,63073,11.303960836671116,1,6,44,11.798614111672888,2674,1202,62643.493420522864,0
29061,Daviess County,"Daviess County, Missouri",MO,1,MO-06,SAM GRAVES,REPUBLICAN,8477,3020,63984,11.435786435786436,1,15,121,1420.789706002223,7521,2689,63218.21908263661,1
29049,Clinton County,"Clinton County, Missouri",MO,1,MO-06,SAM GRAVES,REPUBLICAN,21414,8329,70627,12.29722658294087,0.7577416918429003,9,58,136.4393069655293,5344,2156,73598.403885017,1
29063,DeKalb County,"DeKalb County, Missouri",MO,1,MO-06,SAM GRAVES,REPUBLICAN,10876,3732,69826,8.672725232806014,0.699156768519358,8,72,139.97326465918022,3148,1076,71292.90321803158,0
40041,Delaware County,"Delaware County, Oklahoma",OK,1,OK-02,JOSH BRECHEEN,REPUBLICAN,41279,17161,56676,18.95707785020293,0.796890858232047,24,156,581.1791092142932,12026,4874,54856.09753894619,8
40115,Ottawa County,"Ottawa County, Oklahoma",OK,1,OK-02,JOSH BRECHEEN,REPUBLICAN,30341,11921,49947,20.872572857093935,0.49321446260525015,17,125,362.49144472182866,8979,3594,49740.76421747259,2
41025,Harney County,"Harney County, Oregon",OR,1,OR-02,CLIFF BENTZ,REPUBLICAN,7499,3129,55208,13.719346049046322,0.4437625083388926,2,17,12.247339117693507,3865,1694,64733.12376507313,0
05051,Garland County,"Garland County, Arkansas",AR,1,AR-04,BRUCE WESTERMAN,REPUBLICAN,100035,43667,57181,15.800769386515489,0.33784188460770614,4,10,12.415011540030248,1499,610,74282.61416785009,0
05101,Newton County,"Newton County, Arkansas",AR,1,AR-04,BRUCE WESTERMAN,REPUBLICAN,7112,3179,48986,15.868945868945868,1,14,41,582.0664360226905,5709,2512,53164.424974538146,2
05109,Pike County,"Pike County, Arkansas",AR,1,AR-04,BRUCE WESTERMAN,REPUBLICAN,10115,4082,49269,20.66199614174028,1,8,26,277.2670632617213,7601,3043,51035.345946960566,2
06063,Plumas County,"Plumas County, California",CA,1,CA-03,KEVIN KILEY,REPUBLICAN,19423,8054,66031,10.598646538261322,1,26,96,142.8746343403319,8126,3198,65873.18206908944,0
08001,Adams County,"Adams County, Colorado",CO,4,CO-04 / CO-08 / CO-06 / CO-07,LAUREN BOEBERT / GABE EVANS / JASON CROW / BRITTANY PETTERSEN,REPUBLICAN / DEMOCRAT,530225,188730,94571,9.80547587410394,0.04041018376663869,27,199,25.140359928786676,24083,8362,96044.02292496503,4
08047,Gilpin County,"Gilpin County, Colorado",CO,1,CO-02,JOE NEGUSE,DEMOCRAT,5901,3122,95361,11.183870411855937,1,0,0,0,0,0,NA,0
20087,Jefferson County,"Jefferson County, Kansas",KS,1,KS-01,TRACEY MANN,REPUBLICAN,18349,7412,81278,5.639781685870225,0.9912891986062717,22,181,550.3818956156349,12473,4930,84373.93757619931,0
20205,Wilson County,"Wilson County, Kansas",KS,1,KS-02,DEREK SCHMIDT,REPUBLICAN,8505,3517,60677,15.483870967741936,1,22,128,1065.551709208713,6905,2798,59985.82075732952,0
20111,Lyon County,"Lyon County, Kansas",KS,1,KS-02,DEREK SCHMIDT,REPUBLICAN,32186,13481,59912,14.63101878566391,0.2516237297616458,17,134,1547.2101903484197,6788,2632,82424.13577518454,0
20167,Russell County,"Russell County, Kansas",KS,1,KS-01,TRACEY MANN,REPUBLICAN,6679,3100,62392,14.694568395137713,0.3923180391570767,15,145,2116.5740864981094,1802,870,64485.20978268873,0
20057,Ford County,"Ford County, Kansas",KS,1,KS-01,TRACEY MANN,REPUBLICAN,34074,11796,70781,13.968388286137387,0.19205529792632775,4,29,4.399467188559426,1069,476,66538.9159258944,1
29071,Franklin County,"Franklin County, Missouri",MO,1,MO-02,ANN WAGNER,REPUBLICAN,105950,43036,73165,8.164944508228091,0.5498939645784375,28,168,83.53575321657856,5201,2092,70781.82907940747,1
29167,Polk County,"Polk County, Missouri",MO,1,MO-04,MARK ALFORD,REPUBLICAN,32444,12059,59647,16.301773253953012,0.6724515371680574,12,83,40.18382443009353,2353,913,59934.032861464264,2
29055,Crawford County,"Crawford County, Missouri",MO,1,MO-03,BOB ONDER,REPUBLICAN,22797,9580,57629,14.053089449029669,0.9320350451075642,9,68,22.80097763010588,5732,2434,55131.20255886003,2
41041,Lincoln County,"Lincoln County, Oregon",OR,1,OR-04,VAL T. HOYLE,DEMOCRAT,50964,23115,63165,15.89014513989268,0.3799980156761584,20,118,35.0356508865975,11738,5803,64392.872249321874,0
41057,Tillamook County,"Tillamook County, Oregon",OR,1,OR-01,SUZANNE BONAMICI,DEMOCRAT,27496,11936,69105,12.735635650731414,0.6065717415115005,26,162,56.03681941229319,13548,6269,69823.32657871945,0
08095,Phillips County,"Phillips County, Colorado",CO,1,CO-04,LAUREN BOEBERT,REPUBLICAN,4496,1952,64674,16.837548416495785,1,3,23,5.711920639009102,2065,889,64114.535048608726,1
08121,Washington County,"Washington County, Colorado",CO,1,CO-04,LAUREN BOEBERT,REPUBLICAN,4831,2070,67167,8.081896551724139,1,2,20,7.1907755275224,1362,580,67460.81113182029,0
12019,Clay County,"Clay County, Florida",FL,1,FL-04,AARON BEAN,REPUBLICAN,227584,83707,87820,9.219577835708543,0.14425530939998626,8,34,8.968196190152055,1265,526,65112.667103646396,0
20197,Wabaunsee County,"Wabaunsee County, Kansas",KS,1,KS-02,DEREK SCHMIDT,REPUBLICAN,7009,2684,76908,8.488218937509147,1,13,108,768.1510894875927,4720,1867,76929.52165958671,1
20061,Geary County,"Geary County, Kansas",KS,1,KS-02,DEREK SCHMIDT,REPUBLICAN,35815,14158,59317,18.013870104457425,0.1162252647050818,6,41,643.7882064017341,6938,2866,66256.30328801782,1
20105,Lincoln County,"Lincoln County, Kansas",KS,1,KS-01,TRACEY MANN,REPUBLICAN,2923,1278,57500,11.343075852470424,1,8,104,1780.3710854532549,2257,981,57500,0
27011,Big Stone County,"Big Stone County, Minnesota",MN,1,MN-07,MICHELLE FISCHBACH,REPUBLICAN,5127,2136,70400,12.938816449348044,1,11,40,14.576708399501962,2485,1039,63431.255292784524,0
27017,Carlton County,"Carlton County, Minnesota",MN,1,MN-08,PETE STAUBER,REPUBLICAN,36518,14090,80573,11.89445118078411,0.6350705664650482,8,33,13.437247426962882,4650,1598,72310.60719783872,0
41027,Hood River County,"Hood River County, Oregon",OR,1,OR-03,MAXINE E. DEXTER,DEMOCRAT,23905,8939,88947,8.01415750221211,0.517954706593819,4,27,16.69470870699283,1441,584,82986,0
42117,Tioga County,"Tioga County, Pennsylvania",PA,1,PA-15,GLENN THOMPSON,REPUBLICAN,40945,16687,64899,11.71861309300288,1,20,76,20.86336968073902,6267,2538,63580.950330836495,2
42123,Warren County,"Warren County, Pennsylvania",PA,1,PA-15,GLENN THOMPSON,REPUBLICAN,37920,16123,60480,10.814078452444923,0.6198719776090393,15,77,15.968407966896622,5411,2177,58931.216796988636,0
45073,Oconee County,"Oconee County, South Carolina",SC,1,SC-03,SHERI BIGGS,REPUBLICAN,80469,34515,62388,17.56768619189145,0.6374750340300482,8,22,29.53307780689573,3793,1642,61027.018903707365,2
12067,Lafayette County,"Lafayette County, Florida",FL,2,FL-03 / FL-02,KAT CAMMACK / NEAL P. DUNN,REPUBLICAN,8161,2632,62757,17.500749175906503,1,2,11,2.580569791849408,491,193,55939.73403503759,2
13057,Cherokee County,"Cherokee County, Georgia",GA,2,GA-11 / GA-07,BARRY LOUDERMILK / RICHARD MCCORMICK,REPUBLICAN,281032,101514,108115,6.979516363571082,0.18297952141624785,3,8,42.065450707735465,3550,1451,112392.81532641023,0
20017,Chase County,"Chase County, Kansas",KS,1,KS-02,DEREK SCHMIDT,REPUBLICAN,2561,1147,56484,8.354011579818032,1,10,84,147.58561287662,1098,490,56484,0
20083,Hodgeman County,"Hodgeman County, Kansas",KS,1,KS-01,TRACEY MANN,REPUBLICAN,1652,697,59955,6.326781326781327,1,2,19,3.5409589903652505,496,201,59955.00000000001,0
21157,Marshall County,"Marshall County, Kentucky",KY,1,KY-01,JAMES COMER,REPUBLICAN,31743,13209,65831,12.273460174137375,0.851827284500458,3,15,26.040551115558603,1759,644,63889.437972082575,1
21211,Shelby County,"Shelby County, Kentucky",KY,1,KY-04,THOMAS MASSIE,REPUBLICAN,49096,18484,82604,9.69365289048248,0.5176323728284614,0,0,0,0,0,NA,0
28059,Jackson County,"Jackson County, Mississippi",MS,1,MS-04,MIKE EZELL,REPUBLICAN,145249,57647,66201,13.836066486621935,0.3034093764833999,8,39,38.08334201386486,7469,2989,67902.57964304533,6
28057,Itawamba County,"Itawamba County, Mississippi",MS,1,MS-01,TRENT KELLY,REPUBLICAN,24036,9619,55546,15.515944977663763,1,10,82,149.95928852725004,6503,2518,56302.34545897714,1
46101,Moody County,"Moody County, South Dakota",SD,1,SD-AL,DUSTY JOHNSON,REPUBLICAN,6397,2559,78427,11.63786269224671,1,7,31,8.712584066969091,2200,926,65893.0910076681,1
47131,Obion County,"Obion County, Tennessee",TN,1,TN-08,DAVID KUSTOFF,REPUBLICAN,30453,12527,54613,18.55930793545167,0.5930749991879689,11,87,435.5588027702927,8500,3637,51039.17108664174,4
13129,Gordon County,"Gordon County, Georgia",GA,1,GA-11,BARRY LOUDERMILK,REPUBLICAN,59100,21348,63650,11.964612673043687,0.5991589044904768,2,4,7.619428436447001,743,262,68442.28705681332,0
13231,Pike County,"Pike County, Georgia",GA,1,GA-03,BRIAN JACK,REPUBLICAN,19903,6721,86719,9.250103007828596,0.9971941341521521,8,40,8.418594260743793,1218,435,85046.03222279395,0
21073,Franklin County,"Franklin County, Kentucky",KY,1,KY-01,JAMES COMER,REPUBLICAN,51842,22718,65298,13.626930598236022,0.2659048136435071,2,8,100.40453074544358,4708,1981,77311.51593433978,0
21199,Pulaski County,"Pulaski County, Kentucky",KY,1,KY-05,HAROLD ROGERS,REPUBLICAN,65897,26210,51898,19.710935200532894,0.5259095242488544,3,16,21.82509978823275,2010,785,49379.277069716954,3
21215,Spencer County,"Spencer County, Kentucky",KY,1,KY-04,THOMAS MASSIE,REPUBLICAN,20193,7308,102618,9.843578758593205,1,0,0,0,0,0,NA,0
28093,Marshall County,"Marshall County, Mississippi",MS,1,MS-01,TRENT KELLY,REPUBLICAN,33979,13187,53458,23.044805882719512,0.83529864896895,6,35,18.177137787591676,911,313,48371.18051118496,2
29145,Newton County,"Newton County, Missouri",MO,1,MO-07,ERIC BURLISON,REPUBLICAN,60118,22129,66301,13.480488095440698,0.6322807256854454,16,119,63.658770928134395,4597,1672,62500.24983128949,3
47067,Hancock County,"Hancock County, Tennessee",TN,1,TN-01,DIANA HARSHBARGER,REPUBLICAN,6852,2828,34960,32.24985020970641,1,2,19,149.11225509335716,2609,1114,36505.6807962938,5
47103,Lincoln County,"Lincoln County, Tennessee",TN,1,TN-04,SCOTT DESJARLAIS,REPUBLICAN,35946,14849,64667,12.949051061906914,0.713468671253433,4,38,214.32893412090894,2019,918,79701.90849117849,0
48321,Matagorda County,"Matagorda County, Texas",TX,1,TX-22,TROY E. NEHLS,REPUBLICAN,36329,15439,58628,20.72753566760297,0.46735622672734795,23,236,45.40450679796746,3954,1767,58435.261643816164,1
13011,Banks County,"Banks County, Georgia",GA,1,GA-09,ANDREW S. CLYDE,REPUBLICAN,19264,6856,77063,11.269294952023362,0.9558081508178542,5,34,14.267216377659965,1579,583,76841.85409137017,1
13167,Johnson County,"Johnson County, Georgia",GA,1,GA-12,RICK W. ALLEN,REPUBLICAN,9190,3217,51028,24.240062353858146,1,3,12,2.9367255760859727,368,141,63054.00000000001,1
21077,Gallatin County,"Gallatin County, Kentucky",KY,1,KY-04,THOMAS MASSIE,REPUBLICAN,8769,3265,63346,13.809798270893372,1,1,11,9.143555038998386,1806,701,62226.493771513946,0
21201,Robertson County,"Robertson County, Kentucky",KY,1,KY-04,THOMAS MASSIE,REPUBLICAN,2283,810,51830,21.123595505617978,1,1,3,22.370048411413904,403,149,51830,0
29133,Mississippi County,"Mississippi County, Missouri",MO,1,MO-08,JASON SMITH,REPUBLICAN,11902,4482,48160,19.03765690376569,1,7,51,1094.0194021645518,8520,3098,52458.077335992144,4
29163,Pike County,"Pike County, Missouri",MO,1,MO-06,SAM GRAVES,REPUBLICAN,17711,6424,54989,15.968963143733184,1,6,41,11.861941892984005,3711,1652,47988.645990172525,1
48337,Montague County,"Montague County, Texas",TX,1,TX-13,RONNY JACKSON,REPUBLICAN,21046,8538,64545,14.190783454519188,0.7285750062609567,9,125,32.39397871809406,4513,1859,56379.052140264175,3
48077,Clay County,"Clay County, Texas",TX,1,TX-13,RONNY JACKSON,REPUBLICAN,10495,4289,80114,8.385542168674698,1,12,176,257.2819951583773,6547,2711,78271.65403971243,0
48295,Lipscomb County,"Lipscomb County, Texas",TX,1,TX-13,RONNY JACKSON,REPUBLICAN,2918,1025,72560,11.464522894092974,1,4,53,9.267153421697246,1551,515,73449.46275933749,0
13299,Ware County,"Ware County, Georgia",GA,1,GA-01,"EARL L. \""BUDDY\"" CARTER",REPUBLICAN,35976,12957,47448,21.525288139610677,0.32112217593997405,3,16,24.607666285585317,369,143,48952,0
13085,Dawson County,"Dawson County, Georgia",GA,1,GA-07,RICHARD MCCORMICK,REPUBLICAN,30242,11573,92991,8.539139105866711,0.6940070154489141,7,31,8.46237867807149,1715,798,102161.0128231275,0
13227,Pickens County,"Pickens County, Georgia",GA,1,GA-11,BARRY LOUDERMILK,REPUBLICAN,34951,13430,78930,11.960767294505684,0.8078034682080925,2,8,4.18603003123605,552,266,92312.11264301014,0
21087,Green County,"Green County, Kentucky",KY,1,KY-02,BRETT GUTHRIE,REPUBLICAN,11369,4421,46798,20.42310095510131,1,1,5,11.059298326747955,1674,663,37645,3
21045,Casey County,"Casey County, Kentucky",KY,1,KY-01,JAMES COMER,REPUBLICAN,15914,6482,45510,21.725692208628463,1,1,6,13.807440994549916,1517,601,48654.577724544455,3
29081,Harrison County,"Harrison County, Missouri",MO,1,MO-06,SAM GRAVES,REPUBLICAN,8190,3195,54367,19.555945810336176,1,11,102,73.63574711935892,3704,1487,52614.91431996278,4
29217,Vernon County,"Vernon County, Missouri",MO,1,MO-04,MARK ALFORD,REPUBLICAN,19687,7754,52230,18.787783209798665,0.5672096209468717,9,59,577.644796181233,2611,986,63361.23922378123,1
30041,Hill County,"Hill County, Montana",MT,1,MT-02,TROY DOWNING,REPUBLICAN,16155,6206,52798,20.69511268675614,0.39751057698203446,7,55,110.16136591616663,574,234,66053.03539812478,0
48079,Cochran County,"Cochran County, Texas",TX,1,TX-19,JODEY C. ARRINGTON,REPUBLICAN,2550,922,45313,27.764127764127764,1,3,44,6.463810909577683,1540,557,45313,2
48487,Wilbarger County,"Wilbarger County, Texas",TX,1,TX-13,RONNY JACKSON,REPUBLICAN,12616,4778,54102,17.459664142245636,0.26096065802746954,8,70,739.2647445827619,2613,957,66317.43425483251,1
48117,Deaf Smith County,"Deaf Smith County, Texas",TX,1,TX-13,RONNY JACKSON,REPUBLICAN,18460,6051,60799,17.666465057458623,0.1648280686649088,2,19,0.3810714500160385,127,43,86131,0
49053,Washington County,"Washington County, Utah",UT,1,UT-02,CELESTE MALOY,REPUBLICAN,196431,69786,80632,9.836875418103226,0.1486584682630811,26,247,232.60398980934517,13843,4904,85427.26276501088,0
13125,Glascock County,"Glascock County, Georgia",GA,1,GA-12,RICK W. ALLEN,REPUBLICAN,2932,1036,54934,12.556838055264079,1,3,18,3.461145366283126,512,184,54934.00000000001,0
13273,Terrell County,"Terrell County, Georgia",GA,1,GA-02,"SANFORD D. BISHOP, JR.",DEMOCRAT,8850,3383,46171,33.26709526592636,1,4,18,7.443664422786909,687,281,75046.64694963131,0
21039,Carlisle County,"Carlisle County, Kentucky",KY,1,KY-01,JAMES COMER,REPUBLICAN,4762,1865,62439,15.079872204472844,1,6,35,32.48258565325322,1665,647,63808.71527273392,0
22089,St. Charles Parish,"St. Charles Parish, Louisiana",LA,2,LA-02 / LA-01,TROY A. CARTER / STEVE SCALISE,DEMOCRAT / REPUBLICAN,51396,18608,80897,11.741383371280522,0.17779596186416488,0,0,0,0,0,NA,0
31135,Perkins County,"Perkins County, Nebraska",NE,1,NE-03,ADRIAN SMITH,REPUBLICAN,2821,1192,72778,7.150556952928494,1,5,27,5.268353634356765,804,336,72778,0
31083,Harlan County,"Harlan County, Nebraska",NE,1,NE-03,ADRIAN SMITH,REPUBLICAN,2847,1197,70625,6.716684530189354,1,7,40,5.777946759664615,985,384,70625,0
31055,Douglas County,"Douglas County, Nebraska",NE,1,NE-02,DON BACON,REPUBLICAN,590736,238430,80391,11.799921351105224,0.024361619500244642,11,44,27.89111139015112,6830,2915,105687.840752874,0
49021,Iron County,"Iron County, Utah",UT,1,UT-02,CELESTE MALOY,REPUBLICAN,62252,20157,66247,13.8263875301637,0.28609331634345164,25,167,48.88093310589713,7063,2603,67293.32124482769,0
50005,Caledonia County,"Caledonia County, Vermont",VT,1,VT-AL,BECCA BALINT,DEMOCRAT,30475,13091,69970,11.723116288465423,0.838487745179109,20,106,27.63678928007893,3232,1393,81707.5054178076,1
50001,Addison County,"Addison County, Vermont",VT,1,VT-AL,BECCA BALINT,DEMOCRAT,37664,14966,89639,7.5759335617631685,0.8352915986403662,8,71,14.926785078150525,2990,1359,83232.20549537902,0
13173,Lanier County,"Lanier County, Georgia",GA,1,GA-08,AUSTIN SCOTT,REPUBLICAN,10221,3483,47186,26.146605247346283,1,7,30,21.135522391854046,3836,1320,43209.31645752575,1
13169,Jones County,"Jones County, Georgia",GA,1,GA-08,AUSTIN SCOTT,REPUBLICAN,28673,10786,75500,12.058688674919761,0.8341270681200833,2,10,0.7831859879441015,72,27,64805.883774356145,0
22049,Jackson Parish,"Jackson Parish, Louisiana",LA,1,LA-04,MIKE JOHNSON,REPUBLICAN,14884,5576,44925,22.298785252539602,0.6510544873927218,19,150,69.9970694768855,3048,1192,52257.05725509349,4
23001,Androscoggin County,"Androscoggin County, Maine",ME,1,ME-02,JARED F. GOLDEN,DEMOCRAT,113423,46953,67873,14.382908490739043,0.45345018400381504,14,96,20.111206351843688,4678,2085,62755.245539953794,2
26067,Ionia County,"Ionia County, Michigan",MI,1,MI-02,JOHN R. MOOLENAAR,REPUBLICAN,66574,23355,75611,10.623303652207039,0.6101730435303275,14,87,15.301321947752816,5800,2070,80930.62052984635,1
31065,Furnas County,"Furnas County, Nebraska",NE,1,NE-03,ADRIAN SMITH,REPUBLICAN,4568,2010,61048,12.970804546467573,1,9,55,9.393540094636743,2020,876,61048,0
31051,Dixon County,"Dixon County, Nebraska",NE,1,NE-03,ADRIAN SMITH,REPUBLICAN,5545,2188,72454,7.335053446369333,1,10,53,11.3651774178754,1438,560,72982.75976021861,0
32007,Elko County,"Elko County, Nevada",NV,1,NV-02,MARK E. AMODEI,REPUBLICAN,54047,19627,86487,9.834925171091223,0.5179881568656661,11,95,9.037356034761341,2841,1008,70780.37516838682,0
51650,Hampton city,"Hampton city, Virginia",VA,1,VA-03,"ROBERT C. \""BOBBY\"" SCOTT",DEMOCRAT,137557,58057,69621,12.721477313540046,0.0031571732726689418,1,2,1.997496204984187,367,202,97499.99999999999,0
51169,Scott County,"Scott County, Virginia",VA,1,VA-09,H. MORGAN GRIFFITH,REPUBLICAN,21479,9127,46349,20.197091927926188,0.9830830552465702,10,67,26.070878343667335,3548,1537,49855.78004640723,4
13199,Meriwether County,"Meriwether County, Georgia",GA,1,GA-03,BRIAN JACK,REPUBLICAN,20929,8391,57340,18.925941966219142,1,9,37,17.731320794344207,2650,1073,61866.71463341817,3
26025,Calhoun County,"Calhoun County, Michigan",MI,2,MI-05 / MI-04,TIM WALBERG / BILL HUIZENGA,REPUBLICAN,133778,53333,63177,13.936745255894191,0.32342342342342345,15,85,15.297874591263701,5732,2152,63788.602999976996,3
26015,Barry County,"Barry County, Michigan",MI,1,MI-02,JOHN R. MOOLENAAR,REPUBLICAN,63409,24480,77500,8.40558996347467,0.8711853002899572,15,86,7.255813212374509,3315,1384,77516.90718082375,1
26075,Jackson County,"Jackson County, Michigan",MI,1,MI-05,TIM WALBERG,REPUBLICAN,160060,62540,66073,11.647610320969948,0.47284337078931943,23,133,24.8415580407148,6649,2633,80452.50545819894,1
27147,Steele County,"Steele County, Minnesota",MN,1,MN-01,BRAD FINSTAD,REPUBLICAN,37439,15138,84196,8.333784442158827,0.2974923809014597,6,22,6.645420654905627,2476,980,81764.94672676387,0
32013,Humboldt County,"Humboldt County, Nevada",NV,1,NV-02,MARK E. AMODEI,REPUBLICAN,17289,6911,81073,10.627991128749855,0.3898756146948221,5,39,7.0688606022766685,1527,697,84176.95819885471,0
33005,Cheshire County,"Cheshire County, New Hampshire",NH,1,NH-02,MAGGIE GOODLANDER,DEMOCRAT,77297,30620,83329,8.704929395615597,0.691189934343038,34,120,21.788574001641717,9054,3739,74550.53142074212,1
34005,Burlington County,"Burlington County, New Jersey",NJ,2,NJ-03 / NJ-01,HERB CONAWAY / DONALD NORCROSS,DEMOCRAT,467805,177222,108111,6.649940006950015,0.09769627159745377,33,172,14.659873670411507,9826,3834,92453.84558316444,0
35003,Catron County,"Catron County, New Mexico",NM,1,NM-02,GABE VASQUEZ,DEMOCRAT,3743,1789,49864,24.77923468022478,1,9,49,185.62819885482168,838,418,50257.31744442246,1
51740,Portsmouth city,"Portsmouth city, Virginia",VA,1,VA-03,"ROBERT C. \""BOBBY\"" SCOTT",DEMOCRAT,97190,40288,60491,17.33995351785337,0,0,0,0,0,0,NA,0
51735,Poquoson city,"Poquoson city, Virginia",VA,1,VA-01,ROBERT J. WITTMAN,REPUBLICAN,12639,4728,120972,4.48768864177919,0.08884430176565009,0,0,0,0,0,NA,0
13177,Lee County,"Lee County, Georgia",GA,1,GA-02,"SANFORD D. BISHOP, JR.",DEMOCRAT,33626,12287,89168,5.669417910909147,0.6236468353285288,7,26,7.40872964435985,1513,566,80465.8867993662,0
15007,Kauai County,"Kauai County, Hawaii",HI,1,HI-02,JILL N. TOKUDA,DEMOCRAT,73731,23632,97668,9.09028587098101,0.4220169718136921,8,30,110.05321857378055,4841,1537,110435.18768918052,0
27003,Anoka County,"Anoka County, Minnesota",MN,3,MN-06 / MN-03 / MN-05,TOM EMMER / KELLY MORRISON / ILHAN OMAR,REPUBLICAN / DEMOCRATIC-FARMER-LABOR / DEMOCRAT,370349,137432,101869,7.019413136840269,0.15902464226531862,20,80,7.934223495940153,8004,3301,84589.63839347391,0
27143,Sibley County,"Sibley County, Minnesota",MN,1,MN-07,MICHELLE FISCHBACH,REPUBLICAN,15005,5929,77634,9.00943396226415,1,8,37,16.45928463425743,5362,2142,77534.12424788639,0
27041,Douglas County,"Douglas County, Minnesota",MN,1,MN-07,MICHELLE FISCHBACH,REPUBLICAN,39575,17519,79043,8.976762100397996,0.5139978464851561,10,40,10.1621518710129,2498,1119,87092.62670677586,0
35025,Lea County,"Lea County, New Mexico",NM,2,NM-03 / NM-02,TERESA LEGER FERNANDEZ / GABE VASQUEZ,DEMOCRAT,73733,24670,68015,18.687956153351415,0.24891545228661607,5,28,21.106365520270256,1165,372,89404.88639381688,0
35035,Otero County,"Otero County, New Mexico",NM,2,NM-02 / NM-01,GABE VASQUEZ / MELANIE A. STANSBURY,DEMOCRAT,68816,24480,55876,19.263559969442323,0.5459691327997169,34,271,170.95952749646273,7540,2991,68260.36359084432,1
36015,Chemung County,"Chemung County, New York",NY,1,NY-23,NICHOLAS A. LANGWORTHY,CONSERVATIVE / REPUBLICAN,82147,35262,63716,16.313919553356172,0.25906735751295334,27,126,9.609520378203555,2654,1082,74446.2403187473,1
53063,Spokane County,"Spokane County, Washington",WA,1,WA-05,MICHAEL BAUMGARTNER,REPUBLICAN,549056,218395,78582,11.677025363395037,0.1462605151861816,61,243,184.08851173336083,21287,8654,81844.87429628211,4
54061,Monongalia County,"Monongalia County, West Virginia",WV,1,WV-02,RILEY MOORE,REPUBLICAN,107163,44629,65346,19.707094275927123,0.2665041295760806,10,79,63.46021713709125,6876,2698,92651.10044191209,0
16065,Madison County,"Madison County, Idaho",ID,1,ID-02,MICHAEL K. SIMPSON,REPUBLICAN,54618,13326,60160,24.47763270796132,0.21890650690756525,5,23,3.9428533383932685,1362,458,80513.42749057768,0
17109,McDonough County,"McDonough County, Illinois",IL,2,IL-15 / IL-17,MARY E. MILLER / ERIC SORENSEN,REPUBLICAN / DEMOCRAT,26920,11856,52795,17.204742175001027,0.42521477347822895,11,76,14.53458925127355,4644,2025,66152.19225280118,0
27059,Isanti County,"Isanti County, Minnesota",MN,1,MN-08,PETE STAUBER,REPUBLICAN,42596,16293,87440,7.453047463019684,0.5928284915522062,4,19,3.395680263440811,1999,779,81595.12864222527,0
27093,Meeker County,"Meeker County, Minnesota",MN,1,MN-07,MICHELLE FISCHBACH,REPUBLICAN,23468,9347,75446,9.073985886834928,0.7192735042735042,6,26,8.758108837189353,2613,1014,82777.32581572115,0
27083,Lyon County,"Lyon County, Minnesota",MN,1,MN-07,MICHELLE FISCHBACH,REPUBLICAN,25503,10108,75303,12.173948154728256,0.4654319521943884,11,32,15.979166529389387,4509,1721,78610.0149772829,0
28081,Lee County,"Lee County, Mississippi",MS,1,MS-01,TRENT KELLY,REPUBLICAN,83034,32591,67863,14.553640245170604,0.5172599978402506,20,171,215.85816128779425,16402,6359,66997.99367409344,4
28133,Sunflower County,"Sunflower County, Mississippi",MS,1,MS-02,BENNIE G. THOMPSON,DEMOCRAT,24333,8034,39956,28.870686814480063,0.6403295983982134,17,125,258.5348934507715,9844,2779,37296.5085701437,9
36007,Broome County,"Broome County, New York",NY,1,NY-19,JOSH RILEY,DEMOCRAT / WORKING FAMILIES,197378,82005,62616,18.491605710050592,0.24947277824474162,42,376,24.1358501495371,9358,3735,75769.63804757752,5
36055,Monroe County,"Monroe County, New York",NY,1,NY-25,JOSEPH D. MORELLE,DEMOCRAT / WORKING FAMILIES,753753,318428,76382,13.645124428818155,0.08120161750124763,8,43,8.097935354889612,2120,816,93015.30526732877,0
54029,Hancock County,"Hancock County, West Virginia",WV,1,WV-02,RILEY MOORE,REPUBLICAN,28431,12824,61466,14.513242662848961,0.32919745660766453,5,34,30.017808290188945,3759,1627,63312.27381366483,2
55093,Pierce County,"Pierce County, Wisconsin",WI,1,WI-03,DERRICK VAN ORDEN,REPUBLICAN,42584,15867,92109,9.773163018849132,0.6995404150478537,8,30,9.602205770292946,1445,590,82415.88154228516,0
17021,Christian County,"Christian County, Illinois",IL,1,IL-15,MARY E. MILLER,REPUBLICAN,33538,13586,62611,10.189498866784186,0.5068758815232722,14,108,14.403207038081165,7097,2723,72448.70194943743,0
17135,Montgomery County,"Montgomery County, Illinois",IL,1,IL-15,MARY E. MILLER,REPUBLICAN,27942,11319,63620,12.604418768053712,0.532310520361991,17,146,24.183584763823767,6299,2357,69070.47139304692,1
17191,Wayne County,"Wayne County, Illinois",IL,1,IL-12,MIKE BOST,REPUBLICAN,15973,6866,55521,16.124148372445116,0.705420606959639,9,78,12.19863773728746,1802,753,57729.245197518176,2
28015,Carroll County,"Carroll County, Mississippi",MS,1,MS-02,BENNIE G. THOMPSON,DEMOCRAT,9686,4258,59327,17.88688223207527,1,15,112,582.6780771755324,6569,2794,56966.59534397872,1
28125,Sharkey County,"Sharkey County, Mississippi",MS,1,MS-02,BENNIE G. THOMPSON,DEMOCRAT,3872,1422,40000,30.850781871190033,1,8,48,189.84802350575416,2743,1027,40616.10477422669,3
28069,Kemper County,"Kemper County, Mississippi",MS,1,MS-03,MICHAEL GUEST,REPUBLICAN,8729,3223,46431,24.83464370398103,1,9,63,17.823704583184323,1245,407,41569.531807573985,2
37171,Surry County,"Surry County, North Carolina",NC,1,NC-05,VIRGINIA FOXX,REPUBLICAN,71425,29869,55656,16.817606665055376,0.756807130144761,36,217,32.87171611927477,7174,2973,60941.45526403558,4
37045,Cleveland County,"Cleveland County, North Carolina",NC,1,NC-14,TIM MOORE,REPUBLICAN,100991,38850,58534,16.597812143311685,0.6220118771289904,5,21,8.930667725460202,1483,580,58244.742245016896,3
55061,Kewaunee County,"Kewaunee County, Wisconsin",WI,1,WI-08,TONY WIED,REPUBLICAN,20664,8357,82725,7.5671198167909175,1,5,28,18.490751881984504,6390,2640,75239.65662840412,0
55045,Green County,"Green County, Wisconsin",WI,1,WI-02,MARK POCAN,DEMOCRAT,37017,15775,82852,7.713574028960118,0.7108618876877039,9,44,36.46030234151378,6198,2551,82057.95661379256,0
55091,Pepin County,"Pepin County, Wisconsin",WI,1,WI-03,DERRICK VAN ORDEN,REPUBLICAN,7431,3046,75256,10.206030836403329,1,3,14,6.0061970157811295,1625,678,74655.0684390982,0
18053,Grant County,"Grant County, Indiana",IN,1,IN-05,VICTORIA SPARTZ,REPUBLICAN,66295,26773,53522,19.830552915342007,0.3856525782163962,6,38,8.250806259623452,4493,1817,64223.57808424441,4
18085,Kosciusko County,"Kosciusko County, Indiana",IN,2,IN-02 / IN-03,RUDY YAKYM III / MARLIN A. STUTZMAN,REPUBLICAN,80442,31934,75317,9.847974903793641,0.48363659022931205,30,172,22.114559040626236,8580,3689,77603.70840940221,0
18045,Fountain County,"Fountain County, Indiana",IN,2,IN-08 / IN-04,MARK MESSMER / JAMES R. BAIRD,REPUBLICAN,16617,6941,62542,12.36624513618677,1,5,34,13.53635326998017,7080,2909,63847.93240416477,1
18103,Miami County,"Miami County, Indiana",IN,1,IN-02,RUDY YAKYM III,REPUBLICAN,35712,13318,61139,15.110723836423185,0.4555920137923364,11,56,6.7306164704143985,6329,1473,59081.08436129718,1
28077,Lawrence County,"Lawrence County, Mississippi",MS,1,MS-03,MICHAEL GUEST,REPUBLICAN,11786,4407,43531,23.652337086318663,1,12,93,343.6307907220562,6258,2205,39074.28018413077,5
28129,Smith County,"Smith County, Mississippi",MS,1,MS-03,MICHAEL GUEST,REPUBLICAN,14132,5592,60916,17.04943836302497,1,20,152,835.9684674589229,9484,3735,59721.68334914319,2
29083,Henry County,"Henry County, Missouri",MO,1,MO-04,MARK ALFORD,REPUBLICAN,22328,9217,57926,14.275332697461053,0.5960083842158024,12,63,1815.6799763431911,12308,5042,66853.03669250569,1
29187,St. Francois County,"St. Francois County, Missouri",MO,1,MO-08,JASON SMITH,REPUBLICAN,66999,24816,57477,15.939322083448376,0.4097606168375123,13,114,187.31108323344552,8276,3112,61066.96716719371,6
38081,Sargent County,"Sargent County, North Dakota",ND,1,ND-AL,JULIE FEDORCHAK,REPUBLICAN,3804,1751,77946,6.88,1,5,21,930.5797464554107,1857,863,77382.75636254111,0
38023,Divide County,"Divide County, North Dakota",ND,1,ND-AL,JULIE FEDORCHAK,REPUBLICAN,2167,1016,91852,9.251311397234144,1,6,38,436.5317257683194,566,262,91852,0
38009,Bottineau County,"Bottineau County, North Dakota",ND,1,ND-AL,JULIE FEDORCHAK,REPUBLICAN,6378,2674,85000,7.592865324824087,1,10,72,131.42774731789336,2724,1074,71293.50764635454,0
56037,Sweetwater County,"Sweetwater County, Wyoming",WY,1,WY-AL,HARRIET M. HAGEMAN,REPUBLICAN,41542,17502,75034,12.85735193677432,0.10754163512490537,25,125,16.66553752121583,5218,2199,90943.33030826933,0
56015,Goshen County,"Goshen County, Wyoming",WY,1,WY-AL,HARRIET M. HAGEMAN,REPUBLICAN,12605,5200,58929,14.690038477982043,0.4850376060169627,9,55,5.9610621946261295,918,413,64307.31573360116,1
05115,Pope County,"Pope County, Arkansas",AR,1,AR-04,BRUCE WESTERMAN,REPUBLICAN,64131,24348,57344,16.899331498230435,0.5588583329388933,3,12,26.031548763452385,2367,1067,58806.23699923549,2
18131,Pulaski County,"Pulaski County, Indiana",IN,1,IN-02,RUDY YAKYM III,REPUBLICAN,12441,4950,62792,12.123944585621773,1,3,23,8.143854775948027,3193,1319,56915.73598533206,1
18095,Madison County,"Madison County, Indiana",IN,1,IN-05,VICTORIA SPARTZ,REPUBLICAN,131900,53429,63037,13.373999841559058,0.24622489990701535,10,62,55.618620506607144,9451,3762,74081.76840696138,0
18055,Greene County,"Greene County, Indiana",IN,1,IN-08,MARK MESSMER,REPUBLICAN,31021,13107,62094,12.753433616742969,0.828003765866961,4,18,11.043551389132013,987,413,64671.22557740083,0
18073,Jasper County,"Jasper County, Indiana",IN,1,IN-04,JAMES R. BAIRD,REPUBLICAN,33234,12755,77314,8.39470708675855,0.8326447536302327,3,23,5.670259686258884,1889,740,82272.416140946,0
29089,Howard County,"Howard County, Missouri",MO,1,MO-04,MARK ALFORD,REPUBLICAN,10147,3585,65938,12.039207330066056,1,7,52,645.9968371228073,6573,2259,63997.93959951008,1
29077,Greene County,"Greene County, Missouri",MO,1,MO-07,ERIC BURLISON,REPUBLICAN,303375,130951,61479,13.646855853060613,0.14141478346687186,24,147,41.07548468264231,6989,2850,75920.58535767774,1
29223,Wayne County,"Wayne County, Missouri",MO,1,MO-08,JASON SMITH,REPUBLICAN,10862,4623,47226,25.717770688684556,1,15,118,307.2502595134573,6324,2731,47002.45874218602,5
39001,Adams County,"Adams County, Ohio",OH,1,OH-02,DAVID J. TAYLOR,REPUBLICAN,27540,10421,50264,20.219950548031147,1,5,25,25.927072897844052,5831,2312,40200.362221191004,7
39081,Jefferson County,"Jefferson County, Ohio",OH,1,OH-06,MICHAEL A. RULLI,REPUBLICAN,64518,27143,59055,16.451789216474296,0.3927416512130454,14,87,28.215720987208588,8846,3807,61917.9782555113,1
05149,Yell County,"Yell County, Arkansas",AR,1,AR-04,BRUCE WESTERMAN,REPUBLICAN,20134,8323,55934,15.635660098772975,0.8070374574347332,7,23,331.90663269042983,7048,3019,52022.29383449956,4
05059,Hot Spring County,"Hot Spring County, Arkansas",AR,1,AR-04,BRUCE WESTERMAN,REPUBLICAN,33180,12310,55405,15.097823270277274,0.7320823244552058,4,15,195.86622327483548,2908,985,61297.30464577441,0
18121,Parke County,"Parke County, Indiana",IN,1,IN-08,MARK MESSMER,REPUBLICAN,16406,6147,68485,16.163849154746423,0.9937484525872741,9,59,31.09957829763854,3089,1242,63659.831036997566,0
18117,Orange County,"Orange County, Indiana",IN,1,IN-08,MARK MESSMER,REPUBLICAN,19767,7970,65873,13.416264007402077,1,3,22,10.111952869472875,3121,1358,63338.75139935834,0
19031,Cedar County,"Cedar County, Iowa",IA,1,IA-01,MARIANNETTE MILLER-MEEKS,REPUBLICAN,18349,7622,80602,7.338073547383624,1,13,103,32.092439830749846,7240,3022,75716.16681054317,1
19049,Dallas County,"Dallas County, Iowa",IA,1,IA-03,ZACHARY NUNN,REPUBLICAN,107968,42471,102379,6.255124096295744,0.21348742952306426,13,109,36.041329749112485,6997,3074,125257.5273599315,0
18105,Monroe County,"Monroe County, Indiana",IN,1,IN-09,ERIN HOUCHIN,REPUBLICAN,140965,59236,65868,19.683756967229314,0.21196266765914198,1,5,2.459241061821543,313,128,89474,0
19001,Adair County,"Adair County, Iowa",IA,1,IA-03,ZACHARY NUNN,REPUBLICAN,7460,3236,68092,9.534276686358016,1,7,71,16.196997068371346,3124,1339,62500.44692254622,0
19037,Chickasaw County,"Chickasaw County, Iowa",IA,1,IA-02,ASHLEY HINSON,REPUBLICAN,11807,4997,75675,8.820990851027101,1,6,43,8.053968601477143,1763,749,78149.10741774844,0
20179,Sheridan County,"Sheridan County, Kansas",KS,1,KS-01,TRACEY MANN,REPUBLICAN,2426,987,73750,8.927826449728828,1,2,23,2.9754323223758776,657,265,73750,0
20051,Ellis County,"Ellis County, Kansas",KS,1,KS-01,TRACEY MANN,REPUBLICAN,28920,12251,63084,18.346319085414695,0.2437962258934126,17,185,1551.1613080155353,8354,3486,67837.6937261549,2
50017,Orange County,"Orange County, Vermont",VT,1,VT-AL,BECCA BALINT,DEMOCRAT,29761,12742,82232,9.313792631146418,1,22,166,53.77798877973117,6478,2720,85399.50073656904,0
50007,Chittenden County,"Chittenden County, Vermont",VT,1,VT-AL,BECCA BALINT,DEMOCRAT,169758,71456,96759,9.728947549753503,0.2606536242818866,41,233,79.94063162287341,11558,4912,108580.19890609535,0
54059,Mingo County,"Mingo County, West Virginia",WV,1,WV-01,CAROL D. MILLER,REPUBLICAN,22542,9317,38119,32.3579418344519,1,12,114,105.06206434982438,16503,6644,35353.08925943903,9
13071,Colquitt County,"Colquitt County, Georgia",GA,1,GA-08,AUSTIN SCOTT,REPUBLICAN,46224,16803,49341,22.868471784086925,0.5813107324937906,23,102,40.352400706586366,5758,2071,59222.34225106812,4
13235,Pulaski County,"Pulaski County, Georgia",GA,1,GA-08,AUSTIN SCOTT,REPUBLICAN,9939,3575,50406,16.53806288149257,1,2,8,10.304267683771595,615,140,44036.07799365953,0
13243,Randolph County,"Randolph County, Georgia",GA,1,GA-02,"SANFORD D. BISHOP, JR.",DEMOCRAT,6196,2688,28380,30.043347782594196,1,3,19,12.467421819966571,2688,1128,25862.380388763966,5
17063,Grundy County,"Grundy County, Illinois",IL,1,IL-16,DARIN LAHOOD,REPUBLICAN,53219,20595,92235,5.98697822744443,0.25028077589324804,16,144,13.660778549547455,6626,2533,87002.84683714769,0
17139,Moultrie County,"Moultrie County, Illinois",IL,1,IL-15,MARY E. MILLER,REPUBLICAN,14424,5817,71784,9.156473166937708,0.6961310753132315,6,54,102.68421580915415,4112,1644,74727.90270915425,0
18113,Noble County,"Noble County, Indiana",IN,1,IN-03,MARLIN A. STUTZMAN,REPUBLICAN,47495,18179,71723,9.152811788460712,0.7769138377899993,12,65,28.142349182558338,4525,1661,79866.0873900104,0
18015,Carroll County,"Carroll County, Indiana",IN,1,IN-04,JAMES R. BAIRD,REPUBLICAN,20535,8085,65645,8.751229105211406,0.9456810794838963,4,33,8.649044327841462,5175,1992,59242.09673592473,1
20139,Osage County,"Osage County, Kansas",KS,1,KS-02,DEREK SCHMIDT,REPUBLICAN,15744,6432,74467,9.71192885222659,1,19,164,1128.0698505094165,11103,4571,73828.64721859239,1
20065,Graham County,"Graham County, Kansas",KS,1,KS-01,TRACEY MANN,REPUBLICAN,2389,1191,50650,14.83375959079284,1,5,56,67.37489415980494,836,412,50650,0
20123,Mitchell County,"Mitchell County, Kansas",KS,1,KS-01,TRACEY MANN,REPUBLICAN,5779,2680,64246,12.19900849858357,1,8,73,1667.4205875012854,2269,1117,71122.7172040679,0
20145,Pawnee County,"Pawnee County, Kansas",KS,2,KS-04 / KS-01,RON ESTES / TRACEY MANN,REPUBLICAN,6144,2391,63517,11.520565791922575,0.40284663361586437,3,17,2.535968406072567,213,97,67357.31185897325,0
20055,Finney County,"Finney County, Kansas",KS,1,KS-01,TRACEY MANN,REPUBLICAN,38084,13229,73009,11.079248519282825,0.19480114374837534,7,44,40.844652334600156,4203,1442,71346.66981195546,1
20187,Stanton County,"Stanton County, Kansas",KS,1,KS-01,TRACEY MANN,REPUBLICAN,2038,856,71700,1.4940239043824701,1,2,23,3.459825164147386,1070,439,71700,0
50021,Rutland County,"Rutland County, Vermont",VT,1,VT-AL,BECCA BALINT,DEMOCRAT,60425,25321,68616,11.751183462180295,0.677243610909331,50,288,101.77107278707564,13405,5385,70961.81474609712,0
13091,Dodge County,"Dodge County, Georgia",GA,1,GA-08,AUSTIN SCOTT,REPUBLICAN,19805,6881,51587,21.546289127308928,0.6878293601003764,5,23,10.075866458919153,1129,374,55544.26730050957,1
13165,Jenkins County,"Jenkins County, Georgia",GA,1,GA-12,RICK W. ALLEN,REPUBLICAN,8711,3216,44389,22.853621799260576,1,1,4,0.0940171702307786,11,4,45272,0
18011,Boone County,"Boone County, Indiana",IN,1,IN-04,JAMES R. BAIRD,REPUBLICAN,74718,28738,111250,4.507974395139416,0.27191718917697566,5,31,6.2196428724070305,2118,809,97780.96868678079,0
18149,Starke County,"Starke County, Indiana",IN,1,IN-02,RUDY YAKYM III,REPUBLICAN,23365,8983,63960,13.36580319813801,1,2,13,3.1060228289767378,1513,563,65330.1928422048,1
47179,Washington County,"Washington County, Tennessee",TN,1,TN-01,DIANA HARSHBARGER,REPUBLICAN,136261,56759,62809,15.53887375044593,0.25759956692054947,1,7,0.034285122116369464,0,0,NA,0
20031,Coffey County,"Coffey County, Kansas",KS,1,KS-02,DEREK SCHMIDT,REPUBLICAN,8308,3545,70346,10.740061162079511,1,15,135,1297.3060172628655,6811,2886,70563.988469591,0
20041,Dickinson County,"Dickinson County, Kansas",KS,1,KS-01,TRACEY MANN,REPUBLICAN,18445,8016,68417,8.138250883392226,0.641071622649712,15,144,941.9450709425751,7002,2872,74159.1990615505,0
20193,Thomas County,"Thomas County, Kansas",KS,1,KS-01,TRACEY MANN,REPUBLICAN,7885,3139,71325,6.490899357601713,0.31059268600252204,3,30,1.4064347887002662,232,110,83529,0
20067,Grant County,"Grant County, Kansas",KS,1,KS-01,TRACEY MANN,REPUBLICAN,7229,2379,66476,9.304274937133277,0.20225788900979325,0,0,0,0,0,NA,0
20049,Elk County,"Elk County, Kansas",KS,1,KS-04,RON ESTES,REPUBLICAN,2453,999,64609,10.368852459016393,1,11,60,840.3628376689679,1723,693,64609,0
51035,Carroll County,"Carroll County, Virginia",VA,1,VA-09,H. MORGAN GRIFFITH,REPUBLICAN,29157,12576,54484,15.330311104958993,0.976264791630938,11,122,21.377962989297014,1596,659,62023.008387926464,2
51810,Virginia Beach city,"Virginia Beach city, Virginia",VA,1,VA-02,JENNIFER A. KIGGANS,REPUBLICAN,456349,179851,92968,8.591835915012116,0.018146995451280824,2,9,10.886929587621847,1389,340,67290.87269653424,0
31071,Garfield County,"Garfield County, Nebraska",NE,1,NE-03,ADRIAN SMITH,REPUBLICAN,1718,701,62804,8.816425120772946,1,1,5,1.5748055526179185,541,209,62804,0
31009,Blaine County,"Blaine County, Nebraska",NE,1,NE-03,ADRIAN SMITH,REPUBLICAN,422,197,69583,9.004739336492891,1,1,5,0.3882785902380329,30,14,69583,0
31007,Banner County,"Banner County, Nebraska",NE,1,NE-03,ADRIAN SMITH,REPUBLICAN,742,305,78839,7.681940700808625,1,1,9,0.23729682285679507,21,10,78839,0
31149,Rock County,"Rock County, Nebraska",NE,1,NE-03,ADRIAN SMITH,REPUBLICAN,1319,600,58125,10.823529411764707,1,2,13,1.9566937179591342,359,171,58125,0
32001,Churchill County,"Churchill County, Nevada",NV,2,NV-02 / NV-04,MARK E. AMODEI / STEVEN HORSFORD,REPUBLICAN / DEMOCRAT,25805,9516,79163,8.143593811979374,0.3434315723467628,7,223,10.757646348861465,1501,598,88040.01824293494,0
47017,Carroll County,"Carroll County, Tennessee",TN,1,TN-08,DAVID KUSTOFF,REPUBLICAN,28641,11541,51787,16.95660069003087,0.8210267229254571,8,79,1000.7355832653515,17659,7271,53088.92569443947,5
47113,Madison County,"Madison County, Tennessee",TN,1,TN-08,DAVID KUSTOFF,REPUBLICAN,99295,40153,60042,18.18248588756217,0.2632383149671635,2,16,1.2144869868089576,134,53,67397.80194486142,0
47071,Hardin County,"Hardin County, Tennessee",TN,1,TN-08,DAVID KUSTOFF,REPUBLICAN,27249,11001,49956,21.52979786678601,0.6709776005366926,7,48,171.36077552162368,1770,812,50749.426943531165,2
20159,Rice County,"Rice County, Kansas",KS,1,KS-01,TRACEY MANN,REPUBLICAN,9350,3714,63925,7.741566609491138,1,9,84,491.99586089662273,2997,1152,64998.44307123515,0
20025,Clark County,"Clark County, Kansas",KS,1,KS-01,TRACEY MANN,REPUBLICAN,1974,788,63043,9.873949579831933,1,4,30,17.849169104910523,953,377,63043,0
20141,Osborne County,"Osborne County, Kansas",KS,1,KS-01,TRACEY MANN,REPUBLICAN,3452,1579,63011,8.437686344663089,1,11,151,1311.385357466801,1970,888,63011,0
21227,Warren County,"Warren County, Kentucky",KY,1,KY-02,BRETT GUTHRIE,REPUBLICAN,140918,55643,65794,17.010519448748266,0.2730502251884002,0,0,0,0,0,NA,0
51590,Danville city,"Danville city, Virginia",VA,1,VA-05,JOHN J. MCGUIRE III,REPUBLICAN,42214,19066,44423,24.651300091018673,0.03226109415355717,4,16,0.28873103760168395,143,71,42534.9072215799,1
51115,Mathews County,"Mathews County, Virginia",VA,1,VA-01,ROBERT J. WITTMAN,REPUBLICAN,8540,3987,75880,7.796810395747194,1,6,44,1.811692559501851,308,150,75096.66930114003,0
32510,Carson City,"Carson City, Nevada",NV,1,NV-02,MARK E. AMODEI,REPUBLICAN,58384,23692,72355,10.341414250490434,0.05978955984924709,2,14,0.14479403642503075,202,83,62842.25957674538,0
32029,Storey County,"Storey County, Nevada",NV,1,NV-02,MARK E. AMODEI,REPUBLICAN,4140,1892,93409,7.058254773990814,0.8913255360623782,3,24,2.5820989245733665,1459,673,93409,0
35061,Valencia County,"Valencia County, New Mexico",NM,2,NM-02 / NM-01,GABE VASQUEZ / MELANIE A. STANSBURY,DEMOCRAT,78458,27583,58933,18.133413571606116,0.29971786628174,13,59,13.316606280505807,5148,1668,53277.71173407109,3
47043,Dickson County,"Dickson County, Tennessee",TN,1,TN-07,MARK E. GREEN,REPUBLICAN,55983,21757,75003,10.86231884057971,0.6954248366013072,0,0,0,0,0,NA,0
21149,McLean County,"McLean County, Kentucky",KY,1,KY-02,BRETT GUTHRIE,REPUBLICAN,9114,3641,65596,9.450305385896725,1,9,45,305.0329299116487,8865,3527,67464.61386200898,0
21001,Adair County,"Adair County, Kentucky",KY,1,KY-01,JAMES COMER,REPUBLICAN,19089,7136,53553,18.392927088579263,0.734539491086071,0,0,0,0,0,NA,0
51800,Suffolk city,"Suffolk city, Virginia",VA,1,VA-02,JENNIFER A. KIGGANS,REPUBLICAN,98796,37908,92666,9.394270987799516,0.27055680420677664,1,8,2.8139147157736044,317,114,89432,0
51025,Brunswick County,"Brunswick County, Virginia",VA,1,VA-04,JENNIFER L. MCCLELLAN,DEMOCRAT,15841,6477,53084,14.94328097731239,1,15,90,12.636744149613461,748,322,54109.77246980222,4
35057,Torrance County,"Torrance County, New Mexico",NM,1,NM-01,MELANIE A. STANSBURY,DEMOCRAT,15490,6052,57842,18.27036213884168,1,19,124,69.52937166325692,4857,2014,54100.411047856665,1
35047,San Miguel County,"San Miguel County, New Mexico",NM,1,NM-03,TERESA LEGER FERNANDEZ,DEMOCRAT,26850,11931,49431,24.40950979632928,0.4658284621888901,28,127,115.62529703760427,4269,1823,55292.11939536606,1
35005,Chaves County,"Chaves County, New Mexico",NM,3,NM-03 / NM-01 / NM-02,TERESA LEGER FERNANDEZ / MELANIE A. STANSBURY / GABE VASQUEZ,DEMOCRAT,64217,23712,52938,24.294508342783086,0.2505640222846356,9,52,26.081682543606668,3550,1097,52989.673663685084,3
47007,Bledsoe County,"Bledsoe County, Tennessee",TN,1,TN-04,SCOTT DESJARLAIS,REPUBLICAN,15032,4858,54720,20.727036207270363,1,1,8,1.4291094462876022,0,0,NA,0
47153,Sequatchie County,"Sequatchie County, Tennessee",TN,1,TN-04,SCOTT DESJARLAIS,REPUBLICAN,16809,6194,58750,21.937975141788343,1,3,16,3.8559396237700336,87,33,67916.1553237222,1
21137,Lincoln County,"Lincoln County, Kentucky",KY,1,KY-05,HAROLD ROGERS,REPUBLICAN,24504,9705,52440,16.28687437852171,0.998928939237899,1,4,17.93870500724841,1076,379,51278,2
21021,Boyle County,"Boyle County, Kentucky",KY,1,KY-01,JAMES COMER,REPUBLICAN,30941,12045,61159,15.644039853773924,0.35362905860064026,0,0,0,0,0,NA,0
51043,Clarke County,"Clarke County, Virginia",VA,1,VA-06,BEN CLINE,REPUBLICAN,15216,5890,117111,7.006156316916488,1,3,34,4.640361116935965,590,252,111220.43219574935,0
53013,Columbia County,"Columbia County, Washington",WA,1,WA-05,MICHAEL BAUMGARTNER,REPUBLICAN,4014,1862,71810,9.31286181726655,1,1,3,0.4134487748729502,115,54,71810,0
35028,Los Alamos County,"Los Alamos County, New Mexico",NM,1,NM-03,TERESA LEGER FERNANDEZ,DEMOCRAT,19435,8247,147139,3.531540847983454,0.04979659096760904,1,6,0.9984050552198861,0,0,NA,0
36001,Albany County,"Albany County, New York",NY,1,NY-20,PAUL TONKO,DEMOCRAT / WORKING FAMILIES,317018,134703,85333,13.03010532202442,0.09568109055798353,23,98,23.221418720889755,9004,3917,95801.41168961869,1
54009,Brooke County,"Brooke County, West Virginia",WV,1,WV-02,RILEY MOORE,REPUBLICAN,21805,9675,54316,13.078470824949699,0.4162861828981781,5,37,31.001925338684643,4865,1879,56989.22162759307,3
54089,Summers County,"Summers County, West Virginia",WV,1,WV-01,CAROL D. MILLER,REPUBLICAN,11729,4680,40699,23.79202645599853,1,3,18,10.190008329257461,1066,357,36273.51477328137,1
21129,Lee County,"Lee County, Kentucky",KY,1,KY-05,HAROLD ROGERS,REPUBLICAN,7339,2595,37568,27.36453991663995,1,0,0,0,0,0,NA,0
21233,Webster County,"Webster County, Kentucky",KY,1,KY-01,JAMES COMER,REPUBLICAN,12842,4923,59628,13.521284242472646,1,6,27,40.12280370474329,3513,1308,64228.3741938116,1
54055,Mercer County,"Mercer County, West Virginia",WV,1,WV-01,CAROL D. MILLER,REPUBLICAN,58563,24224,53210,16.48513291072742,0.4181248323947439,6,23,7.591093212537941,842,355,49442.735500538474,2
54077,Preston County,"Preston County, West Virginia",WV,1,WV-02,RILEY MOORE,REPUBLICAN,34160,12809,61880,13.767540375959756,1,13,101,32.25625105829709,4360,1865,56844.96066559645,5
37001,Alamance County,"Alamance County, North Carolina",NC,1,NC-09,RICHARD HUDSON,REPUBLICAN,176893,70062,65651,13.351075626524729,0.2644459353032115,27,129,27.049001171728982,11439,4345,72624.35368702654,2
37063,Durham County,"Durham County, North Carolina",NC,1,NC-04,VALERIE P. FOUSHEE,DEMOCRAT,332353,141847,82316,11.50623818998636,0.051130888795165516,19,135,9.891751054698068,3780,1618,93620.22304476833,0
54035,Jackson County,"Jackson County, West Virginia",WV,1,WV-01,CAROL D. MILLER,REPUBLICAN,27705,11515,58845,18.451298465119663,1,4,42,92.23837508010352,7561,2965,67990.15499949522,1
55127,Walworth County,"Walworth County, Wisconsin",WI,2,WI-01 / WI-05,BRYAN STEIL / SCOTT FITZGERALD,REPUBLICAN,105657,43087,80520,9.361743529869624,0.3690527620729165,21,108,39.03146204999102,14670,5401,87363.37266931206,0
21171,Monroe County,"Monroe County, Kentucky",KY,1,KY-01,JAMES COMER,REPUBLICAN,11269,4645,51280,22.098354760406366,1,2,12,49.02906879551084,2684,1107,48275.56673622672,3
21091,Hancock County,"Hancock County, Kentucky",KY,1,KY-02,BRETT GUTHRIE,REPUBLICAN,9034,3638,65464,16.24690802788397,0.914238592633315,4,29,123.94671966569055,5063,1992,65866.77979577004,0
54069,Ohio County,"Ohio County, West Virginia",WV,1,WV-02,RILEY MOORE,REPUBLICAN,41582,18342,57094,17.656895284907144,0.3297583971714791,7,38,11.810924840107397,1536,582,70989.64172237153,1
05053,Grant County,"Grant County, Arkansas",AR,1,AR-04,BRUCE WESTERMAN,REPUBLICAN,18242,6978,71549,13.085764809902741,0.7377213498162379,9,37,237.62498787186072,5310,2021,72584.28722446342,0
37035,Catawba County,"Catawba County, North Carolina",NC,1,NC-10,PAT HARRIGAN,REPUBLICAN,163573,66227,67864,12.740925377784702,0.35157213124961084,70,413,39.18436167166852,12469,5303,72532.49027650719,2
37109,Lincoln County,"Lincoln County, North Carolina",NC,1,NC-10,PAT HARRIGAN,REPUBLICAN,92716,36811,80016,11.246448747673318,0.7373920055293169,12,51,2.9792538293876807,966,392,69129.93387616794,1
55089,Ozaukee County,"Ozaukee County, Wisconsin",WI,1,WI-06,GLENN GROTHMAN,REPUBLICAN,92966,38309,96996,4.987654320987654,0.2431177119875851,33,96,33.34457102801314,11663,4749,118222.12625494202,0
55009,Brown County,"Brown County, Wisconsin",WI,1,WI-08,TONY WIED,REPUBLICAN,270892,110933,79649,9.05690693364963,0.16590012651633548,7,25,28.056690409469475,5058,1764,101495.98664951675,0
46135,Yankton County,"Yankton County, South Dakota",SD,1,SD-AL,DUSTY JOHNSON,REPUBLICAN,23414,9695,72821,11.914035650460523,0.31265551265551267,8,16,2.9474945412513405,556,236,72051.97139252,0
46053,Gregory County,"Gregory County, South Dakota",SD,1,SD-AL,DUSTY JOHNSON,REPUBLICAN,4016,1609,62917,9.533468559837727,1,4,32,7.32381552046976,958,383,63308.253069272636,0
05083,Logan County,"Logan County, Arkansas",AR,1,AR-04,BRUCE WESTERMAN,REPUBLICAN,21277,8521,58555,13.929184958961635,1,13,45,642.9167422816686,10318,3995,67464.41287294483,2
05129,Searcy County,"Searcy County, Arkansas",AR,1,AR-01,"ERIC A. \""RICK\"" CRAWFORD",REPUBLICAN,7859,3197,44426,23.032258064516128,1,10,29,340.23037097655936,4974,2065,39737.001928621285,6
06005,Amador County,"Amador County, California",CA,1,CA-05,TOM MCCLINTOCK,REPUBLICAN,41428,16091,88044,8.187057554146161,0.6922962889756387,17,64,40.009649576775885,6326,2342,93025.39792055516,0
08089,Otero County,"Otero County, Colorado",CO,1,CO-03,JEFF HURD,REPUBLICAN,18321,7584,54037,22.09282794916298,0.5830925628678437,8,52,101.97168591855443,2434,1035,52766.89563215884,0
38015,Burleigh County,"Burleigh County, North Dakota",ND,1,ND-AL,JULIE FEDORCHAK,REPUBLICAN,100600,41269,86851,7.907454266395653,0.24307826687521583,5,17,1.8402079925501826,152,54,105195.00908764334,0
55083,Oconto County,"Oconto County, Wisconsin",WI,1,WI-08,TONY WIED,REPUBLICAN,39589,16811,75049,8.20143146661194,1,9,40,15.153463343277842,3907,1807,59759.74024299478,0
55071,Manitowoc County,"Manitowoc County, Wisconsin",WI,1,WI-06,GLENN GROTHMAN,REPUBLICAN,81406,35188,69148,9.552249971945487,0.4277461620718052,11,45,20.976769201904315,4444,1893,81200.94449315786,0
46121,Todd County,"Todd County, South Dakota",SD,1,SD-AL,DUSTY JOHNSON,REPUBLICAN,9244,2544,42075,48.42636253975217,1,0,0,0,0,0,NA,0
46039,Deuel County,"Deuel County, South Dakota",SD,1,SD-AL,DUSTY JOHNSON,REPUBLICAN,4328,1754,83112,8.760484622553587,1,2,4,1.9789229066026879,688,283,85443.22828346415,0
46011,Brookings County,"Brookings County, South Dakota",SD,1,SD-AL,DUSTY JOHNSON,REPUBLICAN,35353,13798,70064,13.159366262814538,0.3113018181818182,10,35,7.701464115302978,2114,884,86323.1832910921,0
08101,Pueblo County,"Pueblo County, Colorado",CO,1,CO-03,JEFF HURD,REPUBLICAN,169356,68523,64010,14.598979952040704,0.13146251828593855,9,76,63.61264677028906,3615,1488,73234.76097712552,1
08003,Alamosa County,"Alamosa County, Colorado",CO,1,CO-03,JEFF HURD,REPUBLICAN,16581,6648,55397,17.222505091649694,0.33042256961406935,2,9,9.449932619489713,1466,650,65261.869668363564,0
08011,Bent County,"Bent County, Colorado",CO,1,CO-04,LAUREN BOEBERT,REPUBLICAN,5549,1875,50179,28.361296253734775,1,4,52,5.921609383015171,3114,823,52849.9803408999,3
38057,Mercer County,"Mercer County, North Dakota",ND,1,ND-AL,JULIE FEDORCHAK,REPUBLICAN,8337,3594,80946,9.668744652243003,1,6,31,10.73514006850173,4844,2078,78779.23317323736,0
38091,Steele County,"Steele County, North Dakota",ND,1,ND-AL,JULIE FEDORCHAK,REPUBLICAN,1804,806,77500,12.86031042128603,1,5,38,181.1977289878954,403,181,77500,0
38083,Sheridan County,"Sheridan County, North Dakota",ND,1,ND-AL,JULIE FEDORCHAK,REPUBLICAN,1303,675,62639,10.139318885448917,1,2,8,1.6881811154882735,148,79,62639,0
55065,Lafayette County,"Lafayette County, Wisconsin",WI,1,WI-02,MARK POCAN,DEMOCRAT,16942,6763,76462,11.886949293433084,1,11,61,16.61232298279001,4498,1820,72727.94707779434,0
55125,Vilas County,"Vilas County, Wisconsin",WI,1,WI-07,THOMAS P. TIFFANY,REPUBLICAN,23647,11147,68431,11.064539583422437,1,11,47,12.700294325520327,1386,659,70166.86385304332,1
55109,St. Croix County,"St. Croix County, Wisconsin",WI,1,WI-07,THOMAS P. TIFFANY,REPUBLICAN,96033,37511,103046,6.597959827531812,0.6398819705781731,13,41,18.944872237261865,4855,1878,101721.60492883035,0
46081,Lawrence County,"Lawrence County, South Dakota",SD,1,SD-AL,DUSTY JOHNSON,REPUBLICAN,27233,12054,73384,11.559292504639624,0.3275380316671841,41,175,40.895798840633056,7130,3270,77555.99506823474,0
46031,Corson County,"Corson County, South Dakota",SD,1,SD-AL,DUSTY JOHNSON,REPUBLICAN,3806,1128,46406,44.247553557259984,1,7,57,13.102092911134417,659,182,46654.72517218176,2
08014,Broomfield County,"Broomfield County, Colorado",CO,2,CO-07 / CO-02,BRITTANY PETTERSEN / JOE NEGUSE,DEMOCRAT,76304,31760,123874,6.167975544194381,0.003953475820379965,1,3,0.021659511793045996,8,3,150898,0
12049,Hardee County,"Hardee County, Florida",FL,1,FL-18,SCOTT FRANKLIN,REPUBLICAN,25675,8219,60489,25.327455919395465,0.6134559955778418,8,35,29.682675956822433,6088,1862,62528.843125110056,3
12077,Liberty County,"Liberty County, Florida",FL,1,FL-02,NEAL P. DUNN,REPUBLICAN,7687,2563,58671,17.54982984929509,1,8,42,108.48304443399391,4270,1704,55773.88219366946,3
13161,Jeff Davis County,"Jeff Davis County, Georgia",GA,1,GA-08,AUSTIN SCOTT,REPUBLICAN,14924,5484,40283,21.816833018613433,0.6672981933825022,3,9,1.6020397181900872,249,110,47523.40866671651,1
13197,Marion County,"Marion County, Georgia",GA,1,GA-02,"SANFORD D. BISHOP, JR.",DEMOCRAT,7509,2966,51667,20.91547394004861,1,1,7,6.821917824498756,1023,393,36028,2
56045,Weston County,"Weston County, Wyoming",WY,1,WY-AL,HARRIET M. HAGEMAN,REPUBLICAN,6826,2848,89509,9.014972419227739,1,9,40,14.45074786820358,1533,632,82062.08154339675,0
05047,Franklin County,"Franklin County, Arkansas",AR,1,AR-04,BRUCE WESTERMAN,REPUBLICAN,17326,7048,55886,17.979371776840132,1,8,30,424.50824308844386,6109,2433,58961.14514600427,2
05123,St. Francis County,"St. Francis County, Arkansas",AR,1,AR-01,"ERIC A. \""RICK\"" CRAWFORD",REPUBLICAN,22400,7783,42574,28.472542685740656,0.6294066695539194,10,42,501.40064060742594,7228,2583,48629.91014717968,7
47181,Wayne County,"Wayne County, Tennessee",TN,1,TN-07,MARK E. GREEN,REPUBLICAN,16168,5982,52294,19.961119211275427,1,3,26,32.3333814505431,1271,547,48333.80102459547,1
13175,Laurens County,"Laurens County, Georgia",GA,1,GA-12,RICK W. ALLEN,REPUBLICAN,49798,18592,55010,22.606779176785096,0.5795440790800888,15,65,11.974301119123421,2442,967,65522.925745932655,4
13081,Crisp County,"Crisp County, Georgia",GA,1,GA-08,AUSTIN SCOTT,REPUBLICAN,19790,7908,45105,23.335407591785938,0.45692567567567566,5,20,1.567237387200659,380,151,58012.46545815014,0
13003,Atkinson County,"Atkinson County, Georgia",GA,1,GA-08,AUSTIN SCOTT,REPUBLICAN,8337,3222,42347,24.972933958859617,1,5,23,20.764101170644103,2352,909,38236.194566402635,4
01007,Bibb County,"Bibb County, Alabama",AL,1,AL-06,GARY J. PALMER,REPUBLICAN,22130,7704,52541,22.457048028114016,1,2,11,4.3417961519859745,95,39,45355.45967136594,0
38011,Bowman County,"Bowman County, North Dakota",ND,1,ND-AL,JULIE FEDORCHAK,REPUBLICAN,2906,1291,72109,13.437057991513438,1,3,31,5.9000877028255365,1142,474,66029.2175797977,0
27117,Pipestone County,"Pipestone County, Minnesota",MN,1,MN-07,MICHELLE FISCHBACH,REPUBLICAN,9284,3971,69628,10.527472527472527,1,9,24,7.074926112906463,1284,522,72144.81633539111,0
29091,Howell County,"Howell County, Missouri",MO,1,MO-08,JASON SMITH,REPUBLICAN,40383,15965,50993,20.309028479095133,0.7018364779874214,8,63,496.2787056711075,9172,3562,49922.11734755856,4
47115,Marion County,"Marion County, Tennessee",TN,1,TN-04,SCOTT DESJARLAIS,REPUBLICAN,29250,11869,61824,16.308775806117517,0.9134445330651594,3,17,178.29012791185264,7649,3148,59316.92823095194,1
47095,Lake County,"Lake County, Tennessee",TN,1,TN-08,DAVID KUSTOFF,REPUBLICAN,6579,2067,28814,32.18495013599275,1,3,24,194.97555420310218,5839,1776,28099.34541901867,3
13247,Rockdale County,"Rockdale County, Georgia",GA,1,GA-13,DAVID SCOTT,DEMOCRAT,95281,34437,77247,10.759004646535208,0.13712728438602115,3,19,13.066514071644816,3971,1368,71990.77300390306,1
13015,Bartow County,"Bartow County, Georgia",GA,1,GA-11,BARRY LOUDERMILK,REPUBLICAN,113113,40819,82243,10.324183286868253,0.3943122652684548,4,22,29.90718997042399,4647,1780,80018.77520824122,0
17169,Schuyler County,"Schuyler County, Illinois",IL,1,IL-15,MARY E. MILLER,REPUBLICAN,6787,2734,65948,20.770040607610166,1,5,36,2.284821189965487,225,89,66543.2276169673,0
16047,Gooding County,"Gooding County, Idaho",ID,1,ID-02,MICHAEL K. SIMPSON,REPUBLICAN,15931,5702,63559,13.000381242851697,1,6,38,8.822015632735814,3096,1104,59172.25148406295,1
29209,Stone County,"Stone County, Missouri",MO,1,MO-07,ERIC BURLISON,REPUBLICAN,32048,13530,63520,13.916563873865325,0.8292894838460548,78,575,182.72761090162223,12926,5890,62822.80578057905,3
31061,Franklin County,"Franklin County, Nebraska",NE,1,NE-03,ADRIAN SMITH,REPUBLICAN,2846,1293,60195,12.26752503576538,1,8,48,8.96105577008287,1247,558,58954.44711258795,0
17015,Carroll County,"Carroll County, Illinois",IL,1,IL-17,ERIC SORENSEN,DEMOCRAT,15576,6578,60758,14.199482609945386,1,9,90,19.509227315072234,6057,2755,59230.6349883441,2
47125,Montgomery County,"Montgomery County, Tennessee",TN,1,TN-07,MARK E. GREEN,REPUBLICAN,234153,87759,75613,11.269565672605442,0.17732620223657125,4,17,24.05109465390802,16,6,81448.91152352744,0
47161,Stewart County,"Stewart County, Tennessee",TN,1,TN-07,MARK E. GREEN,REPUBLICAN,14027,5323,63114,16.416085173728508,1,5,49,50.191033923800795,1314,499,62093.29677288971,1
13097,Douglas County,"Douglas County, Georgia",GA,2,GA-03 / GA-06,BRIAN JACK / LUCY MCBATH,REPUBLICAN / DEMOCRAT,147888,52079,82984,10.857462926152857,0.15475918107004444,0,0,0,0,0,NA,0
13321,Worth County,"Worth County, Georgia",GA,1,GA-08,AUSTIN SCOTT,REPUBLICAN,20451,7739,58694,24.036135656809993,0.7042917628945342,6,26,24.60976830758878,1634,577,55124.573441788016,2
16037,Custer County,"Custer County, Idaho",ID,1,ID-02,MICHAEL K. SIMPSON,REPUBLICAN,4470,1943,67574,15.778734980729993,1,3,22,6.700089478576148,845,384,67574,0
17005,Bond County,"Bond County, Illinois",IL,1,IL-15,MARY E. MILLER,REPUBLICAN,16716,6147,65959,10.878632478632479,0.5955156950672645,8,61,17.387467703726003,1728,716,68992.96270856242,0
17187,Warren County,"Warren County, Illinois",IL,2,IL-15 / IL-17,MARY E. MILLER / ERIC SORENSEN,REPUBLICAN / DEMOCRAT,16447,6787,67385,14.630319670523631,0.4541728541728542,8,66,7.0889024219554635,1404,605,75419.69098170838,0
17145,Perry County,"Perry County, Illinois",IL,1,IL-12,MIKE BOST,REPUBLICAN,20639,7875,62118,16.93847089391343,0.7167343041298639,4,34,9.192520240151651,1347,537,67646.16384130548,1
17065,Hamilton County,"Hamilton County, Illinois",IL,1,IL-12,MIKE BOST,REPUBLICAN,7916,3387,65746,12.081050082834205,1,4,20,9.620918704015805,2930,1339,50371.05781920034,2
20015,Butler County,"Butler County, Kansas",KS,1,KS-04,RON ESTES,REPUBLICAN,68287,25338,81610,8.547651583779883,0.4610121697833185,21,177,2429.305465383704,18969,6624,90136.36885527405,1
18047,Franklin County,"Franklin County, Indiana",IN,1,IN-09,ERIN HOUCHIN,REPUBLICAN,23020,9211,78074,6.900017479461632,0.8886109282422646,5,29,2.69838224644031,1779,745,62567.377178051174,0
19173,Taylor County,"Taylor County, Iowa",IA,1,IA-03,ZACHARY NUNN,REPUBLICAN,5868,2488,67740,11.0051993067591,1,4,25,12.322815587269377,1964,848,62224.88484349622,0
19109,Kossuth County,"Kossuth County, Iowa",IA,1,IA-04,RANDY FEENSTRA,REPUBLICAN,14516,6543,67697,8.228426752936212,0.6329241974642568,18,127,16.396780701149744,1999,868,72104.99912789013,1
48489,Willacy County,"Willacy County, Texas",TX,1,TX-34,VICENTE GONZALEZ,DEMOCRAT,20139,5691,54180,23.963560986253547,0.35598095615949216,5,57,54.86870086062589,3778,1155,49719.90932304735,1
48479,Webb County,"Webb County, Texas",TX,1,TX-28,HENRY CUELLAR,DEMOCRAT,269294,81373,63058,21.307097733742967,0.058596704028991364,5,63,49.74724746923125,538,150,72718.35829884942,0
48201,Harris County,"Harris County, Texas",TX,9,TX-38 / TX-02 / TX-36 / TX-18 / TX-08 / TX-29 / TX-09 / TX-07 / TX-22,WESLEY HUNT / DAN CRENSHAW / BRIAN BABIN / SYLVESTER TURNER / MORGAN LUTTRELL / SYLVIA R. GARCIA / AL GREEN / LIZZIE FLETCHER / TROY E. NEHLS,REPUBLICAN / DEMOCRAT,4838303,1757164,74983,16.25299499156346,0.011337213296147126,395,4189,305.23060168577473,334408,115837,90537.39753957669,44
48165,Gaines County,"Gaines County, Texas",TX,1,TX-19,JODEY C. ARRINGTON,REPUBLICAN,22232,6929,74132,6.833961065480782,0.6727474766182054,2,41,10.234040551608942,2060,783,53516,1
48369,Parmer County,"Parmer County, Texas",TX,1,TX-19,JODEY C. ARRINGTON,REPUBLICAN,9731,3231,69735,10.165435438559983,1,4,64,5.2778322039010765,2092,606,68173,1
13063,Clayton County,"Clayton County, Georgia",GA,2,GA-13 / GA-05,DAVID SCOTT / NIKEMA WILLIAMS,DEMOCRAT,298924,105941,59806,17.946899411577068,0.005248744098523161,2,16,0.010738671537566125,0,0,NA,0
13211,Morgan County,"Morgan County, Georgia",GA,1,GA-10,MIKE COLLINS,REPUBLICAN,21078,8120,78111,8.832113296014544,0.7656864208588346,12,64,37.25807587480463,1584,627,79510.53856441396,0
17159,Richland County,"Richland County, Illinois",IL,1,IL-12,MIKE BOST,REPUBLICAN,15598,6443,62455,12.0822454308094,0.45348763675456905,6,41,7.249288905609682,912,362,62487.276025369916,0
17079,Jasper County,"Jasper County, Illinois",IL,1,IL-12,MIKE BOST,REPUBLICAN,9180,3751,74755,11.062093305393184,1,4,35,8.798845739203081,2877,1303,64352.51957352096,0
17049,Effingham County,"Effingham County, Illinois",IL,1,IL-12,MIKE BOST,REPUBLICAN,34522,13951,80404,10.110974106041924,0.5964578285450559,8,60,25.364060419174532,6018,2350,86665.89546068554,0
20125,Montgomery County,"Montgomery County, Kansas",KS,1,KS-02,DEREK SCHMIDT,REPUBLICAN,30940,12880,55697,15.916736053288925,0.45394778631772853,25,191,1283.9977389225169,12966,5161,66539.1307766364,3
20039,Decatur County,"Decatur County, Kansas",KS,1,KS-01,TRACEY MANN,REPUBLICAN,2726,1327,53870,12.734785875281743,1,4,35,8.357203760236704,1015,487,53870,0
20089,Jewell County,"Jewell County, Kansas",KS,1,KS-01,TRACEY MANN,REPUBLICAN,2916,1317,52634,10.59190031152648,1,12,116,2046.7684608510763,1849,831,52634.00000000001,0
18059,Hancock County,"Hancock County, Indiana",IN,1,IN-06,JEFFERSON SHREVE,REPUBLICAN,84037,33474,93186,4.74141040128874,0.27675350701402807,6,31,14.0837110753055,3021,1194,123785.14166680201,0
48147,Fannin County,"Fannin County, Texas",TX,1,TX-04,PAT FALLON,REPUBLICAN,37326,12767,72295,13.74795894564964,0.7813078346699568,24,415,1376.5875435729981,17250,6609,73907.14619521487,1
48111,Dallam County,"Dallam County, Texas",TX,1,TX-13,RONNY JACKSON,REPUBLICAN,7298,2586,71500,11.472249001514943,0.2330288123682361,1,10,2.6411991718360257,211,83,74896,0
50019,Orleans County,"Orleans County, Vermont",VT,1,VT-AL,BECCA BALINT,DEMOCRAT,27606,12072,70103,11.734446639579527,1,21,119,55.51689734043846,5072,2226,75707.22041299673,0
13005,Bacon County,"Bacon County, Georgia",GA,1,GA-01,"EARL L. \""BUDDY\"" CARTER",REPUBLICAN,11109,4204,44694,24.46580199682747,1,1,2,0.0371058247438972,16,6,47234.99999999999,0
13187,Lumpkin County,"Lumpkin County, Georgia",GA,1,GA-07,RICHARD MCCORMICK,REPUBLICAN,34505,11669,77448,14.149889927575535,0.805661729574773,19,110,53.00674534873562,4105,1499,84906.55423390752,0
18099,Marshall County,"Marshall County, Indiana",IN,1,IN-02,RUDY YAKYM III,REPUBLICAN,46284,17758,71808,11.68273444347064,0.7336153595834689,13,62,18.132118068287227,3830,1475,67247.24943188236,2
19133,Monona County,"Monona County, Iowa",IA,1,IA-04,RANDY FEENSTRA,REPUBLICAN,8557,3878,68377,10.63600431189364,1,9,68,14.586542437173504,4055,1782,66359.28186971827,0
19051,Davis County,"Davis County, Iowa",IA,1,IA-03,ZACHARY NUNN,REPUBLICAN,9157,3201,77194,7.164146152997019,1,2,11,4.503875624712371,1372,485,77568.283021461335,0
19065,Fayette County,"Fayette County, Iowa",IA,1,IA-02,ASHLEY HINSON,REPUBLICAN,19288,8342,60165,11.989438517081583,0.6990619713978163,13,102,21.09285617814338,4398,1884,62647.375574973,1
19015,Boone County,"Boone County, Iowa",IA,1,IA-04,RANDY FEENSTRA,REPUBLICAN,26668,10936,83531,6.157372039724981,0.5316863185476324,13,92,244.07919341848645,6715,2689,95806.83643203691,0
19183,Washington County,"Washington County, Iowa",IA,1,IA-01,MARIANNETTE MILLER-MEEKS,REPUBLICAN,22561,8972,75647,8.19723901470721,0.6966097939286505,11,76,14.34121841086319,4097,1581,87193.92372788585,1
19113,Linn County,"Linn County, Iowa",IA,1,IA-02,ASHLEY HINSON,REPUBLICAN,230004,95600,77649,9.41017419495426,0.13691765921693103,32,226,30.71482951801202,14970,5550,103702.14247537582,0
19039,Clarke County,"Clarke County, Iowa",IA,1,IA-03,ZACHARY NUNN,REPUBLICAN,9662,4071,71641,9.715789473684211,0.4580426754205991,1,6,1.3935657632612488,403,130,81094,0
41063,Wallowa County,"Wallowa County, Oregon",OR,1,OR-02,CLIFF BENTZ,REPUBLICAN,7553,3387,67112,7.796383121232418,1,5,41,14.934384658179708,2898,1318,67459.50738199976,0
41059,Umatilla County,"Umatilla County, Oregon",OR,1,OR-02,CLIFF BENTZ,REPUBLICAN,79940,28707,67728,11.782770749120688,0.31737745863253203,27,130,13.672392158136114,5496,2118,70098.42097658348,0
33003,Carroll County,"Carroll County, New Hampshire",NH,2,NH-01 / NH-02,CHRIS PAPPAS / MAGGIE GOODLANDER,DEMOCRAT,51804,21847,86463,7.590733289057312,0.8947851597581177,108,351,30.47431591196991,7223,3134,83734.47201205176,0
33019,Sullivan County,"Sullivan County, New Hampshire",NH,1,NH-02,MAGGIE GOODLANDER,DEMOCRAT,43715,16618,80858,10.12233484795526,0.7813668346376239,16,65,14.472622665101582,3028,1104,76304.85720061643,1
35009,Curry County,"Curry County, New Mexico",NM,1,NM-03,TERESA LEGER FERNANDEZ,DEMOCRAT,47638,18595,57309,20.50945829750645,0.1882304356803634,8,70,9.400951650466617,2396,850,63459.9430574587,1
19097,Jackson County,"Jackson County, Iowa",IA,1,IA-01,MARIANNETTE MILLER-MEEKS,REPUBLICAN,19390,8242,74186,9.6528321587053,0.6870413138311522,10,71,21.139525739664002,3190,1324,79809.66648347395,0
26073,Isabella County,"Isabella County, Michigan",MI,1,MI-02,JOHN R. MOOLENAAR,REPUBLICAN,64565,24914,55237,21.90277403716671,0.5226573904401031,12,67,10.329153060121318,1816,681,65977.24059655196,1
19059,Dickinson County,"Dickinson County, Iowa",IA,1,IA-04,RANDY FEENSTRA,REPUBLICAN,17990,8845,75432,7.566346696781479,0.2681466418121222,8,56,15.224707572660376,2898,1539,77045.9548105671,0
19095,Iowa County,"Iowa County, Iowa",IA,1,IA-01,MARIANNETTE MILLER-MEEKS,REPUBLICAN,16507,6909,71223,8.850645359557468,1,10,90,25.74820752004552,3568,1529,74439.76354457531,0
19135,Monroe County,"Monroe County, Iowa",IA,1,IA-03,ZACHARY NUNN,REPUBLICAN,7513,3089,70996,9.1764385055904,1,4,20,1.3175044560954412,228,94,65904.12606517125,0
19197,Wright County,"Wright County, Iowa",IA,1,IA-04,RANDY FEENSTRA,REPUBLICAN,12791,5353,67190,16.753760886777513,1,7,55,17.533395375568222,3802,1660,68514.38664267834,1
20095,Kingman County,"Kingman County, Kansas",KS,1,KS-04,RON ESTES,REPUBLICAN,7186,3166,59842,10.327706057596822,1,7,45,336.65141031101257,3835,1716,58836.67076220199,0
20113,McPherson County,"McPherson County, Kansas",KS,1,KS-01,TRACEY MANN,REPUBLICAN,30205,12162,78851,9.460697920338385,0.5354862191046554,16,108,1246.3007507035995,8587,3377,80660.33716194637,0
20151,Pratt County,"Pratt County, Kansas",KS,1,KS-04,RON ESTES,REPUBLICAN,9127,3468,66022,12.297847585805702,0.2804411925303047,6,40,4.123549047054649,309,125,59375,0
41029,Jackson County,"Jackson County, Oregon",OR,1,OR-02,CLIFF BENTZ,REPUBLICAN,222645,92035,73999,12.359381826124945,0.20595362337016648,47,246,39.71716761724938,10661,4685,71109.46365532494,1
02230,Skagway Municipality,"Skagway Municipality, Alaska",AK,1,AK-AL,NICK BEGICH,REPUBLICAN,1244,450,81136,5.868167202572347,1,0,0,0,0,0,NA,0
42039,Crawford County,"Crawford County, Pennsylvania",PA,1,PA-16,MIKE KELLY,REPUBLICAN,82716,33838,60476,14.323252165261426,0.6578784340822988,43,204,98.34424241577764,12025,5077,69106.83785037493,0
35015,Eddy County,"Eddy County, New Mexico",NM,2,NM-02 / NM-03,GABE VASQUEZ / TERESA LEGER FERNANDEZ,DEMOCRAT,61105,23620,78426,13.839085797687957,0.2202233847931444,11,86,115.22119985073194,5342,2108,74981.91773070642,1
36101,Steuben County,"Steuben County, New York",NY,2,NY-23 / NY-24,NICHOLAS A. LANGWORTHY / CLAUDIA TENNEY,CONSERVATIVE / REPUBLICAN,92588,39219,65887,13.777144110550559,0.5977731236108736,45,218,47.069552563915195,15427,6224,78297.97077830505,2
17067,Hancock County,"Hancock County, Illinois",IL,1,IL-15,MARY E. MILLER,REPUBLICAN,17281,7613,65865,12.269758135702936,0.8402951191827469,11,110,31.172342002255103,7646,3332,67753.019933934,2
16021,Boundary County,"Boundary County, Idaho",ID,1,ID-01,RUSS FULCHER,REPUBLICAN,13172,5046,67237,13.646137306097375,1,9,90,22.445193642554386,1637,691,73367.46587884254,0
26125,Oakland County,"Oakland County, Michigan",MI,6,MI-09 / MI-11 / MI-07 / MI-10 / MI-12 / MI-06,LISA C. MCCLAIN / HALEY M. STEVENS / TOM BARRETT / JOHN JAMES / RASHIDA TLAIB / DEBBIE DINGELL,REPUBLICAN / DEMOCRAT,1279825,530460,97760,7.730552341196877,0.055422376892564705,55,282,80.31430275679917,54774,22300,113315.499941237,3
26047,Emmet County,"Emmet County, Michigan",MI,1,MI-01,JACK BERGMAN,REPUBLICAN,34125,15190,78112,8.535315985130111,0.6313027673545967,30,179,39.05543060975126,5285,2345,82692.11577073243,0
17179,Tazewell County,"Tazewell County, Illinois",IL,2,IL-16 / IL-17,DARIN LAHOOD / ERIC SORENSEN,REPUBLICAN / DEMOCRAT,130290,54051,77982,9.018110236220473,0.21822251661679723,23,204,27.329035475661538,13643,5336,85510.10703048545,0
20045,Douglas County,"Douglas County, Kansas",KS,2,KS-02 / KS-01,DEREK SCHMIDT / TRACEY MANN,REPUBLICAN,120302,50406,69746,14.728557517933874,0.146373700383045,12,105,675.4963245229335,16656,7049,100185.1003235096,1
20101,Lane County,"Lane County, Kansas",KS,1,KS-01,TRACEY MANN,REPUBLICAN,1461,709,54526,6.951135581555403,1,2,23,3.0911579276339074,607,273,54526,0
20003,Anderson County,"Anderson County, Kansas",KS,1,KS-03,SHARICE DAVIDS,DEMOCRAT,7834,3208,70614,11.043500776799586,1,15,121,1383.2723845799383,7018,2858,69996.15852556072,0
20073,Greenwood County,"Greenwood County, Kansas",KS,1,KS-04,RON ESTES,REPUBLICAN,5919,2666,60042,13.894592744695414,1,15,114,1448.8015607851169,4663,2040,58012.15838439028,1
42015,Bradford County,"Bradford County, Pennsylvania",PA,1,PA-09,DANIEL MEUSER,REPUBLICAN,59858,24610,63675,12.645621628933263,0.729784714926543,21,80,13.822679047477607,4032,1567,61871.72272889937,2
44001,Bristol County,"Bristol County, Rhode Island",RI,1,RI-01,GABE AMO,DEMOCRAT,50490,20104,114490,6.526722417964936,0.011300769791112948,1,8,0.17099532185616118,321,124,125781,0
45033,Dillon County,"Dillon County, South Carolina",SC,1,SC-07,RUSSELL FRY,REPUBLICAN,27862,10829,46605,27.664753324129915,0.7001272444507282,2,7,7.8984003463508765,2250,878,46606.40310084065,2
25027,Worcester County,"Worcester County, Massachusetts",MA,4,MA-02 / MA-01 / MA-03 / MA-04,JAMES P. MCGOVERN / RICHARD E. NEAL / LORI TRAHAN / JAKE AUCHINCLOSS,DEMOCRAT,867788,335826,95939,10.327513666200238,0.21175811467432848,64,552,54.340070096202865,25167,10008,103369.75041848498,1
26097,Mackinac County,"Mackinac County, Michigan",MI,1,MI-01,JACK BERGMAN,REPUBLICAN,10957,5199,63909,16.051215438856932,0.7467232785674728,4,29,12.986007786886834,2617,1271,64340.8823222459,0
16081,Teton County,"Teton County, Idaho",ID,1,ID-02,MICHAEL K. SIMPSON,REPUBLICAN,12425,4677,99805,9.118786313750807,1,10,70,20.749552610855705,2965,1150,95931.88889855304,0
16057,Latah County,"Latah County, Idaho",ID,1,ID-01,RUSS FULCHER,REPUBLICAN,41049,16270,65424,17.637706155007006,0.3442315965280765,18,110,20.746194018207856,4128,1637,74394.36681842514,1
26035,Clare County,"Clare County, Michigan",MI,1,MI-02,JOHN R. MOOLENAAR,REPUBLICAN,31218,12521,49384,21.641524736415246,0.876976925071299,4,29,13.81033898013618,5076,2087,42539.05326563469,8
19167,Sioux County,"Sioux County, Iowa",IA,1,IA-04,RANDY FEENSTRA,REPUBLICAN,36212,12690,86098,6.672175170419335,0.5660961195361285,10,97,26.19636030811596,6126,2202,89966.93904464498,0
27033,Cottonwood County,"Cottonwood County, Minnesota",MN,1,MN-07,MICHELLE FISCHBACH,REPUBLICAN,11458,4630,72941,15.000892379082634,1,8,29,11.542687606680143,2225,878,66215.57917939285,1
39143,Sandusky County,"Sandusky County, Ohio",OH,1,OH-09,MARCY KAPTUR,DEMOCRAT,58778,24686,62295,15.003031090326491,0.4324741917957077,6,54,13.120207189904004,4496,1799,80810.42747602958,1
22023,Cameron Parish,"Cameron Parish, Louisiana",LA,1,LA-03,CLAY HIGGINS,REPUBLICAN,5015,2018,75278,7.443170388251861,1,7,70,45.13950376146693,1678,654,87904.28637827885,0
26083,Keweenaw County,"Keweenaw County, Michigan",MI,1,MI-01,JACK BERGMAN,REPUBLICAN,2133,1135,52583,15.155807365439093,1,6,35,32.219397474029535,463,258,52556,1
26159,Van Buren County,"Van Buren County, Michigan",MI,1,MI-04,BILL HUIZENGA,REPUBLICAN,75795,30622,68114,14.312366737739872,0.7805178139097994,24,136,37.096616597194014,12463,4969,68457.9343553409,6
26149,St. Joseph County,"St. Joseph County, Michigan",MI,1,MI-05,TIM WALBERG,REPUBLICAN,60969,23620,66425,11.406793482783298,0.6371945716208012,14,96,21.24796561273181,6453,2508,70636.16233990679,1
16017,Bonner County,"Bonner County, Idaho",ID,1,ID-01,RUSS FULCHER,REPUBLICAN,51049,20283,66979,11.118810509018195,0.7277860326894502,33,211,88.41464947654352,6203,2585,70197.23009835946,0
17085,Jo Daviess County,"Jo Daviess County, Illinois",IL,1,IL-16,DARIN LAHOOD,REPUBLICAN,21851,10391,73993,7.842502197751354,0.8839119582482414,14,137,42.91992956350413,6337,2879,75224.56693578039,1
19103,Johnson County,"Johnson County, Iowa",IA,1,IA-01,MARIANNETTE MILLER-MEEKS,REPUBLICAN,156639,63341,74935,17.071823576562196,0.16655108796629464,51,344,57.94727049717473,12459,5059,105965.27272801174,1
27001,Aitkin County,"Aitkin County, Minnesota",MN,1,MN-08,PETE STAUBER,REPUBLICAN,16056,7222,60833,13.11299292214358,1,6,23,8.449094213697292,1951,828,54050.6234463985,2
20007,Barber County,"Barber County, Kansas",KS,1,KS-04,RON ESTES,REPUBLICAN,4069,1828,61926,11.775088250126071,1,10,69,913.2664605631758,2301,1000,65139.44473056104,0
20121,Miami County,"Miami County, Kansas",KS,1,KS-03,SHARICE DAVIDS,DEMOCRAT,34938,13738,89000,7.901947067739303,0.7538241057588254,10,80,464.43973752474835,4606,1877,85510.99369828316,1
22027,Claiborne Parish,"Claiborne Parish, Louisiana",LA,1,LA-04,MIKE JOHNSON,REPUBLICAN,13833,5155,32831,31.978887399463808,1,12,100,118.2592823365376,974,392,41745.22897851856,4
22019,Calcasieu Parish,"Calcasieu Parish, Louisiana",LA,2,LA-04 / LA-03,MIKE JOHNSON / CLAY HIGGINS,REPUBLICAN,207088,77957,67564,17.378045795847243,0.2504047789284314,24,123,40.741167322684205,14929,5340,85564.90832644598,3
24021,Frederick County,"Frederick County, Maryland",MD,1,MD-06,APRIL MCCLAIN DELANEY,DEMOCRAT,287048,104635,122002,6.000445814123816,0.27541154951659264,26,185,23.42511467764264,13221,4475,140217.32985027423,1
26153,Schoolcraft County,"Schoolcraft County, Michigan",MI,1,MI-01,JACK BERGMAN,REPUBLICAN,8128,3890,56782,14.055874282863558,1,3,20,9.959502362744832,2777,1464,39738.28611002706,1
26009,Antrim County,"Antrim County, Michigan",MI,1,MI-01,JACK BERGMAN,REPUBLICAN,24127,11100,72054,9.874116515411316,1,11,67,17.470989414075095,3037,1557,75500.70460800151,0
17167,Sangamon County,"Sangamon County, Illinois",IL,2,IL-15 / IL-13,MARY E. MILLER / NIKKI BUDZINSKI,REPUBLICAN / DEMOCRAT,194947,84762,75357,13.113811276560147,0.1888429941479961,33,181,33.68846276782066,18055,7758,66565.13793144334,8
16009,Benewah County,"Benewah County, Idaho",ID,1,ID-01,RUSS FULCHER,REPUBLICAN,10142,4072,59794,12.893238789573555,1,8,48,8.90038422562296,1284,549,61820.631680371676,0
40109,Oklahoma County,"Oklahoma County, Oklahoma",OK,3,OK-05 / OK-03 / OK-04,STEPHANIE I. BICE / FRANK D. LUCAS / TOM COLE,REPUBLICAN,806199,328101,66679,15.951834166278857,0.07591310725211355,22,116,127.2375575362384,7964,3128,71852.95869080734,3
40017,Canadian County,"Canadian County, Oklahoma",OK,2,OK-03 / OK-05,FRANK D. LUCAS / STEPHANIE I. BICE,REPUBLICAN,168985,58227,87751,8.037877783269641,0.1952074090864933,13,102,1018.6301872463522,9069,2877,88823.90626776332,0
25009,Essex County,"Essex County, Massachusetts",MA,2,MA-06 / MA-03,SETH MOULTON / LORI TRAHAN,DEMOCRAT,813054,313147,101883,9.373996225809043,0.05154544971839734,5,31,9.950286095851693,2226,907,176324.8687846854,0
25019,Nantucket County,"Nantucket County, Massachusetts",MA,1,MA-09,WILLIAM R. KEATING,DEMOCRAT,14483,5252,139688,3.156715895569399,0.1574184496667836,1,12,3.7796469789927905,440,133,103990,0
36073,Orleans County,"Orleans County, New York",NY,1,NY-24,CLAUDIA TENNEY,CONSERVATIVE / REPUBLICAN,39608,16220,65969,12.748265452041736,0.6654933941452049,10,40,17.618503981117083,3774,1581,69947.16925583454,0
36079,Putnam County,"Putnam County, New York",NY,1,NY-17,MICHAEL LAWLER,CONSERVATIVE / REPUBLICAN,98107,35545,126257,7.1117157787328775,0.35021706188311424,82,418,60.45242993493879,33116,12264,119895.08633683869,0
27063,Jackson County,"Jackson County, Minnesota",MN,1,MN-01,BRAD FINSTAD,REPUBLICAN,9933,4387,75743,8.600612870275791,1,6,23,7.0634964298257845,1635,679,77161.50886468413,0
27169,Winona County,"Winona County, Minnesota",MN,1,MN-01,BRAD FINSTAD,REPUBLICAN,49779,20253,70744,14.802054354804195,0.4034144671941374,9,38,7.186258503913997,2544,987,82485.85167280333,0
27155,Traverse County,"Traverse County, Minnesota",MN,1,MN-07,MICHELLE FISCHBACH,REPUBLICAN,3243,1311,62989,11.333970073225087,1,4,17,5.962909482954244,1131,461,57359.9902429117,1
17133,Monroe County,"Monroe County, Illinois",IL,1,IL-12,MIKE BOST,REPUBLICAN,35036,13851,102880,5.021077553848819,0.41499342142898005,4,41,3.3745680812952843,821,305,98378.01457549821,0
17059,Gallatin County,"Gallatin County, Illinois",IL,1,IL-12,MIKE BOST,REPUBLICAN,4819,2098,59219,13.584117032392895,1,8,59,25.762785283667878,2373,1000,56820.59296466746,2
40015,Caddo County,"Caddo County, Oklahoma",OK,1,OK-03,FRANK D. LUCAS,REPUBLICAN,26447,9053,55353,18.30196235482579,0.8142512525514938,16,156,98.39173186016208,6209,1987,60920.37187988548,2
01011,Bullock County,"Bullock County, Alabama",AL,1,AL-02,SHOMARI FIGURES,DEMOCRAT,10058,3688,31310,33.27224831061734,1,2,14,2.9458022479719252,261,114,44972,1
20147,Phillips County,"Phillips County, Kansas",KS,1,KS-01,TRACEY MANN,REPUBLICAN,4813,2273,62123,15.363424454333545,1,13,151,814.966075554101,3436,1563,62210.20234979867,1
36081,Queens County,"Queens County, New York",NY,5,NY-05 / NY-06 / NY-14 / NY-03 / NY-07,GREGORY W. MEEKS / GRACE MENG / ALEXANDRIA OCASIO-CORTEZ / THOMAS R. SUOZZI / NYDIA M. VELáZQUEZ,DEMOCRAT / DEMOCRAT / WORKING FAMILIES / COMMON SENSE / DEMOCRAT,2323052,841003,86136,12.903994050894804,3.076329556376649e-5,0,0,0,0,0,NA,0
36033,Franklin County,"Franklin County, New York",NY,1,NY-21,ELISE M. STEFANIK,CONSERVATIVE / REPUBLICAN,46696,19514,65151,18.2497381589666,0.7020082010303859,13,73,25.601997040953684,2063,913,66247.84998840986,1
36083,Rensselaer County,"Rensselaer County, New York",NY,2,NY-19 / NY-20,JOSH RILEY / PAUL TONKO,DEMOCRAT / WORKING FAMILIES,160332,66686,87915,11.817018429377871,0.3313163284304599,35,181,19.39257537163106,6976,2923,94620.35650601225,0
27099,Mower County,"Mower County, Minnesota",MN,1,MN-01,BRAD FINSTAD,REPUBLICAN,40343,15719,73074,10.394690354817545,0.363486472307577,16,63,11.798451020594896,3355,1362,86282.01749473711,0
28047,Harrison County,"Harrison County, Mississippi",MS,1,MS-04,MIKE EZELL,REPUBLICAN,210891,83358,59479,17.09259970723689,0.191735251964088,27,158,168.1572896763463,25584,10183,65415.55220623912,13
17181,Union County,"Union County, Illinois",IL,1,IL-12,MIKE BOST,REPUBLICAN,16997,6868,55728,20.217194570135746,0.6481094873579216,8,77,15.543807625918571,3094,1319,61647.51782975615,2
17193,White County,"White County, Illinois",IL,1,IL-12,MIKE BOST,REPUBLICAN,13619,5672,54813,16.37107776261937,0.6348634431072998,11,90,17.72670865087161,2533,988,58905.73992387898,1
20201,Washington County,"Washington County, Kansas",KS,1,KS-01,TRACEY MANN,REPUBLICAN,5533,2373,65482,9.279676589489158,1,14,118,1060.4749172611907,3166,1365,63492.89442609193,0
20019,Chautauqua County,"Chautauqua County, Kansas",KS,1,KS-04,RON ESTES,REPUBLICAN,3370,1356,56438,14.915458937198068,1,12,76,1281.5890038948942,2619,1051,56438,0
20119,Meade County,"Meade County, Kansas",KS,1,KS-01,TRACEY MANN,REPUBLICAN,3903,1502,71852,11.040843214756258,1,3,33,6.278072755464721,1950,734,70768.69546406296,0
20077,Harper County,"Harper County, Kansas",KS,1,KS-04,RON ESTES,REPUBLICAN,5400,2206,53488,17.300776074200265,1,9,72,1453.4813549654966,4167,1680,54238.966449041705,1
20199,Wallace County,"Wallace County, Kansas",KS,1,KS-01,TRACEY MANN,REPUBLICAN,1417,599,63207,12.28448275862069,1,3,21,15.767194891363593,603,239,63207,0
36021,Columbia County,"Columbia County, New York",NY,1,NY-19,JOSH RILEY,DEMOCRAT / WORKING FAMILIES,61100,26627,81528,12.109616509315732,0.827675816144226,38,206,43.16339032111915,9271,3767,86800.92545092732,2
36107,Tioga County,"Tioga County, New York",NY,1,NY-23,NICHOLAS A. LANGWORTHY,CONSERVATIVE / REPUBLICAN,47864,20347,72739,13.362816877565702,0.6640800742957383,27,165,24.566791387487157,5594,2344,80896.765135459,1
28045,Hancock County,"Hancock County, Mississippi",MS,1,MS-04,MIKE EZELL,REPUBLICAN,46167,20237,67708,13.80793328530574,0.3826026534644866,8,47,95.2292890623368,15703,6666,84163.02831928497,6
28153,Wayne County,"Wayne County, Mississippi",MS,1,MS-04,MIKE EZELL,REPUBLICAN,19718,7681,37619,22.81790437436419,1,7,60,272.82302862687527,2742,997,48276.135192729256,2
28039,George County,"George County, Mississippi",MS,1,MS-04,MIKE EZELL,REPUBLICAN,25170,9302,59758,18.28587839501108,1,6,45,160.8112068470467,8945,3504,58260.97463357203,3
17101,Lawrence County,"Lawrence County, Illinois",IL,1,IL-12,MIKE BOST,REPUBLICAN,15031,5472,55324,14.49178872614292,0.6968586387434555,7,63,12.64786725323484,3711,1172,61225.24944425259,1
17131,Mercer County,"Mercer County, Illinois",IL,2,IL-15 / IL-17,MARY E. MILLER / ERIC SORENSEN,REPUBLICAN / DEMOCRAT,15495,6565,74182,8.92402168942314,1,15,135,20.70125683712577,3626,1503,78685.0800171765,0
17177,Stephenson County,"Stephenson County, Illinois",IL,2,IL-17 / IL-16,ERIC SORENSEN / DARIN LAHOOD,DEMOCRAT / REPUBLICAN,43768,19358,64043,13.928347243856509,0.4592202554335649,12,114,37.502536638316755,5335,2195,82530.58764434177,1
36057,Montgomery County,"Montgomery County, New York",NY,2,NY-21 / NY-20,ELISE M. STEFANIK / PAUL TONKO,CONSERVATIVE / REPUBLICAN / DEMOCRAT / WORKING FAMILIES,49528,19603,64943,14.575596544861405,0.454271985786966,15,124,22.38118195938484,6611,2485,64545.32507780396,1
01027,Clay County,"Clay County, Alabama",AL,1,AL-03,MIKE ROGERS,REPUBLICAN,14192,5820,55250,17.554881571346044,1,4,26,17.75763340838192,1748,717,46163.79577837355,1
21145,McCracken County,"McCracken County, Kentucky",KY,1,KY-01,JAMES COMER,REPUBLICAN,67564,27601,64373,15.164218717012998,0.26824309392265194,3,19,4.837417355369678,514,185,74688.00308997222,0
37179,Union County,"Union County, North Carolina",NC,1,NC-08,MARK HARRIS,REPUBLICAN,250958,84237,102900,7.682655724873617,0.27632865650719574,7,58,36.00961858873317,19191,6978,126068.00235766098,0
29119,McDonald County,"McDonald County, Missouri",MO,1,MO-07,ERIC BURLISON,REPUBLICAN,23701,8558,52375,16.777182691490268,0.9989271767583573,11,137,620.1346785484166,12279,4423,50771.05373782054,2
29213,Taney County,"Taney County, Missouri",MO,1,MO-07,ERIC BURLISON,REPUBLICAN,56529,22788,56497,15.626311467931759,0.37172261263510864,46,361,207.88057246743975,12434,4724,60245.3444034722,5
29011,Barton County,"Barton County, Missouri",MO,1,MO-04,MARK ALFORD,REPUBLICAN,11690,4454,51635,20.183645183645183,1,9,68,6.172525737590671,1195,443,64229.9729973261,0
17203,Woodford County,"Woodford County, Illinois",IL,1,IL-16,DARIN LAHOOD,REPUBLICAN,38312,14685,91483,7.0346349471191365,0.7016143707593522,15,145,20.34865193094417,7852,3034,88268.26972459692,0
20107,Linn County,"Linn County, Kansas",KS,1,KS-02,DEREK SCHMIDT,REPUBLICAN,9767,4348,59069,8.398922949461475,1,16,122,1468.793215643218,8650,3921,64096.148043671936,0
29051,Cole County,"Cole County, Missouri",MO,1,MO-03,BOB ONDER,REPUBLICAN,77032,31086,74876,9.046685942146155,0.34296510048007867,10,66,70.99344969284844,4090,1541,94340.19838489957,0
36099,Seneca County,"Seneca County, New York",NY,1,NY-24,CLAUDIA TENNEY,CONSERVATIVE / REPUBLICAN,32920,13606,68089,13.4657340862423,0.5791683917903827,12,61,21.32267358188667,2153,805,73366.62364440506,1
21117,Kenton County,"Kenton County, Kentucky",KY,1,KY-04,THOMAS MASSIE,REPUBLICAN,171288,67367,80548,11.847832497788263,0.0671994037760848,1,6,2.510682267421961,63,23,88435.46044572475,0
37011,Avery County,"Avery County, North Carolina",NC,1,NC-11,CHUCK EDWARDS,REPUBLICAN,17680,6791,61428,10.157115848490776,1,20,218,44.71269750020514,3770,1619,61151.31697207557,2
37073,Gates County,"Gates County, North Carolina",NC,1,NC-01,DONALD G. DAVIS,DEMOCRAT,10376,4192,66333,9.405892140550064,1,0,0,0,0,0,NA,0
29021,Buchanan County,"Buchanan County, Missouri",MO,1,MO-06,SAM GRAVES,REPUBLICAN,83568,33439,62158,16.020324292012255,0.1374995577465121,8,44,327.51227008045475,2946,1112,68277.62129169193,1
29165,Platte County,"Platte County, Missouri",MO,1,MO-06,SAM GRAVES,REPUBLICAN,110371,43902,96227,7.0232766748130455,0.1364155999925036,15,84,528.0420111681274,14374,5927,111014.32305494724,0
17113,McLean County,"McLean County, Illinois",IL,2,IL-16 / IL-17,DARIN LAHOOD / ERIC SORENSEN,REPUBLICAN / DEMOCRAT,171556,70220,79905,12.909223432905888,0.21557845970261005,33,261,40.32313412017176,18107,6956,91666.97799423966,1
17115,Macon County,"Macon County, Illinois",IL,2,IL-15 / IL-13,MARY E. MILLER / NIKKI BUDZINSKI,REPUBLICAN / DEMOCRAT,101849,43468,62666,14.993531171666532,0.17030135194907595,12,88,18.40982869498817,8017,3186,83712.80394033191,1
36109,Tompkins County,"Tompkins County, New York",NY,1,NY-19,JOSH RILEY,DEMOCRAT / WORKING FAMILIES,104537,43263,74024,16.360440249459764,0.4410629846794023,27,181,36.76232686592282,13445,5364,88636.94245539058,1
21037,Campbell County,"Campbell County, Kentucky",KY,1,KY-04,THOMAS MASSIE,REPUBLICAN,93426,39232,77567,11.098999108116143,0.1711074820576733,1,6,27.87886571622134,1612,669,120536,0
37185,Warren County,"Warren County, North Carolina",NC,1,NC-01,DONALD G. DAVIS,DEMOCRAT,18795,8147,50638,21.10486271915316,1,16,79,14.417139799665595,2333,1078,52713.74414527841,4
38051,McIntosh County,"McIntosh County, North Dakota",ND,1,ND-AL,JULIE FEDORCHAK,REPUBLICAN,2497,1196,64419,12.249163879598662,1,6,34,6.865045350592881,626,296,64419,0
39135,Preble County,"Preble County, Ohio",OH,1,OH-08,WARREN DAVIDSON,REPUBLICAN,40765,16725,69223,12.587897395265921,0.7625795751115881,11,79,23.710904228619178,9950,4065,76018.67811678268,1
29147,Nodaway County,"Nodaway County, Missouri",MO,1,MO-06,SAM GRAVES,REPUBLICAN,20774,8460,59315,17.092800437996168,0.47215291182147734,17,111,25.56992190896001,1533,632,67222.20778244143,1
29111,Lewis County,"Lewis County, Missouri",MO,1,MO-06,SAM GRAVES,REPUBLICAN,9924,3185,59934,12.68991146573396,1,6,50,172.19732675519762,4298,1372,60277.25023483852,1
29097,Jasper County,"Jasper County, Missouri",MO,1,MO-07,ERIC BURLISON,REPUBLICAN,124357,49489,60694,16.965149651496514,0.23466736178428002,12,83,146.52725556454322,13351,5043,72619.71853145839,2
20091,Johnson County,"Johnson County, Kansas",KS,1,KS-03,SHARICE DAVIDS,DEMOCRAT,620631,249531,109208,5.4121557238701365,0.040373001805323494,6,43,9.681300222170304,1338,495,95367.58116888492,0
21041,Carroll County,"Carroll County, Kentucky",KY,1,KY-04,THOMAS MASSIE,REPUBLICAN,10954,4178,56466,23.12874251497006,0.4938945420906568,2,6,39.147481889009796,491,223,68289,0
48085,Collin County,"Collin County, Texas",TX,3,TX-03 / TX-04 / TX-32,KEITH SELF / PAT FALLON / JULIE JOHNSON,REPUBLICAN / DEMOCRAT,1163337,416646,121600,6.234558917798869,0.06149568092891734,12,313,220.98299686050595,7690,2613,124873.98823586272,0
39015,Brown County,"Brown County, Ohio",OH,1,OH-02,DAVID J. TAYLOR,REPUBLICAN,43845,17138,71270,19.604894862245253,0.9579631834417072,6,42,30.254524988883464,3441,1325,78172.3818523578,0
39105,Meigs County,"Meigs County, Ohio",OH,1,OH-02,DAVID J. TAYLOR,REPUBLICAN,21896,9102,46873,21.790462024728082,0.880279153534444,4,42,25.62561206780902,4797,1968,39636.54086989768,5
29009,Barry County,"Barry County, Missouri",MO,1,MO-07,ERIC BURLISON,REPUBLICAN,35033,13336,58346,15.18840242874989,0.8251578154861875,36,283,338.5407290025998,10695,4122,59555.0821897848,2
29173,Ralls County,"Ralls County, Missouri",MO,1,MO-06,SAM GRAVES,REPUBLICAN,10428,3970,65388,11.375048281189649,0.9750845002414292,4,29,3.5426160984751824,1198,448,71713.84260046514,0
29129,Mercer County,"Mercer County, Missouri",MO,1,MO-06,SAM GRAVES,REPUBLICAN,3482,1302,62679,13.463785046728972,1,6,62,1175.2337229686964,3021,1107,65616.9829806681,0
34017,Hudson County,"Hudson County, New Jersey",NJ,3,NJ-08 / NJ-09 / NJ-10,ROBERT MENENDEZ / NELLIE POU / LAMONICA MCIVER,DEMOCRAT,718323,299682,91795,14.925894470571167,0,1,4,0.2948472110990313,2403,745,48736.29094715392,1
18171,Warren County,"Warren County, Indiana",IN,1,IN-04,JAMES R. BAIRD,REPUBLICAN,8464,3359,82425,10.981896655077328,1,3,17,4.313937340877607,2118,815,72450.4487184552,0
55101,Racine County,"Racine County, Wisconsin",WI,1,WI-01,BRYAN STEIL,REPUBLICAN,197532,80406,78096,10.314132044586485,0.14347054271798995,9,32,12.519671029855546,4395,1758,88383.50990624614,0
18181,White County,"White County, Indiana",IN,1,IN-04,JAMES R. BAIRD,REPUBLICAN,24717,10254,67303,10.18013212424603,0.6139014906027219,12,60,16.11099865112207,5115,1994,70096.99028196716,2
18017,Cass County,"Cass County, Indiana",IN,2,IN-02 / IN-04,RUDY YAKYM III / JAMES R. BAIRD,REPUBLICAN,37680,15037,56403,13.236652001520829,0.46200158436757327,8,63,4.760163427705406,2840,1147,64487.48392762721,0
18081,Johnson County,"Johnson County, Indiana",IN,1,IN-06,JEFFERSON SHREVE,REPUBLICAN,166315,62554,90454,7.440583998968547,0.12734522300868545,4,18,6.693089157229769,844,324,90955,0
39111,Monroe County,"Monroe County, Ohio",OH,1,OH-06,MICHAEL A. RULLI,REPUBLICAN,13227,5651,60134,15.152439024390244,0.9866268210683601,6,44,17.7492808017887,2962,1267,56296.35574081883,1
39029,Columbiana County,"Columbiana County, Ohio",OH,1,OH-06,MICHAEL A. RULLI,REPUBLICAN,100704,41459,58180,15.150113574460649,0.5549731539012731,11,76,17.004274188865857,6802,2736,58808.40660549406,3
30067,Park County,"Park County, Montana",MT,1,MT-02,TROY DOWNING,REPUBLICAN,17710,8366,70047,12.34483544015488,0.45611075562794484,13,75,6.627026204521572,967,502,64555.097970468625,0
30091,Sheridan County,"Sheridan County, Montana",MT,1,MT-02,TROY DOWNING,REPUBLICAN,3669,1476,70147,10.41782729805014,1,5,19,4.437966044174597,483,202,69690.65323297573,0
31105,Kimball County,"Kimball County, Nebraska",NE,1,NE-03,ADRIAN SMITH,REPUBLICAN,3248,1489,56712,12.168978562421186,1,4,28,6.33530203524754,1451,629,56712,0
31029,Chase County,"Chase County, Nebraska",NE,1,NE-03,ADRIAN SMITH,REPUBLICAN,3671,1476,68173,7.482614742698192,1,2,16,6.571947170238633,1319,500,68173,0
17019,Champaign County,"Champaign County, Illinois",IL,3,IL-15 / IL-13 / IL-02,MARY E. MILLER / NIKKI BUDZINSKI / ROBIN L. KELLY,REPUBLICAN / DEMOCRAT,208741,85472,63683,19.071651058158697,0.1595074441988682,28,221,22.30046921754012,10805,4414,86387.22341907924,1
20173,Sedgwick County,"Sedgwick County, Kansas",KS,1,KS-04,RON ESTES,REPUBLICAN,528226,206768,69365,13.927629716231598,0.07419858578453832,18,126,539.2957441857603,21752,7823,102505.28011995406,1
18039,Elkhart County,"Elkhart County, Indiana",IN,1,IN-02,RUDY YAKYM III,REPUBLICAN,207132,72309,68561,12.395747119118864,0.2325752123913894,13,78,17.2836656117788,5722,1836,83031.71084975234,1
18067,Howard County,"Howard County, Indiana",IN,2,IN-05 / IN-04,VICTORIA SPARTZ / JAMES R. BAIRD,REPUBLICAN,83752,35593,64027,13.409612651678023,0.25660426976499556,9,51,13.206377278473221,3508,1313,84703.87254800087,0
18013,Brown County,"Brown County, Indiana",IN,1,IN-09,ERIN HOUCHIN,REPUBLICAN,15606,6781,78528,7.784197883529183,1,1,3,3.424469253580356,191,82,72849.78848717666,0
18109,Morgan County,"Morgan County, Indiana",IN,1,IN-04,JAMES R. BAIRD,REPUBLICAN,72659,28279,79429,9.279962037153345,0.5410002786291446,7,35,12.629415952493137,4059,1520,88280.94548532295,1
18003,Allen County,"Allen County, Indiana",IN,1,IN-03,MARLIN A. STUTZMAN,REPUBLICAN,392378,156570,70737,12.513252543581103,0.12918709945253107,9,44,18.93678765768615,6735,2302,95702.86588720662,0
18169,Wabash County,"Wabash County, Indiana",IN,1,IN-02,RUDY YAKYM III,REPUBLICAN,30844,12674,66806,11.090971272229822,0.5014850206611571,10,53,3.9954551038487303,1286,546,72933.41355630998,0
39093,Lorain County,"Lorain County, Ohio",OH,1,OH-05,ROBERT E. LATTA,REPUBLICAN,317129,127544,73347,12.090300894832811,0.14263621374982427,4,18,35.4146371079623,8554,2920,90988.73858504235,0
39155,Trumbull County,"Trumbull County, Ohio",OH,1,OH-14,DAVID P. JOYCE,REPUBLICAN,200929,86550,56435,16.605880201560467,0.27177846982577225,14,68,20.771302278838782,6976,2837,65668.73648148602,3
40003,Alfalfa County,"Alfalfa County, Oklahoma",OK,1,OK-03,FRANK D. LUCAS,REPUBLICAN,5696,1938,64615,16.505291600990766,1,15,107,905.1273460401437,2263,870,61641.235604450965,0
31169,Thayer County,"Thayer County, Nebraska",NE,1,NE-03,ADRIAN SMITH,REPUBLICAN,4901,2087,66213,9.013144168579178,1,12,66,13.555399895292476,1963,827,66201.16542938922,0
31157,Scotts Bluff County,"Scotts Bluff County, Nebraska",NE,1,NE-03,ADRIAN SMITH,REPUBLICAN,35843,15078,63614,12.876297206895567,0.304289990023279,8,47,7.899577221645619,3679,1574,69973.46289440032,2
31027,Cedar County,"Cedar County, Nebraska",NE,1,NE-03,ADRIAN SMITH,REPUBLICAN,8315,3444,73578,7.06548498276711,1,12,77,9.650944870059284,2615,1078,73499.55121312094,0
18115,Ohio County,"Ohio County, Indiana",IN,1,IN-09,ERIN HOUCHIN,REPUBLICAN,5999,2619,70392,8.098118279569892,1,1,7,4.516890804101323,1580,710,60556.429858358555,0
18177,Wayne County,"Wayne County, Indiana",IN,1,IN-06,JEFFERSON SHREVE,REPUBLICAN,66397,26975,55692,17.889123810708288,0.376992772677415,11,68,17.04850417609854,8038,3299,56446.95005479218,3
18135,Randolph County,"Randolph County, Indiana",IN,2,IN-06 / IN-03,JEFFERSON SHREVE / MARLIN A. STUTZMAN,REPUBLICAN,24387,10364,60791,15.849782535965206,0.6656599461268468,8,49,6.0714366440019,3575,1501,63203.99143734273,3
18137,Ripley County,"Ripley County, Indiana",IN,1,IN-09,ERIN HOUCHIN,REPUBLICAN,29095,11531,70573,10.11377559950989,0.8136575271598552,5,30,16.0385036122746,3849,1559,67321.11780184491,0
18023,Clinton County,"Clinton County, Indiana",IN,1,IN-04,JAMES R. BAIRD,REPUBLICAN,32944,12496,65019,9.849265050088944,0.49457667972280805,6,34,5.015970742341252,3286,1219,73044.54002984891,0
18133,Putnam County,"Putnam County, Indiana",IN,1,IN-04,JAMES R. BAIRD,REPUBLICAN,37280,14142,78378,8.69034168982259,0.722539889996188,10,62,10.716722116373194,3928,1670,83239.07058715864,0
40139,Texas County,"Texas County, Oklahoma",OK,1,OK-03,FRANK D. LUCAS,REPUBLICAN,20774,6824,60069,15.72320857718979,0.41470258136924804,11,83,14.600011303306953,2536,890,51321.98344883164,1
40147,Washington County,"Washington County, Oklahoma",OK,1,OK-02,JOSH BRECHEEN,REPUBLICAN,53326,20957,60162,16.059953053449803,0.24889905633400058,15,85,477.33387098265433,12464,5088,73988.35915716206,4
40085,Love County,"Love County, Oklahoma",OK,1,OK-04,TOM COLE,REPUBLICAN,10261,3899,66580,14.982750123213405,1,5,38,211.0102770430976,4962,1856,63689.4393368621,0
02105,Hoonah-Angoon Census Area,"Hoonah-Angoon Census Area, Alaska",AK,1,AK-AL,NICK BEGICH,REPUBLICAN,2311,924,61406,14.248592464270248,1,2,12,11.197659693956826,0,0,NA,0
31015,Boyd County,"Boyd County, Nebraska",NE,1,NE-03,ADRIAN SMITH,REPUBLICAN,1688,744,67045,9.656004828002414,1,5,21,4.029354701507636,505,208,67045,0
31025,Cass County,"Cass County, Nebraska",NE,1,NE-01,MIKE FLOOD,REPUBLICAN,27161,10832,91836,5.2243530068888475,0.749793217535153,23,133,107.01908190316334,8438,3413,102443.24007938102,0
26081,Kent County,"Kent County, Michigan",MI,2,MI-02 / MI-03,JOHN R. MOOLENAAR / HILLARY J. SCHOLTEN,REPUBLICAN / DEMOCRAT,663150,256648,82631,10.051824742599694,0.16188633593424664,29,172,26.698515768620194,10263,4101,91905.3116162686,0
17073,Henry County,"Henry County, Illinois",IL,2,IL-16 / IL-17,DARIN LAHOOD / ERIC SORENSEN,REPUBLICAN / DEMOCRAT,48643,20272,71911,8.912670874963421,0.49801152503855206,31,268,42.86434521042289,12662,4946,79600.66247217523,1
19185,Wayne County,"Wayne County, Iowa",IA,1,IA-03,ZACHARY NUNN,REPUBLICAN,6532,2565,61964,10.137028962939894,1,7,61,9.278450858520348,1681,670,61579.019954392075,0
18025,Crawford County,"Crawford County, Indiana",IN,1,IN-08,MARK MESSMER,REPUBLICAN,10499,4582,49640,22.893649726198483,1,7,44,20.850081573516906,2753,1231,50729.39601529423,1
18119,Owen County,"Owen County, Indiana",IN,1,IN-08,MARK MESSMER,REPUBLICAN,21604,8618,62464,12.33787671555912,1,2,14,12.646444624077144,1132,475,56761.26939924182,3
19033,Cerro Gordo County,"Cerro Gordo County, Iowa",IA,1,IA-02,ASHLEY HINSON,REPUBLICAN,42632,19538,68189,10.56012271409055,0.2032833259906787,8,59,10.498331472834739,1725,711,70772.15342968282,0
02150,Kodiak Island Borough,"Kodiak Island Borough, Alaska",AK,1,AK-AL,NICK BEGICH,REPUBLICAN,12771,4640,86250,8.696711327649208,0.27257461262499044,7,33,72.44464010522711,0,0,NA,0
40129,Roger Mills County,"Roger Mills County, Oklahoma",OK,1,OK-03,FRANK D. LUCAS,REPUBLICAN,3359,1416,66094,14.667868951006913,1,8,64,1205.6752782626447,1373,565,66094,0
31165,Sioux County,"Sioux County, Nebraska",NE,1,NE-03,ADRIAN SMITH,REPUBLICAN,1171,490,53929,14.944491887275833,1,4,25,0.8353741774992489,99,43,53929.00000000001,0
31131,Otoe County,"Otoe County, Nebraska",NE,1,NE-03,ADRIAN SMITH,REPUBLICAN,16241,6383,82188,9.088075796297451,0.5588235294117647,12,73,7.150180402536398,1930,798,90523.86043990336,0
32023,Nye County,"Nye County, Nevada",NV,1,NV-04,STEVEN HORSFORD,DEMOCRAT,54344,22175,60714,14.137885454236455,0.27316780058537343,21,253,54.341567322760874,14788,6162,66196.9995265086,4
26155,Shiawassee County,"Shiawassee County, Michigan",MI,1,MI-07,TOM BARRETT,REPUBLICAN,67991,28126,67404,12.040652102643579,0.5978353452580256,19,119,19.79630663164393,7343,2979,69803.47686535945,2
19053,Decatur County,"Decatur County, Iowa",IA,1,IA-03,ZACHARY NUNN,REPUBLICAN,7759,3055,59044,14.561329390226728,1,5,59,14.36503653678045,2667,1089,54639.989603358394,0
19057,Des Moines County,"Des Moines County, Iowa",IA,1,IA-01,MARIANNETTE MILLER-MEEKS,REPUBLICAN,38487,17178,62928,12.83571031672532,0.2697764070932922,5,40,7.182061680281013,1830,727,84001.41215675605,1
55137,Waushara County,"Waushara County, Wisconsin",WI,1,WI-06,GLENN GROTHMAN,REPUBLICAN,24868,10586,67107,10.916081578067535,0.9964518760195759,7,30,8.941185268094785,2819,1162,60902.98688920986,2
56009,Converse County,"Converse County, Wyoming",WY,1,WY-AL,HARRIET M. HAGEMAN,REPUBLICAN,13762,5772,81558,10.557141811259974,0.5274525489055342,7,48,8.277713822223792,3233,1374,70831.99263771623,2
56027,Niobrara County,"Niobrara County, Wyoming",WY,1,WY-AL,HARRIET M. HAGEMAN,REPUBLICAN,2368,1188,64113,12.024141132776231,1,4,32,4.382546341741396,797,384,64113.00000000001,0
05135,Sharp County,"Sharp County, Arkansas",AR,1,AR-01,"ERIC A. \""RICK\"" CRAWFORD",REPUBLICAN,17773,6856,44637,16.46132785763176,1,15,85,582.3009557599887,9194,3473,54360.29479982038,5
21023,Bracken County,"Bracken County, Kentucky",KY,1,KY-04,THOMAS MASSIE,REPUBLICAN,8444,3364,66319,19.5212447636146,1,3,28,20.947844628950754,1870,775,61717.70124839625,0
25007,Dukes County,"Dukes County, Massachusetts",MA,1,MA-09,WILLIAM R. KEATING,DEMOCRAT,20933,7584,125786,4.429920116194626,0.31728155339805825,1,9,0.43303495841782,123,45,161625,0
25003,Berkshire County,"Berkshire County, Massachusetts",MA,1,MA-01,RICHARD E. NEAL,DEMOCRAT,129430,57585,76013,11.427534478586983,0.34686807310154544,32,247,41.95279612573818,7645,3286,92688.26150732896,0
17137,Morgan County,"Morgan County, Illinois",IL,1,IL-15,MARY E. MILLER,REPUBLICAN,33021,13076,66306,13.419534642556226,0.3619018684490354,13,99,11.09378708489316,3120,1260,70167.60179871571,0
05035,Crittenden County,"Crittenden County, Arkansas",AR,1,AR-01,"ERIC A. \""RICK\"" CRAWFORD",REPUBLICAN,47266,18203,55358,20.99116569704805,0.183751012187779,14,52,470.2198534099006,9376,3337,59909.102946910105,5
39007,Ashtabula County,"Ashtabula County, Ohio",OH,1,OH-14,DAVID P. JOYCE,REPUBLICAN,97167,39245,57728,17.58997901643535,0.5198720970750405,6,39,24.377855730217057,5722,2246,61084.30536645168,2
02068,Denali Borough,"Denali Borough, Alaska",AK,1,AK-AL,NICK BEGICH,REPUBLICAN,1969,565,80781,8.260646485377116,1,2,13,1.7103641169866837,0,0,NA,0
41049,Morrow County,"Morrow County, Oregon",OR,1,OR-02,CLIFF BENTZ,REPUBLICAN,12300,4326,75448,13.210470521079671,1,6,45,12.410035069710831,2489,917,78994.17946311994,0
05055,Greene County,"Greene County, Arkansas",AR,1,AR-01,"ERIC A. \""RICK\"" CRAWFORD",REPUBLICAN,46432,17994,57839,17.41380454253931,0.4514386916214798,7,33,540.929653050691,18766,7400,50251.19016372164,7
08085,Montrose County,"Montrose County, Colorado",CO,1,CO-03,JEFF HURD,REPUBLICAN,43807,18069,72120,11.51836076896512,0.42564258768949603,9,50,74.0356655967429,2905,1248,60613.98558221829,1
26023,Branch County,"Branch County, Michigan",MI,1,MI-05,TIM WALBERG,REPUBLICAN,45300,16906,63724,16.434533966702023,0.6941509518077661,10,52,10.195392797610417,4192,1637,63067.217977573644,0
34037,Sussex County,"Sussex County, New Jersey",NJ,2,NJ-05 / NJ-07,"JOSH GOTTHEIMER / THOMAS H. KEAN, JR.",DEMOCRAT / REPUBLICAN,145807,57767,116186,5.536351317717983,0.4863646764340838,56,324,39.093607678669926,21921,8795,119327.95137513451,0
36023,Cortland County,"Cortland County, New York",NY,2,NY-19 / NY-22,JOSH RILEY / JOHN W. MANNION,DEMOCRAT / WORKING FAMILIES,46246,18999,70418,12.764260071798963,0.4687773718729304,18,103,7.064917187227061,1741,699,70757.0642593251,0
05089,Marion County,"Marion County, Arkansas",AR,1,AR-01,"ERIC A. \""RICK\"" CRAWFORD",REPUBLICAN,17228,7664,48619,17.98266166822868,1,10,25,382.29581624513384,7313,3420,50307.14850736104,2
42105,Potter County,"Potter County, Pennsylvania",PA,1,PA-15,GLENN THOMPSON,REPUBLICAN,16188,6992,59020,13.014558232931726,1,9,51,30.176589991643265,4183,1782,57935.165181850236,1
42085,Mercer County,"Mercer County, Pennsylvania",PA,1,PA-16,MIKE KELLY,REPUBLICAN,109257,46524,59976,13.158356912869548,0.4794400462711926,30,127,37.91908052796922,6892,2800,63132.70665561448,2
48431,Sterling County,"Sterling County, Texas",TX,1,TX-11,AUGUST PFLUGER,REPUBLICAN,1468,399,64954,4.323570432357044,1,1,7,3.1519052122653965,729,212,64954,0
51770,Roanoke city,"Roanoke city, Virginia",VA,1,VA-06,BEN CLINE,REPUBLICAN,98355,43575,55378,18.329663058424572,3.9995600483946766e-5,1,7,0.0014455990987263271,0,0,NA,0
09120,Greater Bridgeport Planning Region,"Greater Bridgeport Planning Region, Connecticut",CT,2,CT-04 / CT-03,JAMES A. HIMES / ROSA L. DELAURO,DEMOCRAT,329259,119633,89667,12.443555569444227,NA,1,3,0.18607311396245252,0,0,NA,0
12011,Broward County,"Broward County, Florida",FL,4,FL-20 / FL-25 / FL-23 / FL-24,SHEILA CHERFILUS-MCCORMICK / DEBBIE WASSERMAN SCHULTZ / JARED MOSKOWITZ / FREDERICA S. WILSON,DEMOCRAT,1977129,753956,77633,12.239169160373471,7.817422050787528e-5,5,14,5.46797790357123,6515,2718,130153.5245586163,1
12127,Volusia County,"Volusia County, Florida",FL,2,FL-06 / FL-07,MICHAEL WALTZ / CORY MILLS,REPUBLICAN,579622,241881,70044,11.758349373585926,0.08537006158509818,34,117,111.65976415587531,18277,7665,76268.43501817563,0
36097,Schuyler County,"Schuyler County, New York",NY,2,NY-24 / NY-23,CLAUDIA TENNEY / NICHOLAS A. LANGWORTHY,CONSERVATIVE / REPUBLICAN,17562,7355,67663,14.836079692254694,1,8,49,12.98903758973317,3436,1434,64883.03777068089,1
36041,Hamilton County,"Hamilton County, New York",NY,1,NY-21,ELISE M. STEFANIK,CONSERVATIVE / REPUBLICAN,5089,2423,68835,10.583796664019063,1,8,58,47.809932066701904,1163,550,69305.68178668777,0
37195,Wilson County,"Wilson County, North Carolina",NC,1,NC-01,DONALD G. DAVIS,DEMOCRAT,79290,33068,56423,19.796153846153846,0.3794425264012998,7,60,18.552919889245402,4691,1928,58296.321487593894,1
27025,Chisago County,"Chisago County, Minnesota",MN,1,MN-08,PETE STAUBER,REPUBLICAN,57991,21364,99400,5.951581551510867,0.6565585206902033,14,66,18.391308836170264,4107,1518,100132.67740602395,0
27091,Martin County,"Martin County, Minnesota",MN,1,MN-01,BRAD FINSTAD,REPUBLICAN,19780,8839,59507,13.12919248297404,0.5811735330836454,10,46,12.175991637438251,2776,1149,69923.56692336702,0
26001,Alcona County,"Alcona County, Michigan",MI,1,MI-01,JACK BERGMAN,REPUBLICAN,10397,5305,54993,12.309941520467836,0.9290842923182846,4,21,4.157266007495301,595,302,54268.04267357725,2
51011,Appomattox County,"Appomattox County, Virginia",VA,1,VA-05,JOHN J. MCGUIRE III,REPUBLICAN,16610,6639,62853,13.99321541070996,1,2,26,4.479232403034905,1379,530,68106.95467863481,0
51173,Smyth County,"Smyth County, Virginia",VA,1,VA-09,H. MORGAN GRIFFITH,REPUBLICAN,29420,12659,49883,16.827408516416558,0.7556711409395973,7,68,36.754495017374865,4056,1737,47815.42410913168,4
13145,Harris County,"Harris County, Georgia",GA,1,GA-03,BRIAN JACK,REPUBLICAN,36086,13027,97302,8.984725965858042,0.9719049267335872,7,45,27.557281702303,4192,1632,84199.36218581,0
13143,Haralson County,"Haralson County, Georgia",GA,1,GA-03,BRIAN JACK,REPUBLICAN,31285,11747,72127,15.352135374697824,0.7566095123500117,2,4,7.933311584267486,1110,458,66338.54426901262,0
13083,Dade County,"Dade County, Georgia",GA,1,GA-14,MARJORIE TAYLOR GREENE,REPUBLICAN,16165,6083,64568,8.174350821409645,0.9458494861854655,0,0,0,0,0,NA,0
37003,Alexander County,"Alexander County, North Carolina",NC,1,NC-05,VIRGINIA FOXX,REPUBLICAN,36412,14126,65354,12.571774821825317,0.8908462298320711,7,33,10.12835794614157,3124,1268,57808.26707739886,0
37189,Watauga County,"Watauga County, North Carolina",NC,1,NC-05,VIRGINIA FOXX,REPUBLICAN,55123,21198,51693,25.4548815049082,0.489035979735976,24,207,39.85863928504206,4252,1977,77564.1626373126,4
28075,Lauderdale County,"Lauderdale County, Mississippi",MS,1,MS-03,MICHAEL GUEST,REPUBLICAN,71504,28707,50817,26.316863430986736,0.5367614819686507,9,58,340.5754217040182,10243,3668,59269.486126042015,5
28003,Alcorn County,"Alcorn County, Mississippi",MS,1,MS-01,TRENT KELLY,REPUBLICAN,34289,14456,51260,15.78806369995535,0.6412204951065055,9,73,131.05030208743614,3325,1248,58456.66993244752,2
28011,Bolivar County,"Bolivar County, Mississippi",MS,1,MS-02,BENNIE G. THOMPSON,DEMOCRAT,29534,11915,39585,32.63326187275172,0.5370017750524447,25,135,612.8444730755424,12268,4875,38891.57377125295,14
51750,Radford city,"Radford city, Virginia",VA,1,VA-09,H. MORGAN GRIFFITH,REPUBLICAN,16726,5540,57348,28.661625431319287,0.04194150591163659,2,15,5.477960622587617,3540,910,57318.29412090744,1
51630,Fredericksburg city,"Fredericksburg city, Virginia",VA,1,VA-07,EUGENE S. VINDMAN,DEMOCRAT,28873,11720,86071,13.193352795867954,0,0,0,0,0,0,NA,0
51157,Rappahannock County,"Rappahannock County, Virginia",VA,1,VA-10,SUHAS SUBRAMANYAM,DEMOCRAT,7427,2985,83380,10.258829873281208,1,3,28,0.8895132900823982,154,62,76126.97193747465,0
51670,Hopewell city,"Hopewell city, Virginia",VA,1,VA-04,JENNIFER L. MCCLELLAN,DEMOCRAT,22959,9255,54729,21.787144177042546,3.473277471454001e-4,0,0,0,0,0,NA,0
51640,Galax city,"Galax city, Virginia",VA,1,VA-09,H. MORGAN GRIFFITH,REPUBLICAN,6726,2763,38675,31.100846805234795,0.09851190476190476,0,0,0,0,0,NA,0
13275,Thomas County,"Thomas County, Georgia",GA,1,GA-02,"SANFORD D. BISHOP, JR.",DEMOCRAT,45777,18684,60736,17.947642592265584,0.44908074588409974,21,94,29.700437437605355,5988,2399,57085.16480993764,4
13259,Stewart County,"Stewart County, Georgia",GA,1,GA-02,"SANFORD D. BISHOP, JR.",DEMOCRAT,4869,1771,33250,26.42526964560863,1,5,31,10.030221286251322,2179,799,32201.50653594859,2
38063,Nelson County,"Nelson County, North Dakota",ND,1,ND-AL,JULIE FEDORCHAK,REPUBLICAN,3016,1338,67193,7.155262243834665,1,6,35,1266.0147505457041,1350,599,67193,0
38047,Logan County,"Logan County, North Dakota",ND,1,ND-AL,JULIE FEDORCHAK,REPUBLICAN,1819,777,62750,12.428734321550742,1,4,30,651.2254291793031,684,283,62750,0
39023,Clark County,"Clark County, Ohio",OH,2,OH-15 / OH-10,MIKE CAREY / MICHAEL R. TURNER,REPUBLICAN,135158,55975,63132,15.18536481857589,0.2538510746244513,21,118,20.553238230441913,9927,4227,77165.13730962998,0
39041,Delaware County,"Delaware County, Ohio",OH,2,OH-04 / OH-12,JIM JORDAN / TROY BALDERSON,REPUBLICAN,226834,82287,133540,4.667279100257757,0.20329341876669593,2,17,2.381238218632107,1063,521,68626.05375982703,0
28095,Monroe County,"Monroe County, Mississippi",MS,1,MS-01,TRENT KELLY,REPUBLICAN,33747,13895,51866,18.03952617314778,0.8251316559391457,9,76,153.90879522251345,4921,2019,54651.455780258824,5
46017,Buffalo County,"Buffalo County, South Dakota",SD,1,SD-AL,DUSTY JOHNSON,REPUBLICAN,1808,508,47045,33.9086859688196,1,1,11,45.72160664197218,150,39,47045,1
55053,Jackson County,"Jackson County, Wisconsin",WI,2,WI-03 / WI-07,DERRICK VAN ORDEN / THOMAS P. TIFFANY,REPUBLICAN,20981,8274,68110,12.360515021459227,0.7912035942303145,10,43,41.0144898140427,2322,930,69407.27560212632,0
55015,Calumet County,"Calumet County, Wisconsin",WI,2,WI-08 / WI-06,TONY WIED / GLENN GROTHMAN,REPUBLICAN,52942,21372,88810,5.879229252010317,0.5262957171732581,8,43,31.640152984782663,9305,3837,76809.82745249623,0
55005,Barron County,"Barron County, Wisconsin",WI,1,WI-07,THOMAS P. TIFFANY,REPUBLICAN,46797,19955,65933,11.010267296278647,0.7825779794909122,11,47,23.814562718152196,5251,2244,70385.80407864097,1
55067,Langlade County,"Langlade County, Wisconsin",WI,1,WI-07,THOMAS P. TIFFANY,REPUBLICAN,19490,8881,55878,13.49388778602027,0.5859114463085526,2,6,1.5805264525008873,228,111,58838.88096203662,1
13065,Clinch County,"Clinch County, Georgia",GA,1,GA-08,AUSTIN SCOTT,REPUBLICAN,6759,2428,45847,26.090214296418402,1,6,23,13.98227481936606,2735,981,44939.0528976618,2
17151,Pope County,"Pope County, Illinois",IL,1,IL-12,MIKE BOST,REPUBLICAN,3739,1385,60050,13.305555555555555,1,2,18,6.263341784323802,432,160,58404.9046425905,1
17023,Clark County,"Clark County, Illinois",IL,1,IL-12,MIKE BOST,REPUBLICAN,15266,6555,72927,9.148138226627378,1,4,35,24.502436917271062,3956,1782,62180.4868838147,0
39109,Miami County,"Miami County, Ohio",OH,2,OH-15 / OH-08,MIKE CAREY / WARREN DAVIDSON,REPUBLICAN,110296,44906,76817,9.365697275017174,0.3058267600713406,12,75,12.845972437132364,5771,2289,77921.98660496109,0
39159,Union County,"Union County, Ohio",OH,1,OH-04,JIM JORDAN,REPUBLICAN,67324,24232,112322,4.9864540599117575,0.4500668960244648,3,23,3.990934063092439,2040,788,88620.58647470639,0
39019,Carroll County,"Carroll County, Ohio",OH,1,OH-06,MICHAEL A. RULLI,REPUBLICAN,26659,11206,64835,12.851635558609107,1,9,85,16.708646154859082,5766,2549,64330.148334660946,1
47075,Haywood County,"Haywood County, Tennessee",TN,1,TN-08,DAVID KUSTOFF,REPUBLICAN,17475,7167,50472,21.509061338289964,0.4614308105687416,2,14,296.66220693985514,2393,1050,57438.37987423961,4
47023,Chester County,"Chester County, Tennessee",TN,1,TN-08,DAVID KUSTOFF,REPUBLICAN,17611,6430,59341,16.05369621184259,0.6594198719797013,0,0,0,0,0,NA,0
26091,Lenawee County,"Lenawee County, Michigan",MI,1,MI-05,TIM WALBERG,REPUBLICAN,98415,38871,70518,10.713255945579393,0.5686108848053267,21,128,30.854328934500597,11813,4654,70273.27992545768,2
26151,Sanilac County,"Sanilac County, Michigan",MI,1,MI-09,LISA C. MCCLAIN,REPUBLICAN,40462,17516,58863,15.327444258151697,0.9364457905493585,21,113,76.88331150664591,10926,5066,58756.74621248408,0
17195,Whiteside County,"Whiteside County, Illinois",IL,1,IL-17,ERIC SORENSEN,DEMOCRAT,54947,23120,67500,11.97881828316611,0.43551022606884415,7,64,8.587431774361638,3042,1197,78029.41594448521,0
18019,Clark County,"Clark County, Indiana",IN,1,IN-09,ERIN HOUCHIN,REPUBLICAN,124354,51242,74214,10.201117774242238,0.21330712757962889,1,5,0.0426378947195838,4,2,80344,0
40083,Logan County,"Logan County, Oklahoma",OK,2,OK-05 / OK-03,STEPHANIE I. BICE / FRANK D. LUCAS,REPUBLICAN,51938,17834,83899,11.639467638437772,0.6195742104732116,14,102,834.9215137789544,5254,2072,75591.53803723402,0
40091,McIntosh County,"McIntosh County, Oklahoma",OK,1,OK-02,JOSH BRECHEEN,REPUBLICAN,19400,7784,46281,21.058151119500813,1,14,110,736.3589209589384,11582,4678,46946.42043170207,11
47101,Lewis County,"Lewis County, Tennessee",TN,1,TN-05,ANDREW OGLES,REPUBLICAN,12992,5387,56285,16.748385088333723,1,1,7,5.6430116412783615,154,68,56660,0
47133,Overton County,"Overton County, Tennessee",TN,1,TN-06,JOHN W. ROSE,REPUBLICAN,23065,9071,48959,16.304443855464264,1,1,7,2.395218740777849,36,14,54063,0
26031,Cheboygan County,"Cheboygan County, Michigan",MI,1,MI-01,JACK BERGMAN,REPUBLICAN,25865,11159,62875,12.364856953280512,0.7884983775753548,9,54,3.643891562108105,735,311,65807.24922630182,0
26069,Iosco County,"Iosco County, Michigan",MI,1,MI-01,JACK BERGMAN,REPUBLICAN,25347,11713,50066,17.72933769028453,0.4975234774339264,9,45,15.092798920378625,4541,2170,48913.506367464535,1
18153,Sullivan County,"Sullivan County, Indiana",IN,1,IN-08,MARK MESSMER,REPUBLICAN,20780,7832,56204,13.850593138826547,0.7658644377191718,9,47,33.65438721772999,5292,2206,54576.3404074666,2
18077,Jefferson County,"Jefferson County, Indiana",IN,1,IN-09,ERIN HOUCHIN,REPUBLICAN,32998,12790,64577,12.340397951908743,0.47364769059040035,4,23,11.688352705572889,2624,851,57412.310203463036,0
18127,Porter County,"Porter County, Indiana",IN,1,IN-01,FRANK J. MRVAN,DEMOCRAT,174818,68639,87972,9.577065034572977,0.23579366683023986,6,29,9.841335182407159,5742,2360,97478.87772488754,0
40107,Okfuskee County,"Okfuskee County, Oklahoma",OK,1,OK-02,JOSH BRECHEEN,REPUBLICAN,11278,4009,48363,25.832512315270936,1,10,85,1082.0292678081157,8586,3161,50856.624991837656,7
40043,Dewey County,"Dewey County, Oklahoma",OK,1,OK-03,FRANK D. LUCAS,REPUBLICAN,4360,1631,62569,14.10555815039701,1,9,92,946.1407694337503,1939,723,63000.68964299849,0
48209,Hays County,"Hays County, Texas",TX,2,TX-21 / TX-35,CHIP ROY / GREG CASAR,REPUBLICAN / DEMOCRAT,268638,99849,89097,12.132745470047393,0.297435982527679,43,564,70.19331401855828,20964,8908,125590.89874390823,3
48121,Denton County,"Denton County, Texas",TX,4,TX-26 / TX-13 / TX-04 / TX-32,BRANDON GILL / RONNY JACKSON / PAT FALLON / JULIE JOHNSON,REPUBLICAN / DEMOCRAT,979561,360392,111498,7.0723708003794306,0.07203708647848353,62,895,122.69778807900829,33860,13657,117415.35557450299,0
48303,Lubbock County,"Lubbock County, Texas",TX,1,TX-19,JODEY C. ARRINGTON,REPUBLICAN,318884,126225,64155,17.146496815286625,0.10520572111035639,28,360,30.662876661895993,9938,3512,79299.45611584611,1
48399,Runnels County,"Runnels County, Texas",TX,1,TX-11,AUGUST PFLUGER,REPUBLICAN,9874,3809,62632,10.983317790902497,1,4,93,1311.1617862514152,4671,1756,58012.68450142714,1
27157,Wabasha County,"Wabasha County, Minnesota",MN,1,MN-01,BRAD FINSTAD,REPUBLICAN,21565,9156,82007,7.070612474246113,0.8118015616963576,9,43,14.229474909958212,3497,1557,74035.77984505909,0
28005,Amite County,"Amite County, Mississippi",MS,1,MS-02,BENNIE G. THOMPSON,DEMOCRAT,12565,5850,37222,27.648475120385232,1,13,78,373.6882596196237,5843,2749,37332.99903250514,4
18075,Jay County,"Jay County, Indiana",IN,1,IN-03,MARLIN A. STUTZMAN,REPUBLICAN,20229,7807,54969,14.378069559987972,0.689227463619494,3,22,6.988412791954033,3284,1329,49639.36803864464,3
18163,Vanderburgh County,"Vanderburgh County, Indiana",IN,1,IN-08,MARK MESSMER,REPUBLICAN,180117,78270,61648,14.273156101512809,0.0795676599902296,0,0,0,0,0,NA,0
18155,Switzerland County,"Switzerland County, Indiana",IN,1,IN-09,ERIN HOUCHIN,REPUBLICAN,9909,3875,65343,12.62295081967213,1,1,7,5.116988183424985,1333,583,52072,0
41053,Polk County,"Polk County, Oregon",OR,2,OR-06 / OR-04,ANDREA SALINAS / VAL T. HOYLE,DEMOCRAT,89662,32986,85118,12.66445486786409,0.20405338945249504,10,88,697.2213166719222,15887,6085,86496.37286534837,1
42077,Lehigh County,"Lehigh County, Pennsylvania",PA,1,PA-07,RYAN E. MACKENZIE,REPUBLICAN,378792,144386,80079,11.573879888185008,0.09867923974188174,35,175,38.0261889125365,23477,9527,100862.11941210233,2
48259,Kendall County,"Kendall County, Texas",TX,1,TX-21,CHIP ROY,REPUBLICAN,48567,17741,114962,5.029486804132335,0.568034508457734,14,203,46.35016458337262,3187,1207,147488.54323882214,0
48325,Medina County,"Medina County, Texas",TX,1,TX-23,TONY GONZALES,REPUBLICAN,53547,17804,78074,9.633881172990655,0.8426144872704343,24,283,458.9457080519304,9227,3079,84164.68243805067,1
48249,Jim Wells County,"Jim Wells County, Texas",TX,1,TX-15,MONICA DE LA CRUZ,REPUBLICAN,38850,13279,51896,24.655826276689698,0.50083566892083,9,211,177.7605546571826,4992,1752,57234.80945593121,4
48193,Hamilton County,"Hamilton County, Texas",TX,1,TX-31,JOHN R. CARTER,REPUBLICAN,8406,3120,58219,16.466992665036674,1,5,80,11.510979831071559,3049,1153,51716.57733368043,1
28027,Coahoma County,"Coahoma County, Mississippi",MS,1,MS-02,BENNIE G. THOMPSON,DEMOCRAT,20540,8404,37461,35.5087332966318,0.32641421224871436,16,80,205.2988137726479,4199,1829,38386.49535605364,4
28147,Walthall County,"Walthall County, Mississippi",MS,1,MS-03,MICHAEL GUEST,REPUBLICAN,13839,5290,48905,18.766992431479167,1,6,51,99.5292384849028,2453,982,40909.54977591176,4
29153,Ozark County,"Ozark County, Missouri",MO,1,MO-08,JASON SMITH,REPUBLICAN,8873,3709,44163,21.474832405408478,1,4,32,9.99525146369822,716,314,42630.680009122734,2
26139,Ottawa County,"Ottawa County, Michigan",MI,3,MI-03 / MI-04 / MI-02,HILLARY J. SCHOLTEN / BILL HUIZENGA / JOHN R. MOOLENAAR,DEMOCRAT / REPUBLICAN,301203,111322,90502,8.314075846985515,0.21198852126941256,11,53,25.53570578896176,5776,2481,87540.96768076456,0
26093,Livingston County,"Livingston County, Michigan",MI,1,MI-07,TOM BARRETT,REPUBLICAN,195833,76445,103039,5.076314476344312,0.3951285939772833,35,187,55.910256740247235,24518,9721,96225.88622073754,0
17095,Knox County,"Knox County, Illinois",IL,1,IL-17,ERIC SORENSEN,DEMOCRAT,49046,20972,57030,14.569258621450965,0.3226129245301899,16,133,33.15530681979106,9409,4085,71076.65503509266,1
42069,Lackawanna County,"Lackawanna County, Pennsylvania",PA,1,PA-08,"ROB BRESNAHAN, JR.",REPUBLICAN,216146,88263,66223,14.358073235487572,0.1755289583873717,34,150,19.538357249146962,9284,3739,80347.58077816012,2
42093,Montour County,"Montour County, Pennsylvania",PA,1,PA-09,DANIEL MEUSER,REPUBLICAN,18103,7862,76976,8.84125144843569,0.5428429642699603,1,3,0.06554075322796225,122,50,81681,0
46087,McCook County,"McCook County, South Dakota",SD,1,SD-AL,DUSTY JOHNSON,REPUBLICAN,5751,2221,83852,6.808055605061487,1,9,51,650.5572296307033,3157,1243,83791.05304443683,0
48293,Limestone County,"Limestone County, Texas",TX,1,TX-17,PETE SESSIONS,REPUBLICAN,22283,8389,60573,17.065116279069766,0.6992233360426262,23,323,873.9206507496257,7239,2795,59608.69311819885,0
48191,Hall County,"Hall County, Texas",TX,1,TX-13,RONNY JACKSON,REPUBLICAN,2820,1169,48459,16.25225225225225,1,9,100,856.3550958986353,1895,785,48459,1
48305,Lynn County,"Lynn County, Texas",TX,1,TX-19,JODEY C. ARRINGTON,REPUBLICAN,5752,2099,73679,15.207858270478864,1,5,68,19.974677680139017,3325,1232,73544.28182641295,1
48107,Crosby County,"Crosby County, Texas",TX,1,TX-19,JODEY C. ARRINGTON,REPUBLICAN,5041,1929,52188,20.081053698074975,1,5,102,293.6799528085776,3195,1204,52027.960930786045,3
48137,Edwards County,"Edwards County, Texas",TX,1,TX-23,TONY GONZALES,REPUBLICAN,1290,404,40313,31.865492393915133,1,2,22,4.387595444273584,279,79,40313,1
31129,Nuckolls County,"Nuckolls County, Nebraska",NE,1,NE-03,ADRIAN SMITH,REPUBLICAN,4087,1919,73976,5.6972999752291305,1,7,51,9.948491638539238,2076,955,68695.51215103679,0
31153,Sarpy County,"Sarpy County, Nebraska",NE,2,NE-02 / NE-01,DON BACON / MIKE FLOOD,REPUBLICAN,197389,74097,103321,5.570199636281902,0.05156764810811945,12,57,13.862782293163713,7033,2736,117786.9624343978,1
31049,Deuel County,"Deuel County, Nebraska",NE,1,NE-03,ADRIAN SMITH,REPUBLICAN,1847,837,70096,9.417528579205227,1,2,13,2.3503253146145027,690,314,70096,0
26101,Manistee County,"Manistee County, Michigan",MI,1,MI-02,JOHN R. MOOLENAAR,REPUBLICAN,25350,10561,63516,12.652534255133064,0.6766938318951742,11,71,27.441554609441443,1955,832,67843.9937295171,1
19131,Mitchell County,"Mitchell County, Iowa",IA,1,IA-02,ASHLEY HINSON,REPUBLICAN,10575,4597,71365,9.46688518268582,1,5,33,5.137218266954869,957,414,79247.42690949103,0
26161,Washtenaw County,"Washtenaw County, Michigan",MI,1,MI-06,DEBBIE DINGELL,DEMOCRAT,369822,150550,89180,14.171762374884706,0.17194795007763433,22,112,21.93039895625046,6930,2786,108357.0743384773,1
19129,Mills County,"Mills County, Iowa",IA,1,IA-04,RANDY FEENSTRA,REPUBLICAN,14568,5394,90753,8.218893050353724,0.654170118751726,8,58,4.317216100526424,1234,472,90104.98036766662,0
46067,Hutchinson County,"Hutchinson County, South Dakota",SD,1,SD-AL,DUSTY JOHNSON,REPUBLICAN,7404,2908,73977,12.158565625437737,1,6,25,10.648465607690657,2117,850,73827.0786787915,0
46033,Custer County,"Custer County, South Dakota",SD,1,SD-AL,DUSTY JOHNSON,REPUBLICAN,8892,4451,84112,8.97362712638429,1,9,50,4037.448475565233,8198,4390,84133.13725227599,0
06075,San Francisco County,"San Francisco County, California",CA,4,CA-11 / CA-15 / CA-12 / CA-02,NANCY PELOSI / KEVIN MULLIN / LATEEFAH SIMON / JARED HUFFMAN,DEMOCRAT,830235,363970,140970,11.151727125650748,0,1,2,0.10012221541587424,0,0,NA,0
08017,Cheyenne County,"Cheyenne County, Colorado",CO,1,CO-04,LAUREN BOEBERT,REPUBLICAN,1741,785,70865,8.225616921269095,1,3,26,3.7139572261509755,581,261,70865,0
01037,Coosa County,"Coosa County, Alabama",AL,1,AL-06,GARY J. PALMER,REPUBLICAN,10300,4418,57355,13.125750901081297,1,5,22,70.43956585088158,1782,734,46318.32101518634,2
22009,Avoyelles Parish,"Avoyelles Parish, Louisiana",LA,2,LA-05 / LA-06,JULIA LETLOW / CLEO FIELDS,REPUBLICAN / DEMOCRAT,38905,14441,39325,27.835989632162356,0.8316579749578011,9,81,61.955145613342225,8413,2952,44629.657699749,7
31177,Washington County,"Washington County, Nebraska",NE,1,NE-03,ADRIAN SMITH,REPUBLICAN,21106,8429,94396,6.398467432950191,0.6165348670021568,8,27,7.5183876452135125,2320,914,114681.26668577464,0
34029,Ocean County,"Ocean County, New Jersey",NJ,2,NJ-04 / NJ-02,CHRISTOPHER H. SMITH / JEFFERSON VAN DREW,REPUBLICAN,654362,243843,89863,10.499636936672486,0.03693177805780967,28,145,17.681228641132126,15122,6559,98236.44313472831,2
17011,Bureau County,"Bureau County, Illinois",IL,2,IL-16 / IL-14,DARIN LAHOOD / LAUREN UNDERWOOD,REPUBLICAN / DEMOCRAT,32866,14028,69257,10.764898817996164,0.5498435807965347,24,210,26.874274153319956,7778,3194,71813.82104622219,0
20191,Sumner County,"Sumner County, Kansas",KS,1,KS-04,RON ESTES,REPUBLICAN,22353,8970,63951,10.636542779890931,0.6264855687606112,16,105,1236.2735742387865,6836,2775,68957.06561750016,1
01133,Winston County,"Winston County, Alabama",AL,1,AL-04,ROBERT B. ADERHOLT,REPUBLICAN,23682,9420,57256,18.657198192382182,1,3,19,10.270661519964479,722,317,53283.363483072804,1
24510,Baltimore city,"Baltimore city, Maryland",MD,2,MD-07 / MD-02,"KWEISI MFUME / JOHN \""JOHNNY O\"" OLSZEWSKI, JR.",DEMOCRAT,573243,255668,62177,19.749650786881514,0,3,17,0.43697442207908105,645,300,76350.06765352767,1
48027,Bell County,"Bell County, Texas",TX,2,TX-31 / TX-11,JOHN R. CARTER / AUGUST PFLUGER,REPUBLICAN,386897,142305,68865,14.504480548833994,0.13690654450191153,14,282,351.5351514339287,11473,4400,86962.9368354111,0
48021,Bastrop County,"Bastrop County, Texas",TX,2,TX-10 / TX-27,MICHAEL T. MCCAUL / MICHAEL CLOUD,REPUBLICAN,106582,36868,86226,10.176661342626204,0.7200460829493087,9,81,16.464764304573244,2335,873,100560.65692017307,0
48441,Taylor County,"Taylor County, Texas",TX,1,TX-19,JODEY C. ARRINGTON,REPUBLICAN,145863,54934,67139,14.673633348581884,0.1750600525110329,9,192,763.1733762846062,8406,3198,93388.31495977842,0
38039,Griggs County,"Griggs County, North Dakota",ND,1,ND-AL,JULIE FEDORCHAK,REPUBLICAN,2245,992,61711,11.712962962962964,1,5,24,3.246589779136952,446,192,61711,0
39149,Shelby County,"Shelby County, Ohio",OH,2,OH-04 / OH-15,JIM JORDAN / MIKE CAREY,REPUBLICAN,47929,18906,73978,11.596592470458917,0.5701015965166909,14,92,24.008051816793838,5278,1919,89611.53447383593,0
27071,Koochiching County,"Koochiching County, Minnesota",MN,1,MN-08,PETE STAUBER,REPUBLICAN,11833,5872,66940,10.869565217391305,0.45489968496103467,4,14,6.185519329940636,1405,668,69590.48486463274,0
20181,Sherman County,"Sherman County, Kansas",KS,1,KS-01,TRACEY MANN,REPUBLICAN,5858,2449,61750,10.194086704153818,0.25105449637253247,1,7,0.6622070242618718,73,33,79142,0
21083,Graves County,"Graves County, Kentucky",KY,1,KY-01,JAMES COMER,REPUBLICAN,36630,14139,50772,19.851720703773378,0.6655843269939152,7,42,141.6901777497462,6029,2215,54035.732853730406,3
30079,Prairie County,"Prairie County, Montana",MT,1,MT-02,TROY DOWNING,REPUBLICAN,1250,545,51250,20.607553366174056,1,0,0,0,0,0,NA,0
12061,Indian River County,"Indian River County, Florida",FL,1,FL-08,MIKE HARIDOPOLOS,REPUBLICAN,166936,70816,73491,11.056930243813904,0.07242721606128119,3,16,6.430764335986233,2846,925,68435.7603181225,0
37041,Chowan County,"Chowan County, North Carolina",NC,1,NC-01,DONALD G. DAVIS,DEMOCRAT,13836,6134,53864,19.088905216752387,0.684199007878611,0,0,0,0,0,NA,0
39075,Holmes County,"Holmes County, Ohio",OH,2,OH-12 / OH-07,TROY BALDERSON / MAX L. MILLER,REPUBLICAN,44418,13395,76140,9.261212510318261,1,15,125,23.912892375989237,5902,2137,66313.43737805935,1
26095,Luce County,"Luce County, Michigan",MI,1,MI-01,JACK BERGMAN,REPUBLICAN,6271,2455,54893,16.673003802281368,1,3,20,3.6264731275613267,1404,594,49673.79431765923,1
27067,Kandiyohi County,"Kandiyohi County, Minnesota",MN,1,MN-07,MICHELLE FISCHBACH,REPUBLICAN,44079,17603,76592,9.10797469234513,0.4296167566084332,14,51,17.562270760053714,4839,1990,92735.71193647529,0
27121,Pope County,"Pope County, Minnesota",MN,1,MN-07,MICHELLE FISCHBACH,REPUBLICAN,11418,4958,76220,9.428749665805187,0.6284046692607004,7,31,9.36131227548153,3175,1403,66834.89368518778,0
28099,Neshoba County,"Neshoba County, Mississippi",MS,1,MS-03,MICHAEL GUEST,REPUBLICAN,28932,10283,57013,23.10024973242954,0.7554233850173617,10,76,238.41942371794025,2439,789,45287.70028632994,3
01045,Dale County,"Dale County, Alabama",AL,1,AL-01,BARRY MOORE,REPUBLICAN,49599,19727,54963,18.71958606246022,0.5045209423022341,5,44,33.317257374885806,4135,1680,51078.95471384021,4
40071,Kay County,"Kay County, Oklahoma",OK,1,OK-03,FRANK D. LUCAS,REPUBLICAN,43625,16776,58423,15.999338577469114,0.3108466819221968,19,176,1876.0648867158445,23168,8878,64861.33451319852,3
12091,Okaloosa County,"Okaloosa County, Florida",FL,1,FL-01,MATT GAETZ,REPUBLICAN,216599,85411,81998,9.31765106318606,0.10641192811383865,10,61,192.42161346226257,9162,3794,83935.27870339222,0
13099,Early County,"Early County, Georgia",GA,1,GA-02,"SANFORD D. BISHOP, JR.",DEMOCRAT,10603,4114,54083,23.621446288876168,1,4,17,4.929387366242143,474,168,45212.755238617574,1
37143,Perquimans County,"Perquimans County, North Carolina",NC,1,NC-01,DONALD G. DAVIS,DEMOCRAT,13244,5614,67917,9.828381341196039,1,2,12,6.852526801032145,1964,827,76722.26708579568,1
38033,Golden Valley County,"Golden Valley County, North Dakota",ND,1,ND-AL,JULIE FEDORCHAK,REPUBLICAN,1653,699,68021,19.82758620689655,1,3,21,3.5750297154395203,482,194,68021,0
38013,Burke County,"Burke County, North Dakota",ND,1,ND-AL,JULIE FEDORCHAK,REPUBLICAN,2156,904,91591,5.890538033395177,1,7,54,1584.9401964355948,1181,485,91591,0
28009,Benton County,"Benton County, Mississippi",MS,1,MS-01,TRENT KELLY,REPUBLICAN,7589,3074,46016,21.52101400933956,1,9,61,144.34316433843213,3227,1334,47623.1603001457,3
29085,Hickory County,"Hickory County, Missouri",MO,1,MO-04,MARK ALFORD,REPUBLICAN,8585,3601,39390,19.761762954139368,1,10,68,92.97224758252969,3184,1431,39506.617239797946,4
29065,Dent County,"Dent County, Missouri",MO,1,MO-08,JASON SMITH,REPUBLICAN,14539,5618,56312,12.22075300995198,0.6751958948755288,3,28,124.23357002341538,2127,785,58644.2932536851,1
31111,Lincoln County,"Lincoln County, Nebraska",NE,1,NE-03,ADRIAN SMITH,REPUBLICAN,33802,14890,65148,12.358834244080146,0.31993309493597877,6,37,6.751087167517732,1832,759,76625.64062337238,0
31081,Hamilton County,"Hamilton County, Nebraska",NE,1,NE-03,ADRIAN SMITH,REPUBLICAN,9464,3628,83994,5.221876007306329,1,6,28,3.7181687032582333,784,302,90111.03120966768,0
46105,Perkins County,"Perkins County, South Dakota",SD,1,SD-AL,DUSTY JOHNSON,REPUBLICAN,3001,1309,66908,13.72549019607843,1,5,43,5850.384527003405,2004,925,66908,0
21019,Boyd County,"Boyd County, Kentucky",KY,1,KY-05,HAROLD ROGERS,REPUBLICAN,47911,19309,61118,16.94767568509563,0.23791467230268748,1,7,0.016189404977074665,0,0,NA,0
46043,Douglas County,"Douglas County, South Dakota",SD,1,SD-AL,DUSTY JOHNSON,REPUBLICAN,2828,1138,86442,11.049723756906078,1,5,21,32.71202583214337,681,273,86442,0
23005,Cumberland County,"Cumberland County, Maine",ME,1,ME-01,CHELLIE PINGREE,DEMOCRAT,308827,132168,95677,7.347634322373697,0.37645552662924947,18,125,36.66736611285883,7195,3237,113884.03013857354,0
13101,Echols County,"Echols County, Georgia",GA,1,GA-08,AUSTIN SCOTT,REPUBLICAN,3709,1145,59489,14.208681585332974,1,3,11,0.3790269077340973,151,47,65655.42229216555,1
13239,Quitman County,"Quitman County, Georgia",GA,1,GA-02,"SANFORD D. BISHOP, JR.",DEMOCRAT,2264,1067,40179,15.680212014134275,0.7369127516778523,5,22,29.97306064607456,1682,803,40179,1
39087,Lawrence County,"Lawrence County, Ohio",OH,1,OH-02,DAVID J. TAYLOR,REPUBLICAN,56819,22650,58325,17.72964872531354,0.4527815934065934,3,27,18.13651197850372,3436,1317,62541.21075441661,1
39053,Gallia County,"Gallia County, Ohio",OH,1,OH-02,DAVID J. TAYLOR,REPUBLICAN,29068,11614,56830,16.442787819115267,0.8036618754277892,2,14,3.7153223597745852,359,116,49545,1
39039,Defiance County,"Defiance County, Ohio",OH,1,OH-09,MARCY KAPTUR,DEMOCRAT,38343,15327,73064,10.48008280035031,0.5357310766337565,7,32,12.37000361034072,1545,587,85012.46288152855,0
38095,Towner County,"Towner County, North Dakota",ND,1,ND-AL,JULIE FEDORCHAK,REPUBLICAN,2079,989,67350,8.500244259892526,1,3,15,4.745428481747185,451,206,67350,0
56023,Lincoln County,"Lincoln County, Wyoming",WY,1,WY-AL,HARRIET M. HAGEMAN,REPUBLICAN,20486,8324,89330,7.4571288584027435,1,26,178,45.822809765587046,8054,3240,94700.11661418113,0
55131,Washington County,"Washington County, Wisconsin",WI,1,WI-05,SCOTT FITZGERALD,REPUBLICAN,137879,57070,96359,5.7879923585084505,0.38358888864515467,6,21,14.551396898508022,2100,888,115532.02382627806,0
55077,Marquette County,"Marquette County, Wisconsin",WI,1,WI-06,GLENN GROTHMAN,REPUBLICAN,15746,6987,65681,13.05240202681034,1,8,24,5.651440649061298,1446,634,66095.99541095224,0
48291,Liberty County,"Liberty County, Texas",TX,1,TX-36,BRIAN BABIN,REPUBLICAN,103380,31183,68703,18.65603667959595,0.7737045444623915,60,683,227.26376460458513,20134,7113,70226.65707337593,2
37025,Cabarrus County,"Cabarrus County, North Carolina",NC,2,NC-08 / NC-06,MARK HARRIS / ADDISON MCDOWELL,REPUBLICAN,236133,84246,89005,9.272572714962473,0.17272058953782926,32,210,23.78665419117744,10972,4032,105324.62412386292,0
13111,Fannin County,"Fannin County, Georgia",GA,1,GA-09,ANDREW S. CLYDE,REPUBLICAN,25742,11890,57073,13.696917607532132,1,15,73,55.19144493395581,1526,682,54949.22431036982,2
13115,Floyd County,"Floyd County, Georgia",GA,1,GA-14,MARJORIE TAYLOR GREENE,REPUBLICAN,99693,36856,65565,16.020331325301203,0.38729408423273554,1,4,3.9684929899339547,311,60,61161.00000000001,0
02198,Prince of Wales-Hyder Census Area,"Prince of Wales-Hyder Census Area, Alaska",AK,1,AK-AL,NICK BEGICH,REPUBLICAN,5715,2419,61156,12.696450644534698,1,9,45,94.09979996216582,0,0,NA,0
40025,Cimarron County,"Cimarron County, Oklahoma",OK,1,OK-03,FRANK D. LUCAS,REPUBLICAN,2218,707,62188,7.441016333938294,1,2,18,12.568205097010642,1140,329,57702.42612302028,0
41037,Lake County,"Lake County, Oregon",OR,1,OR-02,CLIFF BENTZ,REPUBLICAN,8267,3480,62787,14.86433856938855,1,3,22,14.22080286468184,2964,1253,67002.33184942666,1
02016,Aleutians West Census Area,"Aleutians West Census Area, Alaska",AK,1,AK-AL,NICK BEGICH,REPUBLICAN,5235,956,135500,11.305201177625122,1,4,29,411.13206915874395,0,0,NA,0
42083,McKean County,"McKean County, Pennsylvania",PA,1,PA-15,GLENN THOMPSON,REPUBLICAN,39904,16369,62905,13.695669791188308,0.723906806489909,15,70,27.77677887062642,6085,2414,66085.36400532637,1
54105,Wirt County,"Wirt County, West Virginia",WV,1,WV-01,CAROL D. MILLER,REPUBLICAN,5053,2041,49867,16.833067092651756,1,2,26,22.563667591750605,1499,611,49839.625326269335,1
55097,Portage County,"Portage County, Wisconsin",WI,1,WI-03,DERRICK VAN ORDEN,REPUBLICAN,70832,29679,76070,10.085379652897178,0.36605709251602087,8,32,9.853611827868242,3171,1391,79253.27489959988,0
55047,Green Lake County,"Green Lake County, Wisconsin",WI,1,WI-06,GLENN GROTHMAN,REPUBLICAN,19263,8285,68196,13.772739256525178,0.7264696603218004,5,19,12.536566016902828,2204,967,72406.18277226585,1
40123,Pontotoc County,"Pontotoc County, Oklahoma",OK,1,OK-04,TOM COLE,REPUBLICAN,38235,15134,63017,12.574220015113895,0.5464600026270853,10,67,233.82818197344452,3726,1556,68990.50063512858,1
40097,Mayes County,"Mayes County, Oklahoma",OK,1,OK-02,JOSH BRECHEEN,REPUBLICAN,39604,15315,60305,16.174434702353484,0.7583363212621012,17,97,413.1998842245649,10164,4012,55904.43402695114,4
27161,Waseca County,"Waseca County, Minnesota",MN,1,MN-01,BRAD FINSTAD,REPUBLICAN,18885,7477,76261,7.500980337236009,0.5143926613243357,4,18,6.861690053786059,2084,819,83173.33530096628,0
27101,Murray County,"Murray County, Minnesota",MN,1,MN-07,MICHELLE FISCHBACH,REPUBLICAN,8097,3609,74033,9.318323952470294,1,9,38,12.470836132823282,2667,1163,70612.21641878814,0
27039,Dodge County,"Dodge County, Minnesota",MN,1,MN-01,BRAD FINSTAD,REPUBLICAN,21045,8083,95739,7.040139447053697,0.6334403603776297,6,28,11.684746862421967,3759,1470,97514.21301746617,0
27113,Pennington County,"Pennington County, Minnesota",MN,1,MN-07,MICHELLE FISCHBACH,REPUBLICAN,13791,6207,77325,10.462538791192552,0.3644939965694683,5,15,2.209093074431471,373,155,86683.53825845008,0
28085,Lincoln County,"Lincoln County, Mississippi",MS,1,MS-03,MICHAEL GUEST,REPUBLICAN,34877,13158,51119,21.157754165940894,0.7091700804996133,12,89,192.52774580561473,3181,1042,64683.89973252641,3
42115,Susquehanna County,"Susquehanna County, Pennsylvania",PA,1,PA-09,DANIEL MEUSER,REPUBLICAN,38219,15517,68487,11.405688306195813,1,22,92,13.421022948976438,4684,1971,61667.39747040342,2
46009,Bon Homme County,"Bon Homme County, South Dakota",SD,1,SD-AL,DUSTY JOHNSON,REPUBLICAN,7044,2418,64435,10.573086688429452,1,5,15,10.10629462692761,2208,777,64468.79438806362,0
47109,McNairy County,"McNairy County, Tennessee",TN,1,TN-08,DAVID KUSTOFF,REPUBLICAN,25970,9939,53473,16.52456195244055,1,3,20,123.2224387782166,3838,1445,57878.24762952976,1
47027,Clay County,"Clay County, Tennessee",TN,1,TN-06,JOHN W. ROSE,REPUBLICAN,7670,3486,39972,24.196945760926802,1,1,7,0.9260501129423719,5,2,36139.19759024408,1
55107,Rusk County,"Rusk County, Wisconsin",WI,1,WI-07,THOMAS P. TIFFANY,REPUBLICAN,14179,6355,59944,13.11017131388431,1,7,32,13.6259169109036,3671,1818,49751.15804286582,0
55021,Columbia County,"Columbia County, Wisconsin",WI,1,WI-06,GLENN GROTHMAN,REPUBLICAN,58272,24158,85351,7.751172549987658,0.6624209266541289,25,105,69.6599421590392,13166,5504,95927.18404386308,0
40149,Washita County,"Washita County, Oklahoma",OK,1,OK-03,FRANK D. LUCAS,REPUBLICAN,10815,4131,63501,14.10062417249858,1,14,124,1798.713097651142,6588,2450,67747.91138749635,2
40131,Rogers County,"Rogers County, Oklahoma",OK,2,OK-02 / OK-01,JOSH BRECHEEN / KEVIN HERN,REPUBLICAN,98610,36672,80067,8.854742541824683,0.548372532549349,10,40,259.7335597027694,11696,4396,81697.39072292393,0
40127,Pushmataha County,"Pushmataha County, Oklahoma",OK,1,OK-02,JOSH BRECHEEN,REPUBLICAN,10790,4431,47940,20.708549834671704,1,9,58,382.25666199841277,4214,1829,40969.665766939775,6
28079,Leake County,"Leake County, Mississippi",MS,1,MS-02,BENNIE G. THOMPSON,DEMOCRAT,21319,7414,50728,20.521329293512238,1,15,129,363.054327240296,7782,2658,51143.24586866195,3
28105,Oktibbeha County,"Oktibbeha County, Mississippi",MS,2,MS-03 / MS-01,MICHAEL GUEST / TRENT KELLY,REPUBLICAN,51771,21840,46695,25.534738995147638,0.3664169305630648,24,151,359.5389930962224,15772,6980,49480.7853370697,11
28067,Jones County,"Jones County, Mississippi",MS,2,MS-04 / MS-03,MIKE EZELL / MICHAEL GUEST,REPUBLICAN,66472,24957,52216,18.73970662931552,0.6252416500609702,19,164,528.0361269106992,25562,9422,62503.87022175197,8
28135,Tallahatchie County,"Tallahatchie County, Mississippi",MS,1,MS-02,BENNIE G. THOMPSON,DEMOCRAT,11764,4306,37466,24.617038430529426,1,18,112,545.2288954532647,8637,2918,38560.41638239135,5
05119,Pulaski County,"Pulaski County, Arkansas",AR,3,AR-02 / AR-01 / AR-04,"J. FRENCH HILL / ERIC A. \""RICK\"" CRAWFORD / BRUCE WESTERMAN",REPUBLICAN,399818,172409,62873,16.696089636311687,0.11361603507673035,7,28,75.45908487801891,4008,1678,84946.43230393107,1
55103,Richland County,"Richland County, Wisconsin",WI,1,WI-03,DERRICK VAN ORDEN,REPUBLICAN,17205,7250,66420,14.540076900325348,0.7154415164123902,6,23,5.029938736284983,986,408,68456.35381870212,0
55135,Waupaca County,"Waupaca County, Wisconsin",WI,1,WI-08,TONY WIED,REPUBLICAN,51569,22571,72830,10.395163375295825,0.6364162742221879,8,45,18.569179683782995,4107,1792,74180.56780860765,1
55087,Outagamie County,"Outagamie County, Wisconsin",WI,1,WI-08,TONY WIED,REPUBLICAN,192826,78382,85069,6.28550031380036,0.25393146482787554,13,50,20.783778022209198,5881,2212,91420.14835420955,0
40153,Woodward County,"Woodward County, Oklahoma",OK,1,OK-03,FRANK D. LUCAS,REPUBLICAN,20158,7925,61417,14.021286441462285,0.4402540302882267,9,66,1109.1952319280592,5537,2104,67813.69734440983,0
40069,Johnston County,"Johnston County, Oklahoma",OK,1,OK-02,JOSH BRECHEEN,REPUBLICAN,10278,3891,52688,22.89572545436085,1,12,100,624.604170203915,7507,2805,52107.7656975087,4
42075,Lebanon County,"Lebanon County, Pennsylvania",PA,1,PA-09,DANIEL MEUSER,REPUBLICAN,144186,56712,78425,10.10071491193682,0.2538584501978961,27,121,37.45393371799677,10495,4092,85342.32564608258,0
28115,Pontotoc County,"Pontotoc County, Mississippi",MS,1,MS-01,TRENT KELLY,REPUBLICAN,31550,11819,51484,16.713537006263582,1,14,104,249.65078547482346,8960,3473,56422.238872661925,2
28123,Scott County,"Scott County, Mississippi",MS,1,MS-03,MICHAEL GUEST,REPUBLICAN,27718,9686,48786,22.15606049536056,1,13,119,591.3270702102974,10915,4035,47078.32986603361,3
28159,Winston County,"Winston County, Mississippi",MS,1,MS-03,MICHAEL GUEST,REPUBLICAN,17536,7141,53031,26.860275250758107,1,17,119,726.6743542325702,7560,2893,61880.4430018934,4
28043,Grenada County,"Grenada County, Mississippi",MS,1,MS-02,BENNIE G. THOMPSON,DEMOCRAT,21217,8464,48804,24.60554165864922,0.5248971288547783,10,81,352.7255383633715,5186,2011,55062.23091699767,2
48197,Hardeman County,"Hardeman County, Texas",TX,1,TX-13,RONNY JACKSON,REPUBLICAN,3501,1230,63333,10.679894951852933,1,12,91,580.9458685146626,2327,806,63333,1
48483,Wheeler County,"Wheeler County, Texas",TX,1,TX-13,RONNY JACKSON,REPUBLICAN,4862,1928,60167,15.400799495055754,1,4,52,11.414175941743784,1973,777,55851.81851328764,1
48017,Bailey County,"Bailey County, Texas",TX,1,TX-19,JODEY C. ARRINGTON,REPUBLICAN,6913,2209,61420,12.023721275018532,0.25275202780996525,1,8,23.308061684506495,58,17,42339,1
47175,Van Buren County,"Van Buren County, Tennessee",TN,1,TN-06,JOHN W. ROSE,REPUBLICAN,6437,2569,54931,16.10006414368185,1,0,0,0,0,0,NA,0
48439,Tarrant County,"Tarrant County, Texas",TX,7,TX-12 / TX-24 / TX-25 / TX-33 / TX-06 / TX-30 / TX-26,CRAIG GOLDMAN / BETH VAN DUYNE / ROGER WILLIAMS / MARC A. VEASEY / JAKE ELLZEY / JASMINE CROCKETT / BRANDON GILL,REPUBLICAN / DEMOCRAT,2167390,782419,84207,11.10551396973143,0.012281582837433195,52,824,68.48349526260972,32482,12472,113160.79161523421,0
42021,Cambria County,"Cambria County, Pennsylvania",PA,1,PA-13,JOHN JOYCE,REPUBLICAN,131538,55973,58418,14.228258614360726,0.46083822824262766,28,120,105.3014143537539,22511,8973,63035.52145062691,3
42081,Lycoming County,"Lycoming County, Pennsylvania",PA,2,PA-15 / PA-09,GLENN THOMPSON / DANIEL MEUSER,REPUBLICAN,113489,46861,63917,12.834418267757483,0.40438574981609277,31,155,36.45217509236425,12237,4706,72993.9952565579,1
28019,Choctaw County,"Choctaw County, Mississippi",MS,1,MS-01,TRENT KELLY,REPUBLICAN,8118,3464,50919,18.44976796688825,1,15,108,464.6850573190794,5866,2510,46930.528877542325,3
29101,Johnson County,"Johnson County, Missouri",MO,1,MO-04,MARK ALFORD,REPUBLICAN,54732,21087,67272,11.810430299424945,0.5276877788680503,12,80,176.39328532314204,6529,2714,69179.44426605926,0
29203,Shannon County,"Shannon County, Missouri",MO,1,MO-08,JASON SMITH,REPUBLICAN,7177,2882,55222,18.034212815308784,1,4,37,11.401690301891485,1423,586,54591.223985226854,1
48485,Wichita County,"Wichita County, Texas",TX,1,TX-13,RONNY JACKSON,REPUBLICAN,129996,49017,63524,16.491183559558543,0.12748357170467722,10,118,175.56847078467214,5468,2069,55316.718322377616,3
49027,Millard County,"Millard County, Utah",UT,1,UT-02,CELESTE MALOY,REPUBLICAN,13315,4357,73639,7.679440389294404,1,15,121,127.31603724977555,5538,1826,71844.31311876688,0
51099,King George County,"King George County, Virginia",VA,1,VA-07,EUGENE S. VINDMAN,DEMOCRAT,27896,10133,116884,7.482598607888631,1,15,128,27.879954505076192,5065,1843,119198.63254782595,1
48307,McCulloch County,"McCulloch County, Texas",TX,1,TX-11,AUGUST PFLUGER,REPUBLICAN,7514,3297,54043,15.333423876137443,0.35950196592398426,6,84,489.38100600603144,807,374,60279.45442565015,1
48177,Gonzales County,"Gonzales County, Texas",TX,1,TX-27,MICHAEL CLOUD,REPUBLICAN,19851,7926,58672,15.817214205301402,0.6462117742838244,5,94,11.87997629979846,2151,832,58445.23718939502,2
48221,Hood County,"Hood County, Texas",TX,1,TX-25,ROGER WILLIAMS,REPUBLICAN,65894,25523,88160,7.6599935371689725,0.4108412610799052,50,730,91.32794930016405,16708,6659,89934.17214820835,0
42065,Jefferson County,"Jefferson County, Pennsylvania",PA,1,PA-15,GLENN THOMPSON,REPUBLICAN,43864,18344,58686,14.149099539299176,0.7346938775510204,8,40,14.388371984357258,5141,2062,58680.49189327049,1
42009,Bedford County,"Bedford County, Pennsylvania",PA,1,PA-13,JOHN JOYCE,REPUBLICAN,47513,19750,59992,11.554505597411994,0.9065304664018328,24,115,34.050458159890006,7975,3330,59417.87354104025,4
29073,Gasconade County,"Gasconade County, Missouri",MO,1,MO-03,BOB ONDER,REPUBLICAN,14746,6061,64232,12.582185618381894,1,10,83,20.211073270784695,5423,2350,58281.54953711737,0
29109,Lawrence County,"Lawrence County, Missouri",MO,1,MO-07,ERIC BURLISON,REPUBLICAN,38593,14602,61215,14.528938351616246,0.7152969658693192,8,55,20.74478392551461,3675,1399,61196.69358737613,3
29079,Grundy County,"Grundy County, Missouri",MO,1,MO-06,SAM GRAVES,REPUBLICAN,9787,3907,51975,17.580101180438447,0.4467781402936378,8,75,65.05420433799807,407,155,57930.06728607554,0
29215,Texas County,"Texas County, Missouri",MO,1,MO-08,JASON SMITH,REPUBLICAN,25161,9503,50036,19.813440746237013,0.9938334626536529,9,84,677.0819037904606,11817,4395,47433.30536751516,6
51089,Henry County,"Henry County, Virginia",VA,1,VA-09,H. MORGAN GRIFFITH,REPUBLICAN,49980,21043,50760,16.017457274544192,0.6506437936719792,8,58,11.562284724120541,1875,757,54692.261050508016,3
48501,Yoakum County,"Yoakum County, Texas",TX,1,TX-19,JODEY C. ARRINGTON,REPUBLICAN,7571,2612,84925,16.780045351473923,1,1,14,4.051006175264566,984,357,76544,0
48227,Howard County,"Howard County, Texas",TX,1,TX-19,JODEY C. ARRINGTON,REPUBLICAN,32290,12191,69649,13.821418713773117,0.1693918531267929,2,23,6.687523355310636,1399,549,81365.28654266596,0
48099,Coryell County,"Coryell County, Texas",TX,1,TX-31,JOHN R. CARTER,REPUBLICAN,84748,26986,71301,11.175003667302333,0.19528720830876248,12,159,188.67205992276232,7674,2970,70926.99346205925,0
48451,Tom Green County,"Tom Green County, Texas",TX,1,TX-11,AUGUST PFLUGER,REPUBLICAN,119577,46756,68370,11.113046204218117,0.16683749572927342,14,227,116.26222233166139,5824,2181,87192.58289145652,0
48149,Fayette County,"Fayette County, Texas",TX,1,TX-10,MICHAEL T. MCCAUL,REPUBLICAN,25042,10403,75854,8.628759819284465,0.7945569879271537,8,151,503.70180784386366,6331,2688,78831.51746936332,2
48447,Throckmorton County,"Throckmorton County, Texas",TX,1,TX-19,JODEY C. ARRINGTON,REPUBLICAN,1639,737,59216,24.22208663819402,1,3,78,949.9079442168652,583,298,59216.00000000001,1
48009,Archer County,"Archer County, Texas",TX,1,TX-13,RONNY JACKSON,REPUBLICAN,8867,3468,72159,9.173478655767484,0.8735981308411215,8,113,327.7755606902069,5448,2196,78651.89702848926,1
42109,Snyder County,"Snyder County, Pennsylvania",PA,1,PA-15,GLENN THOMPSON,REPUBLICAN,39668,14600,66876,9.439762839340123,0.703467888061204,16,83,25.035520714594142,9185,3567,71577.744713323,0
42131,Wyoming County,"Wyoming County, Pennsylvania",PA,1,PA-09,DANIEL MEUSER,REPUBLICAN,25967,10912,72460,11.52088383738028,0.9532394798419579,27,105,11.028110535776275,3295,1332,73024.35554516737,0
29175,Randolph County,"Randolph County, Missouri",MO,1,MO-06,SAM GRAVES,REPUBLICAN,24365,9247,53033,13.879985754985755,0.5078896261530992,3,13,8.713467921864645,1775,568,60968.24934779982,0
29117,Livingston County,"Livingston County, Missouri",MO,1,MO-06,SAM GRAVES,REPUBLICAN,14364,5608,63627,11.944869831546708,0.3733598955828811,9,80,1326.047741866131,6970,2281,80805.67347946916,1
29125,Maries County,"Maries County, Missouri",MO,1,MO-03,BOB ONDER,REPUBLICAN,8450,3428,59455,13.513835877862595,1,6,32,79.58566431723492,1461,595,58140.07740364859,2
29205,Shelby County,"Shelby County, Missouri",MO,1,MO-06,SAM GRAVES,REPUBLICAN,5986,2391,51594,15.924121127741037,1,5,35,803.0774284340971,4050,1533,51628.44018136603,0
51077,Grayson County,"Grayson County, Virginia",VA,1,VA-09,H. MORGAN GRIFFITH,REPUBLICAN,15287,6337,47730,16.468697596422583,0.9988912802452227,7,52,7.865430774604909,1080,417,47014.71711379584,2
53059,Skamania County,"Skamania County, Washington",WA,1,WA-03,MARIE GLUESENKAMP PEREZ,DEMOCRAT,12402,5019,93265,8.074735987002438,1,14,40,35.428979555690425,4221,1790,85687.07811716631,0
48013,Atascosa County,"Atascosa County, Texas",TX,1,TX-28,HENRY CUELLAR,DEMOCRAT,51008,16786,70770,15.832969128690054,0.714521957493722,4,63,116.64743326462185,1414,575,62055.573162197325,1
48143,Erath County,"Erath County, Texas",TX,1,TX-25,ROGER WILLIAMS,REPUBLICAN,43794,16816,65115,16.560588424676194,0.5098836526031261,18,207,235.31982960381166,2446,1074,92361.5341464599,1
48375,Potter County,"Potter County, Texas",TX,1,TX-13,RONNY JACKSON,REPUBLICAN,115975,42581,53249,20.826552070951816,0.11264290234127822,3,36,2.635865276316433,347,124,108595.9817866812,0
48341,Moore County,"Moore County, Texas",TX,1,TX-13,RONNY JACKSON,REPUBLICAN,21373,7157,61762,18.280230689231352,0.3145893810281862,5,75,13.154014003024079,4444,1556,56325.82037338214,0
48233,Hutchinson County,"Hutchinson County, Texas",TX,1,TX-13,RONNY JACKSON,REPUBLICAN,20184,7000,67228,13.32395498392283,0.3768249502837464,5,60,15.739361785729967,1836,573,52825.75304602792,2
48319,Mason County,"Mason County, Texas",TX,1,TX-11,AUGUST PFLUGER,REPUBLICAN,3955,1711,74180,6.9926526475804405,1,1,23,9.449968531344961,1997,822,76252.71758649516,0
45011,Barnwell County,"Barnwell County, South Carolina",SC,1,SC-02,JOE WILSON,REPUBLICAN,20521,8116,46626,25.007472352296503,1,4,21,22.84928112784939,3804,1490,42256.43235620182,4
29057,Dade County,"Dade County, Missouri",MO,1,MO-04,MARK ALFORD,REPUBLICAN,7641,3057,53750,12.5651650848817,1,6,35,10.352479283088243,1718,693,54604.84265809667,2
29185,St. Clair County,"St. Clair County, Missouri",MO,1,MO-04,MARK ALFORD,REPUBLICAN,9587,4071,53043,14.679294016358158,1,9,53,492.79825586284596,3465,1527,51795.12266193028,1
29199,Scotland County,"Scotland County, Missouri",MO,1,MO-06,SAM GRAVES,REPUBLICAN,4686,1550,68913,7.310704960835509,1,1,11,3.6639922882820026,1603,566,55903,0
30107,Wheatland County,"Wheatland County, Montana",MT,1,MT-02,TROY DOWNING,REPUBLICAN,2056,883,49489,23.016264169541646,1,4,20,2.096067109918437,636,271,49489,1
53003,Asotin County,"Asotin County, Washington",WA,1,WA-05,MICHAEL BAUMGARTNER,REPUBLICAN,22467,9490,72283,14.158415841584159,0.07260489118240969,1,5,2.8959714676847748,786,324,87063,0
53023,Garfield County,"Garfield County, Washington",WA,1,WA-05,MICHAEL BAUMGARTNER,REPUBLICAN,2353,1031,64884,11.994840928632845,1,1,9,4.088856913323509,734,331,64884,0
48019,Bandera County,"Bandera County, Texas",TX,1,TX-21,CHIP ROY,REPUBLICAN,22021,9255,75813,13.469971841388542,1,27,347,46.106059967156114,4343,1934,69759.82248286539,1
48279,Lamb County,"Lamb County, Texas",TX,1,TX-19,JODEY C. ARRINGTON,REPUBLICAN,12828,4677,60760,15.028671551449506,0.5687236489076274,7,99,34.4248303828678,3442,1163,60012.62188492027,1
48175,Goliad County,"Goliad County, Texas",TX,1,TX-27,MICHAEL CLOUD,REPUBLICAN,7141,2811,59359,13.028668748225943,1,4,47,30.41665828833266,1433,581,58960.55777131462,1
48023,Baylor County,"Baylor County, Texas",TX,1,TX-13,RONNY JACKSON,REPUBLICAN,3485,1530,45370,21.786237188872622,1,2,50,725.8812190260737,2411,1053,45770.99150392969,3
48317,Martin County,"Martin County, Texas",TX,1,TX-19,JODEY C. ARRINGTON,REPUBLICAN,5218,1973,93734,8.318756073858115,1,3,62,142.82622317801025,2030,737,93657.2146361856,0
45081,Saluda County,"Saluda County, South Carolina",SC,1,SC-03,SHERI BIGGS,REPUBLICAN,19131,7670,51009,18.698499894358758,0.9856855052486481,3,29,6.543565745697152,586,232,55353.121583625914,2
45023,Chester County,"Chester County, South Carolina",SC,1,SC-05,RALPH NORMAN,REPUBLICAN,32182,13159,52458,18.680529536655428,0.733356041369914,3,8,9.160409764467468,1957,802,31723.04282043695,2
30017,Custer County,"Custer County, Montana",MT,1,MT-02,TROY DOWNING,REPUBLICAN,11961,5038,70605,11.335078534031414,0.22246566107693605,0,0,0,0,0,NA,0
30033,Garfield County,"Garfield County, Montana",MT,1,MT-02,TROY DOWNING,REPUBLICAN,1094,432,69583,13.413506012950972,1,1,6,0.8752983621969481,118,43,69583,0
30011,Carter County,"Carter County, Montana",MT,1,MT-02,TROY DOWNING,REPUBLICAN,1308,600,54167,15.396578538102643,1,1,8,2.2727931903624436,177,75,54167,0
30109,Wibaux County,"Wibaux County, Montana",MT,1,MT-02,TROY DOWNING,REPUBLICAN,1193,461,67462,15.807560137457045,1,1,6,1.875428079486543,171,84,67462,0
54053,Mason County,"Mason County, West Virginia",WV,1,WV-01,CAROL D. MILLER,REPUBLICAN,25043,10211,49761,19.404206563548573,0.6871881507091502,9,65,18.621754264681517,3967,1456,56735.698295318885,3
55079,Milwaukee County,"Milwaukee County, Wisconsin",WI,3,WI-04 / WI-01 / WI-05,GWEN MOORE / BRYAN STEIL / SCOTT FITZGERALD,DEMOCRAT / REPUBLICAN,926331,392399,64435,17.22111025236211,0.0027695907030311157,7,20,0.9987858345786808,2373,1030,70455.71552652796,0
48275,Knox County,"Knox County, Texas",TX,1,TX-13,RONNY JACKSON,REPUBLICAN,3307,1246,56667,15.741611790529946,1,9,147,482.15498888092196,2017,755,57659.516221935504,0
48425,Somervell County,"Somervell County, Texas",TX,1,TX-25,ROGER WILLIAMS,REPUBLICAN,9691,3713,79825,7.51311647429171,1,5,81,13.751945383390757,2493,965,69843.42239800974,0
48163,Frio County,"Frio County, Texas",TX,1,TX-23,TONY GONZALES,REPUBLICAN,18582,5437,66010,19.514289218692507,0.50704378569486,2,25,13.687593586089775,573,220,95437.22472804603,0
48313,Madison County,"Madison County, Texas",TX,1,TX-10,MICHAEL T. MCCAUL,REPUBLICAN,13648,4225,74596,10.892653383656631,1,9,99,377.89200536047804,3521,1117,78228.06397914334,0
48411,San Saba County,"San Saba County, Texas",TX,1,TX-11,AUGUST PFLUGER,REPUBLICAN,5696,2090,55819,10.733241596225673,1,5,94,794.6040635416339,3345,1275,54201.66786728131,0
48263,Kent County,"Kent County, Texas",TX,1,TX-19,JODEY C. ARRINGTON,REPUBLICAN,734,308,72889,9.852941176470589,1,2,21,11.118257118557851,275,113,72889,0
46107,Potter County,"Potter County, South Dakota",SD,1,SD-AL,DUSTY JOHNSON,REPUBLICAN,2388,1066,72045,6.177105831533478,1,5,41,4.196213764032262,614,265,72045,0
46037,Day County,"Day County, South Dakota",SD,1,SD-AL,DUSTY JOHNSON,REPUBLICAN,5437,2371,66033,14.820387436524356,1,7,29,132.97269474765926,1963,914,60030.74010265103,0
46035,Davison County,"Davison County, South Dakota",SD,1,SD-AL,DUSTY JOHNSON,REPUBLICAN,19952,8899,66208,11.16858439776206,0.2137702946482261,5,22,105.32106643586394,639,240,76524.25268279368,1
46077,Kingsbury County,"Kingsbury County, South Dakota",SD,1,SD-AL,DUSTY JOHNSON,REPUBLICAN,5244,2112,74000,10.583870337824644,1,7,31,1461.4938281080788,3133,1288,73532.39103176628,0
46057,Hamlin County,"Hamlin County, South Dakota",SD,1,SD-AL,DUSTY JOHNSON,REPUBLICAN,6373,2194,87101,6.862586791538834,1,7,49,24.548956327889268,1502,534,87333.87508432977,0
31089,Holt County,"Holt County, Nebraska",NE,1,NE-03,ADRIAN SMITH,REPUBLICAN,10102,4050,68513,11.693386773547093,1,6,38,7.341032142822756,1287,521,75147.72373350582,0
31079,Hall County,"Hall County, Nebraska",NE,1,NE-03,ADRIAN SMITH,REPUBLICAN,62536,24587,69251,14.099547217578994,0.12395261944510692,5,26,5.570659561987252,2100,860,87602.08707830614,0
31119,Madison County,"Madison County, Nebraska",NE,1,NE-01,MIKE FLOOD,REPUBLICAN,35532,14462,63128,13.091528162511542,0.2735984263032176,8,50,10.530931003513862,2982,1045,76657.67418607122,1
55063,La Crosse County,"La Crosse County, Wisconsin",WI,1,WI-03,DERRICK VAN ORDEN,REPUBLICAN,120488,51497,73013,12.387251435765656,0.18109186647238046,16,54,14.146713796083528,5048,2038,85160.10631209328,0
55123,Vernon County,"Vernon County, Wisconsin",WI,1,WI-03,DERRICK VAN ORDEN,REPUBLICAN,31049,12424,71893,13.0913593118728,0.8683336589177574,12,52,21.853082837297357,4456,1754,71817.8327288547,0
48075,Childress County,"Childress County, Texas",TX,1,TX-13,RONNY JACKSON,REPUBLICAN,6743,1838,58654,15.345509320278667,0.32232893157262904,9,82,1029.8334551138405,1788,439,66090.76729927135,0
48433,Stonewall County,"Stonewall County, Texas",TX,1,TX-19,JODEY C. ARRINGTON,REPUBLICAN,1227,513,56875,14.902624894157494,1,6,82,113.4912386451835,494,204,56875,0
38089,Stark County,"Stark County, North Dakota",ND,1,ND-AL,JULIE FEDORCHAK,REPUBLICAN,33302,13537,84449,12.082333394868009,0.23693752600606313,6,28,11.298963884127398,1262,509,83315.06309022664,0
38093,Stutsman County,"Stutsman County, North Dakota",ND,1,ND-AL,JULIE FEDORCHAK,REPUBLICAN,21549,9437,61856,12.610708534621578,0.2957439911082295,9,41,3.2258432647544413,348,135,91852.87662814815,0
38043,Kidder County,"Kidder County, North Dakota",ND,1,ND-AL,JULIE FEDORCHAK,REPUBLICAN,2377,1170,65610,10.222970130416492,1,3,19,9.580405116872488,251,123,65610,0
46007,Bennett County,"Bennett County, South Dakota",SD,1,SD-AL,DUSTY JOHNSON,REPUBLICAN,3345,920,53750,29.942476536481987,1,1,7,1.62738331144657,957,283,64807.462333355084,0
46019,Butte County,"Butte County, South Dakota",SD,1,SD-AL,DUSTY JOHNSON,REPUBLICAN,10676,4306,75652,8.631121194932879,0.5031728985648736,9,28,776.0914549583749,3234,1229,73046.99136621956,0
31019,Buffalo County,"Buffalo County, Nebraska",NE,1,NE-03,ADRIAN SMITH,REPUBLICAN,50579,19984,75911,9.877975512233524,0.3106381279450523,12,61,12.712642520731258,4427,1737,82233.0617951946,0
31159,Seward County,"Seward County, Nebraska",NE,1,NE-01,MIKE FLOOD,REPUBLICAN,17641,6788,82444,7.378901716449819,0.5756147424612414,9,51,7.021013515590667,2102,841,83263.32592498258,0
31001,Adams County,"Adams County, Nebraska",NE,1,NE-03,ADRIAN SMITH,REPUBLICAN,31052,13076,68365,12.673447393237236,0.20503124499278963,6,56,5.073481983262751,1791,708,100478.79095337061,0
05111,Poinsett County,"Poinsett County, Arkansas",AR,1,AR-01,"ERIC A. \""RICK\"" CRAWFORD",REPUBLICAN,22543,8792,46707,20.099322799097067,0.6850424559111692,12,58,209.04359618539888,8655,3181,48376.1609683811,4
05141,Van Buren County,"Van Buren County, Arkansas",AR,1,AR-02,J. FRENCH HILL,REPUBLICAN,15998,7432,50354,19.122673756171668,1,2,6,7.116523382593054,313,137,56944,0
05079,Lincoln County,"Lincoln County, Arkansas",AR,1,AR-01,"ERIC A. \""RICK\"" CRAWFORD",REPUBLICAN,12950,3592,51778,15.3545569474773,1,5,32,115.16747194713328,5702,1162,50071.783057831584,2
48109,Culberson County,"Culberson County, Texas",TX,1,TX-23,TONY GONZALES,REPUBLICAN,2195,868,58777,19.47634359209922,1,2,32,13.27263752537737,1116,443,58777,0
48413,Schleicher County,"Schleicher County, Texas",TX,1,TX-23,TONY GONZALES,REPUBLICAN,2381,964,86694,9.923664122137405,1,1,32,11.689983114899157,923,363,86694,0
38045,LaMoure County,"LaMoure County, North Dakota",ND,1,ND-AL,JULIE FEDORCHAK,REPUBLICAN,4118,1745,80664,8.70110330992979,1,9,35,1879.212608389058,2770,1184,79312.60091918419,0
39011,Auglaize County,"Auglaize County, Ohio",OH,1,OH-04,JIM JORDAN,REPUBLICAN,46125,18940,78660,7.081978736490642,0.38705786049717805,8,71,19.045275292965403,7703,3007,88408.48482933975,0
39045,Fairfield County,"Fairfield County, Ohio",OH,1,OH-12,TROY BALDERSON,REPUBLICAN,163453,60357,90966,8.012565287452896,0.3558938088735913,20,145,33.149009249438045,11465,4633,85363.05481180846,0
46102,Oglala Lakota County,"Oglala Lakota County, South Dakota",SD,1,SD-AL,DUSTY JOHNSON,REPUBLICAN,13491,2923,41417,57.56931257121155,1,4,23,1.2769809244004258,12,3,52396.99999999999,1
47039,Decatur County,"Decatur County, Tennessee",TN,1,TN-07,MARK E. GREEN,REPUBLICAN,11579,4568,45375,22.147120786516854,1,4,32,132.21503173552918,3041,1156,48912.516122709145,3
21237,Wolfe County,"Wolfe County, Kentucky",KY,1,KY-05,HAROLD ROGERS,REPUBLICAN,6443,2673,30417,37.73644889524718,1,0,0,0,0,0,NA,0
21153,Magoffin County,"Magoffin County, Kentucky",KY,1,KY-05,HAROLD ROGERS,REPUBLICAN,11348,4734,33080,38.16143497757847,1,1,5,22.06637430048175,2161,788,25962.222949935043,3
31101,Keith County,"Keith County, Nebraska",NE,1,NE-03,ADRIAN SMITH,REPUBLICAN,8219,4051,60645,10.372012811037202,0.43359328134373126,2,13,1.3007034757414768,308,145,63563,0
31003,Antelope County,"Antelope County, Nebraska",NE,1,NE-03,ADRIAN SMITH,REPUBLICAN,6305,2636,66105,9.240871236386932,1,8,44,9.355407187659107,2461,1051,65490.76226638595,0
31141,Platte County,"Platte County, Nebraska",NE,1,NE-01,MIKE FLOOD,REPUBLICAN,34716,13658,71552,9.76029394610988,0.2757756006531374,10,54,7.395928457734237,1663,650,90590.40976589889,0
48011,Armstrong County,"Armstrong County, Texas",TX,1,TX-13,RONNY JACKSON,REPUBLICAN,1822,767,72750,5.194805194805195,1,2,29,4.7940633055616235,799,332,72750,0
48095,Concho County,"Concho County, Texas",TX,1,TX-11,AUGUST PFLUGER,REPUBLICAN,3328,814,65795,11.394971613949716,1,2,22,6.776565939111385,768,189,65795,0
49001,Beaver County,"Beaver County, Utah",UT,1,UT-02,CELESTE MALOY,REPUBLICAN,7273,2518,79360,6.64259927797834,1,3,24,20.74018590738979,1404,533,80581.33292794341,0
51121,Montgomery County,"Montgomery County, Virginia",VA,1,VA-09,H. MORGAN GRIFFITH,REPUBLICAN,99101,36961,72715,23.94723433165374,0.2608477652650896,10,50,6.990869226826781,1594,599,73385.18865045585,0
39151,Stark County,"Stark County, Ohio",OH,2,OH-06 / OH-13,MICHAEL A. RULLI / EMILIA STRONG SYKES,REPUBLICAN / DEMOCRAT,373713,155955,67934,12.45598338655,0.1475831859422227,21,124,44.26350852385305,10514,4179,67908.13282634206,1
39071,Highland County,"Highland County, Ohio",OH,1,OH-02,DAVID J. TAYLOR,REPUBLICAN,43517,16938,65785,14.097152585060982,0.7371932497633723,4,32,11.720000572573333,2658,947,71261.51565457774,0
39063,Hancock County,"Hancock County, Ohio",OH,1,OH-05,ROBERT E. LATTA,REPUBLICAN,74866,31615,73141,9.941520467836257,0.3180859583555793,8,58,16.13703658862639,3612,1386,88420.30339009424,0
21223,Trimble County,"Trimble County, Kentucky",KY,1,KY-04,THOMAS MASSIE,REPUBLICAN,8550,3382,66027,13.280417012202346,1,2,6,0.31924941529846207,15,6,72171,0
21103,Henry County,"Henry County, Kentucky",KY,1,KY-04,THOMAS MASSIE,REPUBLICAN,15856,6147,63347,16.419047619047618,1,2,8,13.409718157371126,2808,1115,53264.1928911587,2
22045,Iberia Parish,"Iberia Parish, Louisiana",LA,1,LA-03,CLAY HIGGINS,REPUBLICAN,68599,26816,56961,22.839187454821722,0.3243718628895022,2,14,4.4599464975852605,939,389,56766.47521429255,1
22073,Ouachita Parish,"Ouachita Parish, Louisiana",LA,2,LA-04 / LA-05,MIKE JOHNSON / JULIA LETLOW,REPUBLICAN,158480,61489,54688,23.16561502874332,0.2519455252918288,12,107,75.11617623763306,7422,2679,69957.11983703014,4
31143,Polk County,"Polk County, Nebraska",NE,2,NE-03 / NE-01,ADRIAN SMITH / MIKE FLOOD,REPUBLICAN,5225,2114,69768,7.872174590802806,1,5,27,19.39068720461274,1957,788,68777.12395300878,0
31173,Thurston County,"Thurston County, Nebraska",NE,1,NE-03,ADRIAN SMITH,REPUBLICAN,6627,1990,69177,13.891044544466864,1,0,0,0,0,0,NA,0
31085,Hayes County,"Hayes County, Nebraska",NE,1,NE-03,ADRIAN SMITH,REPUBLICAN,843,377,69250,12.69276393831554,1,2,10,0.7129195089931271,66,29,69250,0
51683,Manassas city,"Manassas city, Virginia",VA,1,VA-10,SUHAS SUBRAMANYAM,DEMOCRAT,42976,14203,113590,7.741131667411081,0,0,0,0,0,0,NA,0
51049,Cumberland County,"Cumberland County, Virginia",VA,1,VA-05,JOHN J. MCGUIRE III,REPUBLICAN,9818,4010,55325,8.54230377166157,0.9330232558139535,1,11,0.6447065297403511,81,37,51818,0
51540,Charlottesville city,"Charlottesville city, Virginia",VA,1,VA-05,JOHN J. MCGUIRE III,REPUBLICAN,45437,19815,74824,19.64500105934697,0,1,7,5.910624309054705e-4,0,0,NA,0
39069,Henry County,"Henry County, Ohio",OH,1,OH-05,ROBERT E. LATTA,REPUBLICAN,27567,11451,80099,8.747149268005591,0.6794158050755549,10,68,26.91569006159133,4390,1840,74983.50276744651,0
39083,Knox County,"Knox County, Ohio",OH,1,OH-12,TROY BALDERSON,REPUBLICAN,63142,23491,73878,11.640016124697661,0.6971827617544363,8,45,9.18173617983698,4087,1323,74545.01371932914,1
39101,Marion County,"Marion County, Ohio",OH,1,OH-04,JIM JORDAN,REPUBLICAN,65020,24683,59371,16.646476882697357,0.34686883214247466,3,20,1.5454074002797042,927,377,70516.97677215675,0
39117,Morrow County,"Morrow County, Ohio",OH,1,OH-04,JIM JORDAN,REPUBLICAN,35404,13463,75283,12.804441773274949,0.9998855507868384,6,35,11.734433114953086,2146,862,73032.98120615666,1
39055,Geauga County,"Geauga County, Ohio",OH,1,OH-14,DAVID P. JOYCE,REPUBLICAN,95481,35807,107860,5.567966458798742,0.7855383292975671,29,244,40.283206471912656,11951,4460,115905.12232688532,0
22121,West Baton Rouge Parish,"West Baton Rouge Parish, Louisiana",LA,1,LA-06,CLEO FIELDS,DEMOCRAT,27974,10974,87299,12.905713026876194,0.26103900878708775,2,7,22.532003577492738,632,232,82007,0
23011,Kennebec County,"Kennebec County, Maine",ME,2,ME-02 / ME-01,JARED F. GOLDEN / CHELLIE PINGREE,DEMOCRAT,126808,54312,69077,11.633182641620289,0.6223289820611119,20,114,103.27381682182974,9730,3960,79913.68821253872,0
35006,Cibola County,"Cibola County, New Mexico",NM,1,NM-02,GABE VASQUEZ,DEMOCRAT,26845,8503,50759,28.398731668648434,0.6330045635212719,10,48,66.60542970059223,1986,619,69934.42050842199,1
35041,Roosevelt County,"Roosevelt County, New Mexico",NM,1,NM-03,TERESA LEGER FERNANDEZ,DEMOCRAT,18928,7441,52685,21.84888091097773,0.3641811265697462,4,26,27.81481009183278,417,175,61115.87256437003,0
35059,Union County,"Union County, New Mexico",NM,1,NM-03,TERESA LEGER FERNANDEZ,DEMOCRAT,4013,1438,46694,16.577086280056577,1,3,22,29.827182575126347,1791,631,46694,1
51036,Charles City County,"Charles City County, Virginia",VA,1,VA-04,JENNIFER L. MCCLELLAN,DEMOCRAT,6627,2911,75417,9.445709946848899,1,5,39,5.872540397652526,234,103,85655.2079014402,0
51045,Craig County,"Craig County, Virginia",VA,1,VA-09,H. MORGAN GRIFFITH,REPUBLICAN,4856,1735,69057,13.748657357679914,1,1,8,2.497373927498381,674,239,69057,0
51595,Emporia city,"Emporia city, Virginia",VA,1,VA-04,JENNIFER L. MCCLELLAN,DEMOCRAT,5547,2157,51899,15.80923770184003,0.049774540409295874,0,0,0,0,0,NA,0
51600,Fairfax city,"Fairfax city, Virginia",VA,1,VA-11,GERALD E. CONNOLLY,DEMOCRAT,25026,9155,132348,9.096519377931376,0,0,0,0,0,0,NA,0
51678,Lexington city,"Lexington city, Virginia",VA,1,VA-06,BEN CLINE,REPUBLICAN,7525,2187,84517,14.044032444959443,0,0,0,0,0,0,NA,0
39097,Madison County,"Madison County, Ohio",OH,1,OH-15,MIKE CAREY,REPUBLICAN,44423,15686,87045,8.45712567950099,0.6616009492515517,13,74,10.554599090367761,4478,1643,106346.69626426394,0
39005,Ashland County,"Ashland County, Ohio",OH,1,OH-04,JIM JORDAN,REPUBLICAN,52256,20720,69860,13.284060307039097,0.6338017427116899,10,73,11.343636902041846,3511,1436,63568.431766427675,0
39031,Coshocton County,"Coshocton County, Ohio",OH,1,OH-12,TROY BALDERSON,REPUBLICAN,36744,14786,55577,18.5154456705108,0.6631159182781602,7,47,7.231022748024334,2557,998,55273.99829622623,2
39047,Fayette County,"Fayette County, Ohio",OH,2,OH-15 / OH-02,MIKE CAREY / DAVID J. TAYLOR,REPUBLICAN,28876,11582,63275,15.526743446619092,0.48088148941314635,5,31,4.134048808913836,1656,651,65567.07201089001,3
26123,Newaygo County,"Newaygo County, Michigan",MI,1,MI-02,JOHN R. MOOLENAAR,REPUBLICAN,50792,19651,63304,12.82000238882032,0.8966545279923166,8,52,17.220605471400457,3462,1317,60887.77629878758,1
26107,Mecosta County,"Mecosta County, Michigan",MI,1,MI-02,JOHN R. MOOLENAAR,REPUBLICAN,41242,16708,60951,19.859609571143107,0.7447751422672105,13,67,8.040176121856348,1615,714,67884.1058028657,2
26057,Gratiot County,"Gratiot County, Michigan",MI,1,MI-02,JOHN R. MOOLENAAR,REPUBLICAN,41385,14775,63556,13.968487454386015,0.5829362323699145,7,40,22.277026376011584,3613,1459,64984.739546463,2
26037,Clinton County,"Clinton County, Michigan",MI,1,MI-07,TOM BARRETT,REPUBLICAN,79626,31639,88210,9.683282072138482,0.5131938125568699,11,70,17.571247632517483,5673,2175,86335.40691987767,0
36117,Wayne County,"Wayne County, New York",NY,1,NY-24,CLAUDIA TENNEY,CONSERVATIVE / REPUBLICAN,90929,38404,74506,11.432691774363525,0.7477953178576515,12,92,27.360480438876127,5930,2469,64726.15800178264,3
36089,St. Lawrence County,"St. Lawrence County, New York",NY,1,NY-21,ELISE M. STEFANIK,CONSERVATIVE / REPUBLICAN,107226,41666,62850,16.864157051548105,0.6693516427814387,23,151,48.019118311262886,9249,3700,66249.01757204367,2
51580,Covington city,"Covington city, Virginia",VA,1,VA-06,BEN CLINE,REPUBLICAN,5680,2576,41944,25.683157706733347,0.00644936377897856,3,19,3.7909818808074522,861,397,43726.35333054554,3
51720,Norton city,"Norton city, Virginia",VA,1,VA-09,H. MORGAN GRIFFITH,REPUBLICAN,3577,1605,41495,26.306866346425544,0.09899647409818281,0,0,0,0,0,NA,0
54049,Marion County,"Marion County, West Virginia",WV,1,WV-02,RILEY MOORE,REPUBLICAN,55909,23339,67370,13.562337233613322,0.43480117427275156,26,145,107.3897471708993,17764,7047,69753.24091791797,1
40103,Noble County,"Noble County, Oklahoma",OK,1,OK-03,FRANK D. LUCAS,REPUBLICAN,10897,4147,66365,12.863344658361646,0.5930977663859393,16,147,1395.8271094779611,5056,1886,75751.40465761418,0
40055,Greer County,"Greer County, Oklahoma",OK,1,OK-03,FRANK D. LUCAS,REPUBLICAN,5489,1948,59406,16.91712204007286,1,13,131,896.046219348214,3307,1174,57910.962422246026,1
26133,Osceola County,"Osceola County, Michigan",MI,1,MI-02,JOHN R. MOOLENAAR,REPUBLICAN,23227,9356,58267,15.837044799580823,1,4,38,11.472660258689157,3182,1365,54176.74781283131,3
26039,Crawford County,"Crawford County, Michigan",MI,1,MI-01,JACK BERGMAN,REPUBLICAN,13369,6231,60392,14.717696097006442,0.998383122882661,3,18,3.6396709479413603,1176,555,59548.724082087036,2
27037,Dakota County,"Dakota County, Minnesota",MN,1,MN-02,ANGIE CRAIG,DEMOCRAT,445771,174362,106318,5.847376099219988,0.049811085700255976,12,50,6.040142307029351,4411,1673,117023.25738040014,0
37181,Vance County,"Vance County, North Carolina",NC,1,NC-01,DONALD G. DAVIS,DEMOCRAT,42322,16147,50465,19.791020563958202,0.532763398938419,5,27,6.739140642073616,1228,444,60484.75507302261,2
37157,Rockingham County,"Rockingham County, North Carolina",NC,1,NC-05,VIRGINIA FOXX,REPUBLICAN,92131,39606,57053,16.280101605049193,0.6091705453587424,31,180,37.06468761788422,7998,3658,61486.15561721327,5
38001,Adams County,"Adams County, North Dakota",ND,1,ND-AL,JULIE FEDORCHAK,REPUBLICAN,2145,1030,62500,14.786365818530966,1,4,23,2.817525161488407,440,206,62500,0
38075,Renville County,"Renville County, North Dakota",ND,1,ND-AL,JULIE FEDORCHAK,REPUBLICAN,2304,969,74301,9.066666666666666,1,4,26,5.230806577702863,446,189,74301,0
54101,Webster County,"Webster County, West Virginia",WV,1,WV-01,CAROL D. MILLER,REPUBLICAN,8144,2899,43839,23.272231855338124,1,3,22,18.412795383792428,2274,815,42959.2764674542,2
54079,Putnam County,"Putnam County, West Virginia",WV,1,WV-01,CAROL D. MILLER,REPUBLICAN,57177,23251,79527,10.59227921734532,0.3393976323119777,1,2,1.3600977837250032,93,40,66570,0
40051,Grady County,"Grady County, Oklahoma",OK,1,OK-04,TOM COLE,REPUBLICAN,56606,20688,75419,12.180274566473988,0.7216351856921251,14,115,372.52479507221295,6624,2527,70146.12625087517,2
27111,Otter Tail County,"Otter Tail County, Minnesota",MN,1,MN-07,MICHELLE FISCHBACH,REPUBLICAN,60475,25157,72255,8.726446837146703,0.7791980825885055,16,65,21.97192742049987,4500,1795,74016.42481938786,0
27109,Olmsted County,"Olmsted County, Minnesota",MN,1,MN-01,BRAD FINSTAD,REPUBLICAN,164498,66918,95406,7.498825507504389,0.17368450140315755,14,50,9.45435216418803,3503,1328,107840.18379077938,0
27085,McLeod County,"McLeod County, Minnesota",MN,1,MN-07,MICHELLE FISCHBACH,REPUBLICAN,36798,15215,80084,8.665118336651183,0.44499741644230506,8,36,8.40894083563228,4070,1582,85037.64801470486,0
27095,Mille Lacs County,"Mille Lacs County, Minnesota",MN,1,MN-08,PETE STAUBER,REPUBLICAN,27125,10672,72729,10.38454323766648,0.8184738652254432,8,39,13.05857008550046,3540,1567,64877.51549780965,1
39025,Clermont County,"Clermont County, Ohio",OH,1,OH-02,DAVID J. TAYLOR,REPUBLICAN,211181,84955,85510,9.119061864305372,0.26269289217213726,5,41,47.492256337371565,10159,4038,65728.42522447743,1
39037,Darke County,"Darke County, Ohio",OH,1,OH-08,WARREN DAVIDSON,REPUBLICAN,51594,21297,64486,11.028242821534416,0.7172953489716852,11,81,14.003743633585586,7690,3053,73577.88282954898,4
40053,Grant County,"Grant County, Oklahoma",OK,1,OK-03,FRANK D. LUCAS,REPUBLICAN,4131,1612,60758,17.5,1,15,131,1598.100493267867,2342,906,60690.01700516061,1
19025,Calhoun County,"Calhoun County, Iowa",IA,1,IA-04,RANDY FEENSTRA,REPUBLICAN,9803,3993,64964,9.26472194908773,1,12,93,22.597435264433038,3829,1597,66026.09062294659,0
47111,Macon County,"Macon County, Tennessee",TN,1,TN-06,JOHN W. ROSE,REPUBLICAN,26240,9421,59177,17.161410018552875,0.7551554568527918,2,14,5.076616915010364,12,5,47363,0
48421,Sherman County,"Sherman County, Texas",TX,1,TX-13,RONNY JACKSON,REPUBLICAN,2295,843,61250,10.358565737051793,1,5,91,6.001692889221868,1299,394,61250,0
06031,Kings County,"Kings County, California",CA,2,CA-22 / CA-20,DAVID G. VALADAO / VINCE FONG,REPUBLICAN,153298,44052,70995,15.981898638101649,0.10913788806841283,9,40,7.131770571780644,3394,999,52023.80396385642,0
27153,Todd County,"Todd County, Minnesota",MN,1,MN-07,MICHELLE FISCHBACH,REPUBLICAN,25575,10209,67662,11.498810467882633,0.9942205684427203,9,40,11.598060142656522,3067,1247,60011.96516086848,0
27009,Benton County,"Benton County, Minnesota",MN,1,MN-06,TOM EMMER,REPUBLICAN,41593,16719,74410,9.86573406050527,0.4503492109524155,8,39,8.049942872078628,3178,1191,95848.21317520367,0
46047,Fall River County,"Fall River County, South Dakota",SD,1,SD-AL,DUSTY JOHNSON,REPUBLICAN,7258,3632,67917,16.566695229934304,1,10,50,4526.291406088102,4452,2290,70500.22045663434,0
36085,Richmond County,"Richmond County, New York",NY,1,NY-11,NICOLE MALLIOTAKIS,CONSERVATIVE / REPUBLICAN,494956,170777,98333,11.486727794795605,0,0,0,0,0,0,NA,0
01123,Tallapoosa County,"Tallapoosa County, Alabama",AL,1,AL-03,MIKE ROGERS,REPUBLICAN,40938,17076,59356,16.318752491032285,0.7840768802498124,3,17,10.193509243020351,622,282,47606.109672247956,1
18021,Clay County,"Clay County, Indiana",IN,1,IN-08,MARK MESSMER,REPUBLICAN,26409,10549,70010,11.705414381710048,0.5999773294037634,6,28,10.648124813090163,1988,764,82936.4698557695,0
46061,Hanson County,"Hanson County, South Dakota",SD,1,SD-AL,DUSTY JOHNSON,REPUBLICAN,3472,1132,81071,7.031700288184438,1,4,27,1126.769547144785,2961,969,81071,0
46045,Edmunds County,"Edmunds County, South Dakota",SD,1,SD-AL,DUSTY JOHNSON,REPUBLICAN,4048,1630,81630,9.93309315491508,1,7,24,8.819093141784824,1200,486,81772.72493389236,0
21057,Cumberland County,"Cumberland County, Kentucky",KY,1,KY-01,JAMES COMER,REPUBLICAN,5948,2630,40000,24.798628963153384,1,1,4,21.05001724669724,1269,548,48798.44715741,2
26111,Midland County,"Midland County, Michigan",MI,2,MI-08 / MI-02,KRISTEN MCDONALD RIVET / JOHN R. MOOLENAAR,DEMOCRAT / REPUBLICAN,83757,34993,77705,10.738840990941831,0.43216279014060893,7,26,5.943465947780177,1396,569,79071.85795766057,1
12051,Hendry County,"Hendry County, Florida",FL,1,FL-18,SCOTT FRANKLIN,REPUBLICAN,42382,14130,56393,22.529510961214164,0.3600040384663924,4,13,1.668764806380827,271,100,65593.8681421063,0
13297,Walton County,"Walton County, Georgia",GA,1,GA-10,MIKE COLLINS,REPUBLICAN,103313,35755,84945,11.926794361558217,0.5806067878311421,6,24,15.14242754112991,2656,956,65357.55001948772,1
13263,Talbot County,"Talbot County, Georgia",GA,1,GA-02,"SANFORD D. BISHOP, JR.",DEMOCRAT,5742,2529,41597,25.23266022827041,1,5,27,10.764790988888501,893,401,39845.948368761194,3
13277,Tift County,"Tift County, Georgia",GA,1,GA-08,AUSTIN SCOTT,REPUBLICAN,41438,15640,53255,20.800994267742098,0.40547600619195046,5,25,17.218563779620492,2309,812,58407.87776483713,1
48365,Panola County,"Panola County, Texas",TX,1,TX-01,NATHANIEL MORAN,REPUBLICAN,22726,8898,64894,11.193360251233736,0.7186430127606598,24,332,605.9945366745834,9098,3581,68288.84917130125,1
47047,Fayette County,"Fayette County, Tennessee",TN,1,TN-08,DAVID KUSTOFF,REPUBLICAN,43267,17210,88456,10.27168453757563,0.7468683019766611,7,51,123.33211401252946,5354,2463,97939.15698821725,2
37005,Alleghany County,"Alleghany County, North Carolina",NC,1,NC-05,VIRGINIA FOXX,REPUBLICAN,11174,5177,47172,15.979055701002077,1,4,47,17.531932487235192,2139,1034,44533.58548662919,2
38021,Dickey County,"Dickey County, North Dakota",ND,1,ND-AL,JULIE FEDORCHAK,REPUBLICAN,4935,1962,68654,11.754500108436348,1,8,31,2956.717958308849,4623,1811,71767.72662568308,0
27123,Ramsey County,"Ramsey County, Minnesota",MN,2,MN-04 / MN-05,BETTY MCCOLLUM / ILHAN OMAR,DEMOCRAT,542945,221327,81568,12.338218203463818,2.0095880887549967e-4,5,19,0.5069117157290333,2123,887,84433.82525352639,0
27079,Le Sueur County,"Le Sueur County, Minnesota",MN,1,MN-02,ANGIE CRAIG,DEMOCRAT,29113,11650,94968,6.444452152197288,0.8577456929622654,8,33,10.734890680923044,4313,1738,93599.86949039895,0
16019,Bonneville County,"Bonneville County, Idaho",ID,1,ID-02,MICHAEL K. SIMPSON,REPUBLICAN,129523,44184,79068,9.766685177508545,0.1519150721177116,29,136,16.616119097024644,5660,1932,96023.49221252537,0
16051,Jefferson County,"Jefferson County, Idaho",ID,1,ID-02,MICHAEL K. SIMPSON,REPUBLICAN,33154,10199,86679,9.680354218475163,0.667119873102198,15,61,6.993296913361071,2387,738,87897.96265855723,0
17051,Fayette County,"Fayette County, Illinois",IL,1,IL-15,MARY E. MILLER,REPUBLICAN,21315,7814,60944,15.472054005757967,0.6225800446760983,8,61,9.817430962083877,2417,986,65866.21368741641,0
51071,Giles County,"Giles County, Virginia",VA,1,VA-09,H. MORGAN GRIFFITH,REPUBLICAN,16557,6698,65691,9.341127755450007,1,14,68,58.244370179201205,7782,3121,64961.35175712253,0
51710,Norfolk city,"Norfolk city, Virginia",VA,1,VA-03,"ROBERT C. \""BOBBY\"" SCOTT",DEMOCRAT,233596,94965,66109,16.498731729192652,0,0,0,0,0,0,NA,0
29105,Laclede County,"Laclede County, Missouri",MO,1,MO-04,MARK ALFORD,REPUBLICAN,36390,14558,53282,18.201332552758497,0.5918310718943367,5,34,92.23003502757614,1125,459,53263.7233955328,0
50013,Grand Isle County,"Grand Isle County, Vermont",VT,1,VT-AL,BECCA BALINT,DEMOCRAT,7450,3140,97396,7.938005390835579,1,7,48,100.39643094568835,4095,1752,101007.64668577645,0
28073,Lamar County,"Lamar County, Mississippi",MS,1,MS-04,MIKE EZELL,REPUBLICAN,65713,25381,70909,14.684939074920965,0.5374949394288562,7,55,164.32687663314297,7884,2952,71961.90288897742,1
05065,Izard County,"Izard County, Arkansas",AR,1,AR-01,"ERIC A. \""RICK\"" CRAWFORD",REPUBLICAN,14009,5232,49405,22.275803064478495,1,11,63,177.89577376186023,5998,2293,47315.942625997974,4
08025,Crowley County,"Crowley County, Colorado",CO,1,CO-04,LAUREN BOEBERT,REPUBLICAN,5647,1337,48826,19.41025641025641,1,7,47,5.325990438232757,2654,613,49108.08664927867,2
17147,Piatt County,"Piatt County, Illinois",IL,2,IL-15 / IL-13,MARY E. MILLER / NIKKI BUDZINSKI,REPUBLICAN / DEMOCRAT,16695,6924,94811,6.138816860640415,0.641036406165657,9,83,14.335871271654577,4945,1987,87969.7920240047,0
17103,Lee County,"Lee County, Illinois",IL,1,IL-16,DARIN LAHOOD,REPUBLICAN,33869,13337,70292,11.823366361869564,0.5317908917850344,15,128,10.699724258340922,3423,1375,76175.14942500948,0
17171,Scott County,"Scott County, Illinois",IL,1,IL-15,MARY E. MILLER,REPUBLICAN,4937,2046,66705,11.463664278403275,1,6,48,7.864653393062608,1788,741,63791.46549510284,0
55105,Rock County,"Rock County, Wisconsin",WI,2,WI-02 / WI-01,MARK POCAN / BRYAN STEIL,DEMOCRAT / REPUBLICAN,164350,67201,75673,9.260117822326897,0.20038854643313153,12,50,15.77593316654954,4737,1900,86186.27853348412,0
56021,Laramie County,"Laramie County, Wyoming",WY,1,WY-AL,HARRIET M. HAGEMAN,REPUBLICAN,101060,43279,80173,8.873603443247754,0.21153693091372175,16,101,12.246998093880242,5090,2169,71192.95964762886,1
42119,Union County,"Union County, Pennsylvania",PA,1,PA-15,GLENN THOMPSON,REPUBLICAN,42456,14546,76404,8.957654723127035,0.6320142452144982,4,14,1.5347606424914246,967,387,83108.2851269469,0
53001,Adams County,"Adams County, Washington",WA,2,WA-05 / WA-04,MICHAEL BAUMGARTNER / DAN NEWHOUSE,REPUBLICAN,20800,6288,66136,19.54920019389239,0.4729054480182409,22,55,17.061641319495067,3869,1295,68143.89414557288,1
55139,Winnebago County,"Winnebago County, Wisconsin",WI,2,WI-06 / WI-08,GLENN GROTHMAN / TONY WIED,REPUBLICAN,171769,72667,74925,11.333276764934057,0.17413963780352879,5,24,28.75320723322531,2595,1071,99901.3109359307,0
55019,Clark County,"Clark County, Wisconsin",WI,1,WI-07,THOMAS P. TIFFANY,REPUBLICAN,34739,12839,67400,12.069318813852053,1,14,168,48.39813313978283,8646,3147,66143.57456920533,1
13159,Jasper County,"Jasper County, Georgia",GA,1,GA-10,MIKE COLLINS,REPUBLICAN,15929,5965,60134,15.971386972209913,1,5,35,14.268709961156377,2530,1089,60204.762615877145,1
17165,Saline County,"Saline County, Illinois",IL,1,IL-12,MIKE BOST,REPUBLICAN,23213,10024,53117,18.936715573625598,0.6515062268596432,8,56,13.152441700107616,2613,1016,59422.33093145313,1
18031,Decatur County,"Decatur County, Indiana",IN,1,IN-09,ERIN HOUCHIN,REPUBLICAN,26422,10712,69783,10.197063369397219,0.5267074644907828,3,25,6.2452140476717695,1936,791,74533.91624155402,0
19011,Benton County,"Benton County, Iowa",IA,1,IA-02,ASHLEY HINSON,REPUBLICAN,25724,10202,86962,7.382843526608419,0.8130987292277615,17,131,20.78154289073669,7688,3043,92712.63101896447,0
17009,Brown County,"Brown County, Illinois",IL,1,IL-15,MARY E. MILLER,REPUBLICAN,6322,2041,67917,9.246575342465754,1,5,26,15.957770506697628,3863,1060,63332.75199629644,1
18097,Marion County,"Marion County, Indiana",IN,2,IN-07 / IN-06,ANDRé CARSON / JEFFERSON SHREVE,DEMOCRAT / REPUBLICAN,975809,400432,66346,15.345480507876596,0.008794487941604763,1,3,3.1699218534721456e-4,0,0,NA,0
42047,Elk County,"Elk County, Pennsylvania",PA,1,PA-15,GLENN THOMPSON,REPUBLICAN,30506,13325,66380,8.694068161494386,0.5591803807679897,6,40,34.98872032287577,4334,1810,64798.0385803052,0
26085,Lake County,"Lake County, Michigan",MI,1,MI-02,JOHN R. MOOLENAAR,REPUBLICAN,12563,5190,50805,20.519098922624877,1,4,22,4.341510180195961,518,231,45202.917806549936,4
28017,Chickasaw County,"Chickasaw County, Mississippi",MS,1,MS-01,TRENT KELLY,REPUBLICAN,16915,6674,43586,23.549778290712506,1,16,142,214.3851895906395,5089,2096,41305.324778462054,9
29131,Miller County,"Miller County, Missouri",MO,1,MO-03,BOB ONDER,REPUBLICAN,25269,9857,56736,14.373642288196958,0.7646226033492436,16,98,11.835809098924187,2009,859,53774.91979164894,3
01017,Chambers County,"Chambers County, Alabama",AL,1,AL-03,MIKE ROGERS,REPUBLICAN,34192,13434,49656,15.744782634694731,0.5074485217991488,0,0,0,0,0,NA,0
17007,Boone County,"Boone County, Illinois",IL,2,IL-16 / IL-11,DARIN LAHOOD / BILL FOSTER,REPUBLICAN / DEMOCRAT,53230,19460,84571,9.93325854233614,0.2939679688669361,5,36,7.719232426649042,4157,1371,109570.18077482663,1
18091,LaPorte County,"LaPorte County, Indiana",IN,2,IN-02 / IN-01,RUDY YAKYM III / FRANK J. MRVAN,REPUBLICAN / DEMOCRAT,111917,43633,71055,13.61816009557945,0.36521166727452253,20,142,18.874633687351803,8537,2803,84700.07701905197,0
29115,Linn County,"Linn County, Missouri",MO,1,MO-06,SAM GRAVES,REPUBLICAN,11852,4801,61635,13.735228635040247,0.6741620346976588,8,77,926.606625289893,4641,1676,71500.26750397668,1
29103,Knox County,"Knox County, Missouri",MO,1,MO-06,SAM GRAVES,REPUBLICAN,3756,1288,57788,11.895604395604396,1,3,22,1.704543419663737,501,211,47188,1
31023,Butler County,"Butler County, Nebraska",NE,1,NE-01,MIKE FLOOD,REPUBLICAN,8424,3524,79268,9.738459684223214,1,10,56,15.962324821509105,3520,1454,73916.50940281668,0
31163,Sherman County,"Sherman County, Nebraska",NE,1,NE-03,ADRIAN SMITH,REPUBLICAN,2967,1325,63578,8.647906657515442,1,5,25,4.5363712444179445,692,311,63578,0
37105,Lee County,"Lee County, North Carolina",NC,1,NC-13,BRAD KNOTT,REPUBLICAN,65816,25145,65387,16.47456893887893,0.4210160385557399,6,33,9.666123808792715,1967,894,71049.49784320778,1
29135,Moniteau County,"Moniteau County, Missouri",MO,1,MO-03,BOB ONDER,REPUBLICAN,15262,5729,65715,10.28844780808225,1,7,53,225.61407443440433,4869,1676,68321.6845206816,1
30065,Musselshell County,"Musselshell County, Montana",MT,1,MT-02,TROY DOWNING,REPUBLICAN,5152,2148,58920,17.02628481757552,1,3,26,3.3815972618506573,1622,766,58474.83850055743,1
31125,Nance County,"Nance County, Nebraska",NE,1,NE-03,ADRIAN SMITH,REPUBLICAN,3324,1342,65179,16.62546353522868,1,3,18,4.937833821099983,1197,475,65179,1
19191,Winneshiek County,"Winneshiek County, Iowa",IA,1,IA-02,ASHLEY HINSON,REPUBLICAN,19873,8139,79066,8.403314917127071,0.6017438963627304,10,68,12.662521192236547,2063,825,85467.22533126705,0
20103,Leavenworth County,"Leavenworth County, Kansas",KS,1,KS-02,DEREK SCHMIDT,REPUBLICAN,83123,30164,89218,8.770225709976739,0.33198177843455745,12,92,633.7552063839596,24294,9405,114411.49901503518,0
05087,Madison County,"Madison County, Arkansas",AR,1,AR-03,STEVE WOMACK,REPUBLICAN,17329,6463,56798,14.058851004203643,1,2,5,18.569135437725297,175,64,60941.4857834015,1
08119,Teller County,"Teller County, Colorado",CO,1,CO-07,BRITTANY PETTERSEN,DEMOCRAT,24825,11860,85361,7.609400324149108,0.6008093889113719,18,168,34.42513663223945,4524,2283,77299.32608745263,0
13223,Paulding County,"Paulding County, Georgia",GA,1,GA-14,MARJORIE TAYLOR GREENE,REPUBLICAN,178909,60008,98031,6.646614005003795,0.2047954180278784,1,8,2.6958012866472534,1181,466,91464.53698182882,0
37107,Lenoir County,"Lenoir County, North Carolina",NC,1,NC-01,DONALD G. DAVIS,DEMOCRAT,54919,23351,45143,21.952258375155097,0.6181198069736221,5,38,9.4509463488038,2736,1173,44573.94411403344,3
35053,Socorro County,"Socorro County, New Mexico",NM,1,NM-02,GABE VASQUEZ,DEMOCRAT,16200,5269,36570,33.16213756338578,0.5105754745405242,6,45,38.6448329817863,2254,998,34047.22561298139,2
36093,Schenectady County,"Schenectady County, New York",NY,1,NY-20,PAUL TONKO,DEMOCRAT / WORKING FAMILIES,160369,66902,79623,13.267274696679335,0.08848482547877086,7,51,5.8835352702266235,1711,810,81931.57137956297,0
37135,Orange County,"Orange County, North Carolina",NC,1,NC-04,VALERIE P. FOUSHEE,DEMOCRAT,149678,57342,90089,12.476915389016433,0.2904449346317319,25,171,29.402296462624637,4820,1903,111335.99377346253,0
36087,Rockland County,"Rockland County, New York",NY,1,NY-17,MICHAEL LAWLER,CONSERVATIVE / REPUBLICAN,341883,103879,109959,16.24982555325599,0.003898572099938226,13,71,9.064973391653465,4319,1638,99229.93870701561,0
01057,Fayette County,"Fayette County, Alabama",AL,1,AL-04,ROBERT B. ADERHOLT,REPUBLICAN,16053,6255,49488,21.807366156182763,1,2,12,7.547879476980865,479,185,45801.678631373674,1
26019,Benzie County,"Benzie County, Michigan",MI,1,MI-01,JACK BERGMAN,REPUBLICAN,18310,7708,74834,9.657044711618372,0.855147468002226,8,62,12.721115806032948,2830,1251,73395.11544522725,0
13193,Macon County,"Macon County, Georgia",GA,1,GA-02,"SANFORD D. BISHOP, JR.",DEMOCRAT,11864,4142,41031,25.103839529936177,1,2,8,8.174388794535053,918,391,25915.40098465198,2
16001,Ada County,"Ada County, Idaho",ID,2,ID-01 / ID-02,RUSS FULCHER / MICHAEL K. SIMPSON,REPUBLICAN,518935,202543,91502,8.335788389331677,0.05565825600494578,30,211,10.08904807612871,8737,3109,137995.25324803623,0
37061,Duplin County,"Duplin County, North Carolina",NC,1,NC-03,GREGORY F. MURPHY,REPUBLICAN,49335,20787,55148,20.463423113892468,1,12,99,48.60314660593666,7372,3166,50473.79794007295,9
38073,Ransom County,"Ransom County, North Dakota",ND,1,ND-AL,JULIE FEDORCHAK,REPUBLICAN,5643,2337,75736,10.362024381233839,1,4,27,1770.0121584756432,4667,1940,73729.39685434215,0
38027,Eddy County,"Eddy County, North Dakota",ND,1,ND-AL,JULIE FEDORCHAK,REPUBLICAN,2307,1173,50850,14.240648940964398,1,2,17,2.886100733472344,567,284,50850,0
38029,Emmons County,"Emmons County, North Dakota",ND,1,ND-AL,JULIE FEDORCHAK,REPUBLICAN,3254,1528,66538,9.079445145018916,1,5,25,787.0250891873275,1208,559,66538,0
40021,Cherokee County,"Cherokee County, Oklahoma",OK,1,OK-02,JOSH BRECHEEN,REPUBLICAN,47942,18698,53218,18.214378182445845,0.6181868388631633,24,171,547.2388533291612,17652,7029,54895.09430716282,6
27049,Goodhue County,"Goodhue County, Minnesota",MN,1,MN-01,BRAD FINSTAD,REPUBLICAN,47943,19727,84171,9.277254460014033,0.6691185742507672,9,48,13.565672486276256,4909,2194,86760.14535590989,0
29181,Ripley County,"Ripley County, Missouri",MO,1,MO-08,JASON SMITH,REPUBLICAN,10708,4002,42037,24.78745512941621,1,5,46,245.72259471326177,5078,1806,43933.915163783546,7
31031,Cherry County,"Cherry County, Nebraska",NE,1,NE-03,ADRIAN SMITH,REPUBLICAN,5498,2233,66270,8.293490253769768,1,6,33,7.339620160953435,1841,764,68300.05550256399,0
17055,Franklin County,"Franklin County, Illinois",IL,1,IL-12,MIKE BOST,REPUBLICAN,37323,16137,56740,17.511671717585386,0.5919479420167179,20,137,38.22494350019667,8905,3862,57771.12881098569,4
32027,Pershing County,"Pershing County, Nevada",NV,1,NV-02,MARK E. AMODEI,REPUBLICAN,6487,1736,66902,11.815501263689974,1,2,10,0.5449316557274938,245,64,66902,0
35027,Lincoln County,"Lincoln County, New Mexico",NM,1,NM-01,MELANIE A. STANSBURY,DEMOCRAT,20224,10000,53303,19.26029309141661,0.4552271942375056,20,156,153.4455753366139,6608,3341,52919.31337203138,3
47015,Cannon County,"Cannon County, Tennessee",TN,1,TN-06,JOHN W. ROSE,REPUBLICAN,14818,5776,59443,18.272176458574442,1,1,11,158.83250135616657,1720,675,66996,1
48265,Kerr County,"Kerr County, Texas",TX,1,TX-21,CHIP ROY,REPUBLICAN,53489,22615,69395,11.357486323904451,0.39457774059850187,70,874,65.76069976486062,9571,4174,78424.95155539844,1
48251,Johnson County,"Johnson County, Texas",TX,2,TX-25 / TX-06,ROGER WILLIAMS / JAKE ELLZEY,REPUBLICAN,195597,65507,84859,9.99880372198499,0.4647273616522256,49,713,123.03768089864317,15259,5498,83315.17367667136,0
48035,Bosque County,"Bosque County, Texas",TX,1,TX-31,JOHN R. CARTER,REPUBLICAN,18687,7496,68914,9.293680297397769,1,29,403,1001.6907201325681,9769,4116,70027.31180913231,0
42107,Schuylkill County,"Schuylkill County, Pennsylvania",PA,1,PA-09,DANIEL MEUSER,REPUBLICAN,143558,57988,68313,12.754237598926206,0.47064991716125243,32,168,71.94986197822593,18113,7054,80291.98015909185,0
46029,Codington County,"Codington County, South Dakota",SD,1,SD-AL,DUSTY JOHNSON,REPUBLICAN,28767,12526,72727,8.833386248985784,0.2712091791703442,5,20,933.3438632167266,3972,1557,88700.51318587612,0
47083,Houston County,"Houston County, Tennessee",TN,1,TN-07,MARK E. GREEN,REPUBLICAN,8353,3353,59576,11.062001227747084,1,1,5,0.07518566293265652,0,0,NA,0
48081,Coke County,"Coke County, Texas",TX,1,TX-11,AUGUST PFLUGER,REPUBLICAN,3353,1594,43333,22.854477611940297,1,4,70,86.23425486626091,1402,683,41595.48158914225,3
34039,Union County,"Union County, New Jersey",NJ,4,NJ-07 / NJ-10 / NJ-08 / NJ-12,"THOMAS H. KEAN, JR. / LAMONICA MCIVER / ROBERT MENENDEZ / BONNIE WATSON COLEMAN",REPUBLICAN / DEMOCRAT,579290,203277,103202,9.17502909619455,0,1,5,0.47125698445688746,1418,773,64052,0
39085,Lake County,"Lake County, Ohio",OH,1,OH-14,DAVID P. JOYCE,REPUBLICAN,232216,101144,80925,8.336750630382243,0.07510221278315413,1,4,1.0890480677292576,2511,1155,52384.68673657344,1
37037,Chatham County,"Chatham County, North Carolina",NC,2,NC-09 / NC-04,RICHARD HUDSON / VALERIE P. FOUSHEE,REPUBLICAN / DEMOCRAT,80151,33004,94317,11.045675805190546,0.6403618011404602,18,86,190.35641176399469,9584,4027,100208.38755608711,2
38025,Dunn County,"Dunn County, North Dakota",ND,1,ND-AL,JULIE FEDORCHAK,REPUBLICAN,4040,1571,97689,7.403676655754218,1,6,21,4.262256523326322,474,181,97689.00000000001,0
48217,Hill County,"Hill County, Texas",TX,1,TX-06,JAKE ELLZEY,REPUBLICAN,37328,13767,64591,14.676664568566816,0.7751017449963762,38,552,1349.5560550555167,16056,6350,65895.9297791605,3
48363,Palo Pinto County,"Palo Pinto County, Texas",TX,1,TX-25,ROGER WILLIAMS,REPUBLICAN,29295,11234,67674,16.747104247104247,0.5037840121088387,11,184,571.3272802715184,5746,2361,82309.5771376648,0
48335,Mitchell County,"Mitchell County, Texas",TX,1,TX-19,JODEY C. ARRINGTON,REPUBLICAN,9018,2758,60550,13.802151666229337,0.35050055617352616,2,18,3.8071093442482637,400,188,55814,0
48189,Hale County,"Hale County, Texas",TX,1,TX-19,JODEY C. ARRINGTON,REPUBLICAN,32131,11024,51897,20.53577348982163,0.3046245618350655,11,134,47.22876616658767,6279,2103,64197.268319270166,1
48159,Franklin County,"Franklin County, Texas",TX,1,TX-01,NATHANIEL MORAN,REPUBLICAN,10632,3897,72360,11.665715915573303,1,6,68,105.63920703757753,3749,1395,66747.94254926027,0
48101,Cottle County,"Cottle County, Texas",TX,1,TX-13,RONNY JACKSON,REPUBLICAN,1368,577,59063,17.094644167278062,1,5,71,798.4397344392332,853,357,59063,1
53043,Lincoln County,"Lincoln County, Washington",WA,1,WA-05,MICHAEL BAUMGARTNER,REPUBLICAN,11489,4820,71512,12.458296751536436,1,16,49,27.033573397762886,4329,1882,71726.27146976232,0
55081,Monroe County,"Monroe County, Wisconsin",WI,2,WI-03 / WI-07,DERRICK VAN ORDEN / THOMAS P. TIFFANY,REPUBLICAN,46208,18301,69467,11.732542819499342,0.5677270173315468,10,46,11.46078638390712,2372,857,80481.57297075384,0
02164,Lake and Peninsula Borough,"Lake and Peninsula Borough, Alaska",AK,1,AK-AL,NICK BEGICH,REPUBLICAN,1013,324,65625,12.797619047619047,1,9,47,179.35932400001766,0,0,NA,0
40059,Harper County,"Harper County, Oklahoma",OK,1,OK-03,FRANK D. LUCAS,REPUBLICAN,3203,1333,64053,13.123609787098824,1,4,27,1170.7252535371042,1465,598,68514.13592848861,0
47069,Hardeman County,"Hardeman County, Tennessee",TN,1,TN-08,DAVID KUSTOFF,REPUBLICAN,25433,9110,46069,18.988619676945667,0.7925928835126855,13,107,162.78640615883953,6931,2354,46085.58516187334,6
53039,Klickitat County,"Klickitat County, Washington",WA,1,WA-04,DAN NEWHOUSE,REPUBLICAN,23411,9872,71042,12.931108258451006,0.7970969870244117,16,56,111.1266274156996,4904,2077,76539.69308339487,1
48171,Gillespie County,"Gillespie County, Texas",TX,1,TX-21,CHIP ROY,REPUBLICAN,27524,11513,76162,9.229010729692858,0.5644153414405987,15,169,14.942975292963274,1447,607,77039.75137809257,0
48093,Comanche County,"Comanche County, Texas",TX,1,TX-25,ROGER WILLIAMS,REPUBLICAN,13950,5355,59635,16.16257088846881,1,6,147,561.5149392747406,4160,1711,58161.20836644979,4
48049,Brown County,"Brown County, Texas",TX,1,TX-11,AUGUST PFLUGER,REPUBLICAN,38347,14972,57470,15.317705626521514,0.4339939624622654,6,133,30.544877276847505,4415,1601,62787.77904454579,0
48267,Kimble County,"Kimble County, Texas",TX,1,TX-11,AUGUST PFLUGER,REPUBLICAN,4389,2041,69455,11.681702521397177,1,2,22,6.518207991195182,2220,954,55592.24906727657,1
48429,Stephens County,"Stephens County, Texas",TX,1,TX-25,ROGER WILLIAMS,REPUBLICAN,9351,3623,58008,14.646579066606252,0.4006153169981321,2,46,148.81776606605698,488,202,78458,0
48235,Irion County,"Irion County, Texas",TX,1,TX-11,AUGUST PFLUGER,REPUBLICAN,1409,588,70357,10.78779276082328,1,2,21,4.59129061340359,572,223,70357,0
48065,Carson County,"Carson County, Texas",TX,1,TX-13,RONNY JACKSON,REPUBLICAN,5801,2293,85231,7.4417790229381895,1,4,48,13.766771723737111,3239,1290,83200.48328077859,0
48129,Donley County,"Donley County, Texas",TX,1,TX-13,RONNY JACKSON,REPUBLICAN,3257,1180,58750,7.865168539325842,1,6,47,34.25951012659189,1994,707,58613.765086664906,0
39103,Medina County,"Medina County, Ohio",OH,1,OH-07,MAX L. MILLER,REPUBLICAN,183660,73086,94968,6.267341365991418,0.3405929741875377,6,41,16.72891906506629,5220,2123,68148.646535369,0
39091,Logan County,"Logan County, Ohio",OH,1,OH-04,JIM JORDAN,REPUBLICAN,46089,19560,71551,11.078133931319528,0.5563380281690141,16,117,16.248149615246092,7040,3144,65252.268793707226,1
39175,Wyandot County,"Wyandot County, Ohio",OH,2,OH-05 / OH-04,ROBERT E. LATTA / JIM JORDAN,REPUBLICAN,21598,8999,69768,8.769787214054206,0.697351598173516,3,24,3.8215840568670165,1073,453,60158.62291983275,0
39107,Mercer County,"Mercer County, Ohio",OH,1,OH-05,ROBERT E. LATTA,REPUBLICAN,42484,16408,76782,7.29306702515844,0.7159518434913469,8,73,11.560301781579513,4511,1685,83400.75855756596,0
40009,Beckham County,"Beckham County, Oklahoma",OK,1,OK-03,FRANK D. LUCAS,REPUBLICAN,22148,8188,53328,21.680033329861473,0.5036144578313253,9,77,1544.5815949581001,7164,2656,50347.02195654399,3
42007,Beaver County,"Beaver County, Pennsylvania",PA,1,PA-17,CHRISTOPHER R. DELUZIO,DEMOCRAT,166324,72257,71089,9.903399364147713,0.2892132092857355,19,102,34.28585704602334,10170,4337,67077.55434957804,1
27081,Lincoln County,"Lincoln County, Minnesota",MN,1,MN-07,MICHELLE FISCHBACH,REPUBLICAN,5603,2445,69694,11.946902654867257,1,7,17,7.691652338625172,1570,670,69759.52070468027,0
39129,Pickaway County,"Pickaway County, Ohio",OH,1,OH-02,DAVID J. TAYLOR,REPUBLICAN,60131,21899,74040,11.53873654856816,0.6045542288047284,17,94,8.245376487266768,3274,1506,67155.72824798971,1
39121,Noble County,"Noble County, Ohio",OH,1,OH-06,MICHAEL A. RULLI,REPUBLICAN,14282,4619,56098,10.605804927438408,1,7,58,14.391700517643459,4310,1053,56580.05523364279,0
40039,Custer County,"Custer County, Oklahoma",OK,1,OK-03,FRANK D. LUCAS,REPUBLICAN,28259,11044,59738,16.434478134545184,0.29512853785992355,12,104,1634.675647474908,12076,4495,60391.0707718736,2
39057,Greene County,"Greene County, Ohio",OH,1,OH-10,MICHAEL R. TURNER,REPUBLICAN,169688,68166,87309,9.839509595539537,0.2242477644285153,7,35,32.749175267403174,5038,1981,95161.00248863154,2
39127,Perry County,"Perry County, Ohio",OH,1,OH-12,TROY BALDERSON,REPUBLICAN,35535,13452,67460,14.728616084114805,0.8045921825576141,19,94,24.862838680372512,8481,3303,67003.05495025653,3
40121,Pittsburg County,"Pittsburg County, Oklahoma",OK,1,OK-02,JOSH BRECHEEN,REPUBLICAN,43561,17851,55310,17.7351823616254,0.5535604139538072,20,159,1548.1246604658168,14800,6117,59901.56569653854,6
28023,Clarke County,"Clarke County, Mississippi",MS,1,MS-03,MICHAEL GUEST,REPUBLICAN,15314,5945,46108,17.394747261449123,1,14,98,172.25732197118097,5096,1903,47830.89794782558,2
29149,Oregon County,"Oregon County, Missouri",MO,1,MO-08,JASON SMITH,REPUBLICAN,8673,3380,43069,23.592429472681825,1,6,46,45.62896429681471,2158,852,41536.281075441955,2
29005,Atchison County,"Atchison County, Missouri",MO,1,MO-06,SAM GRAVES,REPUBLICAN,5187,2287,58750,11.617849420090426,1,7,42,1423.4335429216349,5119,2206,60596.962778594476,0
31095,Jefferson County,"Jefferson County, Nebraska",NE,1,NE-03,ADRIAN SMITH,REPUBLICAN,7161,3136,59044,10.13436249285306,0.44599447513812157,11,82,4.905006064267408,551,237,72306.88925924191,0
56025,Natrona County,"Natrona County, Wyoming",WY,1,WY-AL,HARRIET M. HAGEMAN,REPUBLICAN,79977,33886,72156,9.596363590192867,0.15263585766993934,17,71,34.76502001567805,7465,2930,97472.19379462868,1
18101,Martin County,"Martin County, Indiana",IN,1,IN-08,MARK MESSMER,REPUBLICAN,9830,3904,68594,16.275705280562157,1,3,19,10.508407057969094,3252,1447,64159.088399593085,2
40119,Payne County,"Payne County, Oklahoma",OK,1,OK-03,FRANK D. LUCAS,REPUBLICAN,82972,32609,49809,22.6042817962258,0.32841780368909684,17,145,994.7406657850588,19018,7362,68358.83330428555,7
40011,Blaine County,"Blaine County, Oklahoma",OK,1,OK-03,FRANK D. LUCAS,REPUBLICAN,8570,3381,61642,17.355684396269222,1,10,96,697.5265401992949,1772,713,67255.33169017066,2
40005,Atoka County,"Atoka County, Oklahoma",OK,1,OK-02,JOSH BRECHEEN,REPUBLICAN,14379,4975,54785,17.295942346858844,1,11,80,1314.9088156990747,10942,3881,55022.21869571142,2
46115,Spink County,"Spink County, South Dakota",SD,1,SD-AL,DUSTY JOHNSON,REPUBLICAN,6219,2486,70139,10.052304674730305,1,13,54,11.385530937380404,2442,991,63547.62260461919,0
12085,Martin County,"Martin County, Florida",FL,1,FL-21,BRIAN J. MAST,REPUBLICAN,162176,67801,82943,11.305843873480423,0.07322430584923405,12,35,8.331289990032603,5089,2362,85925.71869619202,1
32005,Douglas County,"Douglas County, Nevada",NV,1,NV-02,MARK E. AMODEI,REPUBLICAN,49623,21325,90754,9.040612840466926,0.29730439702554157,14,100,43.48666218525437,5550,2408,98658.2124845416,0
17089,Kane County,"Kane County, Illinois",IL,3,IL-11 / IL-08 / IL-14,BILL FOSTER / RAJA KRISHNAMOORTHI / LAUREN UNDERWOOD,DEMOCRAT,517255,184706,103163,7.906430688855625,0.04022481133427037,19,164,12.805674571391313,11088,4047,103628.40226757615,2
21207,Russell County,"Russell County, Kentucky",KY,1,KY-01,JAMES COMER,REPUBLICAN,18221,7562,44738,23.110562906481274,1,0,0,0,0,0,NA,0
27151,Swift County,"Swift County, Minnesota",MN,1,MN-07,MICHELLE FISCHBACH,REPUBLICAN,9748,4121,60412,12.026772641706756,1,5,21,6.199865183896295,1321,565,65433.478785000116,0
29229,Wright County,"Wright County, Missouri",MO,1,MO-08,JASON SMITH,REPUBLICAN,18965,7187,47909,18.74832268799313,0.7763360457444469,6,43,352.0487555328983,3339,1274,49412.31177669158,4
31151,Saline County,"Saline County, Nebraska",NE,1,NE-03,ADRIAN SMITH,REPUBLICAN,14650,5143,79910,8.897278814645961,0.5130842429331094,7,41,7.8786298681425935,2441,905,82150.26918991357,0
46059,Hand County,"Hand County, South Dakota",SD,1,SD-AL,DUSTY JOHNSON,REPUBLICAN,3140,1405,74635,5.150631681243926,1,3,8,11.641025848074854,1356,635,53656.80343275514,0
46025,Clark County,"Clark County, South Dakota",SD,1,SD-AL,DUSTY JOHNSON,REPUBLICAN,3917,1336,70726,10.850052798310454,1,6,39,2062.7249068661627,3245,1129,70726,0
46097,Miner County,"Miner County, South Dakota",SD,1,SD-AL,DUSTY JOHNSON,REPUBLICAN,2300,932,76140,11.241534988713319,1,5,40,1414.5326158205662,1667,676,76140,0
46021,Campbell County,"Campbell County, South Dakota",SD,1,SD-AL,DUSTY JOHNSON,REPUBLICAN,1593,754,68929,7.672955974842767,1,3,8,2.3498448221618164,219,120,68929,0
13053,Chattahoochee County,"Chattahoochee County, Georgia",GA,1,GA-02,"SANFORD D. BISHOP, JR.",DEMOCRAT,8887,1866,61042,13.947610294117647,0.4008363826450601,1,9,10.831056677955944,1443,510,56211,0
17033,Crawford County,"Crawford County, Illinois",IL,1,IL-12,MIKE BOST,REPUBLICAN,18511,7492,71674,12.094515752625437,0.6716098292199797,5,29,6.971019235040898,1871,807,68888.64217867129,0
18141,St. Joseph County,"St. Joseph County, Indiana",IN,1,IN-02,RUDY YAKYM III,REPUBLICAN,273040,107252,66868,14.219876209104793,0.10019346895702644,10,63,16.742509888314274,5820,2318,72634.89887729527,0
17107,Logan County,"Logan County, Illinois",IL,1,IL-15,MARY E. MILLER,REPUBLICAN,27713,11266,66358,13.129201508444007,0.5001250580626719,12,107,15.511318379933082,5449,2042,80471.73966390676,0
29059,Dallas County,"Dallas County, Missouri",MO,1,MO-04,MARK ALFORD,REPUBLICAN,17551,6768,53464,20.491850820718057,1,4,25,2.5081783559783744,316,118,42089,1
31063,Frontier County,"Frontier County, Nebraska",NE,1,NE-03,ADRIAN SMITH,REPUBLICAN,2569,1074,70132,11.375770020533881,1,5,25,4.405073318945779,558,238,70132,0
51775,Salem city,"Salem city, Virginia",VA,1,VA-06,BEN CLINE,REPUBLICAN,25618,10256,66725,10.246850089997428,0,0,0,0,0,0,NA,0
18087,LaGrange County,"LaGrange County, Indiana",IN,1,IN-03,MARLIN A. STUTZMAN,REPUBLICAN,40805,12897,84487,5.935745554373902,1,10,55,16.94540231072975,5067,1684,73204.13755672713,0
22003,Allen Parish,"Allen Parish, Louisiana",LA,1,LA-04,MIKE JOHNSON,REPUBLICAN,22477,7854,46469,23.069645203679368,0.7054945054945055,9,63,62.70069857574779,4391,1595,50002.93270156696,3
23019,Penobscot County,"Penobscot County, Maine",ME,1,ME-02,JARED F. GOLDEN,DEMOCRAT,154710,65221,66356,14.099964051467445,0.5706213575647672,33,242,49.743070181407056,8382,3868,57448.04371165828,8
26045,Eaton County,"Eaton County, Michigan",MI,2,MI-07 / MI-02,TOM BARRETT / JOHN R. MOOLENAAR,REPUBLICAN,109130,45428,79597,8.327038394464184,0.37984886649874056,11,69,19.934107357130145,7274,2809,80266.56675545732,0
05033,Crawford County,"Crawford County, Arkansas",AR,1,AR-03,STEVE WOMACK,REPUBLICAN,61139,23357,64132,14.6563056392166,0.4940881047012456,14,49,235.8226512471496,14687,5884,68688.76647884288,2
19193,Woodbury County,"Woodbury County, Iowa",IA,1,IA-04,RANDY FEENSTRA,REPUBLICAN,106247,40699,73658,13.951869434480358,0.16127844743772476,16,117,15.556338264565564,3577,1411,87483.89158592293,0
01125,Tuscaloosa County,"Tuscaloosa County, Alabama",AL,2,AL-04 / AL-07,ROBERT B. ADERHOLT / TERRI A. SEWELL,REPUBLICAN / DEMOCRAT,237552,90052,66231,16.841315347215357,0.31090223576877674,0,0,0,0,0,NA,0
31145,Red Willow County,"Red Willow County, Nebraska",NE,1,NE-03,ADRIAN SMITH,REPUBLICAN,10557,4504,63697,14.03891977760127,0.30900766211923003,4,15,4.306050492247455,410,177,83080,0
31033,Cheyenne County,"Cheyenne County, Nebraska",NE,1,NE-03,ADRIAN SMITH,REPUBLICAN,9533,4464,60348,14.273531606438546,0.3417828474862695,5,32,3.6878872592301195,522,234,75521,0
26059,Hillsdale County,"Hillsdale County, Michigan",MI,1,MI-05,TIM WALBERG,REPUBLICAN,45654,17860,64242,14.372998387353215,0.7673676387006514,13,73,22.04396462327737,4932,1908,70428.57977407752,2
19157,Poweshiek County,"Poweshiek County, Iowa",IA,1,IA-02,ASHLEY HINSON,REPUBLICAN,18545,7804,67391,10.746445497630331,0.49169435215946844,7,44,24.415281866583666,2039,945,75697.94752179376,0
26087,Lapeer County,"Lapeer County, Michigan",MI,1,MI-09,LISA C. MCCLAIN,REPUBLICAN,88837,34836,77306,9.708559767031254,0.8594996558300139,15,83,20.901861234634303,6623,2656,83085.61845424314,0
26077,Kalamazoo County,"Kalamazoo County, Michigan",MI,2,MI-04 / MI-05,BILL HUIZENGA / TIM WALBERG,REPUBLICAN,262375,107110,72532,12.658490958220744,0.21638705239423703,17,100,22.2658067990522,10695,4203,86337.75907051937,2
26165,Wexford County,"Wexford County, Michigan",MI,2,MI-02 / MI-01,JOHN R. MOOLENAAR / JACK BERGMAN,REPUBLICAN,34077,13696,61085,13.91843705989872,0.6374543402726219,4,24,6.817092875079608,1453,557,56894.218575048406,0
27005,Becker County,"Becker County, Minnesota",MN,2,MN-07 / MN-08,MICHELLE FISCHBACH / PETE STAUBER,REPUBLICAN,35343,14410,71388,12.900622550149873,0.7091208822442657,9,34,7.808599387709202,1817,711,78146.02399699962,1
08021,Conejos County,"Conejos County, Colorado",CO,1,CO-03,JEFF HURD,REPUBLICAN,7530,3164,50978,11.681368618016574,1,7,41,10.299455361468409,2667,1138,50700.86820520777,0
29155,Pemiscot County,"Pemiscot County, Missouri",MO,1,MO-08,JASON SMITH,REPUBLICAN,14958,6333,40089,29.6020069157231,0.660366515548177,9,83,16.323283943597378,5187,2042,36330.513542745175,5
36019,Clinton County,"Clinton County, New York",NY,1,NY-21,ELISE M. STEFANIK,CONSERVATIVE / REPUBLICAN,78493,33556,71224,13.693360711841205,0.6373132272083964,30,203,56.42800463339327,8832,3649,82441.180963133,2
48181,Grayson County,"Grayson County, Texas",TX,1,TX-04,PAT FALLON,REPUBLICAN,143337,55248,72182,11.153835198951835,0.4768966305895546,34,519,676.6887465864545,27893,10895,84993.3377483921,1
51700,Newport News city,"Newport News city, Virginia",VA,1,VA-03,"ROBERT C. \""BOBBY\"" SCOTT",DEMOCRAT,184216,76112,69634,14.483664108372496,0.00373697294453065,1,8,0.03337797079127594,0,0,NA,0
16011,Bingham County,"Bingham County, Idaho",ID,1,ID-02,MICHAEL K. SIMPSON,REPUBLICAN,49664,16132,77878,11.708081486456235,0.5970161693615602,22,95,14.428475193140525,3240,1111,78950.17026114455,0
17087,Johnson County,"Johnson County, Illinois",IL,1,IL-12,MIKE BOST,REPUBLICAN,13376,4101,62528,17.57792094724012,1,7,76,17.386101452723775,3603,819,59179.66066148022,1
17123,Marshall County,"Marshall County, Illinois",IL,1,IL-16,DARIN LAHOOD,REPUBLICAN,11647,5094,71585,11.428571428571429,1,15,131,18.11561852952525,5990,2614,69443.70073124679,0
35019,Guadalupe County,"Guadalupe County, New Mexico",NM,1,NM-01,MELANIE A. STANSBURY,DEMOCRAT,4381,1490,42750,25.465057817998993,1,7,46,64.04007713296521,2536,849,42749.99999999999,2
36123,Yates County,"Yates County, New York",NY,1,NY-24,CLAUDIA TENNEY,CONSERVATIVE / REPUBLICAN,24526,9490,69701,12.735464492598155,0.6855574392508275,11,61,51.02683992286866,2910,1089,65947.25979593761,1
28097,Montgomery County,"Montgomery County, Mississippi",MS,1,MS-02,BENNIE G. THOMPSON,DEMOCRAT,9602,4137,41748,25.17741764643576,1,15,90,342.5127609733239,4070,1783,48941.464267826115,4
37077,Granville County,"Granville County, North Carolina",NC,2,NC-13 / NC-01,BRAD KNOTT / DONALD G. DAVIS,REPUBLICAN / DEMOCRAT,60877,22474,71111,15.175138267052937,0.7143395855194123,10,60,3.9592483142224038,623,227,88873.83160086696,0
40151,Woods County,"Woods County, Oklahoma",OK,1,OK-03,FRANK D. LUCAS,REPUBLICAN,8596,3584,53275,19.88442343052272,0.4034090909090909,11,60,1453.3928726425827,2957,1358,51477.275693884854,3
51550,Chesapeake city,"Chesapeake city, Virginia",VA,2,VA-02 / VA-03,"JENNIFER A. KIGGANS / ROBERT C. \""BOBBY\"" SCOTT",REPUBLICAN / DEMOCRAT,252583,93626,95373,9.424214481011843,0.077322770244806,4,27,7.304327837137977,739,228,143839.29714453392,0
51510,Alexandria city,"Alexandria city, Virginia",VA,1,VA-08,"DONALD S. BEYER, JR.",DEMOCRAT,156976,76096,119681,7.939296816172069,0,0,0,0,0,0,NA,0
53051,Pend Oreille County,"Pend Oreille County, Washington",WA,1,WA-05,MICHAEL BAUMGARTNER,REPUBLICAN,14050,5949,67436,14.375270211846088,1,16,52,19.752319176011813,1935,886,67201.16768656547,0
56041,Uinta County,"Uinta County, Wyoming",WY,1,WY-AL,HARRIET M. HAGEMAN,REPUBLICAN,20644,7716,82980,9.166871467190957,0.441760391198044,4,27,22.622035821498788,5074,1782,88863.40700739069,1
17141,Ogle County,"Ogle County, Illinois",IL,1,IL-16,DARIN LAHOOD,REPUBLICAN,51495,20821,82132,8.359181750363186,0.6787286630107361,22,187,24.313460594949085,10608,4282,80495.80665491469,2
18063,Hendricks County,"Hendricks County, Indiana",IN,1,IN-04,JAMES R. BAIRD,REPUBLICAN,183344,67110,101144,5.330036249192121,0.15240748792823305,7,31,4.687624478980328,2365,964,87750.71316849608,0
18159,Tipton County,"Tipton County, Indiana",IN,1,IN-05,VICTORIA SPARTZ,REPUBLICAN,15346,6266,76156,11.191121094008059,0.6154046487401523,3,18,2.0197856728722297,1145,459,87790.99043742339,0
18049,Fulton County,"Fulton County, Indiana",IN,1,IN-02,RUDY YAKYM III,REPUBLICAN,20312,8051,61360,15.259450342295862,0.641943359375,2,12,3.264695561763012,1106,384,67498.24827131053,0
28127,Simpson County,"Simpson County, Mississippi",MS,1,MS-03,MICHAEL GUEST,REPUBLICAN,25691,9543,56381,20.03643708661729,1,18,150,145.62701807378633,5405,2143,49537.444170623974,5
28117,Prentiss County,"Prentiss County, Mississippi",MS,1,MS-01,TRENT KELLY,REPUBLICAN,25184,9595,49724,16.78486997635934,0.7425623800383877,15,120,448.8983474176119,8733,3501,52900.589258045526,3
28107,Panola County,"Panola County, Mississippi",MS,1,MS-02,BENNIE G. THOMPSON,DEMOCRAT,32808,12312,45945,23.326765593251647,0.8110997350036135,25,158,825.8928678724486,18096,6522,50889.90402133376,6
42073,Lawrence County,"Lawrence County, Pennsylvania",PA,1,PA-16,MIKE KELLY,REPUBLICAN,85024,36121,61931,11.873676568455442,0.4242012315557105,15,60,10.482387144031865,3103,1255,67908.38096632638,0
29186,Ste. Genevieve County,"Ste. Genevieve County, Missouri",MO,1,MO-08,JASON SMITH,REPUBLICAN,18571,7137,66339,8.150609080841638,0.7300719735916446,7,58,14.367483985912816,1155,445,84931.09575950996,0
29510,St. Louis city,"St. Louis city, Missouri",MO,1,MO-01,WESLEY BELL,DEMOCRAT,288512,144891,56160,20.639939972129916,0,0,0,0,0,0,NA,0
55031,Douglas County,"Douglas County, Wisconsin",WI,1,WI-07,THOMAS P. TIFFANY,REPUBLICAN,44229,19160,75099,10.757815407517677,0.38613839033750985,3,13,25.83698849553699,123,51,84425.03352378543,0
05071,Johnson County,"Johnson County, Arkansas",AR,1,AR-04,BRUCE WESTERMAN,REPUBLICAN,26003,10316,45995,19.78856166289098,0.6964542312322809,9,34,184.37176370274418,6774,2588,51857.467637293164,3
18033,DeKalb County,"DeKalb County, Indiana",IN,1,IN-03,MARLIN A. STUTZMAN,REPUBLICAN,43807,17096,74331,9.518637487578859,0.5297353519010748,7,43,12.540319404090804,4340,1605,76912.48699326189,1
19151,Pocahontas County,"Pocahontas County, Iowa",IA,1,IA-04,RANDY FEENSTRA,REPUBLICAN,7046,3000,61875,10.333817126269956,1,9,71,12.067413119765533,2416,1038,61434.96372258093,0
19169,Story County,"Story County, Iowa",IA,1,IA-04,RANDY FEENSTRA,REPUBLICAN,100466,38904,69685,18.236978067724312,0.2584612886529933,14,101,28.687281350002234,6055,2435,97703.2017822833,0
19013,Black Hawk County,"Black Hawk County, Iowa",IA,1,IA-02,ASHLEY HINSON,REPUBLICAN,131049,54563,66417,14.947762555628714,0.12966662599890197,8,63,17.996691499308522,3898,1485,93225.5872545572,0
19123,Mahaska County,"Mahaska County, Iowa",IA,1,IA-01,MARIANNETTE MILLER-MEEKS,REPUBLICAN,22021,8743,70940,12.6395628209356,0.4348355114916629,2,17,3.605784888577313,657,249,82057.96968708199,0
28037,Franklin County,"Franklin County, Mississippi",MS,1,MS-02,BENNIE G. THOMPSON,DEMOCRAT,7622,3074,52939,25.415172047296398,1,13,76,150.8276179144911,2842,1163,40703.62667550964,4
28063,Jefferson County,"Jefferson County, Mississippi",MS,1,MS-02,BENNIE G. THOMPSON,DEMOCRAT,7068,2494,38305,32.49178368688378,1,7,58,373.5878809692995,6227,2063,36302.46563849172,3
31087,Hitchcock County,"Hitchcock County, Nebraska",NE,1,NE-03,ADRIAN SMITH,REPUBLICAN,2569,1111,51567,12.751677852348994,1,4,31,4.153724410498783,857,364,51567,0
31107,Knox County,"Knox County, Nebraska",NE,1,NE-03,ADRIAN SMITH,REPUBLICAN,8363,3422,64636,13.68408203125,1,9,39,14.531656309255476,2529,1050,62711.232382010094,0
31043,Dakota County,"Dakota County, Nebraska",NE,1,NE-03,ADRIAN SMITH,REPUBLICAN,21354,7459,70329,11.540462564442132,0.20605133907886203,6,36,10.14191200046822,1769,620,81121.90729192774,0
55049,Iowa County,"Iowa County, Wisconsin",WI,1,WI-02,MARK POCAN,DEMOCRAT,23867,10118,82182,7.593378607809847,0.7934117845543887,18,77,24.889020327642225,5001,2092,85237.5403872023,0
19181,Warren County,"Warren County, Iowa",IA,1,IA-01,MARIANNETTE MILLER-MEEKS,REPUBLICAN,54409,20679,94588,5.1391130946728705,0.4707364082209034,8,44,9.318571684577568,2366,947,92144.53100672884,0
19087,Henry County,"Henry County, Iowa",IA,1,IA-01,MARIANNETTE MILLER-MEEKS,REPUBLICAN,20004,7644,67436,11.968692249157517,0.5467239527389903,9,55,413.7901679748805,5882,2255,70013.33011469703,1
19027,Carroll County,"Carroll County, Iowa",IA,1,IA-04,RANDY FEENSTRA,REPUBLICAN,20594,8801,72930,7.934546173620724,0.5110789980732178,11,71,13.44418689458771,2862,1160,77367.19217213219,0
19121,Madison County,"Madison County, Iowa",IA,1,IA-03,ZACHARY NUNN,REPUBLICAN,16926,6696,90855,7.036196392306773,0.6931955523326082,3,26,3.7935859582693303,1090,450,114225.44256986103,0
19035,Cherokee County,"Cherokee County, Iowa",IA,1,IA-04,RANDY FEENSTRA,REPUBLICAN,11600,5045,71269,12.09656026173844,0.5964144793275005,9,66,7.8353996229875555,1256,550,77307.13702831909,0
29141,Morgan County,"Morgan County, Missouri",MO,1,MO-04,MARK ALFORD,REPUBLICAN,21717,8699,53412,18.322150799981234,1,17,170,30.21411906842557,4022,1785,39833.86807668932,5
30021,Dawson County,"Dawson County, Montana",MT,1,MT-02,TROY DOWNING,REPUBLICAN,8827,3615,71334,8.712660028449502,0.2533557046979866,7,43,3.7665840154363885,1256,522,65817.75755582844,0
30025,Fallon County,"Fallon County, Montana",MT,1,MT-02,TROY DOWNING,REPUBLICAN,2760,1178,76250,11.414850387883266,1,4,29,4.491440332182503,885,342,76250,0
31127,Nemaha County,"Nemaha County, Nebraska",NE,1,NE-03,ADRIAN SMITH,REPUBLICAN,7046,2847,60924,13.28969401735424,1,10,56,40.60493301644278,964,330,72614,0
33011,Hillsborough County,"Hillsborough County, New Hampshire",NH,2,NH-02 / NH-01,MAGGIE GOODLANDER / CHRIS PAPPAS,DEMOCRAT,426378,168740,103545,6.739017198782371,0.2443720932432017,68,188,35.59566035876113,18170,7104,120712.97209557108,0
20155,Reno County,"Reno County, Kansas",KS,1,KS-01,TRACEY MANN,REPUBLICAN,61553,25592,60645,12.523872610588256,0.3137904294161362,15,104,51.348200344042716,7573,3185,64000.801030769995,0
20109,Logan County,"Logan County, Kansas",KS,1,KS-01,TRACEY MANN,REPUBLICAN,2707,1241,75662,15.031704587840357,1,2,19,5.341079997624959,1233,554,75662,0
20133,Neosho County,"Neosho County, Kansas",KS,1,KS-02,DEREK SCHMIDT,REPUBLICAN,15656,6464,56618,13.136180605980593,0.45233903420523136,18,101,1088.947427918356,6074,2470,60641.837587118804,2
20079,Harvey County,"Harvey County, Kansas",KS,1,KS-04,RON ESTES,REPUBLICAN,33756,13700,74368,8.226719153647435,0.40106983305901717,10,62,488.5019725826104,7932,3091,78891.12563026609,0
20001,Allen County,"Allen County, Kansas",KS,1,KS-02,DEREK SCHMIDT,REPUBLICAN,12483,5011,60689,9.918455649858545,0.533370589174517,20,114,871.7767500232378,5097,2136,67797.27349977395,2
31053,Dodge County,"Dodge County, Nebraska",NE,1,NE-01,MIKE FLOOD,REPUBLICAN,37351,15168,74329,11.024142872891632,0.2387870960798558,12,62,20.363053357194612,2812,1093,75849.23856893057,0
31021,Burt County,"Burt County, Nebraska",NE,1,NE-03,ADRIAN SMITH,REPUBLICAN,6740,2929,63685,13.22176993818785,1,5,38,10.663519936054353,2383,1043,63051.89871956535,0
17183,Vermilion County,"Vermilion County, Illinois",IL,2,IL-02 / IL-15,ROBIN L. KELLY / MARY E. MILLER,DEMOCRAT / REPUBLICAN,72386,30084,56877,17.667645229865943,0.3953739149188548,18,154,27.780371754649334,8154,3183,71002.51572289228,2
17091,Kankakee County,"Kankakee County, Illinois",IL,2,IL-02 / IL-01,ROBIN L. KELLY / JONATHAN L. JACKSON,DEMOCRAT,106635,40996,71281,12.199836007965327,0.28404122713996016,21,179,25.01369294591167,7887,3050,76543.27380319117,3
20021,Cherokee County,"Cherokee County, Kansas",KS,1,KS-02,DEREK SCHMIDT,REPUBLICAN,19151,7887,57668,14.112668606188839,1,20,135,1155.1637801380314,13173,5343,58133.88249191723,2
20153,Rawlins County,"Rawlins County, Kansas",KS,1,KS-01,TRACEY MANN,REPUBLICAN,2516,1170,67742,6.750202101859337,1,3,27,4.014166785150775,612,279,67742,0
21009,Barren County,"Barren County, Kentucky",KY,1,KY-02,BRETT GUTHRIE,REPUBLICAN,44938,18017,50628,19.392703376387946,0.6210183207822861,3,25,41.60436369061489,2933,1301,38140.947499694754,4
31041,Custer County,"Custer County, Nebraska",NE,1,NE-03,ADRIAN SMITH,REPUBLICAN,10518,4502,67906,7.05859601624444,1,9,51,10.568980281478169,1354,586,70330.35138019524,0
31045,Dawes County,"Dawes County, Nebraska",NE,1,NE-03,ADRIAN SMITH,REPUBLICAN,8140,3453,56280,13.125680087051142,0.3987071594096841,6,63,529.1181256695537,545,224,78700.34067634081,1
31183,Wheeler County,"Wheeler County, Nebraska",NE,1,NE-03,ADRIAN SMITH,REPUBLICAN,847,359,70250,5.194805194805195,1,2,7,0.6322688944933482,68,31,70250,0
31117,McPherson County,"McPherson County, Nebraska",NE,1,NE-03,ADRIAN SMITH,REPUBLICAN,475,212,58684,12.210526315789474,1,1,5,0.2593614909662331,22,12,58683.99999999999,0
20037,Crawford County,"Crawford County, Kansas",KS,1,KS-02,DEREK SCHMIDT,REPUBLICAN,39008,15838,52844,20.611791176706934,0.4067535666632454,20,140,1152.4762315913538,15069,6227,55061.51437812576,2
18165,Vermillion County,"Vermillion County, Indiana",IN,1,IN-08,MARK MESSMER,REPUBLICAN,15421,6594,60200,15.303169801394187,0.5865664874668048,10,63,18.24208265704841,3570,1520,71210.62135991716,0
20029,Cloud County,"Cloud County, Kansas",KS,1,KS-01,TRACEY MANN,REPUBLICAN,8898,3819,58770,9.951254309832363,0.4429805137289637,9,91,746.1917472708219,1827,785,62135.59275003192,1
21143,Lyon County,"Lyon County, Kentucky",KY,1,KY-01,JAMES COMER,REPUBLICAN,8900,3419,65066,9.534851998363116,1,3,13,19.048944991979162,1116,361,68296.01300953077,0
21173,Montgomery County,"Montgomery County, Kentucky",KY,1,KY-06,ANDY BARR,REPUBLICAN,28395,11005,56396,15.41023528990438,0.5048730170022053,4,16,87.45139481908141,8444,3393,59318.246820258086,1
51021,Bland County,"Bland County, Virginia",VA,1,VA-09,H. MORGAN GRIFFITH,REPUBLICAN,6199,2376,61216,13.583225088142513,1,3,18,1.9469596422485207,314,122,61329.31670692476,1
51197,Wythe County,"Wythe County, Virginia",VA,1,VA-09,H. MORGAN GRIFFITH,REPUBLICAN,28188,12533,57745,15.189146507788386,0.7471191233651467,2,22,9.954667542743346,1732,756,57888.25608166643,0
31067,Gage County,"Gage County, Nebraska",NE,1,NE-03,ADRIAN SMITH,REPUBLICAN,21629,9327,67247,12.604923798358733,0.4405639513453741,16,114,19.25430756793086,2176,887,74293.25929939876,1
17121,Marion County,"Marion County, Illinois",IL,1,IL-12,MIKE BOST,REPUBLICAN,37000,15512,61240,15.37437234721336,0.47793474515624584,11,94,20.773279766097,4088,1652,64255.88444188804,1
19071,Fremont County,"Fremont County, Iowa",IA,1,IA-04,RANDY FEENSTRA,REPUBLICAN,6514,2823,71621,7.673073917799656,0.9986373959121877,8,54,11.571526380860266,2107,875,73688.80712939978,0
21105,Hickman County,"Hickman County, Kentucky",KY,1,KY-01,JAMES COMER,REPUBLICAN,4439,1731,60867,20.47652748289691,1,4,25,10.475639407363925,960,367,60867,1
22007,Assumption Parish,"Assumption Parish, Louisiana",LA,1,LA-02,TROY A. CARTER,DEMOCRAT,20484,8830,51423,15.29047478619876,0.6449926327296924,4,30,27.0324343311967,4185,1763,49422.49103394942,1
51079,Greene County,"Greene County, Virginia",VA,1,VA-07,EUGENE S. VINDMAN,DEMOCRAT,21155,8032,89808,13.735215566577642,1,3,53,24.277188233390614,6113,2362,110023.74685042695,0
19155,Pottawattamie County,"Pottawattamie County, Iowa",IA,1,IA-04,RANDY FEENSTRA,REPUBLICAN,93424,37642,73602,12.123449172524737,0.2692517108480041,13,109,23.4884350582677,5055,1996,83718.63097595307,0
19043,Clayton County,"Clayton County, Iowa",IA,1,IA-02,ASHLEY HINSON,REPUBLICAN,17013,7509,67242,10.908331842309298,0.9907293316904301,16,140,26.876326291525796,4681,2102,67568.87871793944,1
22061,Lincoln Parish,"Lincoln Parish, Louisiana",LA,1,LA-04,MIKE JOHNSON,REPUBLICAN,48174,18487,39172,31.184672991661117,0.404103644929333,16,126,67.3075847364689,6630,2763,45691.211066592514,7
22093,St. James Parish,"St. James Parish, Louisiana",LA,1,LA-02,TROY A. CARTER,DEMOCRAT,19528,7543,65531,11.092176607281177,0.495790412044374,3,18,15.707045114643657,5775,2046,74264.48126742418,2
26143,Roscommon County,"Roscommon County, Michigan",MI,1,MI-01,JACK BERGMAN,REPUBLICAN,23737,11579,55246,15.540396503943722,0.43872287821305256,12,61,22.26632028216803,6524,3274,53525.82208447071,6
27029,Clearwater County,"Clearwater County, Minnesota",MN,1,MN-08,PETE STAUBER,REPUBLICAN,8616,3339,64475,12.57563174753826,1,3,12,13.511430872896295,1226,483,63605.49146303118,1
51760,Richmond city,"Richmond city, Virginia",VA,1,VA-04,JENNIFER L. MCCLELLAN,DEMOCRAT,229359,104321,64587,18.19680342425208,0,0,0,0,0,0,NA,0
51135,Nottoway County,"Nottoway County, Virginia",VA,1,VA-05,JOHN J. MCGUIRE III,REPUBLICAN,15597,5611,63261,18.46412392225632,1,2,34,6.979262235743404,2853,849,72263.67197903819,0
17037,DeKalb County,"DeKalb County, Illinois",IL,3,IL-14 / IL-16 / IL-11,LAUREN UNDERWOOD / DARIN LAHOOD / BILL FOSTER,DEMOCRAT / REPUBLICAN,100703,39550,70724,14.80113517799758,0.21756622186815375,14,135,20.494926118266097,7256,2767,97834.18341229249,0
27105,Nobles County,"Nobles County, Minnesota",MN,1,MN-01,BRAD FINSTAD,REPUBLICAN,22041,7674,66101,14.000277507978355,0.38088829071332436,12,52,16.317339683700546,2212,824,75112.38386393692,0
17199,Williamson County,"Williamson County, Illinois",IL,1,IL-12,MIKE BOST,REPUBLICAN,66876,28983,65604,13.752942634122165,0.4103465221211264,18,139,35.230663178810744,5705,2314,68141.05011587434,0
17053,Ford County,"Ford County, Illinois",IL,2,IL-02 / IL-16,ROBIN L. KELLY / DARIN LAHOOD,DEMOCRAT / REPUBLICAN,13406,5828,62439,12.419166342033503,0.6654352002364415,8,67,6.121565879668141,1883,823,71764.99871260591,0
27057,Hubbard County,"Hubbard County, Minnesota",MN,2,MN-08 / MN-07,PETE STAUBER / MICHELLE FISCHBACH,REPUBLICAN,21831,8964,71995,10.77436396496594,1,6,20,5.369773646124819,700,300,66730.79084113007,0
27141,Sherburne County,"Sherburne County, Minnesota",MN,1,MN-06,TOM EMMER,REPUBLICAN,100560,35555,105466,5.0931979201508195,0.5092866036240906,6,20,4.013632426574764,964,346,112980.3049692426,0
51570,Colonial Heights city,"Colonial Heights city, Virginia",VA,1,VA-04,JENNIFER L. MCCLELLAN,DEMOCRAT,18352,7530,76505,7.91243934715483,0,0,0,0,0,0,NA,0
55027,Dodge County,"Dodge County, Wisconsin",WI,2,WI-05 / WI-06,SCOTT FITZGERALD / GLENN GROTHMAN,REPUBLICAN,88742,35910,75929,8.503567472276155,0.5488612465882142,20,92,29.342312698018837,9991,3941,82582.36682938584,0
55017,Chippewa County,"Chippewa County, Wisconsin",WI,2,WI-07 / WI-03,THOMAS P. TIFFANY / DERRICK VAN ORDEN,REPUBLICAN,66799,27139,74680,10.225662269704568,0.6252168273074197,7,29,14.00671372206244,2887,995,77754.50941755755,0
21053,Clinton County,"Clinton County, Kentucky",KY,1,KY-01,JAMES COMER,REPUBLICAN,9202,3854,44844,17.474334915553595,1,0,0,0,0,0,NA,0
01127,Walker County,"Walker County, Alabama",AL,1,AL-04,ROBERT B. ADERHOLT,REPUBLICAN,64841,25388,56509,18.456534037337356,0.7968534786201831,8,36,52.4841482912105,2342,925,63474.63333522702,1
08051,Gunnison County,"Gunnison County, Colorado",CO,1,CO-03,JEFF HURD,REPUBLICAN,17241,8494,84527,11.265861962240793,0.5727627379122828,16,117,19.633849305257833,3223,1613,90732.37067872568,0
08039,Elbert County,"Elbert County, Colorado",CO,1,CO-04,LAUREN BOEBERT,REPUBLICAN,27874,10004,132685,5.2835885270649126,1,11,96,46.590089033387336,4001,1490,148615.3444786489,0
27007,Beltrami County,"Beltrami County, Minnesota",MN,1,MN-08,PETE STAUBER,REPUBLICAN,46512,18172,68975,16.137952741743295,0.6787877476853855,16,68,3.9326565847585564,974,399,69648.07541038645,1
28145,Union County,"Union County, Mississippi",MS,1,MS-01,TRENT KELLY,REPUBLICAN,28122,9849,55505,15.144342836650528,0.7565251827051157,21,164,492.8739220856037,15459,5449,58905.13471910171,3
28035,Forrest County,"Forrest County, Mississippi",MS,1,MS-04,MIKE EZELL,REPUBLICAN,78272,30127,53640,20.968244295483785,0.34596586401903834,9,65,95.06353031301452,4681,1993,60834.224583865056,0
28031,Covington County,"Covington County, Mississippi",MS,1,MS-03,MICHAEL GUEST,REPUBLICAN,18148,7323,45051,19.767898189157368,1,12,93,140.54930825796382,5119,2180,41687.95904661117,2
55041,Forest County,"Forest County, Wisconsin",WI,1,WI-07,THOMAS P. TIFFANY,REPUBLICAN,9369,4006,61071,15.230635335073977,1,5,18,12.735623652337402,1558,670,59845.17970785034,0
55033,Dunn County,"Dunn County, Wisconsin",WI,1,WI-03,DERRICK VAN ORDEN,REPUBLICAN,45527,17440,74824,10.675854257126675,0.6253961267605633,14,49,12.270602597731113,2957,1164,79822.76205177867,0
40033,Cotton County,"Cotton County, Oklahoma",OK,1,OK-04,TOM COLE,REPUBLICAN,5485,2040,58425,20.473898556090337,1,8,73,1545.3969151138103,4605,1695,60207.51607366734,2
36027,Dutchess County,"Dutchess County, New York",NY,2,NY-18 / NY-17,PATRICK RYAN / MICHAEL LAWLER,DEMOCRAT / WORKING FAMILIES / CONSERVATIVE / REPUBLICAN,298220,116275,99478,8.425141467587045,0.3173961089651956,107,688,109.93962316579328,43158,16883,106882.36308249286,2
13069,Coffee County,"Coffee County, Georgia",GA,1,GA-08,AUSTIN SCOTT,REPUBLICAN,43347,15349,50683,23.147003154574133,0.669126520003713,22,105,27.510255017568337,3851,1406,56416.41238250228,5
28061,Jasper County,"Jasper County, Mississippi",MS,1,MS-03,MICHAEL GUEST,REPUBLICAN,16059,6647,48660,19.427171660071604,1,16,127,464.1807189849623,6068,2573,43804.308662465795,4
29047,Clay County,"Clay County, Missouri",MO,2,MO-06 / MO-05,SAM GRAVES / EMANUEL CLEAVER,REPUBLICAN / DEMOCRAT,258122,102171,88468,8.466892806023411,0.08092052025973513,14,67,305.97639112183,12794,4854,102262.99992458323,0
29225,Webster County,"Webster County, Missouri",MO,2,MO-04 / MO-07,MARK ALFORD / ERIC BURLISON,REPUBLICAN,40500,13964,71155,15.242996876120245,0.8071638736088014,9,60,11.55346443819088,2766,921,59441.2247047033,3
29075,Gentry County,"Gentry County, Missouri",MO,1,MO-06,SAM GRAVES,REPUBLICAN,6245,2426,55848,17.857142857142858,1,6,55,1017.9411440925747,4856,1908,55801.61743073113,1
01081,Lee County,"Lee County, Alabama",AL,1,AL-03,MIKE ROGERS,REPUBLICAN,181134,69436,65824,18.941197493644765,0.2638988527384485,1,7,5.033722519425379,108,50,54597,0
08045,Garfield County,"Garfield County, Colorado",CO,1,CO-03,JEFF HURD,REPUBLICAN,62479,23404,91131,8.205696408785766,0.32116397827672855,30,209,47.896390599222954,5155,2049,106592.11041983968,0
09150,Northeastern Connecticut Planning Region,"Northeastern Connecticut Planning Region, Connecticut",CT,1,CT-02,JOE COURTNEY,DEMOCRAT,96312,39412,90589,7.497378905430908,NA,52,338,38.540010743580275,0,0,NA,0
48493,Wilson County,"Wilson County, Texas",TX,1,TX-15,MONICA DE LA CRUZ,REPUBLICAN,52781,18185,94565,11.306662581151732,0.8731131791047776,13,200,574.975117074997,12037,4391,93572.03232918085,1
55115,Shawano County,"Shawano County, Wisconsin",WI,1,WI-08,TONY WIED,REPUBLICAN,41039,17246,66479,11.121873680550381,0.7008634818130672,8,46,15.502303882446352,3064,1224,66641.85664082713,0
18157,Tippecanoe County,"Tippecanoe County, Indiana",IN,1,IN-04,JAMES R. BAIRD,REPUBLICAN,189071,75808,60636,19.212319828311244,0.15651459589478714,8,40,7.150107525234923,3087,1223,85184.90670399832,0
19171,Tama County,"Tama County, Iowa",IA,1,IA-02,ASHLEY HINSON,REPUBLICAN,16868,6720,70781,14.799539030751502,0.692850889991246,11,77,17.705656993325576,7037,2611,68515.41506505181,1
13035,Butts County,"Butts County, Georgia",GA,1,GA-10,MIKE COLLINS,REPUBLICAN,26496,8941,69241,10.411884989358594,0.7760084925690022,4,41,9.067526291713037,944,323,76125.26250070498,0
13117,Forsyth County,"Forsyth County, Georgia",GA,1,GA-07,RICHARD MCCORMICK,REPUBLICAN,267287,89030,143784,4.344066942838454,0.07738685068229845,3,6,3.683877760035505,2182,805,136366.8240003596,0
29043,Christian County,"Christian County, Missouri",MO,1,MO-07,ERIC BURLISON,REPUBLICAN,92915,35142,83437,8.17403770961856,0.42249161432655724,21,156,51.165097189376176,11917,4907,87356.86059984662,1
29003,Andrew County,"Andrew County, Missouri",MO,1,MO-06,SAM GRAVES,REPUBLICAN,18065,6988,75625,6.194740102494791,0.6041356492969396,8,47,462.06814025183553,2328,883,71262.75198927468,0
12063,Jackson County,"Jackson County, Florida",FL,1,FL-02,NEAL P. DUNN,REPUBLICAN,48250,17276,49149,19.462793860501264,0.8824996301696992,14,88,58.8627773734609,7894,2684,50302.66156174728,6
17077,Jackson County,"Jackson County, Illinois",IL,1,IL-12,MIKE BOST,REPUBLICAN,53064,22955,48763,20.986925176163904,0.40948389776116584,13,93,29.220629139893173,4868,1953,59847.38503433574,1
19023,Butler County,"Butler County, Iowa",IA,1,IA-02,ASHLEY HINSON,REPUBLICAN,14268,5863,73715,9.217081850533807,1,9,66,22.399510214006657,5402,2210,75909.88833800747,0
19067,Floyd County,"Floyd County, Iowa",IA,1,IA-02,ASHLEY HINSON,REPUBLICAN,15328,6503,68557,11.588067993914942,0.5357394253535548,7,57,9.040045620124786,1674,671,86486.91190304284,0
19105,Jones County,"Jones County, Iowa",IA,1,IA-01,MARIANNETTE MILLER-MEEKS,REPUBLICAN,20896,8198,73531,12.000816035089509,0.7379153346895282,10,69,6.583457068185219,1554,682,73362.65396842621,1
20085,Jackson County,"Jackson County, Kansas",KS,2,KS-01 / KS-02,TRACEY MANN / DEREK SCHMIDT,REPUBLICAN,13341,5013,75215,6.083650190114068,1,14,105,474.5531342915418,3793,1399,85936.06282923275,0
20081,Haskell County,"Haskell County, Kansas",KS,1,KS-01,TRACEY MANN,REPUBLICAN,3641,1403,66162,11.196362603012219,1,3,28,4.743863450027114,1630,605,66162,0
20195,Trego County,"Trego County, Kansas",KS,1,KS-01,TRACEY MANN,REPUBLICAN,2777,1367,81528,5.520794994479205,1,4,48,857.9331494579802,1236,601,81528,0
13255,Spalding County,"Spalding County, Georgia",GA,1,GA-03,BRIAN JACK,REPUBLICAN,68892,26471,62071,18.93695047055185,0.40653136421715746,4,19,3.6886766199864343,600,215,67782.09954884872,1
13043,Candler County,"Candler County, Georgia",GA,1,GA-12,RICK W. ALLEN,REPUBLICAN,11043,4152,49581,16.252905625290563,1,7,24,5.343550436160344,247,80,55156.12311310133,1
29219,Warren County,"Warren County, Missouri",MO,2,MO-02 / MO-03,ANN WAGNER / BOB ONDER,REPUBLICAN,37177,13845,81209,8.014715901348957,0.7355060227400653,13,107,527.0099355648987,22474,8503,86423.07853806448,1
29053,Cooper County,"Cooper County, Missouri",MO,1,MO-03,BOB ONDER,REPUBLICAN,16824,6246,70625,11.68404789494013,0.5302578495000877,10,70,219.74041984417602,4449,1655,69472.08885726583,0
29093,Iron County,"Iron County, Missouri",MO,1,MO-08,JASON SMITH,REPUBLICAN,9446,3861,48850,19.26585339048247,1,9,84,156.1226062807223,5151,2092,48206.550509533576,3
17001,Adams County,"Adams County, Illinois",IL,1,IL-15,MARY E. MILLER,REPUBLICAN,64754,27915,66220,12.839082650403405,0.33938269163484797,13,88,31.547626386597823,3857,1579,72431.13365248215,0
30111,Yellowstone County,"Yellowstone County, Montana",MT,1,MT-02,TROY DOWNING,REPUBLICAN,168957,69897,76570,9.19470717724183,0.16484450407027215,28,190,39.834355146633634,5239,2344,88969.7045247348,0
20033,Comanche County,"Comanche County, Kansas",KS,1,KS-04,RON ESTES,REPUBLICAN,1729,824,54545,9.227082085080887,1,5,32,543.9531174364123,858,419,54545.00000000001,0
21113,Jessamine County,"Jessamine County, Kentucky",KY,1,KY-06,ANDY BARR,REPUBLICAN,54588,19913,74576,11.274685140910032,0.24732501745579438,0,0,0,0,0,NA,0
21191,Pendleton County,"Pendleton County, Kentucky",KY,1,KY-04,THOMAS MASSIE,REPUBLICAN,14723,5442,64669,15.913948838171413,1,3,15,157.48233169345812,5317,1879,71070.34755431642,2
13155,Irwin County,"Irwin County, Georgia",GA,1,GA-08,AUSTIN SCOTT,REPUBLICAN,9285,3589,51384,22.424845269672854,1,5,23,6.119983088519441,2188,730,56024.07447703205,3
13287,Turner County,"Turner County, Georgia",GA,1,GA-08,AUSTIN SCOTT,REPUBLICAN,8939,3295,36799,20.26979881381556,0.4739062846990895,3,16,6.540271109530743,784,270,58023,0
30095,Stillwater County,"Stillwater County, Montana",MT,1,MT-02,TROY DOWNING,REPUBLICAN,9182,3810,84732,8.274570295284267,1,5,41,60.00692860513475,2208,974,86426.33620456253,0
30103,Treasure County,"Treasure County, Montana",MT,1,MT-02,TROY DOWNING,REPUBLICAN,732,360,67917,12.295081967213115,1,1,6,0.8385098335440073,136,64,67917,0
30101,Toole County,"Toole County, Montana",MT,1,MT-02,TROY DOWNING,REPUBLICAN,5061,1852,57731,12.571554381329811,1,8,69,1.7455272475709869,257,78,80290.48129276479,0
19005,Allamakee County,"Allamakee County, Iowa",IA,1,IA-02,ASHLEY HINSON,REPUBLICAN,14092,5950,70694,10.09771986970684,1,4,29,6.613623444918739,1671,631,72339.25183198755,0
21213,Simpson County,"Simpson County, Kentucky",KY,1,KY-01,JAMES COMER,REPUBLICAN,19972,8025,59858,15.549171497460627,0.40604266612228235,0,0,0,0,0,NA,0
55025,Dane County,"Dane County, Wisconsin",WI,1,WI-02,MARK POCAN,DEMOCRAT,572674,251529,89975,10.61774921754629,0.1357692910469026,28,109,45.43103161685266,14056,5609,115655.9918966284,2
21221,Trigg County,"Trigg County, Kentucky",KY,1,KY-01,JAMES COMER,REPUBLICAN,14315,6060,59857,20.59898762654668,1,0,0,0,0,0,NA,0
47139,Polk County,"Polk County, Tennessee",TN,1,TN-03,"CHARLES J. \""CHUCK\"" FLEISCHMANN",REPUBLICAN,17898,7424,62522,13.946874466753883,1,5,34,133.40270298573594,6487,2687,56775.81067738359,3
47137,Pickett County,"Pickett County, Tennessee",TN,1,TN-06,JOHN W. ROSE,REPUBLICAN,5079,2167,49030,23.90914524805738,1,0,0,0,0,0,NA,0
13109,Evans County,"Evans County, Georgia",GA,1,GA-12,RICK W. ALLEN,REPUBLICAN,10757,4077,53259,19.146629877808437,1,7,35,7.013415396616139,587,224,53973.93516599648,0
13007,Baker County,"Baker County, Georgia",GA,1,GA-02,"SANFORD D. BISHOP, JR.",DEMOCRAT,2790,1108,46012,26.272401433691755,1,2,8,58.268919299927845,405,151,50949.63223456242,2
15005,Kalawao County,"Kalawao County, Hawaii",HI,1,HI-02,JILL N. TOKUDA,DEMOCRAT,67,40,73750,22.727272727272727,1,1,3,0.18345819185111845,33,16,73750,0
31035,Clay County,"Clay County, Nebraska",NE,1,NE-03,ADRIAN SMITH,REPUBLICAN,6095,2490,78986,6.901172529313233,1,9,46,12.506717727717595,2553,1040,78179.38936110522,0
31167,Stanton County,"Stanton County, Nebraska",NE,1,NE-01,MIKE FLOOD,REPUBLICAN,5796,2313,80687,9.367354072002795,0.733310510099281,4,20,14.776440777810436,2506,984,76376.92609708806,0
31017,Brown County,"Brown County, Nebraska",NE,1,NE-03,ADRIAN SMITH,REPUBLICAN,2869,1275,54676,13.39443073669369,1,2,11,4.631144351021828,1057,464,54676,0
32021,Mineral County,"Mineral County, Nevada",NV,1,NV-04,STEVEN HORSFORD,DEMOCRAT,4542,1830,54855,18.466424682395644,1,4,59,6.59500845298655,2613,981,63678.960965954124,2
39017,Butler County,"Butler County, Ohio",OH,1,OH-08,WARREN DAVIDSON,REPUBLICAN,392876,146822,81590,11.816334460523828,0.09610689701990742,4,21,7.100371269901085,3899,1461,59468.292015820836,1
27055,Houston County,"Houston County, Minnesota",MN,1,MN-01,BRAD FINSTAD,REPUBLICAN,18653,8134,79825,6.581303239108024,0.710184153266465,5,25,9.547016843951027,4075,1814,78103.19183969451,0
16063,Lincoln County,"Lincoln County, Idaho",ID,1,ID-02,MICHAEL K. SIMPSON,REPUBLICAN,5358,1848,71453,10.468631897203325,1,4,27,6.537381233218054,1340,483,71453,0
19075,Grundy County,"Grundy County, Iowa",IA,1,IA-02,ASHLEY HINSON,REPUBLICAN,12384,5117,87205,6.519607843137255,1,8,45,17.71672082935652,5185,2141,85827.34796610769,0
19141,O'Brien County,"O'Brien County, Iowa",IA,1,IA-04,RANDY FEENSTRA,REPUBLICAN,14126,5809,68356,13.316455696202532,0.638203356367226,6,48,13.47549249036206,2572,1066,69784.80460616757,0
20135,Ness County,"Ness County, Kansas",KS,1,KS-01,TRACEY MANN,REPUBLICAN,2653,1161,68616,11.227255129694154,1,9,95,312.87370156999367,1045,452,68616,0
28111,Perry County,"Perry County, Mississippi",MS,1,MS-04,MIKE EZELL,REPUBLICAN,11449,4647,49634,18.381233772047633,1,11,75,47.36187239221694,2403,953,51549.974775380804,3
29137,Monroe County,"Monroe County, Missouri",MO,1,MO-06,SAM GRAVES,REPUBLICAN,8734,3468,54516,14.182411943083741,1,5,55,92.98705267255521,2168,886,56432.74173633213,1
29107,Lafayette County,"Lafayette County, Missouri",MO,1,MO-04,MARK ALFORD,REPUBLICAN,33115,12576,80612,9.286436471705628,0.6931542566092651,12,76,19.56538188546349,3248,1197,76512.45983656408,0
31039,Cuming County,"Cuming County, Nebraska",NE,1,NE-01,MIKE FLOOD,REPUBLICAN,8975,3807,71104,6.729793709841055,1,5,40,5.699916733942824,1135,521,75023.86183105587,0
20023,Cheyenne County,"Cheyenne County, Kansas",KS,1,KS-01,TRACEY MANN,REPUBLICAN,2628,1210,55429,17.01388888888889,1,2,19,7.943160721593167,897,415,55429,0
29001,Adair County,"Adair County, Missouri",MO,1,MO-06,SAM GRAVES,REPUBLICAN,25301,9126,61536,22.007342896174862,0.33451844828948407,3,26,1.4401052801044163,357,137,76601.2043572441,1
31137,Phelps County,"Phelps County, Nebraska",NE,1,NE-03,ADRIAN SMITH,REPUBLICAN,9009,3916,68919,12.241871078151739,0.3918376449598573,4,17,2.460417052290731,588,240,77396,0
36035,Fulton County,"Fulton County, New York",NY,1,NY-21,ELISE M. STEFANIK,CONSERVATIVE / REPUBLICAN,52487,22866,66533,13.131685724824788,0.5070512339659441,18,143,8.974716718512589,3028,1334,82969.02038275538,0
47099,Lawrence County,"Lawrence County, Tennessee",TN,1,TN-04,SCOTT DESJARLAIS,REPUBLICAN,45385,16991,54706,14.987808424490526,0.7355239022622795,4,21,96.00861501532351,1875,796,47443.06273868232,0
31147,Richardson County,"Richardson County, Nebraska",NE,1,NE-03,ADRIAN SMITH,REPUBLICAN,7751,3554,60108,10.45011845222427,0.47490788972176345,12,92,9.474843049587237,1103,532,62702.89576207005,0
17069,Hardin County,"Hardin County, Illinois",IL,1,IL-12,MIKE BOST,REPUBLICAN,3605,1545,54271,10.959294050668944,1,5,38,43.50976336981142,1805,694,53815.59517005768,1
39033,Crawford County,"Crawford County, Ohio",OH,1,OH-05,ROBERT E. LATTA,REPUBLICAN,41711,18059,58044,11.808611509566994,0.34084473527662107,1,7,0.017419147932314877,21,8,73092,0
40081,Lincoln County,"Lincoln County, Oklahoma",OK,1,OK-05,STEPHANIE I. BICE,REPUBLICAN,34219,13141,62216,17.2699559001983,1,14,108,648.1008942466824,13655,5427,61788.06334911208,2
46129,Walworth County,"Walworth County, South Dakota",SD,1,SD-AL,DUSTY JOHNSON,REPUBLICAN,5271,2415,65026,14.915517576228394,1,5,45,8.587713526100487,3212,1424,65443.629163383346,0
48253,Jones County,"Jones County, Texas",TX,1,TX-19,JODEY C. ARRINGTON,REPUBLICAN,20304,5915,59464,14.050956293585584,1,8,127,523.4357109680951,7185,3150,53758.50508357629,1
48417,Shackelford County,"Shackelford County, Texas",TX,1,TX-19,JODEY C. ARRINGTON,REPUBLICAN,3175,1293,73047,9.525326537113731,1,7,163,1391.2821403308399,2408,1003,73047,0
42037,Columbia County,"Columbia County, Pennsylvania",PA,1,PA-09,DANIEL MEUSER,REPUBLICAN,65362,26350,64644,13.744091279543602,0.44726312049067624,14,66,10.878999656417886,5074,2100,64453.354070972906,1
46015,Brule County,"Brule County, South Dakota",SD,1,SD-AL,DUSTY JOHNSON,REPUBLICAN,5283,1955,73720,10.674486803519061,1,4,21,1726.7020494522476,4578,1708,73888.97683384492,1
27019,Carver County,"Carver County, Minnesota",MN,1,MN-06,TOM EMMER,REPUBLICAN,110041,41175,125946,4.42165943033385,0.2465067993490582,5,22,7.324627955512624,3084,1191,114602.36326130279,0
28091,Marion County,"Marion County, Mississippi",MS,1,MS-03,MICHAEL GUEST,REPUBLICAN,24193,9122,45110,19.676480657309142,0.7448549568348267,14,127,824.6212806039437,16848,6395,48911.86137954157,9
28025,Clay County,"Clay County, Mississippi",MS,1,MS-01,TRENT KELLY,REPUBLICAN,18383,7805,43125,20.896677538835757,0.5635329469843314,11,82,107.55904122309518,7706,3232,38261.95925821044,5
29035,Carter County,"Carter County, Missouri",MO,1,MO-08,JASON SMITH,REPUBLICAN,5297,2038,50000,20.773038842345773,1,5,40,6.181387232907204,1011,401,43705.238748621836,1
31013,Box Butte County,"Box Butte County, Nebraska",NE,1,NE-03,ADRIAN SMITH,REPUBLICAN,10714,4505,68892,10.785241248817409,0.2511529238147943,1,9,1.2934038309311262,314,105,76406,0
19007,Appanoose County,"Appanoose County, Iowa",IA,1,IA-03,ZACHARY NUNN,REPUBLICAN,12184,5199,54934,17.497710813285607,0.5722172606965982,5,37,7.101799864081947,959,359,70298.1473088887,0
21075,Fulton County,"Fulton County, Kentucky",KY,1,KY-01,JAMES COMER,REPUBLICAN,6409,2550,38217,22.58775648634899,0.641903300076746,4,27,62.976536107358804,2624,955,38852.118864017924,0
20169,Saline County,"Saline County, Kansas",KS,1,KS-01,TRACEY MANN,REPUBLICAN,53668,22523,65422,11.863790364259327,0.14282820470323923,13,138,1409.833749575644,6689,2750,96316.50733359015,1
51520,Bristol city,"Bristol city, Virginia",VA,1,VA-09,H. MORGAN GRIFFITH,REPUBLICAN,16849,7226,50404,17.950577004410608,0.010221267204831871,1,2,0.33445566751848504,90,36,66610,0
40007,Beaver County,"Beaver County, Oklahoma",OK,1,OK-03,FRANK D. LUCAS,REPUBLICAN,5028,1673,64276,13.25227963525836,1,5,33,62.9836924913213,1229,442,58968.583296421864,1
50011,Franklin County,"Franklin County, Vermont",VT,1,VT-AL,BECCA BALINT,DEMOCRAT,50638,19963,81313,10.265317122836437,0.7723941857205783,20,113,52.88507962915514,4575,1850,79650.79201796776,0
54051,Marshall County,"Marshall County, West Virginia",WV,1,WV-02,RILEY MOORE,REPUBLICAN,29865,12487,59169,16.823104693140795,0.4893596155732078,8,67,40.25239660799391,6701,2841,60831.08455028018,6
55013,Burnett County,"Burnett County, Wisconsin",WI,1,WI-07,THOMAS P. TIFFANY,REPUBLICAN,16916,7188,62819,12.762143753360817,1,5,20,11.483334801879774,1700,718,58090.45173237159,3
16053,Jerome County,"Jerome County, Idaho",ID,1,ID-02,MICHAEL K. SIMPSON,REPUBLICAN,25173,8277,71724,12.591109331197437,0.4881792301027355,6,37,6.499708694958018,1083,380,83869.73761882952,0
51820,Waynesboro city,"Waynesboro city, Virginia",VA,1,VA-06,BEN CLINE,REPUBLICAN,22841,9841,59994,11.224625182433329,0.02351775094611642,1,11,2.945487593244594,933,388,51305.85789484126,0
55069,Lincoln County,"Lincoln County, Wisconsin",WI,1,WI-07,THOMAS P. TIFFANY,REPUBLICAN,28426,12772,68164,10.57358571581923,0.6650008798169981,4,19,14.548515928902809,2683,1125,62773.22412492806,1
01029,Cleburne County,"Cleburne County, Alabama",AL,1,AL-03,MIKE ROGERS,REPUBLICAN,15426,5980,55345,13.679523279418506,1,2,10,7.265437233244228,752,291,66639.22383963244,0
16045,Gem County,"Gem County, Idaho",ID,1,ID-01,RUSS FULCHER,REPUBLICAN,20614,7643,64605,11.979010494752623,0.46802279976991057,4,20,0.0868065089932443,39,15,70219.16955731095,0
37067,Forsyth County,"Forsyth County, North Carolina",NC,2,NC-10 / NC-06,PAT HARRIGAN / ADDISON MCDOWELL,REPUBLICAN,389977,159925,67165,14.518553286642478,0.07581484095245564,15,114,8.282773621912026,3103,1318,81564.90411155816,1
06035,Lassen County,"Lassen County, California",CA,1,CA-01,DOUG LAMALFA,REPUBLICAN,30356,9247,67403,13.96011396011396,0.7251756798044607,13,44,57.14070327777485,3649,1399,68412.5183813985,1
12109,St. Johns County,"St. Johns County, Florida",FL,2,FL-05 / FL-06,JOHN H. RUTHERFORD / MICHAEL WALTZ,REPUBLICAN,306934,115794,109839,6.544456923041455,0.14793087684008413,12,59,29.69171273930993,8284,3432,132396.94651011768,0
48385,Real County,"Real County, Texas",TX,1,TX-21,CHIP ROY,REPUBLICAN,2802,1128,39605,17.872968980797637,1,10,157,13.816501944737118,668,274,39605,2
40073,Kingfisher County,"Kingfisher County, Oklahoma",OK,1,OK-03,FRANK D. LUCAS,REPUBLICAN,15430,5684,71975,12.835742097274467,1,11,117,647.7882820813073,3702,1386,78618.71817350954,0
26113,Missaukee County,"Missaukee County, Michigan",MI,1,MI-01,JACK BERGMAN,REPUBLICAN,15207,5909,66194,11.269284248162617,1,2,14,4.0501808898922675,1154,471,71579.75002918026,0
35031,McKinley County,"McKinley County, New Mexico",NM,2,NM-03 / NM-02,TERESA LEGER FERNANDEZ / GABE VASQUEZ,DEMOCRAT,70431,21353,47668,33.24348736182598,0.6646456887328194,15,71,20.223820017515713,4046,1194,55495.70709006485,4
40037,Creek County,"Creek County, Oklahoma",OK,2,OK-03 / OK-01,FRANK D. LUCAS / KEVIN HERN,REPUBLICAN,72830,28246,62338,14.521258788081687,0.6247456587786047,10,76,145.06878192270975,6707,2576,67658.16117307721,3
37069,Franklin County,"Franklin County, North Carolina",NC,1,NC-13,BRAD KNOTT,REPUBLICAN,74386,28529,74240,11.055345290987878,0.7889256704533855,17,92,15.556706216005963,3994,1580,66379.84142745472,0
39141,Ross County,"Ross County, Ohio",OH,1,OH-02,DAVID J. TAYLOR,REPUBLICAN,76492,29808,61303,15.693353750193165,0.5884580960657907,5,30,9.067411425114903,4003,1620,79465.76309415221,2
46051,Grant County,"Grant County, South Dakota",SD,1,SD-AL,DUSTY JOHNSON,REPUBLICAN,7563,3029,75028,11.582114043484205,1,5,24,10.525516916969503,587,252,71008.13362779125,0
27045,Fillmore County,"Fillmore County, Minnesota",MN,1,MN-01,BRAD FINSTAD,REPUBLICAN,21414,8723,77512,8.385954841178721,1,14,74,23.860490560980207,6598,2736,78750.52975238394,0
29127,Marion County,"Marion County, Missouri",MO,1,MO-06,SAM GRAVES,REPUBLICAN,28457,11323,62903,14.21244088759549,0.3895179666958808,2,23,121.56355150768272,754,313,81806,0
46003,Aurora County,"Aurora County, South Dakota",SD,1,SD-AL,DUSTY JOHNSON,REPUBLICAN,2642,1064,72885,10.60428849902534,1,4,17,1243.3958540644658,2087,808,72885,0
18111,Newton County,"Newton County, Indiana",IN,1,IN-04,JAMES R. BAIRD,REPUBLICAN,13922,5726,75481,14.04019807748325,1,9,64,11.876144360946043,3952,1688,66979.04378636737,0
26005,Allegan County,"Allegan County, Michigan",MI,1,MI-04,BILL HUIZENGA,REPUBLICAN,121456,45522,83283,8.373926393095722,0.6757813148329488,38,186,32.56900657605724,7822,2853,87502.72759463768,1
47073,Hawkins County,"Hawkins County, Tennessee",TN,1,TN-01,DIANA HARSHBARGER,REPUBLICAN,57964,23567,56936,15.173317034838034,0.6207577440454153,5,44,702.9373613660919,23663,9794,53331.14681661301,3
51081,Greensville County,"Greensville County, Virginia",VA,1,VA-04,JENNIFER L. MCCLELLAN,DEMOCRAT,11275,3199,54668,14.252046638551228,0.8777982617856203,1,6,0.16643594742542933,28,10,39979,0
08097,Pitkin County,"Pitkin County, Colorado",CO,1,CO-03,JEFF HURD,REPUBLICAN,16985,9215,102645,7.798110979929162,0.3296462726120521,21,166,46.48259881199433,2904,1457,114058.6080284074,0
37097,Iredell County,"Iredell County, North Carolina",NC,1,NC-10,PAT HARRIGAN,REPUBLICAN,196544,76344,81419,10.03289811863884,0.3185871993058122,48,292,27.849637377770055,12720,5349,112945.61371752681,3
42013,Blair County,"Blair County, Pennsylvania",PA,1,PA-13,JOHN JOYCE,REPUBLICAN,121277,50558,62382,12.037352600368074,0.2573887414306883,26,104,38.540623570205085,15500,6110,67932.82298175279,0
20189,Stevens County,"Stevens County, Kansas",KS,1,KS-01,TRACEY MANN,REPUBLICAN,5162,1888,64178,14.24901185770751,1,1,8,0.44593588842588844,135,40,74531,0
20071,Greeley County,"Greeley County, Kansas",KS,1,KS-01,TRACEY MANN,REPUBLICAN,1304,541,80565,7.109375,1,2,19,2.5651722488698767,445,187,80565,0
56011,Crook County,"Crook County, Wyoming",WY,1,WY-AL,HARRIET M. HAGEMAN,REPUBLICAN,7455,2907,79637,6.005398110661268,1,7,57,14.568759886624665,1715,706,76586.40420570661,0
18079,Jennings County,"Jennings County, Indiana",IN,1,IN-09,ERIN HOUCHIN,REPUBLICAN,27562,10944,69322,12.60469638049656,0.7488139644370405,5,21,4.834010948038244,755,303,65074.775997409524,0
40093,Major County,"Major County, Oklahoma",OK,1,OK-03,FRANK D. LUCAS,REPUBLICAN,7628,3182,71266,11.043108036189462,1,9,87,976.0664858861558,3928,1652,63802.81291839457,0
13257,Stephens County,"Stephens County, Georgia",GA,1,GA-09,ANDREW S. CLYDE,REPUBLICAN,27012,10524,54754,15.753900818785725,0.5591771206690561,3,21,13.316055141867144,836,350,48475.466006507304,1
23009,Hancock County,"Hancock County, Maine",ME,1,ME-02,JARED F. GOLDEN,DEMOCRAT,56460,25572,72744,9.915358907294392,1,19,131,39.79005352879136,4935,2173,68529.68909810054,0
48255,Karnes County,"Karnes County, Texas",TX,1,TX-15,MONICA DE LA CRUZ,REPUBLICAN,14968,4730,60214,19.145637757299113,1,4,61,44.62586475552841,705,354,55840.29847712327,1
26065,Ingham County,"Ingham County, Michigan",MI,1,MI-07,TOM BARRETT,REPUBLICAN,283913,117096,65526,16.686130126055627,0.1456756756756757,12,81,12.925727639183592,5322,2062,91997.90948462024,0
40031,Comanche County,"Comanche County, Oklahoma",OK,1,OK-04,TOM COLE,REPUBLICAN,121825,44898,60761,18.089124204248176,0.2779029927760578,21,125,1035.6471646110676,20712,7879,86187.83520695193,1
18005,Bartholomew County,"Bartholomew County, Indiana",IN,2,IN-06 / IN-09,JEFFERSON SHREVE / ERIN HOUCHIN,REPUBLICAN,83536,33359,79901,10.469287738200922,0.3069409303230829,3,12,2.943660393849751,1895,624,91128.97475167962,0
47171,Unicoi County,"Unicoi County, Tennessee",TN,1,TN-01,DIANA HARSHBARGER,REPUBLICAN,17756,7795,52218,14.31705345803025,0.5144466755912539,1,24,0.0015910037573765772,0,0,NA,0
53077,Yakima County,"Yakima County, Washington",WA,1,WA-04,DAN NEWHOUSE,REPUBLICAN,257152,87708,70656,15.460871072725983,0.3043220840734162,56,129,110.51648790454082,8098,2706,80125.29431194052,3
08041,El Paso County,"El Paso County, Colorado",CO,3,CO-05 / CO-04 / CO-07,JEFF CRANK / LAUREN BOEBERT / BRITTANY PETTERSEN,REPUBLICAN / DEMOCRAT,742999,290190,90363,8.523447797000578,0.10250480904168292,34,235,80.97116530926779,13202,5113,123992.6899238301,1
42121,Venango County,"Venango County, Pennsylvania",PA,2,PA-15 / PA-16,GLENN THOMPSON / MIKE KELLY,REPUBLICAN,49801,21397,61522,13.1521783679659,0.5606691243508939,24,90,33.15194488011584,6460,2771,71275.59893639798,0
46027,Clay County,"Clay County, South Dakota",SD,1,SD-AL,DUSTY JOHNSON,REPUBLICAN,15219,5547,56850,19.73467305125991,0.22101957640141645,4,11,1.156458803825867,188,77,84899,0
39137,Putnam County,"Putnam County, Ohio",OH,1,OH-05,ROBERT E. LATTA,REPUBLICAN,34314,13153,84928,5.488254192825773,0.842297756233491,9,78,22.78476615682152,7426,2817,83622.43368604794,0
08073,Lincoln County,"Lincoln County, Colorado",CO,1,CO-04,LAUREN BOEBERT,REPUBLICAN,5550,1971,62861,9.823848238482384,1,4,32,2.440805724064685,732,297,56047.27482478536,0
19137,Montgomery County,"Montgomery County, Iowa",IA,1,IA-03,ZACHARY NUNN,REPUBLICAN,10214,4585,63666,15.26671372390844,0.4660212971926428,2,18,3.9321381037190495,832,378,75868.09607278094,0
20047,Edwards County,"Edwards County, Kansas",KS,1,KS-04,RON ESTES,REPUBLICAN,2779,1162,52692,18.871381458409672,1,4,27,5.949223950825542,1633,646,53410.43860352301,1
26129,Ogemaw County,"Ogemaw County, Michigan",MI,1,MI-01,JACK BERGMAN,REPUBLICAN,20885,9370,54666,16.663427905169062,1,5,27,7.087077011816148,2119,967,49112.9411783214,3
35023,Hidalgo County,"Hidalgo County, New Mexico",NM,1,NM-02,GABE VASQUEZ,DEMOCRAT,4041,1478,48882,23.08272567261755,1,4,22,63.799451836303746,2552,892,41470.26120781665,2
19115,Louisa County,"Louisa County, Iowa",IA,1,IA-01,MARIANNETTE MILLER-MEEKS,REPUBLICAN,10678,4237,77354,9.770224078997341,1,7,52,9.311115460628749,3111,1224,76364.81539478319,0
13293,Upson County,"Upson County, Georgia",GA,1,GA-03,BRIAN JACK,REPUBLICAN,28029,10595,55429,19.32939579588393,0.46696750902527073,7,51,4.811469963513424,1139,425,35872.386120888696,1
28071,Lafayette County,"Lafayette County, Mississippi",MS,1,MS-01,TRENT KELLY,REPUBLICAN,58327,19044,67185,18.543300293333843,0.39945890742300183,24,158,522.6859380236739,15005,5320,71007.52435871706,1
29211,Sullivan County,"Sullivan County, Missouri",MO,1,MO-06,SAM GRAVES,REPUBLICAN,5857,2040,56964,13.670575879572905,1,10,83,9.101253933531698,1790,608,56508.10704145111,1
31139,Pierce County,"Pierce County, Nebraska",NE,1,NE-03,ADRIAN SMITH,REPUBLICAN,7325,2842,72357,7.553956834532374,1,6,33,5.7745071973431665,2138,833,72558.25701446713,0
31109,Lancaster County,"Lancaster County, Nebraska",NE,1,NE-01,MIKE FLOOD,REPUBLICAN,326696,134126,74793,11.8757461042982,0.09730384863363586,18,108,61.3864811046195,7764,2885,99326.20678589058,0
31175,Valley County,"Valley County, Nebraska",NE,1,NE-03,ADRIAN SMITH,REPUBLICAN,4066,1796,61852,9.313358302122348,1,3,23,6.529720024822962,1960,891,60529.929794615426,0
37187,Washington County,"Washington County, North Carolina",NC,1,NC-01,DONALD G. DAVIS,DEMOCRAT,10812,4744,41813,24.069478908188586,1,5,49,17.944769107778363,3204,1284,40571.019041170504,2
21015,Boone County,"Boone County, Kentucky",KY,1,KY-04,THOMAS MASSIE,REPUBLICAN,139841,50963,99414,6.299559153517031,0.11465933160743705,3,15,1.8001507073277234,2226,1113,55042.20416957556,1
31133,Pawnee County,"Pawnee County, Nebraska",NE,1,NE-03,ADRIAN SMITH,REPUBLICAN,2530,1090,62188,13.546300040436716,1,12,114,5.463095532218852,618,265,62188,0
39009,Athens County,"Athens County, Ohio",OH,1,OH-12,TROY BALDERSON,REPUBLICAN,61737,23014,56001,21.493446557134945,0.4869696144543576,10,72,23.714343081863895,8244,3624,59150.529475145864,5
17083,Jersey County,"Jersey County, Illinois",IL,1,IL-15,MARY E. MILLER,REPUBLICAN,21274,7965,80361,8.827463218903254,0.594133506879881,3,18,0.9146585857866499,290,106,76159.4880610895,0
17081,Jefferson County,"Jefferson County, Illinois",IL,1,IL-12,MIKE BOST,REPUBLICAN,36550,14820,63118,13.532628926495432,0.5880688707460997,9,68,99.22498127458701,3385,1243,62748.08833687764,0
17041,Douglas County,"Douglas County, Illinois",IL,1,IL-15,MARY E. MILLER,REPUBLICAN,19751,7765,77320,8.470466855816353,0.749645390070922,9,76,18.983914797370122,7525,2878,80310.73513310727,1
41009,Columbia County,"Columbia County, Oregon",OR,1,OR-01,SUZANNE BONAMICI,DEMOCRAT,53493,20928,87458,8.873532752745172,0.4122344977086463,27,156,34.813607974815156,10533,4137,92853.94281360389,0
53069,Wahkiakum County,"Wahkiakum County, Washington",WA,1,WA-03,MARIE GLUESENKAMP PEREZ,DEMOCRAT,4658,2100,62653,17.820927723840345,1,5,13,143.93462021048256,2554,1213,62653,1
50023,Washington County,"Washington County, Vermont",VT,1,VT-AL,BECCA BALINT,DEMOCRAT,60017,25855,83449,8.65620318670843,0.6653568980219706,38,287,52.789960646442474,6352,2758,84991.15324324535,1
51610,Falls Church city,"Falls Church city, Virginia",VA,1,VA-08,"DONALD S. BEYER, JR.",DEMOCRAT,14710,6273,143262,4.019171516603903,0,0,0,0,0,0,NA,0
41011,Coos County,"Coos County, Oregon",OR,1,OR-04,VAL T. HOYLE,DEMOCRAT,64827,28731,62143,16.1384054784193,0.38140122287421646,12,72,34.321562214293756,8575,4106,53977.61201214195,4
46109,Roberts County,"Roberts County, South Dakota",SD,1,SD-AL,DUSTY JOHNSON,REPUBLICAN,10221,3625,65130,15.721442885771543,1,9,34,7.651455048553578,2680,941,56560.485891232696,1
12035,Flagler County,"Flagler County, Florida",FL,1,FL-06,MICHAEL WALTZ,REPUBLICAN,126528,52582,77363,10.267646894481828,0.07653105444712163,7,27,7.262969476845353,1659,745,74430.42239408183,1
13147,Hart County,"Hart County, Georgia",GA,1,GA-10,MIKE COLLINS,REPUBLICAN,26939,11034,59385,11.852445258258946,0.7691265293479944,18,80,14.91387447531645,1161,521,63422.288807275574,1
20183,Smith County,"Smith County, Kansas",KS,1,KS-01,TRACEY MANN,REPUBLICAN,3552,1578,59135,7.267525035765379,1,10,114,1758.9776251065302,2552,1126,58766.044005492244,0
18037,Dubois County,"Dubois County, Indiana",IN,1,IN-08,MARK MESSMER,REPUBLICAN,43614,17574,75979,11.015603101934037,0.47599514173751634,7,39,39.91877903567348,3118,1212,86218.70652538518,0
19127,Marshall County,"Marshall County, Iowa",IA,1,IA-04,RANDY FEENSTRA,REPUBLICAN,40114,15496,73315,11.154588750160896,0.31726717366911855,12,72,13.267771262435042,3125,1314,85587.14181406863,0
20127,Morris County,"Morris County, Kansas",KS,1,KS-02,DEREK SCHMIDT,REPUBLICAN,5340,2550,58686,12.064036592338478,1,7,57,612.1235437545114,3679,1720,58315.78419885434,0
20185,Stafford County,"Stafford County, Kansas",KS,1,KS-04,RON ESTES,REPUBLICAN,3978,1579,64226,10.493667614370638,1,3,28,9.714005478687149,1692,654,64209.091160420576,0
55073,Marathon County,"Marathon County, Wisconsin",WI,1,WI-07,THOMAS P. TIFFANY,REPUBLICAN,138403,57866,77884,8.7008395611152185,0.433886662850601,18,141,41.445135401121654,11935,5231,80412.34479534063,0
01067,Henry County,"Henry County, Alabama",AL,1,AL-01,BARRY MOORE,REPUBLICAN,17647,7062,59931,18.34910013844024,1,3,16,3.8378066138129183,294,125,55131.957569203594,1
17173,Shelby County,"Shelby County, Illinois",IL,1,IL-15,MARY E. MILLER,REPUBLICAN,20720,8918,72095,9.151731210626556,0.7654121010004764,9,80,32.98586162128962,4266,1789,73910.89552950191,0
48505,Zapata County,"Zapata County, Texas",TX,1,TX-28,HENRY CUELLAR,DEMOCRAT,13841,4565,39239,38.393253439857965,0.21218230254157966,3,44,391.88341487686375,1863,673,36849.217674788924,2
50025,Windham County,"Windham County, Vermont",VT,1,VT-AL,BECCA BALINT,DEMOCRAT,45923,19784,72217,11.583993518185093,0.7094216316305413,42,228,38.835666434664915,3462,1431,73332.29455855585,0
08105,Rio Grande County,"Rio Grande County, Colorado",CO,1,CO-03,JEFF HURD,REPUBLICAN,11321,5133,64411,18.007246376811594,1,5,35,4.575922383488667,1589,884,46285.00874004558,1
05143,Washington County,"Washington County, Arkansas",AR,1,AR-03,STEVE WOMACK,REPUBLICAN,256765,97184,70639,14.58730723222657,0.24001203883337197,5,23,64.50960824000289,2982,1192,72440.70447374803,0
08061,Kiowa County,"Kiowa County, Colorado",CO,1,CO-04,LAUREN BOEBERT,REPUBLICAN,1376,585,58618,11.812778603268946,1,3,27,1.8153225503252106,389,157,58617.99999999999,0
35001,Bernalillo County,"Bernalillo County, New Mexico",NM,2,NM-02 / NM-01,GABE VASQUEZ / MELANIE A. STANSBURY,DEMOCRAT,673930,285495,69473,15.165692887274696,0.03981408660583877,39,213,73.71708660516647,9028,3402,82534.073039574,3
46013,Brown County,"Brown County, South Dakota",SD,1,SD-AL,DUSTY JOHNSON,REPUBLICAN,37877,16285,70898,11.717391304347826,0.2694185530403906,19,52,15.87426076335977,2133,871,84995.18317170492,0
47011,Bradley County,"Bradley County, Tennessee",TN,1,TN-03,"CHARLES J. \""CHUCK\"" FLEISCHMANN",REPUBLICAN,111065,42596,66552,12.693750868578311,0.3194807586079912,2,12,3.9866428136114496,1035,425,84048,0
16075,Payette County,"Payette County, Idaho",ID,1,ID-01,RUSS FULCHER,REPUBLICAN,26771,9692,67673,10.190530088662516,0.4124320491609549,2,39,4.645227905997247,1354,533,74555.49974306826,0
29177,Ray County,"Ray County, Missouri",MO,1,MO-06,SAM GRAVES,REPUBLICAN,23145,9116,74573,12.556738826815643,0.7406943604801797,10,73,330.9505332713141,7387,2697,85977.74728302447,0
01031,Coffee County,"Coffee County, Alabama",AL,1,AL-01,BARRY MOORE,REPUBLICAN,54920,20984,68353,16.71168504403167,0.4753015991770317,2,14,3.918105152346736,309,125,51210.615960353745,0
22109,Terrebonne Parish,"Terrebonne Parish, Louisiana",LA,1,LA-03,CLAY HIGGINS,REPUBLICAN,106186,42127,64836,16.005545198145228,0.20702682971345135,0,0,0,0,0,NA,0
19153,Polk County,"Polk County, Iowa",IA,1,IA-03,ZACHARY NUNN,REPUBLICAN,503175,205358,83576,10.310640174456946,0.04473386528459528,19,133,85.79939747691115,8610,3393,108713.9124060447,1
48357,Ochiltree County,"Ochiltree County, Texas",TX,1,TX-13,RONNY JACKSON,REPUBLICAN,9786,3680,70183,11.848877908173769,0.16215676485272093,3,43,1.092729964563407,81,23,66094,0
39113,Montgomery County,"Montgomery County, Ohio",OH,1,OH-10,MICHAEL R. TURNER,REPUBLICAN,536096,231319,66139,15.012662372052267,0.055236372366738694,11,59,14.06969468156532,9564,3726,75785.2532695029,1
37071,Gaston County,"Gaston County, North Carolina",NC,1,NC-14,TIM MOORE,REPUBLICAN,234881,93576,67478,13.518876366607442,0.18861294270936155,131,750,57.614567195383444,26742,10964,87435.52821258982,6
38079,Rolette County,"Rolette County, North Dakota",ND,1,ND-AL,JULIE FEDORCHAK,REPUBLICAN,11924,3769,59517,24.329236628007617,1,4,39,9.312643490475171,1654,573,56859.60958597037,1
48097,Cooke County,"Cooke County, Texas",TX,1,TX-26,BRANDON GILL,REPUBLICAN,43046,16528,73932,13.53034126553619,0.6029567053854277,18,271,203.1561475878372,7459,2960,93900.35211809265,0
08087,Morgan County,"Morgan County, Colorado",CO,1,CO-04,LAUREN BOEBERT,REPUBLICAN,29520,11069,73278,14.328481470011356,0.3459173508295833,4,23,3.790845298877493,1614,653,77777.97190421759,0
12043,Glades County,"Glades County, Florida",FL,1,FL-18,SCOTT FRANKLIN,REPUBLICAN,12563,4500,45870,17.205255681818183,0.8269008741547089,3,9,18.34130780763016,2078,705,41094.054822920916,2
47129,Morgan County,"Morgan County, Tennessee",TN,1,TN-03,"CHARLES J. \""CHUCK\"" FLEISCHMANN",REPUBLICAN,21361,7188,65954,15.145488800502408,1,0,0,0,0,0,NA,0
48115,Dawson County,"Dawson County, Texas",TX,1,TX-19,JODEY C. ARRINGTON,REPUBLICAN,12134,4043,54360,19.57430265331908,0.29905266538214514,4,41,1.5110293665687562,250,73,81250,0
39145,Scioto County,"Scioto County, Ohio",OH,1,OH-02,DAVID J. TAYLOR,REPUBLICAN,72627,28864,50609,21.755488604748383,0.5533861204194142,12,52,19.3942080204351,1527,633,49682.66003301928,1
29045,Clark County,"Clark County, Missouri",MO,1,MO-06,SAM GRAVES,REPUBLICAN,6675,2423,51781,11.199632296614064,1,3,19,5.171830649999109,1626,534,51278.51128292177,0
38019,Cavalier County,"Cavalier County, North Dakota",ND,1,ND-AL,JULIE FEDORCHAK,REPUBLICAN,3633,1560,69531,8.511837655016912,1,5,13,3.4499364232307324,1566,645,64591.397873833055,0
49009,Daggett County,"Daggett County, Utah",UT,1,UT-03,MIKE KENNEDY,REPUBLICAN,783,288,66000,9.01639344262295,1,4,31,49.36051385435921,671,207,66000,0
51013,Arlington County,"Arlington County, Virginia",VA,1,VA-08,"DONALD S. BEYER, JR.",DEMOCRAT,236254,112027,142114,7.389525543536468,0,0,0,0,0,0,NA,0
39051,Fulton County,"Fulton County, Ohio",OH,1,OH-09,MARCY KAPTUR,DEMOCRAT,42240,16986,72864,9.445388610958183,0.8215297450424929,6,40,9.40441984333009,1906,712,75594.07441436208,1
40045,Ellis County,"Ellis County, Oklahoma",OK,1,OK-03,FRANK D. LUCAS,REPUBLICAN,3683,1478,61016,12.99168975069252,1,5,49,49.33607606759602,1365,520,58833.63101840201,0
02063,Chugach Census Area,"Chugach Census Area, Alaska",AK,1,AK-AL,NICK BEGICH,REPUBLICAN,6862,2861,90509,5.884137094328177,1,6,44,49.93634789368551,0,0,NA,0
13095,Dougherty County,"Dougherty County, Georgia",GA,1,GA-02,"SANFORD D. BISHOP, JR.",DEMOCRAT,83091,34280,49044,25.03202310686927,0.14350157360997784,4,13,1.6238263609370824,415,193,68627,0
13059,Clarke County,"Clarke County, Georgia",GA,1,GA-10,MIKE COLLINS,REPUBLICAN,129609,54454,53625,26.04506187838823,0.05924411872139021,18,87,24.58831363595938,4091,1739,63258.816847035065,2
42001,Adams County,"Adams County, Pennsylvania",PA,1,PA-13,JOHN JOYCE,REPUBLICAN,106115,40841,84092,8.194239653986042,0.6325732773562377,32,194,44.53211625411844,15121,6092,88270.4323276752,0
27115,Pine County,"Pine County, Minnesota",MN,1,MN-08,PETE STAUBER,REPUBLICAN,29640,12323,71146,11.12726499060317,1,14,55,18.37260574090404,2809,1102,63944.28236979204,1
55117,Sheboygan County,"Sheboygan County, Wisconsin",WI,1,WI-06,GLENN GROTHMAN,REPUBLICAN,117991,49725,73094,8.542726702446505,0.2935933714014606,13,60,27.902874846516763,9823,3991,92125.29488847402,0
13017,Ben Hill County,"Ben Hill County, Georgia",GA,1,GA-08,AUSTIN SCOTT,REPUBLICAN,17089,7082,41758,25.153961136023916,0.343899034546935,0,0,0,0,0,NA,0
02060,Bristol Bay Borough,"Bristol Bay Borough, Alaska",AK,1,AK-AL,NICK BEGICH,REPUBLICAN,918,291,95625,9.253065774804906,1,2,8,14.311570801293273,0,0,NA,0
26131,Ontonagon County,"Ontonagon County, Michigan",MI,1,MI-01,JACK BERGMAN,REPUBLICAN,5850,3149,54398,12.521529452290734,1,5,32,8.268830155217989,1023,566,55544.55376000707,0
13037,Calhoun County,"Calhoun County, Georgia",GA,1,GA-02,"SANFORD D. BISHOP, JR.",DEMOCRAT,5498,1593,46940,22.832980972515855,1,4,18,12.657272380386297,2405,753,47106.22405990445,1
33001,Belknap County,"Belknap County, New Hampshire",NH,2,NH-01 / NH-02,CHRIS PAPPAS / MAGGIE GOODLANDER,DEMOCRAT,64659,26337,92783,8.47660055944935,0.5445412448002511,67,178,22.414266415688946,8831,3582,93127.82112788418,1
48381,Randall County,"Randall County, Texas",TX,1,TX-13,RONNY JACKSON,REPUBLICAN,146070,56807,83864,9.723851007985704,0.16977258033576548,15,154,8.560582942320545,2529,1024,89690.70645890296,0
48207,Haskell County,"Haskell County, Texas",TX,1,TX-19,JODEY C. ARRINGTON,REPUBLICAN,5421,2123,60653,16.55185610409491,1,11,223,701.9976866158513,1823,741,54094.28767695433,2
48281,Lampasas County,"Lampasas County, Texas",TX,1,TX-11,AUGUST PFLUGER,REPUBLICAN,22715,8390,81736,9.12,0.6613492393767051,1,7,0.21128441723314736,46,19,77894,0
48271,Kinney County,"Kinney County, Texas",TX,1,TX-23,TONY GONZALES,REPUBLICAN,3157,1152,70000,8.386638237384506,1,3,30,14.553102912994513,1636,602,70000,0
49039,Sanpete County,"Sanpete County, Utah",UT,1,UT-04,BURGESS OWENS,REPUBLICAN,29719,8888,70083,15.175588388150567,0.8224496254879207,15,138,68.18398852888825,7931,2403,69783.81412943892,0
13225,Peach County,"Peach County, Georgia",GA,1,GA-02,"SANFORD D. BISHOP, JR.",DEMOCRAT,28560,10598,71293,17.336191285709006,0.4004145670276259,2,9,1.8755376050130264,904,377,68860.02694791777,0
17061,Greene County,"Greene County, Illinois",IL,1,IL-15,MARY E. MILLER,REPUBLICAN,11683,4452,62192,14.261936049058257,1,9,79,20.001119632931434,6089,2257,58389.183549587564,3
19079,Hamilton County,"Hamilton County, Iowa",IA,1,IA-04,RANDY FEENSTRA,REPUBLICAN,14886,6434,72432,7.395542226160453,0.4942482877850921,7,51,10.988602177835027,1606,708,75289.31536488837,0
27135,Roseau County,"Roseau County, Minnesota",MN,1,MN-07,MICHELLE FISCHBACH,REPUBLICAN,15302,6296,74474,12.162431159179881,1,12,51,15.548987669516155,4094,1717,66226.22541773961,1
28141,Tishomingo County,"Tishomingo County, Mississippi",MS,1,MS-01,TRENT KELLY,REPUBLICAN,18660,8834,53040,17.995965763506515,1,12,88,423.4058823587703,10686,5154,52451.27772590213,6
29227,Worth County,"Worth County, Missouri",MO,1,MO-06,SAM GRAVES,REPUBLICAN,1934,847,47847,20.55877701634159,1,4,22,540.76925480422085,1490,640,47847,1
31057,Dundy County,"Dundy County, Nebraska",NE,1,NE-03,ADRIAN SMITH,REPUBLICAN,1736,779,58922,13.992974238875878,1,2,25,2.5018696873474364,391,184,58922,0
39157,Tuscarawas County,"Tuscarawas County, Ohio",OH,2,OH-12 / OH-06,TROY BALDERSON / MICHAEL A. RULLI,REPUBLICAN,92385,38492,65044,13.422921781830937,0.4984506181443874,10,72,23.874837573251607,8936,3404,74589.53244975669,0
39125,Paulding County,"Paulding County, Ohio",OH,1,OH-05,ROBERT E. LATTA,REPUBLICAN,18791,7624,67731,8.903114745279467,1,5,38,6.912676258872026,2916,1135,71788.35826944707,0
40061,Haskell County,"Haskell County, Oklahoma",OK,1,OK-02,JOSH BRECHEEN,REPUBLICAN,11683,4584,49806,20.77528770442156,1,7,50,1013.0110683960302,9018,3602,49653.91172175361,3
54091,Taylor County,"Taylor County, West Virginia",WV,1,WV-02,RILEY MOORE,REPUBLICAN,16487,6604,57795,13.864731276981793,0.6851242143070937,6,61,62.4572143211834,5303,2213,57793.13154576743,1
19179,Wapello County,"Wapello County, Iowa",IA,1,IA-03,ZACHARY NUNN,REPUBLICAN,35362,13997,64766,15.838599339092122,0.29398651127352765,5,28,3.8960432527793665,1203,536,79108.17513745789,0
20115,Marion County,"Marion County, Kansas",KS,1,KS-02,DEREK SCHMIDT,REPUBLICAN,11754,4750,64695,9.152881294310125,1,16,116,1133.2532579693786,8567,3374,64961.43096369784,0
20163,Rooks County,"Rooks County, Kansas",KS,1,KS-01,TRACEY MANN,REPUBLICAN,4813,2136,62500,5.527638190954774,1,11,125,1707.0965116309064,3510,1518,62435.51169327373,0
21169,Metcalfe County,"Metcalfe County, Kentucky",KY,1,KY-01,JAMES COMER,REPUBLICAN,10425,4100,51473,27.511846049705056,1,0,0,0,0,0,NA,0
18173,Warrick County,"Warrick County, Indiana",IN,1,IN-08,MARK MESSMER,REPUBLICAN,65261,25163,89844,6.997679380752877,0.2674105605809258,4,18,33.62138092501505,2903,1150,97900.92736461623,0
17143,Peoria County,"Peoria County, Illinois",IL,2,IL-16 / IL-17,DARIN LAHOOD / ERIC SORENSEN,REPUBLICAN / DEMOCRAT,179645,77755,65108,15.667130767600025,0.16942748721333115,18,156,236.34165213460395,12917,5299,96645.70320974334,1
19187,Webster County,"Webster County, Iowa",IA,1,IA-04,RANDY FEENSTRA,REPUBLICAN,36886,15375,68975,12.855634422479028,0.3324414173356037,23,152,38.970157617830864,2670,1102,78165.77582832302,0
20207,Woodson County,"Woodson County, Kansas",KS,1,KS-02,DEREK SCHMIDT,REPUBLICAN,3109,1254,50326,12.357352461688947,1,9,72,916.5171299097926,2589,1046,50826.817063291346,1
20053,Ellsworth County,"Ellsworth County, Kansas",KS,1,KS-01,TRACEY MANN,REPUBLICAN,6360,2453,65560,10.370788631658197,1,9,90,1872.8618214319936,5301,2029,64659.40335479735,0
21035,Calloway County,"Calloway County, Kentucky",KY,1,KY-01,JAMES COMER,REPUBLICAN,38224,15239,52706,17.199649390674924,0.4890440126135353,8,40,46.66124341419547,3725,1623,58642.7390218016,2
13093,Dooly County,"Dooly County, Georgia",GA,1,GA-02,"SANFORD D. BISHOP, JR.",DEMOCRAT,10984,4031,60987,15.731650303880318,1,5,29,20.436825287271866,2856,1166,60248.94716745789,1
16067,Minidoka County,"Minidoka County, Idaho",ID,1,ID-02,MICHAEL K. SIMPSON,REPUBLICAN,22208,8107,70377,14.536589770213535,0.44362189423032433,7,42,12.301453766097275,3801,1503,72012.11447525199,1
20063,Gove County,"Gove County, Kansas",KS,1,KS-01,TRACEY MANN,REPUBLICAN,2799,1168,66029,5.063291139240507,1,6,53,6.943859639653152,889,382,66029,0
22095,St. John the Baptist Parish,"St. John the Baptist Parish, Louisiana",LA,1,LA-02,TROY A. CARTER,DEMOCRAT,40743,15152,66630,14.422025643574198,0.11728700237775737,2,15,6.352189481771434,455,154,68047,0
27165,Watonwan County,"Watonwan County, Minnesota",MN,1,MN-01,BRAD FINSTAD,REPUBLICAN,11205,4227,71699,13.190489105867462,1,7,18,6.367702941381523,2044,758,81469.95423001752,0
28065,Jefferson Davis County,"Jefferson Davis County, Mississippi",MS,1,MS-03,MICHAEL GUEST,REPUBLICAN,11117,4453,38548,28.671201814058957,1,10,86,870.1641800686524,9775,3843,37982.964435678376,8
29025,Caldwell County,"Caldwell County, Missouri",MO,1,MO-06,SAM GRAVES,REPUBLICAN,8927,3769,64806,10.337674311397949,1,13,99,783.237119582611,5982,2567,65069.00640473049,0
19061,Dubuque County,"Dubuque County, Iowa",IA,1,IA-02,ASHLEY HINSON,REPUBLICAN,99030,40989,77630,9.653319902627382,0.3172486047589306,23,154,28.66494041734809,7491,2773,101733.32238004463,1
20157,Republic County,"Republic County, Kansas",KS,1,KS-01,TRACEY MANN,REPUBLICAN,4646,1996,56833,10.632630410654828,1,13,112,1321.1473993249954,3338,1408,56991.491411354065,0
21219,Todd County,"Todd County, Kentucky",KY,1,KY-01,JAMES COMER,REPUBLICAN,12469,4559,61103,20.88432044379181,1,5,20,67.84773438277276,4815,1875,64061.044034695144,2
47051,Franklin County,"Franklin County, Tennessee",TN,1,TN-04,SCOTT DESJARLAIS,REPUBLICAN,43990,17445,63494,11.978866474543707,0.6790339926123345,3,31,177.89628661469644,5380,2108,57940.57483845661,1
48359,Oldham County,"Oldham County, Texas",TX,1,TX-13,RONNY JACKSON,REPUBLICAN,2249,614,79900,20.683760683760685,1,4,55,13.783006995570139,940,328,79900,0
50003,Bennington County,"Bennington County, Vermont",VT,1,VT-AL,BECCA BALINT,DEMOCRAT,37269,14987,73325,11.326611906266312,0.6315902214367954,27,155,51.77177154916172,6421,2360,78722.67231336227,2
29221,Washington County,"Washington County, Missouri",MO,1,MO-03,BOB ONDER,REPUBLICAN,23470,8920,56043,17.378360364363473,1,10,72,156.60406735944426,7149,2684,50948.37474035997,3
31121,Merrick County,"Merrick County, Nebraska",NE,1,NE-03,ADRIAN SMITH,REPUBLICAN,7724,3205,68354,7.900617851978441,1,5,35,7.846387715869611,3095,1293,72082.7145726318,0
31099,Kearney County,"Kearney County, Nebraska",NE,1,NE-03,ADRIAN SMITH,REPUBLICAN,6713,2814,78631,7.2065266656594655,1,4,29,5.0608785187590355,3201,1343,72864.51530341951,0
31097,Johnson County,"Johnson County, Nebraska",NE,1,NE-03,ADRIAN SMITH,REPUBLICAN,5261,1708,57632,9.72027972027972,1,6,39,5.789199875039937,1762,534,53851.09811269873,0
31011,Boone County,"Boone County, Nebraska",NE,1,NE-03,ADRIAN SMITH,REPUBLICAN,5356,2191,74947,9.64428381206011,1,5,25,6.386952539035224,2018,840,74949.04080379353,0
36121,Wyoming County,"Wyoming County, New York",NY,1,NY-24,CLAUDIA TENNEY,CONSERVATIVE / REPUBLICAN,39753,16453,69110,11.132652503959369,0.8996817250993067,16,103,24.486856781238668,8266,2795,69939.183129202,0
21047,Christian County,"Christian County, Kentucky",KY,1,KY-01,JAMES COMER,REPUBLICAN,72069,25725,55494,17.123501359361768,0.2907296420520152,3,15,8.39173157446363,393,148,52787.04458618148,0
18093,Lawrence County,"Lawrence County, Indiana",IN,1,IN-09,ERIN HOUCHIN,REPUBLICAN,45102,19135,66468,12.237399693445136,0.6793672657794761,2,10,12.487158237491121,1942,836,83313.19867032417,0
18179,Wells County,"Wells County, Indiana",IN,1,IN-03,MARLIN A. STUTZMAN,REPUBLICAN,28420,11546,71957,7.164606842199534,0.632860184528034,4,32,5.0450806960910555,2947,1279,74570.81639508074,0
19041,Clay County,"Clay County, Iowa",IA,1,IA-04,RANDY FEENSTRA,REPUBLICAN,16461,7282,65428,11.405950392775408,0.33062744140625,6,37,8.539543530785497,628,275,75801.25905967284,0
55059,Kenosha County,"Kenosha County, Wisconsin",WI,1,WI-01,BRYAN STEIL,REPUBLICAN,168438,68904,81239,10.494801787796346,0.13082985025214158,19,83,69.62882353711989,18309,7422,90108.19798002054,1
55095,Polk County,"Polk County, Wisconsin",WI,1,WI-07,THOMAS P. TIFFANY,REPUBLICAN,45555,19542,77219,8.159772388806152,1,16,77,51.25367188837271,9562,4211,72525.13986225009,0
55129,Washburn County,"Washburn County, Wisconsin",WI,1,WI-07,THOMAS P. TIFFANY,REPUBLICAN,16854,7566,63441,11.549988012467034,1,7,25,12.744915618379986,3263,1463,60883.91506910954,1
17111,McHenry County,"McHenry County, Illinois",IL,4,IL-11 / IL-10 / IL-16 / IL-09,BILL FOSTER / BRADLEY SCOTT SCHNEIDER / DARIN LAHOOD / JANICE D. SCHAKOWSKY,DEMOCRAT / REPUBLICAN,312591,117594,104802,6.225609520497662,0.14089591882125785,21,187,28.743095659204695,16380,6658,98564.6399522367,0
20035,Cowley County,"Cowley County, Kansas",KS,1,KS-04,RON ESTES,REPUBLICAN,34411,13387,57878,14.256803038794445,0.3199513734116762,18,147,1886.088374719541,9525,3658,70730.13878500061,1
18009,Blackford County,"Blackford County, Indiana",IN,1,IN-03,MARLIN A. STUTZMAN,REPUBLICAN,11950,5173,51326,16.181725370086777,0.4934775429326288,2,16,2.8702031133453603,1228,544,71541.81644280638,1
39079,Jackson County,"Jackson County, Ohio",OH,1,OH-02,DAVID J. TAYLOR,REPUBLICAN,32650,12933,57106,18.461490508992302,0.6423912044835084,4,21,13.2870509309394,2335,844,58588.487598740234,0
42057,Fulton County,"Fulton County, Pennsylvania",PA,1,PA-13,JOHN JOYCE,REPUBLICAN,14531,6339,65836,11.175043327556326,1,4,33,9.470989587462546,2012,908,63145.51489415678,1
45001,Abbeville County,"Abbeville County, South Carolina",SC,1,SC-03,SHERI BIGGS,REPUBLICAN,24420,9762,52935,15.659072589198592,0.7897921383000618,3,7,12.339035620870659,1877,856,46952.96849092183,3
20143,Ottawa County,"Ottawa County, Kansas",KS,1,KS-01,TRACEY MANN,REPUBLICAN,5819,2408,74018,10.40787623066104,1,12,157,596.3580074796681,3334,1400,71714.57606131626,0
20027,Clay County,"Clay County, Kansas",KS,1,KS-01,TRACEY MANN,REPUBLICAN,8048,3522,66176,13.354591836734693,0.4910681286189479,10,88,790.8012303914388,1859,810,69043.46374347029,0
21081,Grant County,"Grant County, Kentucky",KY,1,KY-04,THOMAS MASSIE,REPUBLICAN,25418,9224,69178,11.732556747915586,1,3,14,117.18134851236661,4635,1798,71795.4674099931,0
53021,Franklin County,"Franklin County, Washington",WA,2,WA-05 / WA-04,MICHAEL BAUMGARTNER / DAN NEWHOUSE,REPUBLICAN,98902,29890,86714,13.12629098722247,0.11445079535705796,30,65,81.44028542220222,3384,1036,106507.4729772192,0
55085,Oneida County,"Oneida County, Wisconsin",WI,1,WI-07,THOMAS P. TIFFANY,REPUBLICAN,38167,17493,69371,8.546576581369367,0.7426872770511296,6,19,12.537471323442702,1105,530,72770.52386798852,1
05043,Drew County,"Drew County, Arkansas",AR,1,AR-04,BRUCE WESTERMAN,REPUBLICAN,17046,7196,42824,22.40014724829744,0.5404034582132565,13,50,347.4803451517227,4990,2027,48878.97613787819,4
08079,Mineral County,"Mineral County, Colorado",CO,1,CO-03,JEFF HURD,REPUBLICAN,729,386,56250,10.013717421124829,1,2,9,1.704609545941588,176,79,56250,0
17029,Coles County,"Coles County, Illinois",IL,2,IL-12 / IL-15,MIKE BOST / MARY E. MILLER,REPUBLICAN,46777,20824,56478,18.69965878229382,0.26325672705545955,5,34,8.155373173510572,1677,718,69887.37393890398,0
47089,Jefferson County,"Jefferson County, Tennessee",TN,2,TN-01 / TN-02,DIANA HARSHBARGER / TIM BURCHETT,REPUBLICAN,56864,21817,66114,11.394101876675602,0.7581698151162153,0,0,0,0,0,NA,0
20177,Shawnee County,"Shawnee County, Kansas",KS,1,KS-02,DEREK SCHMIDT,REPUBLICAN,178025,75458,67104,12.729022147449932,0.16831461804604575,11,102,491.930507626035,11271,4411,95775.86959228873,1
56001,Albany County,"Albany County, Wyoming",WY,1,WY-AL,HARRIET M. HAGEMAN,REPUBLICAN,38249,17083,61917,20.8883890919314,0.1296336265040738,8,37,5.603902942904675,770,355,96994.09737629288,1
13207,Monroe County,"Monroe County, Georgia",GA,1,GA-08,AUSTIN SCOTT,REPUBLICAN,29664,10554,83183,12.323396439672225,0.8183639160138785,1,6,2.183467530726831,237,98,95455,0
46119,Sully County,"Sully County, South Dakota",SD,1,SD-AL,DUSTY JOHNSON,REPUBLICAN,1526,637,72578,6.319947333772219,1,3,39,2.145095040718603,222,98,72578,0
48113,Dallas County,"Dallas County, Texas",TX,6,TX-30 / TX-05 / TX-32 / TX-33 / TX-24 / TX-06,JASMINE CROCKETT / LANCE GOODEN / JULIE JOHNSON / MARC A. VEASEY / BETH VAN DUYNE / JAKE ELLZEY,DEMOCRAT / REPUBLICAN,2621179,982737,76547,13.918331133614295,0.00578258063109064,8,75,4.823740382833621,6316,2048,78551.2178257019,2
48083,Coleman County,"Coleman County, Texas",TX,1,TX-11,AUGUST PFLUGER,REPUBLICAN,7833,3343,49159,19.64216758913631,0.5316241540864133,1,10,5.064840613026882,425,182,60139,0
47177,Warren County,"Warren County, Tennessee",TN,2,TN-04 / TN-06,SCOTT DESJARLAIS / JOHN W. ROSE,REPUBLICAN,42166,16203,55487,15.705320862686639,0.6163651014577687,1,11,0.2785155897729345,19,8,65272.20955116764,0
47169,Trousdale County,"Trousdale County, Tennessee",TN,1,TN-06,JOHN W. ROSE,REPUBLICAN,11957,3700,72747,11.867642379891823,1,1,5,0.16323350830708602,3,1,81979,0
48367,Parker County,"Parker County, Texas",TX,2,TX-12 / TX-25,CRAIG GOLDMAN / ROGER WILLIAMS,REPUBLICAN,165168,56437,104443,7.982400235317188,0.6434807248586579,62,1028,254.4509086786554,29377,10530,114569.25571338048,0
22069,Natchitoches Parish,"Natchitoches Parish, Louisiana",LA,1,LA-06,CLEO FIELDS,DEMOCRAT,36693,14508,46292,25.415926109379097,0.4952685592429695,11,96,199.5733147871085,2339,966,50902.669396691075,3
27131,Rice County,"Rice County, Minnesota",MN,2,MN-02 / MN-01,ANGIE CRAIG / BRAD FINSTAD,DEMOCRAT / REPUBLICAN,67917,23493,83181,10.204183101859524,0.321877282143762,11,40,8.072490991434298,3723,911,91341.77697379702,0
01053,Escambia County,"Escambia County, Alabama",AL,1,AL-01,BARRY MOORE,REPUBLICAN,36629,12808,48225,20.020570085218925,0.6528280327556656,8,56,30.19316492666738,4923,1756,45002.512369994525,6
48299,Llano County,"Llano County, Texas",TX,1,TX-11,AUGUST PFLUGER,REPUBLICAN,22424,10765,67530,12.004509582863585,0.502141882031728,16,183,28.702996555365665,3517,1983,79724.68976242602,0
48047,Brooks County,"Brooks County, Texas",TX,1,TX-15,MONICA DE LA CRUZ,REPUBLICAN,6943,2977,47764,19.40185213298922,0.36447145279819104,2,41,19.773564352213707,139,65,50729,0
04011,Greenlee County,"Greenlee County, Arizona",AZ,1,AZ-06,JUAN CISCOMANI,REPUBLICAN,9409,3591,71164,8.18937939859245,1,5,40,24.337410443749263,6185,2300,71662.1168941481,1
48397,Rockwall County,"Rockwall County, Texas",TX,1,TX-04,PAT FALLON,REPUBLICAN,123617,41237,127981,4.038318740769149,0.13735983453751194,1,13,13.318989660091484,2612,1009,145728.27434617977,0
48059,Callahan County,"Callahan County, Texas",TX,2,TX-25 / TX-19,ROGER WILLIAMS / JODEY C. ARRINGTON,REPUBLICAN,14241,5239,72436,9.60990888382688,1,5,151,118.21639423328352,1814,738,62552.211817477946,0
48145,Falls County,"Falls County, Texas",TX,1,TX-17,PETE SESSIONS,REPUBLICAN,17291,6344,57247,14.712613614071797,0.681989627534182,13,254,315.81175767149335,4072,1722,71398.26897310137,0
38041,Hettinger County,"Hettinger County, North Dakota",ND,1,ND-AL,JULIE FEDORCHAK,REPUBLICAN,2432,1130,73026,11.024305555555555,1,3,20,5.8588511097142595,577,263,69956.219657341,0
04023,Santa Cruz County,"Santa Cruz County, Arizona",AZ,1,AZ-07,RAúL M. GRIJALVA,DEMOCRAT,48926,16966,55217,20.184407335314006,0.5978938093939458,16,113,60.265278092254945,5319,2020,58937.08635053474,3
13055,Chattooga County,"Chattooga County, Georgia",GA,1,GA-14,MARJORIE TAYLOR GREENE,REPUBLICAN,25036,9154,50285,21.197252208047104,0.5903464850791108,3,17,11.856537566483548,1424,498,51933.888953200054,4
17075,Iroquois County,"Iroquois County, Illinois",IL,1,IL-02,ROBIN L. KELLY,DEMOCRAT,26449,11443,66255,12.503374599868872,0.8274919673523655,24,211,31.32032118363069,10479,4299,74341.40178940965,1
20009,Barton County,"Barton County, Kansas",KS,1,KS-01,TRACEY MANN,REPUBLICAN,25097,10380,58851,15.399943068602335,0.42078217549915664,12,122,540.8790824559773,5049,2115,60375.317020271985,1
49031,Piute County,"Piute County, Utah",UT,1,UT-02,CELESTE MALOY,REPUBLICAN,1694,555,48393,10.195613515115589,1,8,55,127.45338807051911,1068,412,48393,0
55039,Fond du Lac County,"Fond du Lac County, Wisconsin",WI,1,WI-06,GLENN GROTHMAN,REPUBLICAN,104137,43243,74275,9.236613208763526,0.3625688883768266,16,73,19.585606726150043,4975,1969,90191.41932949211,0
05049,Fulton County,"Fulton County, Arkansas",AR,1,AR-01,"ERIC A. \""RICK\"" CRAWFORD",REPUBLICAN,12302,4757,42241,18.014312741630338,1,12,74,185.22909917557632,5188,2000,40806.533081695896,5
35013,Doña Ana County,"Doña Ana County, New Mexico",NM,1,NM-02,GABE VASQUEZ,DEMOCRAT,224266,84889,56848,21.324674373019217,0.22486233893997568,32,189,211.3298208971322,17414,6290,63655.669425067936,10
37033,Caswell County,"Caswell County, North Carolina",NC,1,NC-13,BRAD KNOTT,REPUBLICAN,22404,8830,59755,18.615854240198416,0.9982846586910626,5,28,18.26447523429207,2035,736,37810.113728710494,2
39169,Wayne County,"Wayne County, Ohio",OH,1,OH-07,MAX L. MILLER,REPUBLICAN,116588,44365,73574,9.40919622170736,0.5584033397779185,28,179,57.34271662891276,22022,8340,72117.68208444073,0
39133,Portage County,"Portage County, Ohio",OH,2,OH-14 / OH-13,DAVID P. JOYCE / EMILIA STRONG SYKES,REPUBLICAN / DEMOCRAT,161956,65249,75766,11.681191652227882,0.3799593302470471,27,174,26.46288330240809,9683,3908,76969.01259435945,2
40047,Garfield County,"Garfield County, Oklahoma",OK,1,OK-03,FRANK D. LUCAS,REPUBLICAN,62146,23893,66182,12.54871914454179,0.20131750628520512,23,157,1910.6328911724804,9451,3456,74295.81378398665,1
06029,Kern County,"Kern County, California",CA,3,CA-20 / CA-22 / CA-23,VINCE FONG / DAVID G. VALADAO / JAY OBERNOLTE,REPUBLICAN,915075,284931,70210,19.11239548846866,0.13352873569539228,143,638,4547.085621466467,79076,26649,68851.3586357251,16
18143,Scott County,"Scott County, Indiana",IN,1,IN-09,ERIN HOUCHIN,REPUBLICAN,24526,9848,56352,16.56029559959691,0.6892224409448819,0,0,0,0,0,NA,0
56017,Hot Springs County,"Hot Springs County, Wyoming",WY,1,WY-AL,HARRIET M. HAGEMAN,REPUBLICAN,4620,2140,61250,14.725420726306465,1,8,56,14.091068980031519,3239,1514,64160.64833217355,0
40105,Nowata County,"Nowata County, Oklahoma",OK,1,OK-02,JOSH BRECHEEN,REPUBLICAN,9435,3686,54333,17.21690504355307,0.9275751072961373,13,75,874.1582654717694,8311,3277,56096.32656119493,4
44003,Kent County,"Kent County, Rhode Island",RI,1,RI-02,SETH MAGAZINER,DEMOCRAT,171456,72839,94345,7.463750191408413,0.07249226651326873,4,36,0.5984060433123745,330,127,113817.5647757201,0
28041,Greene County,"Greene County, Mississippi",MS,1,MS-04,MIKE EZELL,REPUBLICAN,13615,4109,54276,18.28554710356934,1,7,52,476.08887985284775,6747,2174,52424.31685368304,2
42011,Berks County,"Berks County, Pennsylvania",PA,3,PA-04 / PA-09 / PA-06,MADELEINE DEAN / DANIEL MEUSER / CHRISSY HOULAHAN,DEMOCRAT / REPUBLICAN,433015,163236,79777,12.22628475187512,0.2655480134033191,62,297,53.500763028714026,17723,7123,93257.07795140086,0
46005,Beadle County,"Beadle County, South Dakota",SD,1,SD-AL,DUSTY JOHNSON,REPUBLICAN,19309,7536,67681,13.610715604071085,0.25353804376207634,10,52,35.911488652629856,379,160,84237.89535795963,0
27159,Wadena County,"Wadena County, Minnesota",MN,1,MN-07,MICHELLE FISCHBACH,REPUBLICAN,14256,6081,61467,12.475759534583064,0.7184500533238536,4,17,10.049630108233174,1642,673,64999.65611275711,1
01079,Lawrence County,"Lawrence County, Alabama",AL,1,AL-05,DALE W. STRONG,REPUBLICAN,33276,13627,66071,13.311441515400286,0.9999395277114262,2,19,12.957781209871426,975,425,52227.742120920324,2
48231,Hunt County,"Hunt County, Texas",TX,2,TX-03 / TX-04,KEITH SELF / PAT FALLON,REPUBLICAN,108972,38466,71938,11.78423393942843,0.613259834327104,24,332,208.5938875818339,11438,4335,73574.04568451797,3
31161,Sheridan County,"Sheridan County, Nebraska",NE,1,NE-03,ADRIAN SMITH,REPUBLICAN,5014,2108,60121,11.269349845201239,1,3,23,5.774626657490799,1440,589,60074.68802246519,0
17119,Madison County,"Madison County, Illinois",IL,2,IL-15 / IL-13,MARY E. MILLER / NIKKI BUDZINSKI,REPUBLICAN / DEMOCRAT,264238,110134,75793,11.061656019427987,0.16439165121361324,17,145,45.386938562799855,13264,5204,86991.1451425806,1
28155,Webster County,"Webster County, Mississippi",MS,1,MS-01,TRENT KELLY,REPUBLICAN,9972,4073,58789,16.36493083807974,1,16,109,421.1544149176642,4972,2099,62551.192280590905,1
29161,Phelps County,"Phelps County, Missouri",MO,1,MO-08,JASON SMITH,REPUBLICAN,45194,17329,58396,16.776214317917567,0.5382857654912855,16,106,61.313592429826556,1710,663,65081.00369427051,3
29007,Audrain County,"Audrain County, Missouri",MO,1,MO-06,SAM GRAVES,REPUBLICAN,24548,9219,59448,17.82909137731233,0.5452688085890554,5,34,12.66388267898017,3911,1177,57489.17216341397,1
