congressional_district,pwsid,pws_name,primacy_agency_code,population_served_count,service_connections_count,primary_source_code,owner_type_code,active_component_count,active_component_types,violation_count,unresolved_violation_count,health_based_violation_count,corrective_action_count,enforcement_action_count,site_inspection_count,latest_site_inspection_date,latitude,longitude
NJ-03,NJ0435003,WATERFORD TOWNSHIP WATER DEPT.,NJ,1184,1021,GW,L,11,Consecutive Connection (6); Distribution System/Zone (1); Sampling Station (1); Well (2); Treatment Plant (1),35,1,1,0,34,14,2025-07-25,39.767604,-74.889593
NJ-03,NJ0301001,BUTTONWOOD MOBILE HOME PARK,NJ,55,24,GW,P,2,Well (1); Distribution System/Zone (1),109,2,37,0,172,16,2023-04-19,NA,NA
NJ-03,NJ0332002,OAKVIEW LEISURE VILLAGE,NJ,250,99,GW,P,5,Well (2); Treatment Plant (1); Sampling Station (1); Distribution System/Zone (1),132,11,1,0,56,15,2023-11-09,NA,NA
NJ-03,NJ0332001,FAWN LAKE VILLAGE,NJ,300,110,GW,P,6,Well (2); Sampling Station (1); Treatment Plant (2); Distribution System/Zone (1),21,9,0,0,43,17,2025-08-13,NA,NA
NJ-03,NJ1107001,LAWRENCEVILLE SCHOOL,NJ,1200,89,GW,P,7,Well (4); Treatment Plant (1); Sampling Station (1); Distribution System/Zone (1),145,12,1,0,40,18,2024-03-27,NA,NA
NJ-03,NJ1302001,ALLENTOWN WATER DEPT,NJ,2000,662,GW,L,5,Well (2); Treatment Plant (1); Sampling Station (1); Distribution System/Zone (1),12,7,0,0,15,16,2024-03-07,40.2087396,-74.5830856
NJ-03,NJ0329008,PINEFIELD APARTMENTS,NJ,120,96,GW,P,5,Distribution System/Zone (1); Well (2); Sampling Station (1); Treatment Plant (1),13,1,0,0,28,28,2023-12-19,39.9647866,-74.9445003
NJ-03,NJ0329002,HILLTOP MOBILE VILLAGE,NJ,200,149,GW,P,4,Well (1); Treatment Plant (1); Sampling Station (1); Distribution System/Zone (1),68,20,1,0,65,21,2025-12-16,NA,NA
NJ-03,NJ0326009,WAGON WHEEL ESTATES,NJ,86,42,GW,P,4,Well (2); Sampling Station (1); Distribution System/Zone (1),42,13,3,0,57,29,2026-02-18,NA,NA
NJ-03,NJ0326013,MILLSTREAM APTS,NJ,88,88,GW,P,6,Distribution System/Zone (1); Well (3); Treatment Plant (1); Sampling Station (1),6,1,0,0,11,15,2023-12-19,NA,NA
NJ-03,NJ0340002,MAPLEWOOD APARTMENTS,NJ,55,40,GW,P,5,Sampling Station (1); Well (2); Treatment Plant (1); Distribution System/Zone (1),29,0,2,0,26,16,2024-12-17,NA,NA
NJ-03,NJ0307002,ALBERT C WAGNER YOUTH CO,NJ,2500,2,GW,S,5,Well (2); Sampling Station (1); Treatment Plant (1); Distribution System/Zone (1),77,14,0,0,139,29,2025-09-11,NA,NA
NJ-03,NJ0339001,NEW LISBON DEVELOPMENT CTR,NJ,2014,40,GW,S,5,Well (2); Sampling Station (1); Treatment Plant (1); Distribution System/Zone (1),309,156,3,0,140,19,2026-02-13,NA,NA
NJ-03,NJ0320002,ESTAUGH CORP T/A MEDFORD LEAS,NJ,450,53,GW,P,5,Distribution System/Zone (1); Well (2); Sampling Station (1); Treatment Plant (1),22,9,0,0,36,23,2024-12-13,NA,NA
NJ-03,NJ0333004,NJ AMERICAN WATER - VINCENTOWN,NJ,598,240,GW,P,5,Treatment Plant (1); Sampling Station (1); Well (2); Distribution System/Zone (1),9,8,0,0,13,17,2024-08-15,40.0119983,-74.9715417
NJ-03,NJ0335001,"ALLENWOOD ESTATES, LLC",NJ,135,98,GW,P,4,Distribution System/Zone (1); Well (2); Sampling Station (1),8,1,1,0,17,17,2023-09-07,39.855454,-74.7598548
NJ-03,NJ0329001,PEMBERTON TWP WATER - NEW LISBON,NJ,500,61,GW,L,6,Distribution System/Zone (1); Well (2); Treatment Plant (2); Sampling Station (1),24,10,3,0,39,23,2024-09-18,39.97046,-74.675763
NJ-03,NJ0318002,NJ AMERICAN WATER - HOMESTEAD,NJ,2420,1210,GW,P,5,Well (2); Treatment Plant (1); Sampling Station (1); Distribution System/Zone (1),19,17,0,0,26,20,2023-05-17,40.0119983,-74.9715417
NJ-03,NJ0328001,PEMBERTON BOROUGH WATER,NJ,1771,664,GW,L,8,Distribution System/Zone (1); Sampling Station (1); Treatment Plant (3); Well (3),70,59,1,0,47,25,2023-01-23,NA,NA
NJ-03,NJ0314001,FIELDSBORO WATER DEPARTMENT,NJ,650,230,GWP,L,4,Sampling Station (1); Distribution System/Zone (1); Consecutive Connection (2),16,2,3,0,40,24,2023-06-28,40.137606,-74.730481
NJ-03,NJ0340001,WRIGHTSTOWN MUA,NJ,800,265,GW,L,5,Sampling Station (1); Treatment Plant (1); Well (2); Distribution System/Zone (1),22,8,0,0,35,19,2024-03-06,40.0368891,-74.6256415
NJ-03,NJ0329006,NJ AMERICAN WATER - SUNBURY,NJ,888,334,GW,P,4,Distribution System/Zone (1); Sampling Station (1); Well (1); Treatment Plant (1),79,21,1,0,93,15,2024-08-15,40.0119983,-74.9715417
NJ-03,NJ0329009,PEMBERTON TWP WATER DEPT - PEMBERTON HEI,NJ,650,160,GWP,L,2,Distribution System/Zone (1); Consecutive Connection (1),9,1,0,0,20,10,2024-09-18,39.97046,-74.675763
NJ-03,NJ0333002,MOBILE ESTATES OF SOUTHA,NJ,700,337,GW,P,7,Well (3); Treatment Plant (2); Sampling Station (1); Distribution System/Zone (1),12,2,0,0,30,21,2025-10-02,NA,NA
NJ-03,NJ0333003,RICHARDS MOBILE HOME COU,NJ,100,60,GW,P,4,Treatment Plant (1); Sampling Station (1); Well (1); Distribution System/Zone (1),111,59,9,0,158,15,2025-02-27,NA,NA
NJ-03,NJ0311001,FENIMORE TRAILER PARK,NJ,88,56,GW,P,4,Distribution System/Zone (1); Well (2); Sampling Station (1),37,1,1,0,42,26,2023-12-05,39.9834154,-74.7066449
NJ-03,NJ0311002,FENIMORE WOODS MHP,NJ,40,39,GW,P,5,Well (3); Sampling Station (1); Distribution System/Zone (1),24,2,0,0,47,22,2023-12-12,NA,NA
NJ-03,NJ0329005,PINEVIEW TERRACE INCORPORATED,NJ,300,200,GW,P,4,Distribution System/Zone (1); Well (1); Sampling Station (1); Treatment Plant (1),20,9,0,0,37,20,2023-12-07,NA,NA
NJ-03,NJ0326007,SOUTHS MOBILE HOME PARK,NJ,110,52,GW,P,5,Common Headers (1); Well (2); Sampling Station (1); Distribution System/Zone (1),15,11,0,0,20,14,2024-08-14,40.0433661,-75.453811
NJ-03,NJ0326005,CEDAR GROVE APARTMENTS,NJ,96,32,GW,P,5,Well (2); Sampling Station (1); Common Headers (1); Distribution System/Zone (1),12,0,4,0,24,22,2024-04-28,NA,NA
NJ-03,NJ1326004,VEOLIA WATER NEW JERSEY MATCHAPONIX,NJ,0,3,SW,P,9,Intake (1); Distribution System/Zone (1); Consecutive Connection (2); Sampling Station (2); Well (2); Treatment Plant (1),9,3,1,0,22,17,2023-05-10,40.3153131,-74.3621341
NJ-03,NJ1326007,MANALAPAN TWP WD TRACY STATION,NJ,800,256,SWP,L,3,Consecutive Connection (1); Sampling Station (1); Distribution System/Zone (1),17,15,0,0,7,21,2025-08-14,40.3153131,-74.3621341
NJ-03,NJ1330004,ABERDEEN - FRENEAU,NJ,286,110,SWP,L,3,Consecutive Connection (2); Distribution System/Zone (1),31,4,2,0,62,12,2024-09-05,40.4064082,-74.2257352
NJ-03,NJ1312001,ENGLISHTOWN WATER DEPT,NJ,2504,789,SWP,L,6,Sampling Station (1); Well (2); Treatment Plant (1); Consecutive Connection (1); Distribution System/Zone (1),49,8,1,0,46,16,2026-02-26,40.2928811,-74.3601655
NJ-03,NJ0326003,HANOVER EAST APARTMENTS,NJ,96,48,GW,P,5,Distribution System/Zone (1); Sampling Station (1); Well (2); Common Headers (1),33,8,13,0,67,18,2024-04-05,39.8346699,-75.2208521
NJ-03,NJ0326014,BLUEBERRY ESTATES,NJ,75,15,GW,P,5,Sampling Station (1); Well (2); Distribution System/Zone (1); Common Headers (1),42,17,4,0,72,14,2024-04-11,NA,NA
NJ-03,NJ1341001,ROOSEVELT WATER DEPT,NJ,880,302,GW,L,5,Distribution System/Zone (1); Well (2); Sampling Station (1); Treatment Plant (1),29,3,0,0,66,20,2025-08-18,40.2087396,-74.5830856
NJ-03,NJ1332314,MILLSTONE MANOR,NJ,137,1,GW,P,5,Distribution System/Zone (1); Sampling Station (1); Well (2); Treatment Plant (1),16,1,3,0,16,17,2024-10-18,40.2325087,-74.4428375
NJ-03,NJ0326001,AQUA NJ - CALIFORNIA VILLAGE,NJ,300,140,GW,P,8,Treatment Plant (3); Well (3); Sampling Station (1); Distribution System/Zone (1),19,13,2,0,25,17,2025-09-08,40.2059778,-74.6384843
NJ-03,NJ0326004,AQUA NJ - HANOVER MOBILE VILLAGE,NJ,285,145,GW,P,8,Distribution System/Zone (1); Treatment Plant (3); Well (3); Sampling Station (1),21,16,0,0,27,18,2025-09-08,40.2059778,-74.6384843
NJ-03,NJ0326008,AQUA NJ - SPARTAN VILLAGE,NJ,594,214,GW,P,6,Distribution System/Zone (1); Sampling Station (1); Well (2); Treatment Plant (2),176,20,0,0,39,23,2024-05-07,40.2059778,-74.6384843
GA-02,GA0870002,BRINSON,GA,281,104,GW,L,5,Distribution System/Zone (1); Well (2); Treatment Plant (2),32,11,10,0,66,8,2025-08-29,NA,NA
GA-02,GA0950011,HOLLANDS AND HATCHER S/D,GA,51,19,GW,P,3,Distribution System/Zone (1); Well (1); Treatment Plant (1),7,4,1,0,18,5,2025-09-16,NA,NA
GA-02,GA0950065,CREEKSIDE RV PARK,GA,240,90,GW,P,4,Well (2); Treatment Plant (1); Distribution System/Zone (1),15,5,0,0,40,7,2023-10-26,NA,NA
GA-02,GA1310047,SHADY GROVE VILLAGE,GA,62,23,GW,P,5,Well (2); Treatment Plant (1); Storage (1); Distribution System/Zone (1),41,5,0,0,25,7,2025-08-27,NA,NA
GA-02,GA1310049,TEMPLE TERRACE SUBDIVISION,GA,151,58,GW,P,5,Treatment Plant (2); Well (2); Distribution System/Zone (1),21,2,0,0,44,6,2025-10-17,30.8775266,-84.2061719
GA-02,GA2750069,PINE GROVE MHP/WHIPPOORWILL S/D,GA,65,24,GW,P,6,Storage (1); Distribution System/Zone (1); Well (2); Treatment Plant (2),64,5,14,0,60,7,2025-02-27,30.8318662,-83.946454
GA-02,GA2610001,ANDERSONVILLE,GA,338,134,GW,L,4,Consecutive Connection (1); Well (1); Treatment Plant (1); Distribution System/Zone (1),27,7,0,0,60,6,2026-03-25,NA,NA
GA-02,GA2610002,DESOTO,GA,348,130,GW,L,4,Distribution System/Zone (1); Consecutive Connection (1); Well (1); Treatment Plant (1),22,7,0,0,61,7,2023-02-16,NA,NA
GA-02,GA0790012,CRAWFORD CO.-MUSELLA WATER SYSTEM,GA,143,55,GW,P,4,Well (2); Treatment Plant (1); Distribution System/Zone (1),42,27,2,0,88,8,2026-02-06,NA,NA
GA-02,GA0790017,CRAWFORD COUNTY WATER SYSTEM,GA,2392,895,GW,L,5,Distribution System/Zone (1); Well (2); Treatment Plant (2),4,0,0,0,10,9,2023-09-01,NA,NA
GA-02,GA0070000,NEWTON,GA,775,315,GW,L,4,Treatment Plant (1); Well (2); Distribution System/Zone (1),59,24,1,0,115,10,2024-12-18,NA,NA
GA-02,GA0070006,ICHAUWAY #2,GA,59,22,GW,P,4,Treatment Plant (1); Well (2); Distribution System/Zone (1),2,1,0,0,4,6,2024-08-22,31.2200918,-84.4781336
GA-02,GA0270000,BARWICK,GA,626,244,GW,L,4,Distribution System/Zone (1); Well (2); Treatment Plant (1),33,28,1,0,22,6,2025-05-22,NA,NA
GA-02,GA0370000,ARLINGTON,GA,1220,537,GW,L,3,Distribution System/Zone (1); Treatment Plant (1); Well (1),33,14,6,0,82,21,2025-02-04,NA,NA
GA-02,GA0370001,EDISON,GA,1523,581,GW,L,5,Distribution System/Zone (1); Well (2); Treatment Plant (2),34,6,0,0,91,10,2026-01-21,NA,NA
GA-02,GA0370003,MORGAN,GA,316,140,GW,L,6,Distribution System/Zone (1); Consecutive Connection (1); Well (2); Treatment Plant (2),18,4,1,0,44,7,2025-10-21,NA,NA
GA-02,GA0530002,CHATTAHOOCHEE COUNTY,GA,2956,1121,GW,L,9,Treatment Plant (4); Well (4); Distribution System/Zone (1),22,9,0,0,40,12,2025-10-29,32.3077683,-84.7648956
GA-02,GA0610001,FORT GAINES,GA,1399,597,GW,L,5,Distribution System/Zone (1); Well (2); Treatment Plant (2),30,13,6,0,58,10,2024-05-29,NA,NA
GA-02,GA0610029,CLAY COUNTY WATER SYSTEM,GA,1085,373,GW,L,4,Consecutive Connection (1); Distribution System/Zone (1); Treatment Plant (1); Well (1),8,2,2,0,22,6,2023-03-22,31.605025,-85.0474535
GA-02,GA0870004,DECATUR COUNTY INDUSTRIAL PARK,GA,1100,40,GW,L,6,Treatment Plant (2); Well (2); Storage (1); Distribution System/Zone (1),4,2,1,0,17,6,2025-08-13,NA,NA
GA-02,GA0870007,RBE II,GA,124,47,GW,P,4,Distribution System/Zone (1); Well (2); Treatment Plant (1),17,6,6,0,45,7,2024-01-23,NA,NA
GA-02,GA0870030,MEADOWBROOK SUBDIVISION,GA,68,25,GW,P,3,Treatment Plant (1); Well (1); Distribution System/Zone (1),47,24,4,0,107,10,2025-06-24,NA,NA
GA-02,GA0870055,"RED BLUFF ENTERPRISES, LLC",GA,260,55,GW,P,3,Treatment Plant (1); Well (1); Distribution System/Zone (1),15,13,4,0,25,6,2022-08-09,NA,NA
GA-02,GA0870061,FEDERATED TRUST SUBDIVISION WATER SYS.,GA,130,48,GW,P,3,Treatment Plant (1); Well (1); Distribution System/Zone (1),61,36,1,1,70,8,2025-06-24,NA,NA
GA-02,GA0950010,HOLLANDS FOLLY SUBDIVISION  #1,GA,356,132,GW,P,3,Distribution System/Zone (1); Treatment Plant (1); Well (1),4,2,0,0,10,5,2025-09-16,NA,NA
GA-02,GA1310001,WHIGHAM,GA,945,389,GW,L,5,Well (2); Treatment Plant (2); Distribution System/Zone (1),8,7,0,0,16,5,2021-04-01,NA,NA
GA-02,GA1310022,PINE TERRACE MOBILE HOME PARK,GA,297,110,GW,P,4,Treatment Plant (1); Well (2); Distribution System/Zone (1),528,413,7,0,108,8,2025-10-17,30.8318662,-83.946454
GA-02,GA1310023,MONTERREY PARK,GA,57,22,GW,P,3,Treatment Plant (1); Well (1); Distribution System/Zone (1),27,17,6,0,68,6,2024-03-12,30.8775266,-84.2061719
GA-02,GA1310046,LEWIS ESTATES SUBDIVISION,GA,97,36,GW,P,3,Distribution System/Zone (1); Well (1); Treatment Plant (1),15,8,1,0,38,6,2025-04-16,NA,NA
GA-02,GA1310048,QUAIL RIDGE SOUTH SUBDIVISION,GA,330,122,GW,P,4,Treatment Plant (1); Well (2); Distribution System/Zone (1),16,4,0,0,39,6,2025-09-04,NA,NA
GA-02,GA1770001,SMITHVILLE,GA,770,289,GW,L,5,Distribution System/Zone (1); Treatment Plant (2); Well (2),27,10,1,0,63,8,2025-10-22,NA,NA
GA-02,GA1770015,LEE STATE PRISON,GA,886,16,GW,S,4,Distribution System/Zone (1); Consecutive Connection (1); Well (1); Treatment Plant (1),19,11,1,0,30,6,2023-05-18,NA,NA
GA-02,GA1770026,NORTH DOUBLEGATE WATER SYSTEM,GA,92,35,GW,P,3,Distribution System/Zone (1); Treatment Plant (1); Well (1),16,11,0,0,42,6,2022-05-11,31.5751839,-84.1737532
GA-02,GA1970000,BUENA VISTA,GA,1422,591,GW,L,7,Distribution System/Zone (1); Consecutive Connection (1); Well (4); Treatment Plant (1),87,20,19,0,159,16,2025-02-11,NA,NA
GA-02,GA2050002,HINSONTON WATER ASSOCIATION,GA,57,22,GW,P,3,Treatment Plant (1); Well (1); Distribution System/Zone (1),10,5,2,0,30,7,2021-07-02,NA,NA
GA-02,GA2390001,"BONAPARTE`S RETREAT, INC.",GA,554,205,GW,P,5,Distribution System/Zone (1); Well (3); Treatment Plant (1),10,2,0,0,28,8,2024-12-10,NA,NA
GA-02,GA2390002,CHATTAHOOCHEE PLANTATION ESTS.,GA,472,270,GW,P,6,Well (3); Treatment Plant (2); Distribution System/Zone (1),7,4,0,0,27,6,2023-02-22,NA,NA
GA-02,GA2390003,BCB WATERWORKS,GA,392,145,GW,P,3,Distribution System/Zone (1); Treatment Plant (1); Well (1),26,10,0,0,55,8,2024-01-18,NA,NA
GA-02,GA2390008,QUITMAN WATER & SEWER AUTH.,GA,1040,386,GW,L,4,Distribution System/Zone (1); Consecutive Connection (1); Treatment Plant (1); Well (1),14,4,0,0,30,6,2025-09-24,NA,NA
GA-02,GA2430000,CUTHBERT,GA,2835,1150,GW,L,9,Treatment Plant (4); Well (4); Distribution System/Zone (1),22,11,5,0,56,9,2024-11-14,NA,NA
GA-02,GA2430001,SHELLMAN,GA,1080,392,GW,L,5,Distribution System/Zone (1); Well (2); Treatment Plant (2),41,11,4,0,84,13,2025-05-13,NA,NA
GA-02,GA2430003,RANDOLPH COUNTY WATER AUTHORITY,GA,221,82,GW,L,5,Treatment Plant (2); Well (2); Distribution System/Zone (1),29,15,3,0,78,7,2023-03-21,NA,NA
GA-02,GA2490004,SCHLEY COUNTY WATER SYSTEM,GA,1763,664,GW,L,5,Distribution System/Zone (1); Treatment Plant (2); Well (2),6,1,0,0,17,9,2024-03-22,NA,NA
GA-02,GA2530004,PARADISE ACRES SUBDIVISION,GA,192,71,GW,P,5,Well (2); Treatment Plant (2); Distribution System/Zone (1),43,15,2,0,97,10,2025-05-13,NA,NA
GA-02,GA2530005,RIVERSIDE ACRES SUBDIVISION,GA,159,59,GW,P,3,Distribution System/Zone (1); Treatment Plant (1); Well (1),51,15,1,0,103,8,2024-02-20,NA,NA
GA-02,GA2530007,HOLLY ISLES,GA,572,220,GW,P,11,Distribution System/Zone (1); Treatment Plant (5); Well (5),10,4,0,0,25,6,2024-09-24,NA,NA
GA-02,GA2590000,LUMPKIN,GA,1434,537,GW,L,6,Treatment Plant (2); Well (2); Distribution System/Zone (1); Consecutive Connection (1),36,5,1,0,76,10,2026-03-10,NA,NA
GA-02,GA2590001,CITY OF OMAHA,GA,224,85,GW,L,3,Distribution System/Zone (1); Well (1); Treatment Plant (1),31,7,2,0,74,4,2023-03-08,NA,NA
GA-02,GA2590002,RICHLAND,GA,1450,566,GW,L,7,Treatment Plant (2); Well (4); Distribution System/Zone (1),59,28,5,0,129,6,2025-06-27,32.0895241,-84.6651547
GA-02,GA2590010,LOUVALE COMMUNITY,GA,392,145,GW,L,3,Distribution System/Zone (1); Treatment Plant (1); Well (1),35,10,3,0,80,6,2026-03-10,NA,NA
GA-02,GA2590012,BROOKLYN WATER SYSTEM,GA,2462,210,GW,L,12,Well (5); Treatment Plant (5); Consecutive Connection (1); Distribution System/Zone (1),39,10,0,0,71,6,2023-05-08,NA,NA
GA-02,GA2750003,OCHLOCKNEE,GA,905,340,GW,L,4,Treatment Plant (1); Well (2); Distribution System/Zone (1),8,4,1,0,29,7,2025-01-29,NA,NA
GA-02,GA2750018,SUGARWOOD ESTATES MHP,GA,152,56,GW,P,5,Distribution System/Zone (1); Well (2); Treatment Plant (2),29,21,2,0,43,7,2026-02-10,NA,NA
GA-02,GA2750020,HIDDEN ACRES SUBDIVISION,GA,86,32,GW,P,3,Treatment Plant (1); Well (1); Distribution System/Zone (1),4,2,0,0,11,6,2023-07-18,NA,NA
GA-02,GA2750022,PINE RUN SUBDIVISION,GA,149,56,GW,P,5,Distribution System/Zone (1); Well (2); Treatment Plant (2),42,36,8,0,38,6,2023-07-18,NA,NA
GA-02,GA2750023,LAKE RIVERSIDE SUBDIVISION,GA,726,269,GW,P,5,Distribution System/Zone (1); Treatment Plant (2); Well (2),4,3,0,0,13,5,2023-01-19,NA,NA
GA-02,GA2750024,RIVERWOOD ESTATES,GA,103,38,GW,P,3,Distribution System/Zone (1); Treatment Plant (1); Well (1),3,2,0,0,7,5,2021-09-16,NA,NA
GA-02,GA2750027,LAKE LILLIQUIN S/D,GA,113,42,GW,P,4,Distribution System/Zone (1); Well (2); Treatment Plant (1),4,2,0,0,12,6,2023-11-07,NA,NA
GA-02,GA2750048,SUNNYBELLE ACRES,GA,54,20,GW,P,3,Treatment Plant (1); Well (1); Distribution System/Zone (1),10,2,0,0,39,7,2023-11-07,NA,NA
GA-02,GA2750055,HOLLY SPRINGS SUBDIVISION,GA,157,58,GW,P,3,Treatment Plant (1); Well (1); Distribution System/Zone (1),3,1,0,0,8,5,2023-07-12,NA,NA
GA-02,GA2750059,SANFORD HEIGHTS SUBDIVISION,GA,181,67,GW,P,5,Distribution System/Zone (1); Treatment Plant (2); Well (2),34,29,3,0,29,6,2024-07-30,NA,NA
GA-02,GA2750063,PECAN VILLAGE/OAK HILL MHP,GA,224,83,GW,P,7,Distribution System/Zone (1); Well (3); Treatment Plant (3),5,3,0,0,13,6,2026-02-10,NA,NA
GA-02,GA2750070,HUNTER`S COVE SUBDIVISION,GA,167,62,GW,P,5,Well (2); Treatment Plant (1); Distribution System/Zone (1); Storage (1),4,0,0,0,9,5,2022-01-26,NA,NA
GA-02,GA2750073,SUGAR MILL RV PARK,GA,359,137,GW,P,3,Distribution System/Zone (1); Well (1); Treatment Plant (1),6,1,1,0,13,5,2024-07-18,30.8295444,-83.9727443
GA-02,GA2750075,WILLOW RIDGE SUBDIVISION,GA,122,45,GW,P,4,Distribution System/Zone (1); Treatment Plant (1); Well (2),3,0,0,0,6,4,2021-07-22,NA,NA
GA-02,GA2750080,SOUTHERN POINTE SUBDIVISION,GA,76,28,GW,P,4,Well (2); Treatment Plant (1); Distribution System/Zone (1),2,0,0,0,3,4,2022-11-18,NA,NA
GA-02,GA2050036,BOYNTON GROVE MHP,GA,46,17,GW,P,3,Distribution System/Zone (1); Well (1); Treatment Plant (1),6,2,2,0,14,5,2021-08-06,NA,NA
GA-02,GA0930000,BYROMVILLE,GA,465,179,GW,L,4,Distribution System/Zone (1); Treatment Plant (1); Well (2),15,8,3,0,34,9,2025-09-17,NA,NA
GA-02,GA0930001,LILLY,GA,200,78,GW,L,5,Well (2); Treatment Plant (2); Distribution System/Zone (1),22,4,0,0,47,10,2025-02-26,NA,NA
GA-02,GA0930002,PINEHURST,GA,1649,132,GW,L,5,Well (2); Treatment Plant (2); Distribution System/Zone (1),39,27,0,0,44,10,2025-10-27,30.8019568,-81.6161917
GA-02,GA0930004,VIENNA,GA,3018,1254,GW,L,11,Treatment Plant (5); Well (5); Distribution System/Zone (1),11,1,0,0,28,11,2025-03-21,NA,NA
GA-02,GA0930032,DOOLING,GA,127,48,GW,L,4,Distribution System/Zone (1); Treatment Plant (1); Well (2),30,10,2,0,57,10,2025-04-16,NA,NA
GA-02,GA1770003,BIG OAK ESTATES,GA,116,43,GW,P,3,Treatment Plant (1); Well (1); Distribution System/Zone (1),6,5,0,0,14,4,2022-02-03,NA,NA
GA-02,GA1770006,LAKEVIEW MOBILE HOME PARK,GA,86,32,GW,P,3,Well (1); Treatment Plant (1); Distribution System/Zone (1),18,7,0,0,41,6,2023-06-21,NA,NA
GA-02,GA1770022,PHILEMA PARK SUBDIVISION,GA,343,127,GW,P,5,Distribution System/Zone (1); Treatment Plant (2); Well (2),16,6,0,0,32,7,2026-03-19,NA,NA
GA-02,GA1770024,COLONIAL ACRES S/D,GA,51,19,GW,P,3,Distribution System/Zone (1); Treatment Plant (1); Well (1),5,2,0,0,15,4,2022-02-03,NA,NA
GA-02,GA2610003,LESLIE,GA,427,178,GW,L,4,Distribution System/Zone (1); Well (1); Treatment Plant (1); Consecutive Connection (1),29,8,0,0,76,6,2026-01-28,31.9552887,-84.0873027
GA-02,GA2610011,A B C MOBILE HOME PARK,GA,54,20,GW,P,5,Well (2); Treatment Plant (2); Distribution System/Zone (1),123,87,1,0,106,9,2025-08-13,26.1327527,-80.2172815
GA-02,GA2610012,BRIAR PATCH MOBILE HOME PARK,GA,162,60,GW,P,7,Treatment Plant (3); Well (3); Distribution System/Zone (1),39,10,1,0,64,10,2025-10-17,34.0496366,-84.2228244
GA-02,GA2610045,GRAYSTONE VILLAGE,GA,70,26,GW,P,3,Distribution System/Zone (1); Well (1); Treatment Plant (1),144,67,7,4,215,17,2025-01-30,30.83873,-84.002001
GA-02,GA3210012,WORTHY MANOR SUBDIVISION,GA,400,148,GW,P,3,Distribution System/Zone (1); Treatment Plant (1); Well (1),11,7,0,0,19,9,2024-02-07,NA,NA
GA-02,GA1450002,SHILOH,GA,504,195,GW,L,5,Well (2); Treatment Plant (2); Distribution System/Zone (1),30,14,1,0,61,12,2026-02-18,NA,NA
GA-02,GA1930000,IDEAL,GA,550,177,GW,L,4,Well (2); Treatment Plant (1); Distribution System/Zone (1),13,3,1,0,34,13,2025-07-30,NA,NA
GA-02,GA2630000,TALBOTTON,GA,1454,383,GW,L,10,Well (4); Treatment Plant (4); Distribution System/Zone (1); Consecutive Connection (1),25,6,3,0,54,9,2024-06-06,NA,NA
GA-02,GA2630001,WOODLAND,GA,529,205,GW,L,4,Treatment Plant (1); Well (1); Distribution System/Zone (1); Consecutive Connection (1),57,35,6,0,113,13,2024-02-23,NA,NA
GA-02,GA2630002,JUNCTION CITY,GA,156,63,GW,L,6,Consecutive Connection (1); Well (2); Treatment Plant (2); Distribution System/Zone (1),63,48,4,0,63,10,2023-10-27,NA,NA
GA-02,GA2630003,GENEVA,GA,248,101,GWP,L,2,Distribution System/Zone (1); Consecutive Connection (1),17,12,2,0,54,10,2023-08-30,NA,NA
GA-02,GA0210012,"MACON MANOR ESTATES, LLC",GA,89,33,GW,P,4,Consecutive Connection (1); Distribution System/Zone (1); Well (1); Treatment Plant (1),35,10,0,0,72,10,2023-09-11,34.0496366,-84.2228244
GA-02,GA0210075,TIMBER RIDGE SUBDIVISION,GA,381,141,GW,P,4,Distribution System/Zone (1); Well (2); Treatment Plant (1),8,3,0,0,18,9,2023-08-01,32.9513929,-83.5797058
GA-02,GA0210078,RUTLAND STATION,GA,103,38,GW,P,4,Well (2); Treatment Plant (1); Distribution System/Zone (1),7,1,0,0,13,9,2023-08-01,32.9513929,-83.5797058
GA-02,GA0790008,CRAWFORD COUNTY ESTATES,GA,167,62,GW,P,4,Distribution System/Zone (1); Consecutive Connection (1); Treatment Plant (1); Well (1),16,6,1,0,39,7,2023-09-01,NA,NA
GA-02,GA2610004,PLAINS,GA,929,356,GW,L,4,Distribution System/Zone (1); Treatment Plant (1); Well (2),31,13,2,0,74,6,2023-04-06,NA,NA
GA-02,GA2610013,KOINONIA-FOREST PARK,GA,84,31,GW,P,3,Distribution System/Zone (1); Treatment Plant (1); Well (1),127,40,5,2,229,23,2025-10-16,NA,NA
GA-02,GA2610017,KOINONIA VILLAGE,GA,68,25,GW,P,3,Distribution System/Zone (1); Treatment Plant (1); Well (1),124,44,7,4,247,25,2026-02-25,NA,NA
GA-02,GA2610039,SOUTHERN HILLS MHP,GA,130,48,GW,P,3,Distribution System/Zone (1); Well (1); Treatment Plant (1),304,225,8,3,212,18,2025-01-30,30.83873,-84.002001
GA-02,GA2730000,BRONWOOD,GA,529,199,GW,L,5,Well (2); Treatment Plant (2); Distribution System/Zone (1),21,10,1,0,53,6,2024-08-01,NA,NA
GA-02,GA2730002,PARROTT,GA,240,115,GW,L,5,Well (2); Treatment Plant (2); Distribution System/Zone (1),9,4,1,0,18,5,2022-01-26,31.8942788,-84.5080579
GA-02,GA2730003,SASSER,GA,402,172,GW,L,5,Distribution System/Zone (1); Treatment Plant (2); Well (2),12,2,0,0,28,5,2025-02-10,31.7157838,-84.3553824
GA-02,GA2730005,WINDSOR SUBDIVISION,GA,95,35,GW,P,3,Distribution System/Zone (1); Well (1); Treatment Plant (1),50,46,0,0,17,5,2024-03-28,NA,NA
GA-02,GA1930001,MARSHALLVILLE,GA,1342,510,GW,L,4,Distribution System/Zone (1); Treatment Plant (1); Well (2),36,8,12,0,88,14,2023-11-13,NA,NA
GA-02,GA2890009,"PAVATI WATER COMPANY, LLC",GA,49,18,GW,P,4,Distribution System/Zone (1); Well (2); Treatment Plant (1),28,14,1,0,70,7,2024-07-03,NA,NA
GA-02,GA2690001,REYNOLDS,GA,1301,542,GW,L,5,Well (3); Treatment Plant (1); Distribution System/Zone (1),35,16,11,0,87,13,2024-08-13,NA,NA
GA-02,GA2250003,GROVE ESTATES MHP,GA,162,60,GW,P,4,Well (2); Treatment Plant (1); Distribution System/Zone (1),40,18,0,0,92,7,2024-03-25,NA,NA
GA-02,GA0370002,LEARY,GA,597,227,GW,L,4,Well (2); Treatment Plant (1); Distribution System/Zone (1),13,2,0,0,30,10,2024-10-18,NA,NA
GA-02,GA0610000,BLUFFTON,GA,194,84,GW,L,5,Well (2); Treatment Plant (2); Distribution System/Zone (1),31,4,1,0,82,7,2024-05-01,NA,NA
GA-02,GA0870000,ATTAPULGUS,GA,750,291,GW,L,5,Well (2); Treatment Plant (2); Distribution System/Zone (1),18,2,15,0,54,7,2026-03-12,NA,NA
GA-02,GA0870003,CLIMAX,GA,397,161,GW,L,4,Distribution System/Zone (1); Treatment Plant (1); Well (2),17,5,1,0,38,7,2025-05-29,30.8755238,-84.432979
GA-02,GA0990001,DAMASCUS,GA,240,95,GW,L,5,Well (2); Treatment Plant (2); Distribution System/Zone (1),27,19,8,0,69,9,2024-07-12,NA,NA
GA-02,GA0990002,JAKIN,GA,262,97,GW,L,5,Distribution System/Zone (1); Well (2); Treatment Plant (2),14,4,0,0,36,5,2022-05-17,NA,NA
GA-02,GA2010000,COLQUITT,GA,1998,906,GW,L,7,Treatment Plant (3); Well (3); Distribution System/Zone (1),36,9,3,0,87,6,2023-04-26,31.1724762,-84.7383173
GA-02,GA2050000,BACONTON,GA,1202,452,GW,L,6,Distribution System/Zone (1); Consecutive Connection (1); Treatment Plant (2); Well (2),19,6,0,0,52,8,2025-03-14,NA,NA
GA-02,GA2050004,SALE CITY,GA,518,195,GW,L,5,Well (2); Treatment Plant (2); Distribution System/Zone (1),25,5,1,0,74,7,2024-11-12,NA,NA
GA-02,GA2390000,GEORGETOWN,GA,999,395,GW,L,4,Treatment Plant (1); Well (1); Consecutive Connection (1); Distribution System/Zone (1),12,4,2,0,32,8,2024-01-18,NA,NA
GA-02,GA2490000,ELLAVILLE,GA,3295,851,GW,L,5,Well (2); Treatment Plant (1); Consecutive Connection (1); Distribution System/Zone (1),17,4,0,0,42,12,2025-08-11,NA,NA
GA-02,GA2530000,DONALSONVILLE,GA,2963,1503,GW,L,5,Well (2); Treatment Plant (2); Distribution System/Zone (1),29,9,1,0,66,13,2025-07-21,NA,NA
GA-02,GA2530001,IRON CITY,GA,464,191,GW,L,5,Distribution System/Zone (1); Well (2); Treatment Plant (2),12,3,2,0,33,7,2025-04-10,NA,NA
GA-02,GA2750000,BOSTON,GA,1315,538,GW,L,5,Distribution System/Zone (1); Treatment Plant (2); Well (2),38,29,0,0,36,5,2024-07-18,33.7723214,-84.3653476
GA-02,GA2750001,COOLIDGE,GA,667,269,GW,L,5,Treatment Plant (2); Well (2); Distribution System/Zone (1),7,1,0,0,18,7,2023-09-12,NA,NA
GA-02,GA2750002,MEIGS,GA,1096,407,GW,L,5,Distribution System/Zone (1); Treatment Plant (2); Well (2),41,5,2,0,51,6,2023-06-06,NA,NA
GA-02,GA2750004,PAVO,GA,815,315,GW,L,6,Distribution System/Zone (1); Well (3); Treatment Plant (2),34,12,0,0,73,9,2025-01-10,NA,NA
GA-02,GA3070000,PRESTON,GA,891,350,GW,L,7,Distribution System/Zone (1); Well (3); Treatment Plant (3),22,2,0,0,48,5,2021-04-08,33.4081854,-84.5990107
GA-02,GA3070001,WESTON,GA,116,45,GW,L,5,Treatment Plant (2); Well (2); Distribution System/Zone (1),47,17,5,0,110,8,2026-01-21,33.4081854,-84.5990107
MN-07,MN1340015,Lighthouse at Spicer,MN,36,15,GW,P,2,Well (1); Distribution System/Zone (1),15,6,1,0,54,24,2025-06-03,NA,NA
MN-07,MN1560030,River and Woods Mobile Home Park,MN,25,22,GW,P,4,Well (2); Treatment Plant (1); Distribution System/Zone (1),33,23,21,0,158,9,2026-03-09,NA,NA
MN-07,MN1730009,Saint John's University,MN,2500,1,GW,P,4,Treatment Plant (1); Well (2); Distribution System/Zone (1),6,1,4,0,36,24,2025-01-23,NA,NA
MN-07,MN1420003,Florence,MN,39,15,GWP,L,2,Consecutive Connection (1); Distribution System/Zone (1),11,6,0,0,41,25,2025-06-17,44.2593466,-96.2983122
MN-07,MN1080010,Cobden,MN,33,27,GW,L,2,Well (1); Distribution System/Zone (1),0,0,0,0,0,14,2026-03-23,44.2844286,-94.8503876
MN-07,MN1490004,Rich Prairie Sewer and Water District,MN,1531,627,GW,L,4,Well (2); Treatment Plant (1); Distribution System/Zone (1),10,7,0,0,31,20,2025-10-30,NA,NA
MN-07,MN1210021,Garfield,MN,350,139,GW,L,3,Distribution System/Zone (1); Treatment Plant (1); Well (1),1,0,0,0,4,20,2023-06-13,45.1382782,-94.7737159
MN-07,MN1030010,Kountry Manor Mobile Home Park,MN,80,38,GW,P,3,Well (1); Treatment Plant (1); Distribution System/Zone (1),20,0,4,0,91,21,2025-06-17,41.2297923,-95.9410048
MN-07,MN1170011,Neuhof Hutterian Brethren,MN,55,8,GW,P,4,Treatment Plant (1); Well (2); Distribution System/Zone (1),4,0,2,0,16,22,2026-02-13,NA,NA
MN-07,MN1080008,Springfield,MN,2070,972,GW,L,6,Well (4); Treatment Plant (1); Distribution System/Zone (1),3,1,0,0,7,24,2026-03-23,NA,NA
MN-07,MN1060010,Lismore Colony,MN,125,16,GW,P,5,Treatment Plant (1); Well (3); Distribution System/Zone (1),4,0,1,0,14,15,2025-03-20,NA,NA
MN-07,MN1420001,Balaton,MN,639,318,GW,L,4,Treatment Plant (1); Well (2); Distribution System/Zone (1),2,1,0,0,6,23,2025-04-15,NA,NA
MN-07,MN1870006,Porter,MN,180,88,GWP,L,3,Distribution System/Zone (1); Consecutive Connection (1); Well (1),9,5,0,0,30,24,2024-10-23,NA,NA
MN-07,MN1870003,Echo,MN,269,132,GWP,L,5,Consecutive Connection (1); Well (2); Distribution System/Zone (1); Common Headers (1),2,0,0,0,3,24,2025-02-04,NA,NA
MN-07,MN1870005,Hanley Falls,MN,275,123,GW,L,4,Treatment Plant (1); Well (2); Distribution System/Zone (1),4,0,1,0,17,24,2025-02-04,NA,NA
MN-07,MN1870008,Wood Lake,MN,423,194,GW,L,4,Distribution System/Zone (1); Well (2); Treatment Plant (1),6,1,0,0,19,24,2025-02-25,NA,NA
MN-07,MN1870002,Clarkfield,MN,841,416,GW,L,4,Distribution System/Zone (1); Well (2); Treatment Plant (1),9,5,0,0,26,24,2024-10-22,NA,NA
MN-07,MN1540006,Perley,MN,113,59,GW,L,4,Distribution System/Zone (1); Well (2); Treatment Plant (1),2,1,0,0,4,27,2025-09-30,NA,NA
MN-07,MN1370002,Boyd,MN,141,105,GWP,L,3,Well (1); Consecutive Connection (1); Distribution System/Zone (1),10,2,0,0,20,24,2026-03-10,NA,NA
MN-07,MN1170010,Delft,MN,58,29,GWP,L,2,Consecutive Connection (1); Distribution System/Zone (1),4,1,0,0,7,22,2024-04-10,43.6524521,-92.8983851
MN-07,MN1770001,Bertha,MN,557,210,GW,L,4,Well (2); Treatment Plant (1); Distribution System/Zone (1),2,0,0,0,9,22,2024-11-07,NA,NA
MN-07,MN1420008,Russell,MN,338,192,GWP,L,2,Consecutive Connection (1); Distribution System/Zone (1),4,0,0,0,15,25,2025-07-01,NA,NA
MN-07,MN1420010,Tracy,MN,2154,900,GW,L,4,Distribution System/Zone (1); Well (2); Treatment Plant (1),3,0,0,0,17,24,2024-08-27,NA,NA
MN-07,MN1510006,Hadley,MN,56,41,GW,L,4,Distribution System/Zone (1); Treatment Plant (1); Well (2),9,1,1,0,33,25,2024-11-06,NA,NA
MN-07,MN1140012,Felton,MN,178,96,GW,L,3,Distribution System/Zone (1); Treatment Plant (1); Well (1),11,2,0,0,47,23,2023-09-14,NA,NA
MN-07,MN1140014,Georgetown,MN,76,32,GW,L,4,Distribution System/Zone (1); Well (2); Treatment Plant (1),6,2,1,0,26,24,2024-11-21,NA,NA
MN-07,MN1210017,Kensington,MN,264,155,GW,L,4,Well (2); Treatment Plant (1); Distribution System/Zone (1),3,2,0,0,9,22,2023-09-11,NA,NA
MN-07,MN1340004,Lake Lillian,MN,236,136,GW,L,4,Well (2); Treatment Plant (1); Distribution System/Zone (1),29,22,24,0,118,26,2025-04-17,NA,NA
MN-07,MN1260002,Barrett,MN,374,160,GW,L,4,Well (2); Treatment Plant (1); Distribution System/Zone (1),2,0,1,0,15,22,2023-11-28,NA,NA
MN-07,MN1340007,Prinsburg,MN,511,232,GW,L,4,Well (3); Distribution System/Zone (1),2,0,2,0,11,27,2026-02-10,NA,NA
MN-07,MN1340008,Raymond,MN,799,322,GW,L,5,Distribution System/Zone (1); Well (3); Treatment Plant (1),2,0,0,0,5,22,2026-02-11,NA,NA
MN-07,MN1410006,Arco,MN,74,58,GWP,L,2,Consecutive Connection (1); Distribution System/Zone (1),0,0,0,0,0,21,2025-05-15,NA,NA
MN-07,MN1350005,Lancaster,MN,361,174,GWP,L,2,Consecutive Connection (1); Distribution System/Zone (1),3,1,0,0,9,24,2024-11-26,NA,NA
MN-07,MN1410005,Verdi,MN,32,21,GWP,L,2,Consecutive Connection (1); Distribution System/Zone (1),2,0,0,0,6,22,2025-09-16,44.2078578,-96.3555951
MN-07,MN1590010,Holland,MN,187,115,GWP,L,2,Consecutive Connection (1); Distribution System/Zone (1),3,0,0,0,10,23,2024-04-09,NA,NA
MN-07,MN1590007,Ruthton,MN,220,169,GW,L,5,Well (3); Treatment Plant (1); Distribution System/Zone (1),7,5,2,0,31,22,2024-11-06,NA,NA
MN-07,MN1560028,Elizabeth,MN,168,97,GW,L,4,Distribution System/Zone (1); Well (2); Treatment Plant (1),17,1,11,0,87,22,2023-12-06,NA,NA
MN-07,MN1640003,Lamberton,MN,828,409,GW,L,4,Distribution System/Zone (1); Well (2); Treatment Plant (1),7,1,0,0,28,24,2025-07-16,NA,NA
MN-07,MN1640010,Revere,MN,95,41,GWP,L,3,Consecutive Connection (1); Distribution System/Zone (1); Well (1),5,2,0,0,24,25,2025-08-12,44.220423,-95.364715
MN-07,MN1640012,Vesta,MN,319,154,GWP,L,2,Consecutive Connection (1); Distribution System/Zone (1),1,0,1,0,6,25,2025-07-09,NA,NA
MN-07,MN1640015,Wanda,MN,84,49,GW,L,4,Well (2); Treatment Plant (1); Distribution System/Zone (1),5,0,2,0,22,26,2026-03-18,44.3165897,-95.2114481
MN-07,MN1730005,Brooten,MN,646,317,GW,L,4,Well (2); Treatment Plant (1); Distribution System/Zone (1),5,2,1,0,21,24,2025-11-20,NA,NA
MN-07,MN1650013,Sacred Heart,MN,485,258,GW,L,4,Well (2); Treatment Plant (1); Distribution System/Zone (1),3,3,0,0,16,24,2025-08-19,NA,NA
MN-07,MN1760004,DeGraff,MN,110,66,GW,L,3,Treatment Plant (1); Well (1); Distribution System/Zone (1),7,2,4,0,39,22,2025-06-24,NA,NA
MN-07,MN1490009,Bowlus,MN,279,111,GW,L,3,Distribution System/Zone (1); Well (1); Treatment Plant (1),11,3,1,0,35,19,2026-02-10,NA,NA
MN-07,MN1560008,Dalton,MN,209,134,GW,L,4,Distribution System/Zone (1); Well (2); Treatment Plant (1),5,0,4,0,36,24,2025-05-16,NA,NA
MN-07,MN1650004,Danube,MN,446,238,GW,L,6,Treatment Plant (2); Well (3); Distribution System/Zone (1),7,4,3,0,33,25,2025-08-19,NA,NA
MN-07,MN1140007,Hitterdal,MN,208,96,GW,L,4,Distribution System/Zone (1); Well (2); Treatment Plant (1),4,1,3,0,18,25,2025-03-26,NA,NA
MN-07,MN1770003,Clarissa,MN,662,284,GW,L,5,Distribution System/Zone (1); Treatment Plant (1); Well (3),1,0,1,0,8,24,2024-10-30,46.1298885,-94.9504184
MN-07,MN1840004,Kent,MN,63,46,GW,L,4,Well (2); Distribution System/Zone (1); Common Headers (1),6,1,1,0,28,27,2026-01-30,NA,NA
MN-07,MN1030016,Lake Park,MN,714,425,GW,L,4,Well (2); Treatment Plant (1); Distribution System/Zone (1),1,0,1,0,10,27,2025-09-22,NA,NA
MN-07,MN1840006,Rothsay,MN,503,241,GW,L,4,Treatment Plant (1); Well (2); Distribution System/Zone (1),1,0,0,0,1,23,2025-02-21,NA,NA
MN-07,MN1140010,Sabin,MN,629,201,GW,L,4,Well (2); Treatment Plant (1); Distribution System/Zone (1),7,3,2,0,33,24,2023-11-29,NA,NA
MN-07,MN1490008,Upsala,MN,482,140,GW,L,4,Well (2); Treatment Plant (1); Distribution System/Zone (1),4,1,1,0,20,22,2024-12-12,NA,NA
MN-07,MN1260008,Wendell,MN,167,90,GW,L,4,Treatment Plant (1); Well (2); Distribution System/Zone (1),10,6,1,0,70,23,2024-11-14,NA,NA
MN-07,MN1840007,Wolverton,MN,124,77,GW,L,3,Well (1); Treatment Plant (1); Distribution System/Zone (1),5,1,0,0,18,25,2025-12-04,NA,NA
MN-07,MN1340021,Glacial Lakes Sanitary Sewer/Water Dist,MN,1335,716,GW,L,6,Well (4); Treatment Plant (1); Distribution System/Zone (1),0,0,0,0,0,15,2025-05-08,NA,NA
MN-07,MN1060009,Big Stone Hutterite,MN,110,35,GW,P,5,Distribution System/Zone (1); Well (3); Treatment Plant (1),3,2,0,0,10,22,2025-03-20,NA,NA
MN-07,MN1560035,Stony Bar Estates,MN,40,22,GW,P,4,Distribution System/Zone (1); Well (2); Common Headers (1),1,0,0,0,8,11,2025-06-12,NA,NA
MN-07,MN1720007,New Auburn,MN,456,180,GW,L,4,Well (2); Treatment Plant (1); Distribution System/Zone (1),1,0,1,0,7,25,2025-08-14,NA,NA
MN-07,MN1170002,Jeffers,MN,369,217,GWP,L,2,Distribution System/Zone (1); Consecutive Connection (1),2,0,0,0,11,25,2023-12-05,NA,NA
MN-07,MN1210002,Hi View Park,MN,150,77,GW,P,4,Well (2); Distribution System/Zone (1); Common Headers (1),12,7,0,0,52,20,2023-11-08,NA,NA
MN-07,MN1260001,Ashby,MN,472,220,GW,L,4,Well (2); Treatment Plant (1); Distribution System/Zone (1),8,3,2,0,36,23,2023-11-30,NA,NA
MN-07,MN1680001,Badger,MN,434,166,GW,L,4,Well (2); Treatment Plant (1); Distribution System/Zone (1),12,2,0,0,29,25,2026-03-10,NA,NA
MN-07,MN1730002,Avon,MN,1667,680,GW,L,5,Well (3); Treatment Plant (1); Distribution System/Zone (1),1,1,0,0,4,22,2025-10-28,NA,NA
MN-07,MN1780001,Browns Valley,MN,566,203,GW,L,4,Well (2); Treatment Plant (1); Distribution System/Zone (1),4,0,4,0,27,23,2025-09-23,NA,NA
MN-07,MN1840003,Campbell,MN,159,82,GW,L,4,Common Headers (1); Distribution System/Zone (1); Well (2),4,0,2,0,17,24,2025-03-12,NA,NA
MN-07,MN1060003,Clinton,MN,395,235,GW,L,4,Distribution System/Zone (1); Well (2); Treatment Plant (1),3,1,1,0,28,24,2025-02-12,45.4602425,-96.4340835
MN-07,MN1610001,Cyrus,MN,318,140,GW,L,4,Well (2); Treatment Plant (1); Distribution System/Zone (1),6,0,0,0,23,23,2023-11-28,NA,NA
MN-07,MN1370003,Dawson,MN,1466,762,GW,L,5,Distribution System/Zone (1); Well (3); Treatment Plant (1),5,2,1,0,29,25,2026-03-10,NA,NA
MN-07,MN1750003,Donnelly,MN,216,119,GW,L,4,Well (2); Treatment Plant (1); Distribution System/Zone (1),4,1,0,0,11,25,2025-09-11,NA,NA
MN-07,MN1420004,Ghent,MN,370,159,GWP,L,2,Consecutive Connection (1); Distribution System/Zone (1),5,3,0,0,19,22,2024-06-27,NA,NA
MN-07,MN1060005,Graceville,MN,543,333,GW,L,4,Distribution System/Zone (1); Treatment Plant (1); Well (2),2,2,0,0,6,24,2023-12-18,NA,NA
MN-07,MN1680002,Greenbush,MN,680,313,GW,L,4,Treatment Plant (1); Well (2); Distribution System/Zone (1),5,0,0,0,10,25,2024-09-12,48.701166,-96.181596
MN-07,MN1750004,Hancock,MN,845,280,GW,L,4,Distribution System/Zone (1); Well (2); Treatment Plant (1),1,0,0,0,8,27,2025-09-29,NA,NA
MN-07,MN1260006,Hoffman,MN,703,324,GW,L,4,Treatment Plant (1); Well (2); Distribution System/Zone (1),5,1,0,0,17,24,2024-12-17,NA,NA
MN-07,MN1350002,Karlstad,MN,713,331,GW,L,5,Treatment Plant (2); Well (2); Distribution System/Zone (1),5,0,0,0,11,25,2024-05-30,NA,NA
MN-07,MN1610007,Lowry,MN,333,160,GW,L,4,Well (2); Treatment Plant (1); Distribution System/Zone (1),1,0,1,0,14,24,2025-05-27,NA,NA
MN-07,MN1540003,Halstad,MN,548,279,GW,L,4,Distribution System/Zone (1); Well (2); Treatment Plant (1),3,0,3,0,30,25,2026-03-03,NA,NA
MN-07,MN1540001,Ada,MN,1725,839,GW,L,6,Well (3); Treatment Plant (2); Distribution System/Zone (1),7,2,0,0,27,24,2025-03-18,NA,NA
MN-07,MN1290001,Akeley,MN,426,246,GW,L,4,Distribution System/Zone (1); Treatment Plant (1); Well (2),1,0,0,0,5,22,2024-05-28,NA,NA
MN-07,MN1630003,Red Lake Falls,MN,1328,615,GW,L,4,Distribution System/Zone (1); Well (2); Treatment Plant (1),12,4,0,0,42,24,2025-08-06,NA,NA
MN-07,MN1640004,Lucan,MN,210,105,GW,L,4,Distribution System/Zone (1); Well (2); Treatment Plant (1),2,0,2,0,24,24,2024-10-07,NA,NA
MN-07,MN1450006,Middle River,MN,299,143,GW,L,4,Treatment Plant (1); Well (2); Distribution System/Zone (1),5,0,0,0,15,25,2025-09-24,NA,NA
MN-07,MN1120003,Milan,MN,418,189,GW,L,6,Distribution System/Zone (1); Well (4); Treatment Plant (1),8,3,3,0,34,23,2024-06-26,NA,NA
MN-07,MN1760007,Murdock,MN,306,140,GW,L,4,Distribution System/Zone (1); Well (2); Treatment Plant (1),2,0,0,0,8,23,2025-06-24,NA,NA
MN-07,MN1290010,Nevis,MN,390,233,GW,L,4,Distribution System/Zone (1); Well (2); Treatment Plant (1),3,1,0,0,10,24,2024-08-20,NA,NA
MN-07,MN1450007,Newfolden,MN,338,194,GW,L,4,Distribution System/Zone (1); Well (2); Treatment Plant (1),2,0,1,0,10,25,2025-10-08,NA,NA
MN-07,MN1030001,Audubon,MN,570,182,GW,L,5,Distribution System/Zone (1); Well (3); Treatment Plant (1),2,0,1,0,13,21,2025-06-17,NA,NA
MN-07,MN1140006,Hawley,MN,2267,912,GW,L,5,Well (3); Treatment Plant (1); Distribution System/Zone (1),5,4,0,0,24,25,2025-08-21,NA,NA
MN-07,MN1570002,Saint Hilaire,MN,257,114,GW,L,4,Distribution System/Zone (1); Well (2); Treatment Plant (1),4,2,0,0,14,24,2025-09-09,NA,NA
MN-07,MN1540004,Hendrum,MN,285,129,GW,L,4,Common Headers (1); Well (2); Distribution System/Zone (1),12,1,4,0,58,25,2026-03-03,47.264603,-96.8104002
MN-07,MN1610008,Starbuck,MN,1440,620,GW,L,6,Well (4); Treatment Plant (1); Distribution System/Zone (1),4,0,2,0,18,23,2024-01-16,NA,NA
MN-07,MN1210020,Osakis,MN,1780,683,GW,L,4,Treatment Plant (1); Well (2); Distribution System/Zone (1),9,5,0,0,35,24,2025-06-10,NA,NA
MN-07,MN1730022,Richmond,MN,1485,633,GW,L,5,Treatment Plant (1); Well (3); Distribution System/Zone (1),5,1,3,0,19,23,2025-03-18,NA,NA
MN-07,MN1430008,Silver Lake,MN,850,380,GW,L,4,Distribution System/Zone (1); Treatment Plant (1); Well (2),7,1,0,0,24,26,2025-06-11,NA,NA
MN-07,MN1510009,Slayton,MN,1964,1050,GW,L,5,Distribution System/Zone (1); Well (3); Treatment Plant (1),2,0,0,0,16,23,2024-10-16,43.9877234,-95.756929
MN-07,MN1350001,Hallock,MN,850,522,GWP,L,2,Consecutive Connection (1); Distribution System/Zone (1),5,1,0,0,17,24,2024-11-26,NA,NA
MN-07,MN1640005,Milroy,MN,252,133,GW,L,5,Well (2); Treatment Plant (2); Distribution System/Zone (1),0,0,0,0,0,25,2026-02-03,44.4185151,-95.5532351
MN-07,MN1630001,Oklee,MN,411,220,GW,L,5,Well (2); Treatment Plant (2); Distribution System/Zone (1),1,0,0,0,5,25,2025-03-27,NA,NA
MN-07,MN1630002,Plummer,MN,276,103,GW,L,4,Well (2); Treatment Plant (1); Distribution System/Zone (1),19,13,0,0,71,26,2025-08-19,NA,NA
MN-07,MN1450009,Stephen,MN,568,315,GWP,L,2,Distribution System/Zone (1); Consecutive Connection (1),7,3,0,0,15,21,2025-09-23,45.7026378,-94.26319
MN-07,MN1780003,Tintah,MN,68,38,GW,L,4,Well (2); Treatment Plant (1); Distribution System/Zone (1),17,7,2,0,61,24,2025-03-12,NA,NA
MN-07,MN1680006,Warroad,MN,1857,711,GW,L,7,Distribution System/Zone (1); Treatment Plant (3); Well (3),7,0,1,0,27,27,2025-06-17,NA,NA
MN-07,MN1590011,Hatfield Municipal Water Supply,MN,54,23,GWP,L,2,Consecutive Connection (1); Distribution System/Zone (1),5,4,0,0,19,19,2025-06-17,NA,NA
MN-07,MN1680003,Roseau,MN,2729,1013,GW,L,5,Treatment Plant (1); Well (3); Distribution System/Zone (1),13,5,0,0,32,25,2024-09-25,NA,NA
MN-07,MN1760006,Kerkhoven,MN,806,315,GW,L,6,Treatment Plant (2); Well (3); Distribution System/Zone (1),3,0,1,0,6,23,2025-06-26,NA,NA
MN-07,MN1590003,Ihlen,MN,63,46,GWP,L,2,Distribution System/Zone (1); Consecutive Connection (1),13,11,10,0,36,25,2024-12-11,NA,NA
MN-07,MN1600001,Climax,MN,223,116,GWP,L,2,Consecutive Connection (1); Distribution System/Zone (1),49,6,13,0,169,25,2025-06-24,47.607857,-96.8163551
MN-07,MN1420009,Taunton,MN,135,83,GWP,L,3,Distribution System/Zone (1); Consecutive Connection (1); Well (1),1,1,0,0,8,23,2024-06-26,NA,NA
MN-07,MN1430001,Biscay,MN,113,44,GW,L,3,Distribution System/Zone (1); Treatment Plant (1); Well (1),1,1,0,0,3,25,2026-01-26,NA,NA
MN-07,MN1430002,Brownton,MN,722,323,GW,L,5,Distribution System/Zone (1); Treatment Plant (2); Well (2),0,0,0,0,3,24,2025-07-28,44.7302082,-94.3508654
MN-07,MN1430005,Northview Court,MN,60,25,GW,P,4,Common Headers (1); Distribution System/Zone (1); Well (2),5,4,0,0,20,24,2024-10-02,NA,NA
MN-07,MN1370001,Bellingham,MN,168,110,GW,L,4,Well (2); Treatment Plant (1); Distribution System/Zone (1),4,0,0,0,11,23,2025-09-11,NA,NA
MN-07,MN1560016,Henning,MN,851,366,GW,L,4,Well (2); Treatment Plant (1); Distribution System/Zone (1),2,0,1,0,9,22,2024-11-26,NA,NA
MN-07,MN1560017,New York Mills,MN,1287,549,GW,L,4,Distribution System/Zone (1); Well (2); Treatment Plant (1),4,0,0,0,14,24,2023-08-17,NA,NA
MN-07,MN1560032,Ottertail,MN,694,410,GWP,L,2,Consecutive Connection (1); Distribution System/Zone (1),0,0,0,0,0,11,2024-09-05,NA,NA
MN-07,MN1560019,Pelican Rapids,MN,2577,778,GW,L,7,Distribution System/Zone (1); Well (5); Treatment Plant (1),1,1,0,0,18,23,2025-09-25,NA,NA
MN-07,MN1760001,Appleton,MN,1376,641,GW,L,4,Distribution System/Zone (1); Treatment Plant (1); Well (2),21,6,0,0,59,19,2025-05-29,NA,NA
MN-07,MN1030022,Brandy Lake Estates,MN,40,21,GW,P,4,Well (2); Treatment Plant (1); Distribution System/Zone (1),54,12,24,0,208,21,2025-09-03,NA,NA
MN-07,MN1730061,Grove Place Apartments,MN,25,15,GW,P,3,Distribution System/Zone (1); Treatment Plant (1); Well (1),6,0,1,0,26,16,2025-05-22,NA,NA
MN-07,MN1730059,Evergreen Hills Mobile Home Park,MN,144,30,GW,P,4,Distribution System/Zone (1); Well (3),18,3,5,1,78,23,2024-12-19,NA,NA
MN-07,MN1260003,Elbow Lake,MN,1285,576,GW,L,5,Well (3); Treatment Plant (1); Distribution System/Zone (1),0,0,0,0,1,23,2023-09-13,NA,NA
MN-07,MN1210013,Evansville,MN,603,270,GW,L,4,Distribution System/Zone (1); Well (2); Treatment Plant (1),0,0,0,0,0,23,2023-08-08,NA,NA
MN-07,MN1060008,Ortonville,MN,2021,1081,GW,L,4,Well (2); Treatment Plant (1); Distribution System/Zone (1),13,2,0,0,32,23,2023-11-13,NA,NA
MN-07,MN1560026,Underwood,MN,380,213,GW,L,4,Treatment Plant (1); Well (2); Distribution System/Zone (1),0,0,0,0,0,24,2025-03-13,NA,NA
MN-07,MN1340001,Atwater,MN,1133,554,GW,L,5,Well (2); Treatment Plant (2); Distribution System/Zone (1),4,3,0,0,14,25,2025-11-06,NA,NA
MN-07,MN1340009,Roseland Coop Well,MN,70,31,GW,P,3,Well (2); Distribution System/Zone (1),13,8,2,0,56,24,2026-03-18,NA,NA
MN-07,MN1730013,Freeport,MN,685,300,GW,L,5,Distribution System/Zone (1); Well (2); Treatment Plant (2),2,1,0,0,9,25,2025-10-30,45.663343,-94.6895757
MN-07,MN1730015,Kimball,MN,911,379,GW,L,4,Well (2); Treatment Plant (1); Distribution System/Zone (1),1,1,0,0,4,25,2025-07-23,NA,NA
MN-07,MN1730017,New Munich,MN,320,137,GW,L,4,Distribution System/Zone (1); Treatment Plant (1); Well (2),18,9,2,0,63,23,2024-12-17,NA,NA
MN-07,MN1730043,Roscoe,MN,104,55,GW,L,3,Treatment Plant (1); Well (1); Distribution System/Zone (1),8,1,1,0,37,23,2025-11-21,NA,NA
MN-07,MN1030014,Frazee,MN,1400,476,GW,L,4,Distribution System/Zone (1); Treatment Plant (1); Well (2),1,1,0,0,4,24,2025-09-03,NA,NA
MN-07,MN1030003,Twin Haven Estates,MN,200,60,GW,P,4,Well (3); Distribution System/Zone (1),8,4,0,0,29,20,2024-08-26,NA,NA
MN-07,MN1450003,Grygla,MN,179,117,GW,L,4,Treatment Plant (1); Well (2); Distribution System/Zone (1),5,2,0,0,19,24,2024-12-17,NA,NA
MN-07,MN1450010,Strandquist,MN,63,37,GW,L,3,Well (1); Treatment Plant (1); Distribution System/Zone (1),13,2,2,0,38,25,2025-09-24,NA,NA
MN-07,MN1290011,Sundsruds Court,MN,40,15,GW,P,3,Well (1); Treatment Plant (1); Distribution System/Zone (1),3,0,3,0,15,19,2025-12-15,46.9136112,-95.0370708
MN-07,MN1290008,Piney Park Mobile Home Park,MN,160,40,GW,P,3,Treatment Plant (1); Well (1); Distribution System/Zone (1),13,8,3,0,45,24,2024-08-20,NA,NA
MN-07,MN1590012,Heartland Colony,MN,90,12,GW,P,3,Distribution System/Zone (1); Well (2),3,3,0,0,9,19,2025-06-17,NA,NA
MN-07,MN1650001,Bird Island,MN,1024,485,GW,L,5,Well (3); Treatment Plant (1); Distribution System/Zone (1),8,5,1,0,29,24,2025-08-11,NA,NA
MN-07,MN1610010,Pine Hill Mobile Home Park,MN,25,20,GW,P,2,Distribution System/Zone (1); Well (1),5,0,2,0,18,15,2023-11-09,NA,NA
MN-07,MN1680008,Lakewood Park and Sales,MN,450,170,GW,P,3,Well (2); Distribution System/Zone (1),40,1,1,0,170,26,2024-09-10,NA,NA
MN-07,MN1680009,Timberline Mobile Home Park,MN,90,80,GW,P,5,Distribution System/Zone (1); Well (3); Common Headers (1),19,9,0,0,74,26,2025-06-17,NA,NA
MN-07,MN1600008,Fertile,MN,789,406,GW,L,4,Distribution System/Zone (1); Well (2); Treatment Plant (1),1,0,0,0,6,24,2025-08-20,NA,NA
MN-07,MN1650009,Hector,MN,1127,580,GW,L,4,Well (2); Treatment Plant (1); Distribution System/Zone (1),11,3,5,0,25,24,2024-09-16,NA,NA
MN-07,MN1340003,Kandiyohi,MN,560,207,GW,L,5,Distribution System/Zone (1); Well (2); Treatment Plant (2),0,0,0,0,1,24,2026-01-15,NA,NA
MN-07,MN1600011,McIntosh,MN,584,310,GW,L,4,Treatment Plant (1); Well (2); Distribution System/Zone (1),2,0,2,0,12,24,2025-03-26,47.6370429,-95.887281
MN-07,MN1600012,Nielsville,MN,76,51,GW,L,4,Well (2); Common Headers (1); Distribution System/Zone (1),2,0,2,0,16,25,2025-05-15,NA,NA
MN-07,MN1140011,Ulen,MN,500,227,GW,L,4,Well (2); Treatment Plant (1); Distribution System/Zone (1),1,0,0,0,5,24,2025-03-26,NA,NA
MN-07,MN1780004,Wheaton,MN,1465,675,GW,L,5,Well (3); Treatment Plant (1); Distribution System/Zone (1),6,2,0,0,20,23,2025-03-28,NA,NA
MN-07,MN1610009,Village of Baycrest,MN,60,43,GW,P,5,Distribution System/Zone (1); Well (3); Common Headers (1),22,21,0,0,6,24,2025-06-06,NA,NA
MN-07,MN1060006,Johnson,MN,25,15,GW,L,2,Well (1); Distribution System/Zone (1),5,2,2,0,36,24,2024-08-30,NA,NA
MN-07,MN1060007,Odessa,MN,96,72,GW,L,4,Distribution System/Zone (1); Well (2); Treatment Plant (1),3,0,2,0,29,24,2024-11-19,NA,NA
MN-07,MN1420012,Fairview Township Water Association,MN,89,38,GWP,L,2,Consecutive Connection (1); Distribution System/Zone (1),1,1,0,0,5,20,2025-07-01,NA,NA
MN-07,MN1420011,Garvin,MN,135,71,GWP,L,2,Distribution System/Zone (1); Consecutive Connection (1),4,3,0,0,13,22,2025-04-15,44.2167489,-95.7607501
MN-07,MN1420007,Minneota,MN,1380,572,GWP,L,4,Distribution System/Zone (1); Consecutive Connection (1); Well (2),3,0,0,0,13,22,2024-06-27,NA,NA
MN-07,MN1510010,Dovray,MN,61,40,GWP,L,2,Distribution System/Zone (1); Consecutive Connection (1),7,1,1,0,26,22,2024-11-13,44.0530236,-95.550064
MN-07,MN1510005,Fulda,MN,1318,616,GW,L,8,Distribution System/Zone (1); Well (6); Treatment Plant (1),6,2,0,0,24,24,2024-11-07,NA,NA
MN-07,MN1870001,Canby,MN,1769,831,GW,L,5,Consecutive Connection (1); Distribution System/Zone (1); Treatment Plant (1); Well (2),3,2,0,0,11,24,2024-10-23,NA,NA
MN-07,MN1870004,Granite Falls,MN,2843,1219,GW,L,6,Distribution System/Zone (1); Treatment Plant (1); Well (2); Pump Facility (2),1,1,0,0,5,25,2025-02-25,NA,NA
MN-07,MN1640018,Seaforth,MN,80,39,GWP,L,2,Distribution System/Zone (1); Consecutive Connection (1),10,1,0,0,27,7,2025-02-04,NA,NA
MN-07,MN1760005,Holloway,MN,86,52,GW,L,4,Treatment Plant (1); Well (2); Distribution System/Zone (1),4,1,2,0,23,22,2024-11-19,NA,NA
MN-07,MN1140002,Comstock,MN,95,52,GW,L,4,Distribution System/Zone (1); Well (2); Treatment Plant (1),16,2,3,0,63,24,2025-12-04,NA,NA
MN-07,MN1140005,Glyndon,MN,1386,416,GW,L,4,Treatment Plant (1); Well (2); Distribution System/Zone (1),3,1,0,0,6,25,2025-11-18,46.8742221,-96.5796882
MN-07,MN1260005,Herman,MN,386,236,GW,L,4,Distribution System/Zone (1); Well (2); Treatment Plant (1),8,3,1,0,51,23,2023-06-13,NA,NA
MN-07,MN1450011,Viking,MN,85,42,GW,L,4,Well (2); Distribution System/Zone (1); Common Headers (1),5,1,1,0,22,25,2025-09-09,NA,NA
MN-07,MN1450012,Warren,MN,1551,706,GW,L,5,Distribution System/Zone (1); Consecutive Connection (1); Well (1); Treatment Plant (2),13,6,0,0,26,24,2025-06-16,NA,NA
MN-07,MN1650003,Buffalo Lake,MN,703,347,GW,L,4,Well (2); Treatment Plant (1); Distribution System/Zone (1),10,1,1,0,70,27,2026-03-10,NA,NA
MN-07,MN1560004,Battle Lake Mobile Home Park,MN,31,24,GW,P,2,Distribution System/Zone (1); Well (1),16,0,8,0,79,21,2023-08-30,46.3192558,-95.4386362
MN-07,MN1560007,Deer Creek,MN,329,116,GW,L,4,Well (2); Treatment Plant (1); Distribution System/Zone (1),5,0,0,0,17,23,2023-12-06,46.3910143,-95.3219768
MN-07,MN1560018,Parkers Prairie,MN,1023,450,GW,L,5,Distribution System/Zone (1); Well (3); Treatment Plant (1),2,0,1,0,12,24,2024-10-02,NA,NA
MN-07,MN1490005,Randall,MN,608,272,GW,L,5,Well (2); Treatment Plant (2); Distribution System/Zone (1),1,0,1,0,5,21,2024-11-05,NA,NA
MN-07,MN1600014,Beltrami,MN,85,42,GW,L,5,Treatment Plant (2); Well (2); Distribution System/Zone (1),4,3,0,0,14,21,2025-08-20,NA,NA
MN-07,MN1210027,Westside Del Valle Homeowners Assoc.,MN,40,20,GW,P,4,Distribution System/Zone (1); Common Headers (1); Well (2),5,0,0,0,22,12,2023-11-08,46.0465515,-95.2987528
MN-07,MN1510001,Avoca,MN,111,71,GW,L,3,Distribution System/Zone (1); Treatment Plant (1); Well (1),4,0,3,0,20,24,2025-01-23,NA,NA
MN-07,MN1170008,Bingham Lake,MN,128,74,GWP,L,2,Distribution System/Zone (1); Consecutive Connection (1),1,1,0,0,6,23,2023-11-08,NA,NA
MN-07,MN1770002,Browerville,MN,836,306,GW,L,5,Distribution System/Zone (1); Well (3); Treatment Plant (1),0,0,0,0,0,21,2024-12-19,NA,NA
MN-07,MN1210010,Carlos,MN,492,228,GW,L,5,Well (3); Treatment Plant (1); Distribution System/Zone (1),1,0,0,0,1,23,2025-09-03,NA,NA
MN-07,MN1640002,Clements,MN,157,98,GW,L,4,Well (2); Treatment Plant (1); Distribution System/Zone (1),4,1,1,0,14,23,2024-10-07,NA,NA
MN-07,MN1420002,Cottonwood,MN,1212,679,GW,L,5,Distribution System/Zone (1); Well (2); Treatment Plant (2),9,7,0,0,24,24,2025-04-15,NA,NA
MN-07,MN1780002,Dumont,MN,75,52,GW,L,4,Distribution System/Zone (1); Well (2); Treatment Plant (1),12,0,10,0,96,24,2023-12-05,NA,NA
MN-07,MN1770004,Eagle Bend,MN,545,253,GW,L,4,Distribution System/Zone (1); Well (2); Treatment Plant (1),1,0,0,0,7,23,2024-11-18,NA,NA
MN-07,MN1470012,Eden Valley,MN,1042,437,GW,L,5,Well (3); Treatment Plant (1); Distribution System/Zone (1),0,0,0,0,0,17,2025-03-19,NA,NA
MN-07,MN1650005,Fairfax,MN,1295,556,GW,L,4,Distribution System/Zone (1); Treatment Plant (1); Well (2),5,2,0,0,17,24,2026-02-03,NA,NA
MN-07,MN1650006,Franklin,MN,496,210,GW,L,4,Well (2); Treatment Plant (1); Distribution System/Zone (1),0,0,0,0,0,25,2026-02-03,NA,NA
MN-07,MN1410002,Ivanhoe,MN,559,311,GWP,L,2,Distribution System/Zone (1); Consecutive Connection (1),0,0,0,0,0,25,2025-05-15,44.4634727,-96.2461553
MN-07,MN1510008,Lake Wilson,MN,247,157,GW,L,4,Distribution System/Zone (1); Treatment Plant (1); Well (2),2,1,1,0,9,24,2025-02-21,NA,NA
MN-07,MN1430006,Lester Prairie,MN,1904,665,GW,L,6,Treatment Plant (2); Well (3); Distribution System/Zone (1),2,2,0,0,10,25,2025-12-08,44.8853476,-94.0419189
MN-07,MN1420005,Lynd,MN,448,178,GWP,L,2,Distribution System/Zone (1); Consecutive Connection (1),0,0,0,0,0,24,2025-07-01,NA,NA
MN-07,MN1370004,Madison,MN,1511,795,GW,L,4,Treatment Plant (1); Well (2); Distribution System/Zone (1),1,1,0,0,7,25,2025-09-11,NA,NA
MN-07,MN1640006,Morgan,MN,896,475,GW,L,4,Well (2); Treatment Plant (1); Distribution System/Zone (1),3,1,0,0,7,22,2025-07-28,NA,NA
MN-07,MN1650010,Morton,MN,400,200,GW,L,4,Distribution System/Zone (1); Well (2); Treatment Plant (1),2,1,0,0,4,23,2024-10-07,NA,NA
MN-07,MN1170003,Mountain Lake,MN,2018,827,GW,L,7,Well (5); Treatment Plant (1); Distribution System/Zone (1),2,1,0,0,10,25,2023-11-29,NA,NA
MN-07,MN1340005,New London,MN,1319,541,GWP,L,2,Consecutive Connection (1); Distribution System/Zone (1),9,4,1,0,32,24,2026-01-29,NA,NA
MN-07,MN1730018,Paynesville,MN,2575,1062,GW,L,6,Well (4); Treatment Plant (1); Distribution System/Zone (1),0,0,0,0,3,23,2024-09-11,NA,NA
MN-07,MN1430007,Plato,MN,319,165,GW,L,4,Distribution System/Zone (1); Treatment Plant (1); Well (2),1,0,0,0,2,25,2025-05-19,NA,NA
MN-07,MN1640011,Sanborn,MN,339,216,GW,L,6,Distribution System/Zone (1); Well (4); Treatment Plant (1),3,2,0,0,7,24,2025-09-11,44.2046392,-95.130392
MN-07,MN1870007,Saint Leo,MN,97,54,GWP,L,3,Well (1); Consecutive Connection (1); Distribution System/Zone (1),7,5,0,0,28,21,2024-06-26,NA,NA
MN-07,MN1770011,Staples,MN,3089,1122,GW,L,5,Well (3); Treatment Plant (1); Distribution System/Zone (1),1,1,0,0,5,25,2026-02-23,NA,NA
MN-07,MN1430009,Stewart,MN,482,269,GW,L,4,Well (2); Treatment Plant (1); Distribution System/Zone (1),10,5,8,0,65,25,2026-02-03,NA,NA
MN-07,MN1170004,Storden,MN,215,156,GWP,L,2,Consecutive Connection (1); Distribution System/Zone (1),2,1,0,0,12,25,2023-12-05,NA,NA
MN-07,MN1410004,Tyler,MN,1122,587,GWP,L,2,Distribution System/Zone (1); Consecutive Connection (1),10,6,0,0,28,25,2025-05-15,NA,NA
MN-07,MN1640013,Wabasso,MN,735,291,GW,L,4,Distribution System/Zone (1); Well (2); Treatment Plant (1),4,0,0,0,21,24,2024-10-07,NA,NA
MN-07,MN1640014,Walnut Grove,MN,825,313,GW,L,5,Distribution System/Zone (1); Well (2); Treatment Plant (2),1,1,0,0,3,24,2025-08-12,NA,NA
MN-07,MN1470010,Watkins,MN,958,392,GWP,L,2,Consecutive Connection (1); Distribution System/Zone (1),2,1,0,0,7,23,2025-02-06,NA,NA
MN-07,MN1170005,Westbrook,MN,785,425,GW,L,4,Distribution System/Zone (1); Well (2); Treatment Plant (1),2,0,1,0,8,25,2023-12-05,NA,NA
MN-07,MN1430010,Winsted,MN,2226,896,GW,L,6,Distribution System/Zone (1); Well (3); Treatment Plant (2),4,2,0,0,17,23,2024-12-09,44.9654424,-94.0463151
MN-07,MN1490003,Motley,MN,680,262,GW,L,6,Treatment Plant (1); Well (4); Distribution System/Zone (1),1,0,1,0,6,21,2025-02-10,NA,NA
MN-07,MN1590001,Edgerton,MN,1281,572,GW,L,4,Treatment Plant (1); Well (1); Distribution System/Zone (1); Consecutive Connection (1),9,4,6,0,49,26,2025-02-26,NA,NA
MN-07,MN1600009,Fisher,MN,401,158,GWP,L,2,Consecutive Connection (1); Distribution System/Zone (1),4,3,0,0,11,25,2025-06-11,NA,NA
MN-07,MN1650011,Olivia,MN,2353,1132,GW,L,7,Distribution System/Zone (1); Well (5); Treatment Plant (1),3,2,0,0,14,24,2024-09-05,44.7761615,-94.9921455
MN-07,MN1570001,Goodridge,MN,100,58,GW,L,4,Distribution System/Zone (1); Well (2); Treatment Plant (1),1,0,0,0,6,25,2025-08-19,48.144242,-95.8047937
MN-07,MN1730014,Holdingford,MN,770,314,GW,L,5,Treatment Plant (2); Well (2); Distribution System/Zone (1),2,0,0,0,5,24,2025-12-03,NA,NA
MN-07,MN1730035,Saint Martin,MN,343,147,GW,L,4,Well (2); Treatment Plant (1); Distribution System/Zone (1),16,3,4,0,53,23,2025-03-28,NA,NA
MN-07,MN1640001,Belview,MN,300,160,GW,L,4,Well (2); Treatment Plant (1); Distribution System/Zone (1),2,2,0,0,9,23,2024-11-25,44.6042144,-95.3293864
MN-07,MN1370005,Marietta,MN,135,100,GWP,L,2,Consecutive Connection (1); Distribution System/Zone (1),2,1,0,0,7,24,2026-03-09,NA,NA
MN-07,MN1370006,Nassau,MN,60,40,GWP,L,2,Consecutive Connection (1); Distribution System/Zone (1),1,0,0,0,4,18,2026-03-09,NA,NA
MN-07,MN1590004,Jasper,MN,623,326,GWP,L,2,Consecutive Connection (1); Distribution System/Zone (1),1,0,1,0,2,24,2025-02-26,NA,NA
MN-07,MN1590008,Trosky,MN,86,40,GWP,L,2,Distribution System/Zone (1); Consecutive Connection (1),23,9,0,0,76,25,2024-04-09,NA,NA
MN-07,MN1120006,Watson,MN,175,97,GW,L,4,Treatment Plant (1); Well (2); Distribution System/Zone (1),12,1,4,0,49,23,2025-09-11,NA,NA
MN-07,MN1340002,Blomkest,MN,161,83,GW,L,4,Well (2); Treatment Plant (1); Distribution System/Zone (1),54,10,0,0,175,26,2024-07-09,NA,NA
MN-07,MN1210023,Eagle's Landing Development,MN,107,30,GW,P,4,Common Headers (1); Distribution System/Zone (1); Well (2),2,0,0,0,6,6,2025-09-03,NA,NA
MN-07,MN1540011,Flom Township,MN,26,22,GW,P,3,Treatment Plant (1); Well (1); Distribution System/Zone (1),4,0,1,0,42,16,2025-11-24,NA,NA
MN-07,MN1140016,John Bouton Housing Development,MN,125,43,GW,P,2,Distribution System/Zone (1); Well (1),11,5,0,0,50,22,2023-08-28,NA,NA
MN-07,MN1340020,North Roseland Water Association,MN,60,22,GW,P,2,Well (1); Distribution System/Zone (1),8,2,3,0,38,17,2025-10-20,NA,NA
MN-07,MN1730053,Riverview North Apartments,MN,48,32,GW,P,3,Distribution System/Zone (1); Well (2),15,10,0,0,60,21,2025-02-05,NA,NA
MN-07,MN1140020,Spring Prairie Colony,MN,200,30,GW,P,4,Distribution System/Zone (1); Well (2); Treatment Plant (1),1,0,1,0,6,13,2023-08-28,NA,NA
MN-07,MN1540010,Gary,MN,226,110,GW,L,4,Distribution System/Zone (1); Well (2); Treatment Plant (1),2,2,1,0,1,23,2025-03-18,NA,NA
MN-07,MN1540008,Twin Valley,MN,707,382,GW,L,4,Distribution System/Zone (1); Well (2); Treatment Plant (1),1,1,0,0,4,25,2025-03-18,NA,NA
MN-07,MN1590009,Woodstock,MN,108,72,GWP,L,2,Consecutive Connection (1); Distribution System/Zone (1),4,1,0,0,23,23,2025-06-17,NA,NA
MN-07,MN1600013,Winger,MN,181,104,GW,L,4,Distribution System/Zone (1); Well (2); Treatment Plant (1),20,1,20,0,74,23,2025-03-26,NA,NA
MN-07,MN1720006,Henderson,MN,886,441,GW,L,6,Distribution System/Zone (1); Pump Facility (1); Well (2); Treatment Plant (2),10,0,1,0,40,26,2024-05-16,NA,NA
MN-07,MN1730001,Albany,MN,2805,987,GW,L,7,Well (4); Treatment Plant (2); Distribution System/Zone (1),3,2,1,0,20,26,2025-11-05,NA,NA
MN-07,MN1140001,Barnesville,MN,2784,1280,GW,L,5,Distribution System/Zone (1); Well (3); Treatment Plant (1),7,3,0,0,26,23,2023-08-07,46.6532166,-96.4199284
MN-07,MN1030004,Callaway,MN,234,91,GW,L,4,Well (2); Treatment Plant (1); Distribution System/Zone (1),2,0,2,0,14,22,2023-11-14,NA,NA
MN-07,MN1600005,Erskine,MN,384,247,GW,L,4,Well (2); Treatment Plant (1); Distribution System/Zone (1),5,0,0,0,10,24,2024-12-11,NA,NA
MN-07,MN1490007,Swanville,MN,333,140,GW,L,4,Distribution System/Zone (1); Well (2); Treatment Plant (1),8,0,5,0,43,24,2024-12-03,NA,NA
MN-07,MN1450001,Alvarado,MN,377,151,GWP,L,2,Distribution System/Zone (1); Consecutive Connection (1),1,0,1,0,6,24,2025-09-23,NA,NA
MN-07,MN1570005,Aaseby Court,MN,50,20,GW,P,2,Well (1); Distribution System/Zone (1),32,7,2,0,125,23,2024-06-25,NA,NA
MN-07,MN1060002,Beardsley,MN,216,108,GW,L,3,Distribution System/Zone (1); Well (1); Treatment Plant (1),5,1,2,0,27,26,2025-09-23,NA,NA
MN-07,MN1750001,Alberta,MN,92,57,GWP,L,2,Consecutive Connection (1); Distribution System/Zone (1),0,0,0,0,0,23,2023-06-14,NA,NA
MN-07,MN1120001,Clara City,MN,1372,622,GW,L,5,Well (3); Treatment Plant (1); Distribution System/Zone (1),7,2,3,0,32,23,2026-03-25,NA,NA
MN-07,MN1120002,Maynard,MN,388,163,GW,L,5,Distribution System/Zone (1); Treatment Plant (2); Well (2),0,0,0,0,0,24,2025-09-11,NA,NA
MN-07,MN1210009,Brandon,MN,501,250,GW,L,4,Distribution System/Zone (1); Well (2); Treatment Plant (1),1,0,0,0,11,21,2023-08-09,NA,NA
MN-07,MN1720001,Arlington,MN,2230,914,GW,L,5,Distribution System/Zone (1); Well (3); Treatment Plant (1),6,3,1,0,33,23,2026-02-09,NA,NA
MN-07,MN1730038,Big Sauk Lake Mobile Home Park,MN,68,37,GW,P,4,Distribution System/Zone (1); Treatment Plant (1); Well (2),3,0,2,0,14,26,2025-12-01,NA,NA
MN-07,MN1490001,Buckman,MN,309,105,GW,L,5,Distribution System/Zone (1); Well (2); Treatment Plant (2),5,3,0,0,27,18,2025-01-22,NA,NA
MN-07,MN1720002,Gaylord,MN,2269,895,GW,L,5,Distribution System/Zone (1); Treatment Plant (2); Well (2),1,1,0,0,13,27,2025-08-13,44.5531126,-94.2197265
MN-07,MN1720004,Gibbon,MN,790,406,GW,L,4,Well (2); Treatment Plant (1); Distribution System/Zone (1),2,0,2,0,21,23,2023-09-12,NA,NA
MN-07,MN1720005,Green Isle,MN,599,286,GW,L,4,Distribution System/Zone (1); Well (2); Treatment Plant (1),6,0,6,0,42,26,2023-11-27,NA,NA
MN-07,MN1750002,Chokio,MN,400,222,GW,L,4,Distribution System/Zone (1); Treatment Plant (1); Well (2),5,0,5,0,38,24,2025-12-02,NA,NA
MN-07,MN1610003,Glenwood,MN,2705,1237,GW,L,6,Distribution System/Zone (1); Pump Facility (1); Well (2); Treatment Plant (2),3,2,0,0,16,23,2024-09-11,NA,NA
MN-07,MN1770005,Grey Eagle,MN,330,165,GW,L,4,Well (2); Treatment Plant (1); Distribution System/Zone (1),0,0,0,0,1,24,2024-12-18,NA,NA
MN-07,MN1350003,Kennedy,MN,181,115,GWP,L,2,Distribution System/Zone (1); Consecutive Connection (1),4,1,1,0,13,24,2024-05-30,NA,NA
MN-07,MN1340006,Pennock,MN,492,202,GW,L,4,Well (2); Treatment Plant (1); Distribution System/Zone (1),5,2,1,0,28,24,2024-11-18,NA,NA
MN-07,MN1560029,Vergas,MN,358,169,GW,L,4,Treatment Plant (1); Well (2); Distribution System/Zone (1),1,0,0,0,4,19,2024-12-12,46.7166707,-95.8458424
MN-07,MN1770015,Hewitt,MN,256,113,GW,L,3,Distribution System/Zone (1); Well (1); Treatment Plant (1),1,0,0,0,1,21,2026-02-04,NA,NA
MN-07,MN1800001,Menahga,MN,1347,579,GW,L,4,Well (2); Treatment Plant (1); Distribution System/Zone (1),3,0,0,0,7,25,2025-10-28,NA,NA
MN-07,MN1470003,Dassel,MN,1503,736,GW,L,5,Distribution System/Zone (1); Well (3); Treatment Plant (1),4,2,0,0,11,23,2025-02-12,NA,NA
MN-07,MN1350004,Lake Bronson,MN,168,113,GWP,L,2,Distribution System/Zone (1); Consecutive Connection (1),2,0,0,0,7,24,2024-11-26,NA,NA
MN-07,MN1800002,Sebeka,MN,742,295,GW,L,4,Well (2); Treatment Plant (1); Distribution System/Zone (1),7,0,1,0,26,25,2025-10-28,46.6297268,-95.0921458
MN-07,MN1720009,"Starland HB, Inc.",MN,100,13,GW,P,3,Distribution System/Zone (1); Treatment Plant (1); Well (1),18,1,18,0,123,20,2023-08-02,NA,NA
MN-07,MN1060004,Correll,MN,35,33,GW,L,3,Distribution System/Zone (1); Treatment Plant (1); Well (1),8,2,3,0,35,25,2026-01-22,NA,NA
MN-07,MN1080001,Comfrey,MN,402,198,GW,L,6,Distribution System/Zone (1); Well (4); Treatment Plant (1),0,0,0,0,0,25,2026-02-26,NA,NA
MN-07,MN1680011,"AMG, Inc.",MN,350,140,GW,P,3,Distribution System/Zone (1); Well (2),1,1,0,0,5,25,2024-09-10,48.9378733,-95.3264482
MN-07,MN1680013,"Cedar Bend Park, Inc.",MN,40,38,GW,P,4,Distribution System/Zone (1); Well (2); Treatment Plant (1),14,2,1,0,60,24,2025-05-21,48.9059297,-95.3160765
MN-07,MN1290013,Gentle Breezes Trailer Park,MN,25,15,GW,P,2,Distribution System/Zone (1); Well (1),6,0,0,0,20,6,2024-11-13,NA,NA
MN-07,MN1030006,Oak Grove Mobile Home Park,MN,60,32,GW,P,4,Well (2); Treatment Plant (1); Distribution System/Zone (1),15,11,13,0,66,23,2026-03-31,NA,NA
MN-07,MN1680004,Oak Manor Mobile Home Park,MN,150,50,GW,P,5,Well (3); Treatment Plant (1); Distribution System/Zone (1),51,29,26,0,203,25,2024-09-25,NA,NA
MN-07,MN1600010,Fosston,MN,1385,672,GW,L,5,Distribution System/Zone (1); Well (3); Treatment Plant (1),2,2,0,0,20,25,2024-12-11,NA,NA
MN-07,MN1470007,Grove City,MN,635,271,GW,L,6,Treatment Plant (2); Well (3); Distribution System/Zone (1),1,0,0,0,3,23,2025-05-01,NA,NA
MN-07,MN1540007,Shelly,MN,174,108,GW,L,4,Distribution System/Zone (1); Well (2); Treatment Plant (1),1,1,0,0,9,24,2025-06-24,NA,NA
MN-07,MN1340010,Spicer,MN,1225,566,GWP,L,2,Distribution System/Zone (1); Consecutive Connection (1),3,0,1,0,8,24,2026-02-05,NA,NA
MN-07,MN1680014,Springsteel Island Supply,MN,80,40,GW,P,5,Common Headers (1); Distribution System/Zone (1); Well (3),1,1,0,0,0,21,2025-02-26,NA,NA
MN-07,MN1340019,Sunray Glacial Waters INC,MN,90,41,GW,P,3,Treatment Plant (1); Well (1); Distribution System/Zone (1),4,1,3,0,25,22,2024-11-26,45.1121891,-95.0762436
MN-07,MN1540002,Borup,MN,99,34,GW,L,4,Treatment Plant (1); Well (2); Distribution System/Zone (1),15,7,4,0,54,23,2025-09-30,NA,NA
MN-07,MN1650012,Renville,MN,1301,580,GW,L,6,Well (4); Treatment Plant (1); Distribution System/Zone (1),2,2,0,0,6,25,2025-08-11,44.7905241,-95.2121786
MN-07,MN1410001,Hendricks,MN,650,400,GWP,L,4,Distribution System/Zone (1); Pump Facility (1); Consecutive Connection (1); Well (1),0,0,0,0,1,25,2025-05-15,44.5053446,-96.4239632
MN-07,MN1470002,Darwin,MN,350,120,GW,L,4,Distribution System/Zone (1); Well (2); Treatment Plant (1),4,0,2,0,26,24,2025-08-20,NA,NA
MN-07,MN1260007,Norcross,MN,50,29,GW,L,4,Distribution System/Zone (1); Well (2); Treatment Plant (1),10,0,8,0,85,24,2024-09-12,NA,NA
MN-07,MN1470011,Cosmos,MN,513,243,GW,L,4,Distribution System/Zone (1); Well (2); Treatment Plant (1),5,0,5,0,29,25,2024-12-23,NA,NA
MN-07,MN1450002,Argyle,MN,533,299,GW,L,5,Distribution System/Zone (1); Well (3); Treatment Plant (1),2,0,1,0,16,23,2024-12-18,NA,NA
MN-07,MN1730004,Belgrade,MN,745,344,GW,L,4,Distribution System/Zone (1); Well (2); Treatment Plant (1),1,1,0,0,5,21,2025-06-23,45.45357,-95.0043387
MN-07,MN1450008,Oslo,MN,242,186,GWP,L,2,Distribution System/Zone (1); Consecutive Connection (1),3,0,0,0,10,23,2024-06-04,48.1951183,-97.1291743
MN-07,MN1680015,Pine Ridge Estates,MN,110,31,GW,P,4,Common Headers (1); Distribution System/Zone (1); Well (2),3,1,2,0,17,16,2025-05-21,NA,NA
MN-07,MN1510003,Currie,MN,226,127,GW,L,4,Treatment Plant (1); Well (2); Distribution System/Zone (1),2,0,1,0,8,24,2024-11-13,NA,NA
MN-07,MN1510007,Iona,MN,162,93,GW,L,3,Treatment Plant (1); Well (1); Distribution System/Zone (1),5,1,1,0,24,25,2024-10-29,NA,NA
MN-07,MN1490006,Royalton,MN,1266,410,GW,L,7,Well (3); Treatment Plant (3); Distribution System/Zone (1),4,1,0,0,15,22,2025-07-14,NA,NA
MN-07,MN1450013,Holt,MN,84,22,GW,L,2,Well (1); Distribution System/Zone (1),3,0,0,0,16,15,2024-12-18,48.291949,-96.191097
MN-07,MN1800003,Verndale,MN,506,235,GW,L,4,Distribution System/Zone (1); Well (2); Treatment Plant (1),3,1,2,0,14,24,2025-10-22,NA,NA
MN-07,MN1510002,Chandler,MN,270,140,GW,L,5,Distribution System/Zone (1); Well (2); Treatment Plant (2),14,5,1,0,50,23,2024-12-10,NA,NA
MN-07,MN1570004,Basswood Mobile Home Park,MN,60,15,GW,P,3,Treatment Plant (1); Well (1); Distribution System/Zone (1),21,2,1,0,92,28,2025-12-03,NA,NA
MN-07,MN1680017,Parker Farms,MN,40,15,GW,P,2,Well (1); Distribution System/Zone (1),0,0,0,0,0,6,2024-09-10,48.9378733,-95.3264482
MN-07,MN1570006,Country Estates Mobile Home Park,MN,90,41,GW,P,2,Well (1); Distribution System/Zone (1),9,0,1,0,32,14,2025-06-16,NA,NA
MN-07,MN1210024,Lake Mary Villas,MN,37,14,GW,P,4,Common Headers (1); Well (2); Distribution System/Zone (1),23,14,11,0,78,2,2025-09-03,NA,NA
MN-07,MN1450005,Marshall-Polk Rural Water System,MN,3295,1455,GW,L,11,Well (6); Treatment Plant (3); Distribution System/Zone (1); Consecutive Connection (1),3,1,2,0,15,24,2024-06-26,48.1970757,-96.77346
MN-07,MN1410003,Lake Benton,MN,676,325,GWP,L,2,Consecutive Connection (1); Distribution System/Zone (1),0,0,0,0,1,23,2025-05-15,NA,NA
MN-07,MN1870011,Hazel Run,MN,61,28,GWP,L,2,Distribution System/Zone (1); Consecutive Connection (1),4,0,1,0,9,14,2025-02-04,NA,NA
MN-07,MN1560001,Battle Lake,MN,918,469,GW,L,5,Distribution System/Zone (1); Treatment Plant (2); Well (2),3,1,1,0,15,26,2024-09-06,NA,NA
MN-07,MN1720008,Winthrop,MN,1330,665,GW,L,6,Well (3); Treatment Plant (2); Distribution System/Zone (1),3,1,1,0,11,24,2023-12-12,NA,NA
MN-07,SD4600007,BIG STONE CITY,SD,412,283,GWP,L,2,Consecutive Connection (1); Storage (1),46,6,0,0,30,12,2023-10-23,NA,NA
MN-07,SD4600139,GARY,SD,240,150,GWP,L,2,Storage (1); Consecutive Connection (1),6,2,2,0,13,12,2023-12-22,NA,NA
NJ-11,NJ1918003,SPARTA TWP WATER UTILITY -- HIGHLANDS,NJ,1618,558,GW,L,13,Distribution System/Zone (1); Treatment Plant (4); Well (7); Sampling Station (1),145,13,2,0,110,22,2023-12-13,41.0399556,-74.6306229
NJ-11,NJ1432001,MORRIS COUNTY MUA,NJ,0,10,GW,L,19,Well (9); Treatment Plant (8); Sampling Station (1); Distribution System/Zone (1),66,5,0,0,33,16,2024-05-09,NA,NA
NJ-11,NJ1436006,ROXBURY TWP W DEPT-EVERGREEN,NJ,90,31,GW,L,5,Distribution System/Zone (1); Well (2); Sampling Station (1); Treatment Plant (1),17,0,0,0,11,11,2024-02-29,40.903998,-74.661101
NJ-11,NJ1426005,MOUNT ARLINGTON BORO DPW MAIN,NJ,1978,685,GWP,P,4,Distribution System/Zone (1); Consecutive Connection (2); Sampling Station (1),33,10,4,0,72,13,2026-01-14,40.9317745,-74.6302435
NJ-11,NJ1421305,SIGNATURE CARE HOME @ MONTVILLE,NJ,46,1,GW,P,4,Distribution System/Zone (1); Sampling Station (1); Treatment Plant (1); Well (1),58,18,4,0,95,34,2026-03-30,40.887297,-74.3419364
NJ-11,NJ1435001,HOFFMAN HOMES,NJ,120,80,GW,P,5,Distribution System/Zone (1); Sampling Station (1); Well (3),63,14,4,0,57,20,2025-08-26,NA,NA
NJ-11,NJ1422001,SISTERS OF CHARITY OF ST ELIZABETH,NJ,1100,17,GW,P,4,Well (1); Sampling Station (1); Treatment Plant (1); Distribution System/Zone (1),9,2,0,0,21,12,2024-04-26,NA,NA
NJ-11,NJ1413001,LAKESHORE COMPANY,NJ,270,97,GW,P,5,Well (2); Sampling Station (1); Treatment Plant (1); Distribution System/Zone (1),27,18,1,0,53,18,2025-09-04,NA,NA
NJ-11,NJ0706001,ESSEX FELLS WATER DEPT,NJ,2200,758,SWP,L,22,Sampling Station (1); Well (16); Treatment Plant (3); Distribution System/Zone (1); Consecutive Connection (1),60,4,1,0,56,21,2024-03-13,40.7435323,-74.4937084
NJ-11,NJ0715002,NORTH CALDWELL - HILLTOP,NJ,208,15,SWP,L,2,Distribution System/Zone (1); Consecutive Connection (1),20,1,0,0,44,12,2025-11-13,40.8605217,-74.2613494
NJ-11,NJ1416004,LINCOLN PARK JACKSONVILLE SYST,NJ,300,100,SWP,L,4,Consecutive Connection (2); Distribution System/Zone (1); Sampling Station (1),12,2,0,0,26,15,2025-07-17,40.9208755,-74.3044236
NJ-11,NJ0706002,ESSEX FELLS WATER HILLTOP SYSTEM,NJ,354,4,SWP,L,3,Distribution System/Zone (1); Consecutive Connection (2),12,3,0,0,23,14,2024-07-31,40.8296017,-74.2847193
NJ-11,NJ1414006,LOZIERS TRAILER PARK,NJ,50,34,GW,P,3,Distribution System/Zone (1); Sampling Station (1); Well (1),22,4,6,0,34,14,2025-07-23,40.6503888,-75.0828185
NJ-11,NJ1414016,JEFFERSON TWP W VASSAR ROAD,NJ,90,24,GW,P,5,Distribution System/Zone (1); Treatment Plant (1); Sampling Station (1); Well (2),125,53,1,0,205,16,2024-06-13,NA,NA
NJ-11,NJ1911002,LAKE STOCKHOLM INC,NJ,300,98,GW,P,5,Well (2); Sampling Station (1); Treatment Plant (1); Distribution System/Zone (1),61,13,0,0,129,17,2023-12-07,NA,NA
NJ-11,NJ1414008,OAK RIDGE MOBILE HOME PARK,NJ,100,54,GW,P,6,Distribution System/Zone (1); Well (2); Treatment Plant (2); Sampling Station (1),182,19,9,0,78,21,2025-07-25,NA,NA
NJ-11,NJ1431002,PEQUANNOCK TWP WD-CEDAR CREST,NJ,1463,14,SWP,L,3,Sampling Station (1); Distribution System/Zone (1); Consecutive Connection (1),16,0,0,0,35,15,2025-11-08,40.9646887,-74.2942553
NJ-11,NJ1415002,KINNELON WATER DEPT,NJ,1938,620,SWP,L,7,Sampling Station (1); Treatment Plant (2); Consecutive Connection (3); Distribution System/Zone (1),69,38,7,0,115,16,2026-02-05,40.9959037,-74.3788158
NJ-11,NJ1433001,RIVERDALE BORO WATER DEP,NJ,2850,1150,SWP,L,8,Well (1); Treatment Plant (1); Sampling Station (1); Consecutive Connection (4); Distribution System/Zone (1),52,1,0,0,28,21,2025-09-30,40.9891919,-74.3022459
NJ-11,NJ1415001,FAYSON LAKES WATER COMPANY INC,NJ,3010,860,GW,P,7,Sampling Station (1); Well (4); Treatment Plant (1); Distribution System/Zone (1),77,21,1,0,63,23,2025-07-29,40.9838168,-74.3474718
NJ-11,NJ1401002,BOONTON TWP WATER DEPT,NJ,305,107,SWP,L,5,Sampling Station (1); Distribution System/Zone (1); Consecutive Connection (3),35,22,0,0,36,15,2024-03-05,40.9125866,-74.4272513
GA-03,GA0450003,MOUNT ZION,GA,1691,630,SWP,L,2,Distribution System/Zone (1); Consecutive Connection (1),10,5,0,0,30,8,2026-03-10,NA,NA
GA-03,GA1130000,BROOKS,GA,595,124,SWP,L,2,Distribution System/Zone (1); Consecutive Connection (1),14,3,2,0,39,6,2025-07-17,NA,NA
GA-03,GA1130012,LONG`S MOBILE HOME PARK,GA,78,35,GW,P,3,Well (2); Distribution System/Zone (1),65,14,6,0,157,11,2023-08-31,NA,NA
GA-03,GA1130034,LINE CREEK ESTATES,GA,252,97,GW,P,4,Well (2); Treatment Plant (1); Distribution System/Zone (1),68,37,2,0,125,5,2025-06-12,34.0084482,-84.3605563
GA-03,GA1450000,HAMILTON,GA,2211,628,GW,L,7,Consecutive Connection (1); Distribution System/Zone (1); Well (3); Treatment Plant (2),19,13,0,0,33,12,2024-06-25,NA,NA
GA-03,GA1450002,SHILOH,GA,504,195,GW,L,5,Well (2); Treatment Plant (2); Distribution System/Zone (1),30,14,1,0,61,12,2026-02-18,NA,NA
GA-03,GA1450003,WAVERLY HALL,GA,746,316,GW,L,5,Distribution System/Zone (1); Treatment Plant (2); Well (2),89,17,0,0,60,11,2024-10-17,NA,NA
GA-03,GA1450005,PINE MOUNTAIN VALLEY,GA,1209,460,GW,L,7,Distribution System/Zone (1); Consecutive Connection (1); Spring (3); Treatment Plant (1); Well (1),4,2,0,0,10,10,2025-08-13,NA,NA
GA-03,GA1450006,"CALLAWAY GARDENS RESORTS, INC.",GA,2685,438,GW,P,10,Distribution System/Zone (1); Well (5); Treatment Plant (3); Spring (1),28,2,0,0,50,13,2024-10-24,NA,NA
GA-03,GA1450009,PINE MOUNTAIN CLUB CHALETS,GA,280,106,GW,P,5,Distribution System/Zone (1); Treatment Plant (2); Well (2),28,9,0,0,63,10,2023-10-27,32.8665879,-84.8554794
GA-03,GA2930048,UPSON CO.-LINCOLN PARK WS,GA,886,335,SWP,L,2,Consecutive Connection (1); Distribution System/Zone (1),19,7,1,0,49,9,2025-05-09,NA,NA
GA-03,GA0450004,ROOPVILLE,GA,252,97,GW,L,5,Well (3); Treatment Plant (1); Distribution System/Zone (1),33,14,1,0,82,7,2024-02-13,NA,NA
GA-03,GA0450007,WHITESBURG,GA,931,358,SWP,L,10,Treatment Plant (4); Well (4); Consecutive Connection (1); Distribution System/Zone (1),16,7,0,0,34,6,2026-02-10,NA,NA
GA-03,GA0450032,COOKS MOBILE HOME PARK,GA,108,40,GW,P,4,Distribution System/Zone (1); Treatment Plant (1); Well (2),31,3,0,0,75,7,2025-01-06,NA,NA
GA-03,GA0770001,GRANTVILLE,GA,3221,1239,SWP,L,2,Consecutive Connection (1); Distribution System/Zone (1),46,19,11,0,126,8,2024-12-05,33.2326513,-84.8391185
GA-03,GA0770004,TURIN,GA,671,258,GW,L,5,Distribution System/Zone (1); Consecutive Connection (1); Treatment Plant (2); Well (1),25,9,0,0,58,4,2024-04-24,NA,NA
GA-03,GA0770014,MEADOWVIEW SUBDIVISION,GA,146,56,GW,P,6,Distribution System/Zone (1); Well (4); Treatment Plant (1),63,32,2,0,106,6,2025-12-11,34.0084482,-84.3605563
GA-03,GA0770021,SOUTH OAKS MOBILE HOME PARK,GA,471,181,GW,P,5,Treatment Plant (2); Well (2); Distribution System/Zone (1),30,20,0,0,70,6,2023-11-01,33.9048696,-84.8267993
GA-03,GA0770030,SWEETBRIAR MOBILE HOME PARK,GA,270,290,GW,P,4,Well (2); Treatment Plant (1); Distribution System/Zone (1),32,12,1,0,75,7,2025-10-08,33.2961663,-83.9516093
GA-03,GA0770037,WEDGEWOOD ESTATES SUBDIVISION,GA,120,46,GW,P,4,Distribution System/Zone (1); Consecutive Connection (1); Well (1); Treatment Plant (1),45,16,1,0,111,5,2025-09-10,34.0084482,-84.3605563
GA-03,GA0770103,PINE HILL EST/HEARTHSTONE SUBDIVISION,GA,341,131,GW,P,4,Well (2); Treatment Plant (1); Distribution System/Zone (1),51,22,0,0,90,6,2025-12-11,34.0084482,-84.3605563
GA-03,GA0770114,ASPEN WOODS LAKE,GA,88,34,GW,P,5,Well (2); Treatment Plant (2); Distribution System/Zone (1),67,42,2,0,93,6,2025-12-11,34.0084482,-84.3605563
GA-03,GA0770117,THE GATES SUBDIVISION,GA,369,142,GW,P,4,Distribution System/Zone (1); Treatment Plant (1); Well (2),54,29,1,0,92,5,2024-09-05,34.0084482,-84.3605563
GA-03,GA0770119,PEACHTREE LANDING SUBDIVISION,GA,94,36,GW,P,3,Distribution System/Zone (1); Well (1); Treatment Plant (1),47,24,0,0,87,5,2024-09-05,34.0084482,-84.3605563
GA-03,GA1130009,ROLLING MEADOWS ESTATES,GA,299,115,GW,P,5,Distribution System/Zone (1); Well (3); Treatment Plant (1),7,3,0,0,14,5,2024-06-11,33.2961663,-83.9516093
GA-03,GA1130010,FOUR SEASONS MOBILE HOME PARK,GA,600,210,GW,P,5,Well (2); Treatment Plant (2); Distribution System/Zone (1),57,31,0,0,68,7,2026-03-26,NA,NA
GA-03,GA1130033,STARRS MILL RIDGE SUBDIVISION,GA,135,52,GW,P,3,Treatment Plant (1); Well (1); Distribution System/Zone (1),62,34,1,0,112,5,2025-06-12,34.0084482,-84.3605563
GA-03,GA1430001,BUCHANAN,GA,1326,489,SWP,L,2,Distribution System/Zone (1); Consecutive Connection (1),10,5,0,0,19,9,2024-09-30,NA,NA
GA-03,GA2550004,"PINE GLEN MOBILE HOME PARK LLC,",GA,303,116,GW,P,7,Treatment Plant (2); Well (2); Storage (2); Distribution System/Zone (1),60,53,0,0,49,5,2024-06-20,NA,NA
GA-03,GA2930054,STAGECOACH ESTATES,GA,46,17,GW,P,7,Distribution System/Zone (1); Treatment Plant (3); Well (3),50,35,2,0,121,6,2024-01-25,NA,NA
GA-03,GA2930017,GRACE NEAL & VESTAVIA SD,GA,729,270,GW,P,18,Distribution System/Zone (1); Treatment Plant (8); Well (9),11,7,0,0,29,8,2023-08-17,32.9240829,-84.3275995
GA-03,GA2930016,COUNTRY VILLAGE SUBDIVISION,GA,486,180,GW,P,11,Treatment Plant (5); Well (5); Distribution System/Zone (1),12,7,2,0,38,8,2023-08-17,32.9240829,-84.3275995
GA-03,GA2930015,BUFFINGTON,GA,170,63,GW,P,5,Well (2); Treatment Plant (2); Distribution System/Zone (1),8,2,0,0,24,10,2023-08-17,32.9240829,-84.3275995
GA-03,GA2310027,PIKE CO - RURAL DELVELOPMENT DIVISION,GA,1080,450,SWP,L,8,Consecutive Connection (3); Distribution System/Zone (1); Well (2); Treatment Plant (2),2,0,0,0,3,9,2024-04-26,34.8291609,-83.5708412
GA-03,GA2310026,STEPHENS PROPERTIES,GA,97,36,GW,P,3,Well (1); Treatment Plant (1); Distribution System/Zone (1),32,11,0,0,77,11,2025-03-04,NA,NA
GA-03,GA2310005,GA BAPTIST CHILDREN`S HOME - MEANSVILLE,GA,51,15,GW,P,4,Distribution System/Zone (1); Well (2); Treatment Plant (1),9,6,2,0,35,7,2023-11-21,NA,NA
GA-03,GA1710022,FULLERS COMMUNITY PARK,GA,127,47,GW,P,3,Distribution System/Zone (1); Treatment Plant (1); Well (1),49,10,3,0,144,10,2025-06-16,NA,NA
GA-03,GA1710001,MILNER,GA,2249,733,SWP,L,2,Consecutive Connection (1); Distribution System/Zone (1),26,11,11,0,58,11,2025-10-31,32.207924,-83.1755421
GA-03,GA1430010,WACO,GA,884,349,SWP,L,2,Distribution System/Zone (1); Consecutive Connection (1),34,16,2,0,78,10,2025-03-19,NA,NA
GA-03,GA2930009,ARROWHEAD LAKE WATER ASSOC.,GA,270,100,GW,P,3,Distribution System/Zone (1); Treatment Plant (1); Well (1),12,1,3,0,27,10,2026-02-10,32.8754527,-84.2908135
GA-03,GA2930002,YATESVILLE,GA,537,205,GW,L,5,Treatment Plant (2); Well (2); Distribution System/Zone (1),13,4,0,0,41,8,2023-08-10,34.8316056,-83.5714729
GA-03,GA2850131,CHEROKEE CLUB RESORT,GA,97,36,GW,P,4,Distribution System/Zone (1); Well (2); Treatment Plant (1),32,12,2,0,57,12,2025-12-10,NA,NA
GA-03,GA2850129,PINE MOUNTAIN MHP,GA,89,33,GW,P,5,Distribution System/Zone (1); Well (2); Treatment Plant (2),52,17,1,0,101,15,2025-11-12,NA,NA
GA-03,GA2550009,"PONDEROSA MHC, LLC",GA,234,90,GW,P,5,Treatment Plant (2); Well (2); Distribution System/Zone (1),51,33,0,0,60,6,2023-10-25,NA,NA
GA-03,GA2550006,SOUTH HAMPTON MOBILE HOME PARK,GA,566,214,GW,P,4,Distribution System/Zone (1); Consecutive Connection (1); Treatment Plant (1); Well (1),16,9,0,0,40,5,2024-11-05,NA,NA
GA-03,GA2550002,CUMBERLAND SPRINGS,GA,122,47,GW,P,3,Well (1); Treatment Plant (1); Distribution System/Zone (1),41,18,1,0,95,7,2024-11-13,NA,NA
GA-03,GA2310003,WILLIAMSON,GA,683,264,SWP,L,2,Consecutive Connection (1); Distribution System/Zone (1),23,11,1,0,70,10,2025-06-03,NA,NA
GA-03,GA2310002,MOLENA,GA,437,167,GW,L,4,Well (2); Treatment Plant (1); Distribution System/Zone (1),69,16,22,0,129,12,2025-04-10,NA,NA
GA-03,GA2310001,MEANSVILLE,GA,338,125,GW,L,7,Distribution System/Zone (1); Treatment Plant (3); Well (3),18,1,1,0,33,9,2025-09-03,NA,NA
GA-03,GA2310000,CONCORD,GA,751,315,GW,L,5,Distribution System/Zone (1); Spring (1); Consecutive Connection (1); Treatment Plant (1); Well (1),6,3,0,0,24,10,2024-10-30,NA,NA
GA-03,GA1990044,GAY,GA,194,103,GW,L,5,Well (2); Treatment Plant (2); Distribution System/Zone (1),4,4,1,0,6,12,2025-01-27,NA,NA
GA-03,GA1990009,ROOSEVELT WARM SPRINGS INST.,GA,493,65,GW,S,3,Treatment Plant (1); Well (1); Distribution System/Zone (1),6,2,0,0,16,8,2023-03-16,NA,NA
GA-03,GA1990005,WOODBURY,GA,961,591,SW,L,3,Intake (1); Treatment Plant (1); Distribution System/Zone (1),15,9,4,0,31,34,2024-11-07,NA,NA
GA-03,GA1990004,WARM SPRINGS,GA,1017,437,GW,L,3,Treatment Plant (1); Well (1); Distribution System/Zone (1),54,6,34,0,49,14,2024-10-23,NA,NA
GA-03,GA1990002,LUTHERSVILLE,GA,2468,732,GW,L,6,Well (3); Treatment Plant (2); Distribution System/Zone (1),96,65,0,0,90,14,2025-04-16,33.2064189,-84.7410443
GA-03,GA1990001,LONE OAK WATER SYSTEM,GA,307,120,GW,L,4,Distribution System/Zone (1); Treatment Plant (1); Well (2),141,30,6,0,134,14,2026-01-21,NA,NA
GA-03,GA1990000,GREENVILLE,GA,2013,602,SWP,L,2,Distribution System/Zone (1); Consecutive Connection (1),17,9,0,0,44,14,2025-04-16,NA,NA
GA-03,GA1490006,EPHESUS,GA,1000,530,SWP,L,4,Treatment Plant (1); Well (1); Distribution System/Zone (1); Consecutive Connection (1),31,2,3,0,46,10,2025-05-20,NA,NA
GA-03,GA1450001,PINE MOUNTAIN,GA,2135,870,GW,L,6,Treatment Plant (2); Well (3); Distribution System/Zone (1),23,16,0,0,27,15,2025-12-03,NA,NA
NJ-08,NJ0902001,EAST NEWARK W DEPT,NJ,2406,300,SWP,L,4,Distribution System/Zone (1); Consecutive Connection (2); Sampling Station (1),29,18,2,0,37,16,2024-12-13,40.7519627,-74.1591095
MI-05,MI0000910,BRONSON,MI,2421,839,GW,L,7,Distribution System/Zone (1); Storage (1); Treatment Plant (2); Sampling Station (1); Well (2),1,0,0,0,4,12,2025-09-24,41.871586,-85.194547
MI-05,MI0001000,BURR OAK,MI,828,352,GW,L,5,Storage (1); Distribution System/Zone (1); Well (2); Treatment Plant (1),76,2,0,0,56,11,2020-09-02,NA,NA
MI-05,MI0001050,CAMDEN,MI,512,225,GW,L,5,Distribution System/Zone (1); Storage (1); Well (2); Treatment Plant (1),6,0,0,0,19,15,2026-01-14,NA,NA
MI-05,MI0001540,COLON,MI,1190,712,GW,L,9,Storage (1); Distribution System/Zone (1); Treatment Plant (3); Well (4),27,0,0,0,25,12,2023-09-26,41.9588951,-85.3265424
MI-05,MI0003742,LAKESIDE ESTATES SUBDIVISION,MI,125,32,GW,P,4,Common Headers (1); Distribution System/Zone (1); Well (2),7,1,3,0,30,16,2020-09-29,NA,NA
MI-05,MI0003920,LITCHFIELD,MI,1310,563,GW,L,8,Storage (1); Distribution System/Zone (1); Treatment Plant (2); Well (4),7,0,2,0,17,12,2022-12-20,42.0432208,-84.7575594
MI-05,MI0005580,QUINCY,MI,1544,833,GW,L,5,Well (2); Treatment Plant (1); Storage (1); Distribution System/Zone (1),8,0,1,0,21,12,2026-02-18,41.9462644,-84.8873348
MI-05,MI0005620,READING,MI,1078,469,GW,L,8,Well (3); Treatment Plant (2); Distribution System/Zone (1); Storage (2),5,0,2,0,33,16,2024-05-06,41.840031,-84.747739
MI-05,MI0040068,CAMBRIDGE VILLAGE,MI,80,32,GW,P,4,Well (2); Distribution System/Zone (1); Common Headers (1),33,1,1,0,52,14,2025-06-18,NA,NA
MI-05,MI0040069,GRAND VILLAGE MOBILE HOME PARK,MI,50,20,GW,P,4,Common Headers (1); Well (2); Distribution System/Zone (1),12,1,8,0,48,12,2023-05-24,41.938989,-84.917845
MI-05,MI0040070,COUNTRYSIDE MOBILE COURT,MI,60,24,GW,P,6,Sampling Station (2); Treatment Plant (1); Well (2); Distribution System/Zone (1),13,1,2,0,61,15,2026-01-29,NA,NA
MI-05,MI0040071,MARBLE LAKE RESORT & MARINA,MI,72,29,GW,P,4,Well (2); Common Headers (1); Distribution System/Zone (1),36,1,2,0,55,13,2023-05-24,NA,NA
MI-05,MI0040074,AVRA ESTATES,MI,87,62,GW,P,8,Distribution System/Zone (2); Well (4); Common Headers (2),18,0,11,0,75,12,2026-01-29,41.938989,-84.917845
MI-05,MI0040076,SOMERSET MOBILE HOME PARK,MI,64,56,GW,P,4,Distribution System/Zone (1); Well (2); Common Headers (1),25,6,20,2,76,12,2024-11-19,41.94326,-85.0172219
MI-05,MI0040477,WASHBURN LAKE VILLAGE MHP,MI,108,43,GW,P,5,Distribution System/Zone (1); Storage (1); Common Headers (1); Well (2),75,0,11,1,65,15,2024-04-05,NA,NA
MI-05,MI0003490,JONESVILLE,MI,2258,871,GW,L,5,Storage (1); Distribution System/Zone (1); Well (2); Treatment Plant (1),5,0,0,0,9,14,2024-05-10,41.9797684,-84.6713174
MI-05,MI0040180,HILLSIDE ACRES,MI,48,42,GW,P,4,Distribution System/Zone (1); Well (2); Treatment Plant (1),19,1,5,0,75,12,2025-05-15,41.8830071,-84.7118721
MI-05,MI0040183,CREEKSIDE MHC,MI,70,28,GW,P,5,Well (2); Distribution System/Zone (1); Storage (1); Common Headers (1),6,0,2,0,25,13,2026-01-30,NA,NA
MI-05,MI0000030,ADDISON,MI,605,263,GW,L,6,Pump Facility (1); Well (2); Treatment Plant (1); Distribution System/Zone (1); Storage (1),20,4,5,0,59,25,2023-08-10,41.9855534,-84.3466097
MI-05,MI0000048,RICHLYN MANOR,MI,192,96,GW,P,5,Storage (1); Distribution System/Zone (1); Common Headers (1); Well (2),13,0,8,0,48,17,2026-03-11,41.9176103,-84.0659311
MI-05,MI0000750,BLISSFIELD,MI,3276,1555,SW,L,9,Intake (2); Pump Facility (2); Treatment Plant (1); Storage (2); Distribution System/Zone (1); Clear Well (1),30,20,6,0,36,34,2025-10-16,41.8316055,-83.8634107
MI-05,MI0000890,BRITTON,MI,611,275,GW,L,10,Storage (1); Distribution System/Zone (1); Well (5); Treatment Plant (3),11,0,1,0,40,20,2025-08-20,NA,NA
MI-05,MI0001648,COUNTRY LIVING ADULT FOSTER CARE,MI,56,40,GW,P,4,Distribution System/Zone (1); Common Headers (1); Well (2),7,0,1,0,21,10,2025-05-21,41.9148474,-84.5733762
MI-05,MI0002212,FAIRFIELD TOWNSHIP,MI,717,239,GWP,L,3,Distribution System/Zone (1); Storage (1); Consecutive Connection (1),2,0,0,0,4,14,2025-12-16,NA,NA
MI-05,MI0003280,HUDSON,MI,2307,960,GW,L,9,Distribution System/Zone (1); Storage (2); Pump Facility (1); Treatment Plant (1); Well (4),5,0,2,0,21,16,2023-05-23,41.8552167,-84.3550384
MI-05,MI0003692,LAKE ARROWHEAD ESTATES,MI,231,66,GW,L,5,Distribution System/Zone (1); Storage (1); Well (2); Treatment Plant (1),1,0,0,0,10,16,2023-10-06,NA,NA
MI-05,MI0004490,MORENCI,MI,2220,897,GW,L,8,Pump Facility (1); Distribution System/Zone (1); Storage (3); Well (2); Treatment Plant (1),12,1,6,0,41,19,2024-03-20,NA,NA
MI-05,MI0005020,ONSTED,MI,907,365,GW,L,11,Well (4); Treatment Plant (1); Pump Facility (3); Storage (2); Distribution System/Zone (1),10,4,0,0,23,20,2024-07-03,42.0061396,-84.1896835
MI-05,MI0005180,MAN NOR FARMS SUBDIVISION,MI,193,55,GW,L,5,Well (2); Treatment Plant (1); Distribution System/Zone (1); Storage (1),5,0,1,0,18,16,2023-10-06,41.8601591,-83.9326319
MI-05,MI0005675,RIGA TOWNSHIP,MI,266,133,SWP,L,2,Distribution System/Zone (1); Consecutive Connection (1),17,0,11,0,65,19,2023-11-17,41.8015831,-83.7856682
MI-05,MI0006850,WALDRON,MI,538,257,GW,L,5,Treatment Plant (1); Well (2); Storage (1); Distribution System/Zone (1),5,0,0,0,11,13,2026-03-16,41.7277047,-84.4191044
MI-05,MI0040181,STATE ROAD COUNTRY LIVING MHC,MI,73,29,GW,P,5,Storage (1); Distribution System/Zone (1); Well (2); Common Headers (1),6,1,1,0,20,13,2026-01-30,43.8935139,-85.2561419
MI-05,MI0040307,ROUND LAKE ESTATES,MI,30,39,GW,P,6,Distribution System/Zone (1); Storage (1); Common Headers (1); Well (3),6,0,0,0,21,16,2024-11-22,NA,NA
MI-05,MI0040308,LEE VILLA MOBILE HOME PARK,MI,283,113,GW,P,5,Well (2); Treatment Plant (1); Storage (1); Distribution System/Zone (1),10,0,1,0,29,18,2023-12-13,41.8957561,-84.0406432
MI-05,MI0040310,PARK VIEW COURT,MI,63,25,GW,P,5,Storage (1); Distribution System/Zone (1); Common Headers (1); Well (2),5,1,2,0,14,16,2025-11-21,41.9341595,-84.0048144
MI-05,MI0040311,LEFFINGWELL ESTATES,MI,210,84,GW,P,5,Common Headers (1); Storage (1); Distribution System/Zone (1); Well (2),4,0,1,0,17,13,2024-04-17,41.825573,-84.3613794
MI-05,MI0040554,BEAN CREEK RESORT,MI,112,72,GW,P,5,Well (2); Treatment Plant (1); Storage (1); Distribution System/Zone (1),12,0,3,0,51,21,2025-10-21,NA,NA
MI-05,MI0040673,WATERS EDGE MH COMMUNITY,MI,180,72,GW,P,5,Treatment Plant (1); Well (2); Distribution System/Zone (1); Storage (1),24,0,17,3,96,13,2025-09-15,41.8957561,-84.0406432
MI-05,MI0001770,DEERFIELD,MI,943,375,SW,L,5,Storage (2); Distribution System/Zone (1); Treatment Plant (1); Intake (1),130,1,91,0,171,28,2025-04-24,NA,NA
MI-05,MI0000260,ATHENS,MI,956,386,GW,L,6,Well (2); Treatment Plant (1); Storage (1); Distribution System/Zone (1); Pump Facility (1),9,1,2,0,35,16,2025-07-02,NA,NA
MI-05,MI0003220,HOMER,MI,1668,503,GW,L,8,Distribution System/Zone (1); Storage (1); Well (3); Treatment Plant (2); Sampling Station (1),13,5,2,0,24,15,2020-11-16,NA,NA
MI-05,MI0006562,TEKONSHA,MI,722,321,GW,L,4,Well (2); Storage (1); Distribution System/Zone (1),16,0,9,0,42,22,2025-12-09,NA,NA
MI-05,MI0006720,UNION CITY,MI,1630,665,GW,L,6,Distribution System/Zone (1); Storage (1); Treatment Plant (2); Well (2),3,0,1,0,18,17,2021-12-01,42.0656828,-85.1342028
MI-05,MI0040082,BIRCHWOOD ESTATES,MI,168,67,GW,P,6,Common Headers (1); Distribution System/Zone (1); Storage (1); Well (3),0,0,0,0,0,14,2025-08-21,NA,NA
MI-05,MI0040084,HICKORY HILLS,MI,708,283,GW,P,7,Distribution System/Zone (1); Storage (1); Treatment Plant (1); Well (4),4,0,1,0,19,16,2023-08-02,NA,NA
MI-05,MI0040091,MY PLACE AT TWIN VALLEY,MI,88,35,GW,P,6,Well (3); Treatment Plant (1); Distribution System/Zone (1); Storage (1),61,3,3,0,69,15,2025-12-09,NA,NA
MI-05,MI0040081,BELLEVUE MOBILE HOME PARK,MI,190,76,GW,P,7,Treatment Plant (1); Well (4); Distribution System/Zone (1); Storage (1),8,4,3,0,19,17,2025-08-12,NA,NA
MI-05,MI0040086,PHOENIX MOBILE HOME COURT,MI,82,33,GW,P,5,Common Headers (1); Distribution System/Zone (1); Storage (1); Well (2),11,0,2,1,45,12,2020-11-02,NA,NA
MI-05,MI0040184,SOMERSET CENTRE ESTATES,MI,368,147,GW,P,5,Common Headers (1); Well (2); Distribution System/Zone (1); Storage (1),6,0,0,0,18,11,2024-07-11,42.05261,-84.4599199
MI-05,MI0040230,SPRING VALLEY ESTATES,MI,117,99,GW,P,5,Distribution System/Zone (1); Storage (1); Well (2); Common Headers (1),4,1,2,0,17,13,2025-07-22,42.4848507,-83.4940122
MI-05,MI0040305,CLINTON ESTATES,MI,68,28,GW,P,5,Treatment Plant (1); Well (2); Distribution System/Zone (1); Storage (1),4,0,3,0,15,12,2023-07-28,41.9257178,-84.1042233
MI-05,MI0001400,CHIKAMING TOWNSHIP,MI,2825,2830,SWP,L,9,Consecutive Connection (1); Distribution System/Zone (1); Storage (3); Treatment Plant (2); Well (1); Pump Facility (1),32,0,3,0,32,22,2025-06-10,41.8724994,-86.6274
MI-05,MI0004685,NEW BUFFALO TOWNSHIP,MI,2845,995,SWP,L,7,Storage (1); Distribution System/Zone (1); Consecutive Connection (4); Treatment Plant (1),1,0,0,0,2,15,2025-04-22,41.8080841,-86.7155188
MI-05,MI0040060,SOUTHTOWN MHP,MI,160,64,GW,P,5,Distribution System/Zone (1); Well (2); Common Headers (2),8,0,5,1,44,10,2021-08-27,NA,NA
MI-05,MI0005970,SCHOOLCRAFT,MI,1405,594,GW,L,6,Storage (1); Distribution System/Zone (1); Sampling Station (1); Well (2); Treatment Plant (1),5,0,0,0,22,22,2025-03-05,42.1186054,-85.6371441
MI-05,MI0006465,SUN MEADOWS APARTMENTS,MI,98,53,GW,P,5,Well (2); Sampling Station (1); Distribution System/Zone (1); Common Headers (1),14,0,4,0,48,12,2021-07-12,42.6901955,-83.1337434
MI-05,MI0040256,SUGARLOAF MOBILE HOME PARK,MI,142,57,GW,P,4,Distribution System/Zone (1); Well (2); Common Headers (1),17,0,7,0,75,15,2024-12-06,NA,NA
MI-05,MI0004680,NEW BUFFALO,MI,1900,1700,SW,L,7,Treatment Plant (1); Pump Facility (2); Storage (2); Distribution System/Zone (1); Intake (1),2,0,0,0,7,39,2025-07-24,41.7930587,-86.7461786
MI-05,MI0000210,ANDREWS UNIVERSITY,MI,3000,1085,GWP,P,10,Distribution System/Zone (1); Storage (1); Consecutive Connection (1); Treatment Plant (3); Well (3); Sampling Station (1),8,0,1,0,28,15,2025-08-07,NA,NA
MI-05,MI0000420,BARODA,MI,910,222,SWP,L,3,Distribution System/Zone (1); Storage (1); Consecutive Connection (1),5,0,0,0,17,16,2025-08-22,NA,NA
MI-05,MI0000650,BERRIEN SPRINGS,MI,1910,816,GW,L,9,Well (4); Treatment Plant (3); Storage (1); Distribution System/Zone (1),14,0,2,0,31,20,2026-02-12,NA,NA
MI-05,MI0000850,BRIDGMAN,MI,2096,781,SW,L,10,Distribution System/Zone (1); Storage (3); Intake (1); Pump Facility (4); Treatment Plant (1),24,0,1,0,12,35,2026-03-24,41.941885,-86.55632
MI-05,MI0001655,COUNTRY ACRES HOMEOWNERS ASSOCIATION,MI,180,71,GW,P,5,Common Headers (1); Distribution System/Zone (1); Storage (1); Well (2),11,0,3,0,47,12,2025-06-25,NA,NA
MI-05,MI0002030,EAU CLAIRE,MI,610,240,GW,L,6,Storage (1); Distribution System/Zone (1); Well (3); Treatment Plant (1),12,0,1,0,45,15,2025-09-24,NA,NA
MI-05,MI0004750,NILES TOWNSHIP,MI,2270,868,GW,L,13,Common Headers (2); Well (6); Sampling Station (1); Storage (1); Distribution System/Zone (2); Consecutive Connection (1),33,2,2,0,35,20,2025-06-09,NA,NA
MI-05,MI0005034,ORONOKO TOWNSHIP,MI,1610,700,GWP,L,2,Consecutive Connection (1); Distribution System/Zone (1),11,0,1,0,20,10,2026-02-12,NA,NA
MI-05,MI0006600,THREE OAKS,MI,1622,833,GW,L,6,Distribution System/Zone (1); Storage (1); Well (3); Treatment Plant (1),9,0,3,0,17,17,2025-01-17,NA,NA
MI-05,MI0040057,HILLS HAVEN MOBILE HOME PARK,MI,235,94,GW,P,6,Distribution System/Zone (1); Well (4); Treatment Plant (1),16,1,3,0,69,21,2024-08-30,42.5161658,-83.3342929
MI-05,MI0040065,RIVERSIDE ESTATES,MI,218,87,GW,P,5,Well (3); Treatment Plant (1); Distribution System/Zone (1),5,1,1,0,27,14,2024-10-04,NA,NA
MI-05,MI0040067,ONTARIO PLACE,MI,248,154,GW,P,4,Well (2); Distribution System/Zone (1); Common Headers (1),4,0,2,0,15,11,2019-12-05,NA,NA
MI-05,MI0001250,CASSOPOLIS,MI,1815,842,GW,L,8,Well (2); Sampling Station (1); Treatment Plant (2); Consecutive Connection (1); Distribution System/Zone (1); Storage (1),15,4,3,0,41,19,2021-05-10,41.9120168,-86.0139496
MI-05,MI0001310,CENTREVILLE,MI,1579,495,GW,L,8,Distribution System/Zone (1); Storage (1); Well (3); Treatment Plant (3),23,0,0,0,14,17,2023-09-26,NA,NA
MI-05,MI0001600,CONSTANTINE,MI,2075,665,GW,L,5,Treatment Plant (1); Well (2); Distribution System/Zone (1); Storage (1),12,7,2,0,33,10,2020-09-29,41.8424167,-85.6674164
MI-05,MI0001910,AUTUMN HILLS,MI,50,23,GW,P,5,Common Headers (1); Well (2); Storage (1); Distribution System/Zone (1),39,12,27,0,60,12,2023-03-21,NA,NA
MI-05,MI0001925,EAGLE LAKE CONDOMINIUMS,MI,26,16,GW,P,5,Well (2); Treatment Plant (1); Distribution System/Zone (1); Storage (1),13,4,3,0,47,16,2022-03-22,NA,NA
MI-05,MI0002077,EDWARDSBURG,MI,1260,522,GW,L,5,Treatment Plant (1); Well (2); Distribution System/Zone (1); Storage (1),6,3,1,0,8,20,2024-02-06,NA,NA
MI-05,MI0003943,LOCKPORT TOWNSHIP,MI,1778,700,GW,L,5,Storage (1); Distribution System/Zone (1); Well (2); Common Headers (1),15,0,8,0,46,16,2025-07-30,NA,NA
MI-05,MI0004070,MARCELLUS,MI,1198,470,GW,L,6,Well (2); Treatment Plant (1); Pump Facility (1); Distribution System/Zone (1); Storage (1),1,0,0,0,9,16,2024-10-17,NA,NA
MI-05,MI0004095,RIVERFRONT CONDOS OF NILES,MI,90,36,GW,P,8,Distribution System/Zone (1); Storage (1); Sampling Station (3); Well (2); Common Headers (1),30,1,17,0,71,16,2024-10-16,NA,NA
MI-05,MI0005234,CASS COUNTY WATER SYSTEM,MI,1350,867,GW,L,8,Distribution System/Zone (1); Storage (1); Treatment Plant (2); Well (2); Sampling Station (1); Consecutive Connection (1),9,0,2,0,18,12,2021-07-15,NA,NA
MI-05,MI0005692,RIVERBROOKE HOMEOWNERS ASSOCIATION,MI,37,15,GW,P,5,Well (2); Common Headers (1); Distribution System/Zone (1); Storage (1),1,0,0,0,4,12,2026-01-16,NA,NA
MI-05,MI0007070,WHITE PIGEON,MI,1640,570,GW,L,10,Common Headers (1); Treatment Plant (3); Well (3); Storage (2); Distribution System/Zone (1),9,0,6,0,37,20,2023-10-12,NA,NA
MI-05,MI0040093,C & M MOBILE HOME COURT,MI,70,28,GW,P,6,Common Headers (1); Distribution System/Zone (2); Storage (1); Well (2),6,0,3,0,27,16,2025-10-13,42.5161658,-83.3342929
MI-05,MI0040094,COLONIAL ACRES,MI,265,106,GW,P,6,Distribution System/Zone (1); Storage (1); Common Headers (1); Well (3),7,0,2,0,28,17,2023-09-28,NA,NA
MI-05,MI0040098,LINDEN MOBILE HOME PARK,MI,92,57,GW,P,5,Well (2); Storage (1); Distribution System/Zone (1); Common Headers (1),2,1,0,0,16,16,2025-10-15,NA,NA
MI-05,MI0040100,MARLIN VILLAGE MOBILE HOME PARK,MI,95,38,GW,P,5,Treatment Plant (1); Well (2); Storage (1); Distribution System/Zone (1),6,0,3,0,30,12,2023-06-22,NA,NA
MI-05,MI0040103,EAGLE LAKE ESTATES MHP,MI,230,92,GW,P,5,Storage (2); Distribution System/Zone (1); Well (2),3,0,1,0,11,13,2023-10-19,NA,NA
MI-05,MI0040104,RUSTIC ACRES PARK,MI,108,70,GW,P,4,Common Headers (1); Storage (1); Distribution System/Zone (1); Well (1),5,0,4,0,28,15,2023-10-02,NA,NA
MI-05,MI0040469,HICKORY LANE MOBILE HOME PARK,MI,80,32,GW,P,5,Common Headers (1); Storage (1); Distribution System/Zone (1); Well (2),14,1,1,0,52,12,2025-12-16,41.7215058,-85.8100298
MI-05,MI0040476,GOLDEN POND ESTATES,MI,102,41,GW,P,5,Well (2); Common Headers (1); Distribution System/Zone (1); Storage (1),8,3,3,0,22,12,2021-11-30,NA,NA
MI-05,MI0040598,COUNTRY VIEW MOBILE HOME COMMUNITY,MI,55,42,GW,P,5,Distribution System/Zone (1); Storage (1); Common Headers (1); Well (2),2,0,0,0,8,17,2025-10-15,43.066855,-86.1542467
MI-05,MI0001552,COLONY BAY CONDOMINIUMS,MI,75,25,GWP,P,2,Consecutive Connection (1); Distribution System/Zone (1),14,10,1,0,47,14,2024-08-08,NA,NA
MI-05,MI0040470,MEMORY LANE MOBILE HOME PARK,MI,340,227,GW,P,5,Storage (1); Distribution System/Zone (1); Well (2); Common Headers (1),5,0,1,0,13,13,2025-08-06,NA,NA
MI-05,MI0002657,GLEN OAKS COMMUNITY COLLEGE,MI,1233,36,GW,P,12,Common Headers (1); Well (5); Sampling Station (1); Treatment Plant (1); Distribution System/Zone (2); Storage (2),7,0,1,0,24,12,2022-06-02,41.893289,-85.506834
MI-05,MI0004240,MENDON,MI,920,365,GW,L,9,Treatment Plant (3); Well (2); Distribution System/Zone (1); Storage (2); Pump Facility (1),18,3,2,0,85,19,2020-11-24,42.0068677,-85.4519818
MI-05,MI0040471,KLINES RESORT,MI,398,159,GW,P,8,Storage (1); Distribution System/Zone (1); Well (5); Treatment Plant (1),6,2,2,0,18,11,2026-03-31,NA,NA
MI-05,MI0040472,MICHIANA MOBILE HOME PARK,MI,100,40,GW,P,5,Common Headers (1); Well (2); Storage (1); Distribution System/Zone (1),7,0,2,0,23,15,2024-07-19,NA,NA
MI-05,MI0040061,MEADOW STREAMS ESTATES,MI,293,161,GW,P,10,Well (4); Treatment Plant (3); Storage (2); Distribution System/Zone (1),18,2,5,0,58,17,2023-02-16,NA,NA
MI-05,MI0006800,VICKSBURG,MI,2906,1104,GW,L,4,Well (2); Storage (1); Distribution System/Zone (1),6,1,1,0,30,15,2025-02-26,NA,NA
MI-05,MI0040253,PORTAGE TERRACE,MI,202,81,GW,P,4,Well (2); Treatment Plant (1); Distribution System/Zone (1),14,0,2,0,53,12,2025-03-17,NA,NA
MI-05,MI0004647,NAZARENE CAMP,MI,648,259,GW,P,6,Storage (1); Distribution System/Zone (1); Treatment Plant (1); Well (3),19,2,5,0,48,17,2023-01-19,NA,NA
MI-05,MI0002730,GRAND BEACH,MI,272,485,SWP,L,4,Distribution System/Zone (1); Storage (1); Pump Facility (1); Consecutive Connection (1),3,0,2,0,22,15,2025-10-15,41.773602,-86.7919701
MI-05,MI0006435,BEDFORD MEADOWS,MI,156,78,GW,P,5,Storage (1); Distribution System/Zone (1); Well (2); Treatment Plant (1),3,2,0,0,11,15,2025-06-25,41.6837212,-83.6230173
MI-05,MI0007063,WHITEFORD TOWNSHIP,MI,303,121,GU,L,4,Distribution System/Zone (1); Well (2); Treatment Plant (1),50,0,0,0,17,5,2023-11-15,NA,NA
MI-05,MI0005290,PETERSBURG,MI,1115,548,SWP,L,4,Storage (1); Distribution System/Zone (1); Pump Facility (1); Consecutive Connection (1),17,0,9,0,53,15,2024-07-11,41.9010233,-83.7144615
MI-05,MI0005750,ROCKWOOD,MI,3240,1012,SWP,L,2,Distribution System/Zone (1); Consecutive Connection (1),3,0,0,0,7,14,2026-03-18,42.0661602,-83.2520545
MI-05,MI0006130,SOUTH ROCKWOOD,MI,1587,569,SWP,L,2,Consecutive Connection (1); Distribution System/Zone (1),4,1,3,0,13,14,2024-08-19,NA,NA
MI-05,MI0040594,NORTHFIELD ESTATES,MI,1620,648,GW,P,9,Storage (1); Distribution System/Zone (1); Well (6); Treatment Plant (1),2,0,0,0,6,14,2025-04-22,NA,NA
MI-05,MI0040242,SHERMAN OAKS,MI,915,366,GW,P,7,Well (3); Common Headers (2); Storage (1); Distribution System/Zone (1),5,0,2,0,20,16,2025-06-12,42.5161658,-83.3342929
MI-05,MI0040240,MY PLACE AT PLEASANT LAKE,MI,145,58,GW,P,5,Common Headers (1); Well (2); Storage (1); Distribution System/Zone (1),10,0,6,0,43,19,2025-12-10,NA,NA
MI-05,MI0040233,INDIAN VILLAGE,MI,394,300,GW,P,5,Storage (1); Distribution System/Zone (1); Well (2); Treatment Plant (1),1,0,0,0,8,23,2026-02-18,42.2191872,-84.3561718
MI-05,MI0040231,HILLANLAKE VILLAGE,MI,372,151,GW,P,5,Well (2); Treatment Plant (1); Distribution System/Zone (1); Storage (1),2,0,1,0,14,22,2026-01-22,NA,NA
MI-05,MI0040226,MICHIGAN AVENUE ESTATES,MI,75,40,GW,P,5,Well (2); Common Headers (1); Distribution System/Zone (1); Storage (1),20,0,6,0,83,14,2025-07-01,NA,NA
MI-05,MI0040225,COACHMANS COVE,MI,388,250,GW,P,5,Storage (1); Distribution System/Zone (1); Treatment Plant (1); Well (2),8,0,0,0,27,17,2025-03-06,NA,NA
MI-05,MI0040223,ARBOR VILLAGE,MI,670,265,GW,P,5,Well (2); Treatment Plant (1); Storage (1); Distribution System/Zone (1),14,3,3,0,38,28,2025-01-14,NA,NA
MI-05,MI0005204,"PARMA, VILLAGE OF",MI,768,390,GW,L,5,Storage (1); Distribution System/Zone (1); Well (2); Treatment Plant (1),3,0,0,0,10,15,2024-09-23,42.2589521,-84.6001234
MI-05,MI0004890,SOUTH SHORE WATER SYSTEM,MI,488,244,GW,L,6,Storage (1); Distribution System/Zone (1); Well (3); Treatment Plant (1),13,6,2,0,30,16,2023-11-17,NA,NA
MI-05,MI0004605,NAPOLEON TOWNSHIP,MI,444,148,GW,L,5,Distribution System/Zone (1); Storage (1); Well (2); Common Headers (1),5,0,0,0,17,16,2025-08-28,NA,NA
MI-05,MI0003837,LEONI TOWNSHIP,MI,1893,757,GW,L,9,Distribution System/Zone (1); Storage (1); Well (4); Treatment Plant (3),7,0,0,0,24,21,2025-10-15,42.2236703,-84.3265374
MI-05,MI0003751,LAKESHORE CONDOMINIUMS,MI,38,19,GW,P,5,Treatment Plant (1); Well (2); Distribution System/Zone (1); Storage (1),8,1,3,0,26,15,2025-11-05,NA,NA
MI-05,MI0002830,GRASS LAKE,MI,1986,636,GW,L,5,Distribution System/Zone (1); Storage (1); Well (2); Treatment Plant (1),4,0,0,0,11,15,2025-02-12,NA,NA
MI-05,MI0001658,WILLOWS ON TWIN PONDS,MI,147,98,GW,P,7,Common Headers (1); Storage (3); Distribution System/Zone (1); Well (2),28,0,2,0,49,12,2024-06-13,NA,NA
MI-05,MI0001470,CLINTON,MI,2336,878,GW,L,5,Well (2); Treatment Plant (1); Distribution System/Zone (1); Storage (1),31,2,1,0,37,20,2023-09-20,42.0723695,-83.9712614
MI-05,MI0000920,BROOKLYN,MI,1313,616,GW,L,6,Pump Facility (1); Distribution System/Zone (1); Storage (1); Well (2); Treatment Plant (1),4,0,0,0,9,16,2023-05-04,NA,NA
MI-05,MI0000236,ARBOR RIDGE CONDOMINIUMS,MI,58,26,GW,P,5,Storage (1); Distribution System/Zone (1); Treatment Plant (1); Well (2),31,0,7,0,95,16,2024-07-23,42.231124,-84.4933316
MI-05,MI0040090,TWIN PINES MOBILE HOME PARK,MI,182,73,GW,P,5,Common Headers (1); Storage (1); Distribution System/Zone (1); Well (2),20,1,2,0,63,13,2026-02-05,NA,NA
MI-05,MI0006250,SPRINGPORT,MI,800,293,GW,L,7,Distribution System/Zone (1); Storage (1); Treatment Plant (2); Well (3),9,1,0,0,23,17,2025-09-24,NA,NA
MI-05,MI0005205,PARMA TOWNSHIP-AMBERTON VILL.,MI,378,108,GW,L,5,Common Headers (1); Distribution System/Zone (1); Storage (1); Well (2),11,0,4,0,38,17,2025-07-09,NA,NA
MI-05,MI0001580,CONCORD,MI,1050,599,GW,L,7,Distribution System/Zone (1); Storage (1); Well (3); Treatment Plant (2),7,0,3,0,23,21,2024-09-18,42.17809,-84.6444104
MI-13,MI0002910,GROSSE POINTE SHORES,MI,2929,1080,SWP,L,2,Distribution System/Zone (1); Consecutive Connection (1),5,0,0,0,12,12,2021-11-02,42.4367543,-82.8767671
MI-13,MI0005840,ROYAL OAK TOWNSHIP,MI,1869,763,SWP,L,2,Consecutive Connection (1); Distribution System/Zone (1),1,1,0,0,2,11,2019-07-25,NA,NA
SD-AL,SD4600077,BUFFALO GAP,SD,126,93,GW,L,4,Storage (2); Treatment Plant (1); Well (1),206,51,22,2,310,16,2025-11-20,NA,NA
SD-AL,SD4602209,ROCK RIDGE COURT,SD,74,33,GW,P,3,Well (1); Storage (2),242,2,2,0,614,5,2025-10-30,NA,NA
SD-AL,SD4602084,RIMROCK RIDGE WATER ASSOCIATION,SD,35,16,GW,P,4,Well (1); Treatment Plant (1); Storage (2),49,12,4,0,37,9,2023-11-30,NA,NA
SD-AL,SD4602311,CANYON SPRINGS WATER AND SEWER DISTR,SD,163,65,GW,P,5,Storage (1); Treatment Plant (2); Well (2),0,0,0,0,0,5,2025-10-29,NA,NA
SD-AL,SD4600875,SPEARFISH MEADOWS,SD,87,30,GW,P,4,Storage (2); Treatment Plant (1); Well (1),169,75,11,1,93,11,2025-04-09,44.0607974,-103.1920322
SD-AL,SD4600040,VALLEY VIEW WATER COMPANY,SD,248,99,GW,P,4,Storage (2); Well (1); Treatment Plant (1),29,2,4,0,57,10,2026-04-01,NA,NA
SD-AL,SD4600014,PRAIRIE ACRES LLC,SD,350,119,GW,P,4,Well (1); Treatment Plant (1); Storage (2),57,8,2,1,92,11,2024-03-15,NA,NA
SD-AL,SD4600225,NISLAND,SD,206,117,GW,L,3,Storage (1); Well (1); Treatment Plant (1),224,22,14,1,214,15,2025-10-09,NA,NA
SD-AL,SD4600316,WALNUT PARK,SD,180,72,GW,P,3,Treatment Plant (1); Well (1); Storage (1),76,3,10,2,123,11,2025-05-14,44.4888608,-103.7889364
SD-AL,SD4600415,VALE SANITARY DISTRICT,SD,120,60,GWP,P,1,Consecutive Connection (1),43,12,6,0,96,14,2023-04-28,NA,NA
SD-AL,SD4602005,BOULDER PARK WATER USERS ASSOCIATION,SD,200,85,GW,P,7,Well (2); Treatment Plant (2); Storage (3),35,1,4,0,19,9,2026-03-04,NA,NA
SD-AL,SD4602204,COUNTRY ROAD ESTATES,SD,112,45,GW,P,3,Treatment Plant (1); Well (1); Storage (1),79,0,0,0,159,6,2025-01-16,NA,NA
SD-AL,SD4602172,PLEASANT VALLEY HOMEOWNERS ASSOCIATI,SD,48,22,GW,P,3,Well (1); Treatment Plant (1); Storage (1),111,2,4,0,39,8,2023-12-01,NA,NA
SD-AL,SD4602001,SUNNYSIDE MOBILE HOME PARK II,SD,235,94,GW,P,4,Storage (2); Treatment Plant (1); Well (1),34,3,4,0,31,9,2024-06-20,NA,NA
SD-AL,SD4600915,CROOKED OAKS CANYON HOMEOWNERS,SD,70,28,GW,P,3,Well (1); Treatment Plant (1); Storage (1),22,2,10,0,34,10,2025-10-29,NA,NA
SD-AL,SD4600884,PRAIRIE ACRES NORTH,SD,288,115,GW,P,4,Well (1); Treatment Plant (1); Storage (2),102,2,5,1,55,11,2025-04-04,NA,NA
SD-AL,SD4600877,FAIRBURN WATER ASSOCIATION,SD,65,24,GWP,L,2,Consecutive Connection (1); Storage (1),46,14,9,0,104,11,2022-07-05,NA,NA
SD-AL,SD4600513,THRALL MTN. PROPERTY OWNERS ASSOCIAT,SD,70,28,GW,P,4,Well (1); Treatment Plant (1); Storage (2),40,5,2,0,30,9,2025-10-29,NA,NA
SD-AL,SD4600428,PRAIRIE ACRES SOUTH,SD,170,68,GW,P,3,Well (1); Treatment Plant (1); Storage (1),127,8,6,1,51,10,2025-04-04,NA,NA
SD-AL,SD4600395,HIGH MEADOWS WATER COMPANY,SD,140,54,GW,P,3,Storage (1); Well (1); Treatment Plant (1),15,3,2,0,38,10,2024-05-28,NA,NA
SD-AL,SD4600041,PINE HILLS PARK,SD,200,119,GWP,P,1,Consecutive Connection (1),102,21,11,1,180,11,2024-09-18,44.1748189,-103.334257
SD-AL,SD4602314,BUTTE-MEADE SWD-VALE WELL,SD,357,143,GW,L,4,Well (1); Treatment Plant (1); Storage (2),0,0,0,0,0,5,2024-05-03,NA,NA
SD-AL,SD4600036,BATESLAND,SD,148,59,SWP,L,2,Consecutive Connection (1); Storage (1),346,22,21,0,607,12,2024-06-03,NA,NA
SD-AL,SD4600086,CHAMBERLAIN,SD,2473,1015,SW,L,5,Storage (3); Treatment Plant (1); Intake (1),24,2,9,0,50,12,2026-04-15,NA,NA
SD-AL,SD4600094,COLOME,SD,323,190,GW,L,5,Consecutive Connection (1); Storage (1); Well (2); Treatment Plant (1),34,3,3,0,76,12,2024-04-17,NA,NA
SD-AL,SD4600182,KENNEBEC,SD,265,183,SWP,L,1,Consecutive Connection (1),34,4,14,0,41,11,2023-01-12,NA,NA
SD-AL,SD4600250,PUKWANA,SD,267,120,SWP,L,2,Storage (1); Consecutive Connection (1),31,5,2,0,74,11,2025-09-03,43.8180129,-99.327043
SD-AL,SD4600373,WINNER,SD,2921,1613,GW,L,10,Storage (2); Well (7); Treatment Plant (1),12,4,3,0,32,12,2023-12-05,NA,NA
SD-AL,SD4600028,ARMOUR,SD,698,380,SWP,L,2,Consecutive Connection (1); Storage (1),5,0,4,0,13,12,2024-02-28,NA,NA
SD-AL,SD4600334,TRIPP,SD,575,334,GW,L,8,Well (3); Treatment Plant (2); Storage (3),92,16,3,0,67,10,2025-08-12,NA,NA
SD-AL,SD4600245,PLANKINTON,SD,782,410,SWP,L,2,Storage (1); Consecutive Connection (1),23,6,13,0,59,12,2025-02-28,NA,NA
SD-AL,SD4600318,STICKNEY,SD,321,179,SWP,L,2,Consecutive Connection (1); Storage (1),5,2,0,0,10,12,2024-02-13,NA,NA
SD-AL,SD4600116,ELK POINT,SD,2124,897,GW,L,5,Well (2); Treatment Plant (1); Storage (2),41,3,1,0,85,11,2023-08-09,NA,NA
SD-AL,SD4600347,VOLIN,SD,161,73,SWP,L,2,Consecutive Connection (1); Storage (1),10,2,0,0,17,9,2025-08-25,NA,NA
SD-AL,SD4600386,BERESFORD,SD,2359,1065,GWP,L,3,Consecutive Connection (1); Storage (2),2,2,0,0,0,10,2025-08-14,NA,NA
SD-AL,SD4600412,TIMBERLAND PARK,SD,95,45,SWP,P,1,Consecutive Connection (1),77,24,8,0,160,9,2024-03-01,42.8661686,-97.437205
SD-AL,SD4600217,MONTROSE,SD,468,170,GWP,L,2,Storage (1); Consecutive Connection (1),131,3,6,0,107,9,2024-02-07,43.701152,-97.183857
SD-AL,SD4600340,VALLEY SPRINGS,SD,925,355,GW,L,4,Well (2); Treatment Plant (1); Storage (1),12,5,5,0,23,11,2025-03-10,NA,NA
SD-AL,SD4600130,FORT PIERRE,SD,2236,1250,SWP,L,2,Storage (1); Consecutive Connection (1),15,5,4,0,37,11,2026-03-10,NA,NA
SD-AL,SD4600197,MCINTOSH,SD,111,120,GW,L,3,Treatment Plant (1); Well (1); Storage (1),32,5,10,0,81,15,2024-01-15,45.9223478,-101.3500381
SD-AL,SD4600504,RICHMOND HEIGHTS HOMEOWNERS ASSOCIAT,SD,67,25,SWP,P,1,Consecutive Connection (1),16,11,0,0,25,11,2026-03-25,45.5034043,-98.5576648
SD-AL,SD4602224,WR/LJ - NORTH STANLEY COUNTY,SD,2492,999,SWP,P,11,Storage (4); Consecutive Connection (1); Pump Facility (6),1,0,0,0,2,4,2023-04-25,NA,NA
SD-AL,SD4600030,AMHERST WATER COMPANY,SD,40,16,GWP,P,1,Consecutive Connection (1),17,9,2,0,29,11,2025-10-16,NA,NA
SD-AL,SD4600162,HOSMER,SD,164,142,SWP,L,4,Consecutive Connection (1); Storage (2); Well (1),9,5,2,0,17,9,2022-12-06,NA,NA
SD-AL,SD4600331,TOLSTOY,SD,36,44,SWP,L,1,Consecutive Connection (1),94,15,14,0,111,11,2025-01-21,NA,NA
SD-AL,SD4600411,TIMBER LAKE,SD,499,210,GW,L,9,Treatment Plant (4); Well (4); Storage (1),103,2,1,0,205,10,2023-11-29,NA,NA
SD-AL,SD4600361,WESSINGTON,SD,170,127,SWP,L,2,Storage (1); Consecutive Connection (1),48,5,3,0,43,11,2024-05-08,NA,NA
SD-AL,SD4600376,WOONSOCKET,SD,618,330,GW,L,5,Well (2); Treatment Plant (2); Storage (1),61,8,6,0,145,11,2025-03-27,NA,NA
SD-AL,SD4600501,MINA LAKE SANITARY DISTRICT,SD,863,350,SWP,L,2,Storage (1); Consecutive Connection (1),19,10,4,0,44,12,2024-11-13,NA,NA
SD-AL,SD4600019,JOBEE ACRES,SD,108,31,SWP,P,1,Consecutive Connection (1),44,28,2,0,67,13,2026-03-27,NA,NA
SD-AL,SD4600022,LAKESIDE ESTATES,SD,460,184,SWP,P,3,Storage (2); Consecutive Connection (1),31,7,1,0,57,12,2024-10-30,NA,NA
SD-AL,SD4600096,CONDE,SD,142,112,SWP,L,2,Consecutive Connection (1); Storage (1),20,9,4,0,38,11,2024-04-29,NA,NA
SD-AL,SD4600227,NORTHVILLE,SD,143,60,SWP,L,5,Consecutive Connection (1); Storage (4),33,22,4,0,51,12,2025-05-15,45.1555206,-98.5831966
SD-AL,SD4600408,STRATFORD,SD,57,47,SWP,L,1,Consecutive Connection (1),34,14,3,0,80,11,2026-02-17,45.3170659,-98.303413
SD-AL,SD4602042,HURON COLONY,SD,95,18,GW,P,4,Well (2); Treatment Plant (1); Storage (1),322,47,5,0,448,10,2024-05-08,44.5639973,-98.2072967
SD-AL,SD4602125,PRAIRIEWOOD PROPERTY OWNERS,SD,300,120,SWP,P,3,Storage (2); Consecutive Connection (1),9,0,4,0,20,10,2024-11-13,NA,NA
SD-AL,SD4602064,FORDHAM COLONY,SD,142,23,GW,P,3,Storage (1); Treatment Plant (1); Well (1),72,10,18,0,173,11,2024-10-29,NA,NA
SD-AL,SD4602377,NORTH BROOKINGS WATER AND SANITARY D,SD,48,21,GWP,P,1,Consecutive Connection (1),0,0,0,0,0,2,2024-05-24,44.3447264,-96.7854209
SD-AL,SD4600091,CLARK,SD,1148,635,GWP,L,3,Storage (2); Consecutive Connection (1),7,3,1,0,19,11,2024-02-21,44.87796,-97.7333985
SD-AL,SD4600113,EDEN,SD,94,61,SWP,L,3,Consecutive Connection (1); Storage (2),47,17,6,0,74,13,2025-08-11,NA,NA
SD-AL,SD4600186,LAKE CITY,SD,45,30,GWP,L,1,Consecutive Connection (1),122,15,5,0,45,11,2024-02-26,NA,NA
SD-AL,SD4600203,MARVIN,SD,19,20,GW,L,3,Storage (1); Well (1); Treatment Plant (1),236,16,7,0,640,13,2025-06-26,NA,NA
SD-AL,SD4600237,PEEVER,SD,140,62,GWP,L,3,Storage (2); Consecutive Connection (1),10,2,0,0,5,11,2025-10-16,NA,NA
SD-AL,SD4600371,WILMOT,SD,432,280,GWP,L,2,Consecutive Connection (1); Storage (1),55,3,4,0,31,11,2025-09-18,NA,NA
SD-AL,SD4602025,SUNSET COLONY,SD,140,24,GW,P,6,Storage (3); Treatment Plant (1); Well (2),151,25,28,0,194,11,2025-09-30,NA,NA
SD-AL,SD4602358,COLLINS COLONY,SD,95,24,GW,P,6,Well (2); Treatment Plant (1); Storage (3),53,0,0,0,106,5,2025-11-13,NA,NA
SD-AL,MN1780001,Browns Valley,MN,566,203,GW,L,4,Well (2); Treatment Plant (1); Distribution System/Zone (1),4,0,4,0,27,23,2025-09-23,NA,NA
SD-AL,MN1060008,Ortonville,MN,2021,1081,GW,L,4,Well (2); Treatment Plant (1); Distribution System/Zone (1),13,2,0,0,32,23,2023-11-13,NA,NA
SD-AL,MN1370006,Nassau,MN,60,40,GWP,L,2,Consecutive Connection (1); Distribution System/Zone (1),1,0,0,0,4,18,2026-03-09,NA,NA
SD-AL,MN1670007,Rock County Rural Water System,MN,2919,821,SWP,L,18,Consecutive Connection (2); Distribution System/Zone (1); Well (12); Treatment Plant (1); Pump Facility (2),4,2,0,0,19,23,2025-05-28,NA,NA
SD-AL,SD4600065,BRENTFORD,SD,88,25,SWP,L,1,Consecutive Connection (1),23,3,3,0,55,12,2024-01-19,NA,NA
SD-AL,SD4602345,CAMROSE COLONY,SD,80,8,GW,P,4,Well (1); Treatment Plant (1); Storage (2),22,0,0,0,45,3,2023-09-27,NA,NA
SD-AL,SD4600081,CANOVA,SD,89,56,GW,L,3,Storage (1); Treatment Plant (1); Well (1),49,8,9,0,52,13,2024-09-25,NA,NA
SD-AL,SD4600087,CHANCELLOR,SD,266,134,GWP,L,1,Consecutive Connection (1),9,3,3,0,25,13,2025-03-06,NA,NA
SD-AL,SD4600009,CORONA,SD,69,55,GWP,L,1,Consecutive Connection (1),49,10,0,0,63,13,2025-08-27,NA,NA
SD-AL,SD4600629,COUNTRY CLUB ESTATES,SD,83,33,GW,P,3,Treatment Plant (1); Well (1); Storage (1),42,8,1,0,43,10,2024-06-12,43.4433602,-103.4780162
SD-AL,SD4600021,COUNTRY VILLAGE PARK,SD,340,168,SWP,P,3,Storage (2); Consecutive Connection (1),29,16,1,0,64,12,2024-05-29,NA,NA
SD-AL,SD4600099,CRESBARD,SD,96,85,SWP,L,2,Storage (1); Consecutive Connection (1),6,4,2,0,8,12,2023-10-17,NA,NA
SD-AL,SD4600102,DALLAS,SD,89,81,GWP,L,2,Consecutive Connection (1); Storage (1),7,5,0,0,13,12,2024-04-17,43.2384804,-99.5147063
SD-AL,SD4600108,DOLAND,SD,199,157,SWP,L,4,Consecutive Connection (1); Storage (2); Treatment Plant (1),14,4,3,1,26,11,2026-02-11,NA,NA
SD-AL,SD4600110,DUPREE,SD,525,221,SWP,L,1,Consecutive Connection (1),16,1,5,0,35,13,2026-01-15,NA,NA
SD-AL,SD4602099,"EAST WINDS COURT, INC.",SD,180,63,SWP,P,4,Consecutive Connection (1); Storage (3),12,2,1,0,26,9,2024-03-01,42.8739385,-97.5094898
SD-AL,SD4600118,EMERY,SD,480,228,SWP,L,2,Consecutive Connection (1); Storage (1),10,6,2,0,18,12,2024-02-14,NA,NA
SD-AL,SD4600120,ETHAN,SD,320,163,SWP,L,1,Consecutive Connection (1),9,3,1,0,24,10,2022-08-17,NA,NA
SD-AL,SD4602050,EVERGREEN COLONY,SD,120,20,GW,P,6,Storage (4); Well (1); Treatment Plant (1),23,6,5,0,32,7,2023-06-01,NA,NA
SD-AL,SD4600128,FLORENCE,SD,337,151,GWP,L,2,Storage (1); Consecutive Connection (1),23,12,2,1,46,11,2024-11-22,NA,NA
SD-AL,SD4600133,FREDERICK,SD,215,131,SWP,L,2,Storage (1); Consecutive Connection (1),11,5,1,0,30,12,2023-10-24,NA,NA
SD-AL,SD4600135,FRUITDALE,SD,75,31,GWP,L,1,Consecutive Connection (1),46,11,31,1,86,11,2024-12-13,44.668341,-103.696941
SD-AL,SD4600137,GARDEN CITY,SD,33,43,GWP,L,3,Consecutive Connection (1); Storage (2),102,7,5,1,223,11,2025-08-26,44.960484,-97.5818327
SD-AL,SD4600140,GAYVILLE,SD,392,175,GWP,L,2,Consecutive Connection (1); Storage (1),17,7,2,0,38,12,2024-12-20,NA,NA
SD-AL,SD4602213,GOLDEN HILLS HOMES,SD,47,19,GW,P,3,Storage (1); Well (1); Treatment Plant (1),3,0,1,0,7,7,2025-01-10,NA,NA
SD-AL,SD4600425,GREEN ACRES ASSOCIATION,SD,55,24,SWP,P,3,Storage (2); Consecutive Connection (1),11,4,0,0,27,11,2025-01-28,NA,NA
SD-AL,SD4600146,GRENVILLE,SD,48,51,SWP,L,1,Consecutive Connection (1),46,19,3,0,95,11,2023-11-21,NA,NA
SD-AL,SD4600153,HENRY,SD,256,101,GWP,L,1,Consecutive Connection (1),29,6,4,0,70,12,2024-03-21,NA,NA
SD-AL,SD4680003,HOT SPRINGS VA CENTER,SD,445,60,GW,F,5,Treatment Plant (1); Well (1); Storage (3),76,5,0,0,31,11,2023-11-15,43.4370277,-103.4766612
SD-AL,SD4600165,HOWARD,SD,848,493,GWP,L,2,Consecutive Connection (1); Storage (1),13,8,0,0,30,12,2026-01-06,NA,NA
SD-AL,SD4600166,HUDSON,SD,332,163,GWP,L,2,Storage (1); Consecutive Connection (1),13,8,3,0,22,14,2025-08-25,NA,NA
SD-AL,SD4600174,IROQUOIS,SD,292,162,GWP,L,1,Consecutive Connection (1),6,4,2,0,12,12,2025-01-16,NA,NA
SD-AL,SD4600175,ISABEL,SD,145,135,SWP,L,1,Consecutive Connection (1),103,7,56,0,183,12,2023-11-29,NA,NA
SD-AL,SD4600176,JAVA,SD,121,68,SWP,L,2,Storage (1); Consecutive Connection (1),18,7,7,0,37,13,2025-04-08,NA,NA
SD-AL,SD4600060,JEFFERSON,SD,475,235,GW,L,5,Well (2); Treatment Plant (1); Storage (1); Other (1),37,4,5,0,25,11,2023-08-09,NA,NA
SD-AL,SD4600187,LAKE NORDEN,SD,554,280,GW,L,12,Storage (4); Well (7); Treatment Plant (1),6,2,1,0,23,12,2025-09-17,NA,NA
SD-AL,SD4600398,LAKE PRESTON,SD,589,332,GWP,L,2,Consecutive Connection (1); Storage (1),16,5,4,0,39,13,2024-10-23,NA,NA
SD-AL,SD4600189,LANGFORD,SD,283,176,GWP,L,3,Consecutive Connection (1); Storage (2),4,2,1,0,7,12,2024-03-19,NA,NA
SD-AL,SD4600190,LEAD-DEADWOOD SANITARY DISTRICT,SD,0,2,SW,L,21,Treatment Plant (2); Intake (18); Storage (1),44,6,6,0,87,10,2023-06-29,NA,NA
SD-AL,SD4600196,LETCHER,SD,159,105,SWP,L,2,Consecutive Connection (1); Storage (1),27,11,4,0,44,11,2026-04-09,NA,NA
SD-AL,SD4600518,LIBERTY HILLS COMMUNITY,SD,68,27,GW,P,4,Well (1); Treatment Plant (1); Storage (2),37,12,2,0,26,10,2024-04-23,NA,NA
SD-AL,SD4600198,MCLAUGHLIN,SD,569,297,SWP,L,2,Storage (1); Consecutive Connection (1),4,2,0,0,5,11,2023-09-06,NA,NA
SD-AL,SD4600204,MELLETTE,SD,205,118,SWP,L,3,Storage (2); Consecutive Connection (1),10,2,1,0,32,12,2026-03-27,NA,NA
SD-AL,SD4600212,MISSION HILL,SD,190,78,SWP,L,1,Consecutive Connection (1),19,10,4,0,45,11,2024-06-30,NA,NA
SD-AL,SD4600218,MORRISTOWN,SD,47,35,GW,L,6,Well (3); Treatment Plant (1); Storage (2),142,9,24,0,271,11,2023-09-06,45.9345239,-101.7213087
SD-AL,SD4600013,NEW EFFINGTON,SD,247,127,GWP,L,3,Storage (2); Consecutive Connection (1),20,4,1,0,46,12,2024-07-11,NA,NA
SD-AL,SD4602081,NEWDALE COLONY,SD,119,31,GW,P,6,Treatment Plant (1); Well (1); Storage (4),46,9,7,0,95,12,2025-04-23,44.2391338,-96.5264422
SD-AL,SD4602342,NORTHWOOD FIRST SUBDIVISION,SD,90,39,SWP,P,3,Consecutive Connection (1); Storage (2),4,0,0,0,9,5,2024-11-13,NA,NA
SD-AL,SD4600230,OELRICHS,SD,117,75,GWP,L,2,Consecutive Connection (1); Storage (1),28,2,12,0,84,11,2024-03-28,NA,NA
SD-AL,SD4602351,PARAMOUNT POINT,SD,40,16,GW,P,5,Well (2); Treatment Plant (1); Storage (2),0,0,0,0,0,5,2026-03-03,43.425312,-103.4673032
SD-AL,SD4602073,PEARL CREEK COLONY,SD,94,32,GW,P,3,Storage (2); Well (1),61,19,10,0,86,9,2023-09-26,NA,NA
SD-AL,SD4600238,PHILIP,SD,759,480,SWP,L,1,Consecutive Connection (1),34,9,24,0,72,12,2023-07-21,NA,NA
SD-AL,SD4600241,PIERPONT,SD,129,74,GWP,L,3,Storage (2); Consecutive Connection (1),10,5,0,0,30,11,2026-03-25,NA,NA
SD-AL,SD4602086,PLEASANT VALLEY COLONY,SD,107,19,GW,P,6,Storage (3); Other (1); Well (2),109,12,16,0,152,12,2023-08-03,NA,NA
SD-AL,SD4600404,PLEASANT VALLEY ESTATES,SD,105,42,SWP,P,1,Consecutive Connection (1),13,3,4,0,41,11,2026-03-31,NA,NA
SD-AL,SD4600247,POLLOCK,SD,229,220,SWP,L,3,Storage (2); Consecutive Connection (1),11,4,0,0,26,9,2025-09-17,NA,NA
SD-AL,SD4600396,PROVO AREA WATER SYSTEM,SD,25,15,GW,L,2,Storage (1); Well (1),218,15,31,0,438,11,2022-06-21,NA,NA
SD-AL,SD4602352,RED WILLOW COLONY,SD,93,24,GW,P,6,Storage (4); Treatment Plant (1); Well (1),25,0,0,0,74,6,2024-10-10,45.8195842,-96.709183
SD-AL,SD4600508,RIVERSIDE MOBILE HOME COURT,SD,75,34,GWP,P,1,Consecutive Connection (1),70,19,29,0,123,11,2025-04-10,44.523022,-103.8993885
SD-AL,SD4600284,ROSLYN,SD,181,103,SWP,L,3,Consecutive Connection (1); Storage (2),32,19,1,0,48,12,2024-11-22,NA,NA
SD-AL,SD4600292,SENECA,SD,25,20,SWP,L,3,Storage (2); Consecutive Connection (1),17,4,6,0,35,11,2026-04-14,45.0606242,-99.507466
SD-AL,SD4602089,SPRING CREEK SANITARY DISTRICT,SD,465,301,SWP,L,4,Storage (1); Consecutive Connection (3),28,16,5,0,34,9,2023-11-08,NA,NA
SD-AL,SD4600327,TABOR,SD,423,209,SWP,L,2,Consecutive Connection (1); Storage (1),6,2,1,0,18,11,2024-10-15,NA,NA
SD-AL,SD4600023,THE MEADOWS,SD,80,42,SWP,P,3,Storage (2); Consecutive Connection (1),113,8,5,0,104,12,2022-08-10,NA,NA
SD-AL,SD4600333,TRENT,SD,206,112,GWP,L,2,Consecutive Connection (2),60,10,5,0,59,11,2024-11-19,NA,NA
SD-AL,SD4600335,TULARE,SD,211,136,SWP,L,3,Storage (2); Consecutive Connection (1),25,6,4,0,42,12,2023-11-29,NA,NA
SD-AL,SD4602077,UPLAND COLONY,SD,198,36,GW,P,3,Well (1); Treatment Plant (1); Storage (1),161,15,6,0,209,12,2025-06-06,NA,NA
SD-AL,SD4600338,UTICA,SD,65,36,SWP,L,2,Storage (1); Consecutive Connection (1),17,3,5,0,36,10,2024-07-17,NA,NA
SD-AL,SD4600300,VALLEY VIEW ESTATES,SD,230,92,GW,P,3,Storage (1); Treatment Plant (1); Well (1),15,3,6,0,45,10,2024-02-07,NA,NA
SD-AL,SD4600341,VEBLEN,SD,317,123,GWP,L,2,Consecutive Connection (1); Storage (1),88,8,4,1,93,11,2024-10-16,NA,NA
SD-AL,SD4600349,WAKONDA,SD,276,163,GWP,L,2,Consecutive Connection (1); Storage (1),8,2,3,1,16,10,2024-12-20,NA,NA
SD-AL,SD4600179,WESTPORT SANITARY DISTRICT,SD,88,40,SWP,L,1,Consecutive Connection (1),12,5,4,1,24,9,2024-01-18,NA,NA
SD-AL,SD4602094,WHISPERING WILLOWS,SD,64,35,GWP,P,1,Consecutive Connection (1),58,8,4,0,53,10,2024-09-16,NA,NA
SD-AL,SD4600367,WHITE RIVER,SD,533,264,SWP,L,3,Consecutive Connection (1); Storage (2),26,11,5,0,47,11,2023-11-13,NA,NA
SD-AL,SD4600088,CHESTER SANITARY DISTRICT,SD,363,141,GWP,L,2,Storage (1); Consecutive Connection (1),40,3,0,0,24,10,2025-12-22,NA,NA
SD-AL,SD4600004,ALCESTER,SD,820,445,GWP,L,2,Storage (1); Consecutive Connection (1),11,4,0,0,28,13,2026-04-08,NA,NA
SD-AL,SD4600031,AVON,SD,590,315,SWP,L,2,Consecutive Connection (1); Storage (1),10,3,0,0,26,12,2024-10-15,NA,NA
SD-AL,SD4600034,BALTIC,SD,1271,532,GWP,L,2,Consecutive Connection (1); Storage (1),32,21,1,0,51,13,2025-03-10,NA,NA
SD-AL,SD4600008,BOWDLE,SD,470,285,SWP,L,3,Storage (2); Consecutive Connection (1),12,6,4,0,22,13,2025-04-08,NA,NA
SD-AL,SD4600388,BRITTON,SD,1215,673,GWP,L,3,Consecutive Connection (1); Storage (2),34,2,2,0,36,11,2023-10-25,45.7912506,-97.7632096
SD-AL,SD4600079,BURKE,SD,575,400,GWP,L,3,Storage (2); Consecutive Connection (1),2,2,0,0,2,12,2023-12-05,NA,NA
SD-AL,SD4600080,CANISTOTA,SD,642,310,GWP,L,2,Consecutive Connection (1); Storage (1),13,3,1,0,31,12,2025-03-07,NA,NA
SD-AL,SD4600002,CASTLEWOOD,SD,698,328,GWP,L,2,Consecutive Connection (1); Storage (1),68,7,4,0,46,11,2025-07-18,NA,NA
SD-AL,SD4600085,CENTERVILLE,SD,918,435,GWP,L,3,Consecutive Connection (1); Storage (2),73,13,6,0,61,10,2024-04-12,NA,NA
SD-AL,SD4600092,CLEAR LAKE,SD,1218,610,GWP,L,2,Consecutive Connection (1); Storage (1),4,2,0,0,13,12,2024-12-23,NA,NA
SD-AL,SD4600093,COLMAN,SD,634,354,GWP,L,2,Storage (1); Consecutive Connection (1),53,5,5,0,41,11,2025-04-17,NA,NA
SD-AL,SD4600390,COLTON,SD,738,334,GWP,L,2,Storage (1); Consecutive Connection (1),47,6,4,0,38,10,2025-06-11,NA,NA
SD-AL,SD4600391,CROOKS,SD,1362,545,GWP,L,2,Consecutive Connection (1); Storage (1),48,8,0,0,29,11,2023-08-03,43.6539129,-96.8123252
SD-AL,SD4600101,CUSTER,SD,1919,1200,GW,L,13,Treatment Plant (4); Well (4); Storage (5),39,2,0,0,15,10,2023-11-08,43.7677826,-103.5990186
SD-AL,SD4600059,DE SMET,SD,1056,619,GW,L,3,Treatment Plant (1); Well (1); Storage (1),53,3,6,0,61,11,2025-09-25,NA,NA
SD-AL,SD4600114,EDGEMONT,SD,725,506,GW,L,4,Treatment Plant (1); Well (2); Storage (1),206,51,17,1,269,13,2024-05-29,NA,NA
SD-AL,SD4600121,EUREKA,SD,813,591,SWP,L,7,Well (1); Treatment Plant (1); Pump Facility (1); Storage (2); Other (1); Consecutive Connection (1),10,4,4,0,16,13,2024-07-22,NA,NA
SD-AL,SD4600127,FLANDREAU,SD,2372,1079,GWP,L,3,Storage (2); Consecutive Connection (1),10,2,3,0,22,10,2023-08-03,44.0452541,-96.6111766
SD-AL,SD4600134,FREEMAN,SD,1329,611,SWP,L,3,Consecutive Connection (1); Storage (2),13,7,2,0,25,11,2025-09-03,NA,NA
SD-AL,SD4600145,GREGORY,SD,1221,741,GW,L,25,Storage (3); Well (21); Treatment Plant (1),34,4,2,1,51,12,2023-12-05,NA,NA
SD-AL,SD4600155,HERREID,SD,416,275,SWP,L,2,Consecutive Connection (1); Storage (1),10,4,2,0,23,12,2025-04-24,NA,NA
SD-AL,SD4600159,HILL CITY,SD,872,525,GW,L,7,Storage (3); Well (2); Treatment Plant (2),100,5,4,0,84,11,2024-06-20,NA,NA
SD-AL,SD4600164,HOVEN,SD,346,240,SWP,L,2,Consecutive Connection (1); Storage (1),45,6,8,0,39,11,2025-09-17,NA,NA
SD-AL,SD4600184,KIMBALL,SD,572,348,SWP,L,3,Consecutive Connection (1); Storage (2),9,2,3,0,18,12,2023-10-20,NA,NA
SD-AL,SD4600193,LENNOX,SD,2571,1200,GWP,L,3,Consecutive Connection (1); Storage (2),8,3,2,0,18,13,2025-06-24,NA,NA
SD-AL,SD4600194,LEOLA,SD,434,280,SWP,L,3,Consecutive Connection (1); Storage (2),11,4,3,2,26,12,2022-12-06,NA,NA
SD-AL,SD4600205,MENNO,SD,614,374,SWP,L,3,Treatment Plant (1); Consecutive Connection (1); Storage (1),7,2,0,0,13,10,2023-12-20,NA,NA
SD-AL,SD4600211,MILLER,SD,1349,856,SWP,L,3,Consecutive Connection (1); Storage (2),11,8,2,0,17,10,2023-01-03,44.5170074,-98.9890885
SD-AL,SD4600220,MOUNT VERNON,SD,461,204,SWP,L,1,Consecutive Connection (1),13,3,6,0,27,11,2024-12-19,NA,NA
SD-AL,SD4600221,MURDO,SD,475,312,SWP,L,3,Consecutive Connection (1); Storage (2),11,2,2,0,29,11,2025-12-08,NA,NA
SD-AL,SD4600222,NEWELL,SD,583,378,GW,L,7,Storage (3); Treatment Plant (2); Well (2),22,8,6,0,47,11,2024-11-26,NA,NA
SD-AL,SD4600233,ONIDA,SD,658,410,SWP,L,2,Consecutive Connection (1); Storage (1),65,31,16,0,86,11,2025-01-28,NA,NA
SD-AL,SD4600236,PARKSTON,SD,1567,817,SWP,L,2,Storage (1); Consecutive Connection (1),20,5,4,0,45,11,2024-02-28,NA,NA
SD-AL,SD4600246,PLATTE,SD,1256,692,SWP,L,3,Consecutive Connection (1); Storage (2),11,2,5,0,29,11,2025-10-29,NA,NA
SD-AL,SD4600288,SALEM,SD,1325,663,GW,L,7,Well (3); Treatment Plant (1); Storage (3),34,2,5,0,41,10,2026-04-09,NA,NA
SD-AL,SD4600291,SELBY,SD,645,367,SWP,L,4,Treatment Plant (1); Storage (2); Consecutive Connection (1),31,6,5,2,64,12,2025-05-06,NA,NA
SD-AL,SD4600310,SISSETON,SD,2479,950,GW,L,7,Storage (2); Treatment Plant (3); Well (2),5,5,0,0,10,11,2024-05-22,45.6639171,-97.053599
SD-AL,SD4600337,TYNDALL,SD,1012,537,SWP,L,3,Consecutive Connection (1); Storage (2),4,2,2,0,7,12,2024-10-15,NA,NA
SD-AL,SD4600343,VIBORG,SD,814,450,GWP,L,1,Consecutive Connection (1),19,7,6,1,45,10,2024-06-30,NA,NA
SD-AL,SD4600417,WALL,SD,699,460,GW,L,11,Consecutive Connection (1); Well (5); Treatment Plant (5),28,2,3,0,76,11,2023-11-14,43.9929377,-102.2216187
SD-AL,SD4600418,WARNER,SD,485,187,SWP,L,3,Storage (2); Consecutive Connection (1),10,6,1,0,26,11,2024-10-30,NA,NA
SD-AL,SD4600362,WESSINGTON SPRINGS,SD,895,405,GW,L,6,Storage (3); Well (2); Treatment Plant (1),7,3,1,0,15,10,2025-03-03,NA,NA
SD-AL,SD4600377,WORTHING,SD,939,378,GWP,L,2,Storage (1); Consecutive Connection (1),56,10,7,0,77,10,2024-06-11,NA,NA
SD-AL,SD4600948,PINE GROVE,SD,425,150,GW,P,2,Storage (1); Well (1),13,1,4,0,20,8,2025-05-20,NA,NA
SD-AL,SD4600624,PINE LAKE HILLS,SD,320,91,GW,P,6,Well (3); Treatment Plant (1); Storage (2),22,2,4,0,43,10,2024-05-20,NA,NA
SD-AL,SD4600620,ROLLING MEADOWS,SD,83,33,SWP,P,1,Consecutive Connection (1),7,3,1,0,28,11,2023-01-06,45.4966512,-98.4872931
SD-AL,SD4600297,SKYLINE HEIGHTS,SD,110,44,SWP,P,1,Consecutive Connection (1),22,3,5,0,31,10,2024-01-30,NA,NA
SD-AL,SD4602154,"TMT, INC.",SD,250,54,SWP,P,1,Consecutive Connection (1),6,1,3,0,13,9,2025-05-06,NA,NA
SD-AL,SD4600025,ALPENA,SD,212,132,SWP,L,2,Consecutive Connection (1); Storage (1),29,6,7,0,45,11,2024-01-31,NA,NA
SD-AL,SD4600032,BADGER,SD,105,68,GWP,L,2,Consecutive Connection (1); Storage (1),15,3,4,0,29,13,2025-03-20,NA,NA
SD-AL,SD4600039,BISON,SD,310,228,SWP,L,3,Consecutive Connection (1); Storage (2),45,3,6,0,63,12,2024-08-01,NA,NA
SD-AL,SD4600044,BLUNT,SD,350,194,SWP,L,2,Consecutive Connection (1); Storage (1),80,18,4,0,70,13,2025-04-11,NA,NA
SD-AL,SD4600067,BRISTOL,SD,288,168,SWP,L,2,Consecutive Connection (1); Storage (1),16,5,4,0,35,12,2023-11-20,45.3467189,-97.7520689
SD-AL,SD4600090,CLAREMONT,SD,108,61,GWP,L,3,Consecutive Connection (1); Storage (2),39,15,0,0,81,11,2023-09-28,NA,NA
SD-AL,SD4600106,DELMONT,SD,153,100,SWP,L,2,Consecutive Connection (1); Storage (1),11,2,4,0,26,9,2023-01-19,NA,NA
SD-AL,SD4600115,EGAN,SD,241,125,GWP,L,2,Storage (1); Consecutive Connection (1),32,9,11,1,74,11,2025-12-22,NA,NA
SD-AL,SD4600151,HAYTI,SD,393,240,GWP,L,2,Consecutive Connection (1); Storage (1),11,6,2,0,25,13,2025-01-17,NA,NA
SD-AL,SD4600161,HITCHCOCK,SD,112,74,SWP,L,3,Storage (2); Consecutive Connection (1),8,4,3,0,19,13,2023-11-29,NA,NA
SD-AL,SD4600167,HUMBOLDT,SD,579,273,GWP,L,2,Consecutive Connection (1); Storage (1),18,5,5,0,39,11,2025-06-11,NA,NA
SD-AL,SD4600168,HURLEY,SD,379,212,GWP,L,1,Consecutive Connection (1),30,7,6,0,51,10,2024-03-28,NA,NA
SD-AL,SD4601082,KEYSTONE,SD,349,249,GW,L,15,Pump Facility (2); Treatment Plant (5); Well (5); Storage (3),16,0,4,0,32,11,2024-10-15,NA,NA
SD-AL,SD4600195,LESTERVILLE,SD,115,58,SWP,L,2,Storage (1); Consecutive Connection (1),41,10,3,0,98,10,2025-09-03,NA,NA
SD-AL,SD4600012,MIDLAND,SD,120,92,SWP,L,2,Consecutive Connection (1); Storage (1),53,2,12,0,57,11,2024-06-07,NA,NA
SD-AL,SD4600252,RAMONA,SD,159,107,GWP,L,2,Storage (1); Consecutive Connection (1),151,6,3,0,301,11,2026-01-12,NA,NA
SD-AL,SD4600282,ROSCOE,SD,269,200,SWP,L,6,Storage (2); Other (1); Consecutive Connection (1); Treatment Plant (1); Well (1),7,4,2,0,14,12,2024-09-25,NA,NA
SD-AL,SD4600286,SAINT LAWRENCE,SD,198,107,SWP,L,3,Storage (2); Consecutive Connection (1),115,42,14,0,98,12,2025-01-22,NA,NA
SD-AL,SD4602068,SOUTH SHORE,SD,189,66,GW,L,3,Treatment Plant (1); Well (1); Storage (1),52,14,22,1,105,12,2025-06-26,NA,NA
SD-AL,SD4600407,SPENCER,SD,170,68,SWP,L,2,Consecutive Connection (1); Storage (1),33,4,4,0,36,11,2025-01-30,NA,NA
SD-AL,SD4600350,WALLACE,SD,91,43,GWP,L,1,Consecutive Connection (1),54,14,7,0,50,12,2024-11-23,45.0862795,-97.480747
SD-AL,SD4600351,WARD,SD,41,28,GW,L,3,Treatment Plant (1); Well (1); Storage (1),96,3,1,0,112,8,2024-08-28,44.1547022,-96.459087
SD-AL,SD4600419,WENTWORTH,SD,181,73,GWP,L,2,Consecutive Connection (2),35,24,0,0,44,12,2024-12-16,NA,NA
SD-AL,SD4600364,WHITE,SD,499,257,GWP,L,2,Consecutive Connection (1); Storage (1),7,3,1,0,13,10,2025-01-29,NA,NA
SD-AL,SD4600375,WOLSEY,SD,459,235,SWP,L,3,Storage (2); Consecutive Connection (1),48,34,5,0,72,10,2022-12-20,NA,NA
SD-AL,SD4600185,LAKE ANDES,SD,710,353,SWP,L,2,Consecutive Connection (1); Storage (1),21,4,8,1,45,11,2026-04-08,NA,NA
SD-AL,SD4602143,HAY CREEK WATER COMPANY,SD,323,134,GWP,P,2,Consecutive Connection (1); Storage (1),25,9,6,0,44,9,2024-05-03,NA,NA
SD-AL,SD4600368,WHITEWOOD,SD,879,499,GW,L,4,Storage (2); Treatment Plant (1); Well (1),45,35,0,0,13,12,2024-08-28,44.4607921,-103.6388361
SD-AL,SD4600511,KINGBROOK II RURAL WATER SYSTEM,SD,2715,1556,GW,P,15,Storage (4); Well (10); Treatment Plant (1),3,2,1,0,3,13,2024-08-20,NA,NA
SD-AL,SD4600881,CLARK RURAL WATER SYSTEM,SD,2325,1080,GW,P,13,Storage (5); Treatment Plant (1); Well (7),34,0,1,0,6,12,2023-08-29,NA,NA
SD-AL,SD4602185,CLAY RWS/SOUTH UNION,SD,1447,579,GW,P,5,Storage (2); Well (2); Treatment Plant (1),157,5,0,0,195,6,2024-04-15,NA,NA
SD-AL,SD4600874,KINGBROOK III RURAL WATER SYSTEM,SD,2888,1155,GW,P,13,Well (6); Treatment Plant (1); Storage (6),0,0,0,0,0,12,2022-07-26,NA,NA
SD-AL,SD4600878,HANSON RURAL WATER SYSTEM,SD,2685,1074,SWP,P,7,Consecutive Connection (2); Storage (5),4,2,0,0,14,11,2024-08-21,NA,NA
SD-AL,SD4600621,AURORA-BRULE RURAL WATER SYSTEM,SD,2750,1100,SW,P,11,Consecutive Connection (1); Intake (1); Storage (8); Treatment Plant (1),42,3,5,0,23,10,2026-04-15,NA,NA
SD-AL,SD4602228,PERKINS COUNTY RURAL WATER,SD,470,188,SWP,P,2,Consecutive Connection (1); Storage (1),2,0,0,0,4,6,2023-09-19,NA,NA
SD-AL,SD4602334,BEAR BUTTE VALLEY WATER,SD,882,353,GW,P,6,Storage (3); Treatment Plant (1); Well (2),2,0,0,0,6,4,2025-12-09,NA,NA
SD-AL,SD4602156,WR/LJ - CREIGHTON PROJECT,SD,1170,338,GW,P,14,Storage (4); Other (1); Treatment Plant (4); Well (4); Pump Facility (1),0,0,0,0,0,7,2026-04-15,NA,NA
SD-AL,SD4600112,TRI-COUNTY RURAL WATER SYSTEM,SD,2190,876,SW,P,33,Treatment Plant (1); Storage (25); Pump Facility (6); Intake (1),66,5,15,0,157,12,2024-11-04,NA,NA
SD-AL,SD4600154,HERMOSA-OLD SYSTEM,SD,420,277,GW,L,4,Storage (2); Treatment Plant (1); Well (1),14,5,1,0,34,11,2024-10-16,NA,NA
SD-AL,SD4600202,MARTIN,SD,1500,460,GW,L,7,Storage (3); Well (2); Treatment Plant (2),53,11,7,0,51,13,2025-09-09,NA,NA
SD-AL,SD4602201,FALL RIVER WUD,SD,1057,423,GW,L,10,Storage (4); Well (2); Treatment Plant (2); Pump Facility (2),64,0,3,0,136,5,2023-12-04,NA,NA
SD-AL,SD4600223,BUTTE-MEADE SWD-BEAN WELL,SD,1481,642,GW,L,6,Storage (4); Treatment Plant (1); Well (1),35,3,32,0,67,10,2024-05-03,NA,NA
SD-AL,SD4602164,LEAD,SD,2982,1470,SWP,L,6,Storage (5); Consecutive Connection (1),4,1,0,0,10,8,2024-04-23,44.350938,-103.772559
SD-AL,SD4602309,SOUTHERN BLACK HILLS WATER,SD,947,379,GW,P,6,Well (1); Treatment Plant (1); Storage (4),0,0,0,0,0,5,2026-03-03,43.425312,-103.4673032
SD-AL,SD4602301,CEDAR GULCH 1,SD,45,14,GW,P,2,Storage (1); Well (1),129,0,9,2,282,9,2024-06-21,NA,NA
SD-AL,SD4602295,CEDAR GULCH 2,SD,40,16,GW,P,3,Storage (1); Well (1); Treatment Plant (1),136,0,66,0,414,5,2025-05-30,NA,NA
SD-AL,SD4600669,HAPPY HOLIDAY RV RESORT,SD,264,199,GW,P,5,Well (1); Storage (4),108,7,8,0,150,10,2025-05-20,43.9920361,-103.2679914
SD-AL,SD4600910,HART RANCH,SD,438,148,GW,P,6,Treatment Plant (2); Well (2); Storage (2),80,0,1,0,21,9,2023-05-08,NA,NA
SD-AL,SD4602235,HEARTLAND COUNTRY RANCHETTES,SD,95,39,GW,P,3,Storage (1); Well (1); Treatment Plant (1),1,0,0,0,2,5,2024-01-24,NA,NA
SD-AL,SD4600050,HIGHLAND HILLS,SD,38,17,GW,P,4,Storage (2); Treatment Plant (1); Well (1),50,1,4,0,33,12,2023-10-18,NA,NA
SD-AL,SD4602135,OAKS WATER USERS ASSOCIATION,SD,180,73,GW,P,4,Storage (2); Well (1); Treatment Plant (1),65,2,3,0,31,8,2023-11-30,NA,NA
SD-AL,SD4602212,RUSHMORE RANCH ESTATES,SD,168,67,GW,P,3,Storage (1); Well (1); Treatment Plant (1),31,0,2,0,70,7,2025-02-25,NA,NA
SD-AL,SD4602285,"SHERIDAN LAKE HIGHLANDS, INC.",SD,85,28,GW,P,3,Storage (1); Treatment Plant (1); Well (1),19,0,10,0,51,4,2023-01-26,NA,NA
SD-AL,SD4600015,SPRING CANYON WATER COMPANY,SD,89,36,GW,P,3,Storage (1); Well (1); Treatment Plant (1),6,4,2,0,14,9,2023-01-11,NA,NA
SD-AL,SD4602252,SPRING CREEK ACRES,SD,172,69,GW,P,4,Treatment Plant (1); Well (1); Storage (2),16,0,16,0,64,5,2025-02-25,NA,NA
SD-AL,SD4602191,STRATO RIM ESTATES WATER COMPANY,SD,170,75,GW,P,6,Storage (4); Well (1); Treatment Plant (1),234,1,2,0,294,7,2024-05-20,NA,NA
SD-AL,SD4602203,THE RANCH AT BLACK GAP,SD,375,125,GW,P,4,Storage (1); Treatment Plant (1); Well (2),1,0,1,0,2,7,2024-10-16,44.084953,-103.2692865
SD-AL,SD4602259,76 RANCH ESTATES,SD,40,16,GW,P,3,Well (1); Treatment Plant (1); Storage (1),187,0,4,0,531,7,2024-02-21,NA,NA
SD-AL,SD4600062,ALEXANDRIA,SD,649,294,SWP,L,3,Consecutive Connection (1); Storage (2),7,3,3,0,18,9,2023-07-13,NA,NA
SD-AL,SD4602379,AR RANCH,SD,88,35,GW,P,3,Storage (1); Treatment Plant (1); Well (1),0,0,0,0,0,2,2025-01-07,NA,NA
SD-AL,SD4602240,AUTUMN MEADOWS SANITARY DISTRICT,SD,49,21,GW,L,4,Storage (2); Well (1); Treatment Plant (1),42,0,0,0,84,5,2026-04-01,NA,NA
SD-AL,SD4602122,B & J MOBILE HOME PARK,SD,135,54,GW,P,3,Treatment Plant (1); Well (1); Storage (1),2,0,2,0,5,9,2026-03-04,NA,NA
SD-AL,SD4600387,BESTGEN ADDITION WATER COMPANY,SD,73,29,GW,P,3,Storage (1); Well (1); Treatment Plant (1),9,2,4,0,23,13,2023-12-01,NA,NA
SD-AL,SD4600426,BICENTENNIAL TRAILER COURT,SD,23,34,GW,P,3,Treatment Plant (1); Well (1); Storage (1),42,3,8,0,50,11,2025-08-01,NA,NA
SD-AL,SD4602144,"BLACK HILLS WATER DISTRIBUTION, LLC",SD,135,54,GW,P,3,Other (1); Well (2),89,0,0,0,13,9,2025-04-16,NA,NA
SD-AL,SD4600324,BLUCKSBERG MOUNTAIN #1,SD,223,89,GW,P,5,Storage (1); Treatment Plant (2); Well (2),19,4,7,0,41,10,2023-12-01,NA,NA
SD-AL,SD4602366,BLUCKSBERG MOUNTAIN #2,SD,333,129,GW,P,4,Storage (2); Well (1); Treatment Plant (1),0,0,0,0,0,2,2023-12-01,NA,NA
SD-AL,SD4602057,BLUMENGARD COLONY,SD,133,45,GW,P,3,Storage (2); Well (1),17,2,3,0,22,10,2024-08-01,NA,NA
SD-AL,SD4600045,BONESTEEL,SD,275,170,GWP,L,2,Consecutive Connection (1); Storage (1),29,5,8,0,52,12,2024-01-30,NA,NA
SD-AL,SD4602276,BOXELDER HIGH COUNTRY ASSOCIATION,SD,45,18,GW,P,2,Storage (1); Well (1),8,0,1,0,16,6,2025-03-06,NA,NA
SD-AL,SD4602066,BRENTWOOD COLONY,SD,137,27,GW,P,2,Storage (1); Well (1),125,6,11,0,107,10,2025-01-28,NA,NA
SD-AL,SD4600066,BRIDGEWATER,SD,511,270,SWP,L,1,Consecutive Connection (1),68,2,0,0,13,12,2024-03-15,NA,NA
SD-AL,SD4602362,BRIDLE RIDGE ESTATES,SD,38,15,GW,P,3,Storage (1); Treatment Plant (1); Well (1),0,0,0,0,0,2,2023-12-01,NA,NA
SD-AL,SD4600265,CARRIAGE HILLS,SD,267,108,GW,P,4,Treatment Plant (1); Well (1); Storage (2),5,3,1,0,8,10,2026-03-04,NA,NA
SD-AL,SD4602106,CAVALRY TRAILS HOMEOWNER ASSOCIATION,SD,44,16,GW,P,3,Storage (1); Treatment Plant (1); Well (1),51,6,10,0,124,10,2025-03-28,NA,NA
SD-AL,SD4602176,CENTENNIAL HILLS HOME ASSOCIATION,SD,25,12,GW,P,5,Treatment Plant (1); Well (1); Storage (3),24,1,15,0,72,12,2023-09-12,NA,NA
SD-AL,SD4602280,CENTENNIAL VISTA ESTATES,SD,44,18,GW,P,5,Well (1); Storage (4),0,0,0,0,0,3,2024-09-16,NA,NA
SD-AL,SD4602020,CLEARFIELD COLONY,SD,120,22,GW,P,5,Storage (2); Treatment Plant (1); Well (2),56,8,9,0,68,9,2025-06-16,NA,NA
SD-AL,SD4600097,CORSICA,SD,561,329,SWP,L,2,Consecutive Connection (1); Storage (1),17,2,5,0,45,12,2023-11-02,NA,NA
SD-AL,SD4600392,D & E WATER COMPANY,SD,100,40,GW,P,4,Treatment Plant (1); Well (1); Storage (2),36,9,4,0,61,9,2024-03-27,NA,NA
SD-AL,SD4602095,DEBERG WELL USERS ASSOCIATION,SD,54,24,GW,P,2,Storage (1); Well (1),25,0,2,0,12,9,2025-05-21,44.4956479,-103.8606096
SD-AL,SD4600549,DEER MOUNTAIN SANITARY DISTRICT,SD,125,100,SW,L,4,Storage (2); Treatment Plant (1); Intake (1),85,6,8,1,259,10,2024-05-22,44.3583182,-103.7493041
SD-AL,SD4602241,DRY CREEK ESTATES,SD,233,49,GW,P,4,Storage (2); Well (1); Treatment Plant (1),21,0,2,0,67,5,2025-10-01,NA,NA
SD-AL,SD4602307,EAGLE WATER COMPANY,SD,48,19,SW,P,3,Intake (1); Treatment Plant (1); Storage (1),22,0,1,0,44,5,2024-03-26,NA,NA
SD-AL,SD4601000,EAST RIDGE ACRES,SD,118,47,GW,P,4,Treatment Plant (1); Well (1); Storage (2),10,0,1,0,7,11,2025-05-16,NA,NA
SD-AL,SD4600273,EDELWEISS MOUNTAIN IMPROVEMENT ASSOC,SD,70,75,GW,P,8,Well (3); Treatment Plant (1); Storage (4),195,15,4,0,353,12,2025-02-25,NA,NA
SD-AL,SD4602363,ELK CREEK VALLEY VIEW ASSOC,SD,52,21,GW,P,4,Storage (2); Treatment Plant (1); Well (1),1,0,1,1,2,3,2025-05-09,44.0607974,-103.1920322
SD-AL,SD4602237,ELK CREEK VILLAGE,SD,110,44,GW,L,4,Storage (1); Well (2); Treatment Plant (1),58,0,1,0,230,5,2025-05-16,NA,NA
SD-AL,SD4602343,VALLEY VIEW WATER ASSOCIATION,SD,42,17,GW,P,4,Treatment Plant (1); Well (1); Storage (2),0,0,0,0,0,4,2024-10-15,NA,NA
SD-AL,SD4600124,FAITH,SD,367,255,SWP,L,3,Storage (2); Consecutive Connection (1),8,3,0,0,16,14,2024-10-17,NA,NA
SD-AL,SD4600125,FAULKTON,SD,693,450,SWP,L,3,Consecutive Connection (1); Storage (2),8,2,6,0,20,13,2024-08-01,NA,NA
SD-AL,SD4680002,FORT MEADE VA CENTER,SD,800,82,SW,F,9,Treatment Plant (1); Storage (2); Intake (6),66,7,2,0,54,9,2025-11-14,NA,NA
SD-AL,SD4600142,GETTYSBURG,SD,1162,647,SWP,L,2,Storage (1); Consecutive Connection (1),9,4,0,0,15,11,2024-05-29,45.0114808,-99.9553851
SD-AL,SD4602060,GLENDALE COLONY,SD,95,25,GW,P,5,Treatment Plant (1); Well (2); Storage (2),224,17,4,0,418,14,2025-12-19,NA,NA
SD-AL,SD4602284,GOLDEN HILLS SUBDIVISION,SD,30,12,GW,P,3,Storage (1); Well (1); Treatment Plant (1),0,0,0,0,0,2,2023-01-27,NA,NA
SD-AL,SD4600516,GOLDEN MEADOWS,SD,96,32,GW,P,3,Storage (1); Treatment Plant (1); Well (1),66,10,1,0,35,10,2023-06-13,NA,NA
SD-AL,SD4602261,GOLDEN VALLEY WATER COMPANY,SD,283,113,GW,P,4,Treatment Plant (1); Well (1); Storage (2),16,0,16,0,58,5,2025-01-16,NA,NA
SD-AL,SD4602022,GREENWOOD COLONY,SD,85,43,GW,P,4,Well (2); Treatment Plant (1); Storage (1),134,8,7,0,302,11,2025-05-30,43.2647055,-98.149066
SD-AL,SD4600152,HECLA,SD,200,190,GWP,L,3,Storage (2); Consecutive Connection (1),17,2,14,0,60,9,2025-10-22,NA,NA
SD-AL,SD4600269,HIDDEN VALLEY WATER ASSOCIATION INC,SD,27,15,GW,P,3,Storage (1); Well (1); Treatment Plant (1),27,5,7,0,48,11,2025-04-30,NA,NA
SD-AL,SD4602234,HIGH SHERIDAN RANCH,SD,38,15,GW,P,3,Storage (1); Well (1); Treatment Plant (1),0,0,0,0,0,5,2024-01-24,NA,NA
SD-AL,SD4600158,HIGHMORE,SD,682,460,SWP,L,2,Consecutive Connection (2),74,55,11,0,101,11,2024-05-15,NA,NA
SD-AL,SD4602266,HORSESHOE ACRES WATER ASSOCIATION,SD,180,59,GW,P,3,Storage (1); Well (1); Treatment Plant (1),15,0,3,2,35,6,2023-05-18,NA,NA
SD-AL,SD4602026,HUTTERVILLE COLONY SOUTH DAKOTA INC,SD,90,25,GW,P,4,Storage (2); Well (1); Treatment Plant (1),179,11,19,0,290,11,2023-07-18,NA,NA
SD-AL,SD4600397,IPSWICH,SD,928,458,SWP,L,3,Consecutive Connection (1); Storage (2),9,5,0,0,24,11,2023-06-01,NA,NA
SD-AL,SD4600181,KADOKA,SD,543,325,SWP,L,3,Consecutive Connection (1); Storage (2),56,3,8,0,57,11,2023-12-29,NA,NA
SD-AL,SD4600314,KEN'S TRAILER COURT,SD,110,48,GW,P,3,Well (1); Storage (1); Other (1),30,3,2,0,22,11,2025-09-30,44.523022,-103.8993885
SD-AL,SD4602017,LAKEVIEW COLONY,SD,118,15,GW,P,3,Storage (1); Well (1); Treatment Plant (1),97,12,4,0,89,11,2025-05-30,NA,NA
SD-AL,SD4600315,LANTERN ESTATES,SD,192,78,GW,P,1,Well (1),114,17,0,0,128,14,2025-09-30,44.523022,-103.8993885
SD-AL,SD4600192,LEMMON,SD,1156,700,SWP,L,2,Storage (1); Consecutive Connection (1),31,5,1,0,21,12,2024-10-29,45.941534,-102.1612183
SD-AL,SD4602250,LOFTY PINES II,SD,38,15,GW,P,4,Storage (2); Well (1); Treatment Plant (1),4,0,2,0,11,5,2026-04-01,NA,NA
SD-AL,SD4602051,LONG LAKE COLONY,SD,100,26,GW,P,3,Treatment Plant (1); Well (1); Storage (1),76,18,6,0,70,12,2023-06-01,45.6042613,-98.4665329
SD-AL,SD4600416,LOURIE LANE HOMEOWNERS ASSOC,SD,75,33,GW,P,4,Storage (2); Well (2),152,2,5,1,70,12,2025-09-30,44.523022,-103.8993885
SD-AL,SD4602023,MAXWELL COLONY,SD,150,34,GW,P,2,Well (1); Storage (1),156,11,7,0,185,12,2023-03-20,NA,NA
SD-AL,SD4602258,MEADOW CREST SANITARY DISTRICT,SD,63,25,GW,L,3,Well (1); Treatment Plant (1); Storage (1),32,0,32,0,130,5,2024-09-30,44.523022,-103.8993885
SD-AL,SD4600215,MOBRIDGE,SD,3261,1833,SW,L,4,Treatment Plant (1); Storage (2); Intake (1),21,2,2,0,21,11,2024-11-05,NA,NA
SD-AL,SD4602169,MOUNTAIN PLAINS 2 HOMEOWNERS ASSOC,SD,268,111,GW,P,5,Treatment Plant (2); Well (2); Storage (1),90,12,11,2,93,9,2026-03-31,NA,NA
SD-AL,SD4600224,NEW UNDERWOOD,SD,679,269,GW,L,3,Storage (1); Treatment Plant (1); Well (1),39,3,26,0,139,13,2024-11-06,NA,NA
SD-AL,SD4602349,NORRIS PEAK WATER USERS ASSOC,SD,30,16,GW,P,4,Well (2); Treatment Plant (1); Storage (1),0,0,0,0,0,4,2025-02-25,NA,NA
SD-AL,SD4600514,NORTHDALE SANITARY DISTRICT,SD,1075,430,GW,L,5,Well (2); Treatment Plant (1); Storage (2),6,3,2,0,12,10,2026-04-01,NA,NA
SD-AL,SD4600229,OACOMA,SD,391,190,SW,L,7,Storage (4); Intake (1); Treatment Plant (2),16,3,10,0,46,12,2026-04-14,NA,NA
SD-AL,SD4602151,OAK MOUNTAIN COUNTRY ESTATES,SD,85,34,GW,P,3,Treatment Plant (1); Well (1); Storage (1),121,1,45,0,200,9,2025-05-21,NA,NA
SD-AL,SD4602000,PEACEFUL PINES II,SD,71,30,GW,P,3,Treatment Plant (1); Well (1); Storage (1),71,1,4,0,88,11,2024-05-13,44.1530186,-103.3327073
SD-AL,SD4680001,PICKSTOWN,SD,230,158,SWP,L,2,Consecutive Connection (1); Storage (1),8,3,2,0,20,9,2024-01-30,NA,NA
SD-AL,SD4602303,PIEDMONT,SD,971,234,GWP,L,1,Consecutive Connection (1),2,0,1,0,5,5,2024-09-16,NA,NA
SD-AL,SD4602326,PILLAR PEAK,SD,38,15,GW,P,4,Well (1); Treatment Plant (1); Storage (2),1,0,1,1,3,4,2024-03-27,NA,NA
SD-AL,SD4602179,PINE CONE ESTATES,SD,42,17,GW,P,3,Storage (1); Well (1); Treatment Plant (1),26,0,8,0,58,6,2023-12-01,NA,NA
SD-AL,SD4602153,PINEVIEW WATER ASSOCIATION,SD,25,10,GW,P,3,Storage (1); Well (1); Treatment Plant (1),10,4,4,0,20,7,2023-11-30,NA,NA
SD-AL,SD4600260,PONDEROSA MOBILE HOME RANCH,SD,150,55,GW,P,3,Storage (1); Well (1); Treatment Plant (1),62,2,3,1,127,10,2025-10-31,NA,NA
SD-AL,SD4600863,PONDEROSA RIDGE,SD,98,36,GW,P,2,Storage (1); Well (1),51,8,7,0,58,16,2026-02-13,NA,NA
SD-AL,SD4602134,PONDEROSA WATER COMPANY,SD,25,12,GW,P,4,Storage (2); Treatment Plant (1); Well (1),45,11,1,0,88,8,2026-02-12,NA,NA
SD-AL,SD4602322,PRAIRIE HAVEN SUBDIVISION,SD,105,42,GW,P,3,Well (1); Treatment Plant (1); Storage (1),3,0,3,0,9,3,2025-10-29,NA,NA
SD-AL,SD4600248,PRESHO,SD,472,298,SWP,L,1,Consecutive Connection (1),21,4,8,0,42,11,2023-12-29,NA,NA
SD-AL,SD4602127,QUAAL WATER ASSOCIATION,SD,95,38,GW,P,3,Storage (1); Treatment Plant (1); Well (1),8,4,3,0,15,7,2024-06-20,NA,NA
SD-AL,SD4600257,RAPID CITY MOBILE HOME PARK,SD,170,62,GW,P,4,Storage (2); Treatment Plant (1); Well (1),123,56,1,0,119,9,2024-01-24,NA,NA
SD-AL,SD4600277,REDFIELD,SD,2214,1108,SWP,L,4,Consecutive Connection (1); Storage (2); Treatment Plant (1),3,2,0,0,5,11,2024-12-17,44.876584,-98.5186618
SD-AL,SD4602210,RENDEZVOUS RANCH,SD,195,78,GW,P,4,Storage (1); Well (2); Treatment Plant (1),51,0,0,0,102,7,2025-01-16,NA,NA
SD-AL,SD4602231,RIMROCK HIGHLAND ESTATES COMM ASSOC,SD,66,25,GW,P,3,Treatment Plant (1); Well (1); Storage (1),1,0,0,0,3,5,2026-04-01,NA,NA
SD-AL,SD4602040,RIVERSIDE COLONY,SD,80,25,GW,P,4,Well (1); Treatment Plant (1); Storage (2),203,39,3,0,179,9,2025-04-16,NA,NA
SD-AL,SD4602249,ROLLING DICE SUBDIVISION,SD,122,55,GW,P,4,Storage (2); Well (1); Treatment Plant (1),1,0,1,0,3,4,2023-01-26,NA,NA
SD-AL,SD4600546,SACORA MOBILE HOME PARK,SD,42,18,GWP,P,1,Consecutive Connection (1),223,87,15,0,289,11,2024-03-27,NA,NA
SD-AL,SD4600287,SAINT ONGE SEWER & WATER CO,SD,255,78,GW,L,4,Well (1); Treatment Plant (1); Storage (2),73,7,8,0,44,12,2026-02-12,44.4956479,-103.8606096
SD-AL,SD4600290,SCOTLAND,SD,785,420,SWP,L,3,Consecutive Connection (1); Storage (2),2,2,0,0,5,9,2023-03-20,NA,NA
SD-AL,SD4602267,SHAMROCK COLONY,SD,75,23,GW,P,4,Storage (2); Treatment Plant (1); Well (1),95,1,8,1,235,7,2026-04-16,NA,NA
SD-AL,SD4602232,SHIRT TAIL GULCH DEVELOPMENT,SD,65,26,GW,P,3,Storage (1); Treatment Plant (1); Well (1),181,0,116,0,622,5,2024-03-27,NA,NA
SD-AL,SD4600272,SIPHON HILL WATER ASSOCIATION,SD,68,29,GW,P,4,Storage (2); Well (1); Treatment Plant (1),352,43,5,1,97,13,2025-03-31,NA,NA
SD-AL,SD4600627,SOUTH CANYON COUNTRY ESTATES,SD,420,138,GW,P,7,Storage (2); Other (1); Treatment Plant (2); Well (2),10,1,6,0,30,13,2025-04-04,NA,NA
SD-AL,SD4600625,SPEARFISH VALLEY MOBILE ESTATES,SD,163,65,GW,P,3,Treatment Plant (1); Well (1); Storage (1),11,5,3,0,24,10,2024-06-06,NA,NA
SD-AL,SD4602059,SPINK COLONY,SD,108,25,GW,P,4,Storage (2); Treatment Plant (1); Well (1),107,4,6,0,82,11,2024-04-25,NA,NA
SD-AL,SD4602331,SPRING CREEK PRESERVE,SD,68,27,GW,P,2,Well (1); Storage (1),2,0,0,0,4,2,2026-03-23,44.4888608,-103.7889364
SD-AL,SD4600317,SPRINGFIELD,SD,2108,400,SW,L,5,Intake (1); Treatment Plant (1); Storage (3),24,4,12,0,59,8,2023-02-07,NA,NA
SD-AL,SD4602159,STAGEBARN SANITARY DISTRICT,SD,295,118,GWP,L,1,Consecutive Connection (1),24,0,1,0,8,6,2024-06-13,NA,NA
SD-AL,SD4602270,SUN VALLEY DEVELOPMENT,SD,650,260,GW,P,3,Treatment Plant (1); Well (1); Storage (1),1,0,1,0,2,5,2025-01-10,NA,NA
SD-AL,SD4600512,SUNRISE HOMEOWNERS ASSOCIATION,SD,50,21,GW,P,3,Well (1); Treatment Plant (1); Storage (1),159,38,5,0,221,12,2024-09-30,44.523022,-103.8993885
SD-AL,SD4602263,SUNSET RANCH,SD,263,75,GW,P,3,Storage (1); Well (1); Treatment Plant (1),23,0,23,0,90,4,2023-01-26,NA,NA
SD-AL,SD4600143,T C & G RURAL WATER SYSTEM,SD,166,79,GW,P,8,Treatment Plant (1); Well (5); Storage (2),60,3,1,0,129,11,2023-08-22,45.5416423,-100.44411530000001
SD-AL,SD4600053,TERRY TROJAN WATER DISTRICT,SD,400,220,GW,P,4,Storage (2); Well (1); Treatment Plant (1),147,15,8,0,408,10,2025-05-21,NA,NA
SD-AL,SD4602376,THE TIMBERS,SD,33,13,GW,P,4,Storage (2); Well (1); Treatment Plant (1),0,0,0,0,0,1,2023-12-13,NA,NA
SD-AL,SD4602272,TIMBERWOOD PARK ESTATES,SD,283,113,GW,P,3,Treatment Plant (1); Well (1); Storage (1),1,0,1,0,2,5,2026-04-01,NA,NA
SD-AL,SD4602319,TWO BIT RANCH ESTATES,SD,30,12,GW,P,3,Storage (2); Well (1),0,0,0,0,0,2,2024-09-30,44.523022,-103.8993885
SD-AL,SD4602211,VALHALLA ADDITION,SD,38,15,GW,P,3,Well (1); Treatment Plant (1); Storage (1),119,0,2,0,239,7,2025-05-21,NA,NA
SD-AL,SD4602361,VALLEY HEIGHTS ESTATES INC,SD,320,160,GWP,L,2,Storage (1); Consecutive Connection (1),4,0,0,0,11,3,2024-05-30,NA,NA
SD-AL,SD4602287,VIEWFIELD RURAL WATER SYSTEM,SD,220,88,GW,P,7,Storage (3); Well (2); Treatment Plant (2),32,0,32,0,129,5,2025-10-29,NA,NA
SD-AL,SD4600348,WAGNER,SD,1490,665,SWP,L,2,Storage (1); Consecutive Connection (1),7,1,3,1,19,10,2025-08-25,NA,NA
SD-AL,SD4600352,WASTA,SD,84,56,GW,L,3,Treatment Plant (1); Well (1); Storage (1),62,20,4,0,75,11,2024-08-07,NA,NA
SD-AL,SD4600360,WEBSTER,SD,1728,1097,SWP,L,3,Consecutive Connection (1); Storage (2),6,2,2,0,12,10,2025-11-24,NA,NA
SD-AL,SD4602260,WEST NIKE SUBDIVISION,SD,50,18,GWP,P,4,Consecutive Connection (1); Storage (2); Treatment Plant (1),0,0,0,0,0,5,2025-02-28,NA,NA
SD-AL,SD4600521,WESTFIELD ADDITION,SD,104,36,GW,P,3,Well (1); Storage (2),80,20,10,0,70,11,2023-11-17,NA,NA
SD-AL,SD4600876,WESTVIEW HOMEOWNERS ASSOCIATION,SD,103,34,GW,P,4,Storage (2); Treatment Plant (1); Well (1),13,2,2,0,30,10,2025-09-30,44.523022,-103.8993885
SD-AL,SD4600366,WHITE LAKE,SD,359,249,SWP,L,2,Consecutive Connection (1); Storage (1),7,1,3,1,13,11,2024-07-19,NA,NA
SD-AL,SD4602354,WHITEWOOD FOREST ACRES,SD,160,62,GWP,P,1,Consecutive Connection (1),3,1,0,0,6,4,2025-08-01,44.4688876,-103.6505734
SD-AL,SD4602281,WILD TURKEY ESTATES I,SD,33,11,GW,P,3,Treatment Plant (1); Well (1); Storage (1),0,0,0,0,0,4,2023-11-17,NA,NA
SD-AL,SD4602282,WILD TURKEY ESTATES II,SD,70,36,GW,P,4,Well (1); Treatment Plant (1); Storage (2),0,0,0,0,0,4,2023-11-17,NA,NA
SD-AL,SD4600264,CHAPEL LANE WATER COMPANY,SD,1200,409,GW,P,5,Storage (3); Treatment Plant (1); Well (1),4,2,1,0,6,12,2026-03-04,NA,NA
SD-AL,SD4600076,BRYANT,SD,471,205,GWP,L,3,Storage (2); Consecutive Connection (1),5,0,4,1,13,13,2025-02-24,NA,NA
SD-AL,SD4600104,DEADWOOD,SD,1156,849,SWP,L,9,Consecutive Connection (1); Storage (7); Well (1),12,11,0,0,4,11,2024-04-23,44.3833597,-103.7185728
SD-AL,SD4600147,GROTON,SD,1380,657,SWP,L,3,Consecutive Connection (1); Storage (2),6,4,0,0,12,12,2023-11-15,NA,NA
SD-AL,SD4600263,COLONIAL PINE HILLS SANITARY DISTRIC,SD,1200,431,GW,L,7,Storage (1); Well (3); Treatment Plant (3),23,3,19,0,76,10,2025-12-08,NA,NA
SD-AL,SD4600011,HIGH MEADOWS RANCHETTES,SD,60,24,GW,P,4,Well (1); Treatment Plant (1); Storage (2),152,50,1,0,53,10,2024-01-24,NA,NA
SD-AL,SD4600271,HISEGA MEADOWS WATER INC,SD,491,197,GU,P,12,Storage (10); Well (1); Treatment Plant (1),5,2,0,0,9,10,2023-05-11,NA,NA
SD-AL,SD4600515,MIDLAND HEIGHTS,SD,130,52,GW,L,4,Treatment Plant (1); Well (1); Storage (2),11,2,1,0,16,11,2025-10-31,NA,NA
SD-AL,SD4602310,OWANKA RURAL WATER SYSTEM,SD,52,23,GW,P,3,Storage (1); Treatment Plant (1); Well (1),20,0,20,0,78,5,2024-08-15,NA,NA
SD-AL,SD4602323,PARADISE WATER COMPANY LLC,SD,178,71,SWP,P,6,Treatment Plant (1); Storage (4); Consecutive Connection (1),1,0,1,1,2,5,2024-02-21,44.3583182,-103.7493041
SD-AL,SD4600270,PINE CLIFF ESTATES,SD,180,73,GW,P,4,Storage (1); Well (2); Treatment Plant (1),51,6,1,0,24,10,2024-01-24,NA,NA
SD-AL,SD4600405,PONDEROSA PARK,SD,50,19,GW,P,3,Well (1); Storage (2),91,36,46,0,199,11,2026-02-12,NA,NA
SD-AL,SD4600078,BUFFALO,SD,346,240,GW,L,7,Storage (1); Treatment Plant (3); Well (3),86,13,2,0,32,10,2024-03-13,NA,NA
SD-AL,SD4600370,WILLOW LAKE,SD,255,163,GWP,L,2,Storage (1); Consecutive Connection (1),20,8,12,0,54,11,2025-02-24,NA,NA
SD-AL,SD4600253,WESTBERRY TRAILS WATER USERS ASSOC,SD,155,62,GW,P,3,Storage (1); Well (2),75,6,3,0,36,7,2024-06-18,NA,NA
SD-AL,SD4600862,WESTON HEIGHTS HOMEOWNERS ASSOCIATIO,SD,412,149,GW,L,3,Storage (1); Well (1); Treatment Plant (1),12,2,5,0,31,12,2024-09-17,NA,NA
SD-AL,SD4600268,WHISPERING PINES WATER ASSOCIATION,SD,48,19,GW,P,3,Storage (2); Well (1),144,27,11,0,101,12,2025-12-23,44.0708545,-103.2621022
SD-AL,SD4600421,WONDERLAND HOMES,SD,750,258,GW,P,3,Storage (1); Treatment Plant (1); Well (1),12,2,1,0,5,10,2025-01-10,NA,NA
SD-AL,SD4600042,WOODLAND HILLS SANITARY DISTRICT,SD,255,102,GW,L,7,Storage (5); Well (1); Treatment Plant (1),27,3,1,0,17,10,2024-03-19,NA,NA
SD-AL,SD4600385,ARLINGTON,SD,915,513,GWP,L,2,Storage (1); Consecutive Connection (1),7,2,0,0,15,13,2025-08-15,NA,NA
SD-AL,SD4600058,AURORA,SD,1200,436,GWP,L,2,Consecutive Connection (1); Storage (1),13,3,3,0,28,12,2025-05-23,NA,NA
SD-AL,SD4600007,BIG STONE CITY,SD,412,283,GWP,L,2,Consecutive Connection (1); Storage (1),46,6,0,0,30,12,2023-10-23,NA,NA
SD-AL,SD4600117,ELKTON,SD,755,320,GWP,L,2,Consecutive Connection (1); Storage (1),15,11,3,0,49,11,2024-10-15,NA,NA
SD-AL,SD4600138,GARRETSON,SD,1228,511,GWP,L,3,Storage (1); Treatment Plant (1); Consecutive Connection (1),66,2,54,0,194,11,2023-10-23,NA,NA
SD-AL,SD4600139,GARY,SD,240,150,GWP,L,2,Storage (1); Consecutive Connection (1),6,2,2,0,13,12,2023-12-22,NA,NA
SD-AL,SD4600201,MARION,SD,894,410,GWP,L,2,Consecutive Connection (1); Storage (1),8,2,0,0,12,13,2025-09-17,NA,NA
SD-AL,SD4600226,NORTH SIOUX CITY,SD,3042,1249,GW,L,10,Storage (2); Well (6); Treatment Plant (2),34,2,0,0,19,13,2025-08-26,42.5249376,-96.4909935
SD-AL,SD4600235,PARKER,SD,1025,505,GWP,L,2,Storage (1); Consecutive Connection (1),44,9,3,0,77,12,2025-03-06,NA,NA
SD-AL,SD4600283,ROSHOLT,SD,379,214,GW,L,4,Well (2); Treatment Plant (1); Storage (1),169,6,11,2,273,14,2024-07-11,NA,NA
SD-AL,SD4600072,SOUTHBROOK ESTATES,SD,28,8,GW,P,3,Storage (1); Treatment Plant (1); Well (1),761,30,8,2,1696,9,2023-04-25,44.2816813,-96.8053861
SD-AL,SD4600326,SUMMIT,SD,288,130,GW,L,3,Well (1); Treatment Plant (1); Storage (1),91,5,19,1,214,12,2025-07-31,NA,NA
SD-AL,SD4600075,UNIVERSITY ESTATES,SD,150,58,GWP,P,1,Consecutive Connection (1),29,15,2,0,57,10,2026-03-31,NA,NA
SD-AL,SD4600357,WAUBAY,SD,473,300,GW,L,4,Storage (1); Well (2); Treatment Plant (1),67,11,3,0,132,12,2025-11-24,NA,NA
SD-AL,SD4602027,WHITE ROCK COLONY,SD,108,12,GW,P,7,Storage (1); Well (5); Treatment Plant (1),204,25,12,0,235,10,2024-05-01,NA,NA
SD-AL,SD4600082,CANTON,SD,3066,1431,GW,L,8,Treatment Plant (1); Well (4); Consecutive Connection (1); Storage (2),31,2,0,0,12,10,2024-06-11,43.3140376,-96.5890534
SD-AL,SD4600119,ESTELLINE,SD,749,325,GWP,L,2,Storage (1); Consecutive Connection (1),85,21,22,0,127,14,2025-07-25,NA,NA
SD-AL,SD4600173,IRENE,SD,422,220,SWP,L,2,Consecutive Connection (1); Storage (1),15,4,0,0,24,12,2024-06-30,NA,NA
SD-AL,SD4600346,VOLGA,SD,2340,1082,GW,L,10,Storage (2); Well (7); Treatment Plant (1),7,3,0,0,11,11,2024-06-06,NA,NA
NJ-05,NJ1901001,ANDOVER BORO WATER DEPT,NJ,606,274,GW,L,5,Treatment Plant (1); Well (2); Sampling Station (1); Distribution System/Zone (1),20,15,0,0,31,18,2024-08-15,40.986885,-74.742293
NJ-05,NJ1920001,STILLWATER WATER DISTRICT 1,NJ,1200,402,GW,L,14,Distribution System/Zone (1); Well (7); Sampling Station (1); Treatment Plant (5),482,136,13,0,373,25,2026-02-06,NA,NA
NJ-05,NJ1902346,SAINT PAULS ABBEY,NJ,530,5,GW,P,6,Sampling Station (1); Well (2); Treatment Plant (2); Distribution System/Zone (1),110,3,2,0,35,15,2024-08-28,41.0581816,-74.7535837
NJ-05,NJ1902007,ROLLING HILLS CONDMINIUM ASSOCIATION,NJ,240,40,GW,P,6,Distribution System/Zone (1); Treatment Plant (2); Well (2); Sampling Station (1),43,10,1,0,51,15,2025-07-18,NA,NA
NJ-05,NJ1902004,VEOLIA WATER NEW JERSEY ANDOVER,NJ,115,42,GW,P,4,Sampling Station (1); Treatment Plant (1); Well (1); Distribution System/Zone (1),145,38,1,0,196,17,2025-10-29,40.968408,-73.986673
NJ-05,NJ1902008,MOHAWK MEADOWS,NJ,250,1,GW,P,4,Sampling Station (1); Well (1); Treatment Plant (1); Distribution System/Zone (1),182,3,2,0,122,16,2026-03-13,NA,NA
NJ-05,NJ1902005,ASCOT PARK APTS,NJ,125,48,GW,P,4,Distribution System/Zone (1); Treatment Plant (1); Sampling Station (1); Well (1),45,0,0,0,25,23,2024-07-18,40.8559023,-74.3073855
NJ-05,NJ1902003,LAKE LENAPE WATER CO,NJ,1250,340,GW,P,5,Distribution System/Zone (1); Well (2); Treatment Plant (1); Sampling Station (1),90,12,3,0,143,24,2024-12-03,40.799999,-73.4738514
NJ-05,NJ1904003,FOREST LAKES WATER,NJ,1410,412,GW,P,6,Sampling Station (1); Well (2); Treatment Plant (2); Distribution System/Zone (1),15,8,1,0,23,21,2025-08-27,NA,NA
NJ-05,NJ1916001,OGDENSBURG W DEPT,NJ,2800,880,GW,L,6,Treatment Plant (2); Well (2); Sampling Station (1); Distribution System/Zone (1),220,4,2,0,96,17,2025-08-01,NA,NA
NJ-05,NJ1921001,SUSSEX W DEPT,NJ,2201,770,SW,L,4,Sampling Station (1); Treatment Plant (1); Distribution System/Zone (1); Intake (1),119,43,34,0,239,17,2021-06-28,41.2081741,-74.6070852
NJ-05,NJ1914002,MONTAGUE WATER CO.,NJ,1983,802,GW,P,12,Distribution System/Zone (1); Treatment Plant (5); Well (5); Sampling Station (1),123,0,0,0,33,22,2024-05-15,NA,NA
NJ-05,NJ1903001,BRANCHVILLE W DEPT,NJ,1500,359,GW,L,7,Distribution System/Zone (1); Treatment Plant (2); Sampling Station (1); Well (2); Intake (1),93,15,3,0,76,23,2025-12-17,41.1496009,-74.7477656
NJ-05,NJ1924002,SIMMONS W CO,NJ,180,57,GW,P,6,Distribution System/Zone (1); Well (2); Treatment Plant (2); Sampling Station (1),382,7,0,0,71,24,2022-09-19,NA,NA
NJ-05,NJ1911005,HARDYSTON TWP MUA,NJ,769,289,GW,L,6,Treatment Plant (1); Sampling Station (1); Well (3); Distribution System/Zone (1),76,15,4,1,151,21,2026-03-31,41.141158,-74.5864253
NJ-05,NJ1910003,VEOLIA WATER NEW JERSEY HAMPTON,NJ,814,300,GW,P,5,Treatment Plant (1); Well (2); Sampling Station (1); Distribution System/Zone (1),3,0,0,0,7,21,2026-02-12,40.968408,-73.986673
NJ-05,NJ1924004,VEOLIA WATER NEW JERSEYWOODRIDGE ESTATES,NJ,80,30,GW,P,4,Sampling Station (1); Treatment Plant (1); Well (1); Distribution System/Zone (1),153,31,0,0,52,14,2025-10-29,40.968408,-73.986673
NJ-05,NJ1906001,HILLSIDE ESTATES AT FRANKLIN,NJ,300,167,GW,P,5,Well (2); Sampling Station (1); Treatment Plant (1); Distribution System/Zone (1),47,9,0,0,98,18,2023-04-25,41.097858,-74.578367
NJ-05,NJ1910002,CARRIAGE MOBILE HOMES INC,NJ,300,129,GW,P,7,Common Headers (1); Sampling Station (1); Well (3); Treatment Plant (1); Distribution System/Zone (1),67,36,1,0,42,20,2025-10-01,NA,NA
NJ-05,NJ1905002,CULVER LAKE WATER COMPANY,NJ,40,15,GW,P,4,Distribution System/Zone (1); Sampling Station (1); Well (1); Treatment Plant (1),154,4,6,0,33,15,2025-10-21,NA,NA
NJ-05,NJ1924006,TOWN CENTER AT WANTAGE,NJ,122,5,GW,P,4,Distribution System/Zone (1); Well (2); Treatment Plant (1),43,2,3,0,54,14,2025-09-09,NA,NA
NJ-05,NJ1924003,REGENCY APARTMENTS LLC,NJ,300,101,GW,P,6,Distribution System/Zone (1); Sampling Station (1); Well (2); Treatment Plant (2),137,11,5,0,107,15,2016-05-23,41.487596,-75.611637
NJ-05,NJ1905004,SUSSEX CNTY HLTH-THE HOMESTED,NJ,100,1,GW,P,4,Distribution System/Zone (1); Sampling Station (1); Well (1); Treatment Plant (1),31,6,2,0,59,14,2025-03-25,NA,NA
NJ-05,NJ0258001,SADDLE RIVER WATER UTILITY,NJ,600,229,SWP,L,5,Distribution System/Zone (1); Consecutive Connection (3); Sampling Station (1),10,0,0,0,13,15,2024-12-13,40.968408,-73.986673
NJ-05,NJ0236001,VEOLIA WATER NEW JERSEY MONTVALE PD95,NJ,654,245,SWP,P,3,Consecutive Connection (2); Distribution System/Zone (1),2,0,0,0,4,14,2025-01-09,40.968408,-73.986673
NJ-05,NJ1615009,REFLECTION LAKES GARDEN APARTMENTS,NJ,40,20,GW,P,4,Sampling Station (1); Treatment Plant (1); Well (1); Distribution System/Zone (1),61,14,7,0,93,26,2024-03-04,NA,NA
NJ-05,NJ1615340,COMPLETE CARE AT MILFORD MANOR LLC,NJ,165,1,GW,P,5,Distribution System/Zone (1); Well (2); Treatment Plant (1); Sampling Station (1),55,6,2,0,68,18,2023-09-07,NA,NA
NJ-05,NJ1922015,VEOLIA WATER NEW JERSEY WALNUT HILLS,NJ,53,25,GW,P,4,Distribution System/Zone (1); Sampling Station (1); Treatment Plant (1); Well (1),495,390,5,0,125,13,2020-02-25,40.968408,-73.986673
NJ-05,NJ1922012,VEOLIA WATER NEW JERSEY LAKE CONWAY,NJ,80,29,GW,P,5,Distribution System/Zone (1); Treatment Plant (1); Well (2); Sampling Station (1),41,18,0,0,17,16,2025-10-29,40.968408,-73.986673
NJ-05,NJ1615022,WOODLAND HEIGHTS HOMEOWNERS ASSOCIATION,NJ,55,22,GW,P,3,Distribution System/Zone (1); Well (2),12,2,0,0,22,11,2025-04-01,NA,NA
NJ-05,NJ1922005,VEOLIA WATER NJ GRANDVIEW ESTATES,NJ,59,26,GW,P,4,Distribution System/Zone (1); Sampling Station (1); Treatment Plant (1); Well (1),331,8,0,0,25,17,2025-10-29,40.968408,-73.986673
NJ-05,NJ1922022,VEOLIA WATER NEW JERSEY SAMMIS ROAD,NJ,53,18,GW,P,5,Distribution System/Zone (1); Well (2); Treatment Plant (1); Sampling Station (1),33,31,1,0,38,15,2020-02-25,40.968408,-73.986673
NJ-05,NJ1922004,VEOLIA WATER NEW JERSEY CLIFFWOOD LAKES,NJ,72,37,GW,P,4,Treatment Plant (1); Well (1); Sampling Station (1); Distribution System/Zone (1),24,18,1,0,21,15,2025-11-12,40.968408,-73.986673
NJ-05,NJ0233005,BOGERTS RANCH ESTATES IN,NJ,225,135,GW,P,5,Distribution System/Zone (1); Well (2); Treatment Plant (1); Sampling Station (1),130,10,1,0,66,15,2026-03-12,41.0163675,-74.173269
NJ-05,NJ1615006,VEOLIA WATER NEW JERSEY - PARKWAY,NJ,92,32,GW,P,4,Distribution System/Zone (1); Treatment Plant (1); Sampling Station (1); Well (1),22,8,1,0,36,28,2023-05-24,40.968408,-73.986673
NJ-05,NJ1922021,VEOLIA WATER NEW JERSEY PREDMORE ESTATES,NJ,45,15,GW,P,5,Sampling Station (1); Well (2); Treatment Plant (1); Distribution System/Zone (1),10,9,0,0,12,13,2017-08-04,40.968408,-73.986673
NJ-05,NJ1922027,HIDDEN VILLAGE CONDO ASSOCIATION,NJ,175,96,GW,P,6,Distribution System/Zone (1); Treatment Plant (1); Well (3); Sampling Station (1),24,5,0,0,56,16,2024-08-22,NA,NA
NJ-05,NJ1922001,VEOLIA WATER NEW JERSEY BARRY LAKES,NJ,136,51,GW,P,7,Distribution System/Zone (1); Sampling Station (1); Well (3); Treatment Plant (2),117,24,0,0,166,20,2025-11-12,40.968408,-73.986673
NJ-05,NJ1922013,VEOLIA WATER NEW JERSEY DAVID CURTIS,NJ,53,25,GW,P,4,Distribution System/Zone (1); Well (1); Treatment Plant (1); Sampling Station (1),65,36,1,0,99,12,2017-08-07,40.968408,-73.986673
NJ-05,NJ1922010,VEOLIA WATER NEW JERSEY LAKE GLENWOOD,NJ,250,72,GU,P,7,Distribution System/Zone (1); Well (4); Treatment Plant (1); Sampling Station (1),150,33,2,0,62,20,2024-10-01,40.968408,-73.986673
NJ-05,NJ1615017,WONDER LAKE PROPERTIES I,NJ,105,37,GW,P,4,Distribution System/Zone (1); Sampling Station (1); Treatment Plant (1); Well (1),47,13,3,0,90,24,2022-01-18,NA,NA
NJ-05,NJ1922011,VEOLIA WATER NEW JERSEY SUNSET RIDGE,NJ,208,78,GW,P,7,Distribution System/Zone (1); Well (4); Treatment Plant (1); Sampling Station (1),20,1,3,0,42,17,2026-03-24,40.968408,-73.986673
NJ-05,NJ1911002,LAKE STOCKHOLM INC,NJ,300,98,GW,P,5,Well (2); Sampling Station (1); Treatment Plant (1); Distribution System/Zone (1),61,13,0,0,129,17,2023-12-07,NA,NA
NJ-05,NJ1615001,VEOLIA WATER NEW JERSEY - BIRCH HILL,NJ,180,54,GW,P,5,Distribution System/Zone (1); Treatment Plant (1); Well (2); Sampling Station (1),62,8,0,0,80,30,2023-05-24,40.968408,-73.986673
NJ-05,NJ1615020,VEOLIA WATER NJ BALD EAGLE COMMONS,NJ,1444,533,GW,P,7,Well (4); Sampling Station (1); Treatment Plant (1); Distribution System/Zone (1),4,0,0,0,12,22,2023-05-24,40.968408,-73.986673
NJ-05,NJ1911003,LAKE TAMARACK W CO,NJ,1000,264,GW,P,8,Well (3); Treatment Plant (3); Sampling Station (1); Distribution System/Zone (1),340,42,4,0,160,18,2024-08-29,41.0986397,-74.5323555
NJ-05,NJ1922006,VEOLIA WATER NEW JERSEY SUSSEX HILLS,NJ,168,50,GW,P,5,Treatment Plant (1); Sampling Station (1); Well (2); Distribution System/Zone (1),54,17,0,0,31,16,2025-10-29,40.968408,-73.986673
NJ-05,NJ1615018,VEOLIA WATER NJ-BALD EAGLE VILLAGE,NJ,1258,443,GW,P,4,Sampling Station (1); Well (1); Treatment Plant (1); Distribution System/Zone (1),25,0,0,0,59,26,2023-05-24,40.968408,-73.986673
NJ-05,NJ1615012,VEOLIA WATER NEW JERSEY - AWOSTING,NJ,633,185,GW,P,5,Distribution System/Zone (1); Well (2); Treatment Plant (1); Sampling Station (1),171,7,2,0,70,31,2023-05-24,40.968408,-73.986673
NJ-05,NJ1615014,VEOLIA WATER NEW JERSEY - CRESCENT PARK,NJ,700,206,GW,P,6,Distribution System/Zone (1); Treatment Plant (2); Sampling Station (1); Well (2),86,7,1,0,99,33,2023-05-24,40.968408,-73.986673
NJ-05,NJ1615002,VEOLIA WATER NJ GREENBROOK ESTATES,NJ,600,188,GW,P,4,Distribution System/Zone (1); Sampling Station (1); Well (1); Treatment Plant (1),50,9,1,1,95,28,2023-05-24,40.968408,-73.986673
NJ-05,NJ1911006,HARDYSTON TWP MUA,NJ,1963,738,GW,L,7,Well (3); Sampling Station (1); Treatment Plant (2); Distribution System/Zone (1),87,9,0,0,169,21,2026-03-31,41.141158,-74.5864253
NJ-05,NJ1615008,PVWC-POSTBROOK,NJ,458,126,GW,L,5,Distribution System/Zone (1); Well (2); Treatment Plant (1); Sampling Station (1),26,8,0,0,19,26,2025-04-16,40.8853605,-74.150124
NJ-05,NJ1615016,VEOLIA WATER NJ - OLDE MILFORD EST,NJ,1577,588,GW,P,11,Treatment Plant (4); Sampling Station (1); Well (5); Distribution System/Zone (1),218,73,4,0,138,33,2023-05-24,40.968408,-73.986673
NJ-05,NJ1613001,N.J.D.W.S.C. - WANAQUE NORTH,NJ,150,13,SW,L,9,Consecutive Connection (1); Sampling Station (2); Treatment Plant (1); Distribution System/Zone (1); Intake (4),38,9,1,0,74,34,2025-07-14,NA,NA
NJ-05,NJ1922017,VEOLIA WATER NEW JERSEY HIGHLAND LAKES,NJ,88,23,GW,P,4,Distribution System/Zone (1); Treatment Plant (1); Well (1); Sampling Station (1),88,80,0,0,158,12,2017-08-28,40.968408,-73.986673
NJ-05,NJ1615003,PASSAIC VALLEY W C HIGH CREST,NJ,1132,283,SWP,L,4,Sampling Station (1); Distribution System/Zone (1); Consecutive Connection (2),45,32,8,0,68,33,2025-04-16,40.8853605,-74.150124
NJ-05,NJ1433001,RIVERDALE BORO WATER DEP,NJ,2850,1150,SWP,L,8,Well (1); Treatment Plant (1); Sampling Station (1); Consecutive Connection (4); Distribution System/Zone (1),52,1,0,0,28,21,2025-09-30,40.9891919,-74.3022459
NJ-05,NJ1911001,AQUA NJ - WALLKILL,NJ,1050,389,GW,P,6,Distribution System/Zone (1); Treatment Plant (2); Sampling Station (1); Well (2),185,1,2,0,44,19,2026-03-12,40.2059778,-74.6384843
NJ-05,NJ1911004,AQUA NJ - SUMMIT LAKE,NJ,177,76,GW,P,4,Distribution System/Zone (1); Sampling Station (1); Treatment Plant (1); Well (1),32,11,1,0,34,19,2025-08-21,40.2059778,-74.6384843
NJ-05,NJ1922008,AQUA NJ - VERNON,NJ,515,206,GW,P,13,Well (8); Treatment Plant (3); Sampling Station (1); Distribution System/Zone (1),54,18,2,0,51,20,2026-03-12,40.2059778,-74.6384843
MN-03,MN1270066,Countryside Estates,MN,116,72,GW,P,7,Treatment Plant (3); Well (3); Distribution System/Zone (1),12,7,0,0,49,23,2024-08-08,NA,NA
MN-03,MN1270034,Minnetonka Beach,MN,547,214,GW,L,7,Distribution System/Zone (1); Consecutive Connection (3); Well (2); Treatment Plant (1),1,1,0,0,6,24,2025-09-22,NA,NA
MN-03,MN1270042,Osseo,MN,2650,828,GWP,L,4,Consecutive Connection (3); Distribution System/Zone (1),6,2,1,0,29,23,2025-02-20,45.1208368,-93.4025166
MN-03,MN1270075,SE Corcoran,MN,2964,1384,GWP,L,5,Consecutive Connection (4); Distribution System/Zone (1),0,0,0,0,0,6,2025-03-03,45.103148,-93.5420326
MN-03,MN1270019,Loretto,MN,637,258,GW,L,5,Distribution System/Zone (1); Treatment Plant (2); Well (2),0,0,0,0,1,23,2025-09-22,NA,NA
MN-03,MN1270076,Curtis Flats,MN,33,18,GW,P,3,Treatment Plant (1); Well (1); Distribution System/Zone (1),2,0,0,0,9,9,2025-02-11,NA,NA
MN-03,MN1270062,West Broadway Apartments,MN,80,3,GW,P,4,Common Headers (1); Distribution System/Zone (1); Well (2),11,6,0,0,38,24,2025-06-05,NA,NA
MN-03,MN1270015,Maple Hill Estates,MN,490,191,GW,P,4,Well (2); Treatment Plant (1); Distribution System/Zone (1),2,0,0,0,3,23,2025-11-19,NA,NA
MN-03,MN1270074,Greenfield,MN,313,97,GW,L,5,Distribution System/Zone (1); Treatment Plant (1); Well (1); Consecutive Connection (2),4,0,3,0,14,14,2025-03-12,45.0784923,-93.7202269
MN-03,MN1270021,Maple Plain,MN,2174,666,GW,L,6,Treatment Plant (1); Well (4); Distribution System/Zone (1),2,1,1,0,14,21,2024-08-08,45.0092363,-93.6524541
MN-03,MN1270041,Orono,MN,3062,1047,GW,L,11,Well (4); Treatment Plant (2); Distribution System/Zone (1); Consecutive Connection (4),2,1,0,0,5,22,2024-03-11,44.9905501,-93.5929619
MN-03,MN1270053,Spring Park,MN,1743,370,GW,L,7,Consecutive Connection (2); Distribution System/Zone (1); Treatment Plant (1); Well (3),2,1,0,0,13,24,2025-03-24,NA,NA
MN-03,MN1270049,Saint Bonifacius,MN,2374,827,GW,L,5,Distribution System/Zone (1); Well (3); Treatment Plant (1),1,1,0,0,6,24,2025-02-25,NA,NA
MN-03,MN1270012,Excelsior,MN,2483,736,GW,L,5,Distribution System/Zone (1); Well (3); Treatment Plant (1),0,0,0,0,2,24,2024-12-02,NA,NA
MN-03,MN1270018,Long Lake,MN,1729,761,GW,L,6,Well (2); Treatment Plant (2); Distribution System/Zone (1); Consecutive Connection (1),6,3,0,0,27,24,2024-08-21,44.9868883,-93.5744033
MN-03,MN1270013,Tonka Bay,MN,1442,684,GW,L,4,Distribution System/Zone (1); Well (2); Treatment Plant (1),1,1,0,0,6,25,2024-12-09,NA,NA
MN-03,MN1270061,Riverview Apartment Partnership,MN,700,254,GW,P,4,Distribution System/Zone (1); Well (2); Treatment Plant (1),6,1,0,0,16,23,2025-02-26,NA,NA
MN-03,MN1270025,Sun Valley Mobile Home Park,MN,500,63,GW,P,4,Well (2); Common Headers (1); Distribution System/Zone (1),2,1,0,0,8,22,2024-08-13,NA,NA
MN-02,MN1400005,Kasota,MN,670,205,GW,L,3,Treatment Plant (1); Well (1); Distribution System/Zone (1),9,0,8,0,56,25,2023-11-07,NA,NA
MN-02,MN1700026,Territory Community,MN,320,91,GW,P,4,Well (3); Distribution System/Zone (1),1,0,0,0,4,10,2025-05-20,NA,NA
MN-02,MN1820034,Eagle's Watch Development,MN,140,46,GW,P,2,Distribution System/Zone (1); Well (1),0,0,0,0,0,16,2025-02-12,NA,NA
MN-02,MN1700027,Stonebridge Estates,MN,100,32,GW,P,4,Treatment Plant (1); Well (2); Distribution System/Zone (1),6,0,0,0,23,9,2023-12-11,NA,NA
MN-02,MN1190016,Queen Anne Court,MN,400,157,GW,P,3,Treatment Plant (1); Well (1); Distribution System/Zone (1),14,0,2,0,52,24,2025-07-02,NA,NA
MN-02,MN1190013,Minnesota Veterans Home,MN,180,10,GW,P,7,Well (3); Treatment Plant (3); Distribution System/Zone (1),3,0,3,0,9,24,2024-12-09,44.7274519,-92.8471216
MN-02,MN1400019,Lakes and Links Homeowners Association,MN,63,18,GW,P,4,Distribution System/Zone (1); Well (3),4,3,1,0,15,20,2024-05-16,NA,NA
MN-02,MN1190022,Lexington Riverside Condominium,MN,200,130,GW,P,4,Well (2); Treatment Plant (1); Distribution System/Zone (1),6,2,2,0,28,24,2024-06-17,NA,NA
MN-02,MN1700012,Bonnevista Terrace Mobile Home Park,MN,579,200,GW,P,3,Distribution System/Zone (1); Well (2),0,0,0,0,1,24,2025-12-22,NA,NA
MN-02,MN1700024,Stonebrooke Addition I,MN,100,34,GW,P,2,Distribution System/Zone (1); Well (1),2,0,0,0,5,17,2025-05-01,44.7503317,-93.5163689
MN-02,MN1700025,Stonebrooke Addition II,MN,50,18,GW,P,2,Distribution System/Zone (1); Well (1),6,0,0,0,35,13,2023-12-14,44.7565612,-93.5173099
MN-02,MN1400003,Elysian,MN,656,465,GW,L,5,Treatment Plant (2); Well (2); Distribution System/Zone (1),8,5,5,0,47,26,2025-09-10,NA,NA
MN-02,MN1190009,Empire,MN,3152,819,GW,L,6,Distribution System/Zone (1); Well (3); Treatment Plant (2),1,1,0,0,4,24,2024-02-26,NA,NA
MN-02,MN1190010,Hampton,MN,691,251,GW,L,5,Distribution System/Zone (1); Treatment Plant (2); Well (2),3,0,3,0,24,23,2023-02-28,44.6055116,-92.9989555
MN-02,MN1400008,Le Center,MN,2544,923,GW,L,5,Distribution System/Zone (1); Well (3); Treatment Plant (1),25,0,1,0,17,25,2023-12-11,NA,NA
MN-02,MN1190025,Randolph,MN,355,179,GW,L,3,Distribution System/Zone (1); Treatment Plant (1); Well (1),28,6,1,0,73,23,2025-06-24,NA,NA
MN-02,MN1190011,New Trier,MN,120,43,GW,L,5,Treatment Plant (2); Well (2); Distribution System/Zone (1),8,6,1,0,40,24,2025-06-02,44.6012931,-93.0037358
MN-02,MN1190028,Vermillion,MN,451,161,GW,L,5,Treatment Plant (2); Well (2); Distribution System/Zone (1),2,0,0,0,9,23,2025-12-10,NA,NA
MN-02,MN1400015,Waterville,MN,1868,836,GW,L,4,Treatment Plant (1); Well (2); Distribution System/Zone (1),3,3,0,0,13,25,2025-09-10,44.2175085,-93.5665335
MN-02,MN1660015,Dundas,MN,1490,761,GW,L,6,Pump Facility (1); Distribution System/Zone (1); Well (2); Treatment Plant (2),7,4,0,0,21,21,2023-10-09,NA,NA
MN-02,MN1700015,"Engelhaven Utility Association, Inc.",MN,130,39,GW,P,2,Well (1); Distribution System/Zone (1),1,0,1,0,8,25,2024-02-28,NA,NA
MN-02,MN1190021,Southridge Mobile Home Park,MN,40,19,GW,P,2,Distribution System/Zone (1); Well (1),14,4,2,0,59,23,2026-03-12,NA,NA
MN-02,MN1190027,Skyline Village Mobile Home Park,MN,1185,395,GW,P,3,Well (1); Consecutive Connection (1); Distribution System/Zone (1),29,23,19,0,117,22,2026-03-17,NA,NA
MN-02,MN1400001,Cleveland,MN,719,314,GW,L,5,Distribution System/Zone (1); Well (2); Treatment Plant (2),2,0,2,0,12,25,2023-11-30,44.3248056,-93.8373249
MN-02,MN1700016,Brookhaven Development,MN,27,14,GW,P,2,Well (1); Distribution System/Zone (1),12,3,5,0,64,23,2024-02-20,NA,NA
MN-02,MN1190031,"Empire Rentals, LLC",MN,53,41,GW,P,3,Distribution System/Zone (1); Treatment Plant (1); Well (1),17,3,1,0,54,8,2024-03-28,NA,NA
MN-02,MN1660017,Morgedal Homeowners Association,MN,49,17,GW,P,2,Distribution System/Zone (1); Well (1),2,0,0,0,8,11,2024-02-07,NA,NA
MN-02,MN1700021,Westridge Lake Estates,MN,180,41,GW,P,4,Common Headers (1); Well (2); Distribution System/Zone (1),6,0,1,0,27,20,2025-01-23,44.7354219,-93.5144971
MN-02,MN1400007,Kilkenny,MN,134,90,GW,L,5,Distribution System/Zone (1); Well (2); Treatment Plant (2),6,0,0,0,12,25,2025-09-10,NA,NA
MN-02,MN1660007,Morristown,MN,987,313,GW,L,5,Distribution System/Zone (1); Treatment Plant (2); Well (2),2,1,0,0,7,24,2025-06-17,NA,NA
MN-02,MN1700011,Jackson Heights Mobile Home Park,MN,220,63,GW,P,3,Treatment Plant (1); Well (1); Distribution System/Zone (1),14,5,0,0,59,23,2024-07-01,NA,NA
MN-02,MN1700010,Mobile Manor Mobile Home Park,MN,197,69,GW,P,3,Well (2); Distribution System/Zone (1),7,0,0,0,25,23,2026-03-12,NA,NA
MN-02,MN1660013,Carleton College,MN,2485,28,GW,P,4,Distribution System/Zone (1); Consecutive Connection (1); Well (1); Treatment Plant (1),8,4,0,0,23,22,2024-09-19,NA,NA
MN-02,MN1700005,Valleyview Board and Lodge,MN,110,2,GW,P,5,Distribution System/Zone (1); Well (2); Treatment Plant (2),5,0,0,0,23,24,2025-08-11,NA,NA
MN-02,MN1660008,South Cedar Shores Mobile Home Park,MN,60,24,GW,P,3,Distribution System/Zone (1); Treatment Plant (1); Well (1),5,1,1,0,19,25,2025-04-30,NA,NA
MN-02,MN1660011,Webster,MN,190,44,GW,P,3,Distribution System/Zone (1); Well (2),6,2,2,0,29,24,2023-12-19,NA,NA
MN-02,MN1400006,Webster Street Homes,MN,34,15,GW,P,2,Well (1); Distribution System/Zone (1),9,1,0,0,41,24,2023-11-07,44.2836422,-93.9665745
NJ-01,NJ0436008,WINSLOW TWP DMU,NJ,172,87,GW,L,5,Treatment Plant (1); Well (2); Sampling Station (1); Distribution System/Zone (1),28,18,1,0,53,23,2024-09-01,NA,NA
NJ-01,NJ0819001,WENONAH WATER DEPARTMENT,NJ,2357,834,GW,L,6,Well (2); Treatment Plant (2); Sampling Station (1); Distribution System/Zone (1),14,11,0,0,23,21,2025-05-21,NA,NA
NJ-01,NJ0436001,ANCORA PSYCHIATRIC HOSPI,NJ,2506,50,SWP,S,4,Well (1); Sampling Station (1); Consecutive Connection (1); Distribution System/Zone (1),65,6,15,0,173,24,2025-11-18,39.6819276,-74.8650256
NJ-01,NJ0823001,WOODBURY HEIGHTS W UTILI,NJ,3008,1140,SWP,L,7,Distribution System/Zone (1); Well (2); Treatment Plant (2); Sampling Station (1); Consecutive Connection (1),44,17,0,0,62,19,2025-04-04,39.817622,-75.151616
NJ-01,NJ0435003,WATERFORD TOWNSHIP WATER DEPT.,NJ,1184,1021,GW,L,11,Consecutive Connection (6); Distribution System/Zone (1); Sampling Station (1); Well (2); Treatment Plant (1),35,1,1,0,34,14,2025-07-25,39.767604,-74.889593
NJ-01,NJ0410002,BNAI BRITH CHESILHURST HOUSE,NJ,49,1,GW,P,5,Distribution System/Zone (1); Treatment Plant (1); Sampling Station (1); Well (2),6,1,0,0,9,16,2020-02-04,39.7436062,-74.8760545
NJ-01,NJ0436010,WINSLOW COURT HOMES INC,NJ,90,41,GW,P,5,Distribution System/Zone (1); Well (2); Sampling Station (1); Treatment Plant (1),47,1,2,0,34,14,2024-03-26,39.7216121,-74.9652364
NJ-01,NJ0810005,MANOR WATER ASSOCIATIONS,NJ,75,36,GW,P,5,Common Headers (1); Distribution System/Zone (1); Well (2); Sampling Station (1),75,29,14,0,172,17,2025-06-25,NA,NA
NJ-01,NJ0436009,ELMTOWNE VILLAGE ASSOC. SYS II,NJ,100,70,GW,P,5,Sampling Station (1); Well (2); Distribution System/Zone (1); Common Headers (1),30,9,0,0,33,14,2023-08-24,NA,NA
NJ-01,NJ0435324,ONYX BEHAVIORAL HEALTH CARE,NJ,215,6,GW,P,5,Well (2); Treatment Plant (1); Sampling Station (1); Distribution System/Zone (1),5,1,0,0,14,21,2025-10-28,NA,NA
NJ-01,NJ0436002,ELMTOWNE VILLAGE  ASSOC SYS I,NJ,100,70,GW,P,6,Well (3); Sampling Station (1); Common Headers (1); Distribution System/Zone (1),27,3,2,0,38,15,2023-08-24,NA,NA
NJ-01,NJ0410001,TOWN & COUNTRY MHP,NJ,200,100,GW,P,5,Distribution System/Zone (1); Well (2); Treatment Plant (1); Sampling Station (1),161,7,0,0,50,19,2025-02-21,NA,NA
NJ-01,NJ0812001,NATIONAL PARK WATER DEPARTMENT,NJ,3144,1142,SWP,L,5,Distribution System/Zone (1); Consecutive Connection (1); Well (1); Treatment Plant (1); Sampling Station (1),20,2,0,0,43,17,2024-07-24,NA,NA
NJ-01,NJ0407001,BROOKLAWN WATER DEPARTME,NJ,2300,940,GW,L,6,Distribution System/Zone (1); Well (3); Sampling Station (1); Treatment Plant (1),28,9,0,0,45,20,2023-10-11,39.877583,-75.118642
NJ-06,NJ1331001,GATEWAY NRA SANDY HOOK,NJ,500,138,GW,F,4,Sampling Station (1); Well (1); Treatment Plant (1); Distribution System/Zone (1),80,4,8,0,99,17,2024-10-08,NA,NA
NJ-06,NJ1330004,ABERDEEN - FRENEAU,NJ,286,110,SWP,L,3,Consecutive Connection (2); Distribution System/Zone (1),31,4,2,0,62,12,2024-09-05,40.4064082,-74.2257352
NJ-06,NJ1330003,ABERDEEN- HIGH SCHOOL/OAKSHADE AREA,NJ,2123,441,SWP,L,3,Consecutive Connection (2); Distribution System/Zone (1),37,4,1,0,72,12,2024-09-05,40.4064082,-74.2257352
NJ-10,NJ2021001,WINFIELD MUTUAL HOUSING,NJ,1600,254,SWP,P,5,Sampling Station (1); Consecutive Connection (3); Distribution System/Zone (1),39,24,1,0,27,9,2023-06-12,NA,NA
NJ-10,NJ0706001,ESSEX FELLS WATER DEPT,NJ,2200,758,SWP,L,22,Sampling Station (1); Well (16); Treatment Plant (3); Distribution System/Zone (1); Consecutive Connection (1),60,4,1,0,56,21,2024-03-13,40.7435323,-74.4937084
NJ-10,NJ0715002,NORTH CALDWELL - HILLTOP,NJ,208,15,SWP,L,2,Distribution System/Zone (1); Consecutive Connection (1),20,1,0,0,44,12,2025-11-13,40.8605217,-74.2613494
NJ-10,NJ0706002,ESSEX FELLS WATER HILLTOP SYSTEM,NJ,354,4,SWP,L,3,Distribution System/Zone (1); Consecutive Connection (2),12,3,0,0,23,14,2024-07-31,40.8296017,-74.2847193
NJ-07,NJ1023001,STOCKTON WATER DEPARTMENT,NJ,650,226,GW,L,6,Distribution System/Zone (1); Treatment Plant (2); Well (2); Sampling Station (1),74,25,3,0,101,17,2022-04-26,NA,NA
NJ-07,NJ1025001,EDNA MAHAN CORRECTIONAL,NJ,940,32,GW,S,4,Distribution System/Zone (1); Treatment Plant (1); Sampling Station (1); Well (1),37,26,1,0,47,18,2022-11-17,NA,NA
NJ-07,NJ1006300,TEEN CHALLENGE,NJ,40,1,GW,P,5,Sampling Station (1); Well (2); Treatment Plant (1); Distribution System/Zone (1),34,15,1,0,60,9,2025-09-24,40.597322,-74.841782
NJ-07,NJ2102001,ALPHA MUNICIPAL WATER WORKS,NJ,2530,1190,GW,L,7,Distribution System/Zone (1); Well (3); Treatment Plant (2); Sampling Station (1),340,13,5,0,138,20,2024-07-30,40.6623247,-75.1603758
NJ-07,NJ1013001,HAMPTON BOROUGH WATER DEPART,NJ,1401,512,GW,L,5,Sampling Station (1); Treatment Plant (1); Well (2); Distribution System/Zone (1),33,12,1,0,58,19,2026-02-19,NA,NA
NJ-07,NJ1012001,GLEN GARDNER W DEPT,NJ,1705,623,GW,L,5,Sampling Station (1); Well (2); Treatment Plant (1); Distribution System/Zone (1),59,22,4,0,56,18,2023-12-13,NA,NA
NJ-07,NJ1019002,SENATOR G.W. HAGEDORN PSYCHIATRIC HOSPIT,NJ,200,15,GW,S,4,Distribution System/Zone (1); Treatment Plant (1); Well (1); Sampling Station (1),92,32,2,0,116,17,2023-11-30,NA,NA
NJ-07,NJ1007001,DELAWARE TOWNSHIP MUA,NJ,500,173,GW,L,5,Distribution System/Zone (1); Treatment Plant (1); Well (2); Sampling Station (1),27,10,3,0,58,21,2026-02-11,NA,NA
NJ-07,NJ1011001,NJ AMERICAN WATER - FRENCHTOWN,NJ,1373,520,GW,P,9,Distribution System/Zone (1); Well (4); Treatment Plant (3); Sampling Station (1),71,8,0,0,14,19,2025-10-29,NA,NA
NJ-07,NJ2103001,NJ AMERICAN WATER - BELVIDERE,NJ,2854,1196,GW,P,5,Well (2); Sampling Station (1); Treatment Plant (1); Distribution System/Zone (1),18,18,0,0,3,16,2025-03-04,40.740713,-74.269634
NJ-07,NJ2123002,WINDTRYST APTS,NJ,216,14,GW,P,5,Distribution System/Zone (1); Well (2); Sampling Station (1); Treatment Plant (1),34,23,1,0,40,17,2023-08-07,39.9647866,-74.9445003
NJ-07,NJ1021363,HUNTERDON CARE CENTER,NJ,284,1,GW,P,5,Well (2); Sampling Station (1); Treatment Plant (1); Distribution System/Zone (1),4,1,1,0,3,15,2025-04-29,NA,NA
NJ-07,NJ2117003,OXFORD HERITAGE MANOR,NJ,60,32,GW,P,5,Treatment Plant (1); Well (2); Sampling Station (1); Distribution System/Zone (1),40,15,0,0,88,14,2024-04-23,NA,NA
NJ-07,NJ1019311,LITTLE BROOK NURSING CONVALESCENT HOME,NJ,36,1,GW,P,4,Treatment Plant (1); Well (1); Sampling Station (1); Distribution System/Zone (1),97,24,15,0,151,17,2024-03-28,NA,NA
NJ-07,NJ1904007,COLBY WATER CO,NJ,65,19,GW,P,3,Sampling Station (1); Well (1); Distribution System/Zone (1),22,16,2,0,17,17,2025-07-21,40.963281,-74.718866
NJ-07,NJ1901001,ANDOVER BORO WATER DEPT,NJ,606,274,GW,L,5,Treatment Plant (1); Well (2); Sampling Station (1); Distribution System/Zone (1),20,15,0,0,31,18,2024-08-15,40.986885,-74.742293
NJ-07,NJ1918003,SPARTA TWP WATER UTILITY -- HIGHLANDS,NJ,1618,558,GW,L,13,Distribution System/Zone (1); Treatment Plant (4); Well (7); Sampling Station (1),145,13,2,0,110,22,2023-12-13,41.0399556,-74.6306229
NJ-07,NJ1920001,STILLWATER WATER DISTRICT 1,NJ,1200,402,GW,L,14,Distribution System/Zone (1); Well (7); Sampling Station (1); Treatment Plant (5),482,136,13,0,373,25,2026-02-06,NA,NA
NJ-07,NJ1918013,SPARTA TWP WTR - SUNSET,NJ,342,117,GW,L,6,Consecutive Connection (1); Distribution System/Zone (1); Well (2); Treatment Plant (1); Sampling Station (1),21,2,1,0,20,18,2023-12-13,41.0399556,-74.6306229
NJ-07,NJ1907001,GREEN HILLS EST PROP OWN,NJ,175,45,GW,P,6,Well (2); Treatment Plant (2); Sampling Station (1); Distribution System/Zone (1),190,3,3,0,52,20,2024-08-14,41.0600047,-74.7688768
NJ-07,NJ1904004,NORTH SHORE WATER ASSOCIATION,NJ,105,31,GW,P,4,Treatment Plant (1); Well (1); Sampling Station (1); Distribution System/Zone (1),362,46,14,0,161,24,2025-10-02,NA,NA
NJ-07,NJ1904006,STRAWBERRY POINT POA,NJ,95,35,GW,P,5,Distribution System/Zone (1); Sampling Station (1); Well (2); Treatment Plant (1),16,8,1,0,27,24,2023-12-04,NA,NA
NJ-07,NJ2106304,FOREST MANOR RETIREMENT HOME,NJ,224,1,GW,P,4,Well (1); Treatment Plant (1); Sampling Station (1); Distribution System/Zone (1),55,9,5,0,39,18,2024-11-27,NA,NA
NJ-07,NJ2112001,VEOLIA WATER NJ INDEPENDENCE VALLEY VIEW,NJ,110,28,GW,P,4,Well (1); Sampling Station (1); Treatment Plant (1); Distribution System/Zone (1),26,5,1,0,38,21,2025-05-21,40.968408,-73.986673
NJ-07,NJ1436006,ROXBURY TWP W DEPT-EVERGREEN,NJ,90,31,GW,L,5,Distribution System/Zone (1); Well (2); Sampling Station (1); Treatment Plant (1),17,0,0,0,11,11,2024-02-29,40.903998,-74.661101
NJ-07,NJ1908308,TRANQUIL VALLEY RETREAT CENTER,NJ,232,17,GW,P,3,Well (1); Sampling Station (1); Distribution System/Zone (1),62,4,3,0,82,16,2025-10-03,NA,NA
NJ-07,NJ1426004,VEOLIA WATER NEW JERSEY ARLINGTON HILLS,NJ,1989,650,GW,P,5,Treatment Plant (1); Sampling Station (1); Well (2); Distribution System/Zone (1),25,0,0,0,11,26,2022-09-26,40.968408,-73.986673
NJ-07,NJ1427010,NJ VASA HOME WATER SYS,NJ,125,17,GW,P,4,Distribution System/Zone (1); Treatment Plant (1); Sampling Station (1); Well (1),535,38,9,0,96,19,2025-07-24,NA,NA
NJ-07,NJ1427012,MOUNT OLIVE LYNWOOD WATER SYSTEM,NJ,57,19,GWP,L,6,Distribution System/Zone (1); Consecutive Connection (1); Sampling Station (1); Well (2); Treatment Plant (1),61,15,0,0,120,13,2023-04-13,NA,NA
NJ-07,NJ1904002,VEOLIA WATER NEW JERSEY EAST BROOKWOOD,NJ,612,180,GW,P,6,Distribution System/Zone (1); Sampling Station (1); Well (2); Treatment Plant (2),232,7,1,0,54,18,2026-03-24,40.968408,-73.986673
NJ-07,NJ1427014,MT OLIVE CARLTON HILLS WATER SYSTEM,NJ,267,89,GW,L,5,Well (2); Sampling Station (1); Treatment Plant (1); Distribution System/Zone (1),52,16,2,0,102,15,2025-10-03,NA,NA
NJ-07,NJ1427002,MOUNT OLIVE W.D. GOLDMINE SYSTEM,NJ,267,89,GWP,L,5,Consecutive Connection (1); Well (1); Sampling Station (1); Treatment Plant (1); Distribution System/Zone (1),137,24,0,0,118,20,2026-03-16,NA,NA
NJ-07,NJ1426002,MOUNT ARLINGTON DPW KADEL SYS,NJ,1053,195,GWP,L,4,Sampling Station (1); Distribution System/Zone (1); Consecutive Connection (2),39,18,2,0,66,15,2024-05-30,40.9317745,-74.6302435
NJ-07,NJ1427008,MT OLIVE TWP WD PINECREST,NJ,648,216,GW,L,6,Distribution System/Zone (1); Treatment Plant (1); Well (3); Sampling Station (1),129,43,6,0,200,17,2026-03-11,NA,NA
NJ-07,NJ1427006,MOUNT OLIVE TWP W D SAND,NJ,744,248,GW,L,9,Treatment Plant (3); Well (4); Sampling Station (1); Distribution System/Zone (1),232,41,6,0,180,17,2026-03-10,NA,NA
NJ-07,NJ2112002,VEOLIA WATER NJ INDEPENDENCE HIGHLAND,NJ,350,121,GW,P,4,Treatment Plant (1); Sampling Station (1); Well (1); Distribution System/Zone (1),6,1,0,0,12,21,2025-05-21,40.968408,-73.986673
NJ-07,NJ1904001,BROOKWOOD MUSCONETCONG RIVER POA,NJ,1087,410,GW,P,7,Treatment Plant (2); Well (3); Sampling Station (1); Distribution System/Zone (1),92,5,0,0,47,19,2025-08-18,NA,NA
NJ-07,NJ1427009,NJ AMERICAN WATER - WEST JERSEY,NJ,837,210,GW,P,4,Distribution System/Zone (1); Sampling Station (1); Well (1); Treatment Plant (1),27,0,0,0,8,22,2026-02-25,NA,NA
NJ-07,NJ1427018,MORRIS CHASE/MORRIS HUNT PCWS,NJ,1080,21,GW,P,10,Treatment Plant (1); Well (8); Distribution System/Zone (1),42,9,2,0,88,9,2023-12-13,NA,NA
NJ-07,NJ1427015,MT OLIVE TWP TINC FARM,NJ,597,199,GW,L,9,Sampling Station (1); Well (4); Treatment Plant (3); Distribution System/Zone (1),466,67,6,0,203,15,2026-03-10,NA,NA
NJ-07,NJ1426005,MOUNT ARLINGTON BORO DPW MAIN,NJ,1978,685,GWP,P,4,Distribution System/Zone (1); Consecutive Connection (2); Sampling Station (1),33,10,4,0,72,13,2026-01-14,40.9317745,-74.6302435
NJ-07,NJ2113301,CLOVER REST HOME,NJ,64,1,GW,P,4,Distribution System/Zone (1); Well (2); Sampling Station (1),35,3,3,0,63,18,2025-09-17,NA,NA
NJ-07,NJ2113002,RIVERSIDE MHP,NJ,85,36,GW,P,5,Common Headers (1); Distribution System/Zone (1); Well (2); Sampling Station (1),42,26,8,0,82,17,2025-10-01,NA,NA
NJ-07,NJ2113003,TRIPLE BROOK MOBILE HOME,NJ,32,20,GW,P,5,Distribution System/Zone (1); Well (2); Sampling Station (1); Treatment Plant (1),24,1,16,0,67,17,2025-12-23,40.6639339,-74.2889866
NJ-07,NJ2116004,WARREN HAVEN REHABILITATION & NURSING CT,NJ,430,1,GW,P,5,Distribution System/Zone (1); Treatment Plant (1); Sampling Station (1); Well (2),34,26,1,0,72,14,2024-11-13,40.8128061,-75.0328746
NJ-07,NJ1406002,WINDY ACRES MOBILE HOME,NJ,100,50,GW,P,4,Sampling Station (1); Well (1); Treatment Plant (1); Distribution System/Zone (1),88,15,6,0,70,16,2024-04-04,40.7866493,-74.6921142
NJ-07,NJ2116002,HILLSIDE VILLAGE,NJ,75,28,GW,P,5,Distribution System/Zone (1); Well (2); Sampling Station (1); Treatment Plant (1),27,14,0,0,33,19,2025-03-26,NA,NA
NJ-07,NJ1438006,SHERWOOD VILLAGE,NJ,75,31,GW,P,4,Distribution System/Zone (1); Well (1); Treatment Plant (1); Sampling Station (1),51,3,18,1,115,14,2026-02-11,40.7843397,-74.7456418
NJ-07,NJ1407001,AWM FOUR SEASONS AT CHESTER,NJ,280,120,GW,P,5,Sampling Station (1); Treatment Plant (1); Well (2); Distribution System/Zone (1),23,1,0,0,3,16,2025-08-15,40.7414297,-74.3576268
NJ-07,NJ1024001,NJ AMERICAN WATER - OLDWICK,NJ,246,82,GW,P,6,Distribution System/Zone (1); Well (3); Treatment Plant (1); Sampling Station (1),2,0,0,0,5,15,2024-05-08,NA,NA
NJ-07,NJ1803002,NJ AMERICAN WATER - TWIN LAKES,NJ,250,50,GW,P,5,Sampling Station (1); Well (2); Treatment Plant (1); Distribution System/Zone (1),22,18,0,0,21,25,2025-12-02,40.7414297,-74.3576268
NJ-07,NJ2104001,TOWNSHIP OF BLAIRSTOWN DPW,NJ,800,214,GW,L,7,Distribution System/Zone (1); Treatment Plant (2); Well (3); Sampling Station (1),27,9,0,0,41,18,2024-07-26,NA,NA
NJ-07,NJ1904003,FOREST LAKES WATER,NJ,1410,412,GW,P,6,Sampling Station (1); Well (2); Treatment Plant (2); Distribution System/Zone (1),15,8,1,0,23,21,2025-08-27,NA,NA
NJ-07,NJ2117002,HIGHLANDER HILLS ESTATES,NJ,120,87,GW,P,3,Sampling Station (1); Well (1); Distribution System/Zone (1),83,36,12,0,95,24,2025-10-17,NA,NA
NJ-07,NJ1006302,ROLLING HILLS CARE CENTER,NJ,97,1,GW,P,5,Distribution System/Zone (1); Sampling Station (1); Treatment Plant (1); Well (2),15,10,1,0,11,16,2024-05-16,NA,NA
NJ-07,NJ2123003,"COUNTRY VIEW VILLAGE, LLC",NJ,310,206,GW,P,5,Distribution System/Zone (1); Well (2); Treatment Plant (1); Sampling Station (1),66,12,3,0,99,15,2026-03-10,NA,NA
NJ-07,NJ1019003,CAMELOT AT SPRUCE RIDGE,NJ,85,37,GW,P,5,Distribution System/Zone (1); Common Headers (1); Well (2); Sampling Station (1),41,10,5,0,108,20,2025-12-03,NA,NA
NJ-07,NJ1025313,COUNTRY ARCH CARE CENTER,NJ,190,1,GW,P,5,Well (2); Treatment Plant (1); Sampling Station (1); Distribution System/Zone (1),7,1,0,0,13,16,2025-02-12,NA,NA
NJ-07,NJ1014001,HIGH BRIDGE W DEPT,NJ,3300,1472,GW,L,9,Distribution System/Zone (1); Treatment Plant (2); Well (5); Sampling Station (1),75,34,3,0,79,20,2026-02-06,40.6623059,-74.899856
NJ-07,NJ1020001,MILFORD W DEPT,NJ,1453,567,GW,L,6,Treatment Plant (2); Well (2); Sampling Station (1); Distribution System/Zone (1),39,15,5,0,59,15,2024-12-05,NA,NA
NJ-07,NJ1007002,ROSEMONT WATER COMPANY,NJ,256,74,GW,P,5,Distribution System/Zone (1); Well (2); Sampling Station (1); Treatment Plant (1),33,9,13,0,73,19,2024-12-03,40.43507,-74.9772171
NJ-07,NJ2021001,WINFIELD MUTUAL HOUSING,NJ,1600,254,SWP,P,5,Sampling Station (1); Consecutive Connection (3); Distribution System/Zone (1),39,24,1,0,27,9,2023-06-12,NA,NA
NJ-07,NJ1916001,OGDENSBURG W DEPT,NJ,2800,880,GW,L,6,Treatment Plant (2); Well (2); Sampling Station (1); Distribution System/Zone (1),220,4,2,0,96,17,2025-08-01,NA,NA
NJ-07,NJ1004001,AQUA NJ - CALIFON,NJ,936,634,GW,P,8,Distribution System/Zone (1); Well (4); Treatment Plant (2); Sampling Station (1),16,5,0,0,25,18,2025-06-17,40.2059778,-74.6384843
NJ-07,NJ1015003,AQUA NJ - RIEGEL RIDGE,NJ,621,239,GW,P,6,Distribution System/Zone (1); Sampling Station (1); Treatment Plant (2); Well (2),14,7,0,0,21,17,2024-08-21,40.2059778,-74.6384843
NJ-07,NJ1015004,AQUA NJ - FOX HILL,NJ,172,69,GW,P,5,Distribution System/Zone (1); Well (2); Sampling Station (1); Treatment Plant (1),3,0,1,0,6,15,2024-08-21,40.2059778,-74.6384843
NJ-07,NJ1019001,AQUA NJ - BUNNVALE,NJ,252,97,GW,P,9,Well (4); Treatment Plant (3); Sampling Station (1); Distribution System/Zone (1),564,5,1,0,36,18,2024-06-05,40.2059778,-74.6384843
NJ-07,NJ1438001,AQUA NJ CLIFFSIDE PARK,NJ,80,34,GW,P,5,Well (2); Sampling Station (1); Treatment Plant (1); Distribution System/Zone (1),81,20,3,0,85,22,2024-08-05,40.2059778,-74.6384843
NJ-07,NJ1904009,AQUA NJ - BYRAM,NJ,400,153,GW,P,6,Sampling Station (1); Treatment Plant (2); Well (2); Distribution System/Zone (1),256,16,10,0,101,16,2026-03-12,NA,NA
NJ-07,NJ1907002,AQUA NJ - BEAR BROOK,NJ,226,88,GW,P,5,Well (2); Sampling Station (1); Treatment Plant (1); Distribution System/Zone (1),15,1,1,0,34,16,2018-06-29,40.2059778,-74.6384843
NJ-07,NJ1908001,AQUA NJ - TRANQUILITY SPRINGS,NJ,599,46,GU,P,6,Distribution System/Zone (1); Treatment Plant (1); Well (3); Sampling Station (1),24,2,2,0,43,17,2025-08-28,40.2059778,-74.6384843
NJ-07,NJ2110001,AQUA NJ - BRAINARDS,NJ,135,52,GW,P,4,Treatment Plant (1); Sampling Station (1); Well (1); Distribution System/Zone (1),25,16,0,0,24,15,2024-04-23,40.2059778,-74.6384843
NJ-07,NJ2110003,AQUA NJ - HARKERS HOLLOW,NJ,40,17,GW,P,5,Treatment Plant (1); Well (2); Sampling Station (1); Distribution System/Zone (1),39,2,5,0,44,17,2025-09-11,40.2059778,-74.6384843
NJ-07,NJ2120001,AQUA NJ - RIEGELSVILLE,NJ,62,22,GWP,P,3,Distribution System/Zone (1); Consecutive Connection (1); Sampling Station (1),5,1,0,0,7,16,2022-12-08,40.2059778,-74.6384843
NJ-07,NJ2120002,AQUA NJ - WARREN GLEN,NJ,192,74,GW,P,6,Sampling Station (1); Well (3); Treatment Plant (1); Distribution System/Zone (1),4,0,0,0,10,17,2024-08-22,40.2059778,-74.6384843
MI-03,MI0006624,TILLICUM FARMS,MI,216,72,GW,P,6,Common Headers (1); Well (3); Storage (1); Distribution System/Zone (1),4,0,0,0,12,17,2024-01-24,NA,NA
MI-03,MI0006448,SUMMERSET MEADOWS,MI,100,40,GW,P,6,Well (3); Common Headers (1); Distribution System/Zone (1); Storage (1),4,0,0,0,15,17,2024-01-24,NA,NA
MI-03,MI0006071,"SILVER LAKE WATER AUTHORITY, INC.",MI,250,124,GW,P,6,Common Headers (1); Well (3); Distribution System/Zone (1); Storage (1),2,0,0,0,5,16,2024-02-20,NA,NA
MI-03,MI0062658,INTERSECT HEALTHCARE,MI,86,1,GW,P,5,Well (2); Storage (1); Distribution System/Zone (1); Common Headers (1),21,0,7,0,73,17,2025-09-03,43.005246,-85.8983547
MI-03,MI0040600,EGELCRAFT MOBILE HOME PARK,MI,1125,448,GW,P,7,Storage (1); Distribution System/Zone (1); Well (4); Treatment Plant (1),11,1,2,0,32,30,2025-09-10,NA,NA
MI-03,MI0040426,TALLMADGE MEADOWS,MI,268,107,GW,P,7,Common Headers (1); Well (3); Distribution System/Zone (1); Storage (2),14,2,1,1,51,22,2026-01-06,NA,NA
MI-03,MI0040279,LEISURE VILLAGE,MI,365,239,GW,P,10,Common Headers (2); Well (5); Storage (2); Distribution System/Zone (1),4,0,0,0,12,18,2025-04-17,NA,NA
MI-03,MI0002809,GRAND VALLEY ESTATES,MI,288,96,GW,L,5,Distribution System/Zone (1); Storage (1); Well (2); Treatment Plant (1),5,2,0,0,11,21,2026-01-29,42.9543128,-85.4874582
MI-03,MI0040417,CROCKERY MOBILE HOME PARK,MI,413,165,GW,P,7,Common Headers (1); Well (3); Storage (2); Distribution System/Zone (1),8,0,0,0,29,17,2025-01-28,NA,NA
MI-03,MI0004847,NORTHWEST OTTAWA CO WATER SYST,MI,1,6,SW,L,7,Treatment Plant (1); Distribution System/Zone (1); Clear Well (1); Pump Facility (2); Intake (2),2,0,0,0,7,27,2025-01-24,43.062494,-86.2257909
MI-03,MI0001664,CROCKERY TOWNSHIP,MI,1847,713,SWP,L,4,Distribution System/Zone (1); Storage (1); Pump Facility (1); Consecutive Connection (1),0,0,0,0,0,15,2022-11-17,43.0852324,-86.0671034
MI-03,MI0040586,LINCOLN PINES,MI,390,156,GW,P,11,Well (4); Treatment Plant (3); Storage (3); Distribution System/Zone (1),26,4,12,0,80,27,2025-09-19,NA,NA
MI-03,MI0040576,WHISPERING PINES,MI,125,50,GW,P,5,Well (2); Common Headers (1); Storage (1); Distribution System/Zone (1),7,0,1,0,28,18,2026-03-12,43.0900286,-85.6331328
MI-03,MI0040566,GLENWOOD ESTATES,MI,585,234,GW,P,5,Storage (1); Distribution System/Zone (1); Well (2); Treatment Plant (1),26,1,0,0,61,27,2026-03-12,NA,NA
MI-03,MI0040356,ARLINGTON WOODS,MI,1650,660,GW,P,17,Well (8); Storage (5); Distribution System/Zone (1); Common Headers (3),3,0,0,0,11,18,2024-12-20,43.2123538,-86.1507231
MI-03,MI0005610,RAVENNA,MI,1219,581,GW,L,6,Well (3); Treatment Plant (1); Distribution System/Zone (1); Storage (1),9,0,0,0,25,19,2025-03-12,43.1843939,-85.9457785
MI-03,MI0040419,GRAND COUNTRY,MI,130,52,GW,P,5,Well (2); Treatment Plant (1); Storage (1); Distribution System/Zone (1),12,0,1,0,30,30,2024-10-03,NA,NA
MI-03,MI0006230,SPRING LAKE,MI,2512,1163,SWP,L,2,Consecutive Connection (1); Distribution System/Zone (1),1,0,0,0,5,16,2025-02-20,43.076567,-86.197281
MI-03,MI0006025,SHELDON DUNES,MI,240,92,GW,L,6,Storage (1); Distribution System/Zone (1); Common Headers (1); Well (3),2,0,0,0,5,15,2025-04-09,NA,NA
MI-03,MI0004989,OLIVE/BLENDON TWPS,MI,544,180,SWP,L,3,Consecutive Connection (1); Distribution System/Zone (1); Storage (1),5,1,0,0,11,14,2024-05-22,43.0214249,-86.2200382
MI-03,MI0002285,FERRYSBURG,MI,3268,1421,SWP,L,2,Distribution System/Zone (1); Consecutive Connection (1),1,0,0,0,2,15,2025-06-12,43.0882521,-86.2183883
MI-06,MI0000322,AUSTIN COMMONS II,MI,280,44,GW,P,5,Distribution System/Zone (1); Storage (1); Well (2); Treatment Plant (1),2,0,0,0,6,11,2025-09-09,NA,NA
MI-06,MI0000430,BARTON HILLS,MI,450,140,GW,L,8,Distribution System/Zone (1); Storage (1); Well (4); Treatment Plant (2),13,0,7,0,49,12,2022-11-02,42.3041415,-83.7461014
MI-06,MI0001631,COPPER MEADOWS,MI,128,52,GW,P,4,Distribution System/Zone (1); Well (2); Treatment Plant (1),2,0,0,0,5,12,2025-07-03,NA,NA
MI-06,MI0005750,ROCKWOOD,MI,3240,1012,SWP,L,2,Distribution System/Zone (1); Consecutive Connection (1),3,0,0,0,7,14,2026-03-18,42.0661602,-83.2520545
MI-06,MI0006074,"SISTERS OF MARY, MOTHER OF EUCHARIST",MI,100,1,GW,P,5,Storage (1); Distribution System/Zone (1); Treatment Plant (1); Well (2),1,0,0,0,3,12,2024-02-21,42.3338814,-83.6700556
MI-06,MI0006130,SOUTH ROCKWOOD,MI,1587,569,SWP,L,2,Consecutive Connection (1); Distribution System/Zone (1),4,1,3,0,13,14,2024-08-19,NA,NA
MI-06,MI0006423,STONE RIDGE,MI,367,136,GW,P,4,Well (2); Treatment Plant (1); Distribution System/Zone (1),15,0,0,0,32,12,2022-12-20,NA,NA
MI-06,MI0006594,THORNTON FARMS,MI,1188,475,GW,P,6,Treatment Plant (1); Well (2); Storage (2); Distribution System/Zone (1),5,0,0,0,16,13,2025-02-18,NA,NA
MI-06,MI0007015,"MIDTOWN FLATS, LLC",MI,218,10,GW,P,5,Distribution System/Zone (1); Storage (1); Well (2); Treatment Plant (1),49,0,3,0,86,22,2026-03-26,43.0068093,-83.7617897
MI-06,MI0007035,WESTBROOK APARTMENTS,MI,330,132,GW,P,5,Storage (1); Distribution System/Zone (1); Treatment Plant (1); Well (2),8,1,2,0,23,11,2023-07-11,42.4096767,-83.7596465
MI-06,MI0040503,ORCHARD GROVE,MI,725,290,GW,P,5,Distribution System/Zone (1); Storage (1); Well (2); Treatment Plant (1),4,0,1,0,9,12,2025-06-26,42.5161658,-83.3342929
MI-06,MI0040657,NORTHVILLE CROSSING,MI,1890,756,GW,P,5,Distribution System/Zone (1); Storage (1); Well (2); Treatment Plant (1),27,0,0,0,22,12,2025-01-07,NA,NA
MI-06,MI0040663,RIVER RIDGE - SALINE,MI,720,288,GW,P,6,Treatment Plant (1); Well (3); Distribution System/Zone (1); Storage (1),0,0,0,0,0,13,2025-09-09,NA,NA
MI-06,MI0067101,REGENCY AT WHITMORE LAKE,MI,190,1,GW,P,6,Storage (2); Distribution System/Zone (1); Well (2); Common Headers (1),21,6,3,0,68,9,2024-02-14,42.409504,-83.7620248
MI-06,MI0007099,VILLAGE AT EAGLE GARDENS,MI,193,77,GW,P,5,Treatment Plant (1); Well (2); Storage (1); Distribution System/Zone (1),14,4,2,0,35,11,2025-02-05,NA,NA
MI-06,MI0006531,SYLVAN TOWNSHIP,MI,263,163,GW,L,5,Storage (1); Distribution System/Zone (1); Well (2); Treatment Plant (1),1,0,0,0,2,11,2023-07-06,42.3071282,-84.024628
MI-06,MI0005901,SALINE VALLEY FARMS,MI,375,150,GW,P,5,Well (2); Treatment Plant (1); Storage (1); Distribution System/Zone (1),3,1,1,0,9,11,2023-05-24,NA,NA
MI-06,MI0003940,LOCH ALPINE SANITARY AUTHORITY,MI,1506,538,GW,L,6,Storage (1); Distribution System/Zone (1); Well (3); Treatment Plant (1),6,2,0,0,15,10,2022-11-15,NA,NA
MI-06,MI0003001,HARBOR COVE APARTMENTS,MI,288,144,GW,P,5,Storage (1); Distribution System/Zone (1); Well (2); Treatment Plant (1),14,2,5,0,52,11,2023-10-18,42.4196336,-83.7617319
MI-06,MI0000221,ANN ARBOR TOWNSHIP,MI,1338,535,SWP,L,3,Consecutive Connection (1); Distribution System/Zone (1); Storage (1),4,0,0,0,9,13,2025-11-18,42.3284535,-83.732768
MI-06,MI0000215,ANDELINA FARMS,MI,750,105,GW,P,4,Distribution System/Zone (1); Treatment Plant (1); Well (2),0,0,0,0,0,2,2022-08-01,NA,NA
MI-06,MI0040306,COUNTRY VILLA ESTATES,MI,125,73,GW,P,5,Storage (1); Distribution System/Zone (1); Well (2); Common Headers (1),3,0,1,0,20,15,2023-08-29,NA,NA
MI-06,MI0004020,MANCHESTER,MI,2150,778,GW,L,5,Treatment Plant (1); Well (2); Storage (1); Distribution System/Zone (1),3,2,3,0,7,12,2024-02-14,42.14946,-84.0224789
MI-06,MI0001470,CLINTON,MI,2336,878,GW,L,5,Well (2); Treatment Plant (1); Distribution System/Zone (1); Storage (1),31,2,1,0,37,20,2023-09-20,42.0723695,-83.9712614
MI-04,MI0001465,CLIMAX,MI,767,274,GW,L,6,Distribution System/Zone (1); Storage (1); Well (3); Treatment Plant (1),2,1,1,0,7,14,2025-10-22,NA,NA
MI-04,MI0040248,CLIMAX MOBILE HOME PARK,MI,198,79,GW,P,5,Common Headers (1); Well (3); Distribution System/Zone (1),6,0,3,0,29,12,2025-04-30,NA,NA
MI-04,MI0000320,AUGUSTA,MI,885,382,GW,L,7,Storage (1); Distribution System/Zone (1); Treatment Plant (2); Sampling Station (1); Well (2),8,0,0,0,20,20,2025-10-08,NA,NA
MI-04,MI0002125,EMMETT TOWNSHIP,MI,2550,1086,GWP,L,4,Storage (1); Distribution System/Zone (1); Pump Facility (1); Consecutive Connection (1),12,6,6,0,33,12,2021-04-05,42.3097238,-85.1488065
MI-04,MI0040079,NP CREEK VALLEY SOUTH,MI,245,98,GW,P,6,Storage (1); Distribution System/Zone (1); Well (3); Common Headers (1),1,0,1,0,10,13,2025-09-24,NA,NA
MI-04,MI0040080,BEDFORD HILLS,MI,850,340,GW,P,8,Distribution System/Zone (1); Storage (2); Well (3); Treatment Plant (2),2,0,0,0,8,14,2024-04-23,NA,NA
MI-04,MI0040086,PHOENIX MOBILE HOME COURT,MI,82,33,GW,P,5,Common Headers (1); Distribution System/Zone (1); Storage (1); Well (2),11,0,2,1,45,12,2020-11-02,NA,NA
MI-04,MI0005232,PENNFIELD TWP-CONVIS/VERONA,MI,1,314,GWP,L,2,Consecutive Connection (1); Distribution System/Zone (1),2,2,1,0,6,15,2020-11-05,42.3210738,-85.1795218
MI-04,MI0006042,SHERWOOD SHORES CONDOMINIUMS,MI,90,36,GW,P,5,Well (2); Storage (1); Distribution System/Zone (1); Common Headers (1),17,2,2,0,57,13,2024-07-02,41.6482202,-87.9400273
MI-04,MI0006930,WATERVLIET,MI,2735,810,GW,L,7,Storage (1); Distribution System/Zone (1); Common Headers (1); Well (3); Treatment Plant (1),43,1,2,0,48,23,2025-03-21,NA,NA
MI-04,MI0040062,PAW PAW LAKE MH PARK,MI,122,49,GW,P,3,Distribution System/Zone (1); Well (2),9,0,8,0,51,15,2025-05-30,NA,NA
MI-04,MI0003820,LAWRENCE,MI,1045,391,GW,L,10,Storage (2); Distribution System/Zone (1); Well (3); Treatment Plant (3); Sampling Station (1),13,1,4,0,55,18,2024-10-23,NA,NA
MI-04,MI0006508,SWIFT LAKE FARMS,MI,60,25,GW,P,5,Common Headers (1); Distribution System/Zone (1); Storage (1); Well (2),62,2,9,0,87,2,2022-07-22,42.2902911,-85.5700313
MI-04,MI0040105,WHITE PINES MOBILE HOME PARK,MI,90,36,GW,P,5,Well (2); Storage (1); Distribution System/Zone (1); Common Headers (1),91,2,0,0,85,20,2024-09-26,NA,NA
MI-04,MI0040494,PHELPS MOBILE HOME VILLA,MI,98,52,GW,P,5,Well (2); Distribution System/Zone (1); Storage (1); Common Headers (1),7,0,3,0,25,10,2021-07-21,NA,NA
MI-04,MI0040495,RUSH LAKE MHP/CAMPGROUND,MI,41,24,GW,P,4,Well (2); Common Headers (1); Distribution System/Zone (1),10,1,7,0,39,15,2025-05-29,NA,NA
MI-04,MI0040498,VIKING RIVER MOBILE HOME PARK,MI,55,22,GW,P,4,Well (2); Distribution System/Zone (1); Common Headers (1),9,0,5,0,41,16,2023-10-04,NA,NA
MI-04,MI0040668,APPLEWOOD,MI,75,30,GW,P,4,Distribution System/Zone (1); Well (2); Common Headers (1),1,0,1,0,4,15,2025-08-20,NA,NA
MI-04,MI0004596,MYSTIC VIEW APARTMENTS,MI,100,21,GW,P,10,Common Headers (1); Well (8); Distribution System/Zone (1),3,0,3,0,12,8,2023-12-12,NA,NA
MI-04,MI0004873,STREAMS OF LIGHT INTERNATIONAL,MI,30,20,GW,P,3,Distribution System/Zone (1); Well (2),19,6,6,0,53,14,2024-06-30,NA,NA
MI-04,MI0040016,JOHNSONS MOBILE VILLAGE,MI,188,75,GW,P,4,Distribution System/Zone (1); Well (2); Common Headers (1),4,0,3,0,17,14,2024-02-28,NA,NA
MI-04,MI0040488,COUNTRY HOLIDAY ESTATES,MI,148,59,GW,P,4,Well (2); Distribution System/Zone (1); Common Headers (1),9,1,7,0,50,13,2026-03-25,42.4191912,-82.8844243
MI-04,MI0040491,PORT OF CALL - WEST,MI,105,61,GW,P,5,Treatment Plant (1); Well (3); Distribution System/Zone (1),6,0,5,0,15,12,2022-10-20,NA,NA
MI-04,MI0040496,SHADY BROOK MOBILE HOME PARK,MI,50,20,GW,P,4,Well (2); Distribution System/Zone (1); Common Headers (1),3,0,0,0,15,18,2026-03-25,NA,NA
MI-04,MI0040501,WOLF LAKE ESTATES,MI,99,41,GW,P,4,Distribution System/Zone (1); Well (2); Common Headers (1),9,0,2,1,37,15,2021-08-12,NA,NA
MI-04,MI0000796,GENERAL WHITE APARTMENTS,MI,50,19,GW,P,6,Common Headers (1); Storage (1); Distribution System/Zone (1); Well (2); Sampling Station (1),17,4,2,0,51,12,2026-02-20,NA,NA
MI-04,MI0002925,LAKE DOSTER,MI,1492,437,GW,L,7,Distribution System/Zone (2); Storage (1); Well (2); Treatment Plant (1); Consecutive Connection (1),7,0,2,0,22,15,2025-05-21,NA,NA
MI-04,MI0004876,OAK LANE APARTMENTS,MI,60,24,GW,P,4,Common Headers (1); Well (2); Distribution System/Zone (1),11,1,4,0,28,13,2025-09-03,42.2685682,-85.6628643
MI-04,MI0007231,YANKEE SPRINGS TOWNSHIP,MI,660,232,GW,L,5,Distribution System/Zone (1); Storage (1); Well (2); Treatment Plant (1),10,0,2,0,36,13,2025-08-14,NA,NA
MI-04,MI0040002,ALLEGAN MOBILE ESTATES,MI,100,42,GW,P,4,Well (2); Common Headers (1); Distribution System/Zone (1),2,0,2,0,10,14,2024-03-07,NA,NA
MI-04,MI0040007,TOPAZ MOBILE HOME PARK,MI,115,46,GW,P,4,Distribution System/Zone (1); Well (2); Treatment Plant (1),5,0,0,0,18,17,2025-04-16,42.8780088,-85.684198
MI-04,MI0040011,GUN RIVER MOBILE ESTATES,MI,415,166,GW,P,5,Distribution System/Zone (1); Treatment Plant (1); Well (3),15,0,0,0,15,17,2025-05-28,NA,NA
MI-04,MI0040014,HOMECREST VILLA MOBILE HOME PARK,MI,100,58,GW,P,4,Well (2); Treatment Plant (1); Distribution System/Zone (1),6,0,5,0,28,16,2024-11-26,NA,NA
MI-04,MI0040025,"SHADY ACRES COMMUNITY, LLC",MI,147,59,GW,P,5,Common Headers (1); Well (3); Distribution System/Zone (1),6,0,2,0,26,14,2024-04-18,42.7326812,-86.1057464
MI-04,MI0040027,SWAN LAKE MOBILE ESTATES,MI,100,47,GW,P,4,Well (2); Common Headers (1); Distribution System/Zone (1),7,3,4,0,24,14,2024-10-17,37.5706145,-77.4764596
MI-04,MI0040028,VILLAGE EAST ESTATES,MI,235,94,GW,P,5,Distribution System/Zone (1); Common Headers (1); Well (3),3,0,3,0,15,16,2023-05-11,NA,NA
MI-04,MI0040045,DUNLOPS ORCHARD PARK,MI,65,26,GW,P,4,Distribution System/Zone (1); Common Headers (1); Well (2),4,0,2,0,13,14,2025-11-21,42.4461843,-85.7300764
MI-04,MI0001530,COLOMA,MI,1555,440,GW,L,10,Well (4); Treatment Plant (4); Storage (1); Distribution System/Zone (1),54,1,0,0,29,15,2025-05-02,NA,NA
MI-04,MI0001657,COUNTRY VIEW MANOR CONDOS,MI,62,36,GW,P,5,Well (2); Common Headers (1); Distribution System/Zone (1); Storage (1),11,3,0,0,38,14,2025-08-04,NA,NA
MI-04,MI0003737,LAKE POINTE CONDOMINIUMS,MI,74,37,GW,P,5,Storage (1); Distribution System/Zone (1); Well (2); Common Headers (1),14,6,2,0,45,12,2024-08-09,NA,NA
MI-04,MI0005549,LAKE MICHIGAN BEACH RESORT POTTAWATTAMIE,MI,80,17,GW,P,5,Well (2); Common Headers (1); Distribution System/Zone (1); Storage (1),15,2,5,0,50,13,2021-10-27,NA,NA
MI-04,MI0001750,DECATUR,MI,1838,725,GW,L,5,Storage (1); Distribution System/Zone (1); Well (3),5,0,1,0,15,15,2025-06-27,42.1089466,-85.9744484
MI-04,MI0003070,HARTFORD,MI,2688,850,GW,L,6,Storage (1); Distribution System/Zone (1); Treatment Plant (1); Well (3),10,3,0,0,35,15,2025-09-02,42.2069711,-86.1672051
MI-04,MI0003830,LAWTON,MI,1900,492,GW,L,7,Well (4); Storage (1); Distribution System/Zone (1); Common Headers (1),14,2,6,0,46,18,2025-06-18,42.1673259,-85.8494878
MI-04,MI0004177,MATTAWAN,MI,2550,1279,GW,L,11,Common Headers (1); Storage (2); Distribution System/Zone (1); Treatment Plant (2); Well (5),16,2,6,0,63,15,2025-10-15,42.2087479,-85.7869655
MI-04,MI0005209,PAW PAW APTS - WEST MAPLE LAKE,MI,40,36,GW,P,6,Well (2); Distribution System/Zone (2); Storage (2),6,0,0,0,23,2,2021-05-21,NA,NA
MI-04,MI0040497,THREE MILE LAKE TRAILER PARK,MI,112,45,GW,P,5,Well (2); Storage (1); Distribution System/Zone (1); Common Headers (1),9,1,5,0,53,14,2026-03-25,NA,NA
MI-04,MI0004647,NAZARENE CAMP,MI,648,259,GW,P,6,Storage (1); Distribution System/Zone (1); Treatment Plant (1); Well (3),19,2,5,0,48,17,2023-01-19,NA,NA
MI-04,MI0006627,BEECHWOOD HILLS - TIMBER RIDGE,MI,160,102,GW,P,6,Well (3); Common Headers (1); Storage (1); Distribution System/Zone (1),17,7,3,0,58,20,2024-09-20,42.6901955,-83.1337434
MI-04,MI0001661,COVERT TOWNSHIP,MI,1805,825,SWP,L,3,Consecutive Connection (1); Distribution System/Zone (1); Storage (1),2,0,0,0,5,11,2025-07-18,NA,NA
MI-04,MI0002260,FENNVILLE,MI,2438,651,GW,L,6,Well (3); Treatment Plant (1); Distribution System/Zone (1); Storage (1),5,0,1,0,15,19,2025-12-17,NA,NA
MI-04,MI0002655,GLENN HAVEN SHORES,MI,100,46,GW,P,5,Well (3); Distribution System/Zone (1); Common Headers (1),7,1,4,0,29,12,2025-01-17,NA,NA
MI-04,MI0002659,GLENNWOODS SUBDIVISION,MI,77,34,GW,P,4,Common Headers (1); Distribution System/Zone (1); Well (2),1,0,0,0,2,12,2020-12-10,NA,NA
MI-04,MI0002680,GOBLES,MI,800,296,GW,L,8,Storage (1); Distribution System/Zone (1); Treatment Plant (3); Well (3),3,0,0,0,7,13,2019-12-19,42.3585578,-85.8755134
MI-04,MI0040008,DOGWOOD MANOR MOBILE HOME PARK,MI,190,76,GW,P,4,Distribution System/Zone (1); Well (2); Common Headers (1),4,0,2,0,13,13,2025-01-16,NA,NA
MI-04,MI0040030,RIVERSIDE ESTATES,MI,100,40,GW,P,4,Common Headers (1); Well (2); Distribution System/Zone (1),10,0,7,0,35,15,2024-02-28,NA,NA
MI-04,MI0040255,ROYAL ESTATES,MI,380,181,GW,P,6,Well (3); Distribution System/Zone (1); Storage (1); Common Headers (1),30,0,2,0,33,11,2025-12-03,42.5234937,-83.3484726
MI-04,MI0040606,MITCHELL BROTHERS MOBILE HOME PARK,MI,122,61,GW,P,5,Common Headers (1); Distribution System/Zone (1); Well (3),1,0,0,0,4,13,2025-08-05,NA,NA
MI-04,MI0000125,ALLEGAN COUNTY SERVICES CENTER,MI,101,9,GW,L,5,Well (2); Treatment Plant (1); Storage (1); Distribution System/Zone (1),32,0,1,0,27,15,2024-09-04,NA,NA
MI-04,MI0004155,MARTIN,MI,785,154,GW,L,7,Distribution System/Zone (1); Storage (1); Treatment Plant (2); Well (2); Sampling Station (1),8,0,0,0,29,12,2025-03-14,NA,NA
MI-04,MI0005065,OTSEGO TOWNSHIP,MI,1133,250,GW,L,9,Storage (1); Distribution System/Zone (1); Well (3); Treatment Plant (3); Sampling Station (1),3,0,0,0,12,14,2025-04-16,NA,NA
MI-04,MI0040005,BASELINE MOBILE HOME PARK,MI,188,75,GW,P,4,Common Headers (1); Well (2); Distribution System/Zone (1),1,0,1,0,6,16,2025-10-30,NA,NA
MI-04,MI0040250,EVERGREEN PARK,MI,190,76,GW,P,5,Well (3); Distribution System/Zone (1); Common Headers (1),6,0,2,0,25,11,2023-07-06,NA,NA
MI-04,MI0040563,DUMONT CREEK ESTATES,MI,188,75,GW,P,5,Well (3); Common Headers (1); Distribution System/Zone (1),3,0,1,0,15,14,2025-02-27,NA,NA
MI-04,MI0060675,MEADOW WOODS N/R CENTER,MI,78,1,GW,P,4,Well (2); Common Headers (1); Distribution System/Zone (1),7,1,2,0,27,10,2025-08-20,NA,NA
MI-04,MI0003598,KELLOGG BIOLOGICAL STATION,MI,100,8,GW,L,5,Treatment Plant (1); Well (2); Distribution System/Zone (1); Storage (1),9,1,1,0,35,14,2021-08-17,NA,NA
MI-04,MI0040246,ANDREWS ESTATES,MI,178,71,GW,P,5,Common Headers (1); Distribution System/Zone (1); Well (3),10,0,8,0,38,13,2025-04-16,38.7972354,-121.2659421
MI-04,MI0040660,HUNTERS GLEN,MI,700,397,GW,P,4,Distribution System/Zone (1); Treatment Plant (1); Well (2),1,0,0,0,1,15,2024-11-20,NA,NA
MI-04,MI0040418,COUNTRY VILLAGE,MI,78,31,GW,P,5,Storage (1); Distribution System/Zone (1); Well (2); Treatment Plant (1),11,0,7,0,51,27,2025-10-22,NA,NA
MI-04,MI0040021,RABBIT RIVER ESTATES,MI,255,102,GW,P,6,Well (3); Treatment Plant (2); Distribution System/Zone (1),10,1,3,0,34,21,2024-05-16,NA,NA
MI-04,MI0005911,SANDY PINES,MI,157,27,GW,P,4,Common Headers (1); Distribution System/Zone (1); Well (2),4,0,0,0,10,11,2024-07-09,NA,NA
MI-04,MI0001845,DORR-LEIGHTON,MI,500,256,GW,P,5,Distribution System/Zone (1); Storage (1); Treatment Plant (1); Well (2),1,0,0,0,4,12,2025-03-12,NA,NA
MI-04,MI0040614,WEST OLIVE ESTATES,MI,1850,742,GW,P,7,Common Headers (1); Well (4); Distribution System/Zone (1); Storage (1),10,0,3,0,39,20,2025-06-25,NA,NA
MI-04,MI0040603,"PINE RIDGE COMMUNITY, INC.",MI,122,49,GW,P,4,Well (2); Distribution System/Zone (1); Common Headers (1),4,0,0,0,15,14,2024-04-18,42.7326812,-86.1057464
MI-04,MI0005712,RIVERWALK DEVELOPMENT,MI,137,65,GW,P,5,Storage (1); Distribution System/Zone (1); Common Headers (1); Well (2),1,0,0,0,2,13,2023-08-14,42.6664345,-85.9869627
MI-04,MI0040585,YANKEE SPRINGS MEADOWS,MI,710,284,GW,P,7,Well (5); Common Headers (1); Distribution System/Zone (1),27,17,23,0,95,16,2022-08-24,NA,NA
MI-04,MI0040020,MAPLE GROVE ESTATES,MI,115,46,GW,P,4,Distribution System/Zone (1); Treatment Plant (1); Well (2),6,3,1,0,17,20,2026-02-11,45.4521433,-122.7917223
MI-04,MI0040013,SAPPHIRE ESTATES MOBILE HOME PARK,MI,138,55,GW,P,4,Distribution System/Zone (1); Common Headers (1); Well (2),7,0,0,0,19,16,2025-04-17,42.8780088,-85.684198
MI-04,MI0006885,WALNUT LANE APARTMENTS,MI,50,24,GW,P,4,Distribution System/Zone (1); Well (2); Common Headers (1),6,1,3,0,26,11,2021-11-04,42.2685682,-85.6628643
MI-04,MI0040026,SHANGRAI-LA VILLAGE,MI,165,66,GW,P,4,Distribution System/Zone (1); Well (2); Treatment Plant (1),0,0,0,0,8,15,2024-05-31,NA,NA
MI-04,MI0040023,AMBER ESTATES MOBILE HOME PARK,MI,125,50,GW,P,4,Distribution System/Zone (1); Well (2); Common Headers (1),13,1,2,0,38,19,2025-04-16,42.8780088,-85.684198
MI-04,MI0040006,COUNTRY ACRES MOBILE HOME PARK,MI,282,113,GW,P,5,Common Headers (1); Well (3); Distribution System/Zone (1),5,0,5,0,21,17,2025-07-30,NA,NA
MI-04,MI0006025,SHELDON DUNES,MI,240,92,GW,L,6,Storage (1); Distribution System/Zone (1); Common Headers (1); Well (3),2,0,0,0,5,15,2025-04-09,NA,NA
MI-04,MI0004989,OLIVE/BLENDON TWPS,MI,544,180,SWP,L,3,Consecutive Connection (1); Distribution System/Zone (1); Storage (1),5,1,0,0,11,14,2024-05-22,43.0214249,-86.2200382
MI-04,MI0002837,GREENFIELD ESTATES,MI,68,23,GW,P,4,Distribution System/Zone (1); Well (2); Common Headers (1),5,0,3,0,19,12,2020-12-01,40.0674535,-85.9997425
MI-04,MI0000380,BANGOR,MI,2000,820,GW,L,11,Storage (1); Distribution System/Zone (1); Well (4); Treatment Plant (4); Sampling Station (1),14,2,0,0,32,19,2024-02-02,42.3135264,-86.1128482
MI-04,MI0002530,GALESBURG,MI,2377,800,GW,L,7,Treatment Plant (2); Well (2); Sampling Station (1); Storage (1); Distribution System/Zone (1),5,0,0,0,12,16,2022-10-27,42.288858,-85.4137108
MI-09,MI0003138,HIGHLAND HAVEN/WOODSIDE APTS,MI,40,32,GW,P,5,Storage (1); Distribution System/Zone (1); Well (2); Treatment Plant (1),9,0,6,0,32,15,2025-06-03,42.6403301,-83.5736604
MI-09,MI0040330,WASHINGTON MHP,MI,268,107,GW,P,9,Storage (4); Distribution System/Zone (1); Well (2); Treatment Plant (2),8,0,0,0,27,15,2025-08-27,42.740544,-83.030915
MI-09,MI0040387,HIGHLAND GREENS ESTATES,MI,2268,907,GW,P,6,Well (3); Treatment Plant (2); Distribution System/Zone (1),5,2,1,0,20,13,2022-07-05,NA,NA
MI-09,MI0040388,HIGHLAND HILLS OF HIGHLAND MHC,MI,260,308,GW,P,4,Distribution System/Zone (1); Well (2); Treatment Plant (1),9,1,2,0,37,11,2020-12-17,NA,NA
MI-09,MI0040399,ORION LAKE ESTATES MHC,MI,1058,423,GW,P,4,Distribution System/Zone (1); Well (2); Treatment Plant (1),11,0,1,0,55,17,2024-08-14,NA,NA
MI-09,MI0040612,MEADOW LAKE ESTATES MHC,MI,1060,425,GW,P,4,Distribution System/Zone (1); Well (2); Treatment Plant (1),8,0,0,0,15,14,2025-07-08,NA,NA
MI-09,MI0040671,RIDGEWOOD MOBILE HOME PARK INC,MI,1030,455,GW,P,6,Distribution System/Zone (1); Storage (1); Well (3); Treatment Plant (1),0,0,0,0,0,13,2026-03-24,42.4736387,-83.4431568
MI-09,MI0001545,MAIN STREET APARTMENTS,MI,48,32,GW,P,5,Well (2); Storage (2); Distribution System/Zone (1),9,3,0,0,11,10,2021-04-08,NA,NA
MI-09,MI0001773,DEERWOOD SUBDIVISION,MI,1824,608,GW,L,11,Distribution System/Zone (1); Storage (3); Well (4); Treatment Plant (3),2,0,1,0,5,15,2026-01-21,NA,NA
MI-09,MI0003175,HILLVIEW ESTATES SUBDIVISION,MI,354,116,GW,L,6,Storage (1); Distribution System/Zone (1); Well (3); Treatment Plant (1),3,1,0,0,7,16,2026-01-21,NA,NA
MI-09,MI0006243,KINGSTON APARTMENTS,MI,50,24,GW,P,5,Well (2); Treatment Plant (1); Distribution System/Zone (1); Storage (1),15,2,3,0,54,14,2025-06-17,NA,NA
MI-09,MI0040397,SPRINGROVE MHC,MI,1060,424,GW,P,5,Well (3); Treatment Plant (1); Distribution System/Zone (1),20,0,2,0,67,16,2024-02-29,NA,NA
MI-09,MI0000150,"ALMONT, VILLAGE OF",MI,2674,900,SWP,L,6,Well (1); Treatment Plant (1); Consecutive Connection (1); Storage (1); Distribution System/Zone (1); Pump Facility (1),8,0,1,0,25,25,2025-05-14,42.9276582,-83.0456603
MI-09,MI0001352,ADVENTURE ACRES,MI,75,24,GW,P,5,Treatment Plant (1); Well (2); Distribution System/Zone (1); Storage (1),14,3,2,0,52,14,2024-07-23,NA,NA
MI-09,MI0001570,"COLUMBIAVILLE, VILLAGE OF",MI,787,323,GW,L,5,Well (2); Treatment Plant (1); Storage (1); Distribution System/Zone (1),9,0,0,0,22,32,2026-03-17,NA,NA
MI-09,MI0001774,DEER PARK CONDOMINIUMS,MI,30,20,GW,P,5,Common Headers (1); Storage (1); Distribution System/Zone (1); Well (2),7,0,1,0,24,9,2020-09-17,NA,NA
MI-09,MI0001870,"DRYDEN, VILLAGE OF",MI,1034,400,GW,L,5,Well (2); Treatment Plant (1); Distribution System/Zone (1); Storage (1),10,0,1,0,36,25,2025-09-03,42.945998,-83.121994
MI-09,MI0003753,LAKESHORE HILLTOP APARTMENTS,MI,93,1,GW,P,16,Storage (5); Distribution System/Zone (1); Common Headers (3); Well (7),13,0,0,0,14,12,2021-01-28,42.6495569,-83.5017845
MI-09,MI0003947,LONG LAKE VILLAGE SUBDIVISION,MI,273,19,GW,P,4,Distribution System/Zone (1); Well (2); Treatment Plant (1),28,0,0,0,25,11,2025-04-15,42.5984485,-82.9506372
MI-09,MI0004312,"METAMORA, VILLAGE OF",MI,565,219,GW,L,6,Treatment Plant (1); Well (2); Distribution System/Zone (1); Storage (2),6,0,0,0,25,32,2026-03-17,42.9415097,-83.2884956
MI-09,MI0005136,OXFORD VILLAGE CONDOMINIUMS,MI,80,40,GW,P,6,Storage (2); Distribution System/Zone (1); Sampling Station (1); Well (2),98,6,8,1,109,15,2025-03-12,NA,NA
MI-09,MI0005345,PINECREST APARTMENTS,MI,57,30,GW,P,6,Common Headers (1); Distribution System/Zone (1); Storage (1); Well (3),8,1,3,0,30,10,2024-10-02,NA,NA
MI-09,MI0006971,WEDGEWOOD GOLFSIDE CONDO ASSOC,MI,125,51,GW,P,5,Well (2); Common Headers (1); Storage (1); Distribution System/Zone (1),5,0,0,0,14,20,2025-06-19,NA,NA
MI-09,MI0040299,IDEAL VILLA MANUFACTURED HOME COMMUNITY,MI,266,168,GW,P,5,Storage (1); Distribution System/Zone (1); Well (2); Common Headers (1),18,1,7,0,66,23,2025-06-19,NA,NA
MI-09,MI0040327,SPRINGBROOK ESTATES MHC,MI,990,403,GW,P,5,Distribution System/Zone (1); Storage (1); Well (2); Treatment Plant (1),14,1,1,1,53,16,2023-09-15,NA,NA
MI-09,MI0040377,CLARKSTON LAKE ESTATES,MI,1245,498,GW,P,4,Well (2); Treatment Plant (1); Distribution System/Zone (1),1,0,1,0,16,13,2025-07-16,NA,NA
MI-09,MI0040384,GROVELAND MANOR,MI,435,186,GW,P,4,Well (2); Treatment Plant (1); Distribution System/Zone (1),7,0,2,1,35,13,2025-10-28,NA,NA
MI-09,MI0040386,HIDDEN LAKE ESTATES,MI,673,269,GW,P,5,Distribution System/Zone (1); Treatment Plant (1); Well (3),3,0,1,0,17,13,2025-07-23,42.267681,-83.341557
MI-09,MI0040391,OAK HILL ESTATES MHC,MI,1260,504,GW,P,5,Distribution System/Zone (1); Common Headers (1); Well (3),3,0,0,0,12,13,2022-06-08,42.523435,-83.3483547
MI-09,MI0040404,WOODLANDS MHC,MI,650,375,GW,P,7,Distribution System/Zone (1); Storage (1); Well (3); Treatment Plant (1); Common Headers (1),17,1,1,0,58,13,2026-02-10,42.5161658,-83.3342929
MI-09,MI0040454,EVERGREEN PLEASANT VALLEY TRAILER PARK,MI,94,61,GW,P,8,Storage (2); Distribution System/Zone (1); Well (3); Treatment Plant (2),26,1,1,0,34,28,2025-02-21,NA,NA
MI-09,MI0040592,SANDHILL ESTATES,MI,75,50,GW,P,5,Well (2); Treatment Plant (1); Storage (1); Distribution System/Zone (1),22,1,7,0,69,26,2025-12-10,43.062155,-83.1805668
MI-09,MI0040665,FSI HOLLY HILLS PROPERTY LLC,MI,435,96,GW,P,4,Treatment Plant (1); Well (2); Distribution System/Zone (1),24,0,2,1,21,13,2025-05-28,NA,NA
MI-09,MI0040670,PINE LAKES MANUFACTURED HOMES,MI,230,250,GW,P,5,Storage (1); Distribution System/Zone (1); Well (2); Treatment Plant (1),5,1,2,0,26,26,2025-12-10,NA,NA
MI-09,MI0040672,PINE RIVER RIDGE,MI,425,215,GW,P,5,Common Headers (1); Distribution System/Zone (1); Storage (1); Well (2),3,0,0,0,8,23,2025-10-08,NA,NA
MI-09,MI0004042,MANITOU LAKE APARTMENTS,MI,75,15,GW,P,4,Well (2); Common Headers (1); Distribution System/Zone (1),3,0,0,0,11,5,2024-03-13,42.6495569,-83.5017845
MI-09,MI0000070,AKRON,MI,402,225,GW,L,8,Distribution System/Zone (1); Storage (1); Well (3); Treatment Plant (3),22,0,7,0,75,29,2025-11-04,NA,NA
MI-09,MI0000798,BLUMFIELD-REESE WATER AUTH.,MI,3024,1363,SWP,L,3,Distribution System/Zone (1); Storage (1); Consecutive Connection (1),0,0,0,0,0,20,2025-07-16,NA,NA
MI-09,MI0000930,BROWN CITY,MI,1316,664,GW,L,6,Well (2); Treatment Plant (2); Distribution System/Zone (1); Storage (1),8,0,1,0,24,29,2026-03-10,43.2121148,-82.9878335
MI-09,MI0001220,"CASS CITY, VILLAGE OF",MI,2428,1100,GW,L,6,Distribution System/Zone (1); Storage (1); Well (3); Treatment Plant (1),14,0,4,0,55,26,2025-11-06,43.5860169,-83.1839896
MI-09,MI0001460,"CLIFFORD, VILLAGE OF",MI,324,151,GW,L,6,Storage (1); Distribution System/Zone (1); Treatment Plant (2); Well (2),10,0,1,0,24,28,2025-05-14,NA,NA
MI-09,MI0003660,"KINGSTON, VILLAGE OF",MI,440,190,GW,L,6,Treatment Plant (2); Well (2); Distribution System/Zone (1); Storage (1),18,4,3,0,50,27,2025-10-22,43.4097927,-83.186152
MI-09,MI0004110,"MARLETTE, CITY OF",MI,1875,700,GW,L,6,Storage (1); Distribution System/Zone (1); Well (3); Common Headers (1),64,0,2,0,56,23,2026-03-03,43.3270051,-83.079041
MI-09,MI0004180,"MAYVILLE, VILLAGE OF",MI,950,408,GW,L,5,Storage (1); Distribution System/Zone (1); Treatment Plant (1); Well (2),16,8,1,0,48,27,2026-01-14,NA,NA
MI-09,MI0004400,"MILLINGTON, VILLAGE OF",MI,1072,481,GW,L,5,Storage (1); Distribution System/Zone (1); Well (2); Treatment Plant (1),5,0,1,0,15,29,2026-01-14,43.2794538,-83.529639
MI-09,MI0004770,"NORTH BRANCH, VILLAGE OF",MI,1021,428,GW,L,7,Well (3); Treatment Plant (2); Distribution System/Zone (1); Storage (1),1,0,0,0,9,28,2025-12-10,43.2293212,-83.1952625
MI-09,MI0006730,"UNIONVILLE, VILLAGE OF",MI,508,267,GW,L,9,Storage (1); Distribution System/Zone (1); Well (3); Treatment Plant (3); Sampling Station (1),5,0,2,0,14,26,2026-02-25,43.653228,-83.4651939
MI-09,MI0006780,"VASSAR, CITY OF",MI,2697,1032,GW,L,11,Well (4); Treatment Plant (4); Distribution System/Zone (1); Storage (2),3,0,2,0,13,27,2026-01-14,43.3709557,-83.5799418
MI-09,MI0040446,PINE TERRACE ESTATES,MI,80,37,GW,P,4,Common Headers (1); Well (2); Distribution System/Zone (1),11,1,1,0,37,24,2025-09-02,NA,NA
MI-09,MI0040480,WOOD VALLEY,MI,348,140,GW,P,3,Well (2); Distribution System/Zone (1),2,1,0,0,7,20,2025-05-07,NA,NA
MI-09,MI0040482,CARO RIVERVIEW MHP LLC,MI,175,99,GW,P,4,Distribution System/Zone (1); Well (2); Common Headers (1),10,1,0,0,28,22,2025-12-15,NA,NA
MI-09,MI0040484,EVERGREEN ESTATES,MI,145,93,GW,P,4,Distribution System/Zone (1); Well (2); Treatment Plant (1),8,2,0,0,24,31,2026-01-22,NA,NA
MI-09,MI0040644,DEERFIELD PINES MOBILE HOME PARK,MI,308,123,GW,P,5,Storage (1); Distribution System/Zone (1); Common Headers (1); Well (2),4,0,0,0,14,19,2025-06-11,42.267681,-83.341557
MI-09,MI0001650,COTTRELLVILLE TOWNSHIP,MI,3200,960,SWP,L,5,Consecutive Connection (3); Distribution System/Zone (2),4,0,0,0,10,11,2021-06-18,42.6970246,-82.5394517
MI-09,MI0000240,"ARMADA, VILLAGE OF",MI,1794,621,GW,L,6,Distribution System/Zone (1); Storage (1); Treatment Plant (1); Well (3),7,0,2,0,25,13,2025-07-14,42.8447852,-82.883261
MI-09,MI0001110,"CAPAC, VILLAGE OF",MI,1775,655,GW,L,8,Storage (1); Distribution System/Zone (1); Well (5); Treatment Plant (1),45,0,1,0,70,12,2023-06-29,43.0138058,-82.9288755
MI-09,MI0001180,"CARSONVILLE, VILLAGE OF",MI,527,230,GW,L,5,Distribution System/Zone (1); Storage (1); Well (2); Treatment Plant (1),7,0,2,0,29,31,2026-03-03,43.426943,-82.6676408
MI-09,MI0001760,"DECKERVILLE, VILLAGE OF",MI,830,451,GW,L,9,Well (3); Sampling Station (1); Treatment Plant (3); Storage (1); Distribution System/Zone (1),3,0,0,0,11,29,2026-03-10,43.5256904,-82.7683078
MI-09,MI0004230,"MEMPHIS, CITY OF",MI,1084,479,GW,L,6,Treatment Plant (1); Well (3); Distribution System/Zone (1); Storage (1),4,0,0,0,15,15,2025-01-29,42.895702,-82.769598
MI-09,MI0005220,"PECK, VILLAGE OF",MI,632,282,GW,L,8,Treatment Plant (3); Well (3); Storage (1); Distribution System/Zone (1),2,0,0,0,7,29,2025-11-06,NA,NA
MI-09,MI0005920,"SANDUSKY, CITY OF",MI,2679,1011,GW,L,7,Well (4); Treatment Plant (1); Storage (1); Distribution System/Zone (1),12,0,1,0,42,28,2026-03-10,43.4192463,-82.8306969
MI-09,MI0006282,ST. CLAIR TOWNSHIP,MI,3270,1090,SWP,L,2,Consecutive Connection (1); Distribution System/Zone (1),5,0,0,0,14,11,2021-05-10,NA,NA
MI-09,MI0007230,"YALE, CITY OF",MI,1900,805,GW,L,8,Storage (1); Distribution System/Zone (1); Treatment Plant (3); Well (3),17,2,1,0,43,15,2026-02-04,43.1289328,-82.7997492
MI-09,MI0040449,SUNSET MOBILE HOME PARK,MI,263,90,GW,P,5,Distribution System/Zone (1); Well (2); Treatment Plant (2),9,2,2,0,37,28,2026-01-01,NA,NA
MI-09,MI0040464,PINEWOOD ON THE LAKE MHP,MI,950,380,GW,P,4,Well (2); Treatment Plant (1); Distribution System/Zone (1),3,0,0,0,11,12,2022-06-13,NA,NA
MI-09,MI0040615,BUEL HILL ESTATES (DBA EAGLES LANDING),MI,400,155,GW,P,4,Common Headers (1); Distribution System/Zone (1); Well (2),17,1,3,1,57,21,2026-03-26,NA,NA
MI-09,MI0001008,BURTCHVILLE TOWNSHIP,MI,2900,1163,SWP,L,2,Distribution System/Zone (1); Consecutive Connection (1),7,0,0,0,22,13,2025-08-21,43.11449,-82.5011
MI-09,MI0001493,CLYDE TOWNSHIP,MI,2400,788,SWP,L,2,Consecutive Connection (1); Distribution System/Zone (1),2,0,0,0,5,13,2025-10-15,43.001689,-82.553136
MI-09,MI0001690,"CROSWELL, CITY OF",MI,2447,996,GW,L,5,Distribution System/Zone (1); Storage (1); Well (2); Treatment Plant (1),10,1,1,0,29,32,2025-11-12,43.276296,-82.62113
MI-09,MI0003563,KAREGNONDI WATER AUTHORITY,MI,1,1,SW,L,7,Surface Impoundment (1); Pump Facility (2); Transmission Main (Manifold) (1); Treatment Plant (1); Intake (2),0,0,0,0,0,17,2025-10-14,NA,NA
MI-09,MI0003850,"LEXINGTON, VILLAGE OF",MI,1025,823,SW,L,9,Intake (1); Pump Facility (2); Treatment Plant (1); Sampling Station (1); Well (1); Distribution System/Zone (1); Storage (2),10,0,0,0,28,33,2025-01-27,43.2642536,-82.5318126
MI-09,MI0040447,SANDPIPER ESTATES,MI,215,88,GW,P,4,Common Headers (1); Distribution System/Zone (1); Well (2),8,1,4,0,45,18,2025-07-02,43.2533197,-82.5300216
MI-09,MI0040448,HURON BAY RESORT,MI,140,66,GW,P,4,Distribution System/Zone (1); Treatment Plant (1); Well (2),17,0,0,0,53,31,2026-01-30,NA,NA
MI-09,MI0040466,SUNRISE MHP,MI,120,48,GW,P,6,Well (3); Common Headers (1); Distribution System/Zone (1); Storage (1),1,0,0,0,11,10,2021-07-20,NA,NA
MI-09,MI0040591,COUNTRY HILL PINES,MI,174,110,GW,P,4,Distribution System/Zone (1); Well (2); Common Headers (1),17,2,5,1,63,21,2026-03-26,NA,NA
MI-09,MI0002356,FORESTER TOWNSHIP,MI,950,450,SWP,L,4,Treatment Plant (1); Consecutive Connection (1); Distribution System/Zone (1); Storage (1),4,0,0,0,12,28,2026-03-11,43.5306705,-82.6079567
MI-09,MI0005500,"PORT SANILAC, VILLAGE OF",MI,623,446,SWP,L,5,Distribution System/Zone (1); Storage (1); Consecutive Connection (1); Pump Facility (1); Well (1),9,0,0,0,25,32,2026-01-20,43.4327448,-82.542567
MI-09,MI0005925,SANILAC TOWNSHIP,MI,674,140,SWP,L,4,Consecutive Connection (1); Treatment Plant (1); Distribution System/Zone (1); Storage (1),6,0,1,0,22,29,2026-03-03,NA,NA
MI-09,MI0003317,HURON REGIONAL WATER AUTHORITY,MI,0,2345,SW,L,6,Pump Facility (2); Intake (2); Storage (1); Treatment Plant (1),0,0,0,0,0,26,2025-06-18,43.8146261,-82.9994748
MI-09,MI0005430,POINTE AUX BARQUES TOWNSHIP,MI,178,67,SWP,L,2,Distribution System/Zone (1); Consecutive Connection (1),6,0,0,0,16,21,2025-05-27,NA,NA
MI-09,MI0000340,BAD AXE,MI,3129,1578,SWP,L,4,Consecutive Connection (1); Storage (2); Distribution System/Zone (1),7,0,3,0,21,28,2026-02-24,43.802054,-82.997244
MI-09,MI0001190,"CASEVILLE, CITY OF",MI,777,783,SW,L,6,Distribution System/Zone (1); Storage (2); Treatment Plant (1); Intake (2),6,0,3,0,17,25,2024-08-29,43.9389982,-83.272234
MI-09,MI0001195,CASEVILLE TOWNSHIP,MI,2005,950,SWP,L,3,Storage (1); Distribution System/Zone (1); Consecutive Connection (1),1,0,0,0,2,22,2026-02-24,43.9389982,-83.272234
MI-09,MI0002100,"ELKTON, VILLAGE OF",MI,808,413,GW,L,6,Well (4); Distribution System/Zone (1); Storage (1),15,0,3,0,23,23,2025-09-10,43.8188596,-83.1811076
MI-09,MI0002520,"GAGETOWN, VILLAGE OF",MI,388,188,GW,L,6,Well (2); Treatment Plant (2); Storage (1); Distribution System/Zone (1),14,1,4,0,45,24,2025-11-04,43.6559854,-83.2473797
MI-09,MI0003315,HURON DUNES SUBDIVISION,MI,175,77,GW,P,6,Storage (2); Distribution System/Zone (1); Well (2); Common Headers (1),8,4,0,0,21,20,2026-03-04,NA,NA
MI-09,MI0005110,"OWENDALE, VILLAGE OF",MI,241,115,GW,L,6,Storage (1); Distribution System/Zone (1); Treatment Plant (2); Well (2),4,0,0,0,10,27,2026-02-24,43.7256642,-83.2709109
MI-09,MI0005320,"PIGEON, VILLAGE OF",MI,1208,676,SWP,L,4,Consecutive Connection (1); Distribution System/Zone (1); Storage (2),7,1,1,0,17,20,2025-05-27,43.8295214,-83.2701884
MI-09,MI0005460,PORT AUSTIN AREA SEWER & WATER,MI,1004,700,SWP,L,3,Consecutive Connection (1); Storage (1); Distribution System/Zone (1),4,0,1,0,15,21,2026-03-04,NA,NA
MI-09,MI0005990,SEBEWAING LIGHT & WATER,MI,1721,1010,GW,L,9,Treatment Plant (3); Well (3); Storage (2); Distribution System/Zone (1),7,3,1,0,17,25,2025-10-21,43.7322811,-83.4542653
MI-09,MI0006710,"UBLY, VILLAGE OF",MI,858,450,GW,L,7,Common Headers (1); Treatment Plant (2); Well (2); Distribution System/Zone (1); Storage (1),11,0,1,0,45,27,2025-10-21,NA,NA
MI-09,MI0040187,SUMMER WOOD ESTATES,MI,170,71,GW,P,4,Distribution System/Zone (1); Common Headers (1); Well (2),10,1,2,0,35,17,2025-08-26,NA,NA
MI-09,MI0040190,BAYSIDE (DBA CONTINENTAL MHP),MI,158,74,GW,P,4,Common Headers (1); Well (2); Distribution System/Zone (1),2,0,1,0,15,19,2025-05-07,NA,NA
MI-09,MI0004410,"MINDEN CITY, VILLAGE OF",MI,197,135,GW,L,7,Common Headers (1); Distribution System/Zone (1); Storage (1); Well (3); Treatment Plant (1),11,0,1,0,49,29,2025-11-04,NA,NA
MI-09,MI0005903,SAND BEACH TOWNSHIP,MI,525,177,SWP,L,3,Distribution System/Zone (1); Storage (1); Consecutive Connection (1),3,0,0,0,7,21,2026-03-11,NA,NA
MI-09,MI0003000,"HARBOR BEACH, CITY OF",MI,1604,953,SW,L,7,Treatment Plant (1); Storage (4); Distribution System/Zone (1); Intake (1),7,0,2,0,26,25,2024-08-06,43.841558,-82.662483
MI-09,MI0002360,FORESTVILLE VILLAGE OF,MI,836,382,SWP,L,4,Treatment Plant (1); Distribution System/Zone (1); Storage (1); Consecutive Connection (1),3,0,0,0,8,29,2026-03-11,43.661937,-82.614957
MI-09,MI0005475,PORT HOPE-GORE-RUBICON U. A.,MI,1058,617,SWP,L,3,Consecutive Connection (1); Distribution System/Zone (1); Storage (1),5,0,0,0,8,20,2026-03-04,43.9320906,-82.7039874
MI-09,MI0003666,KNORRWOOD KNOLLS SUBDIVISION,MI,240,75,GW,L,5,Well (2); Treatment Plant (1); Distribution System/Zone (1); Storage (1),1,0,1,0,8,10,2021-06-09,NA,NA
MI-09,MI0004877,SOUTHEAST OAKLAND TOWNSHIP,MI,1923,703,GW,L,13,Distribution System/Zone (2); Storage (3); Common Headers (1); Well (6); Treatment Plant (1),1,0,1,0,5,10,2019-08-21,NA,NA
MI-09,MI0005397,PLUM CREEK SUB,MI,105,40,GW,L,5,Well (2); Treatment Plant (1); Storage (1); Distribution System/Zone (1),1,0,1,0,7,10,2019-08-20,NA,NA
MI-09,MI0005573,OAKLAND HUNT SUBDIVISION,MI,671,140,GW,P,4,Well (2); Treatment Plant (1); Distribution System/Zone (1),0,0,0,0,0,12,2026-02-24,NA,NA
MI-09,MI0006077,BAVARIAN SOFTWATER VILLAGE,MI,420,1,GW,L,6,Well (3); Treatment Plant (1); Storage (1); Distribution System/Zone (1),1,0,1,0,8,12,2023-06-12,NA,NA
MI-09,MI0006696,TWIN LAKES SUBDIVISION,MI,602,176,GW,P,5,Well (2); Treatment Plant (1); Storage (1); Distribution System/Zone (1),2,0,0,0,7,12,2022-10-24,NA,NA
MI-09,MI0007061,WHITE EAGLE SUBDIVISION,MI,224,15,GW,L,4,Well (2); Treatment Plant (1); Distribution System/Zone (1),1,0,0,0,2,3,2024-11-08,NA,NA
MI-09,MI0007217,WYNSTONE SUBDIVISION,MI,1146,230,GW,P,5,Well (3); Treatment Plant (1); Distribution System/Zone (1),0,0,0,0,0,11,2021-07-09,NA,NA
MI-09,MI0003323,HURON TOWNSHIP (HURON COUNTY),MI,437,300,SWP,L,3,Distribution System/Zone (1); Storage (1); Consecutive Connection (1),9,0,6,0,21,23,2026-03-04,NA,NA
MI-09,MI0003740,"LAKE ORION, VILLAGE OF",MI,2973,1300,SWP,L,2,Consecutive Connection (1); Distribution System/Zone (1),11,2,0,0,32,13,2025-04-25,42.7872257,-83.2395489
MN-06,MN1100015,Crown College,MN,520,4,GW,P,4,Well (2); Treatment Plant (1); Distribution System/Zone (1),13,4,2,0,46,21,2025-09-09,NA,NA
MN-06,MN1730009,Saint John's University,MN,2500,1,GW,P,4,Treatment Plant (1); Well (2); Distribution System/Zone (1),6,1,4,0,36,24,2025-01-23,NA,NA
MN-06,MN1730034,College of St. Benedict,MN,1600,32,GW,P,5,Consecutive Connection (1); Distribution System/Zone (1); Treatment Plant (1); Well (2),9,9,0,0,29,23,2025-11-04,NA,NA
MN-06,MN1020038,Majestic Greens LLC Senior Living (Apt.),MN,67,50,GW,P,3,Treatment Plant (1); Well (1); Distribution System/Zone (1),2,0,0,0,8,15,2024-10-31,44.9861628,-93.3765671
MN-06,MN1020025,"Parkview Homes, LLC",MN,280,130,GW,P,3,Distribution System/Zone (1); Well (1); Treatment Plant (1),14,4,0,0,54,23,2024-08-12,45.1381662,-93.1707648
MN-06,MN1860021,South Haven,MN,183,86,GW,L,4,Distribution System/Zone (1); Well (2); Treatment Plant (1),4,0,2,0,25,22,2024-10-03,45.2920131,-94.2150536
MN-06,MN1730060,Crestwood Hills Addition,MN,35,16,GW,P,2,Well (1); Distribution System/Zone (1),1,0,1,0,7,16,2025-04-03,NA,NA
MN-06,MN1020030,Wyoming Park LLC,MN,225,90,GW,P,3,Distribution System/Zone (1); Well (2),1,0,1,0,6,23,2024-08-13,NA,NA
MN-06,MN1710013,Ridges of Rice Lake Housing Development,MN,180,72,GW,P,3,Treatment Plant (1); Well (1); Distribution System/Zone (1),0,0,0,0,0,15,2025-05-28,45.3756429,-93.5863789
MN-06,MN1050003,Rockwood Estates,MN,400,162,GW,P,2,Distribution System/Zone (1); Well (1),10,1,2,0,38,20,2026-01-29,NA,NA
MN-06,MN1860011,Maple Lake,MN,2215,821,GW,L,5,Well (3); Treatment Plant (1); Distribution System/Zone (1),4,1,1,0,19,21,2025-07-29,NA,NA
MN-06,MN1050002,Rice,MN,2187,721,GW,L,7,Distribution System/Zone (1); Treatment Plant (3); Well (3),1,1,0,0,8,23,2024-11-13,NA,NA
MN-06,MN1730012,Clearwater Forest Mobile Home Park,MN,367,170,GW,P,4,Well (2); Treatment Plant (1); Distribution System/Zone (1),20,7,1,0,91,21,2025-08-06,44.8981777,-93.3996832
MN-06,MN1100007,New Germany,MN,422,187,GW,L,4,Well (2); Treatment Plant (1); Distribution System/Zone (1),2,0,2,0,11,23,2025-09-09,NA,NA
MN-06,MN1050011,Lake Andrew Development,MN,80,45,GW,P,2,Well (1); Distribution System/Zone (1),1,0,0,0,4,7,2026-01-28,45.6358771,-94.1547758
MN-06,MN1020010,Centennial Square Mobile Home Park,MN,2000,568,GW,P,6,Distribution System/Zone (1); Treatment Plant (2); Well (2); Consecutive Connection (1),9,5,0,0,24,24,2024-08-15,NA,NA
MN-06,MN1020014,Baldwin Lake Estates,MN,235,104,GW,P,3,Well (2); Distribution System/Zone (1),2,0,1,0,9,24,2025-06-05,NA,NA
MN-06,MN1020042,East Bethel,MN,500,248,GW,L,7,Well (4); Treatment Plant (2); Distribution System/Zone (1),2,0,2,0,18,14,2025-11-18,45.3702866,-93.215019
MN-06,MN1020041,Ham Lake Apartments,MN,89,50,GW,P,3,Well (2); Distribution System/Zone (1),3,0,0,0,14,13,2024-08-26,NA,NA
MN-06,MN1020024,Restwood Terrace,MN,650,288,GW,P,4,Well (2); Treatment Plant (1); Distribution System/Zone (1),2,0,0,0,7,23,2024-08-21,NA,NA
MN-06,MN1100005,Hamburg,MN,530,216,GW,L,4,Well (2); Treatment Plant (1); Distribution System/Zone (1),3,1,2,0,19,26,2025-09-23,NA,NA
MN-06,MN1020032,Lexington,MN,2738,648,GW,L,4,Well (1); Treatment Plant (1); Consecutive Connection (1); Distribution System/Zone (1),12,10,7,0,45,23,2024-08-26,NA,NA
MN-06,MN1050010,The Cove Utility Association,MN,97,34,GW,P,4,Distribution System/Zone (1); Well (2); Treatment Plant (1),0,0,0,0,0,5,2025-02-27,NA,NA
MN-06,MN1020044,Oak Grove,MN,623,237,GW,L,5,Well (2); Treatment Plant (1); Distribution System/Zone (1); Consecutive Connection (1),4,1,1,0,21,15,2025-09-08,45.3306211,-93.3169296
MN-06,MN1020002,Flamingo Terrace Mobile Home Park,MN,804,277,GW,P,4,Distribution System/Zone (1); Well (2); Treatment Plant (1),5,1,0,0,17,23,2025-06-10,NA,NA
MN-06,MN1860015,River Terrace Mobile Home Park,MN,250,163,GW,P,5,Distribution System/Zone (1); Common Headers (1); Well (3),8,2,1,0,32,21,2024-11-14,NA,NA
MN-06,MN1730026,Rockville,MN,765,305,GW,L,8,Treatment Plant (3); Well (4); Distribution System/Zone (1),4,2,2,0,20,22,2025-05-14,45.4726865,-94.3373299
MN-06,MN1730051,Wildwood Manor,MN,36,1,GW,P,3,Distribution System/Zone (1); Well (1); Treatment Plant (1),7,2,3,0,44,24,2025-08-30,NA,NA
MN-06,MN1730063,Saint Augusta,MN,1425,547,SWP,L,2,Distribution System/Zone (1); Consecutive Connection (1),2,0,1,0,7,15,2025-03-25,45.4857711,-94.1483907
MN-06,MN1270074,Greenfield,MN,313,97,GW,L,5,Distribution System/Zone (1); Treatment Plant (1); Well (1); Consecutive Connection (2),4,0,3,0,14,14,2025-03-12,45.0784923,-93.7202269
MN-06,MN1100004,Cologne,MN,1700,712,GW,L,5,Distribution System/Zone (1); Treatment Plant (1); Well (3),0,0,0,0,0,24,2025-08-26,44.7627207,-93.7836867
MN-06,MN1020043,Columbus,MN,123,80,GW,L,7,Treatment Plant (2); Well (3); Distribution System/Zone (1); Pump Facility (1),0,0,0,0,0,4,2024-10-21,45.264927,-93.0498178
MN-06,MN1100006,Mayer,MN,1900,908,GW,L,5,Distribution System/Zone (1); Treatment Plant (1); Well (3),2,1,0,0,7,23,2025-09-23,NA,NA
MN-06,MN1620021,Brookside Mobile Home Park,MN,550,216,GW,P,4,Distribution System/Zone (1); Treatment Plant (1); Well (2),0,0,0,0,0,26,2026-02-10,45.0726951,-92.8074296
MN-06,MN1050001,Foley,MN,2711,906,GW,L,7,Distribution System/Zone (1); Well (3); Treatment Plant (3),8,4,2,0,37,22,2026-01-27,NA,NA
MN-06,MN1860006,Cokato,MN,2792,938,GW,L,5,Well (3); Treatment Plant (1); Distribution System/Zone (1),6,6,0,0,23,22,2025-02-10,NA,NA
MN-06,MN1020005,GreyStone MHP,MN,500,163,GW,P,4,Distribution System/Zone (1); Treatment Plant (1); Well (1); Consecutive Connection (1),15,1,1,0,47,24,2024-10-29,44.964041,-93.84845
MN-06,MN1020015,MN Correctional Facility - Lino Lakes,MN,1300,19,GW,P,4,Well (1); Treatment Plant (1); Consecutive Connection (1); Distribution System/Zone (1),4,0,1,0,15,23,2024-09-05,NA,NA
MN-06,MN1020037,Willows of Ham Lake,MN,69,49,GW,P,3,Distribution System/Zone (1); Well (1); Treatment Plant (1),2,0,0,0,10,17,2025-09-09,45.2189479,-93.2482177
MN-06,MN1020011,Cedarwood Estates,MN,406,179,GW,P,3,Distribution System/Zone (1); Treatment Plant (1); Well (1),3,1,0,0,8,24,2024-08-06,NA,NA
MN-06,MN1050009,Benton Utilities LLC,MN,120,35,GW,P,5,Distribution System/Zone (1); Well (3); Common Headers (1),11,0,1,0,40,14,2024-11-13,NA,NA
MN-06,MN1730052,"Clearwater Harbor Property, Incorporated",MN,70,35,GW,P,2,Distribution System/Zone (1); Well (1),17,0,0,0,71,20,2025-09-30,NA,NA
MN-06,MN1730030,Bel Clare Estates,MN,750,230,GW,P,4,Distribution System/Zone (1); Well (2); Treatment Plant (1),9,3,2,0,37,23,2025-03-12,NA,NA
MN-06,MN1860025,Clearwater,MN,2129,718,GW,L,7,Distribution System/Zone (1); Well (3); Treatment Plant (3),10,3,0,0,50,21,2026-03-26,NA,NA
MN-06,MN1020040,Bar None Ranch,MN,60,5,GW,P,3,Well (1); Treatment Plant (1); Distribution System/Zone (1),4,0,0,0,17,14,2024-08-22,NA,NA
MN-06,MN1710015,Windsor Oaks Development,MN,80,31,GW,P,3,Distribution System/Zone (1); Well (1); Treatment Plant (1),4,0,0,0,7,11,2025-06-09,NA,NA
MN-06,MN1730028,Shady Oaks Mobile Home Park,MN,40,17,GW,P,2,Distribution System/Zone (1); Well (1),13,3,0,0,55,23,2025-04-14,NA,NA
MN-06,MN1860013,The Meadows,MN,1000,316,GW,P,8,Well (7); Distribution System/Zone (1),14,2,5,0,64,22,2025-09-25,NA,NA
MN-06,MN1860019,Waverly,MN,2100,937,GW,L,7,Distribution System/Zone (1); Well (3); Treatment Plant (3),1,0,1,0,6,22,2024-11-21,NA,NA
MN-06,MN1710014,Shores of Eagle Lake,MN,160,95,GW,P,4,Common Headers (1); Well (2); Distribution System/Zone (1),1,0,0,0,3,4,2026-02-04,45.1120957,-93.4308963
MN-06,MN1710009,Clear Lake,MN,802,312,GW,L,5,Well (2); Treatment Plant (2); Distribution System/Zone (1),13,3,1,0,43,24,2026-02-27,NA,NA
MN-06,MN1490006,Royalton,MN,1266,410,GW,L,7,Well (3); Treatment Plant (3); Distribution System/Zone (1),4,1,0,0,15,22,2025-07-14,NA,NA
MN-06,MN1860010,Howard Lake,MN,2180,1120,GW,L,4,Well (2); Treatment Plant (1); Distribution System/Zone (1),8,3,1,0,39,21,2025-05-29,NA,NA
MN-06,MN1050005,Fischers Garden Mobile Home Park,MN,91,85,GW,P,5,Distribution System/Zone (1); Well (2); Treatment Plant (2),8,1,1,0,35,22,2026-01-13,45.60979,-94.1944272
MN-06,MN1860003,Divine Son Mobile Home Park,MN,70,29,GW,P,4,Well (2); Common Headers (1); Distribution System/Zone (1),11,2,0,0,45,22,2025-06-30,45.59754,-94.210896
MN-06,MN1710005,Sherburne Village,MN,200,97,GW,P,3,Distribution System/Zone (1); Treatment Plant (1); Well (1),8,2,0,0,29,20,2024-11-06,NA,NA
MN-06,MN1860017,12 Hi Mobile Home Park,MN,300,118,GW,P,4,Common Headers (1); Well (2); Distribution System/Zone (1),4,0,2,0,21,24,2025-07-24,NA,NA
NJ-12,NJ1106002,MERCER COUNTY CORRECTIONAL CENTER,NJ,860,2,GW,L,6,Treatment Plant (1); Well (3); Sampling Station (1); Distribution System/Zone (1),127,37,3,0,138,23,2025-05-19,40.3412399,-74.9390191
NJ-12,NJ1817001,ROCKY HILL W DEPT,NJ,687,287,GW,L,4,Distribution System/Zone (1); Well (1); Treatment Plant (1); Sampling Station (1),18,5,0,0,31,19,2026-02-03,40.3854847,-74.5409323
NJ-12,NJ1105001,HOPEWELL BORO W DEPT,NJ,2035,880,SWP,L,5,Well (1); Sampling Station (1); Treatment Plant (1); Distribution System/Zone (1); Consecutive Connection (1),334,28,3,0,83,17,2024-08-13,40.3917371,-74.7537959
NJ-12,NJ1108001,PENNINGTON W DEPT,NJ,2600,968,GW,L,10,Distribution System/Zone (1); Well (4); Treatment Plant (4); Sampling Station (1),418,50,0,0,59,19,2024-03-05,40.3324347,-74.7922098
NJ-12,NJ1106001,WASHINGTON CROSSING PARK ESTATES,NJ,356,105,GW,L,5,Distribution System/Zone (1); Sampling Station (1); Well (2); Treatment Plant (1),89,69,1,0,55,21,2024-08-21,40.3094673,-74.8144176
NJ-12,NJ1326007,MANALAPAN TWP WD TRACY STATION,NJ,800,256,SWP,L,3,Consecutive Connection (1); Sampling Station (1); Distribution System/Zone (1),17,15,0,0,7,21,2025-08-14,40.3153131,-74.3621341
NJ-12,NJ1330004,ABERDEEN - FRENEAU,NJ,286,110,SWP,L,3,Consecutive Connection (2); Distribution System/Zone (1),31,4,2,0,62,12,2024-09-05,40.4064082,-74.2257352
NJ-12,NJ1206001,HELMETTA WATER DEPT,NJ,2000,878,SWP,L,4,Consecutive Connection (2); Distribution System/Zone (1); Sampling Station (1),40,2,1,0,81,16,2026-01-15,40.3784931,-74.4181787
GA-13,GA2470003,"LITTLE MOUNTAIN S/D, NO. 1 HOA",GA,61,32,GW,P,2,Distribution System/Zone (1); Well (1),20,8,1,0,56,4,2024-01-30,NA,NA
GA-13,GA2170014,PORTERDALE,GA,1944,720,SWP,L,2,Consecutive Connection (1); Distribution System/Zone (1),22,6,7,0,45,9,2025-06-13,NA,NA
GA-13,GA2470005,LAKEVIEW UTILITIES,GA,2200,651,GW,P,9,Distribution System/Zone (1); Well (4); Treatment Plant (4),35,11,5,0,83,9,2025-10-08,NA,NA
GA-13,GA2470002,HI ROC SHORES ASSOCIATION,GA,655,260,GW,P,5,Distribution System/Zone (1); Treatment Plant (2); Well (2),59,12,5,0,74,5,2025-10-16,NA,NA
GA-13,GA2170034,ALCOVY MOBILE HOME PARK,GA,120,46,GW,P,3,Treatment Plant (1); Well (1); Distribution System/Zone (1),42,26,0,0,104,5,2023-01-10,41.323724,-72.336867
GA-13,GA2170010,DIAL WATER SYSTEM,GA,648,240,GW,P,9,Well (4); Treatment Plant (4); Distribution System/Zone (1),8,2,0,0,19,7,2024-08-05,NA,NA
GA-13,GA2470006,MONASTERY OF THE HOLY SPIRIT,GA,100,1,GW,P,5,Well (2); Treatment Plant (1); Spring (1); Distribution System/Zone (1),7,1,0,0,15,7,2024-01-10,NA,NA
GA-13,GA1510015,POOLE`S MOBILE MANOR,GA,255,98,GW,P,5,Treatment Plant (2); Well (2); Distribution System/Zone (1),32,16,1,0,69,8,2025-10-15,NA,NA
GA-13,GA2170020,OXFORD,GA,2132,931,SWP,L,2,Consecutive Connection (1); Distribution System/Zone (1),5,3,0,0,7,7,2024-01-30,33.6236579,-83.8677699
GA-10,GA0350000,FLOVILLA,GA,1292,511,GW,L,12,Treatment Plant (5); Well (5); Consecutive Connection (1); Distribution System/Zone (1),5,1,1,0,9,10,2024-09-25,33.2558221,-83.8949713
GA-10,GA0350004,FOREST GLEN ESTATES MHP,GA,367,136,GW,P,6,Distribution System/Zone (1); Well (3); Treatment Plant (2),6,4,2,0,19,8,2025-09-03,NA,NA
GA-10,GA0350009,GEORGIA DIAGNOSTIC CENTER,GA,2800,21,SWP,S,4,Treatment Plant (1); Well (1); Distribution System/Zone (1); Consecutive Connection (1),30,11,1,0,73,9,2025-09-23,NA,NA
GA-10,GA1330000,GREENSBORO,GA,2834,1090,SW,L,3,Distribution System/Zone (1); Intake (1); Treatment Plant (1),11,5,2,0,23,27,2026-01-06,33.5745665,-83.1818245
GA-10,GA1330003,WHITE PLAINS,GA,497,184,GW,L,7,Distribution System/Zone (1); Well (3); Treatment Plant (3),36,3,15,0,79,7,2025-06-12,33.462811,-83.046252
GA-10,GA1330004,WOODVILLE,GA,367,140,GW,L,4,Treatment Plant (1); Well (2); Distribution System/Zone (1),9,1,0,0,27,7,2025-08-15,33.671562,-83.105264
GA-10,GA1330007,ROCKY CREEK SUBDIVISION,GA,62,23,GW,P,3,Treatment Plant (1); Well (1); Distribution System/Zone (1),54,9,28,0,73,8,2025-02-20,NA,NA
GA-10,GA1330012,WALKER CHURCH WATER SYSTEM,GA,928,344,GW,P,9,Distribution System/Zone (1); Well (4); Treatment Plant (4),36,10,18,0,58,7,2025-02-20,NA,NA
GA-10,GA1330052,HARBOR CLUB ON LAKE OCONEE,GA,1701,630,GW,P,7,Treatment Plant (3); Well (3); Distribution System/Zone (1),4,1,0,0,13,9,2026-01-30,NA,NA
GA-10,GA1330065,GREENE HILLS SUBDIVISION,GA,73,27,GW,P,5,Distribution System/Zone (1); Well (2); Treatment Plant (2),22,3,0,0,40,6,2024-12-19,NA,NA
GA-10,GA0130008,BENT CREEK SUBDIVISION,GA,203,78,GW,P,4,Consecutive Connection (1); Well (1); Treatment Plant (1); Distribution System/Zone (1),23,0,0,0,33,7,2024-02-09,NA,NA
GA-10,GA1190002,FRANKLIN SPRINGS,GA,702,370,SWP,L,3,Distribution System/Zone (1); Consecutive Connection (2),40,27,0,0,51,7,2025-05-21,NA,NA
GA-10,GA1190004,ROYSTON,GA,2800,1077,SW,L,8,Distribution System/Zone (1); Well (2); Treatment Plant (3); Intake (1); Consecutive Connection (1),4,1,0,0,14,30,2023-03-13,NA,NA
GA-10,GA1190052,NAILS CREEK CROSSING,GA,89,33,GW,P,4,Distribution System/Zone (1); Consecutive Connection (1); Treatment Plant (1); Well (1),33,6,6,0,36,6,2024-08-30,34.0063856,-83.401251
GA-10,GA1470077,RIDGEVIEW ESTATES SD,GA,111,41,GW,P,4,Well (2); Treatment Plant (1); Distribution System/Zone (1),7,0,0,0,14,3,2025-04-30,NA,NA
GA-10,GA2210061,PINE RIDGE SUBDIVISION,GA,313,116,GW,P,5,Treatment Plant (2); Well (2); Distribution System/Zone (1),0,0,0,0,0,5,2026-03-27,NA,NA
GA-10,GA2210060,THE ESTATES AT HAWKS LANDING WS,GA,157,58,GW,P,3,Distribution System/Zone (1); Well (1); Treatment Plant (1),4,2,0,0,11,4,2023-06-29,34.0063856,-83.401251
GA-10,GA2210056,OAKWOOD SUBDIVISION,GA,130,48,GW,P,5,Distribution System/Zone (1); Treatment Plant (2); Well (2),5,1,0,0,11,7,2025-06-27,34.0063856,-83.401251
GA-10,GA2210055,FARM JUNCTION SUBDIVISION,GA,122,45,GW,P,4,Well (2); Treatment Plant (1); Distribution System/Zone (1),5,2,0,0,13,7,2025-06-27,34.0063856,-83.401251
GA-10,GA2210053,WINTHORPE / PECAN RIDGE SUBDIVISION,GA,103,38,GW,P,4,Well (2); Treatment Plant (1); Distribution System/Zone (1),10,8,0,0,8,6,2023-06-29,34.0063856,-83.401251
GA-10,GA2210052,SULFUR SPRINGS COMMUNITY PWS,GA,51,19,GW,P,3,Distribution System/Zone (1); Treatment Plant (1); Well (1),6,2,0,0,17,7,2024-02-28,34.0063856,-83.401251
GA-10,GA2210050,MEYER`S LAKE SUBDIVISION,GA,60,22,GW,P,3,Distribution System/Zone (1); Well (1); Treatment Plant (1),10,2,0,0,33,6,2026-02-06,NA,NA
GA-10,GA2210004,ARNOLDSVILLE,GA,1763,660,GW,L,13,Distribution System/Zone (1); Treatment Plant (6); Well (6),16,6,1,0,40,9,2025-08-05,NA,NA
GA-10,GA2190045,ELDER HEIGHTS SUBDIVISION,GA,154,57,GW,P,5,Distribution System/Zone (1); Well (2); Treatment Plant (2),15,2,1,0,42,6,2026-03-27,NA,NA
GA-10,GA2190035,PINEHILL SUBDIVISION,GA,96,37,GW,P,5,Well (2); Treatment Plant (2); Distribution System/Zone (1),15,1,0,0,31,6,2023-07-20,NA,NA
GA-10,GA2190026,KILLARNEY WEST SUBDIVISION,GA,103,38,GW,P,4,Distribution System/Zone (1); Well (1); Treatment Plant (1); Consecutive Connection (1),10,0,0,0,29,8,2026-01-16,NA,NA
GA-10,GA2190023,BIRCHMORE HILLS SUBDIVISION,GA,86,33,GW,P,4,Distribution System/Zone (1); Consecutive Connection (1); Treatment Plant (1); Well (1),16,1,0,0,40,6,2023-05-19,NA,NA
GA-10,GA2190015,WOODLANDS SUBDIVISION/OCONEE VILLAGE APT,GA,234,87,GW,P,4,Consecutive Connection (1); Well (1); Treatment Plant (1); Distribution System/Zone (1),15,1,0,0,34,7,2024-09-30,NA,NA
GA-10,GA1950052,W & R FARMS MOBILE HOME PARK,GA,130,48,GW,P,4,Consecutive Connection (1); Well (1); Treatment Plant (1); Distribution System/Zone (1),15,11,3,0,26,5,2024-07-02,34.0063856,-83.401251
GA-10,GA1950001,COLBERT WATER SYSTEM,GA,1374,537,GW,L,10,Distribution System/Zone (1); Consecutive Connection (3); Well (3); Treatment Plant (3),31,9,2,0,61,7,2024-03-15,NA,NA
GA-10,GA2570000,MARTIN,GA,1769,655,GW,L,10,Distribution System/Zone (1); Consecutive Connection (1); Treatment Plant (4); Well (4),27,16,4,0,62,6,2024-05-28,34.4885507,-83.1832281
GA-10,GA1470055,CHATEAU ESTATES SUBDIVISION,GA,88,34,GW,P,5,Distribution System/Zone (1); Treatment Plant (2); Well (2),3,0,0,0,8,6,2025-08-27,NA,NA
GA-10,GA2110003,RUTLEDGE WATER SYSTEM,GA,993,434,SWP,L,9,Well (3); Treatment Plant (3); Consecutive Connection (1); Distribution System/Zone (1); Storage (1),18,5,0,0,46,7,2025-09-05,NA,NA
GA-10,GA1590015,JASPER COUNTY WATER AND SEWER AUTHORITY,GA,1728,640,SWP,L,2,Consecutive Connection (1); Distribution System/Zone (1),30,6,9,0,57,8,2025-05-28,NA,NA
GA-10,GA1590004,ALCOVY SHORES WATER AUTHORITY,GA,715,277,SWP,L,4,Distribution System/Zone (1); Consecutive Connection (1); Well (1); Treatment Plant (1),18,3,14,0,33,10,2024-09-23,NA,NA
GA-10,GA1590002,TURTLE COVE POA,GA,2514,968,GW,P,19,Distribution System/Zone (1); Treatment Plant (9); Well (9),20,2,1,0,44,7,2023-10-19,NA,NA
GA-10,GA1330008,PARKS  MILL CROSSING SUBDIVISION,GA,304,217,GW,P,9,Treatment Plant (4); Well (4); Distribution System/Zone (1),9,3,0,0,21,8,2024-07-25,NA,NA
GA-10,GA1330014,OCONEE HEIGHTS SUBDIVISION,GA,97,36,GW,P,5,Well (2); Treatment Plant (2); Distribution System/Zone (1),7,1,1,0,14,6,2023-04-12,NA,NA
GA-10,GA1330059,TWIN RIVERS-TWIN RIVERS FARMS,GA,143,55,GW,P,5,Distribution System/Zone (1); Well (2); Treatment Plant (2),7,4,1,0,11,6,2024-02-27,NA,NA
GA-10,GA1410007,SCENIC SHORES SUBDIVISION,GA,1153,427,GW,P,13,Distribution System/Zone (1); Well (6); Treatment Plant (6),27,4,0,0,24,7,2025-08-20,NA,NA
GA-10,GA1590001,SHADY DALE,GA,454,168,GW,L,7,Treatment Plant (3); Well (3); Distribution System/Zone (1),84,16,0,0,120,6,2025-01-07,NA,NA
GA-10,GA2110001,BUCKHEAD,GA,332,125,GW,L,4,Consecutive Connection (1); Well (1); Treatment Plant (1); Distribution System/Zone (1),33,20,10,0,79,8,2024-08-29,NA,NA
GA-10,GA2110005,SOURCE OF LIGHT MISSION,GA,72,20,GW,P,3,Distribution System/Zone (1); Well (1); Treatment Plant (1),13,6,2,0,47,7,2023-11-13,NA,NA
GA-10,GA2110010,BLUE SPRINGS S/D,GA,140,52,GW,P,5,Distribution System/Zone (1); Well (2); Treatment Plant (2),6,2,0,0,9,8,2025-04-24,NA,NA
GA-10,GA2110049,MORGAN ESTATES SUBDIVISION,GA,161,62,GW,P,5,Distribution System/Zone (1); Well (2); Treatment Plant (2),8,2,0,0,18,6,2024-02-08,NA,NA
GA-10,GA2110055,RIVER WOODS ON LAKE OCONEE S/D,GA,151,56,GW,P,7,Well (3); Treatment Plant (3); Distribution System/Zone (1),25,1,20,0,18,7,2025-05-15,NA,NA
GA-10,GA2370013,CEDAR COVE / HICKORY POINT SUBDIVISION,GA,432,160,GW,P,7,Well (3); Treatment Plant (3); Distribution System/Zone (1),11,3,1,0,22,8,2023-03-08,NA,NA
GA-10,GA2370046,LAKE OCONEE PLANTATION S/D,GA,198,77,GW,P,7,Distribution System/Zone (1); Treatment Plant (3); Well (3),16,2,0,0,34,6,2023-07-27,NA,NA
GA-10,GA2370051,EAGLES NEST/PARKS MILL LANDING S/D,GA,327,117,GW,P,5,Distribution System/Zone (1); Treatment Plant (2); Well (2),9,2,0,0,18,9,2024-10-24,NA,NA
GA-10,GA2370063,WHIPPOORWILL COVE/LOCH HAVEN S/D,GA,221,82,GW,P,7,Distribution System/Zone (1); Well (3); Treatment Plant (3),21,15,1,0,39,7,2023-03-08,NA,NA
GA-10,GA2370088,ALEXANDER LAKES SUBDIVISION,GA,248,92,GW,P,4,Well (2); Treatment Plant (1); Distribution System/Zone (1),1,0,0,0,4,5,2023-06-22,NA,NA
GA-10,GA2370091,DEER RUN MOBILE HOME PARK II,GA,181,67,GW,P,7,Distribution System/Zone (1); Well (3); Treatment Plant (3),66,15,1,0,92,7,2025-08-13,34.2917502,-83.8727021
GA-10,GA2370094,MEADOWCREST SUBDIVISION,GA,119,44,GW,P,5,Well (2); Treatment Plant (2); Distribution System/Zone (1),8,0,0,0,13,3,2023-12-29,NA,NA
GA-10,GA2370097,PHOENIX CROSSING  SUBDIVISION,GA,149,55,GW,P,5,Distribution System/Zone (1); Well (2); Treatment Plant (2),8,1,0,0,22,5,2025-06-24,NA,NA
GA-10,GA1330067,NORTHWOODS S/D,GA,143,55,GW,P,4,Distribution System/Zone (1); Treatment Plant (1); Well (2),20,2,10,0,32,8,2025-08-15,NA,NA
GA-10,GA2370085,WATER OAKS SUBDIVISION,GA,100,37,GW,P,5,Well (2); Treatment Plant (1); Distribution System/Zone (1); Storage (1),5,1,0,0,14,4,2025-05-07,NA,NA
GA-10,GA1410004,WOODLAND VALLEY SUBDIVISION,GA,663,255,GW,P,7,Distribution System/Zone (1); Well (3); Treatment Plant (3),10,4,0,0,25,5,2023-03-22,NA,NA
GA-10,GA1410006,ISLAND CREEK / GLENWOOD SUBDIVISION,GA,681,262,GW,P,9,Distribution System/Zone (1); Treatment Plant (4); Well (4),25,8,2,0,32,6,2023-06-28,NA,NA
GA-10,GA1330001,SILOAM,GA,494,183,GW,L,8,Distribution System/Zone (1); Consecutive Connection (1); Treatment Plant (3); Well (3),15,0,11,0,40,6,2024-10-24,NA,NA
GA-10,GA1330002,UNION POINT,GA,2114,813,SW,L,4,Treatment Plant (1); Distribution System/Zone (1); Intake (1); Consecutive Connection (1),12,4,8,0,38,38,2025-10-21,NA,NA
GA-10,GA1330048,CHEROKEE POINT SUBDIVISION,GA,138,53,GW,P,5,Treatment Plant (2); Well (2); Distribution System/Zone (1),5,0,0,0,13,6,2023-08-30,NA,NA
GA-10,GA1330051,SALEM PLANTATION SUBDIVISION,GA,157,58,GW,P,5,Distribution System/Zone (1); Treatment Plant (2); Well (2),21,1,16,0,43,6,2024-05-15,NA,NA
GA-10,GA1330071,EMERALD SHORES SUBDIVISION,GA,120,46,GW,P,5,Treatment Plant (2); Well (2); Distribution System/Zone (1),5,2,1,0,14,6,2022-07-19,NA,NA
GA-10,GA1410001,SPARTA,GA,2903,2912,SW,L,4,Common Headers (1); Intake (1); Treatment Plant (1); Distribution System/Zone (1),35,10,4,0,83,33,2025-02-12,33.2760903,-82.9713353
GA-10,GA1410016,HOLIDAY SHORES SUBDIVISION,GA,813,301,GW,P,8,Treatment Plant (3); Well (4); Distribution System/Zone (1),14,2,5,0,29,6,2025-10-17,NA,NA
GA-10,GA1410019,HANCOCK CO-GA15E/DEVEREAU WS,GA,1512,560,SWP,L,2,Consecutive Connection (1); Distribution System/Zone (1),34,13,0,0,61,8,2023-11-16,NA,NA
GA-10,GA2370045,WERBLS,GA,2193,1000,GW,P,32,Distribution System/Zone (1); Storage (2); Consecutive Connection (1); Treatment Plant (14); Well (14),115,76,4,0,41,7,2023-02-23,NA,NA
GA-10,GA2370055,LONG SHOALS LANDING S/D,GA,59,22,GW,P,4,Distribution System/Zone (1); Treatment Plant (1); Well (2),38,25,3,0,68,6,2023-05-23,NA,NA
GA-10,GA2370057,OCONEE SPRINGS LANDING S/D,GA,327,121,GW,P,5,Well (2); Treatment Plant (2); Distribution System/Zone (1),6,2,1,0,15,7,2026-02-27,NA,NA
GA-10,GA2970046,RIVERMIST SUBDIVISION,GA,97,36,GW,P,3,Distribution System/Zone (1); Well (2),10,6,2,0,22,7,2025-09-09,34.0063856,-83.401251
GA-10,GA1330050,EAGLES VIEW,GA,267,99,GW,P,5,Distribution System/Zone (1); Well (2); Treatment Plant (2),20,15,2,0,26,7,2025-01-24,NA,NA
GA-10,GA0130032,OAK HILLS WATER SYSTEM,GA,192,75,SWP,P,4,Consecutive Connection (1); Well (1); Treatment Plant (1); Distribution System/Zone (1),33,22,4,0,31,5,2025-10-16,NA,NA
GA-10,GA0590003,COUNTRY CORNERS MOBILE HOME COMMUNITY,GA,390,150,SWP,P,2,Distribution System/Zone (1); Consecutive Connection (1),13,3,1,0,39,7,2025-07-14,NA,NA
GA-10,GA0590004,HALLMARK MANUFACTURED HOUSING COMMUNITY,GA,753,279,GW,P,5,Well (3); Treatment Plant (1); Distribution System/Zone (1),17,8,1,0,56,9,2024-05-03,33.9620048,-83.3310367
GA-10,GA0590007,SANDY SPRINGS SUBDIVISION,GA,55,21,GW,P,3,Distribution System/Zone (1); Treatment Plant (1); Well (1),18,7,2,0,39,6,2021-05-13,NA,NA
GA-10,GA0590009,PINEWOOD ESTATES NORTH,GA,581,215,GW,P,6,Consecutive Connection (1); Distribution System/Zone (1); Treatment Plant (2); Well (2),14,6,0,0,31,8,2026-02-27,NA,NA
GA-10,GA0590020,RAMBLE HILLS SUBDIVISION,GA,157,37,GW,P,5,Distribution System/Zone (1); Well (2); Treatment Plant (2),37,26,2,0,62,7,2025-06-27,34.0063856,-83.401251
GA-10,GA0590054,BEAVER DAM ESTATES M. H. P.,GA,105,40,GW,P,5,Well (2); Treatment Plant (2); Distribution System/Zone (1),100,44,6,0,167,7,2025-09-24,33.8933176,-83.3084253
GA-10,GA0590070,FOWLER`S MILL SUBDIVISION,GA,127,47,GW,P,3,Well (1); Treatment Plant (1); Distribution System/Zone (1),14,2,3,0,40,6,2025-12-05,NA,NA
GA-10,GA0590071,CRESTMONT FARMS SUBDIVISION,GA,170,63,SWP,P,7,Treatment Plant (2); Well (3); Consecutive Connection (1); Distribution System/Zone (1),35,15,20,0,52,5,2023-08-31,34.0063856,-83.401251
GA-10,GA1050000,BOWMAN WATER SYSTEM,GA,1299,498,GW,L,5,Treatment Plant (2); Well (2); Distribution System/Zone (1),11,4,0,0,35,6,2024-05-16,NA,NA
GA-10,GA1190000,CANON WATER SYSTEM,GA,1048,388,SWP,L,2,Consecutive Connection (1); Distribution System/Zone (1),30,9,0,0,70,8,2025-10-28,NA,NA
GA-10,GA1190001,CARNESVILLE WATER SYSTEM,GA,954,457,GW,L,5,Spring (1); Distribution System/Zone (1); Treatment Plant (1); Well (1); Consecutive Connection (1),23,7,5,0,46,6,2023-08-29,NA,NA
GA-10,GA1470008,BOWERSVILLE,GA,594,195,SWP,L,2,Consecutive Connection (1); Distribution System/Zone (1),30,11,0,0,59,6,2023-04-12,34.3576617,-83.0143167
GA-10,GA1470009,PARADISE PT-TAHOE/YORK SD,GA,86,32,GW,P,3,Well (1); Treatment Plant (1); Distribution System/Zone (1),9,5,2,0,21,8,2025-07-23,NA,NA
GA-10,GA1470051,SANDERS MOBILE HOME PARK,GA,332,128,GU,P,6,Treatment Plant (2); Well (1); Spring (1); Consecutive Connection (1); Distribution System/Zone (1),13,9,1,0,29,7,2024-04-26,NA,NA
GA-10,GA1950073,HARRISON MILITIA DISTRICT,GA,283,109,GWP,L,4,Distribution System/Zone (1); Consecutive Connection (3),0,0,0,0,0,2,2026-03-09,34.1383816,-83.2161356
GA-10,GA0590013,CHEROKEE MOBILE HOME PARK,GA,100,37,GW,P,4,Well (1); Treatment Plant (1); Distribution System/Zone (1); Consecutive Connection (1),46,16,1,0,105,6,2023-07-06,NA,NA
GA-10,GA2970055,BEARDEN ESTATES,GA,54,20,GW,P,5,Well (2); Treatment Plant (2); Distribution System/Zone (1),5,1,0,0,14,6,2023-11-28,34.0063856,-83.401251
GA-10,GA2970020,"HILLSIDE VILLAGE MHP, INC.",GA,221,82,GW,P,4,Distribution System/Zone (1); Treatment Plant (1); Well (2),45,23,4,0,119,6,2024-01-17,NA,NA
GA-10,GA2210065,THE BRIDGES SUBDIVISION,GA,97,36,GW,P,4,Distribution System/Zone (1); Well (2); Treatment Plant (1),5,1,0,0,12,4,2024-05-15,NA,NA
GA-10,GA2210064,EMERALD LANDING,GA,59,22,GW,P,3,Treatment Plant (1); Well (1); Distribution System/Zone (1),6,3,1,0,17,6,2026-02-06,NA,NA
GA-10,GA2210062,SMOKEY ROAD WATER SYSTEM,GA,143,55,GW,P,5,Well (2); Treatment Plant (1); Distribution System/Zone (1); Storage (1),30,4,0,0,67,8,2025-11-13,NA,NA
GA-10,GA2210002,MAXEYS,GA,281,108,GW,L,4,Well (1); Treatment Plant (1); Consecutive Connection (1); Distribution System/Zone (1),56,17,27,0,90,8,2025-08-05,NA,NA
GA-10,GA2210001,LEXINGTON,GA,1015,382,SWP,L,12,Distribution System/Zone (1); Well (5); Treatment Plant (5); Consecutive Connection (1),42,5,23,0,102,9,2025-08-05,NA,NA
GA-10,GA2210000,CRAWFORD,GA,1170,452,SW,L,9,Well (3); Treatment Plant (4); Distribution System/Zone (1); Intake (1),24,10,11,0,28,24,2023-09-27,33.880927,-83.156655
GA-10,GA2190073,BRIDLEGATE S/D,GA,68,18,GW,P,4,Distribution System/Zone (1); Well (2); Treatment Plant (1),2,1,0,0,5,4,2025-01-09,NA,NA
GA-10,GA2190071,WRANGLERS HIDE AWAY,GA,68,22,GW,P,4,Distribution System/Zone (1); Well (2); Treatment Plant (1),16,5,1,0,37,7,2024-06-28,NA,NA
GA-10,GA2190067,OCONEE CO-APPALACHEE POINTE S/D,GA,46,17,GW,L,4,Treatment Plant (1); Well (2); Distribution System/Zone (1),7,1,0,0,11,6,2024-06-13,NA,NA
GA-10,GA2190058,OLD MILL CHASE SUBDIVISION,GA,95,35,GW,P,5,Distribution System/Zone (1); Well (2); Treatment Plant (2),6,3,0,0,11,5,2025-08-14,NA,NA
GA-10,GA2190057,EAGLEWOOD SUBDIVISION,GA,52,20,GW,P,5,Well (2); Treatment Plant (1); Consecutive Connection (1); Distribution System/Zone (1),4,1,0,0,9,5,2025-08-22,NA,NA
GA-10,GA2190055,FERNWOOD SUBDIVISION,GA,218,84,GW,P,4,Distribution System/Zone (1); Treatment Plant (1); Well (2),4,1,0,0,9,5,2025-08-22,NA,NA
GA-10,GA2190054,ASHLAND SUBDIVISION,GA,140,54,GW,P,4,Distribution System/Zone (1); Well (1); Treatment Plant (1); Consecutive Connection (1),6,1,0,0,14,6,2025-08-22,NA,NA
GA-10,GA2190053,BARNETTS BLUFF,GA,149,55,GW,P,5,Treatment Plant (2); Well (2); Distribution System/Zone (1),7,3,1,0,13,5,2025-08-14,NA,NA
GA-10,GA2190049,FIELDSTONE/CANYON CREEK SD,GA,367,136,GW,P,5,Distribution System/Zone (1); Treatment Plant (2); Well (2),15,3,2,0,36,7,2025-07-01,NA,NA
GA-10,GA2190022,OAK GROVE SUBDIVISION,GA,116,43,GW,P,5,Treatment Plant (2); Well (2); Distribution System/Zone (1),14,1,1,0,38,6,2023-07-14,NA,NA
GA-10,GA2190018,DEERWOOD ESTATES SUBDIVISION,GA,95,70,GW,P,5,Distribution System/Zone (1); Treatment Plant (2); Well (2),12,2,2,0,36,7,2024-08-09,NA,NA
GA-10,GA2190006,NORTHWEST WOODS SUBDIVISION,GA,237,91,GW,P,6,Distribution System/Zone (1); Well (2); Treatment Plant (2); Consecutive Connection (1),13,1,1,0,35,6,2023-05-19,NA,NA
GA-10,GA2190005,INDIAN HILLS SUBDIVISION,GA,89,33,GW,P,4,Well (1); Treatment Plant (1); Consecutive Connection (1); Distribution System/Zone (1),11,1,1,0,32,7,2026-01-16,NA,NA
GA-10,GA2190003,PLEASANT HILL SUBDIVISION,GA,55,21,GW,P,4,Treatment Plant (1); Well (1); Consecutive Connection (1); Distribution System/Zone (1),36,15,2,0,73,7,2024-08-09,NA,NA
GA-10,GA2110011,APPALACHEE WOODS SUBDIVISION,GA,292,112,GW,P,5,Treatment Plant (2); Well (2); Distribution System/Zone (1),5,1,0,0,15,7,2024-06-20,NA,NA
GA-10,GA2110000,BOSTWICK WATER SYSTEM,GA,484,186,SWP,L,4,Consecutive Connection (1); Distribution System/Zone (1); Well (1); Treatment Plant (1),10,1,0,0,33,6,2024-08-07,NA,NA
GA-10,GA1950049,PATTERSON PLACE S/D,GA,159,59,GW,P,8,Distribution System/Zone (1); Treatment Plant (3); Well (3); Consecutive Connection (1),26,9,6,0,47,7,2024-03-15,NA,NA
GA-10,GA1950045,APPLE ACRES-KINGSTON-GATEWOOD,GA,308,114,GW,P,4,Treatment Plant (1); Well (1); Distribution System/Zone (1); Consecutive Connection (1),32,27,0,0,20,6,2024-03-15,NA,NA
GA-10,GA1950043,MADISON ACRES SUBDIVISION,GA,221,82,GW,P,5,Distribution System/Zone (1); Treatment Plant (2); Well (2),23,16,1,0,35,6,2024-07-02,34.0063856,-83.401251
GA-10,GA1950011,WESTBROOK / NORWOOD VILLAGE S/D,GA,416,154,GW,P,7,Treatment Plant (3); Well (3); Distribution System/Zone (1),36,19,1,0,87,6,2023-04-28,NA,NA
GA-10,GA1950006,BROWN BROTHERS FARM SUBDIVISION,GA,656,243,GW,P,11,Distribution System/Zone (1); Well (5); Treatment Plant (5),30,5,0,0,53,5,2023-09-22,NA,NA
GA-10,GA1950004,ILA,GA,532,197,GW,L,5,Well (2); Treatment Plant (2); Distribution System/Zone (1),2,1,0,0,6,6,2023-02-14,NA,NA
GA-10,GA1950003,DANIELSVILLE,GA,1022,526,GW,L,10,Consecutive Connection (1); Distribution System/Zone (1); Treatment Plant (4); Well (4),37,14,8,0,81,7,2024-09-17,34.1256108,-83.2219288
GA-10,GA1950002,COMER,GA,1531,630,GW,L,7,Treatment Plant (3); Well (3); Distribution System/Zone (1),11,3,0,0,26,7,2025-04-22,34.0683946,-83.129068
GA-10,GA1950000,CARLTON,GA,419,165,GW,L,9,Well (4); Treatment Plant (4); Distribution System/Zone (1),4,3,1,0,18,6,2025-04-29,NA,NA
GA-10,GA2970041,WILDWOOD ESTATES,GA,46,18,GW,P,3,Distribution System/Zone (1); Well (1); Treatment Plant (1),29,24,0,0,24,6,2026-03-06,NA,NA
GA-10,GA2970057,CREEKSIDE AT RIVERSTONE,GA,73,27,GW,P,5,Distribution System/Zone (1); Well (2); Treatment Plant (2),0,0,0,0,0,2,2023-08-24,34.0063856,-83.401251
GA-10,GA2970000,JERSEY,GA,435,172,GW,L,4,Well (1); Treatment Plant (1); Consecutive Connection (1); Distribution System/Zone (1),25,11,1,0,63,9,2024-02-07,NA,NA
GA-10,GA2170003,NEWBORN WATER SYSTEM,GA,667,257,SWP,L,3,Distribution System/Zone (1); Consecutive Connection (2),12,4,8,0,44,8,2025-05-28,NA,NA
GA-10,GA2170034,ALCOVY MOBILE HOME PARK,GA,120,46,GW,P,3,Treatment Plant (1); Well (1); Distribution System/Zone (1),42,26,0,0,104,5,2023-01-10,41.323724,-72.336867
GA-10,GA2170010,DIAL WATER SYSTEM,GA,648,240,GW,P,9,Well (4); Treatment Plant (4); Distribution System/Zone (1),8,2,0,0,19,7,2024-08-05,NA,NA
GA-10,GA2170002,MANSFIELD,GA,791,419,SWP,L,3,Distribution System/Zone (1); Consecutive Connection (2),8,2,2,0,27,6,2026-02-09,NA,NA
GA-10,GA1510013,INDIAN CREEK MOBILE PARK,GA,572,288,GW,P,4,Consecutive Connection (1); Distribution System/Zone (1); Treatment Plant (1); Well (1),30,8,1,0,44,6,2025-10-21,33.33525,-84.1176782
GA-10,GA1050042,NEWTON`S POINTE SUBDIVISION,GA,135,50,GW,P,4,Well (2); Treatment Plant (1); Distribution System/Zone (1),6,1,0,0,14,6,2025-02-21,NA,NA
GA-10,GA1470052,MCMULLEN SUBDIVISION,GA,135,50,GW,P,4,Well (2); Treatment Plant (1); Distribution System/Zone (1),4,0,0,0,10,6,2025-07-23,NA,NA
GA-10,GA1470053,MILLTOWN SUBDIVISION,GA,84,31,GW,P,4,Distribution System/Zone (1); Treatment Plant (1); Well (2),4,1,1,0,9,6,2025-01-08,NA,NA
GA-10,GA1470054,PARADISE PT-ROCKY POINT,GA,111,41,GW,P,3,Well (1); Treatment Plant (1); Distribution System/Zone (1),4,4,1,0,9,7,2025-11-25,NA,NA
GA-10,GA1470056,REED CREEK S/D,GA,242,93,GW,P,5,Distribution System/Zone (1); Well (2); Treatment Plant (2),5,1,1,0,12,6,2025-04-09,NA,NA
GA-10,GA1470057,REED CREEK POINT/REED CREEK HEIGHTS,GA,216,80,GW,P,7,Distribution System/Zone (1); Treatment Plant (3); Well (3),12,8,4,0,27,9,2025-10-17,NA,NA
GA-10,GA1470064,FREEDOM HEIGHTS SUBDIVISION,GA,54,20,GW,P,3,Treatment Plant (1); Well (1); Distribution System/Zone (1),2,0,0,0,5,5,2025-12-11,NA,NA
GA-10,GA1470070,TUCKER - MASSEY SUBDIVISION,GA,57,21,GW,P,6,Distribution System/Zone (1); Storage (1); Treatment Plant (2); Well (2),2,1,0,0,3,5,2023-12-11,NA,NA
GA-10,GA1470071,HIDDEN POINT SUBDIVISION,GA,73,27,GW,P,5,Treatment Plant (1); Well (2); Distribution System/Zone (1); Storage (1),4,3,2,0,11,6,2025-08-27,NA,NA
GA-10,GA1470075,SENTU SUBDIVISION,GA,76,28,GW,P,5,Distribution System/Zone (1); Treatment Plant (2); Well (2),3,1,1,0,6,6,2025-11-26,NA,NA
GA-10,GA1470084,MT. WALNUT SUBDIVISION,GA,26,10,GW,P,4,Distribution System/Zone (1); Well (2); Treatment Plant (1),1,1,0,0,2,2,2025-06-18,NA,NA
GA-10,GA3170000,RAYLE WATER SYSTEM,GA,200,76,GW,L,6,Treatment Plant (2); Well (2); Distribution System/Zone (1); Storage (1),9,4,0,0,23,7,2023-09-21,NA,NA
GA-10,GA1050009,WHISPERING PINES MHP,GA,100,37,GW,P,8,Distribution System/Zone (1); Well (4); Treatment Plant (3),10,3,1,0,29,6,2023-09-14,NA,NA
GA-10,GA3170001,TIGNALL WATER SYSTEM,GA,729,275,GW,L,9,Distribution System/Zone (1); Well (4); Treatment Plant (4),12,4,2,0,38,7,2023-09-19,NA,NA
GA-10,GA1410002,MAYFIELD WATER SYSTEM,GA,160,60,GW,L,4,Distribution System/Zone (1); Treatment Plant (1); Well (2),32,7,0,0,71,5,2024-02-01,NA,NA
GA-10,GA2650000,CRAWFORDVILLE WATER SYSTEM,GA,621,272,GW,L,5,Well (2); Treatment Plant (2); Distribution System/Zone (1),30,3,10,0,73,7,2024-09-26,33.4744694,-81.9951947
GA-10,GA2170020,OXFORD,GA,2132,931,SWP,L,2,Consecutive Connection (1); Distribution System/Zone (1),5,3,0,0,7,7,2024-01-30,33.6236579,-83.8677699
GA-12,GA1750000,CADWELL,GA,617,220,GW,L,5,Distribution System/Zone (1); Well (2); Treatment Plant (2),21,11,1,0,40,5,2025-04-30,NA,NA
GA-12,GA2830000,SOPERTON,GA,3115,1081,GW,L,7,Distribution System/Zone (1); Well (3); Treatment Plant (3),6,5,3,0,19,7,2024-06-20,33.2961663,-83.9516093
GA-12,GA0310215,PULASKI POINTE SUBDIVISION,GA,120,57,GW,P,3,Treatment Plant (1); Well (1); Distribution System/Zone (1),6,1,0,0,14,5,2023-11-02,NA,NA
GA-12,GA0310221,SOUTH SIDE WATER SYSTEM,GA,55,18,GW,P,3,Distribution System/Zone (1); Well (1); Treatment Plant (1),5,2,0,0,13,6,2025-04-16,NA,NA
GA-12,GA0310178,BIRD ROAD TRAILER PARK,GA,107,42,GW,P,3,Well (1); Treatment Plant (1); Distribution System/Zone (1),1,0,0,0,2,7,2025-09-12,33.8492236,-84.3775525
GA-12,GA0310001,NEVILS WATER ASSOCIATION,GA,146,57,GW,P,3,Treatment Plant (1); Well (1); Distribution System/Zone (1),5,4,0,0,19,6,2024-02-13,NA,NA
GA-12,GA0310229,PINE INN ESTATES,GA,109,42,GW,P,5,Distribution System/Zone (1); Treatment Plant (2); Well (2),29,17,1,0,65,12,2025-12-08,NA,NA
GA-12,GA0310230,BEAVER CREEK - CROSSWAY COTTAGES,GA,335,124,GW,P,8,Distribution System/Zone (1); Treatment Plant (3); Well (4),10,4,0,0,21,6,2025-12-03,NA,NA
GA-12,GA0310273,SANDALWOOD S/D,GA,166,64,GW,P,4,Treatment Plant (1); Well (2); Distribution System/Zone (1),1,1,0,0,2,4,2021-11-03,32.4569316,-81.7835965
GA-12,GA0310274,COUNTRYSIDE-CYPRESS CROSSING-HAZELWOOD,GA,697,258,GW,P,9,Treatment Plant (4); Well (4); Distribution System/Zone (1),5,0,0,0,7,6,2025-12-03,NA,NA
GA-12,GA0310276,HINTERLAND TRAIL (NEVILS),GA,62,24,GW,P,3,Distribution System/Zone (1); Well (1); Treatment Plant (1),27,24,0,0,14,1,2022-11-07,32.4569316,-81.7835965
GA-12,GA1070002,OAK PARK,GA,281,114,GW,L,3,Well (1); Treatment Plant (1); Distribution System/Zone (1),96,20,27,0,146,11,2025-10-16,NA,NA
GA-12,GA2670003,MANASSAS,GA,133,51,GW,L,3,Distribution System/Zone (1); Treatment Plant (1); Well (1),36,31,1,0,33,8,2025-04-29,NA,NA
GA-12,GA2670005,ROGERS STATE PRISON,GA,1588,120,GW,S,7,Distribution System/Zone (1); Well (3); Treatment Plant (3),53,34,1,0,60,7,2022-02-09,NA,NA
GA-12,GA2670022,BEARDS CREEK MHP,GA,307,120,GW,P,5,Distribution System/Zone (1); Well (2); Treatment Plant (2),36,23,2,0,77,6,2025-04-29,NA,NA
GA-12,GA2670046,THE OAKS SUBDIVISION,GA,57,22,GW,P,5,Treatment Plant (2); Well (2); Distribution System/Zone (1),2,0,0,0,7,5,2025-07-28,32.4569316,-81.7835965
GA-12,GA2670001,COLLINS WATER SYSTEM,GA,780,302,GW,L,5,Well (2); Treatment Plant (2); Distribution System/Zone (1),42,28,1,0,53,8,2023-01-26,NA,NA
GA-12,GA2670000,COBBTOWN WATER SYSTEM,GA,596,209,GW,L,4,Well (2); Treatment Plant (1); Distribution System/Zone (1),25,11,4,0,56,7,2025-07-28,NA,NA
GA-12,GA0310052,COACH HOUSE ESTATES MHP,GA,200,180,GW,P,7,Storage (2); Distribution System/Zone (1); Well (2); Treatment Plant (2),13,5,1,0,37,7,2025-04-09,32.4569316,-81.7835965
GA-12,GA0310060,MILL CREEK ESTATES,GA,29,11,GW,P,3,Distribution System/Zone (1); Treatment Plant (1); Well (1),20,14,1,0,50,7,2026-01-22,33.8492236,-84.3775525
GA-12,GA0310061,LAKESIDE ESTATES,GA,124,48,GW,P,3,Distribution System/Zone (1); Well (1); Treatment Plant (1),21,6,2,0,57,8,2026-02-06,NA,NA
GA-12,GA0310071,WESTCHESTER SUBDIVISION,GA,172,66,GW,P,3,Treatment Plant (1); Well (1); Distribution System/Zone (1),9,2,0,0,20,7,2025-10-27,NA,NA
GA-12,GA0310169,WESTRIDGE SUBDIVISION,GA,47,21,GW,P,3,Well (1); Treatment Plant (1); Distribution System/Zone (1),16,1,0,0,44,7,2024-11-21,NA,NA
GA-12,GA0310242,PARKVIEW SUBDIVISION,GA,62,24,GW,P,4,Well (1); Treatment Plant (1); Distribution System/Zone (1); Storage (1),3,1,0,0,10,6,2025-02-25,32.4569316,-81.7835965
GA-12,GA0310260,SPENWAY SUBDIVISION,GA,296,114,GW,P,5,Distribution System/Zone (1); Treatment Plant (2); Well (2),13,1,0,0,6,3,2021-11-03,32.4569316,-81.7835965
GA-12,GA0310266,WILLIAMSBURG SUBDIVISION,GA,70,61,GW,P,5,Distribution System/Zone (1); Well (2); Treatment Plant (2),0,0,0,0,0,5,2024-11-06,NA,NA
GA-12,GA1070024,NUNEZ,GA,205,78,GW,L,4,Distribution System/Zone (1); Well (2); Treatment Plant (1),47,10,2,0,86,8,2023-12-07,NA,NA
GA-12,GA0310207,GLEN OAKS SUBDIVISION,GA,174,70,GW,P,4,Well (2); Treatment Plant (1); Distribution System/Zone (1),16,13,1,0,11,5,2025-04-17,NA,NA
GA-12,GA0310223,EAGLE VILLAGE MHP,GA,205,79,GW,P,5,Well (2); Treatment Plant (2); Distribution System/Zone (1),20,8,3,0,48,7,2025-04-09,NA,NA
GA-12,GA0310235,OAKFIELD SUBDIVISION,GA,161,64,GW,P,4,Well (2); Treatment Plant (1); Distribution System/Zone (1),3,0,0,0,8,6,2024-03-05,32.5180327,-81.7836235
GA-12,GA0310292,JOHNSON RUN PHASE III AND IV,GA,338,130,GW,P,4,Distribution System/Zone (1); Treatment Plant (1); Well (2),0,0,0,0,0,4,2025-02-05,NA,NA
GA-12,GA0310174,CHANCE`S MOBILE HOME PARK,GA,146,71,GW,P,5,Well (2); Treatment Plant (2); Distribution System/Zone (1),18,7,4,0,36,8,2025-04-09,33.8492236,-84.3775525
GA-12,GA0310201,OAK HILL MOBILE HOME PARK,GA,26,28,GW,P,3,Distribution System/Zone (1); Treatment Plant (1); Well (1),10,4,0,0,23,6,2025-04-09,33.8492236,-84.3775525
GA-12,GA1090038,LA CASA CARMEN S/D,GA,213,83,GW,P,5,Treatment Plant (2); Well (2); Distribution System/Zone (1),14,0,0,0,28,7,2023-02-07,32.4569316,-81.7835965
GA-12,GA1090037,WINNMEIR SUBDIVISION,GA,127,49,GW,P,5,Distribution System/Zone (1); Well (2); Treatment Plant (2),11,2,0,0,27,6,2024-01-31,NA,NA
GA-12,GA1090007,CLAXTON-EVANS COUNTY IND. PARK,GA,88,47,GW,L,5,Consecutive Connection (2); Distribution System/Zone (1); Well (1); Treatment Plant (1),71,31,2,0,96,8,2026-03-03,NA,NA
GA-12,GA1090003,HAGAN,GA,1404,540,GW,L,7,Consecutive Connection (2); Distribution System/Zone (1); Well (2); Treatment Plant (2),18,6,0,0,36,9,2025-02-04,NA,NA
GA-12,GA1090002,DAISY,GA,325,127,GW,L,5,Distribution System/Zone (1); Well (2); Treatment Plant (2),16,13,0,0,21,7,2022-11-02,NA,NA
GA-12,GA1090000,BELLVILLE,GA,365,151,GW,L,5,Distribution System/Zone (1); Well (2); Treatment Plant (2),19,5,1,0,45,6,2022-11-02,NA,NA
GA-12,GA1070003,STILLMORE,GA,810,237,GW,L,5,Distribution System/Zone (1); Well (2); Treatment Plant (2),52,20,2,0,99,12,2025-05-29,NA,NA
GA-12,GA0310165,GEORGIAN WALK SUBDIVISION,GA,372,198,GW,P,7,Treatment Plant (3); Well (3); Distribution System/Zone (1),23,9,4,0,45,8,2023-03-08,NA,NA
GA-12,GA0310062,NEWTONS MOBILE HOME VILLAGE,GA,36,25,GW,P,3,Distribution System/Zone (1); Well (1); Treatment Plant (1),34,13,5,0,91,8,2026-01-22,33.8492236,-84.3775525
GA-12,GA0430029,CREEKSIDE MANOR,GA,62,24,GW,P,3,Well (1); Treatment Plant (1); Distribution System/Zone (1),1,0,0,0,4,5,2022-04-21,NA,NA
GA-12,GA0430026,CANOE LAKE ESTATES S/D,GA,60,24,GW,P,3,Distribution System/Zone (1); Treatment Plant (1); Well (1),11,5,0,0,20,5,2022-03-28,NA,NA
GA-12,GA0430025,COLEMAN ESTATES MOBILE HOME PARK,GA,73,28,GW,P,5,Treatment Plant (2); Well (2); Distribution System/Zone (1),36,7,0,0,54,7,2024-04-02,NA,NA
GA-12,GA0430024,MAGNOLIA BLUFF SUBDIVISION,GA,107,41,GW,P,3,Distribution System/Zone (1); Treatment Plant (1); Well (1),4,2,0,0,11,5,2025-08-22,32.4569316,-81.7835965
GA-12,GA0430001,PULASKI,GA,280,95,GW,L,3,Distribution System/Zone (1); Treatment Plant (1); Well (1),11,4,0,0,33,8,2026-03-03,NA,NA
GA-12,GA0310271,WEDGEFIELD PLANTATION SUBDIVISION,GA,49,45,GW,P,4,Distribution System/Zone (1); Well (2); Treatment Plant (1),1,0,0,0,3,4,2025-05-08,32.4569316,-81.7835965
GA-12,GA0310270,ALEXANDER FARMS SUBDIVISION,GA,81,30,GW,P,5,Distribution System/Zone (1); Well (2); Treatment Plant (2),27,3,0,0,28,5,2024-02-20,NA,NA
GA-12,GA0310261,STONEBROOK SUBDIVISION,GA,575,213,GW,P,6,Treatment Plant (2); Well (3); Distribution System/Zone (1),4,2,0,0,12,10,2025-12-05,32.4182484,-81.7835722
GA-12,GA0310256,WOODBRIDGE SUBDIVISION,GA,247,95,GW,P,5,Well (2); Treatment Plant (2); Distribution System/Zone (1),7,6,0,0,16,5,2023-01-18,NA,NA
GA-12,GA0310251,WAVERLY COVE SUBDIVISION,GA,68,25,GW,P,4,Distribution System/Zone (1); Well (2); Treatment Plant (1),4,2,0,0,11,5,2025-11-20,NA,NA
GA-12,GA0310248,CARRINGTON SOUTH SUBDIVISION,GA,227,84,GW,P,4,Well (2); Treatment Plant (1); Distribution System/Zone (1),9,2,0,0,22,6,2024-02-20,NA,NA
GA-12,GA0310247,SMITH CREEK SUBDIVISION,GA,75,29,GW,P,4,Distribution System/Zone (1); Well (2); Treatment Plant (1),18,1,0,0,49,5,2021-02-09,NA,NA
GA-12,GA0310241,SADDLE CREEK,GA,164,65,GW,P,5,Distribution System/Zone (1); Well (3); Treatment Plant (1),12,0,0,0,3,5,2023-11-02,NA,NA
GA-12,GA0310237,BEAUMONT PLANTATION,GA,143,55,GW,P,4,Distribution System/Zone (1); Treatment Plant (1); Well (2),9,4,0,0,23,7,2024-11-07,NA,NA
GA-12,GA0310232,BURKHALTER - SHADOWBROOK -TALON'S LAKE,GA,1020,380,GW,P,12,Well (6); Treatment Plant (5); Distribution System/Zone (1),5,0,0,0,12,7,2025-11-20,NA,NA
GA-12,GA0310228,BERKSHIRE SUBDIVISION,GA,218,84,GW,P,4,Treatment Plant (1); Well (2); Distribution System/Zone (1),15,2,0,0,30,7,2026-03-18,NA,NA
GA-12,GA0310219,BROOK RUN SUBDIVISION,GA,55,21,GW,P,4,Well (2); Treatment Plant (1); Distribution System/Zone (1),6,1,0,0,19,8,2024-11-14,NA,NA
GA-12,GA0310204,WESTOVER SUBDIVISION,GA,179,69,GW,P,3,Distribution System/Zone (1); Well (1); Treatment Plant (1),17,4,1,0,47,6,2026-02-06,NA,NA
GA-12,GA0310198,HERITAGE MOBILE HOME PARK,GA,362,139,GW,P,5,Treatment Plant (2); Well (2); Distribution System/Zone (1),12,1,0,0,38,7,2023-07-20,32.4239265,-81.7900854
GA-12,GA0310192,DRY BRANCH VILLAGE MOBILE HOME PARK,GA,206,79,GW,P,4,Distribution System/Zone (1); Well (2); Treatment Plant (1),2,1,0,0,3,5,2023-05-25,NA,NA
GA-12,GA0310185,ON THE POND SUBDIVISION,GA,159,64,GW,P,3,Distribution System/Zone (1); Treatment Plant (1); Well (1),16,6,0,0,30,8,2026-02-06,NA,NA
GA-12,GA0310184,SOUTHERN COMFORT SUBDIVISION,GA,159,61,GW,P,3,Distribution System/Zone (1); Well (1); Treatment Plant (1),12,2,0,0,25,7,2026-02-06,NA,NA
GA-12,GA0310055,CYPRESS LAKE MOBILE HOME PARK,GA,94,40,GW,P,3,Treatment Plant (1); Well (1); Distribution System/Zone (1),8,3,1,0,23,6,2024-11-07,32.4569316,-81.7835965
GA-12,GA0310053,COLONIAL HEIGHTS SUBDIVISION,GA,117,44,GW,P,5,Well (2); Treatment Plant (1); Distribution System/Zone (1); Storage (1),16,8,1,0,34,8,2025-02-05,NA,NA
GA-12,GA0310041,NEW HOPE SUBDIVISION,GA,78,30,GW,P,3,Distribution System/Zone (1); Well (1); Treatment Plant (1),61,29,3,0,127,7,2025-07-31,NA,NA
GA-12,GA0310038,COUNTRY LAKES ESTATES MHP,GA,229,92,GW,P,5,Distribution System/Zone (1); Well (2); Treatment Plant (2),10,5,1,0,35,8,2024-11-07,32.4569316,-81.7835965
GA-12,GA0310037,FOREST HILLS SUBDIVISION,GA,215,89,GW,P,3,Well (1); Treatment Plant (1); Distribution System/Zone (1),19,13,2,0,45,7,2025-01-09,NA,NA
GA-12,GA0310036,COUNTRY CLUB HILLS/PINE FOREST,GA,250,96,GW,P,3,Treatment Plant (1); Well (1); Distribution System/Zone (1),16,7,0,0,34,6,2025-01-09,NA,NA
GA-12,GA0310025,THE BARN MOBILE HOME PARK,GA,232,86,GW,P,3,Distribution System/Zone (1); Treatment Plant (1); Well (1),23,14,1,0,64,9,2025-12-05,NA,NA
GA-12,GA0310015,FOREST HEIGHTS SUBDIVISION,GA,835,370,GW,P,9,Well (4); Treatment Plant (4); Distribution System/Zone (1),18,2,0,0,50,6,2023-05-25,NA,NA
GA-12,GA0310003,REGISTER WATER SYSTEM,GA,182,74,GW,L,5,Well (2); Treatment Plant (2); Distribution System/Zone (1),52,38,0,0,87,7,2022-11-29,NA,NA
GA-12,GA0310208,AMBERWOOD SUBDIVISION,GA,434,167,GW,P,4,Distribution System/Zone (1); Well (2); Treatment Plant (1),2,1,0,0,6,6,2025-07-15,NA,NA
GA-12,GA0310205,BRADFORD PLACE,GA,245,94,GW,P,5,Distribution System/Zone (1); Well (2); Treatment Plant (2),21,1,2,2,36,6,2025-07-15,NA,NA
GA-12,GA0310170,HODGES SUBDIVISION,GA,44,42,GW,P,3,Distribution System/Zone (1); Treatment Plant (1); Well (1),8,2,1,0,19,6,2024-11-14,32.4569316,-81.7835965
GA-12,GA0310168,MEADOW LAKES PLANTATION SUBDIVISION,GA,429,165,GW,P,5,Distribution System/Zone (1); Treatment Plant (2); Well (2),15,5,2,0,29,6,2025-12-03,NA,NA
GA-12,GA1070000,ADRIAN,GA,702,265,GW,L,4,Well (2); Treatment Plant (1); Distribution System/Zone (1),16,11,0,0,46,7,2023-11-28,NA,NA
GA-12,GA1670001,SCOTT WATER & SEWER AUTHORITY,GA,238,55,GW,L,3,Treatment Plant (1); Well (1); Distribution System/Zone (1),22,8,1,0,48,8,2024-11-18,NA,NA
GA-12,GA1750126,ST. CHARLES SUBDIVISION,GA,84,31,GW,P,7,Distribution System/Zone (1); Well (3); Treatment Plant (3),4,0,0,0,15,4,2023-04-26,NA,NA
GA-12,GA2090000,AILEY,GA,513,190,GW,L,4,Well (1); Treatment Plant (1); Consecutive Connection (1); Distribution System/Zone (1),24,21,7,0,31,8,2025-08-08,NA,NA
GA-12,GA2090003,MOUNT VERNON,GA,3243,988,GW,L,5,Distribution System/Zone (1); Treatment Plant (2); Well (2),62,33,37,0,50,11,2025-08-08,NA,NA
GA-12,GA2090004,TARRYTOWN,GA,115,42,GWP,L,3,Distribution System/Zone (1); Consecutive Connection (1); Treatment Plant (1),55,45,13,0,73,6,2024-08-21,NA,NA
GA-12,GA2710002,LUMBER CITY,GA,977,377,GW,L,5,Treatment Plant (2); Well (2); Distribution System/Zone (1),17,11,1,0,33,7,2024-03-27,31.9310533,-82.6838813
GA-12,GA3090001,GLENWOOD,GA,1034,375,GW,L,5,Treatment Plant (2); Well (2); Distribution System/Zone (1),20,7,6,0,33,9,2024-09-20,NA,NA
GA-12,GA2090001,ALSTON,GA,211,85,GW,L,5,Well (2); Treatment Plant (2); Distribution System/Zone (1),10,3,0,0,19,8,2025-10-15,NA,NA
GA-12,GA2090002,CHARLOTTE WATER ASSOCIATION,GA,87,25,GW,P,3,Distribution System/Zone (1); Well (1); Treatment Plant (1),29,20,2,0,69,10,2025-08-08,NA,NA
GA-12,GA2090005,UVALDA,GA,747,270,GW,L,5,Distribution System/Zone (1); Treatment Plant (2); Well (2),39,25,0,0,44,10,2025-08-08,32.0398529,-82.5164901
GA-12,GA2090007,WILLIAMS MOBILE HOME PARK,GA,62,23,GW,P,3,Treatment Plant (1); Well (1); Distribution System/Zone (1),48,28,20,0,90,8,2024-06-25,NA,NA
GA-12,GA2090014,LAZY RIVER ESTATES,GA,105,39,GW,P,5,Treatment Plant (2); Well (2); Distribution System/Zone (1),162,123,5,0,256,6,2024-06-06,NA,NA
GA-12,GA2090015,WILDWOOD,GA,125,46,GW,P,3,Treatment Plant (1); Well (1); Distribution System/Zone (1),6,1,0,0,24,11,2024-09-06,NA,NA
GA-12,GA2090018,THREE RIVERS ESTATES,GA,138,51,GW,P,3,Distribution System/Zone (1); Well (1); Treatment Plant (1),307,271,3,0,242,7,2024-04-04,NA,NA
GA-12,GA2790004,MCNATT FALLS SUBDIVISION,GA,91,35,GW,P,5,Treatment Plant (2); Well (2); Distribution System/Zone (1),35,11,5,0,77,8,2025-10-14,NA,NA
GA-12,GA2790005,PETROSS,GA,78,30,GW,P,3,Distribution System/Zone (1); Well (1); Treatment Plant (1),301,206,38,3,335,15,2025-10-14,NA,NA
GA-12,GA2790010,SUNNI PINES MOBILE HOME PARK,GA,41,15,GW,P,3,Well (1); Treatment Plant (1); Distribution System/Zone (1),38,9,2,0,52,6,2025-02-12,32.2251413,-82.4194229
GA-12,GA2790015,PETROSS SUBDIVISION,GA,151,58,GW,P,3,Distribution System/Zone (1); Treatment Plant (1); Well (1),112,32,46,0,96,9,2025-07-10,NA,NA
GA-12,GA2790028,KNOLLWOOD MOBILE HOME PARK,GA,156,67,GW,P,3,Well (1); Treatment Plant (1); Distribution System/Zone (1),45,12,1,0,104,8,2026-03-16,NA,NA
GA-12,GA2790033,MORRIS VILLAGE,GA,249,92,GW,P,4,Well (2); Treatment Plant (1); Distribution System/Zone (1),11,6,0,0,19,6,2025-07-10,NA,NA
GA-12,GA2790034,HILLDALE WATER SYSTEM,GA,88,34,GW,P,4,Distribution System/Zone (1); Treatment Plant (1); Well (2),16,3,0,0,36,8,2025-07-10,NA,NA
GA-12,GA2790044,WOODBRIDGE WATER SYSTEM,GA,49,19,GW,P,3,Well (1); Treatment Plant (1); Distribution System/Zone (1),3,0,0,0,11,2,2021-03-22,32.4569316,-81.7835965
GA-12,GA2790048,THE PITTMAN PLANTATION,GA,57,23,GW,P,3,Well (1); Treatment Plant (1); Distribution System/Zone (1),1,1,0,0,3,4,2021-11-17,32.4569316,-81.7835965
GA-12,GA1750130,HUNTER'S POINT APARTMENTS,GA,208,76,GW,P,4,Treatment Plant (1); Well (2); Distribution System/Zone (1),11,3,0,0,19,5,2024-08-15,NA,NA
GA-12,GA1750129,CLAXTON CROSSING APARTMENT,GA,67,25,GW,P,4,Distribution System/Zone (1); Well (2); Treatment Plant (1),21,5,0,0,53,5,2024-01-16,NA,NA
GA-12,GA1750125,PLANTATION AT EVERGREEN,GA,57,21,GW,P,4,Well (2); Treatment Plant (1); Distribution System/Zone (1),4,2,0,0,10,5,2023-01-10,32.5458772,-82.8887648
GA-12,GA1750110,HITCHITI MOBILE HOME PARK,GA,122,45,GW,P,3,Distribution System/Zone (1); Treatment Plant (1); Well (1),10,5,1,0,22,8,2024-08-16,NA,NA
GA-12,GA1750026,PINEDALE ESTATES SUBDIVISION,GA,81,25,GW,P,3,Distribution System/Zone (1); Well (1); Treatment Plant (1),9,6,0,0,16,6,2025-06-12,NA,NA
GA-12,GA2670004,REIDSVILLE WATER SYSTEM,GA,2594,1268,GW,L,5,Well (2); Treatment Plant (2); Distribution System/Zone (1),29,9,3,0,57,7,2025-06-13,NA,NA
GA-12,GA2790001,SANTA CLAUS,GA,229,88,GW,L,3,Well (1); Treatment Plant (1); Distribution System/Zone (1),18,11,0,0,46,5,2024-01-29,NA,NA
GA-12,GA2790027,SHADY ACRES MOBILE HOME PARK,GA,86,43,GW,P,3,Distribution System/Zone (1); Treatment Plant (1); Well (1),18,11,4,0,46,6,2021-11-10,NA,NA
GA-12,GA0310016,GROVE LAKES SUBDIVISION,GA,855,329,GW,P,5,Well (2); Treatment Plant (2); Distribution System/Zone (1),11,5,1,0,24,7,2025-10-27,NA,NA
GA-12,GA0310171,DEERFIELD SUBDIVISION,GA,135,52,GW,P,3,Distribution System/Zone (1); Treatment Plant (1); Well (1),14,4,1,0,32,7,2024-11-21,NA,NA
GA-12,GA0310172,NORTHWOOD SUBDIVISION,GA,169,65,GW,P,3,Distribution System/Zone (1); Well (1); Treatment Plant (1),10,3,0,0,19,7,2023-11-07,NA,NA
GA-12,GA0310183,HUNTERS POINT SUBDIVISION,GA,507,195,GW,P,5,Well (2); Treatment Plant (2); Distribution System/Zone (1),12,3,2,0,25,7,2023-04-06,NA,NA
GA-12,GA0310190,YORKTOWN SUBDIVISION,GA,130,50,GW,P,5,Treatment Plant (2); Well (2); Distribution System/Zone (1),10,5,0,0,20,5,2025-02-25,NA,NA
GA-12,GA0310220,PARKWAY PLACE SUBDIVISION,GA,260,100,GW,P,5,Treatment Plant (2); Well (2); Distribution System/Zone (1),13,2,2,0,24,6,2024-11-21,NA,NA
GA-12,GA0310307,BURKTOWN SUBDIVISION,GA,230,85,GW,P,4,Distribution System/Zone (1); Well (2); Treatment Plant (1),1,1,0,0,2,1,2023-09-19,32.4477408,-81.7786379
GA-12,GA0310002,PORTAL WATER SYSTEM,GA,879,363,GW,L,4,Well (2); Treatment Plant (1); Distribution System/Zone (1),28,8,1,0,68,7,2024-02-26,NA,NA
GA-12,GA0310028,LAKE COLLINS ESTATES,GA,120,47,GW,P,3,Distribution System/Zone (1); Well (1); Treatment Plant (1),8,1,0,0,24,6,2022-10-18,32.4569316,-81.7835965
GA-12,GA0310180,TIMBERLAND POINT APARTMENTS,GA,291,112,GW,P,7,Distribution System/Zone (1); Well (3); Treatment Plant (3),16,9,3,0,25,5,2023-07-20,32.4569316,-81.7835965
GA-12,GA0310191,HORIZONS WEST SUBDIVISION,GA,216,154,GW,P,3,Distribution System/Zone (1); Well (1); Treatment Plant (1),26,4,0,0,38,6,2024-11-21,NA,NA
GA-12,GA0310202,MIDDLEGROUND PLANTATION,GA,143,55,GW,P,3,Distribution System/Zone (1); Well (1); Treatment Plant (1),4,2,0,0,13,6,2024-11-14,32.4569316,-81.7835965
GA-12,GA1070020,RANCH PARK WATER SYSTEM,GA,218,81,GW,P,5,Treatment Plant (2); Well (2); Distribution System/Zone (1),59,46,1,0,49,7,2026-03-19,NA,NA
GA-12,GA1750030,HOLLY HILLS SUBDIVISION,GA,645,239,GW,P,9,Distribution System/Zone (1); Treatment Plant (4); Well (4),51,36,0,0,28,9,2024-09-13,NA,NA
GA-12,GA3030003,OCONEE,GA,284,110,GW,L,5,Distribution System/Zone (1); Well (2); Treatment Plant (2),35,30,1,0,39,9,2026-01-23,NA,NA
GA-12,GA3030001,DEEPSTEP,GA,192,84,GW,L,4,Well (2); Treatment Plant (1); Distribution System/Zone (1),4,0,0,0,13,6,2025-05-29,33.0179898,-82.9685443
GA-12,GA1750006,RENTZ,GA,1864,238,GW,L,5,Distribution System/Zone (1); Well (2); Treatment Plant (2),3,2,1,0,5,8,2024-07-19,NA,NA
GA-12,GA1750005,MONTROSE,GA,246,98,GW,L,4,Treatment Plant (1); Well (2); Distribution System/Zone (1),29,7,0,0,67,6,2026-01-30,31.2756129,-81.3476081
GA-12,GA1750003,DUDLEY,GA,1994,315,GW,L,3,Distribution System/Zone (1); Treatment Plant (1); Well (1),27,14,0,0,44,9,2025-08-21,NA,NA
GA-12,GA1750001,DEXTER,GA,2097,321,GW,L,5,Well (2); Treatment Plant (2); Distribution System/Zone (1),11,6,0,0,38,8,2024-08-15,NA,NA
GA-12,GA0330044,KEYSVILLE,GA,305,107,GW,L,3,Treatment Plant (1); Well (1); Distribution System/Zone (1),26,10,1,0,53,6,2024-06-26,33.2378034,-82.2295887
GA-12,GA0730010,MARTINEZ WATER ASSOC.,GA,150,60,GW,P,4,Distribution System/Zone (1); Well (1); Treatment Plant (1); Consecutive Connection (1),13,3,0,0,30,6,2024-02-01,NA,NA
GA-12,GA0730017,WINDY ACRES MOBILE HOME PARK,GA,162,60,GW,P,5,Distribution System/Zone (1); Well (2); Treatment Plant (2),6,2,0,0,11,5,2023-11-17,NA,NA
GA-12,GA0730020,MOBILE CITY MOBILE HOME PARK,GA,87,32,GW,P,3,Well (1); Treatment Plant (1); Distribution System/Zone (1),37,23,10,0,77,5,2023-08-30,34.0386854,-84.0480698
GA-12,GA0730022,PINENEEDLE COMMUNITY LIVING,GA,150,52,GW,P,3,Distribution System/Zone (1); Treatment Plant (1); Well (1),34,7,1,0,89,14,2024-04-17,NA,NA
GA-12,GA2450001,BLYTHE,GA,1482,435,GW,L,6,Treatment Plant (2); Well (2); Consecutive Connection (1); Distribution System/Zone (1),15,1,0,0,35,5,2025-05-15,33.2986137,-82.2059287
GA-12,GA2450014,REASONABLE LIVING,GA,194,72,GW,P,3,Distribution System/Zone (1); Treatment Plant (1); Well (1),27,13,2,0,66,6,2025-02-27,NA,NA
GA-12,GA1810033,FISHING CREEK MHP,GA,46,17,GW,P,3,Well (1); Treatment Plant (1); Distribution System/Zone (1),7,5,2,0,24,7,2024-03-28,NA,NA
GA-12,GA3170001,TIGNALL WATER SYSTEM,GA,729,275,GW,L,9,Distribution System/Zone (1); Well (4); Treatment Plant (4),12,4,2,0,38,7,2023-09-19,NA,NA
GA-12,GA1810000,LINCOLNTON,GA,1657,1107,SW,L,3,Treatment Plant (1); Distribution System/Zone (1); Intake (1),15,3,7,0,42,26,2023-08-15,NA,NA
GA-12,GA3010004,NORWOOD,GA,370,144,GW,L,6,Distribution System/Zone (1); Treatment Plant (2); Well (3),34,4,19,0,64,7,2025-07-29,NA,NA
GA-12,GA3010001,WARRENTON,GA,2800,1100,SW,L,3,Intake (1); Treatment Plant (1); Distribution System/Zone (1),82,17,57,0,144,28,2026-02-03,NA,NA
GA-12,GA3010000,CAMAK,GA,366,92,SWP,L,2,Consecutive Connection (1); Distribution System/Zone (1),83,29,56,0,150,7,2023-09-28,33.4532374,-82.6471163
GA-12,GA1250000,GIBSON,GA,1350,283,GW,L,5,Well (2); Treatment Plant (2); Distribution System/Zone (1),35,6,18,0,86,8,2025-05-21,33.2335987,-82.5964452
GA-12,GA1250001,MITCHELL,GA,285,111,GW,L,9,Well (4); Treatment Plant (4); Distribution System/Zone (1),67,10,19,0,44,6,2024-08-14,33.2198791,-82.7028202
GA-12,GA1650001,PERKINS WATER AUTHORITY,GA,103,42,GW,L,4,Treatment Plant (1); Well (2); Distribution System/Zone (1),11,4,0,0,34,11,2025-12-18,32.9217383,-81.9108895
GA-12,GA1070032,OGBURN SUBDIVISION,GA,140,52,GW,P,7,Well (3); Treatment Plant (3); Distribution System/Zone (1),47,36,2,0,27,8,2026-03-19,NA,NA
GA-12,GA1070006,TWIN CITY,GA,2817,770,GW,L,5,Distribution System/Zone (1); Well (2); Treatment Plant (2),31,11,2,0,76,10,2025-05-14,NA,NA
GA-12,GA1070001,GARFIELD,GA,325,100,GW,L,5,Well (2); Treatment Plant (2); Distribution System/Zone (1),9,2,0,0,25,7,2025-03-20,NA,NA
GA-12,GA0330003,VIDETTE,GA,127,48,GW,L,5,Distribution System/Zone (1); Treatment Plant (2); Well (2),40,18,0,0,80,7,2024-01-29,NA,NA
GA-12,GA0330002,SARDIS,GA,1151,445,GW,L,3,Distribution System/Zone (1); Well (1); Treatment Plant (1),62,51,5,0,73,7,2023-05-03,NA,NA
GA-12,GA0330001,MIDVILLE,GA,776,286,GW,L,5,Treatment Plant (2); Well (2); Distribution System/Zone (1),36,9,1,0,47,5,2024-04-30,NA,NA
GA-12,GA1070031,SWAINSBORO CREST,GA,46,17,GW,P,3,Treatment Plant (1); Well (1); Distribution System/Zone (1),78,52,4,0,108,9,2026-03-19,NA,NA
GA-12,GA2510044,ROCKY FORD,GA,235,93,GW,L,3,Well (1); Treatment Plant (1); Distribution System/Zone (1),14,3,0,0,28,8,2024-07-17,NA,NA
GA-12,GA1070012,LAKE LUCK WATER SYSTEM,GA,149,55,GW,P,5,Distribution System/Zone (1); Well (2); Treatment Plant (2),65,38,0,0,59,7,2025-12-01,NA,NA
GA-12,GA1070004,SUMMERTOWN,GA,210,80,GW,L,4,Distribution System/Zone (1); Well (2); Treatment Plant (1),96,37,4,0,224,12,2025-05-22,NA,NA
GA-12,GA0330049,WESTERN ESTATES,GA,78,30,GW,L,4,Distribution System/Zone (1); Well (2); Treatment Plant (1),31,11,1,0,85,7,2025-06-20,NA,NA
GA-12,GA1630011,BROWN TERRACE SUBDIVISION,GA,96,32,GW,P,3,Well (1); Treatment Plant (1); Distribution System/Zone (1),38,10,3,0,92,12,2025-11-14,33.2925333,-82.1364909
GA-12,GA1750017,HEART OF BUCKEYE,GA,95,35,GW,P,3,Distribution System/Zone (1); Well (1); Treatment Plant (1),13,5,1,0,31,9,2023-06-07,NA,NA
GA-12,GA3030002,HARRISON,GA,500,155,GW,L,5,Distribution System/Zone (1); Treatment Plant (2); Well (2),25,15,0,0,31,10,2025-10-03,NA,NA
GA-12,GA1750043,"THUNDERING SPRINGS ASSOC.,INC.",GA,189,70,GW,P,3,Well (1); Treatment Plant (1); Distribution System/Zone (1),45,17,0,0,56,5,2024-04-05,NA,NA
GA-12,GA1630001,BARTOW,GA,419,158,GW,L,5,Distribution System/Zone (1); Treatment Plant (2); Well (2),36,10,2,0,83,5,2023-05-22,NA,NA
GA-12,GA1630004,WADLEY,GA,2527,926,GW,L,5,Well (2); Treatment Plant (2); Distribution System/Zone (1),34,12,1,0,79,7,2024-05-20,NA,NA
GA-12,GA1670000,KITE,GA,275,107,GW,L,5,Distribution System/Zone (1); Treatment Plant (2); Well (2),12,8,0,0,29,6,2025-08-01,NA,NA
GA-12,GA1250004,EDGEHILL,GA,38,19,GW,L,4,Distribution System/Zone (1); Well (2); Treatment Plant (1),49,12,6,0,81,6,2024-01-30,NA,NA
GA-12,GA3030000,DAVISBORO,GA,2058,195,GW,L,5,Distribution System/Zone (1); Well (3); Treatment Plant (1),15,5,1,0,44,8,2025-10-15,32.978685,-82.608189
GA-12,GA3030004,RIDDLEVILLE,GA,180,73,GW,L,3,Distribution System/Zone (1); Well (1); Treatment Plant (1),35,27,0,0,39,7,2025-10-15,NA,NA
GA-12,GA3030006,TENNILLE,GA,2372,925,GW,L,4,Consecutive Connection (1); Distribution System/Zone (1); Well (1); Treatment Plant (1),27,8,3,1,77,6,2024-09-18,NA,NA
GA-12,GA3030007,WARTHEN WATER ASSOCIATION,GA,350,75,GW,P,4,Well (2); Treatment Plant (1); Distribution System/Zone (1),54,29,5,0,116,8,2026-03-24,NA,NA
GA-12,GA1630000,AVERA,GA,424,160,GW,L,5,Well (2); Treatment Plant (2); Distribution System/Zone (1),5,4,0,0,17,5,2023-05-23,33.1944356,-82.5270849
GA-12,GA1630005,WRENS,GA,2730,1200,GW,L,7,Well (3); Treatment Plant (3); Distribution System/Zone (1),8,3,1,0,18,6,2024-02-26,NA,NA
GA-12,GA1630003,STAPLETON,GA,433,191,GW,L,5,Distribution System/Zone (1); Treatment Plant (2); Well (2),20,6,1,0,49,6,2025-02-26,33.215825,-82.4691748
GA-12,GA2510055,NEWINGTON EAST SUBDIVISION,GA,68,25,GW,P,4,Distribution System/Zone (1); Treatment Plant (1); Well (2),1,0,0,0,2,6,2023-02-10,NA,NA
GA-12,GA0310222,BROOKLET SOUTH SUBDIVISION,GA,195,75,GW,P,5,Treatment Plant (2); Well (2); Distribution System/Zone (1),2,1,1,0,5,7,2025-04-17,NA,NA
GA-12,GA0310278,CHATHAM PLACE,GA,156,60,GW,P,6,Well (3); Treatment Plant (2); Distribution System/Zone (1),2,0,0,0,8,5,2025-04-16,NA,NA
GA-12,GA0310166,ELDORA FARMS SUBDIVISION,GA,324,120,GW,P,3,Well (1); Treatment Plant (1); Distribution System/Zone (1),5,0,0,0,9,6,2025-11-20,NA,NA
GA-12,GA0310188,OLNEY STATION SUBDIVISION,GA,294,109,GW,P,5,Treatment Plant (2); Well (2); Distribution System/Zone (1),32,25,0,0,18,7,2025-11-20,NA,NA
GA-12,GA0310258,GRAYSTONE APARTMENTS,GA,99,38,GW,P,4,Distribution System/Zone (1); Treatment Plant (1); Well (2),2,0,0,0,5,4,2025-04-16,NA,NA
GA-12,GA1030028,PINEORA WATER SYSTEM,GA,94,36,GW,P,5,Treatment Plant (2); Well (2); Distribution System/Zone (1),7,2,0,0,13,7,2025-01-31,NA,NA
GA-12,GA1030087,SOUTH EFFINGHAM WOODS/EFFINGHAM FOREST,GA,340,129,GW,P,5,Distribution System/Zone (1); Well (2); Treatment Plant (2),44,8,0,0,50,5,2021-06-18,NA,NA
GA-12,GA1030132,WALNUT GROVE SUBDIVISION,GA,55,21,GW,P,4,Distribution System/Zone (1); Treatment Plant (1); Well (2),12,5,0,0,23,5,2025-08-07,NA,NA
GA-12,GA1030133,STILLWOOD SUBDIVISION,GA,49,19,GW,P,3,Treatment Plant (1); Well (1); Distribution System/Zone (1),5,0,0,0,12,6,2025-01-31,NA,NA
GA-12,GA1030146,HUNTER`S CHASE / ABBY LANE,GA,211,81,GW,P,4,Distribution System/Zone (1); Treatment Plant (1); Well (2),6,2,0,0,12,4,2024-11-22,32.3634109,-81.3070872
GA-12,GA2510021,SYLVANIA MOBILE HOME PARK,GA,38,14,GW,P,3,Distribution System/Zone (1); Well (1); Treatment Plant (1),134,76,2,0,85,9,2025-07-30,NA,NA
GA-12,GA2510056,ROLLING RIDGE WATER SYSTEM,GA,27,10,GW,P,3,Distribution System/Zone (1); Well (1); Treatment Plant (1),11,3,0,0,25,7,2024-07-15,32.8844397,-81.658239
GA-12,GA0310000,BROOKLET WATER SYSTEM,GA,1456,813,GW,L,7,Distribution System/Zone (1); Well (3); Treatment Plant (3),7,1,0,0,23,5,2023-12-19,32.3796185,-81.665944
GA-12,GA0310189,PLANTATION MOBILE ESTATES,GA,104,40,GW,P,3,Distribution System/Zone (1); Well (1); Treatment Plant (1),13,7,0,0,24,8,2026-01-22,33.8492236,-84.3775525
GA-12,GA0310203,PRETORIA STATION/BROOKWOOD SUBDIVISION,GA,333,128,GW,P,5,Well (2); Treatment Plant (2); Distribution System/Zone (1),14,4,0,0,34,7,2025-07-15,NA,NA
GA-12,GA0310211,OLD INDIAN TRAIL,GA,289,107,GW,P,4,Distribution System/Zone (1); Treatment Plant (1); Well (2),11,5,1,0,15,6,2025-10-27,NA,NA
GA-12,GA0310227,CAMBRIDGE SUBDIVISION,GA,244,96,GW,P,5,Well (2); Treatment Plant (2); Distribution System/Zone (1),2,0,0,0,4,4,2020-11-03,32.4569316,-81.7835965
GA-12,GA0310246,JOHNSON RUN SUBDIVISION,GA,318,122,GW,P,4,Treatment Plant (1); Well (2); Distribution System/Zone (1),1,1,0,0,3,6,2025-02-05,NA,NA
GA-12,GA0310282,COYOTE CROSSING,GA,72,24,GW,P,4,Well (2); Treatment Plant (1); Distribution System/Zone (1),5,1,0,0,16,8,2024-04-22,40.883568,-111.8647844
GA-12,GA0310291,LUCY LANE,GA,47,18,GW,P,3,Distribution System/Zone (1); Well (1); Treatment Plant (1),1,1,0,0,2,3,2024-03-05,32.4569316,-81.7835965
GA-12,GA0330000,GIRARD,GA,254,98,GW,L,5,Distribution System/Zone (1); Well (2); Treatment Plant (2),17,12,2,0,44,6,2023-04-25,NA,NA
GA-12,GA1030000,GUYTON,GA,2394,1478,GW,L,7,Treatment Plant (3); Well (3); Distribution System/Zone (1),8,4,0,0,20,8,2024-01-17,32.3331506,-81.3934271
GA-12,GA1030002,SPRINGFIELD,GA,3100,1500,GW,L,11,Well (5); Treatment Plant (5); Distribution System/Zone (1),23,8,1,0,50,9,2023-03-16,32.3680441,-81.3108158
GA-12,GA1030080,QUAIL RUN MOBILE HOME ESTATES,GA,260,100,GW,P,3,Well (1); Treatment Plant (1); Distribution System/Zone (1),23,0,0,0,26,6,2024-05-02,NA,NA
GA-12,GA1030136,EAGLE POINTE SUBDIVISION,GA,195,75,GW,P,4,Distribution System/Zone (1); Treatment Plant (1); Well (2),33,3,0,0,41,7,2023-08-08,NA,NA
GA-12,GA1030143,SHADOWBROOK SUBDIVISION,GA,224,86,GW,P,4,Distribution System/Zone (1); Well (2); Treatment Plant (1),6,3,1,0,14,5,2025-05-13,NA,NA
GA-12,GA2510000,HILTONIA,GA,353,140,GW,L,3,Treatment Plant (1); Well (1); Distribution System/Zone (1),5,2,0,0,22,5,2024-07-15,32.8844397,-81.658239
GA-12,GA2510001,NEWINGTON,GA,428,150,GW,L,7,Distribution System/Zone (1); Well (3); Treatment Plant (3),20,3,0,0,54,9,2023-06-15,32.5890247,-81.5037902
GA-12,GA2510048,HILLCREST HEIGHTS,GA,130,48,GW,P,3,Distribution System/Zone (1); Treatment Plant (1); Well (1),15,2,0,0,35,8,2023-03-29,NA,NA
GA-12,GA2510053,BLUE HOLE MOBILE HOME PARK,GA,60,24,GW,P,3,Treatment Plant (1); Well (1); Distribution System/Zone (1),14,4,1,0,33,6,2025-04-10,NA,NA
GA-12,GA0310013,"LEEFIELD WATER ASSOC., INC.",GA,84,40,GW,P,3,Treatment Plant (1); Well (1); Distribution System/Zone (1),12,4,0,0,26,6,2024-04-22,NA,NA
GA-12,GA0310187,ENGLISH OAKS MOBILE HOME PARK,GA,226,87,GW,P,5,Treatment Plant (2); Well (2); Distribution System/Zone (1),6,1,1,0,12,8,2026-01-22,NA,NA
GA-12,GA0310200,STANFORD SUBDIVISION,GA,89,33,GW,P,5,Distribution System/Zone (1); Well (2); Treatment Plant (2),7,1,0,0,15,7,2025-10-27,NA,NA
GA-12,GA0310236,WHITE OAKS ESTATES SUBDIVISION,GA,68,25,GW,P,4,Well (2); Treatment Plant (1); Distribution System/Zone (1),2,1,0,0,4,6,2025-11-20,NA,NA
GA-12,GA0310238,LEEFIELD STATION MOBILE HOME PARK,GA,157,58,GW,P,4,Well (2); Treatment Plant (1); Distribution System/Zone (1),2,2,0,0,7,6,2025-11-20,NA,NA
GA-12,GA0310243,PEBBLESTONE SUBDIVISION,GA,125,48,GW,P,4,Distribution System/Zone (1); Well (2); Treatment Plant (1),6,1,0,0,14,6,2025-07-15,NA,NA
GA-12,GA0310245,LAKEVIEW COMMONS,GA,49,19,GW,P,3,Well (1); Treatment Plant (1); Distribution System/Zone (1),1,0,0,0,4,5,2024-11-06,NA,NA
GA-12,GA0310265,WOODLAKE SUBDIVISION,GA,88,35,GW,P,4,Distribution System/Zone (1); Well (2); Treatment Plant (1),0,0,0,0,0,4,2023-02-07,NA,NA
GA-12,GA0310173,CEDARWOOD ACRES  MOBILE HOME PARK,GA,133,51,GW,P,5,Well (2); Treatment Plant (2); Distribution System/Zone (1),11,3,0,0,22,9,2024-03-05,NA,NA
GA-12,GA1030081,TUSCULUM LIVING WATER SYSTEM,GA,79,19,GW,P,3,Treatment Plant (1); Well (1); Distribution System/Zone (1),41,23,1,0,89,6,2025-08-26,NA,NA
GA-12,GA2510002,OLIVER,GA,283,110,GW,L,3,Well (1); Treatment Plant (1); Distribution System/Zone (1),25,7,2,0,61,7,2024-07-22,NA,NA
GA-12,GA2510013,GREEN ACRES MOBILE HOME PARK,GA,44,16,GW,P,3,Distribution System/Zone (1); Treatment Plant (1); Well (1),151,138,2,0,73,6,2024-12-12,NA,NA
GA-07,GA1170008,COLONIAL CLUB ESTATES,GA,416,154,SWP,P,2,Consecutive Connection (1); Distribution System/Zone (1),16,0,0,0,51,7,2025-06-25,NA,NA
GA-07,GA1170047,LANIER WOODS SUBDIVISION,GA,182,36,SWP,P,2,Distribution System/Zone (1); Consecutive Connection (1),34,22,2,0,75,7,2025-03-10,NA,NA
GA-07,GA1390011,LAKE SHORE FOREST SUBDIVISION,GA,284,105,GW,P,6,Treatment Plant (2); Well (2); Distribution System/Zone (1); Consecutive Connection (1),60,4,0,0,58,8,2023-08-29,NA,NA
GA-07,GA1390127,MOUNT SHORES CONDO ASSOCIATION,GA,210,78,GW,P,4,Consecutive Connection (1); Distribution System/Zone (1); Treatment Plant (1); Well (1),34,16,2,0,79,7,2025-06-30,NA,NA
GA-07,GA1870086,MILL CREEK STATION,GA,205,76,GW,P,4,Distribution System/Zone (1); Well (2); Treatment Plant (1),0,0,0,0,0,7,2023-10-27,NA,NA
GA-07,GA1870079,LUMPKIN CO. - GREENWOOD PARK S/D,GA,190,73,GW,L,5,Treatment Plant (2); Well (2); Distribution System/Zone (1),4,1,0,0,6,6,2025-02-27,NA,NA
GA-07,GA1870087,LUMPKIN CO. - SETTLERS BLUFF SUBDIVISION,GA,28,24,GW,L,4,Distribution System/Zone (1); Well (2); Treatment Plant (1),0,0,0,0,0,4,2024-08-16,NA,NA
GA-07,GA1870081,LUMPKIN CO. - ROCK POINTE S/D,GA,83,70,GW,L,4,Well (2); Treatment Plant (1); Distribution System/Zone (1),1,0,0,0,2,4,2023-05-25,NA,NA
GA-07,GA1870075,LUMPKIN CO. - SHEPHERD`S COVE,GA,55,21,GW,P,5,Well (3); Treatment Plant (1); Distribution System/Zone (1),0,0,0,0,0,4,2024-08-16,NA,NA
GA-07,GA1390013,LODGE HAVEN SUBDIVISION,GA,104,40,GW,P,4,Treatment Plant (1); Well (1); Consecutive Connection (1); Distribution System/Zone (1),3,2,0,0,15,5,2023-01-19,NA,NA
GA-07,GA0850012,ATHENS BOAT CLUB,GA,325,128,GW,P,5,Distribution System/Zone (1); Consecutive Connection (1); Well (2); Treatment Plant (1),23,14,6,0,57,8,2025-06-26,NA,NA
GA-07,GA0850027,GOLDEN RIDGE,GA,42,16,GW,P,3,Treatment Plant (1); Well (1); Distribution System/Zone (1),18,6,0,0,34,6,2024-03-22,NA,NA
GA-07,GA0850029,THE VILLAGE AT PARADISE VALLEY,GA,195,75,GW,P,4,Well (2); Treatment Plant (1); Distribution System/Zone (1),19,12,0,0,52,5,2024-11-25,NA,NA
GA-07,GA1170030,SHADY SHORES SUBDIVISION,GA,1632,700,SWP,P,2,Consecutive Connection (1); Distribution System/Zone (1),7,2,2,0,27,6,2024-03-28,NA,NA
GA-07,GA1390012,LEISURE LAKE CONDO. ASSOC.INC.,GA,532,197,GW,P,5,Treatment Plant (1); Well (2); Distribution System/Zone (1); Consecutive Connection (1),18,8,0,0,39,9,2024-07-31,NA,NA
GA-07,GA1870043,LUMPKIN CO. - 400 WATER SYSTEM,GA,2379,915,SWP,L,20,Distribution System/Zone (1); Well (9); Treatment Plant (9); Consecutive Connection (1),19,13,0,0,14,5,2025-01-30,NA,NA
GA-07,GA1870092,BRYNDEMERE SUBDIVISION,GA,178,66,GW,P,5,Well (3); Treatment Plant (1); Distribution System/Zone (1),12,12,0,0,0,5,2023-11-17,NA,NA
GA-07,GA1870093,BROOKWOOD & CEDAR SPRINGS SUBDIVISIONS,GA,334,124,GW,P,6,Well (4); Treatment Plant (1); Distribution System/Zone (1),0,0,0,0,0,5,2024-02-23,NA,NA
GA-07,GA1870094,CRAWFORD FALLS SUBDIVIVISION,GA,372,138,GW,P,4,Distribution System/Zone (1); Well (2); Treatment Plant (1),0,0,0,0,0,4,2023-10-27,NA,NA
GA-07,GA1870100,MONTALUCE WATER WORKS WATER SYSTEM,GA,52,20,GW,P,11,Well (9); Treatment Plant (1); Distribution System/Zone (1),8,4,1,0,17,4,2024-01-30,NA,NA
GA-07,GA1870085,BLUERIDGE OVERLOOK SUBDIVISION,GA,332,123,GW,P,4,Distribution System/Zone (1); Treatment Plant (1); Well (2),0,0,0,0,0,6,2024-02-16,NA,NA
GA-07,GA1870091,CASTLEBERRY RIDGE SUBDIVISION,GA,248,92,GW,P,6,Distribution System/Zone (1); Treatment Plant (1); Well (4),0,0,0,0,0,5,2023-11-17,NA,NA
GA-07,GA1870099,HIGHTOWER OVERLOOK SUBDIVISION,GA,73,28,GW,P,5,Distribution System/Zone (1); Well (3); Treatment Plant (1),1,1,0,0,3,5,2024-11-22,NA,NA
GA-07,GA1870095,LUMPKIN CO. - CROOKED CREEK SUBDIVISION,GA,164,85,GW,P,5,Distribution System/Zone (1); Well (2); Treatment Plant (2),2,0,0,0,5,4,2024-12-12,NA,NA
GA-07,GA1870102,CHESTATEE VALLEY,GA,103,38,GW,P,4,Distribution System/Zone (1); Well (2); Treatment Plant (1),0,0,0,0,0,2,2023-08-18,NA,NA
GA-07,GA0570075,CHEROKEE COUNTY-SALACOA AREA,GA,465,183,SWP,L,2,Distribution System/Zone (1); Consecutive Connection (1),1,0,0,0,2,6,2024-03-06,NA,NA
GA-07,GA1870088,WALKER HILLS SUBDIVISION,GA,49,19,GW,P,3,Distribution System/Zone (1); Treatment Plant (1); Well (1),0,0,0,0,0,4,2024-02-23,NA,NA
GA-07,GA1870073,SHENANDOAH SUBDIVISION,GA,93,36,GW,P,5,Distribution System/Zone (1); Treatment Plant (2); Well (2),21,7,0,0,33,8,2025-11-21,NA,NA
GA-07,GA1870058,MOUNTAIN VIEW APARTMENTS,GA,124,46,GW,P,5,Distribution System/Zone (1); Well (3); Treatment Plant (1),27,17,0,0,39,7,2026-01-23,NA,NA
GA-07,GA1210007,MOUNTAIN PARK,GA,557,310,SWP,L,2,Consecutive Connection (1); Distribution System/Zone (1),12,1,0,0,24,7,2025-05-28,34.083534,-84.4151849
GA-07,GA0570000,BALL GROUND,GA,2470,950,GW,L,4,Consecutive Connection (1); Distribution System/Zone (1); Treatment Plant (1); Well (1),9,2,1,0,24,8,2025-04-30,NA,NA
GA-11,GA1290021,TALKING ROCK CREEK PROPERTIES,GA,650,300,SWP,P,2,Distribution System/Zone (1); Consecutive Connection (1),48,13,0,0,107,10,2023-08-29,NA,NA
GA-11,GA0150004,WHITE,GA,900,366,GW,L,8,Well (3); Treatment Plant (3); Consecutive Connection (1); Distribution System/Zone (1),15,3,0,0,41,6,2024-08-23,NA,NA
GA-11,GA0150003,KINGSTON,GA,1263,486,GW,L,6,Consecutive Connection (1); Distribution System/Zone (1); Well (2); Treatment Plant (2),51,16,1,0,60,8,2024-07-31,NA,NA
GA-11,GA1290022,FAIRMOUNT WATER SYSTEM,GA,194,72,SWP,L,2,Consecutive Connection (1); Distribution System/Zone (1),19,13,0,0,35,4,2025-05-30,NA,NA
GA-11,GA2270003,BENT TREE,GA,3185,1158,SW,P,5,Common Headers (1); Intake (2); Treatment Plant (1); Distribution System/Zone (1),8,5,0,0,21,32,2023-07-12,NA,NA
GA-11,GA1230074,CARTERS LAKE ESTATES,GA,148,57,GW,P,3,Distribution System/Zone (1); Treatment Plant (1); Well (1),56,13,5,0,118,5,2024-06-25,NA,NA
GA-11,GA0570075,CHEROKEE COUNTY-SALACOA AREA,GA,465,183,SWP,L,2,Distribution System/Zone (1); Consecutive Connection (1),1,0,0,0,2,6,2024-03-06,NA,NA
GA-11,GA0150028,CEDAR HILL MOBILE HOME PARK,GA,60,26,GW,P,4,Distribution System/Zone (1); Consecutive Connection (1); Treatment Plant (1); Well (1),18,9,0,0,51,8,2024-06-14,NA,NA
GA-11,GA1210007,MOUNTAIN PARK,GA,557,310,SWP,L,2,Consecutive Connection (1); Distribution System/Zone (1),12,1,0,0,24,7,2025-05-28,34.083534,-84.4151849
GA-11,GA0150025,EMERSON,GA,1435,1088,GW,L,4,Treatment Plant (1); Spring (1); Consecutive Connection (1); Distribution System/Zone (1),15,11,2,0,30,6,2023-08-08,34.1065195,-84.7441446
GA-11,GA0570000,BALL GROUND,GA,2470,950,GW,L,4,Consecutive Connection (1); Distribution System/Zone (1); Treatment Plant (1); Well (1),9,2,1,0,24,8,2025-04-30,NA,NA
GA-14,GA0470002,RINGGOLD,GA,2953,1432,SW,L,4,Distribution System/Zone (1); Consecutive Connection (1); Intake (1); Treatment Plant (1),17,1,11,0,55,37,2023-05-08,34.9172579,-85.1083476
GA-14,GA1290021,TALKING ROCK CREEK PROPERTIES,GA,650,300,SWP,P,2,Distribution System/Zone (1); Consecutive Connection (1),48,13,0,0,107,10,2023-08-29,NA,NA
GA-14,GA0550002,MENLO,GA,949,365,GW,L,7,Consecutive Connection (2); Spring (1); Distribution System/Zone (1); Treatment Plant (2); Well (1),12,5,1,0,38,10,2024-02-21,NA,NA
GA-14,GA2230001,HIRAM,GA,858,330,GW,L,8,Consecutive Connection (1); Distribution System/Zone (1); Well (3); Treatment Plant (3),11,4,2,0,31,5,2026-03-17,33.880171,-84.7469048
GA-14,GA2330017,POLK COUNTY-VINSON MOUNTAIN WATER SYSTM,GA,905,348,SWP,L,2,Distribution System/Zone (1); Consecutive Connection (1),5,0,0,0,15,5,2024-06-12,NA,NA
GA-14,GA2950056,WALKER COUNTY W&SA - ARMUCHEE VALLEY,GA,620,110,SWP,L,3,Consecutive Connection (2); Distribution System/Zone (1),4,0,0,0,9,3,2022-07-27,NA,NA
GA-14,GA0550049,TRION,GA,2043,757,GWP,L,2,Distribution System/Zone (1); Consecutive Connection (1),25,11,2,0,54,6,2024-08-20,34.5433715,-85.3130071
GA-14,GA1150003,BERRY COLLEGE,GA,2200,250,SW,P,4,Intake (1); Treatment Plant (1); Distribution System/Zone (1); Consecutive Connection (1),3,1,0,0,8,25,2026-02-10,NA,NA
GA-14,GA0550001,LYERLY,GA,1638,607,SWP,L,8,Well (2); Treatment Plant (2); Distribution System/Zone (1); Consecutive Connection (3),12,3,0,0,32,9,2025-01-17,NA,NA
GA-04,GA1350011,JONES MOBILE HOME PARK,GA,800,350,GW,P,7,Treatment Plant (3); Well (3); Distribution System/Zone (1),59,11,0,0,58,6,2026-03-18,NA,NA
GA-04,GA1350012,NORCROSS MOBILE HOME VILLAGE,GA,543,209,GW,P,4,Consecutive Connection (1); Distribution System/Zone (1); Treatment Plant (1); Well (1),43,24,2,0,96,5,2024-05-23,42.5161658,-83.3342929
GA-08,GA0270009,JAMAR SUBDIVISION,GA,275,102,GW,P,3,Distribution System/Zone (1); Well (1); Treatment Plant (1),6,2,0,0,13,5,2026-03-17,NA,NA
GA-08,GA0270010,FERNWOOD MOBILE HOME COMMUNITY,GA,199,74,GW,P,5,Well (2); Treatment Plant (2); Distribution System/Zone (1),3,0,0,0,11,6,2023-10-26,NA,NA
GA-08,GA0270027,BROOKSIDE PRIME PROPERTIES-FHB,GA,180,1,GW,P,3,Treatment Plant (1); Well (1); Distribution System/Zone (1),21,7,1,0,64,6,2023-04-20,NA,NA
GA-08,GA0270037,TIMBERVIEW ESTATES MHP,GA,160,59,GW,P,3,Distribution System/Zone (1); Well (1); Treatment Plant (1),18,5,0,0,49,6,2026-02-12,NA,NA
GA-08,GA0710017,SPENCETON SUBDIVISION 2,GA,216,80,GW,P,4,Distribution System/Zone (1); Well (2); Treatment Plant (1),6,5,0,0,9,5,2023-04-26,NA,NA
GA-08,GA0710021,SPENCEFIELD AIRPORT,GA,544,171,GW,L,4,Well (2); Treatment Plant (1); Distribution System/Zone (1),12,4,0,0,25,5,2021-06-17,NA,NA
GA-08,GA0710033,COUNTRY CIRCLE SUBDIVISION,GA,76,28,GW,P,3,Distribution System/Zone (1); Treatment Plant (1); Well (1),191,150,2,0,38,6,2025-05-06,NA,NA
GA-08,GA1850015,COUNTRYVIEW MOBILE HOME PARK,GA,176,65,GW,P,3,Treatment Plant (1); Well (1); Distribution System/Zone (1),269,189,4,0,176,11,2025-03-31,NA,NA
GA-08,GA1850022,OAK STREET SUBDIVISION,GA,829,307,GW,P,5,Well (2); Treatment Plant (2); Distribution System/Zone (1),20,6,0,0,44,9,2025-01-31,NA,NA
GA-08,GA1850055,GREENBRIAR ESTATES,GA,92,34,GW,P,4,Treatment Plant (1); Well (2); Distribution System/Zone (1),15,6,4,0,39,8,2025-10-30,NA,NA
GA-08,GA1850060,COUNTRY ESTATES EAST & WEST,GA,359,133,GW,P,5,Distribution System/Zone (1); Well (3); Treatment Plant (1),17,4,0,0,39,7,2024-05-30,NA,NA
GA-08,GA1850061,HIDDEN HILLS SUBDIVISION,GA,397,147,GW,P,4,Treatment Plant (1); Well (2); Distribution System/Zone (1),18,7,0,0,48,8,2024-12-12,NA,NA
GA-08,GA1850303,TIGER CREEK MHP,GA,84,31,GW,P,5,Well (2); Treatment Plant (1); Distribution System/Zone (1); Storage (1),12,3,2,0,25,7,2026-01-22,NA,NA
GA-08,GA1850313,WIREGRASS MOBILE HOME PARK,GA,97,36,GW,P,4,Well (2); Treatment Plant (1); Distribution System/Zone (1),20,0,0,0,61,6,2023-12-08,NA,NA
GA-08,GA0190001,ENIGMA,GA,1296,355,GW,L,5,Well (2); Treatment Plant (2); Distribution System/Zone (1),51,10,1,0,108,6,2023-08-21,NA,NA
GA-08,GA0810050,TRULUCK-TIMBERLAND PLANTATION,GA,81,30,GW,P,4,Well (2); Treatment Plant (1); Distribution System/Zone (1),33,8,2,0,84,9,2025-08-19,NA,NA
GA-08,GA1550002,OCILLA,GA,3137,1370,GW,L,5,Distribution System/Zone (1); Well (2); Treatment Plant (2),9,4,2,0,19,6,2024-04-18,NA,NA
GA-08,GA1550006,FOREST ESTATE SUBDIVISION,GA,81,30,GW,P,3,Distribution System/Zone (1); Well (1); Treatment Plant (1),9,2,2,0,37,7,2026-01-20,NA,NA
GA-08,GA1730012,GRAND BAY RIDGE S/D,GA,149,55,GW,P,4,Distribution System/Zone (1); Treatment Plant (1); Well (2),3,0,0,0,4,6,2026-02-11,NA,NA
GA-08,GA1730014,"SJ WATER, LLC",GA,764,283,GW,P,4,Well (2); Treatment Plant (1); Distribution System/Zone (1),13,2,0,0,23,7,2023-07-25,NA,NA
GA-08,GA1730019,BOYETTE FARMS,GA,305,113,GW,P,4,Distribution System/Zone (1); Well (2); Treatment Plant (1),0,0,0,0,1,4,2026-02-11,NA,NA
GA-08,GA1850001,LAKE PARK,GA,729,328,GW,L,5,Consecutive Connection (2); Distribution System/Zone (1); Treatment Plant (1); Well (1),31,15,0,0,69,7,2023-07-11,30.6845414,-83.18204
GA-08,GA1850012,COFFMAN,GA,71,25,GW,P,3,Well (1); Treatment Plant (1); Distribution System/Zone (1),6,2,1,0,27,8,2025-05-07,NA,NA
GA-08,GA1850049,DEERWOOD TRAILER ESTATES HOA,GA,84,31,GW,P,4,Treatment Plant (1); Well (2); Distribution System/Zone (1),15,8,1,0,37,7,2023-10-17,NA,NA
GA-08,GA1850057,BARRETTS MOBILE HOME COURT,GA,65,24,GW,P,2,Distribution System/Zone (1); Well (1),34,11,1,0,90,6,2023-12-08,NA,NA
GA-08,GA1850065,HIDDEN VILLAGE SUBDIVISION,GA,146,56,GW,P,3,Treatment Plant (1); Well (1); Distribution System/Zone (1),12,5,0,0,39,10,2024-11-15,NA,NA
GA-08,GA1850066,PEBBLE CREEK ESTATES,GA,432,160,GW,P,4,Well (2); Treatment Plant (1); Distribution System/Zone (1),8,1,0,0,16,8,2025-01-24,NA,NA
GA-08,GA0190000,ALAPAHA,GA,742,317,GW,L,3,Treatment Plant (1); Well (1); Distribution System/Zone (1),28,14,3,0,87,7,2023-08-21,NA,NA
GA-08,GA0270000,BARWICK,GA,626,244,GW,L,4,Distribution System/Zone (1); Well (2); Treatment Plant (1),33,28,1,0,22,6,2025-05-22,NA,NA
GA-08,GA0270001,MORVEN,GA,680,279,GW,L,5,Treatment Plant (2); Well (2); Distribution System/Zone (1),14,8,1,0,31,6,2023-12-19,NA,NA
GA-08,GA0270006,SHADY ACRES SUBDIVISION,GA,451,167,GW,P,3,Distribution System/Zone (1); Treatment Plant (1); Well (1),5,3,0,0,10,4,2021-12-02,NA,NA
GA-08,GA0270029,GREEN MEADOWS #2/QUAIL RUN,GA,367,136,GW,P,6,Distribution System/Zone (1); Well (3); Treatment Plant (2),13,9,0,0,31,7,2023-10-26,NA,NA
GA-08,GA0270036,OAK RIDGE VILLAGE,GA,121,45,GW,P,3,Distribution System/Zone (1); Well (1); Treatment Plant (1),39,7,0,0,62,7,2023-11-02,NA,NA
GA-08,GA0270039,PEACHTREE ACRES SUBDIVISION PHASE IV,GA,108,40,GW,P,4,Distribution System/Zone (1); Well (2); Treatment Plant (1),7,1,0,0,11,4,2023-07-11,NA,NA
GA-08,GA0710000,BERLIN,GA,643,251,GW,L,5,Distribution System/Zone (1); Treatment Plant (2); Well (2),15,4,0,0,30,5,2023-06-13,NA,NA
GA-08,GA0710014,INDIAN LAKE SUBDIVISION,GA,367,137,GW,P,4,Distribution System/Zone (1); Treatment Plant (1); Well (2),20,6,0,0,60,7,2023-08-15,NA,NA
GA-08,GA0710015,SHADY GROVE SUBDIVISION,GA,192,71,GW,P,3,Treatment Plant (1); Well (1); Distribution System/Zone (1),2,1,0,0,5,6,2026-02-24,NA,NA
GA-08,GA0710016,SPENCETON SUBDIVISION 1,GA,62,23,GW,P,3,Distribution System/Zone (1); Treatment Plant (1); Well (1),5,3,0,0,10,5,2023-04-26,NA,NA
GA-08,GA0710023,TALLOKAS TRAILS/CIRCLE,GA,443,164,GW,P,6,Distribution System/Zone (1); Treatment Plant (2); Well (3),20,3,0,0,25,5,2023-02-15,NA,NA
GA-08,GA0710024,BEAR CREEK SUBDIVISION,GA,464,186,GW,P,6,Distribution System/Zone (1); Well (3); Treatment Plant (2),5,4,0,0,9,6,2025-02-12,NA,NA
GA-08,GA0710034,GREEN ACRES MOBILE HOME EST,GA,49,18,GW,P,3,Distribution System/Zone (1); Treatment Plant (1); Well (1),51,30,5,2,141,6,2023-08-15,NA,NA
GA-08,GA0710038,PINEY GROVE SUBDIVISION,GA,81,30,GW,P,3,Well (1); Treatment Plant (1); Distribution System/Zone (1),96,83,0,0,62,6,2024-11-19,NA,NA
GA-08,GA0710040,RIVERWOOD SUBDIVISION,GA,413,153,GW,P,3,Treatment Plant (1); Well (1); Distribution System/Zone (1),5,3,0,0,12,5,2022-06-17,NA,NA
GA-08,GA0710041,SANDS MOBILE HOME PARK,GA,105,39,GW,P,3,Treatment Plant (1); Well (1); Distribution System/Zone (1),88,64,2,2,152,7,2025-10-28,NA,NA
GA-08,GA0710072,TALLOKAS ESTATES,GA,54,20,GW,P,3,Distribution System/Zone (1); Well (1); Treatment Plant (1),6,4,2,0,10,5,2021-10-19,NA,NA
GA-08,GA0710077,SOUTHLAKE SUBDIVISION,GA,251,93,GW,P,9,Well (4); Treatment Plant (4); Distribution System/Zone (1),11,3,0,0,22,5,2023-04-26,NA,NA
GA-08,GA0710081,PAVO ROAD FARM WS,GA,86,32,GW,P,5,Distribution System/Zone (1); Well (2); Treatment Plant (2),18,4,0,0,36,7,2024-11-19,NA,NA
GA-08,GA0710082,DEER RUN ESTATES MHP,GA,86,32,GW,P,5,Distribution System/Zone (1); Treatment Plant (2); Well (2),13,4,0,0,26,6,2023-05-17,NA,NA
GA-08,GA0710083,HOWARD KNIGHT TRAILER PARKS,GA,146,54,GW,P,4,Well (2); Treatment Plant (1); Distribution System/Zone (1),5,1,0,0,13,8,2023-06-13,31.1767751,-83.8133057
GA-08,GA0710091,HAVEN HILL ESTATES MHP,GA,327,121,GW,P,4,Well (2); Treatment Plant (1); Distribution System/Zone (1),10,3,0,0,24,9,2023-05-16,NA,NA
GA-08,GA0750001,CECIL,GA,446,171,GW,L,5,Distribution System/Zone (1); Well (2); Treatment Plant (2),13,3,0,0,32,7,2024-06-05,NA,NA
GA-08,GA0750003,SPARKS,GA,1968,734,GW,L,7,Treatment Plant (3); Well (3); Distribution System/Zone (1),21,3,1,0,48,7,2025-10-08,NA,NA
GA-08,GA0750011,TILLMANS MOBILE HOME PARK,GA,32,12,GW,P,3,Distribution System/Zone (1); Well (1); Treatment Plant (1),13,1,0,0,41,6,2025-08-13,40.6496474,-74.4470482
GA-08,GA0750044,CIRCLESTONE CC SUBDIVISION,GA,51,19,GW,P,3,Well (1); Treatment Plant (1); Distribution System/Zone (1),11,0,0,0,21,6,2024-05-02,NA,NA
GA-08,GA1850009,ACADEMY ACRES SUBDIVISION,GA,338,125,GW,P,5,Distribution System/Zone (1); Treatment Plant (2); Well (2),6,2,0,0,11,5,2021-05-04,NA,NA
GA-08,GA1850027,THE RIVER RV PARK,GA,213,80,GW,P,3,Distribution System/Zone (1); Treatment Plant (1); Well (1),8,0,0,0,25,8,2025-05-28,30.8475668,-83.335052
GA-08,GA1850050,GSP SCHROER ESTATES,GA,281,126,GW,P,4,Distribution System/Zone (1); Treatment Plant (1); Well (2),19,1,12,0,50,5,2021-10-12,NA,NA
GA-08,GA1850051,WEST WINDS SUBDIVISION,GA,111,41,GW,P,4,Well (2); Treatment Plant (1); Distribution System/Zone (1),13,6,0,0,30,6,2023-07-03,NA,NA
GA-08,GA1850054,LOCH-WINN SUBDIVISION,GA,337,125,GW,P,5,Distribution System/Zone (1); Treatment Plant (2); Well (2),9,1,0,0,21,7,2025-03-18,NA,NA
GA-08,GA1850064,REMERTON,GA,1928,805,GWP,L,4,Consecutive Connection (2); Well (1); Distribution System/Zone (1),35,4,23,0,82,8,2025-12-04,30.8442982,-83.310176
GA-08,GA1850069,ASHURST SUBDIVISION,GA,386,143,GW,P,3,Treatment Plant (1); Well (1); Distribution System/Zone (1),18,4,0,0,50,6,2023-05-02,NA,NA
GA-08,GA1850081,COPELAND HEIGHTS SUBDIVISION,GA,284,105,GW,P,5,Distribution System/Zone (1); Storage (1); Well (2); Treatment Plant (1),18,5,0,0,38,6,2024-05-02,NA,NA
GA-08,GA1850127,UNION CREEK HEIGHTS S/D,GA,119,44,GW,P,5,Treatment Plant (1); Well (2); Distribution System/Zone (1); Storage (1),15,8,0,0,35,7,2024-06-12,NA,NA
GA-08,GA1850284,MULLIGAN ROAD WATER SUPPLY,GA,905,335,GW,P,4,Distribution System/Zone (1); Treatment Plant (1); Well (2),16,4,2,0,29,6,2024-05-02,NA,NA
GA-08,GA1850285,SPRING HILL SUBDIVISION,GA,535,198,GW,P,7,Distribution System/Zone (1); Well (4); Treatment Plant (2),15,3,0,0,25,6,2023-01-17,NA,NA
GA-08,GA1850288,BETHANY HILLS WATER SYSTEM,GA,130,48,GW,P,3,Well (1); Treatment Plant (1); Distribution System/Zone (1),11,5,0,0,24,5,2024-06-12,NA,NA
GA-08,GA1850293,HAMPTON MEADOWS,GA,219,81,GW,P,3,Distribution System/Zone (1); Well (1); Treatment Plant (1),17,6,0,0,42,9,2024-12-12,NA,NA
GA-08,GA1850299,SUMMIT CHASE SUBDIVISION,GA,167,62,GW,P,4,Distribution System/Zone (1); Well (2); Treatment Plant (1),11,1,0,0,23,6,2024-05-02,NA,NA
GA-08,GA1850301,FARMBROOK SUBDIVISION,GA,216,80,GW,P,4,Well (1); Treatment Plant (1); Storage (1); Distribution System/Zone (1),5,3,1,0,13,4,2022-01-11,NA,NA
GA-08,GA1850310,CAINS RV AND MHP,GA,221,82,GW,P,5,Well (2); Treatment Plant (1); Distribution System/Zone (1); Storage (1),15,5,0,0,30,6,2025-02-13,NA,NA
GA-08,GA1850320,QUARTERMAN CROSSING SUBDIVISION,GA,230,85,GW,P,4,Distribution System/Zone (1); Treatment Plant (1); Well (2),1,0,0,0,4,6,2023-10-17,NA,NA
GA-08,GA1850322,LOWNDES CO.-CREEKSIDE WEST S/D,GA,667,247,GW,L,4,Well (2); Treatment Plant (1); Distribution System/Zone (1),6,1,0,0,7,5,2022-11-01,30.8334881,-83.2792771
GA-08,GA1850331,NOTTINGHILL SUBDIVISION,GA,62,23,GW,P,3,Distribution System/Zone (1); Well (1); Treatment Plant (1),3,0,3,0,9,2,2021-02-17,NA,NA
GA-08,GA2770003,TY TY,GA,929,350,GW,L,5,Distribution System/Zone (1); Well (2); Treatment Plant (2),1,1,0,0,2,5,2022-06-08,NA,NA
GA-08,GA2770032,BAR W MOBILE HOME PARK,GA,54,20,GW,P,3,Distribution System/Zone (1); Treatment Plant (1); Well (1),30,7,0,0,65,6,2024-05-01,31.457778,-83.5249599
GA-08,GA3210002,SUMNER,GA,662,248,GW,L,5,Treatment Plant (2); Well (2); Distribution System/Zone (1),24,13,3,0,54,8,2024-03-20,31.5104259,-83.7347308
GA-08,GA0710002,ELLENTON,GA,359,147,GW,L,4,Well (2); Treatment Plant (1); Distribution System/Zone (1),2,0,0,0,2,4,2021-10-19,NA,NA
GA-08,GA0750002,LENOX,GA,1083,457,GW,L,9,Distribution System/Zone (1); Treatment Plant (4); Well (4),77,72,2,0,36,8,2024-11-19,NA,NA
GA-08,GA0750047,CHASERVILLE MOBILE HOME PARK,GA,103,38,GW,P,4,Well (2); Treatment Plant (1); Distribution System/Zone (1),3,0,0,0,4,5,2023-04-11,NA,NA
GA-08,GA0810000,ARABI,GA,480,207,GW,L,5,Distribution System/Zone (1); Treatment Plant (2); Well (2),5,3,0,0,13,6,2024-05-21,NA,NA
GA-08,GA0810006,RICONNUCK KNOLL SUBDIVISION,GA,170,63,GW,P,5,Treatment Plant (2); Well (2); Distribution System/Zone (1),29,10,2,0,84,7,2025-05-20,NA,NA
GA-08,GA0810007,CEDAR LAKE ESTATES,GA,84,31,GW,P,3,Distribution System/Zone (1); Well (1); Treatment Plant (1),33,4,1,1,88,11,2025-03-21,NA,NA
GA-08,GA0810021,COMMUNITY WATER SYSTEM,GA,151,56,GW,P,3,Distribution System/Zone (1); Well (1); Treatment Plant (1),18,8,1,0,44,6,2024-02-15,NA,NA
GA-08,GA1530005,HOUSTON COUNTY-HENDERSON,GA,1253,464,GW,L,5,Treatment Plant (2); Well (2); Distribution System/Zone (1),3,0,0,0,8,8,2025-05-09,32.5963855,-83.6639669
GA-08,GA1550000,"IRWINVILLE WATER WORKS, INC.",GA,149,63,GW,P,6,Distribution System/Zone (1); Well (4); Treatment Plant (1),13,1,0,0,32,6,2025-04-17,NA,NA
GA-08,GA1550001,MYSTIC,GA,270,104,GW,P,5,Treatment Plant (2); Well (2); Distribution System/Zone (1),12,7,0,0,26,9,2025-07-24,31.5942801,-83.2490834
GA-08,GA2350000,HARTFORD WATER AUTHORITY,GA,446,180,GW,L,3,Distribution System/Zone (1); Well (1); Treatment Plant (1),16,14,3,0,36,7,2023-11-06,NA,NA
GA-08,GA2770000,OMEGA,GA,1436,560,GW,L,7,Distribution System/Zone (1); Treatment Plant (3); Well (3),2,0,0,0,9,5,2023-08-15,NA,NA
GA-08,GA2770132,RIVERBEND ESTATES,GA,221,82,GW,P,5,Distribution System/Zone (1); Well (2); Treatment Plant (2),13,5,0,0,26,7,2023-09-20,NA,NA
GA-08,GA2770137,PEBBLE HILL ESTATES S/D,GA,365,135,GW,P,5,Distribution System/Zone (1); Well (2); Treatment Plant (2),6,0,0,0,16,6,2024-09-25,NA,NA
GA-08,GA2870002,SYCAMORE,GA,729,300,GW,L,6,Distribution System/Zone (1); Consecutive Connection (1); Treatment Plant (2); Well (2),11,3,0,0,23,5,2025-10-29,31.6719922,-83.6327127
GA-08,GA2870003,JIM-N-I,GA,204,64,GW,P,5,Distribution System/Zone (1); Well (2); Treatment Plant (2),13,5,0,0,27,5,2024-04-24,NA,NA
GA-08,GA3150000,ABBEVILLE,GA,3042,476,GW,L,7,Distribution System/Zone (1); Well (3); Treatment Plant (3),22,8,2,0,57,6,2025-06-12,31.9904177,-83.3079517
GA-08,GA3150003,ROCHELLE,GA,1553,600,GW,L,5,Treatment Plant (2); Well (2); Distribution System/Zone (1),23,10,1,0,52,7,2025-11-04,NA,NA
GA-08,GA3210001,POULAN,GA,1072,409,GW,L,5,Distribution System/Zone (1); Well (2); Treatment Plant (2),14,6,2,0,49,6,2026-03-18,NA,NA
GA-08,GA3210012,WORTHY MANOR SUBDIVISION,GA,400,148,GW,P,3,Distribution System/Zone (1); Treatment Plant (1); Well (1),11,7,0,0,19,9,2024-02-07,NA,NA
GA-08,GA3210043,WOODCREST SUBDIVISION,GA,176,66,GW,P,4,Distribution System/Zone (1); Well (2); Treatment Plant (1),13,7,1,0,21,7,2023-03-22,NA,NA
GA-08,GA3210044,REDROCK ESTATES,GA,140,52,GW,P,4,Distribution System/Zone (1); Well (2); Treatment Plant (1),10,5,1,0,28,4,2023-03-22,NA,NA
GA-08,GA1550012,WILLOW CREEK MOBILE HOME COMMUNITY,GA,51,19,GW,P,4,Distribution System/Zone (1); Storage (1); Treatment Plant (1); Well (1),8,0,0,0,20,6,2023-11-07,NA,NA
GA-08,GA0190003,RAY CITY,GA,1345,504,GW,L,5,Distribution System/Zone (1); Treatment Plant (2); Well (2),37,7,1,0,37,7,2024-12-04,NA,NA
GA-08,GA1010000,ECHOLS COUNTY,GA,972,364,GW,L,4,Treatment Plant (1); Well (2); Distribution System/Zone (1),46,5,25,0,89,7,2025-12-19,NA,NA
GA-08,GA1010001,LITTLE RIVER ESTATES MHP,GA,54,20,GW,P,4,Treatment Plant (1); Well (2); Distribution System/Zone (1),34,2,10,0,57,9,2025-05-28,33.7023502,-84.7260668
GA-08,GA1730000,LAKELAND,GA,2718,1071,GW,L,5,Well (2); Treatment Plant (2); Distribution System/Zone (1),14,4,4,0,30,7,2026-02-27,31.0279788,-83.071839
GA-08,GA1730015,BANKS LAKE POINTE SUBDIVISION,GA,205,76,GW,P,4,Well (2); Treatment Plant (1); Distribution System/Zone (1),3,1,0,0,4,4,2025-05-13,NA,NA
GA-08,GA1730016,MILL POND PLANTATION,GA,302,112,GW,P,4,Treatment Plant (1); Well (2); Distribution System/Zone (1),16,2,0,0,17,6,2023-10-17,NA,NA
GA-08,GA1730018,PALMETTO PINES PLANTATION,GA,73,27,GW,P,5,Distribution System/Zone (1); Well (2); Treatment Plant (2),5,0,0,0,6,4,2026-02-11,NA,NA
GA-08,GA1850024,PINE BREEZE TRAILER PARK,GA,41,15,GW,P,3,Well (1); Treatment Plant (1); Distribution System/Zone (1),26,24,3,0,62,7,2025-06-04,30.8695942,-83.2902856
GA-08,GA1850032,TELFAIR ACRES SUBDIVISION,GA,410,152,GW,P,3,Treatment Plant (1); Well (1); Distribution System/Zone (1),12,4,0,0,42,5,2024-08-07,NA,NA
GA-08,GA1850053,RAINTREE VILLAGE,GA,41,15,GW,P,3,Distribution System/Zone (1); Well (1); Treatment Plant (1),61,49,0,0,46,6,2023-04-11,NA,NA
GA-08,GA1850068,INDIAN LAKE HEIGHTS S/D,GA,194,72,GW,P,5,Storage (1); Distribution System/Zone (1); Well (2); Treatment Plant (1),12,6,0,0,26,5,2023-07-03,NA,NA
GA-08,GA1850070,NORTH RIDGE WATER & LIGHT CO.,GA,354,131,GW,P,4,Well (2); Treatment Plant (1); Distribution System/Zone (1),28,5,17,0,69,7,2023-05-02,NA,NA
GA-08,GA1850076,HILLSIDE SUBDIVISION,GA,229,88,GW,P,5,Well (2); Treatment Plant (1); Storage (1); Distribution System/Zone (1),11,2,3,0,33,6,2024-01-24,NA,NA
GA-08,GA1850078,BEVEL CREEK SUBDIVISION,GA,140,52,GW,P,3,Well (1); Treatment Plant (1); Distribution System/Zone (1),8,1,0,0,15,6,2024-01-24,NA,NA
GA-08,GA1850100,DOGWOOD VILLAS,GA,54,20,GW,P,3,Distribution System/Zone (1); Treatment Plant (1); Well (1),86,40,1,0,145,9,2023-08-15,NA,NA
GA-08,GA1850268,POINT NORTH SUBDIVISION,GA,113,42,GW,P,4,Well (2); Treatment Plant (1); Distribution System/Zone (1),15,8,0,0,39,5,2023-02-07,NA,NA
GA-08,GA1850273,BEAR BRANCH MOBILE HOME PARK,GA,38,14,GW,P,3,Distribution System/Zone (1); Treatment Plant (1); Well (1),10,4,0,0,17,5,2021-02-17,30.6869283,-83.1962562
GA-08,GA1850274,LOWNDES CO.-ALAPAHA PLANTATION S/D,GA,362,134,GW,L,4,Treatment Plant (1); Well (2); Distribution System/Zone (1),115,58,103,0,201,6,2024-09-18,30.8334881,-83.2792771
GA-08,GA1850278,SUMMERFIELD SUBDIVISION,GA,645,242,GW,P,4,Well (2); Treatment Plant (1); Distribution System/Zone (1),15,3,0,0,31,8,2022-05-03,NA,NA
GA-08,GA1850295,TROTTER`S RIDGE SUBDIVISION,GA,491,182,GW,P,3,Well (1); Treatment Plant (1); Distribution System/Zone (1),11,1,0,0,20,4,2021-08-10,NA,NA
GA-08,GA1850296,WHIPPOORWILL SUBDIVISION,GA,127,47,GW,P,3,Distribution System/Zone (1); Well (1); Treatment Plant (1),24,12,13,0,52,7,2023-05-02,NA,NA
GA-08,GA1850298,CROSS CREEK SUBDIVISION,GA,219,81,GW,P,4,Well (1); Treatment Plant (1); Distribution System/Zone (1); Storage (1),6,2,0,0,20,6,2024-04-10,NA,NA
GA-08,GA1850314,STEEDLEY MOBILE HOME PARK,GA,73,27,GW,P,4,Well (2); Treatment Plant (1); Distribution System/Zone (1),9,0,0,0,27,6,2023-11-07,30.6911168,-83.1819445
GA-08,GA1850317,KINGSGATE SUBDIVISION,GA,140,52,GW,P,6,Distribution System/Zone (1); Treatment Plant (2); Well (3),1,0,0,0,4,6,2024-09-23,NA,NA
GA-08,GA1850323,LAUREN ESTATES SUBDIVISION,GA,184,68,GW,P,4,Distribution System/Zone (1); Well (2); Treatment Plant (1),4,1,1,0,15,6,2026-01-22,NA,NA
GA-08,GA1850324,COTTONWOOD SUBDIVISION,GA,311,115,GW,P,4,Distribution System/Zone (1); Well (2); Treatment Plant (1),4,1,0,0,7,5,2025-01-16,NA,NA
GA-08,GA0030001,WILLACOOCHEE WATER SYSTEM,GA,1723,650,GW,L,5,Distribution System/Zone (1); Treatment Plant (2); Well (2),26,17,12,0,61,9,2025-11-20,31.3405284,-83.0474595
GA-08,GA0690000,AMBROSE,GA,332,126,GW,L,5,Well (2); Treatment Plant (2); Distribution System/Zone (1),64,35,0,0,96,8,2024-12-02,NA,NA
GA-08,GA0690070,FOREST HILLS SUBDIVISION,GA,42,16,GW,P,2,Distribution System/Zone (1); Well (1),23,14,0,0,50,5,2023-11-06,NA,NA
GA-08,GA0910000,CHAUNCEY,GA,305,120,GW,L,3,Treatment Plant (1); Well (1); Distribution System/Zone (1),30,15,1,0,69,5,2026-02-18,NA,NA
GA-08,GA2710001,JACKSONVILLE,GA,219,83,GW,L,6,Treatment Plant (3); Well (2); Distribution System/Zone (1),26,11,3,0,70,8,2025-02-06,NA,NA
GA-08,GA2710004,MILAN,GA,791,305,GW,L,5,Well (2); Treatment Plant (2); Distribution System/Zone (1),12,4,0,0,35,5,2024-06-04,NA,NA
GA-08,GA0230003,MIDDLE GEORGIA STATE UNIVERSITY,GA,1500,30,GW,S,3,Well (1); Treatment Plant (1); Distribution System/Zone (1),11,1,1,0,26,10,2024-01-31,NA,NA
GA-08,GA2990000,MANOR WATER ASSOCIATION,GA,611,235,GW,P,4,Well (2); Treatment Plant (1); Distribution System/Zone (1),31,4,1,0,49,7,2023-02-03,NA,NA
GA-08,GA2710005,SCOTLAND,GA,270,104,GW,L,6,Distribution System/Zone (1); Storage (1); Well (2); Treatment Plant (2),49,16,17,0,95,7,2026-03-26,NA,NA
GA-08,GA1610000,DENTON,GA,253,107,GW,L,3,Treatment Plant (1); Well (1); Distribution System/Zone (1),62,44,3,0,99,7,2023-12-21,NA,NA
GA-08,GA3190004,MCINTYRE,GA,826,327,GW,L,4,Distribution System/Zone (1); Well (2); Treatment Plant (1),6,2,0,0,14,5,2024-02-27,NA,NA
GA-08,GA3190005,TOOMSBORO,GA,597,200,GW,L,5,Treatment Plant (2); Well (2); Distribution System/Zone (1),35,28,3,0,64,7,2024-02-20,NA,NA
GA-08,GA0650004,DUPONT WATER SYSTEM,GA,120,29,GW,L,3,Distribution System/Zone (1); Well (1); Treatment Plant (1),20,8,0,0,50,5,2023-06-08,NA,NA
GA-08,GA0030000,PEARSON,GA,2200,825,GW,L,5,Distribution System/Zone (1); Well (2); Treatment Plant (2),34,29,1,0,32,6,2024-03-19,31.296234,-82.8530529
GA-08,GA0030004,HERITAGE HILLS,GA,132,41,GW,P,5,Treatment Plant (2); Well (2); Distribution System/Zone (1),20,14,0,0,19,5,2025-05-15,NA,NA
GA-08,GA0030005,THE OAKS SUBDIVISION,GA,58,21,GW,P,3,Well (1); Treatment Plant (1); Distribution System/Zone (1),9,1,0,0,19,5,2025-05-15,NA,NA
GA-08,GA0030006,TRIPLE O MOBILE HOME PARK,GA,73,28,GW,P,5,Distribution System/Zone (1); Well (2); Treatment Plant (2),13,4,0,0,37,6,2025-08-06,NA,NA
GA-08,GA0690009,HILLSIDE TRAILER PARK,GA,185,70,GW,P,5,Well (2); Treatment Plant (2); Distribution System/Zone (1),12,7,1,0,33,7,2024-09-24,NA,NA
GA-08,GA0690011,TOWN & COUNTRY TRAILER PARK,GA,203,75,GW,P,5,Distribution System/Zone (1); Well (2); Treatment Plant (2),40,29,0,0,50,6,2024-11-18,NA,NA
GA-08,GA0690031,BAY MEADOWS ESTATES,GA,1674,537,GW,P,9,Treatment Plant (4); Well (4); Distribution System/Zone (1),24,10,1,0,44,9,2023-11-06,NA,NA
GA-08,GA0690037,GREENETREE LAKES,GA,247,95,GW,P,5,Distribution System/Zone (1); Well (2); Treatment Plant (2),5,5,1,0,11,5,2022-10-26,NA,NA
GA-08,GA0690040,BEAR CREEK MOBILE HOME PARK,GA,243,90,GW,P,7,Distribution System/Zone (1); Well (3); Treatment Plant (3),7,2,0,0,18,5,2022-05-05,NA,NA
GA-08,GA0690054,CHEROKEE HEIGHTS MHP,GA,52,19,GW,P,3,Distribution System/Zone (1); Well (1); Treatment Plant (1),66,21,1,0,101,8,2025-07-28,31.6197232,-82.8769431
GA-08,GA0690059,T & H MOBILE HOME PARK,GA,324,120,GW,P,5,Distribution System/Zone (1); Treatment Plant (2); Well (2),13,4,1,0,30,6,2025-04-11,32.06672,-81.25754
GA-08,GA0690063,POWELL MOBILE HOME PARK,GA,71,26,GW,P,5,Treatment Plant (2); Well (2); Distribution System/Zone (1),52,16,2,0,106,7,2025-02-10,NA,NA
GA-08,GA0690066,COTTON HILL ESTATES MOBILE HOME PARK,GA,54,20,GW,P,5,Distribution System/Zone (1); Treatment Plant (2); Well (2),11,1,1,0,29,8,2025-04-11,32.06672,-81.25754
GA-08,GA0690075,KINGSRIDGE SUBDIVISION,GA,76,28,GW,P,6,Well (2); Treatment Plant (2); Storage (1); Distribution System/Zone (1),11,5,1,0,20,7,2026-02-13,NA,NA
GA-08,GA0690083,UPTON JUNCTION PHASE 11,GA,192,71,GW,P,5,Well (2); Treatment Plant (2); Distribution System/Zone (1),80,25,2,0,94,8,2025-04-11,NA,NA
GA-08,GA0690084,CROSSWINDS SUBDIVISION,GA,65,24,GW,P,3,Well (1); Treatment Plant (1); Distribution System/Zone (1),8,1,0,0,16,5,2025-01-15,NA,NA
GA-08,GA0650000,HOMERVILLE,GA,3210,1332,GW,L,5,Distribution System/Zone (1); Well (2); Treatment Plant (2),19,7,4,0,50,7,2025-12-15,NA,NA
GA-08,GA0650001,FARGO,GA,392,173,GW,L,3,Well (1); Treatment Plant (1); Distribution System/Zone (1),18,5,1,0,38,7,2025-05-29,NA,NA
GA-08,GA0510249,ARGYLE VILLAGE SUBDIVISION,GA,57,22,GW,P,3,Treatment Plant (1); Well (1); Distribution System/Zone (1),25,11,1,0,48,7,2024-10-24,NA,NA
GA-08,GA0650013,ARGYLE,GA,173,67,GW,L,5,Well (2); Treatment Plant (2); Distribution System/Zone (1),57,34,1,0,62,7,2026-01-22,NA,NA
GA-08,GA0690034,SHADY PINES MOBILE HOME PARK,GA,189,70,GW,P,5,Distribution System/Zone (1); Treatment Plant (2); Well (2),34,3,1,0,53,7,2025-02-10,NA,NA
GA-08,GA0690035,COUNTRY MEADOWS S/D,GA,265,98,GW,P,5,Treatment Plant (2); Well (2); Distribution System/Zone (1),6,4,0,0,21,6,2025-01-15,NA,NA
GA-08,GA0690038,PLANTATION ESTATES MHP,GA,92,34,GW,P,3,Distribution System/Zone (1); Well (1); Treatment Plant (1),42,31,0,0,38,7,2025-11-19,NA,NA
GA-08,GA0690039,SLEEPY HOLLOW MOBILE HOME PARK,GA,233,86,GW,P,5,Distribution System/Zone (1); Well (2); Treatment Plant (2),16,2,0,0,34,6,2025-02-10,NA,NA
GA-08,GA0690071,SOUTH POINTE S/D,GA,60,22,GW,P,5,Distribution System/Zone (1); Well (2); Treatment Plant (2),6,1,0,0,15,6,2025-04-11,32.06672,-81.25754
GA-08,GA0690077,GREENFIELD SUBDIVISION,GA,44,17,GW,P,4,Distribution System/Zone (1); Well (2); Treatment Plant (1),1,1,0,0,2,5,2022-02-28,NA,NA
GA-08,GA1610023,PINE TREE MOBILE HOME PARK,GA,122,47,GW,P,3,Well (1); Treatment Plant (1); Distribution System/Zone (1),20,8,2,0,50,7,2023-10-17,NA,NA
GA-08,GA2710002,LUMBER CITY,GA,977,377,GW,L,5,Treatment Plant (2); Well (2); Distribution System/Zone (1),17,11,1,0,33,7,2024-03-27,31.9310533,-82.6838813
GA-08,GA1610021,LAKE OWL HEAD SUBDIVISION,GA,161,65,GW,P,3,Distribution System/Zone (1); Well (1); Treatment Plant (1),38,15,4,0,79,6,2023-12-07,NA,NA
GA-08,GA2890000,DANVILLE,GA,383,143,GW,L,4,Treatment Plant (1); Well (2); Distribution System/Zone (1),16,4,1,0,38,8,2023-07-28,NA,NA
GA-08,GA2890001,JEFFERSONVILLE,GA,1988,500,GW,L,4,Treatment Plant (1); Well (2); Distribution System/Zone (1),63,5,0,0,130,15,2024-05-31,NA,NA
GA-08,GA2890008,EAST OCMULGEE ACRES S/D,GA,81,30,GW,P,3,Distribution System/Zone (1); Well (1); Treatment Plant (1),44,13,1,0,110,8,2023-09-28,32.8779504,-83.7549612
GA-08,GA2890009,"PAVATI WATER COMPANY, LLC",GA,49,18,GW,P,4,Distribution System/Zone (1); Well (2); Treatment Plant (1),28,14,1,0,70,7,2024-07-03,NA,NA
GA-08,GA2890012,TWIGGS CO.-KAOLIN HEIGHTS S/D,GA,41,15,GW,P,3,Treatment Plant (1); Well (1); Distribution System/Zone (1),20,13,4,0,59,8,2023-07-24,NA,NA
GA-08,GA2890023,TWIGGS CO.-BLACKBOTTOM WS,GA,46,17,GW,L,3,Distribution System/Zone (1); Well (1); Treatment Plant (1),13,8,1,0,32,9,2023-07-19,NA,NA
GA-08,GA2890031,TWIGGS COUNTY HWY 96/I16,GA,300,115,GW,L,4,Distribution System/Zone (1); Treatment Plant (1); Well (2),2,0,0,0,3,8,2023-08-08,NA,NA
GA-08,GA1690027,JONES ACRES MOBILE HOME PARK,GA,116,43,GWP,P,2,Distribution System/Zone (1); Consecutive Connection (1),10,2,0,0,26,9,2025-03-18,37.3011721,-80.051727
GA-08,GA3190001,GORDON,GA,2291,850,GW,L,5,Well (2); Treatment Plant (2); Distribution System/Zone (1),26,17,6,0,60,7,2024-05-21,NA,NA
GA-08,GA0090042,MERIWETHER-GOLDEN POND SUBDIVISION,GA,124,46,GW,P,6,Distribution System/Zone (1); Consecutive Connection (1); Well (2); Treatment Plant (2),8,4,4,0,20,7,2023-05-18,NA,NA
GA-08,GA1690001,"JONES CO.-HADDOCK WATER COMMISSION, INC.",GA,489,201,GW,L,8,Well (3); Treatment Plant (3); Consecutive Connection (1); Distribution System/Zone (1),17,6,1,0,43,10,2025-11-06,NA,NA
GA-08,GA3190003,IVEY,GA,1222,454,GW,L,6,Distribution System/Zone (1); Consecutive Connection (1); Well (2); Treatment Plant (2),22,10,2,0,56,6,2024-01-17,NA,NA
GA-08,GA3190000,ALLENTOWN,GA,308,118,GW,L,4,Distribution System/Zone (1); Well (2); Treatment Plant (1),6,3,0,0,21,6,2024-01-11,32.5858782,-83.2155647
GA-08,GA3190002,IRWINTON,GA,1597,705,GW,L,5,Distribution System/Zone (1); Well (2); Treatment Plant (2),12,3,0,0,32,6,2025-06-11,NA,NA
GA-08,GA1410006,ISLAND CREEK / GLENWOOD SUBDIVISION,GA,681,262,GW,P,9,Distribution System/Zone (1); Treatment Plant (4); Well (4),25,8,2,0,32,6,2023-06-28,NA,NA
GA-08,GA0910001,CHESTER,GA,1808,218,GW,L,7,Well (3); Treatment Plant (3); Distribution System/Zone (1),10,4,1,0,30,5,2025-01-29,NA,NA
GA-08,GA2070000,CULLODEN,GA,208,78,GW,L,6,Distribution System/Zone (1); Well (3); Treatment Plant (2),37,13,0,0,102,8,2026-01-30,NA,NA
GA-08,GA1530004,HOUSTON COUNTY-HAYNESVILLE,GA,1847,687,GW,L,5,Well (2); Treatment Plant (2); Distribution System/Zone (1),1,0,0,0,4,8,2025-11-26,32.5963855,-83.6639669
GA-08,GA0690001,BROXTON,GA,1353,526,GW,L,5,Distribution System/Zone (1); Well (2); Treatment Plant (2),41,10,0,0,57,8,2025-11-04,31.6260126,-82.8877784
GA-08,GA0710001,DOERUN,GA,1094,423,GW,L,6,Distribution System/Zone (1); Treatment Plant (2); Well (3),45,22,2,0,108,10,2025-04-17,NA,NA
GA-08,GA0710003,FUNSTON,GA,653,256,GW,L,5,Distribution System/Zone (1); Treatment Plant (2); Well (2),21,6,0,0,60,9,2025-01-14,NA,NA
GA-08,GA0710005,NORMAN PARK,GA,1134,456,GW,L,7,Distribution System/Zone (1); Treatment Plant (3); Well (3),15,7,0,0,33,6,2024-08-13,NA,NA
GA-08,GA0910003,RHINE,GA,394,152,GW,L,5,Well (2); Treatment Plant (2); Distribution System/Zone (1),50,39,0,0,43,6,2025-11-05,NA,NA
GA-08,GA2750004,PAVO,GA,815,315,GW,L,6,Distribution System/Zone (1); Well (3); Treatment Plant (2),34,12,0,0,73,9,2025-01-10,NA,NA
GA-08,GA2870001,REBECCA,GA,248,106,GW,L,5,Well (2); Treatment Plant (2); Distribution System/Zone (1),18,10,0,0,44,5,2024-08-14,NA,NA
GA-08,GA3150001,PINEVIEW,GA,530,186,GW,L,5,Distribution System/Zone (1); Well (2); Treatment Plant (2),23,11,1,0,55,6,2024-05-21,NA,NA
GA-08,GA3150002,PITTS,GA,473,180,GW,L,7,Well (3); Treatment Plant (3); Distribution System/Zone (1),18,11,0,0,39,7,2024-09-10,NA,NA
GA-08,GA3150004,SEVILLE,GA,189,71,GW,L,4,Well (2); Treatment Plant (1); Distribution System/Zone (1),12,5,0,0,33,8,2024-09-10,NA,NA
GA-08,GA3210004,WARWICK,GA,408,168,GW,L,5,Treatment Plant (2); Well (2); Distribution System/Zone (1),34,24,1,0,40,7,2024-08-20,NA,NA
GA-09,GA1370000,ALTO,GA,2737,1014,GW,L,19,Consecutive Connection (2); Distribution System/Zone (1); Well (8); Treatment Plant (8),29,13,13,0,70,6,2023-06-29,NA,NA
GA-09,GA1110064,COOPER'S CREEK ESTATES,GA,89,33,GW,P,5,Well (2); Treatment Plant (2); Distribution System/Zone (1),23,2,0,0,44,8,2026-03-31,NA,NA
GA-09,GA1110074,BEAR TRACK,GA,62,23,GW,P,5,Distribution System/Zone (1); Treatment Plant (2); Well (2),8,5,0,0,13,2,2026-02-25,NA,NA
GA-09,GA1110087,LAUREL SPRINGS SUBDIVISION,GA,67,26,GW,P,4,Distribution System/Zone (1); Well (2); Treatment Plant (1),12,6,0,0,19,3,2023-07-21,NA,NA
GA-09,GA1110126,"FANNIN COUNTY, GEFA - RIVERWALK",GA,187,72,SWP,S,2,Distribution System/Zone (1); Consecutive Connection (1),5,0,0,0,15,3,2024-08-22,34.8650855,-84.3273831
GA-09,GA1110127,FANNIN COUNTY - LAKESIDE,GA,50,20,SWP,L,2,Consecutive Connection (1); Distribution System/Zone (1),0,0,0,0,0,1,2024-09-10,34.8650855,-84.3273831
GA-09,GA1230004,WALNUT MOUNTAIN S/D  POA,GA,1105,425,SWP,P,3,Distribution System/Zone (1); Storage (1); Consecutive Connection (1),28,16,3,0,55,25,2024-03-20,NA,NA
GA-09,GA1230076,LAKE BUCKHORN,GA,164,63,GW,P,9,Distribution System/Zone (1); Treatment Plant (4); Well (4),5,3,0,0,8,3,2025-03-26,NA,NA
GA-09,GA3110090,"SKY MOUNTAIN ESTATES S/D, HOA",GA,86,41,GW,P,5,Well (3); Treatment Plant (1); Distribution System/Zone (1),22,13,7,0,52,13,2024-10-25,NA,NA
GA-09,GA3110085,RAINBOW RETREAT,GA,59,23,GW,P,4,Treatment Plant (1); Well (2); Distribution System/Zone (1),0,0,0,0,1,6,2026-01-29,NA,NA
GA-09,GA3110005,SKYLAKE,GA,1173,451,GW,P,7,Well (3); Treatment Plant (3); Distribution System/Zone (1),9,5,0,0,13,6,2026-02-25,NA,NA
GA-09,GA3110001,HELEN,GA,1851,712,SWP,L,14,Consecutive Connection (1); Distribution System/Zone (1); Treatment Plant (6); Well (6),16,9,1,0,43,11,2024-06-26,NA,NA
GA-09,GA2910104,SMOKEY MOUNTAIN ESTATES SUBD,GA,127,49,GW,P,7,Distribution System/Zone (1); Consecutive Connection (1); Well (3); Treatment Plant (2),2,0,0,0,3,4,2025-09-29,NA,NA
GA-09,GA2910051,WILSON MTN SUBDIVISION,GA,348,129,GW,P,5,Distribution System/Zone (1); Well (2); Treatment Plant (2),26,11,0,0,56,5,2025-05-22,NA,NA
GA-09,GA2810050,HI-RIVER COUNTRY SUBDIVISION,GA,260,100,SWP,P,4,Well (1); Treatment Plant (1); Consecutive Connection (1); Distribution System/Zone (1),3,0,0,0,6,4,2023-10-31,NA,NA
GA-09,GA2810001,YOUNG HARRIS,GA,2211,819,GW,L,7,Distribution System/Zone (1); Well (3); Treatment Plant (3),6,1,0,0,23,9,2025-10-22,NA,NA
GA-09,GA2410127,HEATHERSTONE AT FORD MOUNTAIN HOA,GA,62,57,GW,P,6,Distribution System/Zone (1); Storage (1); Treatment Plant (2); Well (2),8,3,0,0,18,6,2024-02-13,NA,NA
GA-09,GA2570011,TOCCOA FALLS COLLEGE,GA,850,152,GW,P,5,Well (2); Treatment Plant (1); Consecutive Connection (1); Distribution System/Zone (1),12,6,1,0,32,7,2024-05-21,34.5937089,-83.3563466
GA-09,GA2570000,MARTIN,GA,1769,655,GW,L,10,Distribution System/Zone (1); Consecutive Connection (1); Treatment Plant (4); Well (4),27,16,4,0,62,6,2024-05-28,34.4885507,-83.1832281
GA-09,GA2410089,"CHARLIE MOUNTAIN WATER, LLC",GA,88,78,GW,P,4,Well (2); Treatment Plant (1); Distribution System/Zone (1),105,102,0,0,11,6,2023-08-23,NA,NA
GA-09,GA1870072,LUMPKIN CO. - SHERWOOD FOREST SUBD.,GA,208,80,GW,L,4,Well (2); Treatment Plant (1); Distribution System/Zone (1),6,0,0,0,14,4,2024-09-25,NA,NA
GA-09,GA1870066,LUMPKIN CO. - STONEHENGE S/D,GA,135,52,GW,L,5,Treatment Plant (2); Well (2); Distribution System/Zone (1),7,2,1,0,13,5,2023-05-25,NA,NA
GA-09,GA1870047,TRAHLYTA TRACE SUBDIVISION,GA,60,22,GW,P,6,Treatment Plant (2); Well (3); Distribution System/Zone (1),9,0,0,0,23,3,2023-04-03,NA,NA
GA-09,GA1370068,DEER TRAIL LAKES/HIGH MEADOWS SUBDIVISIO,GA,111,43,GW,P,4,Distribution System/Zone (1); Well (2); Treatment Plant (1),0,0,0,0,0,3,2021-06-18,NA,NA
GA-09,GA1370063,PINECREST MOUNTAIN S/D,GA,67,26,GW,P,7,Well (4); Treatment Plant (2); Distribution System/Zone (1),0,0,0,0,0,6,2025-04-24,NA,NA
GA-09,GA2410134,SKY VALLEY - WINDING RIDGE,GA,57,22,GW,L,5,Treatment Plant (2); Well (2); Distribution System/Zone (1),9,1,0,0,18,4,2023-08-16,NA,NA
GA-09,GA0110000,HOMER,GA,1188,457,SWP,L,4,Well (1); Treatment Plant (1); Distribution System/Zone (1); Consecutive Connection (1),43,19,10,0,84,9,2025-03-19,NA,NA
GA-09,GA0110029,HIDDEN LAKE SUBDIVISION,GA,108,40,SWP,L,2,Distribution System/Zone (1); Consecutive Connection (1),5,4,0,0,14,8,2025-03-19,NA,NA
GA-09,GA0590071,CRESTMONT FARMS SUBDIVISION,GA,170,63,SWP,P,7,Treatment Plant (2); Well (3); Consecutive Connection (1); Distribution System/Zone (1),35,15,20,0,52,5,2023-08-31,34.0063856,-83.401251
GA-09,GA1390016,SURFSIDE CLUB ESTATES,GA,523,201,GW,P,9,Well (4); Treatment Plant (4); Distribution System/Zone (1),10,7,0,0,27,5,2021-06-24,NA,NA
GA-09,GA1950045,APPLE ACRES-KINGSTON-GATEWOOD,GA,308,114,GW,P,4,Treatment Plant (1); Well (1); Distribution System/Zone (1); Consecutive Connection (1),32,27,0,0,20,6,2024-03-15,NA,NA
GA-09,GA1570120,TROTTER`S RIDGE SUBDIVISION,GA,195,72,GW,P,5,Distribution System/Zone (1); Storage (1); Treatment Plant (1); Well (1); Consecutive Connection (1),13,2,9,0,35,5,2025-02-06,NA,NA
GA-09,GA1570014,ARCADE MOBILE HOME PARK,GA,54,20,GW,P,4,Treatment Plant (1); Well (1); Distribution System/Zone (1); Consecutive Connection (1),28,10,2,0,65,7,2025-01-03,34.1245776,-83.5922862
GA-09,GA1570010,CHARCLAR SUBDIVISION,GA,49,18,GW,P,3,Distribution System/Zone (1); Treatment Plant (1); Well (1),23,7,0,0,36,6,2023-10-27,34.0063856,-83.401251
GA-09,GA1110003,MORGANTON,GA,1768,680,GW,L,8,Treatment Plant (3); Well (3); Storage (1); Distribution System/Zone (1),22,5,1,0,52,9,2023-11-22,NA,NA
GA-09,GA1110091,MOUNTAIN HIGH SUBDIVISION,GA,137,53,GW,P,4,Distribution System/Zone (1); Well (2); Treatment Plant (1),13,1,0,0,26,4,2023-07-21,NA,NA
GA-09,GA1110105,NECOWA COVE,GA,135,52,GW,P,5,Treatment Plant (2); Well (2); Distribution System/Zone (1),53,23,0,0,30,4,2024-03-28,NA,NA
GA-09,GA1110124,FANNIN COUNTY CDBG - FORGE MILL,GA,246,91,SWP,L,3,Consecutive Connection (2); Distribution System/Zone (1),7,1,0,0,21,4,2025-05-13,34.8650855,-84.3273831
GA-09,GA1110125,FANNIN COUNTY USDA - MY MOUNTAIN SD,GA,559,207,SWP,L,2,Consecutive Connection (1); Distribution System/Zone (1),6,1,0,0,16,5,2025-05-13,34.8650855,-84.3273831
GA-09,GA1110129,FANNIN COUNTY - LAKE COVE,GA,62,23,GWP,S,2,Distribution System/Zone (1); Consecutive Connection (1),3,0,0,0,3,4,2023-12-18,34.8650855,-84.3273831
GA-09,GA1230045,EAGLES MOUNTAIN CAMPGROUND,GA,1820,700,SWP,P,2,Consecutive Connection (1); Distribution System/Zone (1),17,10,0,0,41,11,2025-11-06,NA,NA
GA-09,GA1230055,CHERRY LOG MOUNTAIN I,GA,151,56,GW,P,4,Consecutive Connection (1); Treatment Plant (1); Well (1); Distribution System/Zone (1),12,4,1,0,22,2,2024-04-30,NA,NA
GA-09,GA1230057,CHERRY LOG MTN.-GRANNY LAKE,GA,265,102,GW,P,4,Treatment Plant (1); Well (1); Distribution System/Zone (1); Consecutive Connection (1),21,10,1,0,47,5,2026-03-26,NA,NA
GA-09,GA1230058,CHERRY LOG MTN.-INDIAN ROCK,GA,283,109,GW,P,12,Consecutive Connection (1); Distribution System/Zone (1); Treatment Plant (5); Well (5),32,18,8,3,72,6,2023-10-03,NA,NA
GA-09,GA1230059,HIDDEN LAKE,GA,112,43,GW,P,3,Distribution System/Zone (1); Well (2),29,17,3,0,59,3,2010-03-30,NA,NA
GA-09,GA1230060,LAUREL RIDGE,GA,224,83,GW,P,7,Distribution System/Zone (1); Well (3); Treatment Plant (3),23,11,1,0,49,4,2026-03-26,NA,NA
GA-09,GA1230064,HOLLOWAY MOUNTAIN,GA,65,25,GW,P,3,Treatment Plant (1); Well (1); Distribution System/Zone (1),8,7,1,0,15,1,2024-03-26,NA,NA
GA-09,GA2410001,TALLULAH FALLS,GA,169,65,GW,L,6,Treatment Plant (2); Well (2); Distribution System/Zone (1); Consecutive Connection (1),8,5,1,0,16,5,2024-06-18,NA,NA
GA-09,GA2410006,KINGWOOD WATER SYSTEM,GA,575,221,SWP,P,2,Consecutive Connection (1); Distribution System/Zone (1),10,5,1,0,30,5,2023-07-19,33.5017064,-84.3993588
GA-09,GA2410035,SYLVAN LAKE FALLS,GA,615,228,GW,P,7,Spring (1); Distribution System/Zone (1); Well (2); Treatment Plant (3),65,7,3,0,80,10,2023-08-09,NA,NA
GA-09,GA3110111,MOUNTAIN CREEK GROVE RESORT,GA,191,90,GW,P,4,Treatment Plant (1); Well (2); Distribution System/Zone (1),1,1,0,0,2,2,2024-03-22,NA,NA
GA-09,GA3110109,YONAH EAST SUBDIVISION,GA,137,51,GW,P,6,Distribution System/Zone (1); Well (3); Treatment Plant (2),1,1,1,0,3,4,2023-06-16,NA,NA
GA-09,GA3110108,ASH MOUNTAIN WATER SYSTEM,GA,42,16,GW,P,3,Distribution System/Zone (1); Well (1); Treatment Plant (1),0,0,0,0,0,6,2026-01-29,NA,NA
GA-09,GA3110075,ALPINE TERRACE/PRIMROSE SUBDIVISION,GA,91,34,GW,P,5,Well (2); Treatment Plant (1); Distribution System/Zone (1); Storage (1),9,9,2,0,20,6,2024-10-25,NA,NA
GA-09,GA3110062,WILDWOOD ON PINK MOUNTAIN HOA,GA,169,65,GW,P,6,Treatment Plant (2); Well (3); Distribution System/Zone (1),17,7,3,0,46,6,2025-03-28,NA,NA
GA-09,GA3110060,SWISS COLONY WATER SERVICE,GA,153,59,GW,P,4,Distribution System/Zone (1); Treatment Plant (1); Well (1); Consecutive Connection (1),5,3,1,0,17,7,2023-09-21,NA,NA
GA-09,GA3110014,WINDY ACRES SUBDIVISION,GA,73,28,GW,P,2,Well (1); Distribution System/Zone (1),31,11,0,0,63,9,2025-01-28,NA,NA
GA-09,GA3110012,PEACEFUL VALLEY,GA,289,111,GW,P,5,Distribution System/Zone (1); Treatment Plant (2); Well (2),8,2,1,0,20,6,2025-03-28,NA,NA
GA-09,GA3110010,MT. YONAH SCENIC ESTATES,GA,198,76,SWP,P,4,Consecutive Connection (1); Well (1); Treatment Plant (1); Distribution System/Zone (1),22,17,8,0,52,9,2026-01-15,NA,NA
GA-09,GA2910068,THE MOUNTAIN S/D,GA,343,127,GW,P,3,Distribution System/Zone (1); Consecutive Connection (1); Well (1),22,7,0,0,42,6,2025-11-24,NA,NA
GA-09,GA2910062,BRYANT COVE,GA,176,68,GW,P,5,Treatment Plant (2); Well (2); Distribution System/Zone (1),16,3,0,0,33,5,2024-05-30,NA,NA
GA-09,GA2910059,SOUTHER MILL ESTATES,GA,115,54,GW,P,3,Treatment Plant (1); Well (1); Distribution System/Zone (1),24,10,0,0,46,5,2024-05-30,NA,NA
GA-09,GA2810041,BAREFOOT HILLS SUBDIVISION,GA,65,24,GW,P,5,Distribution System/Zone (1); Well (2); Treatment Plant (2),24,4,0,0,48,7,2026-02-25,NA,NA
GA-09,GA2570029,LAKE HARBOR SHORES SUBDIVISION,GA,246,91,SWP,P,6,Consecutive Connection (1); Distribution System/Zone (1); Treatment Plant (2); Well (2),21,13,2,0,43,7,2025-06-27,NA,NA
GA-09,GA2410053,SKY VALLEY,GA,1820,700,GW,L,11,Distribution System/Zone (1); Treatment Plant (5); Well (5),23,5,0,0,57,10,2023-08-16,NA,NA
GA-09,GA2410133,LIFE TEEN COVECREST CAMP,GA,332,28,GW,P,4,Treatment Plant (1); Well (1); Consecutive Connection (1); Distribution System/Zone (1),1,1,0,0,2,5,2025-08-28,NA,NA
GA-09,GA2410124,WATERFALL COUNTRY CLUB WATER SYSTEM,GA,156,60,GW,P,5,Well (3); Treatment Plant (1); Distribution System/Zone (1),6,3,0,0,12,6,2023-08-15,NA,NA
GA-09,GA1370055,THE ORCHARD DEVELOPMENT,GA,639,246,GW,P,11,Treatment Plant (2); Well (8); Distribution System/Zone (1),20,14,1,0,32,8,2026-02-27,NA,NA
GA-09,GA1370015,EL PARAISO,GA,44,20,GW,P,3,Well (1); Treatment Plant (1); Distribution System/Zone (1),36,13,2,0,93,10,2024-04-11,34.5181759,-83.5318382
GA-09,GA1370005,MOUNT AIRY,GA,1384,532,GW,L,13,Treatment Plant (5); Well (5); Consecutive Connection (2); Distribution System/Zone (1),26,18,3,0,58,7,2024-02-28,NA,NA
GA-09,GA0110031,APPLE PIE RIDGE SUBDIVISION,GA,49,18,SWP,P,2,Consecutive Connection (1); Distribution System/Zone (1),0,0,0,0,0,2,2022-03-10,NA,NA
GA-09,GA2410097,COVECREST SUBDIVISION,GA,157,58,GW,P,4,Distribution System/Zone (1); Treatment Plant (1); Well (1); Consecutive Connection (1),9,7,0,0,20,5,2024-06-12,NA,NA
GA-09,GA2410119,LAUREL RIDGE S/D,GA,88,46,GW,P,4,Well (2); Treatment Plant (1); Distribution System/Zone (1),45,33,25,0,106,7,2025-09-09,NA,NA
GA-09,GA2410138,DILLARD,GA,211,81,SWP,L,2,Consecutive Connection (1); Distribution System/Zone (1),0,0,0,0,0,4,2023-12-18,NA,NA
GA-09,GA0110001,MAYSVILLE WATER SYSTEM,GA,2838,1078,SWP,L,7,Distribution System/Zone (1); Consecutive Connection (2); Treatment Plant (2); Well (2),37,15,17,0,65,8,2024-09-16,NA,NA
GA-09,GA1570004,NICHOLSON WATER AUTHORITY,GA,3218,1217,GW,L,12,Consecutive Connection (1); Well (5); Treatment Plant (5); Distribution System/Zone (1),21,7,3,0,57,8,2025-09-04,NA,NA
GA-06,GA1130007,DIX LEE`ON ESTATES,GA,556,214,GW,P,8,Well (6); Treatment Plant (1); Distribution System/Zone (1),10,3,0,0,28,5,2024-06-11,33.2961663,-83.9516093
GA-06,GA1130008,NEWTON PLANTATION,GA,338,130,GW,P,8,Distribution System/Zone (1); Well (4); Treatment Plant (3),32,13,2,0,65,5,2023-03-15,33.2961663,-83.9516093
GA-06,GA1130012,LONG`S MOBILE HOME PARK,GA,78,35,GW,P,3,Well (2); Distribution System/Zone (1),65,14,6,0,157,11,2023-08-31,NA,NA
GA-06,GA1130005,FAYETTE MOBILE HOME PARK,GA,78,30,GW,P,3,Well (2); Distribution System/Zone (1),6,6,5,0,19,5,2024-05-23,NA,NA
GA-06,GA1130010,FOUR SEASONS MOBILE HOME PARK,GA,600,210,GW,P,5,Well (2); Treatment Plant (2); Distribution System/Zone (1),57,31,0,0,68,7,2026-03-26,NA,NA
GA-06,GA1130019,FERNWOOD MOBILE HOME PARK,GA,94,36,GW,P,5,Distribution System/Zone (1); Well (3); Treatment Plant (1),13,2,1,0,39,7,2026-03-26,NA,NA
MN-01,MN1230014,Rushford Village,MN,265,105,GW,L,5,Distribution System/Zone (1); Well (2); Treatment Plant (2),1,0,1,0,13,20,2025-04-14,NA,NA
MN-01,MN1530005,Ellsworth,MN,462,253,SWP,L,2,Consecutive Connection (1); Distribution System/Zone (1),11,0,7,0,54,25,2024-04-16,NA,NA
MN-01,MN1670001,Beaver Creek,MN,297,126,SWP,L,2,Consecutive Connection (1); Distribution System/Zone (1),3,1,0,0,10,24,2024-04-15,NA,NA
MN-01,MN1550008,Oronoco Estates MHC,MN,505,218,GW,P,3,Well (1); Treatment Plant (1); Distribution System/Zone (1),3,2,0,0,10,22,2026-03-26,NA,NA
MN-01,MN1550031,Kings Park - Hyland Addition,MN,40,18,GW,P,2,Well (1); Distribution System/Zone (1),1,1,0,0,3,23,2026-01-29,44.1491407,-92.4888594
MN-01,MN1530009,Rushmore,MN,342,170,SWP,L,4,Well (2); Consecutive Connection (1); Distribution System/Zone (1),2,1,0,0,8,23,2026-01-26,45.6852749,-93.0982885
MN-01,MN1670008,Kenneth,MN,56,29,GWP,L,2,Consecutive Connection (1); Distribution System/Zone (1),4,0,0,0,15,22,2025-05-12,NA,NA
MN-01,MN1070015,Pemberton,MN,247,121,GW,L,4,Well (2); Treatment Plant (1); Distribution System/Zone (1),9,3,0,0,37,25,2026-02-11,44.0069305,-93.782707
MN-01,MN1220013,Minnesota Lake,MN,683,319,GW,L,4,Distribution System/Zone (1); Treatment Plant (1); Well (2),0,0,0,0,0,11,2026-02-09,NA,NA
MN-01,MN1250021,Dennison,MN,220,93,GW,L,3,Distribution System/Zone (1); Well (1); Treatment Plant (1),8,4,4,0,40,23,2024-01-16,NA,NA
MN-01,MN1500012,Racine,MN,482,151,GW,L,5,Distribution System/Zone (1); Treatment Plant (2); Well (2),3,1,0,0,7,24,2025-09-29,NA,NA
MN-01,MN1230009,Peterson,MN,227,116,GW,L,3,Distribution System/Zone (1); Well (1); Treatment Plant (1),0,0,0,0,6,24,2025-12-04,NA,NA
MN-01,MN1070001,Amboy,MN,535,255,GW,L,4,Distribution System/Zone (1); Well (2); Treatment Plant (1),19,10,14,0,79,24,2023-07-27,43.8881804,-94.1556132
MN-01,MN1070005,Good Thunder,MN,583,256,GW,L,4,Well (2); Treatment Plant (1); Distribution System/Zone (1),5,0,3,0,34,25,2023-08-08,NA,NA
MN-01,MN1070017,Saint Clair,MN,846,288,GW,L,4,Treatment Plant (1); Well (2); Distribution System/Zone (1),1,0,0,0,6,25,2026-02-11,NA,NA
MN-01,MN1070026,South Bend Township,MN,325,165,GW,L,5,Distribution System/Zone (1); Treatment Plant (2); Well (2),3,0,0,0,9,24,2026-02-25,NA,NA
MN-01,MN1070019,Vernon Center,MN,323,160,GW,L,4,Treatment Plant (1); Well (2); Distribution System/Zone (1),5,1,3,0,24,25,2023-06-20,NA,NA
MN-01,MN1550006,Eyota,MN,2043,813,GW,L,5,Distribution System/Zone (1); Well (2); Treatment Plant (2),2,2,0,0,9,24,2025-10-16,43.9885487,-92.2302141
MN-01,MN1850018,Altura,MN,493,178,GW,L,5,Well (2); Treatment Plant (2); Distribution System/Zone (1),0,0,0,0,2,21,2025-11-12,NA,NA
MN-01,MN1220003,Delavan,MN,171,109,GW,L,4,Distribution System/Zone (1); Treatment Plant (1); Well (2),3,0,3,0,23,25,2026-03-12,NA,NA
MN-01,MN1240012,Hayward,MN,254,123,GW,L,4,Distribution System/Zone (1); Well (2); Treatment Plant (1),10,10,9,0,42,21,2025-09-11,43.6517345,-93.2485095
MN-01,MN1240016,Twin Lakes,MN,134,82,GW,L,3,Distribution System/Zone (1); Well (1); Treatment Plant (1),11,4,9,0,41,22,2025-09-15,NA,NA
MN-01,MN1230001,Canton,MN,316,173,GW,L,5,Well (2); Treatment Plant (2); Distribution System/Zone (1),1,1,0,0,3,25,2025-09-17,NA,NA
MN-01,MN1500011,Lyle,MN,521,238,GW,L,5,Well (2); Treatment Plant (2); Distribution System/Zone (1),7,2,2,0,26,25,2025-09-16,NA,NA
MN-01,MN1200006,Mantorville,MN,1197,422,GW,L,5,Distribution System/Zone (1); Well (2); Treatment Plant (2),1,1,0,0,3,23,2024-11-12,NA,NA
MN-01,MN1790001,Elgin,MN,1115,400,GW,L,7,Distribution System/Zone (1); Treatment Plant (3); Well (3),6,1,2,0,23,24,2025-10-15,NA,NA
MN-01,MN1250005,Goodhue,MN,1200,448,GW,L,5,Distribution System/Zone (1); Well (2); Treatment Plant (2),3,1,0,0,9,24,2025-06-10,NA,NA
MN-01,MN1200002,Dodge Center,MN,2939,1074,GW,L,5,Distribution System/Zone (1); Well (2); Treatment Plant (2),12,8,0,0,32,22,2025-08-04,44.0277892,-92.8539915
MN-01,MN1740001,Blooming Prairie,MN,1987,860,GW,L,4,Distribution System/Zone (1); Treatment Plant (1); Well (2),2,0,1,0,16,26,2025-08-21,NA,NA
MN-01,MN1230005,Harmony,MN,1042,602,GW,L,7,Well (3); Treatment Plant (3); Distribution System/Zone (1),2,2,0,0,8,22,2025-04-01,NA,NA
MN-01,MN1550036,Oronoco,MN,2040,656,GW,L,5,Well (2); Treatment Plant (2); Distribution System/Zone (1),2,0,0,0,2,9,2025-08-19,NA,NA
MN-01,MN1320004,Lakefield,MN,1694,948,GW,L,5,Well (3); Treatment Plant (1); Distribution System/Zone (1),6,3,0,0,27,24,2026-01-26,NA,NA
MN-01,MN1200007,West Concord,MN,773,408,GW,L,5,Well (2); Treatment Plant (2); Distribution System/Zone (1),2,1,0,0,10,22,2025-08-12,NA,NA
MN-01,MN1670006,Steen,MN,180,76,GWP,L,3,Well (1); Distribution System/Zone (1); Consecutive Connection (1),6,1,0,0,23,24,2026-01-26,NA,NA
MN-01,MN1530004,Dundee,MN,68,33,GWP,L,2,Distribution System/Zone (1); Consecutive Connection (1),16,3,2,0,54,24,2025-03-25,NA,NA
MN-01,MN1670002,Hardwick,MN,198,90,GWP,L,3,Consecutive Connection (1); Well (1); Distribution System/Zone (1),2,0,0,0,9,25,2024-04-09,NA,NA
MN-01,MN1530010,Wilmont,MN,344,173,GWP,L,3,Consecutive Connection (1); Distribution System/Zone (1); Well (1),3,0,1,0,16,24,2025-03-25,NA,NA
MN-01,MN1250017,MN Correctional Facility - Red Wing,MN,170,15,GW,P,5,Well (2); Treatment Plant (2); Distribution System/Zone (1),3,0,3,0,13,22,2025-12-10,44.5621647,-92.4989897
MN-01,MN1660005,MN Correctional Facility - Faribault,MN,2103,47,GW,P,5,Well (2); Treatment Plant (1); Consecutive Connection (1); Distribution System/Zone (1),8,1,0,0,23,25,2025-11-19,44.2818996,-93.2559766
MN-01,MN1530001,Adrian,MN,1211,626,GW,L,6,Distribution System/Zone (1); Treatment Plant (1); Well (3); Consecutive Connection (1),7,2,1,0,43,24,2026-02-18,NA,NA
MN-01,MN1070012,Hillcrest Health Care Center,MN,94,2,GW,P,4,Well (2); Treatment Plant (1); Distribution System/Zone (1),4,1,2,1,9,24,2024-05-23,NA,NA
MN-01,MN1550005,Chosen Valley Mobile Home Park,MN,73,26,GW,P,3,Distribution System/Zone (1); Treatment Plant (1); Well (1),6,1,0,0,16,23,2025-11-07,NA,NA
MN-01,MN1670003,Hills,MN,685,285,GWP,L,3,Well (1); Consecutive Connection (1); Distribution System/Zone (1),1,0,0,0,4,25,2024-12-09,45.0797836,-93.1541383
MN-01,MN1500023,Haven Hutterian Brethren,MN,50,12,GW,P,3,Treatment Plant (1); Well (1); Distribution System/Zone (1),2,0,0,0,6,5,2025-02-28,NA,NA
MN-01,MN1530007,Lismore,MN,237,136,GWP,L,2,Consecutive Connection (1); Distribution System/Zone (1),3,1,1,0,13,23,2025-03-25,NA,NA
MN-01,MN1520002,Lafayette,MN,504,230,GW,L,4,Treatment Plant (1); Well (2); Distribution System/Zone (1),6,4,6,0,26,23,2024-01-08,NA,NA
MN-01,MN1660004,Millstone Creek Mobile Home Park,MN,90,30,GW,P,3,Distribution System/Zone (1); Well (1); Treatment Plant (1),5,3,2,0,21,23,2023-12-21,NA,NA
MN-01,MN1070016,"Rapidan Development Company, Inc.",MN,164,61,GW,P,3,Well (1); Treatment Plant (1); Distribution System/Zone (1),14,5,4,0,63,27,2026-03-26,NA,NA
MN-01,MN1070018,Skyline,MN,289,123,GW,L,4,Distribution System/Zone (1); Well (2); Treatment Plant (1),4,0,1,0,16,24,2023-06-28,NA,NA
MN-01,MN1080009,Evan,MN,86,45,GWP,L,2,Distribution System/Zone (1); Consecutive Connection (1),3,0,0,0,8,12,2026-03-23,NA,NA
MN-01,MN1280002,Caledonia,MN,2824,1230,GW,L,7,Treatment Plant (3); Well (3); Distribution System/Zone (1),4,0,1,0,15,23,2025-09-30,NA,NA
MN-01,MN1280005,Houston,MN,997,409,GW,L,4,Distribution System/Zone (1); Well (2); Treatment Plant (1),5,2,2,0,18,23,2026-02-24,NA,NA
MN-01,MN1520007,Klossner Water Association,MN,54,22,GW,P,3,Treatment Plant (1); Well (1); Distribution System/Zone (1),5,2,0,0,13,22,2026-03-30,NA,NA
MN-01,MN1500003,Austin Mobile Home Park,MN,59,32,GW,P,2,Well (1); Distribution System/Zone (1),37,10,0,0,149,21,2026-02-05,NA,NA
MN-01,MN1500017,Brownsdale,MN,682,282,GW,L,5,Treatment Plant (2); Well (2); Distribution System/Zone (1),4,1,1,0,15,24,2025-12-10,NA,NA
MN-01,MN1500006,Dexter,MN,338,150,GW,L,5,Distribution System/Zone (1); Well (2); Treatment Plant (2),8,2,1,0,24,23,2025-12-10,NA,NA
MN-01,MN1500022,Lansing Township,MN,180,90,GW,L,3,Distribution System/Zone (1); Well (1); Treatment Plant (1),0,0,0,0,0,12,2025-08-07,NA,NA
MN-01,MN1400003,Elysian,MN,656,465,GW,L,5,Treatment Plant (2); Well (2); Distribution System/Zone (1),8,5,5,0,47,26,2025-09-10,NA,NA
MN-01,MN1790010,Millville,MN,171,70,GW,L,3,Distribution System/Zone (1); Treatment Plant (1); Well (1),2,1,1,0,10,24,2025-03-17,44.244086,-92.295805
MN-01,MN1320001,Alpha,MN,112,66,GW,L,4,Treatment Plant (1); Well (2); Distribution System/Zone (1),7,2,1,0,14,24,2025-07-17,NA,NA
MN-01,MN1740005,Medford,MN,1200,500,GW,L,6,Treatment Plant (1); Well (3); Distribution System/Zone (1); Pump Facility (1),6,2,3,0,44,24,2025-03-24,NA,NA
MN-01,MN1280010,Spring Grove,MN,1291,653,GW,L,5,Well (2); Treatment Plant (2); Distribution System/Zone (1),2,2,0,0,11,22,2025-10-20,NA,NA
MN-01,MN1530002,Bigelow,MN,235,109,GWP,L,2,Consecutive Connection (1); Distribution System/Zone (1),11,8,1,0,42,25,2026-01-26,NA,NA
MN-01,MN1250018,Wanamingo,MN,1113,517,GW,L,4,Well (2); Treatment Plant (1); Distribution System/Zone (1),2,1,1,0,14,24,2024-03-14,NA,NA
MN-01,MN1530006,Leota,MN,209,115,GWP,L,2,Distribution System/Zone (1); Consecutive Connection (1),7,1,6,0,42,24,2024-04-08,NA,NA
MN-01,MN1250020,Zumbrota,MN,3172,1423,GW,L,9,Pump Facility (2); Distribution System/Zone (1); Treatment Plant (3); Well (3),3,3,0,0,14,24,2024-03-20,NA,NA
MN-01,MN1500007,Elkton,MN,149,68,GW,L,5,Well (2); Treatment Plant (2); Distribution System/Zone (1),6,4,0,0,32,23,2025-10-22,NA,NA
MN-01,MN1500001,Adams,MN,672,319,GW,L,3,Well (1); Treatment Plant (1); Distribution System/Zone (1),0,0,0,0,0,22,2025-10-22,NA,NA
MN-01,MN1240004,Alden,MN,661,320,GW,L,4,Distribution System/Zone (1); Well (2); Treatment Plant (1),5,1,1,0,12,26,2025-01-13,NA,NA
MN-01,MN1250006,Bellechester,MN,169,85,GW,L,5,Well (2); Treatment Plant (2); Distribution System/Zone (1),2,2,0,0,8,24,2025-09-02,44.374646,-92.514125
MN-01,MN1220001,Blue Earth Light and Water,MN,3174,1581,GW,L,5,Distribution System/Zone (1); Treatment Plant (1); Well (3),2,0,0,0,3,24,2025-09-15,NA,NA
MN-01,MN1220002,Bricelyn,MN,359,199,GW,L,3,Distribution System/Zone (1); Treatment Plant (1); Well (1),0,0,0,0,0,23,2024-07-29,43.5621868,-93.8127175
MN-01,MN1200001,Claremont,MN,773,231,GW,L,4,Well (2); Treatment Plant (1); Distribution System/Zone (1),10,5,2,0,39,24,2025-10-23,44.0441151,-92.9992346
MN-01,MN1830002,Darfur,MN,87,53,GWP,L,2,Distribution System/Zone (1); Consecutive Connection (1),8,3,2,0,29,23,2023-09-13,NA,NA
MN-01,MN1460002,Dunnell,MN,167,88,GW,L,5,Distribution System/Zone (1); Well (2); Treatment Plant (2),2,0,1,0,3,25,2023-11-14,NA,NA
MN-01,MN1070002,Eagle Lake,MN,3268,1186,GW,L,5,Distribution System/Zone (1); Treatment Plant (2); Well (2),0,0,0,0,7,25,2025-10-30,44.1656341,-93.8891339
MN-01,MN1220005,Easton,MN,199,112,GWP,L,2,Consecutive Connection (1); Distribution System/Zone (1),3,0,2,0,17,23,2026-03-26,NA,NA
MN-01,MN1740003,Ellendale,MN,636,316,GW,L,4,Distribution System/Zone (1); Treatment Plant (1); Well (2),0,0,0,0,0,23,2024-08-13,NA,NA
MN-01,MN1220004,Elmore,MN,663,384,GW,L,4,Treatment Plant (1); Well (2); Distribution System/Zone (1),0,0,0,0,1,24,2024-04-10,NA,NA
MN-01,MN1240009,Geneva,MN,538,161,GW,L,5,Well (2); Treatment Plant (2); Distribution System/Zone (1),4,2,2,0,18,22,2025-02-18,NA,NA
MN-01,MN1500008,Grand Meadow,MN,1154,489,GW,L,4,Distribution System/Zone (1); Well (2); Treatment Plant (1),7,4,0,0,22,23,2025-09-23,43.7066877,-92.5730358
MN-01,MN1080002,Hanska,MN,393,201,GW,L,5,Treatment Plant (2); Well (2); Distribution System/Zone (1),3,1,0,0,21,25,2025-11-24,NA,NA
MN-01,MN1200004,Hayfield,MN,1363,570,GW,L,5,Treatment Plant (2); Well (2); Distribution System/Zone (1),4,3,0,0,18,21,2025-10-15,NA,NA
MN-01,MN1280004,Hokah,MN,555,244,GW,L,4,Distribution System/Zone (1); Treatment Plant (1); Well (2),3,0,0,0,4,24,2025-12-02,NA,NA
MN-01,MN1240013,Hollandale,MN,294,153,GW,L,4,Distribution System/Zone (1); Well (2); Treatment Plant (1),8,3,0,0,31,21,2025-08-12,NA,NA
MN-01,MN1250007,Kenyon,MN,1817,866,GW,L,6,Distribution System/Zone (1); Well (2); Treatment Plant (2); Pump Facility (1),4,4,0,0,14,24,2025-11-24,NA,NA
MN-01,MN1220008,Kiester,MN,491,320,GW,L,4,Well (2); Treatment Plant (1); Distribution System/Zone (1),1,0,1,0,6,23,2025-03-11,NA,NA
MN-01,MN1070006,Lake Crystal,MN,2554,945,GW,L,6,Distribution System/Zone (1); Well (4); Treatment Plant (1),4,1,2,0,25,24,2023-11-15,NA,NA
MN-01,MN1230006,Lanesboro,MN,727,464,GW,L,5,Distribution System/Zone (1); Pump Facility (1); Well (2); Treatment Plant (1),3,1,1,0,16,23,2025-09-15,NA,NA
MN-01,MN1500009,LeRoy,MN,959,445,GW,L,3,Treatment Plant (1); Well (1); Distribution System/Zone (1),0,0,0,0,0,20,2025-07-15,NA,NA
MN-01,MN1850006,Lewiston,MN,1512,604,GW,L,4,Distribution System/Zone (1); Well (2); Treatment Plant (1),16,10,6,0,71,23,2025-11-12,43.9855689,-91.865542
MN-01,MN1230007,Mabel,MN,715,359,GW,L,5,Well (2); Treatment Plant (2); Distribution System/Zone (1),5,0,0,0,13,22,2025-07-24,NA,NA
MN-01,MN1070007,Madison Lake,MN,1017,668,GW,L,5,Distribution System/Zone (1); Well (2); Treatment Plant (2),6,1,0,0,23,24,2026-03-02,44.2036979,-93.8152796
MN-01,MN1790009,Mazeppa,MN,842,283,GW,L,6,Distribution System/Zone (1); Pump Facility (1); Treatment Plant (2); Well (2),1,0,0,0,4,23,2025-03-17,NA,NA
MN-01,MN1810002,New Richland,MN,1201,527,GW,L,4,Distribution System/Zone (1); Treatment Plant (1); Well (2),12,2,1,0,27,24,2025-09-15,43.8950951,-93.493745
MN-01,MN1520004,Nicollet,MN,1117,460,GW,L,4,Well (2); Treatment Plant (1); Distribution System/Zone (1),4,0,2,0,17,25,2026-03-30,NA,NA
MN-01,MN1500014,Rose Creek,MN,400,178,GW,L,5,Distribution System/Zone (1); Treatment Plant (2); Well (2),2,0,0,0,4,24,2025-10-23,NA,NA
MN-01,MN1460007,Sherburn,MN,1058,532,GW,L,4,Distribution System/Zone (1); Well (2); Treatment Plant (1),5,1,0,0,20,24,2023-09-11,NA,NA
MN-01,MN1230012,Spring Valley,MN,2580,1082,GW,L,7,Distribution System/Zone (1); Well (3); Treatment Plant (3),5,2,0,0,15,21,2025-06-24,43.6867202,-92.3905968
MN-01,MN1460009,Trimont,MN,734,340,GW,L,5,Distribution System/Zone (1); Treatment Plant (1); Well (3),0,0,0,0,0,24,2023-09-11,NA,NA
MN-01,MN1460010,Truman,MN,1115,524,GW,L,5,Well (2); Treatment Plant (2); Distribution System/Zone (1),7,4,0,0,31,24,2023-08-03,43.827806,-94.4372247
MN-01,MN1850011,Utica,MN,293,128,GW,L,5,Well (2); Treatment Plant (2); Distribution System/Zone (1),3,0,1,0,10,21,2025-04-30,NA,NA
MN-01,MN1500016,Waltham,MN,157,76,GW,L,4,Distribution System/Zone (1); Well (2); Treatment Plant (1),6,3,0,0,24,23,2025-10-15,NA,NA
MN-01,MN1460011,Welcome,MN,653,324,GW,L,4,Distribution System/Zone (1); Well (2); Treatment Plant (1),2,0,1,0,15,24,2023-09-11,NA,NA
MN-01,MN1220010,Wells,MN,2343,1107,GW,L,5,Well (3); Treatment Plant (1); Distribution System/Zone (1),1,0,0,0,4,25,2024-12-16,NA,NA
MN-01,MN1220011,Winnebago,MN,1391,665,GW,L,4,Well (2); Treatment Plant (1); Distribution System/Zone (1),2,1,1,0,11,25,2026-02-18,NA,NA
MN-01,MN1230010,Preston,MN,1322,665,GW,L,9,Well (3); Treatment Plant (3); Distribution System/Zone (1); Pump Facility (2),3,3,0,0,20,23,2025-12-08,NA,NA
MN-01,MN1550004,Dover,MN,792,312,GW,L,5,Distribution System/Zone (1); Treatment Plant (2); Well (2),1,1,0,0,13,23,2025-04-30,NA,NA
MN-01,MN1590004,Jasper,MN,623,326,GWP,L,2,Consecutive Connection (1); Distribution System/Zone (1),1,0,1,0,2,24,2025-02-26,NA,NA
MN-01,MN1070024,GC Mankato Hill LLC,MN,140,8,GW,P,4,Distribution System/Zone (1); Treatment Plant (1); Well (2),9,2,1,0,35,22,2026-02-25,NA,NA
MN-01,MN1250022,Goodhue County Coop Electric,MN,143,57,GW,P,8,Treatment Plant (1); Well (6); Distribution System/Zone (1),28,24,3,0,13,3,2025-03-20,NA,NA
MN-01,MN1790016,"Hiawatha Estates, Subds. I, II & III",MN,95,38,GW,P,3,Well (2); Distribution System/Zone (1),13,0,7,0,64,13,2025-10-15,NA,NA
MN-01,MN1220012,Huntley Well Corporation,MN,78,34,GW,P,5,Distribution System/Zone (1); Treatment Plant (2); Well (2),4,2,2,0,11,22,2026-03-26,NA,NA
MN-01,MN1660022,Rolling Green First Addition,MN,110,44,GW,P,3,Distribution System/Zone (1); Well (2),32,20,20,0,109,6,2024-07-25,44.2482138,-93.3906123
MN-01,MN1550016,Sunrise Mobile Home Park,MN,50,30,GW,P,2,Well (1); Distribution System/Zone (1),4,1,0,0,22,25,2026-02-17,NA,NA
MN-01,MN1070025,Terrace View East Condominium Assoc.,MN,38,22,GW,P,2,Well (1); Distribution System/Zone (1),3,1,0,0,9,22,2023-08-10,NA,NA
MN-01,MN1530003,Brewster,MN,506,221,GWP,L,4,Consecutive Connection (1); Well (2); Distribution System/Zone (1),3,1,0,0,8,22,2025-06-11,44.8259788,-93.0470883
MN-01,MN1660009,Nerstrand,MN,299,119,GW,L,3,Distribution System/Zone (1); Treatment Plant (1); Well (1),6,3,0,0,22,26,2025-07-22,NA,NA
MN-01,MN1830001,Butterfield,MN,586,260,GWP,L,2,Distribution System/Zone (1); Consecutive Connection (1),2,0,2,0,15,24,2023-09-13,NA,NA
MN-01,MN1850003,Elba,MN,146,61,GW,L,3,Distribution System/Zone (1); Treatment Plant (1); Well (1),0,0,0,0,3,22,2025-07-31,44.0902849,-92.0173852
MN-01,MN1850020,Stockton,MN,697,141,GW,L,4,Well (2); Treatment Plant (1); Distribution System/Zone (1),3,0,2,0,17,11,2025-10-28,NA,NA
MN-01,MN1070013,Mapleton,MN,1756,697,GW,L,4,Well (2); Treatment Plant (1); Distribution System/Zone (1),5,4,0,0,28,25,2024-10-02,NA,NA
MN-01,MN1670005,Magnolia,MN,214,89,SWP,L,2,Consecutive Connection (1); Distribution System/Zone (1),6,5,0,0,22,22,2025-05-12,NA,NA
MN-01,MN1220007,Frost,MN,191,115,GW,L,4,Well (2); Treatment Plant (1); Distribution System/Zone (1),2,0,0,0,6,25,2025-05-07,43.5839509,-93.9235463
MN-01,MN1240007,Emmons,MN,384,176,GW,L,3,Well (1); Treatment Plant (1); Distribution System/Zone (1),0,0,0,0,0,21,2025-06-18,NA,NA
MN-01,MN1240008,Freeborn,MN,259,136,GWP,L,2,Distribution System/Zone (1); Consecutive Connection (1),7,1,4,0,36,23,2025-08-25,NA,NA
MN-01,MN1240010,Glenville,MN,566,280,GW,L,7,Well (4); Treatment Plant (2); Distribution System/Zone (1),23,10,10,0,100,22,2024-04-17,NA,NA
MN-01,MN1240015,Myrtle,MN,48,34,GW,L,2,Distribution System/Zone (1); Well (1),12,5,0,0,55,24,2025-12-18,NA,NA
MN-01,MN1240014,Manchester,MN,53,41,GW,L,2,Distribution System/Zone (1); Well (1),3,3,0,0,11,23,2025-07-07,43.7245529,-93.4534007
MN-01,MN1240005,Clarks Grove,MN,695,206,GW,L,4,Well (2); Treatment Plant (1); Distribution System/Zone (1),0,0,0,0,0,22,2025-12-09,NA,NA
MN-01,MN1460001,Ceylon,MN,369,197,GW,L,4,Treatment Plant (1); Well (2); Distribution System/Zone (1),3,0,3,0,19,25,2024-12-12,43.533619,-94.6351208
MN-01,MN1550035,Briarwood Subdivision,MN,90,29,GW,P,3,Treatment Plant (1); Well (1); Distribution System/Zone (1),8,1,0,0,23,9,2025-10-16,NA,NA
MN-01,MN1850001,Bethany Water Company,MN,60,19,GW,P,2,Well (1); Distribution System/Zone (1),3,3,0,0,18,23,2025-10-28,NA,NA
MN-01,MN1550020,Chester Heights,MN,300,102,GW,P,3,Distribution System/Zone (1); Well (1); Treatment Plant (1),2,1,0,0,7,22,2025-08-19,NA,NA
MN-01,MN1550002,Country Home Trailer Park,MN,56,24,GW,P,3,Distribution System/Zone (1); Treatment Plant (1); Well (1),9,6,0,0,40,22,2025-10-30,NA,NA
MN-01,MN1230002,Chatfield,MN,3005,1145,GW,L,6,Well (2); Treatment Plant (2); Pump Facility (1); Distribution System/Zone (1),4,3,0,0,14,21,2025-07-23,43.8464672,-92.1886215
MN-01,MN1850017,Hidden Valley Mobile Home Park,MN,464,265,GW,P,6,Treatment Plant (2); Well (2); Distribution System/Zone (1); Consecutive Connection (1),24,3,2,0,77,23,2025-12-04,NA,NA
MN-01,MN1550029,Hallmark Terrace Mobile Home Park,MN,170,127,GW,P,3,Distribution System/Zone (1); Well (1); Treatment Plant (1),2,0,0,0,6,23,2026-03-26,NA,NA
MN-01,MN1810001,Janesville,MN,2275,978,GW,L,5,Well (2); Treatment Plant (2); Distribution System/Zone (1),2,1,0,0,17,24,2026-02-09,NA,NA
MN-01,MN1830003,Lewisville,MN,225,132,GWP,L,2,Consecutive Connection (1); Distribution System/Zone (1),0,0,0,0,6,25,2025-08-29,NA,NA
MN-01,MN1830004,Madelia,MN,2319,897,GW,L,6,Well (4); Treatment Plant (1); Distribution System/Zone (1),6,2,1,0,21,23,2024-12-12,44.0510387,-94.4092132
MN-01,MN1240006,Conger,MN,137,85,GW,L,4,Well (2); Treatment Plant (1); Distribution System/Zone (1),2,1,0,0,8,23,2025-06-18,NA,NA
MN-01,MN1500013,Mapleview,MN,135,97,GW,L,3,Distribution System/Zone (1); Treatment Plant (1); Well (1),6,3,0,0,15,23,2025-08-21,NA,NA
MN-01,MN1830008,Odin,MN,109,66,GWP,L,2,Consecutive Connection (1); Distribution System/Zone (1),3,0,0,0,13,24,2023-09-13,NA,NA
MN-01,MN1850008,Rollingstone,MN,664,243,GW,L,7,Distribution System/Zone (1); Well (3); Treatment Plant (3),1,0,1,0,9,20,2025-06-26,NA,NA
MN-01,MN1530008,Round Lake,MN,376,207,GWP,L,5,Consecutive Connection (1); Well (2); Distribution System/Zone (1); Common Headers (1),2,2,0,0,7,25,2026-01-26,NA,NA
MN-01,MN1670007,Rock County Rural Water System,MN,2919,821,SWP,L,18,Consecutive Connection (2); Distribution System/Zone (1); Well (12); Treatment Plant (1); Pump Facility (2),4,2,0,0,19,23,2025-05-28,NA,NA
MN-01,MN1550003,Zumbro Ridge Estates,MN,270,126,GW,P,5,Distribution System/Zone (1); Well (2); Treatment Plant (2),13,6,1,0,58,24,2025-12-03,NA,NA
MN-01,MN1240019,St. John's Lutheran Community,MN,202,1,GWP,P,4,Distribution System/Zone (1); Consecutive Connection (1); Treatment Plant (2),1,1,0,0,3,3,2026-01-14,NA,NA
MN-01,MN1740006,Lazy U Community,MN,426,169,GW,P,4,Well (2); Treatment Plant (1); Distribution System/Zone (1),6,1,3,0,28,22,2023-12-07,NA,NA
MN-01,MN1320002,Heron Lake,MN,691,296,GWP,L,4,Well (2); Distribution System/Zone (1); Consecutive Connection (1),4,0,1,0,24,24,2024-11-12,NA,NA
MN-01,MN1250003,Oak Lane Mobile Home Park,MN,100,34,GW,P,3,Distribution System/Zone (1); Treatment Plant (1); Well (1),18,7,1,0,72,21,2023-12-20,NA,NA
MN-01,MN1810003,Waldorf,MN,216,118,GW,L,4,Distribution System/Zone (1); Well (2); Treatment Plant (1),4,4,3,0,16,23,2024-01-30,NA,NA
MN-01,MN1320006,Wilder,MN,60,28,GWP,L,2,Distribution System/Zone (1); Consecutive Connection (1),7,0,0,0,15,22,2025-02-27,43.8218207,-95.2155675
MN-01,MN1500015,Sargeant,MN,61,34,GW,L,5,Distribution System/Zone (1); Treatment Plant (2); Well (2),0,0,0,0,0,22,2025-08-04,NA,NA
MN-01,MN1320005,Okabena,MN,188,108,GW,L,4,Well (2); Treatment Plant (1); Distribution System/Zone (1),3,0,0,0,12,23,2024-11-12,NA,NA
MN-01,MN1830009,LaSalle,MN,90,61,GWP,L,2,Distribution System/Zone (1); Consecutive Connection (1),15,2,1,0,35,23,2023-06-01,NA,NA
MN-01,MN1230008,Ostrander,MN,256,110,GW,L,5,Distribution System/Zone (1); Treatment Plant (2); Well (2),4,2,0,0,20,23,2025-10-29,43.613358,-92.429436
MN-01,MN1740004,Hope Water Cooperative,MN,50,28,GW,P,2,Well (1); Distribution System/Zone (1),2,1,0,0,4,24,2025-08-13,NA,NA
MN-01,MN1790003,Kellogg,MN,469,239,GW,L,5,Distribution System/Zone (1); Well (2); Treatment Plant (2),4,3,1,0,19,24,2025-09-08,NA,NA
MN-01,MN1740008,Thompson Oaks,MN,51,17,GW,P,2,Distribution System/Zone (1); Well (1),18,7,12,0,68,9,2025-05-13,NA,NA
MN-01,MN1830005,Ormsby,MN,129,85,GWP,L,2,Distribution System/Zone (1); Consecutive Connection (1),8,5,0,0,25,25,2023-09-13,NA,NA
MN-01,MN1220009,Walters,MN,71,43,GW,L,2,Distribution System/Zone (1); Well (1),2,1,0,0,13,25,2025-03-11,NA,NA
MN-01,MN1230011,Rushford,MN,1860,727,GW,L,6,Well (3); Treatment Plant (2); Distribution System/Zone (1),5,3,0,0,25,23,2025-12-04,NA,NA
MN-01,MN1520001,Courtland,MN,635,225,GW,L,4,Distribution System/Zone (1); Well (2); Treatment Plant (1),3,0,1,0,13,25,2026-03-30,NA,NA
MN-01,MN1230013,Wykoff,MN,444,244,GW,L,5,Distribution System/Zone (1); Well (2); Treatment Plant (2),4,1,0,0,15,22,2025-04-16,NA,NA
MN-01,MN1230004,Greenleafton,MN,140,22,GW,P,2,Well (1); Distribution System/Zone (1),20,2,0,0,83,23,2025-12-01,44.7325438,-94.5182993
MN-01,MN1460006,Northrop,MN,211,118,GW,L,4,Well (2); Treatment Plant (1); Distribution System/Zone (1),2,0,0,0,5,24,2026-03-26,NA,NA
MN-01,MN1280003,Eitzen,MN,276,143,GW,L,5,Treatment Plant (2); Well (2); Distribution System/Zone (1),9,4,2,0,33,24,2025-11-24,NA,NA
MN-01,MN1530012,Reading,MN,75,1,GWP,L,2,Distribution System/Zone (1); Consecutive Connection (1),34,13,0,0,135,18,2025-03-25,43.7021041,-95.7131015
MN-01,MN1790015,Zumbro Falls,MN,181,80,GW,L,3,Distribution System/Zone (1); Treatment Plant (1); Well (1),11,3,2,0,40,24,2024-11-25,NA,NA
MN-01,MN1460004,Granada,MN,297,152,GW,L,4,Distribution System/Zone (1); Treatment Plant (1); Well (2),9,7,6,0,39,25,2026-02-18,NA,NA
MN-01,MN1230003,Fountain,MN,407,199,GW,L,4,Treatment Plant (1); Well (2); Distribution System/Zone (1),0,0,0,0,0,22,2025-04-14,NA,NA
MN-01,MN1070022,Riverbend Homes and More,MN,60,22,GW,P,2,Well (1); Distribution System/Zone (1),42,18,1,0,166,25,2025-11-25,NA,NA
MN-01,MN1500021,City Limits,MN,40,28,GW,P,3,Distribution System/Zone (1); Well (1); Treatment Plant (1),17,9,0,0,85,21,2026-02-18,43.6667125,-93.0086451
MN-01,MN1850005,Green Terrace Mobile Estates,MN,86,46,GW,P,2,Well (1); Distribution System/Zone (1),9,2,0,0,35,24,2026-03-03,43.9900137,-91.4475303
MN-01,MN1790002,Hammond,MN,110,56,GW,L,3,Distribution System/Zone (1); Well (1); Treatment Plant (1),7,3,0,0,23,24,2025-09-02,NA,NA
MN-01,MN1550009,Clearwater Well Company,MN,65,32,GW,P,2,Well (1); Distribution System/Zone (1),2,2,0,0,7,23,2025-08-19,NA,NA
MN-01,MN1790013,Wabasha,MN,2521,1194,GW,L,8,Distribution System/Zone (1); Well (3); Treatment Plant (3); Pump Facility (1),1,1,0,0,6,24,2024-12-02,NA,NA
MN-01,MN1240011,Hartland,MN,321,144,GW,L,4,Well (2); Treatment Plant (1); Distribution System/Zone (1),15,0,2,0,58,23,2025-08-25,43.8026209,-93.4869719
MI-02,MI0004620,NASHVILLE,MI,1628,633,GW,L,8,Storage (1); Distribution System/Zone (1); Pump Facility (1); Treatment Plant (2); Well (3),5,0,0,0,13,12,2023-11-08,42.6051512,-85.0934733
MI-02,MI0006790,"VERMONTVILLE, VILLAGE OF",MI,780,341,GW,L,9,Treatment Plant (3); Well (3); Sampling Station (1); Storage (1); Distribution System/Zone (1),25,0,0,0,12,19,2025-11-12,42.6276325,-85.0249059
MI-02,MI0040041,BALTIMORE TERRACE,MI,155,62,GW,P,4,Distribution System/Zone (1); Treatment Plant (1); Well (2),4,0,3,0,18,14,2025-12-05,NA,NA
MI-02,MI0040042,BARRY'S RESORT,MI,125,50,GW,P,4,Distribution System/Zone (1); Well (3),14,1,2,0,47,17,2024-08-27,42.6125954,-85.2117551
MI-02,MI0040047,THORNAPPLE LAKE ESTATES,MI,538,215,GW,P,6,Distribution System/Zone (1); Common Headers (1); Well (4),4,0,0,0,15,13,2026-03-18,NA,NA
MI-02,MI0040655,NP CREEK VALLEY NORTH,MI,170,68,GW,P,5,Storage (1); Distribution System/Zone (1); Common Headers (1); Well (2),0,0,0,0,0,13,2025-09-24,NA,NA
MI-02,MI0002925,LAKE DOSTER,MI,1492,437,GW,L,7,Distribution System/Zone (2); Storage (1); Well (2); Treatment Plant (1); Consecutive Connection (1),7,0,2,0,22,15,2025-05-21,NA,NA
MI-02,MI0006377,PINE LAKE APARTMENTS,MI,40,20,GW,P,5,Common Headers (1); Storage (1); Distribution System/Zone (1); Well (2),13,0,4,0,43,15,2023-09-06,NA,NA
MI-02,MI0007231,YANKEE SPRINGS TOWNSHIP,MI,660,232,GW,L,5,Distribution System/Zone (1); Storage (1); Well (2); Treatment Plant (1),10,0,2,0,36,13,2025-08-14,NA,NA
MI-02,MI0040044,GUN LAKE MOBILE HOME COMMUNITY,MI,148,92,GW,P,6,Distribution System/Zone (1); Well (3); Treatment Plant (1); Common Headers (1),66,1,2,0,40,12,2025-08-26,NA,NA
MI-02,MI0040045,DUNLOPS ORCHARD PARK,MI,65,26,GW,P,4,Distribution System/Zone (1); Common Headers (1); Well (2),4,0,2,0,13,14,2025-11-21,42.4461843,-85.7300764
MI-02,MI0006375,MCTI,MI,460,15,GW,S,6,Distribution System/Zone (1); Storage (2); Treatment Plant (1); Well (2),7,0,0,0,17,11,2022-04-07,NA,NA
MI-02,MI0000426,BARRY TOWNSHIP,MI,260,104,GW,L,6,Treatment Plant (1); Well (3); Storage (1); Distribution System/Zone (1),5,0,0,0,9,13,2025-04-09,NA,NA
MI-02,MI0000508,BEAR CREEK VILLA,MI,25,1,GW,P,5,Storage (1); Distribution System/Zone (1); Common Headers (1); Well (2),15,0,1,0,55,18,2025-06-27,NA,NA
MI-02,MI0000794,BLUE SPRUCE APARTMENTS,MI,96,48,GW,P,11,Storage (4); Distribution System/Zone (1); Well (4); Common Headers (2),10,0,1,0,26,10,2025-01-08,NA,NA
MI-02,MI0040617,CANTERBURY ESTATES MHP,MI,350,290,GW,P,6,Treatment Plant (1); Well (3); Distribution System/Zone (1); Storage (1),4,1,0,0,6,25,2025-06-17,NA,NA
MI-02,MI0000250,"ASHLEY, VILLAGE OF",MI,526,240,GW,L,5,Well (2); Treatment Plant (1); Storage (1); Distribution System/Zone (1),17,4,2,0,45,31,2025-09-24,NA,NA
MI-02,MI0003460,"ITHACA, CITY OF",MI,3098,1006,GW,L,8,Well (4); Storage (3); Distribution System/Zone (1),21,2,2,0,69,27,2025-06-19,43.2928661,-84.6080835
MI-02,MI0040219,MAPLEVIEW ESTATES EAST,MI,220,99,GW,P,5,Well (3); Distribution System/Zone (1); Common Headers (1),1,0,0,0,4,21,2025-07-16,NA,NA
MI-02,MI0000820,"BRECKENRIDGE, VILLAGE OF",MI,1339,606,GW,L,7,Storage (1); Distribution System/Zone (1); Well (4); Treatment Plant (1),7,1,0,0,15,32,2026-01-12,43.4077314,-84.4789194
MI-02,MI0040217,MAPLEVIEW ESTATES,MI,93,37,GW,P,4,Common Headers (1); Well (2); Distribution System/Zone (1),2,0,0,0,12,20,2025-07-16,NA,NA
MI-02,MI0006030,"SHEPHERD, VILLAGE OF",MI,1515,646,GW,L,7,Well (2); Treatment Plant (2); Common Headers (1); Storage (1); Distribution System/Zone (1),23,1,2,0,67,30,2025-09-26,43.5291718,-84.69298
MI-02,MI0064070,MAPLEVIEW NURSING HOME,MI,45,1,GW,P,5,Storage (1); Distribution System/Zone (1); Well (2); Treatment Plant (1),1,0,0,0,2,7,2025-06-19,NA,NA
MI-02,MI0040637,NESEN'S COUNTRYSIDE ACRES,MI,95,59,GW,P,5,Common Headers (1); Well (2); Storage (1); Distribution System/Zone (1),0,0,0,0,0,22,2026-01-12,43.40065,-84.618732
MI-02,MI0005270,"PERRINTON, VILLAGE OF",MI,439,175,GW,L,5,Treatment Plant (1); Well (2); Distribution System/Zone (1); Storage (1),6,0,2,0,33,31,2025-06-19,43.1823614,-84.679124
MI-02,MI0040342,HUNTERS CREEK ESTATES,MI,125,50,GW,P,5,Common Headers (1); Storage (1); Distribution System/Zone (1); Well (2),22,3,16,0,78,19,2025-04-23,NA,NA
MI-02,MI0040653,SUNSET SHORES,MI,200,80,GW,P,6,Well (2); Treatment Plant (1); Common Headers (1); Storage (1); Distribution System/Zone (1),9,0,1,0,25,20,2025-03-25,NA,NA
MI-02,MI0040344,HOLIDAY TERRACE,MI,90,36,GW,P,5,Storage (1); Distribution System/Zone (1); Well (2); Common Headers (1),3,0,2,0,12,18,2025-04-25,NA,NA
MI-02,MI0040218,BROOMFIELD VALLEY,MI,212,127,GW,P,6,Distribution System/Zone (1); Well (4); Common Headers (1),2,0,0,0,13,22,2025-08-21,NA,NA
MI-02,MI0006693,TULLYMORE CLUBHOUSE AND CAMELOT VILLAGE,MI,50,25,GW,P,7,Sampling Station (1); Well (2); Treatment Plant (2); Storage (1); Distribution System/Zone (1),0,0,0,0,0,23,2025-09-26,43.5642219,-85.3250491
MI-02,MI0005841,ROYAL VIEW RETIREMENT VILLAGE,MI,80,1,GW,P,5,Storage (1); Distribution System/Zone (1); Well (2); Common Headers (1),3,0,0,0,7,17,2025-09-26,43.5907214,-85.2670292
MI-02,MI0005821,ROSEVILLE APARTMENTS,MI,32,16,GW,P,5,Common Headers (1); Well (2); Distribution System/Zone (1); Storage (1),1,0,0,0,3,16,2024-01-29,43.6987378,-85.4615747
MI-02,MI0005655,REMUS APARTMENT COMPANY,MI,100,48,GW,P,5,Distribution System/Zone (1); Storage (1); Well (2); Treatment Plant (1),28,0,3,0,116,24,2024-08-16,NA,NA
MI-02,MI0003435,LAKE ISABELLA WATER DIST. #1,MI,327,109,GW,L,7,Well (2); Treatment Plant (2); Common Headers (1); Storage (1); Distribution System/Zone (1),6,1,0,0,19,26,2025-08-21,43.605434,-84.776556
MI-02,MI0040574,TIMBER COUNTRY MOBILE HOME PARK,MI,75,30,GW,P,5,Storage (1); Distribution System/Zone (1); Well (2); Common Headers (1),4,0,2,0,16,22,2025-04-21,42.323538,-83.518071
MI-02,MI0005310,PEWAMO,MI,476,210,GW,L,5,Storage (1); Distribution System/Zone (1); Common Headers (1); Well (2),13,1,4,0,37,18,2025-11-07,43.0013453,-84.8467477
MI-02,MI0003750,LAKEVIEW,MI,1007,487,GW,L,5,Treatment Plant (1); Well (2); Storage (1); Distribution System/Zone (1),0,0,0,0,2,20,2025-05-22,43.4462243,-85.2824531
MI-02,MI0002839,GREAT LAKES ADVENTIST ACADEMY,MI,360,34,GW,P,5,Storage (2); Distribution System/Zone (1); Well (2),11,0,6,0,43,23,2026-02-24,43.4050192,-84.9752938
MI-02,MI0040351,SHERIDAN ESTATES,MI,65,26,GW,P,5,Storage (1); Distribution System/Zone (1); Common Headers (1); Well (2),6,0,0,0,24,20,2026-02-24,43.3224794,-85.743578
MI-02,MI0040352,GREENBRIER ESTATES,MI,142,57,GW,P,5,Common Headers (1); Storage (1); Distribution System/Zone (1); Well (2),8,2,3,0,37,19,2024-05-31,NA,NA
MI-02,MI0040662,SUNSET RIDGE MHC,MI,360,144,GW,P,6,Storage (1); Distribution System/Zone (1); Well (3); Treatment Plant (1),6,3,1,0,11,27,2025-06-17,NA,NA
MI-02,MI0040609,PINE HAVEN ESTATES MHC,MI,125,50,GW,P,6,Common Headers (1); Treatment Plant (1); Well (2); Storage (1); Distribution System/Zone (1),14,0,8,0,50,28,2025-09-26,NA,NA
MI-02,MI0040292,LAKESIDE MOBILE HOME COMMUNITY,MI,168,67,GW,P,5,Distribution System/Zone (1); Storage (1); Well (2); Treatment Plant (1),8,1,1,0,25,30,2024-12-13,NA,NA
MI-02,MI0040210,PINE VIEW MOBILE HOME PARK,MI,50,20,GW,P,5,Storage (1); Distribution System/Zone (1); Well (2); Common Headers (1),7,0,6,0,30,18,2025-01-08,NA,NA
MI-02,MI0040209,LONG LAKE MOBILE HOME ESTATES,MI,68,27,GW,P,4,Well (1); Storage (1); Distribution System/Zone (1); Common Headers (1),9,0,5,0,37,19,2025-07-09,NA,NA
MI-02,MI0040208,HIDDEN VALLEY,MI,125,50,GW,P,5,Well (2); Common Headers (1); Distribution System/Zone (1); Storage (1),6,0,4,0,16,20,2025-05-07,NA,NA
MI-02,MI0040206,EVERGREEN MOBILE HOME COMMUNITY,MI,272,109,GW,P,8,Well (3); Treatment Plant (2); Distribution System/Zone (1); Storage (2),6,2,5,0,24,30,2025-05-27,NA,NA
MI-02,MI0006470,"SUNFIELD, VILLAGE OF",MI,680,267,GW,L,5,Distribution System/Zone (1); Storage (1); Well (2); Treatment Plant (1),11,0,2,0,54,17,2024-07-02,NA,NA
MI-02,MI0006360,STANTON,MI,1417,476,GW,L,7,Storage (1); Distribution System/Zone (1); Well (2); Sampling Station (1); Treatment Plant (2),12,0,0,0,40,19,2022-04-20,43.2908581,-85.0814087
MI-02,MI0006040,SHERIDAN,MI,649,330,GW,L,9,Distribution System/Zone (1); Storage (1); Treatment Plant (3); Well (3); Sampling Station (1),5,0,0,0,20,20,2025-11-07,43.2125277,-85.071333
MI-02,MI0005930,SARANAC,MI,1343,508,GW,L,5,Distribution System/Zone (1); Storage (1); Well (2); Common Headers (1),9,1,3,0,32,13,2021-06-10,42.9318314,-85.213331
MI-02,MI0004550,MUIR,MI,604,266,GW,L,7,Storage (1); Distribution System/Zone (1); Pump Facility (1); Treatment Plant (2); Well (2),10,0,4,0,36,15,2021-08-19,NA,NA
MI-02,MI0003967,LYONS,MI,789,314,GW,L,6,Storage (1); Distribution System/Zone (1); Treatment Plant (2); Well (2),43,0,2,0,46,19,2021-07-08,NA,NA
MI-02,MI0003730,LAKE ODESSA,MI,2018,956,GW,L,8,Distribution System/Zone (1); Storage (2); Well (4); Treatment Plant (1),10,0,2,0,34,25,2025-02-27,NA,NA
MI-02,MI0002480,FREEPORT,MI,483,196,GW,L,5,Well (2); Treatment Plant (1); Distribution System/Zone (1); Storage (1),129,0,0,0,85,14,2026-01-28,42.7624416,-85.3002271
MI-02,MI0002070,EDMORE,MI,1256,581,GW,L,7,Storage (1); Distribution System/Zone (1); Well (3); Treatment Plant (2),7,0,0,0,14,20,2025-01-30,43.4059166,-85.0355439
MI-02,MI0001520,"COLEMAN, CITY OF",MI,1243,514,GW,L,5,Well (2); Storage (1); Distribution System/Zone (1); Common Headers (1),7,0,2,0,26,33,2026-01-09,NA,NA
MI-02,MI0002650,"GLADWIN, CITY OF",MI,2933,1181,GW,L,5,Storage (1); Distribution System/Zone (1); Well (2); Treatment Plant (1),17,4,7,0,62,25,2025-12-17,43.980907,-84.498239
MI-02,MI0003752,LAKESIDE DEVELOPMENT,MI,82,41,GW,P,6,Well (3); Common Headers (1); Storage (1); Distribution System/Zone (1),2,0,0,0,6,16,2024-12-19,NA,NA
MI-02,MI0000520,BEAVERTON,MI,1170,537,GW,L,5,Well (2); Treatment Plant (1); Storage (1); Distribution System/Zone (1),28,0,0,0,25,27,2025-12-17,43.8812877,-84.4867584
MI-02,MI0060238,NORTH WOODS NURSING CENTER,MI,71,1,GW,P,6,Well (3); Common Headers (1); Distribution System/Zone (1); Storage (1),17,2,2,0,36,17,2024-09-09,NA,NA
MI-02,MI0007085,T.J. WHITE PINE MANOR APARTMENTS,MI,32,24,GW,P,5,Common Headers (1); Well (2); Distribution System/Zone (1); Storage (1),8,0,0,0,25,15,2023-12-13,NA,NA
MI-02,MI0005351,PINEVIEW HOMES,MI,25,6,GW,P,5,Storage (1); Distribution System/Zone (1); Well (2); Common Headers (1),16,0,5,0,49,24,2024-08-06,NA,NA
MI-02,MI0004100,"MARION, VILLAGE OF",MI,800,450,GW,L,8,Well (3); Treatment Plant (3); Distribution System/Zone (1); Storage (1),7,0,2,0,27,32,2024-11-19,NA,NA
MI-02,MI0003030,"HARRISON, CITY OF",MI,1100,704,GW,L,7,Storage (2); Distribution System/Zone (1); Well (3); Common Headers (1),3,0,2,0,10,21,2025-09-09,44.0176907,-84.812865
MI-02,MI0002250,"FARWELL, VILLAGE OF",MI,871,356,GW,L,7,Distribution System/Zone (1); Storage (1); Well (4); Treatment Plant (1),5,0,0,0,15,25,2025-10-07,43.8336169,-84.8672322
MI-02,MI0002190,"EVART, CITY OF",MI,1742,691,GW,L,15,Well (6); Treatment Plant (6); Storage (2); Distribution System/Zone (1),7,0,1,0,22,36,2025-02-05,43.8991061,-85.2596837
MI-02,MI0001420,"CLARE, CITY OF",MI,3118,1175,GW,L,9,Treatment Plant (1); Well (3); Other (2); Storage (2); Distribution System/Zone (1),2,0,0,0,3,27,2025-11-17,43.8197391,-84.7706726
MI-02,MI0000510,"BEAR LAKE, VILLAGE OF",MI,318,175,GW,L,5,Well (2); Treatment Plant (1); Storage (1); Distribution System/Zone (1),8,0,4,0,28,29,2024-07-24,NA,NA
MI-02,MI0000350,"BALDWIN, VILLAGE OF",MI,1060,415,GW,L,7,Well (4); Storage (2); Distribution System/Zone (1),11,0,4,0,37,25,2025-09-18,NA,NA
MI-02,MI0040577,PINE ISLAND LAKE REC PARK,MI,75,30,GW,P,5,Storage (1); Distribution System/Zone (1); Well (2); Common Headers (1),5,0,3,0,25,21,2025-07-17,43.411415,-86.148376
MI-02,MI0040656,COUNTRY MANOR,MI,190,76,GW,P,5,Well (2); Common Headers (1); Distribution System/Zone (1); Storage (1),6,1,0,0,14,18,2025-06-11,41.881918,-87.6248729
MI-02,MI0040340,PARKS PLACE ESTATES,MI,72,29,GW,P,5,Common Headers (1); Well (2); Storage (1); Distribution System/Zone (1),3,0,1,0,14,17,2024-06-27,43.6833114,-84.9606671
MI-02,MI0040222,OAKVIEW MOBILE ESTATES,MI,102,39,GW,P,4,Distribution System/Zone (1); Well (2); Common Headers (1),3,0,1,0,11,21,2025-08-21,NA,NA
MI-02,MI0040220,COUNTRY PLACE,MI,115,66,GW,P,5,Common Headers (1); Well (3); Distribution System/Zone (1),3,1,0,0,16,22,2026-03-09,NA,NA
MI-02,MI0005824,ROSEBUSH MANOR,MI,25,22,GW,P,5,Well (2); Treatment Plant (1); Common Headers (1); Distribution System/Zone (1),8,0,2,0,16,22,2025-08-21,43.6983821,-84.7644531
MI-02,MI0005823,ROSEBUSH ESTATES APARTMENTS,MI,30,20,GW,P,5,Storage (1); Distribution System/Zone (1); Common Headers (1); Well (2),22,3,7,0,62,18,2025-10-16,42.7171834,-84.4131535
MI-02,MI0005650,"REED CITY, CITY OF",MI,2425,980,GW,L,10,Well (4); Treatment Plant (3); Storage (2); Distribution System/Zone (1),4,0,0,0,9,34,2025-12-16,43.8717608,-85.5081129
MI-02,MI0004050,"MANTON, CITY OF",MI,1287,552,GW,L,7,Treatment Plant (2); Well (3); Distribution System/Zone (1); Storage (1),43,6,7,0,83,32,2025-05-21,NA,NA
MI-02,MI0061700,CURRY HOUSE ASSISTED LIVING CENTER,MI,76,1,GW,P,5,Storage (1); Distribution System/Zone (1); Well (2); Treatment Plant (1),2,0,0,0,5,31,2026-03-11,44.2254941,-85.3599496
MI-02,MI0040587,HESPERIA MHP LLC,MI,248,99,GW,P,6,Distribution System/Zone (1); Storage (1); Common Headers (1); Well (3),2,1,0,0,5,20,2025-09-24,NA,NA
MI-02,MI0040580,KAMP VILLA RV PARK,MI,100,40,GW,P,5,Common Headers (1); Distribution System/Zone (1); Storage (1); Well (2),2,1,0,0,5,19,2025-03-18,44.2841695,-85.3639073
MI-02,MI0040406,HYLANDER VALLEY,MI,158,63,GW,P,5,Common Headers (1); Distribution System/Zone (1); Storage (1); Well (2),7,0,0,0,29,19,2024-05-08,42.4848507,-83.4940122
MI-02,MI0040337,TAMARAC VILLAGE,MI,873,384,GW,P,8,Distribution System/Zone (1); Storage (1); Well (5); Treatment Plant (1),6,0,1,0,21,26,2024-08-14,NA,NA
MI-02,MI0007233,IDLEWILD GARDEN HOUSING,MI,27,24,GW,P,5,Common Headers (1); Storage (1); Distribution System/Zone (1); Well (2),61,0,2,0,43,19,2025-12-02,NA,NA
MI-02,MI0007060,WHITE CLOUD,MI,1408,515,GW,L,7,Distribution System/Zone (1); Storage (2); Well (3); Common Headers (1),9,0,0,0,27,12,2022-09-27,43.5589792,-85.7716666
MI-02,MI0006765,VALLEYWOOD COVE CONDOMINIUM ASSOCIATION,MI,50,27,GW,P,5,Storage (1); Distribution System/Zone (1); Well (2); Common Headers (1),2,0,0,0,5,19,2025-03-18,44.4875139,-86.2356379
MI-02,MI0006763,VALLEY SIDE APARTMENTS,MI,45,18,GW,P,5,Common Headers (1); Well (2); Storage (1); Distribution System/Zone (1),5,0,1,0,13,20,2025-03-18,NA,NA
MI-02,MI0006590,"THOMPSONVILLE, VILLAGE OF",MI,438,250,GW,L,6,Distribution System/Zone (1); Storage (1); Well (3); Treatment Plant (1),15,1,3,0,45,37,2025-11-21,NA,NA
MI-02,MI0006532,TALL OAKS CONDOMINUMS,MI,65,25,GW,P,5,Storage (1); Distribution System/Zone (1); Common Headers (1); Well (2),3,0,0,0,6,20,2024-04-17,NA,NA
MI-02,MI0006000,SHELBY,MI,1964,787,GW,L,9,Storage (1); Distribution System/Zone (1); Treatment Plant (4); Well (3),9,0,4,0,33,30,2024-09-30,43.612752,-86.363826
MI-02,MI0005980,"SCOTTVILLE, CITY OF",MI,1536,560,SWP,L,3,Storage (1); Distribution System/Zone (1); Consecutive Connection (1),2,0,0,0,4,32,2024-10-24,43.9552233,-86.2797092
MI-02,MI0005527,PORTAGE POINT INN,MI,125,29,GW,P,6,Storage (1); Distribution System/Zone (1); Well (3); Common Headers (1),4,0,1,0,9,24,2025-03-18,NA,NA
MI-02,MI0005355,PIRATES COVE CONDOMINIUMS,MI,38,19,GW,P,5,Well (2); Distribution System/Zone (1); Storage (1); Common Headers (1),7,0,0,0,25,19,2025-03-18,NA,NA
MI-02,MI0005268,PERE MARQUETTE TWP - WELLS,MI,455,318,GW,L,6,Treatment Plant (1); Well (3); Distribution System/Zone (1); Storage (1),7,0,0,0,12,31,2024-09-11,43.9459045,-86.4160341
MI-02,MI0005267,PERE MARQUETTE TWP - CUSTOMER,MI,339,178,SWP,L,2,Distribution System/Zone (1); Consecutive Connection (1),2,0,0,0,3,32,2024-08-14,43.9459045,-86.4160341
MI-02,MI0005260,PENTWATER,MI,857,715,GW,L,6,Well (3); Treatment Plant (1); Distribution System/Zone (1); Storage (1),12,2,2,0,40,19,2025-08-15,43.781215,-86.4332619
MI-02,MI0004310,"MESICK, VILLAGE OF",MI,397,165,GW,L,5,Distribution System/Zone (1); Storage (1); Well (2); Treatment Plant (1),6,0,5,0,32,26,2024-12-18,NA,NA
MI-02,MI0003550,"KALEVA, VILLAGE OF",MI,464,302,GW,L,7,Well (3); Treatment Plant (2); Distribution System/Zone (1); Storage (1),72,3,0,0,66,30,2024-11-20,44.3661162,-86.0052447
MI-02,MI0003130,HESPERIA,MI,954,406,GW,L,6,Storage (1); Distribution System/Zone (1); Well (2); Treatment Plant (1); Common Headers (1),8,0,2,0,32,17,2026-03-10,43.5717564,-86.0385434
MI-02,MI0003060,HART,MI,2126,914,GW,L,14,Distribution System/Zone (1); Storage (3); Well (7); Common Headers (3),5,0,0,0,18,17,2025-04-23,43.6989164,-86.363966
MI-02,MI0002290,FILER CHARTER TOWNSHIP,MI,940,424,GW,L,9,Storage (2); Distribution System/Zone (1); Well (3); Treatment Plant (3),5,0,0,0,10,30,2024-09-27,44.2219337,-86.3000667
MI-02,MI0001915,DUVERNAY PARK APARTMENTS,MI,68,6,GW,P,5,Distribution System/Zone (1); Storage (1); Well (2); Common Headers (1),23,1,2,0,25,19,2025-12-02,NA,NA
MI-02,MI0001716,CRYSTAL MOUNTAIN RESORT & SPA,MI,700,296,GW,P,12,Treatment Plant (2); Well (4); Pump Facility (2); Distribution System/Zone (1); Storage (3),34,0,6,0,52,37,2025-09-29,NA,NA
MI-02,MI0001052,CAMP ARCADIA / LCA,MI,400,52,GW,P,6,Well (3); Storage (1); Distribution System/Zone (1); Common Headers (1),6,0,2,0,21,19,2025-03-18,NA,NA
MI-02,MI0040640,THE PINES,MI,65,80,GW,P,5,Common Headers (1); Storage (1); Distribution System/Zone (1); Well (2),12,1,0,0,42,17,2024-12-13,NA,NA
MI-02,MI0040650,WEST PINE ISLAND,MI,75,30,GW,P,5,Common Headers (1); Storage (1); Distribution System/Zone (1); Well (2),2,0,0,0,7,19,2025-04-10,43.411415,-86.148376
MI-02,MI0040405,GREENLAWN MOBILE HOME COURT,MI,100,40,GW,P,5,Common Headers (1); Well (2); Storage (1); Distribution System/Zone (1),3,1,0,0,9,23,2025-09-24,NA,NA
MI-02,MI0040369,HARDY PARK,MI,140,56,GW,P,5,Distribution System/Zone (1); Storage (1); Common Headers (1); Well (2),3,0,1,0,13,23,2025-03-28,NA,NA
MI-02,MI0004710,NEWAYGO,MI,2571,678,GW,L,10,Well (3); Treatment Plant (2); Pump Facility (1); Storage (3); Distribution System/Zone (1),3,0,0,0,6,18,2022-09-22,43.4236871,-85.7965856
MI-02,MI0004470,MONTAGUE,MI,2479,1295,GW,L,14,Well (5); Treatment Plant (5); Sampling Station (1); Storage (2); Distribution System/Zone (1),3,0,0,0,9,18,2025-09-30,43.4171974,-86.3553821
MI-02,MI0040681,ALTO MEADOWS,MI,250,100,GW,P,6,Common Headers (1); Treatment Plant (1); Well (2); Distribution System/Zone (1); Storage (1),12,0,2,2,43,26,2026-03-31,NA,NA
MI-02,MI0040277,LA-E-MA MOBILE HOME PARK,MI,72,29,GW,P,7,Well (3); Storage (2); Distribution System/Zone (1); Common Headers (1),5,0,2,0,21,19,2025-02-12,NA,NA
MI-02,MI0040276,KEY HEIGHTS MOBILE VILLAGE,MI,715,286,GW,P,6,Well (3); Storage (1); Distribution System/Zone (1); Common Headers (1),3,0,3,0,23,22,2025-02-25,NA,NA
MI-02,MI0040266,OAKFIELD MOBILE HOME PARK,MI,55,22,GW,P,5,Well (2); Distribution System/Zone (1); Storage (1); Common Headers (1),26,2,14,0,102,20,2025-09-25,NA,NA
MI-02,MI0005907,SAND LAKE,MI,360,170,GW,L,5,Storage (1); Distribution System/Zone (1); Well (2); Treatment Plant (1),15,0,6,0,60,18,2022-07-07,43.2928138,-85.5166926
MI-02,MI0003955,LOWELL TOWNSHIP,MI,1958,694,GWP,L,3,Consecutive Connection (1); Distribution System/Zone (1); Storage (1),6,0,0,0,14,14,2026-02-04,42.9119043,-85.3494743
MI-02,MI0003240,HOWARD CITY,MI,1800,617,GW,L,6,Treatment Plant (2); Well (2); Storage (1); Distribution System/Zone (1),9,0,1,0,23,21,2025-04-23,43.3957345,-85.4647713
MI-02,MI0040678,OAKS OF ROCKFORD,MI,860,430,GW,P,5,Well (2); Treatment Plant (1); Storage (1); Distribution System/Zone (1),4,0,0,0,12,22,2025-02-05,NA,NA
MI-02,MI0040664,APPLE GROVE ESTATES,MI,125,50,GW,P,5,Well (2); Treatment Plant (1); Storage (1); Distribution System/Zone (1),7,0,2,0,26,30,2025-06-12,42.6780422,-83.1356131
MI-02,MI0040600,EGELCRAFT MOBILE HOME PARK,MI,1125,448,GW,P,7,Storage (1); Distribution System/Zone (1); Well (4); Treatment Plant (1),11,1,2,0,32,30,2025-09-10,NA,NA
MI-02,MI0040370,HESS LAKE RV AND MOBILE HOME PARK,MI,160,64,GW,P,7,Common Headers (1); Well (2); Storage (3); Distribution System/Zone (1),18,0,7,0,76,21,2025-04-17,43.3950818,-85.7817913
MI-02,MI0040368,LAKE FOREST PARK,MI,185,74,GW,P,5,Well (2); Storage (1); Distribution System/Zone (1); Common Headers (1),7,0,2,0,22,24,2026-03-24,NA,NA
MI-02,MI0040363,TIMBERLINE ESTATES,MI,755,302,GW,P,12,Storage (2); Distribution System/Zone (1); Well (7); Common Headers (2),7,0,2,0,27,17,2025-02-20,NA,NA
MI-02,MI0040357,CRYSTAL DOWNS MOBILE VILLAGE,MI,260,104,GW,P,8,Storage (3); Distribution System/Zone (1); Common Headers (1); Well (3),38,1,1,0,62,19,2024-08-02,NA,NA
MI-02,MI0003925,BLUE LAKE RESIDENCES,MI,212,70,GW,P,5,Treatment Plant (1); Well (2); Distribution System/Zone (1); Storage (1),11,1,4,0,40,21,2023-09-13,NA,NA
MI-02,MI0002823,GRANT,MI,894,314,GW,L,6,Well (3); Treatment Plant (1); Storage (1); Distribution System/Zone (1),13,0,0,0,26,17,2024-03-07,43.3322904,-85.8104455
MI-02,MI0040343,HAVEN VIEW MOBILE COURT,MI,75,80,GW,P,5,Well (2); Storage (1); Distribution System/Zone (1); Common Headers (1),10,1,1,0,34,18,2025-05-21,43.6986583,-85.4829134
MI-02,MI0003018,HARING CHARTER TOWNSHIP,MI,839,374,GW,L,7,Treatment Plant (2); Well (2); Storage (2); Distribution System/Zone (1),8,0,0,0,13,34,2024-11-14,44.2742491,-85.4013658
MI-02,MI0001649,COUNTRY PLACE SENIOR CARE CENTER,MI,40,40,GW,P,4,Distribution System/Zone (1); Well (2); Common Headers (1),6,0,0,0,19,19,2025-05-12,NA,NA
MI-02,MI0040335,HOLIDAY VILLAGE MOBILE HOME PARK,MI,185,74,GW,P,7,Consecutive Connection (1); Common Headers (1); Storage (1); Distribution System/Zone (1); Well (3),10,1,1,0,28,23,2025-10-28,NA,NA
MI-02,MI0040333,HERITAGE HILLS MOBILE HOME VILLAGE,MI,75,30,GW,P,5,Storage (1); Distribution System/Zone (1); Common Headers (1); Well (2),4,0,0,0,13,23,2025-04-21,NA,NA
MI-02,MI0040619,CEDARFIELD MOBILE HOME PARK,MI,480,192,GW,P,6,Storage (1); Distribution System/Zone (1); Well (3); Treatment Plant (1),2,0,0,0,6,27,2025-02-05,NA,NA
MI-02,MI0040585,YANKEE SPRINGS MEADOWS,MI,710,284,GW,P,7,Well (5); Common Headers (1); Distribution System/Zone (1),27,17,23,0,95,16,2022-08-24,NA,NA
MI-02,MI0040576,WHISPERING PINES,MI,125,50,GW,P,5,Well (2); Common Headers (1); Storage (1); Distribution System/Zone (1),7,0,1,0,28,18,2026-03-12,43.0900286,-85.6331328
MI-02,MI0040361,MAPLE ISLAND ESTATES,MI,320,128,GW,P,6,Storage (1); Distribution System/Zone (1); Well (3); Common Headers (1),43,0,1,0,110,28,2025-09-05,NA,NA
MI-02,MI0040359,EDGEWOOD MOBILE HOME PARK,MI,162,65,GW,P,5,Storage (1); Distribution System/Zone (1); Well (2); Common Headers (1),13,2,0,0,33,18,2025-01-31,NA,NA
MI-02,MI0040355,APPLE CARR VILLAGE,MI,1125,529,GW,P,7,Distribution System/Zone (1); Storage (1); Well (4); Treatment Plant (1),5,0,2,0,19,27,2025-02-21,NA,NA
MI-02,MI0040294,WHITE CREEK COUNTRY ESTATES,MI,300,177,GW,P,6,Common Headers (1); Well (3); Storage (1); Distribution System/Zone (1),12,0,6,0,40,19,2025-06-27,43.1977264,-85.5709719
MI-02,MI0040288,RIVERVIEW MOBILE VILLAGE,MI,392,157,GW,P,7,Well (3); Treatment Plant (2); Storage (1); Distribution System/Zone (1),5,0,0,0,20,28,2024-12-18,NA,NA
MI-02,MI0040284,PARKWOOD GREEN,MI,270,108,GW,P,6,Storage (2); Distribution System/Zone (1); Well (3),7,0,1,0,21,22,2025-08-27,43.1334605,-85.6863215
MI-02,MI0040273,GREEN ACRES MOBILE HOME PARK,MI,135,54,GW,P,5,Well (2); Common Headers (1); Distribution System/Zone (1); Storage (1),12,0,1,0,37,20,2024-05-02,43.5686879,-86.0368954
MI-02,MI0040264,KENT CITY MOBILE HOME PARK,MI,185,74,GW,P,5,Distribution System/Zone (1); Storage (1); Well (2); Treatment Plant (1),5,0,3,0,18,30,2025-01-24,42.8765327,-85.6516407
MI-02,MI0040259,ALGOMA ESTATES,MI,580,344,GW,P,6,Distribution System/Zone (1); Storage (1); Well (3); Treatment Plant (1),12,1,2,0,37,31,2024-10-02,42.5161658,-83.3342929
MI-02,MI0007100,WHITEHALL,MI,2902,1708,GW,L,13,Well (5); Treatment Plant (5); Distribution System/Zone (1); Storage (2),8,0,2,0,24,18,2023-08-18,43.4092089,-86.342284
MI-02,MI0005849,SADDLE RIDGE CONDO ASSOC.,MI,156,230,GW,P,6,Treatment Plant (1); Well (2); Storage (2); Distribution System/Zone (1),3,0,0,0,9,21,2025-02-12,NA,NA
MI-02,MI0003615,KENT RIDGE APARTMENTS,MI,120,64,GW,P,7,Distribution System/Zone (1); Storage (1); Well (4); Treatment Plant (1),18,3,6,0,47,27,2025-06-03,NA,NA
MI-02,MI0040166,KEY COURT MOBILE HOME PARK,MI,55,32,GW,P,5,Common Headers (1); Well (3); Distribution System/Zone (1),7,0,4,0,30,22,2025-08-13,NA,NA
MI-02,MI0040167,PLEASANT BEACH MOBILE HOME RESORT,MI,250,100,GW,P,6,Distribution System/Zone (1); Well (4); Treatment Plant (1),6,0,0,0,25,28,2025-12-18,NA,NA
MI-02,MI0040168,SECORD LAKE MHP,MI,43,48,GW,P,4,Distribution System/Zone (1); Well (2); Common Headers (1),11,1,1,1,34,22,2025-04-22,NA,NA
MI-02,MI0040169,LAKESHORE VILLAGE,MI,118,47,GW,P,5,Common Headers (1); Distribution System/Zone (1); Treatment Plant (1); Well (2),8,2,2,0,53,29,2025-12-18,NA,NA
MI-02,MI0062653,GLADWIN NURSING AND REHABILITATION COMMU,MI,60,1,GW,P,5,Common Headers (1); Distribution System/Zone (1); Storage (1); Well (2),12,1,3,0,34,19,2025-06-12,44.009035,-84.4963266
NJ-04,NJ1511010,JBMDL - LAKEHURST,NJ,2903,307,GW,F,7,Distribution System/Zone (1); Treatment Plant (3); Well (3),34,1,2,0,38,14,2024-05-24,NA,NA
NJ-04,NJ1513001,LAKEHURST WATER DEPT,NJ,2650,850,GW,L,5,Sampling Station (1); Well (2); Treatment Plant (1); Distribution System/Zone (1),9,3,1,0,17,16,2024-11-13,40.0124497,-74.3099258
NJ-04,NJ1523002,DEEP RUN ADULT VILLAGE,NJ,400,244,GW,P,8,Sampling Station (1); Well (4); Treatment Plant (2); Distribution System/Zone (1),75,1,3,0,22,29,2024-03-13,40.3169535,-74.1128653
NJ-04,NJ1511002,JACKSON ACRES LLC,NJ,440,234,GW,P,6,Treatment Plant (2); Well (2); Sampling Station (1); Distribution System/Zone (1),49,39,0,0,28,18,2023-09-20,40.067153,-74.358961
NJ-04,NJ1511005,OAK TREE MOBILE HOME PARK,NJ,282,258,GW,P,6,Distribution System/Zone (1); Treatment Plant (2); Well (2); Sampling Station (1),28,20,2,0,30,16,2024-11-04,NA,NA
NJ-04,NJ1511008,SOUTH WIND MOBILE HOME V,NJ,625,250,GW,P,6,Treatment Plant (1); Well (3); Sampling Station (1); Distribution System/Zone (1),26,10,2,0,35,21,2026-03-11,NA,NA
NJ-04,NJ1522001,PINE BEACH WATER DEPT,NJ,2130,944,GW,L,5,Sampling Station (1); Well (2); Treatment Plant (1); Distribution System/Zone (1),5,1,0,0,11,18,2025-01-15,39.933782,-74.169654
NJ-04,NJ1510001,ISLAND HEIGHTS WATER DEP,NJ,1750,900,GW,L,5,Well (2); Treatment Plant (1); Sampling Station (1); Distribution System/Zone (1),23,7,2,1,42,20,2024-02-15,NA,NA
NJ-04,NJ1521001,OCEAN GATE WATER DEPT,NJ,3200,1141,GW,L,5,Sampling Station (1); Treatment Plant (1); Well (2); Distribution System/Zone (1),54,2,0,0,37,18,2025-05-08,39.924648,-74.14059
NJ-04,NJ1518002,CEDAR GLEN LAKES WATER C,NJ,2126,1236,GW,P,6,Distribution System/Zone (1); Well (2); Sampling Station (1); Treatment Plant (2),18,3,1,0,43,19,2024-07-31,NA,NA
NJ-04,NJ1511016,MEADOWBROOK CO-OP INC,NJ,150,30,GW,P,4,Sampling Station (1); Well (2); Distribution System/Zone (1),41,1,4,0,45,11,2024-05-19,NA,NA
NJ-04,NJ1511004,MAPLE GLEN MOBILE HOME PARK,NJ,120,80,GW,P,5,Common Headers (1); Distribution System/Zone (1); Well (2); Sampling Station (1),55,22,0,0,31,15,2024-08-29,NA,NA
NJ-04,NJ1518010,MANCHESTER VILLAGE,NJ,208,58,GW,P,6,Distribution System/Zone (1); Well (2); Treatment Plant (2); Sampling Station (1),97,27,17,0,116,20,2024-06-04,39.4281781,-75.2262715
NJ-04,NJ1523004,OAK GROVE MHP,NJ,100,49,GW,P,5,Common Headers (1); Well (2); Sampling Station (1); Distribution System/Zone (1),40,28,1,0,56,26,2024-04-01,NA,NA
NJ-04,NJ1523001,COLLIER MILLS MOBILE HOME PARK INC,NJ,100,50,GW,P,4,Well (2); Sampling Station (1); Distribution System/Zone (1),50,3,1,0,72,22,2025-01-07,NA,NA
NJ-04,NJ1511011,ALL SEASONS MOBILE HOME PARK,NJ,126,49,GW,P,4,Distribution System/Zone (1); Well (2); Sampling Station (1),149,40,1,0,71,18,2023-09-06,NA,NA
NJ-04,NJ1511007,SILVER PINE PARK LAND LLC,NJ,92,69,GW,P,5,Common Headers (1); Distribution System/Zone (1); Well (2); Sampling Station (1),101,19,3,0,49,27,2026-02-10,NA,NA
NJ-04,NJ1511003,"LAND O PINES MOBILE HOME PARK, INC",NJ,128,81,GW,P,5,Distribution System/Zone (1); Sampling Station (1); Well (3),23,9,2,0,47,16,2024-04-03,NA,NA
NJ-04,NJ1319003,ANGLE INN MOTOR COURT,NJ,354,134,GW,P,5,Sampling Station (1); Well (2); Treatment Plant (1); Distribution System/Zone (1),56,22,1,0,43,21,2023-06-07,NA,NA
NJ-04,NJ1309415,BRANDYWINE ASSISTED LIVING AT COLTS NECK,NJ,85,1,GW,P,5,Sampling Station (1); Well (2); Treatment Plant (1); Distribution System/Zone (1),33,10,6,0,71,17,2021-06-25,40.852290000000004,-74.7521996
NJ-04,NJ1319010,GREEN ACRES NJ MHC LLC,NJ,260,115,GW,P,8,Treatment Plant (4); Well (2); Sampling Station (1); Distribution System/Zone (1),58,12,1,0,34,14,2024-10-02,42.0409981,-87.7509039
NJ-04,NJ1309002,VEOLIA WATER NEW JERSEY COLTS NECK,NJ,640,277,SWP,P,5,Distribution System/Zone (1); Sampling Station (1); Consecutive Connection (3),49,0,1,0,25,18,2025-11-20,40.3153131,-74.3621341
NJ-04,NJ1314001,FARMINGDALE WATER DEPT,NJ,1500,400,GW,L,6,Consecutive Connection (1); Distribution System/Zone (1); Sampling Station (1); Treatment Plant (1); Well (2),7,1,0,0,14,15,2024-04-16,40.1971044,-74.168215
NJ-04,NJ1309001,US NAVAL WEAPONS STATION,NJ,1200,170,SWP,F,4,Distribution System/Zone (1); Consecutive Connection (2); Sampling Station (1),28,17,7,0,31,14,2023-10-26,NA,NA
NJ-04,NJ1344001,SEA GIRT WATER DEPT,NJ,2636,1271,SWP,L,7,Distribution System/Zone (1); Treatment Plant (1); Sampling Station (1); Well (3); Consecutive Connection (1),19,3,0,0,26,18,2025-10-27,NA,NA
NJ-04,NJ1319008,WINDING BROOK MHP SYS 1,NJ,80,52,GW,P,4,Distribution System/Zone (1); Well (1); Sampling Station (1); Treatment Plant (1),21,17,0,0,25,15,2025-09-26,40.1201306,-74.1917065
NJ-04,NJ1319009,WINDING BROOK MHP SYSTEM 2,NJ,184,92,GW,P,4,Distribution System/Zone (1); Treatment Plant (1); Well (1); Sampling Station (1),20,15,0,0,23,13,2025-09-26,40.1201306,-74.1917065
NJ-04,NJ1511013,FOUNTAINHEAD PARKS INC,NJ,280,149,GW,P,5,Well (2); Treatment Plant (1); Sampling Station (1); Distribution System/Zone (1),16,10,1,0,17,13,2024-03-20,40.131938,-74.297245
NJ-04,NJ1518003,CEDAR GLEN WEST WATER CO,NJ,1300,90,GW,P,6,Treatment Plant (2); Well (2); Sampling Station (1); Distribution System/Zone (1),34,2,5,0,76,26,2025-12-16,NA,NA
NJ-04,NJ1352005,NJ WATER SUPPLY AUTHORITY MANASQUAN,NJ,30,6,SW,L,6,Treatment Plant (1); Sampling Station (2); Intake (2); Distribution System/Zone (1),23,10,2,0,42,18,2025-12-02,40.1493583,-74.1100227
NJ-04,NJ1347001,LAKE COMO WATER DEPT,NJ,3000,1084,SWP,L,7,Consecutive Connection (5); Distribution System/Zone (1); Sampling Station (1),29,8,4,0,59,12,2025-01-14,40.1714486,-74.0273034
MN-05,MN1020033,Hilltop,MN,880,42,SWP,L,3,Distribution System/Zone (1); Consecutive Connection (2),1,0,0,0,7,21,2025-06-03,NA,NA
MN-05,MN1020007,Fridley Terrace Mobile Home Park,MN,1300,337,GW,P,4,Distribution System/Zone (1); Well (2); Treatment Plant (1),4,3,0,0,11,24,2025-08-06,45.103551,-93.244601
MN-04,MN1820001,Bayport,MN,2700,1143,GW,L,6,Well (3); Treatment Plant (2); Distribution System/Zone (1),6,3,1,0,28,25,2025-10-29,NA,NA
MN-04,MN1820002,MN Correctional Facility - Stillwater,MN,781,34,GW,P,4,Well (2); Treatment Plant (1); Distribution System/Zone (1),6,4,0,0,15,25,2024-12-26,45.0277562,-92.7891463
MN-04,MN1820028,Indian Hills Development,MN,156,75,GW,P,3,Distribution System/Zone (1); Well (1); Treatment Plant (1),6,2,4,0,32,23,2025-08-20,45.0428491,-92.8986231
MN-04,MN1820036,Bay Lake Reserve Development,MN,80,28,GW,P,3,Treatment Plant (1); Well (1); Distribution System/Zone (1),0,0,0,0,0,7,2024-10-29,44.9759782,-92.9847702
MN-04,MN1620016,Town and Country Mobile Home Park,MN,315,122,GW,P,5,Well (2); Treatment Plant (2); Distribution System/Zone (1),6,3,1,0,22,26,2025-06-25,45.017787,-93.05622
MN-04,MN1820003,Birchwood,MN,864,354,GWP,L,2,Distribution System/Zone (1); Consecutive Connection (1),7,4,0,0,32,23,2026-02-10,NA,NA
MN-04,MN1820022,Willernie,MN,525,226,GWP,L,2,Consecutive Connection (1); Distribution System/Zone (1),10,3,0,0,24,23,2025-12-09,45.0563286,-92.9586108
MN-04,MN1620021,Brookside Mobile Home Park,MN,550,216,GW,P,4,Distribution System/Zone (1); Treatment Plant (1); Well (2),0,0,0,0,0,26,2026-02-10,45.0726951,-92.8074296
MN-04,MN1620018,Terrace Heights MHP LLC,MN,266,198,GW,P,5,Well (3); Common Headers (1); Distribution System/Zone (1),3,0,0,0,12,26,2025-11-20,45.0143109,-93.105889
MN-04,MN1620019,Thirty-Twenty Estates,MN,125,75,GW,P,2,Distribution System/Zone (1); Well (1),9,2,1,0,34,26,2025-06-25,33.68405,-117.7831699
MN-04,MN1820021,Cedar Terrace Mobile Home Park,MN,25,18,GW,P,2,Well (1); Distribution System/Zone (1),12,3,0,0,43,24,2025-02-10,45.0582716,-92.841219
MN-04,MN1820010,Cimarron Park,MN,2400,505,GW,P,5,Distribution System/Zone (1); Well (2); Treatment Plant (2),0,0,0,0,8,26,2025-03-27,NA,NA
MN-04,MN1620017,Five Star Mobile Home Park,MN,458,250,GW,P,3,Consecutive Connection (1); Distribution System/Zone (1); Well (1),0,0,0,0,0,26,2025-11-20,NA,NA
MN-08,MN1010016,McGregor,MN,394,200,GW,L,4,Well (2); Treatment Plant (1); Distribution System/Zone (1),0,0,0,0,0,14,2025-10-15,NA,NA
MN-08,MN1380001,Beaver Bay,MN,130,130,SW,L,3,Distribution System/Zone (1); Treatment Plant (1); Intake (1),21,9,2,0,56,23,2024-11-04,47.258565,-91.3031713
MN-08,MN1180003,Supreme Mobile Home Park,MN,35,16,GW,P,2,Well (1); Distribution System/Zone (1),13,9,0,0,50,22,2025-03-03,NA,NA
MN-08,MN1820035,Jackson Meadow,MN,95,43,GW,P,4,Distribution System/Zone (1); Well (2); Treatment Plant (1),2,0,1,0,10,17,2025-09-30,NA,NA
MN-08,MN1090010,MN Correctional Facility - Moose Lake,MN,975,1,GW,P,5,Treatment Plant (2); Well (2); Distribution System/Zone (1),10,0,1,0,25,24,2024-11-20,46.4398399,-92.7630654
MN-08,MN1090013,Wrenshall,MN,399,134,GW,L,5,Treatment Plant (2); Well (2); Distribution System/Zone (1),0,0,0,0,0,24,2024-12-17,NA,NA
MN-08,MN1580014,MN Correctional Facility - Willow River,MN,240,9,GW,P,5,Well (2); Treatment Plant (2); Distribution System/Zone (1),2,2,0,0,7,22,2025-02-20,NA,NA
MN-08,MN1110035,Kabekona Village Development,MN,50,20,GW,P,4,Common Headers (1); Distribution System/Zone (1); Well (2),0,0,0,0,0,2,2024-09-04,NA,NA
MN-08,MN1820033,Marine Stugas Townhomes,MN,28,20,GW,P,2,Distribution System/Zone (1); Well (1),3,1,0,0,11,19,2025-09-30,NA,NA
MN-08,MN1111112,East Pointe Townhomes,MN,75,37,GW,P,2,Distribution System/Zone (1); Well (1),2,0,0,0,8,6,2025-04-21,46.3895108,-94.3546612
MN-08,MN1110008,Hackensack,MN,306,193,GW,L,5,Distribution System/Zone (1); Treatment Plant (1); Well (3),1,0,1,0,7,20,2025-02-27,NA,NA
MN-08,MN1180050,Whitefish Senior Living LLC,MN,100,1,GW,P,3,Well (1); Treatment Plant (1); Distribution System/Zone (1),1,0,0,0,2,4,2025-03-03,45.5609972,-94.1338491
MN-08,MN1180042,Hills Crossing Senior Living,MN,30,1,GW,P,2,Well (1); Distribution System/Zone (1),1,0,0,0,4,6,2024-12-09,NA,NA
MN-08,MN1580004,Riverside Seniors Community,MN,25,20,GW,P,3,Distribution System/Zone (1); Treatment Plant (1); Well (1),5,0,5,0,45,20,2024-10-09,NA,NA
MN-08,MN1180030,Crow Wing Estates,MN,180,54,GW,P,2,Distribution System/Zone (1); Well (1),17,8,1,0,65,18,2024-12-02,NA,NA
MN-08,MN1040031,Oak Hills Fellowship Bible College,MN,150,7,GW,P,10,Distribution System/Zone (1); Well (5); Treatment Plant (4),9,1,5,0,46,20,2025-06-25,NA,NA
MN-08,MN1180005,Lazy Acres Trailer Park,MN,50,21,GW,P,4,Well (2); Treatment Plant (1); Distribution System/Zone (1),12,2,4,0,51,22,2026-01-08,44.8596348,-92.9503982
MN-08,MN1040007,Birchlane Trailer Court,MN,80,43,GW,P,3,Consecutive Connection (1); Well (1); Distribution System/Zone (1),2,2,0,0,7,25,2025-03-27,NA,NA
MN-08,MN1040033,Country Lane Mobile Home Park,MN,35,20,GW,P,3,Well (1); Consecutive Connection (1); Distribution System/Zone (1),0,0,0,0,0,14,2025-03-27,NA,NA
MN-08,MN1690031,Kinney,MN,154,53,GW,L,4,Distribution System/Zone (1); Well (2); Treatment Plant (1),0,0,0,0,0,24,2025-10-30,47.514111,-92.72926
MN-08,MN1090008,Kettle River,MN,168,92,GW,L,4,Well (2); Treatment Plant (1); Distribution System/Zone (1),0,0,0,0,1,24,2024-11-06,NA,NA
MN-08,MN1580002,Finlayson,MN,315,113,GW,L,4,Well (2); Treatment Plant (1); Distribution System/Zone (1),3,3,0,0,11,22,2025-06-03,NA,NA
MN-08,MN1360005,Northome,MN,156,111,GW,L,4,Treatment Plant (1); Well (2); Distribution System/Zone (1),4,3,1,0,17,25,2025-08-18,NA,NA
MN-08,MN1480014,Foreston,MN,340,134,GW,L,4,Distribution System/Zone (1); Well (2); Treatment Plant (1),2,1,0,0,5,21,2026-01-29,NA,NA
MN-08,MN1150001,Bagley,MN,1288,584,GW,L,4,Distribution System/Zone (1); Well (2); Treatment Plant (1),9,5,0,0,31,25,2025-03-25,NA,NA
MN-08,MN1690058,Fayal Township,MN,565,218,SWP,L,3,Distribution System/Zone (1); Consecutive Connection (2),2,0,2,0,10,14,2025-05-06,47.4367171,-92.5017802
MN-08,MN1010001,Aitkin,MN,2165,809,GW,L,5,Well (2); Treatment Plant (2); Distribution System/Zone (1),10,5,2,0,38,24,2025-08-19,46.5171256,-93.7061389
MN-08,MN1030025,Ogema,MN,204,73,GWP,L,2,Consecutive Connection (1); Distribution System/Zone (1),3,0,0,0,8,13,2025-10-20,NA,NA
MN-08,MN1040034,Movil Lake Trailer Park,MN,50,22,GW,P,4,Well (3); Distribution System/Zone (1),2,0,0,0,9,15,2025-06-25,NA,NA
MN-08,MN1110034,Townsedge Estates,MN,65,39,GW,P,4,Common Headers (1); Well (2); Distribution System/Zone (1),0,0,0,0,0,11,2025-02-27,NA,NA
MN-08,MN1110002,Backus,MN,267,182,GW,L,4,Well (2); Treatment Plant (1); Distribution System/Zone (1),0,0,0,0,0,25,2025-07-07,NA,NA
MN-08,MN1040014,Blackduck,MN,826,311,GW,L,4,Distribution System/Zone (1); Well (2); Treatment Plant (1),3,0,1,0,15,25,2024-09-05,47.7299807,-94.5482711
MN-08,MN1310004,Calumet,MN,332,169,GW,L,5,Distribution System/Zone (1); Well (2); Treatment Plant (2),1,0,1,0,9,23,2025-07-28,NA,NA
MN-08,MN1480002,Milaca,MN,3043,1000,GW,L,5,Well (3); Treatment Plant (1); Distribution System/Zone (1),5,3,0,0,22,21,2025-07-15,NA,NA
MN-08,MN1690038,Orr,MN,249,124,GW,L,6,Well (3); Treatment Plant (2); Distribution System/Zone (1),1,0,1,0,9,23,2025-02-12,NA,NA
MN-08,MN1290001,Akeley,MN,426,246,GW,L,4,Distribution System/Zone (1); Treatment Plant (1); Well (2),1,0,0,0,5,22,2024-05-28,NA,NA
MN-08,MN1180019,Pequot Lakes,MN,1200,430,GW,L,4,Distribution System/Zone (1); Well (2); Treatment Plant (1),3,0,0,0,10,21,2024-11-25,NA,NA
MN-08,MN1440001,Bejou,MN,72,52,GW,L,4,Distribution System/Zone (1); Well (2); Treatment Plant (1),9,3,0,0,28,24,2026-02-25,NA,NA
MN-08,MN1360006,Ranier,MN,565,448,SWP,L,2,Distribution System/Zone (1); Consecutive Connection (1),2,2,0,0,6,23,2025-11-05,NA,NA
MN-08,MN1820030,Oakhill Cottages,MN,65,40,GW,P,3,Well (2); Distribution System/Zone (1),2,0,1,0,6,21,2025-03-04,NA,NA
MN-08,MN1690042,Proctor,MN,3099,1350,SWP,L,3,Consecutive Connection (1); Distribution System/Zone (1); Pump Facility (1),3,1,0,0,8,22,2025-11-19,NA,NA
MN-08,MN1690004,Biwabik,MN,975,663,SW,L,9,Distribution System/Zone (1); Pump Facility (2); Intake (1); Well (2); Treatment Plant (3),3,1,2,0,13,23,2025-11-03,NA,NA
MN-08,MN1690048,Floodwood,MN,501,311,GW,L,4,Treatment Plant (1); Well (2); Distribution System/Zone (1),5,0,5,0,31,23,2025-10-02,NA,NA
MN-08,MN1690003,Babbitt,MN,1379,751,GW,L,6,Well (4); Treatment Plant (1); Distribution System/Zone (1),2,0,0,0,10,24,2026-03-12,NA,NA
MN-08,MN1090011,Scanlon,MN,1003,412,GWP,L,2,Consecutive Connection (1); Distribution System/Zone (1),11,6,0,0,30,24,2026-03-24,NA,NA
MN-08,MN1090007,Cromwell,MN,250,69,GW,L,4,Distribution System/Zone (1); Well (2); Treatment Plant (1),2,1,1,0,10,24,2024-11-06,NA,NA
MN-08,MN1130016,Stacy,MN,1593,378,GW,L,6,Distribution System/Zone (1); Well (3); Treatment Plant (2),9,1,4,0,59,25,2024-11-20,NA,NA
MN-08,MN1130023,Preserve at Birch Lake,MN,388,97,GW,P,4,Distribution System/Zone (1); Common Headers (1); Well (2),1,0,1,0,7,10,2024-12-05,NA,NA
MN-08,MN1820038,Wyldewood Acres,MN,70,27,GW,P,2,Distribution System/Zone (1); Well (1),2,0,0,0,7,14,2025-12-17,44.997061,-93.230684
MN-08,MN1580021,Sturgeon Lake,MN,406,192,GW,L,4,Distribution System/Zone (1); Well (2); Treatment Plant (1),0,0,0,0,0,12,2025-02-11,NA,NA
MN-08,MN1040017,Kelliher,MN,259,115,GW,L,4,Distribution System/Zone (1); Well (2); Treatment Plant (1),2,2,0,0,8,25,2025-03-11,NA,NA
MN-08,MN1680006,Warroad,MN,1857,711,GW,L,7,Distribution System/Zone (1); Treatment Plant (3); Well (3),7,0,1,0,27,27,2025-06-17,NA,NA
MN-08,MN1130005,Harris,MN,400,126,GW,L,4,Distribution System/Zone (1); Well (2); Treatment Plant (1),6,2,4,0,30,25,2025-01-27,45.5807168,-92.9765615
MN-08,MN1480003,Onamia,MN,831,343,GW,L,6,Well (3); Treatment Plant (2); Distribution System/Zone (1),1,0,0,0,2,21,2025-11-04,46.0704393,-93.6689113
MN-08,MN1310029,MN Correctional Facility - Togo,MN,75,1,GW,P,4,Well (3); Distribution System/Zone (1),5,4,0,0,14,23,2025-03-11,NA,NA
MN-08,MN1480004,Green Acres Mobile Home Park,MN,80,40,GW,P,3,Well (2); Distribution System/Zone (1),3,1,0,0,12,22,2025-11-12,NA,NA
MN-08,MN1130021,Shorewood Park,MN,85,33,GW,P,2,Distribution System/Zone (1); Well (1),30,16,17,0,113,19,2025-07-08,NA,NA
MN-08,MN1390002,Anchor Bay Park,MN,55,45,GW,P,3,Distribution System/Zone (1); Well (2),12,2,1,0,53,24,2025-03-19,NA,NA
MN-08,MN1330005,Pine Land Mobile Home Park (Carda's),MN,70,25,GW,P,3,Well (1); Treatment Plant (1); Distribution System/Zone (1),5,1,0,0,21,21,2025-05-07,NA,NA
MN-08,MN1180012,Deerwood,MN,530,236,GW,L,4,Treatment Plant (1); Well (2); Distribution System/Zone (1),1,1,0,0,7,20,2024-11-04,NA,NA
MN-08,MN1310006,Coleraine,MN,1997,510,GW,L,6,Pump Facility (1); Well (2); Treatment Plant (1); Consecutive Connection (1); Distribution System/Zone (1),5,2,0,0,17,23,2025-09-23,NA,NA
MN-08,MN1090001,Barnum,MN,621,231,GW,L,4,Distribution System/Zone (1); Well (2); Treatment Plant (1),12,2,0,0,45,23,2024-10-29,NA,NA
MN-08,MN1180041,Bobber's LLC,MN,40,54,GW,P,4,Well (2); Treatment Plant (1); Distribution System/Zone (1),0,0,0,0,0,8,2026-01-08,46.3030377,-93.8192191
MN-08,MN1310035,Cohasset Municipal Water System,MN,1000,373,GW,L,4,Treatment Plant (1); Well (2); Distribution System/Zone (1),2,1,0,0,7,21,2025-09-10,NA,NA
MN-08,MN1310038,LaPrairie,MN,653,217,GWP,L,2,Consecutive Connection (1); Distribution System/Zone (1),2,0,1,0,9,20,2026-02-23,NA,NA
MN-08,MN1310003,Bovey,MN,821,334,GW,L,4,Distribution System/Zone (1); Consecutive Connection (1); Well (1); Treatment Plant (1),4,0,1,0,26,22,2025-09-23,NA,NA
MN-08,MN1090003,Carlton,MN,1146,439,GW,L,4,Treatment Plant (1); Well (2); Distribution System/Zone (1),1,0,0,0,4,25,2026-03-24,NA,NA
MN-08,MN1180040,Deer Run Mobile Resort,MN,25,17,GW,P,3,Distribution System/Zone (1); Treatment Plant (1); Well (1),1,0,0,0,3,8,2025-10-20,47.2184957,-93.5486242
MN-08,MN1180045,Knieff's Shore Acres,MN,100,53,GW,P,2,Distribution System/Zone (1); Well (1),3,0,0,0,12,6,2025-07-10,NA,NA
MN-08,MN1180036,Nelsons East Shore Landing,MN,45,32,GW,P,3,Well (2); Distribution System/Zone (1),4,3,3,0,17,10,2026-01-20,NA,NA
MN-08,MN1180034,Shiloh Assisted Living,MN,50,4,GW,P,7,Well (3); Treatment Plant (3); Distribution System/Zone (1),5,1,0,0,14,14,2025-05-05,NA,NA
MN-08,MN1690045,Breitung,MN,446,248,GW,L,4,Treatment Plant (1); Well (2); Distribution System/Zone (1),3,2,1,0,11,24,2026-03-12,NA,NA
MN-08,MN1300001,Braham,MN,1789,629,GW,L,5,Treatment Plant (2); Well (2); Distribution System/Zone (1),3,2,0,0,13,22,2025-07-31,NA,NA
MN-08,MN1180038,Golden Horizons Assisted Living Facility,MN,30,15,GW,P,3,Well (1); Treatment Plant (1); Distribution System/Zone (1),0,0,0,0,0,6,2025-03-11,NA,NA
MN-08,MN1110006,Cass Lake,MN,691,323,GW,L,5,Consecutive Connection (1); Distribution System/Zone (1); Well (2); Treatment Plant (1),1,1,0,0,6,22,2024-11-25,47.3788792,-94.6088339
MN-08,MN1150003,Clearbrook,MN,458,241,GW,L,4,Distribution System/Zone (1); Treatment Plant (1); Well (2),1,0,0,0,1,26,2025-03-25,47.6922472,-95.4297501
MN-08,MN1150005,Gonvick,MN,276,141,GW,L,4,Well (2); Treatment Plant (1); Distribution System/Zone (1),0,0,0,0,0,24,2025-01-07,NA,NA
MN-08,MN1440004,Waubun,MN,404,170,GW,L,4,Distribution System/Zone (1); Treatment Plant (1); Well (2),10,0,0,0,43,25,2025-05-15,NA,NA
MN-08,MN1040026,Secluded Acres,MN,60,28,GW,P,4,Well (2); Treatment Plant (1); Distribution System/Zone (1),4,2,0,0,14,23,2024-12-23,NA,NA
MN-08,MN1110030,Pillager,MN,523,248,GW,L,4,Well (2); Treatment Plant (1); Distribution System/Zone (1),1,0,0,0,2,19,2025-02-03,NA,NA
MN-08,MN1110033,Timberlane Estates,MN,64,32,GW,P,2,Distribution System/Zone (1); Well (1),3,0,0,0,15,11,2024-09-04,NA,NA
MN-08,MN1110013,Walker,MN,990,560,GW,L,8,Distribution System/Zone (1); Well (5); Treatment Plant (2),5,5,0,0,20,23,2024-11-25,NA,NA
MN-08,MN1690014,Ely,MN,3258,1875,SW,L,3,Intake (1); Treatment Plant (1); Distribution System/Zone (1),7,1,3,0,26,24,2026-03-11,NA,NA
MN-08,MN1690008,Forbes Mobile Home Park,MN,70,1,GW,P,2,Distribution System/Zone (1); Well (1),14,2,0,0,56,24,2026-03-26,35.8095541,-78.7966151
MN-08,MN1690035,Mountain Iron,MN,2880,937,GW,L,5,Well (3); Treatment Plant (1); Distribution System/Zone (1),4,1,0,0,16,24,2025-10-21,NA,NA
MN-08,MN1690049,Rice Lake,MN,1085,401,SWP,L,3,Pump Facility (1); Distribution System/Zone (1); Consecutive Connection (1),1,1,0,0,3,21,2024-11-18,NA,NA
MN-08,MN1690051,Tower,MN,426,247,GWP,L,2,Distribution System/Zone (1); Consecutive Connection (1),7,3,2,0,37,23,2026-03-12,NA,NA
MN-08,MN1690034,Meadowlands,MN,135,56,GW,L,5,Distribution System/Zone (1); Well (3); Treatment Plant (1),7,4,1,0,24,23,2025-08-05,NA,NA
MN-08,MN1690009,Cook,MN,574,219,GW,L,4,Treatment Plant (1); Well (2); Distribution System/Zone (1),4,0,1,0,15,24,2025-02-12,NA,NA
MN-08,MN1580017,Brook Park,MN,133,54,GW,L,3,Distribution System/Zone (1); Treatment Plant (1); Well (1),31,8,9,0,101,22,2025-12-15,NA,NA
MN-08,MN1580023,Cross Lake Housing Development,MN,150,58,GW,P,3,Distribution System/Zone (1); Well (2),2,0,2,0,12,14,2025-01-23,NA,NA
MN-08,MN1580020,Willow River,MN,410,143,GW,L,4,Well (2); Treatment Plant (1); Distribution System/Zone (1),2,0,0,0,5,15,2025-02-11,46.3169979,-92.8408065
MN-08,MN1580016,Pokegama Estates Community Well,MN,55,30,GW,P,2,Well (1); Distribution System/Zone (1),5,2,0,0,16,18,2025-01-23,NA,NA
MN-08,MN1580010,Sandstone,MN,1425,465,GW,L,4,Well (2); Treatment Plant (1); Distribution System/Zone (1),2,1,0,0,10,24,2025-10-29,NA,NA
MN-08,MN1820006,Woodlund Mobile Home Park,MN,330,111,GW,P,4,Common Headers (1); Distribution System/Zone (1); Well (2),1,0,1,0,9,25,2024-12-23,45.047638,-92.8357797
MN-08,MN1160001,Grand Marais,MN,1344,760,SW,L,3,Intake (1); Distribution System/Zone (1); Treatment Plant (1),5,2,0,0,17,25,2025-11-18,47.7502884,-90.3334819
MN-08,MN1160006,Pine Mountain Park,MN,60,22,GW,P,2,Well (1); Distribution System/Zone (1),2,0,0,0,6,17,2025-03-17,45.574546,-94.2379439
MN-08,MN1040038,Willow Brook,MN,60,32,GW,P,7,Treatment Plant (3); Well (3); Distribution System/Zone (1),3,0,0,0,5,4,2024-06-11,NA,NA
MN-08,MN1360001,Big Falls,MN,192,106,GW,L,4,Distribution System/Zone (1); Well (2); Treatment Plant (1),8,2,3,0,55,23,2024-06-10,NA,NA
MN-08,MN1820019,Scandia Water Company,MN,35,16,GW,P,2,Well (1); Distribution System/Zone (1),16,5,1,0,59,26,2025-07-02,45.2589728,-92.8044759
MN-08,MN1580001,Askov,MN,364,179,GW,L,4,Well (2); Treatment Plant (1); Distribution System/Zone (1),10,1,4,0,33,22,2026-02-10,NA,NA
MN-08,MN1690002,Aurora,MN,1764,795,SW,L,3,Treatment Plant (1); Distribution System/Zone (1); Intake (1),3,0,0,0,13,24,2025-11-04,NA,NA
MN-08,MN1300003,"Pine Village, Inc.",MN,460,233,GW,P,6,Treatment Plant (2); Well (3); Distribution System/Zone (1),3,2,0,0,12,23,2026-02-02,44.802838,-93.570497
MN-08,MN1130001,Center City,MN,305,300,GW,L,6,Consecutive Connection (1); Distribution System/Zone (1); Well (2); Treatment Plant (2),7,3,3,0,38,26,2025-04-24,45.39213,-92.81453
MN-08,MN1010011,Hill City,MN,633,252,GW,L,4,Well (2); Treatment Plant (1); Distribution System/Zone (1),2,0,0,0,8,25,2025-04-08,NA,NA
MN-08,MN1580005,Hinckley,MN,1964,659,GW,L,6,Distribution System/Zone (1); Treatment Plant (2); Well (3),13,0,13,0,63,23,2025-10-28,NA,NA
MN-08,MN1690028,Hoyt Lakes,MN,2020,953,SW,L,3,Treatment Plant (1); Distribution System/Zone (1); Intake (1),2,0,0,0,10,24,2025-11-06,NA,NA
MN-08,MN1310023,Marble,MN,699,287,GW,L,4,Distribution System/Zone (1); Well (2); Treatment Plant (1),5,0,5,0,31,23,2025-09-10,NA,NA
MN-08,MN1110019,Pine River,MN,939,349,GW,L,9,Distribution System/Zone (1); Well (5); Treatment Plant (3),5,1,4,0,27,22,2025-07-24,46.719092,-94.4054503
MN-08,MN1380003,Silver Bay,MN,1826,967,SW,L,3,Intake (1); Treatment Plant (1); Distribution System/Zone (1),4,4,0,0,9,23,2025-03-25,47.2946363,-91.2706187
MN-08,MN1130017,Taylors Falls,MN,1067,432,GW,L,6,Well (3); Treatment Plant (2); Distribution System/Zone (1),6,0,5,0,37,30,2025-04-22,NA,NA
MN-08,MN1690001,White Township,MN,1559,12,SWP,L,2,Distribution System/Zone (1); Consecutive Connection (1),2,1,0,0,9,24,2025-10-21,NA,NA
MN-08,MN1180008,Crosby,MN,2377,1010,GW,L,6,Treatment Plant (1); Well (3); Distribution System/Zone (1); Consecutive Connection (1),1,1,0,0,9,23,2025-05-01,NA,NA
MN-08,MN1010019,Why-Not Park,MN,25,21,GW,P,3,Well (2); Distribution System/Zone (1),23,1,1,0,87,8,2025-06-12,NA,NA
MN-08,MN1020005,GreyStone MHP,MN,500,163,GW,P,4,Distribution System/Zone (1); Treatment Plant (1); Well (1); Consecutive Connection (1),15,1,1,0,47,24,2024-10-29,44.964041,-93.84845
MN-08,MN1040036,Cottage Creek Estates,MN,50,33,GW,P,9,Treatment Plant (4); Well (4); Distribution System/Zone (1),1,0,0,0,3,10,2024-12-12,NA,NA
MN-08,MN1130010,Blue Waters Leisure Park,MN,150,63,GW,P,4,Well (2); Common Headers (1); Distribution System/Zone (1),5,3,2,0,26,24,2025-04-23,NA,NA
MN-08,MN1130020,"River Bend Mobile Home Park, Inc.",MN,100,53,GW,P,5,Common Headers (1); Distribution System/Zone (1); Well (3),4,1,0,0,21,24,2025-08-04,NA,NA
MN-08,MN1130014,Shafer,MN,1165,449,GW,L,7,Distribution System/Zone (1); Treatment Plant (3); Well (3),2,0,2,0,17,26,2025-01-23,NA,NA
MN-08,MN1130008,"Stonegate Co-op, Inc.",MN,90,49,GW,P,3,Well (1); Treatment Plant (1); Distribution System/Zone (1),0,0,0,0,0,24,2025-04-16,NA,NA
MN-08,MN1300006,Isanti Estates,MN,249,121,GW,P,4,Common Headers (1); Distribution System/Zone (1); Well (2),10,4,2,0,44,24,2025-07-31,NA,NA
MN-08,MN1310010,Country Acres Trailer Court,MN,100,37,GW,P,5,Common Headers (1); Well (3); Distribution System/Zone (1),7,1,0,0,28,23,2025-06-10,NA,NA
MN-08,MN1310021,Keewatin,MN,1068,517,GW,L,5,Distribution System/Zone (1); Well (2); Treatment Plant (2),1,0,1,0,9,23,2025-09-03,NA,NA
MN-08,MN1310013,Lakeview Terrace,MN,100,50,GW,P,4,Distribution System/Zone (1); Well (2); Common Headers (1),6,1,1,0,28,24,2025-06-10,NA,NA
MN-08,MN1310017,River Road Community,MN,80,20,GW,P,5,Distribution System/Zone (1); Common Headers (1); Well (3),8,2,0,0,30,25,2025-06-10,NA,NA
MN-08,MN1310007,Deer River,MN,942,365,GW,L,5,Treatment Plant (2); Well (2); Distribution System/Zone (1),4,1,3,0,24,25,2025-06-16,NA,NA
MN-08,MN1310024,Nashwauk,MN,971,556,GW,L,6,Pump Facility (1); Well (2); Treatment Plant (2); Distribution System/Zone (1),1,1,0,0,6,24,2025-09-25,47.3807635,-93.1656199
MN-08,MN1820026,Hilltop Water Company,MN,50,25,GW,P,2,Well (1); Distribution System/Zone (1),5,0,0,0,17,26,2025-12-17,NA,NA
MN-08,MN1690029,Iron Junction,MN,87,29,GW,L,4,Common Headers (1); Distribution System/Zone (1); Well (2),5,0,0,0,16,23,2025-07-24,NA,NA
MN-08,MN1580006,Sun Bay LLC,MN,90,53,GW,P,4,Distribution System/Zone (1); Well (3),4,0,0,0,14,26,2025-10-08,NA,NA
MN-08,MN1180035,White Pine Villas,MN,25,16,GW,P,2,Well (1); Distribution System/Zone (1),1,0,1,0,6,12,2025-07-24,NA,NA
MN-08,MN1820008,Hugo Estates,MN,300,133,GW,P,3,Well (2); Distribution System/Zone (1),3,1,2,0,18,25,2024-12-23,45.047638,-92.8357797
MN-08,MN1330004,Ogilvie,MN,398,156,GW,L,5,Distribution System/Zone (1); Well (2); Treatment Plant (2),7,2,2,0,30,21,2026-01-28,NA,NA
MN-08,MN1030004,Callaway,MN,234,91,GW,L,4,Well (2); Treatment Plant (1); Distribution System/Zone (1),2,0,2,0,14,22,2023-11-14,NA,NA
MN-08,MN1310001,Bigfork,MN,397,168,GW,L,4,Distribution System/Zone (1); Well (2); Treatment Plant (1),2,1,0,0,7,22,2024-09-10,NA,NA
MN-08,MN1110011,Remer,MN,369,66,GW,L,4,Distribution System/Zone (1); Well (2); Treatment Plant (1),6,3,1,0,17,24,2025-02-25,NA,NA
MN-08,MN1480016,Bock,MN,83,47,GW,L,4,Distribution System/Zone (1); Well (2); Treatment Plant (1),0,0,0,0,0,12,2025-02-11,NA,NA
MN-08,MN1440002,Mahnomen,MN,1217,546,GW,L,4,Well (2); Treatment Plant (1); Distribution System/Zone (1),2,2,0,0,10,25,2026-02-25,NA,NA
MN-08,MN1130024,Liberty Ponds Development,MN,240,80,GW,P,4,Well (2); Distribution System/Zone (1); Common Headers (1),1,0,0,0,3,8,2025-05-20,45.2790046,-92.9847496
MN-08,MN1480001,Isle,MN,820,479,GW,L,6,Distribution System/Zone (1); Treatment Plant (2); Well (3),3,2,0,0,5,21,2025-07-17,NA,NA
MN-08,MN1480011,Mille Lacs Island Resort,MN,400,278,GW,P,7,Common Headers (1); Distribution System/Zone (1); Well (4); Treatment Plant (1),14,9,3,0,66,21,2025-11-12,NA,NA
MN-08,MN1480017,Pease,MN,242,104,GW,L,4,Distribution System/Zone (1); Well (2); Treatment Plant (1),3,1,0,0,9,14,2025-02-18,NA,NA
MN-08,MN1580019,Pokegama Lake Resort and MHP,MN,400,115,GW,P,5,Distribution System/Zone (1); Well (4),8,1,0,0,32,18,2025-01-23,36.1878023,-115.3046126
MN-08,MN1040032,Pine Valley Mobile Home Park,MN,60,29,GW,P,2,Distribution System/Zone (1); Well (1),8,2,0,0,36,16,2025-05-07,NA,NA
MN-08,MN1180011,Cuyuna,MN,175,64,GW,L,3,Distribution System/Zone (1); Well (1); Treatment Plant (1),7,4,1,0,27,24,2025-11-13,NA,NA
MN-08,MN1180017,Ironton,MN,578,273,GW,L,5,Distribution System/Zone (1); Consecutive Connection (1); Treatment Plant (1); Well (2),2,0,1,0,4,21,2025-07-22,NA,NA
MN-08,MN1690033,McKinley,MN,110,52,GWP,L,2,Consecutive Connection (1); Distribution System/Zone (1),7,3,3,0,25,24,2025-10-21,NA,NA
MN-08,MN1360004,Littlefork,MN,542,262,GW,L,4,Distribution System/Zone (1); Well (2); Treatment Plant (1),5,2,0,0,14,24,2025-01-07,NA,NA
MN-08,MN1090009,Moose Lake,MN,1782,545,GW,L,5,Distribution System/Zone (1); Well (2); Treatment Plant (1); Consecutive Connection (1),15,15,0,0,18,24,2024-10-08,NA,NA
MN-08,MN1690006,Buhl,MN,1000,495,GW,L,4,Distribution System/Zone (1); Well (2); Treatment Plant (1),5,1,2,0,29,24,2025-11-12,NA,NA
MN-08,MN1040030,Grass Lake Mobile Home Park,MN,80,39,GW,P,2,Well (1); Distribution System/Zone (1),7,1,0,0,28,21,2024-09-26,NA,NA
MN-08,MN1130006,Peaceful Valley Mobile Home Park,MN,50,30,GW,P,3,Distribution System/Zone (1); Well (1); Treatment Plant (1),6,5,0,0,21,24,2025-05-06,NA,NA
MN-08,MN1690020,Gilbert,MN,1829,818,GW,L,8,Pump Facility (1); Well (5); Treatment Plant (1); Distribution System/Zone (1),2,1,0,0,10,25,2025-11-12,NA,NA
MN-08,MN1680014,Springsteel Island Supply,MN,80,40,GW,P,5,Common Headers (1); Distribution System/Zone (1); Well (3),1,1,0,0,0,21,2025-02-26,NA,NA
MN-08,MN1690057,Winton,MN,173,93,GW,L,5,Distribution System/Zone (1); Well (3); Treatment Plant (1),4,1,3,0,26,25,2025-10-17,NA,NA
MN-08,MN1180026,Trommald,MN,67,33,GW,L,2,Well (1); Distribution System/Zone (1),13,8,2,0,53,22,2025-04-21,NA,NA
MN-08,MN1310028,Taconite,MN,644,133,GW,L,4,Well (2); Treatment Plant (1); Distribution System/Zone (1),7,1,6,0,43,24,2025-06-10,NA,NA
MN-08,MN1390001,Baudette,MN,947,524,GW,L,4,Distribution System/Zone (1); Well (2); Treatment Plant (1),11,4,0,0,23,23,2025-03-19,48.7125621,-94.6003574
MN-08,MN1010013,Palisade,MN,166,97,GW,L,4,Distribution System/Zone (1); Well (2); Treatment Plant (1),4,2,1,1,9,24,2025-08-04,NA,NA
MN-08,MN1580012,Federal Correctional Institution,MN,1587,1,GW,P,4,Distribution System/Zone (1); Well (2); Treatment Plant (1),6,4,2,0,28,23,2025-06-05,NA,NA
MN-08,MN1130019,Birchwood Terrace,MN,200,80,GW,P,3,Distribution System/Zone (1); Well (2),5,0,0,0,21,25,2025-04-23,45.0327966,-93.0378816
MN-08,MN1040035,Roosevelt Court,MN,60,27,GW,P,4,Well (3); Distribution System/Zone (1),9,0,0,0,41,12,2025-09-25,NA,NA
MN-08,MN1180016,Garrison Bay Resort,MN,36,26,GW,P,2,Distribution System/Zone (1); Well (1),1,0,0,0,7,10,2025-10-20,44.9920623,-93.2296199
MN-08,MN1040024,Northern Trailer Park,MN,40,16,GW,P,2,Well (1); Distribution System/Zone (1),8,1,0,0,28,23,2025-05-07,47.6754256,-94.9076587
MN-08,MN1040009,Pines Mobile Estates,MN,60,30,GW,P,4,Common Headers (1); Distribution System/Zone (1); Well (2),26,11,0,0,102,25,2024-12-23,38.9529034,-77.1689536
MN-08,MN1040001,Elpine Village,MN,125,50,GW,P,4,Common Headers (1); Distribution System/Zone (1); Well (2),10,3,2,0,39,24,2025-02-20,NA,NA
MN-08,MN1180025,Riverton,MN,132,48,GW,L,5,Distribution System/Zone (1); Well (3); Treatment Plant (1),6,1,2,0,23,20,2025-02-06,NA,NA
MN-08,MN1010002,Bavaria Woods,MN,95,38,GW,P,3,Well (1); Common Headers (1); Distribution System/Zone (1),6,2,3,0,25,24,2025-08-19,44.851789,-93.635804
MN-08,MN1040027,Woodland Mobile Home Park,MN,70,31,GW,P,2,Distribution System/Zone (1); Well (1),12,0,1,0,34,20,2024-06-11,47.6754256,-94.9076587
MN-08,MN1290012,Laporte,MN,140,70,GW,L,4,Well (2); Treatment Plant (1); Distribution System/Zone (1),2,0,1,0,8,15,2024-12-19,NA,NA
MN-08,MN1180028,Chatham Park,MN,84,38,GW,P,3,Distribution System/Zone (1); Well (2),5,2,0,0,18,17,2025-02-12,NA,NA
NJ-09,NJ0902001,EAST NEWARK W DEPT,NJ,2406,300,SWP,L,4,Distribution System/Zone (1); Consecutive Connection (2); Sampling Station (1),29,18,2,0,37,16,2024-12-13,40.7519627,-74.1591095
NJ-09,NJ1606301,HOLLAND CHRISTIAN HOME,NJ,250,1,GW,P,5,Distribution System/Zone (1); Well (2); Sampling Station (1); Treatment Plant (1),87,24,2,0,43,23,2026-03-31,40.9711293,-74.1850921
NJ-09,NJ1433001,RIVERDALE BORO WATER DEP,NJ,2850,1150,SWP,L,8,Well (1); Treatment Plant (1); Sampling Station (1); Consecutive Connection (4); Distribution System/Zone (1),52,1,0,0,28,21,2025-09-30,40.9891919,-74.3022459
MI-08,MI0000300,AUBURN,MI,2087,934,SWP,L,3,Consecutive Connection (2); Distribution System/Zone (1),8,0,0,0,14,20,2025-09-03,43.6024439,-84.068524300000007
MI-08,MI0001019,BYRAM RIDGE,MI,40,15,GW,P,6,Well (3); Treatment Plant (1); Storage (1); Distribution System/Zone (1),23,3,1,0,31,18,2026-03-05,NA,NA
MI-08,MI0001380,"CHESANING, VILLAGE OF",MI,2394,1226,GW,L,8,Storage (1); Distribution System/Zone (1); Well (3); Treatment Plant (3),6,0,3,0,19,26,2025-05-16,43.1855965,-84.1143709
MI-08,MI0001663,LANDINGS AT CRANES COVE,MI,120,50,GW,P,5,Storage (1); Distribution System/Zone (1); Well (2); Treatment Plant (1),4,0,1,0,12,15,2023-10-12,NA,NA
MI-08,MI0002277,LAKE PARK VILLAGE CONDOMINIUMS,MI,900,402,GW,P,6,Distribution System/Zone (1); Storage (1); Treatment Plant (1); Well (3),32,0,2,0,40,20,2024-10-10,NA,NA
MI-08,MI0002425,FRANKENMUTH TOWNSHIP,MI,1389,463,SWP,L,2,Distribution System/Zone (1); Consecutive Connection (1),0,0,0,0,0,21,2024-08-07,NA,NA
MI-08,MI0003223,HOMER TOWNSHIP,MI,3097,1137,SWP,L,2,Consecutive Connection (1); Distribution System/Zone (1),4,0,0,0,16,22,2025-06-16,43.627754,-84.3302155
MI-08,MI0003475,JAMES TOWNSHIP,MI,2023,833,SWP,L,2,Consecutive Connection (1); Distribution System/Zone (1),2,0,0,0,3,22,2025-09-09,NA,NA
MI-08,MI0004276,"MERRILL, VILLAGE OF",MI,695,210,GW,L,6,Distribution System/Zone (1); Storage (1); Well (2); Treatment Plant (1); Common Headers (1),9,0,0,0,6,28,2026-03-09,43.410046,-84.3309373
MI-08,MI0004377,MIDLAND CHARTER TOWNSHIP,MI,1348,535,SWP,L,2,Consecutive Connection (1); Distribution System/Zone (1),0,0,0,0,4,22,2025-06-16,43.5824785,-84.2483966
MI-08,MI0005315,PHEASANT RUN MANOR APARTMENTS,MI,360,15,GW,P,5,Distribution System/Zone (1); Storage (1); Well (2); Treatment Plant (1),1,0,0,0,2,19,2025-03-04,42.8222472,-83.7013708
MI-08,MI0005540,PORTSMOUTH TOWNSHIP,MI,535,209,SWP,L,2,Distribution System/Zone (1); Consecutive Connection (1),4,0,4,0,14,25,2025-11-20,43.6258353,-83.8739734
MI-08,MI0006552,TAYMOUTH TOWNSHIP,MI,2033,714,SWP,L,2,Distribution System/Zone (1); Consecutive Connection (1),0,0,0,0,0,23,2026-02-17,43.2507145,-83.8292931
MI-08,MI0006575,SUGARTREE APARTMENTS,MI,375,6,GW,P,5,Storage (1); Distribution System/Zone (1); Common Headers (1); Well (2),9,0,0,0,35,20,2025-07-11,42.7144646,-84.4098697
MI-08,MI0007280,"ZILWAUKEE, CITY OF",MI,1534,950,SWP,L,2,Consecutive Connection (1); Distribution System/Zone (1),2,0,0,0,3,21,2026-02-17,43.4791235,-83.9204293
MI-08,MI0040131,TRADEWINDS MOBILE HOME PARK,MI,54,29,GW,P,6,Distribution System/Zone (1); Well (4); Treatment Plant (1),9,0,1,0,30,17,2024-12-04,NA,NA
MI-08,MI0040138,GUNTHER MOBILE HOME COURT INC,MI,105,172,GW,P,5,Distribution System/Zone (1); Storage (2); Well (2),17,3,1,0,38,21,2024-10-16,NA,NA
MI-08,MI0040140,MY PLACE AT HERITAGE ESTATES,MI,75,56,GW,P,4,Distribution System/Zone (1); Well (2); Treatment Plant (1),15,1,3,0,38,19,2026-02-18,NA,NA
MI-08,MI0040144,"PONEMAH LAKESIDE RETREAT, LLC",MI,80,61,GW,P,6,Common Headers (1); Storage (1); Distribution System/Zone (1); Well (2); Treatment Plant (1),37,0,3,0,58,22,2026-03-26,42.8079622,-83.7071547
MI-08,MI0040145,LINDEN PLACE MOBILE HOME PARK,MI,236,162,GW,P,5,Distribution System/Zone (1); Storage (1); Common Headers (1); Well (2),4,0,2,0,14,17,2024-03-08,NA,NA
MI-08,MI0040154,NORTH DORT MANOR LTD,MI,100,57,GW,P,6,Storage (2); Distribution System/Zone (1); Well (2); Common Headers (1),53,1,5,0,88,16,2024-10-10,NA,NA
MI-08,MI0040155,NORTH MORRIS ESTATES,MI,313,598,GW,P,3,Distribution System/Zone (1); Well (2),32,3,3,0,42,22,2026-03-26,NA,NA
MI-08,MI0040156,OLD ORCHARD ESTATES,MI,296,200,GW,P,4,Distribution System/Zone (1); Well (2); Treatment Plant (1),10,0,7,0,48,17,2025-05-08,NA,NA
MI-08,MI0040158,LAKE FENTON MOBILE HOME PARK,MI,220,134,GW,P,5,Treatment Plant (1); Well (3); Distribution System/Zone (1),8,0,7,0,49,20,2025-02-12,NA,NA
MI-08,MI0040162,"WESTHAVEN MOBILE HOME PARK, LLC",MI,122,77,GW,P,5,Distribution System/Zone (1); Storage (1); Treatment Plant (1); Well (2),91,5,17,0,90,27,2026-03-26,NA,NA
MI-08,MI0040164,SWARTZ CREEK MEADOWS,MI,400,608,GW,P,11,Well (5); Storage (5); Distribution System/Zone (1),22,0,1,0,33,22,2025-07-30,42.9688133,-83.9287006
MI-08,MI0040345,RUMBAUGH ESTATES LLC,MI,125,71,GW,P,4,Distribution System/Zone (1); Common Headers (1); Well (2),3,1,2,1,14,19,2026-03-09,NA,NA
MI-08,MI0040438,FREELAND MOBILE HOME PARK,MI,280,127,GW,P,5,Distribution System/Zone (1); Well (3); Treatment Plant (1),1,0,1,0,16,29,2025-11-04,NA,NA
MI-08,MI0040441,PARKWOOD,MI,58,112,GW,P,5,Distribution System/Zone (1); Well (3); Treatment Plant (1),39,2,16,1,109,31,2026-01-14,NA,NA
MI-08,MI0040443,STODDARD MOBILE HOME COURT,MI,285,125,GW,P,6,Common Headers (2); Well (3); Distribution System/Zone (1),12,2,1,0,35,20,2026-03-27,NA,NA
MI-08,MI0006502,SWAN CREEK TOWNSHIP,MI,2023,953,SWP,L,3,Distribution System/Zone (1); Storage (1); Consecutive Connection (1),3,0,0,0,5,22,2025-09-09,NA,NA
MI-08,MI0006260,"ST. CHARLES, VILLAGE OF",MI,2054,933,SWP,L,3,Distribution System/Zone (1); Storage (1); Consecutive Connection (1),7,1,0,0,17,22,2025-08-19,43.2994006,-84.1432007
MI-08,MI0006210,SPAULDING TOWNSHIP,MI,2153,901,SWP,L,2,Distribution System/Zone (1); Consecutive Connection (1),2,0,0,0,4,21,2025-10-23,43.3505583,-83.9543308
MI-08,MI0004520,"MOUNT MORRIS, CITY OF",MI,3086,1196,SWP,L,2,Distribution System/Zone (1); Consecutive Connection (1),7,0,2,0,18,17,2024-10-09,43.123235,-83.6944807
MI-08,MI0004480,"MONTROSE, CITY OF",MI,1657,663,SWP,L,2,Consecutive Connection (1); Distribution System/Zone (1),24,2,1,0,52,20,2025-08-20,43.1754891,-83.8943616
MI-08,MI0003110,HEMLOCK/RICHLAND TOWNSHIP,MI,1632,597,GW,L,6,Treatment Plant (2); Well (2); Distribution System/Zone (1); Storage (1),4,1,2,0,16,30,2025-05-15,43.4245668,-84.2297254
MI-08,MI0001490,"CLIO, CITY OF",MI,2515,987,SWP,L,2,Consecutive Connection (1); Distribution System/Zone (1),27,0,0,0,71,16,2025-08-20,43.1773241,-83.737744
MI-08,MI0001020,"BYRON, VILLAGE OF",MI,581,200,GW,L,5,Storage (1); Distribution System/Zone (1); Well (2); Treatment Plant (1),13,0,7,0,42,30,2025-05-21,42.8245851,-83.944308
MI-08,MI0000722,BIRCH RUN TOWNSHIP,MI,2080,843,SWP,L,3,Consecutive Connection (1); Distribution System/Zone (1); Storage (1),2,0,0,0,3,22,2025-10-28,NA,NA
MI-08,MI0000720,"BIRCH RUN, VILLAGE OF",MI,1555,465,SWP,L,4,Consecutive Connection (1); Storage (2); Distribution System/Zone (1),4,0,0,0,7,22,2025-10-15,43.2497033,-83.7910804
MI-08,MI0000400,BANGOR-MONITOR METRO DISTRICT,MI,2971,1388,SWP,L,2,Distribution System/Zone (1); Consecutive Connection (1),2,0,0,0,5,20,2026-02-11,NA,NA
MI-08,MI0000088,ALBEE TOWNSHIP,MI,411,204,SWP,L,2,Consecutive Connection (1); Distribution System/Zone (1),0,0,0,0,0,23,2025-09-09,43.2505304,-83.9133038
MI-08,MI0040601,PINE RIDGE MOBILE HOME COMMUNITY,MI,490,196,GW,P,5,Well (2); Treatment Plant (1); Distribution System/Zone (1); Storage (1),9,0,6,0,32,22,2025-02-13,NA,NA
MI-08,MI0066355,ARGENTINE CARE CENTER,MI,60,1,GW,P,6,Storage (1); Distribution System/Zone (1); Treatment Plant (1); Well (2); Common Headers (1),108,2,5,0,65,20,2026-03-26,42.8113865,-83.7574959
MI-08,MI0066695,THE PINES OF GOODRICH,MI,40,2,GW,P,4,Well (2); Treatment Plant (1); Distribution System/Zone (1),46,2,16,0,90,7,2025-05-08,NA,NA
MI-08,MI0000798,BLUMFIELD-REESE WATER AUTH.,MI,3024,1363,SWP,L,3,Distribution System/Zone (1); Storage (1); Consecutive Connection (1),0,0,0,0,0,20,2025-07-16,NA,NA
MI-08,MI0005050,"OTISVILLE, VILLAGE OF",MI,864,280,GW,L,7,Storage (1); Distribution System/Zone (1); Treatment Plant (3); Well (2),87,3,1,0,111,23,2025-08-20,NA,NA
MI-08,MI0005335,PINCONNING TOWNSHIP,MI,1479,486,SWP,L,2,Distribution System/Zone (1); Consecutive Connection (1),1,0,0,0,4,22,2025-11-20,43.6258353,-83.8739734
MI-08,MI0040647,ORCHARD COVE,MI,255,117,GW,P,4,Distribution System/Zone (1); Well (2); Treatment Plant (1),0,0,0,0,0,18,2024-12-03,42.6780422,-83.1356131
MI-08,MI0005330,"PINCONNING, CITY OF",MI,1204,682,SWP,L,2,Consecutive Connection (1); Distribution System/Zone (1),6,0,4,0,17,28,2026-02-11,NA,NA
MI-08,MI0003570,KAWKAWLIN METRO DIST WATER SUP,MI,1480,440,SWP,L,2,Distribution System/Zone (1); Consecutive Connection (1),0,0,0,0,10,19,2023-09-20,NA,NA
MI-08,MI0003794,LARKIN TOWNSHIP,MI,2878,956,SWP,L,3,Distribution System/Zone (1); Storage (1); Consecutive Connection (1),0,0,0,0,4,22,2025-06-16,43.6987961,-84.2279699
MI-08,MI0003910,LINWOOD METROPOLITAN DISTRICT,MI,909,384,SWP,L,4,Consecutive Connection (1); Pump Facility (1); Storage (1); Distribution System/Zone (1),11,2,9,0,52,28,2025-08-20,NA,NA
MI-07,MI0000590,"BELLEVUE, VILLAGE OF",MI,1282,475,GW,L,6,Pump Facility (1); Distribution System/Zone (1); Storage (1); Well (2); Treatment Plant (1),3,0,0,0,17,19,2025-09-07,42.444989,-85.01823
MI-07,MI0000716,BINGHAM TOWNSHIP,MI,150,62,GW,L,6,Well (3); Treatment Plant (1); Distribution System/Zone (1); Storage (1),23,0,0,0,8,12,2025-04-16,43.0168315,-84.5628604
MI-07,MI0000731,BISHOP LAKE APARTMENTS,MI,54,2,GW,P,5,Storage (1); Distribution System/Zone (1); Well (2); Common Headers (1),3,0,0,0,9,13,2024-07-21,NA,NA
MI-07,MI0001002,OAK POINTE,MI,2000,930,GW,L,7,Distribution System/Zone (1); Storage (2); Treatment Plant (1); Well (3),3,0,1,0,6,14,2025-07-23,NA,NA
MI-07,MI0001718,"DANSVILLE, VILLAGE OF",MI,125,58,GW,L,6,Well (2); Treatment Plant (1); Storage (2); Distribution System/Zone (1),4,0,2,0,13,17,2024-05-10,42.5558459,-84.2934771
MI-07,MI0002400,"FOWLERVILLE, VILLAGE OF",MI,2951,715,GW,L,10,Storage (2); Distribution System/Zone (1); Well (5); Treatment Plant (2),8,0,3,0,25,18,2025-10-29,42.6592769,-84.0730036
MI-07,MI0002846,GREENFIELD POINTE SUBDIVISION,MI,265,98,GW,P,5,Distribution System/Zone (1); Storage (1); Well (2); Treatment Plant (1),7,0,2,0,28,12,2023-11-20,42.5858468,-83.7605526
MI-07,MI0003131,HIDDEN GLEN APARTMENTS,MI,50,2,GW,P,5,Distribution System/Zone (1); Storage (1); Well (2); Common Headers (1),45,1,3,1,78,25,2025-06-16,42.6671026,-82.9901922
MI-07,MI0003134,HIGHFIELDS YOUTH CAMP,MI,32,9,GW,P,15,Storage (6); Distribution System/Zone (2); Well (5); Sampling Station (1); Common Headers (1),9,0,3,0,38,22,2026-03-10,42.4390622,-84.5449906
MI-07,MI0003137,HIDDEN LAKES OF GREEN OAKS,MI,1148,425,GW,P,7,Storage (2); Distribution System/Zone (1); Well (3); Treatment Plant (1),1,0,0,0,2,12,2025-10-28,NA,NA
MI-07,MI0003693,LAKE ANGELA CONDO APTS #5,MI,24,16,GW,P,5,Well (2); Distribution System/Zone (1); Storage (1); Common Headers (1),20,0,0,0,12,13,2022-02-07,NA,NA
MI-07,MI0003696,LAKE ANGELA CONDO APTS #6,MI,24,16,GW,P,4,Common Headers (1); Distribution System/Zone (1); Well (2),2,0,0,0,6,12,2022-02-07,NA,NA
MI-07,MI0003840,"LESLIE, CITY OF",MI,1872,700,GW,L,5,Distribution System/Zone (1); Storage (1); Well (2); Treatment Plant (1),11,0,1,0,37,26,2025-07-16,42.4512351,-84.439437
MI-07,MI0003857,DIVINE LIFE OF DEWITT,MI,39,3,GW,P,9,Well (2); Storage (5); Distribution System/Zone (1); Common Headers (1),13,4,3,0,40,16,2025-10-07,42.8377647,-84.5675146
MI-07,MI0005033,HUNTMORE ESTATES,MI,290,116,GW,P,5,Distribution System/Zone (1); Storage (1); Well (2); Treatment Plant (1),16,2,2,1,44,14,2025-06-25,NA,NA
MI-07,MI0005037,OSBORN LAKE ESTATES,MI,92,42,GW,P,5,Well (2); Common Headers (1); Storage (1); Distribution System/Zone (1),9,0,2,0,25,15,2023-10-19,42.5817926,-83.7720595
MI-07,MI0005229,THE PENINSULA DEVELOPMENT LLC,MI,270,99,GW,P,5,Treatment Plant (1); Well (2); Distribution System/Zone (1); Storage (1),6,1,1,0,14,14,2025-06-25,NA,NA
MI-07,MI0005322,"PINCKNEY, VILLAGE OF",MI,2353,775,GW,L,5,Well (2); Treatment Plant (1); Distribution System/Zone (1); Storage (1),4,0,1,0,11,18,2025-04-22,42.4556823,-83.9463618
MI-07,MI0005577,LAKESHORE VILLAGE SUBDIVISION,MI,132,51,GW,P,5,Treatment Plant (1); Well (2); Distribution System/Zone (1); Storage (1),11,0,2,0,38,14,2024-05-20,42.5870584,-83.7660981
MI-07,MI0005819,HIDDEN SHORES WEST,MI,75,2,GW,P,5,Well (2); Common Headers (1); Storage (1); Distribution System/Zone (1),41,1,6,1,57,18,2025-08-26,NA,NA
MI-07,MI0006420,"STOCKBRIDGE, VILLAGE OF",MI,1202,502,GW,L,5,Distribution System/Zone (1); Storage (1); Well (2); Treatment Plant (1),11,0,0,0,22,16,2023-03-08,42.4514664,-84.1790528
MI-07,MI0006423,STONE RIDGE,MI,367,136,GW,P,4,Well (2); Treatment Plant (1); Distribution System/Zone (1),15,0,0,0,32,12,2022-12-20,NA,NA
MI-07,MI0006792,V F W NATIONAL HOME,MI,150,50,GW,P,6,Distribution System/Zone (1); Storage (2); Well (2); Treatment Plant (1),42,0,2,0,59,17,2023-03-20,42.4758877,-84.5981113
MI-07,MI0006970,"WEBBERVILLE, VILLAGE OF",MI,1503,450,GW,L,7,Well (3); Treatment Plant (2); Distribution System/Zone (1); Storage (1),14,0,2,0,37,17,2025-03-04,42.66678,-84.1739553
MI-07,MI0040116,DUTCH HILLS,MI,620,278,GW,P,5,Well (2); Treatment Plant (1); Storage (1); Distribution System/Zone (1),1,0,0,0,6,34,2026-02-20,NA,NA
MI-07,MI0040325,UNIVERSITY MOBILE ESTATES #2,MI,148,55,GW,P,5,Well (2); Distribution System/Zone (1); Storage (1); Common Headers (1),14,0,3,0,31,15,2024-01-05,41.881918,-87.6248729
MI-07,MI0040326,WOODLAND PARK AND SALES,MI,125,63,GW,P,6,Well (3); Storage (1); Distribution System/Zone (1); Common Headers (1),31,1,1,0,31,12,2023-10-19,NA,NA
MI-07,MI0040376,CHILDS LAKE ESTATES MHC,MI,1548,619,GW,P,6,Well (4); Treatment Plant (1); Distribution System/Zone (1),52,0,1,0,37,16,2024-11-22,NA,NA
MI-07,MI0040649,COVENTRY WOODS MHC,MI,823,350,GW,P,4,Distribution System/Zone (1); Treatment Plant (1); Well (2),7,3,4,0,23,17,2025-09-26,42.4736387,-83.4431568
MI-07,MI0040654,HARTLAND MEADOWS,MI,1543,617,GW,P,5,Treatment Plant (1); Well (2); Storage (1); Distribution System/Zone (1),0,0,0,0,0,13,2025-02-06,42.4736387,-83.4431568
MI-07,MI0040657,NORTHVILLE CROSSING,MI,1890,756,GW,P,5,Distribution System/Zone (1); Storage (1); Well (2); Treatment Plant (1),27,0,0,0,22,12,2025-01-07,NA,NA
MI-07,MI0040658,TYRONE WOODS,MI,1088,403,GW,P,5,Well (3); Treatment Plant (1); Distribution System/Zone (1),5,0,1,0,28,14,2025-07-10,NA,NA
MI-07,MI0040671,RIDGEWOOD MOBILE HOME PARK INC,MI,1030,455,GW,P,6,Distribution System/Zone (1); Storage (1); Well (3); Treatment Plant (1),0,0,0,0,0,13,2026-03-24,42.4736387,-83.4431568
MI-07,MI0040679,CIDERMILL CROSSINGS,MI,1863,621,GW,P,5,Distribution System/Zone (1); Storage (1); Well (2); Treatment Plant (1),0,0,0,0,0,12,2022-10-18,NA,NA
MI-07,MI0040200,"MASON MOBILE, LLC",MI,48,35,GW,P,8,Well (2); Common Headers (1); Distribution System/Zone (1); Storage (4),7,0,2,0,27,16,2025-11-07,NA,NA
MI-07,MI0040322,SILVER LAKE MOBILE HOME PARK,MI,68,27,GW,P,5,Distribution System/Zone (1); Storage (1); Well (2); Treatment Plant (1),15,1,7,0,63,14,2026-03-18,NA,NA
MI-07,MI0001640,"CORUNNA, CITY OF",MI,2028,845,GWP,L,5,Well (1); Distribution System/Zone (1); Storage (1); Consecutive Connection (1); Pump Facility (1),1,0,0,0,8,18,2024-07-29,42.989557,-84.128975
MI-07,MI0002120,"ELSIE, VILLAGE OF",MI,966,456,GW,L,7,Treatment Plant (2); Well (3); Storage (1); Distribution System/Zone (1),14,0,1,0,45,18,2025-09-17,NA,NA
MI-07,MI0040164,SWARTZ CREEK MEADOWS,MI,400,608,GW,P,11,Well (5); Storage (5); Distribution System/Zone (1),22,0,1,0,33,22,2025-07-30,42.9688133,-83.9287006
MI-07,MI0040451,LAKEVIEW ESTATES,MI,380,239,GW,P,12,Treatment Plant (1); Well (9); Storage (1); Distribution System/Zone (1),11,1,3,0,47,36,2026-03-11,36.1878023,-115.3046126
MI-07,MI0040453,NORTHWOODS COMMUNITY,MI,238,97,GW,P,7,Treatment Plant (2); Well (2); Storage (2); Distribution System/Zone (1),14,2,11,0,53,27,2025-02-25,42.997796,-84.186661
MI-07,MI0040455,WOODS AND FIELDS COMMUNITIES WEST,MI,185,74,GW,P,5,Well (2); Treatment Plant (1); Storage (1); Distribution System/Zone (1),3,0,1,0,17,26,2025-02-25,42.997796,-84.186661
MI-07,MI0005039,ORCHARD PLACE MANOR APARTMENTS,MI,120,92,GW,P,5,Distribution System/Zone (1); Storage (1); Well (2); Common Headers (1),15,0,4,0,42,23,2025-07-14,45.0581373,-83.4510495
MI-07,MI0004700,"NEW LOTHROP, VILLAGE OF",MI,610,260,GW,L,5,Storage (1); Distribution System/Zone (1); Treatment Plant (1); Well (2),9,0,1,0,23,30,2025-11-25,43.1190039,-83.9705819
MI-07,MI0001020,"BYRON, VILLAGE OF",MI,581,200,GW,L,5,Storage (1); Distribution System/Zone (1); Well (2); Treatment Plant (1),13,0,7,0,42,30,2025-05-21,42.8245851,-83.944308
MI-07,MI0000370,"BANCROFT, VILLAGE OF",MI,616,193,GW,L,5,Storage (1); Distribution System/Zone (1); Well (2); Treatment Plant (1),22,1,5,0,63,30,2025-11-14,42.8757287,-84.0653134
MI-07,MI0004060,"MAPLE RAPIDS, VILLAGE OF",MI,643,270,GW,L,6,Distribution System/Zone (1); Storage (1); Well (2); Treatment Plant (2),31,0,1,0,41,16,2023-10-27,NA,NA
MI-07,MI0002390,"FOWLER, VILLAGE OF",MI,1136,553,GW,L,5,Well (2); Treatment Plant (1); Storage (1); Distribution System/Zone (1),8,0,1,0,26,17,2025-05-30,43.0037882,-84.7397625
MI-07,MI0040639,WOODS AND FIELDS COMMUNITIES EAST,MI,528,270,GW,P,6,Well (3); Treatment Plant (1); Storage (1); Distribution System/Zone (1),9,1,2,0,26,26,2025-02-25,42.997796,-84.186661
MI-07,MI0040616,NORTH BAY HARBOR CLUB,MI,235,94,GW,P,5,Well (2); Treatment Plant (1); Storage (1); Distribution System/Zone (1),8,0,3,0,41,13,2024-04-25,NA,NA
MI-07,MI0040456,QUIET COVE TRAILER PARK,MI,70,44,GW,P,5,Well (2); Storage (1); Distribution System/Zone (1); Common Headers (1),4,0,2,0,17,19,2025-06-19,42.9730451,-85.1344781
MI-07,MI0040450,COUNTRYSIDE VILLAGE,MI,490,360,GW,P,6,Well (2); Treatment Plant (1); Distribution System/Zone (1); Storage (1); Pump Facility (1),2,0,0,0,6,26,2025-06-13,42.267681,-83.341557
MI-07,MI0005280,"PERRY, CITY OF",MI,2065,700,GW,L,6,Treatment Plant (1); Well (3); Distribution System/Zone (1); Storage (1),0,0,0,0,4,31,2025-10-23,42.8275172,-84.2210702
MI-07,MI0005100,"OVID, CITY OF",MI,1612,665,GW,L,9,Storage (2); Distribution System/Zone (1); Pump Facility (1); Well (3); Treatment Plant (2),14,1,1,0,37,19,2025-05-13,43.0052414,-84.3712764
MI-07,MI0040669,WOODLAND RIDGE,MI,1400,544,GW,P,6,Storage (1); Distribution System/Zone (1); Well (3); Treatment Plant (1),24,0,0,0,7,15,2024-01-18,NA,NA
MI-07,MI0040599,CADGEWITH FARMS,MI,344,229,GW,P,5,Distribution System/Zone (1); Storage (1); Well (2); Common Headers (1),22,0,7,0,77,22,2025-12-19,NA,NA
MI-07,MI0040323,STARLIGHT MOBILE HOME PARK,MI,79,48,GW,P,5,Treatment Plant (1); Well (2); Distribution System/Zone (1); Storage (1),8,0,3,0,21,15,2025-11-19,NA,NA
MI-07,MI0040319,ALAN'S PARK - FOWLERVILLE,MI,350,199,GW,P,4,Distribution System/Zone (1); Well (2); Common Headers (1),11,0,2,0,39,16,2024-09-30,NA,NA
MI-07,MI0040318,FAIRLAWN MEADOWS,MI,57,48,GW,P,5,Well (2); Distribution System/Zone (1); Storage (1); Common Headers (1),16,3,0,0,44,12,2024-12-11,NA,NA
MI-07,MI0040316,FAIRLANE ESTATES,MI,88,60,GW,P,6,Common Headers (1); Well (2); Storage (2); Distribution System/Zone (1),4,0,1,0,14,16,2023-10-02,NA,NA
MI-07,MI0040314,SYLVAN GLEN ESTATES,MI,1150,482,GW,P,5,Distribution System/Zone (1); Well (3); Treatment Plant (1),7,0,0,0,21,16,2023-09-25,NA,NA
MI-07,MI0040203,WINDMILL PARK,MI,950,484,GW,P,9,Well (4); Storage (2); Distribution System/Zone (1); Common Headers (2),1,0,0,0,2,14,2024-06-28,NA,NA
MI-07,MI0040199,STONEGATE MOBILE HOME COMMUNITY,MI,647,308,GW,P,5,Storage (1); Distribution System/Zone (1); Treatment Plant (1); Well (2),2,0,0,0,5,20,2024-04-12,42.6586034,-84.5943616
MI-07,MI0040197,MASON MANOR,MI,630,269,GW,P,5,Common Headers (1); Storage (1); Distribution System/Zone (1); Well (2),9,0,4,0,29,19,2026-02-19,NA,NA
MI-07,MI0040194,HAMLIN MOBILE HOME PARK,MI,458,239,GW,P,5,Storage (1); Distribution System/Zone (1); Treatment Plant (1); Well (2),6,0,1,0,21,16,2024-02-29,NA,NA
MI-07,MI0040119,CREEKSIDE MEADOWS OF ST. JOHNS,MI,387,216,GW,P,5,Well (2); Treatment Plant (1); Storage (1); Distribution System/Zone (1),6,0,2,0,30,28,2025-09-24,NA,NA
MI-07,MI0005395,GREEN BROOK ESTATES,MI,40,29,GW,P,5,Distribution System/Zone (1); Storage (1); Well (2); Common Headers (1),142,16,24,4,151,22,2024-11-18,NA,NA
MI-07,MI0004595,MYSTIC RIDGE L.L.C.,MI,225,90,GW,P,6,Pump Facility (1); Well (2); Treatment Plant (1); Distribution System/Zone (1); Storage (1),1,0,0,0,2,14,2024-01-18,42.1756612,-83.7574338
MI-07,MI0004403,MILLPOINTE OF HARTLAND,MI,724,206,GW,P,5,Distribution System/Zone (1); Storage (1); Well (2); Treatment Plant (1),3,0,0,0,7,13,2024-05-29,NA,NA
MI-07,MI0003946,LOOKING GLASS TERRACES APTS.,MI,31,25,GW,P,5,Treatment Plant (1); Well (2); Storage (1); Distribution System/Zone (1),6,0,1,0,14,25,2025-06-13,NA,NA
MI-07,MI0003080,HARVEST HILLS SUBDIVISION ASSO,MI,225,85,GW,P,5,Well (2); Treatment Plant (1); Storage (1); Distribution System/Zone (1),2,0,0,0,5,14,2025-10-28,NA,NA
MI-07,MI0003075,HARTLAND TOWNSHIP,MI,3022,596,GW,L,6,Distribution System/Zone (1); Storage (1); Well (3); Treatment Plant (1),2,0,0,0,3,15,2025-01-28,NA,NA
MI-07,MI0002982,HANDY TOWNSHIP - RED CEDARS CROSSING,MI,1030,412,GW,L,6,Storage (1); Distribution System/Zone (1); Well (3); Treatment Plant (1),2,2,0,0,2,17,2025-11-25,42.661392,-84.0734789
MI-07,MI0002347,FONDA LAKE WATER AUTHORITY,MI,1705,682,GW,L,5,Treatment Plant (1); Well (2); Storage (1); Distribution System/Zone (1),4,0,0,0,7,19,2025-10-29,NA,NA
MI-07,MI0002292,EASTERN MI DISTRICT CHURCH OF NAZARENE,MI,250,73,GW,P,5,Well (2); Treatment Plant (1); Storage (1); Distribution System/Zone (1),22,4,9,0,60,16,2025-08-26,NA,NA
MI-07,MI0001565,COLUMBIA LAKES ESTATES,MI,700,312,GW,P,5,Storage (1); Distribution System/Zone (1); Well (2); Treatment Plant (1),6,0,0,0,11,22,2024-06-07,NA,NA
MI-07,MI0001543,GREEN OAK TWP - CENTENNIAL FARMS,MI,900,75,GW,L,5,Distribution System/Zone (1); Storage (1); Treatment Plant (1); Well (2),2,0,1,0,10,14,2023-12-19,42.4679011,-83.7540829
MI-07,MI0040124,WINDSOR ESTATES,MI,718,470,GW,P,10,Treatment Plant (1); Well (6); Storage (2); Distribution System/Zone (1),13,0,2,0,37,15,2024-10-17,NA,NA
MI-07,MI0005550,"POTTERVILLE, CITY OF",MI,2617,830,GW,L,6,Storage (1); Distribution System/Zone (1); Treatment Plant (2); Well (2),12,0,0,0,27,22,2025-08-05,42.6282881,-84.7439865
MI-07,MI0004428,MISTY COVE SENIOR APARTMENTS,MI,66,1,GW,P,5,Well (2); Storage (1); Distribution System/Zone (1); Common Headers (1),11,0,5,0,30,15,2024-10-24,NA,NA
MI-07,MI0002785,GRAND POINTE SUBDIVISION,MI,219,80,GW,P,5,Well (2); Distribution System/Zone (1); Storage (1); Common Headers (1),3,0,1,0,13,15,2025-01-10,NA,NA
MI-07,MI0040675,CAPITAL CROSSINGS,MI,345,278,GW,P,8,Storage (1); Distribution System/Zone (1); Well (5); Treatment Plant (1),4,0,0,0,7,27,2026-03-25,NA,NA
MI-07,MI0040123,MAPLE KNOLL,MI,90,36,GW,P,5,Well (2); Distribution System/Zone (1); Storage (1); Common Headers (1),5,0,3,1,21,15,2026-02-10,NA,NA
MI-07,MI0040122,HI-WAY MOBILE HAVEN,MI,168,67,GW,P,5,Treatment Plant (1); Well (2); Distribution System/Zone (1); Storage (1),1,0,0,0,6,13,2023-04-13,NA,NA
MI-07,MI0007050,"WESTPHALIA, VILLAGE OF",MI,925,417,GW,L,5,Well (2); Distribution System/Zone (1); Storage (1); Common Headers (1),5,0,0,0,18,14,2024-02-02,42.93044,-84.796855
MI-07,MI0004990,"OLIVET, CITY OF",MI,1758,380,GW,L,8,Distribution System/Zone (1); Storage (1); Treatment Plant (3); Well (3),4,0,0,0,20,20,2023-08-10,42.4463354,-84.9239062
MI-07,MI0002025,EATON GREEN ESTATES SUBDIVISION,MI,363,122,GW,P,5,Well (2); Storage (1); Distribution System/Zone (1); Common Headers (1),7,0,1,0,36,15,2024-07-25,NA,NA
MI-07,MI0040457,COUNTRY MANOR,MI,87,44,GW,P,5,Well (3); Treatment Plant (1); Distribution System/Zone (1),26,0,3,0,27,28,2025-05-21,NA,NA
MI-07,MI0040458,ALAN'S PARK - DURAND,MI,41,40,GW,P,5,Common Headers (1); Storage (1); Distribution System/Zone (1); Well (2),18,1,7,0,72,32,2025-02-25,NA,NA
MI-07,MI0040643,MORRICE MEADOWS,MI,258,103,GW,P,7,Well (4); Treatment Plant (1); Distribution System/Zone (1); Storage (1),6,0,3,0,24,27,2026-03-25,NA,NA
GA-01,GA2990000,MANOR WATER ASSOCIATION,GA,611,235,GW,P,4,Well (2); Treatment Plant (1); Distribution System/Zone (1),31,4,1,0,49,7,2023-02-03,NA,NA
GA-01,GA0250003,SATILLA ESTATES,GA,234,83,GW,P,5,Distribution System/Zone (1); Treatment Plant (2); Well (2),14,4,0,0,32,7,2025-03-10,NA,NA
GA-01,GA0250004,DEERWOOD SUBDIVISION,GA,79,33,GW,P,5,Treatment Plant (2); Well (2); Distribution System/Zone (1),3,3,2,0,10,6,2025-11-24,NA,NA
GA-01,GA0250006,WHISPERING PINES SUBDIVISION,GA,187,75,GW,P,3,Distribution System/Zone (1); Well (1); Treatment Plant (1),4,0,0,0,13,5,2023-03-23,NA,NA
GA-01,GA0250020,HAPPY LANDING FISHING CLUB,GA,157,58,GW,P,3,Well (1); Treatment Plant (1); Distribution System/Zone (1),0,0,0,0,0,5,2023-12-05,NA,NA
GA-01,GA0250021,RIVER RIDGE SUBDIVISION,GA,107,41,GW,P,4,Distribution System/Zone (1); Well (2); Treatment Plant (1),0,0,0,0,0,5,2025-11-24,NA,NA
GA-01,GA0250028,HAWKS LANDING,GA,119,44,GW,P,4,Distribution System/Zone (1); Treatment Plant (1); Well (2),2,1,0,0,7,5,2023-12-04,NA,NA
GA-01,GA3050087,DILLON HILL SUBDIVISION,GA,39,15,GW,P,3,Well (1); Treatment Plant (1); Distribution System/Zone (1),5,2,0,0,10,4,2025-10-07,NA,NA
GA-01,GA0390049,"CAMDEN CO.-FLEA HILL RECREATION, INC.",GA,90,33,GW,P,4,Treatment Plant (1); Well (2); Distribution System/Zone (1),143,123,1,0,160,5,2021-04-07,NA,NA
GA-01,GA3050001,ODUM,GA,692,246,GW,L,4,Well (2); Treatment Plant (1); Distribution System/Zone (1),2,0,0,0,4,6,2025-04-04,NA,NA
GA-01,GA2290036,PINE RIDGE PLANTATION,GA,187,69,GW,P,4,Distribution System/Zone (1); Well (2); Treatment Plant (1),2,1,1,0,5,6,2025-07-28,NA,NA
GA-01,GA2290022,OKEFENOKEE GOLF CLUB S/D,GA,208,80,GW,P,4,Well (2); Treatment Plant (1); Distribution System/Zone (1),2,0,0,0,10,5,2023-06-15,NA,NA
GA-01,GA2290005,OAK RIDGE EST/HACKLEBARNEY S/D,GA,530,197,GW,P,5,Well (2); Treatment Plant (2); Distribution System/Zone (1),5,0,0,0,15,5,2022-07-15,NA,NA
GA-01,GA2290004,ASPINWALL`S MOBILE HOME PARK,GA,125,42,GW,P,4,Well (2); Treatment Plant (1); Distribution System/Zone (1),15,8,2,0,39,6,2022-12-30,NA,NA
GA-01,GA2290001,PATTERSON,GA,905,347,GW,L,5,Distribution System/Zone (1); Well (2); Treatment Plant (2),27,8,1,0,39,5,2022-03-28,31.3823827,-82.1357464
GA-01,GA1830067,BROOKHAVEN SUBDIVISION,GA,156,60,GW,P,4,Distribution System/Zone (1); Treatment Plant (1); Well (2),1,0,0,0,2,3,2023-04-19,NA,NA
GA-01,GA1830061,TIMBERLAND-HUNTINGTON SUBDIVISION,GA,621,230,GW,P,6,Treatment Plant (2); Well (3); Distribution System/Zone (1),17,2,1,0,15,4,2024-03-19,NA,NA
GA-01,GA1830054,GARRISON PLACE-SUMMER HILL,GA,513,190,GW,P,6,Distribution System/Zone (1); Treatment Plant (2); Well (3),3,0,0,0,5,7,2024-02-06,NA,NA
GA-01,GA1830042,SANDY RIDGE SUBDIVISION,GA,64,23,GW,P,3,Distribution System/Zone (1); Treatment Plant (1); Well (1),4,1,0,0,9,5,2025-03-18,NA,NA
GA-01,GA1830035,RYE PATCH COMMUNITY WELL,GA,70,27,GW,P,3,Distribution System/Zone (1); Treatment Plant (1); Well (1),201,102,3,0,91,7,2024-11-12,NA,NA
GA-01,GA1830033,SANDHILL SUBDIVISION,GA,46,18,GW,P,2,Well (1); Distribution System/Zone (1),17,6,2,0,38,7,2024-11-10,NA,NA
GA-01,GA1830000,LUDOWICI WATER SYSTEM,GA,1651,623,GW,L,6,Well (3); Treatment Plant (2); Distribution System/Zone (1),59,38,1,0,88,8,2025-01-09,NA,NA
GA-01,GA0490017,HOMELAND,GA,961,356,GW,L,5,Treatment Plant (1); Well (3); Distribution System/Zone (1),43,28,13,0,55,8,2024-04-04,30.8565566,-82.0209943
GA-01,GA0250002,NAHUNTA,GA,1315,638,GW,L,6,Well (3); Treatment Plant (2); Distribution System/Zone (1),72,65,0,0,29,8,2024-03-21,NA,NA
GA-01,GA0010006,GA BAPTIST CHILDREN`S HOME - BAXLEY,GA,58,15,GW,P,4,Well (2); Treatment Plant (1); Distribution System/Zone (1),7,2,0,0,17,6,2024-03-21,31.7333607,-82.3452479
GA-01,GA0010001,SURRENCY,GA,491,184,GW,L,7,Well (3); Treatment Plant (3); Distribution System/Zone (1),25,12,0,0,8,5,2025-03-19,NA,NA
GA-01,GA0250000,HOBOKEN,GA,528,195,GW,L,4,Well (2); Treatment Plant (1); Distribution System/Zone (1),8,3,0,0,22,5,2025-11-10,31.1782105,-82.1323168
GA-01,GA0490020,HOMELAND ROBIN LANE WATER SYSTEM,GA,35,13,GWP,L,2,Consecutive Connection (1); Distribution System/Zone (1),6,2,0,0,13,7,2024-04-04,30.8565566,-82.0209943
GA-01,GA0050007,HIGHLAND PARK SUBDIVISION,GA,65,24,GW,P,2,Distribution System/Zone (1); Well (1),11,4,1,0,31,6,2024-02-02,31.542866,-82.477263
GA-01,GA2290032,SATILLA HILLS SUBDIVISION,GA,84,31,GW,P,3,Well (1); Treatment Plant (1); Distribution System/Zone (1),4,0,1,1,11,7,2025-06-16,NA,NA
GA-01,GA3050002,SCREVEN,GA,1043,345,GW,L,5,Well (2); Treatment Plant (2); Distribution System/Zone (1),39,6,2,0,40,7,2025-04-04,NA,NA
GA-01,GA3050009,SPRING GROVE ACRES SUBDIVISION,GA,242,93,GW,P,5,Distribution System/Zone (1); Well (2); Treatment Plant (2),20,13,1,0,13,6,2025-11-10,NA,NA
GA-01,GA3050010,WESTBERRY RENTALS,GA,91,35,GW,P,2,Distribution System/Zone (1); Well (1),59,45,4,0,84,8,2025-03-06,NA,NA
GA-01,GA3050013,RIVERSIDE ACRES MHP,GA,270,100,GW,P,5,Distribution System/Zone (1); Well (2); Treatment Plant (2),7,4,0,0,13,6,2025-12-02,NA,NA
GA-01,GA3050022,BENNETT ESTATES,GA,60,22,GW,P,2,Well (1); Distribution System/Zone (1),83,40,4,3,112,10,2025-11-10,31.6413188,-81.8742542
GA-01,GA3050023,PONDEROSA VILLAGE MHP,GA,49,19,GW,P,5,Distribution System/Zone (1); Treatment Plant (2); Well (2),29,15,6,0,72,8,2025-03-06,NA,NA
GA-01,GA3050030,WHISPERING PINES MHP,GA,94,49,GW,P,3,Distribution System/Zone (1); Well (1); Treatment Plant (1),30,17,1,0,53,4,2022-02-18,41.323724,-72.336867
GA-01,GA3050076,QUAIL RUN MOBILE HOME PARK,GA,168,73,GW,P,5,Distribution System/Zone (1); Well (2); Treatment Plant (2),22,13,2,0,47,7,2024-01-16,NA,NA
GA-01,GA3050080,RIVER'S REACH,GA,115,44,GW,P,5,Distribution System/Zone (1); Well (2); Treatment Plant (2),10,3,0,0,23,5,2022-01-19,41.323724,-72.336867
GA-01,GA3050081,SEMINOLE WOODS,GA,780,289,GW,P,5,Well (2); Treatment Plant (2); Distribution System/Zone (1),2,1,0,0,7,7,2025-07-22,NA,NA
GA-01,GA3050086,ALTAMAHA ACRES,GA,232,86,GW,L,4,Treatment Plant (1); Well (2); Distribution System/Zone (1),8,0,2,0,13,5,2022-02-18,NA,NA
GA-01,GA3050102,TIMBER RIDGE ESTATES,GA,135,50,GW,P,4,Distribution System/Zone (1); Treatment Plant (1); Well (2),0,0,0,0,0,2,2025-03-06,NA,NA
GA-01,GA2990016,BAPTIST VILLAGE,GA,308,27,GW,P,6,Consecutive Connection (1); Distribution System/Zone (1); Well (2); Treatment Plant (2),7,5,2,0,19,6,2025-10-21,31.2161,-82.4084
GA-01,GA2990019,WAYCROSS-WARE COUNTY IND. PARK,GA,1716,57,GW,L,6,Distribution System/Zone (1); Consecutive Connection (1); Treatment Plant (2); Well (2),22,2,0,0,30,5,2025-06-09,31.2106534,-82.3598997
GA-01,GA0510027,SAVANNAH-DUTCH ISLAND,GA,1191,393,GW,L,7,Treatment Plant (3); Well (3); Distribution System/Zone (1),10,1,0,0,18,6,2024-11-19,NA,NA
GA-01,GA0510030,HARBOUR CREEK SUBDIVISION,GA,543,209,GW,P,5,Well (2); Treatment Plant (2); Distribution System/Zone (1),13,6,0,0,23,8,2025-05-06,NA,NA
GA-01,GA1270028,JEKYLL ISLAND AUTHORITY,GA,2541,1241,GW,L,9,Distribution System/Zone (1); Well (5); Treatment Plant (3),1,0,0,0,2,6,2026-01-12,NA,NA
GA-01,GA1270031,DEERFIELD PARK,GA,538,199,GW,P,5,Well (2); Treatment Plant (1); Storage (1); Distribution System/Zone (1),12,3,0,0,29,8,2022-05-03,NA,NA
GA-01,GA1270037,WOODLAND MOBILE HOME PARK,GA,101,39,GW,P,3,Distribution System/Zone (1); Treatment Plant (1); Well (1),42,7,0,0,47,8,2025-02-04,33.8492236,-84.3775525
GA-01,GA1790005,ISLE OF WIGHT,GA,887,341,GW,P,5,Treatment Plant (2); Well (2); Distribution System/Zone (1),47,38,2,0,97,5,2021-03-18,NA,NA
GA-01,GA1790007,LAKE GEORGE SUBDIVISION,GA,1089,431,GW,P,9,Treatment Plant (4); Well (4); Distribution System/Zone (1),16,8,1,0,32,5,2023-04-26,NA,NA
GA-01,GA1790123,THE POINTE AT SUNBURY,GA,200,77,GW,P,5,Distribution System/Zone (1); Treatment Plant (2); Well (2),27,15,2,0,45,7,2022-12-09,NA,NA
GA-01,GA1790144,ARCADIA SUBDIVISION,GA,81,31,GW,P,4,Distribution System/Zone (1); Treatment Plant (1); Well (2),21,15,0,0,16,5,2025-06-03,NA,NA
GA-01,GA1790148,PLANTING HAMMOCK,GA,60,38,GW,P,5,Well (2); Treatment Plant (2); Distribution System/Zone (1),39,2,0,0,47,7,2024-06-06,34.5565761,-83.5191658
GA-01,GA1790151,VILLAGE AT SUNBURY,GA,88,34,GW,P,4,Distribution System/Zone (1); Well (2); Treatment Plant (1),5,1,0,0,8,4,2025-11-13,NA,NA
GA-01,GA1790153,TRADEPORT EAST,GA,675,24,GW,L,4,Distribution System/Zone (1); Well (2); Treatment Plant (1),23,2,0,0,46,5,2025-11-18,31.8480199,-81.5904785
GA-01,GA1790157,VILLAGES AT LIMERICK,GA,39,15,GW,P,4,Treatment Plant (1); Well (2); Distribution System/Zone (1),1,1,0,0,3,4,2025-04-03,NA,NA
GA-01,GA1790164,LYMAN HALL NORTH SUBDIVISION,GA,284,105,GW,P,4,Well (2); Treatment Plant (1); Distribution System/Zone (1),1,1,0,0,3,3,2021-03-18,NA,NA
GA-01,GA1790170,LIBERTY COUNTY WATER SYSTEM,GA,910,350,GW,L,5,Well (2); Treatment Plant (2); Distribution System/Zone (1),2,2,0,0,5,3,2023-04-18,NA,NA
GA-01,GA0290025,TIVOLI MARSH WATER SYSTEM,GA,146,56,GW,P,4,Well (2); Treatment Plant (1); Distribution System/Zone (1),17,7,2,0,49,7,2025-12-04,31.9322996,-81.2986982
GA-01,GA0290023,BRYAN WOODS ESTATES PHASE III,GA,123,49,GW,P,3,Distribution System/Zone (1); Well (1); Treatment Plant (1),24,10,1,0,47,5,2023-03-16,NA,NA
GA-01,GA0290022,HOLLY HILL SUBDIVISION,GA,162,60,GW,P,3,Well (1); Treatment Plant (1); Distribution System/Zone (1),85,28,0,0,117,7,2025-01-14,NA,NA
GA-01,GA0290021,THE COVE SUBDIVISION,GA,286,108,GW,P,3,Well (1); Treatment Plant (1); Distribution System/Zone (1),19,12,4,0,34,6,2025-12-09,NA,NA
GA-01,GA0290094,LAUREL GROVE,GA,122,47,GW,P,4,Treatment Plant (1); Well (2); Distribution System/Zone (1),5,1,0,0,8,5,2023-03-08,NA,NA
GA-01,GA0290096,DUNHAM MARSH,GA,429,373,GW,P,4,Distribution System/Zone (1); Treatment Plant (1); Well (2),5,2,0,0,9,5,2025-07-11,NA,NA
GA-01,GA0290098,BLACK CREEK GOLF-BREWTON ACRES,GA,541,208,GW,P,8,Well (4); Treatment Plant (3); Distribution System/Zone (1),5,0,0,0,11,5,2025-02-06,NA,NA
GA-01,GA0290099,HAYDEN LAKES SUBDIVISION,GA,270,100,GW,L,4,Well (2); Treatment Plant (1); Distribution System/Zone (1),4,0,0,0,11,5,2024-05-29,32.0771378,-81.0941666
GA-01,GA0290102,BRYAN COUNTY WATER SYSTEM,GA,1111,427,GW,L,4,Well (2); Treatment Plant (1); Distribution System/Zone (1),3,2,0,0,4,4,2024-04-03,NA,NA
GA-01,GA0290020,DANIEL PINES,GA,162,60,GW,P,3,Well (1); Treatment Plant (1); Distribution System/Zone (1),16,7,1,0,41,5,2024-02-29,NA,NA
GA-01,GA0290015,BRIARWOOD SUBDIVISION,GA,49,19,GW,P,3,Treatment Plant (1); Well (1); Distribution System/Zone (1),9,2,0,0,16,5,2024-06-14,NA,NA
GA-01,GA0290014,BAR D RANCH SUBDIVISION,GA,57,24,GW,P,3,Treatment Plant (1); Well (1); Distribution System/Zone (1),18,7,0,0,35,6,2024-06-18,NA,NA
GA-01,GA0290013,BLACK CREEK FARMS WEST,GA,319,118,GW,P,5,Well (2); Treatment Plant (2); Distribution System/Zone (1),10,2,0,0,19,5,2023-10-30,NA,NA
GA-01,GA0290011,STRATHY HALL SUBDIVISION,GA,1185,439,GW,P,9,Distribution System/Zone (1); Well (4); Treatment Plant (4),12,4,0,0,23,6,2024-02-29,NA,NA
GA-01,GA0290010,LINCOLN RIVER ESTATES,GA,105,39,GW,P,3,Distribution System/Zone (1); Treatment Plant (1); Well (1),13,5,0,0,22,6,2024-02-29,NA,NA
GA-01,GA0290009,LAKE LORRAINE SUBDIVISION,GA,232,126,GW,P,5,Distribution System/Zone (1); Treatment Plant (2); Well (2),11,5,0,0,27,5,2024-04-03,NA,NA
GA-01,GA0290008,CAPE HARDWICKE/FT. MCALLISTER/KINSALE/RE,GA,861,319,GW,P,10,Distribution System/Zone (1); Treatment Plant (4); Well (5),12,2,0,0,25,6,2025-12-11,NA,NA
GA-01,GA0290006,BRYAN WOODS ESTATES,GA,187,72,GW,P,3,Well (1); Treatment Plant (1); Distribution System/Zone (1),12,3,0,0,32,5,2021-07-01,NA,NA
GA-01,GA0290005,BRYAN ACRES SUBDIVISION,GA,211,67,GW,P,3,Treatment Plant (1); Well (1); Distribution System/Zone (1),8,2,0,0,17,5,2024-06-14,NA,NA
GA-01,GA0290004,BLACK CREEK FARMS SUBDIVISION,GA,320,123,GW,P,3,Distribution System/Zone (1); Treatment Plant (1); Well (1),11,5,0,0,27,8,2023-10-30,NA,NA
GA-01,GA0290001,PEMBROKE WATER SYSTEM,GA,3021,1264,GW,L,5,Treatment Plant (2); Well (2); Distribution System/Zone (1),14,2,0,0,33,7,2025-07-23,NA,NA
GA-01,GA1030016,FOXBOW FARMS,GA,723,298,GW,P,9,Distribution System/Zone (1); Well (5); Treatment Plant (3),9,3,0,0,15,7,2022-01-14,NA,NA
GA-01,GA0510047,MARSH POINT HOMES,GA,497,191,GW,P,5,Well (2); Treatment Plant (2); Distribution System/Zone (1),15,8,0,0,25,7,2025-05-20,NA,NA
GA-01,GA0510049,SOUTHSIDE MOBILE ESTATES,GA,224,97,GW,P,3,Well (1); Treatment Plant (1); Distribution System/Zone (1),16,7,0,0,29,7,2024-11-25,NA,NA
GA-01,GA0510060,SAVANNAH YACHT & COUNTRY CLUB,GA,257,99,GW,P,5,Treatment Plant (2); Well (2); Distribution System/Zone (1),12,4,0,0,27,6,2024-02-05,NA,NA
GA-01,GA1910000,DARIEN WATER SYSTEM,GA,3242,1202,GW,L,7,Distribution System/Zone (1); Treatment Plant (2); Well (4),31,26,0,0,34,6,2022-06-10,NA,NA
GA-01,GA1030144,STONEGATE SUBDIVISION,GA,198,76,GW,P,4,Distribution System/Zone (1); Well (2); Treatment Plant (1),6,0,0,0,11,5,2021-10-15,NA,NA
GA-01,GA0510098,ENNIS MOBILE HOME PARK,GA,33,18,GW,P,2,Well (1); Distribution System/Zone (1),30,22,3,0,56,7,2025-07-21,NA,NA
GA-01,GA0510099,MONTGOMERY AREA,GA,1185,447,GW,P,5,Distribution System/Zone (1); Treatment Plant (2); Well (2),8,4,1,0,20,6,2022-10-13,NA,NA
GA-01,GA0510100,BETHESDA HOME FOR BOYS,GA,126,22,GW,P,5,Treatment Plant (2); Well (2); Distribution System/Zone (1),12,1,0,0,30,7,2022-12-08,NA,NA
GA-01,GA0510110,FOSS MOBILE HOME PARK,GA,221,85,GW,P,3,Treatment Plant (1); Well (1); Distribution System/Zone (1),31,25,1,0,23,5,2022-05-31,NA,NA
GA-01,GA0510112,QUACCO VILLAGE,GA,138,53,GW,P,3,Treatment Plant (1); Well (1); Distribution System/Zone (1),18,9,3,0,32,7,2023-12-19,32.02619,-81.2263182
GA-01,GA1830029,STEWART PINES TRAILER PARK,GA,81,31,GW,P,3,Treatment Plant (1); Well (1); Distribution System/Zone (1),17,7,2,0,44,6,2022-10-13,31.8302454,-81.5974196
GA-01,GA1830028,OAK RIDGE MOBILE HOME PARK,GA,78,44,GW,P,3,Well (1); Treatment Plant (1); Distribution System/Zone (1),7,2,0,0,13,5,2021-01-27,NA,NA
GA-01,GA1830021,J & M RENTALS,GA,70,27,GW,P,2,Well (1); Distribution System/Zone (1),32,18,7,0,70,9,2023-05-16,NA,NA
GA-01,GA1830020,TAYLORS CREEK MOBILE HOME PARK,GA,55,21,GW,P,3,Treatment Plant (1); Well (1); Distribution System/Zone (1),27,17,4,0,58,6,2022-10-13,NA,NA
GA-01,GA1830007,OAKDALE MOBILE HOME PARK,GA,268,103,GW,P,6,Well (3); Treatment Plant (2); Distribution System/Zone (1),16,3,0,0,38,6,2025-01-07,NA,NA
GA-01,GA1790087,TALMADGE OAKS MOBILE HOME PARK,GA,226,87,GW,P,5,Well (2); Treatment Plant (2); Distribution System/Zone (1),5,0,0,0,15,6,2025-06-26,NA,NA
GA-01,GA1790030,HERITAGE ESTATES,GA,130,50,GW,P,3,Distribution System/Zone (1); Treatment Plant (1); Well (1),36,18,1,0,83,8,2023-04-18,NA,NA
GA-01,GA1790021,WESTVIEW SUBDIVISION,GA,48,18,GW,P,3,Distribution System/Zone (1); Treatment Plant (1); Well (1),133,115,2,0,95,7,2025-07-11,NA,NA
GA-01,GA1270179,DRAKES LANDING SUBDIVISION,GA,59,63,GW,P,5,Distribution System/Zone (1); Treatment Plant (2); Well (2),0,0,0,0,2,6,2021-12-29,NA,NA
GA-01,GA1270176,VALERIE IV SUBDIVISION,GA,52,20,GW,P,3,Well (1); Treatment Plant (1); Distribution System/Zone (1),2,1,0,0,4,6,2024-01-17,NA,NA
GA-01,GA1270171,SERENOA COVE SUBDIVISION,GA,95,35,GW,P,5,Distribution System/Zone (1); Treatment Plant (1); Well (3),9,1,0,0,22,6,2021-03-29,NA,NA
GA-01,GA1270168,VALERIE SUBDIVISION,GA,376,139,GW,P,3,Distribution System/Zone (1); Treatment Plant (1); Well (1),2,2,0,0,1,5,2024-01-17,NA,NA
GA-01,GA1270080,GOLDEN ISLES MARINA MASTER ASSOCIATION,GA,237,86,GW,P,4,Well (2); Treatment Plant (1); Distribution System/Zone (1),7,6,0,0,29,9,2025-12-10,NA,NA
GA-01,GA1270056,STERLING MOBILE HOME PARK,GA,39,15,GW,P,3,Well (1); Treatment Plant (1); Distribution System/Zone (1),14,8,4,0,43,6,2025-12-10,31.1873626,-81.5036398
GA-01,GA1270042,SOUTHERN PINES MH VILLAGE,GA,104,40,GW,P,4,Well (2); Treatment Plant (1); Distribution System/Zone (1),76,31,3,0,140,8,2025-02-04,33.8492236,-84.3775525
GA-01,GA1270174,CREEKSIDE OAKS SUBDIVISION,GA,108,40,GW,P,4,Distribution System/Zone (1); Treatment Plant (1); Well (2),0,0,0,0,0,5,2023-04-27,NA,NA
GA-01,GA1270175,PICKET LANDING,GA,52,21,GW,P,4,Well (2); Treatment Plant (1); Distribution System/Zone (1),0,0,0,0,0,5,2023-04-27,NA,NA
GA-01,GA1270185,BOYKIN RIDGE SUBDIVISION,GA,109,42,GW,P,4,Well (2); Treatment Plant (1); Distribution System/Zone (1),1,1,0,0,2,5,2021-12-29,NA,NA
GA-01,GA1790014,WOODLAND LAKES,GA,672,249,GW,P,5,Distribution System/Zone (1); Treatment Plant (2); Well (2),9,3,0,0,17,5,2024-02-27,NA,NA
GA-01,GA1790029,VICTORY MANOR MOBILE HOME PARK,GA,64,58,GW,P,4,Distribution System/Zone (1); Treatment Plant (1); Well (2),18,6,1,0,43,7,2023-07-19,NA,NA
GA-01,GA1790159,RYAN ESTATES,GA,62,26,GW,P,4,Distribution System/Zone (1); Treatment Plant (1); Well (2),2,1,0,0,7,4,2025-04-03,NA,NA
GA-01,GA1830017,CALHOUN UTILITY,GA,213,71,GW,P,3,Distribution System/Zone (1); Well (1); Treatment Plant (1),80,41,2,0,135,7,2024-02-15,NA,NA
GA-01,GA1830032,PINE CREST MOBILE HOME PARK,GA,95,46,GW,P,5,Well (2); Treatment Plant (2); Distribution System/Zone (1),48,8,0,0,52,7,2024-03-19,NA,NA
GA-01,GA1830034,MAGNOLIA PARK,GA,62,24,GW,P,3,Distribution System/Zone (1); Treatment Plant (1); Well (1),19,5,1,0,44,7,2025-01-07,NA,NA
GA-01,GA1830037,PERSIMMON ESTATES SUBDIVISION,GA,114,44,GW,P,3,Well (1); Treatment Plant (1); Distribution System/Zone (1),8,2,0,0,19,5,2023-06-20,NA,NA
GA-01,GA1830047,WINCHESTER ESTATES SUBDIVISION,GA,101,39,GW,P,5,Distribution System/Zone (1); Well (2); Treatment Plant (2),24,5,0,0,23,6,2025-10-07,NA,NA
GA-01,GA1830049,CRAWFORD WATER SYSTEM,GA,724,268,GW,P,5,Distribution System/Zone (1); Well (2); Treatment Plant (2),1,1,0,0,3,5,2021-10-26,NA,NA
GA-01,GA1830050,PARRISH CROSSING,GA,26,125,GW,P,4,Well (2); Treatment Plant (1); Distribution System/Zone (1),2,1,0,0,7,5,2021-10-26,NA,NA
GA-01,GA1830053,CYPRESS CREEK,GA,86,33,GW,P,4,Well (2); Treatment Plant (1); Distribution System/Zone (1),3,0,0,0,5,5,2021-10-26,NA,NA
GA-01,GA1830056,BURNT PINES,GA,198,73,GW,P,4,Well (2); Treatment Plant (1); Distribution System/Zone (1),4,1,0,0,9,5,2024-02-06,NA,NA
GA-01,GA1830059,WIREGRASS ESTATES SUBDIVISION,GA,52,46,GW,P,3,Distribution System/Zone (1); Treatment Plant (1); Well (1),24,2,0,0,29,6,2024-11-12,NA,NA
GA-01,GA1830062,HORSE CREEK FARMS,GA,500,180,GW,P,4,Well (2); Treatment Plant (1); Distribution System/Zone (1),2,0,0,0,4,5,2025-11-19,NA,NA
GA-01,GA1830063,MURRAY CROSSING SUBDIVISION,GA,25,24,GW,P,4,Well (2); Treatment Plant (1); Distribution System/Zone (1),2,1,0,0,7,4,2021-10-26,NA,NA
GA-01,GA1910003,SAPELO GARDENS,GA,153,59,GW,P,5,Treatment Plant (2); Well (2); Distribution System/Zone (1),12,7,0,0,31,6,2024-05-20,NA,NA
GA-01,GA1910009,JOHN ALFORD SUBDIVISION,GA,989,366,GW,P,6,Well (3); Treatment Plant (2); Distribution System/Zone (1),63,15,2,0,35,6,2024-05-20,NA,NA
GA-01,GA1910079,DELTA PLANTATION,GA,65,25,GW,P,4,Well (2); Treatment Plant (1); Distribution System/Zone (1),14,7,0,0,31,6,2025-07-01,NA,NA
GA-01,GA1910097,SAPELO RIDGE/POPPELL FARMS SUBDIVISION,GA,300,111,GW,L,4,Treatment Plant (1); Well (2); Distribution System/Zone (1),5,1,0,0,10,7,2025-10-28,NA,NA
GA-01,GA1910101,COOPER`S POINT / SUTHERLAND BLUFF,GA,299,115,GW,P,9,Distribution System/Zone (1); Treatment Plant (4); Well (4),4,1,1,0,8,5,2023-11-14,NA,NA
GA-01,GA1910115,THE MARSH AT SHELLMAN'S,GA,25,15,GW,P,4,Well (2); Treatment Plant (1); Distribution System/Zone (1),0,0,0,0,0,2,2023-01-11,NA,NA
GA-01,GA1910116,HAMMOCKS AT SAPELO,GA,83,32,GW,P,4,Well (2); Treatment Plant (1); Distribution System/Zone (1),1,0,0,0,3,2,2023-11-16,NA,NA
GA-01,GA1910122,SHELLMAR SUBDIVISION,GA,36,17,GW,P,3,Well (1); Treatment Plant (1); Distribution System/Zone (1),11,4,0,0,24,6,2022-06-13,NA,NA
GA-01,GA1910123,RIVER MARSH MOBILE HOME PARK,GA,60,20,GW,P,3,Treatment Plant (1); Well (1); Distribution System/Zone (1),0,0,0,0,0,2,2024-07-09,NA,NA
GA-01,GA0290029,GARDNER ESTATES,GA,184,68,GW,P,3,Well (1); Treatment Plant (1); Distribution System/Zone (1),12,2,1,0,23,6,2024-02-29,NA,NA
GA-01,GA0310258,GRAYSTONE APARTMENTS,GA,99,38,GW,P,4,Distribution System/Zone (1); Treatment Plant (1); Well (2),2,0,0,0,5,4,2025-04-16,NA,NA
GA-01,GA0510014,AZALEA MOBILE HOME PLAZA,GA,300,130,GW,P,4,Distribution System/Zone (1); Well (2); Treatment Plant (1),32,23,1,0,24,5,2021-01-13,32.0444,-81.18128
GA-01,GA1030028,PINEORA WATER SYSTEM,GA,94,36,GW,P,5,Treatment Plant (2); Well (2); Distribution System/Zone (1),7,2,0,0,13,7,2025-01-31,NA,NA
GA-01,GA1030030,WHISPERING PINES RV PARK,GA,308,131,GW,P,5,Distribution System/Zone (1); Treatment Plant (2); Well (2),54,11,0,0,78,6,2023-06-20,NA,NA
GA-01,GA1030033,TELFORD PARK LLC,GA,33,14,GW,P,3,Well (1); Treatment Plant (1); Distribution System/Zone (1),52,34,1,0,64,7,2023-06-01,NA,NA
GA-01,GA1030036,RED GATE MOBILE HOME PARK,GA,80,30,GW,P,2,Distribution System/Zone (1); Well (1),17,7,6,0,48,8,2024-03-28,NA,NA
GA-01,GA1030077,GOSHEN VILLA SUBDIVISION,GA,632,243,GW,P,6,Distribution System/Zone (1); Well (3); Treatment Plant (2),10,2,0,0,27,7,2025-05-13,NA,NA
GA-01,GA1030083,GOSHEN APARTMENTS,GA,52,20,GW,P,3,Treatment Plant (1); Well (1); Distribution System/Zone (1),21,8,0,0,43,7,2025-05-19,NA,NA
GA-01,GA1030087,SOUTH EFFINGHAM WOODS/EFFINGHAM FOREST,GA,340,129,GW,P,5,Distribution System/Zone (1); Well (2); Treatment Plant (2),44,8,0,0,50,5,2021-06-18,NA,NA
GA-01,GA1030090,CREEKWOOD FARMS SUBDIVISION,GA,71,27,GW,P,3,Treatment Plant (1); Well (1); Distribution System/Zone (1),32,26,0,0,18,5,2023-12-15,NA,NA
GA-01,GA1030093,SADDLEBROOK SUBDIVISION,GA,398,153,GW,P,5,Distribution System/Zone (1); Treatment Plant (2); Well (2),35,27,0,0,26,7,2025-11-19,NA,NA
GA-01,GA1030126,AZALEA POINT,GA,1037,399,GW,P,8,Well (4); Treatment Plant (3); Distribution System/Zone (1),3,0,0,0,5,6,2023-01-10,NA,NA
GA-01,GA1030128,LOW GROUND FARMS SUBDIVISION,GA,91,35,GW,P,4,Distribution System/Zone (1); Well (2); Treatment Plant (1),7,1,0,0,16,7,2022-04-07,NA,NA
GA-01,GA1030155,MELDRIM APARTMENTS,GA,70,27,GW,P,5,Distribution System/Zone (1); Well (2); Treatment Plant (2),3,0,0,0,5,5,2025-12-23,NA,NA
GA-01,GA1030161,SOUTHBROOK SUBDIVISION,GA,47,18,GW,L,3,Well (1); Treatment Plant (1); Distribution System/Zone (1),4,1,0,0,9,3,2023-11-09,NA,NA
GA-01,GA0510138,BASHLORS MOBILE HOME PARK,GA,55,20,GW,P,3,Distribution System/Zone (1); Well (1); Treatment Plant (1),12,4,3,0,31,6,2024-06-07,32.02619,-81.2263182
GA-01,GA1030100,HICKORY KNOB SUBDIVISION,GA,671,337,GW,P,4,Well (2); Treatment Plant (1); Distribution System/Zone (1),23,10,0,0,49,7,2023-10-06,NA,NA
GA-01,GA1030129,BUCKFIELD PLANTATION/PLEASANT HILL S/D,GA,190,73,GW,P,4,Well (2); Treatment Plant (1); Distribution System/Zone (1),5,0,0,0,11,5,2025-03-06,NA,NA
GA-01,GA1030133,STILLWOOD SUBDIVISION,GA,49,19,GW,P,3,Treatment Plant (1); Well (1); Distribution System/Zone (1),5,0,0,0,12,6,2025-01-31,NA,NA
GA-01,GA1030107,SOUTH POINTE SUBDIVISION,GA,491,207,GW,P,3,Distribution System/Zone (1); Treatment Plant (1); Well (1),11,1,0,0,25,6,2021-02-12,32.0771378,-81.0941666
GA-01,GA0510023,EAST PINES SUBDIVISION,GA,348,134,GW,P,3,Well (1); Treatment Plant (1); Distribution System/Zone (1),9,0,0,0,21,6,2024-03-26,32.0771378,-81.0941666
GA-01,GA0510028,GRAYS SUBDIVISION,GA,715,286,GW,P,4,Well (2); Treatment Plant (1); Distribution System/Zone (1),7,4,1,0,12,5,2025-02-24,NA,NA
GA-01,GA0290097,THE SANCTUARY SUBDIVISION,GA,81,32,GW,P,4,Distribution System/Zone (1); Well (2); Treatment Plant (1),2,0,0,0,4,3,2023-03-08,NA,NA
GA-01,GA1830002,TWIN OAKS MOBILE HOME PARK,GA,111,43,GW,P,5,Distribution System/Zone (1); Treatment Plant (2); Well (2),14,6,1,0,50,6,2023-03-09,32.0307984,-80.971885
GA-01,GA1790124,GLENBROOK MOBILE HOME PARK,GA,130,50,GW,P,3,Distribution System/Zone (1); Treatment Plant (1); Well (1),30,14,1,0,71,8,2025-06-02,NA,NA
GA-01,GA0290083,HOPE CREEK PLANTATION,GA,108,40,GW,P,4,Distribution System/Zone (1); Treatment Plant (1); Well (2),10,0,0,0,20,5,2025-01-14,NA,NA
GA-01,GA0290079,WELLINGTON OAKS SUBDIVISION,GA,151,56,GW,P,5,Distribution System/Zone (1); Well (2); Treatment Plant (2),4,0,0,0,5,7,2025-01-14,NA,NA
GA-01,GA0290076,OXFORD UTILITY COMPANY,GA,324,120,GW,P,3,Treatment Plant (1); Well (1); Distribution System/Zone (1),6,2,0,0,11,6,2024-05-23,NA,NA
GA-01,GA0290071,CRANSTON BLUFF-WATERFORD LANDING,GA,975,375,GW,P,5,Distribution System/Zone (1); Treatment Plant (2); Well (2),172,10,0,0,46,6,2024-02-29,NA,NA
GA-01,GA0290064,BAILEY PLANTATION SUBDIVISION,GA,348,129,GW,P,3,Distribution System/Zone (1); Well (1); Treatment Plant (1),10,2,0,0,23,6,2025-02-06,NA,NA
GA-01,GA0290036,RICHMOND HILL MHP,GA,58,22,GW,P,3,Well (1); Treatment Plant (1); Distribution System/Zone (1),11,5,2,0,26,6,2024-04-03,NA,NA
GA-01,GA0290031,KENS MOBILE HOME PARK,GA,28,24,GW,P,3,Distribution System/Zone (1); Well (1); Treatment Plant (1),23,15,5,0,55,7,2022-12-15,NA,NA
GA-01,GA0290090,DEMERIES LAKE SUBDIVISION,GA,52,20,GW,P,4,Distribution System/Zone (1); Well (2); Treatment Plant (1),3,0,0,0,5,5,2024-02-29,NA,NA
GA-01,GA0290092,VICTORIA PLACE SUBDIVISION,GA,205,76,GW,P,4,Distribution System/Zone (1); Well (2); Treatment Plant (1),2,0,0,0,3,5,2025-03-10,NA,NA
GA-01,GA0290093,MAGNOLIA CREEK PLANTATION/TAYOR PLACE,GA,589,218,GW,P,6,Distribution System/Zone (1); Well (3); Treatment Plant (2),3,0,0,0,5,4,2025-03-10,NA,NA
GA-01,GA0290104,HENDERSON PARK,GA,2962,1097,GW,L,5,Distribution System/Zone (1); Well (2); Treatment Plant (2),28,27,0,0,5,4,2025-12-08,NA,NA
GA-01,GA0290105,OAK LEVEL WATER SYSTEM,GA,932,345,GW,L,4,Distribution System/Zone (1); Well (2); Treatment Plant (1),3,2,0,0,4,3,2025-12-08,NA,NA
GA-01,GA1030010,LAKESIDE FARMS / BLOOMINGDALE,GA,993,382,GW,P,7,Distribution System/Zone (1); Treatment Plant (3); Well (3),7,1,0,0,10,7,2025-05-13,NA,NA
GA-01,GA1030011,MELDRIM LAKES,GA,203,78,GW,P,3,Distribution System/Zone (1); Treatment Plant (1); Well (1),12,4,1,0,22,5,2025-05-05,NA,NA
GA-01,GA0390002,WOODBINE,GA,1512,584,GW,L,5,Treatment Plant (2); Well (2); Distribution System/Zone (1),15,3,1,0,34,7,2025-05-21,NA,NA
GA-01,GA0390043,ELLIOTT`S BLUFF,GA,419,155,GW,P,4,Well (2); Treatment Plant (1); Distribution System/Zone (1),7,3,2,0,15,6,2024-12-04,NA,NA
GA-01,GA0390056,SANCTUARY COVE WATER SYSTEM,GA,1018,377,GW,P,6,Distribution System/Zone (1); Well (3); Treatment Plant (2),1,1,0,0,4,6,2023-11-28,NA,NA
GA-01,GA0390059,RIVER PLACE PLANTATION,GA,350,129,GW,P,4,Distribution System/Zone (1); Well (2); Treatment Plant (1),1,1,0,0,2,2,2023-04-06,NA,NA
GA-01,GA1030079,PADDLEFORD PLANTATION SUBDIVISION,GA,192,74,GW,P,3,Well (1); Treatment Plant (1); Distribution System/Zone (1),8,1,0,0,18,6,2025-03-06,NA,NA
GA-01,GA1030101,DEERWOOD S/D-GREEN PEACE RV PK,GA,133,65,GW,P,3,Treatment Plant (1); Well (1); Distribution System/Zone (1),30,25,1,0,21,7,2025-05-19,NA,NA
GA-01,GA0510012,GROVE HILL SUBDIVISION,GA,275,102,GW,P,3,Distribution System/Zone (1); Well (1); Treatment Plant (1),1,1,0,0,3,6,2024-06-04,NA,NA
GA-01,GA1030108,LAKEWOOD SUBDIVISION,GA,291,112,GW,P,5,Treatment Plant (2); Well (2); Distribution System/Zone (1),7,3,0,0,13,5,2025-10-28,NA,NA
GA-01,GA1030109,HUNTERS MILL SUBDIVISION,GA,114,44,GW,P,3,Distribution System/Zone (1); Treatment Plant (1); Well (1),11,4,0,0,22,5,2025-01-31,NA,NA
GA-01,GA0510036,OGEECHEE FARMS,GA,918,353,GW,P,5,Treatment Plant (2); Well (2); Distribution System/Zone (1),41,29,1,0,73,6,2023-10-23,NA,NA
GA-01,GA0510038,PARKERSBURG SUBDIVISION,GA,1253,482,GW,P,4,Distribution System/Zone (1); Well (2); Treatment Plant (1),13,5,0,0,25,6,2025-02-24,NA,NA
GA-01,GA0510044,RIO VISTA/BURNSIDE,GA,759,281,GW,P,7,Distribution System/Zone (1); Well (3); Treatment Plant (3),10,2,0,0,22,6,2022-10-13,NA,NA
GA-01,GA1030134,JAMESTOWN SUBDIVISION,GA,187,72,GW,P,7,Well (2); Treatment Plant (2); Storage (2); Distribution System/Zone (1),8,2,0,0,14,6,2025-11-19,NA,NA
GA-01,GA0510104,WHITFIELD PARK SUBDIVISION,GA,676,260,GW,P,3,Distribution System/Zone (1); Well (1); Treatment Plant (1),15,6,1,0,26,7,2025-10-20,NA,NA
GA-01,GA0510121,BEAULIEU VILLAGE SUBDIVISION,GA,143,55,GW,P,3,Well (1); Treatment Plant (1); Distribution System/Zone (1),12,3,0,0,27,4,2021-07-01,NA,NA
GA-01,GA0510124,LITTLE NECK PLANTATION,GA,111,42,GW,L,3,Treatment Plant (1); Well (1); Distribution System/Zone (1),12,5,0,0,26,6,2023-04-04,32.0771378,-81.0941666
GA-01,GA0510128,MODENA ISLAND,GA,86,32,GW,L,3,Distribution System/Zone (1); Treatment Plant (1); Well (1),17,6,0,0,36,6,2023-06-12,NA,NA
GA-01,GA0510144,RIVERVIEW MOBILE INN,GA,179,69,GW,P,3,Well (1); Treatment Plant (1); Distribution System/Zone (1),13,4,0,0,31,7,2025-05-20,NA,NA
GA-01,GA0510163,SEABREEZE MOBILE HOME PARK,GA,83,32,GW,P,3,Well (1); Treatment Plant (1); Distribution System/Zone (1),16,11,3,0,38,6,2025-03-10,32.0427951,-81.1883893
GA-01,GA0510266,B`DETTE MOBILE BLUFF,GA,68,26,GW,P,4,Well (1); Treatment Plant (1); Consecutive Connection (1); Distribution System/Zone (1),15,9,0,0,27,7,2025-08-14,NA,NA
GA-01,GA1030102,RIVER ROAD FARMS,GA,273,92,GW,P,5,Distribution System/Zone (1); Well (2); Treatment Plant (2),7,0,0,0,12,7,2025-05-05,NA,NA
GA-01,GA1030000,GUYTON,GA,2394,1478,GW,L,7,Treatment Plant (3); Well (3); Distribution System/Zone (1),8,4,0,0,20,8,2024-01-17,32.3331506,-81.3934271
GA-01,GA1030002,SPRINGFIELD,GA,3100,1500,GW,L,11,Well (5); Treatment Plant (5); Distribution System/Zone (1),23,8,1,0,50,9,2023-03-16,32.3680441,-81.3108158
GA-01,GA1270008,CABANA COURT MHP,GA,88,36,GW,P,3,Well (1); Treatment Plant (1); Distribution System/Zone (1),6,4,0,0,17,7,2025-12-22,30.8695942,-83.2902856
GA-01,GA0510006,THUNDERBOLT,GA,2556,1200,GW,L,6,Distribution System/Zone (1); Consecutive Connection (1); Well (2); Treatment Plant (2),67,55,3,0,69,9,2023-12-19,32.031273,-81.0509511
GA-01,GA0510096,RUNAWAY POINT,GA,861,331,GW,P,3,Distribution System/Zone (1); Treatment Plant (1); Well (1),5,3,0,0,15,6,2024-02-05,NA,NA
GA-01,GA1270033,LIVE OAK MOBILE HOME PARK,GA,203,75,GW,P,4,Well (2); Treatment Plant (1); Distribution System/Zone (1),48,29,0,0,88,10,2025-08-19,31.1743726,-81.5001671
GA-01,GA1270035,BEL-AIRE ESTATES ANNEX S/D,GA,117,45,GW,P,3,Distribution System/Zone (1); Well (1); Treatment Plant (1),6,5,0,0,12,6,2022-12-13,NA,NA
GA-01,GA1270054,HELVESTON OAKS SUBDIVISION,GA,52,24,GW,P,3,Treatment Plant (1); Well (1); Distribution System/Zone (1),9,7,2,0,16,6,2024-01-17,NA,NA
GA-01,GA1270118,PITTMAN`S CIRCLE,GA,42,16,GW,P,3,Well (1); Treatment Plant (1); Distribution System/Zone (1),13,9,5,0,36,6,2022-12-13,NA,NA
GA-01,GA1270141,ALTAMAHA MOBILE HOME VILLAGE,GA,143,53,GW,P,3,Distribution System/Zone (1); Treatment Plant (1); Well (1),9,4,3,0,18,7,2025-12-22,NA,NA
GA-01,GA1270155,TIDEWATER ESTATES MHP,GA,28,10,GW,P,2,Well (1); Distribution System/Zone (1),53,40,2,0,49,9,2023-01-30,31.1743726,-81.5001671
GA-01,GA1270188,EMANUEL CHURCH/SILVER BLUFF/AVONDALE,GA,497,184,GW,P,4,Well (2); Treatment Plant (1); Distribution System/Zone (1),1,1,0,0,2,5,2024-04-25,NA,NA
GA-01,GA1270189,IVY-THE LAKES,GA,289,107,GW,P,4,Distribution System/Zone (1); Well (2); Treatment Plant (1),0,0,0,0,0,4,2024-01-17,NA,NA
GA-01,GA1270190,HUNTER`S POINT SUBDIVISION,GA,306,113,GW,P,4,Treatment Plant (1); Well (2); Distribution System/Zone (1),0,0,0,0,0,4,2023-04-27,NA,NA
GA-01,GA1270193,RATCLIFFE LAKES SUBDIVISION,GA,65,24,GW,P,3,Distribution System/Zone (1); Well (1); Treatment Plant (1),1,0,0,0,3,2,2023-04-26,NA,NA
GA-01,GA1270194,GREEN COVE SUBDIVISION,GA,112,43,GW,P,5,Distribution System/Zone (1); Treatment Plant (2); Well (2),0,0,0,0,0,4,2024-04-25,NA,NA
GA-01,GA1790001,MIDWAY,GA,2595,998,GW,L,6,Well (2); Treatment Plant (2); Consecutive Connection (1); Distribution System/Zone (1),34,14,0,0,64,7,2024-06-04,NA,NA
GA-01,GA1790035,RICEBORO,GA,1131,435,GW,L,7,Well (3); Treatment Plant (3); Distribution System/Zone (1),7,3,2,0,15,7,2025-07-21,NA,NA
GA-01,GA1790048,OLD SUNBURY-MAYBANK APARTMENTS,GA,52,30,GW,P,5,Distribution System/Zone (1); Well (2); Treatment Plant (2),109,89,3,0,97,8,2024-07-30,NA,NA
GA-01,GA1790093,DEERFIELD MOBILE HOME PARK,GA,49,18,GW,P,3,Distribution System/Zone (1); Well (1); Treatment Plant (1),22,10,2,0,53,6,2025-06-02,NA,NA
GA-01,GA1790094,COUNTRY LANE MOBILE HOME PARK,GA,172,61,GW,P,3,Well (1); Treatment Plant (1); Distribution System/Zone (1),9,3,1,0,26,5,2024-07-19,NA,NA
GA-01,GA1790096,WESTGATE MOBILE HOME PARK,GA,72,24,GW,P,3,Treatment Plant (1); Well (1); Distribution System/Zone (1),46,35,2,0,64,6,2025-04-10,NA,NA
GA-01,GA1790098,SASSER`S MOBILE HOME PARK,GA,52,26,GW,P,2,Well (1); Distribution System/Zone (1),18,7,3,0,47,6,2023-09-06,NA,NA
GA-01,GA1790104,"LAKEVIEW MOBILE HOME PARK, LLC",GA,175,67,GW,P,3,Treatment Plant (1); Well (1); Distribution System/Zone (1),21,11,0,0,63,7,2025-06-26,NA,NA
GA-01,GA1790121,RIVER VIEW SUBDIVISION,GA,58,21,GW,P,3,Well (1); Treatment Plant (1); Distribution System/Zone (1),136,118,0,0,94,6,2024-02-27,NA,NA
GA-01,GA1790125,HALFMOON VILLAS & MARINA,GA,270,100,GW,P,5,Treatment Plant (2); Well (2); Distribution System/Zone (1),40,11,1,0,81,6,2023-04-18,NA,NA
GA-01,GA1790130,LAKE PAMONA,GA,30,19,GW,P,3,Distribution System/Zone (1); Well (1); Treatment Plant (1),140,120,0,0,99,5,2024-07-18,NA,NA
GA-01,GA1790132,SEABROOK ISLAND SUBDIVISION,GA,101,35,GW,P,5,Treatment Plant (2); Well (2); Distribution System/Zone (1),18,5,0,0,30,6,2025-04-10,NA,NA
GA-01,GA1790152,SEABROOK ISLAND SUBDIVISION,GA,55,13,GW,P,3,Distribution System/Zone (1); Well (1); Treatment Plant (1),10,3,0,0,22,5,2024-03-27,NA,NA
GA-01,GA1830024,OAK MEADOWS MOBILE HOME PARK,GA,81,32,GW,P,3,Well (1); Treatment Plant (1); Distribution System/Zone (1),16,11,2,0,32,6,2025-04-17,32.0307984,-80.971885
GA-01,GA1830044,HUCKABERRY SUBDIVISION,GA,64,24,GW,P,4,Distribution System/Zone (1); Well (2); Treatment Plant (1),24,2,0,0,31,5,2025-01-07,NA,NA
GA-01,GA1830060,BRIARCREST-PALMER PLACE,GA,234,170,GW,P,8,Distribution System/Zone (1); Well (4); Treatment Plant (3),25,0,0,0,6,4,2021-10-26,NA,NA
GA-01,GA1910008,SAPELO WOODS SUBDIVISION,GA,348,129,GW,P,4,Distribution System/Zone (1); Well (2); Treatment Plant (1),7,3,1,0,18,5,2020-12-14,NA,NA
GA-01,GA1910012,MCINTOSH COUNTY - JONES COMMUNITY,GA,95,35,GW,L,3,Well (1); Treatment Plant (1); Distribution System/Zone (1),14,4,0,0,45,6,2024-11-05,NA,NA
GA-01,GA1910014,MCINTOSH COUNTY - CANNON BLUFF,GA,296,114,GW,L,3,Distribution System/Zone (1); Treatment Plant (1); Well (1),12,3,0,0,41,7,2025-10-28,NA,NA
GA-01,GA1910015,DNR-HOG HAMMOCK COMMUNITY,GA,304,124,GW,S,5,Well (2); Treatment Plant (2); Distribution System/Zone (1),25,7,0,0,62,6,2025-07-30,31.1239944,-81.4782304
GA-01,GA1910018,HIGHLAND PARK SUBDIVISION,GA,203,80,GW,L,4,Treatment Plant (1); Well (2); Distribution System/Zone (1),7,2,0,0,15,6,2023-11-14,NA,NA
GA-01,GA1910019,MCINTOSH COUNTY-CARNIGAN COMMUNITY,GA,540,200,GW,L,5,Well (2); Treatment Plant (2); Distribution System/Zone (1),15,6,0,0,43,5,2025-07-16,NA,NA
GA-01,GA1910022,SPRINGFIELD PLANTATION SUBDIVISION,GA,360,144,GW,P,5,Distribution System/Zone (1); Well (2); Treatment Plant (2),6,5,1,0,9,5,2023-11-16,NA,NA
GA-01,GA1910066,BIG TREE ESTATES,GA,38,15,GW,P,3,Well (1); Treatment Plant (1); Distribution System/Zone (1),22,12,2,0,45,7,2025-04-17,31.158657,-81.403083
GA-01,GA1910067,SHELL POINT SUBDIVISION,GA,164,63,GW,P,4,Treatment Plant (1); Well (2); Distribution System/Zone (1),34,26,1,0,28,6,2022-10-17,NA,NA
GA-01,GA1910071,RIVER OAKS SUBDIVISION,GA,53,21,GW,P,3,Well (1); Treatment Plant (1); Distribution System/Zone (1),59,48,0,0,39,6,2022-10-19,33.9532736,-83.449625
GA-01,GA1910072,BELVEDERE ISLAND,GA,283,94,GW,P,5,Well (2); Treatment Plant (2); Distribution System/Zone (1),23,6,0,0,29,7,2023-11-16,NA,NA
GA-01,GA1910073,EAGLE NECK SUBDIVISION,GA,130,48,GW,P,4,Well (2); Treatment Plant (1); Distribution System/Zone (1),27,13,1,0,64,8,2023-06-06,NA,NA
GA-01,GA1910096,SPAULDING POINT SUBDIVISION,GA,55,22,GW,P,3,Well (1); Treatment Plant (1); Distribution System/Zone (1),0,0,0,0,0,6,2024-05-20,NA,NA
GA-01,GA0510016,BLOOMINGDALE,GA,2735,1090,GW,L,5,Distribution System/Zone (1); Well (2); Treatment Plant (2),7,5,0,0,13,7,2026-03-26,NA,NA
GA-01,GA0510017,BEVERLY PLANTATION I,GA,130,50,GW,P,3,Treatment Plant (1); Well (1); Distribution System/Zone (1),4,1,0,0,9,6,2022-10-25,32.02619,-81.2263182
GA-01,GA0510026,GARDEN ACRES ESTATES,GA,525,198,GW,P,3,Distribution System/Zone (1); Treatment Plant (1); Well (1),14,8,0,0,30,6,2025-07-15,32.108631,-81.251446
GA-01,GA0510040,PINE BARREN ACRES,GA,138,53,GW,P,3,Well (1); Treatment Plant (1); Distribution System/Zone (1),35,28,1,0,64,6,2025-10-20,NA,NA
GA-01,GA0510042,PLANTATION INN MOBILE ESTATES,GA,229,88,GW,P,3,Treatment Plant (1); Well (1); Distribution System/Zone (1),8,1,0,0,24,6,2024-01-08,32.0444,-81.18128
GA-01,GA0510126,MILLER PINES MOBILE HOME PARK,GA,96,37,GW,P,3,Distribution System/Zone (1); Treatment Plant (1); Well (1),15,3,0,0,32,6,2025-10-20,NA,NA
GA-01,GA0510139,HEATHCOTE FARMS SUBDIVISION,GA,68,26,GW,P,3,Well (1); Treatment Plant (1); Distribution System/Zone (1),15,6,0,0,30,6,2023-10-23,NA,NA
GA-01,GA0510157,RIVERSIDE ESTATES,GA,75,29,GW,P,3,Distribution System/Zone (1); Treatment Plant (1); Well (1),37,27,1,0,77,6,2023-10-23,NA,NA
GA-01,GA0510223,BEVERLY PLANTATION II,GA,65,24,GW,P,3,Treatment Plant (1); Well (1); Distribution System/Zone (1),7,3,3,0,17,5,2022-10-25,32.02619,-81.2263182
GA-01,GA0510253,FORT ARGYLE-RIVER BLUFF,GA,463,178,GW,P,5,Treatment Plant (2); Well (2); Distribution System/Zone (1),7,1,1,0,16,6,2024-02-05,NA,NA
GA-01,GA0510259,SAVANNAH-SAVANNAH QUARTERS,GA,2665,1350,GW,L,6,Distribution System/Zone (1); Treatment Plant (2); Well (3),12,1,0,0,22,6,2024-12-30,NA,NA
GA-01,GA0510267,SANDY BLUFF SUBDIVISION,GA,65,24,GW,P,3,Distribution System/Zone (1); Treatment Plant (1); Well (1),15,8,1,0,25,7,2025-05-06,NA,NA
GA-01,GA0510280,GARDEN CITY - TOWN CENTER,GA,514,18,GWP,L,2,Distribution System/Zone (1); Consecutive Connection (1),1,0,0,0,2,4,2024-06-04,NA,NA
GA-01,GA1030012,WESTWOOD HEIGHTS SUBDIVISION,GA,1370,530,GW,P,7,Well (3); Treatment Plant (3); Distribution System/Zone (1),17,7,2,0,39,6,2024-07-25,32.0771378,-81.0941666
GA-01,GA1030017,FOXBOW NORTH SUBDIVISION,GA,497,191,GW,P,5,Distribution System/Zone (1); Well (2); Treatment Plant (2),6,0,0,0,9,7,2024-03-28,NA,NA
GA-01,GA1030018,PECAN GROVE S/D,GA,182,70,GW,P,3,Well (1); Treatment Plant (1); Distribution System/Zone (1),9,2,0,0,21,5,2021-10-15,NA,NA
GA-01,GA1030082,AURIGA FARMS,GA,585,225,GW,P,5,Well (2); Treatment Plant (2); Distribution System/Zone (1),8,1,0,0,17,7,2023-01-10,NA,NA
GA-01,GA1030097,LEE VILLAGE SUBDIVISION,GA,310,118,GW,P,5,Treatment Plant (2); Well (2); Distribution System/Zone (1),9,5,1,0,25,7,2025-05-09,NA,NA
GA-01,GA1030103,WATERFORD PLANTATION SUBDIVISION,GA,182,70,GW,P,3,Well (1); Treatment Plant (1); Distribution System/Zone (1),12,5,0,0,20,7,2025-03-06,NA,NA
GA-01,GA1030104,CYPRESS LAKES SUBDIVISION,GA,44,17,GW,P,3,Treatment Plant (1); Well (1); Distribution System/Zone (1),12,1,1,0,25,6,2021-02-12,32.0771378,-81.0941666
GA-01,GA1030105,ROSEWOOD WATER SYSTEM,GA,52,20,GW,P,3,Treatment Plant (1); Well (1); Distribution System/Zone (1),4,1,0,0,8,6,2025-10-28,NA,NA
GA-01,GA1030106,COVENTRY PLANTATION,GA,122,47,GW,P,3,Well (1); Treatment Plant (1); Distribution System/Zone (1),5,2,0,0,8,6,2025-10-28,NA,NA
GA-01,GA1030112,ROYAL OAKS PLANTATION,GA,252,97,GW,P,3,Treatment Plant (1); Well (1); Distribution System/Zone (1),6,0,0,0,15,5,2025-05-13,NA,NA
GA-01,GA1030116,HAMPTON CREEK SUBDIVISION,GA,146,56,GW,P,3,Distribution System/Zone (1); Treatment Plant (1); Well (1),5,1,0,0,12,7,2025-03-06,NA,NA
GA-01,GA1030117,CASTLEWOOD-CLEARVIEW-WARNER FIELDS,GA,393,149,GW,P,8,Treatment Plant (3); Well (4); Distribution System/Zone (1),6,1,0,0,16,6,2025-05-13,NA,NA
GA-01,GA1030119,HUNTINGTON STATION,GA,382,147,GW,P,7,Treatment Plant (3); Well (3); Distribution System/Zone (1),6,0,0,0,13,5,2022-10-21,NA,NA
GA-01,GA1030095,CONIFER CROSSING/PINE HILL,GA,759,292,GW,P,8,Distribution System/Zone (1); Treatment Plant (3); Well (4),21,12,0,0,38,7,2023-12-15,NA,NA
GA-01,GA1270010,DRUID OAKS MOBILE HOME PARK,GA,247,95,GW,P,3,Distribution System/Zone (1); Well (1); Treatment Plant (1),37,7,0,0,59,8,2025-12-10,NA,NA
GA-01,GA1270014,BRUNSWICK MOBILE HOME PARK,GA,104,42,GW,P,4,Distribution System/Zone (1); Treatment Plant (1); Well (2),4,2,0,0,18,7,2025-12-22,33.8492236,-84.3775525
GA-01,GA1270016,SATILLA SHORES SUBDIVISION,GA,262,98,GW,P,4,Treatment Plant (1); Well (2); Distribution System/Zone (1),3,3,0,0,9,4,2023-04-26,NA,NA
GA-01,GA1270017,SHADY ACRES MOBILE HOME PARK,GA,484,186,GW,P,4,Distribution System/Zone (1); Well (2); Treatment Plant (1),13,7,1,0,36,6,2025-12-10,NA,NA
GA-01,GA1270025,SEA ISLAND COMPANY,GA,2000,715,GW,P,8,Distribution System/Zone (1); Treatment Plant (3); Well (4),10,7,3,0,19,6,2025-12-31,31.1873626,-81.5036398
GA-01,GA0510024,ESTILL HAMMOCK/SPANISH HAMMOCK,GA,374,144,GW,P,5,Distribution System/Zone (1); Treatment Plant (2); Well (2),8,4,0,0,12,6,2024-11-20,NA,NA
GA-01,GA0510050,SOUTHWINDS - WHITE OAKS,GA,572,220,GW,P,6,Well (2); Treatment Plant (2); Consecutive Connection (1); Distribution System/Zone (1),10,4,0,0,19,6,2021-11-02,NA,NA
GA-01,GA0510091,COMMODORE POINT,GA,302,116,GW,P,3,Distribution System/Zone (1); Treatment Plant (1); Well (1),52,31,1,0,61,6,2022-05-31,32.0486053,-81.0918067
GA-01,GA0510054,THE BLUFF SUBDIVISION (HOA),GA,55,21,GW,P,3,Well (1); Treatment Plant (1); Distribution System/Zone (1),10,4,2,0,20,5,2025-03-31,NA,NA
GA-01,GA0510094,WHITEMARSH ESTATES,GA,390,150,GW,P,3,Treatment Plant (1); Well (1); Distribution System/Zone (1),11,0,0,0,27,6,2023-04-04,32.0771378,-81.0941666
GA-01,GA0510052,TALAHI ISLAND COMMUNITY,GA,1139,434,GW,P,10,Distribution System/Zone (1); Well (5); Treatment Plant (4),14,5,0,0,24,7,2025-05-06,NA,NA
GA-01,GA0510011,GOLDEN ISLES SUBDIVISION,GA,555,210,GW,P,3,Treatment Plant (1); Well (1); Distribution System/Zone (1),11,2,1,0,23,7,2025-08-20,32.0771378,-81.0941666
GA-01,GA0510046,RIVER OAKS SUBDIVISION,GA,541,208,GW,P,4,Distribution System/Zone (1); Well (2); Treatment Plant (1),4,1,1,0,7,7,2024-01-08,NA,NA
GA-01,GA1270150,GLYNN CO.-SOUTH MAIN LAND,GA,2554,1030,GW,L,7,Well (3); Treatment Plant (3); Distribution System/Zone (1),11,4,0,0,21,9,2025-03-04,31.1517002,-81.4859994
GA-01,GA1270159,ASHLEY MARSH/EGRET'S PASS,GA,91,27,GW,P,3,Treatment Plant (1); Well (1); Distribution System/Zone (1),2,1,0,0,4,6,2021-03-29,NA,NA
GA-01,GA1270160,OAK GROVE ISLAND PLANTATION,GA,775,298,GW,P,5,Distribution System/Zone (1); Well (2); Treatment Plant (2),4,2,0,0,10,6,2023-02-23,31.185223,-81.5037149
GA-01,GA1270186,WATERCREST SUBDIVISION,GA,149,48,GW,P,4,Distribution System/Zone (1); Well (2); Treatment Plant (1),0,0,0,0,0,5,2024-01-17,NA,NA
GA-01,GA1270187,BUCKMEADOW PLANTATION SUBDIVISION,GA,112,43,GW,P,4,Well (2); Treatment Plant (1); Distribution System/Zone (1),1,1,0,0,2,5,2021-12-29,NA,NA
GA-05,GA1130007,DIX LEE`ON ESTATES,GA,556,214,GW,P,8,Well (6); Treatment Plant (1); Distribution System/Zone (1),10,3,0,0,28,5,2024-06-11,33.2961663,-83.9516093
GA-05,GA1130008,NEWTON PLANTATION,GA,338,130,GW,P,8,Distribution System/Zone (1); Well (4); Treatment Plant (3),32,13,2,0,65,5,2023-03-15,33.2961663,-83.9516093
NJ-02,NJ0111007,SWAN LAKE RESORT,NJ,70,156,GW,P,6,Distribution System/Zone (1); Sampling Station (1); Treatment Plant (2); Well (2),22,0,7,0,62,19,2024-09-04,NA,NA
NJ-02,NJ1714001,COUNTRY CLUB ESTATES,NJ,300,80,GW,P,6,Distribution System/Zone (1); Sampling Station (1); Treatment Plant (2); Well (2),57,11,0,0,68,17,2023-10-25,NA,NA
NJ-02,NJ0804001,LAUX LAKEVIEW MOBILE H P INC,NJ,291,204,GW,P,6,Distribution System/Zone (1); Well (2); Sampling Station (1); Treatment Plant (2),24,0,1,0,63,21,2026-01-13,39.7199254,-75.2150763
NJ-02,NJ1710001,HARDING WOODS MHP,NJ,1276,319,GW,P,5,Well (2); Sampling Station (1); Treatment Plant (1); Distribution System/Zone (1),87,12,5,0,83,19,2025-08-15,39.497559,-75.125583
NJ-02,NJ1714003,BANCROFT NEURO HEALTH CENTER,NJ,142,21,GW,P,4,Well (2); Treatment Plant (1); Distribution System/Zone (1),22,0,2,0,52,17,2025-08-19,NA,NA
NJ-02,NJ1533002,PINEWOOD ESTATES-BRIGHTN,NJ,1493,597,GW,P,7,Sampling Station (1); Well (3); Treatment Plant (2); Distribution System/Zone (1),100,17,1,0,44,17,2025-07-23,42.5161658,-83.3342929
NJ-02,NJ1517006,LONG BEACH TWP HIGH BAR HARBOR,NJ,1230,385,GWP,L,4,Consecutive Connection (2); Distribution System/Zone (1); Sampling Station (1),9,1,0,0,19,12,2024-11-21,39.616683,-74.2006172
NJ-02,NJ1517003,LONG BEACH TWP NORTH BEACH,NJ,800,592,GWP,L,4,Sampling Station (1); Consecutive Connection (2); Distribution System/Zone (1),22,9,0,0,38,12,2024-10-17,39.616683,-74.2006172
NJ-02,NJ1517002,LONG BEACH TWP WD HOLGAT,NJ,2000,843,GW,L,5,Distribution System/Zone (1); Well (2); Sampling Station (1); Treatment Plant (1),166,9,0,0,48,14,2024-10-17,39.616683,-74.2006172
NJ-02,NJ1517004,LONG BEACH TWP LOVE LADIES SOUTH,NJ,150,539,GWP,L,4,Sampling Station (1); Distribution System/Zone (1); Consecutive Connection (2),10,1,0,0,21,12,2024-11-21,39.616683,-74.2006172
NJ-02,NJ1517005,LONG BEACH TWP LOVE LADIES NORTH,NJ,150,461,GWP,L,4,Distribution System/Zone (1); Sampling Station (1); Consecutive Connection (2),7,1,0,0,16,12,2024-11-21,39.616683,-74.2006172
NJ-02,NJ1702001,ELMER BORO W DEPT,NJ,1385,540,GW,L,6,Distribution System/Zone (1); Well (2); Sampling Station (1); Treatment Plant (2),17,15,1,0,32,27,2025-08-28,NA,NA
NJ-02,NJ0817001,SWEDESBORO WATER DEPARTMENT,NJ,2824,1055,GW,L,6,Distribution System/Zone (1); Well (3); Sampling Station (1); Treatment Plant (1),120,9,0,0,74,26,2024-08-23,NA,NA
NJ-02,NJ0813001,NEWFIELD WATER DEPARTMENT,NJ,1616,777,GW,L,6,Well (2); Sampling Station (1); Treatment Plant (2); Distribution System/Zone (1),38,3,5,0,77,15,2025-03-27,NA,NA
NJ-02,NJ0809001,NJ AMERICAN WATER - BRIDGEPORT,NJ,855,336,SWP,P,7,Distribution System/Zone (1); Consecutive Connection (2); Sampling Station (1); Treatment Plant (1); Well (2),40,17,1,0,19,16,2025-02-11,40.0119983,-74.9715417
NJ-02,NJ0613004,UPPER DEERFIELD TWP WATER DEPT,NJ,3100,1017,GW,L,9,Well (4); Treatment Plant (2); Sampling Station (1); Distribution System/Zone (1); Consecutive Connection (1),88,1,27,0,95,14,2025-02-27,NA,NA
NJ-02,NJ0506321,CEDAR SPRINGS MHP WELL #,NJ,90,34,GW,P,5,Distribution System/Zone (1); Well (2); Sampling Station (1); Treatment Plant (1),170,8,0,0,103,18,2024-09-26,NA,NA
NJ-02,NJ0112002,BLACK HORSE MANOR,NJ,74,44,GW,P,7,Distribution System/Zone (1); Well (2); Treatment Plant (3); Sampling Station (1),37,2,2,0,39,16,2024-09-24,NA,NA
NJ-02,NJ0506012,PRESIDENTIAL COURTS MOBILE H P,NJ,49,36,GW,P,5,Well (2); Treatment Plant (1); Sampling Station (1); Distribution System/Zone (1),41,13,0,0,86,27,2025-11-21,NA,NA
NJ-02,NJ0108013,TOWER 1999 MOBILE HOME PARK,NJ,100,50,GW,P,4,Well (2); Sampling Station (1); Distribution System/Zone (1),93,3,1,0,49,22,2023-10-11,39.438391,-74.616947
NJ-02,NJ0506013,A AND J MOBILE HOME PARK,NJ,86,54,GW,P,4,Distribution System/Zone (1); Sampling Station (1); Well (2),50,8,0,0,54,24,2025-08-29,NA,NA
NJ-02,NJ0108014,TOWER EAST MOBILE HOME PARK,NJ,70,56,GW,P,6,Well (2); Treatment Plant (2); Sampling Station (1); Distribution System/Zone (1),29,4,2,0,62,21,2023-10-11,39.438391,-74.616947
NJ-02,NJ0506001,DELSEA WOODS COMMUNITY LLC,NJ,95,95,GW,P,5,Sampling Station (1); Treatment Plant (1); Well (2); Distribution System/Zone (1),48,29,0,0,65,25,2026-03-19,NA,NA
NJ-02,NJ0108004,NORMS DALE MOBILE HOME PARK,NJ,250,88,GW,P,6,Treatment Plant (2); Sampling Station (1); Well (2); Distribution System/Zone (1),45,6,2,0,55,32,2024-09-23,NA,NA
NJ-02,NJ0607001,HOPEWELL PLACE SENIOR APTS,NJ,100,1,GW,P,4,Well (1); Treatment Plant (1); Sampling Station (1); Distribution System/Zone (1),105,2,10,0,178,24,2024-11-21,NA,NA
NJ-02,NJ0506004,EDGEWOOD VILLAGE M H PARK,NJ,175,82,GW,P,4,Distribution System/Zone (1); Common Headers (1); Sampling Station (1); Well (1),23,19,1,0,31,20,2025-11-21,NA,NA
NJ-02,NJ0108303,BAY BREEZE VILLAGE,NJ,105,57,GW,P,5,Distribution System/Zone (1); Well (2); Treatment Plant (1); Sampling Station (1),55,9,0,0,15,20,2025-09-24,39.3756986,-74.7125446
NJ-02,NJ0610002,COUNTRY MEADOWS RENTS AND SALES MHP LLC,NJ,250,90,GW,P,5,Sampling Station (1); Well (2); Treatment Plant (1); Distribution System/Zone (1),40,16,1,0,47,24,2024-02-15,39.3537401,-75.1867616
NJ-02,NJ0119001,DELILAH TERRACE MHP,NJ,210,100,GW,P,5,Distribution System/Zone (1); Well (1); Treatment Plant (2); Sampling Station (1),47,2,4,0,62,22,2025-08-13,43.0495068,-77.4684788
NJ-02,NJ0505003,CAPE MAY MOBILE ESTATES,NJ,420,40,GW,P,6,Distribution System/Zone (1); Well (3); Treatment Plant (1); Sampling Station (1),38,9,1,1,37,18,2026-03-19,39.9122842,-75.6672273
NJ-02,NJ0506015,GRANDE WOODS NORTH MHP,NJ,200,101,GW,P,4,Distribution System/Zone (1); Treatment Plant (1); Sampling Station (1); Well (1),12,5,0,0,20,16,2023-06-22,39.019528,-74.870509
NJ-02,NJ0108002,ENGLISH CREEK MANOR M H PARK,NJ,250,128,GW,P,5,Sampling Station (1); Well (2); Treatment Plant (1); Distribution System/Zone (1),26,22,2,0,13,26,2026-01-23,NA,NA
NJ-02,NJ0108006,TOWER MOBILE HOMES,NJ,245,128,GW,P,5,Well (2); Sampling Station (1); Treatment Plant (1); Distribution System/Zone (1),40,3,3,0,49,24,2023-10-11,39.438391,-74.616947
NJ-02,NJ0506007,GRANDE WOODS SOUTH MOBILE H P,NJ,650,225,GW,P,5,Distribution System/Zone (1); Treatment Plant (1); Sampling Station (1); Well (2),25,19,0,0,39,24,2023-06-22,39.0191414,-74.8700503
NJ-02,NJ0605001,FAIRTON OAKS M H COMMUNITY,NJ,207,130,GW,P,7,Well (3); Sampling Station (1); Treatment Plant (2); Distribution System/Zone (1),206,84,2,0,126,17,2024-11-08,NA,NA
NJ-02,NJ0511003,SHORE ACRES MOBILE HOME,NJ,392,196,GW,P,5,Well (2); Treatment Plant (1); Sampling Station (1); Distribution System/Zone (1),33,18,0,0,93,18,2025-03-14,39.438391,-74.616947
NJ-02,NJ0605002,EVERGREEN ESTATES,NJ,450,204,GW,P,6,Distribution System/Zone (1); Sampling Station (1); Treatment Plant (2); Well (2),62,22,5,0,89,18,2025-05-16,39.4272037,-75.2207683
NJ-02,NJ0504306,OCEANVIEW CTR FOR REHAB AND CONTINUING C,NJ,120,1,GW,P,6,Sampling Station (1); Well (2); Treatment Plant (2); Distribution System/Zone (1),47,5,2,0,52,13,2024-07-25,NA,NA
NJ-02,NJ0108009,STONEY FIELD MOBILE HOME PARK,NJ,200,91,GW,P,5,Treatment Plant (1); Well (2); Sampling Station (1); Distribution System/Zone (1),74,13,6,0,72,19,2025-08-07,43.0495068,-77.4684788
NJ-02,NJ0108019,OAK FOREST MOBILE HOME PARK,NJ,300,158,GW,P,5,Distribution System/Zone (1); Treatment Plant (1); Well (2); Sampling Station (1),13,2,2,0,37,21,2024-06-04,NA,NA
NJ-02,NJ0516003,"CAROL LYNN RESORT, INC",NJ,550,236,GW,P,5,Well (2); Treatment Plant (2); Distribution System/Zone (1),39,4,0,0,52,18,2024-02-06,39.2373597,-74.8388928
NJ-02,NJ0506008,MIDDLE TWP WATER DISTRICT 1,NJ,685,204,GW,L,6,Distribution System/Zone (1); Well (2); Sampling Station (1); Treatment Plant (2),44,9,1,0,56,19,2025-08-26,39.2366675,-74.8204596
NJ-02,NJ0614005,UNITED MOBILE HOMES OF VINELAND,NJ,1600,320,GW,P,5,Distribution System/Zone (1); Well (2); Treatment Plant (1); Sampling Station (1),58,18,18,0,91,16,2026-02-27,39.413053,-74.98834
NJ-02,NJ0108003,TILTON TERRACE MHP,NJ,456,228,GW,P,6,Distribution System/Zone (1); Well (2); Treatment Plant (2); Sampling Station (1),99,35,3,0,93,26,2024-01-25,39.4241762,-74.5741289
NJ-02,NJ0123001,WEYMOUTH TWSP MUA,NJ,720,206,GWP,L,6,Distribution System/Zone (1); Consecutive Connection (4); Sampling Station (1),13,9,0,0,26,17,2025-08-13,39.453797,-74.728822
NJ-02,NJ0604001,BAYVIEW WATER SYSTEM,NJ,771,303,GW,P,6,Distribution System/Zone (1); Sampling Station (1); Treatment Plant (2); Well (2),40,33,0,0,63,17,2024-08-09,39.2297456,-75.1683768
NJ-02,NJ0511001,NJ AMERICAN WATER - STRATHMERE,NJ,1085,411,GW,P,5,Well (2); Sampling Station (1); Treatment Plant (1); Distribution System/Zone (1),16,14,0,0,5,14,2025-04-10,39.197257,-74.6564656
NJ-02,NJ0605004,FAIRTON FEDERAL CORRECTIONAL,NJ,1841,18,GW,F,5,Distribution System/Zone (1); Sampling Station (1); Well (2); Treatment Plant (1),39,10,0,0,48,20,2025-12-10,39.3893765,-75.1646082
NJ-02,NJ0506009,MIDDLE TWP WATER DISTRICT,NJ,731,215,GWP,L,4,Sampling Station (1); Distribution System/Zone (1); Consecutive Connection (2),11,7,0,0,15,19,2025-08-26,NA,NA
NJ-02,NJ0123002,THE OAKS OF WEYMOUTH WATER CO.,NJ,750,475,GW,P,5,Distribution System/Zone (1); Sampling Station (1); Well (2); Treatment Plant (1),11,0,2,0,32,17,2024-08-28,NA,NA
NJ-02,NJ0609001,NJ STATE PRISON BAYSIDE,NJ,1679,41,GW,S,12,Treatment Plant (5); Sampling Station (1); Well (5); Distribution System/Zone (1),93,20,3,0,80,21,2025-12-30,NA,NA
NJ-02,NJ0516001,BOROUGH OF WOODBINE,NJ,2650,534,GW,L,5,Distribution System/Zone (1); Sampling Station (1); Treatment Plant (1); Well (2),66,19,6,0,77,17,2024-02-15,39.241366,-74.815753
NJ-02,NJ0111004,POMONA MOBILE HOME PARK,NJ,98,46,GW,P,6,Distribution System/Zone (1); Sampling Station (1); Well (3); Treatment Plant (1),53,22,1,0,66,17,2026-01-22,NA,NA
NJ-02,NJ0612001,BAYSHORE MOBILE HOME PARK,NJ,81,27,GW,P,5,Distribution System/Zone (1); Well (2); Treatment Plant (1); Sampling Station (1),194,27,16,0,203,22,2025-08-13,39.474048,-75.3042
NJ-02,NJ0805003,MALAGA VILLA APARTMENTS,NJ,100,48,GW,P,7,Distribution System/Zone (1); Well (3); Treatment Plant (2); Sampling Station (1),198,39,14,0,136,20,2024-03-05,NA,NA
NJ-02,NJ1710006,VILLAGE I,NJ,43,21,GW,P,5,Common Headers (1); Sampling Station (1); Well (2); Distribution System/Zone (1),38,26,13,0,102,18,2026-03-13,NA,NA
NJ-02,NJ0805001,IONA TRAILER PARK,NJ,72,53,GW,P,5,Distribution System/Zone (1); Treatment Plant (1); Well (2); Sampling Station (1),16,9,0,0,29,20,2024-11-26,39.9345554,-75.0425969
NJ-02,NJ0805002,MALAGA MOBILE HOME PARK,NJ,100,46,GW,P,5,Well (2); Sampling Station (1); Treatment Plant (1); Distribution System/Zone (1),24,17,0,0,27,23,2026-03-17,40.0433661,-75.453811
NJ-02,NJ1710304,BIG OAK REHAB,NJ,259,1,GW,P,5,Distribution System/Zone (1); Well (2); Sampling Station (1); Treatment Plant (1),84,6,38,0,179,20,2025-07-30,NA,NA
NJ-02,NJ0105001,BUENA FAMILY MANOR MHP,NJ,64,32,GW,P,5,Distribution System/Zone (1); Sampling Station (1); Treatment Plant (1); Well (2),14,8,0,0,9,19,2023-09-26,39.5570941,-74.8887402
NJ-02,NJ0816001,HARRISONVILLE MOBILE HOME PARK,NJ,100,50,GW,P,5,Well (2); Sampling Station (1); Treatment Plant (1); Distribution System/Zone (1),19,6,0,0,44,23,2024-10-29,NA,NA
NJ-02,NJ1713001,HANDYS MOBILE PARK,NJ,90,46,GW,P,5,Distribution System/Zone (1); Treatment Plant (1); Well (2); Sampling Station (1),88,19,2,0,38,30,2026-01-13,NA,NA
NJ-02,NJ1508001,OAKS MHP LLC,NJ,80,53,GW,P,5,Distribution System/Zone (1); Sampling Station (1); Well (2); Treatment Plant (1),50,15,0,0,46,12,2023-06-27,NA,NA
NJ-02,NJ1704001,LEISURE ARMS COMPLEX,NJ,60,31,GW,L,5,Distribution System/Zone (1); Well (2); Sampling Station (1); Treatment Plant (1),43,29,5,0,51,21,2023-10-25,NA,NA
NJ-02,NJ1530003,STAFFORD TWP MUA CEDAR B,NJ,224,86,GWP,L,4,Sampling Station (1); Consecutive Connection (2); Distribution System/Zone (1),6,0,0,0,11,15,2024-10-08,39.6917706,-74.2510382
NJ-02,NJ0117001,MULLICA WOODS MOBILE HOME PARK,NJ,150,90,GW,P,5,Sampling Station (1); Well (2); Treatment Plant (1); Distribution System/Zone (1),43,11,0,0,82,17,2024-05-23,NA,NA
NJ-02,NJ0105002,ALPINE VILLAGE,NJ,70,56,GW,P,5,Well (2); Sampling Station (1); Distribution System/Zone (1); Common Headers (1),10,2,0,0,25,20,2025-08-08,39.4893082,-74.936204
NJ-02,NJ0805433,HOLLY GREEN CAMPGROUND,NJ,140,94,GW,P,3,Sampling Station (1); Well (1); Distribution System/Zone (1),14,9,0,0,15,13,2024-01-30,39.6206631,-75.1076703
NJ-02,NJ1710003,PICNIC GROVE MOBILE HOMES,NJ,250,100,GW,P,4,Distribution System/Zone (1); Well (1); Treatment Plant (1); Sampling Station (1),66,22,15,0,125,19,2025-09-17,NA,NA
NJ-02,NJ1710002,HOLLY TREE ACRES SYSTEM 1,NJ,300,112,GW,P,8,Well (4); Sampling Station (1); Treatment Plant (2); Distribution System/Zone (1),71,13,6,0,63,19,2024-01-23,39.497559,-75.125583
NJ-02,NJ1706001,AUBURN VILLAGE WATER SUP,NJ,200,63,GW,P,5,Well (2); Treatment Plant (1); Sampling Station (1); Distribution System/Zone (1),19,5,2,0,41,17,2023-09-12,NA,NA
NJ-02,NJ1521001,OCEAN GATE WATER DEPT,NJ,3200,1141,GW,L,5,Sampling Station (1); Treatment Plant (1); Well (2); Distribution System/Zone (1),54,2,0,0,37,18,2025-05-08,39.924648,-74.14059
NJ-02,NJ0108005,AQUA NJ - SEAVIEW HARBOR,NJ,300,89,GW,P,5,Treatment Plant (1); Well (2); Sampling Station (1); Distribution System/Zone (1),17,6,1,0,29,25,2023-06-28,40.2059778,-74.6384843
MI-01,MI0003430,IRONWOOD TOWNSHIP,MI,474,231,GWP,L,2,Distribution System/Zone (1); Consecutive Connection (1),9,0,1,0,23,40,2025-11-12,NA,NA
MI-01,MI0000660,BESSEMER,MI,1619,1100,GW,L,7,Treatment Plant (1); Well (3); Storage (2); Distribution System/Zone (1),5,0,2,0,20,51,2024-09-13,46.4778013,-90.0503655
MI-01,MI0005600,BESSEMER TOWNSHIP,MI,551,437,GWP,L,4,Consecutive Connection (1); Distribution System/Zone (1); Storage (2),12,2,3,0,26,48,2024-04-17,NA,NA
MI-01,MI0006830,WAKEFIELD,MI,1808,983,GW,L,6,Well (2); Treatment Plant (1); Storage (2); Distribution System/Zone (1),8,0,0,0,21,50,2024-09-23,46.4735382,-89.9412319
MI-01,MI0004080,MARENISCO TOWNSHIP,MI,430,177,GW,L,5,Well (2); Common Headers (1); Storage (1); Distribution System/Zone (1),9,1,5,0,30,37,2024-01-29,NA,NA
MI-01,MI0000050,AHMEEK,MI,148,90,GWP,L,3,Consecutive Connection (1); Distribution System/Zone (1); Storage (1),14,0,0,0,38,30,2025-07-30,NA,NA
MI-01,MI0000090,FORD FORESTRY CENTER,MI,168,20,GW,L,8,Well (5); Distribution System/Zone (1); Storage (1); Common Headers (1),4,1,1,0,12,3,2025-12-10,NA,NA
MI-01,MI0003410,IRON RIVER,MI,3019,1313,GW,L,8,Common Headers (1); Distribution System/Zone (1); Storage (2); Well (4),25,0,14,0,69,45,2025-09-30,46.0917513,-88.6392366
MI-01,MI0004610,IRON RIVER TOWNSHIP-NASH,MI,340,272,GW,L,3,Well (1); Storage (1); Distribution System/Zone (1),3,0,2,0,9,39,2025-07-09,46.1237839,-88.6895246
MI-01,MI0005740,ROCKLAND TOWNSHIP,MI,350,146,GW,L,7,Distribution System/Zone (1); Storage (1); Well (4); Treatment Plant (1),16,0,0,0,51,47,2025-09-11,NA,NA
MI-01,MI0006120,SOUTH RANGE,MI,745,332,GWP,L,3,Storage (1); Distribution System/Zone (1); Consecutive Connection (1),9,0,0,0,19,36,2025-08-22,47.0697195,-88.643762
MI-01,MI0001980,BREITUNG TWP.-EAST KINGSFORD,MI,1200,485,GWP,L,2,Distribution System/Zone (1); Consecutive Connection (1),2,0,1,0,6,39,2024-10-22,NA,NA
MI-01,MI0002860,ELY TOWNSHIP-GREENWOOD,MI,266,111,GW,L,6,Storage (1); Distribution System/Zone (1); Common Headers (1); Well (3),19,0,12,0,49,33,2024-08-23,46.4867014,-87.7544816
MI-01,MI0040516,WHITE BIRCH MOBILE HOME VILLAGE,MI,250,100,GW,P,9,Distribution System/Zone (1); Storage (2); Common Headers (2); Well (4),24,0,1,0,16,23,2024-04-19,45.8329409,-88.05868
MI-01,MI0001920,EAGLE HARBOR TOWNSHIP,MI,300,60,GW,L,7,Storage (2); Distribution System/Zone (1); Well (3); Treatment Plant (1),15,1,3,0,43,47,2024-07-17,47.4572287,-88.1633761
MI-01,MI0002200,MCMILLAN TOWNSHIP,MI,391,170,GW,L,5,Well (2); Treatment Plant (1); Distribution System/Zone (1); Storage (1),17,0,2,0,36,41,2025-02-25,NA,NA
MI-01,MI0003270,TORCH LAKE TOWNSHIP,MI,946,281,GWP,L,2,Consecutive Connection (1); Distribution System/Zone (1),1,1,0,0,2,30,2024-06-07,47.2465707,-88.4527626
MI-01,MI0003720,LAKE LINDEN,MI,1203,550,GW,L,6,Well (3); Distribution System/Zone (1); Storage (1); Common Headers (1),14,3,3,0,36,42,2025-08-29,NA,NA
MI-01,MI0003350,STAMBAUGH TOWNSHIP-INDIAN LAKE,MI,290,160,GW,L,6,Well (3); Storage (1); Distribution System/Zone (1); Common Headers (1),5,0,0,0,10,34,2026-03-18,NA,NA
MI-01,MI0000020,ADAMS TOWNSHIP,MI,2010,641,GW,L,8,Well (3); Treatment Plant (1); Storage (2); Distribution System/Zone (1); Common Headers (1),3,0,0,0,7,52,2023-07-26,NA,NA
MI-01,MI0000180,ALPHA,MI,198,129,GW,L,6,Distribution System/Zone (1); Storage (1); Well (3); Treatment Plant (1),55,23,16,0,108,57,2024-02-16,NA,NA
MI-01,MI0000200,HEMATITE TOWNSHIP,MI,350,147,GWP,L,2,Consecutive Connection (1); Distribution System/Zone (1),23,0,14,0,66,39,2025-08-15,NA,NA
MI-01,MI0000410,BARAGA,MI,2182,735,SW,L,12,Distribution System/Zone (1); Storage (3); Sampling Station (1); Treatment Plant (1); Intake (2); Pump Facility (4),6,0,3,0,22,88,2026-01-21,46.788795,-88.480631
MI-01,MI0000440,BATES TOWNSHIP,MI,921,520,GW,L,6,Storage (2); Distribution System/Zone (1); Well (3),14,0,2,0,40,43,2025-11-21,NA,NA
MI-01,MI0000550,IRON RIVER TOWNSHIP-BEECHWOOD,MI,440,195,GW,L,5,Common Headers (1); Distribution System/Zone (1); Storage (1); Well (2),7,0,5,0,25,37,2025-07-09,46.1237839,-88.6895246
MI-01,MI0000620,BERGLAND TOWNSHIP,MI,210,155,GW,L,4,Distribution System/Zone (1); Storage (1); Well (2),9,0,5,0,30,38,2026-02-23,NA,NA
MI-01,MI0001040,CALUMET,MI,726,273,GWP,L,2,Consecutive Connection (1); Distribution System/Zone (1),1,0,0,0,3,35,2024-06-21,47.2465707,-88.4527626
MI-01,MI0001046,CALUMET TOWNSHIP,MI,50,16,GW,L,5,Consecutive Connection (1); Well (2); Storage (1); Distribution System/Zone (1),0,0,0,0,0,24,2024-06-07,47.2465707,-88.4527626
MI-01,MI0001210,CASPIAN,MI,997,511,GW,L,3,Storage (1); Distribution System/Zone (1); Well (1),17,0,15,0,68,36,2025-09-24,NA,NA
MI-01,MI0001350,CHASSELL TOWNSHIP,MI,800,350,GW,L,12,Storage (1); Distribution System/Zone (1); Well (9); Treatment Plant (1),8,0,0,0,19,49,2025-03-13,NA,NA
MI-01,MI0001620,COPPER CITY,MI,210,117,GWP,L,2,Distribution System/Zone (1); Consecutive Connection (1),18,0,2,0,42,35,2026-01-27,NA,NA
MI-01,MI0001700,CRYSTAL FALLS,MI,1922,1032,GWP,L,4,Treatment Plant (1); Storage (1); Distribution System/Zone (1); Consecutive Connection (1),14,0,7,0,48,50,2023-10-19,46.09668,-88.332767
MI-01,MI0001840,OSCEOLA TOWNSHIP,MI,1391,605,GW,L,9,Common Headers (1); Distribution System/Zone (2); Storage (3); Consecutive Connection (1); Well (2),10,0,5,0,37,34,2024-12-03,NA,NA
MI-01,MI0002510,GAASTRA,MI,376,179,GW,L,3,Distribution System/Zone (1); Storage (1); Well (1),29,0,8,0,91,35,2025-06-23,NA,NA
MI-01,MI0002940,STAMBAUGH TWP - HAGERMAN LAKE,MI,230,173,GW,L,5,Distribution System/Zone (1); Storage (1); Well (2); Common Headers (1),6,0,0,0,12,36,2026-03-18,NA,NA
MI-01,MI0003330,PORTAGE TOWNSHIP,MI,1214,528,GWP,L,5,Consecutive Connection (2); Storage (1); Distribution System/Zone (2),34,0,0,0,92,37,2025-10-21,47.1027908,-88.5957084
MI-01,MI0003670,L'ANSE,MI,2300,1181,SW,L,12,Intake (1); Sampling Station (1); Treatment Plant (1); Storage (3); Distribution System/Zone (1); Pump Facility (5),11,0,2,0,39,92,2026-01-21,46.7584865,-88.4536466
MI-01,MI0003810,LAURIUM,MI,1947,899,GWP,L,2,Consecutive Connection (1); Distribution System/Zone (1),0,0,0,0,0,32,2024-06-07,47.2465707,-88.4527626
MI-01,MI0003880,CRYSTAL FALLS TOWNSHIP - LIND,MI,990,420,GW,L,8,Common Headers (1); Consecutive Connection (1); Well (3); Storage (2); Distribution System/Zone (1),6,0,0,0,21,35,2023-10-17,NA,NA
MI-01,MI0005030,ONTONAGON,MI,2607,1431,SW,L,10,Pump Facility (3); Treatment Plant (1); Storage (4); Distribution System/Zone (1); Intake (1),4,0,0,0,61,88,2025-11-05,46.8724674,-89.3155443
MI-01,MI0005585,FRANKLIN-QUINCY WATER AUTHORITY,MI,260,117,GWP,P,2,Consecutive Connection (1); Distribution System/Zone (1),10,0,2,0,31,29,2024-10-18,NA,NA
MI-01,MI0005680,FRANKLIN TOWNSHIP,MI,300,122,GW,L,5,Well (2); Distribution System/Zone (1); Storage (1); Common Headers (1),42,1,7,0,54,36,2024-08-13,NA,NA
MI-01,MI0005760,IRON RIVER TOWNSHIP-RYDEN ROAD,MI,290,209,GW,L,3,Well (1); Storage (1); Distribution System/Zone (1),5,0,2,0,13,41,2025-07-09,46.1237839,-88.6895246
MI-01,MI0006090,STAMBAUGH TOWNSHIP-WEST BRULE,MI,580,300,GW,L,5,Distribution System/Zone (1); Storage (1); Common Headers (1); Well (2),6,0,0,0,11,36,2026-03-18,NA,NA
MI-01,MI0006630,CRYSTAL FALLS TWP - TOWNLINE,MI,350,125,GW,L,6,Well (2); Treatment Plant (2); Storage (1); Distribution System/Zone (1),9,0,0,0,31,43,2023-10-17,NA,NA
MI-01,MI0006680,INTERIOR TOWNSHIP,MI,200,105,GW,L,6,Treatment Plant (2); Well (2); Distribution System/Zone (1); Storage (1),32,0,14,0,109,40,2023-12-26,NA,NA
MI-01,MI0006920,WATERSMEET TOWNSHIP,MI,575,250,GW,L,7,Common Headers (1); Well (4); Storage (1); Distribution System/Zone (1),20,0,4,0,56,44,2025-04-16,NA,NA
MI-01,MI0000700,POWELL TOWNSHIP,MI,300,94,GW,L,6,Common Headers (1); Well (3); Distribution System/Zone (1); Storage (1),12,0,0,0,42,32,2024-11-13,NA,NA
MI-01,MI0004640,TILDEN TOWNSHIP,MI,375,130,GW,L,5,Well (2); Treatment Plant (1); Storage (1); Distribution System/Zone (1),16,0,0,0,20,34,2024-09-17,46.4431295,-87.727299
MI-01,MI0001630,GRANT TOWNSHIP - COPPER HARBOR,MI,200,192,GW,L,9,Well (6); Treatment Plant (1); Distribution System/Zone (1); Storage (1),11,2,3,0,48,50,2025-01-08,42.3752739,-84.685721
MI-01,MI0001820,ELY TOWNSHIP-DIORITE,MI,168,67,GW,L,6,Well (3); Treatment Plant (1); Storage (1); Distribution System/Zone (1),13,0,2,0,35,46,2024-08-23,46.4867014,-87.7544816
MI-01,MI0001930,HOUGHTON TOWNSHIP,MI,138,60,GW,L,7,Distribution System/Zone (1); Storage (5); Well (1),13,0,6,0,38,37,2025-05-21,NA,NA
MI-01,MI0002590,SHERMAN TOWNSHIP,MI,40,48,GW,L,7,Well (3); Treatment Plant (1); Distribution System/Zone (1); Storage (2),56,3,12,0,114,50,2025-03-14,47.1902714,-88.410831
MI-01,MI0003450,ISHPEMING TWP - WEST,MI,2148,1030,GW,L,9,Consecutive Connection (1); Common Headers (1); Storage (2); Distribution System/Zone (1); Well (4),7,0,4,0,23,30,2024-07-12,NA,NA
MI-01,MI0005590,QUINNESEC,MI,1200,422,GW,L,4,Well (2); Distribution System/Zone (1); Storage (1),11,0,10,0,44,41,2024-10-22,NA,NA
MI-01,MI0005660,REPUBLIC TOWNSHIP,MI,700,285,GW,L,9,Well (5); Treatment Plant (1); Storage (2); Distribution System/Zone (1),6,0,2,0,14,39,2023-11-07,NA,NA
MI-01,MI0040515,RIVERSBEND MOBILE HOME PARK,MI,180,77,GW,P,5,Common Headers (1); Distribution System/Zone (1); Storage (1); Well (2),5,0,1,0,29,23,2024-04-19,NA,NA
MI-01,MI0003120,HERMANSVILLE HOUSING COMM.,MI,36,1,GW,P,5,Storage (1); Distribution System/Zone (1); Well (2); Treatment Plant (1),62,2,5,1,181,48,2025-01-23,NA,NA
MI-01,MI0004775,ISHPEMING TWP - EAST,MI,305,75,GW,L,4,Consecutive Connection (1); Well (1); Storage (1); Distribution System/Zone (1),4,0,1,0,14,29,2024-07-12,NA,NA
MI-01,MI0040525,PINE ACRES MOBILE HOME PARK,MI,50,1,GW,P,5,Common Headers (1); Storage (1); Distribution System/Zone (1); Well (2),4,0,0,0,18,25,2023-08-07,46.5470904,-87.3931871
MI-01,MI0002656,GLEN MEADOWS CONDOMINIUMS,MI,142,72,GW,P,5,Storage (1); Distribution System/Zone (1); Well (2); Treatment Plant (1),3,1,0,0,4,29,2025-01-31,NA,NA
MI-01,MI0004810,"NORTHPORT, VILLAGE OF",MI,526,380,GW,L,8,Storage (1); Distribution System/Zone (1); Treatment Plant (3); Well (3),13,0,6,0,42,30,2024-12-19,NA,NA
MI-01,MI0006773,HORSELL MANOR,MI,25,20,GW,P,5,Well (2); Storage (1); Distribution System/Zone (1); Common Headers (1),32,0,6,0,57,20,2025-10-08,45.1423036,-84.6548303
MI-01,MI0040108,INDIAN RIVER MHP,MI,28,20,GW,P,4,Well (2); Common Headers (1); Distribution System/Zone (1),2,0,0,0,8,20,2025-10-16,43.7568435,-84.568893
MI-01,MI0004560,MUNISING,MI,2783,986,GW,L,10,Distribution System/Zone (1); Storage (3); Treatment Plant (2); Well (4),10,0,7,0,34,68,2025-08-26,46.409535,-86.652015
MI-01,MI0040414,NOTTINGHAM FOREST MHP,MI,185,74,GW,P,4,Common Headers (1); Distribution System/Zone (1); Well (2),11,0,3,0,35,19,2025-04-23,NA,NA
MI-01,MI0040416,SUNSET ESTATES GAYLORD,MI,50,20,GW,P,4,Distribution System/Zone (1); Common Headers (1); Well (2),7,1,2,0,24,19,2025-04-23,NA,NA
MI-01,MI0004040,MANISTIQUE,MI,3197,1479,SW,L,8,Pump Facility (2); Intake (1); Storage (3); Distribution System/Zone (1); Treatment Plant (1),9,0,7,0,39,97,2026-03-11,NA,NA
MI-01,MI0040432,NORTH SHORE TRAILER PARK,MI,68,30,GW,P,4,Common Headers (1); Distribution System/Zone (1); Well (2),8,0,1,0,21,18,2025-04-22,33.7589165,-117.8248935
MI-01,MI0003145,LAKESHORE EAST CONDOMINIUMS,MI,84,42,GW,P,5,Common Headers (1); Well (2); Storage (1); Distribution System/Zone (1),3,0,0,0,10,22,2025-03-25,42.4454798,-83.4972445
MI-01,MI0002780,BURT TOWNSHIP,MI,411,300,GW,L,5,Common Headers (1); Well (2); Storage (1); Distribution System/Zone (1),6,0,1,0,27,36,2025-03-27,NA,NA
MI-01,MI0000290,AU SABLE TOWNSHIP,MI,2370,1244,SWP,L,2,Distribution System/Zone (1); Consecutive Connection (1),3,0,0,0,9,20,2025-07-29,NA,NA
MI-01,MI0000324,AUSABLE VALLEY COMMUNITY,MI,147,92,GW,P,17,Well (7); Storage (3); Distribution System/Zone (3); Common Headers (4),8,0,2,0,21,18,2025-10-15,42.456544,-83.321715
MI-01,MI0003160,"HILLMAN, VILLAGE OF",MI,697,312,GW,L,8,Well (3); Treatment Plant (3); Storage (1); Distribution System/Zone (1),20,1,2,0,62,30,2025-11-12,NA,NA
MI-01,MI0005010,"ONAWAY, CITY OF",MI,880,510,GW,L,6,Storage (1); Distribution System/Zone (1); Treatment Plant (2); Well (2),16,0,0,0,39,31,2025-12-17,NA,NA
MI-01,MI0005570,PRESCOTT-HIDDEN CREEK MANOR,MI,38,34,GW,P,5,Well (2); Common Headers (1); Storage (1); Distribution System/Zone (1),3,0,0,0,8,17,2024-12-19,NA,NA
MI-01,MI0005575,PRESQUE ISLE HARBOR WATER CO.,MI,845,334,GW,P,5,Well (2); Storage (1); Distribution System/Zone (1); Common Headers (1),8,1,0,0,27,18,2025-04-23,NA,NA
MI-01,MI0040034,LAKESHORE ESTATES MHP,MI,115,58,GW,P,4,Common Headers (1); Well (2); Distribution System/Zone (1),10,0,3,0,37,21,2025-08-29,NA,NA
MI-01,MI0040106,LAKE MICHIGAN HEIGHTS,MI,270,108,GW,P,4,Well (2); Distribution System/Zone (1); Common Headers (1),5,1,1,0,28,20,2025-05-20,NA,NA
MI-01,MI0000490,BAY VIEW ASSOCIATION,MI,831,277,GWP,P,2,Distribution System/Zone (1); Consecutive Connection (1),0,0,0,0,0,22,2025-11-04,45.3988799,-84.9020774
MI-01,MI0004753,NINE MILE POINTE,MI,50,26,GW,P,5,Well (2); Storage (1); Distribution System/Zone (1); Common Headers (1),7,0,4,1,29,19,2025-09-16,NA,NA
MI-01,MI0000514,BEAVER CREEK RESORT,MI,76,40,GW,P,6,Distribution System/Zone (1); Storage (1); Other (1); Well (2); Treatment Plant (1),2,0,0,0,5,28,2025-01-31,44.958602,-84.7101586
MI-01,MI0000894,BROOK OF HOUGHTON LAKE,MI,105,42,GW,P,5,Common Headers (1); Storage (1); Distribution System/Zone (1); Well (2),1,0,0,0,3,19,2024-09-16,NA,NA
MI-01,MI0001768,DEERFIELD VILLA,MI,72,48,GW,P,5,Common Headers (1); Storage (1); Distribution System/Zone (1); Well (2),11,0,2,0,38,19,2024-09-11,NA,NA
MI-01,MI0002215,FAIRWAY LAKE CONDOMINIUMS,MI,56,30,GW,P,6,Common Headers (1); Other (1); Storage (1); Distribution System/Zone (1); Well (2),6,1,0,0,9,18,2024-12-02,NA,NA
MI-01,MI0002840,"GRAYLING, CITY OF",MI,1884,1998,GW,L,6,Treatment Plant (2); Well (2); Distribution System/Zone (1); Storage (1),3,0,2,0,18,31,2025-07-21,NA,NA
MI-01,MI0003238,HOUGHTON LAKE TIMBER APTS.,MI,48,24,GW,P,5,Well (2); Treatment Plant (1); Storage (1); Distribution System/Zone (1),21,0,10,1,69,30,2025-03-25,NA,NA
MI-01,MI0003755,LAKEVIEW APARTMENTS,MI,64,32,GW,P,5,Distribution System/Zone (1); Storage (1); Well (2); Treatment Plant (1),56,0,4,0,35,31,2025-04-02,45.0072643,-84.6964034
MI-01,MI0004053,MAPLE GROVE APARTMENTS,MI,28,24,GW,P,5,Distribution System/Zone (1); Storage (1); Common Headers (1); Well (2),29,0,1,0,27,19,2024-09-11,NA,NA
MI-01,MI0005606,WEST PARK APARTMENTS,MI,54,6,GW,P,5,Common Headers (1); Storage (1); Distribution System/Zone (1); Well (2),7,0,2,0,23,19,2025-04-02,NA,NA
MI-01,MI0005905,SANDHILL MANOR,MI,148,60,GW,P,5,Storage (1); Distribution System/Zone (1); Well (2); Treatment Plant (1),14,3,4,0,41,30,2025-03-17,42.7171834,-84.4131535
MI-01,MI0006115,SOUTH POINTE I APARTMENTS,MI,32,16,GW,P,5,Well (2); Distribution System/Zone (1); Storage (1); Common Headers (1),11,0,1,0,29,23,2025-10-15,NA,NA
MI-01,MI0006116,SOUTH POINTE II APARTMENTS,MI,48,16,GW,P,5,Distribution System/Zone (1); Storage (1); Common Headers (1); Well (2),3,1,0,0,7,23,2025-10-15,NA,NA
MI-01,MI0040435,WHISPERING OAKS MHP,MI,40,26,GW,P,4,Well (2); Common Headers (1); Distribution System/Zone (1),2,1,0,0,7,19,2025-10-23,NA,NA
MI-01,MI0000082,ALABASTER TOWNSHIP,MI,86,47,SWP,L,2,Distribution System/Zone (1); Consecutive Connection (1),3,0,0,0,7,18,2024-12-18,NA,NA
MI-01,MI0000355,BALDWIN TOWNSHIP,MI,650,391,SWP,L,2,Distribution System/Zone (1); Consecutive Connection (1),1,0,0,0,2,20,2025-03-13,NA,NA
MI-01,MI0000705,BIG CREEK/MENTOR UTILITY AUTHORITY,MI,622,244,GW,L,6,Treatment Plant (2); Well (2); Storage (1); Distribution System/Zone (1),4,0,2,0,9,23,2025-11-20,NA,NA
MI-01,MI0000877,BRILEY TOWNSHIP,MI,435,162,GW,L,5,Distribution System/Zone (1); Storage (1); Well (2); Treatment Plant (1),13,0,0,0,29,32,2025-12-17,45.0049382,-84.1445479
MI-01,MI0002010,"EAST TAWAS, CITY OF",MI,2663,1448,SWP,L,2,Distribution System/Zone (1); Consecutive Connection (1),3,1,0,0,9,18,2025-07-29,44.290447,-83.493465
MI-01,MI0002568,GARLAND RESORT,MI,53,22,GW,P,5,Storage (1); Distribution System/Zone (1); Treatment Plant (1); Well (2),5,0,1,0,14,22,2025-10-15,44.8144444,-84.3111111
MI-01,MI0003050,"HARRISVILLE, CITY OF",MI,493,300,GW,L,5,Storage (1); Distribution System/Zone (1); Well (2); Treatment Plant (1),4,0,0,0,24,25,2025-12-22,44.657216,-83.296407
MI-01,MI0003319,HURON SHORE REGIONAL UTILITY AUTHORITY,MI,1,5,SW,L,17,Intake (1); Treatment Plant (1); Storage (9); Distribution System/Zone (1); Pump Facility (5),0,0,0,0,1,30,2025-08-06,NA,NA
MI-01,MI0003868,LINCOLN MANOR,MI,30,23,GW,P,6,Storage (2); Distribution System/Zone (1); Well (2); Common Headers (1),7,1,5,0,25,24,2025-12-22,45.0774126,-83.4722816
MI-01,MI0004397,"MILLERSBURG, VILLAGE OF",MI,206,85,GW,L,5,Distribution System/Zone (1); Storage (1); Well (2); Treatment Plant (1),2,0,0,0,6,29,2025-12-17,45.3335019,-84.0614294
MI-01,MI0004874,OAK LEAF MANOR,MI,36,27,GW,P,5,Well (2); Common Headers (1); Distribution System/Zone (1); Storage (1),70,0,2,0,44,20,2025-05-21,NA,NA
MI-01,MI0004935,OGEMAW TOWNSHIP,MI,125,23,GW,L,5,Common Headers (1); Storage (1); Distribution System/Zone (1); Well (2),1,1,0,0,0,15,2024-07-23,NA,NA
MI-01,MI0005005,"OMER, CITY OF",MI,279,181,SWP,L,6,Consecutive Connection (1); Storage (1); Distribution System/Zone (1); Treatment Plant (1); Pump Facility (2),46,1,3,0,101,30,2024-09-11,44.0541092,-83.8559374
MI-01,MI0005543,"POSEN, VILLAGE OF",MI,234,120,GW,L,6,Well (3); Treatment Plant (1); Distribution System/Zone (1); Storage (1),15,10,1,0,17,30,2025-12-17,NA,NA
MI-01,MI0005810,"ROSCOMMON, VILLAGE OF",MI,1075,475,GW,L,8,Distribution System/Zone (1); Storage (1); Treatment Plant (3); Well (3),19,0,9,0,57,32,2025-12-15,NA,NA
MI-01,MI0005815,"ROSE CITY, CITY OF",MI,180,40,GW,L,6,Well (2); Treatment Plant (1); Distribution System/Zone (1); Storage (1); Common Headers (1),22,0,3,0,82,23,2025-11-20,44.4255072,-84.1163033
MI-01,MI0006117,SOUTH POINTE III APARTMENTS,MI,32,16,GW,P,5,Common Headers (1); Well (2); Storage (1); Distribution System/Zone (1),4,0,0,0,10,26,2025-10-15,NA,NA
MI-01,MI0006350,"STANDISH, CITY OF",MI,1509,709,SWP,L,7,Pump Facility (2); Consecutive Connection (1); Treatment Plant (1); Storage (2); Distribution System/Zone (1),4,0,2,0,13,22,2024-09-24,NA,NA
MI-01,MI0006540,"TAWAS CITY, CITY OF",MI,1834,1100,SWP,L,2,Distribution System/Zone (1); Consecutive Connection (1),2,0,0,0,4,18,2025-03-13,44.2666363,-83.5192002
MI-01,MI0006647,TREETOPS RESORT (TREETOPS NORTH),MI,90,14,GW,P,5,Treatment Plant (1); Well (2); Storage (1); Distribution System/Zone (1),93,0,1,0,34,29,2025-01-31,NA,NA
MI-01,MI0007105,WILDWOOD ON WALLOON ASSOCIATION,MI,90,36,GW,P,5,Storage (1); Distribution System/Zone (1); Common Headers (1); Well (2),7,2,0,0,19,22,2025-04-02,NA,NA
MI-01,MI0006935,LAKEWOOD TERRACE ASSOCIATION,MI,36,18,GW,P,5,Well (2); Storage (1); Distribution System/Zone (1); Common Headers (1),3,0,2,0,8,18,2025-10-07,NA,NA
MI-01,MI0006803,VILLA NOUVA ASSOCIATION,MI,72,24,GW,P,4,Well (2); Storage (1); Distribution System/Zone (1),2,0,0,0,6,16,2025-10-07,NA,NA
MI-01,MI0006537,TANNERY CREEK CONDOMINUM ASSOCIATION,MI,90,30,GW,P,5,Storage (1); Distribution System/Zone (1); Well (2); Common Headers (1),6,0,0,0,31,20,2025-04-29,42.7554733,-83.0301396
MI-01,MI0006485,SUNSET TORCH ASSOCIATION,MI,84,28,GW,P,5,Common Headers (1); Well (2); Distribution System/Zone (1); Storage (1),6,1,2,0,26,17,2025-04-02,43.2566704,-86.2705001
MI-01,MI0006232,SPRING LAKE CLUB CONDOMINIUMS,MI,87,29,GW,P,5,Common Headers (1); Well (2); Distribution System/Zone (1); Storage (1),16,0,2,0,38,21,2025-04-29,42.5246662,-83.7338629
MI-01,MI0006081,"SOMMERSET WATER WORKS, INC.",MI,75,26,GW,P,5,Storage (1); Distribution System/Zone (1); Well (2); Treatment Plant (1),2,0,0,0,3,24,2025-10-07,NA,NA
MI-01,MI0005995,SHANTY CREEK - WATARS ASSOCIATION,MI,1250,270,GW,P,7,Storage (1); Distribution System/Zone (1); Well (4); Treatment Plant (1),20,3,4,0,32,30,2025-10-07,44.953318,-85.1799904
MI-01,MI0005607,RAPID RIVER MEADOWS,MI,46,22,GW,P,6,Well (2); Other (1); Distribution System/Zone (1); Storage (1); Common Headers (1),36,0,3,0,81,22,2025-05-06,NA,NA
MI-01,MI0005305,PETOSKEY PARK APARTMENTS,MI,70,32,GW,P,5,Storage (1); Distribution System/Zone (1); Common Headers (1); Well (2),6,0,0,0,17,19,2025-04-10,NA,NA
MI-01,MI0004215,"MELROSE-CHANDLER WATER, LLC",MI,261,87,GW,P,6,Storage (1); Distribution System/Zone (1); Well (3); Common Headers (1),5,0,2,0,24,18,2024-09-09,NA,NA
MI-01,MI0004069,MAPLEWOOD RIDGE CONDOMINIUMS,MI,80,32,GW,P,5,Well (2); Storage (1); Distribution System/Zone (1); Common Headers (1),5,0,0,0,12,19,2025-04-02,NA,NA
MI-01,MI0003927,LITTLE TRAVERSE TOWNSHIP,MI,1102,423,GW,L,8,Common Headers (1); Well (4); Treatment Plant (1); Distribution System/Zone (1); Storage (1),17,0,4,0,34,32,2025-11-04,NA,NA
MI-01,MI0003545,KALCHIK ESTATES,MI,147,51,GW,P,7,Well (4); Distribution System/Zone (1); Storage (1); Common Headers (1),57,0,0,0,17,20,2024-10-23,NA,NA
MI-01,MI0003229,HORTON BAY CLUB,MI,60,30,GW,P,5,Well (2); Common Headers (1); Storage (1); Distribution System/Zone (1),4,0,0,0,10,22,2025-08-05,45.1782423,-84.9879968
MI-01,MI0003165,HILLS OF WALLOON ASSOCIATION,MI,87,29,GW,P,5,Common Headers (1); Well (2); Storage (1); Distribution System/Zone (1),5,0,1,0,16,20,2025-04-02,NA,NA
MI-01,MI0003115,HEMINGWAY POINTE CLUB OWNERS ASSOCIATION,MI,250,68,GW,P,6,Well (3); Treatment Plant (1); Storage (1); Distribution System/Zone (1),5,0,3,0,16,27,2025-03-19,NA,NA
MI-01,MI0002110,"ELLSWORTH, VILLAGE OF",MI,349,226,GW,L,6,Common Headers (1); Distribution System/Zone (1); Storage (1); Well (3),5,0,0,0,19,18,2025-12-22,NA,NA
MI-01,MI0001970,"EAST JORDAN, CITY OF",MI,2215,1123,GW,L,17,Distribution System/Zone (2); Storage (2); Well (6); Treatment Plant (6); Common Headers (1),29,0,4,0,27,30,2025-09-11,NA,NA
MI-01,MI0001643,COTTAGE COVE ON ELK LAKE,MI,34,15,GW,P,5,Distribution System/Zone (1); Storage (1); Well (2); Common Headers (1),2,0,0,0,6,18,2024-06-27,44.9276942,-85.3583406
MI-01,MI0001335,CHARLEVOIX TOWNSHIP,MI,1700,716,GW,L,20,Well (11); Treatment Plant (5); Distribution System/Zone (2); Storage (2),9,0,0,0,18,31,2024-07-19,45.3329937,-85.2297312
MI-01,MI0001330,CHARLEVOIX,MI,3124,2300,SW,L,7,Treatment Plant (1); Pump Facility (2); Intake (1); Storage (2); Distribution System/Zone (1),4,0,0,0,11,31,2025-09-23,45.3164479,-85.2604322
MI-01,MI0001300,"CENTRAL LAKE, VILLAGE OF",MI,952,582,GW,L,8,Storage (2); Distribution System/Zone (1); Treatment Plant (2); Well (3),46,0,1,0,19,27,2025-08-05,NA,NA
MI-01,MI0000725,BIRCHWOOD FARMS,MI,1227,412,GW,P,9,Well (3); Treatment Plant (2); Storage (2); Distribution System/Zone (1); Pump Facility (1),7,0,2,0,16,32,2025-11-04,45.4666817,-85.0401407
MI-01,MI0000505,BEAR CREEK ESTATES CONDOMINIUM,MI,210,70,GW,P,7,Distribution System/Zone (1); Storage (1); Well (4); Common Headers (1),3,0,0,0,7,20,2025-08-06,NA,NA
MI-01,MI0063635,KING NURSING & REHABILITATION COMMUNITY,MI,61,1,GW,P,5,Well (2); Distribution System/Zone (1); Storage (1); Common Headers (1),15,0,2,0,43,18,2025-11-17,NA,NA
MI-01,MI0004190,"MCBAIN, CITY OF",MI,640,240,GW,L,7,Well (3); Treatment Plant (2); Distribution System/Zone (1); Storage (1),37,10,0,0,28,37,2025-03-05,NA,NA
MI-01,MI0003700,"LAKE CITY, CITY OF",MI,836,480,GW,L,7,Treatment Plant (2); Well (3); Distribution System/Zone (1); Storage (1),66,3,0,0,73,33,2025-10-30,NA,NA
MI-01,MI0003560,"KALKASKA, VILLAGE OF",MI,2020,921,GW,L,8,Storage (1); Distribution System/Zone (1); Well (4); Treatment Plant (2),3,0,0,0,7,28,2026-02-11,44.7283082,-85.1781122
MI-01,MI0003237,HOUGHTON HEIGHTS MANOR,MI,50,47,GW,P,5,Distribution System/Zone (1); Storage (1); Well (2); Common Headers (1),10,0,1,0,32,18,2024-09-13,NA,NA
MI-01,MI0002287,FIFE LAKE TOWNHOUSES,MI,54,18,GW,P,5,Common Headers (1); Storage (1); Distribution System/Zone (1); Well (2),53,0,2,0,23,21,2025-05-01,NA,NA
MI-01,MI0001692,MACK. CO. HOUSING-CURTIS,MI,50,25,GW,L,4,Storage (1); Distribution System/Zone (1); Well (2),20,1,5,0,63,30,2025-10-01,NA,NA
MI-01,MI0002115,ELMWOOD TOWNSHIP,MI,255,75,SWP,L,2,Distribution System/Zone (1); Consecutive Connection (1),1,0,0,0,2,26,2025-08-15,44.797397,-85.6526403
MI-01,MI0002625,GERMFASK TOWNSHIP,MI,200,98,GW,L,7,Pump Facility (1); Storage (2); Distribution System/Zone (1); Well (2); Common Headers (1),6,0,0,0,22,45,2023-08-15,NA,NA
MI-01,MI0004820,NORTHPORT COTTAGE OWNERS,MI,240,102,SW,P,11,Pump Facility (3); Well (2); Treatment Plant (1); Storage (2); Distribution System/Zone (1); Intake (1); Common Headers (1),3,0,0,0,8,15,2026-02-26,NA,NA
MI-01,MI0005233,PENINSULA TOWNSHIP,MI,1790,716,SWP,L,8,Well (2); Treatment Plant (1); Storage (1); Distribution System/Zone (1); Consecutive Connection (3),1,0,0,0,2,29,2026-03-26,44.8806469,-85.515898000000007
MI-01,MI0005991,SENEY TOWNSHIP,MI,100,84,GW,L,5,Well (2); Common Headers (1); Storage (1); Distribution System/Zone (1),72,0,2,0,44,35,2025-06-24,NA,NA
MI-01,MI0006500,"SUTTONS BAY, VILLAGE OF",MI,874,347,GW,L,9,Distribution System/Zone (1); Storage (2); Well (4); Common Headers (2),16,0,4,0,23,27,2024-10-24,NA,NA
MI-01,MI0006592,THORN CREEK CONDOMINIUMS,MI,50,22,GW,P,5,Storage (1); Distribution System/Zone (1); Well (2); Common Headers (1),4,0,0,0,5,19,2024-09-16,NA,NA
MI-01,MI0007240,YORK CONDOMINIUMS,MI,74,44,GW,P,5,Well (2); Distribution System/Zone (1); Storage (1); Common Headers (1),8,0,0,0,27,20,2025-01-14,NA,NA
MI-01,MI0001765,DEEPWATER POINTE MASTER ASSOCIATION,MI,65,23,GW,P,5,Storage (1); Distribution System/Zone (1); Treatment Plant (1); Well (2),2,0,0,0,10,27,2025-05-08,NA,NA
MI-01,MI0002090,"ELK RAPIDS, VILLAGE OF",MI,1642,1581,GW,L,7,Well (3); Treatment Plant (2); Distribution System/Zone (1); Storage (1),4,0,0,0,17,27,2024-07-26,NA,NA
MI-01,MI0002145,MACK. CO. HOUSING-ENGADINE,MI,50,24,GW,L,5,Distribution System/Zone (1); Storage (1); Well (2); Common Headers (1),23,0,6,0,79,27,2025-10-01,NA,NA
MI-01,MI0002805,GRAND TRAVERSE CONDOMINIUMS,MI,60,24,GW,P,5,Well (2); Treatment Plant (1); Storage (1); Distribution System/Zone (1),67,0,1,0,19,28,2025-05-08,NA,NA
MI-01,MI0003505,JUNIPER HILLS CONDOMINIUMS,MI,50,24,GW,P,5,Common Headers (1); Storage (1); Distribution System/Zone (1); Well (2),23,0,3,0,54,19,2025-03-27,NA,NA
MI-01,MI0004720,NEWBERRY WATER & LIGHT,MI,2000,877,GW,L,7,Storage (1); Distribution System/Zone (1); Well (3); Treatment Plant (2),16,1,5,0,47,57,2023-10-31,46.351711,-85.504767
MI-01,MI0004730,NEWBERRY CORRECTIONAL FACILITY,MI,1108,25,GW,S,8,Storage (1); Distribution System/Zone (1); Treatment Plant (3); Well (3),47,3,12,0,75,54,2023-10-31,NA,NA
MI-01,MI0005240,PENTLAND TOWNSHIP,MI,450,213,GW,L,5,Distribution System/Zone (1); Storage (2); Well (2),23,0,14,0,81,53,2024-10-21,NA,NA
MI-01,MI0000011,ACME TOWNSHIP - HOPE VILLAGE,MI,128,1,GW,L,5,Common Headers (1); Well (2); Distribution System/Zone (1); Storage (1),3,0,1,0,10,21,2025-08-15,44.7740567,-85.4990193
MI-01,MI0040620,HARTWICK PINES ESTATES,MI,75,49,GW,P,4,Distribution System/Zone (1); Well (2); Treatment Plant (1),7,2,0,0,15,28,2025-11-27,42.444097,-83.7559036
MI-01,MI0040128,BAY SHORE ESTATES,MI,208,83,GW,P,5,Common Headers (1); Storage (1); Distribution System/Zone (1); Well (2),9,0,1,0,37,21,2025-06-11,42.5676001,-83.6061845
MI-01,MI0006880,WALLOON LAKE WATER SYSTEM,MI,399,193,GW,P,6,Storage (1); Distribution System/Zone (1); Treatment Plant (2); Well (2),1,0,0,0,5,32,2025-03-19,NA,NA
MI-01,MI0003010,"HARBOR SPRINGS, CITY OF",MI,1194,1400,GW,L,11,Storage (2); Distribution System/Zone (1); Treatment Plant (4); Well (4),6,0,2,0,19,33,2025-12-10,45.4312297,-84.9776931
MI-01,MI0000815,BOYNE MOUNTAIN RESORT,MI,950,749,GW,P,9,Common Headers (1); Distribution System/Zone (1); Storage (2); Well (4); Treatment Plant (1),18,0,1,0,11,30,2025-11-25,NA,NA
MI-01,MI0000810,"BOYNE FALLS, VILLAGE OF",MI,370,175,GW,L,6,Well (3); Treatment Plant (1); Storage (1); Distribution System/Zone (1),0,0,0,0,1,31,2025-05-30,NA,NA
MI-01,MI0000570,"BELLAIRE, VILLAGE OF",MI,1086,636,GW,L,8,Distribution System/Zone (1); Storage (2); Common Headers (1); Well (4),8,0,0,0,23,20,2025-07-11,NA,NA
MI-01,MI0000487,BAY HARBOR CLUB,MI,40,20,GW,P,5,Well (2); Common Headers (1); Distribution System/Zone (1); Storage (1),39,0,1,0,23,18,2025-10-19,NA,NA
MI-01,MI0000970,"BUCKLEY, VILLAGE OF",MI,529,360,GW,L,5,Distribution System/Zone (1); Storage (1); Treatment Plant (1); Well (2),30,0,12,0,92,34,2025-09-26,NA,NA
MI-01,MI0000743,BLAIR TOWNSHIP,MI,2788,1610,GW,L,9,Storage (2); Distribution System/Zone (1); Well (4); Treatment Plant (2),2,0,0,0,2,29,2024-09-16,44.6571717,-85.6963982
MI-01,MI0000680,"BEULAH, VILLAGE OF",MI,380,360,GW,L,9,Pump Facility (1); Well (3); Treatment Plant (3); Distribution System/Zone (1); Storage (1),71,0,1,0,44,34,2025-12-17,NA,NA
MI-01,MI0000610,BENZONIA VILLAGE OF,MI,511,274,GW,L,6,Storage (1); Distribution System/Zone (1); Well (2); Treatment Plant (2),12,0,1,0,35,32,2025-12-17,NA,NA
MI-01,MI0040174,GARFIELD OAKS,MI,40,53,GW,P,6,Storage (2); Distribution System/Zone (1); Well (2); Treatment Plant (1),4,1,1,0,27,24,2025-03-25,NA,NA
MI-01,MI0001715,CRYSTAL HIGHLANDS SUBDIVISION,MI,50,25,GW,P,5,Well (2); Common Headers (1); Distribution System/Zone (1); Storage (1),12,0,0,0,30,22,2025-03-18,NA,NA
MI-01,MI0064067,MAPLE VALLEY NURSING HOME,MI,25,1,GW,P,5,Storage (1); Distribution System/Zone (1); Well (2); Treatment Plant (1),4,0,0,0,14,31,2025-01-24,44.8538402,-85.8768319
MI-01,MI0040172,MEADOWLANE MOBILE HOME PARK,MI,650,483,GW,P,7,Treatment Plant (1); Well (4); Distribution System/Zone (1); Storage (1),5,0,1,1,18,30,2025-03-25,42.8597376,-83.7182022
MI-01,MI0040171,KINGS COURT MOBILE HOME PARK,MI,1200,640,GW,P,9,Storage (1); Distribution System/Zone (1); Well (4); Treatment Plant (3),2,0,0,0,9,27,2025-01-08,NA,NA
MI-01,MI0040051,BUENA VISTA ESTATES,MI,79,68,GW,P,6,Storage (1); Distribution System/Zone (1); Well (3); Common Headers (1),5,1,2,0,13,19,2025-03-18,NA,NA
MI-01,MI0007103,HOMESTEAD/CRYSTAL RIVER WATER CO,MI,1365,455,GW,P,9,Well (2); Treatment Plant (1); Storage (2); Distribution System/Zone (1); Pump Facility (3),51,44,2,0,26,34,2025-11-13,NA,NA
MI-01,MI0006625,ELMWOOD TWP - TIMBERLEE,MI,510,128,GW,L,8,Well (3); Common Headers (2); Storage (2); Distribution System/Zone (1),4,0,0,0,11,22,2025-08-15,44.797397,-85.6526403
MI-01,MI0006590,"THOMPSONVILLE, VILLAGE OF",MI,438,250,GW,L,6,Distribution System/Zone (1); Storage (1); Well (3); Treatment Plant (1),15,1,3,0,45,37,2025-11-21,NA,NA
MI-01,MI0006446,SUGAR LOAF TOWNHOUSES,MI,150,75,GW,P,5,Well (2); Treatment Plant (1); Distribution System/Zone (1); Storage (1),0,0,0,0,0,16,2025-01-24,NA,NA
MI-01,MI0005775,ROLLING MEADOWS WATER ASSN.,MI,76,32,GW,P,5,Common Headers (1); Well (2); Storage (1); Distribution System/Zone (1),18,0,2,0,40,19,2024-09-11,NA,NA
MI-01,MI0004600,NAHMA TOWNSHIP,MI,95,62,GW,L,5,Distribution System/Zone (1); Storage (1); Well (2); Treatment Plant (1),72,3,38,0,195,50,2025-08-28,NA,NA
MI-01,MI0004045,COUNTRY EDEN  L.L.C.,MI,60,30,GW,P,5,Storage (1); Distribution System/Zone (1); Well (2); Common Headers (1),4,0,0,0,11,18,2024-09-11,NA,NA
MI-01,MI0003831,THE LEELANAU SCHOOL,MI,82,10,GW,P,5,Distribution System/Zone (1); Storage (1); Well (2); Common Headers (1),8,1,4,0,31,20,2024-09-11,44.913841,-85.971056
MI-01,MI0003650,"KINGSLEY, VILLAGE OF",MI,1657,564,GW,L,9,Well (3); Treatment Plant (3); Storage (2); Distribution System/Zone (1),27,0,1,0,71,31,2024-09-16,NA,NA
MI-01,MI0003365,INTERLOCHEN CENTER FOR THE ARTS,MI,750,43,GW,P,7,Distribution System/Zone (1); Storage (1); Well (3); Treatment Plant (2),0,0,0,0,1,28,2025-01-08,NA,NA
MI-01,MI0002540,GARDEN,MI,270,130,GW,L,5,Well (2); Treatment Plant (1); Distribution System/Zone (1); Storage (1),7,0,0,0,22,46,2023-11-13,NA,NA
MI-01,MI0002430,"FRANKFORT, CITY OF",MI,1286,929,GW,L,10,Treatment Plant (3); Well (3); Pump Facility (1); Storage (2); Distribution System/Zone (1),13,0,0,0,25,31,2025-12-17,NA,NA
MI-01,MI0002130,"EMPIRE, VILLAGE OF",MI,400,387,GW,L,7,Common Headers (1); Well (4); Storage (1); Distribution System/Zone (1),225,112,2,0,55,19,2026-02-17,NA,NA
MI-01,MI0002080,"ELBERTA, VILLAGE OF",MI,372,224,GW,L,8,Storage (1); Distribution System/Zone (1); Treatment Plant (3); Well (3),12,3,3,0,35,32,2025-12-17,NA,NA
MI-01,MI0001716,CRYSTAL MOUNTAIN RESORT & SPA,MI,700,296,GW,P,12,Treatment Plant (2); Well (4); Pump Facility (2); Distribution System/Zone (1); Storage (3),34,0,6,0,52,37,2025-09-29,NA,NA
MI-01,MI0001252,CEDAR CREEK WATER COMPANY,MI,325,120,GW,P,7,Distribution System/Zone (1); Storage (2); Well (3); Treatment Plant (1),2,0,1,0,7,27,2024-09-11,NA,NA
MI-01,MI0040519,SILVER CREEK ESTATES MOBILE HOME COURT,MI,260,104,GW,P,7,Storage (2); Distribution System/Zone (1); Well (3); Common Headers (1),8,0,1,0,37,23,2023-12-04,NA,NA
MI-01,MI0006380,STEPHENSON,MI,862,372,GW,L,6,Distribution System/Zone (1); Storage (1); Treatment Plant (1); Well (3),4,0,2,0,17,43,2023-08-31,NA,NA
MI-01,MI0006075,SKANDIA-WEST BRANCH WATER DEPT,MI,275,71,GW,L,6,Common Headers (1); Storage (2); Distribution System/Zone (1); Well (2),17,0,13,0,54,41,2025-08-13,NA,NA
MI-01,MI0005563,POWERS-SPALDING WATER AUTHORITY,MI,459,158,GW,L,7,Distribution System/Zone (1); Storage (1); Treatment Plant (2); Well (3),3,0,1,0,8,43,2025-07-30,45.6871228,-87.5268864
MI-01,MI0005160,RICHMOND TOWNSHIP,MI,489,200,GW,L,7,Common Headers (1); Pump Facility (1); Well (3); Distribution System/Zone (1); Storage (1),34,0,6,0,99,39,2025-11-19,NA,NA
MI-01,MI0004655,NEGAUNEE TOWNSHIP,MI,961,457,GW,L,5,Storage (1); Distribution System/Zone (1); Well (2); Common Headers (1),5,0,3,0,16,34,2024-12-17,NA,NA
MI-01,MI0004173,RAPID RIVER HOUSING COMMISSION,MI,25,1,GW,L,5,Well (2); Storage (1); Distribution System/Zone (1); Common Headers (1),5,0,3,0,19,35,2025-03-18,45.9288982,-86.9669259
MI-01,MI0004152,MATHIAS TOWNSHIP,MI,175,76,GW,L,5,Distribution System/Zone (1); Storage (1); Well (2); Treatment Plant (1),27,2,13,0,70,41,2025-01-27,NA,NA
MI-01,MI0004140,MARQUETTE TOWNSHIP,MI,2700,770,SWP,L,12,Consecutive Connection (1); Well (5); Treatment Plant (1); Storage (3); Distribution System/Zone (2),4,2,1,0,11,52,2024-06-21,46.5549338,-87.4483942
MI-01,MI0004063,MAPLE RIDGE TOWNSHIP,MI,250,110,GW,L,5,Well (2); Treatment Plant (1); Distribution System/Zone (1); Storage (1),7,0,0,0,23,43,2024-01-03,NA,NA
MI-01,MI0003510,K I SAWYER,MI,3000,1090,GW,L,10,Storage (3); Distribution System/Zone (1); Treatment Plant (2); Well (4),2,0,0,0,7,42,2024-02-29,46.3534069,-87.3969585
MI-01,MI0003118,HERITAGE DRIVE APARTMENTS,MI,41,20,GW,P,10,Common Headers (1); Well (2); Storage (6); Distribution System/Zone (1),61,0,0,0,38,18,2025-06-20,46.5672779,-87.5932603
MI-01,MI0002370,FORSYTH TOWNSHIP,MI,2479,828,GW,L,13,Storage (2); Distribution System/Zone (1); Well (6); Treatment Plant (2); Common Headers (1); Pump Facility (1),23,0,17,0,73,49,2025-05-06,NA,NA
MI-01,MI0002350,FORD RIVER TOWNSHIP,MI,385,198,GW,L,5,Well (2); Storage (1); Distribution System/Zone (1); Common Headers (1),8,0,1,0,22,34,2026-02-02,45.68613,-87.1520559
MI-01,MI0001653,COUNTRY LOG APTS,MI,35,25,GW,P,5,Common Headers (1); Distribution System/Zone (1); Storage (1); Well (2),8,0,3,0,30,27,2025-11-19,NA,NA
MI-01,MI0001416,CHOCOLAY BUNGALOWS,MI,50,18,GW,P,5,Common Headers (1); Storage (1); Distribution System/Zone (1); Well (2),63,0,0,0,57,24,2024-10-28,46.5583691,-87.4537929
MI-01,MI0001125,CARNEY-NADEAU WATER & SEWER AUTHORITY,MI,200,75,GW,L,4,Well (2); Storage (1); Distribution System/Zone (1),12,0,9,0,37,35,2025-07-30,45.5839375,-87.5529553
MI-01,MI0040176,SILVER SHORES MOBILE HOME PARK,MI,360,200,GW,P,6,Storage (1); Distribution System/Zone (1); Well (3); Treatment Plant (1),2,0,0,0,13,29,2025-03-25,NA,NA
MI-01,MI0040175,SILVER LAKE VIEW MOBILE HOME PARK,MI,98,49,GW,P,5,Treatment Plant (1); Well (2); Storage (1); Distribution System/Zone (1),4,0,2,0,17,24,2024-09-11,NA,NA
MI-01,MI0001355,CHATHAM,MI,300,132,GW,L,6,Distribution System/Zone (1); Storage (1); Well (2); Treatment Plant (2),69,29,10,0,77,36,2025-01-27,NA,NA
MI-01,MI0007010,"WEST BRANCH, CITY OF",MI,2139,933,GW,L,5,Well (2); Treatment Plant (1); Storage (1); Distribution System/Zone (1),7,0,2,0,42,24,2025-11-19,44.2770992,-84.2402937
MI-01,MI0007012,WEST BRANCH TOWNSHIP,MI,61,61,GW,L,7,Distribution System/Zone (1); Storage (1); Treatment Plant (2); Well (2); Common Headers (1),6,0,0,0,14,23,2025-11-19,44.2846945,-84.2254697
MI-01,MI0007104,WHITTEMORE SQUARE APARTMENTS,MI,30,24,GW,P,5,Well (2); Distribution System/Zone (1); Storage (1); Common Headers (1),22,1,4,0,68,18,2025-11-07,44.2336147,-83.7984604
MI-01,MI0040039,NORTHERN COUNTRY ESTATES,MI,53,44,GW,P,5,Distribution System/Zone (1); Common Headers (1); Well (3),6,0,2,0,22,18,2025-10-27,NA,NA
MI-01,MI0040410,TWIN PINES MOBILE HOME PARK,MI,30,37,GW,P,5,Treatment Plant (1); Well (2); Distribution System/Zone (1); Common Headers (1),9,1,2,0,48,34,2026-01-20,NA,NA
MI-01,MI0062841,MEDILODGE OF STERLING,MI,39,1,GW,P,7,Treatment Plant (1); Well (3); Distribution System/Zone (1); Storage (1); Common Headers (1),16,1,2,0,52,23,2025-08-20,NA,NA
MI-01,MI0062942,HALE CREEK MANOR,MI,43,1,GW,P,6,Common Headers (1); Well (3); Distribution System/Zone (1); Storage (1),30,16,0,0,42,14,2025-11-07,44.3690735,-83.8055212
MI-01,MI0063865,LINCOLN HAVEN NURSING & REHABILITATION,MI,39,1,GW,P,6,Common Headers (1); Well (3); Distribution System/Zone (1); Storage (1),45,34,0,0,30,20,2025-12-22,44.6836606,-83.4024159
MI-01,MI0064934,THE VILLA AT ROSE CITY,MI,102,1,GW,P,6,Storage (2); Distribution System/Zone (1); Well (2); Common Headers (1),18,1,1,0,54,17,2025-11-20,44.4199242,-84.1239996
MI-01,MI0004419,MAPLEWOOD AND STONE MANORS,MI,60,40,GW,P,7,Well (3); Storage (2); Distribution System/Zone (1); Common Headers (1),8,0,6,0,34,17,2025-10-15,44.6536634,-84.1375416
MI-01,MI0040001,LINCOLN ESTATES,MI,48,21,GW,P,4,Well (2); Common Headers (1); Distribution System/Zone (1),30,1,2,0,70,17,2026-03-24,NA,NA
MI-01,MI0000280,"AU GRES, CITY OF",MI,945,781,SWP,L,7,Storage (2); Distribution System/Zone (1); Treatment Plant (1); Pump Facility (2); Consecutive Connection (1),1,1,1,0,14,26,2024-06-17,44.0482986,-83.7018328
MI-01,MI0000285,AU GRES TOWNSHIP,MI,66,41,SWP,L,2,Consecutive Connection (1); Distribution System/Zone (1),1,0,0,0,4,21,2025-08-20,NA,NA
MI-01,MI0000813,HIGHLANDS AT HARBOR SPRINGS,MI,450,546,GW,P,8,Pump Facility (2); Well (3); Treatment Plant (1); Distribution System/Zone (1); Storage (1),2,0,1,0,6,32,2025-12-10,45.4679683,-84.9345758
MI-01,MI0002944,HAMLET VILLAGE CONDOMINIUMS ASSOCIATION,MI,126,42,GW,P,5,Common Headers (1); Storage (1); Distribution System/Zone (1); Well (2),54,45,1,1,31,21,2025-04-10,NA,NA
MI-01,MI0002945,HAMLET WEST PROPERTY OWNERS ASSOC,MI,133,53,GW,P,6,Distribution System/Zone (1); Storage (1); Common Headers (1); Well (3),56,45,0,0,36,24,2025-04-10,NA,NA
MI-01,MI0003015,HARBOR SPRINGS AREA AUTHORITY,MI,303,101,GW,L,5,Treatment Plant (1); Well (2); Distribution System/Zone (1); Storage (1),4,0,1,0,8,27,2025-12-10,45.4359863,-84.900727
MI-01,MI0003225,HOMESTEAD PINES HOMEOWNERS' ASSOCIATION,MI,84,24,GW,P,5,Well (2); Distribution System/Zone (1); Storage (1); Common Headers (1),3,0,0,0,8,19,2025-10-15,NA,NA
MI-01,MI0006290,ST. IGNACE,MI,2987,1562,SW,L,11,Intake (1); Distribution System/Zone (1); Storage (4); Sampling Station (1); Treatment Plant (1); Pump Facility (3),7,1,3,0,35,104,2026-02-10,45.8687934,-84.728775
MI-01,MI0000799,BOYNAIRE LANDOWNERS ASSOCIATION,MI,54,18,GW,P,5,Well (2); Common Headers (1); Storage (1); Distribution System/Zone (1),0,0,0,0,0,18,2026-01-30,NA,NA
MI-01,MI0001666,CROOKED RIVER APARTMENTS,MI,32,16,GW,P,5,Storage (1); Distribution System/Zone (1); Common Headers (1); Well (2),4,0,3,0,16,19,2025-12-11,45.4468943,-84.7873191
MI-01,MI0002403,FOXFIELD APARTMENTS,MI,65,26,GW,P,5,Well (2); Storage (1); Distribution System/Zone (1); Common Headers (1),5,0,1,0,18,19,2025-09-10,NA,NA
MI-01,MI0003132,HIDDEN HAMLET ASSOCIATION,MI,465,155,GW,P,6,Common Headers (1); Well (3); Storage (1); Distribution System/Zone (1),14,0,5,1,45,35,2025-05-09,NA,NA
MI-01,MI0003362,INLAND HOUSE CONDOMINIUM ASSOCIATION,MI,90,36,GW,P,5,Common Headers (1); Storage (1); Distribution System/Zone (1); Well (2),6,0,1,1,12,23,2025-04-10,NA,NA
MI-01,MI0003685,L'ARBRE CROCHE CLUB,MI,330,110,GW,P,5,Storage (1); Distribution System/Zone (1); Well (2); Common Headers (1),6,1,1,0,22,24,2025-06-25,45.4429183,-85.0441783
MI-01,MI0003744,LAKESIDE CLUB CONDOMINIUMS,MI,210,84,GW,P,5,Distribution System/Zone (1); Storage (1); Common Headers (1); Well (2),7,0,0,0,25,18,2025-10-15,NA,NA
MI-01,MI0005349,"COTTAGE HS, LLC (PINEVIEW COTTAGE)",MI,40,40,GW,P,5,Common Headers (1); Distribution System/Zone (1); Storage (1); Well (2),2,1,0,0,6,12,2025-10-15,43.4380721,-83.9904625
MI-01,MI0006428,"STONEHEDGE CLUB OWNERS ASSOCIATION, INC.",MI,95,44,GW,P,6,Storage (1); Distribution System/Zone (1); Well (2); Common Headers (1); Pump Facility (1),6,0,0,0,21,20,2025-06-25,NA,NA
MI-01,MI0006574,THE SHORES ON CROOKED LAKE,MI,57,19,GW,P,6,Common Headers (1); Well (2); Distribution System/Zone (1); Storage (2),4,0,1,0,11,20,2025-12-12,NA,NA
MI-01,MI0006631,MILL STREET 1 LDHA,MI,74,31,GW,P,5,Well (2); Common Headers (1); Distribution System/Zone (1); Storage (1),50,0,0,0,7,20,2025-08-06,NA,NA
MI-01,MI0006682,TROUT CREEK CONDOMINIUMS,MI,492,164,GW,P,7,Well (3); Treatment Plant (1); Storage (2); Distribution System/Zone (1),9,0,1,0,26,30,2025-12-10,NA,NA
MI-01,MI0040126,CONWAY COMMONS MOBILE HOME PARK,MI,165,71,GW,P,4,Distribution System/Zone (1); Well (2); Treatment Plant (1),10,0,0,0,37,27,2025-10-16,46.5127233,-114.0846429
MI-01,MI0040680,HEARTHSIDE GROVE MOTOR COACH RESORT,MI,100,71,GW,P,6,Storage (1); Distribution System/Zone (1); Common Headers (1); Pump Facility (1); Well (2),1,0,0,0,6,21,2025-09-10,NA,NA
MI-01,MI0003970,MACKINAC ISLAND,MI,583,662,SW,L,9,Storage (3); Distribution System/Zone (1); Intake (1); Pump Facility (2); Sampling Station (1); Treatment Plant (1),8,1,0,0,16,73,2023-08-02,NA,NA
MI-01,MI0003980,"MACKINAW CITY, VILLAGE OF",MI,897,700,GW,L,11,Storage (2); Distribution System/Zone (1); Well (4); Treatment Plant (4),0,0,0,0,2,34,2025-10-29,45.7812152,-84.7261569
MI-01,MI0040129,ALANSON ESTATES MOBILE HOME PARK,MI,50,20,GW,P,5,Distribution System/Zone (1); Storage (1); Common Headers (1); Well (2),61,0,0,0,28,20,2025-06-11,NA,NA
MI-01,MI0000880,SUPERIOR TOWNSHIP,MI,767,326,GW,L,4,Well (2); Storage (1); Distribution System/Zone (1),16,0,7,0,57,37,2023-09-29,NA,NA
MI-01,MI0001795,DETOUR,MI,325,285,SW,L,7,Storage (2); Distribution System/Zone (1); Treatment Plant (1); Intake (1); Pump Facility (2),2,0,1,0,5,82,2025-09-29,45.9905384,-83.9004528
MI-01,MI0001865,DRUMMOND ISLAND APARTMENTS,MI,50,24,GW,P,5,Common Headers (1); Well (2); Distribution System/Zone (1); Storage (1),21,0,6,0,72,30,2023-11-09,NA,NA
MI-01,MI0005425,POINT NIPIGON RESORT,MI,173,69,GW,P,8,Storage (2); Distribution System/Zone (1); Common Headers (1); Well (4),7,0,1,0,16,19,2025-10-29,45.7070751,-84.5692955
MI-01,MI0005770,"ROGERS CITY, CITY OF",MI,2827,1500,GW,L,9,Treatment Plant (3); Well (4); Distribution System/Zone (1); Storage (1),3,1,2,0,5,31,2025-10-14,45.4206902,-83.815763
MI-01,MI0005844,RUDYARD TOWNSHIP,MI,250,166,GW,L,5,Storage (1); Distribution System/Zone (1); Well (2); Common Headers (1),10,0,1,0,29,34,2023-09-29,NA,NA
MI-01,MI0006484,SUNSET BEACH ASSOCIATION,MI,29,18,GW,P,5,Well (2); Common Headers (1); Distribution System/Zone (1); Storage (1),0,0,0,0,0,19,2025-10-15,NA,NA
MI-01,MI0040110,TOWN AND COUNTRY MHP,MI,85,39,GW,P,6,Common Headers (1); Well (4); Distribution System/Zone (1),18,0,0,0,50,18,2025-05-20,NA,NA
MI-10,MI0006480,SUNNYDALE GARDENS WATER ASSOCIATION,MI,190,54,GW,P,5,Common Headers (1); Well (2); Distribution System/Zone (1); Storage (1),13,0,0,0,32,13,2021-02-10,42.6335643,-83.1680984
MI-10,MI0002910,GROSSE POINTE SHORES,MI,2929,1080,SWP,L,2,Distribution System/Zone (1); Consecutive Connection (1),5,0,0,0,12,12,2021-11-02,42.4367543,-82.8767671
MI-10,MI0004877,SOUTHEAST OAKLAND TOWNSHIP,MI,1923,703,GW,L,13,Distribution System/Zone (2); Storage (3); Common Headers (1); Well (6); Treatment Plant (1),1,0,1,0,5,10,2019-08-21,NA,NA
MI-11,MI0000838,RIDGE VALLEY OF MILFORD,MI,512,99,GW,P,5,Distribution System/Zone (1); Storage (1); Well (2); Treatment Plant (1),3,0,0,0,10,13,2025-04-16,42.5556,-83.376083
MI-11,MI0001230,CASS LAKESIDE SUBDIVISION,MI,700,245,GW,P,5,Well (2); Storage (1); Distribution System/Zone (1); Common Headers (1),13,3,2,1,47,14,2022-02-23,42.6074872,-83.3776117
MI-11,MI0002450,BRIARCLIFF HOMEOWNERS ASSN,MI,483,193,GW,P,5,Common Headers (1); Well (2); Distribution System/Zone (1); Storage (1),4,0,1,0,13,13,2021-04-19,NA,NA
MI-11,MI0003117,HERITAGE APARTMENTS,MI,30,20,GW,P,6,Common Headers (1); Storage (2); Distribution System/Zone (1); Well (2),57,1,3,2,91,17,2026-02-11,42.6740913,-83.0746555
MI-11,MI0003690,LAGUNA VISTA SUBDIVISION,MI,640,200,GW,L,5,Common Headers (1); Well (2); Storage (1); Distribution System/Zone (1),8,0,1,0,30,13,2023-12-11,42.5620932,-83.4846326
MI-11,MI0003749,SPRINGS/PORTSMOUTH APARTMENTS,MI,3200,1290,GW,P,8,Treatment Plant (2); Well (3); Distribution System/Zone (1); Storage (2),10,0,1,0,26,12,2025-11-14,42.568147,-83.2318072
MI-11,MI0005235,PENNY LAKE ESTATES SUBDIVISION,MI,390,122,GW,L,5,Distribution System/Zone (1); Storage (1); Common Headers (1); Well (2),2,0,0,0,8,12,2021-06-09,42.5620932,-83.4846326
MI-11,MI0005445,LAKEVIEW CHALET CONDOMINIUMS,MI,50,24,GW,P,5,Distribution System/Zone (1); Storage (1); Well (2); Common Headers (1),56,5,6,1,93,13,2024-10-31,NA,NA
MI-11,MI0006070,SHOREWOOD HILLS SUBDIVISION,MI,256,73,GW,P,5,Common Headers (1); Well (2); Storage (1); Distribution System/Zone (1),14,0,3,0,35,16,2026-01-13,42.5896277,-83.3280682
MI-11,MI0006443,LAKEVIEW APARTMENTS,MI,50,22,GW,P,6,Storage (2); Distribution System/Zone (1); Common Headers (1); Well (2),5,1,0,0,15,11,2021-07-01,NA,NA
MI-11,MI0007160,WOODBINE SUBDIVISION,MI,375,140,GW,P,5,Storage (1); Distribution System/Zone (1); Well (2); Treatment Plant (1),11,4,2,0,26,14,2025-10-30,NA,NA
MI-11,MI0040375,CEDARBROOK ESTATES,MI,1728,691,GW,P,4,Well (2); Treatment Plant (1); Distribution System/Zone (1),3,0,0,0,10,10,2025-04-23,NA,NA
MI-11,MI0040379,COLLEGE HEIGHTS MOBILE HOME PARK,MI,405,162,GW,P,5,Treatment Plant (1); Well (2); Storage (1); Distribution System/Zone (1),6,0,4,1,21,9,2022-01-12,42.5161658,-83.3342929
MI-11,MI0040387,HIGHLAND GREENS ESTATES,MI,2268,907,GW,P,6,Well (3); Treatment Plant (2); Distribution System/Zone (1),5,2,1,0,20,13,2022-07-05,NA,NA
MI-11,MI0040399,ORION LAKE ESTATES MHC,MI,1058,423,GW,P,4,Distribution System/Zone (1); Well (2); Treatment Plant (1),11,0,1,0,55,17,2024-08-14,NA,NA
MI-11,MI0000715,BINGHAM FARMS,MI,898,355,SWP,L,2,Distribution System/Zone (1); Consecutive Connection (1),2,0,0,0,7,12,2019-07-25,NA,NA
MI-11,MI0003595,"KEEGO HARBOR, CITY OF",MI,2740,1027,SWP,L,2,Distribution System/Zone (1); Consecutive Connection (1),1,0,0,0,4,13,2026-03-25,NA,NA
MI-11,MI0005031,ORCHARD LAKE VILLAGE,MI,2194,881,SWP,L,2,Consecutive Connection (1); Distribution System/Zone (1),1,0,1,0,4,11,2025-02-14,NA,NA
MI-11,MI0005390,PLEASANT RIDGE,MI,2872,1150,SWP,L,2,Distribution System/Zone (1); Consecutive Connection (1),6,0,0,0,12,12,2022-01-18,42.5103837,-83.1952592
MI-11,MI0005840,ROYAL OAK TOWNSHIP,MI,1869,763,SWP,L,2,Consecutive Connection (1); Distribution System/Zone (1),1,1,0,0,2,11,2019-07-25,NA,NA
MI-11,MI0006530,SYLVAN LAKE,MI,2155,872,SWP,L,3,Distribution System/Zone (1); Storage (1); Consecutive Connection (1),15,2,0,0,40,12,2021-12-20,42.6124141,-83.3293636
MI-12,MI0000715,BINGHAM FARMS,MI,898,355,SWP,L,2,Distribution System/Zone (1); Consecutive Connection (1),2,0,0,0,7,12,2019-07-25,NA,NA
MI-12,MI0005840,ROYAL OAK TOWNSHIP,MI,1869,763,SWP,L,2,Consecutive Connection (1); Distribution System/Zone (1),1,1,0,0,2,11,2019-07-25,NA,NA
