{
"type": "FeatureCollection",
"name": "co_service_areas",
"crs": { "type": "name", "properties": { "name": "urn:ogc:def:crs:OGC:1.3:CRS84" } },
"features": [
{ "type": "Feature", "properties": { "state_po": "CO", "county_geoid": "08067", "pwsid": "CO0134466", "pws_name": "LA PLATA WEST WATER AUTHORITY", "population_served_count": 354, "model_method": "Random Forest", "verification_status": "", "symbology_field": "Modeled", "intersection_area_sq_km": 0.034070449797219154 }, "geometry": { "type": "MultiPolygon", "coordinates": [ [ [ [ -108.1692585, 37.09697179999997 ], [ -108.1697065, 37.098382800000053 ], [ -108.1692015, 37.0991858 ], [ -108.1692585, 37.09697179999997 ] ] ], [ [ [ -108.1247095, 37.111328799999967 ], [ -108.1267375, 37.11247480000003 ], [ -108.1247255, 37.112454800000052 ], [ -108.1247095, 37.111328799999967 ] ] ] ] } },
{ "type": "Feature", "properties": { "state_po": "CO", "county_geoid": "08067", "pwsid": "CO0234234", "pws_name": "EASY WATER LLC", "population_served_count": 154, "model_method": "Random Forest", "verification_status": "", "symbology_field": "Modeled", "intersection_area_sq_km": 0.064038084033825701 }, "geometry": { "type": "MultiPolygon", "coordinates": [ [ [ [ -108.1267375, 37.11247480000003 ], [ -108.1254085, 37.113526799999981 ], [ -108.125426499999989, 37.1124768 ], [ -108.1267375, 37.11247480000003 ] ] ], [ [ [ -108.1229215, 37.144109899999989 ], [ -108.1192035, 37.145832899999952 ], [ -108.1191715, 37.144125899999963 ], [ -108.1229215, 37.144109899999989 ] ] ] ] } },
{ "type": "Feature", "properties": { "state_po": "CO", "county_geoid": "08067", "pwsid": "CO0134191", "pws_name": "LA PLATA ARCHULETA WATER DISTRICT", "population_served_count": 510, "model_method": "Random Forest", "verification_status": "", "symbology_field": "Modeled", "intersection_area_sq_km": 13.970215948566983 }, "geometry": { "type": "Polygon", "coordinates": [ [ [ -107.6340614, 37.1378079 ], [ -107.6319984, 37.142159899999967 ], [ -107.6320414, 37.154828900000041 ], [ -107.641076399999989, 37.154763900000013 ], [ -107.641256399999989, 37.169269899999982 ], [ -107.6462554, 37.169279900000014 ], [ -107.6482724, 37.17156389999996 ], [ -107.6500394, 37.1707659 ], [ -107.6515084, 37.172283900000032 ], [ -107.6559054, 37.171465900000037 ], [ -107.6526304, 37.1758679 ], [ -107.6585544, 37.178242900000022 ], [ -107.6552034, 37.179913900000017 ], [ -107.6552464, 37.183896899999922 ], [ -107.6505914, 37.1839049 ], [ -107.6499954, 37.191360899999971 ], [ -107.6366994, 37.191266900000016 ], [ -107.6366964, 37.194995900000045 ], [ -107.6274814, 37.195020900000038 ], [ -107.6274844, 37.191185899999951 ], [ -107.62298340000001, 37.191205900000028 ], [ -107.6228204, 37.1986519 ], [ -107.6205584, 37.198632900000014 ], [ -107.6225484, 37.196385899999974 ], [ -107.622361399999988, 37.192289900000013 ], [ -107.6200684, 37.188861899999971 ], [ -107.6158614, 37.187061899999968 ], [ -107.615297399999989, 37.181793900000017 ], [ -107.6116924, 37.179484899999949 ], [ -107.613834400000016, 37.167451899999968 ], [ -107.615905399999988, 37.1664509 ], [ -107.617437400000014, 37.151940899999978 ], [ -107.6212274, 37.14367989999996 ], [ -107.6268494, 37.138247899999989 ], [ -107.629712399999988, 37.1390999 ], [ -107.6319334, 37.13645990000002 ], [ -107.6340614, 37.1378079 ] ], [ [ -107.6387674, 37.176668899999974 ], [ -107.6387434, 37.183864899999968 ], [ -107.6420174, 37.183567899999964 ], [ -107.6412054, 37.1766769 ], [ -107.6387674, 37.176668899999974 ] ] ] } },
{ "type": "Feature", "properties": { "state_po": "CO", "county_geoid": "08067", "pwsid": "CO0134210", "pws_name": "EL RANCHO FLORIDA MD", "population_served_count": 400, "model_method": "Random Forest", "verification_status": "", "symbology_field": "Modeled", "intersection_area_sq_km": 0.23347840887445562 }, "geometry": { "type": "Polygon", "coordinates": [ [ [ -107.744741499999989, 37.2163879 ], [ -107.7348645, 37.2176529 ], [ -107.7342715, 37.215077899999976 ], [ -107.7436905, 37.2150209 ], [ -107.744741499999989, 37.2163879 ] ] ] } },
{ "type": "Feature", "properties": { "state_po": "CO", "county_geoid": "08067", "pwsid": "CO0134225", "pws_name": "DURANGO FALFA MHC LLC", "population_served_count": 40, "model_method": "Random Forest", "verification_status": "", "symbology_field": "Modeled", "intersection_area_sq_km": 0.15210223953315988 }, "geometry": { "type": "Polygon", "coordinates": [ [ [ -107.807855499999988, 37.205800900000014 ], [ -107.8042605, 37.208258900000011 ], [ -107.8028765, 37.203208900000014 ], [ -107.806346499999989, 37.204249900000015 ], [ -107.807855499999988, 37.205800900000014 ] ] ] } },
{ "type": "Feature", "properties": { "state_po": "CO", "county_geoid": "08067", "pwsid": "CO0134515", "pws_name": "KNOLLS AT DURANGO HOA", "population_served_count": 150, "model_method": "Random Forest", "verification_status": "", "symbology_field": "Modeled", "intersection_area_sq_km": 0.037980117921880059 }, "geometry": { "type": "Polygon", "coordinates": [ [ [ -107.7999765, 37.217525899999963 ], [ -107.7990345, 37.218744900000011 ], [ -107.797504499999988, 37.2179859 ], [ -107.797875499999989, 37.216912899999969 ], [ -107.7999765, 37.217525899999963 ] ] ] } },
{ "type": "Feature", "properties": { "state_po": "CO", "county_geoid": "08067", "pwsid": "CO0134660", "pws_name": "OLD HOMESTEAD MHP", "population_served_count": 120, "model_method": "Random Forest", "verification_status": "", "symbology_field": "Modeled", "intersection_area_sq_km": 0.024317944324258059 }, "geometry": { "type": "Polygon", "coordinates": [ [ [ -107.8668135, 37.117550899999969 ], [ -107.8672685, 37.1194049 ], [ -107.8661095, 37.1205639 ], [ -107.8668135, 37.117550899999969 ] ] ] } },
{ "type": "Feature", "properties": { "state_po": "CO", "county_geoid": "08067", "pwsid": "CO0134717", "pws_name": "SOUTHWEST HORIZON RANCH", "population_served_count": 323, "model_method": "Random Forest", "verification_status": "", "symbology_field": "Modeled", "intersection_area_sq_km": 0.6339130780243879 }, "geometry": { "type": "Polygon", "coordinates": [ [ [ -107.7956645, 37.204849900000056 ], [ -107.7956155, 37.215051899999985 ], [ -107.7916905, 37.214990899999989 ], [ -107.7894695, 37.209253900000014 ], [ -107.7865685, 37.206837900000011 ], [ -107.7880065, 37.204767900000022 ], [ -107.7956645, 37.204849900000056 ] ] ] } },
{ "type": "Feature", "properties": { "state_po": "CO", "county_geoid": "08067", "pwsid": "CO0134809", "pws_name": "HOMESTEAD TRAILS", "population_served_count": 258, "model_method": "Random Forest", "verification_status": "", "symbology_field": "Modeled", "intersection_area_sq_km": 0.02355454506596346 }, "geometry": { "type": "Polygon", "coordinates": [ [ [ -107.6305154, 37.215868899999968 ], [ -107.6298784, 37.217379899999969 ], [ -107.6290474, 37.217454900000035 ], [ -107.6289504, 37.215969900000012 ], [ -107.6305154, 37.215868899999968 ] ] ] } },
{ "type": "Feature", "properties": { "state_po": "CO", "county_geoid": "08067", "pwsid": "CO0134180", "pws_name": "DURANGO WEST MD NO 1", "population_served_count": 750, "model_method": "Random Forest", "verification_status": "", "symbology_field": "Modeled", "intersection_area_sq_km": 1.8264290144747652 }, "geometry": { "type": "Polygon", "coordinates": [ [ [ -108.0104145, 37.261784899999981 ], [ -108.0102245, 37.273980899999948 ], [ -108.0067765, 37.271388900000041 ], [ -107.9991785, 37.269341900000029 ], [ -107.9952245, 37.265481899999983 ], [ -107.9937925, 37.266807899999989 ], [ -107.9902755, 37.2665269 ], [ -107.9903115, 37.26843990000004 ], [ -107.9883725, 37.269032899999985 ], [ -107.9823695, 37.2692659 ], [ -107.9797955, 37.267309899999987 ], [ -107.9875415, 37.267182899999959 ], [ -107.9877835, 37.2639979 ], [ -107.9915225, 37.263982899999952 ], [ -107.9915295, 37.2618799 ], [ -108.0011875, 37.2618259 ], [ -108.001242499999989, 37.2601539 ], [ -108.0104145, 37.261784899999981 ] ] ] } },
{ "type": "Feature", "properties": { "state_po": "CO", "county_geoid": "08067", "pwsid": "CO0134190", "pws_name": "DURANGO WEST MD NO 2", "population_served_count": 930, "model_method": "Random Forest", "verification_status": "", "symbology_field": "Modeled", "intersection_area_sq_km": 0.12319272622750492 }, "geometry": { "type": "Polygon", "coordinates": [ [ [ -107.9816715, 37.265087900000012 ], [ -107.9866775, 37.2672429 ], [ -107.9826505, 37.267464899999979 ], [ -107.9794145, 37.2662589 ], [ -107.9816715, 37.265087900000012 ] ] ] } },
{ "type": "Feature", "properties": { "state_po": "CO", "county_geoid": "08067", "pwsid": "CO0134570", "pws_name": "LIGHTNER CREEK MHP", "population_served_count": 90, "model_method": "Random Forest", "verification_status": "", "symbology_field": "Modeled", "intersection_area_sq_km": 0.0497468789259446 }, "geometry": { "type": "Polygon", "coordinates": [ [ [ -107.9475955, 37.293009900000051 ], [ -107.943414499999989, 37.293823899999985 ], [ -107.943549499999989, 37.292343899999977 ], [ -107.9475955, 37.293009900000051 ] ] ] } },
{ "type": "Feature", "properties": { "state_po": "CO", "county_geoid": "08067", "pwsid": "CO0134530", "pws_name": "LAKE DURANGO WA", "population_served_count": 1577, "model_method": "Random Forest", "verification_status": "", "symbology_field": "Modeled", "intersection_area_sq_km": 12.49356487303395 }, "geometry": { "type": "Polygon", "coordinates": [ [ [ -107.9546705, 37.2427189 ], [ -107.9668665, 37.242375900000027 ], [ -107.9661835, 37.2453249 ], [ -107.9684405, 37.246880899999987 ], [ -107.966846499999988, 37.259241899999985 ], [ -107.9736925, 37.260027900000011 ], [ -107.9725265, 37.2640599 ], [ -107.9626045, 37.265991899999953 ], [ -107.9592415, 37.276977900000027 ], [ -107.9571645, 37.278947900000013 ], [ -107.9527735, 37.279256899999986 ], [ -107.946341499999988, 37.276655900000023 ], [ -107.9372095, 37.279317899999953 ], [ -107.9372665, 37.2727859 ], [ -107.9322845, 37.272832899999983 ], [ -107.932213499999989, 37.269240899999986 ], [ -107.9273215, 37.269505900000013 ], [ -107.9208485, 37.266081899999961 ], [ -107.9254845, 37.258693899999969 ], [ -107.9312315, 37.254171899999982 ], [ -107.9334735, 37.249003899999977 ], [ -107.9409685, 37.243851899999989 ], [ -107.9479165, 37.2433169 ], [ -107.9466485, 37.241490899999988 ], [ -107.9460015, 37.24309789999996 ], [ -107.944005499999989, 37.242088900000027 ], [ -107.943369499999989, 37.23911190000004 ], [ -107.9532325, 37.2382789 ], [ -107.9546705, 37.2427189 ] ] ] } },
{ "type": "Feature", "properties": { "state_po": "CO", "county_geoid": "08067", "pwsid": "CO0134270", "pws_name": "FALLS CREEK RANCH", "population_served_count": 215, "model_method": "Random Forest", "verification_status": "", "symbology_field": "Modeled", "intersection_area_sq_km": 4.3709907153953624 }, "geometry": { "type": "Polygon", "coordinates": [ [ [ -107.8738874, 37.376565699999979 ], [ -107.8702484, 37.40168290000004 ], [ -107.8639013, 37.413402100000013 ], [ -107.8556386, 37.4113869 ], [ -107.8554975, 37.401290399999979 ], [ -107.859392899999989, 37.3934859 ], [ -107.8614574, 37.3807598 ], [ -107.8638879, 37.376362 ], [ -107.8684715, 37.375031900000018 ], [ -107.8738874, 37.376565699999979 ] ] ] } },
{ "type": "Feature", "properties": { "state_po": "CO", "county_geoid": "08067", "pwsid": "CO0134020", "pws_name": "ANIMAS WC", "population_served_count": 3096, "model_method": "Random Forest", "verification_status": "", "symbology_field": "Modeled", "intersection_area_sq_km": 10.291517677582336 }, "geometry": { "type": "MultiPolygon", "coordinates": [ [ [ [ -107.8465715, 37.387020899999975 ], [ -107.8454075, 37.388792899999977 ], [ -107.8432495, 37.388707899999986 ], [ -107.8440485, 37.386964899999917 ], [ -107.8465715, 37.387020899999975 ] ] ], [ [ [ -107.8584375, 37.386144899999984 ], [ -107.8562845, 37.393352899999975 ], [ -107.8498355, 37.39355489999997 ], [ -107.8490585, 37.424347900000022 ], [ -107.837405499999988, 37.415855900000032 ], [ -107.8439955, 37.4053149 ], [ -107.839709500000012, 37.406053899999975 ], [ -107.842088499999988, 37.40102090000002 ], [ -107.8365025, 37.40098889999998 ], [ -107.8366095, 37.404388900000022 ], [ -107.8400705, 37.4049689 ], [ -107.8368975, 37.4117099 ], [ -107.8275285, 37.4088159 ], [ -107.828969500000014, 37.411516900000017 ], [ -107.8357025, 37.4140289 ], [ -107.8335695, 37.418445899999973 ], [ -107.8188865, 37.425456900000015 ], [ -107.8114115, 37.434059899999973 ], [ -107.8049655, 37.45437290000001 ], [ -107.8033865, 37.454120900000014 ], [ -107.8011975, 37.4597079 ], [ -107.8019665, 37.4687189 ], [ -107.8006495, 37.4690319 ], [ -107.7970335, 37.460969899999959 ], [ -107.8010175, 37.455746900000022 ], [ -107.8009665, 37.4491419 ], [ -107.8032085, 37.446202900000024 ], [ -107.8029645, 37.4420439 ], [ -107.8048835, 37.440156899999984 ], [ -107.8102245, 37.421142899999971 ], [ -107.8143465, 37.41977689999996 ], [ -107.8162505, 37.415061899999969 ], [ -107.8232885, 37.411533900000016 ], [ -107.8242755, 37.408396899999943 ], [ -107.8272955, 37.4084069 ], [ -107.8246775, 37.4022159 ], [ -107.830133499999988, 37.401366900000028 ], [ -107.829615499999989, 37.396356900000022 ], [ -107.8345645, 37.393973900000013 ], [ -107.8354775, 37.3922199 ], [ -107.8339155, 37.3891169 ], [ -107.8364815, 37.387463900000029 ], [ -107.8367145, 37.3850999 ], [ -107.8405845, 37.3899069 ], [ -107.8472705, 37.389989899999989 ], [ -107.8508345, 37.3821339 ], [ -107.8513395, 37.372035899999979 ], [ -107.8541515, 37.371158900000033 ], [ -107.853702500000011, 37.364440900000027 ], [ -107.8543325, 37.37175390000003 ], [ -107.8586495, 37.371677900000023 ], [ -107.8587145, 37.378842899999967 ], [ -107.8541485, 37.378950899999978 ], [ -107.8542475, 37.3862129 ], [ -107.8584375, 37.386144899999984 ] ], [ [ -107.8406225, 37.391821899999982 ], [ -107.840619499999988, 37.3910269 ], [ -107.8404885, 37.3922949 ], [ -107.8406225, 37.391821899999982 ] ], [ [ -107.8401715, 37.394846899999976 ], [ -107.8373555, 37.3960199 ], [ -107.8400745, 37.396452900000021 ], [ -107.8401715, 37.394846899999976 ] ], [ [ -107.8317605, 37.399092900000021 ], [ -107.8315615, 37.4009449 ], [ -107.8339555, 37.401035899999975 ], [ -107.8337485, 37.399043900000031 ], [ -107.8317605, 37.399092900000021 ] ], [ [ -107.8356435, 37.406117899999984 ], [ -107.8354005, 37.404619899999972 ], [ -107.831782499999989, 37.405156899999973 ], [ -107.8323085, 37.406632899999977 ], [ -107.8356435, 37.406117899999984 ] ] ] ] } },
{ "type": "Feature", "properties": { "state_po": "CO", "county_geoid": "08067", "pwsid": "CO0134030", "pws_name": "BAYFIELD TOWN OF", "population_served_count": 2300, "model_method": "Random Forest", "verification_status": "", "symbology_field": "Modeled", "intersection_area_sq_km": 4.4159353442914249 }, "geometry": { "type": "MultiPolygon", "coordinates": [ [ [ [ -107.6040864, 37.219497900000036 ], [ -107.6147834, 37.2249229 ], [ -107.6223044, 37.222927900000016 ], [ -107.6154084, 37.228450900000013 ], [ -107.6013864, 37.2305029 ], [ -107.603021399999989, 37.243380900000027 ], [ -107.5945104, 37.2427919 ], [ -107.5956564, 37.2475589 ], [ -107.5874004, 37.2475549 ], [ -107.5874194, 37.232661899999982 ], [ -107.5871234, 37.23418490000001 ], [ -107.582517400000015, 37.235985900000038 ], [ -107.5816774, 37.232689899999976 ], [ -107.5862194, 37.232593899999962 ], [ -107.5860374, 37.22876190000003 ], [ -107.588167399999989, 37.227802900000036 ], [ -107.5873734, 37.2251799 ], [ -107.5896674, 37.2251609 ], [ -107.589574399999989, 37.2215039 ], [ -107.594364399999989, 37.2215279 ], [ -107.6033964, 37.225721899999961 ], [ -107.6067654, 37.2231539 ], [ -107.6040864, 37.219497900000036 ] ] ], [ [ [ -107.5997114, 37.2473479 ], [ -107.5983904, 37.2485219 ], [ -107.5984604, 37.247414900000038 ], [ -107.5997114, 37.2473479 ] ] ], [ [ [ -107.5977744, 37.249168899999972 ], [ -107.6002314, 37.2493809 ], [ -107.599779399999989, 37.2515439 ], [ -107.5977744, 37.249168899999972 ] ] ] ] } },
{ "type": "Feature", "properties": { "state_po": "CO", "county_geoid": "08067", "pwsid": "CO0134065", "pws_name": "BLUE SKY RANCH INC ASSOC OF OWNERS", "population_served_count": 180, "model_method": "Random Forest", "verification_status": "", "symbology_field": "Modeled", "intersection_area_sq_km": 2.0466645949439237 }, "geometry": { "type": "Polygon", "coordinates": [ [ [ -107.8410645, 37.397871900000027 ], [ -107.8337485, 37.399043900000031 ], [ -107.8339555, 37.401035899999975 ], [ -107.8419485, 37.400998900000019 ], [ -107.8368975, 37.4117099 ], [ -107.8275285, 37.4088159 ], [ -107.8246775, 37.4022159 ], [ -107.830133499999988, 37.401366900000028 ], [ -107.829615499999989, 37.396356900000022 ], [ -107.8345645, 37.393973900000013 ], [ -107.8354775, 37.3922199 ], [ -107.8339155, 37.3891169 ], [ -107.8364815, 37.387463900000029 ], [ -107.8367145, 37.3850999 ], [ -107.8406765, 37.389944899999975 ], [ -107.8410645, 37.397871900000027 ] ] ] } },
{ "type": "Feature", "properties": { "state_po": "CO", "county_geoid": "08067", "pwsid": "CO0134200", "pws_name": "EDGEMONT RANCH MD", "population_served_count": 1200, "model_method": "Random Forest", "verification_status": "", "symbology_field": "Modeled", "intersection_area_sq_km": 0.65330685894019946 }, "geometry": { "type": "MultiPolygon", "coordinates": [ [ [ [ -107.7948245, 37.310372900000033 ], [ -107.7890715, 37.311234899999974 ], [ -107.785785499999989, 37.305786900000044 ], [ -107.7900195, 37.304114900000016 ], [ -107.7904025, 37.3077129 ], [ -107.7948245, 37.310372900000033 ] ] ], [ [ [ -107.7947765, 37.315002900000017 ], [ -107.7912985, 37.3161079 ], [ -107.7878545, 37.315329899999966 ], [ -107.7855755, 37.317564900000022 ], [ -107.7837675, 37.315259899999973 ], [ -107.7841595, 37.311953900000049 ], [ -107.7930025, 37.311826899999978 ], [ -107.7947765, 37.315002900000017 ] ] ] ] } },
{ "type": "Feature", "properties": { "state_po": "CO", "county_geoid": "08067", "pwsid": "CO0134300", "pws_name": "FLORIDA RIVER ESTATES HOA INC", "population_served_count": 239, "model_method": "Random Forest", "verification_status": "", "symbology_field": "Modeled", "intersection_area_sq_km": 0.090123722711799095 }, "geometry": { "type": "Polygon", "coordinates": [ [ [ -107.7702545, 37.314642899999981 ], [ -107.7683335, 37.319660900000031 ], [ -107.7672515, 37.3196049 ], [ -107.7667335, 37.3168449 ], [ -107.7702545, 37.314642899999981 ] ] ] } },
{ "type": "Feature", "properties": { "state_po": "CO", "county_geoid": "08067", "pwsid": "CO0134330", "pws_name": "FORREST GROVE ESTATES", "population_served_count": 92, "model_method": "Random Forest", "verification_status": "", "symbology_field": "Modeled", "intersection_area_sq_km": 0.30674851167926359 }, "geometry": { "type": "Polygon", "coordinates": [ [ [ -107.7051535, 37.346242899999964 ], [ -107.6985055, 37.34617889999997 ], [ -107.6937135, 37.350958899999981 ], [ -107.6883355, 37.350568900000013 ], [ -107.6941375, 37.348820899999986 ], [ -107.700467500000016, 37.343719899999989 ], [ -107.7048985, 37.344114900000022 ], [ -107.7051535, 37.346242899999964 ] ] ] } },
{ "type": "Feature", "properties": { "state_po": "CO", "county_geoid": "08067", "pwsid": "CO0134338", "pws_name": "HEARTWOOD CO OP HOUSING", "population_served_count": 60, "model_method": "Random Forest", "verification_status": "", "symbology_field": "Modeled", "intersection_area_sq_km": 0.013728831439075391 }, "geometry": { "type": "Polygon", "coordinates": [ [ [ -107.6279124, 37.238348899999984 ], [ -107.6273634, 37.2396119 ], [ -107.6263784, 37.239725900000018 ], [ -107.6262384, 37.2388349 ], [ -107.6279124, 37.238348899999984 ] ] ] } },
{ "type": "Feature", "properties": { "state_po": "CO", "county_geoid": "08067", "pwsid": "CO0134360", "pws_name": "FOREST LAKES MD", "population_served_count": 1699, "model_method": "Random Forest", "verification_status": "", "symbology_field": "Modeled", "intersection_area_sq_km": 2.2417658706124706 }, "geometry": { "type": "MultiPolygon", "coordinates": [ [ [ [ -107.6034114, 37.320197899999968 ], [ -107.6065614, 37.3217719 ], [ -107.608351399999989, 37.3211729 ], [ -107.6143734, 37.3276169 ], [ -107.6180184, 37.329400899999953 ], [ -107.6123244, 37.329181899999988 ], [ -107.6102854, 37.328042899999978 ], [ -107.6099204, 37.3252679 ], [ -107.6063694, 37.3237249 ], [ -107.6024994, 37.3260199 ], [ -107.5980874, 37.3260389 ], [ -107.5923184, 37.3235769 ], [ -107.5931784, 37.3215979 ], [ -107.6034114, 37.320197899999968 ] ] ], [ [ [ -107.5959214, 37.36483290000001 ], [ -107.5903074, 37.376009900000014 ], [ -107.580366399999988, 37.3803809 ], [ -107.5812134, 37.384470900000011 ], [ -107.5795264, 37.381240900000051 ], [ -107.5799974, 37.371527900000054 ], [ -107.5847354, 37.370670899999951 ], [ -107.584058399999989, 37.367095899999946 ], [ -107.5908604, 37.364045900000022 ], [ -107.5959214, 37.36483290000001 ] ] ] ] } },
{ "type": "Feature", "properties": { "state_po": "CO", "county_geoid": "08067", "pwsid": "CO0134390", "pws_name": "DURANGO REGENCY MHP", "population_served_count": 200, "model_method": "Random Forest", "verification_status": "", "symbology_field": "Modeled", "intersection_area_sq_km": 0.14539909494752604 }, "geometry": { "type": "Polygon", "coordinates": [ [ [ -107.8427665, 37.404943899999957 ], [ -107.8445435, 37.407103900000038 ], [ -107.8425985, 37.408593899999978 ], [ -107.838587499999988, 37.4084409 ], [ -107.839709500000012, 37.406053899999975 ], [ -107.8427665, 37.404943899999957 ] ] ] } },
{ "type": "Feature", "properties": { "state_po": "CO", "county_geoid": "08067", "pwsid": "CO0134450", "pws_name": "HERMOSA VILLAGE", "population_served_count": 98, "model_method": "Random Forest", "verification_status": "", "symbology_field": "Modeled", "intersection_area_sq_km": 0.14338510541880148 }, "geometry": { "type": "Polygon", "coordinates": [ [ [ -107.8425985, 37.408593899999978 ], [ -107.8396605, 37.413021899999983 ], [ -107.8371485, 37.411831900000024 ], [ -107.838587499999988, 37.4084409 ], [ -107.8425985, 37.408593899999978 ] ] ] } },
{ "type": "Feature", "properties": { "state_po": "CO", "county_geoid": "08067", "pwsid": "CO0134480", "pws_name": "GOODMAN POA", "population_served_count": 96, "model_method": "Random Forest", "verification_status": "", "symbology_field": "Modeled", "intersection_area_sq_km": 0.40207825794461971 }, "geometry": { "type": "MultiPolygon", "coordinates": [ [ [ [ -107.8275285, 37.4088159 ], [ -107.8396605, 37.413021899999983 ], [ -107.8335625, 37.417776900000021 ], [ -107.8324245, 37.415905899999984 ], [ -107.8343045, 37.4161329 ], [ -107.8357025, 37.4140289 ], [ -107.828969500000014, 37.411516900000017 ], [ -107.8275285, 37.4088159 ] ] ], [ [ [ -107.8314465, 37.417015900000017 ], [ -107.8293085, 37.4166619 ], [ -107.828962499999989, 37.415102900000036 ], [ -107.8308375, 37.415200900000016 ], [ -107.8314465, 37.417015900000017 ] ] ] ] } },
{ "type": "Feature", "properties": { "state_po": "CO", "county_geoid": "08067", "pwsid": "CO0134510", "pws_name": "DURANGO JCMHP, LLC", "population_served_count": 100, "model_method": "Random Forest", "verification_status": "", "symbology_field": "Modeled", "intersection_area_sq_km": 0.12925637204667731 }, "geometry": { "type": "Polygon", "coordinates": [ [ [ -107.8890375, 37.3108359 ], [ -107.8871155, 37.3083269 ], [ -107.8876155, 37.307995900000037 ], [ -107.879822499999989, 37.3025739 ], [ -107.8803655, 37.3003439 ], [ -107.8886995, 37.308155899999981 ], [ -107.8890375, 37.3108359 ] ] ] } },
{ "type": "Feature", "properties": { "state_po": "CO", "county_geoid": "08067", "pwsid": "CO0134580", "pws_name": "LOS RANCHITOS HOA", "population_served_count": 84, "model_method": "Random Forest", "verification_status": "", "symbology_field": "Modeled", "intersection_area_sq_km": 0.20943744396598069 }, "geometry": { "type": "Polygon", "coordinates": [ [ [ -107.6895115, 37.351430899999983 ], [ -107.6812715, 37.3543409 ], [ -107.6785635, 37.357284899999975 ], [ -107.6710245, 37.360634899999965 ], [ -107.6756805, 37.357998900000041 ], [ -107.6794465, 37.353425900000019 ], [ -107.6883355, 37.350568900000013 ], [ -107.6895115, 37.351430899999983 ] ] ] } },
{ "type": "Feature", "properties": { "state_po": "CO", "county_geoid": "08067", "pwsid": "CO0134750", "pws_name": "PURGATORY MD", "population_served_count": 1364, "model_method": "Random Forest", "verification_status": "", "symbology_field": "Modeled", "intersection_area_sq_km": 0.69123192954844836 }, "geometry": { "type": "MultiPolygon", "coordinates": [ [ [ [ -107.824127499999989, 37.557110899999941 ], [ -107.8249315, 37.567934900000019 ], [ -107.8223295, 37.5767299 ], [ -107.8218695, 37.559486899999989 ], [ -107.824127499999989, 37.557110899999941 ] ] ], [ [ [ -107.8256705, 37.5831409 ], [ -107.8243185, 37.581235899999974 ], [ -107.825153500000013, 37.5800079 ], [ -107.8256375, 37.581184899999961 ], [ -107.8256705, 37.5831409 ] ] ], [ [ [ -107.8254325, 37.597396900000014 ], [ -107.824290499999989, 37.6002629 ], [ -107.822934499999988, 37.600292899999971 ], [ -107.8236195, 37.5960709 ], [ -107.8254325, 37.597396900000014 ] ] ], [ [ [ -107.8141455, 37.6131229 ], [ -107.8141025, 37.614072900000018 ], [ -107.8136655, 37.6141799 ], [ -107.8141455, 37.6131229 ] ] ], [ [ [ -107.8143895, 37.627023900000026 ], [ -107.8117455, 37.6321089 ], [ -107.8122825, 37.6303539 ], [ -107.8098825, 37.628047899999984 ], [ -107.8118945, 37.621796900000035 ], [ -107.8134595, 37.627571900000049 ], [ -107.8143895, 37.627023900000026 ] ] ] ] } },
{ "type": "Feature", "properties": { "state_po": "CO", "county_geoid": "08067", "pwsid": "CO0134840", "pws_name": "ELBERT CREEK WATER CO", "population_served_count": 750, "model_method": "Random Forest", "verification_status": "", "symbology_field": "Modeled", "intersection_area_sq_km": 5.5785512933716239 }, "geometry": { "type": "Polygon", "coordinates": [ [ [ -107.8152855, 37.489258899999953 ], [ -107.8160995, 37.504778899999984 ], [ -107.8195765, 37.5100799 ], [ -107.8175215, 37.517098899999986 ], [ -107.8181375, 37.5287929 ], [ -107.8161395, 37.529024899999953 ], [ -107.8123045, 37.527135899999976 ], [ -107.8093475, 37.522293900000037 ], [ -107.8060225, 37.522563900000023 ], [ -107.8034725, 37.517873900000012 ], [ -107.8043155, 37.515403900000045 ], [ -107.7984505, 37.511579900000051 ], [ -107.7992115, 37.508821900000029 ], [ -107.7973105, 37.510868899999984 ], [ -107.7986615, 37.508264900000022 ], [ -107.7977545, 37.497826899999978 ], [ -107.7961905, 37.496557900000056 ], [ -107.8006755, 37.494334900000027 ], [ -107.802279500000012, 37.4910999 ], [ -107.8058445, 37.490334899999972 ], [ -107.8111375, 37.492520899999953 ], [ -107.8152855, 37.489258899999953 ] ] ] } },
{ "type": "Feature", "properties": { "state_po": "CO", "county_geoid": "08067", "pwsid": "CO0134855", "pws_name": "TWILIGHT WC", "population_served_count": 78, "model_method": "Random Forest", "verification_status": "", "symbology_field": "Modeled", "intersection_area_sq_km": 1.2734482063564188 }, "geometry": { "type": "Polygon", "coordinates": [ [ [ -107.8171115, 37.6048319 ], [ -107.8113575, 37.618180899999977 ], [ -107.8085595, 37.616070900000011 ], [ -107.8079035, 37.6115189 ], [ -107.8098565, 37.604243900000021 ], [ -107.805395499999989, 37.59314190000002 ], [ -107.8148785, 37.593137900000031 ], [ -107.8107815, 37.6018609 ], [ -107.8127835, 37.604453899999974 ], [ -107.8171115, 37.6048319 ] ] ] } },
{ "type": "Feature", "properties": { "state_po": "CO", "county_geoid": "08067", "pwsid": "CO0234750", "pws_name": "SIERRA VERDE WATER INC.", "population_served_count": 60, "model_method": "Random Forest", "verification_status": "", "symbology_field": "Modeled", "intersection_area_sq_km": 0.11153245873947708 }, "geometry": { "type": "MultiPolygon", "coordinates": [ [ [ [ -107.6512555, 37.4214739 ], [ -107.6473305, 37.4217089 ], [ -107.6473375, 37.421028899999968 ], [ -107.651250499999989, 37.4190369 ], [ -107.6512555, 37.4214739 ] ] ], [ [ [ -107.6763165, 37.443579899999946 ], [ -107.6736235, 37.444672899999986 ], [ -107.6720605, 37.446275899999982 ], [ -107.6749145, 37.4415679 ], [ -107.6763165, 37.443579899999946 ] ] ] ] } },
{ "type": "Feature", "properties": { "state_po": "CO", "county_geoid": "08067", "pwsid": "CO0234390", "pws_name": "HAPPY SCENES WS INC", "population_served_count": 209, "model_method": "Random Forest", "verification_status": "", "symbology_field": "Modeled", "intersection_area_sq_km": 0.067663817654527628 }, "geometry": { "type": "MultiPolygon", "coordinates": [ [ [ [ -107.5528344, 37.44651489999994 ], [ -107.5519574, 37.4482989 ], [ -107.5518674, 37.446084900000024 ], [ -107.5528344, 37.44651489999994 ] ] ], [ [ [ -107.5563184, 37.4608869 ], [ -107.5570904, 37.4642069 ], [ -107.5554664, 37.464936899999955 ], [ -107.5563184, 37.4608869 ] ] ] ] } },
{ "type": "Feature", "properties": { "state_po": "CO", "county_geoid": "08067", "pwsid": "CO0234388", "pws_name": "FREEMAN CREEK", "population_served_count": 88, "model_method": "Random Forest", "verification_status": "", "symbology_field": "Modeled", "intersection_area_sq_km": 0.93491378293679461 }, "geometry": { "type": "MultiPolygon", "coordinates": [ [ [ [ -107.5571134, 37.429048900000033 ], [ -107.5581654, 37.442036899999962 ], [ -107.5555574, 37.434929899999979 ], [ -107.553012400000014, 37.4331919 ], [ -107.5552424, 37.432638899999972 ], [ -107.5522454, 37.430242899999982 ], [ -107.553861399999988, 37.4255949 ], [ -107.5571134, 37.429048900000033 ] ] ], [ [ [ -107.5522014, 37.442633900000025 ], [ -107.5473144, 37.442391899999976 ], [ -107.5449844, 37.439041900000056 ], [ -107.5450954, 37.436660900000014 ], [ -107.5432214, 37.435727900000053 ], [ -107.5449184, 37.431542899999933 ], [ -107.5463374, 37.43369689999998 ], [ -107.5454994, 37.431491900000047 ], [ -107.5491234, 37.432722899999952 ], [ -107.5484884, 37.434730900000012 ], [ -107.5504024, 37.4355189 ], [ -107.5501214, 37.4391489 ], [ -107.5522014, 37.442633900000025 ] ] ] ] } },
{ "type": "Feature", "properties": { "state_po": "CO", "county_geoid": "08067", "pwsid": "CO0134500", "pws_name": "IGNACIO TOWN OF", "population_served_count": 800, "model_method": null, "verification_status": null, "symbology_field": "System Sourced", "intersection_area_sq_km": 1.5052643283900424 }, "geometry": { "type": "Polygon", "coordinates": [ [ [ -107.6433837, 37.122772499999982 ], [ -107.638352, 37.123111 ], [ -107.6372057, 37.121545399999981 ], [ -107.6339319, 37.1232548 ], [ -107.6305987, 37.118973799999985 ], [ -107.6319032, 37.107245099999986 ], [ -107.634789399999988, 37.107809400000022 ], [ -107.637367399999988, 37.111055 ], [ -107.6405683, 37.110975900000021 ], [ -107.63888080000001, 37.113419199999967 ], [ -107.6418548, 37.115695200000033 ], [ -107.6412245, 37.117544699999961 ], [ -107.643541500000012, 37.12005689999998 ], [ -107.6433837, 37.122772499999982 ] ], [ [ -107.6379551, 37.1136947 ], [ -107.6376301, 37.113336799999971 ], [ -107.637254500000012, 37.113128 ], [ -107.6379551, 37.1136947 ] ] ] } },
{ "type": "Feature", "properties": { "state_po": "CO", "county_geoid": "08059", "pwsid": "CO0147200", "pws_name": "WILL O WISP METRO DISTRICT", "population_served_count": 300, "model_method": "Random Forest", "verification_status": "", "symbology_field": "Modeled", "intersection_area_sq_km": 0.07963951396577984 }, "geometry": { "type": "MultiPolygon", "coordinates": [ [ [ [ -105.3975472, 39.464813400000025 ], [ -105.3952532, 39.4660984 ], [ -105.3951422, 39.464576400000034 ], [ -105.3969002, 39.464483400000034 ], [ -105.3966632, 39.460670400000041 ], [ -105.398440942023328, 39.460931011800426 ], [ -105.3975472, 39.464813400000025 ] ] ], [ [ [ -105.3980622, 39.46539439999998 ], [ -105.398327905317686, 39.464255295604659 ], [ -105.398064908442208, 39.465908101596426 ], [ -105.3980622, 39.46539439999998 ] ] ], [ [ [ -105.398142359199284, 39.469638411273472 ], [ -105.3981262, 39.469260399999925 ], [ -105.398139817185083, 39.46894720566803 ], [ -105.398142359199284, 39.469638411273472 ] ] ] ] } },
{ "type": "Feature", "properties": { "state_po": "CO", "county_geoid": "08059", "pwsid": "CO0130033", "pws_name": "FOREST HILLS MD RIVA CHASE", "population_served_count": 400, "model_method": "Random Forest", "verification_status": "", "symbology_field": "Modeled", "intersection_area_sq_km": 1.3909065931239122 }, "geometry": { "type": "Polygon", "coordinates": [ [ [ -105.2437363, 39.701776500000022 ], [ -105.2434518, 39.698930799999978 ], [ -105.2485017, 39.695483099999983 ], [ -105.2600241, 39.694716900000017 ], [ -105.2642916, 39.696906 ], [ -105.2619445, 39.700900900000036 ], [ -105.2551164, 39.704348399999972 ], [ -105.2437363, 39.701776500000022 ] ] ] } },
{ "type": "Feature", "properties": { "state_po": "CO", "county_geoid": "08059", "pwsid": "CO0130045", "pws_name": "HIDDEN VALLEY WATER DISTRICT", "population_served_count": 155, "model_method": "Random Forest", "verification_status": "", "symbology_field": "Modeled", "intersection_area_sq_km": 0.35526241249930235 }, "geometry": { "type": "Polygon", "coordinates": [ [ [ -105.3460652, 39.699822 ], [ -105.339597700000013, 39.697423599999979 ], [ -105.3385489, 39.693029899999985 ], [ -105.3463857, 39.6952716 ], [ -105.3460652, 39.699822 ] ] ] } },
{ "type": "Feature", "properties": { "state_po": "CO", "county_geoid": "08059", "pwsid": "CO0130050", "pws_name": "HOMESTEAD WC", "population_served_count": 958, "model_method": "", "verification_status": "", "symbology_field": "System Sourced", "intersection_area_sq_km": 5.4158800065370629 }, "geometry": { "type": "Polygon", "coordinates": [ [ [ -105.2323651, 39.5883186 ], [ -105.2320006, 39.584680400000025 ], [ -105.23449, 39.581117299999981 ], [ -105.230578099999988, 39.578924499999971 ], [ -105.2311471, 39.5736616 ], [ -105.2348456, 39.572729599999974 ], [ -105.2342766, 39.565821299999982 ], [ -105.226595, 39.566698600000031 ], [ -105.219980299999989, 39.5622024 ], [ -105.2230298, 39.558422299999989 ], [ -105.2326985, 39.553452600000014 ], [ -105.2401445, 39.556023100000012 ], [ -105.2451455, 39.5677609 ], [ -105.2490352, 39.570673600000035 ], [ -105.2508133, 39.575042499999981 ], [ -105.2512578, 39.583950600000023 ], [ -105.2394776, 39.5883186 ], [ -105.2323651, 39.5883186 ] ] ] } },
{ "type": "Feature", "properties": { "state_po": "CO", "county_geoid": "08059", "pwsid": "CO0130090", "pws_name": "MT VERNON COUNTRY CLUB", "population_served_count": 734, "model_method": "Random Forest", "verification_status": "", "symbology_field": "Modeled", "intersection_area_sq_km": 1.9016502259361288 }, "geometry": { "type": "MultiPolygon", "coordinates": [ [ [ [ -105.2943272, 39.7116804 ], [ -105.294089200000016, 39.718730399999977 ], [ -105.2963992, 39.719990400000029 ], [ -105.2938372, 39.721042399999973 ], [ -105.2895732, 39.720001399999987 ], [ -105.2905212, 39.7173314 ], [ -105.2811962, 39.7183434 ], [ -105.271778200000014, 39.713911399999979 ], [ -105.2667552, 39.7134134 ], [ -105.2722322, 39.71296539999998 ], [ -105.2715812, 39.710924400000046 ], [ -105.2792352, 39.7092654 ], [ -105.2904742, 39.7098354 ], [ -105.2943272, 39.7116804 ] ] ], [ [ [ -105.273854199999988, 39.717911400000027 ], [ -105.2724462, 39.719293399999984 ], [ -105.2723772, 39.716650400000049 ], [ -105.2699602, 39.716304399999977 ], [ -105.2729402, 39.7157864 ], [ -105.273854199999988, 39.717911400000027 ] ] ], [ [ [ -105.2923152, 39.7218784 ], [ -105.2982812, 39.722569399999976 ], [ -105.2960952, 39.725205399999986 ], [ -105.2945112, 39.72254539999998 ], [ -105.2925492, 39.723735400000031 ], [ -105.2923152, 39.7218784 ] ] ] ] } },
{ "type": "Feature", "properties": { "state_po": "CO", "county_geoid": "08059", "pwsid": "CO0130115", "pws_name": "PARK WC WONDERVIEW", "population_served_count": 90, "model_method": "Random Forest", "verification_status": "", "symbology_field": "Modeled", "intersection_area_sq_km": 0.067409453899798924 }, "geometry": { "type": "Polygon", "coordinates": [ [ [ -105.3215832, 39.6087834 ], [ -105.3202942, 39.6061094 ], [ -105.3231062, 39.6061104 ], [ -105.3233232, 39.608605399999973 ], [ -105.3215832, 39.6087834 ] ] ] } },
{ "type": "Feature", "properties": { "state_po": "CO", "county_geoid": "08059", "pwsid": "CO0130187", "pws_name": "CRAGMONT WC", "population_served_count": 50, "model_method": "Random Forest", "verification_status": "", "symbology_field": "Modeled", "intersection_area_sq_km": 0.032742473406065523 }, "geometry": { "type": "Polygon", "coordinates": [ [ [ -105.3138782, 39.594114400000031 ], [ -105.3101982, 39.592852400000019 ], [ -105.3095412, 39.5915344 ], [ -105.3107442, 39.591159399999981 ], [ -105.3138782, 39.594114400000031 ] ] ] } },
{ "type": "Feature", "properties": { "state_po": "CO", "county_geoid": "08059", "pwsid": "CO0130517", "pws_name": "MOUNTAINSIDE ESTATES MHP", "population_served_count": 473, "model_method": "Random Forest", "verification_status": "", "symbology_field": "Modeled", "intersection_area_sq_km": 0.09323062875677994 }, "geometry": { "type": "Polygon", "coordinates": [ [ [ -105.1604651, 39.671007399999986 ], [ -105.1628201, 39.671797399999953 ], [ -105.1627651, 39.673647399999979 ], [ -105.1602611, 39.673045399999943 ], [ -105.1586461, 39.674351400000027 ], [ -105.1583841, 39.672247400000032 ], [ -105.1604651, 39.671007399999986 ] ] ] } },
{ "type": "Feature", "properties": { "state_po": "CO", "county_geoid": "08059", "pwsid": "CO0130070", "pws_name": "INSPIRATION VALLEY MHP", "population_served_count": 250, "model_method": "Random Forest", "verification_status": "", "symbology_field": "Modeled", "intersection_area_sq_km": 0.25957078968988317 }, "geometry": { "type": "Polygon", "coordinates": [ [ [ -105.0532561, 39.79106940000004 ], [ -105.059348058609146, 39.791072419045946 ], [ -105.062414100000012, 39.791091400000056 ], [ -105.0532101, 39.7962504 ], [ -105.0532561, 39.79106940000004 ] ] ] } },
{ "type": "Feature", "properties": { "state_po": "CO", "county_geoid": "08059", "pwsid": "CO0103153", "pws_name": "BOW MAR WSD", "population_served_count": 899, "model_method": "", "verification_status": "", "symbology_field": "System Sourced", "intersection_area_sq_km": 0.53028030064389009 }, "geometry": { "type": "MultiPolygon", "coordinates": [ [ [ [ -105.053616554819911, 39.617019121472893 ], [ -105.056625, 39.619768899999954 ], [ -105.057050989717851, 39.620911464938217 ], [ -105.053519553273446, 39.620864047760584 ], [ -105.053616554819911, 39.617019121472893 ] ] ], [ [ [ -105.055809, 39.624244 ], [ -105.053287, 39.627265 ], [ -105.053483, 39.624253 ], [ -105.055809, 39.624244 ] ] ], [ [ [ -105.053454, 39.638767700000017 ], [ -105.053457, 39.629526 ], [ -105.057009, 39.631679 ], [ -105.059541, 39.635375 ], [ -105.059045, 39.63876 ], [ -105.053454, 39.638767700000017 ] ] ] ] } },
{ "type": "Feature", "properties": { "state_po": "CO", "county_geoid": "08059", "pwsid": "CO0130005", "pws_name": "BLUE MOUNTAIN WD", "population_served_count": 350, "model_method": "", "verification_status": "", "symbology_field": "System Sourced", "intersection_area_sq_km": 2.5113611204133761 }, "geometry": { "type": "Polygon", "coordinates": [ [ [ -105.2692293, 39.870303500000027 ], [ -105.2691035, 39.853878699999989 ], [ -105.2850935, 39.8535132 ], [ -105.2852193, 39.8701174 ], [ -105.2692293, 39.870303500000027 ] ] ] } },
{ "type": "Feature", "properties": { "state_po": "CO", "county_geoid": "08059", "pwsid": "CO0130010", "pws_name": "BROOK FOREST WD", "population_served_count": 998, "model_method": "", "verification_status": "", "symbology_field": "System Sourced", "intersection_area_sq_km": 2.71070456066191 }, "geometry": { "type": "MultiPolygon", "coordinates": [ [ [ [ -105.3876991, 39.579893200000015 ], [ -105.3889747, 39.5661 ], [ -105.3980118, 39.5661 ], [ -105.3978231, 39.579283900000028 ], [ -105.3876991, 39.579893200000015 ] ] ], [ [ [ -105.367612799999989, 39.579893200000015 ], [ -105.3795155, 39.5800802 ], [ -105.3795783, 39.5764798 ], [ -105.3842765, 39.5764798 ], [ -105.3839082, 39.583493400000023 ], [ -105.37921, 39.5836804 ], [ -105.37921, 39.5871004 ], [ -105.3607766, 39.587522699999973 ], [ -105.3609024, 39.582884200000038 ], [ -105.367612799999989, 39.579893200000015 ] ] ] ] } },
{ "type": "Feature", "properties": { "state_po": "CO", "county_geoid": "08059", "pwsid": "CO0130015", "pws_name": "BUFFALO CREEK WD", "population_served_count": 125, "model_method": "", "verification_status": "", "symbology_field": "System Sourced", "intersection_area_sq_km": 2.8643170605914232 }, "geometry": { "type": "MultiPolygon", "coordinates": [ [ [ [ -105.2769817, 39.391723899999974 ], [ -105.2799103, 39.396118299999969 ], [ -105.2686723, 39.39587529999995 ], [ -105.2687981, 39.3886692 ], [ -105.262878199999989, 39.3886692 ], [ -105.2626985, 39.3825107 ], [ -105.2592131, 39.3825107 ], [ -105.2592131, 39.37969860000004 ], [ -105.2537872, 39.377504399999957 ], [ -105.2512809, 39.374331 ], [ -105.2590963, 39.3740879 ], [ -105.2590963, 39.377928 ], [ -105.2663008, 39.377684899999963 ], [ -105.2663008, 39.3740879 ], [ -105.2686723, 39.3740879 ], [ -105.2686723, 39.3759142 ], [ -105.2734963, 39.3759142 ], [ -105.2734963, 39.3815317 ], [ -105.278077700000011, 39.3815317 ], [ -105.2783202, 39.3886692 ], [ -105.282901599999988, 39.3886692 ], [ -105.283018399999989, 39.392272300000016 ], [ -105.2796048, 39.392272300000016 ], [ -105.2764877, 39.389891099999979 ], [ -105.2760026, 39.3909324 ], [ -105.2769817, 39.391723899999974 ] ] ], [ [ [ -105.2771345, 39.3915712 ], [ -105.2769817, 39.391480900000047 ], [ -105.2772243, 39.391480900000047 ], [ -105.2771345, 39.3915712 ] ] ], [ [ [ -105.2799103, 39.395507399999971 ], [ -105.2797845, 39.394896499999973 ], [ -105.2799103, 39.394716 ], [ -105.2799103, 39.395507399999971 ] ] ] ] } },
{ "type": "Feature", "properties": { "state_po": "CO", "county_geoid": "08059", "pwsid": "CO0130055", "pws_name": "IDLEDALE WSD", "population_served_count": 350, "model_method": "", "verification_status": "", "symbology_field": "System Sourced", "intersection_area_sq_km": 0.40273179939122045 }, "geometry": { "type": "MultiPolygon", "coordinates": [ [ [ [ -105.2424954, 39.665527300000015 ], [ -105.2407796, 39.661682399999989 ], [ -105.2396208, 39.660707299999977 ], [ -105.2420013, 39.6624777 ], [ -105.2424954, 39.665527300000015 ] ] ], [ [ [ -105.2434117, 39.665527300000015 ], [ -105.248226699999989, 39.663328300000046 ], [ -105.247005, 39.665285299999987 ], [ -105.2452982, 39.6658938 ], [ -105.2434117, 39.665527300000015 ] ] ], [ [ [ -105.2434117, 39.665707099999935 ], [ -105.2448131, 39.665893799999957 ], [ -105.2435914, 39.666073600000026 ], [ -105.2434117, 39.665707099999935 ] ] ], [ [ [ -105.2443819, 39.666073600000026 ], [ -105.246277299999988, 39.665707099999977 ], [ -105.2465199, 39.666073600000026 ], [ -105.2443819, 39.666073600000026 ] ] ], [ [ [ -105.2460977, 39.666868800000039 ], [ -105.2446244, 39.671508599999981 ], [ -105.2431063, 39.670471400000025 ], [ -105.2426751, 39.672483499999956 ], [ -105.2413905, 39.672303800000051 ], [ -105.2383991, 39.668881 ], [ -105.2382823, 39.665527300000015 ], [ -105.239989099999988, 39.666322499999971 ], [ -105.2420013, 39.665285299999987 ], [ -105.2445076, 39.666689 ], [ -105.2460977, 39.666868800000039 ] ] ], [ [ [ -105.243285899999989, 39.6749243 ], [ -105.2428008, 39.674315799999967 ], [ -105.2434117, 39.674315799999967 ], [ -105.243285899999989, 39.6749243 ] ] ] ] } },
{ "type": "Feature", "properties": { "state_po": "CO", "county_geoid": "08059", "pwsid": "CO0130065", "pws_name": "INDIAN HILLS WD", "population_served_count": 1300, "model_method": "", "verification_status": "", "symbology_field": "System Sourced", "intersection_area_sq_km": 5.2718941857992228 }, "geometry": { "type": "MultiPolygon", "coordinates": [ [ [ [ -105.2296765, 39.609132500000051 ], [ -105.2300987, 39.6087035 ], [ -105.2305299, 39.609132500000051 ], [ -105.2296765, 39.609132500000051 ] ] ], [ [ [ -105.2330901, 39.613098 ], [ -105.2316887, 39.612302199999981 ], [ -105.2319941, 39.610475199999975 ], [ -105.2340063, 39.610475199999975 ], [ -105.2330901, 39.613098 ] ] ], [ [ [ -105.2579914, 39.617312399999975 ], [ -105.25818, 39.617312399999975 ], [ -105.2579914, 39.6174923 ], [ -105.2579914, 39.617312399999975 ] ] ], [ [ [ -105.2576949, 39.62091060000003 ], [ -105.2573266, 39.620730699999953 ], [ -105.2576949, 39.620730699999953 ], [ -105.2576949, 39.62091060000003 ] ] ], [ [ [ -105.252323, 39.6210905 ], [ -105.2529338, 39.6210905 ], [ -105.2529338, 39.621277400000018 ], [ -105.252323, 39.6210905 ] ] ], [ [ [ -105.2548832, 39.621886300000021 ], [ -105.2545149, 39.621706400000058 ], [ -105.2548203, 39.621706400000058 ], [ -105.2548832, 39.621886300000021 ] ] ], [ [ [ -105.2570212, 39.622682 ], [ -105.2564103, 39.623290900000065 ], [ -105.2562217, 39.622682 ], [ -105.2570212, 39.622682 ] ] ], [ [ [ -105.2551886, 39.638491 ], [ -105.2545778, 39.6334823 ], [ -105.2603719, 39.633302399999941 ], [ -105.2579914, 39.631289199999976 ], [ -105.2457294, 39.6311024 ], [ -105.2457922, 39.623899799999968 ], [ -105.2413905, 39.6238998 ], [ -105.2415791, 39.620481599999984 ], [ -105.2376086, 39.620730699999953 ], [ -105.2374918, 39.6229242 ], [ -105.239989099999988, 39.6220731 ], [ -105.239989099999988, 39.6238998 ], [ -105.2319941, 39.624086600000027 ], [ -105.2340063, 39.613098 ], [ -105.2468253, 39.612302199999981 ], [ -105.2468253, 39.6152986 ], [ -105.2446873, 39.6160875 ], [ -105.2507959, 39.616696500000025 ], [ -105.2517121, 39.619692799999974 ], [ -105.2525027, 39.6174923 ], [ -105.2531135, 39.6198727 ], [ -105.254209500000016, 39.618288100000029 ], [ -105.2547035, 39.6198727 ], [ -105.255494, 39.618897 ], [ -105.257632, 39.6198727 ], [ -105.2568954, 39.6210905 ], [ -105.2509755, 39.6198727 ], [ -105.2504904, 39.62091060000003 ], [ -105.2521972, 39.6210905 ], [ -105.2504904, 39.621886300000021 ], [ -105.2529877, 39.622924200000035 ], [ -105.2525027, 39.6212774 ], [ -105.253598599999989, 39.621706400000058 ], [ -105.2545149, 39.624086600000027 ], [ -105.261593600000012, 39.624086600000027 ], [ -105.2617822, 39.629884699999984 ], [ -105.2680076, 39.629884699999948 ], [ -105.2672081, 39.624086600000027 ], [ -105.269894, 39.624086600000062 ], [ -105.2697144, 39.630673399999978 ], [ -105.2730112, 39.6303067 ], [ -105.2741071, 39.63250680000003 ], [ -105.277404, 39.633731399999988 ], [ -105.2772243, 39.6420881 ], [ -105.2681872, 39.642088099999981 ], [ -105.2669026, 39.640932899999989 ], [ -105.2667859, 39.642088099999981 ], [ -105.258907600000015, 39.6420881 ], [ -105.2590963, 39.638491 ], [ -105.2551886, 39.638491 ] ] ], [ [ [ -105.2537872, 39.6331156 ], [ -105.2520715, 39.631898 ], [ -105.2537872, 39.631898 ], [ -105.2537872, 39.6331156 ] ] ] ] } },
{ "type": "Feature", "properties": { "state_po": "CO", "county_geoid": "08059", "pwsid": "CO0130075", "pws_name": "KEN CARYL WEST RANCH WD", "population_served_count": 140, "model_method": "", "verification_status": "", "symbology_field": "System Sourced", "intersection_area_sq_km": 5.1170263154292028 }, "geometry": { "type": "Polygon", "coordinates": [ [ [ -105.2133181, 39.595095900000054 ], [ -105.1925042, 39.580869499999977 ], [ -105.1901236, 39.574097899999984 ], [ -105.1923784, 39.571286600000029 ], [ -105.1943996, 39.558897600000051 ], [ -105.2089883, 39.5584751 ], [ -105.2108747, 39.561093 ], [ -105.2130127, 39.5662869 ], [ -105.2030055, 39.5661 ], [ -105.2033109, 39.573301599999972 ], [ -105.2127073, 39.573301599999972 ], [ -105.2131924, 39.587889600000018 ], [ -105.2177109, 39.587889600000061 ], [ -105.2189955, 39.59509590000004 ], [ -105.2133181, 39.595095900000054 ] ] ] } },
{ "type": "Feature", "properties": { "state_po": "CO", "county_geoid": "08059", "pwsid": "CO0130100", "pws_name": "MOUNTAIN WSD", "population_served_count": 1941, "model_method": "", "verification_status": "", "symbology_field": "System Sourced", "intersection_area_sq_km": 2.5289760922574973 }, "geometry": { "type": "Polygon", "coordinates": [ [ [ -105.3494219, 39.507323200000037 ], [ -105.3494219, 39.503725899999985 ], [ -105.344723699999989, 39.503725900000013 ], [ -105.3447866, 39.496274400000011 ], [ -105.3400884, 39.4954842 ], [ -105.3480205, 39.491089099999975 ], [ -105.3482092, 39.492676599999939 ], [ -105.3541291, 39.492676599999939 ], [ -105.356383799999989, 39.495914 ], [ -105.359006900000011, 39.495116799999984 ], [ -105.3605969, 39.4981045 ], [ -105.36199830000001, 39.497681599999986 ], [ -105.3615132, 39.502076300000034 ], [ -105.3627888, 39.494874199999977 ], [ -105.367496, 39.494326500000028 ], [ -105.3673073, 39.5020763 ], [ -105.3630942, 39.502928799999985 ], [ -105.3632829, 39.507080600000023 ], [ -105.3494219, 39.507323200000037 ] ] ] } },
{ "type": "Feature", "properties": { "state_po": "CO", "county_geoid": "08059", "pwsid": "CO0130116", "pws_name": "ALAMEDA WSD", "population_served_count": 2480, "model_method": "", "verification_status": "", "symbology_field": "System Sourced", "intersection_area_sq_km": 6.8411075387943239 }, "geometry": { "type": "MultiPolygon", "coordinates": [ [ [ [ -105.0720221, 39.669496500000029 ], [ -105.0811131, 39.670471400000025 ], [ -105.081176, 39.676514500000025 ], [ -105.0664077, 39.676880899999958 ], [ -105.0639014, 39.675111 ], [ -105.066219, 39.671695299999932 ], [ -105.0607932, 39.671508600000031 ], [ -105.0579186, 39.67352070000004 ], [ -105.053260838506262, 39.673102531303783 ], [ -105.053256110185416, 39.667906102674763 ], [ -105.071991543072002, 39.667906102289393 ], [ -105.0720221, 39.669496500000029 ] ] ], [ [ [ -105.072085, 39.6865252 ], [ -105.0673868, 39.6870714 ], [ -105.0668927, 39.689269599999953 ], [ -105.0579815, 39.689269599999953 ], [ -105.0579815, 39.68591 ], [ -105.0532833, 39.68591 ], [ -105.0532833, 39.682315100000018 ], [ -105.0690936, 39.682128399999961 ], [ -105.0690936, 39.6857302 ], [ -105.072085, 39.6865252 ] ] ], [ [ [ -105.0814814, 39.689269599999953 ], [ -105.0814185, 39.682128399999954 ], [ -105.0861796, 39.682128399999982 ], [ -105.0861796, 39.689269599999967 ], [ -105.0814814, 39.689269599999953 ] ] ], [ [ [ -105.0538941, 39.708498099999986 ], [ -105.0568855, 39.708498099999986 ], [ -105.0568226, 39.705685399999979 ], [ -105.0595086, 39.7048975 ], [ -105.0602991, 39.707095199999955 ], [ -105.0628054, 39.707095199999955 ], [ -105.0628054, 39.705505700000032 ], [ -105.0712855, 39.704282399999968 ], [ -105.0737918, 39.711117199999983 ], [ -105.0814814, 39.71130380000001 ], [ -105.0814814, 39.712527 ], [ -105.0803854, 39.7139298 ], [ -105.0745194, 39.714724400000037 ], [ -105.0756873, 39.718324500000016 ], [ -105.0703153, 39.718870400000029 ], [ -105.0703153, 39.722104099999974 ], [ -105.0532833, 39.724487800000041 ], [ -105.0538941, 39.708498099999986 ] ] ], [ [ [ -105.1048017, 39.712706599999976 ], [ -105.1049813, 39.712706599999976 ], [ -105.104918399999988, 39.713072899999936 ], [ -105.1048017, 39.712706599999976 ] ] ], [ [ [ -105.0922252, 39.711117199999983 ], [ -105.0999777, 39.7122782 ], [ -105.1000945, 39.71807579999998 ], [ -105.0910035, 39.718324500000016 ], [ -105.0922252, 39.711117199999983 ] ] ], [ [ [ -105.103696700000015, 39.719485399999947 ], [ -105.1016845, 39.7183245 ], [ -105.1035799, 39.718324500000016 ], [ -105.103696700000015, 39.719485399999947 ] ] ] ] } },
{ "type": "Feature", "properties": { "state_po": "CO", "county_geoid": "08059", "pwsid": "CO0130152", "pws_name": "BONVUE WATER AND SANITATION DISTRICT", "population_served_count": 350, "model_method": "", "verification_status": "", "symbology_field": "System Sourced", "intersection_area_sq_km": 0.33976256599439086 }, "geometry": { "type": "MultiPolygon", "coordinates": [ [ [ [ -105.1016845, 39.711483500000028 ], [ -105.1022954, 39.712893199999947 ], [ -105.1018103, 39.712893199999947 ], [ -105.1016845, 39.711483500000028 ] ] ], [ [ [ -105.1030859, 39.712706599999976 ], [ -105.1041908, 39.711483500000028 ], [ -105.1041279, 39.712893199999947 ], [ -105.1030859, 39.712706599999976 ] ] ], [ [ [ -105.1043076, 39.712706599999976 ], [ -105.1049813, 39.711483500000028 ], [ -105.104918399999988, 39.712893199999947 ], [ -105.1043076, 39.712706599999976 ] ] ], [ [ [ -105.1032116, 39.715512200000049 ], [ -105.1041908, 39.713072899999972 ], [ -105.1041908, 39.715512200000049 ], [ -105.1032116, 39.715512200000049 ] ] ], [ [ [ -105.1043076, 39.7133148 ], [ -105.1049813, 39.715512200000049 ], [ -105.1043076, 39.715512200000049 ], [ -105.1043076, 39.7133148 ] ] ], [ [ [ -105.1041279, 39.718324500000016 ], [ -105.1030859, 39.715878400000015 ], [ -105.1035799, 39.715698800000027 ], [ -105.1041279, 39.718324500000016 ] ] ], [ [ [ -105.1043076, 39.718324500000016 ], [ -105.1049813, 39.7156988 ], [ -105.1049813, 39.718324500000016 ], [ -105.1043076, 39.718324500000016 ] ] ], [ [ [ -105.1041908, 39.719485399999947 ], [ -105.103696700000015, 39.71850419999997 ], [ -105.1041908, 39.71850419999997 ], [ -105.1041908, 39.719485399999947 ] ] ], [ [ [ -105.1041908, 39.719727199999973 ], [ -105.1049813, 39.71850419999997 ], [ -105.1049813, 39.721496099999968 ], [ -105.1043076, 39.720888 ], [ -105.1030859, 39.720701499999961 ], [ -105.1041908, 39.719727199999973 ] ] ], [ [ [ -105.1041908, 39.7211299 ], [ -105.1030859, 39.7213164 ], [ -105.1030859, 39.720888 ], [ -105.1041908, 39.7211299 ] ] ], [ [ [ -105.0996094, 39.711912 ], [ -105.1000945, 39.711303800000039 ], [ -105.1000945, 39.711912 ], [ -105.0996094, 39.711912 ] ] ], [ [ [ -105.1015048, 39.7127066 ], [ -105.1002831, 39.711483500000028 ], [ -105.1015048, 39.711483500000028 ], [ -105.1015048, 39.7127066 ] ] ], [ [ [ -105.1015048, 39.715512200000049 ], [ -105.1002831, 39.713072899999972 ], [ -105.100894, 39.712893199999947 ], [ -105.1015048, 39.715512200000049 ] ] ], [ [ [ -105.1016845, 39.713072899999936 ], [ -105.1029062, 39.715512200000049 ], [ -105.1018103, 39.715512200000049 ], [ -105.1016845, 39.713072899999936 ] ] ], [ [ [ -105.0996094, 39.715090700000019 ], [ -105.1000945, 39.715512200000049 ], [ -105.0994836, 39.715512200000049 ], [ -105.0996094, 39.715090700000019 ] ] ], [ [ [ -105.1003999, 39.7156988 ], [ -105.1015048, 39.71807579999998 ], [ -105.1003999, 39.718324500000016 ], [ -105.1003999, 39.7156988 ] ] ], [ [ [ -105.1018103, 39.718324500000016 ], [ -105.1027804, 39.715698800000027 ], [ -105.1029062, 39.71832450000003 ], [ -105.1018103, 39.718324500000016 ] ] ], [ [ [ -105.101379099999988, 39.7199069 ], [ -105.1003999, 39.71850419999997 ], [ -105.1015048, 39.7186908 ], [ -105.101379099999988, 39.7199069 ] ] ], [ [ [ -105.1003999, 39.7219245 ], [ -105.1002831, 39.7199069 ], [ -105.1029062, 39.7199069 ], [ -105.1029062, 39.7207015 ], [ -105.1016845, 39.720888 ], [ -105.1003999, 39.7219245 ] ] ], [ [ [ -105.1016845, 39.720888 ], [ -105.1029062, 39.721316400000013 ], [ -105.1016845, 39.7216826 ], [ -105.1016845, 39.720888 ] ] ] ] } },
{ "type": "Feature", "properties": { "state_po": "CO", "county_geoid": "08059", "pwsid": "CO0130500", "pws_name": "MEADOWBROOK WD", "population_served_count": 3290, "model_method": "", "verification_status": "", "symbology_field": "System Sourced", "intersection_area_sq_km": 2.2736353439554824 }, "geometry": { "type": "Polygon", "coordinates": [ [ [ -105.0961958, 39.58050249999998 ], [ -105.0961958, 39.5770891 ], [ -105.0914886, 39.5770891 ], [ -105.0916773, 39.5661 ], [ -105.073306699999989, 39.5661 ], [ -105.0737918, 39.561889399999956 ], [ -105.082703099999989, 39.562069499999964 ], [ -105.0844099, 39.556522 ], [ -105.0872216, 39.554506499999988 ], [ -105.0920995, 39.554686600000011 ], [ -105.0920995, 39.562069499999964 ], [ -105.0969863, 39.561889399999956 ], [ -105.0960071, 39.573488600000012 ], [ -105.100705300000016, 39.573488600000026 ], [ -105.100705300000016, 39.580689400000026 ], [ -105.0961958, 39.58050249999998 ] ] ] } },
{ "type": "Feature", "properties": { "state_po": "CO", "county_geoid": "08059", "pwsid": "CO0130667", "pws_name": "RALSTON VALLEY WSD", "population_served_count": 1610, "model_method": "", "verification_status": "", "symbology_field": "System Sourced", "intersection_area_sq_km": 7.8360827778105344 }, "geometry": { "type": "MultiPolygon", "coordinates": [ [ [ [ -105.20111, 39.831483100000035 ], [ -105.1990978, 39.8306898 ], [ -105.20111, 39.8306898 ], [ -105.20111, 39.831483100000035 ] ] ], [ [ [ -105.1746816, 39.8438716 ], [ -105.1799906, 39.842526699999986 ], [ -105.1677825, 39.838684699999945 ], [ -105.1652852, 39.8372776 ], [ -105.165222300000011, 39.834290699999983 ], [ -105.1793798, 39.8344701 ], [ -105.179316899999989, 39.8306898 ], [ -105.1652852, 39.83068979999998 ], [ -105.1655278, 39.8270887 ], [ -105.1790205, 39.8276958 ], [ -105.1807901, 39.826109 ], [ -105.1837726, 39.827268 ], [ -105.193420500000016, 39.8270887 ], [ -105.1934833, 39.8339251 ], [ -105.1871951, 39.833925099999988 ], [ -105.1881114, 39.841671399999989 ], [ -105.184078, 39.841671399999989 ], [ -105.184078, 39.844726900000019 ], [ -105.176577, 39.8438716 ], [ -105.1766938, 39.846678700000012 ], [ -105.1746816, 39.846313200000026 ], [ -105.1746816, 39.8438716 ] ] ], [ [ [ -105.1935552, 39.841457600000048 ], [ -105.1935462, 39.840133200000011 ], [ -105.2029785, 39.840057400000028 ], [ -105.2029875, 39.841423100000043 ], [ -105.1935552, 39.841457600000048 ] ] ], [ [ [ -105.1652852, 39.8496719 ], [ -105.1745019, 39.8488788 ], [ -105.1774933, 39.8514995 ], [ -105.1666866, 39.850706399999964 ], [ -105.1652852, 39.8496719 ] ] ], [ [ [ -105.156984799999989, 39.8637051 ], [ -105.1583862, 39.857485399999959 ], [ -105.1650966, 39.857485399999952 ], [ -105.1652852, 39.8632845 ], [ -105.156984799999989, 39.8637051 ] ] ], [ [ [ -105.1889019, 39.856078599999989 ], [ -105.2028797, 39.856078599999989 ], [ -105.2028797, 39.860105699999984 ], [ -105.2219869, 39.861512400000038 ], [ -105.2221037, 39.864318799999978 ], [ -105.1995829, 39.862119200000038 ], [ -105.1889019, 39.856078599999989 ] ] ], [ [ [ -105.1884168, 39.872923399999969 ], [ -105.1843834, 39.873109499999984 ], [ -105.1843295, 39.870731 ], [ -105.1868268, 39.870731 ], [ -105.1884168, 39.872923399999969 ] ] ], [ [ [ -105.2031851, 39.870731 ], [ -105.2221037, 39.870482799999984 ], [ -105.222229399999989, 39.877928499999953 ], [ -105.2033109, 39.877928499999953 ], [ -105.2031851, 39.870731 ] ] ], [ [ [ -105.222229399999989, 39.8861109 ], [ -105.2374918, 39.885683500000027 ], [ -105.2391986, 39.8900742 ], [ -105.237914, 39.8912942 ], [ -105.2398095, 39.889529699999983 ], [ -105.240905399999988, 39.890501599999943 ], [ -105.2407257, 39.899716199999979 ], [ -105.231625799999989, 39.899716199999979 ], [ -105.2316887, 39.892272899999952 ], [ -105.222229399999989, 39.892272899999966 ], [ -105.222229399999989, 39.8861109 ] ] ] ] } },
{ "type": "Feature", "properties": { "state_po": "CO", "county_geoid": "08059", "pwsid": "CO0110026", "pws_name": "LOOKOUT MOUNTAIN WD", "population_served_count": 1378, "model_method": null, "verification_status": null, "symbology_field": "System Sourced", "intersection_area_sq_km": 8.4815792965853536 }, "geometry": { "type": "MultiPolygon", "coordinates": [ [ [ [ -105.3400349, 39.699567299999963 ], [ -105.3389232, 39.702979499999955 ], [ -105.3347201, 39.701240099999985 ], [ -105.3359728, 39.698650100000016 ], [ -105.3409683, 39.6969674 ], [ -105.3422404, 39.698669499999987 ], [ -105.3400349, 39.699567299999963 ] ] ], [ [ [ -105.3471611, 39.700803299999947 ], [ -105.3463401, 39.699060899999964 ], [ -105.3487309, 39.6983887 ], [ -105.3495519, 39.700131099999972 ], [ -105.3471611, 39.700803299999947 ] ] ], [ [ [ -105.325066, 39.703218300000039 ], [ -105.3243363, 39.70133550000002 ], [ -105.3266359, 39.700803700000037 ], [ -105.327457, 39.7025461 ], [ -105.325066, 39.703218300000039 ] ] ], [ [ [ -105.33144, 39.7036933 ], [ -105.329355, 39.7008585 ], [ -105.330898, 39.699438099999973 ], [ -105.333971, 39.7024074 ], [ -105.33144, 39.7036933 ] ] ], [ [ [ -105.3166758, 39.710987699999947 ], [ -105.312478900000016, 39.7125523 ], [ -105.3115414, 39.711110399999967 ], [ -105.315356600000015, 39.7094385 ], [ -105.3166758, 39.710987699999947 ] ] ], [ [ [ -105.3191293, 39.7125209 ], [ -105.3183082, 39.710778500000039 ], [ -105.3206994, 39.7101063 ], [ -105.3215206, 39.711848699999983 ], [ -105.3191293, 39.7125209 ] ] ], [ [ [ -105.383557, 39.708716299999985 ], [ -105.3827359, 39.706973900000015 ], [ -105.385127, 39.7063017 ], [ -105.3859481, 39.7080441 ], [ -105.383557, 39.708716299999985 ] ] ], [ [ [ -105.3949809, 39.7150923 ], [ -105.3872737, 39.7114261 ], [ -105.386608700000011, 39.7080051 ], [ -105.3908852, 39.708446300000041 ], [ -105.3914928, 39.711060100000033 ], [ -105.3970384, 39.712957900000021 ], [ -105.3971692, 39.714691799999969 ], [ -105.3949809, 39.7150923 ] ] ], [ [ [ -105.277659, 39.7112133 ], [ -105.2768379, 39.709470900000042 ], [ -105.279229, 39.70879869999996 ], [ -105.2799589, 39.710681500000021 ], [ -105.277659, 39.7112133 ] ] ], [ [ [ -105.2838309, 39.7116833 ], [ -105.2830099, 39.709940899999985 ], [ -105.285401, 39.70926870000001 ], [ -105.2862222, 39.711011100000036 ], [ -105.2838309, 39.7116833 ] ] ], [ [ [ -105.2409789, 39.714869299999954 ], [ -105.2402491, 39.7129865 ], [ -105.2425491, 39.7124547 ], [ -105.2433702, 39.71419709999995 ], [ -105.2409789, 39.714869299999954 ] ] ], [ [ [ -105.2744587, 39.7163967 ], [ -105.2719562, 39.7157015 ], [ -105.2673887, 39.7177755 ], [ -105.2664324, 39.714951100000029 ], [ -105.2627309, 39.713533100000035 ], [ -105.260376, 39.716140599999939 ], [ -105.264256300000014, 39.717665899999979 ], [ -105.2646219, 39.719636499999957 ], [ -105.262946, 39.7206 ], [ -105.2595097, 39.71991969999997 ], [ -105.2564405, 39.7169379 ], [ -105.2584605, 39.7201074 ], [ -105.2571015, 39.72150280000001 ], [ -105.261255, 39.721877500000026 ], [ -105.2595284, 39.727006299999957 ], [ -105.2618892, 39.728767499999968 ], [ -105.2609983, 39.7303623 ], [ -105.2526563, 39.730096899999978 ], [ -105.2528084, 39.725889799999969 ], [ -105.2499837, 39.726198099999984 ], [ -105.250282, 39.724149699999984 ], [ -105.2489115, 39.722544199999938 ], [ -105.246271299999989, 39.728986500000047 ], [ -105.2426355, 39.7297122 ], [ -105.2419265, 39.731605700000024 ], [ -105.2368004, 39.729017500000033 ], [ -105.236186300000014, 39.731035299999981 ], [ -105.2316254, 39.731089099999963 ], [ -105.2372586, 39.7257019 ], [ -105.2312735, 39.72510710000001 ], [ -105.2340019, 39.7227266 ], [ -105.2324135, 39.718036899999966 ], [ -105.2351151, 39.717815699999989 ], [ -105.2384827, 39.7203254 ], [ -105.2369396, 39.716334400000022 ], [ -105.2384829, 39.715071099999967 ], [ -105.240863, 39.717303399999977 ], [ -105.243394, 39.715591 ], [ -105.2454067, 39.717457699999976 ], [ -105.2468396, 39.717305199999949 ], [ -105.2458692, 39.71428080000004 ], [ -105.2385238, 39.708440500000023 ], [ -105.2398666, 39.707047400000015 ], [ -105.2420044, 39.708205599999985 ], [ -105.2435144, 39.707444099999982 ], [ -105.2448, 39.7035317 ], [ -105.250326199999989, 39.7038535 ], [ -105.2536865, 39.706314399999975 ], [ -105.2570811, 39.705808300000029 ], [ -105.258297200000015, 39.70767649999997 ], [ -105.2567651, 39.711004399999972 ], [ -105.2601076, 39.7122582 ], [ -105.2628219, 39.706936099999979 ], [ -105.2658815, 39.711097299999956 ], [ -105.268977, 39.71128370000001 ], [ -105.270474600000014, 39.71304720000002 ], [ -105.2714227, 39.7107859 ], [ -105.27348, 39.710505700000063 ], [ -105.2733313, 39.71296980000001 ], [ -105.2771427, 39.715033400000024 ], [ -105.2744587, 39.7163967 ] ], [ [ -105.2564979, 39.71118560000005 ], [ -105.2553361, 39.71266450000001 ], [ -105.2558047, 39.7132334 ], [ -105.2564979, 39.71118560000005 ] ], [ [ -105.2474665, 39.7175631 ], [ -105.247505, 39.717529 ], [ -105.2473565, 39.7174998 ], [ -105.2474665, 39.7175631 ] ], [ [ -105.240504, 39.719273800000011 ], [ -105.2406255, 39.719293099999987 ], [ -105.2406301, 39.7192013 ], [ -105.240504, 39.719273800000011 ] ], [ [ -105.2473686, 39.722138 ], [ -105.247488499999989, 39.722127100000016 ], [ -105.2474084, 39.7220534 ], [ -105.2473686, 39.722138 ] ], [ [ -105.2458934, 39.722996099999975 ], [ -105.242025, 39.72431 ], [ -105.2392019, 39.722955 ], [ -105.2367994, 39.7231372 ], [ -105.2414926, 39.725942 ], [ -105.2451534, 39.724812100000015 ], [ -105.2458934, 39.722996099999975 ] ], [ [ -105.2536708, 39.7235586 ], [ -105.2533731, 39.7237442 ], [ -105.2533041, 39.7238907 ], [ -105.2536708, 39.7235586 ] ], [ [ -105.238001, 39.725815699999977 ], [ -105.2380059, 39.7257831 ], [ -105.2379154, 39.725787099999977 ], [ -105.238001, 39.725815699999977 ] ] ], [ [ [ -105.2958175, 39.720102600000011 ], [ -105.2905096, 39.7137798 ], [ -105.2882471, 39.713235500000025 ], [ -105.2889769, 39.711352700000013 ], [ -105.2911651, 39.711753200000039 ], [ -105.2910733, 39.713451200000023 ], [ -105.2987422, 39.712504300000042 ], [ -105.298524199999989, 39.7155073 ], [ -105.3040145, 39.717667899999945 ], [ -105.3045519, 39.720048500000019 ], [ -105.2990066, 39.721608500000031 ], [ -105.2981396, 39.718073500000024 ], [ -105.2958175, 39.720102600000011 ] ], [ [ -105.2970846, 39.716888299999979 ], [ -105.2954021, 39.715449900000046 ], [ -105.2952275, 39.716581500000011 ], [ -105.2970846, 39.716888299999979 ] ] ], [ [ [ -105.2473117, 39.731864300000012 ], [ -105.2466935, 39.729850200000037 ], [ -105.2500935, 39.7288513 ], [ -105.2505355, 39.730786699999982 ], [ -105.2473117, 39.731864300000012 ] ] ], [ [ [ -105.2377217, 39.7344308 ], [ -105.2354623, 39.7327097 ], [ -105.236782, 39.731160500000023 ], [ -105.2400982, 39.732742399999957 ], [ -105.2377217, 39.7344308 ] ] ] ] } },
{ "type": "Feature", "properties": { "state_po": "CO", "county_geoid": "08065", "pwsid": "CO0133100", "pws_name": "LAKE FORK MHP", "population_served_count": 487, "model_method": "Random Forest", "verification_status": "", "symbology_field": "Modeled", "intersection_area_sq_km": 0.2296897965275686 }, "geometry": { "type": "MultiPolygon", "coordinates": [ [ [ [ -106.3454574, 39.204944299999944 ], [ -106.344848399999989, 39.205527300000014 ], [ -106.344696399999989, 39.205011299999967 ], [ -106.3454574, 39.204944299999944 ] ] ], [ [ [ -106.3561174, 39.222565299999928 ], [ -106.3501424, 39.220614299999987 ], [ -106.3496924, 39.218672300000044 ], [ -106.352610399999989, 39.216326300000013 ], [ -106.3561174, 39.222565299999928 ] ] ] ] } },
{ "type": "Feature", "properties": { "state_po": "CO", "county_geoid": "08065", "pwsid": "CO0133150", "pws_name": "MOUNTAIN VIEW VILLAGE WEST", "population_served_count": 440, "model_method": "Random Forest", "verification_status": "", "symbology_field": "Modeled", "intersection_area_sq_km": 1.0764869814115716 }, "geometry": { "type": "Polygon", "coordinates": [ [ [ -106.3404434, 39.273296299999963 ], [ -106.3406824, 39.275286300000012 ], [ -106.3380844, 39.277363299999976 ], [ -106.3275104, 39.276366299999978 ], [ -106.323206399999989, 39.278201299999957 ], [ -106.3216014, 39.275813299999939 ], [ -106.3169434, 39.2742293 ], [ -106.3196664, 39.2720473 ], [ -106.3248594, 39.271904299999967 ], [ -106.3249214, 39.270378300000026 ], [ -106.3404434, 39.273296299999963 ] ] ] } },
{ "type": "Feature", "properties": { "state_po": "CO", "county_geoid": "08065", "pwsid": "CO0133500", "pws_name": "MT ELBERT WA", "population_served_count": 170, "model_method": "Random Forest", "verification_status": "", "symbology_field": "Modeled", "intersection_area_sq_km": 0.56326797355452107 }, "geometry": { "type": "Polygon", "coordinates": [ [ [ -106.3488203, 39.107134199999948 ], [ -106.3486823, 39.1081582 ], [ -106.3395323, 39.108203200000013 ], [ -106.3395013, 39.114408200000014 ], [ -106.334888299999989, 39.114423200000019 ], [ -106.3349123, 39.111449199999974 ], [ -106.3309973, 39.1115012 ], [ -106.3296683, 39.1128542 ], [ -106.3302873, 39.107832199999947 ], [ -106.3488203, 39.107134199999948 ] ] ] } },
{ "type": "Feature", "properties": { "state_po": "CO", "county_geoid": "08065", "pwsid": "CO0133600", "pws_name": "MOUNTAIN VIEW VILLAGE EAST", "population_served_count": 226, "model_method": "Random Forest", "verification_status": "", "symbology_field": "Modeled", "intersection_area_sq_km": 13.767052707171489 }, "geometry": { "type": "MultiPolygon", "coordinates": [ [ [ [ -106.3963934, 39.245609299999948 ], [ -106.4242594, 39.260197299999945 ], [ -106.4473924, 39.261663299999988 ], [ -106.4425424, 39.271988299999983 ], [ -106.436690399999989, 39.276075300000024 ], [ -106.4274154, 39.271152300000011 ], [ -106.4169864, 39.268442299999947 ], [ -106.4092174, 39.268618300000014 ], [ -106.4056474, 39.267119299999969 ], [ -106.3944874, 39.2663363 ], [ -106.383787399999989, 39.26705029999998 ], [ -106.378513399999989, 39.265788300000033 ], [ -106.3729794, 39.2584623 ], [ -106.3741024, 39.251097299999948 ], [ -106.3763814, 39.250426299999965 ], [ -106.3764884, 39.253341299999967 ], [ -106.380607399999988, 39.254967300000025 ], [ -106.3797224, 39.2581013 ], [ -106.3894054, 39.2582893 ], [ -106.3988584, 39.2536473 ], [ -106.3983354, 39.247050300000019 ], [ -106.3963934, 39.245609299999948 ] ] ], [ [ [ -106.339633400000011, 39.260314300000068 ], [ -106.3327234, 39.263011299999974 ], [ -106.3283974, 39.266971299999987 ], [ -106.317831399999989, 39.2699823 ], [ -106.3249214, 39.270378300000026 ], [ -106.317883400000014, 39.2726343 ], [ -106.3169434, 39.2742293 ], [ -106.3216014, 39.275813299999939 ], [ -106.3230954, 39.277840300000015 ], [ -106.3285834, 39.298059300000034 ], [ -106.3266394, 39.301546299999963 ], [ -106.3295684, 39.311228299999989 ], [ -106.3266004, 39.314039299999969 ], [ -106.3245684, 39.310217300000019 ], [ -106.3258064, 39.29983229999997 ], [ -106.3201754, 39.284682299999986 ], [ -106.3099464, 39.2752843 ], [ -106.3111994, 39.272851300000021 ], [ -106.3009384, 39.272863299999969 ], [ -106.2952964, 39.267532300000042 ], [ -106.2977474, 39.2641593 ], [ -106.3138284, 39.262480299999972 ], [ -106.3211884, 39.258530299999983 ], [ -106.3379634, 39.257564300000027 ], [ -106.339968399999989, 39.258430299999986 ], [ -106.339633400000011, 39.260314300000068 ] ], [ [ -106.3237964, 39.2598103 ], [ -106.3219394, 39.259836299999947 ], [ -106.321647399999989, 39.261433300000014 ], [ -106.3237024, 39.2610383 ], [ -106.3237964, 39.2598103 ] ], [ [ -106.3142424, 39.264449299999988 ], [ -106.3121904, 39.264102299999983 ], [ -106.311645399999989, 39.265300299999971 ], [ -106.3141484, 39.265974300000018 ], [ -106.3142424, 39.264449299999988 ] ] ] ] } },
{ "type": "Feature", "properties": { "state_po": "CO", "county_geoid": "08055", "pwsid": "CO0128300", "pws_name": "GARDNER WATER AND SANITATION DIST", "population_served_count": 400, "model_method": "Random Forest", "verification_status": "", "symbology_field": "Modeled", "intersection_area_sq_km": 0.043561895653619044 }, "geometry": { "type": "MultiPolygon", "coordinates": [ [ [ [ -105.1688399, 37.7832901 ], [ -105.1659359, 37.782732100000025 ], [ -105.1689729, 37.782222100000013 ], [ -105.1688399, 37.7832901 ] ] ], [ [ [ -105.1658879, 37.783301099999981 ], [ -105.1638009, 37.7838841 ], [ -105.1637529, 37.7833751 ], [ -105.1658879, 37.783301099999981 ] ] ], [ [ [ -105.1608099, 37.7877141 ], [ -105.1597469, 37.7867181 ], [ -105.1605279, 37.7866181 ], [ -105.1608099, 37.7877141 ] ] ] ] } },
{ "type": "Feature", "properties": { "state_po": "CO", "county_geoid": "08055", "pwsid": "CO0128100", "pws_name": "CUCHARAS SANITATION AND WATER DISTRICT", "population_served_count": 343, "model_method": "Random Forest", "verification_status": "", "symbology_field": "Modeled", "intersection_area_sq_km": 0.72614957472712061 }, "geometry": { "type": "MultiPolygon", "coordinates": [ [ [ [ -105.106342900000016, 37.353719100000056 ], [ -105.1059599, 37.3590801 ], [ -105.102792900000011, 37.352551099999985 ], [ -105.1032039, 37.355395100000024 ], [ -105.101361900000015, 37.354995099999954 ], [ -105.0993209, 37.349024100000065 ], [ -105.1007859, 37.347734100000025 ], [ -105.106342900000016, 37.353719100000056 ] ] ], [ [ [ -105.1226039, 37.350702100000014 ], [ -105.1222559, 37.3537561 ], [ -105.1202299, 37.355131099999966 ], [ -105.1115239, 37.3525361 ], [ -105.1186929, 37.349635099999951 ], [ -105.1226039, 37.350702100000014 ] ] ] ] } },
{ "type": "Feature", "properties": { "state_po": "CO", "county_geoid": "08055", "pwsid": "CO0128500", "pws_name": "LA VETA TOWN OF", "population_served_count": 850, "model_method": "Random Forest", "verification_status": "", "symbology_field": "Modeled", "intersection_area_sq_km": 2.3374767352753207 }, "geometry": { "type": "Polygon", "coordinates": [ [ [ -105.0162419, 37.499583100000031 ], [ -105.0139659, 37.504782099999943 ], [ -105.0160009, 37.505028099999954 ], [ -105.0160849, 37.513055099999967 ], [ -105.0124759, 37.512970100000025 ], [ -105.011809899999989, 37.515862099999985 ], [ -105.0091349, 37.51785110000003 ], [ -105.0090009, 37.516628100000013 ], [ -105.0007769, 37.516632099999988 ], [ -105.0007769, 37.512306099999975 ], [ -105.0068019, 37.5106721 ], [ -104.997727900000015, 37.5107411 ], [ -104.9979099, 37.503066099999977 ], [ -105.0065939, 37.50299109999996 ], [ -105.006777899999989, 37.499718099999988 ], [ -105.0162419, 37.499583100000031 ] ] ] } },
{ "type": "Feature", "properties": { "state_po": "CO", "county_geoid": "08055", "pwsid": "CO0128600", "pws_name": "NAVAJO WESTERN WD RESORTS", "population_served_count": 341, "model_method": "Random Forest", "verification_status": "", "symbology_field": "Modeled", "intersection_area_sq_km": 1.4175204842593365 }, "geometry": { "type": "MultiPolygon", "coordinates": [ [ [ [ -104.9373849, 37.5708271 ], [ -104.9386759, 37.583611099999978 ], [ -104.9338749, 37.583573100000017 ], [ -104.9341469, 37.5723801 ], [ -104.9373849, 37.5708271 ] ] ], [ [ [ -104.9809309, 37.5930591 ], [ -104.9740729, 37.59379210000003 ], [ -104.9659699, 37.59275309999996 ], [ -104.9765139, 37.5875621 ], [ -104.9785319, 37.587606099999988 ], [ -104.9770899, 37.5908911 ], [ -104.9806359, 37.5908201 ], [ -104.9809309, 37.5930591 ] ] ], [ [ [ -104.9582569, 37.602707099999982 ], [ -104.9496439, 37.603531100000026 ], [ -104.9478599, 37.603161099999959 ], [ -104.9477859, 37.6011781 ], [ -104.9549579, 37.599231100000026 ], [ -104.958344900000014, 37.6007151 ], [ -104.9582569, 37.602707099999982 ] ] ] ] } },
{ "type": "Feature", "properties": { "state_po": "CO", "county_geoid": "08055", "pwsid": "CO0128800", "pws_name": "SPANISH PEAKS VILLAGE TRACT II WA", "population_served_count": 138, "model_method": "Random Forest", "verification_status": "", "symbology_field": "Modeled", "intersection_area_sq_km": 0.1443429125685253 }, "geometry": { "type": "MultiPolygon", "coordinates": [ [ [ [ -104.8633608, 37.5959321 ], [ -104.8621378, 37.600670100000016 ], [ -104.859458800000013, 37.6006601 ], [ -104.8592618, 37.597783099999958 ], [ -104.8633608, 37.5959321 ] ] ], [ [ [ -104.8632918, 37.601150099999977 ], [ -104.8618938, 37.602134099999979 ], [ -104.8620438, 37.600946100000051 ], [ -104.8632918, 37.601150099999977 ] ] ] ] } },
{ "type": "Feature", "properties": { "state_po": "CO", "county_geoid": "08055", "pwsid": "CO0128900", "pws_name": "WALSENBURG CITY OF", "population_served_count": 3230, "model_method": "Random Forest", "verification_status": "", "symbology_field": "Modeled", "intersection_area_sq_km": 4.9035873833360926 }, "geometry": { "type": "Polygon", "coordinates": [ [ [ -104.7964668, 37.617099099999976 ], [ -104.7911508, 37.623594099999984 ], [ -104.7965768, 37.624410099999984 ], [ -104.7954108, 37.634779100000024 ], [ -104.7895118, 37.636202100000027 ], [ -104.789791799999989, 37.642033100000013 ], [ -104.7847098, 37.640352099999973 ], [ -104.781641799999989, 37.6417591 ], [ -104.7823248, 37.6382701 ], [ -104.7844138, 37.636995099999986 ], [ -104.7811108, 37.6329601 ], [ -104.7782668, 37.634694100000019 ], [ -104.7704138, 37.6347231 ], [ -104.7660878, 37.627915099999989 ], [ -104.7675218, 37.6262191 ], [ -104.7707138, 37.62597310000001 ], [ -104.7733908, 37.622744099999977 ], [ -104.7687808, 37.621768099999962 ], [ -104.7688418, 37.618466099999985 ], [ -104.7656738, 37.618384099999965 ], [ -104.7751738, 37.6178141 ], [ -104.7748288, 37.6165181 ], [ -104.7769178, 37.617612099999981 ], [ -104.7856088, 37.61655710000003 ], [ -104.7872618, 37.6177211 ], [ -104.7949038, 37.6148461 ], [ -104.7964668, 37.617099099999976 ] ] ] } },
{ "type": "Feature", "properties": { "state_po": "CO", "county_geoid": "08055", "pwsid": "CO0128400", "pws_name": "HUAJATOLLA VALLEY ESTATES INC", "population_served_count": 132, "model_method": null, "verification_status": null, "symbology_field": "System Sourced", "intersection_area_sq_km": 1.5449430993875624 }, "geometry": { "type": "MultiPolygon", "coordinates": [ [ [ [ -104.994762600000016, 37.502284699999976 ], [ -104.9981091, 37.503503700000017 ], [ -104.9978785, 37.505632099999964 ], [ -104.9949269, 37.507339699999974 ], [ -104.9912084, 37.506104699999923 ], [ -104.9895255, 37.507106299999982 ], [ -104.9898569, 37.510566200000035 ], [ -104.985447, 37.514729899999963 ], [ -104.9798413, 37.514645499999972 ], [ -104.9784917, 37.5087249 ], [ -104.988140699999988, 37.506479300000045 ], [ -104.987981300000015, 37.4999136 ], [ -104.9920566, 37.498554099999986 ], [ -104.9976836, 37.500279399999961 ], [ -104.9975401, 37.502242199999984 ], [ -104.994762600000016, 37.502284699999976 ] ], [ [ -104.9872243, 37.508986299999975 ], [ -104.9869136, 37.50894539999998 ], [ -104.9869937, 37.509171200000011 ], [ -104.9872243, 37.508986299999975 ] ], [ [ -104.9867516, 37.510582599999985 ], [ -104.986415799999989, 37.510449300000019 ], [ -104.986221, 37.51056 ], [ -104.9867516, 37.510582599999985 ] ], [ [ -104.984934, 37.510729099999928 ], [ -104.9843701, 37.510917800000051 ], [ -104.9855042, 37.5107572 ], [ -104.984934, 37.510729099999928 ] ] ], [ [ [ -104.984148, 37.519542199999961 ], [ -104.982674, 37.517965100000019 ], [ -104.984542, 37.516857399999964 ], [ -104.986016, 37.518434499999977 ], [ -104.984148, 37.519542199999961 ] ] ] ] } },
{ "type": "Feature", "properties": { "state_po": "CO", "county_geoid": "08033", "pwsid": "CO0117300", "pws_name": "DOVE CREEK TOWN OF", "population_served_count": 850, "model_method": "Random Forest", "verification_status": "", "symbology_field": "Modeled", "intersection_area_sq_km": 1.560125899603082 }, "geometry": { "type": "Polygon", "coordinates": [ [ [ -108.9086428, 37.761520900000022 ], [ -108.9119208, 37.7618459 ], [ -108.9119258, 37.7650609 ], [ -108.9165118, 37.765047900000035 ], [ -108.916812799999988, 37.772266900000027 ], [ -108.9131918, 37.772319899999978 ], [ -108.913198799999989, 37.768782900000019 ], [ -108.9085788, 37.768567899999987 ], [ -108.9085888, 37.7723449 ], [ -108.9038888, 37.772336899999964 ], [ -108.9038888, 37.774415899999987 ], [ -108.9021128, 37.7744019 ], [ -108.9021428, 37.772675900000024 ], [ -108.8995228, 37.772664899999981 ], [ -108.8997128, 37.7606619 ], [ -108.9073448, 37.761756900000016 ], [ -108.908630800000012, 37.76007289999994 ], [ -108.9086428, 37.761520900000022 ] ] ] } },
{ "type": "Feature", "properties": { "state_po": "CO", "county_geoid": "08033", "pwsid": "CO0117700", "pws_name": "RICO TOWN OF", "population_served_count": 437, "model_method": null, "verification_status": null, "symbology_field": "System Sourced", "intersection_area_sq_km": 1.3699655829195012 }, "geometry": { "type": "MultiPolygon", "coordinates": [ [ [ [ -108.0329625, 37.699280300000019 ], [ -108.0249771, 37.696124399999974 ], [ -108.0306396, 37.6834817 ], [ -108.033291, 37.682425499999987 ], [ -108.0349886, 37.683855599999958 ], [ -108.0331283, 37.687624 ], [ -108.0360124, 37.6877624 ], [ -108.037279, 37.6893688 ], [ -108.0363075, 37.691225099999969 ], [ -108.0339063, 37.690961699999981 ], [ -108.0359629, 37.696406600000017 ], [ -108.0329625, 37.699280300000019 ] ] ], [ [ [ -108.0338874, 37.7004536 ], [ -108.030288399999989, 37.704808200000031 ], [ -108.0279271, 37.703399099999984 ], [ -108.0297869, 37.700202300000015 ], [ -108.0338874, 37.7004536 ] ] ] ] } },
{ "type": "Feature", "properties": { "state_po": "CO", "county_geoid": "08077", "pwsid": "CO0139185", "pws_name": "COLLBRAN TOWN OF", "population_served_count": 678, "model_method": "Random Forest", "verification_status": "", "symbology_field": "Modeled", "intersection_area_sq_km": 0.93475853573683565 }, "geometry": { "type": "Polygon", "coordinates": [ [ [ -107.997586700000014, 39.232636100000029 ], [ -107.9962727, 39.2353411 ], [ -107.993960699999988, 39.233836099999984 ], [ -107.9883997, 39.236765099999971 ], [ -107.9835637, 39.237048099999981 ], [ -107.9835687, 39.238001099999977 ], [ -107.978363699999989, 39.2376641 ], [ -107.9783447, 39.240573099999985 ], [ -107.9668937, 39.2407761 ], [ -107.9646087, 39.2426011 ], [ -107.9625157, 39.241010099999983 ], [ -107.9563207, 39.2409401 ], [ -107.9553497, 39.239603100000011 ], [ -107.949412700000011, 39.2410591 ], [ -107.9494707, 39.237431100000016 ], [ -107.9563747, 39.237281099999983 ], [ -107.9547937, 39.236490100000019 ], [ -107.9563867, 39.236713099999967 ], [ -107.9567537, 39.234731100000062 ], [ -107.9601447, 39.235662099999956 ], [ -107.9623337, 39.238735100000014 ], [ -107.9651977, 39.238919100000025 ], [ -107.9814607, 39.2369451 ], [ -107.9881697, 39.236694100000022 ], [ -107.9945927, 39.233439099999963 ], [ -107.997586700000014, 39.232636100000029 ] ] ] } },
{ "type": "Feature", "properties": { "state_po": "CO", "county_geoid": "08077", "pwsid": "CO0139205", "pws_name": "DEBEQUE TOWN OF", "population_served_count": 911, "model_method": "Random Forest", "verification_status": "", "symbology_field": "Modeled", "intersection_area_sq_km": 0.69778485047100947 }, "geometry": { "type": "Polygon", "coordinates": [ [ [ -108.2162848, 39.3293081 ], [ -108.2174998, 39.332389100000022 ], [ -108.2197698, 39.332379100000011 ], [ -108.2207048, 39.338154100000025 ], [ -108.2125248, 39.337762099999985 ], [ -108.2091228, 39.332827099999982 ], [ -108.208210799999989, 39.33490210000005 ], [ -108.2052758, 39.334943099999947 ], [ -108.2052758, 39.3331831 ], [ -108.208869799999988, 39.33180609999998 ], [ -108.2162848, 39.3293081 ] ] ] } },
{ "type": "Feature", "properties": { "state_po": "CO", "county_geoid": "08077", "pwsid": "CO0139434", "pws_name": "KANNAH CREEK", "population_served_count": 435, "model_method": "Random Forest", "verification_status": "", "symbology_field": "Modeled", "intersection_area_sq_km": 0.22651816807414044 }, "geometry": { "type": "Polygon", "coordinates": [ [ [ -108.424868800000013, 38.996294099999972 ], [ -108.4248518, 39.001491099999981 ], [ -108.4203178, 39.001491099999981 ], [ -108.4203398, 38.996334099999956 ], [ -108.424868800000013, 38.996294099999972 ] ] ] } },
{ "type": "Feature", "properties": { "state_po": "CO", "county_geoid": "08077", "pwsid": "CO0139760", "pws_name": "TWIN RIVERS MHP, LLC", "population_served_count": 67, "model_method": "OSM", "verification_status": "", "symbology_field": "Modeled", "intersection_area_sq_km": 0.017971780691575671 }, "geometry": { "type": "Polygon", "coordinates": [ [ [ -108.5258774, 39.077264899999953 ], [ -108.5250624, 39.075326 ], [ -108.5261891, 39.075327200000018 ], [ -108.5258774, 39.077264899999953 ] ] ] } },
{ "type": "Feature", "properties": { "state_po": "CO", "county_geoid": "08077", "pwsid": "CO0139505", "pws_name": "MESA WSD", "population_served_count": 330, "model_method": "", "verification_status": "", "symbology_field": "System Sourced", "intersection_area_sq_km": 1.9029455219408762 }, "geometry": { "type": "MultiPolygon", "coordinates": [ [ [ [ -108.1202829, 39.165797799999964 ], [ -108.1228254, 39.154945 ], [ -108.1259474, 39.154931899999966 ], [ -108.1270905, 39.156617300000057 ], [ -108.1270139, 39.158641199999963 ], [ -108.124772, 39.158593399999972 ], [ -108.1247506, 39.1622231 ], [ -108.1271327, 39.162285100000055 ], [ -108.1271124, 39.165972899999957 ], [ -108.1202829, 39.165797799999964 ] ] ], [ [ [ -108.1376791, 39.17356060000003 ], [ -108.1370064, 39.17466210000007 ], [ -108.1341454, 39.174560399999947 ], [ -108.1356371, 39.173501399999964 ], [ -108.129492899999988, 39.173358600000036 ], [ -108.1314687, 39.16608010000003 ], [ -108.1365256, 39.164361100000058 ], [ -108.1365483, 39.1625319 ], [ -108.1340054, 39.162486199999989 ], [ -108.1340724, 39.1551584 ], [ -108.1387046, 39.155331399999959 ], [ -108.1385982, 39.158890400000026 ], [ -108.1434249, 39.158864200000039 ], [ -108.1434418, 39.160716799999967 ], [ -108.1412307, 39.160677699999987 ], [ -108.141095600000014, 39.1662438 ], [ -108.1396268, 39.166259200000013 ], [ -108.1386809, 39.179105699999987 ], [ -108.1376791, 39.17356060000003 ] ] ] ] } },
{ "type": "Feature", "properties": { "state_po": "CO", "county_geoid": "08077", "pwsid": "CO0139600", "pws_name": "PALISADE TOWN OF", "population_served_count": 3060, "model_method": null, "verification_status": null, "symbology_field": "System Sourced", "intersection_area_sq_km": 10.611935263853645 }, "geometry": { "type": "MultiPolygon", "coordinates": [ [ [ [ -108.3563717, 39.117293100000012 ], [ -108.3528444, 39.114737300000044 ], [ -108.347661, 39.1173593 ], [ -108.3374399, 39.117751899999973 ], [ -108.3363708, 39.120012799999969 ], [ -108.3337982, 39.1191171 ], [ -108.333584699999989, 39.117482399999972 ], [ -108.3288161, 39.117741199999969 ], [ -108.324162300000012, 39.121531100000027 ], [ -108.3213943, 39.121372 ], [ -108.3233007, 39.124978099999986 ], [ -108.3219608, 39.127061899999966 ], [ -108.3244793, 39.128506 ], [ -108.3229794, 39.133664900000028 ], [ -108.320994399999989, 39.134127700000015 ], [ -108.319916, 39.1325031 ], [ -108.3148203, 39.13099880000005 ], [ -108.3156727, 39.128807100000031 ], [ -108.3183061, 39.12836549999998 ], [ -108.314129799999989, 39.1268114 ], [ -108.317437399999989, 39.1249672 ], [ -108.318151199999988, 39.119679200000022 ], [ -108.320943899999989, 39.117049700000017 ], [ -108.323264, 39.118209799999981 ], [ -108.3254667, 39.117516799999983 ], [ -108.3243484, 39.113587400000021 ], [ -108.3202484, 39.11453759999997 ], [ -108.3178926, 39.112292600000046 ], [ -108.3216855, 39.107734500000049 ], [ -108.3255759, 39.107848499999982 ], [ -108.3275579, 39.103223100000015 ], [ -108.3252192, 39.103972400000025 ], [ -108.3241511, 39.1023152 ], [ -108.327132400000011, 39.10183 ], [ -108.3274639, 39.098877 ], [ -108.3301921, 39.096403900000027 ], [ -108.3322315, 39.0966841 ], [ -108.332728, 39.098737900000032 ], [ -108.337216399999988, 39.0988672 ], [ -108.3373702, 39.1011011 ], [ -108.3404435, 39.099996599999976 ], [ -108.340852, 39.101959799999975 ], [ -108.3465448, 39.100386799999931 ], [ -108.349106299999988, 39.1053761 ], [ -108.349880399999989, 39.101338 ], [ -108.3573823, 39.098863399999978 ], [ -108.3618545, 39.102277 ], [ -108.3678753, 39.101795400000015 ], [ -108.3717219, 39.103946500000021 ], [ -108.3733286, 39.101989899999971 ], [ -108.3785514, 39.100472299999971 ], [ -108.3814871, 39.103606200000037 ], [ -108.3839218, 39.10289210000002 ], [ -108.3907204, 39.105234400000036 ], [ -108.3902428, 39.1068046 ], [ -108.3854962, 39.108840799999989 ], [ -108.387216099999989, 39.1108262 ], [ -108.3857612, 39.113695 ], [ -108.3810707, 39.1139189 ], [ -108.3803935, 39.115502 ], [ -108.377907600000015, 39.115001 ], [ -108.375546, 39.11697970000003 ], [ -108.373650399999988, 39.113939299999984 ], [ -108.369822899999988, 39.113851300000022 ], [ -108.3678901, 39.1152378 ], [ -108.3642301, 39.1131407 ], [ -108.3622745, 39.11412050000002 ], [ -108.361578, 39.117702800000032 ], [ -108.3563717, 39.117293100000012 ] ], [ [ -108.337683, 39.1022629 ], [ -108.3363954, 39.1033685 ], [ -108.3367351, 39.1035243 ], [ -108.337683, 39.1022629 ] ], [ [ -108.3453022, 39.103431799999967 ], [ -108.343142199999988, 39.103923100000024 ], [ -108.3428605, 39.104325300000013 ], [ -108.3454182, 39.1046218 ], [ -108.3453022, 39.103431799999967 ] ], [ [ -108.339599299999989, 39.107787099999982 ], [ -108.3375307, 39.108137899999967 ], [ -108.3397735, 39.108073100000013 ], [ -108.339599299999989, 39.107787099999982 ] ], [ [ -108.3614588, 39.108020300000021 ], [ -108.3623202, 39.109284400000014 ], [ -108.3634463, 39.109106499999953 ], [ -108.3636039, 39.108203399999979 ], [ -108.3614588, 39.108020300000021 ] ], [ [ -108.3686426, 39.107422600000014 ], [ -108.3668076, 39.1081837 ], [ -108.3681484, 39.1107395 ], [ -108.3746295, 39.1105483 ], [ -108.3757726, 39.108975300000019 ], [ -108.3719873, 39.107921399999974 ], [ -108.3698781, 39.109461399999958 ], [ -108.3686426, 39.107422600000014 ] ], [ [ -108.3814903, 39.107879100000012 ], [ -108.3808723, 39.107840600000031 ], [ -108.3809199, 39.108721499999952 ], [ -108.3814903, 39.107879100000012 ] ], [ [ -108.3808414, 39.109215599999956 ], [ -108.3807919, 39.110587 ], [ -108.3814203, 39.1107558 ], [ -108.381497400000015, 39.110188300000019 ], [ -108.3808414, 39.109215599999956 ] ], [ [ -108.3314951, 39.101042 ], [ -108.3302879, 39.101021 ], [ -108.331489, 39.1022802 ], [ -108.3314951, 39.101042 ] ], [ [ -108.332331200000013, 39.1042176 ], [ -108.3307085, 39.1043413 ], [ -108.3323665, 39.104354500000014 ], [ -108.332331200000013, 39.1042176 ] ], [ [ -108.3253737, 39.112762299999964 ], [ -108.3248307, 39.113117 ], [ -108.3257366, 39.112830600000017 ], [ -108.3253737, 39.112762299999964 ] ], [ [ -108.32898, 39.110371300000025 ], [ -108.326138, 39.112836 ], [ -108.3286802, 39.112287699999975 ], [ -108.3349128, 39.114192199999977 ], [ -108.3335321, 39.1127261 ], [ -108.334670299999985, 39.111377899999944 ], [ -108.3390045, 39.111579200000044 ], [ -108.3401198, 39.113080100000033 ], [ -108.3427713, 39.11198549999996 ], [ -108.340521099999989, 39.110708099999989 ], [ -108.3332167, 39.111479399999936 ], [ -108.32898, 39.110371300000025 ] ], [ [ -108.337020099999989, 39.113655699999974 ], [ -108.3364458, 39.113633 ], [ -108.3371787, 39.1138066 ], [ -108.337020099999989, 39.113655699999974 ] ], [ [ -108.3356578, 39.11679369999996 ], [ -108.3354335, 39.11687160000001 ], [ -108.3357299, 39.116946100000028 ], [ -108.3356578, 39.11679369999996 ] ] ], [ [ [ -108.3181785, 39.136051400000042 ], [ -108.3169166, 39.13434920000001 ], [ -108.318978699999988, 39.133422 ], [ -108.320240599999977, 39.135124199999979 ], [ -108.3181785, 39.136051400000042 ] ] ], [ [ [ -108.3140302, 39.14475649999995 ], [ -108.312768100000014, 39.1430543 ], [ -108.3148304, 39.1421271 ], [ -108.3160925, 39.143829299999979 ], [ -108.3140302, 39.14475649999995 ] ] ], [ [ [ -108.3136863, 39.149507199999945 ], [ -108.3136863, 39.146968 ], [ -108.3176199, 39.148532400000022 ], [ -108.3165511, 39.150189500000046 ], [ -108.3136863, 39.149507199999945 ] ] ], [ [ [ -108.3217353, 39.153365899999947 ], [ -108.3207354, 39.151561099999981 ], [ -108.3229223, 39.150826699999968 ], [ -108.3239912, 39.152483800000041 ], [ -108.3217353, 39.153365899999947 ] ] ] ] } },
{ "type": "Feature", "properties": { "state_po": "CO", "county_geoid": "08123", "pwsid": "CO0162710", "pws_name": "NEW VISION MHP", "population_served_count": 200, "model_method": "Random Forest", "verification_status": "", "symbology_field": "Modeled", "intersection_area_sq_km": 0.091024951626463652 }, "geometry": { "type": "Polygon", "coordinates": [ [ [ -104.8180161, 40.029511500000027 ], [ -104.8186501, 40.0330825 ], [ -104.8140001, 40.033024499999975 ], [ -104.8163991, 40.02956249999994 ], [ -104.8180161, 40.029511500000027 ] ] ] } },
{ "type": "Feature", "properties": { "state_po": "CO", "county_geoid": "08123", "pwsid": "CO0162833", "pws_name": "WATTENBURG IMPROVEMENT ASSOC", "population_served_count": 350, "model_method": "Random Forest", "verification_status": "", "symbology_field": "Modeled", "intersection_area_sq_km": 0.19272187350517464 }, "geometry": { "type": "MultiPolygon", "coordinates": [ [ [ [ -104.8362751, 40.024973500000016 ], [ -104.8390151, 40.02939749999998 ], [ -104.835259100000016, 40.0294505 ], [ -104.8362751, 40.024973500000016 ] ] ], [ [ [ -104.8184271, 40.033080499999954 ], [ -104.8140001, 40.033024499999975 ], [ -104.8163991, 40.02956249999994 ], [ -104.8180161, 40.029511500000027 ], [ -104.8184271, 40.033080499999954 ] ] ] ] } },
{ "type": "Feature", "properties": { "state_po": "CO", "county_geoid": "08123", "pwsid": "CO0107486", "pws_name": "LONGS PEAK WD", "population_served_count": 3200, "model_method": "Random Forest", "verification_status": "", "symbology_field": "Modeled", "intersection_area_sq_km": 1.5973223398867298 }, "geometry": { "type": "Polygon", "coordinates": [ [ [ -105.055199022054822, 40.192604548582104 ], [ -105.055183975611754, 40.203686573667589 ], [ -105.0364182, 40.203761499999978 ], [ -105.0363852, 40.190125499999965 ], [ -105.0365902, 40.196564500000044 ], [ -105.0403302, 40.196533500000029 ], [ -105.0412582, 40.1917065 ], [ -105.0412592, 40.1941245 ], [ -105.0455782, 40.1940885 ], [ -105.0458302, 40.192711499999987 ], [ -105.0459492, 40.1964835 ], [ -105.0516522, 40.1964375 ], [ -105.0501362, 40.194023499999986 ], [ -105.0518382, 40.1925535 ], [ -105.055199022054822, 40.192604548582104 ] ] ] } },
{ "type": "Feature", "properties": { "state_po": "CO", "county_geoid": "08123", "pwsid": "CO0135704", "pws_name": "SERENITY RIDGE VAULT CONNECTION", "population_served_count": 157, "model_method": "Random Forest", "verification_status": "", "symbology_field": "Modeled", "intersection_area_sq_km": 0.075457677872454124 }, "geometry": { "type": "Polygon", "coordinates": [ [ [ -105.0367092, 40.282651500000021 ], [ -105.0367082, 40.2838105 ], [ -105.0306402, 40.283900500000051 ], [ -105.0328222, 40.2821805 ], [ -105.0367092, 40.282651500000021 ] ] ] } },
{ "type": "Feature", "properties": { "state_po": "CO", "county_geoid": "08123", "pwsid": "CO0162155", "pws_name": "BRIGGSDALE WC", "population_served_count": 303, "model_method": "Random Forest", "verification_status": "", "symbology_field": "Modeled", "intersection_area_sq_km": 0.4039374001602527 }, "geometry": { "type": "Polygon", "coordinates": [ [ [ -104.3255201, 40.63241860000003 ], [ -104.3291681, 40.634436599999972 ], [ -104.3327101, 40.634379600000045 ], [ -104.3325871, 40.6396026 ], [ -104.3255191, 40.639612600000014 ], [ -104.3255201, 40.63241860000003 ] ] ] } },
{ "type": "Feature", "properties": { "state_po": "CO", "county_geoid": "08123", "pwsid": "CO0162121", "pws_name": "ARISTOCRAT RANCHETTE WATER PROJECT", "population_served_count": 1260, "model_method": "Random Forest", "verification_status": "", "symbology_field": "Modeled", "intersection_area_sq_km": 3.0508358814841188 }, "geometry": { "type": "MultiPolygon", "coordinates": [ [ [ [ -104.8018621, 40.083371499999984 ], [ -104.8028081, 40.086867500000011 ], [ -104.8047241, 40.083285499999988 ], [ -104.8063891, 40.08327749999998 ], [ -104.8064051, 40.087372499999987 ], [ -104.8040791, 40.087352500000037 ], [ -104.8041081, 40.092972500000023 ], [ -104.8071901, 40.092966499999989 ], [ -104.8064301, 40.08895049999996 ], [ -104.8083311, 40.087364500000021 ], [ -104.8076491, 40.0945385 ], [ -104.809791100000012, 40.093693500000015 ], [ -104.809785100000013, 40.094636499999986 ], [ -104.8010811, 40.094639499999964 ], [ -104.8052201, 40.09446550000002 ], [ -104.8019561, 40.0929755 ], [ -104.8009381, 40.0873475 ], [ -104.7891021, 40.087370500000034 ], [ -104.7911691, 40.0835355 ], [ -104.7902451, 40.081002500000032 ], [ -104.7955841, 40.0848205 ], [ -104.7995461, 40.082699500000047 ], [ -104.8018621, 40.083371499999984 ] ] ], [ [ [ -104.768500100000011, 40.104668499999988 ], [ -104.7727761, 40.104648500000017 ], [ -104.7728701, 40.116418500000023 ], [ -104.7622131, 40.116452500000037 ], [ -104.762199099999989, 40.115145499999976 ], [ -104.759053099999988, 40.1151565 ], [ -104.7590201, 40.112538499999985 ], [ -104.7556371, 40.11250350000001 ], [ -104.7542121, 40.104587500000015 ], [ -104.7509791, 40.104595499999974 ], [ -104.7509661, 40.1033145 ], [ -104.7542241, 40.103328500000018 ], [ -104.7542481, 40.102078500000012 ], [ -104.765296100000015, 40.102015499999972 ], [ -104.7653031, 40.1033675 ], [ -104.7684801, 40.1033635 ], [ -104.768500100000011, 40.104668499999988 ] ] ], [ [ [ -104.7541201, 40.115106500000017 ], [ -104.7556561, 40.113849499999979 ], [ -104.7556491, 40.115135500000036 ], [ -104.7541201, 40.115106500000017 ] ] ], [ [ [ -104.7578631, 40.11645649999997 ], [ -104.7557721, 40.1164665 ], [ -104.7556491, 40.115135500000036 ], [ -104.7578531, 40.115142499999962 ], [ -104.7578631, 40.11645649999997 ] ] ] ] } },
{ "type": "Feature", "properties": { "state_po": "CO", "county_geoid": "08123", "pwsid": "CO0162310", "pws_name": "GILCREST TOWN OF", "population_served_count": 1150, "model_method": "Random Forest", "verification_status": "", "symbology_field": "Modeled", "intersection_area_sq_km": 2.2836438265835683 }, "geometry": { "type": "MultiPolygon", "coordinates": [ [ [ [ -104.7676041, 40.289908500000031 ], [ -104.7734361, 40.284963500000018 ], [ -104.771965099999989, 40.285275500000026 ], [ -104.7729841, 40.2753505 ], [ -104.7837581, 40.2753745 ], [ -104.7833191, 40.276281499999961 ], [ -104.7845651, 40.275382500000013 ], [ -104.7798721, 40.2798845 ], [ -104.7823521, 40.277903499999958 ], [ -104.7810541, 40.282626499999957 ], [ -104.7824361, 40.2865825 ], [ -104.7776361, 40.2876675 ], [ -104.7777381, 40.29351249999997 ], [ -104.7732221, 40.2935025 ], [ -104.773175099999989, 40.289919500000032 ], [ -104.7676041, 40.289908500000031 ] ] ], [ [ [ -104.7777741, 40.2898885 ], [ -104.7793091, 40.290956500000021 ], [ -104.7777801, 40.290956500000021 ], [ -104.7777741, 40.2898885 ] ] ], [ [ [ -104.7676041, 40.289908500000031 ], [ -104.7539821, 40.302493500000033 ], [ -104.754004099999989, 40.304590499999982 ], [ -104.751212099999989, 40.304645500000035 ], [ -104.7539801, 40.302268499999961 ], [ -104.7539411, 40.2901255 ], [ -104.7676041, 40.289908500000031 ] ] ] ] } },
{ "type": "Feature", "properties": { "state_po": "CO", "county_geoid": "08123", "pwsid": "CO0162234", "pws_name": "EAGLE CREST MHP", "population_served_count": 441, "model_method": "Random Forest", "verification_status": "", "symbology_field": "Modeled", "intersection_area_sq_km": 0.21581158848962076 }, "geometry": { "type": "MultiPolygon", "coordinates": [ [ [ [ -104.9670482, 40.14830249999995 ], [ -104.9641102, 40.1486025 ], [ -104.9611491, 40.146067499999987 ], [ -104.9668882, 40.146085500000034 ], [ -104.9670482, 40.14830249999995 ] ] ], [ [ [ -104.9713452, 40.153779500000027 ], [ -104.9631842, 40.160581499999978 ], [ -104.961078199999989, 40.160572499999979 ], [ -104.9610732, 40.158005500000023 ], [ -104.9626962, 40.157837500000021 ], [ -104.9630732, 40.1594725 ], [ -104.9693852, 40.153315500000012 ], [ -104.9713452, 40.153779500000027 ] ] ] ] } },
{ "type": "Feature", "properties": { "state_po": "CO", "county_geoid": "08123", "pwsid": "CO0162666", "pws_name": "NEW RAYMER TOWN OF", "population_served_count": 73, "model_method": "Random Forest", "verification_status": "", "symbology_field": "Modeled", "intersection_area_sq_km": 0.37736561445966299 }, "geometry": { "type": "Polygon", "coordinates": [ [ [ -103.8451529, 40.605052600000015 ], [ -103.8466849, 40.611025600000012 ], [ -103.8397899, 40.611074599999981 ], [ -103.8397699, 40.6048986 ], [ -103.8451529, 40.605052600000015 ] ] ] } },
{ "type": "Feature", "properties": { "state_po": "CO", "county_geoid": "08123", "pwsid": "CO0162285", "pws_name": "FOX HILL WATER ASSOCIATION INC", "population_served_count": 44, "model_method": "", "verification_status": "", "symbology_field": "System Sourced", "intersection_area_sq_km": 1.3295318896994472 }, "geometry": { "type": "Polygon", "coordinates": [ [ [ -104.6971991, 40.145792499999949 ], [ -104.7159981, 40.145792499999949 ], [ -104.7171431, 40.154024500000013 ], [ -104.697161099999988, 40.153273499999976 ], [ -104.6971991, 40.145792499999949 ] ] ] } },
{ "type": "Feature", "properties": { "state_po": "CO", "county_geoid": "08123", "pwsid": "CO0162610", "pws_name": "PIERCE TOWN OF", "population_served_count": 1094, "model_method": "", "verification_status": "", "symbology_field": "System Sourced", "intersection_area_sq_km": 3.9109217340713127 }, "geometry": { "type": "Polygon", "coordinates": [ [ [ -104.7443886, 40.6261003 ], [ -104.773197599999989, 40.6256708 ], [ -104.7730089, 40.640321199999974 ], [ -104.7445054, 40.640505199999986 ], [ -104.7443886, 40.6261003 ] ] ] } },
{ "type": "Feature", "properties": { "state_po": "CO", "county_geoid": "08123", "pwsid": "CO0162322", "pws_name": "GROVER TOWN OF", "population_served_count": 154, "model_method": null, "verification_status": null, "symbology_field": "System Sourced", "intersection_area_sq_km": 0.94502891113236887 }, "geometry": { "type": "MultiPolygon", "coordinates": [ [ [ [ -104.2242568, 40.864328600000015 ], [ -104.2226872, 40.862908400000038 ], [ -104.2246699, 40.861645400000022 ], [ -104.2262396, 40.863065499999983 ], [ -104.2242568, 40.864328600000015 ] ] ], [ [ [ -104.2348385, 40.867365699999972 ], [ -104.2311386, 40.869559099999975 ], [ -104.231934599999988, 40.871856300000019 ], [ -104.2301822, 40.872972500000039 ], [ -104.2178761, 40.8694712 ], [ -104.221037599999988, 40.868090399999986 ], [ -104.2191515, 40.8674215 ], [ -104.2193982, 40.865819200000018 ], [ -104.2241174, 40.864471499999979 ], [ -104.2305059, 40.864635399999983 ], [ -104.2316857, 40.8670827 ], [ -104.2348385, 40.867365699999972 ] ] ] ] } },
{ "type": "Feature", "properties": { "state_po": "CO", "county_geoid": "08123", "pwsid": "CO0162439", "pws_name": "KERSEY WD", "population_served_count": 2101, "model_method": null, "verification_status": null, "symbology_field": "System Sourced", "intersection_area_sq_km": 1.7945494064481826 }, "geometry": { "type": "Polygon", "coordinates": [ [ [ -104.565488699999989, 40.393875500000021 ], [ -104.5589698, 40.393871700000034 ], [ -104.5581139, 40.3918457 ], [ -104.5538868, 40.3932689 ], [ -104.5495647, 40.3921216 ], [ -104.550192, 40.3886655 ], [ -104.556472, 40.385987299999982 ], [ -104.5544004, 40.3820376 ], [ -104.5553472, 40.38059580000003 ], [ -104.5658962, 40.381956599999988 ], [ -104.5662752, 40.384901200000037 ], [ -104.5700519, 40.385285599999968 ], [ -104.5696002, 40.38927 ], [ -104.565488699999989, 40.393875500000021 ] ] ] } },
{ "type": "Feature", "properties": { "state_po": "CO", "county_geoid": "08123", "pwsid": "CO0162466", "pws_name": "LA SALLE TOWN OF", "population_served_count": 2010, "model_method": null, "verification_status": null, "symbology_field": "System Sourced", "intersection_area_sq_km": 2.7142005885222131 }, "geometry": { "type": "MultiPolygon", "coordinates": [ [ [ [ -104.7108854, 40.3545614 ], [ -104.7073823, 40.354048 ], [ -104.7048565, 40.3564995 ], [ -104.6971667, 40.357483600000023 ], [ -104.6969876, 40.353575500000026 ], [ -104.7007652, 40.350159800000014 ], [ -104.6982458, 40.349580099999962 ], [ -104.6958793, 40.3508846 ], [ -104.6909653, 40.349256199999957 ], [ -104.690479, 40.347686299999935 ], [ -104.6933326, 40.347257 ], [ -104.6935066, 40.3447417 ], [ -104.6956327, 40.3436505 ], [ -104.7001197, 40.344590199999978 ], [ -104.7015428, 40.341081799999969 ], [ -104.705046599999989, 40.342418200000019 ], [ -104.7075208, 40.341618100000019 ], [ -104.7096498, 40.344845399999969 ], [ -104.7139418, 40.345409699999948 ], [ -104.7150662, 40.343872 ], [ -104.7209815, 40.343271200000039 ], [ -104.721353, 40.347187699999978 ], [ -104.7177669, 40.348181300000029 ], [ -104.7108854, 40.3545614 ] ] ], [ [ [ -104.7048815, 40.359344 ], [ -104.7033475, 40.357767700000025 ], [ -104.705291500000016, 40.356660600000041 ], [ -104.7068255, 40.358236900000065 ], [ -104.7048815, 40.359344 ] ] ] ] } },
{ "type": "Feature", "properties": { "state_po": "CO", "county_geoid": "08123", "pwsid": "CO0162559", "pws_name": "NUNN TOWN OF", "population_served_count": 499, "model_method": null, "verification_status": null, "symbology_field": "System Sourced", "intersection_area_sq_km": 2.7214608698496736 }, "geometry": { "type": "MultiPolygon", "coordinates": [ [ [ [ -104.7926411, 40.708894099999988 ], [ -104.7887245, 40.7158408 ], [ -104.7845175, 40.714098 ], [ -104.7841972, 40.71072990000004 ], [ -104.7817445, 40.711085299999986 ], [ -104.781326, 40.709123 ], [ -104.776491299999989, 40.711048200000036 ], [ -104.7756421, 40.707525099999977 ], [ -104.770924900000011, 40.706680299999967 ], [ -104.7715246, 40.6975043 ], [ -104.7743525, 40.697755899999969 ], [ -104.7745927, 40.701439899999983 ], [ -104.7777218, 40.701508299999986 ], [ -104.7763729, 40.697531699999978 ], [ -104.7781942, 40.695396699999989 ], [ -104.7838531, 40.6993447 ], [ -104.7874512, 40.698983 ], [ -104.7903636, 40.7024292 ], [ -104.7898831, 40.7041987 ], [ -104.7926344, 40.7052844 ], [ -104.7926411, 40.708894099999988 ] ], [ [ -104.7874232, 40.705581600000016 ], [ -104.7873823, 40.705640099999961 ], [ -104.7874293, 40.705673799999971 ], [ -104.7874232, 40.705581600000016 ] ], [ [ -104.789120900000015, 40.707847100000031 ], [ -104.7866741, 40.708032399999958 ], [ -104.7892514, 40.708095799999981 ], [ -104.789120900000015, 40.707847100000031 ] ] ], [ [ [ -104.7705517, 40.721536899999968 ], [ -104.7692603, 40.7198351 ], [ -104.7722701, 40.716992400000031 ], [ -104.7735614, 40.718694200000016 ], [ -104.7705517, 40.721536899999968 ] ] ], [ [ [ -104.792203, 40.7183168 ], [ -104.7895935, 40.7212581 ], [ -104.7871938, 40.720936200000033 ], [ -104.7908641, 40.71676790000005 ], [ -104.792203, 40.7183168 ] ] ] ] } },
{ "type": "Feature", "properties": { "state_po": "CO", "county_geoid": "08123", "pwsid": "CO0162615", "pws_name": "PLATTEVILLE TOWN OF", "population_served_count": 2900, "model_method": null, "verification_status": null, "symbology_field": "System Sourced", "intersection_area_sq_km": 4.2655928400139809 }, "geometry": { "type": "MultiPolygon", "coordinates": [ [ [ [ -104.8364436, 40.224986500000021 ], [ -104.8336308, 40.224095399999989 ], [ -104.8332859, 40.218905099999986 ], [ -104.8314996, 40.2188906 ], [ -104.8298533, 40.221865099999988 ], [ -104.8313076, 40.2248717 ], [ -104.830288599999989, 40.229346899999967 ], [ -104.8273447, 40.229473599999963 ], [ -104.8260143, 40.231015099999937 ], [ -104.8221262, 40.2307186 ], [ -104.8204437, 40.227963199999955 ], [ -104.8163327, 40.225882400000025 ], [ -104.8167507, 40.22273060000002 ], [ -104.819407399999989, 40.2219894 ], [ -104.8192009, 40.224334800000022 ], [ -104.8210316, 40.22515480000002 ], [ -104.8257373, 40.222515 ], [ -104.821197, 40.2232051 ], [ -104.8167456, 40.219028699999988 ], [ -104.8135511, 40.221873800000047 ], [ -104.8085528, 40.22046579999995 ], [ -104.8086137, 40.218295 ], [ -104.811356, 40.216586 ], [ -104.8154803, 40.215694600000013 ], [ -104.816845, 40.21835739999996 ], [ -104.8185928, 40.21624540000002 ], [ -104.8174189, 40.214716400000029 ], [ -104.8196048, 40.211245099999964 ], [ -104.8190952, 40.2026034 ], [ -104.8212992, 40.1976837 ], [ -104.823519300000015, 40.198418 ], [ -104.822661599999989, 40.200170500000077 ], [ -104.8269089, 40.2071286 ], [ -104.826421900000014, 40.212317500000012 ], [ -104.8363264, 40.2126285 ], [ -104.8387366, 40.2140382 ], [ -104.8376058, 40.216836 ], [ -104.8404691, 40.2188479 ], [ -104.8406415, 40.222442600000029 ], [ -104.8364436, 40.224986500000021 ] ], [ [ -104.813365, 40.21876629999997 ], [ -104.8118823, 40.219618299999979 ], [ -104.8134644, 40.219038600000026 ], [ -104.813365, 40.21876629999997 ] ], [ [ -104.8278573, 40.2275148 ], [ -104.8245049, 40.227085500000051 ], [ -104.8270255, 40.228898500000035 ], [ -104.8278573, 40.2275148 ] ] ], [ [ [ -104.8054356, 40.217948400000033 ], [ -104.8041066, 40.216399299999978 ], [ -104.8062484, 40.2153194 ], [ -104.8075774, 40.216868500000011 ], [ -104.8054356, 40.217948400000033 ] ] ], [ [ [ -104.8011383, 40.219130899999989 ], [ -104.7991936, 40.216652299999957 ], [ -104.8027322, 40.2159306 ], [ -104.8037476, 40.217735 ], [ -104.8011383, 40.219130899999989 ] ] ] ] } },
{ "type": "Feature", "properties": { "state_po": "CO", "county_geoid": "08083", "pwsid": "CO0142400", "pws_name": "DOLORES TOWN OF", "population_served_count": 1626, "model_method": "Random Forest", "verification_status": "", "symbology_field": "Modeled", "intersection_area_sq_km": 2.0784516651316944 }, "geometry": { "type": "MultiPolygon", "coordinates": [ [ [ [ -108.514360599999989, 37.4716319 ], [ -108.5129756, 37.472308899999987 ], [ -108.512987599999988, 37.47164590000002 ], [ -108.514360599999989, 37.4716319 ] ] ], [ [ [ -108.5117506, 37.468510900000012 ], [ -108.5177906, 37.4693409 ], [ -108.5179796, 37.4708299 ], [ -108.5107056, 37.4720129 ], [ -108.5107726, 37.4757969 ], [ -108.5061526, 37.4758049 ], [ -108.50615160000001, 37.477589899999963 ], [ -108.4921886, 37.4783469 ], [ -108.489032600000016, 37.4769869 ], [ -108.4830106, 37.4801059 ], [ -108.4826116, 37.4769169 ], [ -108.465211599999989, 37.4768999 ], [ -108.4654176, 37.473815899999984 ], [ -108.4749836, 37.475547900000016 ], [ -108.490011599999988, 37.47467289999998 ], [ -108.4917266, 37.4742479 ], [ -108.4905116, 37.472537899999956 ], [ -108.5071566, 37.470445899999966 ], [ -108.5117506, 37.468510900000012 ] ] ] ] } },
{ "type": "Feature", "properties": { "state_po": "CO", "county_geoid": "08083", "pwsid": "CO0142600", "pws_name": "MANCOS RURAL WATER COMPANY", "population_served_count": 1300, "model_method": "Random Forest", "verification_status": "", "symbology_field": "Modeled", "intersection_area_sq_km": 1.4165192995968992 }, "geometry": { "type": "Polygon", "coordinates": [ [ [ -108.2867866, 37.3415219 ], [ -108.2932936, 37.341810900000013 ], [ -108.2935836, 37.343265899999984 ], [ -108.2976576, 37.34318989999997 ], [ -108.2984376, 37.3413649 ], [ -108.3027576, 37.341416900000013 ], [ -108.3027416, 37.3449449 ], [ -108.3049196, 37.344899899999959 ], [ -108.3049466, 37.347462899999975 ], [ -108.3002156, 37.3498039 ], [ -108.3002626, 37.352342899999968 ], [ -108.2982696, 37.3523119 ], [ -108.2980076, 37.350272900000014 ], [ -108.2891566, 37.352500899999988 ], [ -108.2862046, 37.349305899999983 ], [ -108.2832936, 37.349355899999971 ], [ -108.2832646, 37.3475069 ], [ -108.2891016, 37.348617900000022 ], [ -108.2890916, 37.34679290000004 ], [ -108.2931466, 37.346689900000058 ], [ -108.2917316, 37.345111900000013 ], [ -108.2890936, 37.345139900000014 ], [ -108.2890266, 37.3438169 ], [ -108.2862406, 37.3441419 ], [ -108.2867866, 37.3415219 ] ] ] } },
{ "type": "Feature", "properties": { "state_po": "CO", "county_geoid": "08083", "pwsid": "CO0142700", "pws_name": "MANCOS TOWN OF", "population_served_count": 1390, "model_method": "Random Forest", "verification_status": "", "symbology_field": "Modeled", "intersection_area_sq_km": 0.63017425885305267 }, "geometry": { "type": "MultiPolygon", "coordinates": [ [ [ [ -108.2865906, 37.344102899999982 ], [ -108.2890266, 37.3438169 ], [ -108.2890936, 37.345139900000014 ], [ -108.2912686, 37.344632899999965 ], [ -108.297068599999989, 37.3471869 ], [ -108.3022616, 37.347303900000036 ], [ -108.2962396, 37.347348899999986 ], [ -108.2962686, 37.349897900000023 ], [ -108.2932136, 37.3499509 ], [ -108.2932066, 37.3473899 ], [ -108.2861986, 37.348645900000051 ], [ -108.2868746, 37.345162900000012 ], [ -108.2822156, 37.34523589999997 ], [ -108.2822736, 37.344155899999969 ], [ -108.285833599999989, 37.342950899999963 ], [ -108.2865906, 37.344102899999982 ] ] ], [ [ [ -108.2979496, 37.363485900000015 ], [ -108.2956886, 37.363384900000035 ], [ -108.2930876, 37.360682899999951 ], [ -108.2891566, 37.352500899999988 ], [ -108.2930546, 37.352343899999966 ], [ -108.2914646, 37.3559449 ], [ -108.2979496, 37.363485900000015 ] ] ] ] } },
{ "type": "Feature", "properties": { "state_po": "CO", "county_geoid": "08083", "pwsid": "CO0142800", "pws_name": "MONTEZUMA CNTY WD NO 1", "population_served_count": 490, "model_method": "Random Forest", "verification_status": "", "symbology_field": "Modeled", "intersection_area_sq_km": 2.0743613776723815 }, "geometry": { "type": "Polygon", "coordinates": [ [ [ -108.6150487, 37.316462800000011 ], [ -108.613220700000014, 37.316431800000018 ], [ -108.6131637, 37.319468799999981 ], [ -108.6094006, 37.3192408 ], [ -108.608200599999989, 37.322070800000034 ], [ -108.6025186, 37.319216799999978 ], [ -108.5987026, 37.3193278 ], [ -108.5972596, 37.3225028 ], [ -108.5981316, 37.3269868 ], [ -108.5909956, 37.3259918 ], [ -108.5911946, 37.312431799999985 ], [ -108.6099786, 37.3117908 ], [ -108.611921599999988, 37.3123848 ], [ -108.6119537, 37.315691800000053 ], [ -108.6150487, 37.316462800000011 ] ] ] } },
{ "type": "Feature", "properties": { "state_po": "CO", "county_geoid": "08083", "pwsid": "CO0142804", "pws_name": "VISTA VERDE VILLAGE", "population_served_count": 200, "model_method": "Random Forest", "verification_status": "", "symbology_field": "Modeled", "intersection_area_sq_km": 0.73808208719523527 }, "geometry": { "type": "Polygon", "coordinates": [ [ [ -108.542994599999986, 37.350504899999983 ], [ -108.5431376, 37.352713899999983 ], [ -108.527025600000016, 37.349393900000038 ], [ -108.527002599999989, 37.350817899999953 ], [ -108.5237386, 37.350836899999983 ], [ -108.519550599999988, 37.3564299 ], [ -108.5177296, 37.35643490000006 ], [ -108.5221186, 37.348426900000042 ], [ -108.5244816, 37.348855900000025 ], [ -108.527498600000015, 37.344384900000044 ], [ -108.5320956, 37.3463069 ], [ -108.5351886, 37.350209900000053 ], [ -108.5367106, 37.349006899999985 ], [ -108.542994599999986, 37.350504899999983 ] ] ] } },
{ "type": "Feature", "properties": { "state_po": "CO", "county_geoid": "08083", "pwsid": "CO0142241", "pws_name": "ELEGANT HILLS MHP", "population_served_count": 170, "model_method": "Random Forest", "verification_status": "", "symbology_field": "Modeled", "intersection_area_sq_km": 0.022125672569390388 }, "geometry": { "type": "Polygon", "coordinates": [ [ [ -108.5294406, 37.3570119 ], [ -108.5309646, 37.358358900000013 ], [ -108.5292956, 37.3583679 ], [ -108.5294406, 37.3570119 ] ] ] } },
{ "type": "Feature", "properties": { "state_po": "CO", "county_geoid": "08035", "pwsid": "CO0103079", "pws_name": "STAGE RUN HOA", "population_served_count": 150, "model_method": "Random Forest", "verification_status": "", "symbology_field": "Modeled", "intersection_area_sq_km": 0.019823747419263398 }, "geometry": { "type": "Polygon", "coordinates": [ [ [ -104.6861461, 39.56527920000002 ], [ -104.686235985690161, 39.565987518567439 ], [ -104.680602136780578, 39.565947038591084 ], [ -104.6861461, 39.56527920000002 ] ] ] } },
{ "type": "Feature", "properties": { "state_po": "CO", "county_geoid": "08035", "pwsid": "CO0103090", "pws_name": "TRAVOIS HOA", "population_served_count": 175, "model_method": "Random Forest", "verification_status": "", "symbology_field": "Modeled", "intersection_area_sq_km": 0.060397692824126679 }, "geometry": { "type": "Polygon", "coordinates": [ [ [ -104.739451, 39.565865400000035 ], [ -104.739226, 39.564598399999966 ], [ -104.741396, 39.564514399999958 ], [ -104.744381940571586, 39.565901308288105 ], [ -104.739451, 39.565865400000035 ] ] ] } },
{ "type": "Feature", "properties": { "state_po": "CO", "county_geoid": "08035", "pwsid": "CO0120003", "pws_name": "CLEARWATER MD", "population_served_count": 200, "model_method": "Random Forest", "verification_status": "", "symbology_field": "Modeled", "intersection_area_sq_km": 0.062984715017880499 }, "geometry": { "type": "Polygon", "coordinates": [ [ [ -104.660398268830548, 39.547934062895294 ], [ -104.66063578748107, 39.565908811918213 ], [ -104.66016, 39.565909 ], [ -104.660398268830548, 39.547934062895294 ] ] ] } },
{ "type": "Feature", "properties": { "state_po": "CO", "county_geoid": "08035", "pwsid": "CO0120184", "pws_name": "COYOTE HILLS WS", "population_served_count": 84, "model_method": "Random Forest", "verification_status": "", "symbology_field": "Modeled", "intersection_area_sq_km": 0.075582170273326144 }, "geometry": { "type": "Polygon", "coordinates": [ [ [ -104.672317, 39.408751399999964 ], [ -104.672271, 39.41138040000002 ], [ -104.669391, 39.411571399999978 ], [ -104.669156, 39.409222400000026 ], [ -104.672317, 39.408751399999964 ] ] ] } },
{ "type": "Feature", "properties": { "state_po": "CO", "county_geoid": "08035", "pwsid": "CO0120384", "pws_name": "INDEPENDENCE WSD", "population_served_count": 567, "model_method": "Random Forest", "verification_status": "", "symbology_field": "Modeled", "intersection_area_sq_km": 0.2541267354542795 }, "geometry": { "type": "Polygon", "coordinates": [ [ [ -104.662676, 39.434404399999977 ], [ -104.662816, 39.4490074 ], [ -104.662316, 39.463522400000031 ], [ -104.661517914394381, 39.463506414209533 ], [ -104.662676, 39.434404399999977 ] ] ] } },
{ "type": "Feature", "properties": { "state_po": "CO", "county_geoid": "08035", "pwsid": "CO0118002", "pws_name": "CONSOLIDATED BELL MTN RANCH MD", "population_served_count": 1000, "model_method": "", "verification_status": "", "symbology_field": "System Sourced", "intersection_area_sq_km": 8.5193158182070334 }, "geometry": { "type": "MultiPolygon", "coordinates": [ [ [ [ -104.875102399999989, 39.317233800000011 ], [ -104.8750396, 39.3185056 ], [ -104.8490693, 39.318345799999946 ], [ -104.8490064, 39.303909700000041 ], [ -104.8535069, 39.303888900000011 ], [ -104.8541627, 39.289366400000027 ], [ -104.8674308, 39.2893803 ], [ -104.867466799999988, 39.2911185 ], [ -104.872138, 39.291139299999983 ], [ -104.872156, 39.2893943 ], [ -104.8887478, 39.289456799999947 ], [ -104.8852175, 39.2966941 ], [ -104.8815703, 39.296666300000055 ], [ -104.8816152, 39.3040071 ], [ -104.876970899999989, 39.304014 ], [ -104.8768542, 39.311347099999978 ], [ -104.8785699, 39.311333199999979 ], [ -104.8762523, 39.31851950000005 ], [ -104.875102399999989, 39.317233800000011 ] ] ], [ [ [ -104.8851905, 39.31129840000002 ], [ -104.8825854, 39.318582 ], [ -104.8766386, 39.31851950000005 ], [ -104.8790011, 39.3113818 ], [ -104.8851905, 39.31129840000002 ] ] ] ] } },
{ "type": "Feature", "properties": { "state_po": "CO", "county_geoid": "08035", "pwsid": "CO0118030", "pws_name": "LARKSPUR TOWN OF", "population_served_count": 275, "model_method": "", "verification_status": "", "symbology_field": "System Sourced", "intersection_area_sq_km": 4.1009580930104077 }, "geometry": { "type": "MultiPolygon", "coordinates": [ [ [ [ -104.897150599999989, 39.267549800000019 ], [ -104.8851179, 39.249613300000014 ], [ -104.883816599999989, 39.2467037 ], [ -104.8809013, 39.245214899999979 ], [ -104.8793442, 39.236942499999934 ], [ -104.880627499999989, 39.23143179999996 ], [ -104.879063300000013, 39.235717300000012 ], [ -104.8792888, 39.238715400000054 ], [ -104.877879, 39.238694399999986 ], [ -104.8781844, 39.231414200000017 ], [ -104.8844244, 39.223492199999974 ], [ -104.8822721, 39.216932900000025 ], [ -104.8954288, 39.216950499999982 ], [ -104.8953638, 39.2205852 ], [ -104.904724, 39.220666399999985 ], [ -104.9046678, 39.224348799999987 ], [ -104.9091139, 39.2243717 ], [ -104.9090196, 39.232904399999988 ], [ -104.9039031, 39.2303908 ], [ -104.8897762, 39.2303649 ], [ -104.8888057, 39.23159960000001 ], [ -104.8887907, 39.230359800000038 ], [ -104.8860436, 39.2303454 ], [ -104.8854152, 39.2314505 ], [ -104.8832301, 39.238712200000016 ], [ -104.8848435, 39.248391 ], [ -104.8925697, 39.2583253 ], [ -104.8950963, 39.25706550000001 ], [ -104.8977834, 39.2578873 ], [ -104.8964597, 39.26062150000007 ], [ -104.8997198, 39.260602699999971 ], [ -104.899825299999989, 39.267545 ], [ -104.897150599999989, 39.267549800000019 ] ] ], [ [ [ -104.8802543, 39.242334599999978 ], [ -104.880485799999988, 39.243619599999974 ], [ -104.8805706, 39.244915299999974 ], [ -104.8793722, 39.2434197 ], [ -104.8802543, 39.242334599999978 ] ] ] ] } },
{ "type": "Feature", "properties": { "state_po": "CO", "county_geoid": "08035", "pwsid": "CO0118075", "pws_name": "SILVER HEIGHTS WSD", "population_served_count": 301, "model_method": "", "verification_status": "", "symbology_field": "System Sourced", "intersection_area_sq_km": 2.2013148161143765 }, "geometry": { "type": "MultiPolygon", "coordinates": [ [ [ [ -104.8605131, 39.425546199999957 ], [ -104.8531917, 39.426175900000011 ], [ -104.8533524, 39.423123 ], [ -104.860612, 39.423233899999971 ], [ -104.8599074, 39.419191899999973 ], [ -104.855877, 39.41684929999996 ], [ -104.8677283, 39.4169994 ], [ -104.8677987, 39.410850600000018 ], [ -104.878985199999988, 39.428118599999962 ], [ -104.8603823, 39.4279695 ], [ -104.8605131, 39.425546199999957 ] ] ], [ [ [ -104.867439, 39.4296386 ], [ -104.8675129, 39.4316661 ], [ -104.8631536, 39.431571099999957 ], [ -104.863223, 39.4296109 ], [ -104.867439, 39.4296386 ] ] ], [ [ [ -104.8628733, 39.431565 ], [ -104.8629806, 39.43503319999995 ], [ -104.8582786, 39.435005299999979 ], [ -104.8582219, 39.4314641 ], [ -104.8628733, 39.431565 ] ] ] ] } },
{ "type": "Feature", "properties": { "state_po": "CO", "county_geoid": "08035", "pwsid": "CO0118078", "pws_name": "THUNDERBIRD WSD", "population_served_count": 490, "model_method": "", "verification_status": "", "symbology_field": "System Sourced", "intersection_area_sq_km": 9.8560156772923389 }, "geometry": { "type": "Polygon", "coordinates": [ [ [ -105.0032505, 39.423748899999964 ], [ -105.0033302, 39.420102199999988 ], [ -104.9979235, 39.420178299999954 ], [ -104.9960301, 39.417075799999957 ], [ -104.9936258, 39.419348399999983 ], [ -104.9941399, 39.4178398 ], [ -104.9908629, 39.419037100000047 ], [ -104.990831199999988, 39.417634799999988 ], [ -104.9892551, 39.41763820000002 ], [ -104.9898099, 39.4130429 ], [ -105.0078852, 39.412986400000015 ], [ -105.0077966, 39.4059066 ], [ -105.0405043, 39.405699699999971 ], [ -105.040208800000016, 39.39883 ], [ -105.0355997, 39.398848300000012 ], [ -105.035508299999989, 39.395088299999969 ], [ -105.0400947, 39.395101900000085 ], [ -105.0399785, 39.391625800000021 ], [ -105.0542649, 39.3916558 ], [ -105.0548904, 39.4127887 ], [ -105.0500679, 39.412787099999989 ], [ -105.0500708, 39.416356 ], [ -105.0452045, 39.416391399999952 ], [ -105.0452146, 39.4199824 ], [ -105.0265702, 39.419937199999985 ], [ -105.0266235, 39.423568599999967 ], [ -105.0032505, 39.423748899999964 ] ] ] } },
{ "type": "Feature", "properties": { "state_po": "CO", "county_geoid": "08035", "pwsid": "CO0118085", "pws_name": "WESTCREEK LAKES WD", "population_served_count": 165, "model_method": "", "verification_status": "", "symbology_field": "System Sourced", "intersection_area_sq_km": 1.1833553951566096 }, "geometry": { "type": "Polygon", "coordinates": [ [ [ -105.1626196, 39.130380399999986 ], [ -105.1628165, 39.1458196 ], [ -105.1593836, 39.148176899999989 ], [ -105.162294, 39.151591099999983 ], [ -105.1537458, 39.151726 ], [ -105.1535899, 39.144275600000057 ], [ -105.158147899999989, 39.144281399999983 ], [ -105.1581114, 39.129602299999924 ], [ -105.1626196, 39.130380399999986 ] ] ] } },
{ "type": "Feature", "properties": { "state_po": "CO", "county_geoid": "08035", "pwsid": "CO0118060", "pws_name": "SEDALIA WSD", "population_served_count": 215, "model_method": "", "verification_status": "", "symbology_field": "System Sourced", "intersection_area_sq_km": 1.4410699701708889 }, "geometry": { "type": "MultiPolygon", "coordinates": [ [ [ [ -104.9574148, 39.436922100000032 ], [ -104.9612759, 39.436726400000019 ], [ -104.9613876, 39.434288300000027 ], [ -104.9633641, 39.434300700000037 ], [ -104.9630857, 39.435452400000024 ], [ -104.963656, 39.434102699999976 ], [ -104.9643367, 39.4356574 ], [ -104.9696357, 39.436533800000028 ], [ -104.9679986, 39.440683699999987 ], [ -104.9574148, 39.436922100000032 ] ], [ [ -104.9597951, 39.437539799999968 ], [ -104.9606308, 39.437777300000029 ], [ -104.9618688, 39.438026799999982 ], [ -104.9597951, 39.437539799999968 ] ] ], [ [ [ -104.9614492, 39.438759899999965 ], [ -104.9567013, 39.437569600000018 ], [ -104.956702, 39.43746559999996 ], [ -104.9594122, 39.437836 ], [ -104.9614492, 39.438759899999965 ] ] ], [ [ [ -104.9708472, 39.448415600000011 ], [ -104.968126, 39.448956300000042 ], [ -104.970167, 39.450629500000041 ], [ -104.9692706, 39.452250399999983 ], [ -104.9615183, 39.451484500000021 ], [ -104.961507900000015, 39.4458014 ], [ -104.9708316, 39.445769 ], [ -104.9708472, 39.448415600000011 ] ] ], [ [ [ -104.9819959, 39.455143800000016 ], [ -104.9773394, 39.451004299999958 ], [ -104.9753439, 39.4457247 ], [ -104.9771371, 39.445724 ], [ -104.9819959, 39.455143800000016 ] ] ], [ [ [ -104.9760552, 39.448262499999963 ], [ -104.977183, 39.451063 ], [ -104.9789477, 39.452960199999971 ], [ -104.976875299999989, 39.450909100000025 ], [ -104.9760552, 39.448262499999963 ] ] ], [ [ [ -104.9812432, 39.455259099999978 ], [ -104.9825255, 39.4565155 ], [ -104.9802431, 39.4543022 ], [ -104.9812432, 39.455259099999978 ] ] ], [ [ [ -104.9963432, 39.480234199999977 ], [ -104.9919597, 39.471115200000028 ], [ -104.9988014, 39.471032799999975 ], [ -104.9985548, 39.477688 ], [ -105.0019375, 39.476169499999962 ], [ -105.0032588, 39.476267700000029 ], [ -104.9970092, 39.478733299999973 ], [ -104.9963432, 39.480234199999977 ] ] ], [ [ [ -104.9962576, 39.481471899999988 ], [ -104.9975579, 39.4843698 ], [ -104.9984348, 39.485534699999981 ], [ -104.9962231, 39.485542300000013 ], [ -104.9944483, 39.48175459999996 ], [ -104.9962576, 39.481471899999988 ] ] ], [ [ [ -104.9953968, 39.484582699999983 ], [ -104.9955401, 39.485544599999969 ], [ -104.9940648, 39.481725099999977 ], [ -104.9953968, 39.484582699999983 ] ] ], [ [ [ -104.9989467, 39.485154500000021 ], [ -104.9975465, 39.4832146 ], [ -104.9970506, 39.482014900000031 ], [ -104.9985616, 39.482211900000046 ], [ -104.9989467, 39.485154500000021 ] ] ] ] } },
{ "type": "Feature", "properties": { "state_po": "CO", "county_geoid": "08035", "pwsid": "CO0118175", "pws_name": "CHATFIELD SOUTH WD", "population_served_count": 312, "model_method": "", "verification_status": "", "symbology_field": "System Sourced", "intersection_area_sq_km": 1.5775352141646115 }, "geometry": { "type": "MultiPolygon", "coordinates": [ [ [ [ -105.068640699999989, 39.51101080000003 ], [ -105.0661256, 39.511995199999973 ], [ -105.0661109, 39.5074083 ], [ -105.0686278, 39.507415099999974 ], [ -105.068640699999989, 39.51101080000003 ] ] ], [ [ [ -105.0630485, 39.515419400000013 ], [ -105.059892499999989, 39.512526099999974 ], [ -105.0655064, 39.512269400000022 ], [ -105.068645, 39.511096300000027 ], [ -105.06865, 39.512781700000026 ], [ -105.0639562, 39.5134668 ], [ -105.0686504, 39.5129478 ], [ -105.0686495, 39.514627100000013 ], [ -105.0630485, 39.515419400000013 ] ] ], [ [ [ -105.0688672, 39.5123357 ], [ -105.0724783, 39.512294899999958 ], [ -105.071613, 39.5140618 ], [ -105.0688852, 39.5139546 ], [ -105.0688672, 39.5123357 ] ] ], [ [ [ -105.0688825, 39.5146264 ], [ -105.0710752, 39.515172499999963 ], [ -105.0688811, 39.514775600000014 ], [ -105.0688825, 39.5146264 ] ] ], [ [ [ -105.0649894, 39.5161946 ], [ -105.064796199999989, 39.5190877 ], [ -105.0638961, 39.516202800000016 ], [ -105.0649894, 39.5161946 ] ] ], [ [ [ -105.067523, 39.5190711 ], [ -105.0660039, 39.519075499999985 ], [ -105.0654639, 39.517257899999954 ], [ -105.0675198, 39.5172598 ], [ -105.067523, 39.5190711 ] ] ], [ [ [ -105.064443, 39.51907 ], [ -105.06269, 39.519081700000022 ], [ -105.0626779, 39.517756600000048 ], [ -105.0640328, 39.517757199999963 ], [ -105.064443, 39.51907 ] ] ], [ [ [ -105.0644734, 39.519163500000019 ], [ -105.0640292, 39.5200538 ], [ -105.062681, 39.520072300000017 ], [ -105.0626806, 39.519165399999984 ], [ -105.0644734, 39.519163500000019 ] ] ], [ [ [ -105.0648141, 39.519192099999984 ], [ -105.0656255, 39.5200229 ], [ -105.0644316, 39.52002669999996 ], [ -105.0648141, 39.519192099999984 ] ] ], [ [ [ -105.0676724, 39.518113299999946 ], [ -105.0686885, 39.521072299999965 ], [ -105.0676816, 39.521068 ], [ -105.0676724, 39.518113299999946 ] ] ], [ [ [ -105.0675278, 39.5191926 ], [ -105.0664966, 39.520914800000043 ], [ -105.0664847, 39.519187900000013 ], [ -105.0675278, 39.5191926 ] ] ], [ [ [ -105.0643318, 39.521904199999973 ], [ -105.0635197, 39.521249500000017 ], [ -105.0647837, 39.521253400000035 ], [ -105.0643318, 39.521904199999973 ] ] ], [ [ [ -105.0654305, 39.521028799999989 ], [ -105.067545599999988, 39.521913899999973 ], [ -105.0654365, 39.521906799999954 ], [ -105.0654305, 39.521028799999989 ] ] ], [ [ [ -105.0591986, 39.507514599999986 ], [ -105.0614576, 39.507512800000015 ], [ -105.06146170000001, 39.509087799999982 ], [ -105.0591995, 39.5090891 ], [ -105.0591986, 39.507514599999986 ] ] ], [ [ [ -105.0580759, 39.516398399999986 ], [ -105.059250300000016, 39.515476 ], [ -105.0546511, 39.5154583 ], [ -105.0545283, 39.5109944 ], [ -105.059202, 39.5109951 ], [ -105.0592011, 39.50925540000005 ], [ -105.0616462, 39.509277699999984 ], [ -105.061672699999988, 39.507511600000022 ], [ -105.0639331, 39.5075101 ], [ -105.0639539, 39.5118079 ], [ -105.0605473, 39.5119709 ], [ -105.0593625, 39.5128346 ], [ -105.0637577, 39.5168255 ], [ -105.0604124, 39.514636100000025 ], [ -105.060332500000015, 39.517268399999985 ], [ -105.0546575, 39.51725 ], [ -105.0546514, 39.51555 ], [ -105.0580759, 39.516398399999986 ] ] ], [ [ [ -105.0625435, 39.5168408 ], [ -105.060443299999989, 39.517271899999947 ], [ -105.0604294, 39.5155244 ], [ -105.061187, 39.515525500000066 ], [ -105.0625435, 39.5168408 ] ] ], [ [ [ -105.0546579, 39.5173372 ], [ -105.0603311, 39.517354600000033 ], [ -105.0603385, 39.519082499999989 ], [ -105.0546641, 39.519069100000038 ], [ -105.0546579, 39.5173372 ] ] ], [ [ [ -105.0625573, 39.51733710000002 ], [ -105.0604496, 39.5190808 ], [ -105.060454299999989, 39.5173564 ], [ -105.0625573, 39.51733710000002 ] ] ], [ [ [ -105.044133, 39.519548 ], [ -105.045514900000015, 39.52028150000001 ], [ -105.044831, 39.520600500000029 ], [ -105.044133, 39.519548 ] ] ], [ [ [ -105.0467235, 39.519542100000017 ], [ -105.0543824, 39.5195956 ], [ -105.0543847, 39.5206613 ], [ -105.0519614, 39.520465800000018 ], [ -105.0468318, 39.520665700000016 ], [ -105.0467235, 39.519542100000017 ] ] ], [ [ [ -105.0625654, 39.519163600000013 ], [ -105.0625748, 39.520409 ], [ -105.060448, 39.520821699999956 ], [ -105.0604494, 39.519163699999986 ], [ -105.0625654, 39.519163600000013 ] ] ], [ [ [ -105.0546709, 39.520939199999951 ], [ -105.0546645, 39.5191619 ], [ -105.0603389, 39.519164700000026 ], [ -105.0603419, 39.5219033 ], [ -105.0546709, 39.520939199999951 ] ] ], [ [ [ -105.0467414, 39.5218234 ], [ -105.0543865, 39.5208268 ], [ -105.0543908, 39.521843600000032 ], [ -105.0467414, 39.5218234 ] ] ], [ [ [ -105.0628953, 39.52150709999998 ], [ -105.0626813, 39.520636900000021 ], [ -105.0635978, 39.520654700000016 ], [ -105.0628953, 39.52150709999998 ] ] ], [ [ [ -105.062575, 39.521232600000026 ], [ -105.0613401, 39.5219033 ], [ -105.0615041, 39.521232199999979 ], [ -105.062575, 39.521232600000026 ] ] ] ] } },
{ "type": "Feature", "properties": { "state_po": "CO", "county_geoid": "08035", "pwsid": "CO0118080", "pws_name": "VIEW RIDGE MUTUAL WC", "population_served_count": 35, "model_method": "", "verification_status": "", "symbology_field": "System Sourced", "intersection_area_sq_km": 0.15031362245121199 }, "geometry": { "type": "MultiPolygon", "coordinates": [ [ [ [ -105.0592288, 39.515637600000012 ], [ -105.059250300000016, 39.515476 ], [ -105.0592508, 39.515637 ], [ -105.0592288, 39.515637600000012 ] ] ], [ [ [ -105.060355800000011, 39.521910700000035 ], [ -105.059247, 39.517264799999978 ], [ -105.0604128, 39.5146542 ], [ -105.0637577, 39.5168255 ], [ -105.06269, 39.519081700000022 ], [ -105.0644699, 39.519152100000028 ], [ -105.0626806, 39.519165399999984 ], [ -105.0640292, 39.5200538 ], [ -105.0626779, 39.521891899999979 ], [ -105.060355800000011, 39.521910700000035 ] ] ] ] } },
{ "type": "Feature", "properties": { "state_po": "CO", "county_geoid": "08035", "pwsid": "CO0118065", "pws_name": "SIERRA VISTA HOA", "population_served_count": 120, "model_method": "", "verification_status": "", "symbology_field": "System Sourced", "intersection_area_sq_km": 1.120847947050106 }, "geometry": { "type": "Polygon", "coordinates": [ [ [ -104.7556234, 39.558829800000048 ], [ -104.7558252, 39.5449777 ], [ -104.7621147, 39.544227399999954 ], [ -104.761392199999989, 39.5486824 ], [ -104.7651408, 39.548746899999976 ], [ -104.7657995, 39.557011399999958 ], [ -104.7648285, 39.558826400000015 ], [ -104.7556234, 39.558829800000048 ] ] ] } },
{ "type": "Feature", "properties": { "state_po": "CO", "county_geoid": "08035", "pwsid": "CO0118001", "pws_name": "BEVERLY HILLS MUTUAL WC", "population_served_count": 325, "model_method": "", "verification_status": "", "symbology_field": "System Sourced", "intersection_area_sq_km": 0.22683219105377916 }, "geometry": { "type": "Polygon", "coordinates": [ [ [ -104.8770529, 39.4781644 ], [ -104.8728921, 39.4781429 ], [ -104.8736487, 39.4723412 ], [ -104.8768115, 39.472508 ], [ -104.8782979, 39.474179 ], [ -104.8770529, 39.4781644 ] ] ] } },
{ "type": "Feature", "properties": { "state_po": "CO", "county_geoid": "08035", "pwsid": "CO0118021", "pws_name": "DOMINION WSD", "population_served_count": 0, "model_method": "", "verification_status": "", "symbology_field": "System Sourced", "intersection_area_sq_km": 12.799953623867967 }, "geometry": { "type": "MultiPolygon", "coordinates": [ [ [ [ -105.036062, 39.485442 ], [ -105.036417300000011, 39.467048099999964 ], [ -105.0457206, 39.4672207 ], [ -105.045652, 39.470899099999968 ], [ -105.0545487, 39.471088900000026 ], [ -105.0546286, 39.479327900000015 ], [ -105.054984499999989, 39.478204499999983 ], [ -105.073242100000016, 39.4781505 ], [ -105.0732132, 39.492745400000054 ], [ -105.0638777, 39.492741499999987 ], [ -105.0638773, 39.495806900000026 ], [ -105.054663, 39.495808400000023 ], [ -105.054631, 39.492754799999972 ], [ -105.0545312, 39.495808400000023 ], [ -105.0412946, 39.4957937 ], [ -105.0545225, 39.4786667 ], [ -105.040879, 39.495792599999973 ], [ -105.0268973, 39.495751099999964 ], [ -105.0266872, 39.485422399999983 ], [ -105.036062, 39.485442 ] ] ], [ [ [ -105.0638463, 39.499449699999964 ], [ -105.054645, 39.500051400000032 ], [ -105.054659500000014, 39.496520500000031 ], [ -105.0638711, 39.496518299999984 ], [ -105.0638463, 39.499449699999964 ] ] ], [ [ [ -105.0284273, 39.496467199999927 ], [ -105.040314099999989, 39.496501500000015 ], [ -105.0305437, 39.507209699999976 ], [ -105.0276869, 39.507231499999968 ], [ -105.0284273, 39.496467199999927 ] ] ], [ [ [ -105.0361141, 39.50727329999998 ], [ -105.0309513, 39.507272400000012 ], [ -105.0407173, 39.496505 ], [ -105.0545331, 39.4965205 ], [ -105.0545205, 39.510980499999981 ], [ -105.050439, 39.510954600000026 ], [ -105.0504407, 39.5145905 ], [ -105.0361332, 39.5145034 ], [ -105.0361141, 39.50727329999998 ] ] ], [ [ [ -105.0596642, 39.5029138 ], [ -105.059769100000011, 39.507269 ], [ -105.0546246, 39.507275700000037 ], [ -105.0546171, 39.502966099999981 ], [ -105.0596642, 39.5029138 ] ] ] ] } },
{ "type": "Feature", "properties": { "state_po": "CO", "county_geoid": "08035", "pwsid": "CO0118035", "pws_name": "LOUVIERS WSD", "population_served_count": 238, "model_method": null, "verification_status": null, "symbology_field": "System Sourced", "intersection_area_sq_km": 0.65987317762430464 }, "geometry": { "type": "Polygon", "coordinates": [ [ [ -105.00992, 39.479596099999952 ], [ -105.0075374, 39.478978900000072 ], [ -105.006743199999988, 39.482170099999948 ], [ -105.003965100000016, 39.4819185 ], [ -105.0023351, 39.477700499999912 ], [ -105.005136799999988, 39.471055399999962 ], [ -105.0075335, 39.471151 ], [ -105.0103407, 39.474647900000058 ], [ -105.0116604, 39.478323499999959 ], [ -105.00992, 39.479596099999952 ] ] ] } },
{ "type": "Feature", "properties": { "state_po": "CO", "county_geoid": "08043", "pwsid": "CO0114550", "pws_name": "TV HILLS WATER", "population_served_count": 38, "model_method": "Random Forest", "verification_status": "", "symbology_field": "Modeled", "intersection_area_sq_km": 0.0015958597295126378 }, "geometry": { "type": "MultiPolygon", "coordinates": [ [ [ [ -105.081178932104663, 38.257809815339861 ], [ -105.077763996183336, 38.257825713727478 ], [ -105.077875, 38.257819 ], [ -105.081178932104663, 38.257809815339861 ] ] ], [ [ [ -105.139579572040063, 38.257704471169077 ], [ -105.125554, 38.257554200000072 ], [ -105.12329, 38.257691199999961 ], [ -105.107586067947452, 38.25773321339242 ], [ -105.139579572040063, 38.257704471169077 ] ] ], [ [ [ -105.140244330239057, 38.2577118422412 ], [ -105.140244, 38.257712200000064 ], [ -105.140207736895931, 38.257711436574958 ], [ -105.140244330239057, 38.2577118422412 ] ] ] ] } },
{ "type": "Feature", "properties": { "state_po": "CO", "county_geoid": "08043", "pwsid": "CO0122450", "pws_name": "EAST FLORENCE WA", "population_served_count": 326, "model_method": "Random Forest", "verification_status": "", "symbology_field": "Modeled", "intersection_area_sq_km": 0.53543436340147377 }, "geometry": { "type": "MultiPolygon", "coordinates": [ [ [ [ -105.098537, 38.3851102 ], [ -105.096158, 38.3850672 ], [ -105.096555, 38.386959200000028 ], [ -105.08717, 38.386606200000031 ], [ -105.088082, 38.384622199999981 ], [ -105.098537, 38.3851102 ] ] ], [ [ [ -105.097821, 38.3884262 ], [ -105.093437, 38.387643199999978 ], [ -105.08924, 38.386866199999972 ], [ -105.096653, 38.387162199999977 ], [ -105.097821, 38.3884262 ] ] ], [ [ [ -105.109634, 38.392579200000029 ], [ -105.107013, 38.393410200000048 ], [ -105.106332, 38.39513519999997 ], [ -105.10263, 38.394026200000027 ], [ -105.10184, 38.395306199999979 ], [ -105.09416, 38.392876199999982 ], [ -105.0957, 38.3898262 ], [ -105.100941, 38.393115200000011 ], [ -105.10135, 38.392083200000044 ], [ -105.106536, 38.392160200000014 ], [ -105.109634, 38.392579200000029 ] ] ] ] } },
{ "type": "Feature", "properties": { "state_po": "CO", "county_geoid": "08043", "pwsid": "CO0222518", "pws_name": "MOUNTAINDALE CG AND CABINS", "population_served_count": 228, "model_method": "Random Forest", "verification_status": "", "symbology_field": "Modeled", "intersection_area_sq_km": 1.9977039310786853 }, "geometry": { "type": "Polygon", "coordinates": [ [ [ -104.9439702, 38.5837689 ], [ -104.9522504, 38.584157200000014 ], [ -104.955396799999988, 38.589335 ], [ -104.9575496, 38.596971600000025 ], [ -104.9534096, 38.600336699999971 ], [ -104.9441358, 38.6000778 ], [ -104.942334427077839, 38.595250982070105 ], [ -104.94226554013882, 38.585915736196803 ], [ -104.9439702, 38.5837689 ] ] ] } },
{ "type": "Feature", "properties": { "state_po": "CO", "county_geoid": "08043", "pwsid": "CO0122580", "pws_name": "ORCHARD PARK WA INC", "population_served_count": 78, "model_method": "Random Forest", "verification_status": "", "symbology_field": "Modeled", "intersection_area_sq_km": 0.57810799687506154 }, "geometry": { "type": "MultiPolygon", "coordinates": [ [ [ [ -105.238795, 38.461155200000015 ], [ -105.2388, 38.4624322 ], [ -105.237405, 38.462680199999959 ], [ -105.238795, 38.461155200000015 ] ] ], [ [ [ -105.246548, 38.4684942 ], [ -105.24263, 38.468446200000017 ], [ -105.24209, 38.466636200000011 ], [ -105.23876, 38.466686199999984 ], [ -105.23875, 38.4685162 ], [ -105.23645, 38.4685462 ], [ -105.23637, 38.466706200000012 ], [ -105.22727, 38.4665862 ], [ -105.22722, 38.4648962 ], [ -105.238775, 38.464931199999988 ], [ -105.2388, 38.4626962 ], [ -105.24468, 38.463576200000034 ], [ -105.24566, 38.4617262 ], [ -105.246548, 38.4684942 ] ] ] ] } },
{ "type": "Feature", "properties": { "state_po": "CO", "county_geoid": "08043", "pwsid": "CO0122050", "pws_name": "BROOKSIDE TOWN OF", "population_served_count": 438, "model_method": "Random Forest", "verification_status": "", "symbology_field": "Modeled", "intersection_area_sq_km": 0.78875489004411747 }, "geometry": { "type": "Polygon", "coordinates": [ [ [ -105.19942, 38.410310199999984 ], [ -105.197128, 38.4175962 ], [ -105.19484, 38.4184142 ], [ -105.184064, 38.41840720000004 ], [ -105.19016, 38.4175962 ], [ -105.1902, 38.413956199999987 ], [ -105.18645, 38.413926200000049 ], [ -105.18765, 38.41118620000001 ], [ -105.185749, 38.410066199999939 ], [ -105.194862, 38.410334200000015 ], [ -105.197169, 38.410760200000027 ], [ -105.197153, 38.412140200000024 ], [ -105.197433, 38.410307199999977 ], [ -105.19942, 38.410310199999984 ] ] ] } },
{ "type": "Feature", "properties": { "state_po": "CO", "county_geoid": "08043", "pwsid": "CO0108600", "pws_name": "MOUNTAIN VISTA VILLAGE", "population_served_count": 100, "model_method": "Random Forest", "verification_status": "", "symbology_field": "Modeled", "intersection_area_sq_km": 0.092036517023591807 }, "geometry": { "type": "MultiPolygon", "coordinates": [ [ [ [ -105.8461002, 38.447106199999986 ], [ -105.8446502, 38.4496762 ], [ -105.8448302, 38.447166200000012 ], [ -105.8461002, 38.447106199999986 ] ] ], [ [ [ -105.8343002, 38.448546200000052 ], [ -105.8362282, 38.4489232 ], [ -105.8390832, 38.454927200000036 ], [ -105.8343002, 38.448546200000052 ] ] ] ] } },
{ "type": "Feature", "properties": { "state_po": "CO", "county_geoid": "08043", "pwsid": "CO0122250", "pws_name": "COAL CREEK TOWN OF", "population_served_count": 350, "model_method": null, "verification_status": null, "symbology_field": "System Sourced", "intersection_area_sq_km": 1.7254327522109481 }, "geometry": { "type": "Polygon", "coordinates": [ [ [ -105.145987, 38.367551300000017 ], [ -105.140003100000015, 38.3661398 ], [ -105.140211799999989, 38.363568799999989 ], [ -105.1442201, 38.363122799999971 ], [ -105.14068060000001, 38.36245629999997 ], [ -105.1409715, 38.360408499999984 ], [ -105.1379542, 38.3611199 ], [ -105.1337137, 38.3592196 ], [ -105.1334418, 38.354721900000051 ], [ -105.1351988, 38.353206399999976 ], [ -105.1396262, 38.353913 ], [ -105.1435434, 38.352563900000014 ], [ -105.1456267, 38.356168300000036 ], [ -105.1488702, 38.354671099999983 ], [ -105.1507522, 38.355310300000035 ], [ -105.1509322, 38.362919599999969 ], [ -105.1483344, 38.364897400000025 ], [ -105.149948200000011, 38.366942399999957 ], [ -105.145987, 38.367551300000017 ] ] ] } },
{ "type": "Feature", "properties": { "state_po": "CO", "county_geoid": "08043", "pwsid": "CO0122700", "pws_name": "PENROSE WD", "population_served_count": 3149, "model_method": null, "verification_status": null, "symbology_field": "System Sourced", "intersection_area_sq_km": 37.373374072669229 }, "geometry": { "type": "MultiPolygon", "coordinates": [ [ [ [ -104.9760784, 38.407322499999985 ], [ -104.9781888, 38.406086199999976 ], [ -104.9794841, 38.407635699999986 ], [ -104.9760784, 38.407322499999985 ] ] ], [ [ [ -105.0135415, 38.4149058 ], [ -105.0126415, 38.412960299999973 ], [ -105.0161488, 38.41128940000003 ], [ -105.0168654, 38.413172599999982 ], [ -105.0135415, 38.4149058 ] ] ], [ [ [ -105.0563194, 38.4408246 ], [ -105.0495729, 38.4412421 ], [ -105.0557522, 38.445198900000022 ], [ -105.0533779, 38.448480499999981 ], [ -105.0472227, 38.448585900000012 ], [ -105.0443644, 38.447019199999964 ], [ -105.034674599999988, 38.4479416 ], [ -105.0338253, 38.451406 ], [ -105.0293628, 38.4505773 ], [ -105.0300822, 38.4526012 ], [ -105.0328969, 38.4530031 ], [ -105.0315185, 38.4548805 ], [ -105.0296045, 38.453453 ], [ -105.027307, 38.455048499999961 ], [ -105.0239297, 38.454955 ], [ -105.0232961, 38.453290799999962 ], [ -105.0251798, 38.4523194 ], [ -105.0222581, 38.451892299999962 ], [ -105.0214364, 38.449149400000024 ], [ -105.0141598, 38.456910900000011 ], [ -105.0117995, 38.4538338 ], [ -105.0067335, 38.451526899999955 ], [ -105.007916, 38.448581 ], [ -105.0048549, 38.4505411 ], [ -105.0029816, 38.448304400000033 ], [ -105.0032485, 38.451828399999954 ], [ -104.9986633, 38.451671700000048 ], [ -105.0000867, 38.453805600000038 ], [ -105.0042447, 38.452480299999969 ], [ -105.0087899, 38.455027900000012 ], [ -105.0028373, 38.456167599999958 ], [ -105.003475, 38.458900200000024 ], [ -105.00094, 38.45948659999997 ], [ -105.0013961, 38.4620393 ], [ -104.9992016, 38.462241 ], [ -104.9962531, 38.458867700000027 ], [ -104.9981451, 38.457760199999981 ], [ -105.000519, 38.459172400000014 ], [ -105.0010045, 38.4556352 ], [ -104.9982087, 38.455965 ], [ -104.9959619, 38.454159199999985 ], [ -104.9967974, 38.448829 ], [ -104.9883118, 38.450002100000034 ], [ -104.9869781, 38.4477395 ], [ -104.984075499999989, 38.447361300000033 ], [ -104.9844522, 38.444112899999979 ], [ -104.981571699999989, 38.440957100000027 ], [ -104.9823764, 38.437798500000014 ], [ -104.988791299999988, 38.437680599999972 ], [ -104.9891958, 38.434365 ], [ -104.9850515, 38.43509720000003 ], [ -104.9826167, 38.432670800000025 ], [ -104.9787662, 38.434668700000017 ], [ -104.9729597, 38.433704700000014 ], [ -104.975547100000014, 38.434997499999966 ], [ -104.9742975, 38.4367 ], [ -104.969856299999989, 38.434557 ], [ -104.9687013, 38.436260199999957 ], [ -104.9664425, 38.4357282 ], [ -104.9671896, 38.4307288 ], [ -104.9700017, 38.430325599999961 ], [ -104.9697475, 38.428784500000027 ], [ -104.9634448, 38.4271561 ], [ -104.963931500000015, 38.4248614 ], [ -104.9599147, 38.424821200000039 ], [ -104.9613357, 38.421777199999973 ], [ -104.9562442, 38.417414300000019 ], [ -104.9588474, 38.4158235 ], [ -104.9564613, 38.410191100000056 ], [ -104.9582107, 38.407735 ], [ -104.9518576, 38.407832799999973 ], [ -104.9495429, 38.405031499999971 ], [ -104.9505163, 38.400629099999982 ], [ -104.9546322, 38.399282299999967 ], [ -104.9521901, 38.392134300000016 ], [ -104.962799, 38.391710100000012 ], [ -104.9660558, 38.394354399999962 ], [ -104.9663783, 38.3918812 ], [ -104.968699, 38.391559200000032 ], [ -104.971375099999989, 38.395158799999983 ], [ -104.9749739, 38.3967241 ], [ -104.9742411, 38.401212199999975 ], [ -104.976667299999988, 38.403422399999982 ], [ -104.9747963, 38.405204700000013 ], [ -104.9754771, 38.407406300000048 ], [ -104.9867846, 38.408576200000034 ], [ -104.988474400000015, 38.407904800000018 ], [ -104.988371199999989, 38.4073333 ], [ -104.9857446, 38.407453700000019 ], [ -104.9833263, 38.402536799999979 ], [ -104.980162, 38.4012543 ], [ -104.9779345, 38.398036799999986 ], [ -104.980098500000011, 38.39730219999997 ], [ -104.9817354, 38.399002200000012 ], [ -104.9845445, 38.395684100000025 ], [ -104.985113, 38.388866300000032 ], [ -104.9888344, 38.389394099999983 ], [ -104.9919468, 38.38733950000001 ], [ -104.9935957, 38.390432499999982 ], [ -104.9942561, 38.388393600000015 ], [ -104.9964483, 38.388191900000017 ], [ -104.9971959, 38.39335980000002 ], [ -104.9950408, 38.394424 ], [ -104.9969047, 38.396419199999968 ], [ -104.9910433, 38.397644400000011 ], [ -104.9932263, 38.399699700000014 ], [ -104.9938012, 38.398171300000044 ], [ -104.9958485, 38.398077499999978 ], [ -104.9973363, 38.403598 ], [ -105.0016195, 38.4038231 ], [ -105.0027362, 38.410265099999947 ], [ -105.0044283, 38.408647499999972 ], [ -105.0070563, 38.409410299999962 ], [ -105.0073301, 38.414954200000032 ], [ -105.0063404, 38.4156888 ], [ -105.0040332, 38.4155993 ], [ -105.0034916, 38.4161599 ], [ -105.0157648, 38.416922399999969 ], [ -105.0166855, 38.418364599999975 ], [ -105.0152444, 38.419465099999968 ], [ -105.0174324, 38.420920499999966 ], [ -105.0190322, 38.417123299999943 ], [ -105.0223794, 38.416528199999952 ], [ -105.024588099999988, 38.413371199999965 ], [ -105.0260801, 38.414478699999968 ], [ -105.0253394, 38.416689899999987 ], [ -105.0275704, 38.415925800000025 ], [ -105.0317216, 38.417148300000029 ], [ -105.032017400000015, 38.420724200000024 ], [ -105.0411792, 38.419127700000018 ], [ -105.0461922, 38.419597300000035 ], [ -105.048051, 38.421091600000025 ], [ -105.050585900000016, 38.420468 ], [ -105.0512875, 38.421984499999972 ], [ -105.0491715, 38.424541800000021 ], [ -105.046925800000011, 38.422926500000038 ], [ -105.04306720000001, 38.422774 ], [ -105.0465286, 38.4245813 ], [ -105.0459865, 38.4271735 ], [ -105.0477632, 38.4263665 ], [ -105.0492555, 38.427474 ], [ -105.0493336, 38.434352 ], [ -105.0469714, 38.437902199999975 ], [ -105.0513314, 38.4392075 ], [ -105.0519716, 38.436819899999975 ], [ -105.0563125, 38.4379418 ], [ -105.0563194, 38.4408246 ] ], [ [ -104.993918, 38.394093700000013 ], [ -104.9943823, 38.394146200000023 ], [ -104.993931, 38.3937509 ], [ -104.993918, 38.394093700000013 ] ], [ [ -104.9986325, 38.4061055 ], [ -104.9981088, 38.4067032 ], [ -104.998329399999989, 38.406957 ], [ -104.9986325, 38.4061055 ] ], [ [ -105.003099, 38.4123747 ], [ -105.0022596, 38.411375899999967 ], [ -105.0011624, 38.412315700000022 ], [ -105.003099, 38.4123747 ] ], [ [ -104.9995162, 38.41245440000003 ], [ -104.9996978, 38.412392799999964 ], [ -104.998822, 38.4118853 ], [ -104.9995162, 38.41245440000003 ] ], [ [ -105.0344497, 38.422289 ], [ -105.0342897, 38.422327300000028 ], [ -105.034291900000014, 38.422342 ], [ -105.0344497, 38.422289 ] ], [ [ -105.012367, 38.44846 ], [ -105.0115125, 38.449278500000013 ], [ -105.0126835, 38.4521547 ], [ -105.013542, 38.451169299999975 ], [ -105.012367, 38.44846 ] ], [ [ -105.031737299999989, 38.44927090000003 ], [ -105.0315456, 38.449200600000012 ], [ -105.0315332, 38.449441499999971 ], [ -105.031737299999989, 38.44927090000003 ] ], [ [ -105.0021654, 38.455671799999976 ], [ -105.0020777, 38.4556925 ], [ -105.002227499999989, 38.455746100000034 ], [ -105.0021654, 38.455671799999976 ] ], [ [ -104.988837499999988, 38.3904804 ], [ -104.9887896, 38.390555499999969 ], [ -104.9889036, 38.390583799999931 ], [ -104.988837499999988, 38.3904804 ] ], [ [ -104.9654993, 38.424995799999962 ], [ -104.9652141, 38.4246203 ], [ -104.9648226, 38.424789100000041 ], [ -104.9654993, 38.424995799999962 ] ], [ [ -104.970967, 38.430740499999985 ], [ -104.9696273, 38.432431 ], [ -104.972321799999989, 38.432711399999953 ], [ -104.970967, 38.430740499999985 ] ], [ [ -104.9894651, 38.4331503 ], [ -104.9893606, 38.433155500000041 ], [ -104.989441899999989, 38.43337769999998 ], [ -104.9894651, 38.4331503 ] ], [ [ -104.9895423, 38.433839699999986 ], [ -104.9894479, 38.433866600000023 ], [ -104.9894153, 38.4339746 ], [ -104.9895423, 38.433839699999986 ] ], [ [ -104.9906465, 38.4480808 ], [ -104.9907054, 38.448151200000019 ], [ -104.9907106, 38.4480837 ], [ -104.9906465, 38.4480808 ] ], [ [ -104.9973564, 38.4487185 ], [ -104.997298300000011, 38.44873829999996 ], [ -104.9973702, 38.448735 ], [ -104.9973564, 38.4487185 ] ] ], [ [ [ -105.0521184, 38.429103499999968 ], [ -105.051060299999989, 38.427446100000012 ], [ -105.0532934, 38.426563899999977 ], [ -105.0543516, 38.428221199999975 ], [ -105.0521184, 38.429103499999968 ] ] ], [ [ [ -105.0470373, 38.451418799999971 ], [ -105.0459788, 38.4497614 ], [ -105.0482127, 38.4488792 ], [ -105.0492712, 38.450536500000027 ], [ -105.0470373, 38.451418799999971 ] ] ], [ [ [ -105.0308621, 38.472889800000011 ], [ -105.0281599, 38.470882 ], [ -105.0197846, 38.4719009 ], [ -105.0185344, 38.4701984 ], [ -105.0328639, 38.4681352 ], [ -105.0342416, 38.4711695 ], [ -105.0308621, 38.472889800000011 ] ] ], [ [ [ -105.0308608, 38.476075 ], [ -105.029802, 38.474417600000024 ], [ -105.0320366, 38.47353540000001 ], [ -105.0330271, 38.4753404 ], [ -105.0308608, 38.476075 ] ] ] ] } },
{ "type": "Feature", "properties": { "state_po": "CO", "county_geoid": "08043", "pwsid": "CO0122800", "pws_name": "ROCKVALE TOWN OF", "population_served_count": 504, "model_method": null, "verification_status": null, "symbology_field": "System Sourced", "intersection_area_sq_km": 3.3818716616163869 }, "geometry": { "type": "Polygon", "coordinates": [ [ [ -105.167332699999989, 38.369901800000044 ], [ -105.1654552, 38.3729022 ], [ -105.1659539, 38.3772879 ], [ -105.1619121, 38.378482900000023 ], [ -105.1607, 38.37479259999995 ], [ -105.1603632, 38.378116100000014 ], [ -105.1585876, 38.378923100000023 ], [ -105.1553324, 38.3774136 ], [ -105.156989, 38.372639700000022 ], [ -105.154191400000016, 38.372543699999987 ], [ -105.1531294, 38.374751199999956 ], [ -105.151082699999989, 38.374845 ], [ -105.1480149, 38.367673 ], [ -105.1615199, 38.365092600000018 ], [ -105.159406, 38.362714499999989 ], [ -105.1627447, 38.359955699999979 ], [ -105.159944599999989, 38.3587038 ], [ -105.1613611, 38.35491810000002 ], [ -105.165022799999988, 38.350083799999979 ], [ -105.1712829, 38.346368300000037 ], [ -105.172756299999989, 38.350123799999977 ], [ -105.1687996, 38.3515385 ], [ -105.1704962, 38.352956 ], [ -105.1702893, 38.3575756 ], [ -105.1679696, 38.361188400000025 ], [ -105.1696802, 38.363060299999965 ], [ -105.169215799999989, 38.365652899999986 ], [ -105.172094199999989, 38.365754 ], [ -105.172953299999989, 38.367608599999983 ], [ -105.167332699999989, 38.369901800000044 ] ], [ [ -105.160304, 38.370580300000029 ], [ -105.159798099999989, 38.370431899999978 ], [ -105.1592503, 38.370805900000029 ], [ -105.160304, 38.370580300000029 ] ] ] } },
{ "type": "Feature", "properties": { "state_po": "CO", "county_geoid": "08043", "pwsid": "CO0122950", "pws_name": "WILLIAMSBURG TOWN OF", "population_served_count": 775, "model_method": null, "verification_status": null, "symbology_field": "System Sourced", "intersection_area_sq_km": 3.633872627305232 }, "geometry": { "type": "Polygon", "coordinates": [ [ [ -105.161090699999988, 38.386018700000015 ], [ -105.1530643, 38.385715099999963 ], [ -105.152531599999989, 38.3891452 ], [ -105.1484414, 38.389130799999982 ], [ -105.1498859, 38.3914465 ], [ -105.152451899999988, 38.391820300000028 ], [ -105.1519085, 38.393625 ], [ -105.1447438, 38.3922989 ], [ -105.143183, 38.3895956 ], [ -105.1445149, 38.3870656 ], [ -105.1401801, 38.383124599999988 ], [ -105.143128, 38.3821078 ], [ -105.1435501, 38.3788206 ], [ -105.1464548, 38.378072699999954 ], [ -105.1443615, 38.376963499999967 ], [ -105.1446526, 38.373900800000037 ], [ -105.1521083, 38.3730864 ], [ -105.1534717, 38.37590669999998 ], [ -105.1588894, 38.376667800000014 ], [ -105.162578900000014, 38.373462100000012 ], [ -105.163857, 38.3765002 ], [ -105.170835, 38.377945 ], [ -105.1688492, 38.383785700000033 ], [ -105.1697858, 38.387167600000012 ], [ -105.1676381, 38.389043400000027 ], [ -105.1626621, 38.3893715 ], [ -105.161090699999988, 38.386018700000015 ] ], [ [ -105.1477977, 38.375960700000014 ], [ -105.1473357, 38.375724800000079 ], [ -105.1476689, 38.37624970000001 ], [ -105.1477977, 38.375960700000014 ] ], [ [ -105.147680799999989, 38.376887700000019 ], [ -105.1476771, 38.376875300000052 ], [ -105.1476728, 38.3768896 ], [ -105.147680799999989, 38.376887700000019 ] ], [ [ -105.1503032, 38.380832300000073 ], [ -105.1501256, 38.380684 ], [ -105.1502794, 38.3808535 ], [ -105.1503032, 38.380832300000073 ] ], [ [ -105.143661099999989, 38.383532099999954 ], [ -105.1435396, 38.383430399999988 ], [ -105.1434725, 38.383576599999955 ], [ -105.143661099999989, 38.383532099999954 ] ], [ [ -105.1525219, 38.384415600000018 ], [ -105.1521622, 38.383424900000037 ], [ -105.1514548, 38.384080699999984 ], [ -105.1525219, 38.384415600000018 ] ] ] } },
{ "type": "Feature", "properties": { "state_po": "CO", "county_geoid": "08027", "pwsid": "CO0114550", "pws_name": "TV HILLS WATER", "population_served_count": 38, "model_method": "Random Forest", "verification_status": "", "symbology_field": "Modeled", "intersection_area_sq_km": 7.6819257723364185 }, "geometry": { "type": "Polygon", "coordinates": [ [ [ -105.07647, 38.257831199999984 ], [ -105.081471, 38.2400542 ], [ -105.09088, 38.228768200000012 ], [ -105.085773, 38.238300199999955 ], [ -105.0859, 38.243089199999964 ], [ -105.094603, 38.243374200000019 ], [ -105.108618, 38.240703200000041 ], [ -105.108837, 38.243385199999949 ], [ -105.113774, 38.24576219999998 ], [ -105.117861, 38.245168200000037 ], [ -105.117715, 38.246835199999971 ], [ -105.1292, 38.246114199999958 ], [ -105.133472, 38.2478652 ], [ -105.133341, 38.250441199999933 ], [ -105.135833, 38.2516502 ], [ -105.133745, 38.257300199999989 ], [ -105.139234, 38.256481199999975 ], [ -105.140278, 38.257532199999972 ], [ -105.07647, 38.257831199999984 ] ] ] } },
{ "type": "Feature", "properties": { "state_po": "CO", "county_geoid": "08027", "pwsid": "CO0114500", "pws_name": "ROUND MOUNTAIN WSD", "population_served_count": 1950, "model_method": "Random Forest", "verification_status": "", "symbology_field": "Modeled", "intersection_area_sq_km": 3.2149561201837624 }, "geometry": { "type": "Polygon", "coordinates": [ [ [ -105.467485, 38.127400200000046 ], [ -105.465232, 38.1274242 ], [ -105.465116, 38.130938199999989 ], [ -105.473042, 38.1311222 ], [ -105.473266, 38.134264200000025 ], [ -105.477903, 38.138554199999952 ], [ -105.477754, 38.143585200000011 ], [ -105.479551, 38.145780199999962 ], [ -105.472435, 38.1419772 ], [ -105.468341, 38.141907200000048 ], [ -105.467452, 38.145560199999949 ], [ -105.459292, 38.145322199999988 ], [ -105.457986, 38.144080200000033 ], [ -105.458155, 38.1358232 ], [ -105.450237, 38.136115199999985 ], [ -105.45182, 38.136492200000021 ], [ -105.451832, 38.137259200000031 ], [ -105.439625, 38.1371662 ], [ -105.439821, 38.132322199999976 ], [ -105.448757, 38.132858200000015 ], [ -105.449034, 38.131004200000042 ], [ -105.45339, 38.131031200000017 ], [ -105.453544, 38.133381200000017 ], [ -105.456647, 38.133483200000015 ], [ -105.457417, 38.130555200000032 ], [ -105.460891, 38.130590200000015 ], [ -105.460611, 38.128822199999988 ], [ -105.463391, 38.12857319999997 ], [ -105.463113, 38.12727620000004 ], [ -105.467485, 38.127400200000046 ] ] ] } },
{ "type": "Feature", "properties": { "state_po": "CO", "county_geoid": "08117", "pwsid": "CO0159005", "pws_name": "BLUE RIVER VALLEY RANCH LAKES", "population_served_count": 150, "model_method": "Random Forest", "verification_status": "", "symbology_field": "Modeled", "intersection_area_sq_km": 0.43208008046635898 }, "geometry": { "type": "MultiPolygon", "coordinates": [ [ [ [ -106.077454300000014, 39.645791299999978 ], [ -106.0769623, 39.652850299999976 ], [ -106.0722323, 39.6525413 ], [ -106.073124299999989, 39.645236299999979 ], [ -106.077454300000014, 39.645791299999978 ] ] ], [ [ [ -106.0857933, 39.652968300000012 ], [ -106.0819153, 39.65337729999996 ], [ -106.0813233, 39.655558299999974 ], [ -106.080488300000013, 39.652184299999988 ], [ -106.085637300000016, 39.650948300000024 ], [ -106.0857933, 39.652968300000012 ] ] ] ] } },
{ "type": "Feature", "properties": { "state_po": "CO", "county_geoid": "08117", "pwsid": "CO0159025", "pws_name": "BUFFALO MOUNTAIN MD", "population_served_count": 2650, "model_method": "Random Forest", "verification_status": "", "symbology_field": "Modeled", "intersection_area_sq_km": 0.26813520086630255 }, "geometry": { "type": "Polygon", "coordinates": [ [ [ -106.0827433, 39.6190193 ], [ -106.0762713, 39.621764300000038 ], [ -106.0748423, 39.624052299999974 ], [ -106.0734473, 39.624047300000022 ], [ -106.0737743, 39.617036300000031 ], [ -106.0751693, 39.6195653 ], [ -106.0819673, 39.617503299999989 ], [ -106.0827433, 39.6190193 ] ] ] } },
{ "type": "Feature", "properties": { "state_po": "CO", "county_geoid": "08117", "pwsid": "CO0159035", "pws_name": "DILLON TOWN OF", "population_served_count": 3254, "model_method": "Random Forest", "verification_status": "", "symbology_field": "Modeled", "intersection_area_sq_km": 4.2701420321779215 }, "geometry": { "type": "Polygon", "coordinates": [ [ [ -106.0576606, 39.624215700000029 ], [ -106.0544775, 39.626949700000033 ], [ -106.0504295, 39.628801600000038 ], [ -106.0562995, 39.6303157 ], [ -106.0599446, 39.627106799999964 ], [ -106.0594005, 39.629776799999988 ], [ -106.056315399999988, 39.631471700000034 ], [ -106.0448764, 39.632541499999967 ], [ -106.0427273, 39.634872500000014 ], [ -106.045218300000016, 39.634544499999954 ], [ -106.0469203, 39.636514600000027 ], [ -106.0453222, 39.637729500000013 ], [ -106.0207139, 39.646980199999959 ], [ -106.0397473, 39.634140500000015 ], [ -106.034745199999989, 39.636458399999988 ], [ -106.0391993, 39.633734500000024 ], [ -106.0363104, 39.631316399999974 ], [ -106.0341594, 39.6314484 ], [ -106.0328095, 39.62777939999998 ], [ -106.0280814, 39.627773299999973 ], [ -106.0280525, 39.624108299999953 ], [ -106.0234275, 39.624077199999952 ], [ -106.0233537, 39.616861199999981 ], [ -106.0154837, 39.616839099999964 ], [ -106.0140599, 39.6096091 ], [ -106.0233279, 39.609606199999959 ], [ -106.0233319, 39.610935200000036 ], [ -106.0248879, 39.609608199999983 ], [ -106.0290299, 39.60970630000002 ], [ -106.0424738, 39.616046500000024 ], [ -106.0430957, 39.617870500000031 ], [ -106.0365287, 39.619667400000033 ], [ -106.0300867, 39.618157300000028 ], [ -106.0241978, 39.614596199999951 ], [ -106.0271727, 39.6196693 ], [ -106.0338556, 39.624007399999989 ], [ -106.0383044, 39.630176399999968 ], [ -106.0426706, 39.625253500000042 ], [ -106.0534715, 39.626831700000018 ], [ -106.0576606, 39.624215700000029 ] ] ] } },
{ "type": "Feature", "properties": { "state_po": "CO", "county_geoid": "08117", "pwsid": "CO0159040", "pws_name": "DILLON VALLEY DISTRICT", "population_served_count": 3063, "model_method": "Random Forest", "verification_status": "", "symbology_field": "Modeled", "intersection_area_sq_km": 0.34432496046537908 }, "geometry": { "type": "Polygon", "coordinates": [ [ [ -106.0406693, 39.639858299999958 ], [ -106.0418143, 39.641314300000033 ], [ -106.0348283, 39.6444673 ], [ -106.0274743, 39.6455523 ], [ -106.0215613, 39.649117299999986 ], [ -106.0225553, 39.646787299999978 ], [ -106.0406693, 39.639858299999958 ] ] ] } },
{ "type": "Feature", "properties": { "state_po": "CO", "county_geoid": "08117", "pwsid": "CO0159045", "pws_name": "EAST DILLON WD", "population_served_count": 2501, "model_method": "Random Forest", "verification_status": "", "symbology_field": "Modeled", "intersection_area_sq_km": 3.6007406020748185 }, "geometry": { "type": "Polygon", "coordinates": [ [ [ -106.0072743, 39.5839993 ], [ -106.0065813, 39.587632300000024 ], [ -106.0028323, 39.5876683 ], [ -106.0029013, 39.5884143 ], [ -106.0096383, 39.590907299999976 ], [ -106.014519299999989, 39.588302299999981 ], [ -106.0176473, 39.588993299999984 ], [ -106.0199393, 39.5851173 ], [ -106.0198473, 39.595451299999986 ], [ -106.018521299999989, 39.594983300000017 ], [ -106.0146963, 39.597960299999976 ], [ -106.0141063, 39.6006233 ], [ -106.0154803, 39.600974300000011 ], [ -106.0102603, 39.6037293 ], [ -106.0097193, 39.60595529999997 ], [ -106.0070153, 39.60444229999996 ], [ -106.0013243, 39.604748299999969 ], [ -105.9950863, 39.601947300000042 ], [ -105.9875833, 39.603286299999986 ], [ -105.988077300000015, 39.601303300000012 ], [ -105.9945903, 39.600489300000014 ], [ -105.9911843, 39.597322299999952 ], [ -105.9962583, 39.597449299999973 ], [ -105.9923613, 39.5948023 ], [ -105.9949623, 39.5914463 ], [ -105.9949053, 39.585591300000011 ], [ -105.9993363, 39.587570300000031 ], [ -106.0016463, 39.586360300000017 ], [ -106.0042653, 39.587326299999958 ], [ -106.005125299999989, 39.5861983 ], [ -106.0033843, 39.585785300000033 ], [ -106.0072743, 39.5839993 ] ] ] } },
{ "type": "Feature", "properties": { "state_po": "CO", "county_geoid": "08117", "pwsid": "CO0159060", "pws_name": "HEENEY WATER DISTRICT", "population_served_count": 150, "model_method": "Random Forest", "verification_status": "", "symbology_field": "Modeled", "intersection_area_sq_km": 0.17151616780389764 }, "geometry": { "type": "Polygon", "coordinates": [ [ [ -106.3041834, 39.872522299999979 ], [ -106.308043399999988, 39.872497300000035 ], [ -106.3127844, 39.873750299999983 ], [ -106.306540399999989, 39.875551299999955 ], [ -106.3031004, 39.8744343 ], [ -106.3041834, 39.872522299999979 ] ] ] } },
{ "type": "Feature", "properties": { "state_po": "CO", "county_geoid": "08117", "pwsid": "CO0159065", "pws_name": "KEYSTONE RANCH", "population_served_count": 670, "model_method": "Random Forest", "verification_status": "", "symbology_field": "Modeled", "intersection_area_sq_km": 2.4870088822757412 }, "geometry": { "type": "MultiPolygon", "coordinates": [ [ [ [ -105.9997714, 39.5865569 ], [ -105.9976174, 39.5877818 ], [ -105.9930654, 39.585783799999966 ], [ -105.9931383, 39.591534800000019 ], [ -105.9893853, 39.592191700000029 ], [ -105.9881416, 39.579548700000025 ], [ -105.9932008, 39.5703398 ], [ -105.9927179, 39.5656278 ], [ -105.989657, 39.562271699999968 ], [ -105.990884, 39.5611907 ], [ -105.994962, 39.564464799999975 ], [ -105.9942849, 39.566749800000061 ], [ -105.996503800000013, 39.569713800000045 ], [ -105.9950626, 39.580402800000023 ], [ -106.0046356, 39.5804859 ], [ -106.0069695, 39.58235 ], [ -106.0069965, 39.584169 ], [ -106.0045205, 39.5840759 ], [ -106.0026684, 39.5874569 ], [ -105.9997714, 39.5865569 ] ] ], [ [ [ -105.986069, 39.60026270000003 ], [ -105.988621, 39.6012777 ], [ -105.984467, 39.601729700000043 ], [ -105.9826309, 39.604488599999925 ], [ -105.9714348, 39.6065025 ], [ -105.9671259, 39.604801399999957 ], [ -105.973217, 39.601427499999929 ], [ -105.986069, 39.60026270000003 ] ] ] ] } },
{ "type": "Feature", "properties": { "state_po": "CO", "county_geoid": "08117", "pwsid": "CO0159080", "pws_name": "MESA CORTINA WSD", "population_served_count": 466, "model_method": "Random Forest", "verification_status": "", "symbology_field": "Modeled", "intersection_area_sq_km": 0.038214497896082653 }, "geometry": { "type": "Polygon", "coordinates": [ [ [ -106.0991993, 39.621306299999986 ], [ -106.0976963, 39.623538299999971 ], [ -106.096305300000012, 39.623545300000025 ], [ -106.0975443, 39.62087929999997 ], [ -106.0991993, 39.621306299999986 ] ] ] } },
{ "type": "Feature", "properties": { "state_po": "CO", "county_geoid": "08117", "pwsid": "CO0159120", "pws_name": "TANGLEWOOD WS", "population_served_count": 60, "model_method": "Random Forest", "verification_status": "", "symbology_field": "Modeled", "intersection_area_sq_km": 0.038543235899270833 }, "geometry": { "type": "Polygon", "coordinates": [ [ [ -106.0703113, 39.63801330000004 ], [ -106.068126299999989, 39.63851630000002 ], [ -106.0689613, 39.634906300000011 ], [ -106.0698053, 39.6348893 ], [ -106.0703113, 39.63801330000004 ] ] ] } },
{ "type": "Feature", "properties": { "state_po": "CO", "county_geoid": "08117", "pwsid": "CO0159725", "pws_name": "SWANS NEST MD", "population_served_count": 200, "model_method": "Random Forest", "verification_status": "", "symbology_field": "Modeled", "intersection_area_sq_km": 0.74878347557443459 }, "geometry": { "type": "MultiPolygon", "coordinates": [ [ [ [ -106.040664299999989, 39.531808300000023 ], [ -106.0397713, 39.53576730000001 ], [ -106.0349043, 39.535854300000011 ], [ -106.0369683, 39.5406003 ], [ -106.040360299999989, 39.539513299999982 ], [ -106.0407423, 39.53797829999997 ], [ -106.0424753, 39.536826300000016 ], [ -106.0399953, 39.5400633 ], [ -106.0368823, 39.540962299999975 ], [ -106.0243433, 39.529595299999983 ], [ -106.0316273, 39.529263299999982 ], [ -106.0337003, 39.531884300000037 ], [ -106.0365073, 39.531254299999986 ], [ -106.0346683, 39.528449299999977 ], [ -106.040664299999989, 39.531808300000023 ] ] ], [ [ [ -106.039027300000015, 39.54181830000006 ], [ -106.0368203, 39.5415993 ], [ -106.038587299999989, 39.5410143 ], [ -106.039027300000015, 39.54181830000006 ] ] ], [ [ [ -106.0381453, 39.5438673 ], [ -106.0374313, 39.544525300000046 ], [ -106.0365863, 39.5426003 ], [ -106.0381453, 39.5438673 ] ] ] ] } },
{ "type": "Feature", "properties": { "state_po": "CO", "county_geoid": "08117", "pwsid": "CO0259003", "pws_name": "TIMBER CREEK WD", "population_served_count": 312, "model_method": "Random Forest", "verification_status": "", "symbology_field": "Modeled", "intersection_area_sq_km": 0.3506511109427643 }, "geometry": { "type": "MultiPolygon", "coordinates": [ [ [ [ -106.0519153, 39.396727299999966 ], [ -106.0502703, 39.402234300000018 ], [ -106.0494573, 39.4022093 ], [ -106.04817030000001, 39.4000623 ], [ -106.0499503, 39.395950299999967 ], [ -106.0519153, 39.396727299999966 ] ] ], [ [ [ -106.0470043, 39.404695299999986 ], [ -106.0458903, 39.407257300000019 ], [ -106.0424833, 39.408487300000026 ], [ -106.0447613, 39.404291299999983 ], [ -106.0470043, 39.404695299999986 ] ] ], [ [ [ -106.0452493, 39.415300299999956 ], [ -106.0418603, 39.4214153 ], [ -106.0423273, 39.422449299999961 ], [ -106.0425743, 39.4235293 ], [ -106.041165299999989, 39.4214913 ], [ -106.0424163, 39.415750299999964 ], [ -106.0452493, 39.415300299999956 ] ] ] ] } },
{ "type": "Feature", "properties": { "state_po": "CO", "county_geoid": "08117", "pwsid": "CO0259019", "pws_name": "WAYSIDE", "population_served_count": 40, "model_method": "Random Forest", "verification_status": "", "symbology_field": "Modeled", "intersection_area_sq_km": 0.078069132481937809 }, "geometry": { "type": "MultiPolygon", "coordinates": [ [ [ [ -106.0331533, 39.528613300000018 ], [ -106.0346553, 39.529834299999962 ], [ -106.0364423, 39.5313163 ], [ -106.0332603, 39.530183300000054 ], [ -106.0331533, 39.528613300000018 ] ] ], [ [ [ -106.0346683, 39.528449299999977 ], [ -106.040692299999989, 39.531680299999955 ], [ -106.039676300000011, 39.533045299999948 ], [ -106.0381083, 39.5327783 ], [ -106.0385413, 39.531222300000017 ], [ -106.0346683, 39.528449299999977 ] ] ] ] } },
{ "type": "Feature", "properties": { "state_po": "CO", "county_geoid": "08117", "pwsid": "CO0159050", "pws_name": "FARMERS KORNER MHP", "population_served_count": 159, "model_method": "Parcel", "verification_status": "", "symbology_field": "Modeled", "intersection_area_sq_km": 0.019828694754732753 }, "geometry": { "type": "Polygon", "coordinates": [ [ [ -106.0540908, 39.5645045 ], [ -106.05429980000001, 39.566027700000028 ], [ -106.0529408, 39.5658743 ], [ -106.0524213, 39.564650799999981 ], [ -106.0540908, 39.5645045 ] ] ] } },
{ "type": "Feature", "properties": { "state_po": "CO", "county_geoid": "08049", "pwsid": "CO0125148", "pws_name": "BLUE VALLEY MD", "population_served_count": 410, "model_method": "Random Forest", "verification_status": "", "symbology_field": "Modeled", "intersection_area_sq_km": 0.31002515259339869 }, "geometry": { "type": "MultiPolygon", "coordinates": [ [ [ [ -106.3445044, 39.924529300000039 ], [ -106.3426374, 39.9249263 ], [ -106.340959399999988, 39.92121430000001 ], [ -106.3384814, 39.920911300000014 ], [ -106.3375514, 39.919234300000049 ], [ -106.339068400000016, 39.918805299999974 ], [ -106.3445044, 39.924529300000039 ] ] ], [ [ [ -106.3440744, 39.925442299999986 ], [ -106.3447104, 39.9338873 ], [ -106.3443604, 39.9343684 ], [ -106.3413304, 39.93094940000001 ], [ -106.3437574, 39.928905300000025 ], [ -106.3399554, 39.926708300000037 ], [ -106.3440744, 39.925442299999986 ] ] ] ] } },
{ "type": "Feature", "properties": { "state_po": "CO", "county_geoid": "08049", "pwsid": "CO0125246", "pws_name": "OLYMPIC VILLAGE", "population_served_count": 75, "model_method": "Random Forest", "verification_status": "", "symbology_field": "Modeled", "intersection_area_sq_km": 0.66109021661123868 }, "geometry": { "type": "Polygon", "coordinates": [ [ [ -105.941936399999989, 40.0199174 ], [ -105.940332399999988, 40.029393400000032 ], [ -105.9338344, 40.030965399999957 ], [ -105.9377874, 40.0192124 ], [ -105.9374194, 40.013313399999987 ], [ -105.940450399999989, 40.015771399999984 ], [ -105.941936399999989, 40.0199174 ] ] ] } },
{ "type": "Feature", "properties": { "state_po": "CO", "county_geoid": "08049", "pwsid": "CO0125320", "pws_name": "GRANBY JONES MHP", "population_served_count": 201, "model_method": "Parcel", "verification_status": "", "symbology_field": "Modeled", "intersection_area_sq_km": 0.019596586147197205 }, "geometry": { "type": "Polygon", "coordinates": [ [ [ -105.927664400000012, 40.087438400000011 ], [ -105.9276024, 40.090894399999982 ], [ -105.9271094, 40.090876399999956 ], [ -105.9264234, 40.087386399999964 ], [ -105.927664400000012, 40.087438400000011 ] ] ] } },
{ "type": "Feature", "properties": { "state_po": "CO", "county_geoid": "08049", "pwsid": "CO0125455", "pws_name": "KREMMLING TOWN OF", "population_served_count": 1859, "model_method": "Random Forest", "verification_status": "", "symbology_field": "Modeled", "intersection_area_sq_km": 2.3093895431342775 }, "geometry": { "type": "Polygon", "coordinates": [ [ [ -106.3865855, 40.051756399999974 ], [ -106.3948765, 40.0555334 ], [ -106.3947585, 40.058044400000036 ], [ -106.3983715, 40.058111400000044 ], [ -106.4019745, 40.060250400000015 ], [ -106.3983695, 40.060047399999981 ], [ -106.3925865, 40.063233400000037 ], [ -106.3850455, 40.063239400000043 ], [ -106.3850045, 40.064954399999984 ], [ -106.3805625, 40.064802399999955 ], [ -106.3807325, 40.063304399999964 ], [ -106.3783495, 40.062729399999967 ], [ -106.3807665, 40.061338400000025 ], [ -106.3664045, 40.06075240000002 ], [ -106.3665225, 40.058829400000022 ], [ -106.362632499999989, 40.058613399999963 ], [ -106.3627515, 40.056881400000023 ], [ -106.3666255, 40.057025400000015 ], [ -106.3666925, 40.0559144 ], [ -106.371779499999988, 40.057649399999974 ], [ -106.3799715, 40.0575964 ], [ -106.3808315, 40.054478399999944 ], [ -106.3773735, 40.0540034 ], [ -106.3782025, 40.05161740000004 ], [ -106.3760135, 40.050517399999983 ], [ -106.3865855, 40.051756399999974 ] ] ] } },
{ "type": "Feature", "properties": { "state_po": "CO", "county_geoid": "08049", "pwsid": "CO0125518", "pws_name": "MORAINE PARK WS", "population_served_count": 100, "model_method": "Random Forest", "verification_status": "", "symbology_field": "Modeled", "intersection_area_sq_km": 0.030795272597797751 }, "geometry": { "type": "Polygon", "coordinates": [ [ [ -105.9348834, 40.0900034 ], [ -105.9388094, 40.0909864 ], [ -105.9348344, 40.090827399999974 ], [ -105.9348834, 40.0900034 ] ] ] } },
{ "type": "Feature", "properties": { "state_po": "CO", "county_geoid": "08049", "pwsid": "CO0125710", "pws_name": "GRANBY TOWN OF SOUTH SERVICE AREA", "population_served_count": 2300, "model_method": "Random Forest", "verification_status": "", "symbology_field": "Modeled", "intersection_area_sq_km": 11.921016811210555 }, "geometry": { "type": "MultiPolygon", "coordinates": [ [ [ [ -105.9350034, 40.042768400000014 ], [ -105.9312204, 40.05162840000002 ], [ -105.928512399999988, 40.05249640000001 ], [ -105.927780399999989, 40.054691399999989 ], [ -105.9261464, 40.054371400000022 ], [ -105.926622400000014, 40.055791400000011 ], [ -105.9241044, 40.055982400000012 ], [ -105.9245674, 40.0564204 ], [ -105.9228134, 40.057587399999981 ], [ -105.9216294, 40.061110400000025 ], [ -105.919343399999988, 40.059258399999976 ], [ -105.9156234, 40.061164399999988 ], [ -105.9164634, 40.0598234 ], [ -105.912915399999989, 40.055246400000058 ], [ -105.9116634, 40.0564254 ], [ -105.9122824, 40.0528824 ], [ -105.9095294, 40.053164400000028 ], [ -105.9051434, 40.045947399999953 ], [ -105.8997524, 40.05042739999994 ], [ -105.8973104, 40.048962400000015 ], [ -105.8925554, 40.049565399999956 ], [ -105.8912384, 40.056784400000062 ], [ -105.882821400000012, 40.056234399999965 ], [ -105.8856234, 40.0531454 ], [ -105.8808594, 40.053143399999968 ], [ -105.884896399999988, 40.048223400000069 ], [ -105.8839093, 40.042380399999971 ], [ -105.9037834, 40.041869399999989 ], [ -105.9036244, 40.040026399999967 ], [ -105.9078334, 40.038122400000013 ], [ -105.9084774, 40.040753399999986 ], [ -105.9110764, 40.040326399999977 ], [ -105.9101264, 40.037462400000024 ], [ -105.9135274, 40.032462399999979 ], [ -105.9116664, 40.03143140000001 ], [ -105.9203594, 40.022606399999987 ], [ -105.9236504, 40.0151094 ], [ -105.9281254, 40.016118399999968 ], [ -105.9259274, 40.024299399999961 ], [ -105.9289954, 40.026743400000051 ], [ -105.9306054, 40.033073400000042 ], [ -105.9338434, 40.035029399999978 ], [ -105.9330864, 40.037981400000035 ], [ -105.9350034, 40.042768400000014 ] ] ], [ [ [ -105.9052544, 40.048063399999968 ], [ -105.9031084, 40.050009400000022 ], [ -105.9038404, 40.0470684 ], [ -105.9052544, 40.048063399999968 ] ] ], [ [ [ -105.9001934, 40.0506714 ], [ -105.89915640000001, 40.0512224 ], [ -105.8984754, 40.0509814 ], [ -105.9001934, 40.0506714 ] ] ], [ [ [ -105.9258344, 40.056119399999972 ], [ -105.9253784, 40.0604584 ], [ -105.929975399999989, 40.06012640000003 ], [ -105.9327384, 40.061734399999978 ], [ -105.9439154, 40.062173400000013 ], [ -105.9429304, 40.0678624 ], [ -105.9391754, 40.0656264 ], [ -105.9341264, 40.066564399999969 ], [ -105.9365684, 40.068487399999974 ], [ -105.9340724, 40.069061399999988 ], [ -105.9339124, 40.072135399999986 ], [ -105.9369554, 40.073260399999945 ], [ -105.9378664, 40.07544139999996 ], [ -105.9346234, 40.075845399999984 ], [ -105.9329324, 40.073958400000031 ], [ -105.9241174, 40.074983400000015 ], [ -105.9215914, 40.07268339999991 ], [ -105.9170434, 40.072464399999987 ], [ -105.9187504, 40.063630400000037 ], [ -105.9233974, 40.061193400000057 ], [ -105.922462400000015, 40.0593244 ], [ -105.9258344, 40.056119399999972 ] ] ] ] } },
{ "type": "Feature", "properties": { "state_po": "CO", "county_geoid": "08049", "pwsid": "CO0125720", "pws_name": "TABERNASH MEADOWS WSD", "population_served_count": 564, "model_method": "Random Forest", "verification_status": "", "symbology_field": "Modeled", "intersection_area_sq_km": 0.40112169091731326 }, "geometry": { "type": "MultiPolygon", "coordinates": [ [ [ [ -105.8552193, 39.985017399999983 ], [ -105.8600363, 39.985766399999989 ], [ -105.8600683, 39.988731399999971 ], [ -105.8529093, 39.9918794 ], [ -105.8559683, 39.98762640000006 ], [ -105.8552193, 39.985017399999983 ] ] ], [ [ [ -105.850676299999989, 39.988642399999968 ], [ -105.852299300000013, 39.9915814 ], [ -105.8510033, 39.993853400000013 ], [ -105.849438299999989, 39.990807399999973 ], [ -105.8508203, 39.990644399999965 ], [ -105.850676299999989, 39.988642399999968 ] ] ], [ [ [ -105.8461503, 39.9919484 ], [ -105.850784300000015, 39.994396400000021 ], [ -105.8477253, 39.997073399999977 ], [ -105.8426263, 39.9923564 ], [ -105.8461503, 39.9919484 ] ] ] ] } },
{ "type": "Feature", "properties": { "state_po": "CO", "county_geoid": "08049", "pwsid": "CO0125288", "pws_name": "FRASER TOWN OF", "population_served_count": 2150, "model_method": "Random Forest", "verification_status": "", "symbology_field": "Modeled", "intersection_area_sq_km": 2.8488447434926698 }, "geometry": { "type": "MultiPolygon", "coordinates": [ [ [ [ -105.7931043, 39.9293024 ], [ -105.7922243, 39.9331854 ], [ -105.7900053, 39.933734399999963 ], [ -105.7871813, 39.930252399999972 ], [ -105.7896423, 39.930230399999985 ], [ -105.790619299999989, 39.927143399999956 ], [ -105.7931043, 39.9293024 ] ] ], [ [ [ -105.7917863, 39.941148400000024 ], [ -105.7843623, 39.9411854 ], [ -105.7842933, 39.937527400000022 ], [ -105.7747843, 39.937616399999932 ], [ -105.7751683, 39.926654399999983 ], [ -105.7810083, 39.9266224 ], [ -105.7803913, 39.927603400000024 ], [ -105.7855553, 39.930466399999958 ], [ -105.7847223, 39.934200399999966 ], [ -105.7828343, 39.931756400000033 ], [ -105.7816863, 39.934430400000011 ], [ -105.780437299999988, 39.931807400000011 ], [ -105.7804523, 39.935154399999952 ], [ -105.7855163, 39.936619400000012 ], [ -105.7853773, 39.9386674 ], [ -105.7882263, 39.937722400000062 ], [ -105.7879253, 39.940709400000024 ], [ -105.7917863, 39.941148400000024 ] ] ], [ [ [ -105.7854563, 39.941833400000029 ], [ -105.7992633, 39.942396400000042 ], [ -105.7972173, 39.945672399999985 ], [ -105.7985633, 39.9493904 ], [ -105.7967043, 39.950279399999964 ], [ -105.7852843, 39.948903400000027 ], [ -105.7853013, 39.947263400000026 ], [ -105.7942293, 39.9474474 ], [ -105.7920593, 39.944797400000034 ], [ -105.7852233, 39.9435254 ], [ -105.7854563, 39.941833400000029 ] ] ], [ [ [ -105.8094253, 39.9378574 ], [ -105.810938299999989, 39.9410814 ], [ -105.8152963, 39.941306399999974 ], [ -105.8167283, 39.944730399999962 ], [ -105.821700299999989, 39.9446364 ], [ -105.8219783, 39.949601399999978 ], [ -105.818137299999989, 39.950882399999983 ], [ -105.8185423, 39.951905400000022 ], [ -105.8106753, 39.9530334 ], [ -105.8079223, 39.952162400000027 ], [ -105.8078793, 39.948358399999918 ], [ -105.8126683, 39.9484934 ], [ -105.8123443, 39.9442144 ], [ -105.8068513, 39.940360399999989 ], [ -105.8094253, 39.9378574 ] ] ] ] } },
{ "type": "Feature", "properties": { "state_po": "CO", "county_geoid": "08049", "pwsid": "CO0125844", "pws_name": "WINTER PARK RANCH WSD", "population_served_count": 3250, "model_method": "Random Forest", "verification_status": "", "symbology_field": "Modeled", "intersection_area_sq_km": 7.3418358273570403 }, "geometry": { "type": "MultiPolygon", "coordinates": [ [ [ [ -105.7518933, 39.891116400000044 ], [ -105.7658903, 39.89206040000002 ], [ -105.7659713, 39.894201400000014 ], [ -105.7610553, 39.897346399999982 ], [ -105.7554903, 39.8917704 ], [ -105.7518933, 39.891116400000044 ] ] ], [ [ [ -105.7950703, 39.909034399999989 ], [ -105.7914303, 39.912906399999976 ], [ -105.7978133, 39.909472400000034 ], [ -105.7978593, 39.91197139999997 ], [ -105.8010093, 39.9134574 ], [ -105.7978983, 39.9143654 ], [ -105.7993873, 39.9215524 ], [ -105.7942793, 39.927592399999966 ], [ -105.7935373, 39.926382399999959 ], [ -105.7890803, 39.926629399999982 ], [ -105.7896423, 39.930230399999985 ], [ -105.7871813, 39.930252399999972 ], [ -105.7890953, 39.933660400000029 ], [ -105.7803263, 39.927529399999969 ], [ -105.7833673, 39.926610400000051 ], [ -105.7817943, 39.9255024 ], [ -105.7827403, 39.9233094 ], [ -105.777797299999989, 39.919343400000031 ], [ -105.7821243, 39.919326399999967 ], [ -105.7820953, 39.916494400000062 ], [ -105.7833343, 39.9165474 ], [ -105.7825943, 39.914863400000016 ], [ -105.7796873, 39.902906399999964 ], [ -105.7769793, 39.898491400000019 ], [ -105.769945299999989, 39.894571399999968 ], [ -105.7644043, 39.88833439999997 ], [ -105.7617863, 39.887407400000015 ], [ -105.7615633, 39.886338400000028 ], [ -105.764159299999989, 39.888014400000017 ], [ -105.767516300000011, 39.891020399999974 ], [ -105.7746353, 39.889601399999982 ], [ -105.7732723, 39.8935324 ], [ -105.7790603, 39.894120399999963 ], [ -105.7824003, 39.8969064 ], [ -105.7855503, 39.897038399999978 ], [ -105.7884753, 39.9029364 ], [ -105.7918513, 39.899319400000024 ], [ -105.7908013, 39.8971684 ], [ -105.7949593, 39.8911814 ], [ -105.7950703, 39.909034399999989 ] ], [ [ -105.7823673, 39.912758400000023 ], [ -105.7846633, 39.9161004 ], [ -105.7887353, 39.914859400000012 ], [ -105.7838553, 39.911131399999981 ], [ -105.7823673, 39.912758400000023 ] ] ], [ [ [ -105.7988673, 39.941108400000019 ], [ -105.8127323, 39.946360399999975 ], [ -105.8126483, 39.948645399999982 ], [ -105.8078793, 39.948358399999918 ], [ -105.8079223, 39.952162400000027 ], [ -105.7904023, 39.951965400000013 ], [ -105.773249299999989, 39.9464674 ], [ -105.7744213, 39.944731399999988 ], [ -105.7800473, 39.9445624 ], [ -105.781129299999989, 39.941946399999971 ], [ -105.7843423, 39.9417094 ], [ -105.7852843, 39.948903400000027 ], [ -105.7967043, 39.950279399999964 ], [ -105.7988183, 39.949097399999985 ], [ -105.7972173, 39.945672399999985 ], [ -105.7992633, 39.942396400000042 ], [ -105.7921493, 39.9419884 ], [ -105.7926433, 39.941147399999977 ], [ -105.7988673, 39.941108400000019 ] ] ] ] } },
{ "type": "Feature", "properties": { "state_po": "CO", "county_geoid": "08049", "pwsid": "CO0125155", "pws_name": "COLUMBINE LAKE WSD", "population_served_count": 428, "model_method": "Random Forest", "verification_status": "", "symbology_field": "Modeled", "intersection_area_sq_km": 1.8459612095219919 }, "geometry": { "type": "MultiPolygon", "coordinates": [ [ [ [ -105.8530804, 40.244693399999974 ], [ -105.8505914, 40.2455474 ], [ -105.850623399999989, 40.247611400000018 ], [ -105.8460744, 40.2475994 ], [ -105.8459154, 40.24271940000002 ], [ -105.8439724, 40.243870399999963 ], [ -105.8439224, 40.242267400000024 ], [ -105.8459154, 40.240001400000018 ], [ -105.8473724, 40.24029239999998 ], [ -105.8480404, 40.236788400000052 ], [ -105.8486184, 40.2421654 ], [ -105.8536794, 40.2422794 ], [ -105.8530804, 40.244693399999974 ] ] ], [ [ [ -105.8388424, 40.251260399999957 ], [ -105.8482144, 40.251282400000029 ], [ -105.8483304, 40.253055400000065 ], [ -105.8578484, 40.253275400000021 ], [ -105.8576384, 40.256562399999986 ], [ -105.8651074, 40.256943400000019 ], [ -105.8597904, 40.2574744 ], [ -105.8585504, 40.258816400000022 ], [ -105.8561984, 40.257862399999965 ], [ -105.8512604, 40.261767399999968 ], [ -105.8468134, 40.2631204 ], [ -105.8434634, 40.2608494 ], [ -105.8445734, 40.2549354 ], [ -105.8386864, 40.256162400000015 ], [ -105.8388424, 40.251260399999957 ] ] ], [ [ [ -105.8522204, 40.2618874 ], [ -105.8491294, 40.2652544 ], [ -105.8485004, 40.264760400000043 ], [ -105.8522204, 40.2618874 ] ] ] ] } },
{ "type": "Feature", "properties": { "state_po": "CO", "county_geoid": "08049", "pwsid": "CO0125466", "pws_name": "LAKE FOREST MUTUAL WC", "population_served_count": 250, "model_method": "Random Forest", "verification_status": "", "symbology_field": "Modeled", "intersection_area_sq_km": 0.89889773456484112 }, "geometry": { "type": "MultiPolygon", "coordinates": [ [ [ [ -105.8680644, 40.206768400000016 ], [ -105.8643304, 40.2067594 ], [ -105.8637764, 40.215147399999978 ], [ -105.8676374, 40.217027400000021 ], [ -105.8671114, 40.222872399999979 ], [ -105.864475399999989, 40.2191814 ], [ -105.8585864, 40.219495400000035 ], [ -105.8621994, 40.214704399999981 ], [ -105.8603444, 40.20686739999995 ], [ -105.8635514, 40.2021504 ], [ -105.8685034, 40.2034884 ], [ -105.8680644, 40.206768400000016 ] ] ], [ [ [ -105.8606504, 40.213555399999962 ], [ -105.860372399999989, 40.2163254 ], [ -105.8566994, 40.213790400000022 ], [ -105.856539399999988, 40.21219139999998 ], [ -105.8606504, 40.213555399999962 ] ] ] ] } },
{ "type": "Feature", "properties": { "state_po": "CO", "county_geoid": "08049", "pwsid": "CO0125552", "pws_name": "NORTH SHORE WSD", "population_served_count": 378, "model_method": "Random Forest", "verification_status": "", "symbology_field": "Modeled", "intersection_area_sq_km": 0.44584169907957716 }, "geometry": { "type": "MultiPolygon", "coordinates": [ [ [ [ -105.86371840000001, 40.187101399999968 ], [ -105.8598784, 40.186638399999985 ], [ -105.8623564, 40.182966400000026 ], [ -105.8630074, 40.183342399999987 ], [ -105.86371840000001, 40.187101399999968 ] ] ], [ [ [ -105.8647444, 40.187113400000037 ], [ -105.8686044, 40.187187400000042 ], [ -105.8692684, 40.1905164 ], [ -105.8628024, 40.191088400000041 ], [ -105.8634664, 40.194750400000011 ], [ -105.8615494, 40.195114400000051 ], [ -105.858959399999989, 40.190145400000013 ], [ -105.8647444, 40.187113400000037 ] ] ] ] } },
{ "type": "Feature", "properties": { "state_po": "CO", "county_geoid": "08049", "pwsid": "CO0125718", "pws_name": "SODA SPRINGS WA", "population_served_count": 280, "model_method": "Random Forest", "verification_status": "", "symbology_field": "Modeled", "intersection_area_sq_km": 4.1955776815355934 }, "geometry": { "type": "Polygon", "coordinates": [ [ [ -105.8890504, 40.183169400000011 ], [ -105.8855464, 40.184466400000026 ], [ -105.8826894, 40.188253400000058 ], [ -105.8851444, 40.18834140000002 ], [ -105.8853444, 40.195472400000028 ], [ -105.8897754, 40.1955544 ], [ -105.8907714, 40.197430400000016 ], [ -105.882516400000014, 40.207459400000019 ], [ -105.8820494, 40.214058399999971 ], [ -105.8804824, 40.21281740000002 ], [ -105.878227400000014, 40.213825400000026 ], [ -105.8784434, 40.216022400000014 ], [ -105.8757084, 40.2189184 ], [ -105.8676564, 40.2167234 ], [ -105.8651814, 40.2140684 ], [ -105.865066399999989, 40.2094354 ], [ -105.866721399999989, 40.209294400000026 ], [ -105.8685034, 40.2034884 ], [ -105.8635514, 40.2021504 ], [ -105.8718834, 40.196610400000012 ], [ -105.8733524, 40.193633400000031 ], [ -105.8717834, 40.187239400000031 ], [ -105.8734764, 40.1877024 ], [ -105.8742964, 40.19596240000007 ], [ -105.8784644, 40.1938664 ], [ -105.878182400000014, 40.189063399999966 ], [ -105.8804644, 40.190208399999968 ], [ -105.885115399999989, 40.183916399999966 ], [ -105.8890504, 40.183169400000011 ] ] ] } },
{ "type": "Feature", "properties": { "state_po": "CO", "county_geoid": "08049", "pwsid": "CO0125322", "pws_name": "GRAND LAKE TOWN OF", "population_served_count": 2035, "model_method": "Random Forest", "verification_status": "", "symbology_field": "Modeled", "intersection_area_sq_km": 2.4563056091351521 }, "geometry": { "type": "MultiPolygon", "coordinates": [ [ [ [ -105.857980399999988, 40.2201894 ], [ -105.8512394, 40.227704399999979 ], [ -105.8503384, 40.2297064 ], [ -105.8517274, 40.230466399999983 ], [ -105.8478684, 40.234891400000016 ], [ -105.8470424, 40.241390400000029 ], [ -105.8449694, 40.241944399999987 ], [ -105.8459154, 40.240001400000018 ], [ -105.8439374, 40.242228400000016 ], [ -105.8439724, 40.243870399999963 ], [ -105.8459474, 40.242838399999975 ], [ -105.8459974, 40.2512244 ], [ -105.8388424, 40.251260399999957 ], [ -105.8386864, 40.256162400000015 ], [ -105.8427364, 40.2545274 ], [ -105.8445734, 40.2549354 ], [ -105.8446084, 40.256547400000038 ], [ -105.8381094, 40.256638400000043 ], [ -105.8349884, 40.253102400000017 ], [ -105.8318594, 40.252562399999988 ], [ -105.8236734, 40.255069399999947 ], [ -105.8143094, 40.2535414 ], [ -105.8054264, 40.244241400000028 ], [ -105.8010684, 40.2418424 ], [ -105.8019734, 40.236962400000017 ], [ -105.8035774, 40.236494399999941 ], [ -105.8016854, 40.239612399999977 ], [ -105.8025914, 40.241538400000039 ], [ -105.8134714, 40.249388400000015 ], [ -105.8163324, 40.248860399999955 ], [ -105.8213564, 40.251970400000026 ], [ -105.8256894, 40.250360399999977 ], [ -105.8271534, 40.246368400000023 ], [ -105.8341344, 40.250709400000034 ], [ -105.8449484, 40.239493399999965 ], [ -105.8478954, 40.231620400000018 ], [ -105.8543944, 40.223085399999945 ], [ -105.8540034, 40.221110400000015 ], [ -105.8561804, 40.2188194 ], [ -105.857980399999988, 40.2201894 ] ] ], [ [ [ -105.8297354, 40.238453400000019 ], [ -105.827451400000015, 40.2398154 ], [ -105.829319399999989, 40.242610400000025 ], [ -105.8286454, 40.245744399999957 ], [ -105.8290544, 40.2423294 ], [ -105.825678400000015, 40.240782400000022 ], [ -105.8297354, 40.238453400000019 ] ] ] ] } },
{ "type": "Feature", "properties": { "state_po": "CO", "county_geoid": "08049", "pwsid": "CO0125321", "pws_name": "GRANBY TOWN OF NORTH SERVICE AREA", "population_served_count": 2025, "model_method": null, "verification_status": null, "symbology_field": "System Sourced", "intersection_area_sq_km": 3.0646171043833199 }, "geometry": { "type": "Polygon", "coordinates": [ [ [ -105.946681399999989, 40.093401099999973 ], [ -105.9450787, 40.091354600000017 ], [ -105.94157, 40.091584500000046 ], [ -105.94343640000001, 40.093427 ], [ -105.9423058, 40.094931 ], [ -105.939948199999989, 40.0937153 ], [ -105.9338997, 40.0942117 ], [ -105.9323014, 40.092294800000047 ], [ -105.9272044, 40.091748599999967 ], [ -105.9261205, 40.088916 ], [ -105.9250737, 40.091033299999957 ], [ -105.9204805, 40.090608 ], [ -105.919762, 40.0890918 ], [ -105.9234854, 40.085371 ], [ -105.922203200000013, 40.083993500000027 ], [ -105.9238415, 40.080964799999975 ], [ -105.926686300000014, 40.0800179 ], [ -105.9284153, 40.082718099999987 ], [ -105.930501100000015, 40.082780099999979 ], [ -105.9305185, 40.081187099999966 ], [ -105.9325307, 40.080724400000044 ], [ -105.9346102, 40.082888700000012 ], [ -105.9480928, 40.084688199999967 ], [ -105.953542399999989, 40.086927 ], [ -105.9547722, 40.088958100000021 ], [ -105.957615499999989, 40.089172299999987 ], [ -105.9579296, 40.0915551 ], [ -105.9557172, 40.092981700000024 ], [ -105.9518343, 40.091421099999984 ], [ -105.946681399999989, 40.093401099999973 ] ] ] } },
{ "type": "Feature", "properties": { "state_po": "CO", "county_geoid": "08049", "pwsid": "CO0125352", "pws_name": "HOT SULPHUR SPRINGS TOWN OF", "population_served_count": 687, "model_method": null, "verification_status": null, "symbology_field": "System Sourced", "intersection_area_sq_km": 1.6406701161559878 }, "geometry": { "type": "Polygon", "coordinates": [ [ [ -106.098139, 40.076541900000045 ], [ -106.0925399, 40.076925799999984 ], [ -106.090112499999989, 40.075106400000024 ], [ -106.0919509, 40.0732164 ], [ -106.0907626, 40.069367300000039 ], [ -106.0971258, 40.068580499999982 ], [ -106.0986384, 40.066955900000025 ], [ -106.1037692, 40.067513100000042 ], [ -106.112715099999988, 40.0755555 ], [ -106.1107554, 40.0769759 ], [ -106.1082024, 40.075295100000027 ], [ -106.1019922, 40.079212800000036 ], [ -106.098139, 40.076541900000045 ] ] ] } },
{ "type": "Feature", "properties": { "state_po": "CO", "county_geoid": "08029", "pwsid": "CO0115152", "pws_name": "BONE MESA DOMESTIC WD", "population_served_count": 400, "model_method": "Random Forest", "verification_status": "", "symbology_field": "Modeled", "intersection_area_sq_km": 13.56911427489352 }, "geometry": { "type": "MultiPolygon", "coordinates": [ [ [ [ -107.6697546, 38.764413100000041 ], [ -107.6693696, 38.774782099999946 ], [ -107.66712960000001, 38.773085100000017 ], [ -107.6549906, 38.774015099999986 ], [ -107.6544856, 38.764016100000035 ], [ -107.6458876, 38.7587421 ], [ -107.6503716, 38.758614099999981 ], [ -107.661448600000014, 38.763831099999983 ], [ -107.6612176, 38.7565111 ], [ -107.6559306, 38.754037100000026 ], [ -107.6538646, 38.749642100000031 ], [ -107.6512076, 38.748220100000019 ], [ -107.6513076, 38.741265099999978 ], [ -107.669749599999989, 38.7413131 ], [ -107.6670586, 38.7523641 ], [ -107.6697546, 38.764413100000041 ] ] ], [ [ [ -107.5761496, 38.8124291 ], [ -107.631311599999989, 38.813404099999957 ], [ -107.6311636, 38.816750099999965 ], [ -107.6220786, 38.816991099999989 ], [ -107.6216276, 38.827997100000012 ], [ -107.6028496, 38.827926100000013 ], [ -107.6021336, 38.8433171 ], [ -107.5820466, 38.8364791 ], [ -107.5761496, 38.8124291 ] ] ] ] } },
{ "type": "Feature", "properties": { "state_po": "CO", "county_geoid": "08029", "pwsid": "CO0115171", "pws_name": "CEDAREDGE TOWN OF", "population_served_count": 2400, "model_method": "Random Forest", "verification_status": "", "symbology_field": "Modeled", "intersection_area_sq_km": 4.3123485352130357 }, "geometry": { "type": "Polygon", "coordinates": [ [ [ -107.9268177, 38.880619100000018 ], [ -107.928696699999989, 38.880701099999968 ], [ -107.9286437, 38.882499099999983 ], [ -107.933475699999988, 38.882460100000038 ], [ -107.9333907, 38.900566100000027 ], [ -107.9380017, 38.9006031 ], [ -107.9382587, 38.904240100000045 ], [ -107.932867699999989, 38.904187100000023 ], [ -107.9334487, 38.9079021 ], [ -107.9288347, 38.907952100000017 ], [ -107.9288297, 38.911435099999963 ], [ -107.9237447, 38.911502099999964 ], [ -107.9225407, 38.9143041 ], [ -107.9226267, 38.911557099999982 ], [ -107.919223699999989, 38.911712099999967 ], [ -107.9203837, 38.907981100000022 ], [ -107.918621699999989, 38.907988100000026 ], [ -107.9190367, 38.8951201 ], [ -107.9145517, 38.894823100000018 ], [ -107.9145977, 38.8919521 ], [ -107.9159647, 38.887895099999952 ], [ -107.918820700000012, 38.88568810000001 ], [ -107.9177427, 38.887072099999976 ], [ -107.9196307, 38.886625099999989 ], [ -107.9268177, 38.880619100000018 ] ] ] } },
{ "type": "Feature", "properties": { "state_po": "CO", "county_geoid": "08029", "pwsid": "CO0115188", "pws_name": "CRAWFORD TOWN OF", "population_served_count": 477, "model_method": "Random Forest", "verification_status": "", "symbology_field": "Modeled", "intersection_area_sq_km": 0.53661250004571259 }, "geometry": { "type": "Polygon", "coordinates": [ [ [ -107.614877600000014, 38.702802100000028 ], [ -107.6148336, 38.706070100000012 ], [ -107.6180496, 38.7086451 ], [ -107.6156126, 38.709217100000025 ], [ -107.6099686, 38.7072931 ], [ -107.603744600000013, 38.707369100000065 ], [ -107.6006346, 38.705193100000031 ], [ -107.6035086, 38.7053891 ], [ -107.6044526, 38.703395100000016 ], [ -107.6046186, 38.7044631 ], [ -107.6078286, 38.704558100000028 ], [ -107.6075176, 38.702777100000063 ], [ -107.614877600000014, 38.702802100000028 ] ] ] } },
{ "type": "Feature", "properties": { "state_po": "CO", "county_geoid": "08029", "pwsid": "CO0115189", "pws_name": "CRAWFORD MESA WA", "population_served_count": 486, "model_method": "Random Forest", "verification_status": "", "symbology_field": "Modeled", "intersection_area_sq_km": 0.15442486414447693 }, "geometry": { "type": "Polygon", "coordinates": [ [ [ -107.6054356, 38.7016481 ], [ -107.6147836, 38.701641100000018 ], [ -107.6148106, 38.7027351 ], [ -107.6048446, 38.704503099999982 ], [ -107.6054356, 38.7016481 ] ] ] } },
{ "type": "Feature", "properties": { "state_po": "CO", "county_geoid": "08029", "pwsid": "CO0115310", "pws_name": "GINTERS GROVE DOMESTIC WATER CORP", "population_served_count": 62, "model_method": "Random Forest", "verification_status": "", "symbology_field": "Modeled", "intersection_area_sq_km": 0.59588018084238814 }, "geometry": { "type": "MultiPolygon", "coordinates": [ [ [ [ -107.9287177, 38.899356099999977 ], [ -107.9268447, 38.900667099999971 ], [ -107.9267927, 38.899389100000022 ], [ -107.9287177, 38.899356099999977 ] ] ], [ [ [ -107.9297927, 38.900611100000013 ], [ -107.9341657, 38.900569099999963 ], [ -107.9334127, 38.904219099999978 ], [ -107.9284567, 38.904415099999952 ], [ -107.9297927, 38.900611100000013 ] ] ], [ [ [ -107.9234367, 38.918884100000028 ], [ -107.9167317, 38.918894099999967 ], [ -107.9190077, 38.911862099999965 ], [ -107.9226267, 38.911557099999982 ], [ -107.9234367, 38.918884100000028 ] ] ] ] } },
{ "type": "Feature", "properties": { "state_po": "CO", "county_geoid": "08029", "pwsid": "CO0115333", "pws_name": "HANSON MESA DOMESTIC PIPELINE CO INC", "population_served_count": 250, "model_method": "Random Forest", "verification_status": "", "symbology_field": "Modeled", "intersection_area_sq_km": 0.081285480444755129 }, "geometry": { "type": "MultiPolygon", "coordinates": [ [ [ [ -107.69100060000001, 38.824130100000026 ], [ -107.6890256, 38.8221621 ], [ -107.6897946, 38.821145099999967 ], [ -107.69100060000001, 38.824130100000026 ] ] ], [ [ [ -107.6911916, 38.824126100000022 ], [ -107.6939176, 38.823428100000015 ], [ -107.6928266, 38.825394100000025 ], [ -107.6948006, 38.82969210000001 ], [ -107.6911916, 38.824126100000022 ] ] ] ] } },
{ "type": "Feature", "properties": { "state_po": "CO", "county_geoid": "08029", "pwsid": "CO0115340", "pws_name": "HAMMOND PIPELINE", "population_served_count": 70, "model_method": "Random Forest", "verification_status": "", "symbology_field": "Modeled", "intersection_area_sq_km": 0.20855005646287708 }, "geometry": { "type": "Polygon", "coordinates": [ [ [ -107.5879576, 38.87233610000002 ], [ -107.589661600000014, 38.869511100000018 ], [ -107.5896586, 38.871754100000032 ], [ -107.5948966, 38.871508099999978 ], [ -107.5949216, 38.873878100000042 ], [ -107.5887376, 38.874030100000013 ], [ -107.5852056, 38.876069100000016 ], [ -107.587611599999988, 38.8729851 ], [ -107.5855566, 38.871584099999971 ], [ -107.5879576, 38.87233610000002 ] ] ] } },
{ "type": "Feature", "properties": { "state_po": "CO", "county_geoid": "08029", "pwsid": "CO0115342", "pws_name": "HIDDEN VALLEY HOA WATER COMPANY", "population_served_count": 120, "model_method": "Random Forest", "verification_status": "", "symbology_field": "Modeled", "intersection_area_sq_km": 0.72058955693713411 }, "geometry": { "type": "Polygon", "coordinates": [ [ [ -107.5748506, 38.841769099999972 ], [ -107.5747116, 38.844641099999947 ], [ -107.5691786, 38.845853099999978 ], [ -107.5671326, 38.850597100000016 ], [ -107.5606676, 38.846860099999965 ], [ -107.5622356, 38.8444651 ], [ -107.5609166, 38.841260099999985 ], [ -107.5748506, 38.841769099999972 ] ] ] } },
{ "type": "Feature", "properties": { "state_po": "CO", "county_geoid": "08029", "pwsid": "CO0115352", "pws_name": "HOTCHKISS TOWN OF", "population_served_count": 2050, "model_method": "Random Forest", "verification_status": "", "symbology_field": "Modeled", "intersection_area_sq_km": 3.0086538603672786 }, "geometry": { "type": "MultiPolygon", "coordinates": [ [ [ [ -107.7106826, 38.791749100000025 ], [ -107.7088506, 38.795206100000016 ], [ -107.7102916, 38.795631099999987 ], [ -107.7124296, 38.7978591 ], [ -107.7143486, 38.797890099999975 ], [ -107.7144056, 38.794593099999943 ], [ -107.7167946, 38.794016100000022 ], [ -107.7172876, 38.797837099999931 ], [ -107.7284986, 38.798064099999962 ], [ -107.7265936, 38.7991021 ], [ -107.7290616, 38.800164099999989 ], [ -107.7282896, 38.802725099999954 ], [ -107.7261896, 38.8026351 ], [ -107.7256826, 38.804171100000019 ], [ -107.725652599999989, 38.806172099999948 ], [ -107.7302826, 38.8063961 ], [ -107.730245599999989, 38.811860099999976 ], [ -107.7280296, 38.811767099999976 ], [ -107.7280296, 38.813579099999949 ], [ -107.7258246, 38.813496099999966 ], [ -107.7257296, 38.809740099999978 ], [ -107.7219946, 38.8097861 ], [ -107.7171636, 38.802960099999979 ], [ -107.7099066, 38.8044711 ], [ -107.7115896, 38.797148100000044 ], [ -107.7087726, 38.79533109999997 ], [ -107.7088086, 38.791766100000018 ], [ -107.7106826, 38.791749100000025 ] ] ], [ [ [ -107.7064546, 38.815930099999989 ], [ -107.6972306, 38.817522099999984 ], [ -107.6950066, 38.822966099999974 ], [ -107.69100060000001, 38.824130100000026 ], [ -107.6897946, 38.821145099999967 ], [ -107.6933466, 38.815625099999977 ], [ -107.7064336, 38.8065161 ], [ -107.7065116, 38.8099511 ], [ -107.7112686, 38.809868099999967 ], [ -107.7111636, 38.8135371 ], [ -107.7064546, 38.815930099999989 ] ] ] ] } },
{ "type": "Feature", "properties": { "state_po": "CO", "county_geoid": "08029", "pwsid": "CO0115467", "pws_name": "LAZEAR DOMESTIC WC", "population_served_count": 178, "model_method": "Random Forest", "verification_status": "", "symbology_field": "Modeled", "intersection_area_sq_km": 1.5459094115746015 }, "geometry": { "type": "Polygon", "coordinates": [ [ [ -107.7632716, 38.7719711 ], [ -107.7836706, 38.778230099999988 ], [ -107.7923786, 38.778432099999989 ], [ -107.7968876, 38.780895099999988 ], [ -107.7959086, 38.78555010000003 ], [ -107.7817876, 38.78537009999998 ], [ -107.7816036, 38.778176099999982 ], [ -107.7629726, 38.7777891 ], [ -107.7619276, 38.772755099999976 ], [ -107.7632716, 38.7719711 ] ] ] } },
{ "type": "Feature", "properties": { "state_po": "CO", "county_geoid": "08029", "pwsid": "CO0115513", "pws_name": "MINNESOTA PIPELINE", "population_served_count": 72, "model_method": "Random Forest", "verification_status": "", "symbology_field": "Modeled", "intersection_area_sq_km": 3.8202989721439153 }, "geometry": { "type": "Polygon", "coordinates": [ [ [ -107.6055936, 38.853484099999982 ], [ -107.6125466, 38.856163100000039 ], [ -107.59664260000001, 38.8657201 ], [ -107.5901446, 38.862884099999981 ], [ -107.5884256, 38.865861099999982 ], [ -107.5816446, 38.863724099999978 ], [ -107.5747716, 38.865421099999963 ], [ -107.5697336, 38.859611099999952 ], [ -107.5746446, 38.860013100000032 ], [ -107.574108599999988, 38.856147099999973 ], [ -107.5923776, 38.8567781 ], [ -107.5925746, 38.851503100000016 ], [ -107.596681600000011, 38.8497811 ], [ -107.595125599999989, 38.8453521 ], [ -107.5971936, 38.844103099999963 ], [ -107.6021206, 38.8433531 ], [ -107.6020536, 38.846729099999948 ], [ -107.6046636, 38.849022100000028 ], [ -107.6055936, 38.853484099999982 ] ] ] } },
{ "type": "Feature", "properties": { "state_po": "CO", "county_geoid": "08029", "pwsid": "CO0115588", "pws_name": "ORCHARD CITY TOWN OF", "population_served_count": 3100, "model_method": "Random Forest", "verification_status": "", "symbology_field": "Modeled", "intersection_area_sq_km": 16.679508051802699 }, "geometry": { "type": "Polygon", "coordinates": [ [ [ -107.975622699999988, 38.771866099999947 ], [ -107.9785727, 38.7772461 ], [ -107.9712787, 38.777279100000015 ], [ -107.9712157, 38.787974100000042 ], [ -107.975864699999988, 38.788011099999935 ], [ -107.9765167, 38.789947099999964 ], [ -107.9734737, 38.792031100000031 ], [ -107.9883027, 38.791632100000015 ], [ -107.9903307, 38.78849210000002 ], [ -107.9949917, 38.787979100000037 ], [ -107.9946907, 38.80257510000002 ], [ -107.9898777, 38.802592100000012 ], [ -107.9898807, 38.8100321 ], [ -107.9878527, 38.810058099999978 ], [ -107.9851767, 38.8130321 ], [ -107.985072699999989, 38.824494100000031 ], [ -107.9808477, 38.8246791 ], [ -107.9804447, 38.8282061 ], [ -107.975757699999988, 38.828252099999951 ], [ -107.9826217, 38.820866099999968 ], [ -107.9798507, 38.8193211 ], [ -107.9719147, 38.828284099999983 ], [ -107.971907699999988, 38.836245099999978 ], [ -107.9661777, 38.839264099999987 ], [ -107.9638117, 38.84268910000003 ], [ -107.9806837, 38.843048100000011 ], [ -107.980254699999989, 38.84658610000001 ], [ -107.9755347, 38.846557100000012 ], [ -107.975351699999976, 38.8501701 ], [ -107.9708467, 38.85013109999997 ], [ -107.970815699999989, 38.853686099999983 ], [ -107.9661697, 38.8535931 ], [ -107.9661677, 38.850012099999979 ], [ -107.9615167, 38.8499151 ], [ -107.9614867, 38.8534491 ], [ -107.9571337, 38.8533301 ], [ -107.9569057, 38.856897100000026 ], [ -107.9643057, 38.856979099999982 ], [ -107.9609847, 38.864146100000021 ], [ -107.9568077, 38.8641271 ], [ -107.956890699999988, 38.87129310000001 ], [ -107.9518827, 38.871370099999965 ], [ -107.9521367, 38.864083099999952 ], [ -107.9498247, 38.864062099999977 ], [ -107.9467737, 38.867794100000012 ], [ -107.9473157, 38.871413099999977 ], [ -107.9332567, 38.871565099999984 ], [ -107.9332187, 38.8698301 ], [ -107.9362507, 38.869788100000029 ], [ -107.9371127, 38.8677451 ], [ -107.9427217, 38.867615099999988 ], [ -107.9428257, 38.8604921 ], [ -107.9473987, 38.860484099999987 ], [ -107.947244700000013, 38.849602100000055 ], [ -107.9574807, 38.849703099999985 ], [ -107.9569327, 38.847529100000067 ], [ -107.9607457, 38.842542100000024 ], [ -107.952449699999988, 38.842486100000031 ], [ -107.9499087, 38.8415961 ], [ -107.9517287, 38.841734099999989 ], [ -107.9532097, 38.837021099999987 ], [ -107.9569767, 38.8350741 ], [ -107.957116700000014, 38.8261851 ], [ -107.9618137, 38.8240361 ], [ -107.9710617, 38.824631099999962 ], [ -107.9711167, 38.810107099999968 ], [ -107.9624837, 38.809218099999988 ], [ -107.9618887, 38.798914100000019 ], [ -107.9711327, 38.799075100000046 ], [ -107.9712017, 38.792352099999981 ], [ -107.9677357, 38.791648099999989 ], [ -107.9663157, 38.787995099999968 ], [ -107.9585237, 38.787886100000016 ], [ -107.9527917, 38.78323410000003 ], [ -107.9470377, 38.785958100000038 ], [ -107.9468647, 38.780674099999963 ], [ -107.9514337, 38.779423100000024 ], [ -107.9514427, 38.7806831 ], [ -107.957206700000015, 38.780692099999982 ], [ -107.9572207, 38.777734099999982 ], [ -107.9665637, 38.777037100000037 ], [ -107.975622699999988, 38.771866099999947 ] ] ] } },
{ "type": "Feature", "properties": { "state_po": "CO", "county_geoid": "08029", "pwsid": "CO0115685", "pws_name": "ROGERS MESA WC", "population_served_count": 840, "model_method": "Random Forest", "verification_status": "", "symbology_field": "Modeled", "intersection_area_sq_km": 0.91371221538316816 }, "geometry": { "type": "Polygon", "coordinates": [ [ [ -107.744071600000012, 38.799700099999967 ], [ -107.744891599999988, 38.811613099999981 ], [ -107.7347476, 38.802090100000029 ], [ -107.7312606, 38.7962201 ], [ -107.7284986, 38.798064099999962 ], [ -107.7259426, 38.798048099999974 ], [ -107.730504599999989, 38.79585109999995 ], [ -107.7357816, 38.795525099999956 ], [ -107.7391816, 38.796779100000023 ], [ -107.7398386, 38.799480100000018 ], [ -107.744071600000012, 38.799700099999967 ] ] ] } },
{ "type": "Feature", "properties": { "state_po": "CO", "county_geoid": "08029", "pwsid": "CO0115716", "pws_name": "SOUTH LAMBORN MESA WATER COMPANY", "population_served_count": 47, "model_method": "Random Forest", "verification_status": "", "symbology_field": "Modeled", "intersection_area_sq_km": 1.4347056360125179 }, "geometry": { "type": "Polygon", "coordinates": [ [ [ -107.6236266, 38.847372100000015 ], [ -107.6127856, 38.8563281 ], [ -107.6048696, 38.852937099999949 ], [ -107.6021206, 38.8433531 ], [ -107.6236266, 38.847372100000015 ] ] ] } },
{ "type": "Feature", "properties": { "state_po": "CO", "county_geoid": "08029", "pwsid": "CO0115724", "pws_name": "STEWART MESA WC", "population_served_count": 250, "model_method": "Random Forest", "verification_status": "", "symbology_field": "Modeled", "intersection_area_sq_km": 4.4429760537284233 }, "geometry": { "type": "Polygon", "coordinates": [ [ [ -107.5740076, 38.833453100000021 ], [ -107.6021336, 38.8433171 ], [ -107.5952146, 38.8451021 ], [ -107.5968056, 38.849513099999989 ], [ -107.5926046, 38.851426099999969 ], [ -107.5923776, 38.8567781 ], [ -107.574108599999988, 38.856147099999973 ], [ -107.5748666, 38.859035099999979 ], [ -107.5738276, 38.857995099999989 ], [ -107.5746446, 38.860013100000032 ], [ -107.5733496, 38.859830099999982 ], [ -107.5727476, 38.856821099999969 ], [ -107.5670866, 38.850323100000033 ], [ -107.5693046, 38.845756099999988 ], [ -107.5747116, 38.844641099999947 ], [ -107.5740076, 38.833453100000021 ] ] ] } },
{ "type": "Feature", "properties": { "state_po": "CO", "county_geoid": "08029", "pwsid": "CO0115726", "pws_name": "STUCKER MESA DOMESTIC WC", "population_served_count": 36, "model_method": "Random Forest", "verification_status": "", "symbology_field": "Modeled", "intersection_area_sq_km": 3.8588950498458439 }, "geometry": { "type": "Polygon", "coordinates": [ [ [ -107.6685826, 38.83377710000002 ], [ -107.6688306, 38.842793100000016 ], [ -107.659243600000011, 38.842895100000035 ], [ -107.659719599999988, 38.8500381 ], [ -107.6539996, 38.854159099999983 ], [ -107.6388476, 38.858679099999982 ], [ -107.62055860000001, 38.861834100000024 ], [ -107.624180599999988, 38.855311100000016 ], [ -107.6306426, 38.8549991 ], [ -107.6362036, 38.8506791 ], [ -107.6434006, 38.849742099999979 ], [ -107.6453916, 38.846656099999969 ], [ -107.650803599999989, 38.84487110000002 ], [ -107.6533216, 38.8402951 ], [ -107.6589676, 38.836959100000016 ], [ -107.6685826, 38.83377710000002 ] ] ] } },
{ "type": "Feature", "properties": { "state_po": "CO", "county_geoid": "08029", "pwsid": "CO0115838", "pws_name": "WEST PAONIA DOMESTIC WATER COMPANY", "population_served_count": 57, "model_method": "Random Forest", "verification_status": "", "symbology_field": "Modeled", "intersection_area_sq_km": 1.1372484742682378 }, "geometry": { "type": "MultiPolygon", "coordinates": [ [ [ [ -107.5820316, 38.864179100000023 ], [ -107.5832636, 38.866819099999979 ], [ -107.580558599999989, 38.865613099999969 ], [ -107.5820316, 38.864179100000023 ] ] ], [ [ [ -107.5904016, 38.8668271 ], [ -107.5931416, 38.8656901 ], [ -107.5931346, 38.866942099999953 ], [ -107.5966016, 38.86697709999995 ], [ -107.59664260000001, 38.8657201 ], [ -107.599150600000016, 38.865687099999938 ], [ -107.6004296, 38.868631099999973 ], [ -107.6023186, 38.868830099999968 ], [ -107.6037126, 38.8691261 ], [ -107.5977256, 38.873706100000028 ], [ -107.5977896, 38.870078099999986 ], [ -107.5975786, 38.871571099999983 ], [ -107.5896956, 38.871767099999978 ], [ -107.589661600000014, 38.869511100000018 ], [ -107.5879576, 38.87233610000002 ], [ -107.58386560000001, 38.866824099999953 ], [ -107.5874346, 38.8668661 ], [ -107.5870836, 38.865545100000041 ], [ -107.5902986, 38.8650161 ], [ -107.5904016, 38.8668271 ] ], [ [ -107.6023336, 38.869173100000012 ], [ -107.6027816, 38.868990099999976 ], [ -107.6023306, 38.868915099999974 ], [ -107.6023336, 38.869173100000012 ] ] ], [ [ [ -107.5930346, 38.872152100000022 ], [ -107.5922876, 38.873642100000026 ], [ -107.5922896, 38.872173099999983 ], [ -107.5930346, 38.872152100000022 ] ] ], [ [ [ -107.6106796, 38.8705761 ], [ -107.6080766, 38.871366100000024 ], [ -107.6080026, 38.87396710000003 ], [ -107.6045526, 38.875554100000045 ], [ -107.6031016, 38.8714381 ], [ -107.6048346, 38.870840099999974 ], [ -107.602870599999989, 38.869984100000025 ], [ -107.6090496, 38.869299099999985 ], [ -107.6106796, 38.8705761 ] ] ] ] } },
{ "type": "Feature", "properties": { "state_po": "CO", "county_geoid": "08029", "pwsid": "CO0115841", "pws_name": "WESTERN EXTENSION DOMESTIC WATER COMPANY", "population_served_count": 37, "model_method": "Random Forest", "verification_status": "", "symbology_field": "Modeled", "intersection_area_sq_km": 0.57128669887958805 }, "geometry": { "type": "Polygon", "coordinates": [ [ [ -107.6220996, 38.862000099999975 ], [ -107.6109866, 38.8701531 ], [ -107.6038836, 38.869031099999972 ], [ -107.6114326, 38.865408100000018 ], [ -107.6131566, 38.8619051 ], [ -107.6206156, 38.860508099999976 ], [ -107.6220996, 38.862000099999975 ] ] ] } },
{ "type": "Feature", "properties": { "state_po": "CO", "county_geoid": "08029", "pwsid": "CO0215538", "pws_name": "MAD DOG WC", "population_served_count": 60, "model_method": "Random Forest", "verification_status": "", "symbology_field": "Modeled", "intersection_area_sq_km": 48.811098131592345 }, "geometry": { "type": "Polygon", "coordinates": [ [ [ -107.533601600000011, 38.726513099999977 ], [ -107.5601136, 38.714531099999988 ], [ -107.5603626, 38.718759100000014 ], [ -107.5638486, 38.7203661 ], [ -107.5625406, 38.7225801 ], [ -107.557526599999989, 38.7234461 ], [ -107.5577776, 38.726545099999967 ], [ -107.5814276, 38.72561909999996 ], [ -107.5797416, 38.727017099999983 ], [ -107.580367599999988, 38.72981009999998 ], [ -107.5856896, 38.739332100000027 ], [ -107.6072236, 38.747850100000029 ], [ -107.613080599999989, 38.7518861 ], [ -107.6242696, 38.7549511 ], [ -107.6327096, 38.754040100000019 ], [ -107.6381506, 38.756205099999988 ], [ -107.5946656, 38.75614909999998 ], [ -107.594714599999989, 38.784466100000031 ], [ -107.5853946, 38.784311099999989 ], [ -107.5851106, 38.809328099999981 ], [ -107.5805046, 38.809227099999987 ], [ -107.5804836, 38.8056691 ], [ -107.5717646, 38.805530099999977 ], [ -107.5714836, 38.807570100000014 ], [ -107.5705776, 38.805284099999959 ], [ -107.5665426, 38.803061100000036 ], [ -107.5610176, 38.7938891 ], [ -107.551752600000015, 38.7868441 ], [ -107.5383946, 38.788239100000041 ], [ -107.5353846, 38.787160099999966 ], [ -107.5248346, 38.794308099999959 ], [ -107.5246116, 38.7972321 ], [ -107.5209186, 38.799258100000024 ], [ -107.5182476, 38.799703099999988 ], [ -107.5126606, 38.797147099999961 ], [ -107.533601600000011, 38.726513099999977 ] ] ] } },
{ "type": "Feature", "properties": { "state_po": "CO", "county_geoid": "08029", "pwsid": "CO0115601", "pws_name": "PAONIA TOWN OF", "population_served_count": 2499, "model_method": null, "verification_status": null, "symbology_field": "System Sourced", "intersection_area_sq_km": 9.3545465877519103 }, "geometry": { "type": "MultiPolygon", "coordinates": [ [ [ [ -107.5887135, 38.846084499999989 ], [ -107.5879025, 38.844341799999967 ], [ -107.5902644, 38.8436695 ], [ -107.591075499999988, 38.845412199999977 ], [ -107.5887135, 38.846084499999989 ] ] ], [ [ [ -107.5970265, 38.8492755 ], [ -107.5962154, 38.8475328 ], [ -107.5985775, 38.84686050000002 ], [ -107.5993886, 38.848603199999971 ], [ -107.5970265, 38.8492755 ] ] ], [ [ [ -107.6100977, 38.854159199999977 ], [ -107.6058144, 38.8560471 ], [ -107.604289900000012, 38.854626399999965 ], [ -107.6092865, 38.8524165 ], [ -107.6100977, 38.854159199999977 ] ] ], [ [ [ -107.6127514, 38.858764499999978 ], [ -107.6113564, 38.8559144 ], [ -107.615739499999989, 38.854309499999978 ], [ -107.6164606, 38.856192599999972 ], [ -107.6127514, 38.858764499999978 ] ] ], [ [ [ -107.6207564, 38.860843499999966 ], [ -107.619945199999989, 38.859100799999979 ], [ -107.6223076, 38.858428500000016 ], [ -107.6231188, 38.860171199999975 ], [ -107.6207564, 38.860843499999966 ] ] ], [ [ [ -107.6027634, 38.871095100000026 ], [ -107.5939306, 38.875098799999982 ], [ -107.592785299999989, 38.8747627 ], [ -107.5922993, 38.8748053 ], [ -107.594519, 38.876875 ], [ -107.5913832, 38.8783603 ], [ -107.5900561, 38.876966899999971 ], [ -107.5916954, 38.874824899999986 ], [ -107.5877757, 38.875485500000011 ], [ -107.585073799999989, 38.873350699999989 ], [ -107.581132200000013, 38.873456899999958 ], [ -107.5777968, 38.865443200000016 ], [ -107.5740329, 38.864975200000018 ], [ -107.5742121, 38.862588900000034 ], [ -107.5727326, 38.863624099999967 ], [ -107.570945099999989, 38.862817199999988 ], [ -107.5708674, 38.859667500000029 ], [ -107.572523, 38.858703800000015 ], [ -107.5739519, 38.8615152 ], [ -107.5758326, 38.860479900000037 ], [ -107.5827068, 38.863432299999943 ], [ -107.5884226, 38.86304659999994 ], [ -107.5857246, 38.861437 ], [ -107.580512399999989, 38.8615195 ], [ -107.5775674, 38.8592695 ], [ -107.5790871, 38.857537 ], [ -107.5777655, 38.855115399999988 ], [ -107.5815098, 38.855196099999986 ], [ -107.5819616, 38.853966100000022 ], [ -107.5793564, 38.852745500000047 ], [ -107.5829989, 38.850273199999954 ], [ -107.5803484, 38.849346200000049 ], [ -107.581344, 38.84754130000001 ], [ -107.5840488, 38.848004700000011 ], [ -107.5837041, 38.85007779999998 ], [ -107.5892517, 38.8546182 ], [ -107.5905497, 38.854837299999971 ], [ -107.5905313, 38.852667800000035 ], [ -107.5932661, 38.8505591 ], [ -107.5984816, 38.850368900000021 ], [ -107.6030041, 38.852222100000034 ], [ -107.6057694, 38.85898509999997 ], [ -107.6067104, 38.8562061 ], [ -107.6098368, 38.856618799999978 ], [ -107.6090997, 38.862267599999974 ], [ -107.605744, 38.862531199999971 ], [ -107.607374, 38.866694199999969 ], [ -107.6041131, 38.867547799999954 ], [ -107.6043414, 38.869082200000015 ], [ -107.6076342, 38.86863139999997 ], [ -107.608452899999989, 38.871001600000021 ], [ -107.6044593, 38.871980699999973 ], [ -107.6027634, 38.871095100000026 ] ], [ [ -107.5817676, 38.8556667 ], [ -107.5819603, 38.8560456 ], [ -107.5820469, 38.8561804 ], [ -107.5817676, 38.8556667 ] ], [ [ -107.584833, 38.8585668 ], [ -107.5833741, 38.859229300000052 ], [ -107.584418, 38.8593125 ], [ -107.584833, 38.8585668 ] ], [ [ -107.587228599999989, 38.858408499999989 ], [ -107.5875715, 38.8587071 ], [ -107.5876787, 38.8584363 ], [ -107.587228599999989, 38.858408499999989 ] ], [ [ -107.5944898, 38.8587773 ], [ -107.5935081, 38.858947099999966 ], [ -107.5942368, 38.859529 ], [ -107.5944898, 38.8587773 ] ], [ [ -107.6016098, 38.857774299999981 ], [ -107.5962911, 38.858157699999978 ], [ -107.5970729, 38.860517099999974 ], [ -107.594423299999988, 38.860092 ], [ -107.5919131, 38.862051699999981 ], [ -107.595911, 38.8639509 ], [ -107.601262, 38.863335099999972 ], [ -107.6044709, 38.8598455 ], [ -107.6016098, 38.857774299999981 ] ], [ [ -107.603324199999989, 38.865968200000047 ], [ -107.601830299999989, 38.866734699999952 ], [ -107.603358199999988, 38.866858899999968 ], [ -107.603324199999989, 38.865968200000047 ] ] ], [ [ [ -107.6124974, 38.862587500000011 ], [ -107.6104341, 38.8604696 ], [ -107.6119354, 38.8588929 ], [ -107.6149749, 38.8611454 ], [ -107.6124974, 38.862587500000011 ] ] ], [ [ [ -107.6252103, 38.861528900000025 ], [ -107.6247738, 38.8595931 ], [ -107.6271096, 38.859271100000036 ], [ -107.627656699999989, 38.861075600000021 ], [ -107.6252103, 38.861528900000025 ] ] ], [ [ [ -107.6168723, 38.864928899999981 ], [ -107.6164357, 38.862993100000033 ], [ -107.6187717, 38.862671100000028 ], [ -107.6192083, 38.8646069 ], [ -107.6168723, 38.864928899999981 ] ] ], [ [ [ -107.5989222, 38.877369800000025 ], [ -107.5984407, 38.875235 ], [ -107.601525099999989, 38.874968899999985 ], [ -107.6016713, 38.876931199999987 ], [ -107.5989222, 38.877369800000025 ] ] ], [ [ [ -107.5761231, 38.83507149999997 ], [ -107.573311300000015, 38.833801799999989 ], [ -107.576987, 38.832108199999986 ], [ -107.578289900000016, 38.833657600000031 ], [ -107.5761231, 38.83507149999997 ] ] ], [ [ [ -107.5554536, 38.838229499999983 ], [ -107.5546427, 38.8364868 ], [ -107.557004299999988, 38.8358145 ], [ -107.5577252, 38.83769760000002 ], [ -107.5554536, 38.838229499999983 ] ] ], [ [ [ -107.5765139, 38.843972 ], [ -107.5649271, 38.843256200000042 ], [ -107.5628042, 38.843965299999937 ], [ -107.5606777, 38.849029400000035 ], [ -107.556651, 38.846536300000039 ], [ -107.5594357, 38.845250599999986 ], [ -107.5581562, 38.841663 ], [ -107.5600566, 38.839367300000021 ], [ -107.5620887, 38.839087099999986 ], [ -107.562979, 38.8406472 ], [ -107.5646327, 38.839827600000014 ], [ -107.5629029, 38.837694500000026 ], [ -107.5666054, 38.8338229 ], [ -107.5685073, 38.8349304 ], [ -107.5671157, 38.836492 ], [ -107.5679026, 38.8398088 ], [ -107.5703579, 38.8407159 ], [ -107.5688563, 38.839027400000013 ], [ -107.5707816, 38.837763899999985 ], [ -107.572821499999989, 38.8401724 ], [ -107.5731542, 38.837393100000035 ], [ -107.5754893, 38.837071100000038 ], [ -107.5753256, 38.839402799999988 ], [ -107.5786815, 38.8404395 ], [ -107.5783934, 38.842994300000029 ], [ -107.5810604, 38.845895799999965 ], [ -107.5774195, 38.846500499999962 ], [ -107.5765139, 38.843972 ] ], [ [ -107.5600775, 38.846238899999982 ], [ -107.560078600000011, 38.84637249999998 ], [ -107.5602748, 38.84634549999997 ], [ -107.5600775, 38.846238899999982 ] ] ], [ [ [ -107.566973499999989, 38.847625899999954 ], [ -107.5665371, 38.845690100000013 ], [ -107.5688725, 38.845368099999973 ], [ -107.569309, 38.847303899999957 ], [ -107.566973499999989, 38.847625899999954 ] ] ], [ [ [ -107.5680834, 38.8553855 ], [ -107.5680835, 38.852970499999941 ], [ -107.572489, 38.853841300000013 ], [ -107.5737978, 38.857141199999987 ], [ -107.571619900000016, 38.857875700000022 ], [ -107.570172899999989, 38.855052200000017 ], [ -107.5680834, 38.8553855 ] ] ], [ [ [ -107.562692399999989, 38.860893499999989 ], [ -107.5618812, 38.8591508 ], [ -107.5642436, 38.8584785 ], [ -107.565054800000013, 38.860221200000026 ], [ -107.562692399999989, 38.860893499999989 ] ] ], [ [ [ -107.54388, 38.862639499999986 ], [ -107.5436203, 38.865953099999984 ], [ -107.5413478, 38.866485 ], [ -107.5400916, 38.8628606 ], [ -107.5414504, 38.8587435 ], [ -107.5462425, 38.860896799999978 ], [ -107.54388, 38.862639499999986 ] ] ], [ [ [ -107.5282129, 38.87104920000003 ], [ -107.527776300000014, 38.869113399999982 ], [ -107.531570699999989, 38.86739410000002 ], [ -107.5320074, 38.869329900000011 ], [ -107.5282129, 38.87104920000003 ] ] ], [ [ [ -107.5180082, 38.873520899999981 ], [ -107.5174611, 38.871716399999976 ], [ -107.5199078, 38.871263100000014 ], [ -107.5203445, 38.873198900000027 ], [ -107.5180082, 38.873520899999981 ] ] ] ] } },
{ "type": "Feature", "properties": { "state_po": "CO", "county_geoid": "08029", "pwsid": "CO0115784", "pws_name": "UPPER SURFACE CREEK DOMESTIC WUA", "population_served_count": 2800, "model_method": null, "verification_status": null, "symbology_field": "System Sourced", "intersection_area_sq_km": 35.062681363938083 }, "geometry": { "type": "MultiPolygon", "coordinates": [ [ [ [ -107.9215965, 38.818866899999954 ], [ -107.9219037, 38.8168108 ], [ -107.9246989, 38.817066499999974 ], [ -107.9242626, 38.819002299999973 ], [ -107.9215965, 38.818866899999954 ] ] ], [ [ [ -107.8759673, 38.828104099999976 ], [ -107.8759674, 38.826249600000033 ], [ -107.8784802, 38.8262496 ], [ -107.878334200000012, 38.828212 ], [ -107.8759673, 38.828104099999976 ] ] ], [ [ [ -107.8987439, 38.828891899999945 ], [ -107.894084100000015, 38.826547699999956 ], [ -107.8953406, 38.8248454 ], [ -107.8996234, 38.827296899999972 ], [ -107.8987439, 38.828891899999945 ] ] ], [ [ [ -107.8855254, 38.831063600000036 ], [ -107.884976, 38.828655599999969 ], [ -107.8871529, 38.8279211 ], [ -107.8883681, 38.830671599999974 ], [ -107.8855254, 38.831063600000036 ] ] ], [ [ [ -107.905130700000015, 38.828704500000029 ], [ -107.9051308, 38.82685 ], [ -107.9076436, 38.82685 ], [ -107.9074976, 38.828812399999968 ], [ -107.905130700000015, 38.828704500000029 ] ] ], [ [ [ -107.8992253, 38.832983299999981 ], [ -107.8933613, 38.8326345 ], [ -107.8941347, 38.829742499999981 ], [ -107.8995005, 38.8311413 ], [ -107.8992253, 38.832983299999981 ] ] ], [ [ [ -107.9016777, 38.832472399999986 ], [ -107.9016777, 38.830617899999957 ], [ -107.9041907, 38.8306179 ], [ -107.9040446, 38.83258030000006 ], [ -107.9016777, 38.832472399999986 ] ] ], [ [ [ -107.8841897, 38.836736 ], [ -107.8841897, 38.834881500000016 ], [ -107.886702899999989, 38.834881500000016 ], [ -107.8865568, 38.836843900000019 ], [ -107.8841897, 38.836736 ] ] ], [ [ [ -107.9242882, 38.8331242 ], [ -107.9242883, 38.831269699999943 ], [ -107.9268013, 38.831269699999979 ], [ -107.9266552, 38.8332321 ], [ -107.9242882, 38.8331242 ] ] ], [ [ [ -107.8919172, 38.83625959999997 ], [ -107.8913564, 38.838231899999968 ], [ -107.8889893, 38.838124 ], [ -107.8888253, 38.8334258 ], [ -107.8941852, 38.834237800000011 ], [ -107.8941852, 38.836092300000026 ], [ -107.8919172, 38.83625959999997 ] ] ], [ [ [ -107.8799738, 38.841516200000058 ], [ -107.8807843, 38.8379448 ], [ -107.8832298, 38.83749149999997 ], [ -107.8827267, 38.841264599999953 ], [ -107.8799738, 38.841516200000058 ] ] ], [ [ [ -107.8850706, 38.8406335 ], [ -107.8850706, 38.838779 ], [ -107.887584, 38.838779 ], [ -107.8874378, 38.8407414 ], [ -107.8850706, 38.8406335 ] ] ], [ [ [ -107.9080778, 38.842541200000028 ], [ -107.9080778, 38.840686699999978 ], [ -107.9105912, 38.84068670000002 ], [ -107.9104451, 38.842649099999974 ], [ -107.9080778, 38.842541200000028 ] ] ], [ [ [ -107.9154299, 38.8431467 ], [ -107.9135801, 38.841806399999967 ], [ -107.9151043, 38.84038569999997 ], [ -107.9184114, 38.8421409 ], [ -107.9154299, 38.8431467 ] ] ], [ [ [ -107.902162499999989, 38.8445866 ], [ -107.9023087, 38.842624299999947 ], [ -107.904676, 38.842732100000021 ], [ -107.9045299, 38.844694500000024 ], [ -107.902162499999989, 38.8445866 ] ] ], [ [ [ -107.9231601, 38.844188399999972 ], [ -107.923306200000013, 38.842226100000019 ], [ -107.9256735, 38.842333899999957 ], [ -107.9255274, 38.844296299999961 ], [ -107.9231601, 38.844188399999972 ] ] ], [ [ [ -107.9026876, 38.849269100000036 ], [ -107.902833700000016, 38.847306799999977 ], [ -107.9052012, 38.847414600000064 ], [ -107.9050551, 38.849377 ], [ -107.9026876, 38.849269100000036 ] ] ], [ [ [ -107.890891, 38.850926900000012 ], [ -107.8904381, 38.848704 ], [ -107.89271, 38.848172099999985 ], [ -107.8936443, 38.850675299999963 ], [ -107.890891, 38.850926900000012 ] ] ], [ [ [ -107.8994125, 38.8534578 ], [ -107.8970483, 38.849358099999989 ], [ -107.8992098, 38.848957500000033 ], [ -107.9016845, 38.852925899999931 ], [ -107.8994125, 38.8534578 ] ] ], [ [ [ -107.8933124, 38.852970499999962 ], [ -107.8933124, 38.851116 ], [ -107.8958262, 38.851116 ], [ -107.89568, 38.853078399999958 ], [ -107.8933124, 38.852970499999962 ] ] ], [ [ [ -107.888069, 38.853569499999956 ], [ -107.8889512, 38.856113199999989 ], [ -107.8866679, 38.856983 ], [ -107.8864112, 38.858903199999951 ], [ -107.889224900000016, 38.860029900000022 ], [ -107.8872991, 38.861293399999987 ], [ -107.8859539, 38.859352299999983 ], [ -107.8834792, 38.859111100000064 ], [ -107.8832587, 38.8566109 ], [ -107.885087, 38.852720799999986 ], [ -107.890082, 38.851266299999985 ], [ -107.8905186, 38.853202100000026 ], [ -107.888069, 38.853569499999956 ] ] ], [ [ [ -107.8899786, 38.867176700000016 ], [ -107.8899787, 38.865322200000023 ], [ -107.8924929, 38.865322200000023 ], [ -107.8923468, 38.8672846 ], [ -107.8899786, 38.867176700000016 ] ] ], [ [ [ -107.8868468, 38.869023099999978 ], [ -107.8868468, 38.867168599999985 ], [ -107.8893612, 38.867168600000014 ], [ -107.889215, 38.869131 ], [ -107.8868468, 38.869023099999978 ] ] ], [ [ [ -107.8920273, 38.873762800000016 ], [ -107.8868635, 38.873010499999985 ], [ -107.887547, 38.870608300000036 ], [ -107.8905513, 38.870444899999981 ], [ -107.8924131, 38.872052099999962 ], [ -107.8920273, 38.873762800000016 ] ] ], [ [ [ -107.9049467, 38.902447500000044 ], [ -107.9111955, 38.9001741 ], [ -107.9119018, 38.901690499999987 ], [ -107.9100177, 38.903011299999989 ], [ -107.9148679, 38.90571520000006 ], [ -107.9147341, 38.9087045 ], [ -107.9208689, 38.910770800000023 ], [ -107.9148082, 38.9134757 ], [ -107.9140805, 38.916679699999975 ], [ -107.9171666, 38.9168343 ], [ -107.9176251, 38.919606300000027 ], [ -107.9148482, 38.9202479 ], [ -107.914912, 38.922433699999957 ], [ -107.9113447, 38.9243179 ], [ -107.9101201, 38.9336942 ], [ -107.905943, 38.9353323 ], [ -107.9095218, 38.936589299999973 ], [ -107.9192064, 38.9357876 ], [ -107.9204648, 38.937489899999989 ], [ -107.9174605, 38.939030800000047 ], [ -107.9071245, 38.9389345 ], [ -107.9045698, 38.941471 ], [ -107.898459699999989, 38.9407955 ], [ -107.8965088, 38.942675600000022 ], [ -107.8972377, 38.944075399999988 ], [ -107.9000734, 38.9437681 ], [ -107.9014017, 38.945004300000022 ], [ -107.8992644, 38.946395100000011 ], [ -107.8996045, 38.950098 ], [ -107.9019681, 38.948321900000018 ], [ -107.9038797, 38.9494734 ], [ -107.9091424, 38.948814700000021 ], [ -107.9112957, 38.953744 ], [ -107.907831, 38.955398399999979 ], [ -107.9045935, 38.954063100000035 ], [ -107.9029448, 38.956141 ], [ -107.89628, 38.951791 ], [ -107.8967368, 38.95423720000003 ], [ -107.8861439, 38.959535299999985 ], [ -107.8850443, 38.957544899999974 ], [ -107.8875629, 38.957131700000012 ], [ -107.8914126, 38.9518916 ], [ -107.894696599999989, 38.9521048 ], [ -107.8909476, 38.947414900000012 ], [ -107.8958937, 38.946775300000034 ], [ -107.8927217, 38.94505 ], [ -107.8926612, 38.9426773 ], [ -107.8900919, 38.94342480000001 ], [ -107.8872032, 38.941151400000031 ], [ -107.8884105, 38.936390600000017 ], [ -107.8915661, 38.936678700000016 ], [ -107.8903695, 38.9408287 ], [ -107.8950536, 38.940414 ], [ -107.8993954, 38.9381982 ], [ -107.8958079, 38.93808319999998 ], [ -107.8933774, 38.934374099999971 ], [ -107.8955863, 38.934172399999973 ], [ -107.8962369, 38.935809199999987 ], [ -107.901677299999989, 38.9350959 ], [ -107.9042097, 38.932775800000044 ], [ -107.9018507, 38.93149690000002 ], [ -107.899297, 38.9321222 ], [ -107.89886, 38.930186400000011 ], [ -107.9077691, 38.9289895 ], [ -107.9052432, 38.926649900000022 ], [ -107.9081493, 38.925585799999986 ], [ -107.907432, 38.9232935 ], [ -107.9030705, 38.923701200000018 ], [ -107.9055302, 38.925783600000017 ], [ -107.9016582, 38.926626100000028 ], [ -107.8996782, 38.92342 ], [ -107.9021101, 38.922109900000017 ], [ -107.901386699999989, 38.9206956 ], [ -107.8990976, 38.921749 ], [ -107.8976288, 38.9201028 ], [ -107.8969539, 38.9223497 ], [ -107.8944152, 38.921756 ], [ -107.8944722, 38.919045300000029 ], [ -107.896974899999989, 38.918421300000013 ], [ -107.8960808, 38.909106899999976 ], [ -107.8981252, 38.908178099999979 ], [ -107.8978708, 38.905814699999958 ], [ -107.9021056, 38.905725199999949 ], [ -107.9018301, 38.907567199999974 ], [ -107.898433400000016, 38.908259899999948 ], [ -107.9026271, 38.910197600000011 ], [ -107.9000366, 38.917757500000015 ], [ -107.9036472, 38.918237 ], [ -107.9065638, 38.9168926 ], [ -107.9036347, 38.914472299999929 ], [ -107.903874500000015, 38.912869499999985 ], [ -107.905908700000012, 38.912589200000056 ], [ -107.908145, 38.91473060000002 ], [ -107.9082815, 38.912234700000035 ], [ -107.9058882, 38.912501500000047 ], [ -107.9047532, 38.9111532 ], [ -107.906964699999989, 38.9099372 ], [ -107.906535, 38.906360799999987 ], [ -107.9081563, 38.905247900000013 ], [ -107.9051579, 38.903263800000062 ], [ -107.9026555, 38.904549900000049 ], [ -107.901922399999989, 38.902685 ], [ -107.8945136, 38.904379600000013 ], [ -107.8903649, 38.913135599999954 ], [ -107.8884609, 38.912028200000016 ], [ -107.8889289, 38.9069891 ], [ -107.8863421, 38.909518099999985 ], [ -107.8817474, 38.906656399999981 ], [ -107.8789723, 38.906657499999987 ], [ -107.879768, 38.9045809 ], [ -107.8820117, 38.906247500000021 ], [ -107.8848973, 38.90520030000004 ], [ -107.8852776, 38.900666700000052 ], [ -107.8821864, 38.8989978 ], [ -107.883036499999989, 38.896786300000038 ], [ -107.8812545, 38.8946288 ], [ -107.8829572, 38.893512199999989 ], [ -107.8849429, 38.8947493 ], [ -107.8851952, 38.892788399999937 ], [ -107.8870228, 38.892290399999979 ], [ -107.8822936, 38.893322 ], [ -107.876386, 38.890690299999982 ], [ -107.8724078, 38.8907581 ], [ -107.8712794, 38.888714500000013 ], [ -107.8665526, 38.89010420000001 ], [ -107.8638874, 38.88647779999998 ], [ -107.8651913, 38.8849284 ], [ -107.8710889, 38.886237399999985 ], [ -107.8721886, 38.8846577 ], [ -107.8757151, 38.8845144 ], [ -107.8740671, 38.882651699999982 ], [ -107.8762556, 38.880398400000018 ], [ -107.873242, 38.87922949999998 ], [ -107.8730654, 38.876982899999987 ], [ -107.8774055, 38.874394700000025 ], [ -107.8714498, 38.871328200000022 ], [ -107.871596, 38.86936590000002 ], [ -107.8762061, 38.871001099999965 ], [ -107.8787046, 38.868700800000028 ], [ -107.8808827, 38.869435299999957 ], [ -107.8789231, 38.871288900000017 ], [ -107.8808017, 38.8744225 ], [ -107.879240599999989, 38.876001899999984 ], [ -107.880747, 38.882881600000026 ], [ -107.8783869, 38.8844298 ], [ -107.8827657, 38.885241 ], [ -107.883424, 38.889188599999976 ], [ -107.8874667, 38.8886744 ], [ -107.8863655, 38.887173499999982 ], [ -107.8880188, 38.885838699999923 ], [ -107.8852678, 38.8828024 ], [ -107.8869588, 38.881374200000018 ], [ -107.8842067, 38.876858200000022 ], [ -107.8866222, 38.874467 ], [ -107.8902497, 38.876059200000036 ], [ -107.888473499999989, 38.882027699999973 ], [ -107.8904528, 38.881611500000027 ], [ -107.8907799, 38.879364100000025 ], [ -107.8963204, 38.878715600000035 ], [ -107.896618499999988, 38.876451300000042 ], [ -107.9015814, 38.876455 ], [ -107.901306, 38.878297 ], [ -107.897534, 38.879003599999976 ], [ -107.8979572, 38.880736 ], [ -107.8949691, 38.882479599999968 ], [ -107.8954198, 38.884722300000043 ], [ -107.9004976, 38.884333100000042 ], [ -107.9020044, 38.889560700000011 ], [ -107.9089971, 38.891932099999984 ], [ -107.9126548, 38.8955995 ], [ -107.9049467, 38.902447500000044 ] ], [ [ -107.875856399999989, 38.887135100000016 ], [ -107.875045199999988, 38.8876973 ], [ -107.8760286, 38.886803600000029 ], [ -107.875856399999989, 38.887135100000016 ] ], [ [ -107.8930059, 38.885108500000015 ], [ -107.8922692, 38.886203199999954 ], [ -107.8928249, 38.886540500000017 ], [ -107.8931391, 38.886476799999969 ], [ -107.8930059, 38.885108500000015 ] ], [ [ -107.880635, 38.888922400000062 ], [ -107.8809399, 38.8887169 ], [ -107.8805964, 38.888696199999984 ], [ -107.880635, 38.888922400000062 ] ], [ [ -107.8924756, 38.88893590000005 ], [ -107.888336, 38.888740899999966 ], [ -107.8896046, 38.891849200000017 ], [ -107.8965324, 38.89307330000004 ], [ -107.9013119, 38.8919846 ], [ -107.9005937, 38.8907866 ], [ -107.8963204, 38.890656300000032 ], [ -107.8970665, 38.888440699999975 ], [ -107.8956107, 38.8871232 ], [ -107.8924756, 38.88893590000005 ] ], [ [ -107.8880255, 38.89603629999997 ], [ -107.8879776, 38.896034099999973 ], [ -107.8879714, 38.896043800000022 ], [ -107.8880255, 38.89603629999997 ] ], [ [ -107.8864438, 38.896788900000026 ], [ -107.8859035, 38.898033799999965 ], [ -107.8862504, 38.898078099999971 ], [ -107.8864438, 38.896788900000026 ] ], [ [ -107.8900609, 38.894525800000011 ], [ -107.8883708, 38.896020900000011 ], [ -107.8899991, 38.8971341 ], [ -107.8892227, 38.899600500000076 ], [ -107.8949245, 38.900063900000013 ], [ -107.8952543, 38.897744099999983 ], [ -107.892442, 38.897016899999969 ], [ -107.8934829, 38.8953345 ], [ -107.8900609, 38.894525800000011 ] ], [ [ -107.9030149, 38.898211300000028 ], [ -107.90382910000001, 38.8989044 ], [ -107.9040181, 38.89825709999996 ], [ -107.9030149, 38.898211300000028 ] ] ], [ [ [ -107.8956337, 38.930135599999964 ], [ -107.8957801, 38.928173299999969 ], [ -107.898150199999989, 38.9282812 ], [ -107.8980039, 38.930243500000046 ], [ -107.8956337, 38.930135599999964 ] ] ], [ [ [ -107.9196951, 38.933579600000016 ], [ -107.9117444, 38.93194510000005 ], [ -107.914592399999989, 38.927635800000026 ], [ -107.9189259, 38.928144699999976 ], [ -107.9214625, 38.9308778 ], [ -107.9196951, 38.933579600000016 ] ], [ [ -107.9157851, 38.930560700000015 ], [ -107.9168198, 38.930500700000046 ], [ -107.9173811, 38.930692200000017 ], [ -107.9157851, 38.930560700000015 ] ] ], [ [ [ -107.9099068, 38.9434384 ], [ -107.9076575, 38.942556200000027 ], [ -107.9080397, 38.939253900000047 ], [ -107.9125606, 38.941143199999978 ], [ -107.9099068, 38.9434384 ] ] ], [ [ [ -107.9176493, 38.942941200000028 ], [ -107.9172867, 38.940203199999964 ], [ -107.919467, 38.9394687 ], [ -107.9204965, 38.9425492 ], [ -107.9176493, 38.942941200000028 ] ] ], [ [ [ -107.9027199, 38.945386100000036 ], [ -107.9042711, 38.942318199999974 ], [ -107.9067881, 38.942318199999974 ], [ -107.9052369, 38.945386100000015 ], [ -107.9027199, 38.945386100000036 ] ] ], [ [ [ -107.9174295, 38.946342899999976 ], [ -107.9182523, 38.9438416 ], [ -107.920769299999989, 38.9438416 ], [ -107.919946700000011, 38.946342899999976 ], [ -107.9174295, 38.946342899999976 ] ] ], [ [ [ -107.919924200000011, 38.952903399999975 ], [ -107.9190815, 38.95459289999998 ], [ -107.9165023, 38.954862 ], [ -107.911548599999989, 38.952025199999987 ], [ -107.9140676, 38.9501295 ], [ -107.916176100000015, 38.951245899999975 ], [ -107.917752299999989, 38.950001399999969 ], [ -107.9165868, 38.94774 ], [ -107.9183765, 38.946933199999975 ], [ -107.923260899999988, 38.949023 ], [ -107.9226922, 38.952572399999987 ], [ -107.919924200000011, 38.952903399999975 ] ] ], [ [ [ -107.9294696, 38.950746699999961 ], [ -107.9249308, 38.954481700000024 ], [ -107.9236024, 38.953088300000047 ], [ -107.927692, 38.947771600000024 ], [ -107.9294696, 38.950746699999961 ] ] ], [ [ [ -107.9126541, 38.958337699999973 ], [ -107.912800499999989, 38.9563754 ], [ -107.9151716, 38.956483300000031 ], [ -107.9150253, 38.958445600000012 ], [ -107.9126541, 38.958337699999973 ] ] ], [ [ [ -107.851083, 38.823618499999988 ], [ -107.851083, 38.821764 ], [ -107.8535958, 38.821764 ], [ -107.8534497, 38.823726399999984 ], [ -107.851083, 38.823618499999988 ] ] ], [ [ [ -107.8697794, 38.827573699999988 ], [ -107.8697795, 38.825719200000044 ], [ -107.872292300000012, 38.8257192 ], [ -107.872146199999989, 38.827681599999984 ], [ -107.8697794, 38.827573699999988 ] ] ], [ [ [ -107.8684675, 38.830341600000011 ], [ -107.8684675, 38.8284871 ], [ -107.8709805, 38.8284871 ], [ -107.8708344, 38.830449499999965 ], [ -107.8684675, 38.830341600000011 ] ] ], [ [ [ -107.873813399999989, 38.83110470000004 ], [ -107.873813399999989, 38.829250199999969 ], [ -107.8763264, 38.8292502 ], [ -107.8761803, 38.831212600000036 ], [ -107.873813399999989, 38.83110470000004 ] ] ], [ [ [ -107.855138599999989, 38.836103500000021 ], [ -107.855138599999989, 38.834249 ], [ -107.8576518, 38.834249 ], [ -107.8575057, 38.8362114 ], [ -107.855138599999989, 38.836103500000021 ] ] ], [ [ [ -107.8817019, 38.83600450000003 ], [ -107.8774514, 38.837547700000023 ], [ -107.8734125, 38.835140800000012 ], [ -107.8749132, 38.8340333 ], [ -107.8789142, 38.8352835 ], [ -107.8798161, 38.833761900000042 ], [ -107.881848, 38.834042100000019 ], [ -107.8817019, 38.83600450000003 ] ] ], [ [ [ -107.864458, 38.8406825 ], [ -107.864458, 38.838828 ], [ -107.8669714, 38.838828 ], [ -107.8668252, 38.840790399999989 ], [ -107.864458, 38.8406825 ] ] ], [ [ [ -107.8629217, 38.844211699999974 ], [ -107.8625697, 38.842797199999985 ], [ -107.8596241, 38.843027199999959 ], [ -107.8600606, 38.841091400000053 ], [ -107.8621206, 38.841185200000041 ], [ -107.8626187, 38.842707600000011 ], [ -107.865564299999988, 38.842477600000031 ], [ -107.865289, 38.844319600000013 ], [ -107.8629217, 38.844211699999974 ] ] ], [ [ [ -107.8744712, 38.844173800000021 ], [ -107.8746173, 38.842211500000033 ], [ -107.8769846, 38.842319300000014 ], [ -107.8768385, 38.84428170000001 ], [ -107.8744712, 38.844173800000021 ] ] ], [ [ [ -107.857342, 38.846610899999988 ], [ -107.857342, 38.844756400000044 ], [ -107.859855599999989, 38.8447564 ], [ -107.8597094, 38.846718800000048 ], [ -107.857342, 38.846610899999988 ] ] ], [ [ [ -107.866363, 38.845996799999959 ], [ -107.86650920000001, 38.84403449999995 ], [ -107.8688765, 38.844142300000065 ], [ -107.8687304, 38.846104700000012 ], [ -107.866363, 38.845996799999959 ] ] ], [ [ [ -107.8704374, 38.84715189999995 ], [ -107.8704374, 38.8452974 ], [ -107.872951, 38.8452974 ], [ -107.8728048, 38.847259799999982 ], [ -107.8704374, 38.84715189999995 ] ] ], [ [ [ -107.8579429, 38.8514046 ], [ -107.8524822, 38.8513333 ], [ -107.8532068, 38.847252299999973 ], [ -107.8554787, 38.847784200000035 ], [ -107.8553399, 38.84988419999997 ], [ -107.85858, 38.849740499999982 ], [ -107.8579429, 38.8514046 ] ] ], [ [ [ -107.8819671, 38.848107 ], [ -107.8758999, 38.850236300000013 ], [ -107.8754434, 38.84807290000002 ], [ -107.8814202, 38.8463025 ], [ -107.8819671, 38.848107 ] ] ], [ [ [ -107.8640957, 38.853551899999985 ], [ -107.8643711, 38.851709899999989 ], [ -107.866867899999988, 38.85193809999997 ], [ -107.8665926, 38.853780100000016 ], [ -107.8640957, 38.853551899999985 ] ] ], [ [ [ -107.8551393, 38.855905799999988 ], [ -107.855414599999989, 38.854063799999977 ], [ -107.8579115, 38.854292 ], [ -107.8576362, 38.856134 ], [ -107.8551393, 38.855905799999988 ] ] ], [ [ [ -107.8699882, 38.855708399999969 ], [ -107.8701344, 38.8537461 ], [ -107.8725021, 38.853853900000054 ], [ -107.872356, 38.855816299999987 ], [ -107.8699882, 38.855708399999969 ] ] ], [ [ [ -107.8570433, 38.8586474 ], [ -107.8570433, 38.856792899999959 ], [ -107.8595573, 38.856792899999959 ], [ -107.859411099999988, 38.8587553 ], [ -107.8570433, 38.8586474 ] ] ], [ [ [ -107.8604264, 38.857109799999982 ], [ -107.860572600000012, 38.855147499999987 ], [ -107.864891, 38.854177100000058 ], [ -107.8672254, 38.857664699999972 ], [ -107.8668133, 38.860156500000024 ], [ -107.861204, 38.862189499999964 ], [ -107.8605669, 38.860525399999965 ], [ -107.8631886, 38.858770899999968 ], [ -107.8604264, 38.857109799999982 ] ] ], [ [ [ -107.857254, 38.864105400000049 ], [ -107.857254, 38.862250899999971 ], [ -107.8597682, 38.862250899999971 ], [ -107.859622, 38.864213299999946 ], [ -107.857254, 38.864105400000049 ] ] ], [ [ [ -107.880996, 38.862859899999982 ], [ -107.8811422, 38.860897599999952 ], [ -107.8835101, 38.861005400000025 ], [ -107.883364, 38.862967799999957 ], [ -107.880996, 38.862859899999982 ] ] ], [ [ [ -107.8678734, 38.872057600000019 ], [ -107.8631323, 38.872846299999985 ], [ -107.862411099999989, 38.87096319999997 ], [ -107.8674368, 38.8701218 ], [ -107.8678734, 38.872057600000019 ] ] ], [ [ [ -107.868934599999989, 38.880631 ], [ -107.8676383, 38.878613299999984 ], [ -107.871526, 38.877020799999947 ], [ -107.871702899999988, 38.879883199999981 ], [ -107.868934599999989, 38.880631 ] ] ], [ [ [ -107.883874, 38.902995 ], [ -107.876405, 38.9019638 ], [ -107.8743097, 38.903534400000026 ], [ -107.8699805, 38.900955300000021 ], [ -107.8734901, 38.898880400000031 ], [ -107.8760248, 38.901346900000021 ], [ -107.876945299999988, 38.8998836 ], [ -107.8808633, 38.8995537 ], [ -107.8846844, 38.9013322 ], [ -107.883874, 38.902995 ] ] ], [ [ [ -107.8739121, 38.910446099999987 ], [ -107.8678676, 38.909141899999987 ], [ -107.8703113, 38.905809699999971 ], [ -107.8686614, 38.904695499999967 ], [ -107.8695883, 38.903253399999954 ], [ -107.8729941, 38.903047699999959 ], [ -107.8745352, 38.905619100000017 ], [ -107.8730565, 38.907356300000018 ], [ -107.876703, 38.9083574 ], [ -107.8739121, 38.910446099999987 ] ] ], [ [ [ -107.8799187, 38.910209 ], [ -107.880065, 38.908246699999935 ], [ -107.882434499999988, 38.908354600000031 ], [ -107.8822882, 38.9103169 ], [ -107.8799187, 38.910209 ] ] ], [ [ [ -107.883644, 38.9115586 ], [ -107.8837903, 38.909596300000032 ], [ -107.8861598, 38.9097042 ], [ -107.8860136, 38.911666500000031 ], [ -107.883644, 38.9115586 ] ] ], [ [ [ -107.8727523, 38.918260400000037 ], [ -107.8721412, 38.916246 ], [ -107.8763059, 38.914517599999975 ], [ -107.8767428, 38.916453400000016 ], [ -107.8727523, 38.918260400000037 ] ] ], [ [ [ -107.889026, 38.92337 ], [ -107.8871266, 38.921931900000018 ], [ -107.8892161, 38.919899899999976 ], [ -107.8882108, 38.917821300000043 ], [ -107.8855134, 38.917526600000024 ], [ -107.885092, 38.914280799999986 ], [ -107.8881361, 38.913861400000016 ], [ -107.8884316, 38.917618600000011 ], [ -107.8930562, 38.9135908 ], [ -107.8939903, 38.916708500000013 ], [ -107.8919411, 38.9228303 ], [ -107.889026, 38.92337 ] ] ], [ [ [ -107.8902672, 38.9292479 ], [ -107.8855613, 38.929137900000015 ], [ -107.8855614, 38.9275241 ], [ -107.8899915, 38.927405899999961 ], [ -107.8902672, 38.9292479 ] ] ], [ [ [ -107.884213, 38.9441816 ], [ -107.8843594, 38.942219299999962 ], [ -107.88673, 38.9423272 ], [ -107.886583699999989, 38.944289499999947 ], [ -107.884213, 38.9441816 ] ] ], [ [ [ -107.8823289, 38.9610173 ], [ -107.8826047, 38.959175299999956 ], [ -107.8851052, 38.959403499999986 ], [ -107.8848295, 38.961245500000011 ], [ -107.8823289, 38.9610173 ] ] ], [ [ [ -107.8882419, 38.962886399999967 ], [ -107.8860609, 38.9610815 ], [ -107.8901848, 38.959842700000038 ], [ -107.8909972, 38.9615854 ], [ -107.8882419, 38.962886399999967 ] ] ], [ [ [ -107.885095299999989, 38.965173900000018 ], [ -107.8852417, 38.963211600000015 ], [ -107.8876131, 38.963319500000011 ], [ -107.8874667, 38.965281800000014 ], [ -107.885095299999989, 38.965173900000018 ] ] ], [ [ [ -107.8365983, 38.838087900000026 ], [ -107.83399390000001, 38.836571500000026 ], [ -107.8380574, 38.8349042 ], [ -107.8391215, 38.8365614 ], [ -107.8365983, 38.838087900000026 ] ] ], [ [ [ -107.8441112, 38.8382202 ], [ -107.8441112, 38.83636570000003 ], [ -107.8466244, 38.836365700000037 ], [ -107.8464783, 38.8383281 ], [ -107.8441112, 38.8382202 ] ] ], [ [ [ -107.8300349, 38.845215599999968 ], [ -107.830139, 38.847474 ], [ -107.8278035, 38.847796 ], [ -107.826988199999988, 38.844039700000025 ], [ -107.8322938, 38.8431732 ], [ -107.83244, 38.845135500000026 ], [ -107.8300349, 38.845215599999968 ] ] ], [ [ [ -107.8375856, 38.845913 ], [ -107.834366, 38.843156899999975 ], [ -107.8364101, 38.841577400000013 ], [ -107.8388957, 38.8442034 ], [ -107.8379386, 38.845824500000013 ], [ -107.8398702, 38.846611399999986 ], [ -107.8401801, 38.850506099999969 ], [ -107.8378446, 38.8501841 ], [ -107.8375856, 38.845913 ] ] ], [ [ [ -107.8427893, 38.8476734 ], [ -107.8427893, 38.845818899999969 ], [ -107.8453029, 38.845818899999969 ], [ -107.8451568, 38.84778129999998 ], [ -107.8427893, 38.8476734 ] ] ], [ [ [ -107.8317333, 38.849272199999966 ], [ -107.8318794, 38.84730990000002 ], [ -107.8342469, 38.847417699999944 ], [ -107.834100800000016, 38.8493801 ], [ -107.8317333, 38.849272199999966 ] ] ], [ [ [ -107.827367, 38.8548273 ], [ -107.827367, 38.852972800000011 ], [ -107.8298808, 38.852972800000011 ], [ -107.829734699999989, 38.854935199999986 ], [ -107.827367, 38.8548273 ] ] ], [ [ [ -107.8436622, 38.855520099999957 ], [ -107.8386908, 38.853764 ], [ -107.8396865, 38.851959100000016 ], [ -107.844299299999989, 38.853856 ], [ -107.8436622, 38.855520099999957 ] ] ], [ [ [ -107.848100699999989, 38.8588833 ], [ -107.841419, 38.859282900000025 ], [ -107.840698, 38.857399799999982 ], [ -107.847664099999989, 38.856947499999976 ], [ -107.848100699999989, 38.8588833 ] ] ], [ [ [ -107.8500742, 38.859123900000014 ], [ -107.8500742, 38.857269399999964 ], [ -107.8525882, 38.857269399999964 ], [ -107.852442, 38.859231800000039 ], [ -107.8500742, 38.859123900000014 ] ] ], [ [ [ -107.8536932, 38.8601151 ], [ -107.8536932, 38.858260599999959 ], [ -107.8562072, 38.858260600000015 ], [ -107.8560611, 38.860223 ], [ -107.8536932, 38.8601151 ] ] ], [ [ [ -107.8365074, 38.856133 ], [ -107.8329799, 38.8568638 ], [ -107.8329626, 38.85927090000002 ], [ -107.8370989, 38.857417499999968 ], [ -107.8390014, 38.858525 ], [ -107.8378906, 38.86002929999993 ], [ -107.8332428, 38.860351599999966 ], [ -107.8329269, 38.862241700000041 ], [ -107.837718099999989, 38.862423399999983 ], [ -107.837372, 38.864622600000011 ], [ -107.8340957, 38.866963899999952 ], [ -107.8368123, 38.868108099999979 ], [ -107.8368476, 38.8656078 ], [ -107.839491, 38.8654874 ], [ -107.8404849, 38.8672926 ], [ -107.8383721, 38.870421 ], [ -107.8311904, 38.867129799999979 ], [ -107.829827, 38.8607407 ], [ -107.8271829, 38.8611571 ], [ -107.8273503, 38.858990299999974 ], [ -107.8241569, 38.85689440000003 ], [ -107.8254602, 38.855345 ], [ -107.829389, 38.8569504 ], [ -107.83159160000001, 38.854393900000026 ], [ -107.8366535, 38.8541706 ], [ -107.8365074, 38.856133 ] ], [ [ -107.8296971, 38.85789579999998 ], [ -107.829715799999988, 38.859357700000025 ], [ -107.8303984, 38.8586486 ], [ -107.8296971, 38.85789579999998 ] ] ], [ [ [ -107.853441, 38.8652361 ], [ -107.852963, 38.862978400000067 ], [ -107.8552353, 38.862446500000011 ], [ -107.856194800000011, 38.864984500000048 ], [ -107.853441, 38.8652361 ] ] ], [ [ [ -107.8317721, 38.871664200000019 ], [ -107.8317721, 38.869809700000019 ], [ -107.8342865, 38.869809700000019 ], [ -107.8341403, 38.8717721 ], [ -107.8317721, 38.871664200000019 ] ] ], [ [ [ -107.8431777, 38.877301700000046 ], [ -107.8381146, 38.8788859 ], [ -107.8357334, 38.877802800000026 ], [ -107.8348267, 38.873173399999956 ], [ -107.8366137, 38.8708186 ], [ -107.8388607, 38.871700800000028 ], [ -107.838645, 38.8762195 ], [ -107.8407216, 38.875455399999971 ], [ -107.8409824, 38.872123100000032 ], [ -107.8436805, 38.872623 ], [ -107.8431777, 38.877301700000046 ] ] ], [ [ [ -107.856629399999989, 38.88411620000003 ], [ -107.856343599999988, 38.882976 ], [ -107.8559073, 38.88286979999998 ], [ -107.8551521, 38.8847 ], [ -107.8528791, 38.884168099999982 ], [ -107.8531379, 38.8791089 ], [ -107.8574532, 38.8795274 ], [ -107.8597186, 38.883543899999971 ], [ -107.856629399999989, 38.88411620000003 ] ] ], [ [ [ -107.8444076, 38.885035599999981 ], [ -107.8445539, 38.8830733 ], [ -107.8478502, 38.882513500000023 ], [ -107.847704, 38.8844759 ], [ -107.8444076, 38.885035599999981 ] ] ], [ [ [ -107.861790899999988, 38.88991140000001 ], [ -107.8642242, 38.892227 ], [ -107.8623282, 38.892866200000057 ], [ -107.858522799999989, 38.891304199999958 ], [ -107.8595195, 38.894006899999965 ], [ -107.8576161, 38.89511439999994 ], [ -107.8558219, 38.894037500000024 ], [ -107.8551139, 38.8890449 ], [ -107.851638, 38.889441900000016 ], [ -107.8545738, 38.897228500000018 ], [ -107.8524488, 38.8986219 ], [ -107.8492552, 38.889607700000028 ], [ -107.8454617, 38.89099910000003 ], [ -107.8449423, 38.887462100000029 ], [ -107.8469638, 38.8856573 ], [ -107.8525214, 38.887060100000014 ], [ -107.8614258, 38.885075799999967 ], [ -107.863767, 38.888404099999981 ], [ -107.861790899999988, 38.88991140000001 ] ], [ [ -107.8599986, 38.8897793 ], [ -107.8598765, 38.88991979999998 ], [ -107.8601315, 38.88981040000003 ], [ -107.8599986, 38.8897793 ] ] ], [ [ [ -107.8468645, 38.89611 ], [ -107.8442758, 38.892098 ], [ -107.8462539, 38.891635199999989 ], [ -107.8490435, 38.8953755 ], [ -107.8468645, 38.89611 ] ] ], [ [ [ -107.839707499999989, 38.896268099999979 ], [ -107.8398538, 38.8943058 ], [ -107.8422228, 38.8944137 ], [ -107.8420766, 38.896376 ], [ -107.839707499999989, 38.896268099999979 ] ] ], [ [ [ -107.8357501, 38.898186 ], [ -107.8358964, 38.896223699999972 ], [ -107.8382655, 38.896331599999982 ], [ -107.8381192, 38.898293899999985 ], [ -107.8357501, 38.898186 ] ] ], [ [ [ -107.832999199999989, 38.903140600000022 ], [ -107.8331455, 38.901178300000019 ], [ -107.8373791, 38.9005353 ], [ -107.8371036, 38.902377299999984 ], [ -107.832999199999989, 38.903140600000022 ] ] ], [ [ [ -107.8515146, 38.9021055 ], [ -107.8516609, 38.900143200000024 ], [ -107.854030099999989, 38.900251099999977 ], [ -107.8538839, 38.902213400000015 ], [ -107.8515146, 38.9021055 ] ] ], [ [ [ -107.8423402, 38.9037972 ], [ -107.8424865, 38.901834900000019 ], [ -107.8448558, 38.901942799999979 ], [ -107.8447095, 38.90390510000001 ], [ -107.8423402, 38.9037972 ] ] ], [ [ [ -107.833438199999989, 38.906533099999983 ], [ -107.8335845, 38.904570800000016 ], [ -107.838414, 38.9031894 ], [ -107.8382678, 38.9051517 ], [ -107.833438199999989, 38.906533099999983 ] ] ], [ [ [ -107.847736399999988, 38.9053936 ], [ -107.8478827, 38.903431300000015 ], [ -107.850252, 38.9035392 ], [ -107.8501058, 38.905501500000028 ], [ -107.847736399999988, 38.9053936 ] ] ], [ [ [ -107.8478999, 38.909161499999989 ], [ -107.8480462, 38.9071992 ], [ -107.8504157, 38.907307100000018 ], [ -107.8502694, 38.909269400000021 ], [ -107.8478999, 38.909161499999989 ] ] ], [ [ [ -107.8432253, 38.913060099999967 ], [ -107.8439018, 38.91086089999996 ], [ -107.84196750000001, 38.909441199999989 ], [ -107.8438947, 38.908177799999955 ], [ -107.8462098, 38.912211500000062 ], [ -107.8432253, 38.913060099999967 ] ] ], [ [ [ -107.8508578, 38.911776099999969 ], [ -107.850867400000013, 38.909907600000011 ], [ -107.8533832, 38.909907600000011 ], [ -107.8533736, 38.911776099999969 ], [ -107.8508578, 38.911776099999969 ] ] ], [ [ [ -107.8554153, 38.913889 ], [ -107.8555616, 38.9119267 ], [ -107.85793120000001, 38.91203460000002 ], [ -107.857785, 38.913996900000015 ], [ -107.8554153, 38.913889 ] ] ], [ [ [ -107.8589923, 38.916454900000026 ], [ -107.8591386, 38.9144926 ], [ -107.8615083, 38.914600499999949 ], [ -107.861362, 38.91656279999998 ], [ -107.8589923, 38.916454900000026 ] ] ], [ [ [ -107.8608866, 38.918604899999963 ], [ -107.8611622, 38.916762899999988 ], [ -107.8636612, 38.916991099999947 ], [ -107.8633857, 38.918833100000015 ], [ -107.8608866, 38.918604899999963 ] ] ], [ [ [ -107.8585646, 38.924771500000027 ], [ -107.858856300000014, 38.922867499999974 ], [ -107.8612262, 38.9229754 ], [ -107.861064, 38.924999699999972 ], [ -107.8585646, 38.924771500000027 ] ] ], [ [ [ -107.8613875, 38.927331799999962 ], [ -107.8615338, 38.925369500000052 ], [ -107.8639039, 38.9254774 ], [ -107.8637576, 38.927439699999987 ], [ -107.8613875, 38.927331799999962 ] ] ], [ [ [ -107.8213436, 38.836712 ], [ -107.8213436, 38.834857500000027 ], [ -107.8238568, 38.834857500000027 ], [ -107.8237107, 38.836819900000016 ], [ -107.8213436, 38.836712 ] ] ], [ [ [ -107.7970561, 38.839965100000022 ], [ -107.797056200000014, 38.838110599999979 ], [ -107.79956940000001, 38.838110599999979 ], [ -107.7994233, 38.840073 ], [ -107.7970561, 38.839965100000022 ] ] ], [ [ [ -107.8160118, 38.8417427 ], [ -107.8137742, 38.836607 ], [ -107.8138076, 38.833649200000032 ], [ -107.815462599999989, 38.832685500000011 ], [ -107.817117599999989, 38.833649200000011 ], [ -107.8170585, 38.837241699999986 ], [ -107.81930650000001, 38.8385571 ], [ -107.8186544, 38.841622400000034 ], [ -107.8160118, 38.8417427 ] ] ], [ [ [ -107.7878014, 38.839162800000011 ], [ -107.788108799999989, 38.837106699999971 ], [ -107.7932347, 38.836333299999964 ], [ -107.793311, 38.84283 ], [ -107.7971804, 38.843721599999967 ], [ -107.7933029, 38.847368400000036 ], [ -107.7911414, 38.846967799999987 ], [ -107.7898789, 38.843567799999988 ], [ -107.7908631, 38.839544700000026 ], [ -107.7878014, 38.839162800000011 ] ] ], [ [ [ -107.8109968, 38.8441304 ], [ -107.8102018, 38.842053799999974 ], [ -107.8130567, 38.8417211 ], [ -107.8134932, 38.843656899999949 ], [ -107.8109968, 38.8441304 ] ] ], [ [ [ -107.8045378, 38.84598220000003 ], [ -107.7979437, 38.8460787 ], [ -107.7972229, 38.844195600000027 ], [ -107.8004332, 38.8429122 ], [ -107.8022518, 38.8441056 ], [ -107.8028147, 38.842571 ], [ -107.804874700000013, 38.842477200000047 ], [ -107.8045378, 38.84598220000003 ] ] ], [ [ [ -107.8257298, 38.845094300000021 ], [ -107.8208463, 38.844468299999974 ], [ -107.8209426, 38.84756239999998 ], [ -107.8178258, 38.8483676 ], [ -107.8163015, 38.8469469 ], [ -107.8181979, 38.8456821 ], [ -107.8146853, 38.843701599999989 ], [ -107.821769500000016, 38.841900899999963 ], [ -107.8263669, 38.8434302 ], [ -107.8257298, 38.845094300000021 ] ] ], [ [ [ -107.815624, 38.849116800000026 ], [ -107.8105422, 38.849291300000019 ], [ -107.810209, 38.84507950000004 ], [ -107.8123703, 38.845480100000024 ], [ -107.8121653, 38.847270299999984 ], [ -107.8158636, 38.847514 ], [ -107.815624, 38.849116800000026 ] ] ], [ [ [ -107.7965856, 38.852005699999985 ], [ -107.7929386, 38.848925099999974 ], [ -107.7939342, 38.847120199999971 ], [ -107.7969615, 38.849240599999952 ], [ -107.8006826, 38.849097200000017 ], [ -107.8002067, 38.8506675 ], [ -107.7965856, 38.852005699999985 ] ] ], [ [ [ -107.7906589, 38.8515962 ], [ -107.7908051, 38.8496339 ], [ -107.7931726, 38.84974170000001 ], [ -107.7930265, 38.8517041 ], [ -107.7906589, 38.8515962 ] ] ], [ [ [ -107.8240603, 38.849328500000041 ], [ -107.8242064, 38.847366200000017 ], [ -107.8265739, 38.847474 ], [ -107.8264278, 38.849436399999945 ], [ -107.8240603, 38.849328500000041 ] ] ], [ [ [ -107.8216195, 38.851629699999926 ], [ -107.815882699999989, 38.851733900000028 ], [ -107.8151618, 38.849850799999984 ], [ -107.8190239, 38.848591199999973 ], [ -107.8217656, 38.849667299999986 ], [ -107.8216195, 38.851629699999926 ] ] ], [ [ [ -107.8067388, 38.855224700000072 ], [ -107.8067388, 38.8533702 ], [ -107.8092526, 38.8533702 ], [ -107.8091065, 38.855332599999969 ], [ -107.8067388, 38.855224700000072 ] ] ], [ [ [ -107.8020231, 38.859016499999989 ], [ -107.8020231, 38.857162 ], [ -107.8045371, 38.857162 ], [ -107.8043909, 38.8591244 ], [ -107.8020231, 38.859016499999989 ] ] ], [ [ [ -107.8223659, 38.860073099999987 ], [ -107.8131029, 38.860115799999974 ], [ -107.811601599999989, 38.858539100000016 ], [ -107.8177798, 38.856758299999953 ], [ -107.8173568, 38.855227099999958 ], [ -107.819144099999988, 38.854420200000014 ], [ -107.8206686, 38.855840900000018 ], [ -107.8190955, 38.857106600000023 ], [ -107.8232922, 38.858631 ], [ -107.8223659, 38.860073099999987 ] ] ], [ [ [ -107.8050719, 38.8643082 ], [ -107.8006732, 38.861500599999957 ], [ -107.8021746, 38.8599239 ], [ -107.8059983, 38.862866100000019 ], [ -107.8050719, 38.8643082 ] ] ], [ [ [ -107.816728, 38.8637605 ], [ -107.816728, 38.861906 ], [ -107.8192422, 38.861906 ], [ -107.819096, 38.8638684 ], [ -107.816728, 38.8637605 ] ] ], [ [ [ -107.8234179, 38.8643441 ], [ -107.8234179, 38.862489600000011 ], [ -107.825932099999989, 38.862489600000011 ], [ -107.8257859, 38.864452 ], [ -107.8234179, 38.8643441 ] ] ], [ [ [ -107.817757899999989, 38.8663879 ], [ -107.817757899999989, 38.8645334 ], [ -107.8202721, 38.8645334 ], [ -107.8201259, 38.866495800000017 ], [ -107.817757899999989, 38.8663879 ] ] ], [ [ [ -107.8074597, 38.86777230000002 ], [ -107.8074598, 38.8659178 ], [ -107.809974, 38.865917800000013 ], [ -107.8098279, 38.867880200000016 ], [ -107.8074597, 38.86777230000002 ] ] ], [ [ [ -107.802109, 38.869589799999972 ], [ -107.8028222, 38.8666957 ], [ -107.8051582, 38.8663737 ], [ -107.8047526, 38.8694695 ], [ -107.802109, 38.869589799999972 ] ] ], [ [ [ -107.812623, 38.872139199999957 ], [ -107.812623, 38.870284699999985 ], [ -107.8151374, 38.870284699999985 ], [ -107.8149912, 38.872247099999981 ], [ -107.812623, 38.872139199999957 ] ] ], [ [ [ -107.826553499999989, 38.870808799999971 ], [ -107.826553499999989, 38.8689543 ], [ -107.8290679, 38.8689543 ], [ -107.8289217, 38.8709167 ], [ -107.826553499999989, 38.870808799999971 ] ] ], [ [ [ -107.8142059, 38.875918 ], [ -107.8150329, 38.872872 ], [ -107.8173692, 38.87255 ], [ -107.8168497, 38.875797699999964 ], [ -107.8142059, 38.875918 ] ] ], [ [ [ -107.821328799999989, 38.876424100000023 ], [ -107.8183551, 38.876152400000045 ], [ -107.8192703, 38.8730698 ], [ -107.8238057, 38.874297299999974 ], [ -107.821328799999989, 38.876424100000023 ] ] ], [ [ [ -107.83100610000001, 38.875970699999954 ], [ -107.8257899, 38.877214 ], [ -107.8243484, 38.873619800000029 ], [ -107.8311523, 38.874008300000028 ], [ -107.83100610000001, 38.875970699999954 ] ] ], [ [ [ -107.8012544, 38.881807799999976 ], [ -107.7998678, 38.8796497 ], [ -107.804767399999989, 38.878452399999979 ], [ -107.805042899999989, 38.880294399999968 ], [ -107.8012544, 38.881807799999976 ] ] ], [ [ [ -107.822010299999988, 38.882503700000022 ], [ -107.8221717, 38.879524 ], [ -107.8261072, 38.88011 ], [ -107.8258318, 38.881952 ], [ -107.822010299999988, 38.882503700000022 ] ] ], [ [ [ -107.8083645, 38.882682200000062 ], [ -107.8067755, 38.886516 ], [ -107.8042775, 38.8862878 ], [ -107.8064613, 38.881574699999987 ], [ -107.8083645, 38.882682200000062 ] ] ], [ [ [ -107.8221205, 38.890212399999989 ], [ -107.8168836, 38.887713499999954 ], [ -107.8162727, 38.881318500000063 ], [ -107.8116832, 38.8817075 ], [ -107.8126528, 38.87844820000003 ], [ -107.8167374, 38.880457299999982 ], [ -107.819014, 38.878417099999972 ], [ -107.8211022, 38.8790112 ], [ -107.8195133, 38.8820291 ], [ -107.8213043, 38.883610900000015 ], [ -107.8194537, 38.88618080000002 ], [ -107.8232435, 38.8887411 ], [ -107.8221205, 38.890212399999989 ] ] ], [ [ [ -107.8082443, 38.890255100000019 ], [ -107.8083906, 38.888292799999974 ], [ -107.812048600000011, 38.887664800000039 ], [ -107.8119024, 38.889627099999984 ], [ -107.8082443, 38.890255100000019 ] ] ], [ [ [ -107.8246229, 38.9037146 ], [ -107.824898499999989, 38.901872600000026 ], [ -107.827397, 38.902100800000035 ], [ -107.8271215, 38.903942800000017 ], [ -107.8246229, 38.9037146 ] ] ], [ [ [ -107.8294804, 38.91013990000004 ], [ -107.829756, 38.90829789999998 ], [ -107.8322548, 38.9085261 ], [ -107.8319792, 38.910368099999985 ], [ -107.8294804, 38.91013990000004 ] ] ] ] } },
{ "type": "Feature", "properties": { "state_po": "CO", "county_geoid": "08091", "pwsid": "CO0146485", "pws_name": "DALLAS CREEK WC", "population_served_count": 1059, "model_method": "Decision Tree", "verification_status": "", "symbology_field": "Modeled", "intersection_area_sq_km": 2.3649053055527416 }, "geometry": { "type": "Polygon", "coordinates": [ [ [ -107.7688906, 38.181176 ], [ -107.7742306, 38.183496 ], [ -107.7836006, 38.184546 ], [ -107.7847226, 38.187282 ], [ -107.7943706, 38.186846 ], [ -107.7957606, 38.188036 ], [ -107.7927806, 38.190236 ], [ -107.7889006, 38.190016 ], [ -107.7841106, 38.192516 ], [ -107.7817906, 38.191946 ], [ -107.7794306, 38.195246 ], [ -107.7760606, 38.195026 ], [ -107.7721406, 38.192316 ], [ -107.7681106, 38.192276 ], [ -107.7638006, 38.188146 ], [ -107.7604506, 38.188706 ], [ -107.7644206, 38.182926 ], [ -107.7688906, 38.181176 ] ] ] } },
{ "type": "Feature", "properties": { "state_po": "CO", "county_geoid": "08091", "pwsid": "CO0146588", "pws_name": "OURAY CITY OF", "population_served_count": 1460, "model_method": "Random Forest", "verification_status": "", "symbology_field": "Modeled", "intersection_area_sq_km": 4.1353396692795954 }, "geometry": { "type": "Polygon", "coordinates": [ [ [ -107.6784235, 38.016916 ], [ -107.6745015, 38.027985 ], [ -107.6812485, 38.034768 ], [ -107.6850265, 38.043326 ], [ -107.6834885, 38.04333 ], [ -107.6871755, 38.049149 ], [ -107.6875065, 38.047705 ], [ -107.6902815, 38.049198 ], [ -107.6930425, 38.048015 ], [ -107.6910555, 38.053427 ], [ -107.6942505, 38.063656 ], [ -107.699780499999989, 38.072346 ], [ -107.7021905, 38.074686 ], [ -107.7056605, 38.073946 ], [ -107.7083505, 38.075486 ], [ -107.7140405, 38.081946 ], [ -107.7154305, 38.086426 ], [ -107.7035705, 38.080566 ], [ -107.701290500000013, 38.081366 ], [ -107.6906175, 38.059303 ], [ -107.6815645, 38.05962 ], [ -107.687380499999989, 38.057446 ], [ -107.683870500000012, 38.052036 ], [ -107.6840305, 38.050186 ], [ -107.6868875, 38.052532 ], [ -107.6863495, 38.04848 ], [ -107.678285500000015, 38.039777 ], [ -107.678560499999989, 38.037926 ], [ -107.6767405, 38.038346 ], [ -107.6779615, 38.036746 ], [ -107.6751175, 38.037109 ], [ -107.6696555, 38.026066 ], [ -107.6646915, 38.02614 ], [ -107.6610145, 38.016952 ], [ -107.6784235, 38.016916 ] ] ] } },
{ "type": "Feature", "properties": { "state_po": "CO", "county_geoid": "08091", "pwsid": "CO0146592", "pws_name": "ELK MEADOWS ESTATES", "population_served_count": 215, "model_method": "Random Forest", "verification_status": "", "symbology_field": "Modeled", "intersection_area_sq_km": 0.8613084408310282 }, "geometry": { "type": "MultiPolygon", "coordinates": [ [ [ [ -107.7325705, 38.101386 ], [ -107.7296035, 38.100977 ], [ -107.7306015, 38.098954 ], [ -107.7227895, 38.093981 ], [ -107.7171305, 38.088319 ], [ -107.7130605, 38.080936 ], [ -107.7232305, 38.093356 ], [ -107.729360500000013, 38.097436 ], [ -107.7323205, 38.100316 ], [ -107.7325705, 38.101386 ] ] ], [ [ [ -107.7593405, 38.090536 ], [ -107.759404499999988, 38.092177 ], [ -107.7626205, 38.093276 ], [ -107.7616705, 38.096906 ], [ -107.7601515, 38.094229 ], [ -107.7574805, 38.096966 ], [ -107.7573405, 38.091626 ], [ -107.7593405, 38.090536 ] ] ], [ [ [ -107.7482605, 38.124276 ], [ -107.7472405, 38.120756 ], [ -107.7437635, 38.118569 ], [ -107.7412205, 38.112396 ], [ -107.7486785, 38.112398 ], [ -107.7482605, 38.124276 ] ] ] ] } },
{ "type": "Feature", "properties": { "state_po": "CO", "county_geoid": "08091", "pwsid": "CO0246201", "pws_name": "DALLAS MEADOWS COMMUNITY ASSOC", "population_served_count": 120, "model_method": "Random Forest", "verification_status": "", "symbology_field": "Modeled", "intersection_area_sq_km": 2.0296768170750963 }, "geometry": { "type": "Polygon", "coordinates": [ [ [ -107.7613306, 38.173686 ], [ -107.7506236, 38.18589 ], [ -107.7507306, 38.188965 ], [ -107.7478446, 38.191168 ], [ -107.7480446, 38.187129 ], [ -107.7442306, 38.182866 ], [ -107.7420696, 38.1738 ], [ -107.7538666, 38.173871 ], [ -107.7541376, 38.166125 ], [ -107.7570326, 38.165086 ], [ -107.7613306, 38.173686 ] ] ] } },
{ "type": "Feature", "properties": { "state_po": "CO", "county_geoid": "08091", "pwsid": "CO0146676", "pws_name": "RIDGWAY TOWN OF", "population_served_count": 1000, "model_method": null, "verification_status": null, "symbology_field": "System Sourced", "intersection_area_sq_km": 3.8081275546918789 }, "geometry": { "type": "MultiPolygon", "coordinates": [ [ [ [ -107.7633741, 38.156512500000019 ], [ -107.759316399999989, 38.154180199999971 ], [ -107.7579241, 38.1551968 ], [ -107.758852, 38.162680600000037 ], [ -107.7545488, 38.164608600000022 ], [ -107.7514199, 38.160495800000035 ], [ -107.7530655, 38.1567616 ], [ -107.750232, 38.152688800000021 ], [ -107.7490054, 38.153030799999989 ], [ -107.7503012, 38.155301900000033 ], [ -107.7494978, 38.155974200000038 ], [ -107.7480189, 38.1561252 ], [ -107.7479553, 38.1563125 ], [ -107.7503162, 38.158045699999981 ], [ -107.7449807, 38.161196 ], [ -107.742725799999988, 38.159626800000019 ], [ -107.7367968, 38.160683900000031 ], [ -107.7352766, 38.155335400000013 ], [ -107.7374938, 38.1540044 ], [ -107.7449631, 38.15444009999996 ], [ -107.7423442, 38.152959100000039 ], [ -107.7397501, 38.14863289999996 ], [ -107.7404491, 38.147116200000042 ], [ -107.7471301, 38.1456131 ], [ -107.7478751, 38.146976800000019 ], [ -107.7459433, 38.148077700000023 ], [ -107.7461692, 38.1497233 ], [ -107.7523379, 38.147307099999985 ], [ -107.753394, 38.1431916 ], [ -107.7617308, 38.14305779999998 ], [ -107.763370099999989, 38.144021599999988 ], [ -107.7647189, 38.1504641 ], [ -107.7637151, 38.152184500000011 ], [ -107.7652583, 38.155404899999986 ], [ -107.7633741, 38.156512500000019 ] ] ], [ [ [ -107.7671194, 38.159639499999962 ], [ -107.7610647, 38.162696900000043 ], [ -107.760319599999988, 38.158406600000035 ], [ -107.7623872, 38.157812399999976 ], [ -107.7639572, 38.159598200000026 ], [ -107.7663159, 38.1578966 ], [ -107.7671194, 38.159639499999962 ] ] ], [ [ [ -107.7580928, 38.167706299999978 ], [ -107.756847799999989, 38.1660038 ], [ -107.7588823, 38.165076500000033 ], [ -107.7601273, 38.166779 ], [ -107.7580928, 38.167706299999978 ] ] ] ] } },
{ "type": "Feature", "properties": { "state_po": "CO", "county_geoid": "08093", "pwsid": "CO0147001", "pws_name": "ALMA TOWN OF", "population_served_count": 460, "model_method": "Random Forest", "verification_status": "", "symbology_field": "Modeled", "intersection_area_sq_km": 1.7799453375831558 }, "geometry": { "type": "MultiPolygon", "coordinates": [ [ [ [ -106.059717299999988, 39.278702300000049 ], [ -106.0602823, 39.2801273 ], [ -106.0619273, 39.27911330000002 ], [ -106.064265299999988, 39.2799743 ], [ -106.0642803, 39.281786299999972 ], [ -106.0737703, 39.283561300000024 ], [ -106.0737373, 39.285677299999954 ], [ -106.076930300000015, 39.288429299999983 ], [ -106.0776913, 39.289481300000013 ], [ -106.0839523, 39.290229299999986 ], [ -106.0836203, 39.291183299999979 ], [ -106.0783463, 39.2899803 ], [ -106.0782103, 39.292503300000014 ], [ -106.0736483, 39.2925503 ], [ -106.0737533, 39.289825299999983 ], [ -106.0778703, 39.289801300000022 ], [ -106.0733543, 39.285362300000017 ], [ -106.0708803, 39.285390299999982 ], [ -106.0712843, 39.29040830000001 ], [ -106.0627883, 39.290879299999979 ], [ -106.0581193, 39.281124299999952 ], [ -106.059717299999988, 39.278702300000049 ] ] ], [ [ [ -106.0638323, 39.3125733 ], [ -106.0639943, 39.322867299999935 ], [ -106.0657913, 39.321393299999968 ], [ -106.0648613, 39.328842299999984 ], [ -106.0627233, 39.329123300000042 ], [ -106.0626013, 39.332342299999972 ], [ -106.059075299999989, 39.329193299999986 ], [ -106.0589833, 39.326529299999962 ], [ -106.0638323, 39.3125733 ] ] ] ] } },
{ "type": "Feature", "properties": { "state_po": "CO", "county_geoid": "08093", "pwsid": "CO0147010", "pws_name": "BAILEY WSD", "population_served_count": 483, "model_method": "Random Forest", "verification_status": "", "symbology_field": "Modeled", "intersection_area_sq_km": 0.740481737406675 }, "geometry": { "type": "MultiPolygon", "coordinates": [ [ [ [ -105.4756702, 39.419025300000015 ], [ -105.4751442, 39.4238483 ], [ -105.4691542, 39.426849299999986 ], [ -105.467254200000013, 39.423100299999959 ], [ -105.4717582, 39.420309300000021 ], [ -105.4735642, 39.4139473 ], [ -105.4756702, 39.419025300000015 ] ] ], [ [ [ -105.4556992, 39.42370530000003 ], [ -105.4593022, 39.423725300000029 ], [ -105.4598272, 39.4284193 ], [ -105.4561432, 39.4255013 ], [ -105.4556992, 39.42370530000003 ] ] ], [ [ [ -105.4520692, 39.426182299999979 ], [ -105.4598592, 39.4296373 ], [ -105.4545892, 39.429646299999973 ], [ -105.4485102, 39.426672299999957 ], [ -105.4520692, 39.426182299999979 ] ] ] ] } },
{ "type": "Feature", "properties": { "state_po": "CO", "county_geoid": "08093", "pwsid": "CO0147020", "pws_name": "FAIRPLAY TOWN OF", "population_served_count": 909, "model_method": "Random Forest", "verification_status": "", "symbology_field": "Modeled", "intersection_area_sq_km": 2.4409162665373976 }, "geometry": { "type": "Polygon", "coordinates": [ [ [ -106.0085313, 39.220424299999955 ], [ -106.0086393, 39.228525299999966 ], [ -106.012594299999989, 39.2313183 ], [ -105.9943393, 39.2313833 ], [ -105.9943443, 39.229203299999959 ], [ -105.988498299999989, 39.2291453 ], [ -105.9918583, 39.224043299999963 ], [ -105.9897313, 39.2240543 ], [ -105.9897963, 39.220376300000027 ], [ -105.9870033, 39.220375300000022 ], [ -105.9869793, 39.221465299999949 ], [ -105.9836793, 39.220765299999989 ], [ -105.9831663, 39.218350300000019 ], [ -105.993862299999989, 39.219500300000028 ], [ -105.9940803, 39.216749300000039 ], [ -106.0038443, 39.216712300000012 ], [ -106.0038333, 39.220391299999974 ], [ -106.0085313, 39.220424299999955 ] ] ] } },
{ "type": "Feature", "properties": { "state_po": "CO", "county_geoid": "08093", "pwsid": "CO0147030", "pws_name": "FAIRPLAY MHP", "population_served_count": 215, "model_method": "Random Forest", "verification_status": "", "symbology_field": "Modeled", "intersection_area_sq_km": 0.54448609497022993 }, "geometry": { "type": "Polygon", "coordinates": [ [ [ -105.99418630000001, 39.215172299999971 ], [ -105.9940863, 39.216671299999959 ], [ -105.9877673, 39.2167543 ], [ -105.9877093, 39.218822299999964 ], [ -105.993842300000011, 39.2193473 ], [ -105.993029299999989, 39.222217299999983 ], [ -105.9959613, 39.222392299999981 ], [ -105.994892299999989, 39.223542300000041 ], [ -105.9897783, 39.222180300000026 ], [ -105.9897963, 39.220376300000027 ], [ -105.9870033, 39.220375300000022 ], [ -105.9869793, 39.221465299999949 ], [ -105.9831863, 39.220603300000043 ], [ -105.9831673, 39.218297299999982 ], [ -105.9845793, 39.2185473 ], [ -105.9852473, 39.218046300000019 ], [ -105.9862843, 39.2190843 ], [ -105.9874903, 39.218793300000051 ], [ -105.9852853, 39.2179883 ], [ -105.9844873, 39.2184443 ], [ -105.9787793, 39.213992300000022 ], [ -105.9886093, 39.216257299999974 ], [ -105.99418630000001, 39.215172299999971 ] ] ] } },
{ "type": "Feature", "properties": { "state_po": "CO", "county_geoid": "08093", "pwsid": "CO0147040", "pws_name": "REDHILL FOREST POMWACA", "population_served_count": 388, "model_method": "Random Forest", "verification_status": "", "symbology_field": "Modeled", "intersection_area_sq_km": 0.073114800278000644 }, "geometry": { "type": "Polygon", "coordinates": [ [ [ -105.9672822, 39.000783299999981 ], [ -105.9713582, 39.002837199999988 ], [ -105.9695822, 39.004438299999954 ], [ -105.9668392, 39.001957300000036 ], [ -105.9672822, 39.000783299999981 ] ] ] } },
{ "type": "Feature", "properties": { "state_po": "CO", "county_geoid": "08093", "pwsid": "CO0147090", "pws_name": "SHAWNEE WCA", "population_served_count": 50, "model_method": "Random Forest", "verification_status": "", "symbology_field": "Modeled", "intersection_area_sq_km": 1.0646449952443384 }, "geometry": { "type": "Polygon", "coordinates": [ [ [ -105.7260202, 39.280882299999966 ], [ -105.7230722, 39.290362300000034 ], [ -105.7192472, 39.292941299999931 ], [ -105.7167622, 39.289572300000017 ], [ -105.7193542, 39.284615300000048 ], [ -105.7219682, 39.2845433 ], [ -105.7205382, 39.273151300000016 ], [ -105.7229272, 39.267018299999989 ], [ -105.724941199999989, 39.2669423 ], [ -105.7260202, 39.280882299999966 ] ] ] } },
{ "type": "Feature", "properties": { "state_po": "CO", "county_geoid": "08093", "pwsid": "CO0147180", "pws_name": "WARM SPRINGS OWNERS MUTUAL WA", "population_served_count": 250, "model_method": "Random Forest", "verification_status": "", "symbology_field": "Modeled", "intersection_area_sq_km": 3.9167757620131574 }, "geometry": { "type": "MultiPolygon", "coordinates": [ [ [ [ -106.0406423, 39.1923103 ], [ -106.048792299999988, 39.1936913 ], [ -106.0488333, 39.204609300000037 ], [ -106.0441813, 39.204722300000014 ], [ -106.0408143, 39.202085299999979 ], [ -106.0386753, 39.204058300000028 ], [ -106.0384303, 39.208154300000011 ], [ -106.0358763, 39.208690300000015 ], [ -106.0347563, 39.211029300000014 ], [ -106.0290183, 39.211036300000011 ], [ -106.0254873, 39.206371300000036 ], [ -106.0237323, 39.199414300000043 ], [ -106.0172853, 39.195525299999986 ], [ -106.0300633, 39.196252299999955 ], [ -106.031737299999989, 39.199292299999975 ], [ -106.0388073, 39.199630300000031 ], [ -106.0406423, 39.1923103 ] ] ], [ [ [ -105.9933823, 39.215286299999988 ], [ -105.9957113, 39.2160993 ], [ -105.9958883, 39.2138913 ], [ -105.9979583, 39.213695300000055 ], [ -105.9990593, 39.2167003 ], [ -105.9877673, 39.2167543 ], [ -105.9863523, 39.2190203 ], [ -105.979804300000012, 39.2156723 ], [ -105.9773163, 39.2123393 ], [ -105.9804053, 39.205752300000029 ], [ -105.9853773, 39.208777300000015 ], [ -105.9926363, 39.2106523 ], [ -105.9933823, 39.215286299999988 ] ] ] ] } },
{ "type": "Feature", "properties": { "state_po": "CO", "county_geoid": "08093", "pwsid": "CO0147200", "pws_name": "WILL O WISP METRO DISTRICT", "population_served_count": 300, "model_method": "Random Forest", "verification_status": "", "symbology_field": "Modeled", "intersection_area_sq_km": 0.25519522477328127 }, "geometry": { "type": "Polygon", "coordinates": [ [ [ -105.3985572, 39.460922399999959 ], [ -105.4006172, 39.460153400000017 ], [ -105.4002972, 39.467687399999974 ], [ -105.4023612, 39.470845399999973 ], [ -105.3981602, 39.471002399999982 ], [ -105.3985572, 39.460922399999959 ] ] ] } },
{ "type": "Feature", "properties": { "state_po": "CO", "county_geoid": "08093", "pwsid": "CO0160176", "pws_name": "FOREST GLEN SPORTS ASSOC INC", "population_served_count": 76, "model_method": "Random Forest", "verification_status": "", "symbology_field": "Modeled", "intersection_area_sq_km": 0.037204513235089443 }, "geometry": { "type": "Polygon", "coordinates": [ [ [ -105.3295261, 38.924198299999972 ], [ -105.3300421, 38.9531253 ], [ -105.3298871, 38.957784300000029 ], [ -105.329833401380583, 38.957730601449335 ], [ -105.3295261, 38.924198299999972 ] ] ] } },
{ "type": "Feature", "properties": { "state_po": "CO", "county_geoid": "08093", "pwsid": "CO0247010", "pws_name": "RIVER-DALE RANCH", "population_served_count": 83, "model_method": "Random Forest", "verification_status": "", "symbology_field": "Modeled", "intersection_area_sq_km": 55.500866598694962 }, "geometry": { "type": "Polygon", "coordinates": [ [ [ -105.7068542, 39.51072029999996 ], [ -105.7053132, 39.512477299999972 ], [ -105.7064782, 39.514966300000019 ], [ -105.7030502, 39.519943300000044 ], [ -105.6891852, 39.530257300000024 ], [ -105.6846222, 39.535461300000016 ], [ -105.6837832, 39.538899300000011 ], [ -105.6755722, 39.5453983 ], [ -105.6727182, 39.551191300000028 ], [ -105.658136200000015, 39.5538693 ], [ -105.6538052, 39.5586513 ], [ -105.6556462, 39.5613713 ], [ -105.6531652, 39.563620300000032 ], [ -105.6533532, 39.5664043 ], [ -105.6428082, 39.56659029999998 ], [ -105.642675200000014, 39.5369503 ], [ -105.6301872, 39.523849299999988 ], [ -105.6276942, 39.508171299999987 ], [ -105.6249992, 39.5055763 ], [ -105.62565020000001, 39.502103299999952 ], [ -105.6318042, 39.4963513 ], [ -105.630546199999984, 39.4931773 ], [ -105.6246642, 39.491109300000041 ], [ -105.6277912, 39.4832083 ], [ -105.627124200000011, 39.477212299999955 ], [ -105.6315732, 39.472606299999967 ], [ -105.6326452, 39.469041300000022 ], [ -105.6315372, 39.466756299999979 ], [ -105.6188242, 39.466542299999979 ], [ -105.618786199999988, 39.462994299999984 ], [ -105.6234952, 39.463065299999961 ], [ -105.6236702, 39.4523363 ], [ -105.6284112, 39.452467300000023 ], [ -105.6286042, 39.450226299999976 ], [ -105.6318872, 39.449947299999977 ], [ -105.6402342, 39.455051300000015 ], [ -105.6555222, 39.456214300000013 ], [ -105.6629392, 39.4591773 ], [ -105.667400199999989, 39.4635663 ], [ -105.6730632, 39.464966300000022 ], [ -105.6758312, 39.4699513 ], [ -105.6831572, 39.47244929999998 ], [ -105.6945342, 39.482519299999971 ], [ -105.6971582, 39.497799300000025 ], [ -105.7011002, 39.500783300000016 ], [ -105.7068542, 39.51072029999996 ] ] ] } },
{ "type": "Feature", "properties": { "state_po": "CO", "county_geoid": "08023", "pwsid": "NM3505929", "pws_name": "COSTILLA MDWCA", "population_served_count": 244, "model_method": "", "verification_status": "", "symbology_field": "System Sourced", "intersection_area_sq_km": 8.3045126667477033e-05 }, "geometry": { "type": "Polygon", "coordinates": [ [ [ -105.5482933, 36.9958569 ], [ -105.546880260076378, 36.995847951220107 ], [ -105.548287542994842, 36.995845067163437 ], [ -105.5482933, 36.9958569 ] ] ] } },
{ "type": "Feature", "properties": { "state_po": "CO", "county_geoid": "08023", "pwsid": "CO0112900", "pws_name": "SAN LUIS WSD", "population_served_count": 629, "model_method": "Random Forest", "verification_status": "", "symbology_field": "Modeled", "intersection_area_sq_km": 1.1712303566384481 }, "geometry": { "type": "Polygon", "coordinates": [ [ [ -105.4242369, 37.1952 ], [ -105.42997290000001, 37.196574 ], [ -105.4295849, 37.199652 ], [ -105.4268369, 37.200222 ], [ -105.4251699, 37.210306 ], [ -105.4166569, 37.211209 ], [ -105.417423899999989, 37.202406 ], [ -105.4145539, 37.201496 ], [ -105.4211629, 37.201285 ], [ -105.4242369, 37.1952 ] ] ] } },
{ "type": "Feature", "properties": { "state_po": "CO", "county_geoid": "08023", "pwsid": "CO0112850", "pws_name": "SAN ACACIO DOMESTIC WA", "population_served_count": 40, "model_method": "Random Forest", "verification_status": "", "symbology_field": "Modeled", "intersection_area_sq_km": 0.15777175874669799 }, "geometry": { "type": "Polygon", "coordinates": [ [ [ -105.56458, 37.212411 ], [ -105.564549, 37.213723 ], [ -105.567735, 37.213732 ], [ -105.567189, 37.216158 ], [ -105.561563, 37.214948 ], [ -105.560852, 37.216392 ], [ -105.56083, 37.213714 ], [ -105.56458, 37.212411 ] ] ] } },
{ "type": "Feature", "properties": { "state_po": "CO", "county_geoid": "08023", "pwsid": "CO0112810", "pws_name": "VIEJO SAN ACACIO", "population_served_count": 45, "model_method": "Random Forest", "verification_status": "", "symbology_field": "Modeled", "intersection_area_sq_km": 15.248998530987144 }, "geometry": { "type": "Polygon", "coordinates": [ [ [ -105.558048, 37.156271 ], [ -105.576118, 37.156241 ], [ -105.576348, 37.170281 ], [ -105.558212, 37.170267 ], [ -105.558192, 37.184779 ], [ -105.518982, 37.184353 ], [ -105.519063, 37.181238 ], [ -105.525611, 37.171716 ], [ -105.540137, 37.169541 ], [ -105.539893, 37.156639 ], [ -105.521849, 37.156847 ], [ -105.521586, 37.142328 ], [ -105.557803, 37.14193 ], [ -105.558048, 37.156271 ] ] ] } },
{ "type": "Feature", "properties": { "state_po": "CO", "county_geoid": "08023", "pwsid": "CO0112700", "pws_name": "GARCIA DOMESTIC WUA", "population_served_count": 100, "model_method": "Random Forest", "verification_status": "", "symbology_field": "Modeled", "intersection_area_sq_km": 0.047655491943696941 }, "geometry": { "type": "Polygon", "coordinates": [ [ [ -105.5384099, 37.00792 ], [ -105.5358139, 37.007585 ], [ -105.5367499, 37.003497 ], [ -105.5380759, 37.005531 ], [ -105.5384099, 37.00792 ] ] ] } },
{ "type": "Feature", "properties": { "state_po": "CO", "county_geoid": "08023", "pwsid": "CO0112300", "pws_name": "COSTILLA COUNTY WS", "population_served_count": 561, "model_method": "Random Forest", "verification_status": "", "symbology_field": "Modeled", "intersection_area_sq_km": 0.72596262603489126 }, "geometry": { "type": "MultiPolygon", "coordinates": [ [ [ [ -105.3893899, 37.156191 ], [ -105.3860939, 37.159841 ], [ -105.3749989, 37.162752 ], [ -105.3746599, 37.161088 ], [ -105.3844889, 37.159299 ], [ -105.3893899, 37.156191 ] ] ], [ [ [ -105.4074989, 37.177148 ], [ -105.4067389, 37.179239 ], [ -105.3954639, 37.175503 ], [ -105.3979529, 37.169146 ], [ -105.4074989, 37.177148 ] ] ] ] } },
{ "type": "Feature", "properties": { "state_po": "CO", "county_geoid": "08023", "pwsid": "CO0112500", "pws_name": "FT GARLAND WSD", "population_served_count": 477, "model_method": "Random Forest", "verification_status": "", "symbology_field": "Modeled", "intersection_area_sq_km": 0.97279203398624636 }, "geometry": { "type": "Polygon", "coordinates": [ [ [ -105.428137, 37.4317481 ], [ -105.427871, 37.42456709999994 ], [ -105.445533, 37.4246691 ], [ -105.439613, 37.4317841 ], [ -105.428137, 37.4317481 ] ] ] } },
{ "type": "Feature", "properties": { "state_po": "CO", "county_geoid": "08023", "pwsid": "CO0112100", "pws_name": "BLANCA TOWN OF", "population_served_count": 469, "model_method": null, "verification_status": null, "symbology_field": "System Sourced", "intersection_area_sq_km": 1.705429407159905 }, "geometry": { "type": "Polygon", "coordinates": [ [ [ -105.516796899999989, 37.448867100000037 ], [ -105.50854480000001, 37.447249699999951 ], [ -105.511929, 37.444555699999974 ], [ -105.5093081, 37.443432500000029 ], [ -105.5104343, 37.4389918 ], [ -105.5085008, 37.436596100000024 ], [ -105.5031518, 37.434985500000046 ], [ -105.5048336, 37.433100499999966 ], [ -105.511149, 37.431863 ], [ -105.5172737, 37.433846500000037 ], [ -105.5197874, 37.4363994 ], [ -105.5179682, 37.440765200000023 ], [ -105.5204852, 37.4414374 ], [ -105.5194646, 37.443622800000028 ], [ -105.5215405, 37.4452713 ], [ -105.5205753, 37.446875600000013 ], [ -105.5176656, 37.446897600000028 ], [ -105.516796899999989, 37.448867100000037 ] ], [ [ -105.5106483, 37.434503399999969 ], [ -105.5105026, 37.434467700000035 ], [ -105.510617, 37.43460870000002 ], [ -105.5106483, 37.434503399999969 ] ], [ [ -105.5120875, 37.442140800000033 ], [ -105.5119637, 37.4421012 ], [ -105.5121682, 37.442238599999975 ], [ -105.5120875, 37.442140800000033 ] ], [ [ -105.5124157, 37.4424626 ], [ -105.5123646, 37.4424242 ], [ -105.5124016, 37.442469 ], [ -105.5124157, 37.4424626 ] ] ] } },
{ "type": "Feature", "properties": { "state_po": "CO", "county_geoid": "08069", "pwsid": "CO0135143", "pws_name": "BIG ELK MEADOWS WA", "population_served_count": 405, "model_method": "Decision Tree", "verification_status": "", "symbology_field": "Modeled", "intersection_area_sq_km": 0.64453367603786937 }, "geometry": { "type": "Polygon", "coordinates": [ [ [ -105.4319393, 40.259012499999983 ], [ -105.4258123, 40.2651925 ], [ -105.427457300000015, 40.271676499999977 ], [ -105.4189753, 40.261914499999989 ], [ -105.4237003, 40.263689499999977 ], [ -105.420512209581744, 40.258505956416414 ], [ -105.4319393, 40.259012499999983 ] ] ] } },
{ "type": "Feature", "properties": { "state_po": "CO", "county_geoid": "08069", "pwsid": "CO0135237", "pws_name": "EDEN VALLEY INSTITUTE", "population_served_count": 80, "model_method": "Random Forest", "verification_status": "", "symbology_field": "Modeled", "intersection_area_sq_km": 0.18995414152449355 }, "geometry": { "type": "Polygon", "coordinates": [ [ [ -105.226365199999989, 40.4598965 ], [ -105.2216422, 40.4603495 ], [ -105.2206272, 40.4546535 ], [ -105.2237892, 40.4550185 ], [ -105.226365199999989, 40.4598965 ] ] ] } },
{ "type": "Feature", "properties": { "state_po": "CO", "county_geoid": "08069", "pwsid": "CO0135315", "pws_name": "CONSOLIDATED GLACIER VIEW MEADOWS ASSOC", "population_served_count": 395, "model_method": "Random Forest", "verification_status": "", "symbology_field": "Modeled", "intersection_area_sq_km": 0.038392916504538757 }, "geometry": { "type": "Polygon", "coordinates": [ [ [ -105.4295553, 40.735943500000012 ], [ -105.4266923, 40.735370499999981 ], [ -105.4258783, 40.733260500000036 ], [ -105.4272113, 40.733461500000026 ], [ -105.4295553, 40.735943500000012 ] ] ] } },
{ "type": "Feature", "properties": { "state_po": "CO", "county_geoid": "08069", "pwsid": "CO0135538", "pws_name": "NEWELL WARNOCK WA", "population_served_count": 160, "model_method": "Random Forest", "verification_status": "", "symbology_field": "Modeled", "intersection_area_sq_km": 0.14208207864833958 }, "geometry": { "type": "Polygon", "coordinates": [ [ [ -105.2830533, 40.364507500000023 ], [ -105.2787682, 40.364168499999977 ], [ -105.2768912, 40.360196500000022 ], [ -105.2788112, 40.359994500000042 ], [ -105.2830533, 40.364507500000023 ] ] ] } },
{ "type": "Feature", "properties": { "state_po": "CO", "county_geoid": "08069", "pwsid": "CO0135685", "pws_name": "RMNP HEADQUARTERS EAST", "population_served_count": 900, "model_method": "Random Forest", "verification_status": "", "symbology_field": "Modeled", "intersection_area_sq_km": 0.07758054423652945 }, "geometry": { "type": "MultiPolygon", "coordinates": [ [ [ [ -105.5795503, 40.400785499999962 ], [ -105.578111299999989, 40.400687500000025 ], [ -105.5777943, 40.3994715 ], [ -105.5795533, 40.399106500000023 ], [ -105.5795503, 40.400785499999962 ] ] ], [ [ [ -105.5889903, 40.403172499999961 ], [ -105.5864953, 40.402389499999941 ], [ -105.5830003, 40.40153849999998 ], [ -105.5888063, 40.4011175 ], [ -105.5889903, 40.403172499999961 ] ] ] ] } },
{ "type": "Feature", "properties": { "state_po": "CO", "county_geoid": "08069", "pwsid": "CO0135725", "pws_name": "SUNRISE RANCH", "population_served_count": 75, "model_method": "Random Forest", "verification_status": "", "symbology_field": "Modeled", "intersection_area_sq_km": 0.39743864099986997 }, "geometry": { "type": "Polygon", "coordinates": [ [ [ -105.2192542, 40.442000500000042 ], [ -105.2228162, 40.454635499999966 ], [ -105.2160532, 40.454625499999963 ], [ -105.2191162, 40.4482155 ], [ -105.2180162, 40.4421375 ], [ -105.2192542, 40.442000500000042 ] ] ] } },
{ "type": "Feature", "properties": { "state_po": "CO", "county_geoid": "08069", "pwsid": "CO0235185", "pws_name": "ANNUNCIATION HEIGHTS", "population_served_count": 260, "model_method": "Random Forest", "verification_status": "", "symbology_field": "Modeled", "intersection_area_sq_km": 3.5503226133958815e-06 }, "geometry": { "type": "Polygon", "coordinates": [ [ [ -105.539465299999989, 40.261290499999987 ], [ -105.539349446341305, 40.261284001669956 ], [ -105.539465368025219, 40.261284173660506 ], [ -105.539465299999989, 40.261290499999987 ] ] ] } },
{ "type": "Feature", "properties": { "state_po": "CO", "county_geoid": "08069", "pwsid": "CO0235676", "pws_name": "RIVERVIEW CG", "population_served_count": 450, "model_method": "Random Forest", "verification_status": "", "symbology_field": "Modeled", "intersection_area_sq_km": 1.7094190729734489 }, "geometry": { "type": "Polygon", "coordinates": [ [ [ -105.1882982, 40.418065500000012 ], [ -105.1929712, 40.428832500000027 ], [ -105.1893512, 40.428840499999978 ], [ -105.1899002, 40.4329765 ], [ -105.1846882, 40.434643499999972 ], [ -105.1821802, 40.4330285 ], [ -105.1806462, 40.4278775 ], [ -105.1767722, 40.425126499999983 ], [ -105.1755712, 40.420778499999933 ], [ -105.1809892, 40.418586499999968 ], [ -105.1882982, 40.418065500000012 ] ] ] } },
{ "type": "Feature", "properties": { "state_po": "CO", "county_geoid": "08069", "pwsid": "CO0235685", "pws_name": "SHAMBHALA MOUNTAIN CENTER", "population_served_count": 90, "model_method": "Random Forest", "verification_status": "", "symbology_field": "Modeled", "intersection_area_sq_km": 0.87812536485642378 }, "geometry": { "type": "Polygon", "coordinates": [ [ [ -105.5838914, 40.802707500000018 ], [ -105.5825494, 40.805440499999982 ], [ -105.5711854, 40.8061445 ], [ -105.5670384, 40.808953499999973 ], [ -105.561983399999988, 40.809235500000014 ], [ -105.5625864, 40.805327499999983 ], [ -105.5693784, 40.804481500000016 ], [ -105.5704184, 40.8025265 ], [ -105.5761724, 40.8002635 ], [ -105.5838914, 40.802707500000018 ] ] ] } },
{ "type": "Feature", "properties": { "state_po": "CO", "county_geoid": "08069", "pwsid": "CO0135553", "pws_name": "NORTH CARTER LAKE WD", "population_served_count": 328, "model_method": "", "verification_status": "", "symbology_field": "System Sourced", "intersection_area_sq_km": 7.927237041988878 }, "geometry": { "type": "MultiPolygon", "coordinates": [ [ [ [ -105.235776, 40.3532693 ], [ -105.2258946, 40.354125 ], [ -105.2257059, 40.352721699999947 ], [ -105.235776, 40.35229720000001 ], [ -105.235776, 40.3532693 ] ] ], [ [ [ -105.2186272, 40.355104 ], [ -105.2186272, 40.359498699999975 ], [ -105.220585500000013, 40.3601079 ], [ -105.2199118, 40.36407789999997 ], [ -105.2254005, 40.371517699999984 ], [ -105.2254005, 40.3729275 ], [ -105.2217982, 40.3729275 ], [ -105.2207023, 40.375302200000014 ], [ -105.2202172, 40.371702399999975 ], [ -105.2171, 40.371278100000062 ], [ -105.2172258, 40.363893099999963 ], [ -105.211791, 40.363893099999963 ], [ -105.211791, 40.356870099999973 ], [ -105.202206, 40.356870099999973 ], [ -105.2019006, 40.3508938 ], [ -105.2047123, 40.343321699999954 ], [ -105.2067245, 40.345095 ], [ -105.207092800000012, 40.3413087 ], [ -105.2023946, 40.3414936 ], [ -105.2027001, 40.334105299999983 ], [ -105.224304499999988, 40.334475099999977 ], [ -105.22461, 40.349668399999956 ], [ -105.2064191, 40.349490400000015 ], [ -105.2089883, 40.352721699999947 ], [ -105.206113699999989, 40.3544947 ], [ -105.2053231, 40.353878599999987 ], [ -105.204281099999989, 40.353878599999973 ], [ -105.2059969, 40.354494699999982 ], [ -105.2042272, 40.355528400000011 ], [ -105.2058082, 40.356322500000019 ], [ -105.2078833, 40.356322500000019 ], [ -105.2089254, 40.355898 ], [ -105.206482, 40.3544947 ], [ -105.209105, 40.352906500000024 ], [ -105.2119707, 40.3549191 ], [ -105.2163095, 40.354919100000039 ], [ -105.2130846, 40.355740600000047 ], [ -105.213929, 40.356076 ], [ -105.2186272, 40.355104 ] ], [ [ -105.2130127, 40.3557132 ], [ -105.213003700000016, 40.355733799999953 ], [ -105.2130846, 40.355740600000047 ], [ -105.2130127, 40.3557132 ] ], [ [ -105.212833, 40.355713200000018 ], [ -105.2125815, 40.356076 ], [ -105.211485599999989, 40.355713199999983 ], [ -105.2107759, 40.356041799999971 ], [ -105.2127073, 40.356322499999983 ], [ -105.213003700000016, 40.355733799999953 ], [ -105.212833, 40.355713200000018 ] ], [ [ -105.2098956, 40.355288800000025 ], [ -105.2106951, 40.356076 ], [ -105.2107759, 40.356041799999971 ], [ -105.2098956, 40.355288800000025 ] ] ], [ [ [ -105.2084942, 40.355898 ], [ -105.2058082, 40.356076 ], [ -105.2050177, 40.355528399999976 ], [ -105.2061765, 40.354672699999938 ], [ -105.2084942, 40.355898 ] ] ], [ [ [ -105.2263168, 40.3571165 ], [ -105.2257059, 40.3585198 ], [ -105.2254005, 40.3571165 ], [ -105.2263168, 40.3571165 ] ] ], [ [ [ -105.2263168, 40.358889500000032 ], [ -105.2269905, 40.359129 ], [ -105.22461, 40.359923099999953 ], [ -105.221681499999988, 40.356870099999973 ], [ -105.2252837, 40.359313899999968 ], [ -105.2263168, 40.358889500000032 ] ] ], [ [ [ -105.223514, 40.358889500000032 ], [ -105.2219869, 40.359313899999968 ], [ -105.2222923, 40.358704599999967 ], [ -105.223514, 40.358889500000032 ] ] ], [ [ [ -105.2406, 40.3782928 ], [ -105.2371864, 40.378292799999983 ], [ -105.2312036, 40.3748779 ], [ -105.2359018, 40.374693200000017 ], [ -105.2360186, 40.371278100000033 ], [ -105.2402945, 40.370484200000028 ], [ -105.2548832, 40.371278100000033 ], [ -105.2548832, 40.374693199999989 ], [ -105.2501221, 40.374693199999982 ], [ -105.2501221, 40.385498299999981 ], [ -105.2406, 40.385498299999981 ], [ -105.2406, 40.3782928 ] ], [ [ -105.2504904, 40.37329019999995 ], [ -105.2490801, 40.3740841 ], [ -105.2511013, 40.374693199999989 ], [ -105.2504904, 40.37329019999995 ] ] ], [ [ [ -105.2935826, 40.3890974 ], [ -105.302979, 40.388912600000012 ], [ -105.302979, 40.3925183 ], [ -105.283018399999989, 40.392703099999984 ], [ -105.283018399999989, 40.381899099999984 ], [ -105.2935826, 40.3818991 ], [ -105.2935826, 40.3890974 ] ] ] ] } },
{ "type": "Feature", "properties": { "state_po": "CO", "county_geoid": "08069", "pwsid": "CO0135610", "pws_name": "PINEWOOD SPRINGS WD", "population_served_count": 745, "model_method": "", "verification_status": "", "symbology_field": "System Sourced", "intersection_area_sq_km": 2.7569373056186124 }, "geometry": { "type": "Polygon", "coordinates": [ [ [ -105.356815, 40.280274599999949 ], [ -105.3574259, 40.273496500000014 ], [ -105.3521079, 40.273071500000036 ], [ -105.3524762, 40.265929399999976 ], [ -105.354183, 40.26489430000003 ], [ -105.3621869, 40.266724500000024 ], [ -105.3624834, 40.2698981 ], [ -105.3668223, 40.2694731 ], [ -105.3662114, 40.277279700000044 ], [ -105.3615132, 40.278321399999989 ], [ -105.3637051, 40.2836942 ], [ -105.3569947, 40.283872400000021 ], [ -105.3569947, 40.2874769 ], [ -105.3529074, 40.2874769 ], [ -105.3522965, 40.2910743 ], [ -105.3475983, 40.2910743 ], [ -105.3475983, 40.293088799999985 ], [ -105.342891099999989, 40.2936986 ], [ -105.342891099999989, 40.283872400000021 ], [ -105.3475983, 40.283872400000021 ], [ -105.3475983, 40.280274599999949 ], [ -105.356815, 40.280274599999949 ] ] ] } },
{ "type": "Feature", "properties": { "state_po": "CO", "county_geoid": "08069", "pwsid": "CO0135721", "pws_name": "SPRING CANYON WSD", "population_served_count": 2320, "model_method": "", "verification_status": "", "symbology_field": "System Sourced", "intersection_area_sq_km": 6.4603142895149857 }, "geometry": { "type": "Polygon", "coordinates": [ [ [ -105.169920499999989, 40.557312399999951 ], [ -105.169920499999989, 40.553708700000016 ], [ -105.1674771, 40.553893 ], [ -105.1674771, 40.5521252 ], [ -105.1624735, 40.55212520000002 ], [ -105.1647911, 40.54131949999995 ], [ -105.1624735, 40.54131949999995 ], [ -105.1577753, 40.544923900000022 ], [ -105.1552151, 40.537476 ], [ -105.1547839, 40.534117 ], [ -105.1577753, 40.534117 ], [ -105.1577753, 40.5305189 ], [ -105.1615033, 40.5335094 ], [ -105.1625993, 40.5250838 ], [ -105.1660757, 40.5250838 ], [ -105.1647911, 40.5197165 ], [ -105.1694983, 40.517886399999981 ], [ -105.1693097, 40.516909800000022 ], [ -105.1632101, 40.519716499999973 ], [ -105.157901099999989, 40.519716499999973 ], [ -105.1577753, 40.508728 ], [ -105.1818861, 40.508912500000029 ], [ -105.1818232, 40.523499599999965 ], [ -105.1727323, 40.523315199999985 ], [ -105.1724268, 40.55908 ], [ -105.1674771, 40.55908 ], [ -105.1674771, 40.557496700000065 ], [ -105.169920499999989, 40.557312399999951 ] ] ] } },
{ "type": "Feature", "properties": { "state_po": "CO", "county_geoid": "08069", "pwsid": "CO0135726", "pws_name": "SUNSET WD", "population_served_count": 425, "model_method": null, "verification_status": null, "symbology_field": "System Sourced", "intersection_area_sq_km": 1.054554871271818 }, "geometry": { "type": "Polygon", "coordinates": [ [ [ -105.130901, 40.597788799999982 ], [ -105.1227754, 40.596664400000073 ], [ -105.1230842, 40.586579099999966 ], [ -105.1259987, 40.583519200000012 ], [ -105.1317351, 40.5873154 ], [ -105.130707, 40.589247 ], [ -105.132856, 40.592835499999978 ], [ -105.1311085, 40.59432949999993 ], [ -105.1326701, 40.596516499999964 ], [ -105.130901, 40.597788799999982 ] ] ] } },
{ "type": "Feature", "properties": { "state_po": "CO", "county_geoid": "08107", "pwsid": "CO0154200", "pws_name": "DAKOTA RIDGE HOA", "population_served_count": 130, "model_method": "Random Forest", "verification_status": "", "symbology_field": "Modeled", "intersection_area_sq_km": 1.88257835062117 }, "geometry": { "type": "MultiPolygon", "coordinates": [ [ [ [ -106.8294686, 40.4570214 ], [ -106.8271836, 40.459015400000041 ], [ -106.824035600000016, 40.439781400000058 ], [ -106.826461600000016, 40.4392784 ], [ -106.8294686, 40.4570214 ] ] ], [ [ [ -106.8419236, 40.4852814 ], [ -106.8295936, 40.4815784 ], [ -106.8277886, 40.476928400000027 ], [ -106.83257660000001, 40.471935399999964 ], [ -106.8298376, 40.469330400000011 ], [ -106.8298096, 40.466705400000023 ], [ -106.8300076, 40.468720399999981 ], [ -106.838947600000012, 40.468663400000018 ], [ -106.8388336, 40.4797684 ], [ -106.8435036, 40.479693399999988 ], [ -106.8419236, 40.4852814 ] ], [ [ -106.8295136, 40.477902400000048 ], [ -106.8306946, 40.4797474 ], [ -106.8306596, 40.4779354 ], [ -106.8295136, 40.477902400000048 ] ] ] ] } },
{ "type": "Feature", "properties": { "state_po": "CO", "county_geoid": "08107", "pwsid": "CO0154510", "pws_name": "MILNER PARK", "population_served_count": 100, "model_method": "Random Forest", "verification_status": "", "symbology_field": "Modeled", "intersection_area_sq_km": 0.074168555024270777 }, "geometry": { "type": "Polygon", "coordinates": [ [ [ -107.018568699999989, 40.4837504 ], [ -107.0229547, 40.4836054 ], [ -107.0229347, 40.4856724 ], [ -107.0197577, 40.485666400000014 ], [ -107.018568699999989, 40.4837504 ] ] ] } },
{ "type": "Feature", "properties": { "state_po": "CO", "county_geoid": "08107", "pwsid": "CO0154518", "pws_name": "MORRISON CREEK METRO DISTRICT", "population_served_count": 800, "model_method": "Random Forest", "verification_status": "", "symbology_field": "Modeled", "intersection_area_sq_km": 2.4189204070410404 }, "geometry": { "type": "Polygon", "coordinates": [ [ [ -106.8449956, 40.248833399999938 ], [ -106.8495426, 40.25083140000001 ], [ -106.8496436, 40.2536264 ], [ -106.8552256, 40.2538704 ], [ -106.8622446, 40.2588544 ], [ -106.8662716, 40.2578794 ], [ -106.8672536, 40.259571400000027 ], [ -106.8627396, 40.2593254 ], [ -106.8511646, 40.2655734 ], [ -106.8437776, 40.26465139999997 ], [ -106.8408376, 40.258376400000017 ], [ -106.8363436, 40.2552804 ], [ -106.8389066, 40.248679400000022 ], [ -106.8449956, 40.248833399999938 ] ] ] } },
{ "type": "Feature", "properties": { "state_po": "CO", "county_geoid": "08107", "pwsid": "CO0154566", "pws_name": "OAK CREEK TOWN OF", "population_served_count": 950, "model_method": "Decision Tree", "verification_status": "", "symbology_field": "Modeled", "intersection_area_sq_km": 0.93022827303582722 }, "geometry": { "type": "Polygon", "coordinates": [ [ [ -106.9640126, 40.269137300000033 ], [ -106.960224599999989, 40.272776399999969 ], [ -106.9648706, 40.2727863 ], [ -106.964868599999988, 40.276016399999989 ], [ -106.9600776, 40.276008399999952 ], [ -106.9601046, 40.2773274 ], [ -106.9569876, 40.277327399999969 ], [ -106.9569656, 40.280288400000011 ], [ -106.9524676, 40.280205399999986 ], [ -106.9510346, 40.272763400000052 ], [ -106.9530276, 40.2727954 ], [ -106.9505076, 40.2709484 ], [ -106.9640126, 40.269137300000033 ] ] ] } },
{ "type": "Feature", "properties": { "state_po": "CO", "county_geoid": "08107", "pwsid": "CO0154609", "pws_name": "PHIPPSBURG TOWN OF", "population_served_count": 200, "model_method": "Random Forest", "verification_status": "", "symbology_field": "Modeled", "intersection_area_sq_km": 0.92844886116213876 }, "geometry": { "type": "MultiPolygon", "coordinates": [ [ [ [ -106.9435486, 40.230730299999976 ], [ -106.9445486, 40.2291363 ], [ -106.9466506, 40.2291983 ], [ -106.9456246, 40.233803299999963 ], [ -106.9434436, 40.233819299999965 ], [ -106.9407826, 40.2286263 ], [ -106.942252599999989, 40.227962300000016 ], [ -106.9435486, 40.230730299999976 ] ] ], [ [ [ -106.8581246, 40.3327624 ], [ -106.8569236, 40.335646400000016 ], [ -106.8642306, 40.334762400000017 ], [ -106.8652186, 40.3333844 ], [ -106.8679266, 40.334304400000057 ], [ -106.8666666, 40.340983399999985 ], [ -106.8541166, 40.340606399999963 ], [ -106.8555176, 40.338564400000031 ], [ -106.8518636, 40.337175399999964 ], [ -106.8581246, 40.3327624 ] ] ] ] } },
{ "type": "Feature", "properties": { "state_po": "CO", "county_geoid": "08107", "pwsid": "CO0154724", "pws_name": "STEAMBOAT II MD", "population_served_count": 1450, "model_method": "Random Forest", "verification_status": "", "symbology_field": "Modeled", "intersection_area_sq_km": 1.2861951423725511 }, "geometry": { "type": "MultiPolygon", "coordinates": [ [ [ [ -106.9217516, 40.5010644 ], [ -106.9093636, 40.5050534 ], [ -106.9115386, 40.506243400000017 ], [ -106.9095606, 40.510031399999974 ], [ -106.9032986, 40.509981400000015 ], [ -106.9030066, 40.5068444 ], [ -106.904681599999989, 40.505713399999976 ], [ -106.8996936, 40.505443400000026 ], [ -106.8920516, 40.508532399999972 ], [ -106.8859146, 40.50526239999995 ], [ -106.8821436, 40.505625400000014 ], [ -106.8792656, 40.504589400000029 ], [ -106.8899336, 40.504659400000016 ], [ -106.8923866, 40.507479400000037 ], [ -106.9055506, 40.501413399999983 ], [ -106.9217516, 40.5010644 ] ] ], [ [ [ -106.9084576, 40.512332399999949 ], [ -106.9082646, 40.5138314 ], [ -106.9035036, 40.514139399999955 ], [ -106.8976736, 40.5127434 ], [ -106.9008326, 40.513148399999984 ], [ -106.9057656, 40.511344400000048 ], [ -106.9084576, 40.512332399999949 ] ] ] ] } },
{ "type": "Feature", "properties": { "state_po": "CO", "county_geoid": "08107", "pwsid": "CO0154743", "pws_name": "TIMBERS WSD", "population_served_count": 200, "model_method": "Random Forest", "verification_status": "", "symbology_field": "Modeled", "intersection_area_sq_km": 1.5574933473073003 }, "geometry": { "type": "Polygon", "coordinates": [ [ [ -106.8106936, 40.3830544 ], [ -106.8064716, 40.3921084 ], [ -106.8060596, 40.3908674 ], [ -106.8009316, 40.390956399999986 ], [ -106.7978346, 40.388665399999951 ], [ -106.7924346, 40.382731400000047 ], [ -106.794856599999989, 40.3826144 ], [ -106.7925606, 40.3794254 ], [ -106.7958106, 40.376361400000043 ], [ -106.7992306, 40.376703400000025 ], [ -106.8034416, 40.380357400000044 ], [ -106.808674599999989, 40.380841400000065 ], [ -106.8106936, 40.3830544 ] ] ] } },
{ "type": "Feature", "properties": { "state_po": "CO", "county_geoid": "08107", "pwsid": "CO0254724", "pws_name": "STEAMBOAT LAKE WD", "population_served_count": 411, "model_method": "Random Forest", "verification_status": "", "symbology_field": "Modeled", "intersection_area_sq_km": 0.067446793614413761 }, "geometry": { "type": "Polygon", "coordinates": [ [ [ -106.9400357, 40.8037834 ], [ -106.9442387, 40.8055524 ], [ -106.9436997, 40.8095774 ], [ -106.9430077, 40.805696399999974 ], [ -106.9400357, 40.8037834 ] ] ] } },
{ "type": "Feature", "properties": { "state_po": "CO", "county_geoid": "08107", "pwsid": "CO0154842", "pws_name": "WHITE HAVEN MHP", "population_served_count": 56, "model_method": null, "verification_status": null, "symbology_field": "System Sourced", "intersection_area_sq_km": 0.14896248023704789 }, "geometry": { "type": "Polygon", "coordinates": [ [ [ -106.8627102, 40.504034200000014 ], [ -106.8606499, 40.5022242 ], [ -106.862809, 40.49926480000002 ], [ -106.864598, 40.502071300000019 ], [ -106.8627102, 40.504034200000014 ] ] ] } },
{ "type": "Feature", "properties": { "state_po": "CO", "county_geoid": "08107", "pwsid": "CO0154900", "pws_name": "YAMPA TOWN OF", "population_served_count": 467, "model_method": null, "verification_status": null, "symbology_field": "System Sourced", "intersection_area_sq_km": 0.94314398503257035 }, "geometry": { "type": "Polygon", "coordinates": [ [ [ -106.913203, 40.158924899999974 ], [ -106.9068199, 40.158273699999988 ], [ -106.9012707, 40.150559 ], [ -106.9017556, 40.148989 ], [ -106.9082649, 40.148145500000027 ], [ -106.9115975, 40.149714 ], [ -106.9150298, 40.153948399999983 ], [ -106.914889699999989, 40.157961399999984 ], [ -106.913203, 40.158924899999974 ] ] ] } },
{ "type": "Feature", "properties": { "state_po": "CO", "county_geoid": "08113", "pwsid": "CO0157244", "pws_name": "ELK RUN HOMEOWNERS CORPORATION", "population_served_count": 125, "model_method": "Random Forest", "verification_status": "", "symbology_field": "Modeled", "intersection_area_sq_km": 0.50810255270811056 }, "geometry": { "type": "Polygon", "coordinates": [ [ [ -108.10375160000001, 38.028346 ], [ -108.106495599999988, 38.03055 ], [ -108.098356599999988, 38.029287 ], [ -108.0940756, 38.027532 ], [ -108.0897386, 38.027808 ], [ -108.0744566, 38.023325 ], [ -108.070804599999988, 38.024217 ], [ -108.060948599999989, 38.020334 ], [ -108.0641226, 38.020407 ], [ -108.0714446, 38.023852 ], [ -108.0741226, 38.02156 ], [ -108.0804336, 38.022514 ], [ -108.0897916, 38.02744 ], [ -108.0950786, 38.026253 ], [ -108.0975036, 38.028509 ], [ -108.10375160000001, 38.028346 ] ] ] } },
{ "type": "Feature", "properties": { "state_po": "CO", "county_geoid": "08113", "pwsid": "CO0157250", "pws_name": "ILIUM VALLEY WS", "population_served_count": 322, "model_method": "Random Forest", "verification_status": "", "symbology_field": "Modeled", "intersection_area_sq_km": 0.023965394602764159 }, "geometry": { "type": "Polygon", "coordinates": [ [ [ -107.9142146, 37.947259 ], [ -107.9109136, 37.94725 ], [ -107.9087046, 37.94661 ], [ -107.9100326, 37.946505 ], [ -107.9142146, 37.947259 ] ] ] } },
{ "type": "Feature", "properties": { "state_po": "CO", "county_geoid": "08113", "pwsid": "CO0157700", "pws_name": "SAWPIT TOWN OF", "population_served_count": 59, "model_method": "Random Forest", "verification_status": "", "symbology_field": "Modeled", "intersection_area_sq_km": 0.26910582497872365 }, "geometry": { "type": "MultiPolygon", "coordinates": [ [ [ [ -108.0046926, 37.99421 ], [ -108.0046406, 37.995415 ], [ -107.999737599999989, 37.99562 ], [ -107.9998256, 37.993915 ], [ -108.0046926, 37.99421 ] ] ], [ [ [ -108.0237186, 37.992778 ], [ -108.0276456, 37.993008 ], [ -108.0335686, 37.995845 ], [ -108.038456599999989, 38.003438 ], [ -108.0404376, 38.004033 ], [ -108.041884599999989, 38.005559 ], [ -108.0385066, 38.004465 ], [ -108.0326436, 37.996414 ], [ -108.0267356, 37.994745 ], [ -108.0296346, 37.995053 ], [ -108.0274366, 37.993805 ], [ -108.0224666, 37.993921 ], [ -108.0237186, 37.992778 ] ] ] ] } },
{ "type": "Feature", "properties": { "state_po": "CO", "county_geoid": "08113", "pwsid": "CO0157011", "pws_name": "ALDASORO RANCH HOC", "population_served_count": 412, "model_method": null, "verification_status": "", "symbology_field": "System Sourced", "intersection_area_sq_km": 5.3585310380372695 }, "geometry": { "type": "Polygon", "coordinates": [ [ [ -107.8674467, 37.965908 ], [ -107.8653227, 37.9590037 ], [ -107.8715578, 37.9546336 ], [ -107.870572, 37.951434899999988 ], [ -107.8663246, 37.950835 ], [ -107.8772455, 37.951097599999969 ], [ -107.8797766, 37.953997700000038 ], [ -107.894868, 37.953121300000049 ], [ -107.899611, 37.956114 ], [ -107.9001801, 37.966030699999969 ], [ -107.8925338, 37.966394799999975 ], [ -107.8929721, 37.970427 ], [ -107.8668459, 37.971402199999964 ], [ -107.8674467, 37.965908 ] ] ] } },
{ "type": "Feature", "properties": { "state_po": "CO", "county_geoid": "08113", "pwsid": "CO0157600", "pws_name": "OPHIR TOWN OF", "population_served_count": 193, "model_method": "Random Forest", "verification_status": "", "symbology_field": "Modeled", "intersection_area_sq_km": 0.16658355438127379 }, "geometry": { "type": "Polygon", "coordinates": [ [ [ -107.8335315, 37.85576 ], [ -107.8352365, 37.858861 ], [ -107.8313385, 37.858555 ], [ -107.8316885, 37.856198 ], [ -107.829761499999989, 37.855754 ], [ -107.8240685, 37.85708 ], [ -107.8243885, 37.854695 ], [ -107.8335315, 37.85576 ] ] ] } },
{ "type": "Feature", "properties": { "state_po": "CO", "county_geoid": "08113", "pwsid": "CO0157701", "pws_name": "SAN BERNARDO HOA", "population_served_count": 132, "model_method": "Random Forest", "verification_status": "", "symbology_field": "Modeled", "intersection_area_sq_km": 0.099246522253741309 }, "geometry": { "type": "Polygon", "coordinates": [ [ [ -107.8853575, 37.854834 ], [ -107.882991499999989, 37.857327 ], [ -107.8816435, 37.847757 ], [ -107.8828985, 37.848034 ], [ -107.8828215, 37.851431 ], [ -107.8853575, 37.854834 ] ] ] } },
{ "type": "Feature", "properties": { "state_po": "CO", "county_geoid": "08113", "pwsid": "CO0157500", "pws_name": "NORWOOD WATER COMMISSION", "population_served_count": 1700, "model_method": null, "verification_status": null, "symbology_field": "System Sourced", "intersection_area_sq_km": 85.750153333815518 }, "geometry": { "type": "MultiPolygon", "coordinates": [ [ [ [ -108.2146035, 38.1247385 ], [ -108.208255, 38.1219311 ], [ -108.1948082, 38.107692699999937 ], [ -108.2060233, 38.096806199999968 ], [ -108.2075367, 38.0925924 ], [ -108.2159301, 38.086254599999975 ], [ -108.2196885, 38.073039199999968 ], [ -108.3270686, 38.071981299999941 ], [ -108.3309841, 38.079178 ], [ -108.3292168, 38.085934499999986 ], [ -108.3235508, 38.093990300000044 ], [ -108.3230616, 38.1039798 ], [ -108.325953399999989, 38.105391099999977 ], [ -108.324204900000012, 38.141640100000046 ], [ -108.3339999, 38.149701300000018 ], [ -108.3454371, 38.1523544 ], [ -108.389235083006653, 38.152988254730118 ], [ -108.24895194585622, 38.152535250237754 ], [ -108.2360198, 38.139941 ], [ -108.2146035, 38.1247385 ] ] ], [ [ [ -108.3974148, 38.15310490000001 ], [ -108.397420816592813, 38.153106889955694 ], [ -108.395119305326602, 38.153072220615009 ], [ -108.3974148, 38.15310490000001 ] ] ] ] } },
{ "type": "Feature", "properties": { "state_po": "CO", "county_geoid": "08071", "pwsid": "CO0136185", "pws_name": "COKEDALE TOWN OF", "population_served_count": 120, "model_method": "Random Forest", "verification_status": "", "symbology_field": "Modeled", "intersection_area_sq_km": 0.32830398748180623 }, "geometry": { "type": "Polygon", "coordinates": [ [ [ -104.6252708, 37.14228010000005 ], [ -104.6247098, 37.149897099999983 ], [ -104.622560800000016, 37.1499591 ], [ -104.6192537, 37.1449441 ], [ -104.620873800000012, 37.144762100000023 ], [ -104.6198897, 37.142397099999961 ], [ -104.6252708, 37.14228010000005 ] ] ] } },
{ "type": "Feature", "properties": { "state_po": "CO", "county_geoid": "08071", "pwsid": "CO0136249", "pws_name": "EL MORO HOEHNE PIPELINE ASSOC", "population_served_count": 655, "model_method": "Random Forest", "verification_status": "", "symbology_field": "Modeled", "intersection_area_sq_km": 2.6633414552874721 }, "geometry": { "type": "MultiPolygon", "coordinates": [ [ [ [ -104.5119227, 37.149855099999961 ], [ -104.5117627, 37.159736100000025 ], [ -104.5100467, 37.159724100000027 ], [ -104.5100097, 37.1614541 ], [ -104.5068267, 37.160885099999987 ], [ -104.504176700000016, 37.158420099999972 ], [ -104.5041667, 37.1633621 ], [ -104.495755699999989, 37.164241100000019 ], [ -104.4957687, 37.158883099999983 ], [ -104.5001767, 37.158519099999978 ], [ -104.5006967, 37.1556211 ], [ -104.5042117, 37.1565691 ], [ -104.5042547, 37.148978100000029 ], [ -104.5119227, 37.149855099999961 ] ] ], [ [ [ -104.4950097, 37.1590981 ], [ -104.4935727, 37.159728099999967 ], [ -104.4933607, 37.1588321 ], [ -104.4950097, 37.1590981 ] ] ], [ [ [ -104.5089097, 37.1751331 ], [ -104.506174699999988, 37.176258099999977 ], [ -104.5077937, 37.179065099999981 ], [ -104.5061447, 37.179069100000042 ], [ -104.5061187, 37.182203099999974 ], [ -104.5101067, 37.183247099999974 ], [ -104.5101377, 37.185219099999976 ], [ -104.5077517, 37.184301100000049 ], [ -104.5031477, 37.1851711 ], [ -104.5029317, 37.187223099999969 ], [ -104.5077567, 37.187114100000016 ], [ -104.5077107, 37.188738100000023 ], [ -104.5028937, 37.189274099999984 ], [ -104.5024727, 37.194445099999967 ], [ -104.497821699999989, 37.1938551 ], [ -104.4988257, 37.1825791 ], [ -104.5086437, 37.172909099999963 ], [ -104.5089097, 37.1751331 ] ] ], [ [ [ -104.4967287, 37.1841301 ], [ -104.4957837, 37.190247100000015 ], [ -104.4930087, 37.193395099999968 ], [ -104.4927877, 37.1897691 ], [ -104.4967287, 37.1841301 ] ] ] ] } },
{ "type": "Feature", "properties": { "state_po": "CO", "county_geoid": "08071", "pwsid": "CO0136300", "pws_name": "BRANSON TOWN OF", "population_served_count": 131, "model_method": "Random Forest", "verification_status": "", "symbology_field": "Modeled", "intersection_area_sq_km": 0.24788063381577416 }, "geometry": { "type": "Polygon", "coordinates": [ [ [ -103.8857916, 37.014835099999985 ], [ -103.8869996, 37.019028100000064 ], [ -103.8810506, 37.019514100000023 ], [ -103.8819186, 37.014760100000025 ], [ -103.8857916, 37.014835099999985 ] ] ] } },
{ "type": "Feature", "properties": { "state_po": "CO", "county_geoid": "08071", "pwsid": "CO0136321", "pws_name": "GREETVILLE CARBONDALE WATER", "population_served_count": 210, "model_method": "Random Forest", "verification_status": "", "symbology_field": "Modeled", "intersection_area_sq_km": 0.19805192241495381 }, "geometry": { "type": "Polygon", "coordinates": [ [ [ -104.5378987, 37.137736100000041 ], [ -104.5388167, 37.144559100000016 ], [ -104.537712700000014, 37.139489099999977 ], [ -104.5314337, 37.1336811 ], [ -104.5329067, 37.130756100000049 ], [ -104.5342957, 37.134971099999987 ], [ -104.5378987, 37.137736100000041 ] ] ] } },
{ "type": "Feature", "properties": { "state_po": "CO", "county_geoid": "08071", "pwsid": "CO0136610", "pws_name": "PINON WSD", "population_served_count": 50, "model_method": "Random Forest", "verification_status": "", "symbology_field": "Modeled", "intersection_area_sq_km": 0.031561745053271237 }, "geometry": { "type": "Polygon", "coordinates": [ [ [ -104.5046167, 37.166927100000017 ], [ -104.5074347, 37.166793100000021 ], [ -104.5056697, 37.1684921 ], [ -104.5046167, 37.166927100000017 ] ] ] } },
{ "type": "Feature", "properties": { "state_po": "CO", "county_geoid": "08071", "pwsid": "CO0136700", "pws_name": "SANTA FE TRAIL RANCH MD", "population_served_count": 360, "model_method": "Random Forest", "verification_status": "", "symbology_field": "Modeled", "intersection_area_sq_km": 0.29625776232095341 }, "geometry": { "type": "MultiPolygon", "coordinates": [ [ [ [ -104.5248967, 37.11158409999998 ], [ -104.5245537, 37.116241100000032 ], [ -104.521613699999989, 37.1219831 ], [ -104.5221647, 37.114905099999973 ], [ -104.5248967, 37.11158409999998 ] ] ], [ [ [ -104.5199247, 37.13171810000005 ], [ -104.5198767, 37.1358661 ], [ -104.5177557, 37.1353721 ], [ -104.5199247, 37.13171810000005 ] ] ], [ [ [ -104.5229797, 37.1375131 ], [ -104.5212627, 37.137462099999965 ], [ -104.522204699999989, 37.1346011 ], [ -104.5235187, 37.1347611 ], [ -104.5229797, 37.1375131 ] ] ], [ [ [ -104.5263667, 37.1374251 ], [ -104.5236217, 37.137531100000047 ], [ -104.5237677, 37.13610010000005 ], [ -104.5268177, 37.136071099999967 ], [ -104.5263667, 37.1374251 ] ] ] ] } },
{ "type": "Feature", "properties": { "state_po": "CO", "county_geoid": "08071", "pwsid": "CO0136725", "pws_name": "SUNFLOWER VALLEY PIPELINE ASSN", "population_served_count": 312, "model_method": "Random Forest", "verification_status": "", "symbology_field": "Modeled", "intersection_area_sq_km": 0.79701511554008908 }, "geometry": { "type": "Polygon", "coordinates": [ [ [ -104.486440699999989, 37.1905911 ], [ -104.4844497, 37.192712099999987 ], [ -104.4796247, 37.193173099999989 ], [ -104.4752987, 37.197959099999977 ], [ -104.4707107, 37.1993831 ], [ -104.4639177, 37.2070611 ], [ -104.4657437, 37.202754099999964 ], [ -104.4750797, 37.194177100000026 ], [ -104.4813387, 37.1854511 ], [ -104.486440699999989, 37.1905911 ] ] ] } },
{ "type": "Feature", "properties": { "state_po": "CO", "county_geoid": "08071", "pwsid": "CO0136100", "pws_name": "AGUILAR TOWN OF", "population_served_count": 496, "model_method": "Random Forest", "verification_status": "", "symbology_field": "Modeled", "intersection_area_sq_km": 0.90626030326579765 }, "geometry": { "type": "Polygon", "coordinates": [ [ [ -104.6625878, 37.3993651 ], [ -104.6625568, 37.401077099999988 ], [ -104.6578668, 37.4009641 ], [ -104.6560268, 37.402484099999981 ], [ -104.6598658, 37.40348209999997 ], [ -104.6577188, 37.404646099999979 ], [ -104.6576728, 37.409521099999985 ], [ -104.6500658, 37.4095351 ], [ -104.6498058, 37.407307100000047 ], [ -104.6486328, 37.408211100000038 ], [ -104.6515238, 37.4047531 ], [ -104.6500808, 37.404746099999983 ], [ -104.650114800000011, 37.402484099999967 ], [ -104.6467318, 37.399703100000025 ], [ -104.655864799999989, 37.399564100000021 ], [ -104.6570378, 37.397910100000018 ], [ -104.6599918, 37.399721099999972 ], [ -104.6625878, 37.3993651 ] ] ] } },
{ "type": "Feature", "properties": { "state_po": "CO", "county_geoid": "08071", "pwsid": "CO0136400", "pws_name": "KIM TOWN OF", "population_served_count": 116, "model_method": "Random Forest", "verification_status": "", "symbology_field": "Modeled", "intersection_area_sq_km": 0.59941461821916253 }, "geometry": { "type": "Polygon", "coordinates": [ [ [ -103.3577875, 37.2435102 ], [ -103.355479500000015, 37.245296200000027 ], [ -103.3555455, 37.2497902 ], [ -103.3516925, 37.249805200000019 ], [ -103.3516315, 37.245660199999989 ], [ -103.3502425, 37.2456712 ], [ -103.3492775, 37.2497852 ], [ -103.349028499999989, 37.241251200000036 ], [ -103.3554065, 37.2413392 ], [ -103.355350500000014, 37.239039200000015 ], [ -103.3577425, 37.2390252 ], [ -103.3566365, 37.24243419999997 ], [ -103.3577875, 37.2435102 ] ] ] } },
{ "type": "Feature", "properties": { "state_po": "CO", "county_geoid": "08071", "pwsid": "CO0136724", "pws_name": "STARKVILLE TOWN OF", "population_served_count": 66, "model_method": null, "verification_status": null, "symbology_field": "System Sourced", "intersection_area_sq_km": 0.85664387607239256 }, "geometry": { "type": "MultiPolygon", "coordinates": [ [ [ [ -104.5255492, 37.108456799999971 ], [ -104.5237937, 37.1058283 ], [ -104.5254784, 37.1043981 ], [ -104.5279233, 37.106213299999979 ], [ -104.5255492, 37.108456799999971 ] ] ], [ [ [ -104.522207, 37.122251399999989 ], [ -104.5199789, 37.120999199999986 ], [ -104.5203226, 37.112959900000035 ], [ -104.526195199999989, 37.109524799999981 ], [ -104.5278554, 37.1110414 ], [ -104.5271208, 37.116378599999969 ], [ -104.522207, 37.122251399999989 ] ] ], [ [ [ -104.5218218, 37.125581300000015 ], [ -104.5205488, 37.124031399999978 ], [ -104.5226004, 37.122950899999985 ], [ -104.5238734, 37.1245008 ], [ -104.5218218, 37.125581300000015 ] ] ] ] } },
{ "type": "Feature", "properties": { "state_po": "CO", "county_geoid": "08057", "pwsid": "CO0129233", "pws_name": "EAGLES WATCH HOA", "population_served_count": 83, "model_method": "Random Forest", "verification_status": "", "symbology_field": "Modeled", "intersection_area_sq_km": 0.031949006881497953 }, "geometry": { "type": "Polygon", "coordinates": [ [ [ -106.0326504, 40.519486500000028 ], [ -106.0288904, 40.5204065 ], [ -106.028870399999988, 40.519506499999984 ], [ -106.0326504, 40.519486500000028 ] ] ] } },
{ "type": "Feature", "properties": { "state_po": "CO", "county_geoid": "08057", "pwsid": "CO0129834", "pws_name": "WALDEN TOWN OF", "population_served_count": 569, "model_method": null, "verification_status": null, "symbology_field": "System Sourced", "intersection_area_sq_km": 2.2422090505465828 }, "geometry": { "type": "MultiPolygon", "coordinates": [ [ [ [ -106.2825168, 40.719778 ], [ -106.281177899999989, 40.718229 ], [ -106.2833356, 40.717149200000044 ], [ -106.2846269, 40.718851 ], [ -106.2825168, 40.719778 ] ] ], [ [ [ -106.2847605, 40.7380398 ], [ -106.2744873, 40.734481400000021 ], [ -106.2738693, 40.726938700000012 ], [ -106.2816629, 40.723807199999989 ], [ -106.277889699999989, 40.722426600000013 ], [ -106.279016399999989, 40.719856599999986 ], [ -106.285325, 40.720091799999985 ], [ -106.2857106, 40.722542700000076 ], [ -106.2833472, 40.724237200000026 ], [ -106.2887176, 40.725727200000016 ], [ -106.2862804, 40.72734149999998 ], [ -106.2882337, 40.7353461 ], [ -106.2847605, 40.7380398 ] ] ], [ [ [ -106.275478, 40.7437212 ], [ -106.2741386, 40.742172300000014 ], [ -106.2762972, 40.74109259999998 ], [ -106.277589, 40.742794299999943 ], [ -106.275478, 40.7437212 ] ] ], [ [ [ -106.2690892, 40.745542799999967 ], [ -106.2677323, 40.743855699999962 ], [ -106.2698909, 40.742776 ], [ -106.2714456, 40.744508 ], [ -106.2690892, 40.745542799999967 ] ] ], [ [ [ -106.282764500000013, 40.7486291 ], [ -106.2781596, 40.751005700000022 ], [ -106.2765927, 40.749585499999988 ], [ -106.2792183, 40.748481299999987 ], [ -106.2790639, 40.7453401 ], [ -106.2809715, 40.744385899999962 ], [ -106.282764500000013, 40.7486291 ] ] ] ] } },
{ "type": "Feature", "properties": { "state_po": "CO", "county_geoid": "08037", "pwsid": "CO0119125", "pws_name": "ASPEN MESA ESTATES", "population_served_count": 225, "model_method": "Random Forest", "verification_status": "", "symbology_field": "Modeled", "intersection_area_sq_km": 0.63261481042264212 }, "geometry": { "type": "Polygon", "coordinates": [ [ [ -107.0965675, 39.411208200000019 ], [ -107.1016305, 39.414545199999985 ], [ -107.0997975, 39.416661200000043 ], [ -107.1022355, 39.417438199999985 ], [ -107.100801499999989, 39.419999199999978 ], [ -107.0983275, 39.419473200000056 ], [ -107.0963635, 39.421249200000055 ], [ -107.0938705, 39.4211932 ], [ -107.0919045, 39.416313199999976 ], [ -107.0942165, 39.4120332 ], [ -107.0965675, 39.411208200000019 ] ] ] } },
{ "type": "Feature", "properties": { "state_po": "CO", "county_geoid": "08037", "pwsid": "CO0119234", "pws_name": "EAGLE RIVER VILLAGE MHP", "population_served_count": 1500, "model_method": "Random Forest", "verification_status": "", "symbology_field": "Modeled", "intersection_area_sq_km": 12.696881554152508 }, "geometry": { "type": "Polygon", "coordinates": [ [ [ -106.652370499999989, 39.6385173 ], [ -106.6506225, 39.6465753 ], [ -106.6432955, 39.654378300000026 ], [ -106.6390015, 39.656722300000013 ], [ -106.6387645, 39.65861630000002 ], [ -106.6277215, 39.654100299999989 ], [ -106.6276035, 39.660489300000023 ], [ -106.6223335, 39.660268300000013 ], [ -106.6222955, 39.663087299999965 ], [ -106.6058125, 39.658744299999952 ], [ -106.6044925, 39.656057299999979 ], [ -106.6016565, 39.6564033 ], [ -106.598563500000012, 39.6532523 ], [ -106.5878965, 39.649644300000013 ], [ -106.6027445, 39.654589299999962 ], [ -106.6080265, 39.6542983 ], [ -106.6118695, 39.638699299999971 ], [ -106.6272745, 39.638680299999962 ], [ -106.6274055, 39.609847299999977 ], [ -106.6341595, 39.609737299999985 ], [ -106.6366805, 39.611511299999933 ], [ -106.6379045, 39.617752300000021 ], [ -106.641265499999989, 39.6204333 ], [ -106.6418555, 39.617406300000049 ], [ -106.6434875, 39.617489299999981 ], [ -106.644535499999989, 39.620469299999925 ], [ -106.6450545, 39.6176093 ], [ -106.6471085, 39.619751300000061 ], [ -106.645751499999989, 39.616233299999962 ], [ -106.647470500000011, 39.6170923 ], [ -106.648336500000013, 39.627818299999973 ], [ -106.652370499999989, 39.6385173 ] ] ] } },
{ "type": "Feature", "properties": { "state_po": "CO", "county_geoid": "08037", "pwsid": "CO0119321", "pws_name": "GREEN ACRES MHP", "population_served_count": 130, "model_method": "Random Forest", "verification_status": "", "symbology_field": "Modeled", "intersection_area_sq_km": 0.13131520275077421 }, "geometry": { "type": "MultiPolygon", "coordinates": [ [ [ [ -106.8381705, 39.6450863 ], [ -106.8407975, 39.6456513 ], [ -106.8416415, 39.646109299999978 ], [ -106.8389515, 39.646503299999985 ], [ -106.8381705, 39.6450863 ] ] ], [ [ [ -106.841302500000012, 39.646596300000034 ], [ -106.843675499999989, 39.648468299999969 ], [ -106.8351665, 39.649998299999979 ], [ -106.8379645, 39.647703300000011 ], [ -106.841302500000012, 39.646596300000034 ] ] ] ] } },
{ "type": "Feature", "properties": { "state_po": "CO", "county_geoid": "08037", "pwsid": "CO0119467", "pws_name": "LAKE CREEK MEADOWS MD", "population_served_count": 407, "model_method": "Random Forest", "verification_status": "", "symbology_field": "Modeled", "intersection_area_sq_km": 0.45965221708997744 }, "geometry": { "type": "MultiPolygon", "coordinates": [ [ [ [ -106.6267395, 39.607758300000029 ], [ -106.6256705, 39.610536299999957 ], [ -106.6206755, 39.607298299999989 ], [ -106.6188265, 39.605114300000011 ], [ -106.6196905, 39.600777299999947 ], [ -106.6267395, 39.607758300000029 ] ] ], [ [ [ -106.6164005, 39.62234330000004 ], [ -106.6130785, 39.622650300000011 ], [ -106.6140805, 39.618382300000015 ], [ -106.6156785, 39.618011299999935 ], [ -106.6164005, 39.62234330000004 ] ] ] ] } },
{ "type": "Feature", "properties": { "state_po": "CO", "county_geoid": "08037", "pwsid": "CO0119510", "pws_name": "MINTURN TOWN OF", "population_served_count": 1200, "model_method": "Random Forest", "verification_status": "", "symbology_field": "Modeled", "intersection_area_sq_km": 0.77244512412750788 }, "geometry": { "type": "Polygon", "coordinates": [ [ [ -106.423739399999988, 39.581870300000013 ], [ -106.4069284, 39.5742973 ], [ -106.4067154, 39.570402299999984 ], [ -106.4098704, 39.575590300000037 ], [ -106.4273314, 39.583098300000024 ], [ -106.428596399999989, 39.582152300000018 ], [ -106.4312494, 39.5832103 ], [ -106.4326204, 39.589847300000031 ], [ -106.4343814, 39.589868300000063 ], [ -106.4372154, 39.593087300000029 ], [ -106.4335794, 39.59649330000002 ], [ -106.4290784, 39.5962333 ], [ -106.4289824, 39.5899663 ], [ -106.4314004, 39.5893663 ], [ -106.423739399999988, 39.581870300000013 ] ] ] } },
{ "type": "Feature", "properties": { "state_po": "CO", "county_geoid": "08037", "pwsid": "CO0119671", "pws_name": "RED CLIFF TOWN OF", "population_served_count": 469, "model_method": "Random Forest", "verification_status": "", "symbology_field": "Modeled", "intersection_area_sq_km": 0.56044501888083487 }, "geometry": { "type": "Polygon", "coordinates": [ [ [ -106.3644254, 39.5027573 ], [ -106.3671364, 39.507148300000033 ], [ -106.3671814, 39.505371299999972 ], [ -106.3718934, 39.505363300000013 ], [ -106.3718964, 39.50808729999995 ], [ -106.3767804, 39.507240300000028 ], [ -106.3719174, 39.5145113 ], [ -106.3691864, 39.5135723 ], [ -106.369096399999989, 39.517501299999964 ], [ -106.3686524, 39.513682300000042 ], [ -106.366710399999988, 39.514037299999984 ], [ -106.3680624, 39.5133143 ], [ -106.3644254, 39.5027573 ] ] ] } },
{ "type": "Feature", "properties": { "state_po": "CO", "county_geoid": "08037", "pwsid": "CO0119672", "pws_name": "RED TABLE ACRES HOA", "population_served_count": 90, "model_method": "Random Forest", "verification_status": "", "symbology_field": "Modeled", "intersection_area_sq_km": 0.205200369624566 }, "geometry": { "type": "Polygon", "coordinates": [ [ [ -107.0932915, 39.42066220000001 ], [ -107.098651499999988, 39.4234292 ], [ -107.0984345, 39.4258202 ], [ -107.0944735, 39.42349220000002 ], [ -107.090523499999989, 39.4231472 ], [ -107.0932915, 39.42066220000001 ] ] ] } },
{ "type": "Feature", "properties": { "state_po": "CO", "county_geoid": "08037", "pwsid": "CO0119673", "pws_name": "RED SKY RANCH", "population_served_count": 291, "model_method": "Random Forest", "verification_status": "", "symbology_field": "Modeled", "intersection_area_sq_km": 0.80156692925440653 }, "geometry": { "type": "MultiPolygon", "coordinates": [ [ [ [ -106.6603595, 39.684916300000033 ], [ -106.6609845, 39.689922300000021 ], [ -106.6630975, 39.689910300000015 ], [ -106.6668235, 39.6949343 ], [ -106.6778115, 39.7000413 ], [ -106.6856125, 39.700913300000018 ], [ -106.6863365, 39.7014893 ], [ -106.6722065, 39.7004983 ], [ -106.6676705, 39.701863300000035 ], [ -106.6601455, 39.69182330000001 ], [ -106.6589975, 39.685211299999978 ], [ -106.6603595, 39.684916300000033 ] ] ], [ [ [ -106.6884435, 39.705671299999963 ], [ -106.6884285, 39.707350300000058 ], [ -106.6881795, 39.705368300000025 ], [ -106.6866365, 39.7027263 ], [ -106.6884435, 39.705671299999963 ] ] ] ] } },
{ "type": "Feature", "properties": { "state_po": "CO", "county_geoid": "08037", "pwsid": "CO0119692", "pws_name": "RUEDI SHORES MD", "population_served_count": 165, "model_method": "Random Forest", "verification_status": "", "symbology_field": "Modeled", "intersection_area_sq_km": 0.010317688007251651 }, "geometry": { "type": "Polygon", "coordinates": [ [ [ -106.732356929505158, 39.362594933656062 ], [ -106.7309565, 39.363050200000018 ], [ -106.7290805, 39.362510199999974 ], [ -106.732356929505158, 39.362594933656062 ] ] ] } },
{ "type": "Feature", "properties": { "state_po": "CO", "county_geoid": "08037", "pwsid": "CO0119720", "pws_name": "TWO RIVERS VILLAGE", "population_served_count": 896, "model_method": "Random Forest", "verification_status": "", "symbology_field": "Modeled", "intersection_area_sq_km": 1.9148700880191192 }, "geometry": { "type": "Polygon", "coordinates": [ [ [ -107.0899346, 39.637863299999964 ], [ -107.0667336, 39.6519563 ], [ -107.0606876, 39.65428230000002 ], [ -107.0582426, 39.649348299999986 ], [ -107.0634036, 39.648475299999944 ], [ -107.0568446, 39.646305300000023 ], [ -107.0572596, 39.6420593 ], [ -107.0675206, 39.639637300000025 ], [ -107.0784176, 39.6432053 ], [ -107.0785016, 39.644716300000056 ], [ -107.0858866, 39.638078299999982 ], [ -107.0899346, 39.637863299999964 ] ] ] } },
{ "type": "Feature", "properties": { "state_po": "CO", "county_geoid": "08037", "pwsid": "CO0123595", "pws_name": "PANORAMA RANCHES HOA", "population_served_count": 120, "model_method": "Random Forest", "verification_status": "", "symbology_field": "Modeled", "intersection_area_sq_km": 0.0098365022635105385 }, "geometry": { "type": "Polygon", "coordinates": [ [ [ -107.113612256014974, 39.45291003644224 ], [ -107.1135346, 39.4324462 ], [ -107.113593848329955, 39.43232304666963 ], [ -107.113612256014974, 39.45291003644224 ] ] ] } },
{ "type": "Feature", "properties": { "state_po": "CO", "county_geoid": "08037", "pwsid": "CO0149685", "pws_name": "ROARING FORK MHP", "population_served_count": 200, "model_method": "Parcel", "verification_status": "", "symbology_field": "Modeled", "intersection_area_sq_km": 3.4038394560896137e-05 }, "geometry": { "type": "Polygon", "coordinates": [ [ [ -107.036824880181683, 39.366168987475547 ], [ -107.036134499999989, 39.366176199999977 ], [ -107.035712290771016, 39.366176200066171 ], [ -107.036824880181683, 39.366168987475547 ] ] ] } },
{ "type": "Feature", "properties": { "state_po": "CO", "county_geoid": "08037", "pwsid": "CO0219123", "pws_name": "ASPEN MTN VIEW SUBD", "population_served_count": 150, "model_method": "Random Forest", "verification_status": "", "symbology_field": "Modeled", "intersection_area_sq_km": 7.6473356445107203 }, "geometry": { "type": "Polygon", "coordinates": [ [ [ -107.113584005415476, 39.42131006017383 ], [ -107.1135526, 39.4424072 ], [ -107.1113476, 39.441576200000014 ], [ -107.1096456, 39.444724199999975 ], [ -107.1033926, 39.445221200000013 ], [ -107.1007296, 39.4435692 ], [ -107.1002856, 39.438085199999968 ], [ -107.0973146, 39.436591199999974 ], [ -107.0985846, 39.439555200000022 ], [ -107.0932345, 39.4417422 ], [ -107.0921456, 39.449203199999978 ], [ -107.0855766, 39.456150200000017 ], [ -107.0857726, 39.458787199999982 ], [ -107.0814235, 39.46105419999995 ], [ -107.0756735, 39.460769200000037 ], [ -107.0755505, 39.451158199999988 ], [ -107.081962499999989, 39.4389712 ], [ -107.0765715, 39.4390232 ], [ -107.076615499999988, 39.4352732 ], [ -107.0719645, 39.4352902 ], [ -107.0720045, 39.431764199999989 ], [ -107.0766425, 39.431764199999989 ], [ -107.0766945, 39.428088199999948 ], [ -107.0815095, 39.428126200000065 ], [ -107.0807155, 39.43219120000002 ], [ -107.0848965, 39.432540199999913 ], [ -107.0885295, 39.4355202 ], [ -107.0863025, 39.437226199999984 ], [ -107.0867205, 39.441093199999983 ], [ -107.0842415, 39.4429212 ], [ -107.0855375, 39.444286200000015 ], [ -107.088373499999989, 39.443163200000022 ], [ -107.0903445, 39.439118199999967 ], [ -107.0939935, 39.437575200000026 ], [ -107.0909135, 39.437180199999972 ], [ -107.0915475, 39.435447199999977 ], [ -107.0964576, 39.435665200000017 ], [ -107.0892865, 39.430524200000058 ], [ -107.0905695, 39.423213199999978 ], [ -107.0944735, 39.42349220000002 ], [ -107.0982865, 39.4258452 ], [ -107.098651499999988, 39.4234292 ], [ -107.0963635, 39.421249200000055 ], [ -107.113584005415476, 39.42131006017383 ] ], [ [ -107.1015766, 39.435888199999972 ], [ -107.1059156, 39.438506199999978 ], [ -107.1067606, 39.4380872 ], [ -107.1064736, 39.435843200000051 ], [ -107.1015766, 39.435888199999972 ] ] ] } },
{ "type": "Feature", "properties": { "state_po": "CO", "county_geoid": "08037", "pwsid": "CO0119718", "pws_name": "SOPRIS VILLAGE HOA", "population_served_count": 425, "model_method": "Random Forest", "verification_status": "", "symbology_field": "Modeled", "intersection_area_sq_km": 0.016680034073928218 }, "geometry": { "type": "Polygon", "coordinates": [ [ [ -107.0882908, 39.392923300000021 ], [ -107.0901055, 39.393998100000026 ], [ -107.089429, 39.3954311 ], [ -107.0882908, 39.392923300000021 ] ] ] } },
{ "type": "Feature", "properties": { "state_po": "CO", "county_geoid": "08037", "pwsid": "CO0119134", "pws_name": "BASALT TOWN OF", "population_served_count": 2357, "model_method": null, "verification_status": null, "symbology_field": "System Sourced", "intersection_area_sq_km": 1.5585008268258169 }, "geometry": { "type": "Polygon", "coordinates": [ [ [ -107.0395051, 39.3662263 ], [ -107.0405897, 39.368746599999987 ], [ -107.0390637, 39.373503 ], [ -107.0357026, 39.37282 ], [ -107.0328318, 39.374834600000028 ], [ -107.025782299999989, 39.3759566 ], [ -107.022948, 39.3739355 ], [ -107.0186389, 39.3743442 ], [ -107.0186485, 39.371765299999943 ], [ -107.0237074, 39.367996899999966 ], [ -107.022955891752204, 39.366144809470192 ], [ -107.0395051, 39.3662263 ] ] ] } },
{ "type": "Feature", "properties": { "state_po": "CO", "county_geoid": "08109", "pwsid": "CO0155188", "pws_name": "CRESTONE WS", "population_served_count": 293, "model_method": "Random Forest", "verification_status": "", "symbology_field": "Modeled", "intersection_area_sq_km": 1.6889095245652612 }, "geometry": { "type": "MultiPolygon", "coordinates": [ [ [ [ -105.6884671, 37.97774110000001 ], [ -105.692506099999989, 37.980040099999989 ], [ -105.6915261, 37.98158709999997 ], [ -105.6951261, 37.985459099999964 ], [ -105.6937451, 37.98638709999998 ], [ -105.6867001, 37.9872231 ], [ -105.6833831, 37.983644100000028 ], [ -105.6781091, 37.9845441 ], [ -105.6836221, 37.979169099999972 ], [ -105.6884671, 37.97774110000001 ] ] ], [ [ [ -105.6978191, 37.991610099999988 ], [ -105.7044491, 37.9939041 ], [ -105.7042311, 37.995273100000041 ], [ -105.7023711, 37.99520710000003 ], [ -105.7022901, 37.998852099999965 ], [ -105.695416099999989, 37.9988901 ], [ -105.693167100000011, 37.995262099999977 ], [ -105.6930581, 37.987748099999983 ], [ -105.6977671, 37.9877011 ], [ -105.6978191, 37.991610099999988 ] ] ] ] } },
{ "type": "Feature", "properties": { "state_po": "CO", "county_geoid": "08109", "pwsid": "CO0155200", "pws_name": "BACA GRANDE WSD", "population_served_count": 2006, "model_method": "Random Forest", "verification_status": "", "symbology_field": "Modeled", "intersection_area_sq_km": 2.386527091155612 }, "geometry": { "type": "MultiPolygon", "coordinates": [ [ [ [ -105.6768601, 37.956979100000048 ], [ -105.6736691, 37.952111100000032 ], [ -105.6767231, 37.951070100000017 ], [ -105.6798941, 37.955203099999977 ], [ -105.6768601, 37.956979100000048 ] ] ], [ [ [ -105.6775651, 37.9577091 ], [ -105.6742851, 37.963357099999953 ], [ -105.6714301, 37.965087099999977 ], [ -105.6705291, 37.963480100000012 ], [ -105.6725371, 37.960884100000023 ], [ -105.6758281, 37.957597100000051 ], [ -105.6775651, 37.9577091 ] ] ], [ [ [ -105.6806911, 37.959266100000036 ], [ -105.684548100000015, 37.961757100000021 ], [ -105.687356099999988, 37.9608001 ], [ -105.6880891, 37.962619099999955 ], [ -105.6756341, 37.9678271 ], [ -105.673329099999989, 37.966597100000023 ], [ -105.6806911, 37.959266100000036 ] ] ], [ [ [ -105.6877211, 37.97672809999996 ], [ -105.6802501, 37.979360099999987 ], [ -105.6822181, 37.981436100000025 ], [ -105.6773191, 37.985427100000045 ], [ -105.6719641, 37.985599100000037 ], [ -105.6761901, 37.9835731 ], [ -105.6748301, 37.982387099999947 ], [ -105.6788411, 37.9800531 ], [ -105.676009100000016, 37.9775301 ], [ -105.6715311, 37.979046099999962 ], [ -105.6729471, 37.980937100000013 ], [ -105.6671471, 37.984217100000016 ], [ -105.6659451, 37.9797151 ], [ -105.676791099999988, 37.974135099999955 ], [ -105.675997099999989, 37.972402099999982 ], [ -105.6802111, 37.970370099999968 ], [ -105.6833351, 37.97240510000001 ], [ -105.6843481, 37.968984099999957 ], [ -105.6878831, 37.9721531 ], [ -105.6855851, 37.9743571 ], [ -105.6877211, 37.97672809999996 ] ] ], [ [ [ -105.6884671, 37.97774110000001 ], [ -105.6904731, 37.976035100000011 ], [ -105.6906501, 37.976677099999989 ], [ -105.6884671, 37.97774110000001 ] ] ] ] } },
{ "type": "Feature", "properties": { "state_po": "CO", "county_geoid": "08109", "pwsid": "CO0155500", "pws_name": "CENTER TOWN OF", "population_served_count": 2575, "model_method": "Random Forest", "verification_status": "", "symbology_field": "Modeled", "intersection_area_sq_km": 1.8526883961206528 }, "geometry": { "type": "Polygon", "coordinates": [ [ [ -106.1003521, 37.748315100000021 ], [ -106.1245291, 37.748267099999978 ], [ -106.1252562, 37.7522151 ], [ -106.121439099999989, 37.7522571 ], [ -106.1215022, 37.7557901 ], [ -106.1123461, 37.7557571 ], [ -106.1124061, 37.75895309999995 ], [ -106.1083951, 37.758954099999983 ], [ -106.1084111, 37.7559421 ], [ -106.1063231, 37.755620099999973 ], [ -106.1062581, 37.759260099999985 ], [ -106.1030761, 37.7592391 ], [ -106.1003521, 37.748315100000021 ] ] ] } },
{ "type": "Feature", "properties": { "state_po": "CO", "county_geoid": "08109", "pwsid": "CO0155700", "pws_name": "KV HOA INC", "population_served_count": 580, "model_method": "Random Forest", "verification_status": "", "symbology_field": "Modeled", "intersection_area_sq_km": 0.43647069491946494 }, "geometry": { "type": "MultiPolygon", "coordinates": [ [ [ [ -105.9426291, 38.1234641 ], [ -105.9372851, 38.123809099999981 ], [ -105.9373401, 38.12178609999998 ], [ -105.9426651, 38.121852100000034 ], [ -105.9426291, 38.1234641 ] ] ], [ [ [ -105.9425801, 38.126600099999976 ], [ -105.9425131, 38.129997100000026 ], [ -105.9371181, 38.130013100000014 ], [ -105.937210100000016, 38.125833100000044 ], [ -105.9425801, 38.126600099999976 ] ] ], [ [ [ -105.9314131, 38.137187100000055 ], [ -105.9253151, 38.137133099999971 ], [ -105.9251211, 38.135302099999976 ], [ -105.931727099999989, 38.135369099999984 ], [ -105.9314131, 38.137187100000055 ] ] ] ] } },
{ "type": "Feature", "properties": { "state_po": "CO", "county_geoid": "08109", "pwsid": "CO0155800", "pws_name": "SAGUACHE TOWN OF", "population_served_count": 504, "model_method": null, "verification_status": null, "symbology_field": "System Sourced", "intersection_area_sq_km": 1.954556009626748 }, "geometry": { "type": "Polygon", "coordinates": [ [ [ -106.148, 38.090741 ], [ -106.1349558, 38.0902506 ], [ -106.1304986, 38.091459 ], [ -106.1310826, 38.0854574 ], [ -106.1291037, 38.083893900000028 ], [ -106.130589, 38.082786400000018 ], [ -106.1327912, 38.083591700000021 ], [ -106.1329407, 38.079778900000022 ], [ -106.135283199999989, 38.079886700000039 ], [ -106.1369265, 38.083104699999978 ], [ -106.1428194, 38.0811084 ], [ -106.144698, 38.084108600000036 ], [ -106.14666, 38.081743399999958 ], [ -106.1482166, 38.084538 ], [ -106.151919299999989, 38.0848666 ], [ -106.15215, 38.092955500000038 ], [ -106.1501936, 38.093418400000054 ], [ -106.148, 38.090741 ] ], [ [ -106.1321975, 38.084991 ], [ -106.1321589, 38.0849356 ], [ -106.132085, 38.085005200000012 ], [ -106.1321975, 38.084991 ] ], [ [ -106.1488843, 38.089883 ], [ -106.1484118, 38.089837700000025 ], [ -106.148354, 38.09021259999998 ], [ -106.1488843, 38.089883 ] ] ] } },
{ "type": "Feature", "properties": { "state_po": "CO", "county_geoid": "08031", "pwsid": "CO0118285", "pws_name": "FOXHILL MD", "population_served_count": 123, "model_method": "Random Forest", "verification_status": "", "symbology_field": "Modeled", "intersection_area_sq_km": 0.035187097399291288 }, "geometry": { "type": "Polygon", "coordinates": [ [ [ -104.9861251, 39.743285399999976 ], [ -104.9861291, 39.74619840000004 ], [ -104.98486410000001, 39.746192400000041 ], [ -104.984856100000016, 39.7432824 ], [ -104.9861251, 39.743285399999976 ] ] ] } },
{ "type": "Feature", "properties": { "state_po": "CO", "county_geoid": "08031", "pwsid": "CO0130070", "pws_name": "INSPIRATION VALLEY MHP", "population_served_count": 250, "model_method": "Random Forest", "verification_status": "", "symbology_field": "Modeled", "intersection_area_sq_km": 0.1064720315556789 }, "geometry": { "type": "Polygon", "coordinates": [ [ [ -105.0532561, 39.790206399999988 ], [ -105.0532551, 39.788823399999956 ], [ -105.0565311, 39.7883014 ], [ -105.0566471, 39.7899484 ], [ -105.0593431, 39.789789399999961 ], [ -105.059348058609146, 39.791072419045946 ], [ -105.0532561, 39.790206399999988 ] ] ] } },
{ "type": "Feature", "properties": { "state_po": "CO", "county_geoid": "08031", "pwsid": "CO0103153", "pws_name": "BOW MAR WSD", "population_served_count": 899, "model_method": "", "verification_status": "", "symbology_field": "System Sourced", "intersection_area_sq_km": 0.041226553810895239 }, "geometry": { "type": "MultiPolygon", "coordinates": [ [ [ [ -105.056077, 39.621395 ], [ -105.053519553273446, 39.620864047760584 ], [ -105.057050989717851, 39.620911464938217 ], [ -105.056077, 39.621395 ] ] ], [ [ [ -105.0558345, 39.624238800000043 ], [ -105.0558165, 39.625989399999945 ], [ -105.053444341811527, 39.628316032973494 ], [ -105.055809, 39.624244 ], [ -105.053483, 39.624253 ], [ -105.053513190411536, 39.621152548462305 ], [ -105.053489899999988, 39.624225 ], [ -105.0558345, 39.624238800000043 ] ] ], [ [ [ -105.044161, 39.628039 ], [ -105.04414115780466, 39.631120867835143 ], [ -105.0440845, 39.628023500000033 ], [ -105.044161, 39.628039 ] ] ], [ [ [ -105.04414728937715, 39.631456052783186 ], [ -105.053409777752378, 39.631510510624707 ], [ -105.044147400000014, 39.631462099999972 ], [ -105.04414728937715, 39.631456052783186 ] ] ], [ [ [ -105.057391020050972, 39.638762926934028 ], [ -105.059045, 39.63876 ], [ -105.059541, 39.635375 ], [ -105.053455212340182, 39.629355124153349 ], [ -105.059841, 39.6347691 ], [ -105.0591133, 39.638760799999972 ], [ -105.057391020050972, 39.638762926934028 ] ] ] ] } },
{ "type": "Feature", "properties": { "state_po": "CO", "county_geoid": "08031", "pwsid": "CO0116552", "pws_name": "NORTH LINCOLN WSD", "population_served_count": 1000, "model_method": "", "verification_status": "", "symbology_field": "System Sourced", "intersection_area_sq_km": 6.7100417369474584e-05 }, "geometry": { "type": "Polygon", "coordinates": [ [ [ -105.006355281538788, 39.791048840175314 ], [ -105.0110984, 39.791060100000017 ], [ -105.011098399474307, 39.791060525789788 ], [ -105.006355281538788, 39.791048840175314 ] ] ] } },
{ "type": "Feature", "properties": { "state_po": "CO", "county_geoid": "08031", "pwsid": "CO0116553", "pws_name": "NORTH PECOS WSD", "population_served_count": 2500, "model_method": "", "verification_status": "", "symbology_field": "System Sourced", "intersection_area_sq_km": 0.0042130542554769971 }, "geometry": { "type": "MultiPolygon", "coordinates": [ [ [ [ -104.9952252, 39.791018700000059 ], [ -104.993239932025858, 39.791026808070107 ], [ -104.9932399, 39.7910256 ], [ -104.9952252, 39.791018700000059 ] ] ], [ [ [ -104.9900868, 39.791025599999955 ], [ -104.990295252778438, 39.791857549568235 ], [ -104.989152499999989, 39.79103249999995 ], [ -104.9900868, 39.791025599999955 ] ] ], [ [ [ -104.990617200505412, 39.792040302090463 ], [ -104.990646141639459, 39.792040302369855 ], [ -104.990629, 39.792047 ], [ -104.990617200505412, 39.792040302090463 ] ] ], [ [ [ -105.005995282185893, 39.791047891972127 ], [ -105.0063912, 39.7910463 ], [ -105.006391176727988, 39.791048934663124 ], [ -105.005995282185893, 39.791047891972127 ] ] ] ] } },
{ "type": "Feature", "properties": { "state_po": "CO", "county_geoid": "08031", "pwsid": "CO0130116", "pws_name": "ALAMEDA WSD", "population_served_count": 2480, "model_method": "", "verification_status": "", "symbology_field": "System Sourced", "intersection_area_sq_km": 0.0023265298357736915 }, "geometry": { "type": "MultiPolygon", "coordinates": [ [ [ [ -105.0720221, 39.669353071201591 ], [ -105.071991543072002, 39.667906102289393 ], [ -105.0720221, 39.667906099999982 ], [ -105.0720221, 39.669353071201591 ] ] ], [ [ [ -105.053256110185416, 39.667906102674763 ], [ -105.053260838506262, 39.673102531303783 ], [ -105.0532204, 39.673098899999964 ], [ -105.053256110185416, 39.667906102674763 ] ] ], [ [ [ -105.072418970314288, 39.669496500139772 ], [ -105.0725072, 39.669496500000029 ], [ -105.072523890132146, 39.66953441785946 ], [ -105.072418970314288, 39.669496500139772 ] ] ], [ [ [ -105.057797, 39.682272 ], [ -105.056736767571536, 39.682274489215956 ], [ -105.057796991610061, 39.682262002487228 ], [ -105.057797, 39.682272 ] ] ] ] } },
{ "type": "Feature", "properties": { "state_po": "CO", "county_geoid": "08015", "pwsid": "CO0108925", "pws_name": "UTE HEIGHTS COMMUNITY WS", "population_served_count": 69, "model_method": "Random Forest", "verification_status": "", "symbology_field": "Modeled", "intersection_area_sq_km": 0.13131281062692696 }, "geometry": { "type": "Polygon", "coordinates": [ [ [ -106.0017272, 38.55348120000005 ], [ -105.9979672, 38.5568892 ], [ -105.9996942, 38.5540642 ], [ -105.9953822, 38.555754199999946 ], [ -105.9997032, 38.5515392 ], [ -106.0017272, 38.55348120000005 ] ] ] } },
{ "type": "Feature", "properties": { "state_po": "CO", "county_geoid": "08015", "pwsid": "CO0108650", "pws_name": "PONCHA SPRINGS TOWN OF", "population_served_count": 1467, "model_method": "Random Forest", "verification_status": "", "symbology_field": "Modeled", "intersection_area_sq_km": 2.0908234746371623 }, "geometry": { "type": "Polygon", "coordinates": [ [ [ -106.0766932, 38.510434199999978 ], [ -106.0766552, 38.512353200000021 ], [ -106.0838742, 38.5144632 ], [ -106.0848932, 38.518465199999987 ], [ -106.0876952, 38.518702200000021 ], [ -106.0848902, 38.518617199999987 ], [ -106.084063199999989, 38.522119199999977 ], [ -106.0797502, 38.523543200000013 ], [ -106.0799082, 38.5213362 ], [ -106.0606442, 38.521226200000022 ], [ -106.0606692, 38.517938200000017 ], [ -106.0630142, 38.5173912 ], [ -106.0616832, 38.5138502 ], [ -106.056941200000011, 38.5138112 ], [ -106.0661762, 38.5132022 ], [ -106.073267199999989, 38.509950200000034 ], [ -106.0766932, 38.510434199999978 ] ] ] } },
{ "type": "Feature", "properties": { "state_po": "CO", "county_geoid": "08015", "pwsid": "CO0108313", "pws_name": "GLENVIEW OWNERS ASSOC", "population_served_count": 195, "model_method": "Random Forest", "verification_status": "", "symbology_field": "Modeled", "intersection_area_sq_km": 0.33834134778634706 }, "geometry": { "type": "MultiPolygon", "coordinates": [ [ [ [ -106.1731643, 38.906042199999973 ], [ -106.1714613, 38.91117820000003 ], [ -106.169874299999989, 38.911522199999979 ], [ -106.1689783, 38.906174200000031 ], [ -106.1731643, 38.906042199999973 ] ] ], [ [ [ -106.2014113, 38.959470199999949 ], [ -106.1957993, 38.953567200000016 ], [ -106.1928643, 38.948974200000016 ], [ -106.1955043, 38.949389199999978 ], [ -106.2014113, 38.959470199999949 ] ] ] ] } },
{ "type": "Feature", "properties": { "state_po": "CO", "county_geoid": "08015", "pwsid": "CO0108375", "pws_name": "CASA DEL RIO SUBD", "population_served_count": 73, "model_method": "Random Forest", "verification_status": "", "symbology_field": "Modeled", "intersection_area_sq_km": 0.31065398145895629 }, "geometry": { "type": "Polygon", "coordinates": [ [ [ -106.1103813, 38.826695199999989 ], [ -106.1041963, 38.814598200000027 ], [ -106.1042713, 38.8131752 ], [ -106.1089883, 38.811769200000015 ], [ -106.1068193, 38.814992199999963 ], [ -106.1070823, 38.816483199999972 ], [ -106.1089323, 38.816466199999972 ], [ -106.1103813, 38.826695199999989 ] ] ] } },
{ "type": "Feature", "properties": { "state_po": "CO", "county_geoid": "08015", "pwsid": "CO0108415", "pws_name": "GAME TRAIL ASSOCIATION INC", "population_served_count": 480, "model_method": "Random Forest", "verification_status": "", "symbology_field": "Modeled", "intersection_area_sq_km": 0.35333220224539685 }, "geometry": { "type": "MultiPolygon", "coordinates": [ [ [ [ -106.2061153, 38.863842200000022 ], [ -106.2020173, 38.868101199999984 ], [ -106.2003403, 38.86868819999998 ], [ -106.1997983, 38.865760200000018 ], [ -106.2049513, 38.8625932 ], [ -106.2061153, 38.863842200000022 ] ] ], [ [ [ -106.217605299999988, 38.906878200000037 ], [ -106.2128023, 38.906980199999971 ], [ -106.2126703, 38.903278199999946 ], [ -106.2175593, 38.903286200000011 ], [ -106.217605299999988, 38.906878200000037 ] ] ] ] } },
{ "type": "Feature", "properties": { "state_po": "CO", "county_geoid": "08015", "pwsid": "CO0108450", "pws_name": "RIVER VILLAGE LLC", "population_served_count": 90, "model_method": "Random Forest", "verification_status": "", "symbology_field": "Modeled", "intersection_area_sq_km": 0.19268735113678348 }, "geometry": { "type": "MultiPolygon", "coordinates": [ [ [ [ -106.171599300000011, 38.7321462 ], [ -106.1614863, 38.7336072 ], [ -106.1595073, 38.733482200000019 ], [ -106.1678443, 38.7310492 ], [ -106.171689300000011, 38.731009199999974 ], [ -106.171599300000011, 38.7321462 ] ] ], [ [ [ -106.1086333, 38.813024199999965 ], [ -106.1089323, 38.816466199999972 ], [ -106.1058763, 38.81647020000004 ], [ -106.105618299999989, 38.8149432 ], [ -106.1078743, 38.8147142 ], [ -106.1086333, 38.813024199999965 ] ] ] ] } },
{ "type": "Feature", "properties": { "state_po": "CO", "county_geoid": "08015", "pwsid": "CO0108525", "pws_name": "MESA ANTERO SUBD", "population_served_count": 250, "model_method": "Random Forest", "verification_status": "", "symbology_field": "Modeled", "intersection_area_sq_km": 0.031400662496808458 }, "geometry": { "type": "Polygon", "coordinates": [ [ [ -106.2901063, 38.711388199999988 ], [ -106.2864123, 38.7122942 ], [ -106.2861393, 38.711373199999947 ], [ -106.2901063, 38.711388199999988 ] ] ] } },
{ "type": "Feature", "properties": { "state_po": "CO", "county_geoid": "08015", "pwsid": "CO0108655", "pws_name": "PRINCETON ESTATES SUBD", "population_served_count": 150, "model_method": "Random Forest", "verification_status": "", "symbology_field": "Modeled", "intersection_area_sq_km": 0.24427679456681234 }, "geometry": { "type": "Polygon", "coordinates": [ [ [ -106.1276053, 38.810322200000016 ], [ -106.1217943, 38.809124200000028 ], [ -106.1203103, 38.8058642 ], [ -106.1276553, 38.806263199999961 ], [ -106.1276053, 38.810322200000016 ] ] ] } },
{ "type": "Feature", "properties": { "state_po": "CO", "county_geoid": "08015", "pwsid": "CO0108900", "pws_name": "TRAIL WEST ASSOC", "population_served_count": 249, "model_method": "Random Forest", "verification_status": "", "symbology_field": "Modeled", "intersection_area_sq_km": 0.85950290287521636 }, "geometry": { "type": "MultiPolygon", "coordinates": [ [ [ [ -106.2781203, 38.813314199999979 ], [ -106.2707833, 38.813857200000015 ], [ -106.2467693, 38.805800199999986 ], [ -106.2569823, 38.8075952 ], [ -106.2634493, 38.811043199999979 ], [ -106.269095299999989, 38.8107252 ], [ -106.2731003, 38.8134272 ], [ -106.2781203, 38.813314199999979 ] ] ], [ [ [ -106.216755299999988, 38.844901199999988 ], [ -106.2124673, 38.844656200000017 ], [ -106.2123813, 38.845664199999973 ], [ -106.2092323, 38.843397200000027 ], [ -106.2032363, 38.8432232 ], [ -106.2009293, 38.8390072 ], [ -106.203443299999989, 38.837642200000033 ], [ -106.2091803, 38.841272199999949 ], [ -106.2117413, 38.8399502 ], [ -106.216755299999988, 38.844901199999988 ] ] ], [ [ [ -106.2202123, 38.842152200000022 ], [ -106.2179573, 38.843344200000011 ], [ -106.2163933, 38.843540199999985 ], [ -106.2190273, 38.840147199999983 ], [ -106.2202123, 38.842152200000022 ] ] ] ] } },
{ "type": "Feature", "properties": { "state_po": "CO", "county_geoid": "08015", "pwsid": "CO0208200", "pws_name": "CHATEAU CHAPARREL CG", "population_served_count": 240, "model_method": "Decision Tree", "verification_status": "", "symbology_field": "Modeled", "intersection_area_sq_km": 1.8549346793335426 }, "geometry": { "type": "Polygon", "coordinates": [ [ [ -106.0844022, 38.760763200000014 ], [ -106.0714692, 38.75310220000005 ], [ -106.0704472, 38.746249199999973 ], [ -106.0662672, 38.741168199999976 ], [ -106.0717322, 38.740207199999972 ], [ -106.0826662, 38.741721199999986 ], [ -106.0810102, 38.747837200000035 ], [ -106.0819852, 38.753515199999946 ], [ -106.0858282, 38.757700199999988 ], [ -106.0841442, 38.75885820000002 ], [ -106.0827272, 38.757849200000017 ], [ -106.0844022, 38.760763200000014 ] ] ] } },
{ "type": "Feature", "properties": { "state_po": "CO", "county_geoid": "08019", "pwsid": "CO0110025", "pws_name": "EXCELL LAWSON VILLAGE", "population_served_count": 90, "model_method": "Random Forest", "verification_status": "", "symbology_field": "Modeled", "intersection_area_sq_km": 0.15168847267254229 }, "geometry": { "type": "MultiPolygon", "coordinates": [ [ [ [ -105.6312183, 39.763162399999963 ], [ -105.6351033, 39.763981400000027 ], [ -105.6262893, 39.76575540000001 ], [ -105.6312183, 39.763162399999963 ] ] ], [ [ [ -105.621205300000014, 39.7661764 ], [ -105.6163303, 39.7653684 ], [ -105.6161133, 39.765095400000035 ], [ -105.6202233, 39.7650704 ], [ -105.621205300000014, 39.7661764 ] ] ], [ [ [ -105.6261363, 39.765557400000013 ], [ -105.6246613, 39.7650044 ], [ -105.6254093, 39.764899399999955 ], [ -105.6261363, 39.765557400000013 ] ] ] ] } },
{ "type": "Feature", "properties": { "state_po": "CO", "county_geoid": "08019", "pwsid": "CO0110035", "pws_name": "SILVER PLUME TOWN OF", "population_served_count": 180, "model_method": "Random Forest", "verification_status": "", "symbology_field": "Modeled", "intersection_area_sq_km": 0.43335860298721207 }, "geometry": { "type": "MultiPolygon", "coordinates": [ [ [ [ -105.7308723, 39.694357400000044 ], [ -105.7281233, 39.6941534 ], [ -105.7256723, 39.694787400000052 ], [ -105.7253393, 39.6943714 ], [ -105.7286063, 39.693759399999969 ], [ -105.7325143, 39.694334399999967 ], [ -105.7312463, 39.693418400000013 ], [ -105.7344663, 39.693070400000018 ], [ -105.7348073, 39.694955400000019 ], [ -105.7308723, 39.694357400000044 ] ] ], [ [ [ -105.7349283, 39.695655399999978 ], [ -105.7351843, 39.697072400000067 ], [ -105.7195683, 39.6988004 ], [ -105.7273263, 39.694400399999985 ], [ -105.7349283, 39.695655399999978 ] ] ] ] } },
{ "type": "Feature", "properties": { "state_po": "CO", "county_geoid": "08019", "pwsid": "CO0110010", "pws_name": "EMPIRE TOWN OF", "population_served_count": 500, "model_method": null, "verification_status": null, "symbology_field": "System Sourced", "intersection_area_sq_km": 0.7524590740251127 }, "geometry": { "type": "Polygon", "coordinates": [ [ [ -105.6899979, 39.76061349999997 ], [ -105.684992799999989, 39.763395 ], [ -105.684665, 39.765435700000062 ], [ -105.6816153, 39.765774299999975 ], [ -105.680522599999989, 39.763034700000027 ], [ -105.675853, 39.76092350000004 ], [ -105.6756882, 39.757541100000012 ], [ -105.6864688, 39.7583927 ], [ -105.6899979, 39.76061349999997 ] ] ] } },
{ "type": "Feature", "properties": { "state_po": "CO", "county_geoid": "08019", "pwsid": "CO0110026", "pws_name": "LOOKOUT MOUNTAIN WD", "population_served_count": 1378, "model_method": null, "verification_status": null, "symbology_field": "System Sourced", "intersection_area_sq_km": 0.1410539292590377 }, "geometry": { "type": "MultiPolygon", "coordinates": [ [ [ [ -105.4063447, 39.70926630000001 ], [ -105.4048252, 39.707689800000018 ], [ -105.4067509, 39.706582499999975 ], [ -105.4082704, 39.708159 ], [ -105.4063447, 39.70926630000001 ] ] ], [ [ [ -105.4037053, 39.717297600000016 ], [ -105.4021856, 39.715721099999939 ], [ -105.404111500000013, 39.714613800000031 ], [ -105.4056312, 39.716190299999973 ], [ -105.4037053, 39.717297600000016 ] ] ] ] } },
{ "type": "Feature", "properties": { "state_po": "CO", "county_geoid": "08019", "pwsid": "CO0110040", "pws_name": "ST MARYS GLACIER WSD", "population_served_count": 451, "model_method": null, "verification_status": null, "symbology_field": "System Sourced", "intersection_area_sq_km": 2.653010991388316 }, "geometry": { "type": "Polygon", "coordinates": [ [ [ -105.6411267, 39.836808599999983 ], [ -105.636788, 39.8326601 ], [ -105.6360574, 39.828153100000016 ], [ -105.6393574, 39.819452599999984 ], [ -105.6412786, 39.8188135 ], [ -105.6432407, 39.820207100000054 ], [ -105.6440959, 39.817465899999974 ], [ -105.638862800000012, 39.809260599999945 ], [ -105.6414245, 39.807671400000061 ], [ -105.648123, 39.812423499999987 ], [ -105.651349, 39.810328 ], [ -105.656377299999988, 39.812137500000027 ], [ -105.658985699999988, 39.818056599999977 ], [ -105.6538381, 39.821473100000027 ], [ -105.6469504, 39.822745100000056 ], [ -105.6441082, 39.827651500000023 ], [ -105.6417444, 39.828196700000042 ], [ -105.6434373, 39.829955199999979 ], [ -105.6419792, 39.831226500000042 ], [ -105.6428055, 39.835845099999972 ], [ -105.6411267, 39.836808599999983 ] ] ] } },
{ "type": "Feature", "properties": { "state_po": "CO", "county_geoid": "08013", "pwsid": "CO0107179", "pws_name": "BOULDER MEADOWS MHP", "population_served_count": 1657, "model_method": "Random Forest", "verification_status": "", "symbology_field": "Modeled", "intersection_area_sq_km": 0.65953535595250556 }, "geometry": { "type": "Polygon", "coordinates": [ [ [ -105.2558412, 40.061780400000011 ], [ -105.2445192, 40.060577400000028 ], [ -105.2443032, 40.054704399999956 ], [ -105.2549782, 40.054632400000017 ], [ -105.2535492, 40.057091400000019 ], [ -105.2548242, 40.059449400000013 ], [ -105.25289020000001, 40.059733399999978 ], [ -105.2558412, 40.061780400000011 ] ] ] } },
{ "type": "Feature", "properties": { "state_po": "CO", "county_geoid": "08013", "pwsid": "CO0107246", "pws_name": "ELDORADO MUNICIPAL SYSTEM", "population_served_count": 308, "model_method": "Random Forest", "verification_status": "", "symbology_field": "Modeled", "intersection_area_sq_km": 0.13412305769039831 }, "geometry": { "type": "Polygon", "coordinates": [ [ [ -105.2803362, 39.9322874 ], [ -105.2747262, 39.933179400000029 ], [ -105.2694792, 39.9354914 ], [ -105.2699412, 39.93324340000003 ], [ -105.2729392, 39.932322400000011 ], [ -105.2803362, 39.9322874 ] ] ] } },
{ "type": "Feature", "properties": { "state_po": "CO", "county_geoid": "08013", "pwsid": "CO0107489", "pws_name": "LARK MEADOWS WA", "population_served_count": 75, "model_method": "Random Forest", "verification_status": "", "symbology_field": "Modeled", "intersection_area_sq_km": 2.4894291960184769 }, "geometry": { "type": "Polygon", "coordinates": [ [ [ -105.1622702, 40.003802399999969 ], [ -105.1576832, 40.00663540000005 ], [ -105.1767502, 40.009689400000042 ], [ -105.1675542, 40.0146424 ], [ -105.1499002, 40.014649399999946 ], [ -105.1495722, 40.005685399999969 ], [ -105.1422102, 40.000219400000013 ], [ -105.1619342, 40.0001354 ], [ -105.1622702, 40.003802399999969 ] ] ] } },
{ "type": "Feature", "properties": { "state_po": "CO", "county_geoid": "08013", "pwsid": "CO0107510", "pws_name": "MILE HI WATER INC HAULER", "population_served_count": 1000, "model_method": "Random Forest", "verification_status": "", "symbology_field": "Modeled", "intersection_area_sq_km": 3.604519542917072 }, "geometry": { "type": "MultiPolygon", "coordinates": [ [ [ [ -105.1846112, 40.01659940000004 ], [ -105.1821532, 40.0171104 ], [ -105.1838962, 40.021531400000015 ], [ -105.1799022, 40.025558399999973 ], [ -105.180059200000017, 40.028226400000015 ], [ -105.1862922, 40.033045399999978 ], [ -105.1862682, 40.035337399999989 ], [ -105.2003602, 40.035472399999982 ], [ -105.1789572, 40.040471400000015 ], [ -105.1783972, 40.0410684 ], [ -105.1782792, 40.014639399999986 ], [ -105.1838842, 40.0146424 ], [ -105.1846112, 40.01659940000004 ] ] ], [ [ [ -105.2004582, 40.035481399999966 ], [ -105.2089042, 40.0372054 ], [ -105.2114692, 40.038301400000016 ], [ -105.204166199999989, 40.036662400000012 ], [ -105.2026162, 40.039700399999958 ], [ -105.1973722, 40.0419034 ], [ -105.1937062, 40.048510399999948 ], [ -105.1782732, 40.0517434 ], [ -105.1783772, 40.0433334 ], [ -105.183104199999988, 40.041729400000037 ], [ -105.1831002, 40.0397374 ], [ -105.2004582, 40.035481399999966 ] ] ] ] } },
{ "type": "Feature", "properties": { "state_po": "CO", "county_geoid": "08013", "pwsid": "CO0107701", "pws_name": "SAN LAZARO MFCTD HOUSING COMMUNITY", "population_served_count": 844, "model_method": "Random Forest", "verification_status": "", "symbology_field": "Modeled", "intersection_area_sq_km": 1.0061478687958836 }, "geometry": { "type": "Polygon", "coordinates": [ [ [ -105.2233592, 40.0286194 ], [ -105.2259962, 40.0293284 ], [ -105.2259822, 40.0334794 ], [ -105.2152292, 40.040516400000023 ], [ -105.2172352, 40.0419224 ], [ -105.2208112, 40.041824399999989 ], [ -105.2208242, 40.0439374 ], [ -105.2068522, 40.0455984 ], [ -105.2075082, 40.0438654 ], [ -105.2115722, 40.043337400000034 ], [ -105.2133122, 40.0344254 ], [ -105.2226492, 40.031830399999983 ], [ -105.2233592, 40.0286194 ] ] ] } },
{ "type": "Feature", "properties": { "state_po": "CO", "county_geoid": "08013", "pwsid": "CO0107702", "pws_name": "SANS SOUCI MHP", "population_served_count": 150, "model_method": "Random Forest", "verification_status": "", "symbology_field": "Modeled", "intersection_area_sq_km": 0.16157328262973561 }, "geometry": { "type": "MultiPolygon", "coordinates": [ [ [ [ -105.2334342, 39.9587694 ], [ -105.2323612, 39.960032400000024 ], [ -105.2286432, 39.956631399999964 ], [ -105.2312522, 39.9535604 ], [ -105.2334342, 39.9587694 ] ] ], [ [ [ -105.2340472, 39.9584884 ], [ -105.2373082, 39.9568234 ], [ -105.2381422, 39.955504399999967 ], [ -105.2360402, 39.9602954 ], [ -105.2340472, 39.9584884 ] ] ] ] } },
{ "type": "Feature", "properties": { "state_po": "CO", "county_geoid": "08013", "pwsid": "CO0107719", "pws_name": "SPRING VALLEY MUTUAL WA", "population_served_count": 100, "model_method": "Random Forest", "verification_status": "", "symbology_field": "Modeled", "intersection_area_sq_km": 0.11861478350975681 }, "geometry": { "type": "Polygon", "coordinates": [ [ [ -105.2937482, 40.040885400000029 ], [ -105.2958432, 40.040822400000017 ], [ -105.2970152, 40.0434354 ], [ -105.294944199999989, 40.0471504 ], [ -105.2936682, 40.0436584 ], [ -105.2951832, 40.041664399999981 ], [ -105.2937482, 40.040885400000029 ] ] ] } },
{ "type": "Feature", "properties": { "state_po": "CO", "county_geoid": "08013", "pwsid": "CO0107733", "pws_name": "TABLE MESA VILLAGE MHP", "population_served_count": 75, "model_method": "Random Forest", "verification_status": "", "symbology_field": "Modeled", "intersection_area_sq_km": 0.06425088110663349 }, "geometry": { "type": "Polygon", "coordinates": [ [ [ -105.236570199999989, 39.967985399999975 ], [ -105.2365452, 39.970214400000067 ], [ -105.2337272, 39.9710884 ], [ -105.23382620000001, 39.968710399999978 ], [ -105.236570199999989, 39.967985399999975 ] ] ] } },
{ "type": "Feature", "properties": { "state_po": "CO", "county_geoid": "08013", "pwsid": "CO0101510", "pws_name": "MILE HIGH WC", "population_served_count": 700, "model_method": "Random Forest", "verification_status": "", "symbology_field": "Modeled", "intersection_area_sq_km": 0.074432296697504299 }, "geometry": { "type": "Polygon", "coordinates": [ [ [ -105.0593421, 39.957769400000018 ], [ -105.0599932, 39.959964400000011 ], [ -105.0552391, 39.959967399999982 ], [ -105.055235780452193, 39.958219666660078 ], [ -105.0593421, 39.957769400000018 ] ] ] } },
{ "type": "Feature", "properties": { "state_po": "CO", "county_geoid": "08013", "pwsid": "CO0107502", "pws_name": "MAPLE GROVE WD", "population_served_count": 35, "model_method": "Random Forest", "verification_status": "", "symbology_field": "Modeled", "intersection_area_sq_km": 0.32723579220145099 }, "geometry": { "type": "Polygon", "coordinates": [ [ [ -105.0999032, 39.96161040000004 ], [ -105.0998772, 39.9652664 ], [ -105.0903512, 39.96526839999995 ], [ -105.0903562, 39.96163040000004 ], [ -105.0999032, 39.96161040000004 ] ] ] } },
{ "type": "Feature", "properties": { "state_po": "CO", "county_geoid": "08013", "pwsid": "CO0107472", "pws_name": "LEFTHAND WSD LAKE PINES", "population_served_count": 250, "model_method": "Random Forest", "verification_status": "", "symbology_field": "Modeled", "intersection_area_sq_km": 0.94171386121460166 }, "geometry": { "type": "Polygon", "coordinates": [ [ [ -105.2823182, 40.129548500000034 ], [ -105.2929562, 40.131294499999967 ], [ -105.297422200000014, 40.134920500000014 ], [ -105.2917522, 40.132621499999964 ], [ -105.291145199999988, 40.138809499999972 ], [ -105.2863562, 40.1418425 ], [ -105.2822812, 40.141818500000042 ], [ -105.2823182, 40.129548500000034 ] ] ] } },
{ "type": "Feature", "properties": { "state_po": "CO", "county_geoid": "08013", "pwsid": "CO0135143", "pws_name": "BIG ELK MEADOWS WA", "population_served_count": 405, "model_method": "Decision Tree", "verification_status": "", "symbology_field": "Modeled", "intersection_area_sq_km": 0.041951352862557099 }, "geometry": { "type": "Polygon", "coordinates": [ [ [ -105.432117226366643, 40.258748601173551 ], [ -105.4202883, 40.2580915 ], [ -105.4323593, 40.258390499999962 ], [ -105.432117226366643, 40.258748601173551 ] ] ] } },
{ "type": "Feature", "properties": { "state_po": "CO", "county_geoid": "08013", "pwsid": "CO0235185", "pws_name": "ANNUNCIATION HEIGHTS", "population_served_count": 260, "model_method": "Random Forest", "verification_status": "", "symbology_field": "Modeled", "intersection_area_sq_km": 0.14356656014820987 }, "geometry": { "type": "Polygon", "coordinates": [ [ [ -105.539465368025219, 40.261284173660506 ], [ -105.5358423, 40.257285500000052 ], [ -105.5358923, 40.2551075 ], [ -105.5395343, 40.2567655 ], [ -105.539465368025219, 40.261284173660506 ] ] ] } },
{ "type": "Feature", "properties": { "state_po": "CO", "county_geoid": "08013", "pwsid": "CO0107486", "pws_name": "LONGS PEAK WD", "population_served_count": 3200, "model_method": "Random Forest", "verification_status": "", "symbology_field": "Modeled", "intersection_area_sq_km": 5.3654322597848701e-05 }, "geometry": { "type": "MultiPolygon", "coordinates": [ [ [ [ -105.0551992, 40.193339499999986 ], [ -105.055197673551504, 40.193598909578462 ], [ -105.0552032, 40.192604500000016 ], [ -105.0551992, 40.193339499999986 ] ] ], [ [ [ -105.055194199999988, 40.203686500000025 ], [ -105.055184, 40.20368 ], [ -105.055184936045308, 40.202989971238523 ], [ -105.055194199999988, 40.203686500000025 ] ] ] ] } },
{ "type": "Feature", "properties": { "state_po": "CO", "county_geoid": "08013", "pwsid": "CO0107236", "pws_name": "EAST BOULDER COUNTY WD", "population_served_count": 300, "model_method": "", "verification_status": "", "symbology_field": "System Sourced", "intersection_area_sq_km": 1.5157795886885992 }, "geometry": { "type": "Polygon", "coordinates": [ [ [ -105.1835615, 39.971074 ], [ -105.18534, 39.9687708 ], [ -105.1877655, 39.9695973 ], [ -105.187819499999989, 39.972111699999935 ], [ -105.1843511, 39.9752798 ], [ -105.185403, 39.976940600000013 ], [ -105.181453, 39.977848499999979 ], [ -105.1819625, 39.979670699999986 ], [ -105.1763039, 39.983022499999983 ], [ -105.1754313, 39.9866931 ], [ -105.1720752, 39.98735460000001 ], [ -105.1710761, 39.9855089 ], [ -105.1689597, 39.986047100000057 ], [ -105.1687669, 39.984547300000031 ], [ -105.171197299999989, 39.984177200000012 ], [ -105.167782, 39.9830713 ], [ -105.168318, 39.980233800000043 ], [ -105.1714344, 39.980565399999989 ], [ -105.1743806, 39.978071899999989 ], [ -105.174806, 39.9718924 ], [ -105.1835615, 39.971074 ] ] ] } },
{ "type": "Feature", "properties": { "state_po": "CO", "county_geoid": "08013", "pwsid": "CO0107115", "pws_name": "ALLENSPARK WSD", "population_served_count": 340, "model_method": "", "verification_status": "", "symbology_field": "System Sourced", "intersection_area_sq_km": 0.79460191438116778 }, "geometry": { "type": "Polygon", "coordinates": [ [ [ -105.5177033, 40.1934784 ], [ -105.5242879, 40.190671799999983 ], [ -105.5242879, 40.1918933 ], [ -105.532777, 40.192504 ], [ -105.532777, 40.195921199999979 ], [ -105.528078799999989, 40.195921199999965 ], [ -105.528078799999989, 40.2012937 ], [ -105.5244766, 40.202515 ], [ -105.5225811, 40.19952349999997 ], [ -105.5233806, 40.195921199999979 ], [ -105.5184938, 40.195681100000058 ], [ -105.5177033, 40.1934784 ] ] ] } },
{ "type": "Feature", "properties": { "state_po": "CO", "county_geoid": "08013", "pwsid": "CO0107135", "pws_name": "BASELINE WD", "population_served_count": 820, "model_method": "", "verification_status": "", "symbology_field": "System Sourced", "intersection_area_sq_km": 0.55082206488558294 }, "geometry": { "type": "MultiPolygon", "coordinates": [ [ [ [ -105.1724268, 39.9996953 ], [ -105.1730916, 40.00012189999994 ], [ -105.1724268, 40.000121899999968 ], [ -105.1724268, 39.9996953 ] ] ], [ [ [ -105.1686988, 40.0009133 ], [ -105.177978400000015, 40.000486699999975 ], [ -105.176083, 40.00750539999995 ], [ -105.1686988, 40.007505399999957 ], [ -105.1686988, 40.0009133 ] ] ] ] } },
{ "type": "Feature", "properties": { "state_po": "CO", "county_geoid": "08013", "pwsid": "CO0107401", "pws_name": "JAMESTOWN TOWN OF", "population_served_count": 280, "model_method": "", "verification_status": "", "symbology_field": "System Sourced", "intersection_area_sq_km": 1.4883737041090903 }, "geometry": { "type": "Polygon", "coordinates": [ [ [ -105.4035723, 40.125579699999967 ], [ -105.3922715, 40.1273313 ], [ -105.3933226, 40.1250096 ], [ -105.3898101, 40.117247299999988 ], [ -105.37848240000001, 40.112685700000085 ], [ -105.3752035, 40.110679599999983 ], [ -105.3752395, 40.109044499999975 ], [ -105.3858665, 40.11077580000002 ], [ -105.3901425, 40.113874200000026 ], [ -105.388552499999989, 40.110157499999978 ], [ -105.390708499999988, 40.113867399999982 ], [ -105.3987574, 40.115076499999986 ], [ -105.3998623, 40.1174053 ], [ -105.3948856, 40.117687 ], [ -105.3927117, 40.1164092 ], [ -105.3929273, 40.119507399999982 ], [ -105.3945982, 40.119878400000012 ], [ -105.3948138, 40.117687 ], [ -105.3948497, 40.120792 ], [ -105.398973, 40.12090879999996 ], [ -105.3989819, 40.122282600000069 ], [ -105.4012367, 40.120276800000021 ], [ -105.4035723, 40.125579699999967 ] ] ] } },
{ "type": "Feature", "properties": { "state_po": "CO", "county_geoid": "08013", "pwsid": "CO0107538", "pws_name": "NEDERLAND TOWN OF", "population_served_count": 2406, "model_method": "", "verification_status": "", "symbology_field": "System Sourced", "intersection_area_sq_km": 3.9949005319693454 }, "geometry": { "type": "Polygon", "coordinates": [ [ [ -105.5097263, 39.975055 ], [ -105.5082171, 39.969767899999987 ], [ -105.5010755, 39.970656 ], [ -105.499377700000011, 39.969464899999984 ], [ -105.4993956, 39.961574800000022 ], [ -105.4938979, 39.963130799999959 ], [ -105.4916072, 39.9624079 ], [ -105.490107, 39.9642531 ], [ -105.4838817, 39.96348890000003 ], [ -105.4879601, 39.9630276 ], [ -105.487798399999988, 39.959488499999978 ], [ -105.491858799999989, 39.959151099999964 ], [ -105.4917599, 39.955474099999989 ], [ -105.5192125, 39.9550609 ], [ -105.5185657, 39.969981299999986 ], [ -105.5235064, 39.969822900000032 ], [ -105.5234615, 39.973499200000028 ], [ -105.5133015, 39.972273799999982 ], [ -105.5095556, 39.977725900000053 ], [ -105.5080284, 39.977299100000018 ], [ -105.5097263, 39.975055 ] ] ] } },
{ "type": "Feature", "properties": { "state_po": "CO", "county_geoid": "08013", "pwsid": "CO0107582", "pws_name": "OLDE STAGE WD", "population_served_count": 250, "model_method": "", "verification_status": "", "symbology_field": "System Sourced", "intersection_area_sq_km": 2.4448374201552454 }, "geometry": { "type": "Polygon", "coordinates": [ [ [ -105.302610699999988, 40.109312399999986 ], [ -105.3010835, 40.083680800000046 ], [ -105.305117, 40.083680800000046 ], [ -105.304991199999989, 40.0908833 ], [ -105.3065184, 40.0908833 ], [ -105.3060872, 40.08728210000001 ], [ -105.3093301, 40.0872821 ], [ -105.3087192, 40.09130939999995 ], [ -105.3117106, 40.090086099999986 ], [ -105.316220199999989, 40.0941132 ], [ -105.3149984, 40.098511200000033 ], [ -105.3168939, 40.1019263 ], [ -105.3134803, 40.101926300000031 ], [ -105.3065812, 40.109133799999967 ], [ -105.302610699999988, 40.109312399999986 ] ] ] } },
{ "type": "Feature", "properties": { "state_po": "CO", "county_geoid": "08013", "pwsid": "CO0107610", "pws_name": "PINE BROOK HILLS WD", "population_served_count": 1100, "model_method": "", "verification_status": "", "symbology_field": "System Sourced", "intersection_area_sq_km": 5.3228319011220231 }, "geometry": { "type": "MultiPolygon", "coordinates": [ [ [ [ -105.3283115, 40.0399197 ], [ -105.3283115, 40.0405249 ], [ -105.3281857, 40.039919699999977 ], [ -105.3283115, 40.0399197 ] ] ], [ [ [ -105.3081084, 40.063477899999938 ], [ -105.305907499999989, 40.061889699999973 ], [ -105.305907499999989, 40.057496299999968 ], [ -105.3056021, 40.0618897 ], [ -105.3012093, 40.061889699999973 ], [ -105.3012093, 40.058108200000049 ], [ -105.299619299999989, 40.0596896 ], [ -105.3012093, 40.057675 ], [ -105.3010835, 40.047298800000043 ], [ -105.2962057, 40.047298800000043 ], [ -105.298586199999988, 40.042725700000034 ], [ -105.2962057, 40.040896300000014 ], [ -105.2969962, 40.036315800000025 ], [ -105.3192115, 40.0366803 ], [ -105.3192115, 40.0391219 ], [ -105.3275749, 40.0388812 ], [ -105.3283115, 40.043275800000025 ], [ -105.323793, 40.043516499999981 ], [ -105.3236043, 40.054690900000033 ], [ -105.3190948, 40.054690900000033 ], [ -105.3190948, 40.058287 ], [ -105.31048890000001, 40.058287 ], [ -105.3106057, 40.0618897 ], [ -105.3081084, 40.0618897 ], [ -105.3081084, 40.063477899999938 ] ] ] ] } },
{ "type": "Feature", "properties": { "state_po": "CO", "county_geoid": "08013", "pwsid": "CO0107710", "pws_name": "SHANNON WSD", "population_served_count": 450, "model_method": "", "verification_status": "", "symbology_field": "System Sourced", "intersection_area_sq_km": 0.30480892803890935 }, "geometry": { "type": "Polygon", "coordinates": [ [ [ -105.1356767, 40.00750539999995 ], [ -105.140321, 40.00750539999995 ], [ -105.140321, 40.014523399999973 ], [ -105.135802500000011, 40.014523399999987 ], [ -105.1356767, 40.00750539999995 ] ] ] } },
{ "type": "Feature", "properties": { "state_po": "CO", "county_geoid": "08013", "pwsid": "CO0107834", "pws_name": "WARD TOWN OF", "population_served_count": 230, "model_method": "", "verification_status": "", "symbology_field": "System Sourced", "intersection_area_sq_km": 1.3925642832022762 }, "geometry": { "type": "Polygon", "coordinates": [ [ [ -105.5032224, 40.0680565 ], [ -105.5249707, 40.0688127 ], [ -105.5235693, 40.075796900000014 ], [ -105.5041567, 40.07574190000004 ], [ -105.5032224, 40.0680565 ] ] ] } },
{ "type": "Feature", "properties": { "state_po": "CO", "county_geoid": "08013", "pwsid": "CO0107352", "pws_name": "HOOVER HILLS WSD", "population_served_count": 662, "model_method": null, "verification_status": null, "symbology_field": "System Sourced", "intersection_area_sq_km": 1.5592526260853443 }, "geometry": { "type": "Polygon", "coordinates": [ [ [ -105.2124609, 40.0058404 ], [ -105.207166, 40.0086688 ], [ -105.2034003, 40.008082299999955 ], [ -105.2028699, 40.009927099999963 ], [ -105.1988322, 40.0115125 ], [ -105.1952142, 40.015304199999974 ], [ -105.1933271, 40.0143498 ], [ -105.1939671, 40.0117403 ], [ -105.1900598, 40.009402699999967 ], [ -105.1910015, 40.0079609 ], [ -105.1963002, 40.006684199999981 ], [ -105.1964108, 40.004929100000041 ], [ -105.1936793, 40.00318140000001 ], [ -105.1969531, 40.000195199999986 ], [ -105.2024863, 40.002238400000024 ], [ -105.2115705, 40.002969199999953 ], [ -105.2124609, 40.0058404 ] ] ] } },
{ "type": "Feature", "properties": { "state_po": "CO", "county_geoid": "08013", "pwsid": "CO0107496", "pws_name": "LYONS TOWN OF", "population_served_count": 2990, "model_method": null, "verification_status": null, "symbology_field": "System Sourced", "intersection_area_sq_km": 4.9671816916068865 }, "geometry": { "type": "MultiPolygon", "coordinates": [ [ [ [ -105.2653452, 40.231209400000033 ], [ -105.2612536, 40.226643399999986 ], [ -105.262937, 40.2193446 ], [ -105.2598324, 40.220042500000055 ], [ -105.2586017, 40.223437400000037 ], [ -105.252127699999988, 40.2224964 ], [ -105.2559718, 40.21725059999995 ], [ -105.253732, 40.214706899999975 ], [ -105.2575689, 40.214849299999969 ], [ -105.2565732, 40.212384100000044 ], [ -105.2582412, 40.211018100000025 ], [ -105.2638236, 40.211387600000023 ], [ -105.266816, 40.2130386 ], [ -105.2665128, 40.214683600000036 ], [ -105.2696562, 40.214611699999985 ], [ -105.2670744, 40.219570399999981 ], [ -105.2747579, 40.21879569999998 ], [ -105.2753496, 40.2223452 ], [ -105.2776904, 40.223623 ], [ -105.275013, 40.228858100000025 ], [ -105.277648899999988, 40.230085199999976 ], [ -105.278027099999989, 40.2283572 ], [ -105.2801705, 40.228287300000048 ], [ -105.2831502, 40.2263296 ], [ -105.2886289, 40.227463900000011 ], [ -105.292828899999989, 40.226436299999975 ], [ -105.2955473, 40.2275766 ], [ -105.2944456, 40.229562299999984 ], [ -105.297113599999989, 40.2316345 ], [ -105.2948848, 40.235305700000033 ], [ -105.2928681, 40.235768400000026 ], [ -105.291182600000013, 40.232213200000025 ], [ -105.2873708, 40.231615299999987 ], [ -105.2847867, 40.228690399999977 ], [ -105.2833084, 40.233114399999977 ], [ -105.27756, 40.238488900000036 ], [ -105.2758241, 40.237372599999979 ], [ -105.2774772, 40.232963 ], [ -105.2756775, 40.231470100000045 ], [ -105.2732875, 40.232032599999961 ], [ -105.2745969, 40.236015600000044 ], [ -105.272383, 40.23716990000004 ], [ -105.2709084, 40.234691899999987 ], [ -105.2666669, 40.234062 ], [ -105.2668672, 40.231090499999979 ], [ -105.2653452, 40.231209400000033 ] ], [ [ -105.2740768, 40.229471400000023 ], [ -105.274068899999989, 40.2295065 ], [ -105.274096199999988, 40.229465 ], [ -105.2740768, 40.229471400000023 ] ], [ [ -105.2811377, 40.2300495 ], [ -105.2807783, 40.229927 ], [ -105.2806038, 40.23016370000002 ], [ -105.2811377, 40.2300495 ] ], [ [ -105.2937572, 40.229585699999973 ], [ -105.2937031, 40.2296548 ], [ -105.2939274, 40.229598700000011 ], [ -105.2937572, 40.229585699999973 ] ] ], [ [ [ -105.2786492, 40.227745399999989 ], [ -105.2776337, 40.225940900000012 ], [ -105.2798548, 40.2252066 ], [ -105.2809404, 40.226863400000028 ], [ -105.2786492, 40.227745399999989 ] ] ], [ [ [ -105.2903891, 40.237987399999966 ], [ -105.2893735, 40.236182900000024 ], [ -105.2915949, 40.2354486 ], [ -105.2926806, 40.237105399999983 ], [ -105.2903891, 40.237987399999966 ] ] ], [ [ [ -105.2957575, 40.2405143 ], [ -105.293095400000013, 40.239770399999976 ], [ -105.293830899999989, 40.237887800000017 ], [ -105.2976906, 40.238524399999989 ], [ -105.2957575, 40.2405143 ] ] ], [ [ [ -105.2950938, 40.242416399999982 ], [ -105.2906729, 40.244783 ], [ -105.2887083, 40.24351980000003 ], [ -105.2940079, 40.240759599999954 ], [ -105.2950938, 40.242416399999982 ] ] ], [ [ [ -105.2947882, 40.247014099999973 ], [ -105.2893548, 40.248466200000017 ], [ -105.2885353, 40.245998600000028 ], [ -105.2939606, 40.245271899999985 ], [ -105.2947882, 40.247014099999973 ] ] ] ] } },
{ "type": "Feature", "properties": { "state_po": "CO", "county_geoid": "08005", "pwsid": "CO0103050", "pws_name": "FOXRIDGE FARMS MHP", "population_served_count": 1440, "model_method": "OSM", "verification_status": "", "symbology_field": "Modeled", "intersection_area_sq_km": 0.31593364621297521 }, "geometry": { "type": "Polygon", "coordinates": [ [ [ -104.678275, 39.738873399999989 ], [ -104.668367, 39.739754399999974 ], [ -104.668365, 39.734930399999989 ], [ -104.668901, 39.736418399999955 ], [ -104.678284, 39.736448400000022 ], [ -104.678275, 39.738873399999989 ] ] ] } },
{ "type": "Feature", "properties": { "state_po": "CO", "county_geoid": "08005", "pwsid": "CO0103079", "pws_name": "STAGE RUN HOA", "population_served_count": 150, "model_method": "Random Forest", "verification_status": "", "symbology_field": "Modeled", "intersection_area_sq_km": 1.3865011050864906 }, "geometry": { "type": "Polygon", "coordinates": [ [ [ -104.686235985690161, 39.565987518567439 ], [ -104.6872314, 39.572808599999945 ], [ -104.6991017, 39.5750046 ], [ -104.6948962, 39.580075900000011 ], [ -104.6848573, 39.5798145 ], [ -104.6802448, 39.574011199999951 ], [ -104.679634299999989, 39.5660636 ], [ -104.686235985690161, 39.565987518567439 ] ] ] } },
{ "type": "Feature", "properties": { "state_po": "CO", "county_geoid": "08005", "pwsid": "CO0103090", "pws_name": "TRAVOIS HOA", "population_served_count": 175, "model_method": "Random Forest", "verification_status": "", "symbology_field": "Modeled", "intersection_area_sq_km": 0.32369381755632448 }, "geometry": { "type": "Polygon", "coordinates": [ [ [ -104.73585, 39.5658944 ], [ -104.745939, 39.566028400000022 ], [ -104.743983, 39.5698394 ], [ -104.738161, 39.56915840000002 ], [ -104.73578, 39.5721024 ], [ -104.73585, 39.5658944 ] ] ] } },
{ "type": "Feature", "properties": { "state_po": "CO", "county_geoid": "08005", "pwsid": "CO0120003", "pws_name": "CLEARWATER MD", "population_served_count": 200, "model_method": "Random Forest", "verification_status": "", "symbology_field": "Modeled", "intersection_area_sq_km": 0.0023941223478346286 }, "geometry": { "type": "Polygon", "coordinates": [ [ [ -104.66063578748107, 39.565908811918213 ], [ -104.645693, 39.565894399999962 ], [ -104.634834, 39.565905400000034 ], [ -104.642125, 39.56589 ], [ -104.66063578748107, 39.565908811918213 ] ] ] } },
{ "type": "Feature", "properties": { "state_po": "CO", "county_geoid": "08005", "pwsid": "CO0103025", "pws_name": "COUNTRY GARDENS MHP", "population_served_count": 115, "model_method": "OSM", "verification_status": "", "symbology_field": "Modeled", "intersection_area_sq_km": 0.041869749683507602 }, "geometry": { "type": "Polygon", "coordinates": [ [ [ -104.321973899999989, 39.690116499999981 ], [ -104.321928899999989, 39.6938465 ], [ -104.3209459, 39.693869499999948 ], [ -104.3207879, 39.6902305 ], [ -104.321973899999989, 39.690116499999981 ] ] ] } },
{ "type": "Feature", "properties": { "state_po": "CO", "county_geoid": "08005", "pwsid": "CO0120244", "pws_name": "ELKHORN RANCH MD NO 1", "population_served_count": 530, "model_method": "Random Forest", "verification_status": "", "symbology_field": "Modeled", "intersection_area_sq_km": 0.00034538361825093178 }, "geometry": { "type": "Polygon", "coordinates": [ [ [ -104.5872725, 39.565631900000028 ], [ -104.587273195012074, 39.565602608578104 ], [ -104.589743936113649, 39.565645986989821 ], [ -104.5872725, 39.565631900000028 ] ] ] } },
{ "type": "Feature", "properties": { "state_po": "CO", "county_geoid": "08005", "pwsid": "CO0101145", "pws_name": "STRASBURG WSD", "population_served_count": 2050, "model_method": "", "verification_status": "", "symbology_field": "System Sourced", "intersection_area_sq_km": 0.86471571989191931 }, "geometry": { "type": "MultiPolygon", "coordinates": [ [ [ [ -104.340506, 39.718663099999958 ], [ -104.3418715, 39.71867 ], [ -104.3418894, 39.7168251 ], [ -104.3497587, 39.716804400000036 ], [ -104.3497227, 39.724024900000018 ], [ -104.3419164, 39.723997299999972 ], [ -104.3418445, 39.718835899999988 ], [ -104.340506, 39.718663099999958 ] ] ], [ [ [ -104.3187758, 39.7376347 ], [ -104.3195483, 39.734318899999955 ], [ -104.3231775, 39.735852499999986 ], [ -104.3308222, 39.7354242 ], [ -104.330804506994937, 39.738316811723124 ], [ -104.3187758, 39.7376347 ] ] ] ] } },
{ "type": "Feature", "properties": { "state_po": "CO", "county_geoid": "08005", "pwsid": "CO0103030", "pws_name": "DEER TRAIL TOWN OF", "population_served_count": 1648, "model_method": "", "verification_status": "", "symbology_field": "System Sourced", "intersection_area_sq_km": 2.7941972917971163 }, "geometry": { "type": "Polygon", "coordinates": [ [ [ -104.0422923, 39.626715900000022 ], [ -104.042463, 39.620398600000023 ], [ -104.0331924, 39.620405500000032 ], [ -104.0335247, 39.609423200000052 ], [ -104.0380612, 39.6093679 ], [ -104.0341446, 39.595435100000039 ], [ -104.042795399999989, 39.609139499999941 ], [ -104.0521378, 39.609513200000031 ], [ -104.0518773, 39.6189039 ], [ -104.056764199999989, 39.623948200000029 ], [ -104.0447447, 39.624010500000018 ], [ -104.0458676, 39.627587700000035 ], [ -104.0422923, 39.626715900000022 ] ] ] } },
{ "type": "Feature", "properties": { "state_po": "CO", "county_geoid": "08005", "pwsid": "CO0103040", "pws_name": "EAST VALLEY MD", "population_served_count": 230, "model_method": "", "verification_status": "", "symbology_field": "System Sourced", "intersection_area_sq_km": 0.39376478678923049 }, "geometry": { "type": "Polygon", "coordinates": [ [ [ -104.8210149, 39.5950267 ], [ -104.8293243, 39.594992100000013 ], [ -104.8291806, 39.604364 ], [ -104.8279229, 39.604391700000015 ], [ -104.8210149, 39.5950267 ] ] ] } },
{ "type": "Feature", "properties": { "state_po": "CO", "county_geoid": "08005", "pwsid": "CO0103186", "pws_name": "COUNTRY HOMES LAND CO", "population_served_count": 100, "model_method": "", "verification_status": "", "symbology_field": "System Sourced", "intersection_area_sq_km": 0.46637248897462269 }, "geometry": { "type": "Polygon", "coordinates": [ [ [ -104.9593914, 39.6526779 ], [ -104.9592386, 39.646065499999963 ], [ -104.9663264, 39.64612779999996 ], [ -104.9663264, 39.65309979999995 ], [ -104.9593914, 39.6526779 ] ] ] } },
{ "type": "Feature", "properties": { "state_po": "CO", "county_geoid": "08005", "pwsid": "CO0103153", "pws_name": "BOW MAR WSD", "population_served_count": 899, "model_method": "", "verification_status": "", "symbology_field": "System Sourced", "intersection_area_sq_km": 1.0019105478577892 }, "geometry": { "type": "MultiPolygon", "coordinates": [ [ [ [ -105.053616554819911, 39.617019121472893 ], [ -105.053522066566671, 39.620632046338699 ], [ -105.053561699999989, 39.6169733 ], [ -105.053616554819911, 39.617019121472893 ] ] ], [ [ [ -105.04414728937715, 39.631456052783186 ], [ -105.0442732, 39.616945599999973 ], [ -105.0467346, 39.616959399999978 ], [ -105.048091, 39.6213189 ], [ -105.053513190411536, 39.621152548462305 ], [ -105.05341, 39.631504 ], [ -105.04414728937715, 39.631456052783186 ] ] ] ] } },
{ "type": "Feature", "properties": { "state_po": "CO", "county_geoid": "08005", "pwsid": "CO0103666", "pws_name": "RANGEVIEW MD", "population_served_count": 2487, "model_method": "", "verification_status": "", "symbology_field": "System Sourced", "intersection_area_sq_km": 106.55471140784472 }, "geometry": { "type": "Polygon", "coordinates": [ [ [ -104.584425599999989, 39.6666683 ], [ -104.5845064, 39.653950500000043 ], [ -104.5928877, 39.6539782 ], [ -104.5928518, 39.660714200000022 ], [ -104.6031824, 39.6602509 ], [ -104.6036226, 39.639300299999931 ], [ -104.5284785, 39.6380275 ], [ -104.5296014, 39.567457200000014 ], [ -104.645591900000014, 39.567623400000024 ], [ -104.6462027, 39.5748526 ], [ -104.6610249, 39.574901100000034 ], [ -104.6609171, 39.596591099999962 ], [ -104.6560572, 39.6020661 ], [ -104.6560303, 39.6063019 ], [ -104.6534431, 39.608793400000032 ], [ -104.6560033, 39.61228829999996 ], [ -104.652437, 39.616516600000018 ], [ -104.6549793, 39.623256300000044 ], [ -104.6601356, 39.6240243 ], [ -104.6596774, 39.6514468 ], [ -104.6799973, 39.652256 ], [ -104.6799345, 39.667214599999966 ], [ -104.584425599999989, 39.6666683 ] ] ] } },
{ "type": "Feature", "properties": { "state_po": "CO", "county_geoid": "08005", "pwsid": "CO0103010", "pws_name": "BYERS WSD", "population_served_count": 1000, "model_method": null, "verification_status": null, "symbology_field": "System Sourced", "intersection_area_sq_km": 3.6609200679466913 }, "geometry": { "type": "MultiPolygon", "coordinates": [ [ [ [ -104.2060581, 39.706337900000037 ], [ -104.2047859, 39.7046358 ], [ -104.2068649, 39.7037087 ], [ -104.2081371, 39.705410800000017 ], [ -104.2060581, 39.706337900000037 ] ] ], [ [ [ -104.2311526, 39.7148604 ], [ -104.2234053, 39.715355499999987 ], [ -104.2210773, 39.71028 ], [ -104.2155957, 39.707738800000037 ], [ -104.2097494, 39.7075618 ], [ -104.2091566, 39.698026500000012 ], [ -104.2171792, 39.697874899999967 ], [ -104.2189659, 39.694733100000022 ], [ -104.2253399, 39.6954928 ], [ -104.228979, 39.699688500000029 ], [ -104.2296323, 39.708275400000019 ], [ -104.2323167, 39.709648399999978 ], [ -104.2298062, 39.711929100000042 ], [ -104.2336604, 39.7134185 ], [ -104.2311526, 39.7148604 ] ], [ [ -104.224133099999989, 39.700216599999983 ], [ -104.224455, 39.700326100000034 ], [ -104.2243671, 39.700078900000037 ], [ -104.224133099999989, 39.700216599999983 ] ] ], [ [ [ -104.2167256, 39.712417 ], [ -104.2156482, 39.71076 ], [ -104.2179222, 39.709878 ], [ -104.2189301, 39.7116826 ], [ -104.2167256, 39.712417 ] ] ], [ [ [ -104.2229028, 39.721285 ], [ -104.217331699999988, 39.718909199999949 ], [ -104.2182883, 39.715724699999988 ], [ -104.2247859, 39.717736 ], [ -104.224907, 39.720456100000014 ], [ -104.2229028, 39.721285 ] ] ], [ [ [ -104.2142119, 39.726365 ], [ -104.2131342, 39.724708 ], [ -104.2154087, 39.723826 ], [ -104.2164864, 39.725483 ], [ -104.2142119, 39.726365 ] ] ], [ [ [ -104.220948400000012, 39.727172900000021 ], [ -104.2198707, 39.725515899999969 ], [ -104.2221452, 39.724633900000036 ], [ -104.22322290000001, 39.7262909 ], [ -104.220948400000012, 39.727172900000021 ] ] ], [ [ [ -104.210178, 39.732788 ], [ -104.2091018, 39.73057579999994 ], [ -104.2111815, 39.7296487 ], [ -104.2124527, 39.731906 ], [ -104.210178, 39.732788 ] ] ] ] } },
{ "type": "Feature", "properties": { "state_po": "CO", "county_geoid": "08111", "pwsid": "CO0156600", "pws_name": "SILVERTON TOWN OF", "population_served_count": 2387, "model_method": null, "verification_status": null, "symbology_field": "System Sourced", "intersection_area_sq_km": 1.7516534060345506 }, "geometry": { "type": "Polygon", "coordinates": [ [ [ -107.6706968, 37.8032491 ], [ -107.6731477, 37.806731100000022 ], [ -107.6693605, 37.810330299999976 ], [ -107.6707356, 37.812691 ], [ -107.6649591, 37.816311499999969 ], [ -107.6631782, 37.820038799999985 ], [ -107.659631499999989, 37.81923 ], [ -107.6558481, 37.820799 ], [ -107.6562605, 37.817519899999972 ], [ -107.654539, 37.8162001 ], [ -107.6558911, 37.81099439999997 ], [ -107.6670643, 37.803797 ], [ -107.6706968, 37.8032491 ] ] ] } },
{ "type": "Feature", "properties": { "state_po": "CO", "county_geoid": "08063", "pwsid": "CO0132025", "pws_name": "VONA TOWN OF", "population_served_count": 160, "model_method": "Decision Tree", "verification_status": "", "symbology_field": "Modeled", "intersection_area_sq_km": 0.33387841088354442 }, "geometry": { "type": "Polygon", "coordinates": [ [ [ -102.7387315, 39.302037499999976 ], [ -102.7482295, 39.30163849999996 ], [ -102.748203499999988, 39.305441499999979 ], [ -102.7392575, 39.305459500000033 ], [ -102.7387315, 39.302037499999976 ] ] ] } },
{ "type": "Feature", "properties": { "state_po": "CO", "county_geoid": "08063", "pwsid": "CO0132020", "pws_name": "STRATTON TOWN OF", "population_served_count": 960, "model_method": "Random Forest", "verification_status": "", "symbology_field": "Modeled", "intersection_area_sq_km": 1.3321165323402377 }, "geometry": { "type": "Polygon", "coordinates": [ [ [ -102.6024005, 39.2975385 ], [ -102.6023905, 39.2948265 ], [ -102.6036965, 39.2975375 ], [ -102.6041405, 39.2949955 ], [ -102.6056065, 39.295015499999984 ], [ -102.605017500000017, 39.2967785 ], [ -102.6104075, 39.296739499999937 ], [ -102.6095035, 39.308699500000017 ], [ -102.6003245, 39.308628500000047 ], [ -102.6004195, 39.306014499999968 ], [ -102.5954045, 39.3057915 ], [ -102.5954925, 39.301235500000011 ], [ -102.6002005, 39.301200500000036 ], [ -102.6001455, 39.297557499999968 ], [ -102.6024005, 39.2975385 ] ] ] } },
{ "type": "Feature", "properties": { "state_po": "CO", "county_geoid": "08063", "pwsid": "CO0132015", "pws_name": "SEIBERT TOWN OF", "population_served_count": 296, "model_method": "Random Forest", "verification_status": "", "symbology_field": "Modeled", "intersection_area_sq_km": 0.77334281368148339 }, "geometry": { "type": "Polygon", "coordinates": [ [ [ -102.8741726, 39.294006499999973 ], [ -102.8737506, 39.3018815 ], [ -102.8642956, 39.302673499999983 ], [ -102.864628599999989, 39.2936845 ], [ -102.8741726, 39.294006499999973 ] ] ] } },
{ "type": "Feature", "properties": { "state_po": "CO", "county_geoid": "08063", "pwsid": "CO0132001", "pws_name": "BETHUNE TOWN OF", "population_served_count": 195, "model_method": null, "verification_status": null, "symbology_field": "System Sourced", "intersection_area_sq_km": 0.88708878914283185 }, "geometry": { "type": "Polygon", "coordinates": [ [ [ -102.4322751, 39.3041701 ], [ -102.4284953, 39.307815599999984 ], [ -102.4213681, 39.30783269999997 ], [ -102.4172059, 39.3055385 ], [ -102.4188003, 39.301671299999988 ], [ -102.4255618, 39.2994191 ], [ -102.4272978, 39.300810499999969 ], [ -102.4305076, 39.3003982 ], [ -102.4296866, 39.302313199999965 ], [ -102.4322751, 39.3041701 ] ], [ [ -102.427561900000015, 39.301827699999976 ], [ -102.427067799999989, 39.301445700000016 ], [ -102.4267071, 39.301785 ], [ -102.427561900000015, 39.301827699999976 ] ] ] } },
{ "type": "Feature", "properties": { "state_po": "CO", "county_geoid": "08063", "pwsid": "CO0132010", "pws_name": "FLAGLER TOWN OF", "population_served_count": 2160, "model_method": null, "verification_status": null, "symbology_field": "System Sourced", "intersection_area_sq_km": 2.2754032472777737 }, "geometry": { "type": "MultiPolygon", "coordinates": [ [ [ [ -103.0616482, 39.281773699999967 ], [ -103.060383699999988, 39.2800715 ], [ -103.06245, 39.279144299999977 ], [ -103.0637612, 39.280693599999978 ], [ -103.0616482, 39.281773699999967 ] ] ], [ [ [ -103.0776635, 39.295873199999988 ], [ -103.0745297, 39.293401200000012 ], [ -103.0703095, 39.295946700000016 ], [ -103.0720893, 39.301448900000047 ], [ -103.0703533, 39.302878599999964 ], [ -103.0651135, 39.302529400000019 ], [ -103.0649117, 39.3003947 ], [ -103.0592447, 39.298841600000031 ], [ -103.0556263, 39.295717599999982 ], [ -103.0602531, 39.2937196 ], [ -103.0595496, 39.2873277 ], [ -103.0612853, 39.286055199999986 ], [ -103.0735583, 39.288194599999976 ], [ -103.0724896, 39.291453 ], [ -103.0768556, 39.291579799999973 ], [ -103.0796118, 39.293968700000022 ], [ -103.0776635, 39.295873199999988 ] ], [ [ -103.0709556, 39.290080200000013 ], [ -103.0711173, 39.2901024 ], [ -103.0709867, 39.2899662 ], [ -103.0709556, 39.290080200000013 ] ] ], [ [ [ -103.0438386, 39.298955 ], [ -103.042573800000014, 39.2972528 ], [ -103.0448454, 39.296060500000031 ], [ -103.0461102, 39.297762699999986 ], [ -103.0438386, 39.298955 ] ] ], [ [ [ -103.0796388, 39.2987522 ], [ -103.0783273, 39.2972029 ], [ -103.0804408, 39.296122799999964 ], [ -103.0817523, 39.2976721 ], [ -103.0796388, 39.2987522 ] ] ] ] } },
{ "type": "Feature", "properties": { "state_po": "CO", "county_geoid": "08125", "pwsid": "CO0163001", "pws_name": "ECKLEY TOWN OF", "population_served_count": 235, "model_method": "Random Forest", "verification_status": "", "symbology_field": "Modeled", "intersection_area_sq_km": 0.6874707691116777 }, "geometry": { "type": "MultiPolygon", "coordinates": [ [ [ [ -102.4919256, 40.108477599999972 ], [ -102.494391600000014, 40.108615600000014 ], [ -102.4957876, 40.1133756 ], [ -102.4920956, 40.1133796 ], [ -102.4920766, 40.1146396 ], [ -102.4882286, 40.114531599999971 ], [ -102.4825456, 40.110364600000032 ], [ -102.4893856, 40.107387600000031 ], [ -102.4893026, 40.104966600000019 ], [ -102.4919606, 40.104934599999972 ], [ -102.4919256, 40.108477599999972 ] ] ], [ [ [ -102.4918316, 40.116046600000018 ], [ -102.486894600000014, 40.117064599999978 ], [ -102.4870016, 40.116094599999961 ], [ -102.4918316, 40.116046600000018 ] ] ] ] } },
{ "type": "Feature", "properties": { "state_po": "CO", "county_geoid": "08125", "pwsid": "CO0163010", "pws_name": "WRAY CITY OF", "population_served_count": 2342, "model_method": "Random Forest", "verification_status": "", "symbology_field": "Modeled", "intersection_area_sq_km": 10.968663456769661 }, "geometry": { "type": "MultiPolygon", "coordinates": [ [ [ [ -102.1082754, 39.804297599999984 ], [ -102.0690284, 39.804575600000042 ], [ -102.067696399999988, 39.790183600000034 ], [ -102.1076984, 39.7897916 ], [ -102.1082754, 39.804297599999984 ] ] ], [ [ [ -102.2220965, 40.054593700000027 ], [ -102.2211155, 40.059330699999975 ], [ -102.2183525, 40.059346700000013 ], [ -102.2212035, 40.0680197 ], [ -102.2324495, 40.067980700000042 ], [ -102.2324395, 40.070271700000028 ], [ -102.235437499999989, 40.070286700000025 ], [ -102.2372885, 40.0679997 ], [ -102.2401295, 40.069786699999973 ], [ -102.2419085, 40.069761699999979 ], [ -102.2419145, 40.0680177 ], [ -102.2466475, 40.068036699999929 ], [ -102.2454445, 40.0754497 ], [ -102.2627875, 40.075916699999972 ], [ -102.2275565, 40.0790627 ], [ -102.2295055, 40.0845097 ], [ -102.2276285, 40.0895467 ], [ -102.2291715, 40.083807699999959 ], [ -102.2248135, 40.082357699999967 ], [ -102.2199135, 40.082658699999939 ], [ -102.2198845, 40.084096700000053 ], [ -102.2182225, 40.0841067 ], [ -102.2181205, 40.08238470000002 ], [ -102.2088785, 40.083196699999981 ], [ -102.2123575, 40.07786270000004 ], [ -102.2168885, 40.0778987 ], [ -102.2166865, 40.0752077 ], [ -102.2128735, 40.071840699999974 ], [ -102.2137235, 40.069100700000014 ], [ -102.2114535, 40.069190699999986 ], [ -102.2090865, 40.0632957 ], [ -102.211223499999988, 40.062952700000011 ], [ -102.2111875, 40.057316699999966 ], [ -102.2183255, 40.05725870000002 ], [ -102.2183285, 40.055565700000017 ], [ -102.2206675, 40.054593700000027 ], [ -102.2220965, 40.054593700000027 ] ] ], [ [ [ -102.232229499999988, 40.090326700000055 ], [ -102.2282125, 40.090985699999983 ], [ -102.228857499999989, 40.094259699999974 ], [ -102.227710500000015, 40.091517700000011 ], [ -102.2297535, 40.0844287 ], [ -102.229105499999989, 40.087341699999975 ], [ -102.2316005, 40.087351700000021 ], [ -102.232229499999988, 40.090326700000055 ] ] ], [ [ [ -102.2275945, 40.094650699999981 ], [ -102.2339825, 40.0960527 ], [ -102.2309455, 40.096941699999959 ], [ -102.2323905, 40.100845700000015 ], [ -102.2308465, 40.100831700000029 ], [ -102.2308475, 40.104041699999961 ], [ -102.2276875, 40.1040067 ], [ -102.2275945, 40.094650699999981 ] ] ] ] } },
{ "type": "Feature", "properties": { "state_po": "CO", "county_geoid": "08125", "pwsid": "CO0163706", "pws_name": "SEABOARD FOODS LLC", "population_served_count": 132, "model_method": "Random Forest", "verification_status": "", "symbology_field": "Modeled", "intersection_area_sq_km": 0.0080590646300561387 }, "geometry": { "type": "Polygon", "coordinates": [ [ [ -102.4852786, 40.3356227 ], [ -102.4863366, 40.336354699999944 ], [ -102.485160600000015, 40.336360700000043 ], [ -102.4852786, 40.3356227 ] ] ] } },
{ "type": "Feature", "properties": { "state_po": "CO", "county_geoid": "08099", "pwsid": "CO0150900", "pws_name": "WILEY TOWN OF", "population_served_count": 405, "model_method": "Random Forest", "verification_status": "", "symbology_field": "Modeled", "intersection_area_sq_km": 0.80608825646025895 }, "geometry": { "type": "Polygon", "coordinates": [ [ [ -102.7213204, 38.153179300000026 ], [ -102.7237204, 38.153568300000032 ], [ -102.7236944, 38.1577323 ], [ -102.7261594, 38.1577123 ], [ -102.7261464, 38.160130299999977 ], [ -102.7146384, 38.1594713 ], [ -102.714473399999989, 38.1501503 ], [ -102.7212684, 38.1501793 ], [ -102.7213204, 38.153179300000026 ] ] ] } },
{ "type": "Feature", "properties": { "state_po": "CO", "county_geoid": "08099", "pwsid": "CO0150800", "pws_name": "MAY VALLEY WA", "population_served_count": 1500, "model_method": "Random Forest", "verification_status": "", "symbology_field": "Modeled", "intersection_area_sq_km": 0.5617651312797447 }, "geometry": { "type": "MultiPolygon", "coordinates": [ [ [ [ -102.623177399999989, 38.1196263 ], [ -102.6180844, 38.121522300000031 ], [ -102.618190399999989, 38.1286853 ], [ -102.6146884, 38.128663300000035 ], [ -102.618083399999989, 38.121479300000026 ], [ -102.618343400000015, 38.116219300000012 ], [ -102.6231964, 38.1155103 ], [ -102.623177399999989, 38.1196263 ] ] ], [ [ [ -102.6138344, 38.149655300000013 ], [ -102.6106394, 38.147805300000016 ], [ -102.6112554, 38.1432343 ], [ -102.6137734, 38.143221300000029 ], [ -102.6138344, 38.149655300000013 ] ] ] ] } },
{ "type": "Feature", "properties": { "state_po": "CO", "county_geoid": "08099", "pwsid": "CO0150500", "pws_name": "HARTMAN TOWN OF", "population_served_count": 61, "model_method": "Random Forest", "verification_status": "", "symbology_field": "Modeled", "intersection_area_sq_km": 0.3552346367144143 }, "geometry": { "type": "Polygon", "coordinates": [ [ [ -102.2261193, 38.1184864 ], [ -102.2231333, 38.121687399999971 ], [ -102.2197283, 38.122380400000011 ], [ -102.214920299999989, 38.1223604 ], [ -102.2150093, 38.119575399999988 ], [ -102.2110453, 38.1187664 ], [ -102.2261193, 38.1184864 ] ] ] } },
{ "type": "Feature", "properties": { "state_po": "CO", "county_geoid": "08099", "pwsid": "CO0150300", "pws_name": "GRANADA TOWN OF", "population_served_count": 515, "model_method": "Random Forest", "verification_status": "", "symbology_field": "Modeled", "intersection_area_sq_km": 1.5845657072878852 }, "geometry": { "type": "Polygon", "coordinates": [ [ [ -102.3060633, 38.058015399999981 ], [ -102.3060703, 38.056780400000015 ], [ -102.3199903, 38.056943399999987 ], [ -102.3200933, 38.0653424 ], [ -102.3149423, 38.0642624 ], [ -102.3132553, 38.068034399999974 ], [ -102.3103063, 38.0673774 ], [ -102.310578299999989, 38.071195400000022 ], [ -102.306255299999989, 38.071199400000026 ], [ -102.3063003, 38.062250399999989 ], [ -102.3020333, 38.060484400000036 ], [ -102.3018003, 38.0581884 ], [ -102.3060633, 38.058015399999981 ] ] ] } },
{ "type": "Feature", "properties": { "state_po": "CO", "county_geoid": "08099", "pwsid": "CO0150200", "pws_name": "BRISTOL WSD", "population_served_count": 151, "model_method": "Random Forest", "verification_status": "", "symbology_field": "Modeled", "intersection_area_sq_km": 0.12833093798554229 }, "geometry": { "type": "Polygon", "coordinates": [ [ [ -102.3126873, 38.1192184 ], [ -102.3127023, 38.1216554 ], [ -102.3160993, 38.122312399999984 ], [ -102.3113633, 38.12233940000003 ], [ -102.3113273, 38.12537039999998 ], [ -102.3100483, 38.12537039999998 ], [ -102.3100523, 38.1201704 ], [ -102.3126873, 38.1192184 ] ] ] } },
{ "type": "Feature", "properties": { "state_po": "CO", "county_geoid": "08099", "pwsid": "CO0150600", "pws_name": "HOLLY TOWN OF", "population_served_count": 800, "model_method": "Random Forest", "verification_status": "", "symbology_field": "Modeled", "intersection_area_sq_km": 2.0993140264478516 }, "geometry": { "type": "Polygon", "coordinates": [ [ [ -102.1326493, 38.0481174 ], [ -102.1324593, 38.0533854 ], [ -102.1436143, 38.053834400000014 ], [ -102.146127299999989, 38.0570204 ], [ -102.1394753, 38.057045400000014 ], [ -102.1369973, 38.05858139999998 ], [ -102.1369783, 38.0570734 ], [ -102.1281793, 38.0570674 ], [ -102.1278633, 38.061159399999987 ], [ -102.1234113, 38.0609134 ], [ -102.1137522, 38.054425399999957 ], [ -102.1185263, 38.0520314 ], [ -102.1185593, 38.04788940000001 ], [ -102.1326493, 38.0481174 ] ] ] } },
{ "type": "Feature", "properties": { "state_po": "CO", "county_geoid": "08099", "pwsid": "CO0150100", "pws_name": "A AND B WA INC", "population_served_count": 100, "model_method": "Random Forest", "verification_status": "", "symbology_field": "Modeled", "intersection_area_sq_km": 20.804193975598579 }, "geometry": { "type": "Polygon", "coordinates": [ [ [ -102.1920733, 38.10062839999997 ], [ -102.1919573, 38.086134400000027 ], [ -102.2011473, 38.086168399999956 ], [ -102.2010293, 38.1008324 ], [ -102.2169493, 38.100797400000012 ], [ -102.2156403, 38.107616400000069 ], [ -102.2106303, 38.115126400000022 ], [ -102.2106053, 38.1297144 ], [ -102.2014273, 38.1297304 ], [ -102.2013703, 38.115129399999979 ], [ -102.1985363, 38.115128400000032 ], [ -102.1921773, 38.115142399999961 ], [ -102.1918763, 38.129745400000012 ], [ -102.1830353, 38.12151140000001 ], [ -102.1833643, 38.115694400000052 ], [ -102.1751513, 38.1151224 ], [ -102.1713453, 38.1125934 ], [ -102.1675763, 38.113912400000032 ], [ -102.162203300000016, 38.112215400000011 ], [ -102.1581283, 38.107829399999964 ], [ -102.1595463, 38.100629399999981 ], [ -102.1530823, 38.10063539999998 ], [ -102.1555663, 38.104956399999942 ], [ -102.1552633, 38.125392400000017 ], [ -102.1526783, 38.1217604 ], [ -102.1469723, 38.118396399999966 ], [ -102.1465733, 38.110509399999948 ], [ -102.1398533, 38.1047064 ], [ -102.1393583, 38.101953400000035 ], [ -102.1315233, 38.100345399999988 ], [ -102.1370353, 38.100647399999978 ], [ -102.1370633, 38.0862754 ], [ -102.1635363, 38.086213400000048 ], [ -102.1649023, 38.0835954 ], [ -102.1646183, 38.071830399999961 ], [ -102.173893299999989, 38.071598399999985 ], [ -102.1739593, 38.086174400000026 ], [ -102.183040300000016, 38.08613839999996 ], [ -102.1810833, 38.089525399999978 ], [ -102.1837423, 38.10061840000008 ], [ -102.1920733, 38.10062839999997 ] ], [ [ -102.17983430000001, 38.100616399999979 ], [ -102.1809383, 38.102931400000038 ], [ -102.1830863, 38.102321400000022 ], [ -102.1837423, 38.10061840000008 ], [ -102.17983430000001, 38.100616399999979 ] ] ] } },
{ "type": "Feature", "properties": { "state_po": "CO", "county_geoid": "08053", "pwsid": "CO0127467", "pws_name": "LAKE CITY TOWN OF", "population_served_count": 587, "model_method": "Random Forest", "verification_status": "", "symbology_field": "Modeled", "intersection_area_sq_km": 2.8272163095192453 }, "geometry": { "type": "MultiPolygon", "coordinates": [ [ [ [ -107.305887399999989, 38.007564 ], [ -107.3034024, 38.006922 ], [ -107.3048594, 38.00599 ], [ -107.305887399999989, 38.007564 ] ] ], [ [ [ -107.3070504, 38.004226 ], [ -107.3135384, 38.013293 ], [ -107.3153364, 38.01957 ], [ -107.3179684, 38.019837 ], [ -107.3170974, 38.024671 ], [ -107.320099399999989, 38.02449 ], [ -107.320100400000015, 38.02618 ], [ -107.3141114, 38.037766 ], [ -107.3112324, 38.036856 ], [ -107.3127594, 38.040604 ], [ -107.3073364, 38.038137 ], [ -107.3092564, 38.036226 ], [ -107.307143400000015, 38.035551 ], [ -107.3024214, 38.042373 ], [ -107.3015104, 38.031332 ], [ -107.307536399999989, 38.031314 ], [ -107.3106284, 38.025244 ], [ -107.3095114, 38.016814 ], [ -107.307325400000011, 38.01318 ], [ -107.3097674, 38.013195 ], [ -107.3103444, 38.0159 ], [ -107.3123424, 38.016199 ], [ -107.31222240000001, 38.014948 ], [ -107.3081504, 38.007197 ], [ -107.3042674, 38.005034 ], [ -107.3007974, 38.004829 ], [ -107.2963324, 38.001216 ], [ -107.2946064, 37.997531 ], [ -107.3070504, 38.004226 ] ] ] ] } },
{ "type": "Feature", "properties": { "state_po": "CO", "county_geoid": "08053", "pwsid": "CO0227700", "pws_name": "SAN JUAN RANCH HOA", "population_served_count": 67, "model_method": "Random Forest", "verification_status": "", "symbology_field": "Modeled", "intersection_area_sq_km": 0.20008459557748057 }, "geometry": { "type": "Polygon", "coordinates": [ [ [ -107.3092564, 38.036226 ], [ -107.3074644, 38.041124 ], [ -107.3059954, 38.039374 ], [ -107.3049294, 38.040405 ], [ -107.304795399999989, 38.043821 ], [ -107.3024214, 38.042373 ], [ -107.3049114, 38.037812 ], [ -107.307143400000015, 38.035551 ], [ -107.3092564, 38.036226 ] ] ] } },
{ "type": "Feature", "properties": { "state_po": "CO", "county_geoid": "08007", "pwsid": "CO0104700", "pws_name": "PIEDRA PARK MD", "population_served_count": 850, "model_method": "Random Forest", "verification_status": "", "symbology_field": "Modeled", "intersection_area_sq_km": 5.924156895207445 }, "geometry": { "type": "Polygon", "coordinates": [ [ [ -107.438769400000012, 37.025080899999956 ], [ -107.4371864, 37.02174789999998 ], [ -107.4248184, 37.021761900000016 ], [ -107.4237934, 37.023252899999981 ], [ -107.4167274, 37.023777899999985 ], [ -107.4166074, 37.025538900000015 ], [ -107.4199574, 37.026559899999967 ], [ -107.4193934, 37.02812790000003 ], [ -107.4237574, 37.0281549 ], [ -107.4237534, 37.031615899999977 ], [ -107.4205234, 37.030850899999955 ], [ -107.4165074, 37.03192090000001 ], [ -107.4185334, 37.040161900000065 ], [ -107.4158654, 37.04618389999996 ], [ -107.4164234, 37.041227899999974 ], [ -107.4124784, 37.0325319 ], [ -107.4058604, 37.031306900000011 ], [ -107.4036034, 37.028224900000026 ], [ -107.4055624, 37.025928900000025 ], [ -107.4040244, 37.0258499 ], [ -107.406037399999988, 37.009687900000024 ], [ -107.4130854, 37.005492900000043 ], [ -107.4117844, 37.0081439 ], [ -107.4155694, 37.0080499 ], [ -107.4146844, 37.004705900000012 ], [ -107.418549399999989, 37.0056029 ], [ -107.4165714, 37.0038239 ], [ -107.4187204, 37.002539899999924 ], [ -107.420094400000011, 37.003961900000014 ], [ -107.4217964, 37.000229899999979 ], [ -107.4257914, 37.000319900000065 ], [ -107.425191399999989, 37.004274900000041 ], [ -107.4329514, 37.009153900000044 ], [ -107.4323914, 37.012334899999985 ], [ -107.434435400000012, 37.012780900000038 ], [ -107.438769400000012, 37.025080899999956 ] ], [ [ -107.4168524, 37.009717900000027 ], [ -107.4073394, 37.009401900000015 ], [ -107.406185400000012, 37.011101900000021 ], [ -107.4063324, 37.019267900000031 ], [ -107.4139074, 37.0231799 ], [ -107.4150314, 37.021808899999989 ], [ -107.4129994, 37.01778690000004 ], [ -107.413119400000014, 37.01187690000004 ], [ -107.4168524, 37.009717900000027 ] ] ] } },
{ "type": "Feature", "properties": { "state_po": "CO", "county_geoid": "08007", "pwsid": "CO0104533", "pws_name": "NAVAJO RIVER RANCH POA", "population_served_count": 40, "model_method": "Random Forest", "verification_status": "", "symbology_field": "Modeled", "intersection_area_sq_km": 0.18259009916774963 }, "geometry": { "type": "Polygon", "coordinates": [ [ [ -106.695222199999989, 37.091984899999964 ], [ -106.6950842, 37.0967559 ], [ -106.6912032, 37.095269900000041 ], [ -106.6909092, 37.091145900000043 ], [ -106.695222199999989, 37.091984899999964 ] ] ] } },
{ "type": "Feature", "properties": { "state_po": "CO", "county_geoid": "08007", "pwsid": "CO0104090", "pws_name": "ALPINE LAKES RANCH WC", "population_served_count": 158, "model_method": "Random Forest", "verification_status": "", "symbology_field": "Modeled", "intersection_area_sq_km": 0.45332799450042133 }, "geometry": { "type": "MultiPolygon", "coordinates": [ [ [ [ -106.8043492, 37.208166900000045 ], [ -106.8136182, 37.210901899999953 ], [ -106.8045022, 37.211502900000021 ], [ -106.8007142, 37.210440899999988 ], [ -106.7956502, 37.212928899999987 ], [ -106.7940982, 37.212990900000051 ], [ -106.8043492, 37.208166900000045 ] ] ], [ [ [ -106.7691012, 37.238611 ], [ -106.7593102, 37.238458 ], [ -106.7565812, 37.240098 ], [ -106.7560092, 37.239355 ], [ -106.7668152, 37.234276 ], [ -106.7691012, 37.238611 ] ] ] ] } },
{ "type": "Feature", "properties": { "state_po": "CO", "county_geoid": "08007", "pwsid": "CO0104900", "pws_name": "SAN JUAN RIVER VILLAGE MD", "population_served_count": 877, "model_method": "Random Forest", "verification_status": "", "symbology_field": "Modeled", "intersection_area_sq_km": 0.92629028286954596 }, "geometry": { "type": "MultiPolygon", "coordinates": [ [ [ [ -106.9414723, 37.333967 ], [ -106.9408383, 37.33616 ], [ -106.9400673, 37.33662 ], [ -106.9414723, 37.333967 ] ] ], [ [ [ -106.9490413, 37.333966 ], [ -106.9446493, 37.334417 ], [ -106.9441663, 37.337522 ], [ -106.927315299999989, 37.344124 ], [ -106.9195133, 37.349881 ], [ -106.9174753, 37.34975 ], [ -106.924715299999988, 37.342215 ], [ -106.934925299999989, 37.335474 ], [ -106.9411023, 37.337322 ], [ -106.9449833, 37.332589 ], [ -106.9490413, 37.333966 ] ] ] ] } },
{ "type": "Feature", "properties": { "state_po": "CO", "county_geoid": "08007", "pwsid": "CO0104121", "pws_name": "ASPEN SPRINGS MD", "population_served_count": 290, "model_method": "Random Forest", "verification_status": "", "symbology_field": "Modeled", "intersection_area_sq_km": 3.5621039374072314 }, "geometry": { "type": "Polygon", "coordinates": [ [ [ -107.2128273, 37.2150169 ], [ -107.2099403, 37.222577899999969 ], [ -107.1957423, 37.2260899 ], [ -107.1956913, 37.22904090000003 ], [ -107.1865953, 37.229782899999982 ], [ -107.184002299999989, 37.232188900000011 ], [ -107.1764953, 37.233614899999985 ], [ -107.1746473, 37.236151899999967 ], [ -107.1710553, 37.235481899999989 ], [ -107.1580423, 37.2383249 ], [ -107.167910299999988, 37.235964899999956 ], [ -107.1673123, 37.231587900000015 ], [ -107.169920300000015, 37.230097900000032 ], [ -107.172638299999988, 37.231252899999966 ], [ -107.1746103, 37.229299900000036 ], [ -107.1778423, 37.231504899999976 ], [ -107.1819733, 37.229548900000012 ], [ -107.1838643, 37.22169789999996 ], [ -107.188398299999989, 37.2207109 ], [ -107.1903733, 37.2149149 ], [ -107.2128273, 37.2150169 ] ] ] } },
{ "type": "Feature", "properties": { "state_po": "CO", "county_geoid": "08081", "pwsid": "CO0141210", "pws_name": "DINOSAUR TOWN OF", "population_served_count": 350, "model_method": "Random Forest", "verification_status": "", "symbology_field": "Modeled", "intersection_area_sq_km": 0.64034394446155407 }, "geometry": { "type": "Polygon", "coordinates": [ [ [ -109.0110936, 40.236263 ], [ -109.011783400000013, 40.241813 ], [ -109.0131034, 40.242113099999983 ], [ -109.0101433, 40.245423 ], [ -109.0102302, 40.247999 ], [ -108.9998733, 40.244662900000066 ], [ -109.0004334, 40.242462900000021 ], [ -109.0044334, 40.2430529 ], [ -109.0051354, 40.2402179 ], [ -109.0086734, 40.239893 ], [ -109.0080635, 40.238373 ], [ -109.0099135, 40.238623 ], [ -109.0110936, 40.236263 ] ] ] } },
{ "type": "Feature", "properties": { "state_po": "CO", "county_geoid": "08009", "pwsid": "CO0105900", "pws_name": "WALSH TOWN OF", "population_served_count": 650, "model_method": "Random Forest", "verification_status": "", "symbology_field": "Modeled", "intersection_area_sq_km": 1.5270021539148613 }, "geometry": { "type": "Polygon", "coordinates": [ [ [ -102.2769712, 37.382473199999971 ], [ -102.2934622, 37.382954200000043 ], [ -102.2916212, 37.384054199999987 ], [ -102.2917612, 37.394743300000023 ], [ -102.2844032, 37.3886932 ], [ -102.2736012, 37.392019299999987 ], [ -102.2735112, 37.3870273 ], [ -102.2714172, 37.385915300000022 ], [ -102.2713822, 37.383759199999979 ], [ -102.2769712, 37.382473199999971 ] ] ] } },
{ "type": "Feature", "properties": { "state_po": "CO", "county_geoid": "08009", "pwsid": "CO0105800", "pws_name": "VILAS TOWN OF", "population_served_count": 137, "model_method": "Random Forest", "verification_status": "", "symbology_field": "Modeled", "intersection_area_sq_km": 0.32953612066379678 }, "geometry": { "type": "Polygon", "coordinates": [ [ [ -102.4437923, 37.3717762 ], [ -102.4520163, 37.371891199999958 ], [ -102.4520213, 37.375554199999989 ], [ -102.4428693, 37.37546619999997 ], [ -102.4437923, 37.3717762 ] ] ] } },
{ "type": "Feature", "properties": { "state_po": "CO", "county_geoid": "08009", "pwsid": "CO0105700", "pws_name": "TWO BUTTES TOWN OF", "population_served_count": 64, "model_method": "Random Forest", "verification_status": "", "symbology_field": "Modeled", "intersection_area_sq_km": 0.59193930718140486 }, "geometry": { "type": "Polygon", "coordinates": [ [ [ -102.4010463, 37.556984300000011 ], [ -102.4010973, 37.564270299999947 ], [ -102.3906743, 37.564388299999983 ], [ -102.393189299999989, 37.561704299999946 ], [ -102.3931663, 37.557035300000024 ], [ -102.4010463, 37.556984300000011 ] ] ] } },
{ "type": "Feature", "properties": { "state_po": "CO", "county_geoid": "08009", "pwsid": "CO0105500", "pws_name": "SPRINGFIELD TOWN OF", "population_served_count": 1378, "model_method": "Random Forest", "verification_status": "", "symbology_field": "Modeled", "intersection_area_sq_km": 2.432556013049382 }, "geometry": { "type": "Polygon", "coordinates": [ [ [ -102.6179813, 37.396780199999959 ], [ -102.6215263, 37.397778199999962 ], [ -102.6215343, 37.399632200000028 ], [ -102.6192853, 37.399203200000024 ], [ -102.6192833, 37.4001382 ], [ -102.6237563, 37.4013222 ], [ -102.6237873, 37.4040342 ], [ -102.6285263, 37.404086200000037 ], [ -102.6285203, 37.4123072 ], [ -102.6195163, 37.4123452 ], [ -102.6192443, 37.4135242 ], [ -102.6152203, 37.413938199999976 ], [ -102.6134503, 37.412470199999987 ], [ -102.6100853, 37.4124832 ], [ -102.609999300000013, 37.40965719999997 ], [ -102.6045703, 37.409710200000028 ], [ -102.604560299999989, 37.406819199999973 ], [ -102.6027623, 37.4068562 ], [ -102.6027333, 37.4054172 ], [ -102.6081643, 37.405304200000032 ], [ -102.6079973, 37.4031792 ], [ -102.6108033, 37.4031772 ], [ -102.6107763, 37.401633199999957 ], [ -102.6145583, 37.4028582 ], [ -102.6144533, 37.398243199999982 ], [ -102.616470299999989, 37.398765199999971 ], [ -102.6179813, 37.396780199999959 ] ] ] } },
{ "type": "Feature", "properties": { "state_po": "CO", "county_geoid": "08009", "pwsid": "CO0105300", "pws_name": "PRITCHETT TOWN OF", "population_served_count": 125, "model_method": "Random Forest", "verification_status": "", "symbology_field": "Modeled", "intersection_area_sq_km": 0.34354514898911448 }, "geometry": { "type": "Polygon", "coordinates": [ [ [ -102.860091400000016, 37.366695199999967 ], [ -102.8626694, 37.3667812 ], [ -102.8622734, 37.375003200000016 ], [ -102.8600384, 37.374972199999988 ], [ -102.8600504, 37.371714200000021 ], [ -102.857383399999989, 37.37173319999998 ], [ -102.8573494, 37.367776200000016 ], [ -102.854541400000016, 37.368316199999988 ], [ -102.860091400000016, 37.366695199999967 ] ] ] } },
{ "type": "Feature", "properties": { "state_po": "CO", "county_geoid": "08009", "pwsid": "CO0105100", "pws_name": "CAMPO TOWN OF", "population_served_count": 150, "model_method": "Random Forest", "verification_status": "", "symbology_field": "Modeled", "intersection_area_sq_km": 0.47622648448298843 }, "geometry": { "type": "Polygon", "coordinates": [ [ [ -102.5767373, 37.098099199999986 ], [ -102.5791773, 37.098104199999966 ], [ -102.5814853, 37.10127419999997 ], [ -102.5813863, 37.108267199999979 ], [ -102.5767393, 37.108222199999965 ], [ -102.5766993, 37.10526420000005 ], [ -102.5753033, 37.105266199999988 ], [ -102.5767373, 37.098099199999986 ] ] ] } },
{ "type": "Feature", "properties": { "state_po": "CO", "county_geoid": "08115", "pwsid": "CO0158001", "pws_name": "JULESBURG TOWN OF", "population_served_count": 1225, "model_method": "Random Forest", "verification_status": "", "symbology_field": "Modeled", "intersection_area_sq_km": 1.8615833312574748 }, "geometry": { "type": "Polygon", "coordinates": [ [ [ -102.2871696, 40.981506799999984 ], [ -102.2871856, 40.9826328 ], [ -102.2774296, 40.982717800000046 ], [ -102.2775526, 40.992344800000012 ], [ -102.2750256, 40.992333799999969 ], [ -102.2680736, 40.996128800000037 ], [ -102.2651736, 40.996576800000035 ], [ -102.2566896, 40.98965279999998 ], [ -102.2691436, 40.983001800000054 ], [ -102.2871696, 40.981506799999984 ] ] ] } },
{ "type": "Feature", "properties": { "state_po": "CO", "county_geoid": "08115", "pwsid": "CO0158005", "pws_name": "OVID TOWN OF", "population_served_count": 259, "model_method": null, "verification_status": null, "symbology_field": "System Sourced", "intersection_area_sq_km": 0.88210888607424875 }, "geometry": { "type": "MultiPolygon", "coordinates": [ [ [ [ -102.3814238, 40.9601791 ], [ -102.379876, 40.9586029 ], [ -102.381837499999989, 40.957495899999969 ], [ -102.3833854, 40.959072 ], [ -102.3814238, 40.9601791 ] ] ], [ [ [ -102.394583, 40.959038100000079 ], [ -102.3895025, 40.965608200000027 ], [ -102.3825469, 40.966013200000049 ], [ -102.3838174, 40.963736700000069 ], [ -102.3819293, 40.9613934 ], [ -102.383683, 40.9602773 ], [ -102.384208, 40.9575181 ], [ -102.390396599999988, 40.95722210000001 ], [ -102.394583, 40.959038100000079 ] ] ] ] } },
{ "type": "Feature", "properties": { "state_po": "CO", "county_geoid": "08115", "pwsid": "CO0158010", "pws_name": "SEDGWICK TOWN OF", "population_served_count": 227, "model_method": null, "verification_status": null, "symbology_field": "System Sourced", "intersection_area_sq_km": 1.0422669687990849 }, "geometry": { "type": "MultiPolygon", "coordinates": [ [ [ [ -102.5244603, 40.9103656 ], [ -102.5228896, 40.908945400000015 ], [ -102.5248737, 40.9076824 ], [ -102.5264204, 40.9092585 ], [ -102.5244603, 40.9103656 ] ] ], [ [ [ -102.533419099999989, 40.93547539999998 ], [ -102.5283695, 40.937342699999959 ], [ -102.5282954, 40.939904 ], [ -102.5244557, 40.941201799999973 ], [ -102.5215795, 40.940359299999983 ], [ -102.5202569, 40.936385399999978 ], [ -102.5225097, 40.930849200000019 ], [ -102.5246044, 40.930569100000021 ], [ -102.5259662, 40.932117599999977 ], [ -102.5283398, 40.9303654 ], [ -102.5311158, 40.931722299999976 ], [ -102.533419099999989, 40.93547539999998 ] ] ], [ [ [ -102.5317302, 40.9399523 ], [ -102.5304346, 40.9382506 ], [ -102.5325518, 40.937323700000043 ], [ -102.5338474, 40.939025400000027 ], [ -102.5317302, 40.9399523 ] ] ] ] } },
{ "type": "Feature", "properties": { "state_po": "CO", "county_geoid": "08103", "pwsid": "CO0152188", "pws_name": "CROSS L ESTATES", "population_served_count": 50, "model_method": "Decision Tree", "verification_status": "", "symbology_field": "Modeled", "intersection_area_sq_km": 0.57076251124485022 }, "geometry": { "type": "Polygon", "coordinates": [ [ [ -107.9708588, 40.018750200000042 ], [ -107.9676168, 40.0240902 ], [ -107.9733948, 40.023935200000018 ], [ -107.972839799999988, 40.027773199999949 ], [ -107.9691388, 40.028424199999961 ], [ -107.9662008, 40.025056200000058 ], [ -107.9605408, 40.023906200000035 ], [ -107.9585108, 40.021896199999979 ], [ -107.9632218, 40.019975199999955 ], [ -107.9679358, 40.020745199999972 ], [ -107.9687068, 40.0186312 ], [ -107.9708588, 40.018750200000042 ] ] ] } },
{ "type": "Feature", "properties": { "state_po": "CO", "county_geoid": "08103", "pwsid": "CO0152505", "pws_name": "MEEKER TOWN OF", "population_served_count": 2473, "model_method": "Decision Tree", "verification_status": "", "symbology_field": "Modeled", "intersection_area_sq_km": 3.6509794439364724 }, "geometry": { "type": "Polygon", "coordinates": [ [ [ -107.9143218, 40.03054919999996 ], [ -107.9185258, 40.0331962 ], [ -107.9201238, 40.032226200000011 ], [ -107.9201678, 40.0341342 ], [ -107.9344658, 40.034215200000034 ], [ -107.934300799999988, 40.037779200000017 ], [ -107.9295858, 40.037786199999964 ], [ -107.929583799999989, 40.041406299999984 ], [ -107.9248498, 40.041404299999982 ], [ -107.923701799999989, 40.043214299999988 ], [ -107.921343799999988, 40.043333300000015 ], [ -107.9213428, 40.0450163 ], [ -107.9154128, 40.045071300000018 ], [ -107.9153618, 40.0572283 ], [ -107.9084688, 40.055590299999963 ], [ -107.9085538, 40.04823830000003 ], [ -107.9062118, 40.048232299999974 ], [ -107.9056068, 40.046319299999979 ], [ -107.9083858, 40.040526299999968 ], [ -107.9013368, 40.041864300000036 ], [ -107.901333799999989, 40.045105300000024 ], [ -107.8999658, 40.045053299999935 ], [ -107.9000368, 40.0375243 ], [ -107.9023278, 40.037526299999982 ], [ -107.9023178, 40.035750299999975 ], [ -107.9107538, 40.034768300000017 ], [ -107.9108108, 40.0306063 ], [ -107.9143218, 40.03054919999996 ] ] ] } },
{ "type": "Feature", "properties": { "state_po": "CO", "county_geoid": "08103", "pwsid": "CO0152666", "pws_name": "RANGELY TOWN OF", "population_served_count": 2495, "model_method": "Random Forest", "verification_status": "", "symbology_field": "Modeled", "intersection_area_sq_km": 6.0378282869357118 }, "geometry": { "type": "Polygon", "coordinates": [ [ [ -108.794496, 40.067423200000015 ], [ -108.803318, 40.074174200000044 ], [ -108.805766, 40.0741562 ], [ -108.805763, 40.079913200000028 ], [ -108.810464, 40.0789462 ], [ -108.810455, 40.082233200000012 ], [ -108.812522, 40.08216620000001 ], [ -108.812526, 40.080981199999982 ], [ -108.817601, 40.081926200000012 ], [ -108.818541, 40.084886199999985 ], [ -108.817025, 40.087473200000019 ], [ -108.812671, 40.087486199999979 ], [ -108.814011, 40.093946199999976 ], [ -108.807741, 40.092866199999989 ], [ -108.80762, 40.091157200000026 ], [ -108.789037, 40.09121420000006 ], [ -108.783424, 40.0889512 ], [ -108.782686, 40.092097199999962 ], [ -108.780802, 40.092959200000017 ], [ -108.777183, 40.090454199999982 ], [ -108.77841, 40.0878762 ], [ -108.776971, 40.087896200000031 ], [ -108.776903, 40.087527199999982 ], [ -108.782099, 40.08680419999996 ], [ -108.782186, 40.0729852 ], [ -108.775193, 40.072993200000028 ], [ -108.773327, 40.070537199999954 ], [ -108.786883, 40.071508200000018 ], [ -108.794496, 40.067423200000015 ] ] ] } },
{ "type": "Feature", "properties": { "state_po": "CO", "county_geoid": "08075", "pwsid": "CO0138042", "pws_name": "SAGE POINTE HOA", "population_served_count": 194, "model_method": "Random Forest", "verification_status": "", "symbology_field": "Modeled", "intersection_area_sq_km": 0.25603123941546529 }, "geometry": { "type": "Polygon", "coordinates": [ [ [ -103.2869738, 40.623791700000048 ], [ -103.286915799999989, 40.626614699999926 ], [ -103.2772758, 40.626497700000023 ], [ -103.2773528, 40.623647700000028 ], [ -103.2869738, 40.623791700000048 ] ] ] } },
{ "type": "Feature", "properties": { "state_po": "CO", "county_geoid": "08075", "pwsid": "CO0138025", "pws_name": "MERINO TOWN OF", "population_served_count": 235, "model_method": "Random Forest", "verification_status": "", "symbology_field": "Modeled", "intersection_area_sq_km": 0.49383474680787609 }, "geometry": { "type": "MultiPolygon", "coordinates": [ [ [ [ -103.3557238, 40.47778960000003 ], [ -103.3535458, 40.480453600000061 ], [ -103.3565928, 40.4826486 ], [ -103.3578408, 40.487387599999948 ], [ -103.3511908, 40.487296599999958 ], [ -103.3515608, 40.485121600000028 ], [ -103.3493328, 40.483042600000026 ], [ -103.3557238, 40.47778960000003 ] ] ], [ [ [ -103.2696588, 40.54798669999996 ], [ -103.2665088, 40.54795270000001 ], [ -103.2664598, 40.546337699999967 ], [ -103.2698148, 40.544329700000041 ], [ -103.2696588, 40.54798669999996 ] ] ], [ [ [ -103.2696588, 40.54798669999996 ], [ -103.2713408, 40.549823699999976 ], [ -103.2698098, 40.54984670000001 ], [ -103.2696588, 40.54798669999996 ] ] ] ] } },
{ "type": "Feature", "properties": { "state_po": "CO", "county_geoid": "08075", "pwsid": "CO0138010", "pws_name": "FLEMING TOWN OF", "population_served_count": 446, "model_method": "Random Forest", "verification_status": "", "symbology_field": "Modeled", "intersection_area_sq_km": 0.71635855833108553 }, "geometry": { "type": "MultiPolygon", "coordinates": [ [ [ [ -102.8443527, 40.67584270000004 ], [ -102.8436427, 40.6805447 ], [ -102.8381517, 40.679504699999967 ], [ -102.8395597, 40.6758567 ], [ -102.8443527, 40.67584270000004 ] ] ], [ [ [ -102.8395527, 40.680906699999987 ], [ -102.8395617, 40.682508699999971 ], [ -102.842331699999988, 40.682531700000048 ], [ -102.8423127, 40.686934700000045 ], [ -102.8347627, 40.686960699999972 ], [ -102.8354727, 40.681535700000026 ], [ -102.830220700000012, 40.681511700000016 ], [ -102.8301857, 40.680141700000021 ], [ -102.8347237, 40.6794887 ], [ -102.8395527, 40.680906699999987 ] ] ] ] } },
{ "type": "Feature", "properties": { "state_po": "CO", "county_geoid": "08075", "pwsid": "CO0138005", "pws_name": "CROOK TOWN OF", "population_served_count": 182, "model_method": null, "verification_status": null, "symbology_field": "System Sourced", "intersection_area_sq_km": 0.63420406195629375 }, "geometry": { "type": "MultiPolygon", "coordinates": [ [ [ [ -102.813195, 40.853966400000019 ], [ -102.8116496, 40.852390199999988 ], [ -102.8137979, 40.850957700000016 ], [ -102.8153433, 40.852533799999954 ], [ -102.813195, 40.853966400000019 ] ] ], [ [ [ -102.803746499999988, 40.8613926 ], [ -102.7968653, 40.861824499999955 ], [ -102.7959813, 40.857952599999983 ], [ -102.8066976, 40.8554445 ], [ -102.8065083, 40.858997300000013 ], [ -102.803746499999988, 40.8613926 ] ] ] ] } },
{ "type": "Feature", "properties": { "state_po": "CO", "county_geoid": "08075", "pwsid": "CO0138015", "pws_name": "ILIFF TOWN OF", "population_served_count": 328, "model_method": null, "verification_status": null, "symbology_field": "System Sourced", "intersection_area_sq_km": 1.8919193540650578 }, "geometry": { "type": "MultiPolygon", "coordinates": [ [ [ [ -103.0662966, 40.7370283 ], [ -103.0652028, 40.735371600000015 ], [ -103.0675113, 40.734489699999969 ], [ -103.0685346, 40.736294 ], [ -103.0662966, 40.7370283 ] ] ], [ [ [ -103.055768, 40.739707100000032 ], [ -103.0550271, 40.737824600000046 ], [ -103.057362, 40.737292900000043 ], [ -103.0581956, 40.739035 ], [ -103.055768, 40.739707100000032 ] ] ], [ [ [ -103.0612647, 40.7412589 ], [ -103.0605238, 40.739376399999962 ], [ -103.0628587, 40.73884469999998 ], [ -103.0636924, 40.740586799999988 ], [ -103.0612647, 40.7412589 ] ] ], [ [ [ -103.0741655, 40.751398300000034 ], [ -103.0731421, 40.749594 ], [ -103.0753805, 40.748859700000047 ], [ -103.076403899999988, 40.750664 ], [ -103.0741655, 40.751398300000034 ] ] ], [ [ [ -103.06804, 40.763575899999964 ], [ -103.0620704, 40.763127300000015 ], [ -103.0595745, 40.7609915 ], [ -103.0598381, 40.7581264 ], [ -103.0648719, 40.755555099999988 ], [ -103.0633308, 40.752719500000019 ], [ -103.0646944, 40.7513267 ], [ -103.067528599999989, 40.754418799999954 ], [ -103.0722403, 40.756030399999958 ], [ -103.0715832, 40.761829 ], [ -103.06804, 40.763575899999964 ] ] ], [ [ [ -103.0560851, 40.782274399999977 ], [ -103.0553437, 40.7803919 ], [ -103.0576801, 40.7798602 ], [ -103.0585143, 40.781602299999982 ], [ -103.0560851, 40.782274399999977 ] ] ], [ [ [ -103.0548434, 40.76478429999996 ], [ -103.0520521, 40.762804399999972 ], [ -103.053146399999989, 40.761147699999924 ], [ -103.0571529, 40.763127600000054 ], [ -103.0548434, 40.76478429999996 ] ] ], [ [ [ -103.0339171, 40.770195899999976 ], [ -103.0329834, 40.7666508 ], [ -103.0351427, 40.7655711 ], [ -103.0364642, 40.769223299999986 ], [ -103.0339171, 40.770195899999976 ] ] ], [ [ [ -103.0548626, 40.7730721 ], [ -103.0538622, 40.769716399999979 ], [ -103.0558182, 40.768609400000024 ], [ -103.0574097, 40.772099499999982 ], [ -103.0548626, 40.7730721 ] ] ], [ [ [ -103.035511, 40.790638 ], [ -103.0344163, 40.788981299999989 ], [ -103.0367266, 40.7880994 ], [ -103.0377507, 40.789903699999954 ], [ -103.035511, 40.790638 ] ] ], [ [ [ -103.0563013, 40.7931181 ], [ -103.0554671, 40.791376 ], [ -103.0578966, 40.790703900000011 ], [ -103.0586382, 40.7925864 ], [ -103.0563013, 40.7931181 ] ] ], [ [ [ -103.057106100000013, 40.814175099999964 ], [ -103.0563644, 40.812292599999971 ], [ -103.058701899999988, 40.811760899999975 ], [ -103.059443699999989, 40.813643399999954 ], [ -103.057106100000013, 40.814175099999964 ] ] ] ] } },
{ "type": "Feature", "properties": { "state_po": "CO", "county_geoid": "08075", "pwsid": "CO0138030", "pws_name": "PEETZ TOWN OF", "population_served_count": 295, "model_method": null, "verification_status": null, "symbology_field": "System Sourced", "intersection_area_sq_km": 0.88682215759423255 }, "geometry": { "type": "Polygon", "coordinates": [ [ [ -103.119794, 40.964784699999932 ], [ -103.1102451, 40.966078300000014 ], [ -103.1073939, 40.963074 ], [ -103.1080548, 40.960302399999939 ], [ -103.1146396, 40.9555028 ], [ -103.1169558, 40.956384599999978 ], [ -103.1169308, 40.960379 ], [ -103.1219589, 40.960164899999988 ], [ -103.1214681, 40.961734599999943 ], [ -103.1192655, 40.961784300000012 ], [ -103.121548800000014, 40.9631994 ], [ -103.119794, 40.964784699999932 ] ] ] } },
{ "type": "Feature", "properties": { "state_po": "CO", "county_geoid": "08001", "pwsid": "CO0101205", "pws_name": "DENVER CASCADE MHP", "population_served_count": 1200, "model_method": "OSM", "verification_status": "", "symbology_field": "Modeled", "intersection_area_sq_km": 0.46309868912756985 }, "geometry": { "type": "Polygon", "coordinates": [ [ [ -105.0250251, 39.870821400000011 ], [ -105.0250856, 39.8759798 ], [ -105.015672099999989, 39.875906 ], [ -105.015532100000016, 39.8708284 ], [ -105.0250251, 39.870821400000011 ] ] ] } },
{ "type": "Feature", "properties": { "state_po": "CO", "county_geoid": "08001", "pwsid": "CO0101283", "pws_name": "FRIENDLY VILLAGE OF THE ROCKIES", "population_served_count": 1046, "model_method": "OSM", "verification_status": "", "symbology_field": "Modeled", "intersection_area_sq_km": 0.29655840797302518 }, "geometry": { "type": "Polygon", "coordinates": [ [ [ -105.0070761, 39.8744074 ], [ -105.0146471, 39.874648399999984 ], [ -105.0152911, 39.877735400000041 ], [ -105.0061221, 39.877999400000029 ], [ -105.0070761, 39.8744074 ] ] ] } },
{ "type": "Feature", "properties": { "state_po": "CO", "county_geoid": "08001", "pwsid": "CO0101320", "pws_name": "THE GROVE AT ALTA RIDGE", "population_served_count": 1300, "model_method": "OSM", "verification_status": "", "symbology_field": "Modeled", "intersection_area_sq_km": 0.18024314398206848 }, "geometry": { "type": "Polygon", "coordinates": [ [ [ -105.0060101, 39.864732399999987 ], [ -105.0039881, 39.864806399999985 ], [ -105.0051851, 39.8668094 ], [ -104.9987071, 39.865818399999952 ], [ -105.0005081, 39.863512400000012 ], [ -105.0060071, 39.863495399999977 ], [ -105.0060101, 39.864732399999987 ] ] ] } },
{ "type": "Feature", "properties": { "state_po": "CO", "county_geoid": "08001", "pwsid": "CO0101443", "pws_name": "KIMBERLY HILLS MHP", "population_served_count": 2005, "model_method": "OSM", "verification_status": "", "symbology_field": "Modeled", "intersection_area_sq_km": 0.47970187826387345 }, "geometry": { "type": "Polygon", "coordinates": [ [ [ -105.0227741, 39.870822400000016 ], [ -105.015532100000016, 39.8708284 ], [ -105.0155161, 39.863484400000011 ], [ -105.0179701, 39.8634834 ], [ -105.0179761, 39.864874400000012 ], [ -105.0226911, 39.863503400000049 ], [ -105.0227741, 39.870822400000016 ] ] ] } },
{ "type": "Feature", "properties": { "state_po": "CO", "county_geoid": "08001", "pwsid": "CO0101467", "pws_name": "LAMPLIGHTER MHP", "population_served_count": 651, "model_method": "OSM", "verification_status": "", "symbology_field": "Modeled", "intersection_area_sq_km": 0.12737352903321864 }, "geometry": { "type": "Polygon", "coordinates": [ [ [ -105.0107551, 39.8597344 ], [ -105.0102121, 39.862546400000021 ], [ -105.0059931, 39.862553399999967 ], [ -105.0059781, 39.8597514 ], [ -105.0107551, 39.8597344 ] ] ] } },
{ "type": "Feature", "properties": { "state_po": "CO", "county_geoid": "08001", "pwsid": "CO0101667", "pws_name": "REDWOOD ESTATES", "population_served_count": 1500, "model_method": "OSM", "verification_status": "", "symbology_field": "Modeled", "intersection_area_sq_km": 0.60131955456914599 }, "geometry": { "type": "Polygon", "coordinates": [ [ [ -105.0150991, 39.86710340000004 ], [ -105.0155421, 39.877981399999975 ], [ -105.0114781, 39.87798439999996 ], [ -105.0152691, 39.8777544 ], [ -105.0150281, 39.874956399999988 ], [ -105.0061041, 39.874403399999963 ], [ -105.0061351, 39.869019399999971 ], [ -105.0102751, 39.868998400000038 ], [ -105.0108271, 39.8668634 ], [ -105.0150991, 39.86710340000004 ] ] ] } },
{ "type": "Feature", "properties": { "state_po": "CO", "county_geoid": "08001", "pwsid": "CO0101833", "pws_name": "WOODLAND HILLS MHC", "population_served_count": 1740, "model_method": "OSM", "verification_status": "", "symbology_field": "Modeled", "intersection_area_sq_km": 0.38677121083890953 }, "geometry": { "type": "Polygon", "coordinates": [ [ [ -105.0059611, 39.8561804 ], [ -105.0060071, 39.863495399999977 ], [ -105.0005081, 39.863512400000012 ], [ -104.9991451, 39.860615400000015 ], [ -105.0009821, 39.856318399999985 ], [ -105.0059611, 39.8561804 ] ] ] } },
{ "type": "Feature", "properties": { "state_po": "CO", "county_geoid": "08001", "pwsid": "CO0130070", "pws_name": "INSPIRATION VALLEY MHP", "population_served_count": 250, "model_method": "Random Forest", "verification_status": "", "symbology_field": "Modeled", "intersection_area_sq_km": 0.00094819837594861288 }, "geometry": { "type": "Polygon", "coordinates": [ [ [ -105.053202944383884, 39.795287922034305 ], [ -105.0531881, 39.792899399999982 ], [ -105.053242643816574, 39.791392350051986 ], [ -105.053202944383884, 39.795287922034305 ] ] ] } },
{ "type": "Feature", "properties": { "state_po": "CO", "county_geoid": "08001", "pwsid": "CO0101065", "pws_name": "GREEN ACRES MHP", "population_served_count": 325, "model_method": "Random Forest", "verification_status": "", "symbology_field": "Modeled", "intersection_area_sq_km": 0.065229335557073581 }, "geometry": { "type": "MultiPolygon", "coordinates": [ [ [ [ -104.8207751, 39.744670399999954 ], [ -104.8194301, 39.7423304 ], [ -104.8207751, 39.742337399999968 ], [ -104.8207751, 39.744670399999954 ] ] ], [ [ [ -104.8234081, 39.744673400000018 ], [ -104.8219961, 39.747394399999983 ], [ -104.8219881, 39.744678400000026 ], [ -104.8234081, 39.744673400000018 ] ] ] ] } },
{ "type": "Feature", "properties": { "state_po": "CO", "county_geoid": "08001", "pwsid": "CO0101080", "pws_name": "HIGH PLAINS WUA", "population_served_count": 200, "model_method": "Random Forest", "verification_status": "", "symbology_field": "Modeled", "intersection_area_sq_km": 2.712184018091536 }, "geometry": { "type": "Polygon", "coordinates": [ [ [ -104.9219881, 39.94301950000002 ], [ -104.9203961, 39.9477185 ], [ -104.9141361, 39.9461545 ], [ -104.9132761, 39.94794850000001 ], [ -104.9132701, 39.9495225 ], [ -104.9164881, 39.9494915 ], [ -104.917729099999988, 39.948072499999988 ], [ -104.9177351, 39.9501085 ], [ -104.9220321, 39.9501355 ], [ -104.9201891, 39.953394500000023 ], [ -104.9173121, 39.95268850000005 ], [ -104.9165901, 39.957481500000014 ], [ -104.9126681, 39.957494500000024 ], [ -104.9126211, 39.953675499999981 ], [ -104.9031931, 39.9564755 ], [ -104.9031501, 39.951436499999986 ], [ -104.9030521, 39.957573500000031 ], [ -104.8937671, 39.9576055 ], [ -104.8937691, 39.958695499999969 ], [ -104.8843271, 39.955152500000018 ], [ -104.8843281, 39.9503695 ], [ -104.8916501, 39.9503535 ], [ -104.8916451, 39.9431195 ], [ -104.8936941, 39.94311350000001 ], [ -104.8937191, 39.9501835 ], [ -104.900339100000011, 39.950171500000053 ], [ -104.9020621, 39.94773049999997 ], [ -104.9031681, 39.949482499999981 ], [ -104.9104401, 39.948555499999969 ], [ -104.9112331, 39.946413499999984 ], [ -104.9125831, 39.947479500000021 ], [ -104.9125701, 39.945195499999983 ], [ -104.9187561, 39.946122499999944 ], [ -104.9158791, 39.943038500000036 ], [ -104.9219881, 39.94301950000002 ] ], [ [ -104.9031641, 39.95016149999995 ], [ -104.9034811, 39.950326499999974 ], [ -104.9037801, 39.950325500000012 ], [ -104.9031641, 39.95016149999995 ] ] ] } },
{ "type": "Feature", "properties": { "state_po": "CO", "county_geoid": "08001", "pwsid": "CO0101085", "pws_name": "HILLCREST VILLAGE MHP", "population_served_count": 1505, "model_method": "Random Forest", "verification_status": "", "symbology_field": "Modeled", "intersection_area_sq_km": 0.062751620142750472 }, "geometry": { "type": "Polygon", "coordinates": [ [ [ -104.7347381, 39.754797399999973 ], [ -104.7346901, 39.755754400000036 ], [ -104.727943, 39.755752399999977 ], [ -104.727958, 39.754768400000032 ], [ -104.7347381, 39.754797399999973 ] ] ] } },
{ "type": "Feature", "properties": { "state_po": "CO", "county_geoid": "08001", "pwsid": "CO0101155", "pws_name": "THIRD CREEK WUA", "population_served_count": 90, "model_method": "Random Forest", "verification_status": "", "symbology_field": "Modeled", "intersection_area_sq_km": 0.053693025546183312 }, "geometry": { "type": "Polygon", "coordinates": [ [ [ -104.8204461, 39.940648500000016 ], [ -104.8204361, 39.943291499999987 ], [ -104.818294099999989, 39.943294500000043 ], [ -104.8183091, 39.940647500000026 ], [ -104.8204461, 39.940648500000016 ] ] ] } },
{ "type": "Feature", "properties": { "state_po": "CO", "county_geoid": "08001", "pwsid": "CO0101158", "pws_name": "TUCSON WC", "population_served_count": 90, "model_method": "Random Forest", "verification_status": "", "symbology_field": "Modeled", "intersection_area_sq_km": 0.046687915698562642 }, "geometry": { "type": "Polygon", "coordinates": [ [ [ -104.8408791, 39.9196385 ], [ -104.840876099999988, 39.921528500000015 ], [ -104.8385201, 39.9215085 ], [ -104.8386521, 39.9194835 ], [ -104.8408791, 39.9196385 ] ] ] } },
{ "type": "Feature", "properties": { "state_po": "CO", "county_geoid": "08001", "pwsid": "CO0101175", "pws_name": "HOPE DITCH CO", "population_served_count": 63, "model_method": "Random Forest", "verification_status": "", "symbology_field": "Modeled", "intersection_area_sq_km": 0.27383178061930641 }, "geometry": { "type": "Polygon", "coordinates": [ [ [ -104.9592111, 39.993594500000015 ], [ -104.9592021, 39.9970905 ], [ -104.9509311, 39.9970855 ], [ -104.9509561, 39.9936055 ], [ -104.9592111, 39.993594500000015 ] ] ] } },
{ "type": "Feature", "properties": { "state_po": "CO", "county_geoid": "08001", "pwsid": "CO0101188", "pws_name": "CREEKSIDE SOUTH ESTATES METRO DISTRICT", "population_served_count": 160, "model_method": "Random Forest", "verification_status": "", "symbology_field": "Modeled", "intersection_area_sq_km": 0.35718886234487562 }, "geometry": { "type": "Polygon", "coordinates": [ [ [ -104.8654851, 39.978532499999979 ], [ -104.8665341, 39.979947499999987 ], [ -104.8692321, 39.978951499999972 ], [ -104.8724973, 39.979905900000034 ], [ -104.870206599999989, 39.980513799999976 ], [ -104.8702156, 39.986543400000038 ], [ -104.8726041, 39.986685500000014 ], [ -104.8655151, 39.986695500000017 ], [ -104.8654851, 39.978532499999979 ] ] ] } },
{ "type": "Feature", "properties": { "state_po": "CO", "county_geoid": "08001", "pwsid": "CO0101675", "pws_name": "RIVERDALE PEAKS II MD", "population_served_count": 209, "model_method": "Random Forest", "verification_status": "", "symbology_field": "Modeled", "intersection_area_sq_km": 0.88061421426268549 }, "geometry": { "type": "Polygon", "coordinates": [ [ [ -104.893016100000011, 39.914341399999969 ], [ -104.902937099999988, 39.9151984 ], [ -104.8937091, 39.914762399999987 ], [ -104.8936931, 39.928489500000026 ], [ -104.8836441, 39.928833499999968 ], [ -104.8839551, 39.9247195 ], [ -104.8919231, 39.917319500000019 ], [ -104.893016100000011, 39.914341399999969 ] ] ] } },
{ "type": "Feature", "properties": { "state_po": "CO", "county_geoid": "08001", "pwsid": "CO0201006", "pws_name": "BARR LAKE RVP", "population_served_count": 204, "model_method": "Random Forest", "verification_status": "", "symbology_field": "Modeled", "intersection_area_sq_km": 1.8857948836747738 }, "geometry": { "type": "MultiPolygon", "coordinates": [ [ [ [ -104.809267100000014, 39.895246500000027 ], [ -104.8063531, 39.895851500000013 ], [ -104.8005971, 39.8929405 ], [ -104.7950041, 39.893051499999977 ], [ -104.7935411, 39.8917195 ], [ -104.790100099999989, 39.8935015 ], [ -104.7915261, 39.898635499999969 ], [ -104.787849099999988, 39.898824500000046 ], [ -104.7870821, 39.896529499999943 ], [ -104.7827821, 39.895823499999985 ], [ -104.7816901, 39.893913500000018 ], [ -104.7829121, 39.8915025 ], [ -104.7872941, 39.8935425 ], [ -104.789194099999989, 39.891720500000048 ], [ -104.7837441, 39.889003500000058 ], [ -104.7842621, 39.8864035 ], [ -104.7891781, 39.8862725 ], [ -104.7900371, 39.887595499999975 ], [ -104.790338100000014, 39.885547499999944 ], [ -104.8020361, 39.8854805 ], [ -104.8092981, 39.8898125 ], [ -104.809267100000014, 39.895246500000027 ] ], [ [ -104.7951261, 39.885597499999989 ], [ -104.7997571, 39.886490499999987 ], [ -104.7997671, 39.8855795 ], [ -104.7951261, 39.885597499999989 ] ] ], [ [ [ -104.7823061, 39.89677649999998 ], [ -104.7817261, 39.89736849999997 ], [ -104.7814051, 39.896650499999957 ], [ -104.7823061, 39.89677649999998 ] ] ] ] } },
{ "type": "Feature", "properties": { "state_po": "CO", "county_geoid": "08001", "pwsid": "CO0101060", "pws_name": "GALAMBS MOBILE HOME AND RV PARK", "population_served_count": 130, "model_method": "Random Forest", "verification_status": "", "symbology_field": "Modeled", "intersection_area_sq_km": 0.34316960439619065 }, "geometry": { "type": "MultiPolygon", "coordinates": [ [ [ [ -104.573836, 39.747951399999984 ], [ -104.573777, 39.748874400000012 ], [ -104.567185, 39.7499054 ], [ -104.56691, 39.748824400000039 ], [ -104.573836, 39.747951399999984 ] ] ], [ [ [ -104.621677, 39.776344499999979 ], [ -104.617998, 39.776311500000034 ], [ -104.61804, 39.768762399999972 ], [ -104.6217, 39.768765399999978 ], [ -104.621677, 39.776344499999979 ] ] ] ] } },
{ "type": "Feature", "properties": { "state_po": "CO", "county_geoid": "08001", "pwsid": "CO0101125", "pws_name": "PRAIRIE VIEW POA", "population_served_count": 175, "model_method": "Random Forest", "verification_status": "", "symbology_field": "Modeled", "intersection_area_sq_km": 0.41248740432610925 }, "geometry": { "type": "Polygon", "coordinates": [ [ [ -104.615367, 39.7422824 ], [ -104.60807, 39.743509400000029 ], [ -104.608053, 39.7451334 ], [ -104.603056, 39.7453004 ], [ -104.603082, 39.740148400000038 ], [ -104.613665, 39.740234399999984 ], [ -104.615367, 39.7422824 ] ] ] } },
{ "type": "Feature", "properties": { "state_po": "CO", "county_geoid": "08001", "pwsid": "CO0101234", "pws_name": "EASTERN ADAMS CO MD", "population_served_count": 2485, "model_method": "Random Forest", "verification_status": "", "symbology_field": "Modeled", "intersection_area_sq_km": 1.3626122891927313 }, "geometry": { "type": "MultiPolygon", "coordinates": [ [ [ [ -104.375254, 39.739740500000011 ], [ -104.37547, 39.744698499999977 ], [ -104.366922, 39.744163500000063 ], [ -104.367204, 39.740105499999949 ], [ -104.375254, 39.739740500000011 ] ] ], [ [ [ -104.339372, 39.7724255 ], [ -104.332975, 39.773038500000027 ], [ -104.332608, 39.771019500000016 ], [ -104.32827, 39.770794500000029 ], [ -104.327291, 39.773266500000048 ], [ -104.320509, 39.77331850000003 ], [ -104.320558, 39.767251500000022 ], [ -104.339411, 39.767140500000039 ], [ -104.339372, 39.7724255 ] ] ] ] } },
{ "type": "Feature", "properties": { "state_po": "CO", "county_geoid": "08001", "pwsid": "CO0101166", "pws_name": "CAVANAUGH HILLS WS", "population_served_count": 286, "model_method": "Random Forest", "verification_status": "", "symbology_field": "Modeled", "intersection_area_sq_km": 0.083026699703839704 }, "geometry": { "type": "Polygon", "coordinates": [ [ [ -104.546296, 39.961492499999984 ], [ -104.546358, 39.965778499999949 ], [ -104.544326, 39.965797499999979 ], [ -104.544241, 39.961519500000044 ], [ -104.546296, 39.961492499999984 ] ] ] } },
{ "type": "Feature", "properties": { "state_po": "CO", "county_geoid": "08001", "pwsid": "CO0101070", "pws_name": "HAZELTINE HEIGHTS WATER", "population_served_count": 261, "model_method": "", "verification_status": "", "symbology_field": "System Sourced", "intersection_area_sq_km": 0.16712883253484043 }, "geometry": { "type": "MultiPolygon", "coordinates": [ [ [ [ -104.887571099999988, 39.885332 ], [ -104.8887748, 39.885711100000016 ], [ -104.887571099999988, 39.885711100000016 ], [ -104.887571099999988, 39.885332 ] ] ], [ [ [ -104.8841844, 39.8853182 ], [ -104.8869871, 39.886186699999946 ], [ -104.8841664, 39.8861729 ], [ -104.8841844, 39.8853182 ] ] ], [ [ [ -104.8894934, 39.885718 ], [ -104.8890353, 39.885338899999965 ], [ -104.889709, 39.88534580000001 ], [ -104.8894934, 39.885718 ] ] ], [ [ [ -104.8887658, 39.8860764 ], [ -104.8890353, 39.885718 ], [ -104.8890353, 39.8860764 ], [ -104.8887658, 39.8860764 ] ] ], [ [ [ -104.8935808, 39.8871241 ], [ -104.8904097, 39.8888887 ], [ -104.8877687, 39.888868 ], [ -104.8898258, 39.885263 ], [ -104.8935987, 39.885332 ], [ -104.8935808, 39.8871241 ] ] ], [ [ [ -104.888523299999989, 39.8873585 ], [ -104.8879753, 39.887075899999964 ], [ -104.8886311, 39.887075899999964 ], [ -104.888523299999989, 39.8873585 ] ] ] ] } },
{ "type": "Feature", "properties": { "state_po": "CO", "county_geoid": "08001", "pwsid": "CO0101063", "pws_name": "GREATROCK NORTH WSD", "population_served_count": 1250, "model_method": "", "verification_status": "", "symbology_field": "System Sourced", "intersection_area_sq_km": 5.2484511449969489 }, "geometry": { "type": "MultiPolygon", "coordinates": [ [ [ [ -104.6500834, 39.982654500000017 ], [ -104.6595247, 39.985703700000023 ], [ -104.6595337, 39.9867293 ], [ -104.6500924, 39.986763700000019 ], [ -104.6500834, 39.982654500000017 ] ] ], [ [ [ -104.6205648, 40.000349 ], [ -104.6094706, 40.0004729 ], [ -104.607377500000013, 39.999192899999976 ], [ -104.6029399, 40.000514200000012 ], [ -104.6029938, 39.98613730000001 ], [ -104.6114738, 39.9861442 ], [ -104.6166392, 39.988684 ], [ -104.6216877, 39.986502099999953 ], [ -104.6216877, 39.995201500000015 ], [ -104.6206367, 39.996612300000017 ], [ -104.6205648, 40.000349 ] ] ], [ [ [ -104.6405523, 39.98668110000002 ], [ -104.640749899999989, 39.991712300000032 ], [ -104.6407589, 39.986784300000032 ], [ -104.6595247, 39.9868945 ], [ -104.6593541, 39.994134799999962 ], [ -104.6477658, 39.993997100000023 ], [ -104.6477658, 39.996158099999988 ], [ -104.6421154, 39.996123699999984 ], [ -104.6416213, 39.995057 ], [ -104.6407859, 39.996116799999982 ], [ -104.6405523, 39.993928299999986 ], [ -104.6405613, 40.000527899999973 ], [ -104.6312368, 40.000500399999929 ], [ -104.6312188, 39.986591600000047 ], [ -104.6405523, 39.98668110000002 ] ] ], [ [ [ -104.6216338, 40.000459099999908 ], [ -104.6206367, 39.996612300000017 ], [ -104.6216518, 39.996632900000023 ], [ -104.6216338, 40.000459099999908 ] ] ] ] } },
{ "type": "Feature", "properties": { "state_po": "CO", "county_geoid": "08001", "pwsid": "CO0101075", "pws_name": "HI LAND ACRES WSD", "population_served_count": 350, "model_method": "", "verification_status": "", "symbology_field": "System Sourced", "intersection_area_sq_km": 0.61360743982383981 }, "geometry": { "type": "MultiPolygon", "coordinates": [ [ [ [ -104.8724973, 39.980527599999981 ], [ -104.8724973, 39.979322899999971 ], [ -104.8749677, 39.97933670000004 ], [ -104.8741233, 39.986529700000048 ], [ -104.8702156, 39.986543400000038 ], [ -104.870206599999989, 39.980513799999976 ], [ -104.8724973, 39.980527599999981 ] ] ], [ [ [ -104.8751204, 39.986474600000037 ], [ -104.8749407, 39.98459560000002 ], [ -104.8771236, 39.986488400000042 ], [ -104.8751204, 39.986474600000037 ] ] ], [ [ [ -104.8810133, 39.986736100000023 ], [ -104.8843012, 39.98686 ], [ -104.8810133, 39.98686 ], [ -104.8810133, 39.986736100000023 ] ] ], [ [ [ -104.8794143, 39.990225700000025 ], [ -104.8749497, 39.9903082 ], [ -104.8749857, 39.986688 ], [ -104.8800072, 39.98686 ], [ -104.8802138, 39.990342700000014 ], [ -104.8844539, 39.991478300000018 ], [ -104.8844539, 39.993529199999983 ], [ -104.8801779, 39.993536 ], [ -104.8794143, 39.990225700000025 ] ] ] ] } },
{ "type": "Feature", "properties": { "state_po": "CO", "county_geoid": "08001", "pwsid": "CO0101145", "pws_name": "STRASBURG WSD", "population_served_count": 2050, "model_method": "", "verification_status": "", "symbology_field": "System Sourced", "intersection_area_sq_km": 0.84054496306990989 }, "geometry": { "type": "Polygon", "coordinates": [ [ [ -104.319880700000013, 39.738532699999979 ], [ -104.3324931, 39.738449800000026 ], [ -104.332502, 39.741786200000035 ], [ -104.330768299999988, 39.742062499999975 ], [ -104.330768299999988, 39.7454816 ], [ -104.3275972, 39.747705699999962 ], [ -104.3262498, 39.7477057 ], [ -104.326375500000012, 39.745516099999989 ], [ -104.3260342, 39.7477057 ], [ -104.324075799999989, 39.747712600000021 ], [ -104.3240938, 39.7455231 ], [ -104.3213899, 39.745536900000019 ], [ -104.3213809, 39.741931300000033 ], [ -104.3196921, 39.742069399999977 ], [ -104.319880700000013, 39.738532699999979 ] ] ] } },
{ "type": "Feature", "properties": { "state_po": "CO", "county_geoid": "08001", "pwsid": "CO0116552", "pws_name": "NORTH LINCOLN WSD", "population_served_count": 1000, "model_method": "", "verification_status": "", "symbology_field": "System Sourced", "intersection_area_sq_km": 0.53220659273639148 }, "geometry": { "type": "MultiPolygon", "coordinates": [ [ [ [ -104.9820828, 39.791529499999953 ], [ -104.9875176, 39.791067 ], [ -104.9868439, 39.796064299999969 ], [ -104.983385399999989, 39.7946217 ], [ -104.9820828, 39.791529499999953 ] ] ], [ [ [ -105.0056097, 39.798286699999984 ], [ -105.006355281538788, 39.791048840175314 ], [ -105.011098399474307, 39.791060525789788 ], [ -105.011089399999989, 39.798348800000021 ], [ -105.0056097, 39.798286699999984 ] ] ] ] } },
{ "type": "Feature", "properties": { "state_po": "CO", "county_geoid": "08001", "pwsid": "CO0116553", "pws_name": "NORTH PECOS WSD", "population_served_count": 2500, "model_method": "", "verification_status": "", "symbology_field": "System Sourced", "intersection_area_sq_km": 6.66552794884457 }, "geometry": { "type": "MultiPolygon", "coordinates": [ [ [ [ -105.006391176727988, 39.791048934663124 ], [ -105.0063104, 39.805643600000074 ], [ -104.9991957, 39.800805799999971 ], [ -104.9977404, 39.791080799999961 ], [ -105.006391176727988, 39.791048934663124 ] ] ], [ [ [ -105.006517, 39.802206799999972 ], [ -105.011826, 39.802952100000013 ], [ -105.006526, 39.803021099999967 ], [ -105.006517, 39.802206799999972 ] ] ], [ [ [ -105.00649, 39.8034421 ], [ -105.0133262, 39.8033455 ], [ -105.0064541, 39.8046705 ], [ -105.00649, 39.8034421 ] ] ], [ [ [ -105.009274800000014, 39.807341200000018 ], [ -105.0072356, 39.8049397 ], [ -105.0099216, 39.807044499999989 ], [ -105.009274800000014, 39.807341200000018 ] ] ], [ [ [ -104.99522518482668, 39.791022039903396 ], [ -104.996896, 39.798279799999946 ], [ -105.0003635, 39.802738199999986 ], [ -105.0063104, 39.80596790000002 ], [ -105.0062924, 39.8087283 ], [ -105.0103707, 39.8086869 ], [ -105.0114757, 39.810198099999987 ], [ -105.006283400000015, 39.8126823 ], [ -105.0062475, 39.81496629999998 ], [ -105.0038669, 39.8149663 ], [ -105.003858, 39.816408400000043 ], [ -105.0062385, 39.8164153 ], [ -105.0054749, 39.820913899999987 ], [ -105.0076489, 39.8201756 ], [ -105.0076399, 39.821900499999927 ], [ -105.0051336, 39.8236874 ], [ -104.9974081, 39.8243498 ], [ -104.9962043, 39.8200101 ], [ -104.993527300000011, 39.8202377 ], [ -104.9909582, 39.822790499999989 ], [ -104.9919463, 39.827274900000035 ], [ -104.9846161, 39.826895499999964 ], [ -104.9835471, 39.8239358 ], [ -104.9850113, 39.823935800000015 ], [ -104.9844094, 39.821817700000011 ], [ -104.9863767, 39.819423600000022 ], [ -104.9839333, 39.8092044 ], [ -104.987364899999989, 39.808611 ], [ -104.9873829, 39.807348100000013 ], [ -104.983583, 39.806471699999975 ], [ -104.9847149, 39.803173 ], [ -104.9872661, 39.8023655 ], [ -104.9861432, 39.800302 ], [ -104.989116020796459, 39.79118814771951 ], [ -104.9932668, 39.792040299999968 ], [ -104.99522518482668, 39.791022039903396 ] ] ], [ [ [ -105.015769600000013, 39.81612550000002 ], [ -105.0064631, 39.816422200000034 ], [ -105.006508, 39.8151388 ], [ -105.0132723, 39.812841 ], [ -105.015769600000013, 39.81612550000002 ] ] ] ] } },
{ "type": "Feature", "properties": { "state_po": "CO", "county_geoid": "08095", "pwsid": "CO0148010", "pws_name": "PAOLI TOWN OF", "population_served_count": 42, "model_method": "Random Forest", "verification_status": "", "symbology_field": "Modeled", "intersection_area_sq_km": 0.23853674442610512 }, "geometry": { "type": "Polygon", "coordinates": [ [ [ -102.463632, 40.609691200000036 ], [ -102.473271, 40.60974940000002 ], [ -102.4733059, 40.613312399999984 ], [ -102.4636259, 40.61169020000002 ], [ -102.463632, 40.609691200000036 ] ] ] } },
{ "type": "Feature", "properties": { "state_po": "CO", "county_geoid": "08095", "pwsid": "CO0148005", "pws_name": "HOLYOKE CITY OF", "population_served_count": 2540, "model_method": "Random Forest", "verification_status": "", "symbology_field": "Modeled", "intersection_area_sq_km": 2.966768804874536 }, "geometry": { "type": "Polygon", "coordinates": [ [ [ -102.3022256, 40.578483700000014 ], [ -102.3021696, 40.571521699999984 ], [ -102.2989776, 40.571156699999982 ], [ -102.3062766, 40.571190699999981 ], [ -102.3076646, 40.5784557 ], [ -102.3118836, 40.57849270000002 ], [ -102.3119516, 40.583541699999962 ], [ -102.3146176, 40.583569700000048 ], [ -102.3146676, 40.585837700000027 ], [ -102.303676599999989, 40.58557370000004 ], [ -102.3022526, 40.58853970000002 ], [ -102.2957676, 40.592988699999971 ], [ -102.292718600000015, 40.59295969999998 ], [ -102.2926336, 40.5866957 ], [ -102.2849486, 40.5856887 ], [ -102.2849676, 40.588240700000043 ], [ -102.2830446, 40.588255700000012 ], [ -102.2829586, 40.5816797 ], [ -102.2854636, 40.581684699999954 ], [ -102.2853116, 40.578387699999972 ], [ -102.2926156, 40.5784337 ], [ -102.2925746, 40.5758377 ], [ -102.2961066, 40.578444699999956 ], [ -102.3022256, 40.578483700000014 ] ] ] } },
{ "type": "Feature", "properties": { "state_po": "CO", "county_geoid": "08095", "pwsid": "CO0148001", "pws_name": "HAXTUN TOWN OF", "population_served_count": 963, "model_method": null, "verification_status": null, "symbology_field": "System Sourced", "intersection_area_sq_km": 2.5066150897081529 }, "geometry": { "type": "MultiPolygon", "coordinates": [ [ [ [ -102.6370298, 40.630027499999983 ], [ -102.6356927, 40.628478499999972 ], [ -102.6378476, 40.627398699999979 ], [ -102.6391372, 40.629100500000014 ], [ -102.6370298, 40.630027499999983 ] ] ], [ [ [ -102.6469715, 40.633563399999979 ], [ -102.6456343, 40.632014399999989 ], [ -102.6477893, 40.630934599999975 ], [ -102.649079, 40.632636400000045 ], [ -102.6469715, 40.633563399999979 ] ] ], [ [ [ -102.6449491, 40.640584399999973 ], [ -102.6436117, 40.6390354 ], [ -102.6457669, 40.637955599999955 ], [ -102.6471043, 40.6395045 ], [ -102.6449491, 40.640584399999973 ] ] ], [ [ [ -102.6420699, 40.643063799999972 ], [ -102.6296577, 40.649465899999953 ], [ -102.6266318, 40.648754399999966 ], [ -102.6259171, 40.647069099999975 ], [ -102.6211076, 40.646773 ], [ -102.6198877, 40.638523399999961 ], [ -102.6237397, 40.636871300000031 ], [ -102.624703599999989, 40.634238700000012 ], [ -102.6362188, 40.6351089 ], [ -102.6388022, 40.6381234 ], [ -102.6380519, 40.641127900000043 ], [ -102.6425582, 40.641494 ], [ -102.6420699, 40.643063799999972 ] ], [ [ -102.6344347, 40.639174200000014 ], [ -102.6337007, 40.6395969 ], [ -102.6346418, 40.639679799999975 ], [ -102.6344347, 40.639174200000014 ] ] ], [ [ [ -102.6464568, 40.643941600000034 ], [ -102.645435, 40.6421373 ], [ -102.647669799999989, 40.641403 ], [ -102.6486916, 40.6432073 ], [ -102.6464568, 40.643941600000034 ] ] ] ] } },
{ "type": "Feature", "properties": { "state_po": "CO", "county_geoid": "08121", "pwsid": "CO0161001", "pws_name": "AKRON TOWN OF", "population_served_count": 2379, "model_method": "Random Forest", "verification_status": "", "symbology_field": "Modeled", "intersection_area_sq_km": 5.3445109322337556 }, "geometry": { "type": "Polygon", "coordinates": [ [ [ -103.2229957, 40.158626600000012 ], [ -103.2273397, 40.159210600000044 ], [ -103.2273607, 40.162359599999974 ], [ -103.2225427, 40.16247460000001 ], [ -103.2229727, 40.1695786 ], [ -103.2134207, 40.170075600000018 ], [ -103.2256307, 40.172065599999968 ], [ -103.2253007, 40.173398599999985 ], [ -103.2134407, 40.1714956 ], [ -103.2133607, 40.17303359999994 ], [ -103.2087887, 40.173086599999984 ], [ -103.2088157, 40.166184599999987 ], [ -103.1911767, 40.1658856 ], [ -103.1913637, 40.1625196 ], [ -103.1957837, 40.162536599999953 ], [ -103.1958577, 40.158650599999987 ], [ -103.1915107, 40.156502599999989 ], [ -103.191473699999989, 40.15510959999996 ], [ -103.2086657, 40.15719160000004 ], [ -103.2099897, 40.1469476 ], [ -103.2282757, 40.147285599999982 ], [ -103.22733070000001, 40.158661600000023 ], [ -103.2229957, 40.158626600000012 ] ] ] } },
{ "type": "Feature", "properties": { "state_po": "CO", "county_geoid": "08121", "pwsid": "CO0161010", "pws_name": "OTIS TOWN OF", "population_served_count": 600, "model_method": null, "verification_status": null, "symbology_field": "System Sourced", "intersection_area_sq_km": 1.8462645952887435 }, "geometry": { "type": "MultiPolygon", "coordinates": [ [ [ [ -102.9639677, 40.1392843 ], [ -102.9592236, 40.135975700000053 ], [ -102.9605086, 40.133538299999977 ], [ -102.9631022, 40.1338933 ], [ -102.9633276, 40.136886200000014 ], [ -102.966107, 40.138204400000049 ], [ -102.9639677, 40.1392843 ] ] ], [ [ [ -102.9594686, 40.156107800000015 ], [ -102.9575048, 40.155130899999989 ], [ -102.9558352, 40.150568899999982 ], [ -102.9520984, 40.149331499999988 ], [ -102.9580684, 40.147518599999984 ], [ -102.9575087, 40.1435425 ], [ -102.9609123, 40.140118199999975 ], [ -102.9659919, 40.14869060000003 ], [ -102.970066300000013, 40.150272299999934 ], [ -102.972161, 40.148577599999975 ], [ -102.9735124, 40.149970599999961 ], [ -102.970387699999989, 40.150739799999975 ], [ -102.9696172, 40.1547248 ], [ -102.9650302, 40.158064200000027 ], [ -102.962959399999988, 40.157784 ], [ -102.9614123, 40.154964400000033 ], [ -102.9594686, 40.156107800000015 ] ] ] ] } },
{ "type": "Feature", "properties": { "state_po": "CO", "county_geoid": "08089", "pwsid": "CO0145030", "pws_name": "BEEHIVE WC NO1", "population_served_count": 154, "model_method": "Random Forest", "verification_status": "", "symbology_field": "Modeled", "intersection_area_sq_km": 0.023463093538210935 }, "geometry": { "type": "Polygon", "coordinates": [ [ [ -103.5283426, 38.105030300000017 ], [ -103.5274646, 38.107308299999978 ], [ -103.527454600000013, 38.1049033 ], [ -103.5283426, 38.105030300000017 ] ] ] } },
{ "type": "Feature", "properties": { "state_po": "CO", "county_geoid": "08089", "pwsid": "CO0145090", "pws_name": "CHERAW TOWN OF", "population_served_count": 254, "model_method": "Random Forest", "verification_status": "", "symbology_field": "Modeled", "intersection_area_sq_km": 0.45551988283902944 }, "geometry": { "type": "Polygon", "coordinates": [ [ [ -103.5156646, 38.105419300000023 ], [ -103.514806600000014, 38.109442299999962 ], [ -103.5117336, 38.1094383 ], [ -103.5084046, 38.113499299999987 ], [ -103.5075086, 38.107633300000025 ], [ -103.5090156, 38.107276299999981 ], [ -103.5067346, 38.1065153 ], [ -103.5089836, 38.1065363 ], [ -103.5090106, 38.103672300000071 ], [ -103.5136326, 38.103673299999954 ], [ -103.5136276, 38.105443299999969 ], [ -103.5156646, 38.105419300000023 ] ] ] } },
{ "type": "Feature", "properties": { "state_po": "CO", "county_geoid": "08089", "pwsid": "CO0145150", "pws_name": "EUREKA WC", "population_served_count": 498, "model_method": "Random Forest", "verification_status": "", "symbology_field": "Modeled", "intersection_area_sq_km": 0.2455393278318484 }, "geometry": { "type": "Polygon", "coordinates": [ [ [ -103.7460239, 38.040739699999939 ], [ -103.7460198, 38.0443867 ], [ -103.7390988, 38.044392599999966 ], [ -103.7391589, 38.040765599999951 ], [ -103.7460239, 38.040739699999939 ] ] ] } },
{ "type": "Feature", "properties": { "state_po": "CO", "county_geoid": "08089", "pwsid": "CO0145210", "pws_name": "FOWLER TOWN OF", "population_served_count": 1169, "model_method": "Random Forest", "verification_status": "", "symbology_field": "Modeled", "intersection_area_sq_km": 1.8786266883760354 }, "geometry": { "type": "Polygon", "coordinates": [ [ [ -104.0250897, 38.123161299999978 ], [ -104.0249747, 38.1254063 ], [ -104.0272897, 38.1236153 ], [ -104.0330427, 38.12537029999995 ], [ -104.0330017, 38.1272373 ], [ -104.0410657, 38.1272373 ], [ -104.0410647, 38.135854299999984 ], [ -104.0295597, 38.13259529999997 ], [ -104.0225567, 38.1336213 ], [ -104.0220447, 38.1316783 ], [ -104.0134687, 38.1304503 ], [ -104.0134907, 38.129033299999989 ], [ -104.0167327, 38.1290443 ], [ -104.0180777, 38.127265299999962 ], [ -104.0181237, 38.124127299999984 ], [ -104.0203897, 38.1238103 ], [ -104.0215177, 38.125422300000032 ], [ -104.0215567, 38.1236063 ], [ -104.0250897, 38.123161299999978 ] ] ] } },
{ "type": "Feature", "properties": { "state_po": "CO", "county_geoid": "08089", "pwsid": "CO0145570", "pws_name": "RIVERSIDE WC", "population_served_count": 90, "model_method": "Decision Tree", "verification_status": "", "symbology_field": "Modeled", "intersection_area_sq_km": 2.0972693733225007 }, "geometry": { "type": "Polygon", "coordinates": [ [ [ -103.6283756, 38.039753300000015 ], [ -103.6283686, 38.050727299999956 ], [ -103.6346696, 38.052234299999967 ], [ -103.6346486, 38.054320299999937 ], [ -103.6283486, 38.054338300000069 ], [ -103.6283976, 38.061467300000047 ], [ -103.6192806, 38.061403299999981 ], [ -103.6192156, 38.0399223 ], [ -103.6283756, 38.039753300000015 ] ] ] } },
{ "type": "Feature", "properties": { "state_po": "CO", "county_geoid": "08089", "pwsid": "CO0145630", "pws_name": "NORTH HOLBROOK WC", "population_served_count": 58, "model_method": "Random Forest", "verification_status": "", "symbology_field": "Modeled", "intersection_area_sq_km": 95.087018935917897 }, "geometry": { "type": "Polygon", "coordinates": [ [ [ -103.5647386, 38.1724323 ], [ -103.5643176, 38.129407299999954 ], [ -103.5278706, 38.1288383 ], [ -103.5337946, 38.1260963 ], [ -103.5429746, 38.115384300000024 ], [ -103.5489906, 38.110897300000033 ], [ -103.5546576, 38.1043033 ], [ -103.5608386, 38.101421299999977 ], [ -103.5620386, 38.100640299999974 ], [ -103.5646336, 38.098316299999958 ], [ -103.5686266, 38.1001143 ], [ -103.5830196, 38.09347429999994 ], [ -103.5837426, 38.086493300000036 ], [ -103.588114600000011, 38.08434029999998 ], [ -103.6019856, 38.0843143 ], [ -103.6062996, 38.082802299999976 ], [ -103.6063476, 38.080419299999967 ], [ -103.6159336, 38.0781483 ], [ -103.6107566, 38.0791013 ], [ -103.599628599999988, 38.0820683 ], [ -103.5890696, 38.0828763 ], [ -103.5742016, 38.090162300000017 ], [ -103.5618446, 38.1006183 ], [ -103.5545946, 38.104177299999968 ], [ -103.5488446, 38.110826300000021 ], [ -103.5458166, 38.112756300000015 ], [ -103.5542726, 38.103722299999987 ], [ -103.5642676, 38.0976913 ], [ -103.5649176, 38.0843203 ], [ -103.5281566, 38.084495299999944 ], [ -103.528062600000013, 38.0550613 ], [ -103.6192606, 38.054411299999984 ], [ -103.6192866, 38.065547300000013 ], [ -103.6213926, 38.069022299999958 ], [ -103.6193696, 38.0706073 ], [ -103.6193326, 38.07712829999997 ], [ -103.628075599999988, 38.073477299999944 ], [ -103.6324176, 38.07453230000003 ], [ -103.6495906, 38.072206299999962 ], [ -103.6537686, 38.068842300000028 ], [ -103.665398599999989, 38.068768300000038 ], [ -103.664695705561954, 38.112982917734236 ], [ -103.619172, 38.113355 ], [ -103.619283, 38.171455 ], [ -103.5647386, 38.1724323 ] ] ] } },
{ "type": "Feature", "properties": { "state_po": "CO", "county_geoid": "08089", "pwsid": "CO0145720", "pws_name": "SWINK TOWN OF", "population_served_count": 660, "model_method": "Random Forest", "verification_status": "", "symbology_field": "Modeled", "intersection_area_sq_km": 0.73524612053339766 }, "geometry": { "type": "Polygon", "coordinates": [ [ [ -103.6285746, 38.00935230000001 ], [ -103.6285686, 38.0109343 ], [ -103.6334636, 38.010973300000018 ], [ -103.6328076, 38.017541299999969 ], [ -103.6284116, 38.015762299999949 ], [ -103.6311526, 38.018131300000015 ], [ -103.6283586, 38.018181300000059 ], [ -103.6252286, 38.016003299999923 ], [ -103.6232256, 38.0177883 ], [ -103.6212846, 38.016995299999948 ], [ -103.6224136, 38.0145623 ], [ -103.6193436, 38.012871299999958 ], [ -103.6255726, 38.014231299999963 ], [ -103.6239356, 38.013492300000038 ], [ -103.6240456, 38.009324299999989 ], [ -103.6285746, 38.00935230000001 ] ] ] } },
{ "type": "Feature", "properties": { "state_po": "CO", "county_geoid": "08089", "pwsid": "CO0145450", "pws_name": "MANZANOLA TOWN OF", "population_served_count": 497, "model_method": null, "verification_status": null, "symbology_field": "System Sourced", "intersection_area_sq_km": 1.4490024961874004 }, "geometry": { "type": "MultiPolygon", "coordinates": [ [ [ [ -103.8732843, 38.099992800000024 ], [ -103.8717756, 38.098572 ], [ -103.873681300000015, 38.097308399999982 ], [ -103.87519, 38.098729199999973 ], [ -103.8732843, 38.099992800000024 ] ] ], [ [ [ -103.8666443, 38.1142701 ], [ -103.8630736, 38.114706 ], [ -103.8637108, 38.111043699999975 ], [ -103.860391299999989, 38.107487 ], [ -103.860243, 38.104637600000011 ], [ -103.8680433, 38.102847700000019 ], [ -103.8739436, 38.1035144 ], [ -103.8746936, 38.1053405 ], [ -103.8775534, 38.10462290000001 ], [ -103.8772859, 38.10891 ], [ -103.873317899999989, 38.108995799999974 ], [ -103.8749681, 38.112478400000036 ], [ -103.8700895, 38.111290800000013 ], [ -103.8666443, 38.1142701 ] ] ] ] } },
{ "type": "Feature", "properties": { "state_po": "CO", "county_geoid": "08101", "pwsid": "CO0151350", "pws_name": "MOUNTAIN SHADOWS MOBILE ESTATES", "population_served_count": 45, "model_method": "Parcel", "verification_status": "", "symbology_field": "Modeled", "intersection_area_sq_km": 0.043489772408593294 }, "geometry": { "type": "Polygon", "coordinates": [ [ [ -104.9305319, 38.08507620000001 ], [ -104.9342959, 38.084049199999981 ], [ -104.930605899999989, 38.086484200000065 ], [ -104.9305319, 38.08507620000001 ] ] ] } },
{ "type": "Feature", "properties": { "state_po": "CO", "county_geoid": "08101", "pwsid": "CO0121470", "pws_name": "WIGWAM MUTUAL WC", "population_served_count": 1300, "model_method": "Random Forest", "verification_status": "", "symbology_field": "Modeled", "intersection_area_sq_km": 1.9990701374370263 }, "geometry": { "type": "Polygon", "coordinates": [ [ [ -104.6064624, 38.422042 ], [ -104.6119984, 38.401812399999962 ], [ -104.6165545, 38.401925300000016 ], [ -104.607258, 38.4301798 ], [ -104.6059402, 38.451132 ], [ -104.6193996, 38.4849429 ], [ -104.616264199999989, 38.4864165 ], [ -104.6074023, 38.462672500000053 ], [ -104.6048495, 38.449783 ], [ -104.6064624, 38.422042 ] ] ] } },
{ "type": "Feature", "properties": { "state_po": "CO", "county_geoid": "08101", "pwsid": "CO0151050", "pws_name": "AVONDALE WSD", "population_served_count": 1615, "model_method": "", "verification_status": "", "symbology_field": "System Sourced", "intersection_area_sq_km": 17.21061875933438 }, "geometry": { "type": "MultiPolygon", "coordinates": [ [ [ [ -104.3020222, 38.200100500000026 ], [ -104.306010700000016, 38.1994016 ], [ -104.3073312, 38.196133 ], [ -104.3099274, 38.195123400000035 ], [ -104.308544, 38.194269200000051 ], [ -104.3107179, 38.191614599999959 ], [ -104.3135027, 38.1930337 ], [ -104.3131703, 38.1948622 ], [ -104.3178505, 38.194890499999957 ], [ -104.317787599999988, 38.202133599999968 ], [ -104.312281, 38.201032399999981 ], [ -104.3086697, 38.201900700000046 ], [ -104.3077624, 38.2068279 ], [ -104.3055705, 38.2069479 ], [ -104.3054178, 38.212982899999972 ], [ -104.2853854, 38.213039399999978 ], [ -104.2853854, 38.210830100000045 ], [ -104.295734, 38.2052749 ], [ -104.2947728, 38.202677200000025 ], [ -104.3023456, 38.201717100000025 ], [ -104.3020222, 38.200100500000026 ] ] ], [ [ [ -104.3163324, 38.2142604 ], [ -104.3176978, 38.213117 ], [ -104.3177337, 38.214225100000021 ], [ -104.3163324, 38.2142604 ] ] ], [ [ [ -104.2970006, 38.215502700000016 ], [ -104.3060017, 38.213152300000012 ], [ -104.3130984, 38.213117 ], [ -104.3129188, 38.219687899999983 ], [ -104.2992015, 38.220301900000031 ], [ -104.2992284, 38.2165966 ], [ -104.296794, 38.216653099999988 ], [ -104.2970006, 38.215502700000016 ] ] ], [ [ [ -104.346866100000014, 38.238246899999979 ], [ -104.3419343, 38.238282199999979 ], [ -104.3407306, 38.2401661 ], [ -104.3407755, 38.2363489 ], [ -104.335206, 38.235805600000027 ], [ -104.3343166, 38.237597799999953 ], [ -104.3344334, 38.2355798 ], [ -104.3308941, 38.234592 ], [ -104.3306785, 38.238762 ], [ -104.3259982, 38.236539400000019 ], [ -104.3123259, 38.236546499999974 ], [ -104.312811, 38.231614199999967 ], [ -104.3268157, 38.2347754 ], [ -104.3275254, 38.2339428 ], [ -104.3251359, 38.233568799999986 ], [ -104.3252975, 38.218855099999963 ], [ -104.3316576, 38.218431599999967 ], [ -104.3307863, 38.2128912 ], [ -104.3200334, 38.212940599999989 ], [ -104.3200334, 38.211126599999986 ], [ -104.3184344, 38.211119499999967 ], [ -104.3177337, 38.212947600000028 ], [ -104.317751700000017, 38.2057479 ], [ -104.3315947, 38.205712600000041 ], [ -104.3313073, 38.21306060000002 ], [ -104.3361582, 38.213053499999987 ], [ -104.336140199999988, 38.209616099999948 ], [ -104.338421900000014, 38.209609 ], [ -104.338386, 38.21306060000002 ], [ -104.3454198, 38.2130676 ], [ -104.345339, 38.206602 ], [ -104.3499383, 38.204427900000013 ], [ -104.3499833, 38.198469800000012 ], [ -104.3546186, 38.198491 ], [ -104.3545647, 38.205776100000016 ], [ -104.3774807, 38.205783200000049 ], [ -104.3773998, 38.209291399999962 ], [ -104.3817028, 38.2093761 ], [ -104.381595, 38.212968799999949 ], [ -104.3862482, 38.212919399999983 ], [ -104.3860686, 38.2201325 ], [ -104.3816578, 38.2201325 ], [ -104.3816578, 38.2150298 ], [ -104.359191, 38.216617800000016 ], [ -104.3592, 38.223767099999961 ], [ -104.3500012, 38.223724699999963 ], [ -104.3505312, 38.234733100000021 ], [ -104.352247, 38.234662499999963 ], [ -104.3530465, 38.2366029 ], [ -104.3599007, 38.236617 ], [ -104.3578794, 38.24181710000002 ], [ -104.3483663, 38.241852299999984 ], [ -104.346866100000014, 38.238246899999979 ] ] ], [ [ [ -104.302139, 38.230132300000037 ], [ -104.299075699999989, 38.229462 ], [ -104.302139, 38.229497300000041 ], [ -104.302139, 38.230132300000037 ] ] ], [ [ [ -104.2999291, 38.230922699999958 ], [ -104.299057800000014, 38.230379299999974 ], [ -104.2999291, 38.230464 ], [ -104.2999291, 38.230922699999958 ] ] ], [ [ [ -104.3050855, 38.230640400000027 ], [ -104.3053819, 38.230047700000028 ], [ -104.3053909, 38.230668599999973 ], [ -104.3050855, 38.230640400000027 ] ] ], [ [ [ -104.307915099999988, 38.234768400000014 ], [ -104.3011778, 38.234733100000021 ], [ -104.3014563, 38.2306122 ], [ -104.3082296, 38.231120300000022 ], [ -104.307915099999988, 38.234768400000014 ] ] ], [ [ [ -104.3617781, 38.240624699999962 ], [ -104.3609517, 38.240645900000018 ], [ -104.3613559, 38.2403142 ], [ -104.3617781, 38.240624699999962 ] ] ], [ [ [ -104.2850351, 38.220196 ], [ -104.276016, 38.220160799999988 ], [ -104.2761328, 38.2129053 ], [ -104.2852507, 38.2130394 ], [ -104.2850351, 38.220196 ] ] ], [ [ [ -104.2600529, 38.223908200000047 ], [ -104.257519699999989, 38.2212053 ], [ -104.2575466, 38.220181900000043 ], [ -104.2619124, 38.220160799999981 ], [ -104.2620292, 38.223781199999976 ], [ -104.2600529, 38.223908200000047 ] ] ], [ [ [ -104.2633857, 38.227345 ], [ -104.2620651, 38.225086700000048 ], [ -104.2655326, 38.222454400000018 ], [ -104.2665747, 38.2285093 ], [ -104.2689372, 38.22858690000001 ], [ -104.2688654, 38.233131300000032 ], [ -104.2664399, 38.233851099999967 ], [ -104.2665298, 38.22834 ], [ -104.2633857, 38.227345 ] ] ], [ [ [ -104.2706261, 38.228481100000025 ], [ -104.2696739, 38.227366100000012 ], [ -104.2706171, 38.227387300000053 ], [ -104.2706261, 38.228481100000025 ] ] ], [ [ [ -104.276537, 38.226498099999965 ], [ -104.2777767, 38.2285587 ], [ -104.2759711, 38.2284882 ], [ -104.276537, 38.226498099999965 ] ] ], [ [ [ -104.2618765, 38.229222 ], [ -104.2641762, 38.228290600000015 ], [ -104.2641582, 38.229222 ], [ -104.2618765, 38.229222 ] ] ], [ [ [ -104.2898949, 38.229109100000038 ], [ -104.2899039, 38.227288499999972 ], [ -104.2943775, 38.2275849 ], [ -104.29434160000001, 38.22937020000002 ], [ -104.2898949, 38.229109100000038 ] ] ], [ [ [ -104.2954375, 38.229469 ], [ -104.296273, 38.228897399999987 ], [ -104.296282, 38.229546699999972 ], [ -104.2954375, 38.229469 ] ] ], [ [ [ -104.2975486, 38.231204900000016 ], [ -104.298914, 38.2303652 ], [ -104.298923, 38.231317799999978 ], [ -104.2975486, 38.231204900000016 ] ] ] ] } },
{ "type": "Feature", "properties": { "state_po": "CO", "county_geoid": "08101", "pwsid": "CO0151100", "pws_name": "BEULAH WATER WORKS DISTRICT", "population_served_count": 445, "model_method": "", "verification_status": "", "symbology_field": "System Sourced", "intersection_area_sq_km": 0.61480017234939643 }, "geometry": { "type": "Polygon", "coordinates": [ [ [ -104.9933656, 38.0746731 ], [ -104.982828399999988, 38.077013799999975 ], [ -104.9819391, 38.075323700000041 ], [ -104.9765402, 38.076059199999975 ], [ -104.9764953, 38.074050799999988 ], [ -104.9790914, 38.074043800000013 ], [ -104.979864, 38.075472200000014 ], [ -104.9860174, 38.074581199999976 ], [ -104.9889459, 38.070147200000015 ], [ -104.9854156, 38.06948239999997 ], [ -104.9887663, 38.068789299999985 ], [ -104.9904641, 38.069496500000014 ], [ -104.9903383, 38.072919400000025 ], [ -104.9980638, 38.07303960000003 ], [ -104.997632599999989, 38.074369099999984 ], [ -104.9994922, 38.074878199999972 ], [ -104.9970487, 38.0762642 ], [ -104.9933656, 38.0746731 ] ] ] } },
{ "type": "Feature", "properties": { "state_po": "CO", "county_geoid": "08101", "pwsid": "CO0151150", "pws_name": "BOONE TOWN OF", "population_served_count": 263, "model_method": "", "verification_status": "", "symbology_field": "System Sourced", "intersection_area_sq_km": 1.0109205271930737 }, "geometry": { "type": "Polygon", "coordinates": [ [ [ -104.2568908, 38.2552282 ], [ -104.2510069, 38.253126 ], [ -104.2518872, 38.245965499999976 ], [ -104.265883, 38.245641 ], [ -104.2660177, 38.251877399999955 ], [ -104.256783, 38.252060800000017 ], [ -104.2568908, 38.2552282 ] ] ] } },
{ "type": "Feature", "properties": { "state_po": "CO", "county_geoid": "08101", "pwsid": "CO0151200", "pws_name": "COLORADO CITY MD", "population_served_count": 2755, "model_method": "", "verification_status": "", "symbology_field": "System Sourced", "intersection_area_sq_km": 39.048889202881398 }, "geometry": { "type": "Polygon", "coordinates": [ [ [ -104.8061567, 37.967304 ], [ -104.8061657, 37.960023399999983 ], [ -104.810774099999989, 37.960065900000032 ], [ -104.8107651, 37.955709900000016 ], [ -104.7964909, 37.963550499999982 ], [ -104.8025994, 37.9516229 ], [ -104.7921251, 37.952012500000016 ], [ -104.7920622, 37.937780399999987 ], [ -104.7967334, 37.9379292 ], [ -104.79694, 37.934230899999967 ], [ -104.8015663, 37.934308799999968 ], [ -104.8019167, 37.927485499999982 ], [ -104.8202693, 37.927166600000035 ], [ -104.820233300000012, 37.9298308 ], [ -104.8475062, 37.93014970000003 ], [ -104.8473804, 37.9127668 ], [ -104.8519529, 37.912844700000015 ], [ -104.85189, 37.9092443 ], [ -104.8655533, 37.9094853 ], [ -104.8654006, 37.894713399999986 ], [ -104.870009, 37.894777199999965 ], [ -104.869982, 37.891338899999987 ], [ -104.8837622, 37.891530300000056 ], [ -104.8846066, 37.9170969 ], [ -104.8938772, 37.917139399999968 ], [ -104.893976, 37.924381799999956 ], [ -104.8848312, 37.924488099999955 ], [ -104.884418, 37.931446300000054 ], [ -104.8756863, 37.931503 ], [ -104.8759199, 37.938425199999983 ], [ -104.8797557, 37.938581 ], [ -104.8797737, 37.940607199999967 ], [ -104.8797647, 37.942442100000022 ], [ -104.8759199, 37.94239960000003 ], [ -104.8758211, 37.960391699999981 ], [ -104.861987, 37.960278399999986 ], [ -104.862014, 37.967502300000035 ], [ -104.852698499999988, 37.967544800000056 ], [ -104.8526446, 37.9601863 ], [ -104.8477398, 37.960129700000088 ], [ -104.8477308, 37.963763 ], [ -104.8431314, 37.9637063 ], [ -104.8431404, 37.9673395 ], [ -104.833905699999988, 37.967240300000022 ], [ -104.833905699999988, 37.9708804 ], [ -104.8200267, 37.970788299999974 ], [ -104.8200627, 37.967410299999962 ], [ -104.8061567, 37.967304 ] ] ] } },
{ "type": "Feature", "properties": { "state_po": "CO", "county_geoid": "08101", "pwsid": "CO0151450", "pws_name": "PINE DRIVE WD", "population_served_count": 416, "model_method": "", "verification_status": "", "symbology_field": "System Sourced", "intersection_area_sq_km": 1.9554844574146781 }, "geometry": { "type": "Polygon", "coordinates": [ [ [ -104.9714198, 38.073110300000018 ], [ -104.9614575, 38.0730113 ], [ -104.9601729, 38.070380499999963 ], [ -104.9572264, 38.0696451 ], [ -104.9660389, 38.0692773 ], [ -104.9659221, 38.065649199999989 ], [ -104.9728302, 38.06574819999998 ], [ -104.972893, 38.0685277 ], [ -104.975049, 38.068167 ], [ -104.9750939, 38.065663399999956 ], [ -104.9763875, 38.0656068 ], [ -104.9763516, 38.0678982 ], [ -104.9779775, 38.067679 ], [ -104.982064799999989, 38.063690100000024 ], [ -104.9805377, 38.063661799999977 ], [ -104.9836459, 38.061002399999964 ], [ -104.9837627, 38.0585835 ], [ -104.986242, 38.058583499999983 ], [ -104.9845262, 38.056397800000028 ], [ -104.98838, 38.054926499999979 ], [ -104.9881464, 38.051460399999982 ], [ -104.9913355, 38.051594800000053 ], [ -104.988919, 38.048984600000018 ], [ -104.9930872, 38.045164400000012 ], [ -104.995315, 38.046296300000016 ], [ -104.995306, 38.0539504 ], [ -104.9943268, 38.052754899999954 ], [ -104.991784599999988, 38.053412800000011 ], [ -104.9872571, 38.060387100000035 ], [ -104.9906348, 38.061037799999951 ], [ -104.9904821, 38.065847199999979 ], [ -104.9857569, 38.065889699999971 ], [ -104.985137099999989, 38.063973 ], [ -104.9808431, 38.0694682 ], [ -104.971312, 38.070684600000014 ], [ -104.9714198, 38.073110300000018 ] ] ] } },
{ "type": "Feature", "properties": { "state_po": "CO", "county_geoid": "08101", "pwsid": "CO0151700", "pws_name": "RYE TOWN OF", "population_served_count": 745, "model_method": "", "verification_status": "", "symbology_field": "System Sourced", "intersection_area_sq_km": 0.24997802285759213 }, "geometry": { "type": "Polygon", "coordinates": [ [ [ -104.9276494, 37.923531099999984 ], [ -104.9261852, 37.9225107 ], [ -104.9287275, 37.920569 ], [ -104.9286197, 37.917635099999963 ], [ -104.930012100000013, 37.9176352 ], [ -104.9300749, 37.9199312 ], [ -104.932931599999989, 37.919867499999988 ], [ -104.9351414, 37.921873 ], [ -104.9276494, 37.923531099999984 ] ] ] } },
{ "type": "Feature", "properties": { "state_po": "CO", "county_geoid": "08101", "pwsid": "CO0151400", "pws_name": "BAXTER WATER AND SERVICES", "population_served_count": 350, "model_method": null, "verification_status": null, "symbology_field": "System Sourced", "intersection_area_sq_km": 1.4793957184122069 }, "geometry": { "type": "MultiPolygon", "coordinates": [ [ [ [ -104.508311, 38.2653897 ], [ -104.507231499999989, 38.270158699999982 ], [ -104.5048883, 38.27083109999996 ], [ -104.5026958, 38.268121800000024 ], [ -104.5031131, 38.264363600000038 ], [ -104.508311, 38.2653897 ] ] ], [ [ [ -104.4954538, 38.2760282 ], [ -104.4870572, 38.275694499999965 ], [ -104.4864851, 38.2710579 ], [ -104.4891941, 38.271019500000023 ], [ -104.4907852, 38.268566500000013 ], [ -104.4926837, 38.269751599999971 ], [ -104.4949628, 38.268747500000018 ], [ -104.5027473, 38.269526199999987 ], [ -104.504178, 38.271634900000024 ], [ -104.5030681, 38.2751007 ], [ -104.5010519, 38.275381 ], [ -104.498704, 38.2735542 ], [ -104.4954538, 38.2760282 ] ] ], [ [ [ -104.5108918, 38.274924700000028 ], [ -104.5087536, 38.2701831 ], [ -104.5102658, 38.2687623 ], [ -104.5130526, 38.271268200000023 ], [ -104.5128611, 38.274145 ], [ -104.5108918, 38.274924700000028 ] ] ] ] } },
{ "type": "Feature", "properties": { "state_po": "CO", "county_geoid": "08003", "pwsid": "CO0102300", "pws_name": "VALLEY MOBILE HOME LLC", "population_served_count": 85, "model_method": "Random Forest", "verification_status": "", "symbology_field": "Modeled", "intersection_area_sq_km": 5.7387014948844772 }, "geometry": { "type": "Polygon", "coordinates": [ [ [ -105.875779099999988, 37.516706 ], [ -105.8578101, 37.517587 ], [ -105.8481581, 37.512445 ], [ -105.8406671, 37.502546 ], [ -105.857604099999989, 37.50246 ], [ -105.8574311, 37.487951 ], [ -105.8665671, 37.487976 ], [ -105.8665711, 37.495113 ], [ -105.8710031, 37.495037 ], [ -105.8711311, 37.502341 ], [ -105.8756701, 37.502297 ], [ -105.875779099999988, 37.516706 ] ] ] } },
{ "type": "Feature", "properties": { "state_po": "CO", "county_geoid": "08003", "pwsid": "CO0102200", "pws_name": "EAST ALAMOSA", "population_served_count": 1453, "model_method": null, "verification_status": null, "symbology_field": "System Sourced", "intersection_area_sq_km": 3.7155078641681447 }, "geometry": { "type": "Polygon", "coordinates": [ [ [ -105.8558565, 37.4742513 ], [ -105.8517752, 37.473652699999967 ], [ -105.8509281, 37.469100899999972 ], [ -105.8589428, 37.467774200000058 ], [ -105.8617377, 37.470997900000022 ], [ -105.8581107, 37.475724499999977 ], [ -105.8602345, 37.481133800000059 ], [ -105.8583642, 37.482398500000031 ], [ -105.8582336, 37.487857399999982 ], [ -105.8565633, 37.488974200000058 ], [ -105.854938499999989, 37.488010299999985 ], [ -105.855179800000016, 37.4849373 ], [ -105.850076, 37.482814 ], [ -105.8485681, 37.47888609999994 ], [ -105.8477889, 37.48086 ], [ -105.8437933, 37.4805101 ], [ -105.8434902, 37.482309199999975 ], [ -105.8414955, 37.482589499999982 ], [ -105.8387454, 37.4800326 ], [ -105.8377678, 37.474050699999964 ], [ -105.8300248, 37.474268700000039 ], [ -105.82877830000001, 37.471125099999973 ], [ -105.8320577, 37.4694076 ], [ -105.8316534, 37.4669958 ], [ -105.8342185, 37.467767599999988 ], [ -105.8381446, 37.4662371 ], [ -105.839769, 37.467201 ], [ -105.8401442, 37.471944600000029 ], [ -105.8419016, 37.467309799999988 ], [ -105.846583700000011, 37.471571799999978 ], [ -105.8451164, 37.468553600000057 ], [ -105.8479003, 37.465605 ], [ -105.851357, 37.47571309999995 ], [ -105.8552567, 37.475958800000043 ], [ -105.8558565, 37.4742513 ] ], [ [ -105.8338915, 37.469224099999977 ], [ -105.833675, 37.469160300000013 ], [ -105.83358530000001, 37.469213599999961 ], [ -105.8338915, 37.469224099999977 ] ], [ [ -105.8480258, 37.475368599999939 ], [ -105.8478539, 37.475576599999989 ], [ -105.8478677, 37.4755847 ], [ -105.8480258, 37.475368599999939 ] ] ] } },
{ "type": "Feature", "properties": { "state_po": "CO", "county_geoid": "08011", "pwsid": "CO0106900", "pws_name": "FORT LYON", "population_served_count": 300, "model_method": "Random Forest", "verification_status": "", "symbology_field": "Modeled", "intersection_area_sq_km": 0.10169785048907265 }, "geometry": { "type": "MultiPolygon", "coordinates": [ [ [ [ -103.135293499999989, 38.0755353 ], [ -103.1317705, 38.076589300000016 ], [ -103.1314535, 38.075330299999969 ], [ -103.1346095, 38.074668299999963 ], [ -103.135293499999989, 38.0755353 ] ] ], [ [ [ -103.1338255, 38.077139300000034 ], [ -103.1357085, 38.0761793 ], [ -103.1362285, 38.076705300000015 ], [ -103.1338255, 38.077139300000034 ] ] ], [ [ [ -103.1426125, 38.0833713 ], [ -103.1425565, 38.080483300000019 ], [ -103.1439915, 38.0804933 ], [ -103.144113499999989, 38.08328829999995 ], [ -103.1426125, 38.0833713 ] ] ] ] } },
{ "type": "Feature", "properties": { "state_po": "CO", "county_geoid": "08011", "pwsid": "CO0106200", "pws_name": "HASTY WC", "population_served_count": 244, "model_method": "Random Forest", "verification_status": "", "symbology_field": "Modeled", "intersection_area_sq_km": 0.84647575623775129 }, "geometry": { "type": "Polygon", "coordinates": [ [ [ -102.9567317, 38.099824 ], [ -102.958107399999989, 38.113669 ], [ -102.9495004, 38.113799899999933 ], [ -102.949431499999989, 38.1070409 ], [ -102.9513636, 38.106119899999975 ], [ -102.9494546, 38.104300899999984 ], [ -102.9535446, 38.1034 ], [ -102.9535547, 38.099824 ], [ -102.9567317, 38.099824 ] ] ] } },
{ "type": "Feature", "properties": { "state_po": "CO", "county_geoid": "08011", "pwsid": "CO0106500", "pws_name": "MCCLAVE WA INC", "population_served_count": 378, "model_method": "Random Forest", "verification_status": "", "symbology_field": "Modeled", "intersection_area_sq_km": 0.31327932118739915 }, "geometry": { "type": "Polygon", "coordinates": [ [ [ -102.8511604, 38.117604299999968 ], [ -102.8511504, 38.128540299999983 ], [ -102.8495914, 38.128529299999983 ], [ -102.8463114, 38.1233403 ], [ -102.8511604, 38.117604299999968 ] ] ] } },
{ "type": "Feature", "properties": { "state_po": "CO", "county_geoid": "08011", "pwsid": "CO0106300", "pws_name": "LAS ANIMAS CITY OF", "population_served_count": 2139, "model_method": null, "verification_status": null, "symbology_field": "System Sourced", "intersection_area_sq_km": 4.6601564551009895 }, "geometry": { "type": "MultiPolygon", "coordinates": [ [ [ [ -103.2317416, 38.055690799999979 ], [ -103.233253499999989, 38.054777400000013 ], [ -103.2344135, 38.05596780000004 ], [ -103.2329017, 38.056881199999985 ], [ -103.2317416, 38.055690799999979 ] ] ], [ [ [ -103.204411799999988, 38.065013200000017 ], [ -103.2059236, 38.064099799999973 ], [ -103.2070837, 38.06529010000002 ], [ -103.2055718, 38.0662034 ], [ -103.204411799999988, 38.065013200000017 ] ] ], [ [ [ -103.2017841, 38.065900500000019 ], [ -103.2032959, 38.064987200000012 ], [ -103.204456, 38.0661775 ], [ -103.2029441, 38.067090799999974 ], [ -103.2017841, 38.065900500000019 ] ] ], [ [ [ -103.2442445, 38.063956400000031 ], [ -103.2466664, 38.063641600000011 ], [ -103.2474294, 38.067943600000014 ], [ -103.2445126, 38.067573500000016 ], [ -103.243867099999989, 38.068936800000046 ], [ -103.2393361, 38.0696685 ], [ -103.237912799999989, 38.067789 ], [ -103.2357365, 38.068267200000015 ], [ -103.235884200000015, 38.072386600000051 ], [ -103.2319001, 38.0724697 ], [ -103.2338124, 38.074710599999968 ], [ -103.2321536, 38.076801800000041 ], [ -103.228983, 38.075442400000028 ], [ -103.2304454, 38.0722827 ], [ -103.2286873, 38.071796399999954 ], [ -103.2214612, 38.074433 ], [ -103.2215442, 38.07819530000004 ], [ -103.2191089, 38.0805369 ], [ -103.2169814, 38.079446600000011 ], [ -103.2165675, 38.075982400000029 ], [ -103.2129779, 38.075772899999976 ], [ -103.214967699999988, 38.0730932 ], [ -103.211067899999989, 38.067857 ], [ -103.2083721, 38.0668635 ], [ -103.213219099999989, 38.064778600000032 ], [ -103.2138273, 38.062984500000034 ], [ -103.2177398, 38.06370350000001 ], [ -103.2183627, 38.0631345 ], [ -103.2152647, 38.06202409999996 ], [ -103.2153795, 38.0583963 ], [ -103.218514399999989, 38.058770500000058 ], [ -103.2209852, 38.0566795 ], [ -103.2243432, 38.058358699999978 ], [ -103.2255861, 38.055488499999981 ], [ -103.2270635, 38.0562658 ], [ -103.2268681, 38.059039399999968 ], [ -103.2292592, 38.055686199999975 ], [ -103.2299947, 38.058325699999969 ], [ -103.2350026, 38.059361300000013 ], [ -103.237228, 38.064296900000031 ], [ -103.242057699999989, 38.063684300000013 ], [ -103.2437769, 38.065813200000044 ], [ -103.2442445, 38.063956400000031 ] ], [ [ -103.220703199999988, 38.063260400000011 ], [ -103.2206817, 38.063256400000043 ], [ -103.2206931, 38.063268900000011 ], [ -103.220703199999988, 38.063260400000011 ] ], [ [ -103.2337638, 38.063655900000022 ], [ -103.233768, 38.0636585 ], [ -103.2337682, 38.0636551 ], [ -103.2337638, 38.063655900000022 ] ], [ [ -103.243763199999989, 38.066360200000027 ], [ -103.2435918, 38.0669555 ], [ -103.2443185, 38.067318799999988 ], [ -103.243763199999989, 38.066360200000027 ] ], [ [ -103.2337384, 38.070622299999982 ], [ -103.2335447, 38.070655799999983 ], [ -103.2335962, 38.070786 ], [ -103.2337384, 38.070622299999982 ] ], [ [ -103.2183057, 38.075581599999964 ], [ -103.2174338, 38.074340699999965 ], [ -103.2174714, 38.075492700000019 ], [ -103.2183057, 38.075581599999964 ] ] ], [ [ [ -103.208971, 38.074534 ], [ -103.2105555, 38.073700600000024 ], [ -103.2116142, 38.074947900000019 ], [ -103.2100297, 38.075781300000017 ], [ -103.208971, 38.074534 ] ] ] ] } },
{ "type": "Feature", "properties": { "state_po": "CO", "county_geoid": "08014", "pwsid": "CO0101510", "pws_name": "MILE HIGH WC", "population_served_count": 700, "model_method": "Random Forest", "verification_status": "", "symbology_field": "Modeled", "intersection_area_sq_km": 0.021659511793045996 }, "geometry": { "type": "Polygon", "coordinates": [ [ [ -105.0552351, 39.9578614 ], [ -105.0582172, 39.957900399999971 ], [ -105.059324701962893, 39.957769117112363 ], [ -105.058195, 39.958716 ], [ -105.0552351, 39.9578614 ] ] ] } },
{ "type": "Feature", "properties": { "state_po": "CO", "county_geoid": "08085", "pwsid": "CO0143505", "pws_name": "RIVER MEADOWS THE", "population_served_count": 490, "model_method": "Random Forest", "verification_status": "", "symbology_field": "Modeled", "intersection_area_sq_km": 0.17424858986096967 }, "geometry": { "type": "Polygon", "coordinates": [ [ [ -107.9162996, 38.5001331 ], [ -107.9160256, 38.503771099999966 ], [ -107.9116596, 38.503771099999966 ], [ -107.9114906, 38.500128099999962 ], [ -107.9162996, 38.5001331 ] ] ] } },
{ "type": "Feature", "properties": { "state_po": "CO", "county_geoid": "08085", "pwsid": "CO0143533", "pws_name": "NATURITA TOWN OF", "population_served_count": 585, "model_method": "Decision Tree", "verification_status": "", "symbology_field": "Modeled", "intersection_area_sq_km": 1.4600791090448295 }, "geometry": { "type": "Polygon", "coordinates": [ [ [ -108.576089700000011, 38.214552 ], [ -108.5760657, 38.218134 ], [ -108.5824667, 38.218751 ], [ -108.5825237, 38.219903 ], [ -108.5747407, 38.222096 ], [ -108.5599597, 38.221742 ], [ -108.5599817, 38.219353 ], [ -108.564250699999988, 38.220206 ], [ -108.5620707, 38.218156 ], [ -108.555300699999989, 38.218169 ], [ -108.5507337, 38.22185 ], [ -108.5507287, 38.21814 ], [ -108.555300699999989, 38.218092 ], [ -108.5552987, 38.21473 ], [ -108.576089700000011, 38.214552 ] ] ] } },
{ "type": "Feature", "properties": { "state_po": "CO", "county_geoid": "08085", "pwsid": "CO0143600", "pws_name": "PARADOX PIPELINE CO", "population_served_count": 200, "model_method": "Random Forest", "verification_status": "", "symbology_field": "Modeled", "intersection_area_sq_km": 0.10108433277807138 }, "geometry": { "type": "Polygon", "coordinates": [ [ [ -108.9655608, 38.364706 ], [ -108.964430799999988, 38.368336 ], [ -108.9622108, 38.368316 ], [ -108.9608608, 38.364696 ], [ -108.9655608, 38.364706 ] ] ] } },
{ "type": "Feature", "properties": { "state_po": "CO", "county_geoid": "08085", "pwsid": "CO0115288", "pws_name": "FRUITLAND DOMESTIC WC", "population_served_count": 335, "model_method": "Random Forest", "verification_status": "", "symbology_field": "Modeled", "intersection_area_sq_km": 0.043287926014276869 }, "geometry": { "type": "Polygon", "coordinates": [ [ [ -107.5391738, 38.433051199999959 ], [ -107.539870799999989, 38.435186300000012 ], [ -107.5341519, 38.43038619999998 ], [ -107.5391738, 38.433051199999959 ] ] ] } },
{ "type": "Feature", "properties": { "state_po": "CO", "county_geoid": "08085", "pwsid": "CO0143621", "pws_name": "PROJECT 7 WA", "population_served_count": 0, "model_method": "Random Forest", "verification_status": "", "symbology_field": "Modeled", "intersection_area_sq_km": 0.85299312741911626 }, "geometry": { "type": "MultiPolygon", "coordinates": [ [ [ [ -107.853275599999989, 38.418072 ], [ -107.844793599999988, 38.418017 ], [ -107.8446386, 38.410805 ], [ -107.8471116, 38.410776 ], [ -107.853275599999989, 38.418072 ] ] ], [ [ [ -107.8243186, 38.424734 ], [ -107.8229426, 38.426772 ], [ -107.814429600000011, 38.424316 ], [ -107.807972600000014, 38.421551 ], [ -107.8079506, 38.418223 ], [ -107.8100966, 38.420189 ], [ -107.8136346, 38.418647 ], [ -107.8150586, 38.421677 ], [ -107.8174936, 38.420134 ], [ -107.8191686, 38.423955 ], [ -107.8222806, 38.423131 ], [ -107.8243186, 38.424734 ] ] ] ] } },
{ "type": "Feature", "properties": { "state_po": "CO", "county_geoid": "08085", "pwsid": "CO0143725", "pws_name": "SUNRISE TRAILER PARK", "population_served_count": 60, "model_method": "Parcel", "verification_status": "", "symbology_field": "Modeled", "intersection_area_sq_km": 0.014935211571742222 }, "geometry": { "type": "Polygon", "coordinates": [ [ [ -107.8892044, 38.468257200000011 ], [ -107.8874358, 38.4691371 ], [ -107.886612899999989, 38.4686373 ], [ -107.8892044, 38.468257200000011 ] ] ] } },
{ "type": "Feature", "properties": { "state_po": "CO", "county_geoid": "08085", "pwsid": "CO0143559", "pws_name": "NUCLA TOWN OF", "population_served_count": 875, "model_method": null, "verification_status": null, "symbology_field": "System Sourced", "intersection_area_sq_km": 8.6427214692161023 }, "geometry": { "type": "MultiPolygon", "coordinates": [ [ [ [ -108.5332848, 38.2307859 ], [ -108.531601900000013, 38.2280599 ], [ -108.533312099999989, 38.226787200000011 ], [ -108.5359365, 38.2297355 ], [ -108.5332848, 38.2307859 ] ] ], [ [ [ -108.528557, 38.2305886 ], [ -108.5280148, 38.228783899999975 ], [ -108.5304398, 38.228330599999964 ], [ -108.5308726, 38.230266600000014 ], [ -108.528557, 38.2305886 ] ] ], [ [ [ -108.5333043, 38.2352996 ], [ -108.5327621, 38.233494900000025 ], [ -108.5351872, 38.233041599999972 ], [ -108.535620099999988, 38.234977599999965 ], [ -108.5333043, 38.2352996 ] ] ], [ [ [ -108.53931, 38.237245500000014 ], [ -108.5387677, 38.2354408 ], [ -108.541193, 38.234987499999974 ], [ -108.5417353, 38.236792199999968 ], [ -108.53931, 38.237245500000014 ] ] ], [ [ [ -108.562075, 38.242457 ], [ -108.560896899999989, 38.240606900000039 ], [ -108.563391599999989, 38.239944799999975 ], [ -108.5643789, 38.2417498 ], [ -108.562075, 38.242457 ] ] ], [ [ [ -108.5468527, 38.2450167 ], [ -108.5464199, 38.243080699999958 ], [ -108.548735899999983, 38.242758699999982 ], [ -108.5491687, 38.244694700000025 ], [ -108.5468527, 38.2450167 ] ] ], [ [ [ -108.5575378, 38.248524200000013 ], [ -108.5566409, 38.243570600000012 ], [ -108.5585272, 38.242463100000045 ], [ -108.5601669, 38.247629799999949 ], [ -108.5575378, 38.248524200000013 ] ] ], [ [ [ -108.5532709, 38.254666200000017 ], [ -108.55259, 38.251947700000038 ], [ -108.5566677, 38.249543499999973 ], [ -108.557586199999989, 38.25098569999998 ], [ -108.5558566, 38.254306699999965 ], [ -108.5532709, 38.254666200000017 ] ] ], [ [ [ -108.548734, 38.254078600000021 ], [ -108.5485891, 38.252116 ], [ -108.5509371, 38.252008199999949 ], [ -108.5512102, 38.253850399999962 ], [ -108.548734, 38.254078600000021 ] ] ], [ [ [ -108.5361978, 38.2568425 ], [ -108.530327899999989, 38.254523099999972 ], [ -108.5316204, 38.252973600000026 ], [ -108.5388443, 38.254544400000022 ], [ -108.5361978, 38.2568425 ] ] ], [ [ [ -108.5407588, 38.2564907 ], [ -108.5403259, 38.254554700000028 ], [ -108.542642199999989, 38.254232699999974 ], [ -108.5430752, 38.256168699999975 ], [ -108.5407588, 38.2564907 ] ] ], [ [ [ -108.5579582, 38.255098900000043 ], [ -108.5575253, 38.253162900000035 ], [ -108.5598416, 38.252840900000017 ], [ -108.5602745, 38.254776900000032 ], [ -108.5579582, 38.255098900000043 ] ] ], [ [ [ -108.583306, 38.25655660000001 ], [ -108.5828731, 38.254620600000024 ], [ -108.5851894, 38.254298599999956 ], [ -108.5856224, 38.2562346 ], [ -108.583306, 38.25655660000001 ] ] ], [ [ [ -108.5566402, 38.262707700000021 ], [ -108.5565749, 38.2669082 ], [ -108.55992, 38.269875699999965 ], [ -108.5586041, 38.271112 ], [ -108.5517063, 38.2710274 ], [ -108.5555318, 38.275233200000017 ], [ -108.5547272, 38.276976 ], [ -108.5483102, 38.274952199999973 ], [ -108.5460315, 38.2764281 ], [ -108.5440809, 38.273873599999988 ], [ -108.5359754, 38.2714053 ], [ -108.5346628, 38.272619499999976 ], [ -108.5308711, 38.272253 ], [ -108.5306334, 38.27065 ], [ -108.5335657, 38.2700741 ], [ -108.5341132, 38.268004899999987 ], [ -108.5445521, 38.2666856 ], [ -108.5422247, 38.264728200000022 ], [ -108.5429106, 38.263125099999975 ], [ -108.5405292, 38.2654457 ], [ -108.5374525, 38.263982100000014 ], [ -108.5408598, 38.259954199999981 ], [ -108.543689, 38.259236 ], [ -108.5438498, 38.253843899999985 ], [ -108.5434004, 38.252157100000019 ], [ -108.5408125, 38.251799300000052 ], [ -108.542233400000015, 38.2496018 ], [ -108.540462, 38.248952399999958 ], [ -108.5384209, 38.252649400000017 ], [ -108.5345408, 38.252697599999983 ], [ -108.5370588, 38.2502806 ], [ -108.5355653, 38.2483518 ], [ -108.5371121, 38.2465538 ], [ -108.536168799999984, 38.244174499999957 ], [ -108.5386446, 38.244402699999981 ], [ -108.5381099, 38.2463851 ], [ -108.544400599999989, 38.245421700000016 ], [ -108.546742, 38.2471638 ], [ -108.5519969, 38.2447887 ], [ -108.5554585, 38.245161 ], [ -108.553975600000015, 38.248405799999922 ], [ -108.5484194, 38.249250800000027 ], [ -108.5471389, 38.2516212 ], [ -108.5466811, 38.2573858 ], [ -108.549718, 38.263209099999983 ], [ -108.5523945, 38.263589 ], [ -108.5502786, 38.261151 ], [ -108.553881, 38.26054740000005 ], [ -108.5539584, 38.257644500000019 ], [ -108.5577064, 38.2555568 ], [ -108.5595932, 38.256664300000011 ], [ -108.55878340000001, 38.260437600000039 ], [ -108.5644191, 38.2598367 ], [ -108.5704754, 38.26187 ], [ -108.5689634, 38.263290799999979 ], [ -108.5630804, 38.262185800000026 ], [ -108.5610242, 38.263168100000016 ], [ -108.5588999, 38.261906700000011 ], [ -108.5566402, 38.262707700000021 ] ] ], [ [ [ -108.5344443, 38.263311300000019 ], [ -108.5336478, 38.2614933 ], [ -108.5359907, 38.260820899999935 ], [ -108.5369599, 38.262717500000029 ], [ -108.5344443, 38.263311300000019 ] ] ], [ [ [ -108.5710484, 38.262149400000013 ], [ -108.570505900000015, 38.260344700000012 ], [ -108.572932, 38.2598914 ], [ -108.573365, 38.261827400000051 ], [ -108.5710484, 38.262149400000013 ] ] ], [ [ [ -108.5802488, 38.261907800000017 ], [ -108.5799758, 38.260065599999976 ], [ -108.5824521, 38.259837400000016 ], [ -108.5827253, 38.261679600000022 ], [ -108.5802488, 38.261907800000017 ] ] ], [ [ [ -108.575311, 38.262758600000012 ], [ -108.575038, 38.260916399999985 ], [ -108.5775144, 38.260688200000011 ], [ -108.5777875, 38.2625304 ], [ -108.575311, 38.262758600000012 ] ] ], [ [ [ -108.5231494, 38.2353743 ], [ -108.52260720000001, 38.2335696 ], [ -108.5250323, 38.233116300000034 ], [ -108.525465200000014, 38.235052300000021 ], [ -108.5231494, 38.2353743 ] ] ], [ [ [ -108.5220285, 38.241558899999987 ], [ -108.5129303, 38.241412 ], [ -108.511684, 38.2397095 ], [ -108.5172923, 38.238602699999959 ], [ -108.5170586, 38.237003199999954 ], [ -108.5189375, 38.236364 ], [ -108.5193935, 38.2399262 ], [ -108.5210539, 38.238616099999987 ], [ -108.5229402, 38.2397236 ], [ -108.5220285, 38.241558899999987 ] ] ], [ [ [ -108.5233665, 38.239793399999982 ], [ -108.522824199999988, 38.23798870000001 ], [ -108.5252495, 38.237535399999935 ], [ -108.5257918, 38.2393401 ], [ -108.5233665, 38.239793399999982 ] ] ], [ [ [ -108.5236914, 38.243530799999988 ], [ -108.5232586, 38.24159480000003 ], [ -108.5255745, 38.241272800000019 ], [ -108.5261169, 38.243077499999949 ], [ -108.5236914, 38.243530799999988 ] ] ], [ [ [ -108.5291412, 38.2429845 ], [ -108.5287084, 38.241048499999948 ], [ -108.5310243, 38.24072649999998 ], [ -108.5315667, 38.242531199999974 ], [ -108.5291412, 38.2429845 ] ] ], [ [ [ -108.5194089, 38.244470899999975 ], [ -108.518976099999989, 38.2425349 ], [ -108.5212921, 38.24221290000002 ], [ -108.5217249, 38.2441489 ], [ -108.5194089, 38.244470899999975 ] ] ], [ [ [ -108.5089908, 38.249074600000043 ], [ -108.5085579, 38.2471386 ], [ -108.510874, 38.246816600000038 ], [ -108.5113069, 38.2487526 ], [ -108.5089908, 38.249074600000043 ] ] ], [ [ [ -108.5320939, 38.250182499999987 ], [ -108.531544, 38.248792399999957 ], [ -108.528263599999988, 38.2488406 ], [ -108.5284085, 38.2468781 ], [ -108.53444180000001, 38.2482199 ], [ -108.5344419, 38.2500746 ], [ -108.5320939, 38.250182499999987 ] ] ], [ [ [ -108.522024699999989, 38.2533996 ], [ -108.517283400000011, 38.254684900000022 ], [ -108.5157947, 38.253577299999975 ], [ -108.5167133, 38.252135099999983 ], [ -108.5188049, 38.2524867 ], [ -108.5191285, 38.252092200000014 ], [ -108.5163863, 38.247635199999984 ], [ -108.5178749, 38.24605839999996 ], [ -108.5219569, 38.247267800000031 ], [ -108.520223800000011, 38.251668 ], [ -108.522024699999989, 38.2533996 ] ] ], [ [ [ -108.500491, 38.253296400000039 ], [ -108.5000581, 38.2513604 ], [ -108.5023744, 38.25103839999997 ], [ -108.5028073, 38.252974399999971 ], [ -108.500491, 38.253296400000039 ] ] ], [ [ [ -108.5110134, 38.252410099999985 ], [ -108.506135199999989, 38.252496900000018 ], [ -108.5062802, 38.250534399999964 ], [ -108.5108853, 38.250675799999975 ], [ -108.5110134, 38.252410099999985 ] ] ], [ [ [ -108.5076068, 38.256204 ], [ -108.5071739, 38.254268 ], [ -108.5094902, 38.253946 ], [ -108.509923199999989, 38.255882 ], [ -108.5076068, 38.256204 ] ] ], [ [ [ -108.5262452, 38.2554072 ], [ -108.5258123, 38.2534712 ], [ -108.528128599999988, 38.25314920000001 ], [ -108.5285615, 38.2550852 ], [ -108.5262452, 38.2554072 ] ] ], [ [ [ -108.5063338, 38.25912320000004 ], [ -108.5059009, 38.2571872 ], [ -108.5082173, 38.256865200000043 ], [ -108.5086503, 38.258801199999958 ], [ -108.5063338, 38.25912320000004 ] ] ], [ [ [ -108.5227919, 38.258386399999971 ], [ -108.522359, 38.256450400000013 ], [ -108.5246754, 38.256128399999973 ], [ -108.5251084, 38.258064399999981 ], [ -108.5227919, 38.258386399999971 ] ] ], [ [ [ -108.5108535, 38.261826400000018 ], [ -108.510311, 38.26002169999996 ], [ -108.5127371, 38.259568400000028 ], [ -108.5131701, 38.261504399999978 ], [ -108.5108535, 38.261826400000018 ] ] ], [ [ [ -108.5294808, 38.262019300000013 ], [ -108.5292078, 38.260177100000028 ], [ -108.5316842, 38.259948899999969 ], [ -108.5319573, 38.261791100000039 ], [ -108.5294808, 38.262019300000013 ] ] ], [ [ [ -108.5242667, 38.26184020000003 ], [ -108.529789, 38.26447310000006 ], [ -108.5241557, 38.2671288 ], [ -108.5224677, 38.266012100000019 ], [ -108.5237511, 38.264464799999985 ], [ -108.5192847, 38.262727300000016 ], [ -108.5173732, 38.258847500000016 ], [ -108.519959, 38.258488 ], [ -108.5200211, 38.260512299999974 ], [ -108.5252586, 38.258930400000011 ], [ -108.526131299999989, 38.26052559999998 ], [ -108.5242667, 38.26184020000003 ] ] ] ] } },
{ "type": "Feature", "properties": { "state_po": "CO", "county_geoid": "08085", "pwsid": "CO0143582", "pws_name": "OLATHE TOWN OF", "population_served_count": 3015, "model_method": null, "verification_status": null, "symbology_field": "System Sourced", "intersection_area_sq_km": 3.7975011276454365 }, "geometry": { "type": "MultiPolygon", "coordinates": [ [ [ [ -107.9604869, 38.580549100000049 ], [ -107.9591886, 38.578999600000024 ], [ -107.9612809, 38.5779195 ], [ -107.9625792, 38.579468899999988 ], [ -107.9604869, 38.580549100000049 ] ] ], [ [ [ -107.9749489, 38.591122400000017 ], [ -107.9736505, 38.5895729 ], [ -107.975743, 38.5884928 ], [ -107.9769954, 38.590195100000024 ], [ -107.9749489, 38.591122400000017 ] ] ], [ [ [ -107.982502599999989, 38.594502699999971 ], [ -107.9812041, 38.5929532 ], [ -107.9832968, 38.59187309999998 ], [ -107.9845953, 38.5934225 ], [ -107.982502599999989, 38.594502699999971 ] ] ], [ [ [ -107.976811200000014, 38.614514299999954 ], [ -107.9710701, 38.611341300000042 ], [ -107.9714859, 38.6054984 ], [ -107.9735114, 38.605218199999975 ], [ -107.9750223, 38.608170100000017 ], [ -107.975715799999989, 38.607358799999943 ], [ -107.9737974, 38.604387099999983 ], [ -107.9753428, 38.602313 ], [ -107.9719454, 38.598782099999987 ], [ -107.973392600000011, 38.597212099999943 ], [ -107.9714801, 38.593331900000045 ], [ -107.9729758, 38.592224500000029 ], [ -107.9757622, 38.595736400000042 ], [ -107.974315, 38.597306500000023 ], [ -107.9773847, 38.598317 ], [ -107.9807012, 38.5966638 ], [ -107.9828358, 38.601794500000025 ], [ -107.984286, 38.599531500000033 ], [ -107.982191899999989, 38.598779100000023 ], [ -107.9826908, 38.5962121 ], [ -107.9865874, 38.594434200000023 ], [ -107.9887465, 38.6025092 ], [ -107.9906921, 38.602069299999954 ], [ -107.991778700000012, 38.603641 ], [ -107.9950291, 38.60412920000001 ], [ -107.9924408, 38.607278099999917 ], [ -107.9932689, 38.611543 ], [ -107.989775099999989, 38.611585400000031 ], [ -107.9895337, 38.6089185 ], [ -107.9870951, 38.610465199999965 ], [ -107.9908857, 38.6152142 ], [ -107.9846491, 38.614428300000014 ], [ -107.986491199999989, 38.615792499999941 ], [ -107.9861298, 38.618858700000018 ], [ -107.9839305, 38.618657 ], [ -107.9804038, 38.614337 ], [ -107.976811200000014, 38.614514299999954 ] ], [ [ -107.977181699999988, 38.599232100000073 ], [ -107.977212, 38.599462399999958 ], [ -107.9772673, 38.599098400000017 ], [ -107.977181699999988, 38.599232100000073 ] ], [ [ -107.9849225, 38.599271099999989 ], [ -107.9848923, 38.599269799999988 ], [ -107.9848737, 38.599282599999967 ], [ -107.9849225, 38.599271099999989 ] ] ], [ [ [ -107.9882722, 38.625413500000036 ], [ -107.9856352, 38.6246498 ], [ -107.9872001, 38.622334799999933 ], [ -107.990511399999988, 38.623756100000065 ], [ -107.9882722, 38.625413500000036 ] ] ] ] } },
{ "type": "Feature", "properties": { "state_po": "CO", "county_geoid": "08085", "pwsid": "CO0157500", "pws_name": "NORWOOD WATER COMMISSION", "population_served_count": 1700, "model_method": null, "verification_status": null, "symbology_field": "System Sourced", "intersection_area_sq_km": 58.948814703190699 }, "geometry": { "type": "Polygon", "coordinates": [ [ [ -108.397421, 38.153107 ], [ -108.3969896, 38.157285299999984 ], [ -108.3995042, 38.162719499999959 ], [ -108.407883, 38.1644128 ], [ -108.4207306, 38.172828099999982 ], [ -108.4319614, 38.1748841 ], [ -108.449459, 38.189716299999986 ], [ -108.4544826, 38.204178 ], [ -108.4321978, 38.204236699999981 ], [ -108.4166467, 38.194708400000032 ], [ -108.4154518, 38.189378699999963 ], [ -108.4109685, 38.186235399999944 ], [ -108.4072057, 38.186344800000015 ], [ -108.4028317, 38.189749199999966 ], [ -108.3886392, 38.18896850000003 ], [ -108.3704488, 38.195748899999984 ], [ -108.3527635, 38.180613400000077 ], [ -108.347837, 38.1801583 ], [ -108.3291794, 38.1724951 ], [ -108.3181121, 38.165368900000026 ], [ -108.3181665, 38.170712 ], [ -108.339105499999988, 38.182933 ], [ -108.33907, 38.198730599999976 ], [ -108.3211085, 38.1983485 ], [ -108.293876900000015, 38.188985100000018 ], [ -108.2745239, 38.178353199999975 ], [ -108.24895194585622, 38.152535250237754 ], [ -108.397421, 38.153107 ] ] ] } },
{ "type": "Feature", "properties": { "state_po": "CO", "county_geoid": "08017", "pwsid": "CO0109011", "pws_name": "KIT CARSON TOWN OF", "population_served_count": 326, "model_method": "Random Forest", "verification_status": "", "symbology_field": "Modeled", "intersection_area_sq_km": 0.55067840857281358 }, "geometry": { "type": "Polygon", "coordinates": [ [ [ -102.8011185, 38.7629744 ], [ -102.8011375, 38.764205400000058 ], [ -102.7951495, 38.764308400000012 ], [ -102.7953235, 38.7713904 ], [ -102.7944265, 38.76893740000002 ], [ -102.7907485, 38.7689024 ], [ -102.7906495, 38.766685400000036 ], [ -102.7856255, 38.766646399999978 ], [ -102.7856975, 38.763986399999986 ], [ -102.7883385, 38.764151399999953 ], [ -102.7882065, 38.762765399999985 ], [ -102.8011185, 38.7629744 ] ] ] } },
{ "type": "Feature", "properties": { "state_po": "CO", "county_geoid": "08017", "pwsid": "CO0109001", "pws_name": "ARAPAHOE WC", "population_served_count": 99, "model_method": "Random Forest", "verification_status": "", "symbology_field": "Modeled", "intersection_area_sq_km": 0.5404109344600071 }, "geometry": { "type": "Polygon", "coordinates": [ [ [ -102.1838813, 38.8506565 ], [ -102.1839513, 38.85696649999997 ], [ -102.1822723, 38.856964500000018 ], [ -102.1819903, 38.855437500000015 ], [ -102.174563299999988, 38.856987499999981 ], [ -102.1746883, 38.850725499999946 ], [ -102.1777223, 38.8508705 ], [ -102.1777163, 38.849770499999977 ], [ -102.1838813, 38.8506565 ] ] ] } },
{ "type": "Feature", "properties": { "state_po": "CO", "county_geoid": "08017", "pwsid": "CO0109006", "pws_name": "CHEYENNE WELLS TOWN OF", "population_served_count": 840, "model_method": null, "verification_status": null, "symbology_field": "System Sourced", "intersection_area_sq_km": 2.6228678831181491 }, "geometry": { "type": "MultiPolygon", "coordinates": [ [ [ [ -102.3455594, 38.813142300000024 ], [ -102.3517729, 38.812486 ], [ -102.349457199999989, 38.8180269 ], [ -102.347124799999989, 38.816156200000023 ], [ -102.3491325, 38.814745699999982 ], [ -102.3455594, 38.813142300000024 ] ] ], [ [ [ -102.3531364, 38.8179723 ], [ -102.3551662, 38.815029199999977 ], [ -102.3546868, 38.814739499999988 ], [ -102.3521686, 38.815442200000028 ], [ -102.352698300000014, 38.813323700000012 ], [ -102.3580438, 38.812801799999967 ], [ -102.3604432, 38.816235900000017 ], [ -102.3571365, 38.817491599999961 ], [ -102.3658369, 38.817001499999982 ], [ -102.3676319, 38.818328 ], [ -102.3652171, 38.82261019999995 ], [ -102.3606893, 38.8230048 ], [ -102.356483, 38.82791849999996 ], [ -102.3507033, 38.826329 ], [ -102.3518179, 38.824477799999954 ], [ -102.3431842, 38.8246427 ], [ -102.3411457, 38.8260166 ], [ -102.3389709, 38.823108600000026 ], [ -102.335345800000013, 38.823256100000037 ], [ -102.3358056, 38.8219189 ], [ -102.341096799999988, 38.820380399999962 ], [ -102.3414047, 38.812931200000051 ], [ -102.345167, 38.8132557 ], [ -102.3439385, 38.815993299999988 ], [ -102.3455176, 38.817851800000028 ], [ -102.3433092, 38.819719300000038 ], [ -102.3531364, 38.8179723 ] ], [ [ -102.3541234, 38.824334799999974 ], [ -102.353514, 38.824388400000025 ], [ -102.3538663, 38.82456569999998 ], [ -102.3541234, 38.824334799999974 ] ] ] ] } },
{ "type": "Feature", "properties": { "state_po": "CO", "county_geoid": "08025", "pwsid": "CO0113050", "pws_name": "96 PIPELINE CO INC", "population_served_count": 285, "model_method": "Random Forest", "verification_status": "", "symbology_field": "Modeled", "intersection_area_sq_km": 0.65233066636923631 }, "geometry": { "type": "MultiPolygon", "coordinates": [ [ [ [ -103.7663527, 38.214757299999931 ], [ -103.7594647, 38.2146753 ], [ -103.7587317, 38.214519300000013 ], [ -103.7665287, 38.2126253 ], [ -103.7663527, 38.214757299999931 ] ] ], [ [ [ -103.7643307, 38.221552299999978 ], [ -103.7630827, 38.2176293 ], [ -103.7665947, 38.217608300000059 ], [ -103.7666567, 38.221552299999978 ], [ -103.7643307, 38.221552299999978 ] ] ], [ [ [ -103.754019700000015, 38.220329299999989 ], [ -103.7552997, 38.221621300000024 ], [ -103.7540437, 38.2216413 ], [ -103.754019700000015, 38.220329299999989 ] ] ], [ [ [ -103.7619377, 38.221573299999953 ], [ -103.7622327, 38.229345300000041 ], [ -103.7567387, 38.229262300000023 ], [ -103.7566857, 38.221616300000036 ], [ -103.7580517, 38.2203223 ], [ -103.7619377, 38.221573299999953 ] ] ] ] } },
{ "type": "Feature", "properties": { "state_po": "CO", "county_geoid": "08025", "pwsid": "CO0113100", "pws_name": "CROWLEY COUNTY WA", "population_served_count": 530, "model_method": "Random Forest", "verification_status": "", "symbology_field": "Modeled", "intersection_area_sq_km": 0.49709334591569915 }, "geometry": { "type": "Polygon", "coordinates": [ [ [ -103.8665617, 38.195443299999987 ], [ -103.8480347, 38.1956883 ], [ -103.8480217, 38.194981299999974 ], [ -103.857350700000012, 38.19218229999997 ], [ -103.8588437, 38.1918913 ], [ -103.866545699999989, 38.191802299999956 ], [ -103.8665617, 38.195443299999987 ] ], [ [ -103.8552357, 38.192911299999963 ], [ -103.8561517, 38.192939299999985 ], [ -103.8561597, 38.192657299999972 ], [ -103.8552357, 38.192911299999963 ] ] ] } },
{ "type": "Feature", "properties": { "state_po": "CO", "county_geoid": "08025", "pwsid": "CO0113300", "pws_name": "CROWLEY TOWN OF", "population_served_count": 188, "model_method": "Random Forest", "verification_status": "", "symbology_field": "Modeled", "intersection_area_sq_km": 0.40337035616387035 }, "geometry": { "type": "Polygon", "coordinates": [ [ [ -103.8444227, 38.1889593 ], [ -103.8435507, 38.1958423 ], [ -103.8387667, 38.197256299999978 ], [ -103.8387037, 38.1885203 ], [ -103.8444227, 38.1889593 ] ] ] } },
{ "type": "Feature", "properties": { "state_po": "CO", "county_geoid": "08025", "pwsid": "CO0113500", "pws_name": "OLNEY SPRINGS TOWN OF", "population_served_count": 399, "model_method": "Random Forest", "verification_status": "", "symbology_field": "Modeled", "intersection_area_sq_km": 1.0952761176579748 }, "geometry": { "type": "MultiPolygon", "coordinates": [ [ [ [ -103.9609507, 38.1589593 ], [ -103.959693699999988, 38.16187530000002 ], [ -103.9537787, 38.163607300000017 ], [ -103.9536087, 38.15537430000002 ], [ -103.9609697, 38.155469299999936 ], [ -103.9609507, 38.1589593 ] ] ], [ [ [ -103.9398707, 38.162808300000037 ], [ -103.94906970000001, 38.162868299999978 ], [ -103.9491247, 38.1697503 ], [ -103.939875700000016, 38.169756299999975 ], [ -103.9398707, 38.162808300000037 ] ] ] ] } },
{ "type": "Feature", "properties": { "state_po": "CO", "county_geoid": "08025", "pwsid": "CO0113700", "pws_name": "ORDWAY TOWN OF", "population_served_count": 1300, "model_method": "Random Forest", "verification_status": "", "symbology_field": "Modeled", "intersection_area_sq_km": 1.2355551583725251 }, "geometry": { "type": "Polygon", "coordinates": [ [ [ -103.7552547, 38.214561300000035 ], [ -103.7552487, 38.216371300000013 ], [ -103.7618257, 38.214720299999946 ], [ -103.7618687, 38.217642299999952 ], [ -103.7643387, 38.220259299999967 ], [ -103.7643307, 38.221552299999978 ], [ -103.7611417, 38.2215833 ], [ -103.761129700000012, 38.222941299999967 ], [ -103.7566857, 38.221616300000036 ], [ -103.7567387, 38.229262300000023 ], [ -103.7557137, 38.225582299999978 ], [ -103.748226699999989, 38.225606300000017 ], [ -103.7480937, 38.217424300000012 ], [ -103.7527347, 38.216448300000032 ], [ -103.7527387, 38.214543299999931 ], [ -103.7552547, 38.214561300000035 ] ] ] } },
{ "type": "Feature", "properties": { "state_po": "CO", "county_geoid": "08025", "pwsid": "CO0145630", "pws_name": "NORTH HOLBROOK WC", "population_served_count": 58, "model_method": "Random Forest", "verification_status": "", "symbology_field": "Modeled", "intersection_area_sq_km": 0.015126083602482951 }, "geometry": { "type": "MultiPolygon", "coordinates": [ [ [ [ -103.664695705561954, 38.112982917734236 ], [ -103.6191816, 38.1133613 ], [ -103.61917495469504, 38.114902750123719 ], [ -103.619172, 38.113355 ], [ -103.664695705561954, 38.112982917734236 ] ] ], [ [ [ -103.576859265660858, 38.172731778572896 ], [ -103.5647326, 38.172759300000024 ], [ -103.564733865177018, 38.172690348095379 ], [ -103.576859265660858, 38.172731778572896 ] ] ], [ [ [ -103.5832196, 38.172759300000024 ], [ -103.601075, 38.171719 ], [ -103.604696839582928, 38.171666701854441 ], [ -103.6010846, 38.17172530000002 ], [ -103.5832196, 38.172759300000024 ] ] ], [ [ [ -103.6192926, 38.171461299999969 ], [ -103.619283, 38.171455 ], [ -103.619280959972016, 38.170388031796605 ], [ -103.6192926, 38.171461299999969 ] ] ] ] } },
{ "type": "Feature", "properties": { "state_po": "CO", "county_geoid": "08025", "pwsid": "CO0113900", "pws_name": "SUGAR CITY TOWN OF", "population_served_count": 240, "model_method": null, "verification_status": null, "symbology_field": "System Sourced", "intersection_area_sq_km": 1.498523540275766 }, "geometry": { "type": "MultiPolygon", "coordinates": [ [ [ [ -103.6541472, 38.23060670000001 ], [ -103.6627428, 38.2255987 ], [ -103.665753099999989, 38.227170199999961 ], [ -103.6654128, 38.228620699999979 ], [ -103.6708147, 38.229338 ], [ -103.6692138, 38.232867299999967 ], [ -103.6648639, 38.234143399999958 ], [ -103.6666863, 38.2368385 ], [ -103.6657978, 38.2380472 ], [ -103.6541472, 38.23060670000001 ] ], [ [ -103.6623815, 38.2276278 ], [ -103.662315, 38.227799499999954 ], [ -103.6623792, 38.228034500000035 ], [ -103.6623815, 38.2276278 ] ], [ [ -103.6623861, 38.2281506 ], [ -103.6622899, 38.2285326 ], [ -103.6625013, 38.228573600000026 ], [ -103.6623861, 38.2281506 ] ], [ [ -103.6590722, 38.228774599999966 ], [ -103.6592883, 38.228575 ], [ -103.6589738, 38.228528399999973 ], [ -103.6590722, 38.228774599999966 ] ] ], [ [ [ -103.6451396, 38.235851499999967 ], [ -103.646724, 38.23502 ], [ -103.6477827, 38.2362645 ], [ -103.6461983, 38.237096100000045 ], [ -103.6451396, 38.235851499999967 ] ] ], [ [ [ -103.6587965, 38.235916 ], [ -103.661439699999988, 38.235916 ], [ -103.659487399999989, 38.238891 ], [ -103.6579029, 38.238059500000034 ], [ -103.6587965, 38.235916 ] ] ], [ [ [ -103.6723713, 38.23530720000003 ], [ -103.6748132, 38.234925600000025 ], [ -103.6744054, 38.2376661 ], [ -103.6725364, 38.2373741 ], [ -103.6723713, 38.23530720000003 ] ] ], [ [ [ -103.6528659, 38.2409726 ], [ -103.6554024, 38.2376322 ], [ -103.6566589, 38.23861910000003 ], [ -103.6542987, 38.24195949999995 ], [ -103.6528659, 38.2409726 ] ] ], [ [ [ -103.664053, 38.2403429 ], [ -103.6664436, 38.239905100000044 ], [ -103.6662054, 38.242568499999962 ], [ -103.6643161, 38.2423732 ], [ -103.664053, 38.2403429 ] ] ], [ [ [ -103.6581762, 38.2658352 ], [ -103.6597607, 38.265004 ], [ -103.6608194, 38.266248 ], [ -103.6592349, 38.267079299999985 ], [ -103.6581762, 38.2658352 ] ] ], [ [ [ -103.6654445, 38.268101300000012 ], [ -103.667029, 38.267270099999948 ], [ -103.6680877, 38.26851410000004 ], [ -103.6665032, 38.269345300000019 ], [ -103.6654445, 38.268101300000012 ] ] ] ] } },
{ "type": "Feature", "properties": { "state_po": "CO", "county_geoid": "08119", "pwsid": "CO0160075", "pws_name": "ARABIAN ACRES MD", "population_served_count": 325, "model_method": "Random Forest", "verification_status": "", "symbology_field": "Modeled", "intersection_area_sq_km": 0.15797108062114737 }, "geometry": { "type": "Polygon", "coordinates": [ [ [ -105.210174099999989, 38.9158743 ], [ -105.2132891, 38.92292430000002 ], [ -105.2098301, 38.9233963 ], [ -105.210174099999989, 38.9158743 ] ] ] } },
{ "type": "Feature", "properties": { "state_po": "CO", "county_geoid": "08119", "pwsid": "CO0160176", "pws_name": "FOREST GLEN SPORTS ASSOC INC", "population_served_count": 76, "model_method": "Random Forest", "verification_status": "", "symbology_field": "Modeled", "intersection_area_sq_km": 2.6673385756833796 }, "geometry": { "type": "Polygon", "coordinates": [ [ [ -105.3297611, 38.95765830000002 ], [ -105.3228071, 38.95542930000002 ], [ -105.3156131, 38.950587299999981 ], [ -105.3188841, 38.9459913 ], [ -105.3230641, 38.945162299999936 ], [ -105.3240751, 38.9433463 ], [ -105.3193461, 38.938916299999974 ], [ -105.3221961, 38.931734300000038 ], [ -105.325099099999989, 38.929588300000027 ], [ -105.3231101, 38.925540300000023 ], [ -105.3245271, 38.923282299999954 ], [ -105.329516000703947, 38.924192074419189 ], [ -105.3297611, 38.95765830000002 ] ] ] } },
{ "type": "Feature", "properties": { "state_po": "CO", "county_geoid": "08119", "pwsid": "CO0160195", "pws_name": "DIVIDE WATER PROVIDERS INC", "population_served_count": 570, "model_method": "Random Forest", "verification_status": "", "symbology_field": "Modeled", "intersection_area_sq_km": 0.22192036448662575 }, "geometry": { "type": "Polygon", "coordinates": [ [ [ -105.1620361, 38.943352299999987 ], [ -105.1607341, 38.946872300000052 ], [ -105.1576011, 38.947879299999961 ], [ -105.1558011, 38.9443013 ], [ -105.1575921, 38.943886299999967 ], [ -105.1575951, 38.942016300000013 ], [ -105.1620361, 38.943352299999987 ] ] ] } },
{ "type": "Feature", "properties": { "state_po": "CO", "county_geoid": "08119", "pwsid": "CO0160295", "pws_name": "DIVIDE MPC MD NO 1", "population_served_count": 679, "model_method": "Random Forest", "verification_status": "", "symbology_field": "Modeled", "intersection_area_sq_km": 0.27374133310350013 }, "geometry": { "type": "Polygon", "coordinates": [ [ [ -105.1518071, 38.953088300000069 ], [ -105.1502961, 38.9554813 ], [ -105.147657099999989, 38.956063300000025 ], [ -105.1456631, 38.952196300000033 ], [ -105.1472641, 38.9502563 ], [ -105.1505051, 38.94992830000001 ], [ -105.1518071, 38.953088300000069 ] ] ] } },
{ "type": "Feature", "properties": { "state_po": "CO", "county_geoid": "08119", "pwsid": "CO0160350", "pws_name": "MOUNTAIN MUTUAL WA", "population_served_count": 674, "model_method": "Decision Tree", "verification_status": "", "symbology_field": "Modeled", "intersection_area_sq_km": 6.5094277560630083 }, "geometry": { "type": "Polygon", "coordinates": [ [ [ -105.191848, 38.7826423 ], [ -105.194886, 38.786541299999968 ], [ -105.2025381, 38.784587299999984 ], [ -105.2066201, 38.7866793 ], [ -105.2069691, 38.79431730000006 ], [ -105.2118031, 38.798305300000038 ], [ -105.206656099999989, 38.812513300000013 ], [ -105.2072321, 38.814787299999978 ], [ -105.2009631, 38.818548299999982 ], [ -105.1970381, 38.817064299999984 ], [ -105.1979871, 38.813220299999983 ], [ -105.2027291, 38.8108123 ], [ -105.2037251, 38.808333299999973 ], [ -105.2032451, 38.80504330000003 ], [ -105.1997391, 38.80597030000002 ], [ -105.201050099999989, 38.803958300000019 ], [ -105.1960921, 38.8057903 ], [ -105.1933461, 38.809716300000026 ], [ -105.189376, 38.8097813 ], [ -105.185361, 38.8140593 ], [ -105.182364, 38.812055300000026 ], [ -105.178568, 38.81407830000002 ], [ -105.175845, 38.811158299999924 ], [ -105.176553, 38.8075203 ], [ -105.173251, 38.8083253 ], [ -105.173664, 38.804326300000021 ], [ -105.176377, 38.8040463 ], [ -105.178665, 38.799805300000045 ], [ -105.188386, 38.797663299999989 ], [ -105.191848, 38.7826423 ] ] ] } },
{ "type": "Feature", "properties": { "state_po": "CO", "county_geoid": "08119", "pwsid": "CO0160550", "pws_name": "VALLEY MAINT CORP NO 1", "population_served_count": 470, "model_method": "Random Forest", "verification_status": "", "symbology_field": "Modeled", "intersection_area_sq_km": 1.0810359156449691 }, "geometry": { "type": "Polygon", "coordinates": [ [ [ -105.1456121, 38.991037300000023 ], [ -105.1539921, 38.9918033 ], [ -105.1543491, 38.99395830000001 ], [ -105.1433921, 38.9979563 ], [ -105.1399651, 38.99776329999996 ], [ -105.1358641, 38.9927063 ], [ -105.1355951, 38.9896703 ], [ -105.1428371, 38.987581299999981 ], [ -105.1456121, 38.991037300000023 ] ] ] } },
{ "type": "Feature", "properties": { "state_po": "CO", "county_geoid": "08119", "pwsid": "CO0160551", "pws_name": "VALLEY MAINT CORP NO 2", "population_served_count": 55, "model_method": "Random Forest", "verification_status": "", "symbology_field": "Modeled", "intersection_area_sq_km": 0.098691523197479356 }, "geometry": { "type": "Polygon", "coordinates": [ [ [ -105.1382121, 38.998975300000019 ], [ -105.1373111, 39.000255299999964 ], [ -105.1330201, 38.999808300000026 ], [ -105.1354971, 38.996697299999987 ], [ -105.1382121, 38.998975300000019 ] ] ] } },
{ "type": "Feature", "properties": { "state_po": "CO", "county_geoid": "08119", "pwsid": "CO0160450", "pws_name": "ROSEWOOD HILLS PROPERTY HOA", "population_served_count": 135, "model_method": "Random Forest", "verification_status": "", "symbology_field": "Modeled", "intersection_area_sq_km": 0.97831423610761292 }, "geometry": { "type": "Polygon", "coordinates": [ [ [ -105.1120181, 38.972682299999981 ], [ -105.103097, 38.973979299999961 ], [ -105.101638, 38.977030299999988 ], [ -105.091842, 38.981691299999973 ], [ -105.090952, 38.974256299999936 ], [ -105.094864, 38.972982300000012 ], [ -105.095669, 38.971170299999962 ], [ -105.11193, 38.971211300000014 ], [ -105.1120181, 38.972682299999981 ] ] ] } },
{ "type": "Feature", "properties": { "state_po": "CO", "county_geoid": "08119", "pwsid": "CO0160650", "pws_name": "TRANQUIL ACRES WS", "population_served_count": 180, "model_method": "Random Forest", "verification_status": "", "symbology_field": "Modeled", "intersection_area_sq_km": 0.91083568534504311 }, "geometry": { "type": "Polygon", "coordinates": [ [ [ -105.126775099999989, 38.994781300000021 ], [ -105.1228091, 38.994997300000065 ], [ -105.1225301, 38.993178299999947 ], [ -105.1127851, 38.9927593 ], [ -105.1128651, 38.985674299999985 ], [ -105.1217581, 38.9854893 ], [ -105.1223441, 38.9840323 ], [ -105.124841100000012, 38.986910299999984 ], [ -105.124287099999989, 38.99137930000002 ], [ -105.126775099999989, 38.994781300000021 ] ] ] } },
{ "type": "Feature", "properties": { "state_po": "CO", "county_geoid": "08119", "pwsid": "CO0160095", "pws_name": "PEAK VIEW PARK LLC", "population_served_count": 106, "model_method": "Random Forest", "verification_status": "", "symbology_field": "Modeled", "intersection_area_sq_km": 0.70846444357121274 }, "geometry": { "type": "Polygon", "coordinates": [ [ [ -105.044432, 38.981617299999982 ], [ -105.038264, 38.985728300000012 ], [ -105.036081, 38.985921299999966 ], [ -105.03844, 38.982321299999981 ], [ -105.034887, 38.982823299999978 ], [ -105.031874, 38.985841299999969 ], [ -105.029494, 38.9856233 ], [ -105.03332, 38.981006299999983 ], [ -105.036362, 38.9801913 ], [ -105.034628, 38.9782933 ], [ -105.036828, 38.971739299999975 ], [ -105.044432, 38.981617299999982 ] ] ] } },
{ "type": "Feature", "properties": { "state_po": "CO", "county_geoid": "08119", "pwsid": "CO0160175", "pws_name": "FLORISSANT WSD", "population_served_count": 250, "model_method": "", "verification_status": "", "symbology_field": "System Sourced", "intersection_area_sq_km": 2.0518936985003755 }, "geometry": { "type": "Polygon", "coordinates": [ [ [ -105.278562799999989, 38.945256 ], [ -105.2786436, 38.938814100000052 ], [ -105.2975262, 38.938772199999967 ], [ -105.2975442, 38.946869900000017 ], [ -105.2992689, 38.947247200000028 ], [ -105.2991701, 38.94951079999997 ], [ -105.2783562, 38.949587599999987 ], [ -105.276694299999988, 38.9455565 ], [ -105.278562799999989, 38.945256 ] ] ] } },
{ "type": "Feature", "properties": { "state_po": "CO", "county_geoid": "08119", "pwsid": "CO0160200", "pws_name": "HIGHLAND LAKES WD", "population_served_count": 875, "model_method": "", "verification_status": "", "symbology_field": "System Sourced", "intersection_area_sq_km": 4.2731076119719749 }, "geometry": { "type": "Polygon", "coordinates": [ [ [ -105.2187979, 38.967951900000052 ], [ -105.2184745, 38.964389800000063 ], [ -105.2091679, 38.9644247 ], [ -105.2088086, 38.957223100000014 ], [ -105.1956573, 38.956573499999969 ], [ -105.1954956, 38.952507800000021 ], [ -105.1996548, 38.9525427 ], [ -105.2001039, 38.9488541 ], [ -105.209212799999989, 38.9485746 ], [ -105.2092308, 38.945808 ], [ -105.2224181, 38.9458778 ], [ -105.2144949, 38.9495177 ], [ -105.220890900000015, 38.9479249 ], [ -105.222463, 38.950055699999986 ], [ -105.2272241, 38.949971800000014 ], [ -105.2275744, 38.960862400000032 ], [ -105.232326500000013, 38.960862400000032 ], [ -105.232578, 38.964508500000051 ], [ -105.2230379, 38.964396799999989 ], [ -105.2234422, 38.968063699999988 ], [ -105.2187979, 38.967951900000052 ] ] ] } },
{ "type": "Feature", "properties": { "state_po": "CO", "county_geoid": "08119", "pwsid": "CO0160375", "pws_name": "RAINBOW VALLEY WD", "population_served_count": 130, "model_method": "", "verification_status": "", "symbology_field": "System Sourced", "intersection_area_sq_km": 6.759195854118496 }, "geometry": { "type": "Polygon", "coordinates": [ [ [ -105.1654739, 38.86960650000001 ], [ -105.1656625, 38.86622830000001 ], [ -105.1602726, 38.8662353 ], [ -105.1592575, 38.86438179999994 ], [ -105.1593474, 38.862234400000034 ], [ -105.1616291, 38.8608005 ], [ -105.1514601, 38.855875800000014 ], [ -105.1435909, 38.854385799999967 ], [ -105.1439413, 38.847236 ], [ -105.1480645, 38.8472989 ], [ -105.1487023, 38.840435299999967 ], [ -105.1534454, 38.840351300000037 ], [ -105.153804799999989, 38.836922699999981 ], [ -105.1732802, 38.8378953 ], [ -105.1725616, 38.8431151 ], [ -105.1764064, 38.845039100000072 ], [ -105.175517, 38.855561099999967 ], [ -105.1714926, 38.855491099999966 ], [ -105.1708638, 38.859212599999971 ], [ -105.1754362, 38.859205599999953 ], [ -105.1746367, 38.869816300000025 ], [ -105.1654739, 38.86960650000001 ] ] ] } },
{ "type": "Feature", "properties": { "state_po": "CO", "county_geoid": "08119", "pwsid": "CO0160400", "pws_name": "RIDGEWOOD WD", "population_served_count": 84, "model_method": "", "verification_status": "", "symbology_field": "System Sourced", "intersection_area_sq_km": 0.80008431212708231 }, "geometry": { "type": "Polygon", "coordinates": [ [ [ -105.0692284, 39.1070138 ], [ -105.0804663, 39.106895299999969 ], [ -105.0804663, 39.1106106 ], [ -105.0753998, 39.110729099999986 ], [ -105.0753369, 39.116221500000037 ], [ -105.0711418, 39.114339600000029 ], [ -105.0657788, 39.1142839 ], [ -105.0657788, 39.110680300000034 ], [ -105.0691565, 39.109474399999961 ], [ -105.0692284, 39.1070138 ] ] ] } },
{ "type": "Feature", "properties": { "state_po": "CO", "county_geoid": "08119", "pwsid": "CO0160600", "pws_name": "TELLER COUNTY WSD", "population_served_count": 600, "model_method": "", "verification_status": "", "symbology_field": "System Sourced", "intersection_area_sq_km": 0.95281771865910381 }, "geometry": { "type": "MultiPolygon", "coordinates": [ [ [ [ -105.0540918, 39.0105508 ], [ -105.049465399999988, 39.010578699999968 ], [ -105.0493127, 39.0069141 ], [ -105.0631019, 39.006907100000035 ], [ -105.0610717, 39.007360800000029 ], [ -105.0611525, 39.010187899999956 ], [ -105.058942699999989, 39.009803899999952 ], [ -105.0542804, 39.012931 ], [ -105.0540918, 39.0105508 ] ] ], [ [ [ -105.049663099999989, 39.014131600000034 ], [ -105.061422, 39.011674599999978 ], [ -105.0636408, 39.0161766 ], [ -105.0545499, 39.0160929 ], [ -105.0545858, 39.017823799999981 ], [ -105.0497798, 39.017823799999981 ], [ -105.049663099999989, 39.014131600000034 ] ] ] ] } },
{ "type": "Feature", "properties": { "state_po": "CO", "county_geoid": "08119", "pwsid": "CO0160750", "pws_name": "WESTWOOD LAKES WD", "population_served_count": 450, "model_method": "", "verification_status": "", "symbology_field": "System Sourced", "intersection_area_sq_km": 0.63411379622280972 }, "geometry": { "type": "Polygon", "coordinates": [ [ [ -105.0849848, 38.981681899999977 ], [ -105.080798699999988, 38.976989099999948 ], [ -105.0778881, 38.978099500000013 ], [ -105.0778612, 38.9768215 ], [ -105.0755884, 38.97642349999996 ], [ -105.0796398, 38.971590700000021 ], [ -105.0796488, 38.9745309 ], [ -105.0889554, 38.974677599999985 ], [ -105.0896471, 38.98164 ], [ -105.0849848, 38.981681899999977 ] ] ] } },
{ "type": "Feature", "properties": { "state_po": "CO", "county_geoid": "08119", "pwsid": "CO0160100", "pws_name": "CRIPPLE CREEK CITY OF", "population_served_count": 2817, "model_method": null, "verification_status": null, "symbology_field": "System Sourced", "intersection_area_sq_km": 3.3044413376689077 }, "geometry": { "type": "MultiPolygon", "coordinates": [ [ [ [ -105.1905132, 38.741080300000029 ], [ -105.189212, 38.739530799999983 ], [ -105.191309, 38.73845069999998 ], [ -105.1926102, 38.7400001 ], [ -105.1905132, 38.741080300000029 ] ] ], [ [ [ -105.1901553, 38.750930299999986 ], [ -105.1850607, 38.7550134 ], [ -105.1797786, 38.754269599999972 ], [ -105.1768163, 38.755937499999945 ], [ -105.1691468, 38.7530573 ], [ -105.1666126, 38.7504442 ], [ -105.1663928, 38.7473744 ], [ -105.1717664, 38.7454512 ], [ -105.1714037, 38.738518900000031 ], [ -105.1752189, 38.7384997 ], [ -105.1766364, 38.7402724 ], [ -105.1752251, 38.741842099999964 ], [ -105.1772322, 38.7410266 ], [ -105.1784912, 38.736895700000019 ], [ -105.1834033, 38.739885399999963 ], [ -105.1869266, 38.7397859 ], [ -105.1886466, 38.741999 ], [ -105.1868126, 38.74475149999995 ], [ -105.1901928, 38.747492299999983 ], [ -105.1901553, 38.750930299999986 ] ] ], [ [ [ -105.1626331, 38.7527788 ], [ -105.1613779, 38.75107650000006 ], [ -105.1634289, 38.75014920000001 ], [ -105.1646841, 38.751851499999987 ], [ -105.1626331, 38.7527788 ] ] ], [ [ [ -105.1597576, 38.754577199999986 ], [ -105.1587633, 38.7527723 ], [ -105.160938, 38.752037799999975 ], [ -105.1619323, 38.7538427 ], [ -105.1597576, 38.754577199999986 ] ] ], [ [ [ -105.1924748, 38.753709700000037 ], [ -105.19139, 38.750438799999969 ], [ -105.1942492, 38.7496097 ], [ -105.1954951, 38.7522145 ], [ -105.1924748, 38.753709700000037 ] ] ] ] } },
{ "type": "Feature", "properties": { "state_po": "CO", "county_geoid": "08119", "pwsid": "CO0160700", "pws_name": "VICTOR CITY OF", "population_served_count": 491, "model_method": null, "verification_status": null, "symbology_field": "System Sourced", "intersection_area_sq_km": 2.0417413891474796 }, "geometry": { "type": "MultiPolygon", "coordinates": [ [ [ [ -105.1472176, 38.702641 ], [ -105.145963400000014, 38.700938700000016 ], [ -105.148013, 38.70001139999998 ], [ -105.1493135, 38.7015608 ], [ -105.1472176, 38.702641 ] ] ], [ [ [ -105.1418523, 38.7154018 ], [ -105.1384525, 38.7140523 ], [ -105.1375946, 38.71181 ], [ -105.1332276, 38.711121500000026 ], [ -105.1323913, 38.7090467 ], [ -105.1385225, 38.702568600000021 ], [ -105.1418871, 38.702002899999961 ], [ -105.1471563, 38.706024799999945 ], [ -105.1492947, 38.709926 ], [ -105.1418523, 38.7154018 ] ] ], [ [ [ -105.1245488, 38.722375700000043 ], [ -105.1215744, 38.721930599999972 ], [ -105.1212081, 38.719103899999972 ], [ -105.1259235, 38.7137867 ], [ -105.1285589, 38.713297299999986 ], [ -105.1317062, 38.715859500000015 ], [ -105.1245488, 38.722375700000043 ] ] ], [ [ [ -105.1202479, 38.7279617 ], [ -105.1184022, 38.726229900000035 ], [ -105.1201242, 38.724800099999925 ], [ -105.1223677, 38.726568300000011 ], [ -105.1202479, 38.7279617 ] ] ] ] } },
{ "type": "Feature", "properties": { "state_po": "CO", "county_geoid": "08021", "pwsid": "CO0214142", "pws_name": "BEAR CREEK LOA", "population_served_count": 190, "model_method": "Random Forest", "verification_status": "", "symbology_field": "Modeled", "intersection_area_sq_km": 0.11516815720174105 }, "geometry": { "type": "Polygon", "coordinates": [ [ [ -106.3542351, 37.129945 ], [ -106.3530481, 37.132236 ], [ -106.3491841, 37.132605 ], [ -106.3492131, 37.1308 ], [ -106.3542351, 37.129945 ] ] ] } },
{ "type": "Feature", "properties": { "state_po": "CO", "county_geoid": "08021", "pwsid": "CO0111800", "pws_name": "ROMEO TOWN OF", "population_served_count": 365, "model_method": "Random Forest", "verification_status": "", "symbology_field": "Modeled", "intersection_area_sq_km": 0.60449775713639187 }, "geometry": { "type": "Polygon", "coordinates": [ [ [ -105.9825291, 37.167061 ], [ -105.9897191, 37.167093 ], [ -105.9869981, 37.177317 ], [ -105.9822791, 37.177387 ], [ -105.9825291, 37.167061 ] ] ] } },
{ "type": "Feature", "properties": { "state_po": "CO", "county_geoid": "08021", "pwsid": "CO0111700", "pws_name": "MANASSA TOWN OF", "population_served_count": 976, "model_method": "Random Forest", "verification_status": "", "symbology_field": "Modeled", "intersection_area_sq_km": 2.3345861351849733 }, "geometry": { "type": "Polygon", "coordinates": [ [ [ -105.9461351, 37.166784 ], [ -105.9459951, 37.172053 ], [ -105.9438051, 37.17204 ], [ -105.9438131, 37.173841 ], [ -105.9460101, 37.173868 ], [ -105.946007099999989, 37.180919 ], [ -105.92851, 37.180804 ], [ -105.928532, 37.168619 ], [ -105.930735, 37.168612 ], [ -105.930742, 37.166868 ], [ -105.9461351, 37.166784 ] ] ] } },
{ "type": "Feature", "properties": { "state_po": "CO", "county_geoid": "08021", "pwsid": "CO0111100", "pws_name": "ANTONITO TOWN OF", "population_served_count": 981, "model_method": "Random Forest", "verification_status": "", "symbology_field": "Modeled", "intersection_area_sq_km": 1.9945458924224171 }, "geometry": { "type": "MultiPolygon", "coordinates": [ [ [ [ -106.019387099999989, 37.079179 ], [ -106.019421099999988, 37.071977 ], [ -106.0283121, 37.071309 ], [ -106.0282791, 37.079214 ], [ -106.019387099999989, 37.079179 ] ] ], [ [ [ -106.019387099999989, 37.079179 ], [ -106.0193351, 37.086416 ], [ -106.0151631, 37.086442 ], [ -106.0151681, 37.082945 ], [ -106.0058591, 37.082696 ], [ -106.0050231, 37.081033 ], [ -106.0059731, 37.071821 ], [ -106.007789100000011, 37.071731 ], [ -106.0084591, 37.069012 ], [ -106.0093961, 37.070052 ], [ -106.0121131, 37.068592 ], [ -106.0112211, 37.06753 ], [ -106.0127161, 37.06672 ], [ -106.0146121, 37.068999 ], [ -106.0084751, 37.072904 ], [ -106.0113801, 37.071958 ], [ -106.0114501, 37.075177 ], [ -106.0158361, 37.075181 ], [ -106.0152071, 37.079126 ], [ -106.019387099999989, 37.079179 ] ] ] ] } },
{ "type": "Feature", "properties": { "state_po": "CO", "county_geoid": "08021", "pwsid": "CO0111900", "pws_name": "SANFORD TOWN OF", "population_served_count": 850, "model_method": "Random Forest", "verification_status": "", "symbology_field": "Modeled", "intersection_area_sq_km": 2.5762364761922392 }, "geometry": { "type": "Polygon", "coordinates": [ [ [ -105.9096771, 37.246911 ], [ -105.9095981, 37.268141 ], [ -105.901469100000014, 37.268022 ], [ -105.9014571, 37.266385 ], [ -105.8973171, 37.264791 ], [ -105.8973731, 37.258274 ], [ -105.893288, 37.258249 ], [ -105.893279, 37.259901 ], [ -105.891843, 37.259901 ], [ -105.891959, 37.256579 ], [ -105.895555, 37.256594 ], [ -105.895371, 37.25171 ], [ -105.8994421, 37.251717 ], [ -105.899448, 37.24682 ], [ -105.9096771, 37.246911 ] ] ] } },
{ "type": "Feature", "properties": { "state_po": "CO", "county_geoid": "08021", "pwsid": "CO0111200", "pws_name": "CAPULIN WD", "population_served_count": 250, "model_method": "Random Forest", "verification_status": "", "symbology_field": "Modeled", "intersection_area_sq_km": 0.68562704434868116 }, "geometry": { "type": "Polygon", "coordinates": [ [ [ -106.1072521, 37.27997 ], [ -106.1110451, 37.279958 ], [ -106.1112001, 37.286108 ], [ -106.0928881, 37.287372 ], [ -106.0928611, 37.283587 ], [ -106.1072491, 37.283539 ], [ -106.1072521, 37.27997 ] ] ] } },
{ "type": "Feature", "properties": { "state_po": "CO", "county_geoid": "08021", "pwsid": "CO0111600", "pws_name": "LA JARA TOWN OF", "population_served_count": 825, "model_method": null, "verification_status": null, "symbology_field": "System Sourced", "intersection_area_sq_km": 1.9887938989812519 }, "geometry": { "type": "Polygon", "coordinates": [ [ [ -105.9650159, 37.279080300000018 ], [ -105.9561838, 37.280576599999982 ], [ -105.95402, 37.278925799999975 ], [ -105.9557365, 37.275828299999979 ], [ -105.9535433, 37.2745212 ], [ -105.9537531, 37.271021299999944 ], [ -105.9483038, 37.2723291 ], [ -105.9466155, 37.2708989 ], [ -105.9506894, 37.267736 ], [ -105.9628626, 37.2680163 ], [ -105.9634428, 37.263204199999933 ], [ -105.9668523, 37.261195299999962 ], [ -105.9695222, 37.264246799999981 ], [ -105.9655351, 37.265663199999985 ], [ -105.9650827, 37.270946300000041 ], [ -105.9677936, 37.275675299999982 ], [ -105.9650159, 37.279080300000018 ] ] ] } },
{ "type": "Feature", "properties": { "state_po": "CO", "county_geoid": "08051", "pwsid": "CO0126121", "pws_name": "EVERGREEN LAKE COMPANY", "population_served_count": 431, "model_method": "Random Forest", "verification_status": "", "symbology_field": "Modeled", "intersection_area_sq_km": 3.5803898613008296 }, "geometry": { "type": "Polygon", "coordinates": [ [ [ -107.3620035, 38.321435099999988 ], [ -107.3614835, 38.325161099999988 ], [ -107.3651125, 38.330613099999972 ], [ -107.3655995, 38.334758100000016 ], [ -107.3700375, 38.336566100000034 ], [ -107.368300499999989, 38.334485100000023 ], [ -107.3735895, 38.3387471 ], [ -107.372546500000013, 38.341100100000034 ], [ -107.3741395, 38.346877100000029 ], [ -107.3688285, 38.3469961 ], [ -107.3663895, 38.343790100000028 ], [ -107.3675005, 38.349157100000014 ], [ -107.3733545, 38.3488471 ], [ -107.3749135, 38.361345100000058 ], [ -107.3782245, 38.361366100000041 ], [ -107.3760105, 38.364915099999983 ], [ -107.3770855, 38.3677571 ], [ -107.378782500000014, 38.36788110000002 ], [ -107.3795255, 38.365454099999972 ], [ -107.3825705, 38.367972099999989 ], [ -107.3807605, 38.371988099999975 ], [ -107.3771035, 38.371772100000015 ], [ -107.3762435, 38.373453099999978 ], [ -107.373878499999989, 38.372943100000043 ], [ -107.3722765, 38.366156099999984 ], [ -107.3688515, 38.3623051 ], [ -107.3684845, 38.354519099999976 ], [ -107.3636535, 38.3486641 ], [ -107.357409499999989, 38.327349099999971 ], [ -107.3596825, 38.32036410000002 ], [ -107.3620035, 38.321435099999988 ] ] ] } },
{ "type": "Feature", "properties": { "state_po": "CO", "county_geoid": "08051", "pwsid": "CO0126185", "pws_name": "SKI TOWN VILLAGE", "population_served_count": 113, "model_method": "Random Forest", "verification_status": "", "symbology_field": "Modeled", "intersection_area_sq_km": 0.1269076035542071 }, "geometry": { "type": "Polygon", "coordinates": [ [ [ -106.5221943, 38.603856199999989 ], [ -106.5226173, 38.606700199999956 ], [ -106.5158753, 38.610412199999978 ], [ -106.5188453, 38.6071972 ], [ -106.5180163, 38.606390200000035 ], [ -106.5221943, 38.603856199999989 ] ] ] } },
{ "type": "Feature", "properties": { "state_po": "CO", "county_geoid": "08051", "pwsid": "CO0126220", "pws_name": "GUNNISON COUNTY WSD", "population_served_count": 800, "model_method": "Random Forest", "verification_status": "", "symbology_field": "Modeled", "intersection_area_sq_km": 0.09411705495031232 }, "geometry": { "type": "Polygon", "coordinates": [ [ [ -106.9370514, 38.501821100000036 ], [ -106.9391644, 38.506675099999981 ], [ -106.9370684, 38.506828100000014 ], [ -106.9370514, 38.501821100000036 ] ] ] } },
{ "type": "Feature", "properties": { "state_po": "CO", "county_geoid": "08051", "pwsid": "CO0126580", "pws_name": "NORTH VALLEY SUBDIVISION UTILITY COMPANY", "population_served_count": 79, "model_method": "Random Forest", "verification_status": "", "symbology_field": "Modeled", "intersection_area_sq_km": 0.18641274023832438 }, "geometry": { "type": "Polygon", "coordinates": [ [ [ -106.5215563, 38.6057112 ], [ -106.513675299999989, 38.61184120000005 ], [ -106.5083003, 38.61246519999996 ], [ -106.505930299999989, 38.611544200000026 ], [ -106.5110223, 38.611226199999955 ], [ -106.5175723, 38.608031199999985 ], [ -106.5180163, 38.606390200000035 ], [ -106.5215563, 38.6057112 ] ] ] } },
{ "type": "Feature", "properties": { "state_po": "CO", "county_geoid": "08051", "pwsid": "CO0126618", "pws_name": "PONDEROSA PARK ASSOC", "population_served_count": 100, "model_method": "Random Forest", "verification_status": "", "symbology_field": "Modeled", "intersection_area_sq_km": 8.0325462835959289 }, "geometry": { "type": "Polygon", "coordinates": [ [ [ -106.9231294, 38.565870099999984 ], [ -106.9224254, 38.589587100000024 ], [ -106.9293284, 38.590029099999967 ], [ -106.9314044, 38.5880431 ], [ -106.9307764, 38.590623099999988 ], [ -106.926193399999988, 38.591375100000015 ], [ -106.9253944, 38.598190099999975 ], [ -106.9207754, 38.600645100000023 ], [ -106.9213494, 38.602216099999978 ], [ -106.9176644, 38.6015711 ], [ -106.9176014, 38.594612099999985 ], [ -106.919790400000011, 38.5943981 ], [ -106.9201804, 38.592205100000058 ], [ -106.9180494, 38.591329099999967 ], [ -106.9066544, 38.59846409999998 ], [ -106.8980134, 38.608190100000016 ], [ -106.8857994, 38.615485099999979 ], [ -106.8856194, 38.6062601 ], [ -106.8901994, 38.601320100000038 ], [ -106.8904074, 38.5890271 ], [ -106.8938204, 38.588121100000023 ], [ -106.9030804, 38.5918011 ], [ -106.9049914, 38.57741510000001 ], [ -106.9073164, 38.5732411 ], [ -106.9123154, 38.5692791 ], [ -106.9231294, 38.565870099999984 ] ] ] } },
{ "type": "Feature", "properties": { "state_po": "CO", "county_geoid": "08051", "pwsid": "CO0126175", "pws_name": "CHAIR MTN RANCH HOA FILING 1", "population_served_count": 37, "model_method": "Random Forest", "verification_status": "", "symbology_field": "Modeled", "intersection_area_sq_km": 0.0079218584698920649 }, "geometry": { "type": "Polygon", "coordinates": [ [ [ -107.3120925, 38.9624152 ], [ -107.3128575, 38.96349320000003 ], [ -107.3119645, 38.963412199999958 ], [ -107.3120925, 38.9624152 ] ] ] } },
{ "type": "Feature", "properties": { "state_po": "CO", "county_geoid": "08051", "pwsid": "CO0126715", "pws_name": "SOMERSET DOMESTIC WD", "population_served_count": 100, "model_method": "Random Forest", "verification_status": "", "symbology_field": "Modeled", "intersection_area_sq_km": 0.0070013195924335343 }, "geometry": { "type": "Polygon", "coordinates": [ [ [ -107.4689946, 38.925446099999952 ], [ -107.4698986, 38.9262371 ], [ -107.4689016, 38.9259731 ], [ -107.4689946, 38.925446099999952 ] ] ] } },
{ "type": "Feature", "properties": { "state_po": "CO", "county_geoid": "08051", "pwsid": "CO0126158", "pws_name": "BUCKHORN RANCH WS", "population_served_count": 205, "model_method": "Random Forest", "verification_status": "", "symbology_field": "Modeled", "intersection_area_sq_km": 0.032727827269871258 }, "geometry": { "type": "MultiPolygon", "coordinates": [ [ [ [ -106.9288944, 38.848900199999974 ], [ -106.9291484, 38.850267199999969 ], [ -106.9280344, 38.849717199999937 ], [ -106.9288944, 38.848900199999974 ] ] ], [ [ [ -106.9341234, 38.851481199999938 ], [ -106.9341984, 38.853525199999964 ], [ -106.9327034, 38.852204199999981 ], [ -106.9341234, 38.851481199999938 ] ] ] ] } },
{ "type": "Feature", "properties": { "state_po": "CO", "county_geoid": "08051", "pwsid": "CO0126188", "pws_name": "CRESTED BUTTE TOWN OF", "population_served_count": 2440, "model_method": "Random Forest", "verification_status": "", "symbology_field": "Modeled", "intersection_area_sq_km": 2.4552139052969935 }, "geometry": { "type": "MultiPolygon", "coordinates": [ [ [ [ -106.9772835, 38.86442619999994 ], [ -106.9685385, 38.859299199999974 ], [ -106.9627635, 38.858821199999987 ], [ -106.9626795, 38.865391199999983 ], [ -106.9615175, 38.8629992 ], [ -106.9600405, 38.864611199999985 ], [ -106.9589525, 38.8632732 ], [ -106.9585445, 38.865464200000019 ], [ -106.9572305, 38.865316199999967 ], [ -106.9554495, 38.8613622 ], [ -106.957705499999989, 38.860021199999977 ], [ -106.9552765, 38.8597712 ], [ -106.9532865, 38.851940199999973 ], [ -106.9721135, 38.860932199999986 ], [ -106.9772835, 38.86442619999994 ] ] ], [ [ [ -106.9649155, 38.864571200000057 ], [ -106.9905235, 38.8660232 ], [ -106.9905895, 38.8705642 ], [ -106.9922775, 38.870574200000021 ], [ -106.9906035, 38.874083200000015 ], [ -106.9879765, 38.874872200000034 ], [ -106.9842605, 38.873381200000026 ], [ -106.9771035, 38.8773052 ], [ -106.9809265, 38.8736792 ], [ -106.975587499999989, 38.874575199999946 ], [ -106.9725885, 38.872658199999975 ], [ -106.972578500000012, 38.866057199999986 ], [ -106.9649155, 38.864571200000057 ] ] ] ] } },
{ "type": "Feature", "properties": { "state_po": "CO", "county_geoid": "08051", "pwsid": "CO0126189", "pws_name": "CRESTED BUTTE SOUTH", "population_served_count": 2000, "model_method": "Random Forest", "verification_status": "", "symbology_field": "Modeled", "intersection_area_sq_km": 0.97057842807663541 }, "geometry": { "type": "MultiPolygon", "coordinates": [ [ [ [ -106.8822714, 38.806572199999955 ], [ -106.883106399999988, 38.808219199999961 ], [ -106.8816504, 38.806935199999984 ], [ -106.8822714, 38.806572199999955 ] ] ], [ [ [ -106.8838834, 38.807569199999989 ], [ -106.8842834, 38.809450200000022 ], [ -106.8862134, 38.808229200000049 ], [ -106.8882204, 38.808910200000028 ], [ -106.8915784, 38.812412200000011 ], [ -106.8978834, 38.814725200000034 ], [ -106.892787399999989, 38.8154522 ], [ -106.8930444, 38.8187772 ], [ -106.8907154, 38.819363199999984 ], [ -106.891774399999989, 38.820185199999941 ], [ -106.8853564, 38.8185372 ], [ -106.8855124, 38.816884200000032 ], [ -106.8871414, 38.817163200000032 ], [ -106.881783399999989, 38.8136562 ], [ -106.8828654, 38.811969199999979 ], [ -106.8800314, 38.8120372 ], [ -106.8786894, 38.814160199999975 ], [ -106.87728340000001, 38.8143632 ], [ -106.8759884, 38.816185199999957 ], [ -106.875451399999989, 38.8161082 ], [ -106.8838834, 38.807569199999989 ] ] ] ] } },
{ "type": "Feature", "properties": { "state_po": "CO", "county_geoid": "08051", "pwsid": "CO0126190", "pws_name": "MOUNT CRESTED BUTTE WSD", "population_served_count": 3296, "model_method": "Random Forest", "verification_status": "", "symbology_field": "Modeled", "intersection_area_sq_km": 2.8534768417903789 }, "geometry": { "type": "MultiPolygon", "coordinates": [ [ [ [ -106.9681885, 38.891263199999976 ], [ -106.9720485, 38.891508200000018 ], [ -106.9724345, 38.9009292 ], [ -106.9746355, 38.90380420000001 ], [ -106.9724965, 38.904505199999981 ], [ -106.9725405, 38.909657200000026 ], [ -106.9675465, 38.909776199999989 ], [ -106.9665695, 38.9114682 ], [ -106.9616235, 38.913075199999987 ], [ -106.9658565, 38.910308199999974 ], [ -106.9632685, 38.906932200000021 ], [ -106.9648165, 38.904268200000011 ], [ -106.9631995, 38.903188199999981 ], [ -106.9629895, 38.898826199999981 ], [ -106.9653275, 38.898815199999973 ], [ -106.9651395, 38.895177199999985 ], [ -106.962793499999989, 38.8951772 ], [ -106.9624445, 38.884294199999985 ], [ -106.965345500000012, 38.884287199999982 ], [ -106.9681885, 38.891263199999976 ] ] ], [ [ [ -106.9583575, 38.921026200000064 ], [ -106.955940500000011, 38.917343200000012 ], [ -106.9510165, 38.9175902 ], [ -106.9498105, 38.9149572 ], [ -106.9461425, 38.915140200000025 ], [ -106.9449495, 38.912521199999972 ], [ -106.9404665, 38.9121972 ], [ -106.9405565, 38.903192199999985 ], [ -106.9455055, 38.9042602 ], [ -106.9458735, 38.907969199999975 ], [ -106.9491085, 38.910585199999936 ], [ -106.9465435, 38.911473199999975 ], [ -106.9568985, 38.916020200000041 ], [ -106.9621365, 38.920899200000022 ], [ -106.9583575, 38.921026200000064 ] ] ] ] } },
{ "type": "Feature", "properties": { "state_po": "CO", "county_geoid": "08051", "pwsid": "CO0126466", "pws_name": "LARKSPUR SUBD", "population_served_count": 118, "model_method": "Random Forest", "verification_status": "", "symbology_field": "Modeled", "intersection_area_sq_km": 0.080947135824419161 }, "geometry": { "type": "Polygon", "coordinates": [ [ [ -106.944936500000011, 38.8538202 ], [ -106.9493335, 38.8543692 ], [ -106.9455975, 38.856825200000053 ], [ -106.944936500000011, 38.8538202 ] ] ] } },
{ "type": "Feature", "properties": { "state_po": "CO", "county_geoid": "08051", "pwsid": "CO0126505", "pws_name": "MERIDIAN LAKE PARK", "population_served_count": 250, "model_method": "Random Forest", "verification_status": "", "symbology_field": "Modeled", "intersection_area_sq_km": 0.23481265197399886 }, "geometry": { "type": "Polygon", "coordinates": [ [ [ -106.9990055, 38.915372200000022 ], [ -106.9947835, 38.9158902 ], [ -106.9922565, 38.91348820000001 ], [ -106.994111499999988, 38.911961199999965 ], [ -106.9918145, 38.91077419999997 ], [ -106.9939275, 38.909030199999989 ], [ -106.9990055, 38.915372200000022 ] ] ] } },
{ "type": "Feature", "properties": { "state_po": "CO", "county_geoid": "08051", "pwsid": "CO0126677", "pws_name": "RIVERLAND LOT OWNERS ASSOC", "population_served_count": 368, "model_method": "Random Forest", "verification_status": "", "symbology_field": "Modeled", "intersection_area_sq_km": 0.5654239716328382 }, "geometry": { "type": "Polygon", "coordinates": [ [ [ -106.9365294, 38.836717200000038 ], [ -106.944785400000015, 38.840234199999983 ], [ -106.9493115, 38.8464202 ], [ -106.9550005, 38.847126199999984 ], [ -106.9552565, 38.850545200000056 ], [ -106.9463924, 38.847404199999978 ], [ -106.9353054, 38.8376952 ], [ -106.9365294, 38.836717200000038 ] ] ] } },
{ "type": "Feature", "properties": { "state_po": "CO", "county_geoid": "08051", "pwsid": "CO0226500", "pws_name": "MARBLE WC", "population_served_count": 113, "model_method": "Random Forest", "verification_status": "", "symbology_field": "Modeled", "intersection_area_sq_km": 0.3032139594803786 }, "geometry": { "type": "MultiPolygon", "coordinates": [ [ [ [ -107.1980955, 39.072178200000025 ], [ -107.188219499999988, 39.073414199999988 ], [ -107.188140499999989, 39.071035200000019 ], [ -107.1965665, 39.070292199999962 ], [ -107.1980955, 39.072178200000025 ] ] ], [ [ [ -107.1856045, 39.072358200000039 ], [ -107.1873515, 39.074920200000022 ], [ -107.1818055, 39.073845199999973 ], [ -107.1818145, 39.072621199999972 ], [ -107.1856045, 39.072358200000039 ] ] ] ] } },
{ "type": "Feature", "properties": { "state_po": "CO", "county_geoid": "08051", "pwsid": "CO0226712", "pws_name": "SKYLAND MD", "population_served_count": 335, "model_method": "Random Forest", "verification_status": "", "symbology_field": "Modeled", "intersection_area_sq_km": 0.15551395705923846 }, "geometry": { "type": "MultiPolygon", "coordinates": [ [ [ [ -106.955116499999988, 38.8505572 ], [ -106.9532865, 38.851940199999973 ], [ -106.9486645, 38.849013199999973 ], [ -106.9508335, 38.848038199999955 ], [ -106.955116499999988, 38.8505572 ] ] ], [ [ [ -106.9465995, 38.864865199999947 ], [ -106.945440499999989, 38.8656042 ], [ -106.9445825, 38.864437199999962 ], [ -106.9453125, 38.862237199999917 ], [ -106.9465995, 38.864865199999947 ] ] ] ] } },
{ "type": "Feature", "properties": { "state_po": "CO", "county_geoid": "08039", "pwsid": "CO0120003", "pws_name": "CLEARWATER MD", "population_served_count": 200, "model_method": "Random Forest", "verification_status": "", "symbology_field": "Modeled", "intersection_area_sq_km": 4.672845185059634 }, "geometry": { "type": "Polygon", "coordinates": [ [ [ -104.634939, 39.5657474 ], [ -104.636878, 39.56364139999998 ], [ -104.63474, 39.561005399999971 ], [ -104.635107, 39.558271400000017 ], [ -104.638495, 39.554986400000026 ], [ -104.638264, 39.551486400000037 ], [ -104.642077, 39.548964400000017 ], [ -104.641622, 39.545756400000045 ], [ -104.645598, 39.544052399999941 ], [ -104.650404, 39.537798399999986 ], [ -104.652947, 39.541421399999969 ], [ -104.651703, 39.543801400000021 ], [ -104.653439, 39.546648399999931 ], [ -104.660398268830548, 39.547934062895294 ], [ -104.66016, 39.565909 ], [ -104.634939, 39.5657474 ] ] ] } },
{ "type": "Feature", "properties": { "state_po": "CO", "county_geoid": "08039", "pwsid": "CO0120300", "pws_name": "GAMBEL OAKS HOA", "population_served_count": 350, "model_method": "Random Forest", "verification_status": "", "symbology_field": "Modeled", "intersection_area_sq_km": 0.14402131432783208 }, "geometry": { "type": "Polygon", "coordinates": [ [ [ -104.639165, 39.420542399999974 ], [ -104.638604, 39.423070399999972 ], [ -104.634779, 39.422961400000027 ], [ -104.635511, 39.4195424 ], [ -104.639165, 39.420542399999974 ] ] ] } },
{ "type": "Feature", "properties": { "state_po": "CO", "county_geoid": "08039", "pwsid": "CO0120384", "pws_name": "INDEPENDENCE WSD", "population_served_count": 567, "model_method": "Random Forest", "verification_status": "", "symbology_field": "Modeled", "intersection_area_sq_km": 15.490347229490114 }, "geometry": { "type": "Polygon", "coordinates": [ [ [ -104.661517914394381, 39.463506414209533 ], [ -104.606169, 39.462985399999972 ], [ -104.606396, 39.434005400000032 ], [ -104.636956, 39.434267399999989 ], [ -104.637646, 39.431674400000034 ], [ -104.643916, 39.4342764 ], [ -104.661897916820564, 39.434406372329214 ], [ -104.661517914394381, 39.463506414209533 ] ] ] } },
{ "type": "Feature", "properties": { "state_po": "CO", "county_geoid": "08039", "pwsid": "CO0120001", "pws_name": "AGATE WA", "population_served_count": 152, "model_method": "Random Forest", "verification_status": "", "symbology_field": "Modeled", "intersection_area_sq_km": 0.060341893366259766 }, "geometry": { "type": "Polygon", "coordinates": [ [ [ -103.9399148, 39.458928500000013 ], [ -103.9435628, 39.4627745 ], [ -103.9423008, 39.4631545 ], [ -103.9399148, 39.458928500000013 ] ] ] } },
{ "type": "Feature", "properties": { "state_po": "CO", "county_geoid": "08039", "pwsid": "CO0120015", "pws_name": "KIOWA WATER AND WASTEWATER AUTHORITY", "population_served_count": 910, "model_method": "Random Forest", "verification_status": "", "symbology_field": "Modeled", "intersection_area_sq_km": 2.1925124999744012 }, "geometry": { "type": "MultiPolygon", "coordinates": [ [ [ [ -104.4458449, 39.310521399999985 ], [ -104.4441059, 39.3126064 ], [ -104.437365899999989, 39.3123834 ], [ -104.4343749, 39.309831399999986 ], [ -104.4333729, 39.304600400000027 ], [ -104.4391189, 39.30615040000005 ], [ -104.4458449, 39.310521399999985 ] ] ], [ [ [ -104.468688899999989, 39.334765399999952 ], [ -104.4690689, 39.3403844 ], [ -104.4655719, 39.3410174 ], [ -104.4662129, 39.344970399999973 ], [ -104.4747779, 39.344693400000033 ], [ -104.4735609, 39.346657399999962 ], [ -104.4698739, 39.346572400000021 ], [ -104.4670949, 39.3489934 ], [ -104.4676059, 39.354670399999961 ], [ -104.463476899999989, 39.3546924 ], [ -104.4634679, 39.350396399999966 ], [ -104.4595739, 39.350395399999933 ], [ -104.4572259, 39.346602400000016 ], [ -104.4520479, 39.345119399999987 ], [ -104.4595209, 39.346354400000045 ], [ -104.4594949, 39.334789399999941 ], [ -104.468688899999989, 39.334765399999952 ] ] ] ] } },
{ "type": "Feature", "properties": { "state_po": "CO", "county_geoid": "08039", "pwsid": "CO0120020", "pws_name": "PRAIRIE WC", "population_served_count": 300, "model_method": "Random Forest", "verification_status": "", "symbology_field": "Modeled", "intersection_area_sq_km": 0.22668360760120632 }, "geometry": { "type": "Polygon", "coordinates": [ [ [ -104.560697, 39.362404400000017 ], [ -104.559989, 39.367578399999971 ], [ -104.555522, 39.367626399999985 ], [ -104.555367, 39.363085400000024 ], [ -104.560697, 39.362404400000017 ] ] ] } },
{ "type": "Feature", "properties": { "state_po": "CO", "county_geoid": "08039", "pwsid": "CO0120244", "pws_name": "ELKHORN RANCH MD NO 1", "population_served_count": 530, "model_method": "Random Forest", "verification_status": "", "symbology_field": "Modeled", "intersection_area_sq_km": 18.598511182173212 }, "geometry": { "type": "Polygon", "coordinates": [ [ [ -104.587273195012074, 39.565602608578104 ], [ -104.588679200000016, 39.520949799999968 ], [ -104.638004099999989, 39.521729500000021 ], [ -104.6336578, 39.5471425 ], [ -104.6238535, 39.555949099999964 ], [ -104.6233514, 39.5658327 ], [ -104.587273195012074, 39.565602608578104 ] ] ] } },
{ "type": "Feature", "properties": { "state_po": "CO", "county_geoid": "08039", "pwsid": "CO0120717", "pws_name": "SPRING VALLEY MD NO 1", "population_served_count": 1788, "model_method": "Random Forest", "verification_status": "", "symbology_field": "Modeled", "intersection_area_sq_km": 0.23393318553888845 }, "geometry": { "type": "MultiPolygon", "coordinates": [ [ [ [ -104.57024, 39.4796684 ], [ -104.568581, 39.482121399999976 ], [ -104.565918, 39.479734399999977 ], [ -104.567945, 39.477701400000051 ], [ -104.57024, 39.4796684 ] ] ], [ [ [ -104.579739, 39.477541399999978 ], [ -104.579176, 39.480483399999983 ], [ -104.578258, 39.482418400000036 ], [ -104.576307, 39.480851399999978 ], [ -104.576189, 39.4775244 ], [ -104.579739, 39.477541399999978 ] ] ] ] } },
{ "type": "Feature", "properties": { "state_po": "CO", "county_geoid": "08039", "pwsid": "CO0120005", "pws_name": "ELBERT WSD", "population_served_count": 300, "model_method": "", "verification_status": "", "symbology_field": "System Sourced", "intersection_area_sq_km": 0.52326162672955967 }, "geometry": { "type": "Polygon", "coordinates": [ [ [ -104.5358896, 39.212707099999953 ], [ -104.5386923, 39.212707099999932 ], [ -104.5383869, 39.22552660000003 ], [ -104.5338145, 39.225526599999988 ], [ -104.533509099999989, 39.2164933 ], [ -104.5349104, 39.216493299999982 ], [ -104.5358896, 39.212707099999953 ] ] ] } },
{ "type": "Feature", "properties": { "state_po": "CO", "county_geoid": "08039", "pwsid": "CO0120246", "pws_name": "DEER CREEK WD", "population_served_count": 792, "model_method": "", "verification_status": "", "symbology_field": "System Sourced", "intersection_area_sq_km": 2.8250884141356423 }, "geometry": { "type": "Polygon", "coordinates": [ [ [ -104.6057156, 39.479309799999989 ], [ -104.5983854, 39.478699599999949 ], [ -104.5983854, 39.477479299999985 ], [ -104.5889261, 39.477479299999985 ], [ -104.588989, 39.470274600000025 ], [ -104.592708, 39.470274600000025 ], [ -104.592708, 39.463076099999952 ], [ -104.6154175, 39.463076099999959 ], [ -104.6152917, 39.470274600000039 ], [ -104.6058953, 39.470274600000025 ], [ -104.6057156, 39.479309799999989 ] ] ] } },
{ "type": "Feature", "properties": { "state_po": "CO", "county_geoid": "08039", "pwsid": "CO0120025", "pws_name": "SIMLA TOWN OF", "population_served_count": 618, "model_method": null, "verification_status": null, "symbology_field": "System Sourced", "intersection_area_sq_km": 1.6229642113827636 }, "geometry": { "type": "Polygon", "coordinates": [ [ [ -104.089188, 39.145918100000038 ], [ -104.0788834, 39.14517139999996 ], [ -104.0766431, 39.140797800000016 ], [ -104.0737229, 39.1404661 ], [ -104.0750843, 39.138593200000038 ], [ -104.0726132, 39.137089699999962 ], [ -104.0728538, 39.135486899999982 ], [ -104.083346800000015, 39.1336402 ], [ -104.087035899999989, 39.134796299999977 ], [ -104.0889964, 39.13924020000001 ], [ -104.090527, 39.137953500000037 ], [ -104.092437, 39.139060899999954 ], [ -104.0911285, 39.14061020000004 ], [ -104.0890791, 39.1397103 ], [ -104.088773, 39.141493899999944 ], [ -104.0917682, 39.14118790000002 ], [ -104.0928481, 39.1433974 ], [ -104.089188, 39.145918100000038 ] ] ] } },
{ "type": "Feature", "properties": { "state_po": "CO", "county_geoid": "08045", "pwsid": "CO0123155", "pws_name": "CANYON CREEK ESTATES", "population_served_count": 140, "model_method": "Random Forest", "verification_status": "", "symbology_field": "Modeled", "intersection_area_sq_km": 0.28199826171222386 }, "geometry": { "type": "Polygon", "coordinates": [ [ [ -107.4493516, 39.584776199999986 ], [ -107.4484526, 39.592991199999979 ], [ -107.4501136, 39.597764199999958 ], [ -107.4460106, 39.601796199999974 ], [ -107.4461966, 39.594060200000023 ], [ -107.4493516, 39.584776199999986 ] ] ] } },
{ "type": "Feature", "properties": { "state_po": "CO", "county_geoid": "08045", "pwsid": "CO0123185", "pws_name": "COTTONWOOD SPRINGS MHP", "population_served_count": 750, "model_method": "Random Forest", "verification_status": "", "symbology_field": "Modeled", "intersection_area_sq_km": 0.037312407679262277 }, "geometry": { "type": "Polygon", "coordinates": [ [ [ -107.7532467, 39.53732320000001 ], [ -107.7514757, 39.5399552 ], [ -107.7512167, 39.537125199999949 ], [ -107.7532467, 39.53732320000001 ] ] ] } },
{ "type": "Feature", "properties": { "state_po": "CO", "county_geoid": "08045", "pwsid": "CO0123500", "pws_name": "SUN MEADOW ESTATES", "population_served_count": 75, "model_method": "Decision Tree", "verification_status": "", "symbology_field": "Modeled", "intersection_area_sq_km": 0.040495675247428788 }, "geometry": { "type": "Polygon", "coordinates": [ [ [ -107.6961977, 39.555544200000014 ], [ -107.6930827, 39.555616199999974 ], [ -107.6930847, 39.5553772 ], [ -107.695182699999989, 39.553816200000057 ], [ -107.6961977, 39.555544200000014 ] ] ] } },
{ "type": "Feature", "properties": { "state_po": "CO", "county_geoid": "08045", "pwsid": "CO0123566", "pws_name": "OAK MEADOWS SERVICE COMPANY", "population_served_count": 180, "model_method": "Random Forest", "verification_status": "", "symbology_field": "Modeled", "intersection_area_sq_km": 0.36033244387738261 }, "geometry": { "type": "Polygon", "coordinates": [ [ [ -107.3189256, 39.436893200000021 ], [ -107.3153656, 39.440842200000027 ], [ -107.3179916, 39.4452502 ], [ -107.3164116, 39.446523199999966 ], [ -107.3104396, 39.4376722 ], [ -107.3189256, 39.436893200000021 ] ] ] } },
{ "type": "Feature", "properties": { "state_po": "CO", "county_geoid": "08045", "pwsid": "CO0123602", "pws_name": "PARACHUTE TOWN OF", "population_served_count": 1320, "model_method": "Random Forest", "verification_status": "", "symbology_field": "Modeled", "intersection_area_sq_km": 1.0028273735670103 }, "geometry": { "type": "MultiPolygon", "coordinates": [ [ [ [ -108.0506988, 39.4477982 ], [ -108.049553800000012, 39.447945200000014 ], [ -108.0504758, 39.447648199999989 ], [ -108.0506988, 39.4477982 ] ] ], [ [ [ -108.0594728, 39.444731200000035 ], [ -108.0571668, 39.4471912 ], [ -108.0605918, 39.449093200000036 ], [ -108.0604838, 39.452255199999975 ], [ -108.0584088, 39.4523802 ], [ -108.0574308, 39.4551792 ], [ -108.0588028, 39.4560842 ], [ -108.0554348, 39.455623199999955 ], [ -108.0524298, 39.4577222 ], [ -108.0424948, 39.4535292 ], [ -108.0491348, 39.451521200000023 ], [ -108.0519468, 39.4465052 ], [ -108.054437799999988, 39.4458232 ], [ -108.0519708, 39.447742200000022 ], [ -108.053435799999988, 39.44990420000002 ], [ -108.0594728, 39.444731200000035 ] ] ] ] } },
{ "type": "Feature", "properties": { "state_po": "CO", "county_geoid": "08045", "pwsid": "CO0123609", "pws_name": "PINYON MESA HOA", "population_served_count": 125, "model_method": "Random Forest", "verification_status": "", "symbology_field": "Modeled", "intersection_area_sq_km": 0.14492608055420914 }, "geometry": { "type": "MultiPolygon", "coordinates": [ [ [ [ -107.306110600000011, 39.5023072 ], [ -107.308995599999989, 39.5065632 ], [ -107.307126599999989, 39.506117199999963 ], [ -107.3071526, 39.50751620000004 ], [ -107.306110600000011, 39.5023072 ] ] ], [ [ [ -107.3108456, 39.505082200000011 ], [ -107.3104556, 39.507119199999934 ], [ -107.3094426, 39.5053102 ], [ -107.3108456, 39.505082200000011 ] ] ], [ [ [ -107.3738296, 39.5615752 ], [ -107.3713986, 39.564398200000021 ], [ -107.3701186, 39.5644542 ], [ -107.370814599999989, 39.5618552 ], [ -107.3738296, 39.5615752 ] ] ] ] } },
{ "type": "Feature", "properties": { "state_po": "CO", "county_geoid": "08045", "pwsid": "CO0123679", "pws_name": "RIVERBEND WATER AND SEWER COMPANY", "population_served_count": 156, "model_method": "Random Forest", "verification_status": "", "symbology_field": "Modeled", "intersection_area_sq_km": 0.03261237954802703 }, "geometry": { "type": "Polygon", "coordinates": [ [ [ -107.4737846, 39.569335199999962 ], [ -107.4718916, 39.570084200000025 ], [ -107.4722126, 39.5674202 ], [ -107.473035599999989, 39.567538200000016 ], [ -107.4737846, 39.569335199999962 ] ] ] } },
{ "type": "Feature", "properties": { "state_po": "CO", "county_geoid": "08045", "pwsid": "CO0123734", "pws_name": "APPLE TREE PARK", "population_served_count": 1160, "model_method": "Random Forest", "verification_status": "", "symbology_field": "Modeled", "intersection_area_sq_km": 0.73883687502645068 }, "geometry": { "type": "MultiPolygon", "coordinates": [ [ [ [ -107.5738197, 39.549520200000018 ], [ -107.5652977, 39.555372199999972 ], [ -107.5604137, 39.554737200000019 ], [ -107.5587247, 39.5520792 ], [ -107.5738197, 39.549520200000018 ] ] ], [ [ [ -107.5488577, 39.55869820000003 ], [ -107.5509147, 39.563057200000024 ], [ -107.5488927, 39.5654822 ], [ -107.5417217, 39.567646200000041 ], [ -107.5447947, 39.562417199999977 ], [ -107.5488577, 39.55869820000003 ] ] ] ] } },
{ "type": "Feature", "properties": { "state_po": "CO", "county_geoid": "08045", "pwsid": "CO0223343", "pws_name": "THE HIDEOUT AT GLENWOOD SPRINGS", "population_served_count": 94, "model_method": "Random Forest", "verification_status": "", "symbology_field": "Modeled", "intersection_area_sq_km": 5.526720805105116 }, "geometry": { "type": "Polygon", "coordinates": [ [ [ -107.3187886, 39.521380199999989 ], [ -107.3191376, 39.535329199999957 ], [ -107.3161456, 39.5352132 ], [ -107.3159966, 39.5409572 ], [ -107.3037746, 39.5408622 ], [ -107.3041666, 39.5375472 ], [ -107.3017146, 39.537318200000016 ], [ -107.3005626, 39.5352132 ], [ -107.303723600000012, 39.532217199999963 ], [ -107.297766599999989, 39.5280382 ], [ -107.2946446, 39.527989200000015 ], [ -107.2994686, 39.522966199999942 ], [ -107.2947346, 39.5169512 ], [ -107.2971366, 39.511849199999986 ], [ -107.2961996, 39.50706620000004 ], [ -107.3015446, 39.5040882 ], [ -107.3086386, 39.51276020000001 ], [ -107.3160046, 39.5160712 ], [ -107.3151006, 39.517714199999951 ], [ -107.3187886, 39.521380199999989 ] ] ] } },
{ "type": "Feature", "properties": { "state_po": "CO", "county_geoid": "08045", "pwsid": "CO0123677", "pws_name": "RIFLE CORRECTIONAL CENTER", "population_served_count": 287, "model_method": "Random Forest", "verification_status": "", "symbology_field": "Modeled", "intersection_area_sq_km": 0.14843270036348263 }, "geometry": { "type": "Polygon", "coordinates": [ [ [ -107.6990256, 39.6760075 ], [ -107.7030607, 39.659355100000049 ], [ -107.7033586, 39.664689 ], [ -107.6990256, 39.6760075 ] ] ] } },
{ "type": "Feature", "properties": { "state_po": "CO", "county_geoid": "08045", "pwsid": "CO0123248", "pws_name": "EL ROCKO MHP", "population_served_count": 80, "model_method": "Parcel", "verification_status": "", "symbology_field": "Modeled", "intersection_area_sq_km": 0.029679399269994602 }, "geometry": { "type": "Polygon", "coordinates": [ [ [ -107.3055945, 39.5052228 ], [ -107.303042499999989, 39.505399399999966 ], [ -107.3023071, 39.504556500000028 ], [ -107.3052612, 39.503638899999977 ], [ -107.3055945, 39.5052228 ] ] ] } },
{ "type": "Feature", "properties": { "state_po": "CO", "county_geoid": "08045", "pwsid": "CO0123125", "pws_name": "ROARING FORK WSD", "population_served_count": 1912, "model_method": "Random Forest", "verification_status": "", "symbology_field": "Modeled", "intersection_area_sq_km": 1.3254907277841235 }, "geometry": { "type": "MultiPolygon", "coordinates": [ [ [ [ -107.2535936, 39.4276542 ], [ -107.2557066, 39.433542200000034 ], [ -107.2491136, 39.431998200000017 ], [ -107.2477616, 39.433688199999985 ], [ -107.2356826, 39.419083200000024 ], [ -107.2307146, 39.417037199999989 ], [ -107.2351606, 39.418190199999984 ], [ -107.2410396, 39.424454199999957 ], [ -107.2459166, 39.422260200000018 ], [ -107.2476096, 39.422849199999987 ], [ -107.2484986, 39.4252562 ], [ -107.2535936, 39.4276542 ] ] ], [ [ [ -107.260206599999989, 39.4330892 ], [ -107.2586916, 39.43350620000006 ], [ -107.2583336, 39.4317552 ], [ -107.2592466, 39.4317442 ], [ -107.260206599999989, 39.4330892 ] ] ], [ [ [ -107.269927599999988, 39.43890719999996 ], [ -107.2650426, 39.439677199999977 ], [ -107.2637176, 39.4369572 ], [ -107.260600599999989, 39.436832200000033 ], [ -107.2585176, 39.4344842 ], [ -107.2610946, 39.4330272 ], [ -107.2651186, 39.434105199999983 ], [ -107.269927599999988, 39.43890719999996 ] ] ] ] } },
{ "type": "Feature", "properties": { "state_po": "CO", "county_geoid": "08045", "pwsid": "CO0123152", "pws_name": "ASPEN EQUESTRIAN BLUE CREEK RANCH", "population_served_count": 300, "model_method": "Random Forest", "verification_status": "", "symbology_field": "Modeled", "intersection_area_sq_km": 0.074554505516243735 }, "geometry": { "type": "Polygon", "coordinates": [ [ [ -107.1530416, 39.402606199999987 ], [ -107.1519656, 39.404819200000027 ], [ -107.1495906, 39.4043142 ], [ -107.1505356, 39.401823200000059 ], [ -107.1530416, 39.402606199999987 ] ] ] } },
{ "type": "Feature", "properties": { "state_po": "CO", "county_geoid": "08045", "pwsid": "CO0123166", "pws_name": "CATTLE CREEK WUA", "population_served_count": 47, "model_method": "Random Forest", "verification_status": "", "symbology_field": "Modeled", "intersection_area_sq_km": 0.9126650396720829 }, "geometry": { "type": "Polygon", "coordinates": [ [ [ -107.2627036, 39.4578452 ], [ -107.264343599999989, 39.466788200000011 ], [ -107.2699246, 39.4728192 ], [ -107.2669096, 39.472730200000029 ], [ -107.2618186, 39.468231200000019 ], [ -107.2584836, 39.469483200000049 ], [ -107.2531366, 39.4684412 ], [ -107.2489706, 39.463749200000017 ], [ -107.261783600000015, 39.4619562 ], [ -107.2612796, 39.4587052 ], [ -107.2627036, 39.4578452 ] ] ] } },
{ "type": "Feature", "properties": { "state_po": "CO", "county_geoid": "08045", "pwsid": "CO0123333", "pws_name": "CAVERN SPRINGS MHC, LLC", "population_served_count": 300, "model_method": "Random Forest", "verification_status": "", "symbology_field": "Modeled", "intersection_area_sq_km": 1.6585805696464282 }, "geometry": { "type": "MultiPolygon", "coordinates": [ [ [ [ -107.2756036, 39.459358199999947 ], [ -107.2806066, 39.470224199999983 ], [ -107.2789756, 39.471152199999977 ], [ -107.2770686, 39.4710682 ], [ -107.2773896, 39.468114200000031 ], [ -107.2731956, 39.462887199999969 ], [ -107.2737746, 39.460306200000012 ], [ -107.2756036, 39.459358199999947 ] ] ], [ [ [ -107.287015599999989, 39.479606200000021 ], [ -107.277342600000011, 39.4758762 ], [ -107.2756496, 39.472983200000023 ], [ -107.2712226, 39.470962199999953 ], [ -107.2697446, 39.472827199999962 ], [ -107.2646666, 39.467654200000027 ], [ -107.2627276, 39.456563200000048 ], [ -107.2683186, 39.4582602 ], [ -107.2708906, 39.463021200000036 ], [ -107.2722196, 39.459749199999976 ], [ -107.2665766, 39.451743200000031 ], [ -107.2688796, 39.452618199999982 ], [ -107.2719826, 39.4577222 ], [ -107.2724836, 39.45932319999995 ], [ -107.2718336, 39.463624200000062 ], [ -107.2764356, 39.467583200000014 ], [ -107.2773166, 39.474960200000048 ], [ -107.287015599999989, 39.479606200000021 ] ] ] ] } },
{ "type": "Feature", "properties": { "state_po": "CO", "county_geoid": "08045", "pwsid": "CO0123343", "pws_name": "TELLER SPRINGS HOA", "population_served_count": 84, "model_method": "Random Forest", "verification_status": "", "symbology_field": "Modeled", "intersection_area_sq_km": 0.01876452157541466 }, "geometry": { "type": "Polygon", "coordinates": [ [ [ -107.2736416, 39.458977199999964 ], [ -107.2756036, 39.459358199999947 ], [ -107.2741006, 39.4601152 ], [ -107.2736416, 39.458977199999964 ] ] ] } },
{ "type": "Feature", "properties": { "state_po": "CO", "county_geoid": "08045", "pwsid": "CO0123443", "pws_name": "KINGS ROW HOA", "population_served_count": 100, "model_method": "Random Forest", "verification_status": "", "symbology_field": "Modeled", "intersection_area_sq_km": 0.51487894555202662 }, "geometry": { "type": "Polygon", "coordinates": [ [ [ -107.1231076, 39.4232922 ], [ -107.1230976, 39.4274762 ], [ -107.1204866, 39.4281872 ], [ -107.1135936, 39.4252252 ], [ -107.1135946, 39.421310199999979 ], [ -107.120887599999989, 39.42139119999996 ], [ -107.1231076, 39.4232922 ] ] ] } },
{ "type": "Feature", "properties": { "state_po": "CO", "county_geoid": "08045", "pwsid": "CO0123470", "pws_name": "LIONS RIDGE ESTATES", "population_served_count": 63, "model_method": "Random Forest", "verification_status": "", "symbology_field": "Modeled", "intersection_area_sq_km": 0.0063351170073108276 }, "geometry": { "type": "Polygon", "coordinates": [ [ [ -107.1495126, 39.404073199999985 ], [ -107.1491696, 39.4048292 ], [ -107.1491216, 39.404158199999969 ], [ -107.1495126, 39.404073199999985 ] ] ] } },
{ "type": "Feature", "properties": { "state_po": "CO", "county_geoid": "08045", "pwsid": "CO0123518", "pws_name": "MOUNTAIN MEADOWS", "population_served_count": 115, "model_method": "Random Forest", "verification_status": "", "symbology_field": "Modeled", "intersection_area_sq_km": 0.10781970259184369 }, "geometry": { "type": "MultiPolygon", "coordinates": [ [ [ [ -107.2697446, 39.472827199999962 ], [ -107.2684346, 39.473572200000014 ], [ -107.2669096, 39.472730200000029 ], [ -107.2697446, 39.472827199999962 ] ] ], [ [ [ -107.2743736, 39.473027200000033 ], [ -107.2735236, 39.474887200000047 ], [ -107.2704926, 39.473383199999979 ], [ -107.2705426, 39.4709692 ], [ -107.2743736, 39.473027200000033 ] ] ] ] } },
{ "type": "Feature", "properties": { "state_po": "CO", "county_geoid": "08045", "pwsid": "CO0123519", "pws_name": "MOUNTAIN VALLEY MHP", "population_served_count": 338, "model_method": "Random Forest", "verification_status": "", "symbology_field": "Modeled", "intersection_area_sq_km": 0.072923719918011887 }, "geometry": { "type": "Polygon", "coordinates": [ [ [ -107.2215436, 39.4145722 ], [ -107.2224306, 39.410784199999988 ], [ -107.225182600000011, 39.414296199999953 ], [ -107.2215436, 39.4145722 ] ] ] } },
{ "type": "Feature", "properties": { "state_po": "CO", "county_geoid": "08045", "pwsid": "CO0123552", "pws_name": "NO NAME CREEK WS", "population_served_count": 160, "model_method": "Random Forest", "verification_status": "", "symbology_field": "Modeled", "intersection_area_sq_km": 18.930869512493331 }, "geometry": { "type": "Polygon", "coordinates": [ [ [ -107.3050226, 39.543495200000017 ], [ -107.3007756, 39.549240200000028 ], [ -107.2967786, 39.546850200000016 ], [ -107.2913236, 39.554020199999975 ], [ -107.2916016, 39.5568072 ], [ -107.2994246, 39.559246199999983 ], [ -107.3015316, 39.56138420000002 ], [ -107.3046016, 39.560710200000017 ], [ -107.3062286, 39.556883199999973 ], [ -107.3082256, 39.5566122 ], [ -107.3091316, 39.558623200000014 ], [ -107.3068466, 39.558558199999986 ], [ -107.3068226, 39.561597199999966 ], [ -107.2873746, 39.5615532 ], [ -107.2814246, 39.5598472 ], [ -107.272111599999988, 39.566216200000014 ], [ -107.2681686, 39.5630762 ], [ -107.257499599999989, 39.5617942 ], [ -107.2437456, 39.556923199999986 ], [ -107.2359376, 39.5644602 ], [ -107.243568599999989, 39.552738200000043 ], [ -107.2414406, 39.539244200000049 ], [ -107.2444716, 39.5378492 ], [ -107.2466406, 39.53424220000003 ], [ -107.2522316, 39.531610200000067 ], [ -107.2509966, 39.530262199999981 ], [ -107.2583646, 39.52908719999995 ], [ -107.2579706, 39.527246199999979 ], [ -107.2562506, 39.527560199999975 ], [ -107.2564446, 39.522440200000041 ], [ -107.2624876, 39.522952200000013 ], [ -107.2678276, 39.521611199999988 ], [ -107.270208599999989, 39.523342200000016 ], [ -107.273913600000014, 39.523370199999974 ], [ -107.2768206, 39.527104200000018 ], [ -107.2815406, 39.52521220000002 ], [ -107.2908916, 39.5259202 ], [ -107.2896576, 39.52454520000002 ], [ -107.2929806, 39.52584820000002 ], [ -107.2928296, 39.5276882 ], [ -107.297766599999989, 39.5280382 ], [ -107.303723600000012, 39.532217199999963 ], [ -107.3005626, 39.5352132 ], [ -107.3017146, 39.537318200000016 ], [ -107.3041666, 39.5375472 ], [ -107.3050226, 39.543495200000017 ] ] ] } },
{ "type": "Feature", "properties": { "state_po": "CO", "county_geoid": "08045", "pwsid": "CO0123595", "pws_name": "PANORAMA RANCHES HOA", "population_served_count": 120, "model_method": "Random Forest", "verification_status": "", "symbology_field": "Modeled", "intersection_area_sq_km": 9.7813066773216217 }, "geometry": { "type": "MultiPolygon", "coordinates": [ [ [ [ -107.113612256014974, 39.45291003644224 ], [ -107.114977599999989, 39.4291322 ], [ -107.118838599999989, 39.428863200000016 ], [ -107.1281986, 39.436640200000014 ], [ -107.129054599999989, 39.428857199999975 ], [ -107.1348796, 39.428947199999989 ], [ -107.137745599999988, 39.432487199999976 ], [ -107.1471216, 39.432635199999957 ], [ -107.1458136, 39.43613619999995 ], [ -107.1479496, 39.441883199999964 ], [ -107.1468236, 39.4460952 ], [ -107.150899599999988, 39.452627200000016 ], [ -107.1504666, 39.457067200000026 ], [ -107.1489446, 39.45862220000005 ], [ -107.1416596, 39.458854200000033 ], [ -107.1408436, 39.464668199999977 ], [ -107.1387426, 39.46598120000003 ], [ -107.1344206, 39.466471199999972 ], [ -107.1355246, 39.461670199999979 ], [ -107.1242016, 39.4616672 ], [ -107.122932600000013, 39.4572622 ], [ -107.113612256014974, 39.45291003644224 ] ] ], [ [ [ -107.1406466, 39.473331200000025 ], [ -107.1388446, 39.483581199999954 ], [ -107.1357026, 39.488062199999952 ], [ -107.1315926, 39.4899582 ], [ -107.1350286, 39.4866942 ], [ -107.1379956, 39.4731512 ], [ -107.1406466, 39.473331200000025 ] ] ] ] } },
{ "type": "Feature", "properties": { "state_po": "CO", "county_geoid": "08045", "pwsid": "CO0123617", "pws_name": "CALLICOTTE RANCH", "population_served_count": 33, "model_method": "Random Forest", "verification_status": "", "symbology_field": "Modeled", "intersection_area_sq_km": 0.42144845229669675 }, "geometry": { "type": "Polygon", "coordinates": [ [ [ -107.1930796, 39.452188199999988 ], [ -107.1867326, 39.451508200000021 ], [ -107.1818316, 39.446318199999965 ], [ -107.1821306, 39.442660199999978 ], [ -107.1917396, 39.4487162 ], [ -107.1930796, 39.452188199999988 ] ] ] } },
{ "type": "Feature", "properties": { "state_po": "CO", "county_geoid": "08045", "pwsid": "CO0123667", "pws_name": "RANCH AT ROARING FORK", "population_served_count": 300, "model_method": "Random Forest", "verification_status": "", "symbology_field": "Modeled", "intersection_area_sq_km": 1.7909337620231713 }, "geometry": { "type": "Polygon", "coordinates": [ [ [ -107.1539456, 39.399799200000047 ], [ -107.1697016, 39.40335020000002 ], [ -107.1792936, 39.4101772 ], [ -107.181738599999989, 39.408906199999976 ], [ -107.1862776, 39.4103072 ], [ -107.1888986, 39.411456200000046 ], [ -107.1888356, 39.413252200000017 ], [ -107.1525236, 39.407690199999969 ], [ -107.1539456, 39.399799200000047 ] ] ] } },
{ "type": "Feature", "properties": { "state_po": "CO", "county_geoid": "08045", "pwsid": "CO0123725", "pws_name": "SUNLIGHT VIEW WWW COMPANY", "population_served_count": 234, "model_method": "Random Forest", "verification_status": "", "symbology_field": "Modeled", "intersection_area_sq_km": 2.3914722108712669 }, "geometry": { "type": "Polygon", "coordinates": [ [ [ -107.3205546, 39.4714412 ], [ -107.3203576, 39.478457199999966 ], [ -107.3194626, 39.479716200000034 ], [ -107.3173816, 39.478955199999987 ], [ -107.3170566, 39.480237199999969 ], [ -107.3176626, 39.485522200000027 ], [ -107.3112506, 39.48885719999997 ], [ -107.3092856, 39.4871122 ], [ -107.3054706, 39.487071199999939 ], [ -107.3031086, 39.4814822 ], [ -107.2948966, 39.482683199999975 ], [ -107.2898176, 39.481287199999962 ], [ -107.2858376, 39.4778082 ], [ -107.2860806, 39.4766192 ], [ -107.2886686, 39.478377200000018 ], [ -107.2878936, 39.475681199999983 ], [ -107.2929926, 39.474941199999982 ], [ -107.3160036, 39.4788192 ], [ -107.3179396, 39.4747322 ], [ -107.3161676, 39.4737112 ], [ -107.3205546, 39.4714412 ] ] ] } },
{ "type": "Feature", "properties": { "state_po": "CO", "county_geoid": "08045", "pwsid": "CO0123726", "pws_name": "SATANK WA", "population_served_count": 80, "model_method": "Random Forest", "verification_status": "", "symbology_field": "Modeled", "intersection_area_sq_km": 0.16182688381463567 }, "geometry": { "type": "Polygon", "coordinates": [ [ [ -107.2307686, 39.41673320000001 ], [ -107.2261676, 39.415022200000024 ], [ -107.2258576, 39.4109662 ], [ -107.2288416, 39.411717199999984 ], [ -107.2307686, 39.41673320000001 ] ] ] } },
{ "type": "Feature", "properties": { "state_po": "CO", "county_geoid": "08045", "pwsid": "CO0123836", "pws_name": "WESTBANK MESA HOA", "population_served_count": 93, "model_method": "Random Forest", "verification_status": "", "symbology_field": "Modeled", "intersection_area_sq_km": 0.14853161736580606 }, "geometry": { "type": "Polygon", "coordinates": [ [ [ -107.2929926, 39.474941199999982 ], [ -107.2878936, 39.475681199999983 ], [ -107.2876326, 39.478705200000036 ], [ -107.2849016, 39.473857200000026 ], [ -107.2929926, 39.474941199999982 ] ] ] } },
{ "type": "Feature", "properties": { "state_po": "CO", "county_geoid": "08045", "pwsid": "CO0123838", "pws_name": "WESTBANK RANCH  HOA", "population_served_count": 400, "model_method": "Random Forest", "verification_status": "", "symbology_field": "Modeled", "intersection_area_sq_km": 0.23859843071978104 }, "geometry": { "type": "MultiPolygon", "coordinates": [ [ [ [ -107.2894486, 39.479897199999982 ], [ -107.2876326, 39.478705200000036 ], [ -107.2886686, 39.478377200000018 ], [ -107.2894486, 39.479897199999982 ] ] ], [ [ [ -107.2956396, 39.486218199999989 ], [ -107.2834786, 39.4793822 ], [ -107.273788599999989, 39.475886200000012 ], [ -107.2704926, 39.473383199999979 ], [ -107.2851116, 39.478838200000041 ], [ -107.2956396, 39.486218199999989 ] ] ] ] } },
{ "type": "Feature", "properties": { "state_po": "CO", "county_geoid": "08045", "pwsid": "CO0123860", "pws_name": "WOODEN DEER HOA", "population_served_count": 38, "model_method": "Random Forest", "verification_status": "", "symbology_field": "Modeled", "intersection_area_sq_km": 0.96636779419350338 }, "geometry": { "type": "Polygon", "coordinates": [ [ [ -107.1888356, 39.413252200000017 ], [ -107.182673600000015, 39.417787200000028 ], [ -107.180449599999989, 39.42213119999996 ], [ -107.1785116, 39.421135200000045 ], [ -107.175991599999989, 39.423555200000031 ], [ -107.1764116, 39.41933219999995 ], [ -107.1735966, 39.418775200000063 ], [ -107.174601599999988, 39.4113472 ], [ -107.1683866, 39.4099212 ], [ -107.1888356, 39.413252200000017 ] ] ] } },
{ "type": "Feature", "properties": { "state_po": "CO", "county_geoid": "08045", "pwsid": "CO0219123", "pws_name": "ASPEN MTN VIEW SUBD", "population_served_count": 150, "model_method": "Random Forest", "verification_status": "", "symbology_field": "Modeled", "intersection_area_sq_km": 0.3307823779609228 }, "geometry": { "type": "Polygon", "coordinates": [ [ [ -107.1135946, 39.421310199999979 ], [ -107.1135936, 39.4252252 ], [ -107.1200566, 39.423274200000016 ], [ -107.1231076, 39.424558199999979 ], [ -107.1230976, 39.4274762 ], [ -107.113590084826356, 39.42811255004662 ], [ -107.1135946, 39.421310199999979 ] ] ] } },
{ "type": "Feature", "properties": { "state_po": "CO", "county_geoid": "08097", "pwsid": "CO0119692", "pws_name": "RUEDI SHORES MD", "population_served_count": 165, "model_method": "Random Forest", "verification_status": "", "symbology_field": "Modeled", "intersection_area_sq_km": 0.00020823634110265241 }, "geometry": { "type": "Polygon", "coordinates": [ [ [ -106.729537508844075, 39.362518948520304 ], [ -106.7318115, 39.362565200000034 ], [ -106.732356929505158, 39.362594933656062 ], [ -106.729537508844075, 39.362518948520304 ] ] ] } },
{ "type": "Feature", "properties": { "state_po": "CO", "county_geoid": "08097", "pwsid": "CO0149123", "pws_name": "ASPEN VILLAGE MD", "population_served_count": 300, "model_method": "Random Forest", "verification_status": "", "symbology_field": "Modeled", "intersection_area_sq_km": 0.25226054010937943 }, "geometry": { "type": "Polygon", "coordinates": [ [ [ -106.924558499999989, 39.290587200000026 ], [ -106.9221885, 39.2947582 ], [ -106.9255705, 39.298062199999968 ], [ -106.9131835, 39.291340200000015 ], [ -106.924558499999989, 39.290587200000026 ] ] ] } },
{ "type": "Feature", "properties": { "state_po": "CO", "county_geoid": "08097", "pwsid": "CO0149155", "pws_name": "BRUSH CREEK WD", "population_served_count": 516, "model_method": "Random Forest", "verification_status": "", "symbology_field": "Modeled", "intersection_area_sq_km": 5.7885647838413288 }, "geometry": { "type": "MultiPolygon", "coordinates": [ [ [ [ -106.921519499999988, 39.221100199999981 ], [ -106.9201455, 39.225349199999989 ], [ -106.9150325, 39.224754199999978 ], [ -106.9147965, 39.217940199999987 ], [ -106.910274500000014, 39.2179632 ], [ -106.9108695, 39.21057220000003 ], [ -106.9188785, 39.21357320000002 ], [ -106.921519499999988, 39.221100199999981 ] ] ], [ [ [ -106.9187545, 39.247063199999985 ], [ -106.9195475, 39.252548200000014 ], [ -106.9150025, 39.252552199999954 ], [ -106.9150305, 39.251081200000044 ], [ -106.9072685, 39.2511722 ], [ -106.9056685, 39.2560522 ], [ -106.8966325, 39.2559502 ], [ -106.8959755, 39.2583912 ], [ -106.8910005, 39.2588282 ], [ -106.8908105, 39.2603862 ], [ -106.8883295, 39.260849199999974 ], [ -106.8840025, 39.249513199999988 ], [ -106.8976435, 39.238636200000023 ], [ -106.9021855, 39.236129199999986 ], [ -106.9106355, 39.234334199999971 ], [ -106.9152945, 39.23108119999997 ], [ -106.9175195, 39.232008200000024 ], [ -106.9174415, 39.235422199999988 ], [ -106.9149145, 39.2358752 ], [ -106.9149255, 39.239761199999975 ], [ -106.9103255, 39.239865200000025 ], [ -106.9104755, 39.247381199999985 ], [ -106.9187545, 39.247063199999985 ] ] ] ] } },
{ "type": "Feature", "properties": { "state_po": "CO", "county_geoid": "08097", "pwsid": "CO0149160", "pws_name": "BUTTERMILK MD", "population_served_count": 200, "model_method": "Random Forest", "verification_status": "", "symbology_field": "Modeled", "intersection_area_sq_km": 4.9902768782733178 }, "geometry": { "type": "MultiPolygon", "coordinates": [ [ [ [ -106.9865435, 39.202715200000014 ], [ -106.9734095, 39.2066192 ], [ -106.9757545, 39.203984200000029 ], [ -106.9742195, 39.204447200000011 ], [ -106.9716505, 39.195834200000057 ], [ -106.9699035, 39.195846200000034 ], [ -106.9699605, 39.184782199999979 ], [ -106.9736535, 39.184896200000011 ], [ -106.9698975, 39.177620200000021 ], [ -106.969970499999988, 39.155960200000052 ], [ -106.9701405, 39.159231199999958 ], [ -106.9728925, 39.159448199999986 ], [ -106.9731855, 39.173537200000027 ], [ -106.977388499999989, 39.173366199999982 ], [ -106.9775235, 39.188196200000014 ], [ -106.9865825, 39.188067200000013 ], [ -106.9865435, 39.202715200000014 ] ] ], [ [ [ -106.9626345, 39.264005200000014 ], [ -106.9572525, 39.279805200000034 ], [ -106.9595615, 39.289469199999985 ], [ -106.9589145, 39.2970232 ], [ -106.9708305, 39.3038192 ], [ -106.9807555, 39.306861200000036 ], [ -106.9870635, 39.3041882 ], [ -106.9809725, 39.308093199999988 ], [ -106.9810185, 39.3117772 ], [ -106.9770515, 39.310556199999986 ], [ -106.9700955, 39.3040162 ], [ -106.9584325, 39.297482199999983 ], [ -106.9536655, 39.2899582 ], [ -106.9543425, 39.282594199999963 ], [ -106.9583575, 39.2756432 ], [ -106.9579075, 39.270317200000022 ], [ -106.9626345, 39.264005200000014 ] ] ] ] } },
{ "type": "Feature", "properties": { "state_po": "CO", "county_geoid": "08097", "pwsid": "CO0149188", "pws_name": "CRYSTAL RIVER COUNTRY ESTATES WATER CO", "population_served_count": 40, "model_method": "Random Forest", "verification_status": "", "symbology_field": "Modeled", "intersection_area_sq_km": 0.048185691579772379 }, "geometry": { "type": "Polygon", "coordinates": [ [ [ -107.219129599999988, 39.284746199999965 ], [ -107.2182646, 39.2854022 ], [ -107.2163976, 39.288270200000021 ], [ -107.2170316, 39.2846212 ], [ -107.219129599999988, 39.284746199999965 ] ] ] } },
{ "type": "Feature", "properties": { "state_po": "CO", "county_geoid": "08097", "pwsid": "CO0149218", "pws_name": "KK WATER ASSOC", "population_served_count": 70, "model_method": "Random Forest", "verification_status": "", "symbology_field": "Modeled", "intersection_area_sq_km": 0.29744040493580698 }, "geometry": { "type": "MultiPolygon", "coordinates": [ [ [ [ -107.0596855, 39.355163199999957 ], [ -107.0653345, 39.3650542 ], [ -107.0618835, 39.36465519999998 ], [ -107.0596855, 39.355163199999957 ] ] ], [ [ [ -107.0703325, 39.362925199999978 ], [ -107.0702555, 39.3649882 ], [ -107.0667585, 39.36503919999997 ], [ -107.0667825, 39.362393199999964 ], [ -107.0703325, 39.362925199999978 ] ] ] ] } },
{ "type": "Feature", "properties": { "state_po": "CO", "county_geoid": "08097", "pwsid": "CO0149300", "pws_name": "GATEWAY MD", "population_served_count": 160, "model_method": "Random Forest", "verification_status": "", "symbology_field": "Modeled", "intersection_area_sq_km": 21.547953069167267 }, "geometry": { "type": "Polygon", "coordinates": [ [ [ -106.9411495, 39.295966200000024 ], [ -106.9501965, 39.29727519999998 ], [ -106.9555985, 39.2961212 ], [ -106.9711735, 39.303972199999983 ], [ -106.9808835, 39.306884199999985 ], [ -106.9869905, 39.304183200000011 ], [ -107.0117325, 39.305761199999964 ], [ -107.0193985, 39.3161772 ], [ -107.027331499999988, 39.321029200000012 ], [ -107.0104275, 39.3210262 ], [ -107.0103815, 39.3449502 ], [ -107.007642499999989, 39.3425452 ], [ -106.9973125, 39.339563199999979 ], [ -106.9883385, 39.3317612 ], [ -106.9646895, 39.329520199999969 ], [ -106.9488315, 39.325559199999979 ], [ -106.937527500000016, 39.3151422 ], [ -106.9340405, 39.306492199999951 ], [ -106.9364155, 39.3065052 ], [ -106.9358225, 39.29788320000003 ], [ -106.9411495, 39.295966200000024 ] ] ] } },
{ "type": "Feature", "properties": { "state_po": "CO", "county_geoid": "08097", "pwsid": "CO0149352", "pws_name": "HOLLAND HILLS MD", "population_served_count": 225, "model_method": "Random Forest", "verification_status": "", "symbology_field": "Modeled", "intersection_area_sq_km": 0.16204259531221349 }, "geometry": { "type": "Polygon", "coordinates": [ [ [ -107.0187295, 39.350423199999987 ], [ -107.0202125, 39.3545792 ], [ -107.0145985, 39.35376719999995 ], [ -107.0167475, 39.350786200000023 ], [ -107.0115945, 39.3466762 ], [ -107.0187295, 39.350423199999987 ] ] ] } },
{ "type": "Feature", "properties": { "state_po": "CO", "county_geoid": "08097", "pwsid": "CO0149466", "pws_name": "LAZY GLEN HOA", "population_served_count": 322, "model_method": "Random Forest", "verification_status": "", "symbology_field": "Modeled", "intersection_area_sq_km": 0.53323335396614802 }, "geometry": { "type": "MultiPolygon", "coordinates": [ [ [ [ -107.0056125, 39.3436622 ], [ -106.9982915, 39.342438200000025 ], [ -106.9882685, 39.3336722 ], [ -106.9844145, 39.3320832 ], [ -106.9849245, 39.331020200000019 ], [ -106.98956050000001, 39.332317200000041 ], [ -106.9969845, 39.3393472 ], [ -107.005588500000016, 39.3425112 ], [ -107.0056125, 39.3436622 ] ] ], [ [ [ -107.0063685, 39.3440262 ], [ -107.007642499999989, 39.3425452 ], [ -107.013597499999989, 39.3471222 ], [ -107.0063685, 39.3440262 ] ] ] ] } },
{ "type": "Feature", "properties": { "state_po": "CO", "county_geoid": "08097", "pwsid": "CO0149476", "pws_name": "LITTLE ELK CREEK", "population_served_count": 150, "model_method": "Random Forest", "verification_status": "", "symbology_field": "Modeled", "intersection_area_sq_km": 2.5362698631685694 }, "geometry": { "type": "Polygon", "coordinates": [ [ [ -107.023391499999988, 39.2904522 ], [ -107.015950499999988, 39.3052192 ], [ -106.9858455, 39.3046402 ], [ -106.9906595, 39.300301200000021 ], [ -106.9972615, 39.29929219999994 ], [ -107.0090915, 39.2938832 ], [ -107.0155855, 39.294176199999988 ], [ -107.0188305, 39.290354200000017 ], [ -107.023391499999988, 39.2904522 ] ] ] } },
{ "type": "Feature", "properties": { "state_po": "CO", "county_geoid": "08097", "pwsid": "CO0149609", "pws_name": "PHILLIPS MOBILE HOME PARK", "population_served_count": 44, "model_method": "Random Forest", "verification_status": "", "symbology_field": "Modeled", "intersection_area_sq_km": 0.010363934173451311 }, "geometry": { "type": "Polygon", "coordinates": [ [ [ -106.9361265, 39.309939199999974 ], [ -106.9357925, 39.3113742 ], [ -106.9358155, 39.309971200000042 ], [ -106.9361265, 39.309939199999974 ] ] ] } },
{ "type": "Feature", "properties": { "state_po": "CO", "county_geoid": "08097", "pwsid": "CO0149621", "pws_name": "PRINCE CREEK VILLAGE HOA", "population_served_count": 50, "model_method": "Random Forest", "verification_status": "", "symbology_field": "Modeled", "intersection_area_sq_km": 0.09606922862266766 }, "geometry": { "type": "Polygon", "coordinates": [ [ [ -107.1790616, 39.3547032 ], [ -107.1746806, 39.355129199999944 ], [ -107.1710876, 39.3533962 ], [ -107.1778346, 39.35348719999994 ], [ -107.1790616, 39.3547032 ] ] ] } },
{ "type": "Feature", "properties": { "state_po": "CO", "county_geoid": "08097", "pwsid": "CO0149685", "pws_name": "ROARING FORK MHP", "population_served_count": 200, "model_method": "Parcel", "verification_status": "", "symbology_field": "Modeled", "intersection_area_sq_km": 0.025436824082166028 }, "geometry": { "type": "Polygon", "coordinates": [ [ [ -107.0367195, 39.365175199999975 ], [ -107.0341405, 39.3654452 ], [ -107.0345495, 39.364890199999969 ], [ -107.0367195, 39.365175199999975 ] ] ] } },
{ "type": "Feature", "properties": { "state_po": "CO", "county_geoid": "08097", "pwsid": "CO0149724", "pws_name": "STARWOOD METROPOLITAN DISTRICT", "population_served_count": 300, "model_method": "Random Forest", "verification_status": "", "symbology_field": "Modeled", "intersection_area_sq_km": 2.1402757001904855 }, "geometry": { "type": "Polygon", "coordinates": [ [ [ -106.8584455, 39.227434200000019 ], [ -106.8597515, 39.2326122 ], [ -106.8574605, 39.2372502 ], [ -106.8522045, 39.238262199999966 ], [ -106.8472225, 39.236610199999951 ], [ -106.8473765, 39.233230199999987 ], [ -106.8434315, 39.228783199999974 ], [ -106.8453265, 39.227346200000014 ], [ -106.8438905, 39.226560199999987 ], [ -106.8434785, 39.2278822 ], [ -106.8423995, 39.2267262 ], [ -106.842690499999989, 39.223144200000029 ], [ -106.8454305, 39.2230292 ], [ -106.8415755, 39.215154200000036 ], [ -106.8490055, 39.2188682 ], [ -106.8506425, 39.222143199999984 ], [ -106.8584455, 39.227434200000019 ] ] ] } },
{ "type": "Feature", "properties": { "state_po": "CO", "county_geoid": "08097", "pwsid": "CO0149727", "pws_name": "SWISS VILLAGE HOA", "population_served_count": 95, "model_method": "Random Forest", "verification_status": "", "symbology_field": "Modeled", "intersection_area_sq_km": 0.25478544441247369 }, "geometry": { "type": "Polygon", "coordinates": [ [ [ -107.2362146, 39.2496432 ], [ -107.2382986, 39.250661199999982 ], [ -107.2378336, 39.2531172 ], [ -107.234900599999989, 39.251947199999989 ], [ -107.2330466, 39.258564200000031 ], [ -107.2296786, 39.262517200000012 ], [ -107.2265706, 39.2714682 ], [ -107.2256096, 39.272814199999985 ], [ -107.2247076, 39.273035199999981 ], [ -107.2272536, 39.264139200000024 ], [ -107.2327716, 39.25853020000001 ], [ -107.2339646, 39.2533922 ], [ -107.2362146, 39.2496432 ] ] ] } },
{ "type": "Feature", "properties": { "state_po": "CO", "county_geoid": "08097", "pwsid": "CO0149842", "pws_name": "WHITE HORSE SPRINGS WD", "population_served_count": 70, "model_method": "Random Forest", "verification_status": "", "symbology_field": "Modeled", "intersection_area_sq_km": 4.8821624961486298 }, "geometry": { "type": "Polygon", "coordinates": [ [ [ -106.8827445, 39.258785200000013 ], [ -106.8797795, 39.255667199999969 ], [ -106.8721125, 39.2520032 ], [ -106.8598985, 39.230985199999964 ], [ -106.8574605, 39.2372502 ], [ -106.8519885, 39.238225200000024 ], [ -106.8569105, 39.235981199999983 ], [ -106.8584705, 39.227472200000015 ], [ -106.8506425, 39.222143199999984 ], [ -106.8490055, 39.2188682 ], [ -106.8409415, 39.21456919999995 ], [ -106.8408135, 39.21256719999996 ], [ -106.843878499999988, 39.21454419999997 ], [ -106.8502745, 39.2147692 ], [ -106.8495085, 39.2144792 ], [ -106.8486605, 39.213465199999973 ], [ -106.8481985, 39.2121932 ], [ -106.8478495, 39.212136199999989 ], [ -106.8476935, 39.211949199999985 ], [ -106.8472625, 39.210532199999932 ], [ -106.8474685, 39.207985199999989 ], [ -106.8487475, 39.213546199999968 ], [ -106.8539855, 39.214672199999988 ], [ -106.8536875, 39.218430199999979 ], [ -106.8541295, 39.216498200000032 ], [ -106.8566185, 39.218434199999983 ], [ -106.861411499999988, 39.2183552 ], [ -106.8593955, 39.21933120000002 ], [ -106.8598365, 39.2218312 ], [ -106.8627505, 39.224624199999973 ], [ -106.864805499999989, 39.223619200000023 ], [ -106.8631275, 39.220609199999956 ], [ -106.8715805, 39.2337982 ], [ -106.8810635, 39.243427199999957 ], [ -106.8883295, 39.260849199999974 ], [ -106.8827445, 39.258785200000013 ] ] ] } },
{ "type": "Feature", "properties": { "state_po": "CO", "county_geoid": "08097", "pwsid": "CO0149844", "pws_name": "WJ METRO DISTRICT", "population_served_count": 324, "model_method": "Random Forest", "verification_status": "", "symbology_field": "Modeled", "intersection_area_sq_km": 0.13954670123883853 }, "geometry": { "type": "MultiPolygon", "coordinates": [ [ [ [ -106.8744395, 39.254446199999983 ], [ -106.8746875, 39.25676220000004 ], [ -106.8733005, 39.255099199999982 ], [ -106.8744395, 39.254446199999983 ] ] ], [ [ [ -106.8862855, 39.2721122 ], [ -106.88462650000001, 39.26800820000004 ], [ -106.884910499999989, 39.2657872 ], [ -106.88099050000001, 39.25723619999998 ], [ -106.8862635, 39.265703200000026 ], [ -106.8862855, 39.2721122 ] ] ] ] } },
{ "type": "Feature", "properties": { "state_po": "CO", "county_geoid": "08097", "pwsid": "CO0149852", "pws_name": "WOODY CREEK METROPOLITAN DISTRICT", "population_served_count": 220, "model_method": "Random Forest", "verification_status": "", "symbology_field": "Modeled", "intersection_area_sq_km": 0.74986577177635738 }, "geometry": { "type": "MultiPolygon", "coordinates": [ [ [ [ -106.8911115, 39.276980200000033 ], [ -106.8883165, 39.277416199999983 ], [ -106.8869085, 39.274665199999966 ], [ -106.8852425, 39.2687762 ], [ -106.8862635, 39.265703200000026 ], [ -106.8825415, 39.258797199999975 ], [ -106.8876665, 39.260988199999971 ], [ -106.8846935, 39.260722200000011 ], [ -106.8847155, 39.262645200000051 ], [ -106.8871965, 39.265479199999966 ], [ -106.8865985, 39.268580200000017 ], [ -106.8901635, 39.272337200000045 ], [ -106.8911115, 39.276980200000033 ] ] ], [ [ [ -106.8804495, 39.2749552 ], [ -106.8782875, 39.27670220000001 ], [ -106.8718095, 39.275403199999971 ], [ -106.8620205, 39.2693072 ], [ -106.8618375, 39.267305199999967 ], [ -106.8748985, 39.274576199999956 ], [ -106.8804495, 39.2749552 ] ] ] ] } },
{ "type": "Feature", "properties": { "state_po": "CO", "county_geoid": "08097", "pwsid": "CO0149467", "pws_name": "LAZY O RANCH", "population_served_count": 27, "model_method": "Random Forest", "verification_status": "", "symbology_field": "Modeled", "intersection_area_sq_km": 0.010133820070209526 }, "geometry": { "type": "MultiPolygon", "coordinates": [ [ [ [ -106.9869186, 39.304668900000017 ], [ -106.9843937, 39.30591840000001 ], [ -106.9867808, 39.304191599999989 ], [ -106.9869186, 39.304668900000017 ] ] ], [ [ [ -106.981898, 39.306594 ], [ -106.9830618, 39.3065194 ], [ -106.9819343, 39.307226400000026 ], [ -106.981898, 39.306594 ] ] ] ] } },
{ "type": "Feature", "properties": { "state_po": "CO", "county_geoid": "08097", "pwsid": "CO0119134", "pws_name": "BASALT TOWN OF", "population_served_count": 2357, "model_method": null, "verification_status": null, "symbology_field": "System Sourced", "intersection_area_sq_km": 1.605447328833792 }, "geometry": { "type": "Polygon", "coordinates": [ [ [ -107.0229558, 39.365987099999984 ], [ -107.0234764, 39.3609186 ], [ -107.0207431, 39.360272400000049 ], [ -107.0199569, 39.3585423 ], [ -107.0229026, 39.3546996 ], [ -107.0267399, 39.356618199999943 ], [ -107.0254581, 39.360533299999972 ], [ -107.0295844, 39.361793200000037 ], [ -107.0323334, 39.360827300000025 ], [ -107.0325046, 39.3562465 ], [ -107.036092900000014, 39.355622 ], [ -107.03672060000001, 39.353401400000038 ], [ -107.0416151, 39.35553 ], [ -107.041485099999989, 39.357264 ], [ -107.03851610000001, 39.357865400000044 ], [ -107.039479168868638, 39.366171070132147 ], [ -107.0229558, 39.365987099999984 ] ], [ [ -107.0360623, 39.365309800000013 ], [ -107.0349349, 39.3656415 ], [ -107.035847800000013, 39.366123400000021 ], [ -107.0360623, 39.365309800000013 ] ] ] } },
{ "type": "Feature", "properties": { "state_po": "CO", "county_geoid": "08097", "pwsid": "CO0149671", "pws_name": "REDSTONE WSD", "population_served_count": 180, "model_method": null, "verification_status": null, "symbology_field": "System Sourced", "intersection_area_sq_km": 1.0980744150456916 }, "geometry": { "type": "MultiPolygon", "coordinates": [ [ [ [ -107.2435621, 39.1658982 ], [ -107.2511404, 39.164095599999975 ], [ -107.2517229, 39.168105799999971 ], [ -107.2445593, 39.171632099999989 ], [ -107.2435621, 39.1658982 ] ] ], [ [ [ -107.2386544, 39.171990199999989 ], [ -107.2402389, 39.171169400000039 ], [ -107.2412976, 39.1723978 ], [ -107.239713099999989, 39.1732186 ], [ -107.2386544, 39.171990199999989 ] ] ], [ [ [ -107.2398114, 39.174824299999983 ], [ -107.2437372, 39.171232400000051 ], [ -107.2442697, 39.1730037 ], [ -107.240971500000015, 39.1759963 ], [ -107.2398114, 39.174824299999983 ] ] ], [ [ [ -107.241346299999989, 39.179834199999974 ], [ -107.2429308, 39.179013499999961 ], [ -107.2439895, 39.180241800000012 ], [ -107.242405, 39.181062399999988 ], [ -107.241346299999989, 39.179834199999974 ] ] ], [ [ [ -107.2413324, 39.182056200000027 ], [ -107.242916799999989, 39.181235599999987 ], [ -107.2439755, 39.1824638 ], [ -107.2423911, 39.183284400000012 ], [ -107.2413324, 39.182056200000027 ] ] ], [ [ [ -107.2330914, 39.187207699999973 ], [ -107.2371852, 39.179200400000013 ], [ -107.241312799999989, 39.180285699999942 ], [ -107.2346769, 39.188666199999965 ], [ -107.2330914, 39.187207699999973 ] ] ], [ [ [ -107.2317074, 39.192020199999945 ], [ -107.2332919, 39.191199699999977 ], [ -107.2343506, 39.192427699999982 ], [ -107.2327661, 39.1932482 ], [ -107.2317074, 39.192020199999945 ] ] ] ] } },
{ "type": "Feature", "properties": { "state_po": "CO", "county_geoid": "08041", "pwsid": "CO0222518", "pws_name": "MOUNTAINDALE CG AND CABINS", "population_served_count": 228, "model_method": "Random Forest", "verification_status": "", "symbology_field": "Modeled", "intersection_area_sq_km": 0.091569544943322589 }, "geometry": { "type": "Polygon", "coordinates": [ [ [ -104.942334427077839, 38.595250982070105 ], [ -104.9409894, 38.5875228 ], [ -104.94226554013882, 38.585915736196803 ], [ -104.942334427077839, 38.595250982070105 ] ] ] } },
{ "type": "Feature", "properties": { "state_po": "CO", "county_geoid": "08041", "pwsid": "CO0121200", "pws_name": "ELEPHANT ROCK MHP", "population_served_count": 60, "model_method": "Parcel", "verification_status": "", "symbology_field": "Modeled", "intersection_area_sq_km": 0.013132218073067291 }, "geometry": { "type": "Polygon", "coordinates": [ [ [ -104.880753, 39.10347729999998 ], [ -104.881952, 39.102608300000036 ], [ -104.881731, 39.1035793 ], [ -104.880753, 39.10347729999998 ] ] ] } },
{ "type": "Feature", "properties": { "state_po": "CO", "county_geoid": "08041", "pwsid": "CO0121352", "pws_name": "HOLIDAY VILLAGE MOBILE HOME COMMUNITY", "population_served_count": 360, "model_method": "OSM", "verification_status": "", "symbology_field": "Modeled", "intersection_area_sq_km": 0.054891796085972895 }, "geometry": { "type": "MultiPolygon", "coordinates": [ [ [ [ -104.833962, 38.878879299999987 ], [ -104.831835, 38.87949230000001 ], [ -104.832178, 38.878470299999982 ], [ -104.833962, 38.878879299999987 ] ] ], [ [ [ -104.833725, 38.880963299999983 ], [ -104.831489, 38.882085299999972 ], [ -104.831443, 38.880248300000041 ], [ -104.833725, 38.880963299999983 ] ] ] ] } },
{ "type": "Feature", "properties": { "state_po": "CO", "county_geoid": "08041", "pwsid": "CO0121525", "pws_name": "OVERLOOK MUTUAL WC", "population_served_count": 50, "model_method": "Random Forest", "verification_status": "", "symbology_field": "Modeled", "intersection_area_sq_km": 0.023083555661929225 }, "geometry": { "type": "Polygon", "coordinates": [ [ [ -104.860585, 38.7757013 ], [ -104.859399, 38.774937300000047 ], [ -104.85939, 38.771851299999973 ], [ -104.860279, 38.773038300000017 ], [ -104.860585, 38.7757013 ] ] ] } },
{ "type": "Feature", "properties": { "state_po": "CO", "county_geoid": "08041", "pwsid": "CO0121550", "pws_name": "PALMER LAKE MOBILE HOME RANCH", "population_served_count": 250, "model_method": "OSM", "verification_status": "", "symbology_field": "Modeled", "intersection_area_sq_km": 0.077646078478094085 }, "geometry": { "type": "Polygon", "coordinates": [ [ [ -104.886767, 39.100047299999972 ], [ -104.88605, 39.1024833 ], [ -104.882548, 39.101071299999987 ], [ -104.882581, 39.100113300000018 ], [ -104.886767, 39.100047299999972 ] ] ] } },
{ "type": "Feature", "properties": { "state_po": "CO", "county_geoid": "08041", "pwsid": "CO0121710", "pws_name": "SHANGRILA MHP", "population_served_count": 260, "model_method": "Random Forest", "verification_status": "", "symbology_field": "Modeled", "intersection_area_sq_km": 0.040106980496732329 }, "geometry": { "type": "Polygon", "coordinates": [ [ [ -104.828433, 38.882589299999971 ], [ -104.826955, 38.88526130000001 ], [ -104.827003, 38.881969300000016 ], [ -104.828433, 38.882589299999971 ] ] ] } },
{ "type": "Feature", "properties": { "state_po": "CO", "county_geoid": "08041", "pwsid": "CO0221060", "pws_name": "BIG PINES CAMPGROUND", "population_served_count": 72, "model_method": "Random Forest", "verification_status": "", "symbology_field": "Modeled", "intersection_area_sq_km": 0.033369376171771568 }, "geometry": { "type": "Polygon", "coordinates": [ [ [ -105.027054, 38.956192300000026 ], [ -105.027074, 38.9572873 ], [ -105.024198, 38.958759300000033 ], [ -105.024029, 38.957667299999976 ], [ -105.027054, 38.956192300000026 ] ] ] } },
{ "type": "Feature", "properties": { "state_po": "CO", "county_geoid": "08041", "pwsid": "CO0121350", "pws_name": "GRANDVIEW MHP", "population_served_count": 90, "model_method": "Parcel", "verification_status": "", "symbology_field": "Modeled", "intersection_area_sq_km": 0.035106870407943254 }, "geometry": { "type": "Polygon", "coordinates": [ [ [ -104.882059399999989, 39.101626500000052 ], [ -104.8858334, 39.103586499999984 ], [ -104.8820431, 39.1036846 ], [ -104.882059399999989, 39.101626500000052 ] ] ] } },
{ "type": "Feature", "properties": { "state_po": "CO", "county_geoid": "08041", "pwsid": "CO0121220", "pws_name": "PEAKS SHADOW LLC", "population_served_count": 67, "model_method": "Random Forest", "verification_status": "", "symbology_field": "Modeled", "intersection_area_sq_km": 3.4814900870155703 }, "geometry": { "type": "Polygon", "coordinates": [ [ [ -104.386899899999989, 38.8189233 ], [ -104.3871479, 38.838326299999963 ], [ -104.3691669, 38.838469300000057 ], [ -104.3691379, 38.83582030000003 ], [ -104.3620169, 38.833144299999987 ], [ -104.3611049, 38.824132300000031 ], [ -104.3817279, 38.823946300000024 ], [ -104.3815729, 38.819460299999989 ], [ -104.3844779, 38.8188143 ], [ -104.386899899999989, 38.8189233 ] ] ] } },
{ "type": "Feature", "properties": { "state_po": "CO", "county_geoid": "08041", "pwsid": "CO0121247", "pws_name": "FALCON HIGHLANDS MD", "population_served_count": 1050, "model_method": "Random Forest", "verification_status": "", "symbology_field": "Modeled", "intersection_area_sq_km": 2.1190443405816062 }, "geometry": { "type": "MultiPolygon", "coordinates": [ [ [ [ -104.6294539, 38.938909299999985 ], [ -104.6294339, 38.940442299999965 ], [ -104.6141559, 38.94043630000003 ], [ -104.6147969, 38.9368123 ], [ -104.6178569, 38.9354463 ], [ -104.6145379, 38.932868300000024 ], [ -104.6205479, 38.9264013 ], [ -104.6275579, 38.926402299999978 ], [ -104.6275519, 38.938905300000023 ], [ -104.6294539, 38.938909299999985 ] ] ], [ [ [ -104.6423979, 38.953633300000014 ], [ -104.6289399, 38.954271299999967 ], [ -104.6290569, 38.9487323 ], [ -104.6397459, 38.9496593 ], [ -104.6423099, 38.9510303 ], [ -104.6423979, 38.953633300000014 ] ] ] ] } },
{ "type": "Feature", "properties": { "state_po": "CO", "county_geoid": "08041", "pwsid": "CO0121345", "pws_name": "GRAND VIEW MHP", "population_served_count": 250, "model_method": "Parcel", "verification_status": "", "symbology_field": "Modeled", "intersection_area_sq_km": 0.62218105418384329 }, "geometry": { "type": "Polygon", "coordinates": [ [ [ -104.3232739, 38.818529299999973 ], [ -104.3232929, 38.824482300000014 ], [ -104.3137958, 38.824540299999967 ], [ -104.3136988, 38.817789300000015 ], [ -104.3232739, 38.818529299999973 ] ] ] } },
{ "type": "Feature", "properties": { "state_po": "CO", "county_geoid": "08041", "pwsid": "CO0121650", "pws_name": "PRAIRIE ESTATES", "population_served_count": 220, "model_method": "Parcel", "verification_status": "", "symbology_field": "Modeled", "intersection_area_sq_km": 0.048254400870757441 }, "geometry": { "type": "Polygon", "coordinates": [ [ [ -104.4056109, 38.83096229999996 ], [ -104.4056409, 38.8333443 ], [ -104.405661900000013, 38.8358473 ], [ -104.4049069, 38.831508299999989 ], [ -104.4020289, 38.831305300000025 ], [ -104.4056109, 38.83096229999996 ] ] ] } },
{ "type": "Feature", "properties": { "state_po": "CO", "county_geoid": "08041", "pwsid": "CO0121724", "pws_name": "FALCON AREA WATER AND WASTEWATER", "population_served_count": 1223, "model_method": "Random Forest", "verification_status": "", "symbology_field": "Modeled", "intersection_area_sq_km": 12.174247236373851 }, "geometry": { "type": "Polygon", "coordinates": [ [ [ -104.6358229, 38.969862299999988 ], [ -104.6494269, 38.970146300000017 ], [ -104.6480009, 38.9737373 ], [ -104.6487389, 38.984040300000018 ], [ -104.6634239, 38.98392130000002 ], [ -104.6635069, 38.988934300000025 ], [ -104.6679919, 38.980394300000015 ], [ -104.668117900000013, 38.9767443 ], [ -104.67995, 38.976706300000011 ], [ -104.678839, 38.9929303 ], [ -104.685679, 38.993880300000058 ], [ -104.684822, 38.998386300000014 ], [ -104.6633739, 38.998447299999945 ], [ -104.663322, 39.013038299999984 ], [ -104.6448359, 39.013097299999977 ], [ -104.6445289, 38.9986053 ], [ -104.6260809, 38.998674300000033 ], [ -104.6260919, 38.993230299999979 ], [ -104.6346729, 38.99158930000003 ], [ -104.6358229, 38.969862299999988 ] ], [ [ -104.67109, 38.995475299999967 ], [ -104.672516, 38.99374030000002 ], [ -104.671103, 38.993548299999972 ], [ -104.67109, 38.995475299999967 ] ] ] } },
{ "type": "Feature", "properties": { "state_po": "CO", "county_geoid": "08041", "pwsid": "CO0121745", "pws_name": "SAGE WUA", "population_served_count": 800, "model_method": "Random Forest", "verification_status": "", "symbology_field": "Modeled", "intersection_area_sq_km": 0.49677004795764734 }, "geometry": { "type": "MultiPolygon", "coordinates": [ [ [ [ -104.5132309, 38.887938299999966 ], [ -104.5095489, 38.886281299999979 ], [ -104.5089429, 38.882844300000023 ], [ -104.5150899, 38.883191300000028 ], [ -104.5152369, 38.8862063 ], [ -104.5132309, 38.887938299999966 ] ] ], [ [ [ -104.5160959, 38.887949299999939 ], [ -104.5164539, 38.896325300000022 ], [ -104.5072199, 38.896362299999964 ], [ -104.5071839, 38.895300299999974 ], [ -104.5148159, 38.894690299999979 ], [ -104.5144789, 38.8879453 ], [ -104.5160959, 38.887949299999939 ] ] ] ] } },
{ "type": "Feature", "properties": { "state_po": "CO", "county_geoid": "08041", "pwsid": "CO0121750", "pws_name": "SECURITY MHP", "population_served_count": 150, "model_method": "Random Forest", "verification_status": "", "symbology_field": "Modeled", "intersection_area_sq_km": 0.20445532970511943 }, "geometry": { "type": "Polygon", "coordinates": [ [ [ -104.7382039, 38.741812299999985 ], [ -104.7418369, 38.744622300000046 ], [ -104.7432329, 38.74985129999996 ], [ -104.7434709, 38.748104299999966 ], [ -104.7460489, 38.751914300000038 ], [ -104.7448349, 38.7519093 ], [ -104.738996899999989, 38.745610300000024 ], [ -104.7382039, 38.741812299999985 ] ] ] } },
{ "type": "Feature", "properties": { "state_po": "CO", "county_geoid": "08041", "pwsid": "CO0121850", "pws_name": "WALDEN WSD", "population_served_count": 1500, "model_method": "Random Forest", "verification_status": "", "symbology_field": "Modeled", "intersection_area_sq_km": 0.97679620993292315 }, "geometry": { "type": "Polygon", "coordinates": [ [ [ -104.765854, 39.0991413 ], [ -104.762609, 39.099857299999989 ], [ -104.760746, 39.093843299999975 ], [ -104.752079, 39.094806299999966 ], [ -104.751386, 39.088925299999964 ], [ -104.749237, 39.0882763 ], [ -104.750296, 39.08095630000004 ], [ -104.757215, 39.086691299999977 ], [ -104.765854, 39.0991413 ] ] ] } },
{ "type": "Feature", "properties": { "state_po": "CO", "county_geoid": "08041", "pwsid": "CO0121410", "pws_name": "SILVER BONNETT PARK", "population_served_count": 45, "model_method": "Parcel", "verification_status": "", "symbology_field": "Modeled", "intersection_area_sq_km": 0.1494643282224398 }, "geometry": { "type": "Polygon", "coordinates": [ [ [ -104.3868598, 38.814977899999988 ], [ -104.3868797, 38.816763 ], [ -104.3782166, 38.816805799999962 ], [ -104.378192700000014, 38.815013 ], [ -104.3868598, 38.814977899999988 ] ] ] } },
{ "type": "Feature", "properties": { "state_po": "CO", "county_geoid": "08041", "pwsid": "CO0121050", "pws_name": "ARROWHEAD MHP", "population_served_count": 135, "model_method": "Parcel", "verification_status": "", "symbology_field": "Modeled", "intersection_area_sq_km": 0.079583470161743913 }, "geometry": { "type": "Polygon", "coordinates": [ [ [ -104.5535065, 38.8331551 ], [ -104.5489434, 38.833170199999977 ], [ -104.5489168, 38.8313607 ], [ -104.5534955, 38.8313522 ], [ -104.5535065, 38.8331551 ] ] ] } },
{ "type": "Feature", "properties": { "state_po": "CO", "county_geoid": "08041", "pwsid": "CO0121060", "pws_name": "BOBCAT MEADOWS MD", "population_served_count": 470, "model_method": "Random Forest", "verification_status": "", "symbology_field": "Modeled", "intersection_area_sq_km": 21.290952225156126 }, "geometry": { "type": "Polygon", "coordinates": [ [ [ -104.498036899999988, 38.896422299999962 ], [ -104.5164539, 38.896325300000022 ], [ -104.5164189, 38.898135299999979 ], [ -104.5277979, 38.898171300000016 ], [ -104.5284969, 38.9019243 ], [ -104.5372389, 38.902011300000041 ], [ -104.5373259, 38.896375299999974 ], [ -104.5534769, 38.896392299999967 ], [ -104.553134899999989, 38.910855300000023 ], [ -104.5898119, 38.9112863 ], [ -104.5898139, 38.91855930000002 ], [ -104.587144900000013, 38.918506299999954 ], [ -104.5872229, 38.916552300000042 ], [ -104.582065899999989, 38.9164643 ], [ -104.5819349, 38.918389299999959 ], [ -104.5738139, 38.918269299999977 ], [ -104.5736809, 38.9253773 ], [ -104.5781379, 38.925459300000021 ], [ -104.5780969, 38.927136300000015 ], [ -104.5745109, 38.9272153 ], [ -104.5726559, 38.9290473 ], [ -104.5733129, 38.9393923 ], [ -104.5773229, 38.940118300000037 ], [ -104.5755109, 38.941450299999978 ], [ -104.575457899999989, 38.945703300000027 ], [ -104.5614969, 38.9457893 ], [ -104.5599879, 38.954965300000026 ], [ -104.552684899999988, 38.954908299999964 ], [ -104.5529339, 38.92531529999998 ], [ -104.5098419, 38.925301300000022 ], [ -104.5115809, 38.916974300000028 ], [ -104.5135589, 38.91634030000003 ], [ -104.5145549, 38.9129673 ], [ -104.5102089, 38.909266299999977 ], [ -104.4977619, 38.908967299999986 ], [ -104.498036899999988, 38.896422299999962 ] ] ] } },
{ "type": "Feature", "properties": { "state_po": "CO", "county_geoid": "08041", "pwsid": "CO0121240", "pws_name": "FALCON HEIGHTS POA", "population_served_count": 300, "model_method": "Random Forest", "verification_status": "", "symbology_field": "Modeled", "intersection_area_sq_km": 3.6956017853401208 }, "geometry": { "type": "Polygon", "coordinates": [ [ [ -104.5781299, 38.925794299999978 ], [ -104.5983349, 38.925945299999938 ], [ -104.5978609, 38.933780300000016 ], [ -104.5954439, 38.9363063 ], [ -104.5920449, 38.9364353 ], [ -104.5920479, 38.938732300000012 ], [ -104.5984729, 38.9400893 ], [ -104.5915969, 38.9451793 ], [ -104.589654900000014, 38.943591299999987 ], [ -104.5784509, 38.951892300000011 ], [ -104.5769299, 38.940773299999982 ], [ -104.5796209, 38.931411300000029 ], [ -104.5781299, 38.925794299999978 ] ] ] } },
{ "type": "Feature", "properties": { "state_po": "CO", "county_geoid": "08041", "pwsid": "CO0121675", "pws_name": "RAMAH TOWN OF", "population_served_count": 125, "model_method": "Random Forest", "verification_status": "", "symbology_field": "Modeled", "intersection_area_sq_km": 0.59254052252948519 }, "geometry": { "type": "Polygon", "coordinates": [ [ [ -104.166401799999988, 39.118692400000029 ], [ -104.1721258, 39.118754400000057 ], [ -104.1705548, 39.125815400000015 ], [ -104.1626898, 39.1257814 ], [ -104.1626858, 39.1209024 ], [ -104.166401799999988, 39.118692400000029 ] ] ] } },
{ "type": "Feature", "properties": { "state_po": "CO", "county_geoid": "08041", "pwsid": "CO0121610", "pws_name": "PEYTON PINES", "population_served_count": 56, "model_method": "Random Forest", "verification_status": "", "symbology_field": "Modeled", "intersection_area_sq_km": 0.020765359283944587 }, "geometry": { "type": "MultiPolygon", "coordinates": [ [ [ [ -104.4854259, 39.027167400000039 ], [ -104.4841289, 39.027951400000013 ], [ -104.4841249, 39.027138399999977 ], [ -104.4854259, 39.027167400000039 ] ] ], [ [ [ -104.4828039, 39.0280374 ], [ -104.481392899999989, 39.0281214 ], [ -104.4827879, 39.0272724 ], [ -104.4828039, 39.0280374 ] ] ] ] } },
{ "type": "Feature", "properties": { "state_po": "CO", "county_geoid": "08041", "pwsid": "CO0121325", "pws_name": "GARDEN VALLEY", "population_served_count": 900, "model_method": "", "verification_status": "", "symbology_field": "System Sourced", "intersection_area_sq_km": 0.84761893860463966 }, "geometry": { "type": "Polygon", "coordinates": [ [ [ -104.7943888, 38.809033099999972 ], [ -104.7856392, 38.7996594 ], [ -104.7813902, 38.796221899999978 ], [ -104.7943978, 38.7961169 ], [ -104.7944158, 38.801598700000021 ], [ -104.7967065, 38.8015777 ], [ -104.7967065, 38.803922899999968 ], [ -104.7949458, 38.806184 ], [ -104.7923945, 38.804903 ], [ -104.7943888, 38.809033099999972 ] ] ] } },
{ "type": "Feature", "properties": { "state_po": "CO", "county_geoid": "08041", "pwsid": "CO0121025", "pws_name": "ACADEMY WSD", "population_served_count": 750, "model_method": "", "verification_status": "", "symbology_field": "System Sourced", "intersection_area_sq_km": 1.2884559249524488 }, "geometry": { "type": "MultiPolygon", "coordinates": [ [ [ [ -104.796481899999989, 39.051128900000052 ], [ -104.7952781, 39.0493081 ], [ -104.796481899999989, 39.0493081 ], [ -104.796481899999989, 39.051128900000052 ] ] ], [ [ [ -104.7885408, 39.0493081 ], [ -104.7872652, 39.052796199999939 ], [ -104.7849385, 39.052817099999984 ], [ -104.7849026, 39.050131299999961 ], [ -104.7885408, 39.0493081 ] ] ], [ [ [ -104.7905979, 39.0520567 ], [ -104.7943708, 39.0493081 ], [ -104.7951164, 39.051666100000027 ], [ -104.7905979, 39.0520567 ] ] ], [ [ [ -104.7987636, 39.0479617 ], [ -104.7982605, 39.049301100000015 ], [ -104.809776899999989, 39.0493011 ], [ -104.8110436, 39.056514300000025 ], [ -104.793221, 39.05657710000002 ], [ -104.7959609, 39.054756400000016 ], [ -104.795924899999989, 39.0512963 ], [ -104.7987906, 39.051289400000016 ], [ -104.7952422, 39.0479686 ], [ -104.7987636, 39.0479617 ] ] ], [ [ [ -104.7923945, 39.055279600000027 ], [ -104.7948649, 39.0521893 ], [ -104.795556600000012, 39.053340299999981 ], [ -104.7923945, 39.055279600000027 ] ] ], [ [ [ -104.7921969, 39.0564864 ], [ -104.7898343, 39.0556842 ], [ -104.7921879, 39.0556424 ], [ -104.7921969, 39.0564864 ] ] ] ] } },
{ "type": "Feature", "properties": { "state_po": "CO", "county_geoid": "08041", "pwsid": "CO0121075", "pws_name": "CALHAN TOWN OF", "population_served_count": 780, "model_method": "", "verification_status": "", "symbology_field": "System Sourced", "intersection_area_sq_km": 2.00498417300612 }, "geometry": { "type": "MultiPolygon", "coordinates": [ [ [ [ -104.2890595, 39.0303438 ], [ -104.2982133, 39.0319349 ], [ -104.2982852, 39.026736 ], [ -104.3028307, 39.026722 ], [ -104.3027768, 39.029283100000029 ], [ -104.3074121, 39.029290099999983 ], [ -104.307439, 39.0319558 ], [ -104.3120025, 39.031948800000038 ], [ -104.3120384, 39.036037799999967 ], [ -104.302642, 39.037056600000021 ], [ -104.3026331, 39.040775499999967 ], [ -104.2843164, 39.0407127 ], [ -104.2843523, 39.038319500000021 ], [ -104.293605, 39.036058800000035 ], [ -104.293614, 39.033951500000022 ], [ -104.2890236, 39.033944499999961 ], [ -104.2890595, 39.0303438 ] ] ], [ [ [ -104.2859334, 39.037552 ], [ -104.2843523, 39.03807529999996 ], [ -104.2843523, 39.03756589999994 ], [ -104.2859334, 39.037552 ] ] ] ] } },
{ "type": "Feature", "properties": { "state_po": "CO", "county_geoid": "08041", "pwsid": "CO0121111", "pws_name": "4 WAY RANCH MD 2", "population_served_count": 150, "model_method": "", "verification_status": "", "symbology_field": "System Sourced", "intersection_area_sq_km": 5.3819952696424238 }, "geometry": { "type": "Polygon", "coordinates": [ [ [ -104.5647345, 38.9658566 ], [ -104.5832129, 38.965989300000039 ], [ -104.5698908, 38.9789166 ], [ -104.569055400000011, 38.9864651 ], [ -104.565525, 38.991282900000037 ], [ -104.5387822, 38.9911014 ], [ -104.5387732, 38.9851105 ], [ -104.5525533, 38.974894100000029 ], [ -104.5525651, 38.9766539 ], [ -104.561797, 38.976702799999977 ], [ -104.5617341, 38.968084600000033 ], [ -104.5647345, 38.9658566 ] ] ] } },
{ "type": "Feature", "properties": { "state_po": "CO", "county_geoid": "08041", "pwsid": "CO0121250", "pws_name": "FOREST VIEW ACRES WD", "population_served_count": 772, "model_method": "", "verification_status": "", "symbology_field": "System Sourced", "intersection_area_sq_km": 2.8289550100103029 }, "geometry": { "type": "MultiPolygon", "coordinates": [ [ [ [ -104.8911284, 39.1012977 ], [ -104.8914338, 39.094486500000045 ], [ -104.884498799999989, 39.095657700000011 ], [ -104.8821991, 39.0947793 ], [ -104.8857295, 39.09402629999996 ], [ -104.8831963, 39.0928062 ], [ -104.8823249, 39.0855549 ], [ -104.887041, 39.085443400000024 ], [ -104.887041, 39.0890621 ], [ -104.891586499999988, 39.089027300000019 ], [ -104.8915326, 39.092701599999948 ], [ -104.896158899999989, 39.092673799999965 ], [ -104.896114, 39.096285199999983 ], [ -104.9007224, 39.0962434 ], [ -104.9006415, 39.099631500000022 ], [ -104.902770499999988, 39.099861599999954 ], [ -104.9008122, 39.0998755 ], [ -104.9008931, 39.103535399999984 ], [ -104.8937694, 39.103500499999981 ], [ -104.8911284, 39.1012977 ] ] ], [ [ [ -104.9052319, 39.099924299999977 ], [ -104.905438499999988, 39.092576099999988 ], [ -104.9193804, 39.0915582 ], [ -104.9191738, 39.1015835 ], [ -104.9168112, 39.10159740000001 ], [ -104.9168112, 39.103430800000048 ], [ -104.9098313, 39.10344480000002 ], [ -104.9098762, 39.0998686 ], [ -104.9052319, 39.099924299999977 ] ] ], [ [ [ -104.8903648, 39.101904199999943 ], [ -104.8937964, 39.10559180000002 ], [ -104.8925477, 39.106867500000028 ], [ -104.8860439, 39.1034727 ], [ -104.8896731, 39.1034727 ], [ -104.8903648, 39.101904199999943 ] ] ] ] } },
{ "type": "Feature", "properties": { "state_po": "CO", "county_geoid": "08041", "pwsid": "CO0121360", "pws_name": "FOREST LAKES MD", "population_served_count": 1049, "model_method": "", "verification_status": "", "symbology_field": "System Sourced", "intersection_area_sq_km": 5.8351378415942676 }, "geometry": { "type": "MultiPolygon", "coordinates": [ [ [ [ -104.8587711, 39.0493779 ], [ -104.8541807, 39.0459594 ], [ -104.8541537, 39.046964 ], [ -104.8506772, 39.042080200000029 ], [ -104.868392, 39.0420942 ], [ -104.8683202, 39.045715200000011 ], [ -104.8638196, 39.045736099999978 ], [ -104.8637477, 39.049363900000017 ], [ -104.8587711, 39.0493779 ] ] ], [ [ [ -104.8498508, 39.042073300000013 ], [ -104.8540908, 39.049384900000021 ], [ -104.8586004, 39.051142900000016 ], [ -104.8587261, 39.056653800000014 ], [ -104.8527883, 39.056632899999961 ], [ -104.8438051, 39.042247700000019 ], [ -104.8498508, 39.042073300000013 ] ] ], [ [ [ -104.896689, 39.052949700000028 ], [ -104.8967339, 39.04935 ], [ -104.9061213, 39.049343 ], [ -104.9060584, 39.052928699999974 ], [ -104.9012434, 39.0529706 ], [ -104.9013153, 39.0565352 ], [ -104.9152302, 39.05645149999998 ], [ -104.9151224, 39.063782599999961 ], [ -104.8748329, 39.06395 ], [ -104.8662001, 39.058648799999986 ], [ -104.865804900000015, 39.056598 ], [ -104.8681585, 39.058341900000016 ], [ -104.8693263, 39.056681699999977 ], [ -104.8869063, 39.0565352 ], [ -104.8869961, 39.052956699999974 ], [ -104.896689, 39.052949700000028 ] ], [ [ -104.8699012, 39.0588441 ], [ -104.871634899999989, 39.059897399999947 ], [ -104.872452400000014, 39.059534700000015 ], [ -104.8704222, 39.056953800000016 ], [ -104.8699012, 39.0588441 ] ] ] ] } },
{ "type": "Feature", "properties": { "state_po": "CO", "county_geoid": "08041", "pwsid": "CO0121575", "pws_name": "PALMER LAKE TOWN OF", "population_served_count": 2686, "model_method": "", "verification_status": "", "symbology_field": "System Sourced", "intersection_area_sq_km": 7.9076612914011362 }, "geometry": { "type": "Polygon", "coordinates": [ [ [ -104.8958176, 39.1144511 ], [ -104.8888107, 39.11038060000002 ], [ -104.8818937, 39.11036660000002 ], [ -104.8875351, 39.109641700000026 ], [ -104.8909936, 39.110770900000048 ], [ -104.8881011, 39.1093699 ], [ -104.8819296, 39.109342 ], [ -104.8820015, 39.107278699999966 ], [ -104.879126899999989, 39.107362399999957 ], [ -104.8786059, 39.103884 ], [ -104.8732519, 39.100272900000029 ], [ -104.8770158, 39.100168300000043 ], [ -104.8766116, 39.098725300000012 ], [ -104.8825766, 39.100197 ], [ -104.884619, 39.102642299999971 ], [ -104.88864, 39.101771700000036 ], [ -104.8896821, 39.103152 ], [ -104.886169700000011, 39.103542399999974 ], [ -104.8987102, 39.1108058 ], [ -104.9012614, 39.1082267 ], [ -104.9050702, 39.1094396 ], [ -104.9050074, 39.107139300000014 ], [ -104.9004619, 39.107139300000014 ], [ -104.9010278, 39.1014022 ], [ -104.9026717, 39.1000638 ], [ -104.9098942, 39.099896399999963 ], [ -104.9098313, 39.103458700000012 ], [ -104.9145205, 39.103396 ], [ -104.914511499999989, 39.1070208 ], [ -104.91913790000001, 39.1070626 ], [ -104.9191468, 39.105271199999962 ], [ -104.9220035, 39.105856700000018 ], [ -104.9237642, 39.107111399999987 ], [ -104.9238271, 39.118193899999973 ], [ -104.9260459, 39.1182287 ], [ -104.9260728, 39.120138399999945 ], [ -104.9238271, 39.120110500000017 ], [ -104.9238001, 39.129776300000024 ], [ -104.8960152, 39.1297763 ], [ -104.8958176, 39.1144511 ] ], [ [ -104.882059399999989, 39.101626500000052 ], [ -104.8820431, 39.1036846 ], [ -104.8858334, 39.103586499999984 ], [ -104.883785500000016, 39.102984900000045 ], [ -104.882059399999989, 39.101626500000052 ] ], [ [ -104.881952, 39.102608300000036 ], [ -104.880753, 39.10347729999998 ], [ -104.881731, 39.1035793 ], [ -104.881952, 39.102608300000036 ] ] ] } },
{ "type": "Feature", "properties": { "state_po": "CO", "county_geoid": "08041", "pwsid": "CO0121600", "pws_name": "PARK FOREST", "population_served_count": 930, "model_method": "", "verification_status": "", "symbology_field": "System Sourced", "intersection_area_sq_km": 3.5759275821610039 }, "geometry": { "type": "MultiPolygon", "coordinates": [ [ [ [ -104.700667599999989, 38.97298050000002 ], [ -104.7005238, 38.976619 ], [ -104.6910825, 38.976612 ], [ -104.6910915, 38.972973499999966 ], [ -104.700667599999989, 38.97298050000002 ] ] ], [ [ [ -104.686249600000011, 38.98025040000006 ], [ -104.6872737, 38.982128800000041 ], [ -104.68766, 38.980243400000035 ], [ -104.7004879, 38.98025040000006 ], [ -104.7003621, 38.9983484 ], [ -104.6818569, 38.998432200000018 ], [ -104.6818928, 38.980271300000027 ], [ -104.686249600000011, 38.98025040000006 ] ] ], [ [ [ -104.7001735, 38.9984322 ], [ -104.6979547, 38.9993118 ], [ -104.6979367, 38.998446200000046 ], [ -104.7001735, 38.9984322 ] ] ], [ [ [ -104.7017186, 38.999249 ], [ -104.700425, 39.000156599999968 ], [ -104.7003981, 38.999249 ], [ -104.7017186, 38.999249 ] ] ] ] } },
{ "type": "Feature", "properties": { "state_po": "CO", "county_geoid": "08041", "pwsid": "CO0121625", "pws_name": "PIONEER LOOKOUT WD", "population_served_count": 120, "model_method": "", "verification_status": "", "symbology_field": "System Sourced", "intersection_area_sq_km": 0.11939350947093214 }, "geometry": { "type": "Polygon", "coordinates": [ [ [ -104.876683500000013, 39.096989299999983 ], [ -104.8814805, 39.096926600000046 ], [ -104.8814176, 39.100077700000014 ], [ -104.876575699999989, 39.098362699999974 ], [ -104.876683500000013, 39.096989299999983 ] ] ] } },
{ "type": "Feature", "properties": { "state_po": "CO", "county_geoid": "08041", "pwsid": "CO0121700", "pws_name": "RED ROCK VALLEY WD", "population_served_count": 200, "model_method": "", "verification_status": "", "symbology_field": "System Sourced", "intersection_area_sq_km": 1.8240761166904382 }, "geometry": { "type": "Polygon", "coordinates": [ [ [ -104.8592382, 38.6771638 ], [ -104.8580255, 38.67207929999995 ], [ -104.862678699999989, 38.668923099999972 ], [ -104.8665684, 38.653778799999969 ], [ -104.8755426, 38.654789 ], [ -104.8756414, 38.656584900000013 ], [ -104.8709343, 38.656051700000027 ], [ -104.8714283, 38.673902699999978 ], [ -104.8669906, 38.673481900000041 ], [ -104.8671164, 38.676995500000039 ], [ -104.8592382, 38.6771638 ] ] ] } },
{ "type": "Feature", "properties": { "state_po": "CO", "county_geoid": "08041", "pwsid": "CO0121725", "pws_name": "ROCK CREEK MESA", "population_served_count": 225, "model_method": "", "verification_status": "", "symbology_field": "System Sourced", "intersection_area_sq_km": 1.8627712578042477 }, "geometry": { "type": "Polygon", "coordinates": [ [ [ -104.8353161, 38.712241099999979 ], [ -104.845161600000012, 38.712157 ], [ -104.8461048, 38.7157738 ], [ -104.8399693, 38.715829900000017 ], [ -104.8400502, 38.7212758 ], [ -104.8364749, 38.721310900000027 ], [ -104.836412, 38.7172037 ], [ -104.8363581, 38.721310900000027 ], [ -104.833905699999988, 38.721331899999974 ], [ -104.8339596, 38.718276099999969 ], [ -104.830734600000014, 38.719166199999982 ], [ -104.8306807, 38.715921 ], [ -104.8223893, 38.71575980000005 ], [ -104.8224612, 38.7135098 ], [ -104.8216617, 38.715745799999986 ], [ -104.8195776, 38.715703699999949 ], [ -104.820125499999989, 38.711217699999963 ], [ -104.8239524, 38.706948699999977 ], [ -104.830797499999989, 38.7068436 ], [ -104.8306179, 38.7086521 ], [ -104.8353789, 38.7086101 ], [ -104.8353161, 38.712241099999979 ] ], [ [ -104.827258199999989, 38.708694199999975 ], [ -104.8272761, 38.7108953 ], [ -104.8306358, 38.7108462 ], [ -104.8306179, 38.7086521 ], [ -104.827258199999989, 38.708694199999975 ] ] ] } },
{ "type": "Feature", "properties": { "state_po": "CO", "county_geoid": "08041", "pwsid": "CO0121841", "pws_name": "TURKEY CANON RANCH WD", "population_served_count": 138, "model_method": "", "verification_status": "", "symbology_field": "System Sourced", "intersection_area_sq_km": 1.3175924094158875 }, "geometry": { "type": "Polygon", "coordinates": [ [ [ -104.9047828, 38.609414600000015 ], [ -104.9002642, 38.60803880000006 ], [ -104.9097684, 38.596209599999973 ], [ -104.917179499999989, 38.596623800000017 ], [ -104.9192546, 38.5991723 ], [ -104.9178263, 38.604739399999971 ], [ -104.9047828, 38.609414600000015 ] ] ] } },
{ "type": "Feature", "properties": { "state_po": "CO", "county_geoid": "08073", "pwsid": "CO0137012", "pws_name": "KARVAL WATER USERS INC", "population_served_count": 102, "model_method": "Random Forest", "verification_status": "", "symbology_field": "Modeled", "intersection_area_sq_km": 0.093880016347126991 }, "geometry": { "type": "Polygon", "coordinates": [ [ [ -103.5410287, 38.734445400000034 ], [ -103.5342227, 38.737528400000016 ], [ -103.5342867, 38.734433399999929 ], [ -103.5410287, 38.734445400000034 ] ] ] } },
{ "type": "Feature", "properties": { "state_po": "CO", "county_geoid": "08073", "pwsid": "CO0137010", "pws_name": "HUGO TOWN OF", "population_served_count": 885, "model_method": "Random Forest", "verification_status": "", "symbology_field": "Modeled", "intersection_area_sq_km": 1.0970207716347939 }, "geometry": { "type": "Polygon", "coordinates": [ [ [ -103.4680617, 39.128888400000022 ], [ -103.474676699999989, 39.132300400000034 ], [ -103.471237699999989, 39.134779399999978 ], [ -103.4753877, 39.136153399999948 ], [ -103.4729157, 39.142589399999963 ], [ -103.4691337, 39.142615399999976 ], [ -103.4705197, 39.140108399999967 ], [ -103.4544377, 39.132696399999986 ], [ -103.4616667, 39.1316194 ], [ -103.4693177, 39.1341504 ], [ -103.4700987, 39.132746399999974 ], [ -103.4670457, 39.130674400000018 ], [ -103.4680617, 39.128888400000022 ] ] ] } },
{ "type": "Feature", "properties": { "state_po": "CO", "county_geoid": "08073", "pwsid": "CO0137001", "pws_name": "ARRIBA TOWN OF", "population_served_count": 216, "model_method": "Random Forest", "verification_status": "", "symbology_field": "Modeled", "intersection_area_sq_km": 0.58635419388768062 }, "geometry": { "type": "Polygon", "coordinates": [ [ [ -103.2674847, 39.285757499999988 ], [ -103.2811187, 39.284577499999941 ], [ -103.2812457, 39.2893105 ], [ -103.2674937, 39.289264499999959 ], [ -103.2674847, 39.285757499999988 ] ] ] } },
{ "type": "Feature", "properties": { "state_po": "CO", "county_geoid": "08073", "pwsid": "CO0137005", "pws_name": "GENOA TOWN OF", "population_served_count": 153, "model_method": null, "verification_status": null, "symbology_field": "System Sourced", "intersection_area_sq_km": 0.66355074219498 }, "geometry": { "type": "Polygon", "coordinates": [ [ [ -103.5011272, 39.282259700000012 ], [ -103.4978504, 39.2810926 ], [ -103.4954986, 39.282036500000011 ], [ -103.4939263, 39.280271800000037 ], [ -103.4910557, 39.281290700000014 ], [ -103.4903627, 39.278399699999945 ], [ -103.4967353, 39.276052899999961 ], [ -103.5022631, 39.275909899999988 ], [ -103.5044458, 39.2791446 ], [ -103.5011272, 39.282259700000012 ] ] ] } },
{ "type": "Feature", "properties": { "state_po": "CO", "county_geoid": "08105", "pwsid": "CO0153200", "pws_name": "DEL NORTE TOWN OF", "population_served_count": 1429, "model_method": "Random Forest", "verification_status": "", "symbology_field": "Modeled", "intersection_area_sq_km": 2.3354429779559776 }, "geometry": { "type": "Polygon", "coordinates": [ [ [ -106.3505992, 37.668536 ], [ -106.3508612, 37.672147 ], [ -106.3523582, 37.669768 ], [ -106.3545852, 37.669705 ], [ -106.3561342, 37.669746 ], [ -106.3558162, 37.672079 ], [ -106.3592392, 37.672051 ], [ -106.3595002, 37.676757 ], [ -106.3622302, 37.676795 ], [ -106.3615132, 37.679442 ], [ -106.3679402, 37.679459 ], [ -106.3643412, 37.683482 ], [ -106.3554192, 37.683804 ], [ -106.3579642, 37.685498 ], [ -106.3523602, 37.685777 ], [ -106.3512612, 37.683436 ], [ -106.3459522, 37.682933 ], [ -106.3459592, 37.678179 ], [ -106.3414272, 37.677887 ], [ -106.3413882, 37.67582 ], [ -106.3460272, 37.675769 ], [ -106.3470862, 37.674142 ], [ -106.3441352, 37.669753 ], [ -106.3505992, 37.668536 ] ] ] } },
{ "type": "Feature", "properties": { "state_po": "CO", "county_geoid": "08105", "pwsid": "CO0153450", "pws_name": "INDIAN TRAILS WATER LLC", "population_served_count": 110, "model_method": "Random Forest", "verification_status": "", "symbology_field": "Modeled", "intersection_area_sq_km": 0.35956841978198456 }, "geometry": { "type": "MultiPolygon", "coordinates": [ [ [ [ -106.5867742, 37.677951 ], [ -106.5895972, 37.678094 ], [ -106.5897122, 37.680547 ], [ -106.585324199999988, 37.683665 ], [ -106.5867742, 37.677951 ] ] ], [ [ [ -106.577007200000011, 37.687164 ], [ -106.5813542, 37.685655 ], [ -106.5824302, 37.690945 ], [ -106.5789562, 37.690793 ], [ -106.5788782, 37.688785 ], [ -106.5770622, 37.688755 ], [ -106.577007200000011, 37.687164 ] ] ] ] } },
{ "type": "Feature", "properties": { "state_po": "CO", "county_geoid": "08105", "pwsid": "CO0155500", "pws_name": "CENTER TOWN OF", "population_served_count": 2575, "model_method": "Random Forest", "verification_status": "", "symbology_field": "Modeled", "intersection_area_sq_km": 0.429017299969703 }, "geometry": { "type": "MultiPolygon", "coordinates": [ [ [ [ -106.1016521, 37.7481681 ], [ -106.1031971, 37.743342099999978 ], [ -106.1004721, 37.741006099999979 ], [ -106.103187100000014, 37.741025100000016 ], [ -106.1072351, 37.744234100000028 ], [ -106.1119451, 37.7447931 ], [ -106.1119431, 37.7465411 ], [ -106.1100501, 37.746471100000022 ], [ -106.112176954761821, 37.748211000003415 ], [ -106.1016521, 37.7481681 ] ] ], [ [ [ -106.117834354160991, 37.748196137569906 ], [ -106.117822079877314, 37.748196170575504 ], [ -106.1178321, 37.7481961 ], [ -106.117834354160991, 37.748196137569906 ] ] ] ] } },
{ "type": "Feature", "properties": { "state_po": "CO", "county_geoid": "08105", "pwsid": "CO0253718", "pws_name": "SOUTH FORK WEST MUNICIPAL TOWN OF", "population_served_count": 566, "model_method": "Random Forest", "verification_status": "", "symbology_field": "Modeled", "intersection_area_sq_km": 1.3275596304974078 }, "geometry": { "type": "MultiPolygon", "coordinates": [ [ [ [ -106.6465863, 37.661351 ], [ -106.6494813, 37.663893 ], [ -106.6445543, 37.66349 ], [ -106.6432633, 37.665512 ], [ -106.6444073, 37.666259 ], [ -106.6430243, 37.667666 ], [ -106.6451713, 37.667843 ], [ -106.6462693, 37.671744 ], [ -106.6420363, 37.669995 ], [ -106.6417073, 37.673232 ], [ -106.6353833, 37.672129 ], [ -106.6355113, 37.66971 ], [ -106.6402193, 37.668149 ], [ -106.6417753, 37.66417 ], [ -106.6465863, 37.661351 ] ] ], [ [ [ -106.6521673, 37.665408 ], [ -106.6600793, 37.672688 ], [ -106.6602253, 37.677973 ], [ -106.6692633, 37.68244 ], [ -106.6692823, 37.683731 ], [ -106.6650883, 37.685017 ], [ -106.6569953, 37.67716 ], [ -106.6520933, 37.674979 ], [ -106.6555073, 37.675432 ], [ -106.6553803, 37.671103 ], [ -106.6517123, 37.670107 ], [ -106.6521673, 37.665408 ] ] ], [ [ [ -106.6682353, 37.686409 ], [ -106.667088299999989, 37.686015 ], [ -106.6665133, 37.68581 ], [ -106.6680943, 37.685092 ], [ -106.6682353, 37.686409 ] ] ] ] } },
{ "type": "Feature", "properties": { "state_po": "CO", "county_geoid": "08105", "pwsid": "CO0253860", "pws_name": "RIO GRANDE WATER COMPANY", "population_served_count": 265, "model_method": "Random Forest", "verification_status": "", "symbology_field": "Modeled", "intersection_area_sq_km": 0.1396604634306568 }, "geometry": { "type": "Polygon", "coordinates": [ [ [ -106.582414199999988, 37.689141 ], [ -106.5824302, 37.690945 ], [ -106.5871532, 37.691108 ], [ -106.5872242, 37.692669 ], [ -106.5790092, 37.692388 ], [ -106.5789562, 37.690793 ], [ -106.5816062, 37.690958 ], [ -106.582414199999988, 37.689141 ] ] ] } },
{ "type": "Feature", "properties": { "state_po": "CO", "county_geoid": "08061", "pwsid": "CO0131600", "pws_name": "HASWELL TOWN OF", "population_served_count": 55, "model_method": "Random Forest", "verification_status": "", "symbology_field": "Modeled", "intersection_area_sq_km": 0.24225502562433027 }, "geometry": { "type": "MultiPolygon", "coordinates": [ [ [ [ -103.1610945, 38.453378399999977 ], [ -103.1609675, 38.44942439999997 ], [ -103.1636535, 38.449419399999982 ], [ -103.1650145, 38.4532154 ], [ -103.1610945, 38.453378399999977 ] ] ], [ [ [ -103.1605455, 38.453498400000022 ], [ -103.1591385, 38.4542904 ], [ -103.1591265, 38.4533564 ], [ -103.1605455, 38.453498400000022 ] ] ], [ [ [ -103.1591535, 38.455822399999967 ], [ -103.1518015, 38.458114400000056 ], [ -103.1362245, 38.463595400000017 ], [ -103.1591385, 38.4542904 ], [ -103.1591535, 38.455822399999967 ] ] ] ] } },
{ "type": "Feature", "properties": { "state_po": "CO", "county_geoid": "08061", "pwsid": "CO0131800", "pws_name": "SHERIDAN LAKE WD", "population_served_count": 148, "model_method": "Random Forest", "verification_status": "", "symbology_field": "Modeled", "intersection_area_sq_km": 0.47438144004677735 }, "geometry": { "type": "Polygon", "coordinates": [ [ [ -102.2930883, 38.4632354 ], [ -102.2936983, 38.467547400000029 ], [ -102.2988893, 38.467487399999989 ], [ -102.298938299999989, 38.470500399999956 ], [ -102.2898103, 38.4705404 ], [ -102.2898073, 38.467745399999984 ], [ -102.2853363, 38.467733399999965 ], [ -102.2897333, 38.465949400000014 ], [ -102.2897813, 38.463249399999981 ], [ -102.2930883, 38.4632354 ] ] ] } },
{ "type": "Feature", "properties": { "state_po": "CO", "county_geoid": "08061", "pwsid": "CO0131400", "pws_name": "EADS TOWN OF", "population_served_count": 656, "model_method": "Random Forest", "verification_status": "", "symbology_field": "Modeled", "intersection_area_sq_km": 1.098686084654301 }, "geometry": { "type": "Polygon", "coordinates": [ [ [ -102.7723554, 38.4765814 ], [ -102.7857535, 38.476677400000042 ], [ -102.7880225, 38.4838824 ], [ -102.7857055, 38.4839134 ], [ -102.7856685, 38.485965400000048 ], [ -102.7781145, 38.487103400000024 ], [ -102.7750445, 38.480019399999954 ], [ -102.7724325, 38.4799664 ], [ -102.7723554, 38.4765814 ] ] ] } },
{ "type": "Feature", "properties": { "state_po": "CO", "county_geoid": "08087", "pwsid": "CO0144010", "pws_name": "HILLROSE TOWN OF", "population_served_count": 310, "model_method": "Decision Tree", "verification_status": "", "symbology_field": "Modeled", "intersection_area_sq_km": 0.49147391258121675 }, "geometry": { "type": "Polygon", "coordinates": [ [ [ -103.5180798, 40.320962600000023 ], [ -103.5287528, 40.320818599999946 ], [ -103.5274298, 40.322711600000012 ], [ -103.5180308, 40.330083600000016 ], [ -103.5180798, 40.320962600000023 ] ] ] } },
{ "type": "Feature", "properties": { "state_po": "CO", "county_geoid": "08087", "pwsid": "CO0144035", "pws_name": "WIGGINS TOWN OF", "population_served_count": 1909, "model_method": "Decision Tree", "verification_status": "", "symbology_field": "Modeled", "intersection_area_sq_km": 2.2479422087585532 }, "geometry": { "type": "MultiPolygon", "coordinates": [ [ [ [ -104.065326, 40.2256415 ], [ -104.074589, 40.2256595 ], [ -104.074549, 40.2293526 ], [ -104.075962, 40.2274925 ], [ -104.07852, 40.227534600000013 ], [ -104.078584, 40.22898559999998 ], [ -104.069414, 40.232895599999985 ], [ -104.069969, 40.229536599999975 ], [ -104.065308, 40.2295156 ], [ -104.065326, 40.2256415 ] ] ], [ [ [ -104.080165, 40.229483500000043 ], [ -104.080151, 40.232256600000021 ], [ -104.093577, 40.232358499999961 ], [ -104.082112, 40.23505459999997 ], [ -104.060479, 40.2449976 ], [ -104.0490009, 40.245976600000013 ], [ -104.0581339, 40.240807600000075 ], [ -104.0560019, 40.241822599999985 ], [ -104.0560479, 40.240134599999969 ], [ -104.058364, 40.240679600000036 ], [ -104.081993, 40.228514600000025 ], [ -104.080165, 40.229483500000043 ] ] ] ] } },
{ "type": "Feature", "properties": { "state_po": "CO", "county_geoid": "08087", "pwsid": "CO0144025", "pws_name": "PAGELS TP", "population_served_count": 300, "model_method": "Parcel", "verification_status": "", "symbology_field": "Modeled", "intersection_area_sq_km": 0.060419665493224611 }, "geometry": { "type": "Polygon", "coordinates": [ [ [ -103.7921064, 40.235858200000045 ], [ -103.7874005, 40.235871499999988 ], [ -103.7874124, 40.234508700000028 ], [ -103.792103900000015, 40.234499300000024 ], [ -103.7921064, 40.235858200000045 ] ] ] } },
{ "type": "Feature", "properties": { "state_po": "CO", "county_geoid": "08087", "pwsid": "CO0144015", "pws_name": "LOG LANE VILLAGE TOWN OF", "population_served_count": 1006, "model_method": null, "verification_status": null, "symbology_field": "System Sourced", "intersection_area_sq_km": 0.99100951204443444 }, "geometry": { "type": "Polygon", "coordinates": [ [ [ -103.8369975, 40.273499400000027 ], [ -103.827322900000013, 40.273828399999964 ], [ -103.8198005, 40.269783299999965 ], [ -103.8193148, 40.2682134 ], [ -103.8290961, 40.265710800000043 ], [ -103.838455599999989, 40.270695 ], [ -103.8369975, 40.273499400000027 ] ] ] } },
{ "type": "Feature", "properties": { "state_po": "CO", "county_geoid": "08079", "pwsid": "CO0140600", "pws_name": "DEEP CREEK CREEDE HAVEN", "population_served_count": 86, "model_method": "Random Forest", "verification_status": "", "symbology_field": "Modeled", "intersection_area_sq_km": 0.060396058988330788 }, "geometry": { "type": "Polygon", "coordinates": [ [ [ -106.9227793, 37.817757 ], [ -106.9228153, 37.819013 ], [ -106.9189953, 37.819203 ], [ -106.9188913, 37.817836 ], [ -106.9227793, 37.817757 ] ] ] } },
{ "type": "Feature", "properties": { "state_po": "CO", "county_geoid": "08079", "pwsid": "CO0140500", "pws_name": "CREEDE CITY OF", "population_served_count": 1965, "model_method": null, "verification_status": null, "symbology_field": "System Sourced", "intersection_area_sq_km": 1.6442134869529978 }, "geometry": { "type": "MultiPolygon", "coordinates": [ [ [ [ -106.9238736, 37.8269502 ], [ -106.9225886, 37.825400500000029 ], [ -106.9246594, 37.82432019999996 ], [ -106.9259444, 37.825869899999979 ], [ -106.9238736, 37.8269502 ] ] ], [ [ [ -106.899598, 37.839502900000056 ], [ -106.8983388, 37.837069900000017 ], [ -106.9002147, 37.835962300000027 ], [ -106.9016692, 37.838422600000023 ], [ -106.899598, 37.839502900000056 ] ] ], [ [ [ -106.9322883, 37.848399799999974 ], [ -106.931066699999988, 37.84572070000003 ], [ -106.9329428, 37.8446131 ], [ -106.934359700000016, 37.8473195 ], [ -106.9322883, 37.848399799999974 ] ] ], [ [ [ -106.9328843, 37.856020400000013 ], [ -106.9284979, 37.856778 ], [ -106.9285689, 37.8592177 ], [ -106.926436700000011, 37.858817 ], [ -106.9269095, 37.856861599999988 ], [ -106.921140099999988, 37.847833100000031 ], [ -106.9207009, 37.844235300000022 ], [ -106.9250048, 37.841304799999982 ], [ -106.928479599999989, 37.843029100000017 ], [ -106.9289865, 37.8464837 ], [ -106.9333181, 37.849987700000042 ], [ -106.9328843, 37.856020400000013 ] ] ], [ [ [ -106.934626900000012, 37.857674599999946 ], [ -106.9336448, 37.855869399999989 ], [ -106.9357929, 37.855134800000023 ], [ -106.936775, 37.85694 ], [ -106.934626900000012, 37.857674599999946 ] ] ] ] } }
]
}
