{
"type": "FeatureCollection",
"name": "ky_service_areas",
"crs": { "type": "name", "properties": { "name": "urn:ogc:def:crs:OGC:1.3:CRS84" } },
"features": [
{ "type": "Feature", "properties": { "state_po": "KY", "county_geoid": "21235", "pwsid": "KY1183728", "pws_name": "WHITLEY CO. WATER DISTRICT 92 WEST", "population_served_count": 321, "model_method": "", "verification_status": "", "symbology_field": "System Sourced", "intersection_area_sq_km": 32.388169704933929 }, "geometry": { "type": "Polygon", "coordinates": [ [ [ -84.2760912, 36.6385031 ], [ -84.2677469, 36.6427074 ], [ -84.2632434, 36.64257990000003 ], [ -84.2583464, 36.648946599999981 ], [ -84.2589465, 36.655332600000023 ], [ -84.2686626, 36.65825839999998 ], [ -84.2796566, 36.654896599999979 ], [ -84.2853163, 36.655360600000016 ], [ -84.2908006, 36.6583368 ], [ -84.292046700000014, 36.661158599999986 ], [ -84.2883919, 36.664412 ], [ -84.281162, 36.662375300000036 ], [ -84.2750393, 36.663760399999966 ], [ -84.271597500000013, 36.669761900000047 ], [ -84.2734699, 36.6779406 ], [ -84.2867319, 36.669913499999979 ], [ -84.2924938, 36.668488 ], [ -84.302182545161202, 36.668855551242075 ], [ -84.306974138628917, 36.675870804524656 ], [ -84.3035696, 36.677072900000027 ], [ -84.2917829, 36.6759884 ], [ -84.2833195, 36.681419199999972 ], [ -84.2856753, 36.690291099999975 ], [ -84.2796071, 36.694435899999974 ], [ -84.2761765, 36.7010624 ], [ -84.2734261, 36.70270690000001 ], [ -84.2687426, 36.701359699999983 ], [ -84.2671981, 36.69565239999995 ], [ -84.2747463, 36.688265800000011 ], [ -84.273852, 36.686707499999962 ], [ -84.2692983, 36.688508500000026 ], [ -84.2654798, 36.685021400000039 ], [ -84.2581872, 36.68457080000001 ], [ -84.2515587, 36.690492499999976 ], [ -84.2573908, 36.688692399999979 ], [ -84.2631941, 36.6909767 ], [ -84.2633636, 36.693731800000016 ], [ -84.2602204, 36.6977437 ], [ -84.2613555, 36.7062903 ], [ -84.2555967, 36.712991500000044 ], [ -84.2469546, 36.715855899999987 ], [ -84.2546964, 36.7223139 ], [ -84.2549379, 36.727384200000017 ], [ -84.2480394, 36.7317104 ], [ -84.2376627, 36.730626499999978 ], [ -84.22737, 36.735752700000035 ], [ -84.2236744, 36.735801500000015 ], [ -84.2210262, 36.731965800000019 ], [ -84.225259600000015, 36.7274907 ], [ -84.2361153, 36.7231319 ], [ -84.244576, 36.724692400000016 ], [ -84.2381281, 36.720961399999965 ], [ -84.237293, 36.7121474 ], [ -84.2398722, 36.7096766 ], [ -84.2496301, 36.707388499999979 ], [ -84.2524991, 36.704322799999964 ], [ -84.252188, 36.701644 ], [ -84.2449465, 36.6972449 ], [ -84.2426624, 36.68968610000001 ], [ -84.2309761, 36.690605100000035 ], [ -84.2227196, 36.685395099999951 ], [ -84.2135393, 36.6835321 ], [ -84.2123414, 36.679062200000018 ], [ -84.215341099999989, 36.676777799999961 ], [ -84.2189634, 36.676397500000014 ], [ -84.2306669, 36.6804829 ], [ -84.23390830000001, 36.683115300000026 ], [ -84.2411688, 36.681336200000011 ], [ -84.2452149, 36.67709379999998 ], [ -84.2510959, 36.67559629999996 ], [ -84.2578321, 36.675987800000023 ], [ -84.2605645, 36.674087399999955 ], [ -84.25537460000001, 36.6682524 ], [ -84.2513252, 36.668319900000057 ], [ -84.2469174, 36.665915399999975 ], [ -84.243862299999989, 36.6614071 ], [ -84.2438383, 36.657796100000034 ], [ -84.2362598, 36.6510235 ], [ -84.2331929, 36.644176600000023 ], [ -84.2284564, 36.6407601 ], [ -84.226753700000017, 36.63412240000001 ], [ -84.2240601, 36.631361199999972 ], [ -84.2244917, 36.626061 ], [ -84.23076, 36.6186535 ], [ -84.2334694, 36.612154300000022 ], [ -84.2336798, 36.6069735 ], [ -84.236742, 36.606693 ], [ -84.239598, 36.613354 ], [ -84.245858701017838, 36.616754456739898 ], [ -84.2413154, 36.615793699999976 ], [ -84.2337203, 36.628106 ], [ -84.2379375, 36.63177749999997 ], [ -84.2363504, 36.6371325 ], [ -84.2412961, 36.640415300000036 ], [ -84.2438529, 36.643888700000034 ], [ -84.2439641, 36.647304699999964 ], [ -84.2476454, 36.650692 ], [ -84.2487657, 36.6514139 ], [ -84.2498891, 36.645722 ], [ -84.2463517, 36.6449947 ], [ -84.2446642, 36.642348800000022 ], [ -84.2472969, 36.638807499999949 ], [ -84.269949979668041, 36.632717485136077 ], [ -84.2760912, 36.6385031 ] ], [ [ -84.2628764, 36.664321099999988 ], [ -84.2637335, 36.6653373 ], [ -84.2641097, 36.665810299999961 ], [ -84.2649455, 36.6648246 ], [ -84.2628764, 36.664321099999988 ] ] ] } },
{ "type": "Feature", "properties": { "state_po": "KY", "county_geoid": "21133", "pwsid": "KY0480092", "pws_name": "CUMBERLAND MUNICIPAL WATER WORKS", "population_served_count": 3505, "model_method": "", "verification_status": "", "symbology_field": "System Sourced", "intersection_area_sq_km": 0.77150168234182359 }, "geometry": { "type": "Polygon", "coordinates": [ [ [ -82.91899, 37.003653 ], [ -82.9155232, 37.004766799999963 ], [ -82.9068129, 37.0042284 ], [ -82.9034461, 37.001699 ], [ -82.9032566, 36.998369899999979 ], [ -82.906740528497423, 36.996281377784783 ], [ -82.91899, 37.003653 ] ] ] } },
{ "type": "Feature", "properties": { "state_po": "KY", "county_geoid": "21133", "pwsid": "KY0480341", "pws_name": "GREEN HILLS WATER DISTRICT", "population_served_count": 1443, "model_method": "", "verification_status": "", "symbology_field": "System Sourced", "intersection_area_sq_km": 0.094390675567471216 }, "geometry": { "type": "Polygon", "coordinates": [ [ [ -83.150304, 36.962091099999981 ], [ -83.1505284, 36.959121500000045 ], [ -83.153757530567518, 36.957179044169067 ], [ -83.153454, 36.959466 ], [ -83.150304, 36.962091099999981 ] ] ] } },
{ "type": "Feature", "properties": { "state_po": "KY", "county_geoid": "21133", "pwsid": "KY0670213", "pws_name": "JENKINS WATER SYSTEM", "population_served_count": 2609, "model_method": "", "verification_status": "", "symbology_field": "System Sourced", "intersection_area_sq_km": 26.959303822537262 }, "geometry": { "type": "MultiPolygon", "coordinates": [ [ [ [ -82.5726701, 37.201813200000011 ], [ -82.5898578, 37.1923339 ], [ -82.5930104, 37.18612610000001 ], [ -82.60257630000001, 37.1819911 ], [ -82.6073674, 37.181626500000014 ], [ -82.6098293, 37.17936840000003 ], [ -82.613346, 37.179284399999965 ], [ -82.6170249, 37.176442100000031 ], [ -82.6204528, 37.176308900000038 ], [ -82.6215558, 37.172026699999968 ], [ -82.6259361, 37.169858600000026 ], [ -82.6337357, 37.158940500000014 ], [ -82.6464595, 37.156390400000035 ], [ -82.6592149, 37.149842300000032 ], [ -82.6658803, 37.152230600000017 ], [ -82.6663202, 37.155817599999928 ], [ -82.6626536, 37.1583786 ], [ -82.6663392, 37.1596924 ], [ -82.6672426, 37.162797599999969 ], [ -82.6611763, 37.168514199999983 ], [ -82.6674483, 37.1720404 ], [ -82.6681807, 37.175596700000021 ], [ -82.6632304, 37.177882 ], [ -82.6551778, 37.173983699999958 ], [ -82.6535682, 37.175304800000021 ], [ -82.6556739, 37.1824167 ], [ -82.6535377, 37.184408800000028 ], [ -82.6504573, 37.184749599999954 ], [ -82.6550673, 37.184975800000018 ], [ -82.6619538, 37.1815189 ], [ -82.6717099, 37.180334599999973 ], [ -82.6752236, 37.1818382 ], [ -82.6758719, 37.184984 ], [ -82.6734195, 37.1872203 ], [ -82.6628133, 37.189433699999967 ], [ -82.6573976, 37.195349499999971 ], [ -82.6506203, 37.1943058 ], [ -82.6497794, 37.197835599999983 ], [ -82.6513024, 37.201842900000017 ], [ -82.6488487, 37.2040787 ], [ -82.644941, 37.204046899999966 ], [ -82.6464774, 37.2071258 ], [ -82.6443706, 37.209832399999989 ], [ -82.6375799, 37.2107676 ], [ -82.6341595, 37.207842799999973 ], [ -82.634093400000012, 37.1973555 ], [ -82.6423854, 37.190537900000031 ], [ -82.6391566, 37.1902226 ], [ -82.6369708, 37.188089100000013 ], [ -82.6385529, 37.183794 ], [ -82.6378613, 37.177300500000044 ], [ -82.6324577, 37.1780886 ], [ -82.6269291, 37.183166699999973 ], [ -82.6325472, 37.187425699999977 ], [ -82.6315198, 37.191543300000049 ], [ -82.6269438, 37.192345899999971 ], [ -82.6216558, 37.189052099999962 ], [ -82.6266133, 37.2033955 ], [ -82.6244965, 37.206813100000019 ], [ -82.6210932, 37.2072603 ], [ -82.6182915, 37.2056516 ], [ -82.6119566, 37.1895253 ], [ -82.6101697, 37.190240899999971 ], [ -82.6135467, 37.1942219 ], [ -82.6130004, 37.200516799999967 ], [ -82.6100639, 37.203243299999968 ], [ -82.6057052, 37.202705899999984 ], [ -82.6077276, 37.209287300000035 ], [ -82.6055998, 37.2122286 ], [ -82.6008404, 37.212224799999952 ], [ -82.5872124, 37.202515800000029 ], [ -82.5845566, 37.203824899999987 ], [ -82.5908438, 37.205437400000015 ], [ -82.5987999, 37.211228500000047 ], [ -82.599211, 37.213746300000011 ], [ -82.596105802499849, 37.219869664320711 ], [ -82.594105, 37.21335 ], [ -82.589803, 37.208977 ], [ -82.575806, 37.205886 ], [ -82.5726701, 37.201813200000011 ] ], [ [ -82.5956568, 37.198205300000019 ], [ -82.6034023, 37.1987915 ], [ -82.6008727, 37.194692300000035 ], [ -82.5956568, 37.198205300000019 ] ], [ [ -82.6438683, 37.203493499999979 ], [ -82.6439665, 37.203532299999971 ], [ -82.6438549, 37.2034539 ], [ -82.6438683, 37.203493499999979 ] ] ], [ [ [ -82.596298434708117, 37.222608199623025 ], [ -82.5963672, 37.223361299999979 ], [ -82.596340818367068, 37.223637464690079 ], [ -82.596298434708117, 37.222608199623025 ] ] ] ] } },
{ "type": "Feature", "properties": { "state_po": "KY", "county_geoid": "21133", "pwsid": "KY0670279", "pws_name": "FLEMING-NEON WATER COMPANY", "population_served_count": 3212, "model_method": "", "verification_status": "", "symbology_field": "System Sourced", "intersection_area_sq_km": 35.465146771803241 }, "geometry": { "type": "MultiPolygon", "coordinates": [ [ [ [ -82.6588881, 37.184045100000013 ], [ -82.6619282, 37.1853464 ], [ -82.6629302, 37.187989499999986 ], [ -82.6613037, 37.190421900000011 ], [ -82.6580036, 37.191221700000057 ], [ -82.6549634, 37.1899202 ], [ -82.6539616, 37.187277099999989 ], [ -82.6555883, 37.184844800000029 ], [ -82.6588881, 37.184045100000013 ] ] ], [ [ [ -82.6977379, 37.2419395 ], [ -82.6934374, 37.238924199999978 ], [ -82.6956295, 37.2337255 ], [ -82.6947068, 37.228125600000062 ], [ -82.6922224, 37.230107500000017 ], [ -82.6882643, 37.2303709 ], [ -82.6842781, 37.227413 ], [ -82.6834964, 37.224696900000048 ], [ -82.6861468, 37.2219686 ], [ -82.6950627, 37.2202014 ], [ -82.7005058, 37.213722699999963 ], [ -82.7023357, 37.2088906 ], [ -82.7084496, 37.205272299999976 ], [ -82.7080387, 37.2018505 ], [ -82.7052525, 37.199088599999968 ], [ -82.7066521, 37.195846399999972 ], [ -82.7026179, 37.1985858 ], [ -82.700295, 37.20295040000002 ], [ -82.689352900000017, 37.2012785 ], [ -82.6861036, 37.205044300000019 ], [ -82.6869626, 37.212250900000015 ], [ -82.6899988, 37.216597400000033 ], [ -82.6876378, 37.220129299999954 ], [ -82.6820704, 37.2192739 ], [ -82.6778365, 37.221357 ], [ -82.6743209, 37.219853400000019 ], [ -82.6738073, 37.215804 ], [ -82.6779457, 37.2108541 ], [ -82.6776693, 37.207829599999954 ], [ -82.6765394, 37.208553100000039 ], [ -82.6756438, 37.211536200000047 ], [ -82.6676355, 37.220342 ], [ -82.6640291, 37.2303856 ], [ -82.6587344, 37.233802700000027 ], [ -82.6553011, 37.233531200000023 ], [ -82.6532083, 37.231621299999979 ], [ -82.6569603, 37.223428600000041 ], [ -82.6532825, 37.2223015 ], [ -82.6520506, 37.219430200000033 ], [ -82.6541574, 37.216723400000021 ], [ -82.6606382, 37.2153223 ], [ -82.657972, 37.213972300000016 ], [ -82.6524779, 37.2144234 ], [ -82.6496893, 37.212209400000035 ], [ -82.6495782, 37.20945220000003 ], [ -82.6549665, 37.204697199999984 ], [ -82.6614714, 37.207254299999988 ], [ -82.6669698, 37.206693300000012 ], [ -82.6603344, 37.201301200000032 ], [ -82.6603356, 37.198762 ], [ -82.6626939, 37.19674930000005 ], [ -82.6676364, 37.1968258 ], [ -82.6732602, 37.201084 ], [ -82.679998500000011, 37.199425 ], [ -82.6854811, 37.193834700000032 ], [ -82.6944047, 37.1936658 ], [ -82.6912459, 37.191432599999985 ], [ -82.6916177, 37.187919 ], [ -82.6839102, 37.189016600000038 ], [ -82.6789272, 37.182316599999972 ], [ -82.6767399, 37.185370900000052 ], [ -82.6757634, 37.1929733 ], [ -82.6683283, 37.196098700000022 ], [ -82.663671, 37.193780199999971 ], [ -82.663785, 37.191023100000017 ], [ -82.6678936, 37.18685560000003 ], [ -82.6675891, 37.182236899999985 ], [ -82.672002800000016, 37.177347300000015 ], [ -82.6758772, 37.175532300000022 ], [ -82.6756851, 37.1683695 ], [ -82.6794149, 37.16214549999998 ], [ -82.6830608, 37.161565500000016 ], [ -82.6861399, 37.163588499999953 ], [ -82.6842283, 37.171825200000015 ], [ -82.6869964, 37.173785400000021 ], [ -82.68721020000001, 37.176711399999981 ], [ -82.6992773, 37.182775400000018 ], [ -82.7073662, 37.176988 ], [ -82.7159921, 37.174249899999957 ], [ -82.7157746, 37.170146700000053 ], [ -82.7177818, 37.167904 ], [ -82.7290158, 37.168287100000015 ], [ -82.731192299999989, 37.158863800000027 ], [ -82.7369921, 37.153833200000022 ], [ -82.7412009, 37.153388100000015 ], [ -82.7443889, 37.157695600000039 ], [ -82.7430307, 37.16052340000001 ], [ -82.7397454, 37.16238 ], [ -82.7382977, 37.166966199999983 ], [ -82.7379218, 37.1716083 ], [ -82.7402882, 37.17466169999998 ], [ -82.7386569, 37.1820421 ], [ -82.735862400000016, 37.1840047 ], [ -82.7321757, 37.183617600000019 ], [ -82.7287291, 37.176998300000051 ], [ -82.7261864, 37.1816957 ], [ -82.7212632, 37.1821122 ], [ -82.7203879, 37.190856199999978 ], [ -82.7223176, 37.195343199999989 ], [ -82.7205549, 37.197454799999974 ], [ -82.7172564, 37.198105700000013 ], [ -82.7189206, 37.200596600000011 ], [ -82.7181482, 37.203733600000014 ], [ -82.7295626, 37.2123936 ], [ -82.7326141, 37.217697500000021 ], [ -82.7302937, 37.2214641 ], [ -82.7265816, 37.221659700000039 ], [ -82.7239637, 37.219582700000039 ], [ -82.7207413, 37.222959099999969 ], [ -82.7244554, 37.226123500000021 ], [ -82.7258113, 37.233322899999962 ], [ -82.7205696, 37.235564699999948 ], [ -82.716451, 37.231479699999973 ], [ -82.716517, 37.2351708 ], [ -82.7133834, 37.2384178 ], [ -82.709449, 37.238937599999986 ], [ -82.7061155, 37.236732600000011 ], [ -82.6977379, 37.2419395 ] ], [ [ -82.710970300000014, 37.184038 ], [ -82.7066371, 37.186950700000025 ], [ -82.7061297, 37.187540300000016 ], [ -82.7101915, 37.187257700000039 ], [ -82.710970300000014, 37.184038 ] ], [ [ -82.7141101, 37.2112557 ], [ -82.7097227, 37.214424299999962 ], [ -82.715166, 37.220636699999986 ], [ -82.7159345, 37.212668299999976 ], [ -82.7141101, 37.2112557 ] ], [ [ -82.704745, 37.22186 ], [ -82.7037027, 37.228920800000012 ], [ -82.7073121, 37.2320778 ], [ -82.7075532, 37.224863699999972 ], [ -82.704745, 37.22186 ] ] ], [ [ [ -82.7167473, 37.238919800000012 ], [ -82.7196778, 37.240376 ], [ -82.7204622, 37.243062400000021 ], [ -82.7186408, 37.245405400000031 ], [ -82.7152551, 37.246039300000014 ], [ -82.7123244, 37.244583 ], [ -82.7115403, 37.241896600000018 ], [ -82.7133619, 37.239553700000045 ], [ -82.7167473, 37.238919800000012 ] ] ] ] } },
{ "type": "Feature", "properties": { "state_po": "KY", "county_geoid": "21133", "pwsid": "KY0670462", "pws_name": "LETCHER COUNTY WATER DISTRICT", "population_served_count": 2673, "model_method": "", "verification_status": "", "symbology_field": "System Sourced", "intersection_area_sq_km": 221.80797637928541 }, "geometry": { "type": "MultiPolygon", "coordinates": [ [ [ [ -82.8745358, 37.2418035 ], [ -82.8651122, 37.2367129 ], [ -82.8658005, 37.2458857 ], [ -82.8626596, 37.247987499999972 ], [ -82.8586788, 37.2472619 ], [ -82.8560808, 37.242211199999971 ], [ -82.8558489, 37.2303269 ], [ -82.8552351, 37.229888 ], [ -82.8551237, 37.244020200000023 ], [ -82.8521463, 37.2465224 ], [ -82.8481767, 37.246215200000023 ], [ -82.8460652, 37.2435104 ], [ -82.8463941, 37.22765 ], [ -82.8422624, 37.228626399999989 ], [ -82.8390898, 37.232080899999978 ], [ -82.834528300000017, 37.232480299999978 ], [ -82.8372451, 37.242527699999968 ], [ -82.8361961, 37.247256299999989 ], [ -82.8316132, 37.251350100000018 ], [ -82.8253048, 37.252860600000027 ], [ -82.821816400000017, 37.249472200000035 ], [ -82.82768870000001, 37.2421576 ], [ -82.8272916, 37.238887899999973 ], [ -82.8237178, 37.2386594 ], [ -82.8214486, 37.2363016 ], [ -82.8239773, 37.231044499999967 ], [ -82.820402, 37.2282717 ], [ -82.8213352, 37.231298400000064 ], [ -82.8194371, 37.237219799999984 ], [ -82.8143105, 37.23924780000003 ], [ -82.8108227, 37.2363102 ], [ -82.8112087, 37.2285229 ], [ -82.80505260000001, 37.227900399999974 ], [ -82.8015459, 37.228503300000021 ], [ -82.8006264, 37.23270770000002 ], [ -82.792009, 37.2382658 ], [ -82.7814782, 37.243018800000023 ], [ -82.7765437, 37.2427336 ], [ -82.7743203, 37.247676799999972 ], [ -82.7793047, 37.254767699999974 ], [ -82.7787473, 37.257745700000051 ], [ -82.7763607, 37.259421599999989 ], [ -82.771911, 37.2588375 ], [ -82.7699233, 37.2549796 ], [ -82.7544903, 37.265763400000026 ], [ -82.7448342, 37.264262199999976 ], [ -82.7425868, 37.2612549 ], [ -82.7437428, 37.258203400000021 ], [ -82.7471807, 37.257063399999979 ], [ -82.7515673, 37.258557799999984 ], [ -82.7636915, 37.249767 ], [ -82.7653471, 37.246948800000041 ], [ -82.7558932, 37.250571 ], [ -82.7526955, 37.248332 ], [ -82.7533512, 37.244854800000041 ], [ -82.7427324, 37.245795399999963 ], [ -82.7409176, 37.251036 ], [ -82.7365936, 37.25352849999998 ], [ -82.7194678, 37.256254300000023 ], [ -82.7086039, 37.256300500000044 ], [ -82.705951399999989, 37.2530669 ], [ -82.7083319, 37.24977 ], [ -82.7315335, 37.246697400000016 ], [ -82.7285696, 37.244089400000021 ], [ -82.71689, 37.246151200000035 ], [ -82.7131302, 37.2452817 ], [ -82.7115256, 37.240899500000012 ], [ -82.706185499999989, 37.235533600000011 ], [ -82.706599700000012, 37.233016099999986 ], [ -82.7092663, 37.231265699999952 ], [ -82.7198207, 37.234369099999959 ], [ -82.7224739, 37.236794400000015 ], [ -82.7261701, 37.236386500000037 ], [ -82.729190800000012, 37.2337124 ], [ -82.7325889, 37.233783700000011 ], [ -82.7349591, 37.235622099999965 ], [ -82.7365437, 37.2404979 ], [ -82.7414813, 37.238296300000037 ], [ -82.7518444, 37.2377467 ], [ -82.7663276, 37.234576800000013 ], [ -82.7644849, 37.230392400000014 ], [ -82.7681378, 37.227652499999969 ], [ -82.772163, 37.228742200000028 ], [ -82.7760942, 37.2348 ], [ -82.7789988, 37.23570760000004 ], [ -82.7826337, 37.234341199999982 ], [ -82.7913568, 37.228989700000028 ], [ -82.7831432, 37.222715099999967 ], [ -82.783383, 37.219746299999962 ], [ -82.7863322, 37.217932899999965 ], [ -82.7894805, 37.218261900000016 ], [ -82.7949658, 37.2217151 ], [ -82.8039593, 37.220730400000022 ], [ -82.8074808, 37.218343700000041 ], [ -82.8121624, 37.220154599999965 ], [ -82.8188084, 37.218788599999925 ], [ -82.8258436, 37.221943599999982 ], [ -82.8287872, 37.2249137 ], [ -82.8349195, 37.224234900000027 ], [ -82.8378503, 37.221418899999954 ], [ -82.8451277, 37.2187539 ], [ -82.8506586, 37.220468599999982 ], [ -82.8519317, 37.21739670000003 ], [ -82.8461929, 37.2181037 ], [ -82.8375292, 37.212904500000015 ], [ -82.8321391, 37.217407900000033 ], [ -82.8269887, 37.217729799999987 ], [ -82.8247932, 37.213507199999981 ], [ -82.8303167, 37.208051899999973 ], [ -82.8271778, 37.207883099999982 ], [ -82.8248412, 37.205919500000014 ], [ -82.8211519, 37.207045800000017 ], [ -82.8165914, 37.2123279 ], [ -82.8169091, 37.2164622 ], [ -82.8139084, 37.218868099999959 ], [ -82.7996829, 37.214037599999962 ], [ -82.790692, 37.214180800000022 ], [ -82.7891004, 37.21080870000003 ], [ -82.7920844, 37.207968500000035 ], [ -82.781961, 37.199329700000021 ], [ -82.7812359, 37.1940761 ], [ -82.7746826, 37.185552199999954 ], [ -82.7740885, 37.174428 ], [ -82.7720579, 37.1711199 ], [ -82.768805, 37.171503 ], [ -82.7661653, 37.170093900000019 ], [ -82.7660735, 37.164003599999951 ], [ -82.7613631, 37.160042 ], [ -82.7560592, 37.170321 ], [ -82.7505081, 37.172434800000033 ], [ -82.7465251, 37.1714257 ], [ -82.739482, 37.1656393 ], [ -82.7385812, 37.1627794 ], [ -82.7402289, 37.160331 ], [ -82.7307255, 37.1583455 ], [ -82.724145299999989, 37.160487499999981 ], [ -82.715650599999989, 37.16066739999998 ], [ -82.7142906, 37.167997599999964 ], [ -82.700934, 37.176805400000021 ], [ -82.6961507, 37.1779881 ], [ -82.6921953, 37.175873200000034 ], [ -82.6923778, 37.17261460000001 ], [ -82.6890615, 37.1697727 ], [ -82.6900306, 37.166000800000027 ], [ -82.6879363, 37.1628372 ], [ -82.6961498, 37.154040399999978 ], [ -82.6914729, 37.153529399999989 ], [ -82.6840744, 37.157654300000011 ], [ -82.6846654, 37.160377 ], [ -82.6817069, 37.1677749 ], [ -82.676854800000015, 37.170399299999971 ], [ -82.6705007, 37.16989880000002 ], [ -82.6677324, 37.167674600000026 ], [ -82.67076430000003, 37.1576534 ], [ -82.6655231, 37.158797199999988 ], [ -82.6638809, 37.161428599999979 ], [ -82.6601906, 37.162206700000027 ], [ -82.6533844, 37.160621099999965 ], [ -82.6519954, 37.155581900000051 ], [ -82.6613547, 37.14902 ], [ -82.666667, 37.1487253 ], [ -82.672747, 37.1441966 ], [ -82.6776707, 37.145697299999973 ], [ -82.6796931, 37.150565299999975 ], [ -82.6896717, 37.1464493 ], [ -82.7019584, 37.14615280000001 ], [ -82.6984686, 37.143932899999974 ], [ -82.697907200000017, 37.1412111 ], [ -82.6999142, 37.138968799999944 ], [ -82.7037497, 37.1384668 ], [ -82.7055745, 37.1342881 ], [ -82.721932900000013, 37.1326216 ], [ -82.7224139, 37.129665 ], [ -82.7255027, 37.128011399999963 ], [ -82.730011800000014, 37.129019 ], [ -82.7357174, 37.134465100000014 ], [ -82.7424509, 37.134590799999962 ], [ -82.7476196, 37.1394069 ], [ -82.7532748, 37.140406699999986 ], [ -82.7513395, 37.133458 ], [ -82.7419921, 37.1304199 ], [ -82.7378491, 37.131752200000022 ], [ -82.7341727, 37.13005440000002 ], [ -82.7334191, 37.1245291 ], [ -82.7371872, 37.119307399999933 ], [ -82.7401116, 37.117849599999978 ], [ -82.7468524, 37.1177736 ], [ -82.7478985, 37.113223600000026 ], [ -82.751187, 37.111339799999989 ], [ -82.7553999, 37.112607300000022 ], [ -82.7562856, 37.116312299999969 ], [ -82.7583303, 37.1159638 ], [ -82.7593201, 37.1113111 ], [ -82.768587, 37.10900310000001 ], [ -82.768341, 37.103266699999985 ], [ -82.7704845, 37.100243200000016 ], [ -82.7747586, 37.099492099999971 ], [ -82.781248, 37.093778499999985 ], [ -82.7899325, 37.095541799999978 ], [ -82.8006908, 37.0890965 ], [ -82.8032751, 37.084015099999945 ], [ -82.8069926, 37.082642400000026 ], [ -82.8119183, 37.085389 ], [ -82.8157974, 37.0833368 ], [ -82.8198781, 37.083791 ], [ -82.8226385, 37.088204 ], [ -82.8303959, 37.094731200000034 ], [ -82.842120799999989, 37.094590699999976 ], [ -82.844003, 37.097636 ], [ -82.8417889, 37.100782 ], [ -82.8420744, 37.103807400000022 ], [ -82.8369566, 37.106072 ], [ -82.8329625, 37.1131992 ], [ -82.8282372, 37.115869299999964 ], [ -82.8245299, 37.11567890000002 ], [ -82.8222645, 37.1133211 ], [ -82.82281540000001, 37.10895979999998 ], [ -82.8292193, 37.102068 ], [ -82.8183098, 37.096594800000048 ], [ -82.8153799, 37.0931213 ], [ -82.8057865, 37.095867399999989 ], [ -82.8062228, 37.0996127 ], [ -82.8093115, 37.1037987 ], [ -82.8055318, 37.113236100000059 ], [ -82.7998187, 37.114632799999974 ], [ -82.7935948, 37.113586800000036 ], [ -82.7868542, 37.11483430000002 ], [ -82.7828052, 37.111513900000027 ], [ -82.7756076, 37.117064199999987 ], [ -82.7766492, 37.1208528 ], [ -82.7735791, 37.123644 ], [ -82.775233, 37.131101600000015 ], [ -82.7707904, 37.13723670000001 ], [ -82.7727528, 37.1419893 ], [ -82.7770302, 37.144438599999987 ], [ -82.7786113, 37.14910890000003 ], [ -82.77969, 37.149777199999974 ], [ -82.7821492, 37.146786400000018 ], [ -82.7889944, 37.144285899999964 ], [ -82.7872875, 37.14156159999996 ], [ -82.7830616, 37.140505199999964 ], [ -82.7818449, 37.13792430000003 ], [ -82.7920328, 37.1259298 ], [ -82.7890379, 37.120260899999984 ], [ -82.791136, 37.116845099999985 ], [ -82.7965899, 37.117270700000034 ], [ -82.8014723, 37.12569890000001 ], [ -82.8108252, 37.1318099 ], [ -82.8105867, 37.134778799999985 ], [ -82.8073526, 37.136639100000032 ], [ -82.7973894, 37.13271570000002 ], [ -82.7971578, 37.1333518 ], [ -82.8119935, 37.141875400000018 ], [ -82.8118681, 37.145062099999983 ], [ -82.8086335, 37.146922299999986 ], [ -82.8046096, 37.146794299999982 ], [ -82.7994131, 37.143364099999971 ], [ -82.79959980000001, 37.146200299999975 ], [ -82.8068607, 37.1481839 ], [ -82.808699, 37.1522937 ], [ -82.8169248, 37.148525299999967 ], [ -82.8162443, 37.140118600000051 ], [ -82.8179497, 37.136331 ], [ -82.8318825, 37.124399799999964 ], [ -82.8334314, 37.121298 ], [ -82.8378133, 37.1204743 ], [ -82.8408952, 37.123101200000022 ], [ -82.8401286, 37.127455 ], [ -82.8302668, 37.1361906 ], [ -82.8300931, 37.1405741 ], [ -82.825373900000017, 37.141756100000016 ], [ -82.8281062, 37.147941900000056 ], [ -82.8254879, 37.151437700000017 ], [ -82.8290256, 37.160457700000016 ], [ -82.833485, 37.162114 ], [ -82.8352579, 37.1584962 ], [ -82.8327104, 37.154040900000027 ], [ -82.8370996, 37.150420600000011 ], [ -82.839234, 37.143770600000053 ], [ -82.8552316, 37.1385678 ], [ -82.8602853, 37.132769 ], [ -82.8567267, 37.132134400000012 ], [ -82.8519473, 37.134010399999987 ], [ -82.8487207, 37.133043 ], [ -82.845743, 37.125664500000028 ], [ -82.8427209, 37.123010200000024 ], [ -82.8432, 37.12006 ], [ -82.8459969, 37.1184496 ], [ -82.8493766, 37.118833900000062 ], [ -82.8559189, 37.124805100000032 ], [ -82.8625905, 37.125251700000014 ], [ -82.8655955, 37.1230492 ], [ -82.8625878, 37.116703100000038 ], [ -82.859664099999989, 37.1153544 ], [ -82.8572572, 37.117505199999968 ], [ -82.8535061, 37.117780400000022 ], [ -82.8500425, 37.114628200000034 ], [ -82.8511263, 37.108836 ], [ -82.8635683, 37.102717300000016 ], [ -82.8695802, 37.107777899999938 ], [ -82.8713924, 37.113333600000047 ], [ -82.8764378, 37.112797899999975 ], [ -82.8795416, 37.115258599999976 ], [ -82.8786847, 37.1227746 ], [ -82.873869, 37.126408100000013 ], [ -82.875773, 37.129744699999982 ], [ -82.875546, 37.1369088 ], [ -82.8717793, 37.1392318 ], [ -82.8671317, 37.137542 ], [ -82.8691879, 37.1412169 ], [ -82.8648209, 37.1442385 ], [ -82.8668361, 37.149190300000029 ], [ -82.8644653, 37.1522545 ], [ -82.8597193, 37.152012300000024 ], [ -82.85531180000001, 37.146755 ], [ -82.8510078, 37.1482817 ], [ -82.8499058, 37.152342400000016 ], [ -82.8454605, 37.154266899999968 ], [ -82.8489647, 37.1593634 ], [ -82.8491618, 37.1646299 ], [ -82.8457822, 37.166317900000017 ], [ -82.8419934, 37.1651468 ], [ -82.8395082, 37.1680661 ], [ -82.8348716, 37.169519500000021 ], [ -82.8295988, 37.169032 ], [ -82.8317872, 37.1716037 ], [ -82.8309701, 37.175946200000027 ], [ -82.8324025, 37.176317899999987 ], [ -82.8335857, 37.173458899999979 ], [ -82.8407173, 37.1693744 ], [ -82.8543344, 37.1655587 ], [ -82.8533869, 37.162981300000041 ], [ -82.8547854, 37.160702 ], [ -82.8633352, 37.158981299999979 ], [ -82.8681691, 37.155214699999981 ], [ -82.870078, 37.149098800000012 ], [ -82.875068, 37.1450029 ], [ -82.876383100000012, 37.140683599999974 ], [ -82.8802292, 37.136998100000042 ], [ -82.8875005, 37.1340268 ], [ -82.8931819, 37.128887 ], [ -82.9029427, 37.129114500000014 ], [ -82.9109022, 37.126468599999974 ], [ -82.9149849, 37.117969 ], [ -82.9182156, 37.116105799999957 ], [ -82.9229236, 37.1179538 ], [ -82.9237407, 37.1246303 ], [ -82.9215582, 37.127609600000014 ], [ -82.9215445, 37.134379 ], [ -82.9193721, 37.138773599999972 ], [ -82.9222296, 37.145694600000034 ], [ -82.9201664, 37.1494546 ], [ -82.9158536, 37.15086459999997 ], [ -82.9246462, 37.156456800000029 ], [ -82.9257972, 37.162454 ], [ -82.9274572, 37.163063900000026 ], [ -82.9295282, 37.157672900000037 ], [ -82.9264513, 37.1519252 ], [ -82.9273361, 37.1484214 ], [ -82.931578, 37.146298 ], [ -82.9345117, 37.147263800000054 ], [ -82.9359291, 37.1495852 ], [ -82.938874, 37.148627299999966 ], [ -82.9380139, 37.146144 ], [ -82.9398684, 37.1407662 ], [ -82.9427018, 37.138012400000015 ], [ -82.9479484, 37.138585199999952 ], [ -82.9544543, 37.137017600000036 ], [ -82.9618676, 37.138661900000052 ], [ -82.9645669, 37.1368369 ], [ -82.9690208, 37.1368935 ], [ -82.9706954, 37.13359149999998 ], [ -82.9737292, 37.1322839 ], [ -82.9783641, 37.134535800000023 ], [ -82.9819953, 37.132719 ], [ -82.9888868, 37.1344372 ], [ -82.9919157, 37.133327900000026 ], [ -82.9947788, 37.128763599999971 ], [ -82.9914197, 37.126581800000025 ], [ -82.9877486, 37.120154899999974 ], [ -82.9919585, 37.114632299999975 ], [ -82.997554, 37.115829699999956 ], [ -82.9992919, 37.122526 ], [ -83.010533, 37.126897099999987 ], [ -83.0140677, 37.125914699999974 ], [ -83.0193802, 37.127664300000049 ], [ -83.0241164, 37.133828100000017 ], [ -83.0280414, 37.133029 ], [ -83.036926200000011, 37.125969599999983 ], [ -83.0427844, 37.1242892 ], [ -83.0414376, 37.1217734 ], [ -83.0366247, 37.120557700000028 ], [ -83.0320143, 37.123120699999987 ], [ -83.026676, 37.1219215 ], [ -83.0198689, 37.114650400000023 ], [ -83.0096343, 37.1209538 ], [ -83.0059881, 37.120383099999984 ], [ -83.0041594, 37.118045400000021 ], [ -83.0047677, 37.115553300000059 ], [ -83.0107486, 37.11004 ], [ -83.0171696, 37.1074147 ], [ -83.0113668, 37.100330600000042 ], [ -83.0086412, 37.0898147 ], [ -83.0110264, 37.0868735 ], [ -83.0167385, 37.085323399999965 ], [ -83.0177874, 37.0829028 ], [ -83.0145969, 37.078083800000044 ], [ -83.016405, 37.070922299999985 ], [ -83.0158496, 37.0637861 ], [ -83.0216716, 37.057604899999959 ], [ -83.0266653, 37.057459799999968 ], [ -83.0287812, 37.060867899999963 ], [ -83.024843, 37.065946800000013 ], [ -83.02432, 37.077623200000019 ], [ -83.0269367, 37.084407299999981 ], [ -83.0236657, 37.090062200000041 ], [ -83.0181615, 37.092527599999976 ], [ -83.0197215, 37.096766900000034 ], [ -83.0260948, 37.0984541 ], [ -83.0270328, 37.102909700000019 ], [ -83.030577, 37.102316099999975 ], [ -83.0378842, 37.0991687 ], [ -83.0414101, 37.094672099999976 ], [ -83.0376894, 37.091605099999974 ], [ -83.0389024, 37.087924600000036 ], [ -83.0428993, 37.086896400000015 ], [ -83.047604999070288, 37.088710243576053 ], [ -83.04743, 37.090993 ], [ -83.0502013, 37.0923506 ], [ -83.050746, 37.097845 ], [ -83.047331, 37.098569 ], [ -83.0457596, 37.102849899999946 ], [ -83.0410222, 37.107227300000019 ], [ -83.0310518, 37.109558600000057 ], [ -83.0306779, 37.1119458 ], [ -83.0365497, 37.110261 ], [ -83.0427126, 37.1126456 ], [ -83.0504963, 37.1111077 ], [ -83.056511, 37.113648500000011 ], [ -83.0599584, 37.118281200000034 ], [ -83.0568961, 37.1232984 ], [ -83.058058916712909, 37.125402345204833 ], [ -83.056403, 37.128289 ], [ -83.051553209783734, 37.133259773388716 ], [ -83.0473896, 37.131554500000036 ], [ -83.0400745, 37.13364830000004 ], [ -83.0332402, 37.1413993 ], [ -83.0202425, 37.145202199999943 ], [ -83.0145524, 37.1438229 ], [ -83.0096174, 37.1390683 ], [ -83.0062284, 37.141637100000011 ], [ -83.0020626, 37.14098520000001 ], [ -83.0004081, 37.138321299999973 ], [ -83.0031249, 37.133144599999987 ], [ -83.0016734, 37.133436099999983 ], [ -82.9993029, 37.139958799999974 ], [ -82.9938862, 37.1429702 ], [ -82.9886845, 37.153936799999975 ], [ -82.9794956, 37.162226299999986 ], [ -82.9817597, 37.165594600000013 ], [ -82.9800987, 37.169837599999987 ], [ -82.982579, 37.167992200000015 ], [ -82.9868132, 37.167744800000051 ], [ -82.9907688, 37.1705034 ], [ -82.9898763, 37.173610600000011 ], [ -82.984133097226078, 37.176847459961088 ], [ -82.982091, 37.174349 ], [ -82.979191, 37.174057 ], [ -82.979183, 37.17242 ], [ -82.97304327694448, 37.178405851312426 ], [ -82.9656901, 37.165969400000037 ], [ -82.969328, 37.159098900000018 ], [ -82.9810828, 37.1498089 ], [ -82.9842082, 37.142717300000044 ], [ -82.9777306, 37.146757299999983 ], [ -82.9705441, 37.145332700000033 ], [ -82.9665909, 37.1469754 ], [ -82.9682189, 37.15235959999994 ], [ -82.9656066, 37.155295400000014 ], [ -82.9624417, 37.15546879999998 ], [ -82.9569544, 37.1531812 ], [ -82.9515594, 37.1553028 ], [ -82.9472759, 37.1543796 ], [ -82.9413479, 37.15715050000005 ], [ -82.941229, 37.163808200000013 ], [ -82.9352776, 37.1676267 ], [ -82.9369192, 37.1709136 ], [ -82.9362669, 37.176106399999945 ], [ -82.9396939, 37.1808887 ], [ -82.9540769, 37.185642799999989 ], [ -82.9548387, 37.190175099999983 ], [ -82.9498422, 37.191947499999962 ], [ -82.939985299999989, 37.188241799999986 ], [ -82.9388128, 37.192031 ], [ -82.9341779, 37.1928114 ], [ -82.9336557, 37.1990184 ], [ -82.9289214, 37.2004631 ], [ -82.9259652, 37.198657900000022 ], [ -82.9247163, 37.194541300000033 ], [ -82.9252807, 37.189614099999957 ], [ -82.929823, 37.183791600000013 ], [ -82.9276281, 37.181773 ], [ -82.9232896, 37.185288 ], [ -82.9199336, 37.1859209 ], [ -82.9161545, 37.18236640000007 ], [ -82.913728, 37.184319 ], [ -82.9164097, 37.186900799999975 ], [ -82.9169523, 37.195815299999971 ], [ -82.920581107699036, 37.200588420009829 ], [ -82.919942, 37.202498 ], [ -82.914401, 37.20535 ], [ -82.9097016, 37.2036673 ], [ -82.9057883, 37.19105010000002 ], [ -82.9043912, 37.191622300000013 ], [ -82.9064267, 37.2028564 ], [ -82.9040019, 37.2061382 ], [ -82.9006004, 37.206593599999984 ], [ -82.8977674, 37.204970900000042 ], [ -82.8964442, 37.196267800000044 ], [ -82.8917245, 37.1983172 ], [ -82.8940035, 37.207846400000015 ], [ -82.8920005, 37.210092100000011 ], [ -82.8876801, 37.2102894 ], [ -82.8866368, 37.2117289 ], [ -82.8877274, 37.221115399999988 ], [ -82.8845962, 37.223982499999984 ], [ -82.8791776, 37.2220296 ], [ -82.8772839, 37.210700599999974 ], [ -82.8737215, 37.20956050000003 ], [ -82.870809, 37.215991 ], [ -82.867133200000012, 37.2176955 ], [ -82.8633191, 37.216198100000049 ], [ -82.86124, 37.211254200000056 ], [ -82.8592368, 37.213057900000024 ], [ -82.86195810000001, 37.216581399999981 ], [ -82.8609024, 37.224146700000041 ], [ -82.8664786, 37.222417799999988 ], [ -82.8704575, 37.224111 ], [ -82.8698004, 37.2285829 ], [ -82.875326507325909, 37.233220764568273 ], [ -82.8745358, 37.2418035 ] ], [ [ -82.9122779, 37.174624399999963 ], [ -82.9074049, 37.173353699999986 ], [ -82.8983132, 37.175767800000017 ], [ -82.8944376, 37.173233800000013 ], [ -82.8947682, 37.170487900000019 ], [ -82.8973374, 37.1687565 ], [ -82.8927811, 37.162519899999985 ], [ -82.8947785, 37.158637200000022 ], [ -82.90069050000001, 37.159218 ], [ -82.9062311, 37.166068900000013 ], [ -82.9101871, 37.1614153 ], [ -82.9138958, 37.161213900000028 ], [ -82.9165359, 37.163325399999977 ], [ -82.9167488, 37.1617933 ], [ -82.9167337, 37.160245 ], [ -82.9124963, 37.158477599999983 ], [ -82.9100593, 37.155112 ], [ -82.9109549, 37.152005299999963 ], [ -82.9143661, 37.1506832 ], [ -82.9115524, 37.148536 ], [ -82.9113242, 37.1447216 ], [ -82.9096255, 37.146157700000039 ], [ -82.9102208, 37.152238600000025 ], [ -82.908015, 37.155358599999985 ], [ -82.9031655, 37.156312299999982 ], [ -82.9000219, 37.1534558 ], [ -82.9020282, 37.141884600000012 ], [ -82.9110822, 37.134863899999985 ], [ -82.897151, 37.1363699 ], [ -82.8935804, 37.139345900000016 ], [ -82.898478, 37.1482972 ], [ -82.8976155, 37.152808199999974 ], [ -82.8943698, 37.154002400000017 ], [ -82.8911417, 37.153036100000016 ], [ -82.8888414, 37.148568800000071 ], [ -82.885092899999989, 37.146675799999976 ], [ -82.8848334, 37.143695700000016 ], [ -82.8827082, 37.149028400000027 ], [ -82.8785569, 37.1520352 ], [ -82.8782177, 37.156246800000012 ], [ -82.885054, 37.163926 ], [ -82.8810338, 37.169513900000027 ], [ -82.8830899, 37.173806599999978 ], [ -82.887785, 37.177199800000011 ], [ -82.8903071, 37.1752889 ], [ -82.8937529, 37.175373299999961 ], [ -82.9013183, 37.181702500000036 ], [ -82.9038049, 37.181348 ], [ -82.9031088, 37.178775199999961 ], [ -82.9046893, 37.176573300000044 ], [ -82.9122779, 37.174624399999963 ] ], [ [ -82.9167933, 37.167737700000011 ], [ -82.9191357, 37.167659300000039 ], [ -82.9168083, 37.1643247 ], [ -82.9163865, 37.166283500000027 ], [ -82.9167933, 37.167737700000011 ] ], [ [ -82.8723713, 37.162853700000028 ], [ -82.8641799, 37.167771499999986 ], [ -82.8689706, 37.170815900000029 ], [ -82.869063, 37.175062600000032 ], [ -82.8718681, 37.180418100000011 ], [ -82.8811887, 37.182987300000015 ], [ -82.8743387, 37.177928399999956 ], [ -82.8720393, 37.170286 ], [ -82.8723713, 37.162853700000028 ] ], [ [ -82.8522354, 37.174226499999968 ], [ -82.8501321, 37.1790454 ], [ -82.8464466, 37.179438500000046 ], [ -82.8436867, 37.177547899999958 ], [ -82.8389271, 37.1804691 ], [ -82.8351147, 37.1804366 ], [ -82.8354622, 37.183207899999978 ], [ -82.860497099999989, 37.1781408 ], [ -82.8543086, 37.177871600000024 ], [ -82.8522354, 37.174226499999968 ] ], [ [ -82.892034, 37.1836876 ], [ -82.8921541, 37.184646300000033 ], [ -82.8930247, 37.184623100000017 ], [ -82.892034, 37.1836876 ] ], [ [ -82.8611165, 37.1983764 ], [ -82.8674637, 37.1988932 ], [ -82.8696683, 37.201680600000053 ], [ -82.878348, 37.198698 ], [ -82.8724715, 37.199061600000029 ], [ -82.8662592, 37.196470200000036 ], [ -82.8648865, 37.1932544 ], [ -82.8677383, 37.1904641 ], [ -82.877784, 37.190555100000019 ], [ -82.8819751, 37.192097700000019 ], [ -82.8826731, 37.192078299999984 ], [ -82.8688773, 37.18723540000002 ], [ -82.8642127, 37.189716199999985 ], [ -82.8600274, 37.187118499999976 ], [ -82.8590942, 37.196299700000019 ], [ -82.8611165, 37.1983764 ] ], [ [ -82.8425467, 37.1989356 ], [ -82.8471033, 37.2016319 ], [ -82.8486266, 37.2060418 ], [ -82.8469356, 37.208748300000018 ], [ -82.8481255, 37.209568799999957 ], [ -82.8535046, 37.207442699999987 ], [ -82.849955799999989, 37.203106099999985 ], [ -82.8501803, 37.193204499999986 ], [ -82.8453187, 37.195210899999985 ], [ -82.8379619, 37.1917583 ], [ -82.8335075, 37.1920288 ], [ -82.8316288, 37.1999248 ], [ -82.8382038, 37.202346399999975 ], [ -82.839616, 37.199910899999978 ], [ -82.8425467, 37.1989356 ] ], [ [ -82.797530400000014, 37.103970399999987 ], [ -82.796006, 37.101429400000029 ], [ -82.7909033, 37.103472699999976 ], [ -82.797530400000014, 37.103970399999987 ] ], [ [ -82.7987789, 37.104913 ], [ -82.7978179, 37.104221099999975 ], [ -82.7986865, 37.105560499999982 ], [ -82.7987789, 37.104913 ] ], [ [ -82.7520584, 37.125768 ], [ -82.7612192, 37.128004599999976 ], [ -82.7652715, 37.126614299999972 ], [ -82.7640985, 37.1247727 ], [ -82.7520584, 37.125768 ] ], [ [ -82.7193796, 37.140432499999974 ], [ -82.7108375, 37.144016400000034 ], [ -82.7111635, 37.1504215 ], [ -82.7147495, 37.153432299999984 ], [ -82.7234085, 37.153174 ], [ -82.7276847, 37.149421499999946 ], [ -82.731480499999989, 37.148793300000015 ], [ -82.7358981, 37.1517443 ], [ -82.7428649, 37.152957 ], [ -82.7441175, 37.156878200000016 ], [ -82.7424509, 37.159562 ], [ -82.7501059, 37.160907799999976 ], [ -82.7551895, 37.1531691 ], [ -82.7532844, 37.147792699999989 ], [ -82.7522731, 37.1530061 ], [ -82.747156, 37.1543624 ], [ -82.7437562, 37.151282299999977 ], [ -82.7440152, 37.146934 ], [ -82.7408815, 37.145456699999976 ], [ -82.7389605, 37.1416172 ], [ -82.7340038, 37.14171080000002 ], [ -82.7320592, 37.144420599999989 ], [ -82.728762, 37.1452223 ], [ -82.7193796, 37.140432499999974 ] ], [ [ -82.7064086, 37.1569379 ], [ -82.7008188, 37.1603139 ], [ -82.69626, 37.165793100000023 ], [ -82.6992436, 37.1676955 ], [ -82.7053324, 37.164032500000012 ], [ -82.7064086, 37.1569379 ] ], [ [ -82.8142385, 37.197474800000037 ], [ -82.8184522, 37.199647699999957 ], [ -82.8209708, 37.1990854 ], [ -82.8209215, 37.19603869999996 ], [ -82.8239699, 37.193567699999981 ], [ -82.8200752, 37.188379400000024 ], [ -82.8217153, 37.183652200000012 ], [ -82.820573, 37.1797624 ], [ -82.8168631, 37.1790509 ], [ -82.815, 37.1764763 ], [ -82.8176036, 37.172842899999957 ], [ -82.8176433, 37.169518 ], [ -82.8204624, 37.167619100000024 ], [ -82.8202938, 37.1625057 ], [ -82.8150599, 37.1626079 ], [ -82.813117, 37.158665799999973 ], [ -82.8072343, 37.1607606 ], [ -82.8111818, 37.173838299999979 ], [ -82.8170546, 37.1824653 ], [ -82.8152377, 37.184809800000011 ], [ -82.8118809, 37.185439599999988 ], [ -82.8056835, 37.181236400000024 ], [ -82.8073122, 37.1897869 ], [ -82.8037521, 37.193919300000012 ], [ -82.7998718, 37.194646799999973 ], [ -82.7970667, 37.193042400000031 ], [ -82.7946732, 37.187898600000032 ], [ -82.7965832, 37.184410300000017 ], [ -82.7964143, 37.1749833 ], [ -82.8005959, 37.169515500000031 ], [ -82.7999978, 37.16616370000002 ], [ -82.7964038, 37.1674526 ], [ -82.7930679, 37.166139599999973 ], [ -82.7917962, 37.158682200000023 ], [ -82.7866107, 37.161116299999961 ], [ -82.782589, 37.160027099999979 ], [ -82.7815624, 37.1565177 ], [ -82.7850201, 37.153787 ], [ -82.7822834, 37.1535316 ], [ -82.7810918, 37.156348899999969 ], [ -82.777659, 37.1574899 ], [ -82.7707971, 37.153642 ], [ -82.7741964, 37.156862499999988 ], [ -82.774139, 37.159935899999986 ], [ -82.7791235, 37.164470900000012 ], [ -82.7831264, 37.17390349999998 ], [ -82.787220300000016, 37.176751099999983 ], [ -82.7869807, 37.17971990000003 ], [ -82.7836795, 37.182056900000042 ], [ -82.7901419, 37.189991099999972 ], [ -82.7907409, 37.196814799999963 ], [ -82.8010267, 37.2034527 ], [ -82.8031806, 37.20734480000003 ], [ -82.8066883, 37.208573500000021 ], [ -82.8120474, 37.2054983 ], [ -82.8083509, 37.206918499999979 ], [ -82.804991199999989, 37.206295300000036 ], [ -82.8031667, 37.2039543 ], [ -82.8038002, 37.201062500000049 ], [ -82.8089179, 37.197656699999975 ], [ -82.8142385, 37.197474800000037 ] ] ], [ [ [ -83.0044166, 37.192311599999918 ], [ -82.9928737, 37.182079399999985 ], [ -82.99355, 37.179554700000018 ], [ -82.996506, 37.17755490000004 ], [ -82.9950466, 37.1705681 ], [ -83.0007768, 37.167860900000015 ], [ -83.005443, 37.170166 ], [ -83.0059681, 37.183330899999987 ], [ -83.009604939301809, 37.186290637297603 ], [ -83.009381, 37.189536 ], [ -83.0044166, 37.192311599999918 ] ] ] ] } },
{ "type": "Feature", "properties": { "state_po": "KY", "county_geoid": "21133", "pwsid": "KY0690089", "pws_name": "CRAB ORCHARD WATER DISTRICT", "population_served_count": 1488, "model_method": "", "verification_status": "", "symbology_field": "System Sourced", "intersection_area_sq_km": 0.50303321104633392 }, "geometry": { "type": "Polygon", "coordinates": [ [ [ -82.6593278, 37.2067895 ], [ -82.6624687, 37.207928899999978 ], [ -82.6636825, 37.210511100000012 ], [ -82.662255800000011, 37.213031099999981 ], [ -82.6590273, 37.2140019 ], [ -82.6558862, 37.212862399999949 ], [ -82.6546726, 37.21028009999997 ], [ -82.656099400000016, 37.207760100000044 ], [ -82.6593278, 37.2067895 ] ] ] } },
{ "type": "Feature", "properties": { "state_po": "KY", "county_geoid": "21133", "pwsid": "KY0970484", "pws_name": "PERRY COUNTY WATER & SEWER", "population_served_count": 2642, "model_method": "", "verification_status": "", "symbology_field": "System Sourced", "intersection_area_sq_km": 0.097187570140141413 }, "geometry": { "type": "MultiPolygon", "coordinates": [ [ [ [ -83.039710650538268, 37.168318662144131 ], [ -83.0405406, 37.168638599999966 ], [ -83.040859605146494, 37.168813150263524 ], [ -83.039710650538268, 37.168318662144131 ] ] ], [ [ [ -83.0420654, 37.1694966 ], [ -83.042608, 37.170281 ], [ -83.041629938282028, 37.169213114056205 ], [ -83.0420654, 37.1694966 ] ] ], [ [ [ -83.021114, 37.178075 ], [ -83.0209803, 37.176853 ], [ -83.021796061041243, 37.176531387063854 ], [ -83.021114, 37.178075 ] ] ], [ [ [ -83.005618900000016, 37.191385899999979 ], [ -83.0068238, 37.1890368 ], [ -83.009469022055086, 37.187927355483019 ], [ -83.009381, 37.189536 ], [ -83.005618900000016, 37.191385899999979 ] ] ] ] } },
{ "type": "Feature", "properties": { "state_po": "KY", "county_geoid": "21123", "pwsid": "KY0900312", "pws_name": "NEW HAVEN MUNICIPAL WATER WORKS", "population_served_count": 1357, "model_method": "", "verification_status": "", "symbology_field": "System Sourced", "intersection_area_sq_km": 0.32729629871268978 }, "geometry": { "type": "MultiPolygon", "coordinates": [ [ [ [ -85.589162223076173, 37.643470121386159 ], [ -85.586466, 37.644706 ], [ -85.584694028878218, 37.644454815919332 ], [ -85.589162223076173, 37.643470121386159 ] ] ], [ [ [ -85.597440333571285, 37.653338145814416 ], [ -85.594923, 37.65441 ], [ -85.5964555, 37.6521095 ], [ -85.597440333571285, 37.653338145814416 ] ] ], [ [ [ -85.601902, 37.655446 ], [ -85.6029796, 37.656595599999974 ], [ -85.5991396, 37.6612625 ], [ -85.59615, 37.65904 ], [ -85.600472, 37.657894 ], [ -85.601902, 37.655446 ] ] ], [ [ [ -85.592453379637547, 37.668254849229065 ], [ -85.597579900000014, 37.6631578 ], [ -85.5960839, 37.668587200000033 ], [ -85.592453379637547, 37.668254849229065 ] ] ] ] } },
{ "type": "Feature", "properties": { "state_po": "KY", "county_geoid": "21115", "pwsid": "KY0770566", "pws_name": "SALYERSVILLE MUNICIPAL WATER", "population_served_count": 3029, "model_method": "", "verification_status": "", "symbology_field": "System Sourced", "intersection_area_sq_km": 0.30269989740224329 }, "geometry": { "type": "Polygon", "coordinates": [ [ [ -82.971059, 37.8049212 ], [ -82.9616999, 37.8043558 ], [ -82.9596668, 37.8021181 ], [ -82.96019993207905, 37.799427686804123 ], [ -82.971059, 37.8049212 ] ] ] } },
{ "type": "Feature", "properties": { "state_po": "KY", "county_geoid": "21109", "pwsid": "KY0550784", "pws_name": "MCKEE WATER WORKS", "population_served_count": 1331, "model_method": "", "verification_status": "", "symbology_field": "System Sourced", "intersection_area_sq_km": 17.568455217196764 }, "geometry": { "type": "Polygon", "coordinates": [ [ [ -84.0026691, 37.410341300000013 ], [ -84.0084015, 37.411297399999988 ], [ -84.0129476, 37.4156912 ], [ -84.0121755, 37.419033100000021 ], [ -84.007945600000014, 37.420929900000012 ], [ -84.003962199999989, 37.4206619 ], [ -84.0018086, 37.4180035 ], [ -83.999935, 37.419953100000043 ], [ -84.0089006, 37.422869800000036 ], [ -84.0109179, 37.425921799999976 ], [ -84.0171707, 37.429017699999974 ], [ -84.0173581, 37.432202500000052 ], [ -84.013790899999989, 37.434821699999986 ], [ -84.0172399, 37.439756499999987 ], [ -84.0172833, 37.445938399999967 ], [ -84.0138296, 37.448264099999989 ], [ -84.0095766, 37.4470422 ], [ -84.004912800000014, 37.43346260000002 ], [ -84.0036118, 37.433609199999985 ], [ -83.9999942, 37.442711900000027 ], [ -83.9828997, 37.455682099999983 ], [ -83.9826067, 37.458486800000038 ], [ -83.9796774, 37.46033020000003 ], [ -83.975333, 37.459331400000018 ], [ -83.9733029, 37.454901299999975 ], [ -83.9751043, 37.4509774 ], [ -83.9865353, 37.442422499999985 ], [ -83.9815298, 37.4408948 ], [ -83.9810728, 37.436032700000034 ], [ -83.9703948, 37.4354466 ], [ -83.9686992, 37.4327966 ], [ -83.9701797, 37.429955500000034 ], [ -83.9680612, 37.428255 ], [ -83.957451, 37.4276411 ], [ -83.9494239, 37.4251171 ], [ -83.938105299999989, 37.427194599999979 ], [ -83.934379, 37.424482399999974 ], [ -83.9358531, 37.420861899999977 ], [ -83.9412735, 37.419769499999987 ], [ -83.9396431, 37.416106 ], [ -83.9434323, 37.4119821 ], [ -83.9493331, 37.4144038 ], [ -83.950105800000017, 37.411888 ], [ -83.9530177, 37.410399900000016 ], [ -83.9561479, 37.4108617 ], [ -83.9596996, 37.413852900000037 ], [ -83.9657744, 37.4121478 ], [ -83.9761997, 37.4190905 ], [ -83.9787547, 37.4226606 ], [ -83.987459199999989, 37.4234937 ], [ -83.9896277, 37.4183953 ], [ -83.9948333, 37.412988899999952 ], [ -84.0026691, 37.410341300000013 ] ], [ [ -83.9934183, 37.43486589999997 ], [ -83.9906711, 37.434649 ], [ -83.9912261, 37.437380900000051 ], [ -83.9934183, 37.43486589999997 ] ] ] } },
{ "type": "Feature", "properties": { "state_po": "KY", "county_geoid": "21109", "pwsid": "KY1020288", "pws_name": "KENTUCKY AMERICAN WATER - EASTERN ROCKCA", "population_served_count": 1732, "model_method": "", "verification_status": "", "symbology_field": "System Sourced", "intersection_area_sq_km": 10.995023651639942 }, "geometry": { "type": "Polygon", "coordinates": [ [ [ -84.2038128, 37.501911300000039 ], [ -84.1977434, 37.5016527 ], [ -84.1952752, 37.4987121 ], [ -84.1891787, 37.497697600000016 ], [ -84.1822699, 37.49215149999997 ], [ -84.1822203, 37.488687899999967 ], [ -84.1849877, 37.486691 ], [ -84.1953907, 37.4875756 ], [ -84.198787400000015, 37.490074 ], [ -84.1995566, 37.4881102 ], [ -84.1918391, 37.478723199999976 ], [ -84.1842073, 37.4593008 ], [ -84.1786348, 37.455943699999985 ], [ -84.1779178, 37.452495 ], [ -84.1796629, 37.4481353 ], [ -84.1712942, 37.443155 ], [ -84.1708735, 37.43992039999997 ], [ -84.1683374, 37.4382485 ], [ -84.1676681, 37.434273400000045 ], [ -84.1645904, 37.431132700000049 ], [ -84.1648846, 37.4272687 ], [ -84.15924, 37.42365 ], [ -84.1515889, 37.429248599999958 ], [ -84.1415607, 37.4329416 ], [ -84.1378548, 37.432598899999952 ], [ -84.1351059, 37.429719100000028 ], [ -84.137062899999989, 37.425386 ], [ -84.1462034, 37.423399299999986 ], [ -84.1547138, 37.417148500000025 ], [ -84.158887299999989, 37.4094899 ], [ -84.1592853, 37.407446900000018 ], [ -84.1521969, 37.402814 ], [ -84.1509285, 37.400247699999987 ], [ -84.154932699999989, 37.3967284 ], [ -84.1619244, 37.399462 ], [ -84.164778, 37.3959928 ], [ -84.1643055, 37.388744400000029 ], [ -84.1593759, 37.3874324 ], [ -84.1571625, 37.3851125 ], [ -84.159684290793109, 37.378416089996627 ], [ -84.163126, 37.381216 ], [ -84.166617, 37.381106 ], [ -84.166588, 37.383431 ], [ -84.169481, 37.385406 ], [ -84.16967, 37.393603 ], [ -84.159285, 37.417369 ], [ -84.169547, 37.426225 ], [ -84.168942, 37.429849 ], [ -84.17544, 37.436175 ], [ -84.17691, 37.440127 ], [ -84.17533, 37.440887 ], [ -84.183043, 37.445426 ], [ -84.184375, 37.448089 ], [ -84.18293, 37.454862 ], [ -84.189256, 37.456842 ], [ -84.188759, 37.459684 ], [ -84.190767, 37.464954 ], [ -84.193019, 37.46638 ], [ -84.196198, 37.477696 ], [ -84.203552, 37.486177 ], [ -84.204057, 37.490437 ], [ -84.200161, 37.495711 ], [ -84.203609, 37.498796 ], [ -84.2038128, 37.501911300000039 ] ] ] } },
{ "type": "Feature", "properties": { "state_po": "KY", "county_geoid": "21175", "pwsid": "KY0831010", "pws_name": "CAVE RUN REGIONAL WT COMM", "population_served_count": 25, "model_method": "Random Forest", "verification_status": "", "symbology_field": "Modeled", "intersection_area_sq_km": 0.25079921582990411 }, "geometry": { "type": "Polygon", "coordinates": [ [ [ -83.4827377, 37.903893 ], [ -83.4813337, 37.901008 ], [ -83.4823381, 37.89859689999998 ], [ -83.4853942, 37.897276 ], [ -83.488676219082777, 37.898001888093233 ], [ -83.4827377, 37.903893 ] ] ] } },
{ "type": "Feature", "properties": { "state_po": "KY", "county_geoid": "21175", "pwsid": "KY0880452", "pws_name": "WEST LIBERTY WATER COMPANY", "population_served_count": 2367, "model_method": "", "verification_status": "", "symbology_field": "System Sourced", "intersection_area_sq_km": 32.70272051067009 }, "geometry": { "type": "Polygon", "coordinates": [ [ [ -83.3962938, 38.041014400000016 ], [ -83.394050299999989, 38.0361796 ], [ -83.3906891, 38.037709899999982 ], [ -83.3849523, 38.036525800000021 ], [ -83.3765697, 38.038320200000015 ], [ -83.3696208, 38.033535899999961 ], [ -83.3579107, 38.01607 ], [ -83.355199399999989, 38.002297100000028 ], [ -83.3491226, 37.98857540000003 ], [ -83.3373737, 37.985147199999957 ], [ -83.3232835, 37.984918499999914 ], [ -83.3070206, 37.9752251 ], [ -83.3002834, 37.972792 ], [ -83.2918913, 37.965349 ], [ -83.2934599, 37.958352399999946 ], [ -83.288024, 37.950422200000013 ], [ -83.2696941, 37.9418358 ], [ -83.2643913, 37.9416592 ], [ -83.2615533, 37.938663699999942 ], [ -83.2548332, 37.935627299999979 ], [ -83.2528469, 37.932064 ], [ -83.2497982, 37.932663 ], [ -83.249495, 37.936860399999972 ], [ -83.2454943, 37.938578100000029 ], [ -83.2423134, 37.937454399999979 ], [ -83.2375155, 37.932157499999967 ], [ -83.2325138, 37.9341147 ], [ -83.2267083, 37.9316778 ], [ -83.226532, 37.926181900000017 ], [ -83.2294787, 37.924711900000013 ], [ -83.232982, 37.925381399999956 ], [ -83.2373745, 37.920458900000014 ], [ -83.2343432, 37.9164307 ], [ -83.2359211, 37.913050299999959 ], [ -83.2469734, 37.912694200000018 ], [ -83.2515543, 37.9078788 ], [ -83.2636925, 37.908489700000018 ], [ -83.2606168, 37.9048663 ], [ -83.2619706, 37.901642099999982 ], [ -83.2655183, 37.90066880000002 ], [ -83.2701435, 37.902211599999966 ], [ -83.2731811, 37.901042 ], [ -83.2750703, 37.899077199999972 ], [ -83.2707567, 37.89283869999997 ], [ -83.2728758, 37.889649699999985 ], [ -83.2765943, 37.889243200000024 ], [ -83.2795636, 37.891307800000028 ], [ -83.2818499, 37.889445199999948 ], [ -83.2850456, 37.8892632 ], [ -83.2925912, 37.89446970000003 ], [ -83.2939914, 37.900192799999985 ], [ -83.2887095, 37.903563200000015 ], [ -83.2882519, 37.9103466 ], [ -83.2828208, 37.9123752 ], [ -83.2801929, 37.917250899999985 ], [ -83.2767277, 37.9185838 ], [ -83.2782531, 37.921204799999977 ], [ -83.2833337, 37.9232662 ], [ -83.2847509, 37.926342299999973 ], [ -83.2828778, 37.929399200000034 ], [ -83.2777941, 37.9303335 ], [ -83.280239, 37.936998699999975 ], [ -83.2939863, 37.9449653 ], [ -83.2996366, 37.950679599999958 ], [ -83.3025933, 37.9576827 ], [ -83.3009902, 37.962632599999985 ], [ -83.3053666, 37.966799200000025 ], [ -83.3121268, 37.969249599999976 ], [ -83.3266378, 37.978055099999985 ], [ -83.3404493, 37.978184400000025 ], [ -83.3565144, 37.9837554 ], [ -83.3640595, 38.000409600000012 ], [ -83.3664047, 38.0133971 ], [ -83.3783568, 38.030786299999967 ], [ -83.3949415, 38.027530200000022 ], [ -83.3995118, 38.028302 ], [ -83.4026921, 38.031055699999968 ], [ -83.4047409, 38.041385399999989 ], [ -83.401982, 38.038914 ], [ -83.398662, 38.038875 ], [ -83.3962938, 38.041014400000016 ] ] ] } },
{ "type": "Feature", "properties": { "state_po": "KY", "county_geoid": "21011", "pwsid": "KY0060338", "pws_name": "OWINGSVILLE WATER WORKS", "population_served_count": 2307, "model_method": "", "verification_status": "", "symbology_field": "System Sourced", "intersection_area_sq_km": 25.91175579261882 }, "geometry": { "type": "Polygon", "coordinates": [ [ [ -83.8463293, 38.165105200000035 ], [ -83.8629927, 38.169671799999946 ], [ -83.864427, 38.1728753 ], [ -83.8624717, 38.1799252 ], [ -83.8547612, 38.18324470000001 ], [ -83.8509538, 38.180313 ], [ -83.8528039, 38.17493379999997 ], [ -83.8478199, 38.172890299999985 ], [ -83.844579, 38.174761499999967 ], [ -83.8407004, 38.173873600000022 ], [ -83.8370536, 38.1645884 ], [ -83.8323448, 38.1610853 ], [ -83.8284506, 38.16072980000002 ], [ -83.820329500000014, 38.1635281 ], [ -83.8125042, 38.164273299999984 ], [ -83.8088357, 38.161857 ], [ -83.8090642, 38.15846650000001 ], [ -83.7989797, 38.158544100000015 ], [ -83.7855522, 38.1562687 ], [ -83.7770498, 38.14687720000002 ], [ -83.774143, 38.149749 ], [ -83.765771, 38.150347900000035 ], [ -83.762047, 38.154045700000019 ], [ -83.751789500000015, 38.152383199999981 ], [ -83.7495961, 38.149460100000034 ], [ -83.7513405, 38.146467200000053 ], [ -83.746532800000011, 38.143693600000013 ], [ -83.7462031, 38.14030589999998 ], [ -83.7501798, 38.138155700000013 ], [ -83.7575227, 38.140944 ], [ -83.7587096, 38.140168600000024 ], [ -83.755772, 38.1349693 ], [ -83.7517543, 38.132580099999956 ], [ -83.747297, 38.1336115 ], [ -83.7482139, 38.13637809999998 ], [ -83.7464032, 38.1387368 ], [ -83.7427175, 38.1393499 ], [ -83.7387703, 38.13736890000002 ], [ -83.7337784, 38.139845 ], [ -83.7292026, 38.1449902 ], [ -83.7245362, 38.1441436 ], [ -83.7232376, 38.140478200000025 ], [ -83.7269272, 38.134354 ], [ -83.7376786, 38.129336500000036 ], [ -83.7395961, 38.123593 ], [ -83.7422227, 38.121151699999963 ], [ -83.7483493, 38.121131699999943 ], [ -83.7516201, 38.124759400000023 ], [ -83.757176199999989, 38.124141700000045 ], [ -83.761953, 38.128898899999967 ], [ -83.7697214, 38.11964539999996 ], [ -83.7847301, 38.119723100000044 ], [ -83.7878067, 38.122097499999974 ], [ -83.7871937, 38.125254599999963 ], [ -83.7842502, 38.1267384 ], [ -83.7757822, 38.127113399999956 ], [ -83.7759581, 38.12990210000001 ], [ -83.7731227, 38.132713899999978 ], [ -83.7777582, 38.1328658 ], [ -83.7806786, 38.134509400000013 ], [ -83.7814985, 38.1402241 ], [ -83.7967562, 38.137412899999987 ], [ -83.8021823, 38.1393587 ], [ -83.809511, 38.139015300000025 ], [ -83.8212467, 38.142323 ], [ -83.8274185, 38.142422199999977 ], [ -83.8324712, 38.1394433 ], [ -83.8465544, 38.13742670000002 ], [ -83.8499087, 38.1381948 ], [ -83.851616299999989, 38.140846299999978 ], [ -83.849996, 38.143766100000029 ], [ -83.8443857, 38.1460446 ], [ -83.8356754, 38.146425800000053 ], [ -83.8324231, 38.1509804 ], [ -83.8289225, 38.152306799999963 ], [ -83.8294101, 38.153530900000042 ], [ -83.8374478, 38.1547289 ], [ -83.8442522, 38.1587832 ], [ -83.8463293, 38.165105200000035 ] ], [ [ -83.7723561, 38.1329559 ], [ -83.7705719, 38.133084500000038 ], [ -83.7692814, 38.134760500000027 ], [ -83.7699831, 38.134704300000045 ], [ -83.7723561, 38.1329559 ] ], [ [ -83.7957838, 38.144707800000027 ], [ -83.7885746, 38.1455105 ], [ -83.7918861, 38.150176800000011 ], [ -83.8094398, 38.151753 ], [ -83.8119574, 38.1539659 ], [ -83.811512, 38.1569172 ], [ -83.8206745, 38.155629 ], [ -83.8198478, 38.1533628 ], [ -83.8164275, 38.154038900000018 ], [ -83.8125973, 38.152393100000026 ], [ -83.8066942, 38.146275299999964 ], [ -83.800248, 38.146444 ], [ -83.7957838, 38.144707800000027 ] ] ] } },
{ "type": "Feature", "properties": { "state_po": "KY", "county_geoid": "21061", "pwsid": "KY0050344", "pws_name": "CAVELAND ENVIRONMENTAL AUTHORITY, INC.", "population_served_count": 3264, "model_method": "", "verification_status": "", "symbology_field": "System Sourced", "intersection_area_sq_km": 0.92008952547745315 }, "geometry": { "type": "MultiPolygon", "coordinates": [ [ [ [ -86.068899788080401, 37.087804423856127 ], [ -86.0710757, 37.091621200000027 ], [ -86.067874443637805, 37.094399757755298 ], [ -86.068899788080401, 37.087804423856127 ] ] ], [ [ [ -86.067626, 37.10043990000004 ], [ -86.072236300000014, 37.101116499999989 ], [ -86.0737575, 37.1045758 ], [ -86.0717781, 37.106945699999969 ], [ -86.065639020373325, 37.108774563669449 ], [ -86.067626, 37.10043990000004 ] ] ], [ [ [ -86.066131700000014, 37.1124982 ], [ -86.0688079, 37.1142735 ], [ -86.0692691, 37.117007200000053 ], [ -86.067431, 37.119076200000052 ], [ -86.063934003006651, 37.11973027666042 ], [ -86.065632831534103, 37.108814352910215 ], [ -86.066131700000014, 37.1124982 ] ] ] ] } },
{ "type": "Feature", "properties": { "state_po": "KY", "county_geoid": "21061", "pwsid": "KY0310706", "pws_name": "BROWNSVILLE MUNICIPAL WATER SYSTEM", "population_served_count": 1441, "model_method": "", "verification_status": "", "symbology_field": "System Sourced", "intersection_area_sq_km": 5.6951399161040719 }, "geometry": { "type": "Polygon", "coordinates": [ [ [ -86.2569915, 37.185955799999981 ], [ -86.2612275, 37.186775299999987 ], [ -86.266850300000016, 37.181049400000028 ], [ -86.272096, 37.181163399999988 ], [ -86.2737869, 37.183312200000024 ], [ -86.2734491, 37.1874349 ], [ -86.2774, 37.190071 ], [ -86.2772601, 37.19799639999998 ], [ -86.271317, 37.1998448 ], [ -86.2597472, 37.1988607 ], [ -86.2561673, 37.195947499999932 ], [ -86.2496298, 37.1969727 ], [ -86.2461522, 37.193730500000044 ], [ -86.2363189, 37.1934792 ], [ -86.2331167, 37.190943799999971 ], [ -86.2342602, 37.1874576 ], [ -86.243778600000013, 37.184708699999987 ], [ -86.2454898, 37.180763900000024 ], [ -86.2480595, 37.179273899999977 ], [ -86.2524167, 37.180188099999967 ], [ -86.2569915, 37.185955799999981 ] ] ] } },
{ "type": "Feature", "properties": { "state_po": "KY", "county_geoid": "21165", "pwsid": "KY0831010", "pws_name": "CAVE RUN REGIONAL WT COMM", "population_served_count": 25, "model_method": "Random Forest", "verification_status": "", "symbology_field": "Modeled", "intersection_area_sq_km": 39.236360614923058 }, "geometry": { "type": "Polygon", "coordinates": [ [ [ -83.4887899, 37.8980698 ], [ -83.491485, 37.9015018 ], [ -83.4979743, 37.902885899999958 ], [ -83.5006105, 37.909788399999982 ], [ -83.5070463, 37.911994900000018 ], [ -83.5122416, 37.910612899999983 ], [ -83.5158291, 37.9121168 ], [ -83.5300904, 37.907395200000011 ], [ -83.5382035, 37.912148699999989 ], [ -83.5450672, 37.909979 ], [ -83.555620300000015, 37.91154 ], [ -83.5768002, 37.9110854 ], [ -83.5801288, 37.914274400000018 ], [ -83.584109, 37.915212299999965 ], [ -83.5881001, 37.919389800000047 ], [ -83.591991, 37.9202813 ], [ -83.5953165, 37.925988499999981 ], [ -83.6031994, 37.931393600000014 ], [ -83.6061329, 37.92997519999998 ], [ -83.6134444, 37.9308892 ], [ -83.6181053, 37.9295543 ], [ -83.6231714, 37.931372 ], [ -83.6260661, 37.934838499999984 ], [ -83.6243313, 37.94184880000001 ], [ -83.628924700000013, 37.947797 ], [ -83.6321628, 37.946009399999987 ], [ -83.6365624, 37.9458815 ], [ -83.6487715, 37.949175900000036 ], [ -83.6540749, 37.95278079999995 ], [ -83.6609575, 37.952621100000016 ], [ -83.6755245, 37.95706509999998 ], [ -83.6792292, 37.953809900000039 ], [ -83.683340300000012, 37.9526805 ], [ -83.6960275, 37.95553509999997 ], [ -83.7064052, 37.9535463 ], [ -83.7193807, 37.95365390000002 ], [ -83.7327876, 37.9517285 ], [ -83.7416075, 37.9457728 ], [ -83.7462414, 37.9444383 ], [ -83.7738173, 37.946042899999952 ], [ -83.774164932449466, 37.952859554146102 ], [ -83.74694550000001, 37.951677 ], [ -83.7349643, 37.9587308 ], [ -83.7201588, 37.960842699999972 ], [ -83.7077205, 37.960681900000012 ], [ -83.6971367, 37.962802599999982 ], [ -83.6863067, 37.960662399999983 ], [ -83.6833054, 37.9631451 ], [ -83.6740176, 37.964255100000038 ], [ -83.658259300000012, 37.959559499999976 ], [ -83.6512825, 37.959811 ], [ -83.6445083, 37.9555557 ], [ -83.6350185, 37.95315429999998 ], [ -83.6298448, 37.955209199999977 ], [ -83.6229938, 37.954476299999989 ], [ -83.6156881, 37.944322699999972 ], [ -83.6153351, 37.938077 ], [ -83.6094284, 37.9376552 ], [ -83.6045528, 37.9401633 ], [ -83.5987344, 37.9392657 ], [ -83.5950624, 37.934874 ], [ -83.5874239, 37.9307726 ], [ -83.5856309, 37.926837 ], [ -83.5727433, 37.918713200000056 ], [ -83.5553304, 37.918905799999948 ], [ -83.5452963, 37.917198599999978 ], [ -83.5381428, 37.919555699999961 ], [ -83.5248597, 37.916426899999969 ], [ -83.5169708, 37.920073 ], [ -83.5105852, 37.9190611 ], [ -83.5047422, 37.920053099999933 ], [ -83.4903252, 37.933095099999981 ], [ -83.485261100000017, 37.934891599999979 ], [ -83.4830114, 37.943827399999989 ], [ -83.4777828, 37.947192200000025 ], [ -83.4763776, 37.950302500000021 ], [ -83.4681297, 37.951912299999989 ], [ -83.4715054, 37.955331099999967 ], [ -83.4726708, 37.9611518 ], [ -83.4782222, 37.965540700000027 ], [ -83.4759623, 37.972335899999976 ], [ -83.4759675, 37.980396 ], [ -83.4810502, 37.9857916 ], [ -83.4813191, 37.9886908 ], [ -83.4797679, 37.991794699999964 ], [ -83.4738744, 37.995997700000018 ], [ -83.4662204, 37.9977398 ], [ -83.4619556, 37.996647899999964 ], [ -83.4520154, 38.0005782 ], [ -83.4486082, 38.019230199999988 ], [ -83.450958194061229, 38.019403940564032 ], [ -83.451287103596343, 38.02618359449292 ], [ -83.447822, 38.0278857 ], [ -83.442913, 38.02759559999997 ], [ -83.4400658, 38.0256521 ], [ -83.4392199, 38.020907199999968 ], [ -83.4436239, 37.997518 ], [ -83.4545716, 37.991040799999979 ], [ -83.462564, 37.9890022 ], [ -83.467106199999989, 37.989981199999953 ], [ -83.4701597, 37.988096500000033 ], [ -83.4664017, 37.9814875 ], [ -83.466457, 37.972915099999973 ], [ -83.4688554, 37.9678244 ], [ -83.4644611, 37.964888300000013 ], [ -83.4628585, 37.958727300000014 ], [ -83.4565396, 37.956412900000025 ], [ -83.456625699999989, 37.9487559 ], [ -83.459034, 37.946389100000019 ], [ -83.4694152, 37.943516199999983 ], [ -83.4757755, 37.935350799999981 ], [ -83.4762542, 37.930548600000016 ], [ -83.484058, 37.9275648 ], [ -83.4856731, 37.9237265 ], [ -83.4951022, 37.918493800000029 ], [ -83.4960203, 37.9161324 ], [ -83.4891992, 37.908541699999972 ], [ -83.4843119, 37.906796 ], [ -83.482765089672554, 37.903931947984447 ], [ -83.4887899, 37.8980698 ] ] ] } },
{ "type": "Feature", "properties": { "state_po": "KY", "county_geoid": "21147", "pwsid": "KY1183728", "pws_name": "WHITLEY CO. WATER DISTRICT 92 WEST", "population_served_count": 321, "model_method": "", "verification_status": "", "symbology_field": "System Sourced", "intersection_area_sq_km": 2.8161143807798554 }, "geometry": { "type": "MultiPolygon", "coordinates": [ [ [ [ -84.235080599999989, 36.6061357 ], [ -84.2384978, 36.6059999 ], [ -84.2477026, 36.609658500000016 ], [ -84.2501831, 36.6125067 ], [ -84.2490983, 36.615572499999985 ], [ -84.245858701017838, 36.616754456739898 ], [ -84.239598, 36.613354 ], [ -84.236742, 36.606693 ], [ -84.235080599999989, 36.6061357 ] ] ], [ [ [ -84.2704808, 36.632669899999975 ], [ -84.2822928, 36.623881699999984 ], [ -84.2903399, 36.6237193 ], [ -84.2939044, 36.626018199999983 ], [ -84.2926425, 36.6300917 ], [ -84.2855163, 36.6307858 ], [ -84.2807364, 36.6366304 ], [ -84.276251709488648, 36.638437011703402 ], [ -84.2704808, 36.632669899999975 ] ] ], [ [ [ -84.302182545161202, 36.668855551242075 ], [ -84.3076818, 36.671925400000013 ], [ -84.306974138628917, 36.675870804524656 ], [ -84.302182545161202, 36.668855551242075 ] ] ] ] } },
{ "type": "Feature", "properties": { "state_po": "KY", "county_geoid": "21135", "pwsid": "OH0100112", "pws_name": "MANCHESTER VILLAGE", "population_served_count": 2043, "model_method": "Decision Tree", "verification_status": "", "symbology_field": "Modeled", "intersection_area_sq_km": 0.060856467988567135 }, "geometry": { "type": "MultiPolygon", "coordinates": [ [ [ [ -83.616360918461922, 38.683172551449893 ], [ -83.622647300000011, 38.680331500000023 ], [ -83.6266353, 38.678279500000016 ], [ -83.626670731501548, 38.679477078811708 ], [ -83.616360918461922, 38.683172551449893 ] ] ], [ [ [ -83.614136, 38.68397 ], [ -83.613952972807738, 38.684007873063386 ], [ -83.614327118764322, 38.683901502044399 ], [ -83.614136, 38.68397 ] ] ], [ [ [ -83.601806301044391, 38.684001878440121 ], [ -83.6043183, 38.684657500000043 ], [ -83.609769517601478, 38.684873453655548 ], [ -83.60491, 38.684848 ], [ -83.601806301044391, 38.684001878440121 ] ] ], [ [ [ -83.5943823, 38.687697499999956 ], [ -83.595758138436864, 38.687143776568234 ], [ -83.594181903525694, 38.687815590919726 ], [ -83.5943823, 38.687697499999956 ] ] ], [ [ [ -83.591912, 38.688783 ], [ -83.5917413, 38.68881250000004 ], [ -83.592014238322179, 38.68873942854529 ], [ -83.591912, 38.688783 ] ] ] ] } },
{ "type": "Feature", "properties": { "state_po": "KY", "county_geoid": "21135", "pwsid": "KY0351008", "pws_name": "GREATER FLEMING CO WT COMM", "population_served_count": 25, "model_method": "", "verification_status": "", "symbology_field": "System Sourced", "intersection_area_sq_km": 2.3626360229295464 }, "geometry": { "type": "Polygon", "coordinates": [ [ [ -83.633817374098584, 38.625129671742727 ], [ -83.6419832, 38.6370651 ], [ -83.6416843, 38.6406715 ], [ -83.6359191, 38.650827900000017 ], [ -83.6303701, 38.65184779999997 ], [ -83.6276258, 38.648920800000013 ], [ -83.6295198, 38.642209699999981 ], [ -83.628009, 38.638078200000017 ], [ -83.6310952, 38.632011600000013 ], [ -83.6311267, 38.628012399999953 ], [ -83.633817374098584, 38.625129671742727 ] ] ] } },
{ "type": "Feature", "properties": { "state_po": "KY", "county_geoid": "21135", "pwsid": "KY0680153", "pws_name": "GARRISON QUINCY HEIGHTS WATER DISTRICT", "population_served_count": 2908, "model_method": "", "verification_status": "", "symbology_field": "System Sourced", "intersection_area_sq_km": 73.309820138007026 }, "geometry": { "type": "Polygon", "coordinates": [ [ [ -83.0906695, 38.579227899999985 ], [ -83.0971584, 38.582102500000033 ], [ -83.1026106, 38.595651300000029 ], [ -83.1097511, 38.594891400000051 ], [ -83.1118948, 38.5967926 ], [ -83.1113081, 38.6009835 ], [ -83.1131987, 38.602506200000015 ], [ -83.1172925, 38.601322399999965 ], [ -83.1206995, 38.602625800000034 ], [ -83.1216399, 38.6057267 ], [ -83.119293, 38.608173299999969 ], [ -83.1256892, 38.614278800000051 ], [ -83.131033, 38.614943500000038 ], [ -83.134335100000015, 38.612550500000019 ], [ -83.1418257, 38.6133605 ], [ -83.1449869, 38.6120935 ], [ -83.1434379, 38.6071536 ], [ -83.1374259, 38.603159399999988 ], [ -83.1365063, 38.599635800000023 ], [ -83.1241488, 38.592498299999967 ], [ -83.118724899999989, 38.583189599999983 ], [ -83.1059988, 38.580049699999982 ], [ -83.102527, 38.5747727 ], [ -83.1030412, 38.569226700000044 ], [ -83.10706, 38.567098499999986 ], [ -83.1111174, 38.56878310000004 ], [ -83.1119936, 38.5734758 ], [ -83.117199, 38.5746978 ], [ -83.1173142, 38.568851399999978 ], [ -83.1112247, 38.565544500000037 ], [ -83.109991, 38.562732300000029 ], [ -83.1140901, 38.559485 ], [ -83.1201565, 38.561753099999954 ], [ -83.1159195, 38.543877 ], [ -83.117484100000013, 38.539844699999975 ], [ -83.121770700000013, 38.53856 ], [ -83.1254284, 38.541056199999964 ], [ -83.1282721, 38.5534858 ], [ -83.136482, 38.548301899999956 ], [ -83.1402602, 38.548093399999956 ], [ -83.1427008, 38.549758099999984 ], [ -83.1431698, 38.552404400000015 ], [ -83.1374678, 38.556663900000046 ], [ -83.1435952, 38.5557617 ], [ -83.1468084, 38.558610899999984 ], [ -83.1447263, 38.562265800000048 ], [ -83.12699640000001, 38.5680812 ], [ -83.1259682, 38.578743800000019 ], [ -83.131782199999989, 38.587997600000051 ], [ -83.140388, 38.592516199999984 ], [ -83.1496986, 38.581496300000019 ], [ -83.1505268, 38.574929399999952 ], [ -83.1545644, 38.573215200000014 ], [ -83.1586085, 38.575313900000019 ], [ -83.159410400000013, 38.5816 ], [ -83.1541315, 38.590862299999976 ], [ -83.14611, 38.5982558 ], [ -83.148674, 38.600643 ], [ -83.1534999, 38.5992024 ], [ -83.1592368, 38.6006464 ], [ -83.1621347, 38.59783340000002 ], [ -83.1672651, 38.5980918 ], [ -83.1729786, 38.593301099999941 ], [ -83.1699071, 38.587266300000017 ], [ -83.171376900000013, 38.582495300000033 ], [ -83.173929, 38.580599700000015 ], [ -83.1792446, 38.581724200000018 ], [ -83.1796783, 38.586992600000016 ], [ -83.1822185, 38.590721400000014 ], [ -83.1838521, 38.5902926 ], [ -83.1855833, 38.582373100000062 ], [ -83.1805725, 38.576891699999976 ], [ -83.1858906, 38.571792800000019 ], [ -83.183827, 38.5655695 ], [ -83.1649665, 38.551396699999984 ], [ -83.1590689, 38.560778299999988 ], [ -83.154781900000017, 38.5612384 ], [ -83.1519131, 38.55869520000001 ], [ -83.1553362, 38.5487209 ], [ -83.1514337, 38.547116900000049 ], [ -83.1507531, 38.543974499999962 ], [ -83.1537969, 38.54156050000001 ], [ -83.1588859, 38.541865300000033 ], [ -83.1575831, 38.538197 ], [ -83.1503897, 38.5370364 ], [ -83.1485709, 38.533295899999963 ], [ -83.1514069, 38.530730799999986 ], [ -83.157106, 38.5308798 ], [ -83.1580276, 38.5275671 ], [ -83.162015, 38.526251400000021 ], [ -83.1660242, 38.5288031 ], [ -83.166158400000015, 38.535414599999982 ], [ -83.1694398, 38.5397478 ], [ -83.1704588, 38.545531300000043 ], [ -83.1799013, 38.5529881 ], [ -83.1859723, 38.544663199999981 ], [ -83.1893881, 38.544022799999979 ], [ -83.1923801, 38.54546679999995 ], [ -83.1930626, 38.548609 ], [ -83.188092, 38.556273399999967 ], [ -83.1930584, 38.559308299999969 ], [ -83.1953385, 38.558025500000042 ], [ -83.1982243, 38.550921400000014 ], [ -83.2030954, 38.549738400000088 ], [ -83.2063728, 38.553054799999984 ], [ -83.2036375, 38.5612093 ], [ -83.2115148, 38.560926799999983 ], [ -83.2173662, 38.5645617 ], [ -83.225404700000013, 38.559641199999966 ], [ -83.2209142, 38.552676199999965 ], [ -83.2108779, 38.547967400000012 ], [ -83.210403, 38.5443833 ], [ -83.2132366, 38.542409799999959 ], [ -83.2223727, 38.541464900000044 ], [ -83.2272883, 38.541740300000022 ], [ -83.229865, 38.5436141 ], [ -83.2282319, 38.548121199999933 ], [ -83.2315183, 38.5504276 ], [ -83.2345645, 38.557798100000021 ], [ -83.2336192, 38.562987899999982 ], [ -83.2199066, 38.5725646 ], [ -83.2136041, 38.57240240000003 ], [ -83.2093738, 38.5681223 ], [ -83.2058208, 38.568471200000033 ], [ -83.207063, 38.57143820000006 ], [ -83.2134251, 38.5747167 ], [ -83.2151132, 38.580321699999985 ], [ -83.2099036, 38.582366499999985 ], [ -83.2038816, 38.578407500000033 ], [ -83.1962291, 38.581038 ], [ -83.1970667, 38.5844548 ], [ -83.206334, 38.5860786 ], [ -83.2087979, 38.587774200000041 ], [ -83.2123079, 38.585361799999987 ], [ -83.216135799999989, 38.585026199999973 ], [ -83.2197489, 38.586849399999984 ], [ -83.236546, 38.5875791 ], [ -83.2456501, 38.5898301 ], [ -83.2588323, 38.587686400000024 ], [ -83.2625641, 38.5894118 ], [ -83.2636046, 38.592046 ], [ -83.260676, 38.595079300000037 ], [ -83.2457664, 38.5970788 ], [ -83.2354258, 38.594736499999968 ], [ -83.2220146, 38.594150800000016 ], [ -83.2226204, 38.59786619999997 ], [ -83.2189031, 38.5999816 ], [ -83.2101711, 38.596640900000018 ], [ -83.2063578, 38.596551499999975 ], [ -83.2174224, 38.603944500000033 ], [ -83.2227991, 38.605539399999984 ], [ -83.223275, 38.609123300000029 ], [ -83.2198549, 38.611206599999981 ], [ -83.2135596, 38.610602600000057 ], [ -83.1937179, 38.598493 ], [ -83.1856888, 38.601790400000013 ], [ -83.1937408, 38.6027408 ], [ -83.2123195, 38.6105031 ], [ -83.2139041, 38.6141 ], [ -83.2104932, 38.616805800000023 ], [ -83.1973152, 38.613830500000027 ], [ -83.1929688, 38.616511499999966 ], [ -83.1715087, 38.618046599999943 ], [ -83.1617484, 38.611823100000031 ], [ -83.1425218, 38.6225784 ], [ -83.1369843, 38.6236223 ], [ -83.13856, 38.626441299999982 ], [ -83.1368527, 38.629795700000074 ], [ -83.1338096, 38.631793 ], [ -83.1300775, 38.631632499999952 ], [ -83.1299572, 38.637295300000012 ], [ -83.1235596, 38.639364899999983 ], [ -83.110371, 38.655245099999981 ], [ -83.1088564, 38.6611483 ], [ -83.1042776, 38.666134 ], [ -83.1065005, 38.668908300000027 ], [ -83.1053374, 38.671962499999964 ], [ -83.1015384, 38.673098300000063 ], [ -83.0978387, 38.671298500000027 ], [ -83.0891681, 38.6738987 ], [ -83.08519, 38.671657299999985 ], [ -83.085172, 38.6682601 ], [ -83.0919099, 38.6657603 ], [ -83.096685, 38.662062900000031 ], [ -83.0999474, 38.658611900000025 ], [ -83.09959, 38.6547962 ], [ -83.1059818, 38.647398399999986 ], [ -83.0825278, 38.640130200000016 ], [ -83.0805469, 38.63812260000001 ], [ -83.0808771, 38.635376900000011 ], [ -83.0844684, 38.633477799999945 ], [ -83.0919489, 38.635810299999989 ], [ -83.0968726, 38.634201599999933 ], [ -83.1004127, 38.637311100000034 ], [ -83.1099896, 38.640798500000017 ], [ -83.1166991, 38.63446110000006 ], [ -83.0984253, 38.625899499999989 ], [ -83.0912548, 38.624502699999987 ], [ -83.0896567, 38.619887900000016 ], [ -83.084488, 38.621152199999969 ], [ -83.0809254, 38.618877799999957 ], [ -83.0825265, 38.61467430000004 ], [ -83.1037816, 38.605503299999981 ], [ -83.094554, 38.600665100000036 ], [ -83.0898645, 38.5869689 ], [ -83.0860199, 38.584110899999963 ], [ -83.087062, 38.580597 ], [ -83.0906695, 38.579227899999985 ] ], [ [ -83.197137, 38.565765200000016 ], [ -83.1943376, 38.5678406 ], [ -83.1961728, 38.5738008 ], [ -83.1971729, 38.573127099999944 ], [ -83.197137, 38.565765200000016 ] ], [ [ -83.1092277, 38.611438899999946 ], [ -83.0991113, 38.615217900000012 ], [ -83.0955196, 38.618079100000024 ], [ -83.1024691, 38.619417 ], [ -83.1217611, 38.6284459 ], [ -83.1232799, 38.62325610000002 ], [ -83.1092277, 38.611438899999946 ] ] ] } },
{ "type": "Feature", "properties": { "state_po": "KY", "county_geoid": "21027", "pwsid": "KY0140079", "pws_name": "CLOVERPORT WATER & SEWER SYSTEM", "population_served_count": 1560, "model_method": "", "verification_status": "", "symbology_field": "System Sourced", "intersection_area_sq_km": 7.7904992659311851 }, "geometry": { "type": "Polygon", "coordinates": [ [ [ -86.659032, 37.838295599999974 ], [ -86.6570964, 37.834372 ], [ -86.6533923, 37.833860500000036 ], [ -86.6500653, 37.8347408 ], [ -86.6467688, 37.838608299999962 ], [ -86.6352578, 37.840569299999977 ], [ -86.6283873, 37.8433985 ], [ -86.6174836, 37.841014799999975 ], [ -86.6138767, 37.837229300000011 ], [ -86.6149034, 37.829392899999966 ], [ -86.6179371, 37.826621400000015 ], [ -86.6164164, 37.8220889 ], [ -86.6195887, 37.820117900000028 ], [ -86.629531899999989, 37.820233399999942 ], [ -86.6333152, 37.822734900000015 ], [ -86.6376811, 37.821467799999986 ], [ -86.6419927, 37.824307700000034 ], [ -86.6457516, 37.824373 ], [ -86.6483203, 37.827500799999967 ], [ -86.6532401, 37.825882299999989 ], [ -86.663215799999989, 37.827061899999983 ], [ -86.6662928, 37.830095499999977 ], [ -86.666088, 37.835803 ], [ -86.659032, 37.838295599999974 ] ], [ [ -86.6231922, 37.827993 ], [ -86.624358, 37.8330381 ], [ -86.6255795, 37.8332813 ], [ -86.624284, 37.8290225 ], [ -86.6231922, 37.827993 ] ] ] } },
{ "type": "Feature", "properties": { "state_po": "KY", "county_geoid": "21027", "pwsid": "KY0140206", "pws_name": "IRVINGTON WATER SYSTEM", "population_served_count": 1627, "model_method": "", "verification_status": "", "symbology_field": "System Sourced", "intersection_area_sq_km": 11.491716413619741 }, "geometry": { "type": "Polygon", "coordinates": [ [ [ -86.2632462, 37.890216600000031 ], [ -86.269212, 37.8857338 ], [ -86.2734265, 37.885555500000052 ], [ -86.2736642, 37.8818684 ], [ -86.2690045, 37.876950799999946 ], [ -86.2688509, 37.87318369999997 ], [ -86.2654839, 37.870408200000014 ], [ -86.268069, 37.8659505 ], [ -86.2746846, 37.8620263 ], [ -86.2801436, 37.8609735 ], [ -86.2836375, 37.862551799999949 ], [ -86.2856717, 37.867312900000016 ], [ -86.2908996, 37.8658652 ], [ -86.2973607, 37.8665873 ], [ -86.3010179, 37.872562900000013 ], [ -86.3002743, 37.877103399999967 ], [ -86.2950185, 37.880981 ], [ -86.2950155, 37.8841235 ], [ -86.2917939, 37.886085 ], [ -86.3072617, 37.9025707 ], [ -86.3076612, 37.9084652 ], [ -86.3025377, 37.912736200000033 ], [ -86.2982519, 37.912867400000025 ], [ -86.295691, 37.909646799999983 ], [ -86.2984908, 37.905266600000019 ], [ -86.2897183, 37.8961412 ], [ -86.2869, 37.90035920000004 ], [ -86.2837415, 37.9007871 ], [ -86.2809899, 37.899437 ], [ -86.279575388338742, 37.901133629947779 ], [ -86.2632462, 37.890216600000031 ] ] ] } },
{ "type": "Feature", "properties": { "state_po": "KY", "county_geoid": "21027", "pwsid": "KY0460182", "pws_name": "HAWESVILLE WATER WORKS", "population_served_count": 3225, "model_method": "", "verification_status": "", "symbology_field": "System Sourced", "intersection_area_sq_km": 0.90743805937474686 }, "geometry": { "type": "MultiPolygon", "coordinates": [ [ [ [ -86.667874, 37.8274373 ], [ -86.6642555, 37.8258579 ], [ -86.66187, 37.820522300000022 ], [ -86.6627371, 37.817850899999989 ], [ -86.6657313, 37.816448300000047 ], [ -86.670818812409138, 37.818558453908359 ], [ -86.667874, 37.8274373 ] ] ], [ [ [ -86.6569064, 37.840326900000015 ], [ -86.6572271, 37.837632500000012 ], [ -86.6600158, 37.835091800000015 ], [ -86.665833362664188, 37.835905989222155 ], [ -86.6569064, 37.840326900000015 ] ] ] ] } },
{ "type": "Feature", "properties": { "state_po": "KY", "county_geoid": "21159", "pwsid": "WV3303033", "pws_name": "MINGO COUNTY PSD - MARROWBONE", "population_served_count": 292, "model_method": "Random Forest", "verification_status": "", "symbology_field": "Modeled", "intersection_area_sq_km": 0.19041358984358656 }, "geometry": { "type": "MultiPolygon", "coordinates": [ [ [ [ -82.3529958, 37.791643400000027 ], [ -82.3550568, 37.793361400000023 ], [ -82.359923270685329, 37.794114572689388 ], [ -82.356122, 37.793859 ], [ -82.354275, 37.793104 ], [ -82.351419063798119, 37.789975770912683 ], [ -82.3529958, 37.791643400000027 ] ] ], [ [ [ -82.376595900000012, 37.801780399999984 ], [ -82.3691789, 37.801060400000026 ], [ -82.366124900000017, 37.798464399999965 ], [ -82.3646089, 37.795389399999955 ], [ -82.3625989, 37.7942124 ], [ -82.3551668, 37.7932054 ], [ -82.3477698, 37.785479400000028 ], [ -82.3541938, 37.791753400000026 ], [ -82.3631829, 37.79423939999996 ], [ -82.365088899999989, 37.795530399999983 ], [ -82.3680619, 37.799943399999982 ], [ -82.376595900000012, 37.801780399999984 ] ] ], [ [ [ -82.363871215927716, 37.794996838788634 ], [ -82.361136035495548, 37.794203007876241 ], [ -82.3624379, 37.794360400000031 ], [ -82.363871215927716, 37.794996838788634 ] ] ], [ [ [ -82.3647449, 37.79587340000004 ], [ -82.365284213874162, 37.796792707636875 ], [ -82.363901787643883, 37.795018412957667 ], [ -82.3647449, 37.79587340000004 ] ] ], [ [ [ -82.3657609, 37.798185399999973 ], [ -82.3690409, 37.801266399999989 ], [ -82.373153456365714, 37.801893279082819 ], [ -82.369973, 37.801749 ], [ -82.36778, 37.800628 ], [ -82.365557, 37.798318 ], [ -82.365286192109849, 37.796796079665754 ], [ -82.3657609, 37.798185399999973 ] ] ], [ [ [ -82.376176476651565, 37.802038778383832 ], [ -82.3775289, 37.803268400000015 ], [ -82.378127066102508, 37.804329728658146 ], [ -82.376176476651565, 37.802038778383832 ] ] ], [ [ [ -82.378129107401293, 37.804333112690905 ], [ -82.3781749, 37.804736399999982 ], [ -82.378170971464968, 37.804766827040865 ], [ -82.378129107401293, 37.804333112690905 ] ] ], [ [ [ -82.3784791, 37.807958899999988 ], [ -82.378440803524526, 37.807562180903709 ], [ -82.3785629, 37.8079854 ], [ -82.3784791, 37.807958899999988 ] ] ] ] } },
{ "type": "Feature", "properties": { "state_po": "KY", "county_geoid": "21159", "pwsid": "WV3303029", "pws_name": "MINGO COUNTY PSD - NAUGATUCK", "population_served_count": 6348, "model_method": "", "verification_status": "", "symbology_field": "System Sourced", "intersection_area_sq_km": 0.43940634520894251 }, "geometry": { "type": "MultiPolygon", "coordinates": [ [ [ [ -82.330782992233296, 37.74627487624069 ], [ -82.3295717, 37.747765900000054 ], [ -82.328618342722763, 37.7483034603409 ], [ -82.330782992233296, 37.74627487624069 ] ] ], [ [ [ -82.321041383602747, 37.75638028928644 ], [ -82.321415, 37.751269 ], [ -82.323249187036907, 37.750695366979592 ], [ -82.3216712, 37.752406800000031 ], [ -82.321041383602747, 37.75638028928644 ] ] ], [ [ [ -82.311381800501962, 37.763485960026017 ], [ -82.311268, 37.761331 ], [ -82.314895451135612, 37.760464104503136 ], [ -82.311381800501962, 37.763485960026017 ] ] ], [ [ [ -82.3262631, 37.761834700000044 ], [ -82.3298917, 37.761957200000012 ], [ -82.332558986029341, 37.764089395412796 ], [ -82.327356, 37.762233 ], [ -82.315197, 37.765524 ], [ -82.312363, 37.764774 ], [ -82.311933251876368, 37.764209867679838 ], [ -82.317365099999989, 37.7644957 ], [ -82.3262631, 37.761834700000044 ] ] ], [ [ [ -82.3237051, 37.773400599999974 ], [ -82.32568, 37.775395100000019 ], [ -82.331761995296219, 37.774672832452424 ], [ -82.32624, 37.775906 ], [ -82.323004, 37.773907 ], [ -82.323506, 37.772231 ], [ -82.332964692013164, 37.767293765008425 ], [ -82.3237051, 37.773400599999974 ] ] ], [ [ [ -82.3385986, 37.775498699999972 ], [ -82.3394759, 37.7769676 ], [ -82.3390865, 37.780582399999986 ], [ -82.3406695, 37.785162100000043 ], [ -82.3495821, 37.786939899999986 ], [ -82.350411690959248, 37.788872419203202 ], [ -82.348495, 37.786773 ], [ -82.339705, 37.785509 ], [ -82.338377, 37.780428 ], [ -82.338895, 37.776857 ], [ -82.333365282239285, 37.774305418718342 ], [ -82.3385986, 37.775498699999972 ] ] ] ] } },
{ "type": "Feature", "properties": { "state_po": "KY", "county_geoid": "21159", "pwsid": "WV3303003", "pws_name": "KERMIT WATER WORKS", "population_served_count": 1237, "model_method": "", "verification_status": "", "symbology_field": "System Sourced", "intersection_area_sq_km": 0.11651241639865191 }, "geometry": { "type": "MultiPolygon", "coordinates": [ [ [ [ -82.398537858702895, 37.822277359864479 ], [ -82.4004389, 37.829850599999958 ], [ -82.4068021, 37.833909 ], [ -82.4093289, 37.836658499999977 ], [ -82.409438030661519, 37.83777746121585 ], [ -82.39968, 37.829935 ], [ -82.398537858702895, 37.822277359864479 ] ] ], [ [ [ -82.413734, 37.845147 ], [ -82.412954493614237, 37.844540777922354 ], [ -82.416206392065433, 37.845423537455382 ], [ -82.413734, 37.845147 ] ] ], [ [ [ -82.414757, 37.855509 ], [ -82.416707174486518, 37.852951074067313 ], [ -82.415578249226726, 37.856501859019225 ], [ -82.414757, 37.855509 ] ] ] ] } },
{ "type": "Feature", "properties": { "state_po": "KY", "county_geoid": "21179", "pwsid": "KY0900312", "pws_name": "NEW HAVEN MUNICIPAL WATER WORKS", "population_served_count": 1357, "model_method": "", "verification_status": "", "symbology_field": "System Sourced", "intersection_area_sq_km": 15.834403393903846 }, "geometry": { "type": "GeometryCollection", "geometries": [ { "type": "Polygon", "coordinates": [ [ [ -85.585214, 37.644556 ], [ -85.584694028878218, 37.644454815919332 ], [ -85.586466, 37.644706 ], [ -85.585214, 37.644556 ] ] ] }, { "type": "Polygon", "coordinates": [ [ [ -85.588831, 37.644257 ], [ -85.587206, 37.644677 ], [ -85.586466, 37.644706 ], [ -85.588831, 37.644257 ] ] ] }, { "type": "Polygon", "coordinates": [ [ [ -85.589162223076173, 37.643470121386159 ], [ -85.589284, 37.64398 ], [ -85.588831, 37.644257 ], [ -85.589162223076173, 37.643470121386159 ] ] ] }, { "type": "Polygon", "coordinates": [ [ [ -85.5953591, 37.650741499999988 ], [ -85.594319, 37.651824 ], [ -85.593808, 37.652852 ], [ -85.5954653, 37.650874099999974 ], [ -85.5963517, 37.651979899999965 ], [ -85.594925, 37.653362 ], [ -85.594849, 37.655485 ], [ -85.596642, 37.660866 ], [ -85.594498, 37.660577 ], [ -85.593721, 37.662378 ], [ -85.596953, 37.66378 ], [ -85.59302, 37.666215 ], [ -85.5919575, 37.6681 ], [ -85.5896333, 37.667374200000019 ], [ -85.5790214, 37.6738523 ], [ -85.5712384, 37.6838543 ], [ -85.5768774, 37.6898149 ], [ -85.5685193, 37.698656 ], [ -85.5659973, 37.704083400000023 ], [ -85.5551755, 37.7111553 ], [ -85.5418909, 37.7015066 ], [ -85.540511099999989, 37.698255900000014 ], [ -85.5459945, 37.678832299999968 ], [ -85.5493497, 37.676327 ], [ -85.5526159, 37.668863 ], [ -85.5663414, 37.665838899999976 ], [ -85.5721181, 37.661661200000019 ], [ -85.5728552, 37.6534528 ], [ -85.5834218, 37.649361600000013 ], [ -85.5846572, 37.644596900000046 ], [ -85.588206, 37.645014 ], [ -85.589977, 37.6440258 ], [ -85.5953591, 37.650741499999988 ] ], [ [ -85.591171, 37.656667 ], [ -85.591826, 37.657346 ], [ -85.591932, 37.657066 ], [ -85.591171, 37.656667 ] ] ] }, { "type": "Polygon", "coordinates": [ [ [ -85.595837, 37.652598 ], [ -85.596225234340224, 37.652291368183491 ], [ -85.595259, 37.653152 ], [ -85.595837, 37.652598 ] ] ] }, { "type": "Polygon", "coordinates": [ [ [ -85.594947, 37.653773 ], [ -85.595259, 37.653152 ], [ -85.594923, 37.65441 ], [ -85.594947, 37.653773 ] ] ] }, { "type": "Polygon", "coordinates": [ [ [ -85.596505, 37.654661 ], [ -85.595188, 37.654787 ], [ -85.594923, 37.65441 ], [ -85.596505, 37.654661 ] ] ] }, { "type": "Polygon", "coordinates": [ [ [ -85.597440333571285, 37.653338145814416 ], [ -85.596917, 37.654123 ], [ -85.596505, 37.654661 ], [ -85.597440333571285, 37.653338145814416 ] ] ] }, { "type": "Polygon", "coordinates": [ [ [ -85.59615, 37.65904 ], [ -85.59665, 37.65806 ], [ -85.597329, 37.6579 ], [ -85.59615, 37.65904 ] ] ] }, { "type": "Polygon", "coordinates": [ [ [ -85.592323, 37.667691 ], [ -85.59311, 37.666599 ], [ -85.593482, 37.666256 ], [ -85.592323, 37.667691 ] ] ] }, { "type": "Polygon", "coordinates": [ [ [ -85.592210799999989, 37.668179099999968 ], [ -85.592323, 37.667691 ], [ -85.592453379637547, 37.668254849229065 ], [ -85.592210799999989, 37.668179099999968 ] ] ] }, { "type": "Polygon", "coordinates": [ [ [ -85.595887, 37.669213 ], [ -85.5958852, 37.669326400000024 ], [ -85.595654, 37.669254199999983 ], [ -85.595887, 37.669213 ] ] ] }, { "type": "Point", "coordinates": [ -85.596718, 37.664388 ] }, { "type": "Point", "coordinates": [ -85.599814, 37.65804 ] }, { "type": "Point", "coordinates": [ -85.601009, 37.657504 ] } ] } },
{ "type": "Feature", "properties": { "state_po": "KY", "county_geoid": "21179", "pwsid": "KY0150242", "pws_name": "LEBANON JUNCTION WATER WORKS", "population_served_count": 2866, "model_method": "", "verification_status": "", "symbology_field": "System Sourced", "intersection_area_sq_km": 1.5768645965774968 }, "geometry": { "type": "MultiPolygon", "coordinates": [ [ [ [ -85.691767778249542, 37.818184351640767 ], [ -85.6817236, 37.806496799999955 ], [ -85.6824044, 37.803791699999984 ], [ -85.6854382, 37.802181500000017 ], [ -85.6915054, 37.804537300000021 ], [ -85.69740217418267, 37.811749157012294 ], [ -85.691767778249542, 37.818184351640767 ] ] ], [ [ [ -85.6571876, 37.826334600000024 ], [ -85.6605496, 37.823091599999927 ], [ -85.665954393697632, 37.824709906723967 ], [ -85.662421, 37.824782 ], [ -85.6571876, 37.826334600000024 ] ] ], [ [ [ -85.653492, 37.832727 ], [ -85.646842, 37.833853 ], [ -85.64658906802488, 37.833266668545456 ], [ -85.652167771213612, 37.829797016063111 ], [ -85.653492, 37.832727 ] ] ], [ [ [ -85.637307, 37.842022 ], [ -85.6351303, 37.84118179999998 ], [ -85.637576193948433, 37.839405457905549 ], [ -85.637307, 37.842022 ] ] ] ] } },
{ "type": "Feature", "properties": { "state_po": "KY", "county_geoid": "21183", "pwsid": "KY0300320", "pws_name": "NORTH MCLEAN CO WATER DISTRICT", "population_served_count": 2934, "model_method": "", "verification_status": "", "symbology_field": "System Sourced", "intersection_area_sq_km": 0.5287681657316583 }, "geometry": { "type": "Polygon", "coordinates": [ [ [ -87.0530268, 37.546900899999983 ], [ -87.0499798, 37.544832399999976 ], [ -87.0503389, 37.541446299999976 ], [ -87.056804, 37.5371109 ], [ -87.061018263074672, 37.536492900702314 ], [ -87.0530268, 37.546900899999983 ] ] ] } },
{ "type": "Feature", "properties": { "state_po": "KY", "county_geoid": "21183", "pwsid": "KY0750207", "pws_name": "ISLAND WATER DEPARTMENT", "population_served_count": 1512, "model_method": "", "verification_status": "", "symbology_field": "System Sourced", "intersection_area_sq_km": 0.11627630505526335 }, "geometry": { "type": "MultiPolygon", "coordinates": [ [ [ [ -87.1007585, 37.4253329 ], [ -87.099776, 37.418336300000014 ], [ -87.100032271224265, 37.416825348211965 ], [ -87.101234, 37.420931 ], [ -87.1007585, 37.4253329 ] ] ], [ [ [ -87.10433070562587, 37.436620684938433 ], [ -87.1037846, 37.434793100000022 ], [ -87.102205653597096, 37.430662917000376 ], [ -87.10429, 37.434069 ], [ -87.10433070562587, 37.436620684938433 ] ] ], [ [ [ -87.135629, 37.485153 ], [ -87.1329439, 37.483937100000048 ], [ -87.132674644169597, 37.483266161349285 ], [ -87.135629, 37.485153 ] ] ] ] } },
{ "type": "Feature", "properties": { "state_po": "KY", "county_geoid": "21183", "pwsid": "KY0750252", "pws_name": "LIVERMORE WATER WORKS", "population_served_count": 2138, "model_method": "", "verification_status": "", "symbology_field": "System Sourced", "intersection_area_sq_km": 0.096941982214122369 }, "geometry": { "type": "Polygon", "coordinates": [ [ [ -87.1276901, 37.485553200000034 ], [ -87.132437701154274, 37.483114827231489 ], [ -87.135629, 37.485153 ], [ -87.135369, 37.485436 ], [ -87.1276901, 37.485553200000034 ] ] ] } },
{ "type": "Feature", "properties": { "state_po": "KY", "county_geoid": "21183", "pwsid": "KY0920070", "pws_name": "CENTERTOWN WATER SYSTEM", "population_served_count": 1485, "model_method": "", "verification_status": "", "symbology_field": "System Sourced", "intersection_area_sq_km": 45.280817452323213 }, "geometry": { "type": "Polygon", "coordinates": [ [ [ -87.0969508, 37.3827021 ], [ -87.081453599999989, 37.390662099999957 ], [ -87.0911804, 37.391659399999973 ], [ -87.0927698, 37.394363300000023 ], [ -87.0910541, 37.3972428 ], [ -87.0831133, 37.3990757 ], [ -87.0728778, 37.396191699999989 ], [ -87.0691892, 37.399353 ], [ -87.0687606, 37.41754190000001 ], [ -87.0658694, 37.429708399999967 ], [ -87.0683467, 37.430266 ], [ -87.0704343, 37.425925299999989 ], [ -87.0751321, 37.425252099999966 ], [ -87.077975, 37.428792799999989 ], [ -87.0820265, 37.4299382 ], [ -87.0866087, 37.4357446 ], [ -87.085377799999989, 37.438778 ], [ -87.0813492, 37.4398157 ], [ -87.0806593, 37.452047399999984 ], [ -87.0774452, 37.454862500000033 ], [ -87.0541237, 37.453909700000025 ], [ -87.0537157, 37.458686699999951 ], [ -87.0492412, 37.460508 ], [ -87.045732300000012, 37.4585639 ], [ -87.0436251, 37.451722600000011 ], [ -87.0301096, 37.4552558 ], [ -87.0344216, 37.456610099999956 ], [ -87.0354058, 37.460028500000028 ], [ -87.0311641, 37.464813299999989 ], [ -87.0261666, 37.465930600000014 ], [ -87.0184932, 37.460361400000025 ], [ -87.0183425, 37.457808599999971 ], [ -87.020806, 37.455039800000051 ], [ -87.0156013, 37.451910900000051 ], [ -87.0087595, 37.4515205 ], [ -87.0060018, 37.449516200000019 ], [ -87.0071285, 37.445414600000028 ], [ -87.0123783, 37.4446941 ], [ -87.0108036, 37.439256599999986 ], [ -87.005899, 37.436512500000028 ], [ -87.0062147, 37.433548199999962 ], [ -87.0089958, 37.431826600000015 ], [ -87.0042129, 37.4249868 ], [ -86.9955721, 37.424504599999977 ], [ -86.9935138, 37.426997 ], [ -86.9895506, 37.4276437 ], [ -86.986938099999989, 37.42619210000003 ], [ -86.9820836, 37.418610200000053 ], [ -86.9665932, 37.4167646 ], [ -86.9634991, 37.425230699999965 ], [ -86.9590218, 37.427545 ], [ -86.9553042, 37.427685300000043 ], [ -86.9496984, 37.4255627 ], [ -86.9484093, 37.422323899999988 ], [ -86.9513514, 37.419573499999984 ], [ -86.9558855, 37.419999100000048 ], [ -86.9576243, 37.4157316 ], [ -86.9480367, 37.416273500000052 ], [ -86.9357047, 37.427011699999973 ], [ -86.9322012, 37.427050700000017 ], [ -86.9296168, 37.424905199999984 ], [ -86.9297994, 37.4221504 ], [ -86.934679, 37.4165707 ], [ -86.945833, 37.409255199999976 ], [ -86.9613871, 37.407615699999958 ], [ -86.9713306, 37.410314399999955 ], [ -86.9876758, 37.411664099999953 ], [ -86.9888462, 37.404418300000017 ], [ -86.985549, 37.402458300000021 ], [ -86.9839704, 37.399110899999982 ], [ -86.9859731, 37.3950183 ], [ -86.9888222, 37.393455400000029 ], [ -86.9929139, 37.3943985 ], [ -86.9971613, 37.400074099999983 ], [ -86.9977349, 37.406001700000019 ], [ -87.0005314, 37.403472600000065 ], [ -87.0042566, 37.4033354 ], [ -87.0069616, 37.407578200000017 ], [ -87.0109696, 37.410177200000021 ], [ -87.0145417, 37.403894899999976 ], [ -87.018824099999989, 37.401649799999966 ], [ -87.0200362, 37.395491600000064 ], [ -87.007866299999989, 37.39296410000005 ], [ -87.0069204, 37.3894156 ], [ -87.010567, 37.38696119999998 ], [ -87.024591199999989, 37.388878 ], [ -87.0301689, 37.392022 ], [ -87.0299946, 37.399468699999986 ], [ -87.0209149, 37.4123558 ], [ -87.025897, 37.41142330000001 ], [ -87.029956, 37.407593200000022 ], [ -87.039795, 37.404525199999973 ], [ -87.0517527, 37.3975444 ], [ -87.0608801, 37.394695799999987 ], [ -87.063819400000014, 37.39026310000002 ], [ -87.0684963, 37.38968770000001 ], [ -87.0722941, 37.387183100000016 ], [ -87.0696682, 37.380825399999985 ], [ -87.0660338, 37.3807614 ], [ -87.0627963, 37.3788834 ], [ -87.0627328, 37.375279399999975 ], [ -87.0654533, 37.373560100000027 ], [ -87.0728048, 37.373240399999979 ], [ -87.0769836, 37.3763334 ], [ -87.091569299999989, 37.3613354 ], [ -87.0957141, 37.362290300000026 ], [ -87.0969457, 37.365758 ], [ -87.0853436, 37.380274 ], [ -87.094319988060505, 37.377058582283873 ], [ -87.0969508, 37.3827021 ] ], [ [ -87.0100448, 37.413876 ], [ -87.0098655, 37.4136869 ], [ -87.0095906, 37.413892 ], [ -87.0100448, 37.413876 ] ], [ [ -87.0415659, 37.431727399999986 ], [ -87.0463444, 37.43456829999996 ], [ -87.0453231, 37.4445919 ], [ -87.0547561, 37.4466971 ], [ -87.0597492, 37.416888500000042 ], [ -87.059826, 37.402507 ], [ -87.0441801, 37.4108303 ], [ -87.0351904, 37.413513499999986 ], [ -87.0295706, 37.418083400000036 ], [ -87.0236936, 37.419999199999978 ], [ -87.011981300000016, 37.4210571 ], [ -87.0189009, 37.424169799999959 ], [ -87.0198399, 37.438915100000038 ], [ -87.0228167, 37.4475598 ], [ -87.0254474, 37.4488324 ], [ -87.0362416, 37.446168400000019 ], [ -87.0376242, 37.434209100000054 ], [ -87.0415659, 37.431727399999986 ] ], [ [ -87.065023599999989, 37.437089099999987 ], [ -87.0637237, 37.447706599999989 ], [ -87.0710767, 37.4472157 ], [ -87.0723772, 37.438917400000015 ], [ -87.065023599999989, 37.437089099999987 ] ] ] } },
{ "type": "Feature", "properties": { "state_po": "KY", "county_geoid": "21183", "pwsid": "KY0920136", "pws_name": "FORDSVILLE WATER DISTRICT", "population_served_count": 927, "model_method": "", "verification_status": "", "symbology_field": "System Sourced", "intersection_area_sq_km": 30.364625204009513 }, "geometry": { "type": "Polygon", "coordinates": [ [ [ -86.7445984, 37.63673049999997 ], [ -86.751763, 37.6413506 ], [ -86.754659, 37.64997659999996 ], [ -86.7531515, 37.652699499999983 ], [ -86.7474729, 37.655003600000015 ], [ -86.7424438, 37.654560299999979 ], [ -86.7381689, 37.652426799999986 ], [ -86.7384451, 37.648428 ], [ -86.742933, 37.647042499999962 ], [ -86.735918, 37.639016 ], [ -86.7328834, 37.638550800000019 ], [ -86.7289355, 37.641176 ], [ -86.7314925, 37.649384200000014 ], [ -86.729774, 37.655316599999956 ], [ -86.7254096, 37.656923399999975 ], [ -86.721677, 37.654539400000026 ], [ -86.719322, 37.642673600000037 ], [ -86.7145575, 37.644528299999962 ], [ -86.7085481, 37.642065 ], [ -86.7033616, 37.6431163 ], [ -86.7007764, 37.640965799999989 ], [ -86.7003763, 37.636424899999987 ], [ -86.6944066, 37.642486800000029 ], [ -86.6849537, 37.64518990000002 ], [ -86.6643589, 37.655342 ], [ -86.6622888, 37.6607587 ], [ -86.6575861, 37.665677400000071 ], [ -86.6518723, 37.66680010000001 ], [ -86.64944770000001, 37.662653100000021 ], [ -86.6540076, 37.6577703 ], [ -86.6575067, 37.650549400000031 ], [ -86.691333, 37.634602799999982 ], [ -86.6921611, 37.633092899999973 ], [ -86.687371399999989, 37.634778100000055 ], [ -86.6839627, 37.634267 ], [ -86.682305, 37.629784799999975 ], [ -86.6707121, 37.630804 ], [ -86.6678803, 37.6272604 ], [ -86.669383599999989, 37.624774400000014 ], [ -86.674078, 37.622565 ], [ -86.689184, 37.620697700000022 ], [ -86.6926089, 37.610555600000055 ], [ -86.6913666, 37.606045799999947 ], [ -86.6822878, 37.606311600000026 ], [ -86.6790928, 37.604765900000018 ], [ -86.6798135, 37.600047699999976 ], [ -86.6870823, 37.599034399999951 ], [ -86.6756102, 37.591671 ], [ -86.6744843, 37.596622 ], [ -86.6585329, 37.6091262 ], [ -86.6533174, 37.608482500000015 ], [ -86.6500291, 37.60552639999996 ], [ -86.6501154, 37.60255219999997 ], [ -86.6529828, 37.60064269999998 ], [ -86.6564555, 37.600991299999968 ], [ -86.6665938, 37.5924715 ], [ -86.6660678, 37.586761599999967 ], [ -86.6692387, 37.584188 ], [ -86.6799235, 37.5846826 ], [ -86.6838344, 37.58841909999996 ], [ -86.6929404, 37.593108899999962 ], [ -86.6976088, 37.5990898 ], [ -86.7146602, 37.591197899999983 ], [ -86.714095, 37.588191799999969 ], [ -86.7162151, 37.585423400000046 ], [ -86.7219475, 37.585300700000012 ], [ -86.7245029, 37.588276500000035 ], [ -86.723039899999989, 37.594515500000028 ], [ -86.7154354, 37.599934 ], [ -86.7189432, 37.6077267 ], [ -86.7174511, 37.610325500000023 ], [ -86.7138687, 37.6116629 ], [ -86.7120686, 37.6152886 ], [ -86.715339899999989, 37.615488499999969 ], [ -86.7176533, 37.617543499999975 ], [ -86.7186947, 37.629237399999987 ], [ -86.7230098, 37.624973400000023 ], [ -86.7294011, 37.625552800000023 ], [ -86.7323303, 37.627741 ], [ -86.7323129, 37.630596599999969 ], [ -86.7354754, 37.62996440000002 ], [ -86.742675, 37.631618400000029 ], [ -86.7445984, 37.63673049999997 ] ], [ [ -86.7069754, 37.602916299999954 ], [ -86.7003885, 37.6049411 ], [ -86.7010412, 37.6071853 ], [ -86.7069754, 37.602916299999954 ] ], [ [ -86.7026876, 37.619240599999983 ], [ -86.7021505, 37.626369199999964 ], [ -86.7075618, 37.6285199 ], [ -86.7091771, 37.624256500000016 ], [ -86.7026876, 37.619240599999983 ] ] ] } },
{ "type": "Feature", "properties": { "state_po": "KY", "county_geoid": "21183", "pwsid": "KY0920181", "pws_name": "HARTFORD MUNICIPAL WATER WORKS", "population_served_count": 3119, "model_method": "", "verification_status": "", "symbology_field": "System Sourced", "intersection_area_sq_km": 15.178499857048489 }, "geometry": { "type": "Polygon", "coordinates": [ [ [ -86.8917835, 37.435378100000015 ], [ -86.906378, 37.442048199999967 ], [ -86.910024299999989, 37.44046730000003 ], [ -86.9131725, 37.440849699999973 ], [ -86.918800499999989, 37.4460194 ], [ -86.919295, 37.448749699999958 ], [ -86.9138242, 37.455701 ], [ -86.9100245, 37.457533200000022 ], [ -86.9086777, 37.460935800000023 ], [ -86.9057927, 37.462389100000024 ], [ -86.9022402, 37.46210619999998 ], [ -86.9005424, 37.467728599999965 ], [ -86.8964754, 37.470511200000011 ], [ -86.8904927, 37.471757 ], [ -86.883808, 37.466497400000065 ], [ -86.8807136, 37.461276499999954 ], [ -86.8808981, 37.458521800000021 ], [ -86.8836581, 37.456630899999979 ], [ -86.8831189, 37.454888 ], [ -86.8810714, 37.4541227 ], [ -86.8787306, 37.4586663 ], [ -86.8732535, 37.458820500000016 ], [ -86.8691126, 37.461996900000024 ], [ -86.8641101, 37.460208699999988 ], [ -86.8639146, 37.455454 ], [ -86.8615647, 37.454581699999942 ], [ -86.8560922, 37.457486500000023 ], [ -86.8517939, 37.456368399999967 ], [ -86.8514671, 37.451503800000019 ], [ -86.8574066, 37.446634600000024 ], [ -86.8608562, 37.446421500000049 ], [ -86.8726562, 37.450683399999988 ], [ -86.8723062, 37.448637299999987 ], [ -86.8628586, 37.4440901 ], [ -86.8555492, 37.437039599999977 ], [ -86.8472893, 37.4332968 ], [ -86.8458501, 37.429667300000048 ], [ -86.8484506, 37.4272457 ], [ -86.852207299999989, 37.427313900000016 ], [ -86.862162, 37.431526799999979 ], [ -86.8686257, 37.438491700000014 ], [ -86.8735591, 37.441146500000045 ], [ -86.8794208, 37.4408406 ], [ -86.8812091, 37.44408 ], [ -86.8859991, 37.4447371 ], [ -86.8887991, 37.443650899999987 ], [ -86.8817242, 37.43565550000001 ], [ -86.8823579, 37.43294360000003 ], [ -86.8852107, 37.4313832 ], [ -86.8888539, 37.432023399999984 ], [ -86.8917835, 37.435378100000015 ] ] ] } },
{ "type": "Feature", "properties": { "state_po": "KY", "county_geoid": "21107", "pwsid": "KY0540108", "pws_name": "EARLINGTON WATER & SEWER", "population_served_count": 1708, "model_method": "", "verification_status": "", "symbology_field": "System Sourced", "intersection_area_sq_km": 9.5718959858998414 }, "geometry": { "type": "Polygon", "coordinates": [ [ [ -87.4879891, 37.2734486 ], [ -87.5008116, 37.277759699999983 ], [ -87.4985741, 37.2723002 ], [ -87.4936758, 37.268077900000016 ], [ -87.4959953, 37.263856599999983 ], [ -87.491318, 37.261799299999964 ], [ -87.4897341, 37.259348299999964 ], [ -87.4924243, 37.255741899999975 ], [ -87.4983458, 37.256243900000079 ], [ -87.508203, 37.263887 ], [ -87.5114256, 37.26170520000003 ], [ -87.5154724, 37.262521900000031 ], [ -87.5222318, 37.2674591 ], [ -87.5231496, 37.2703219 ], [ -87.5271154, 37.26766080000003 ], [ -87.5316043, 37.26893349999996 ], [ -87.5327222, 37.272632399999971 ], [ -87.5284024, 37.278796799999974 ], [ -87.5329373, 37.282956599999942 ], [ -87.5318066, 37.287680399999985 ], [ -87.528571, 37.289885799999986 ], [ -87.5235418, 37.288999 ], [ -87.5186573, 37.2810464 ], [ -87.516069, 37.28205489999997 ], [ -87.5124324, 37.288483900000017 ], [ -87.5043275, 37.2881097 ], [ -87.4847336, 37.279479199999962 ], [ -87.4839872, 37.275519 ], [ -87.4879891, 37.2734486 ] ] ] } },
{ "type": "Feature", "properties": { "state_po": "KY", "county_geoid": "21107", "pwsid": "KY0540269", "pws_name": "MORTONS GAP WATER DEPARTMENT", "population_served_count": 1485, "model_method": "", "verification_status": "", "symbology_field": "System Sourced", "intersection_area_sq_km": 7.5991393448720235 }, "geometry": { "type": "Polygon", "coordinates": [ [ [ -87.4704932, 37.227923300000022 ], [ -87.476677099999989, 37.227525599999971 ], [ -87.479723, 37.229583100000028 ], [ -87.4818477, 37.2354963 ], [ -87.4800695, 37.247019099999974 ], [ -87.4742863, 37.247495499999971 ], [ -87.4709358, 37.2496576 ], [ -87.4667279, 37.248634100000011 ], [ -87.4619293, 37.250366900000031 ], [ -87.4543414, 37.2547721 ], [ -87.453701099999989, 37.257361400000015 ], [ -87.451153, 37.258877799999972 ], [ -87.4449245, 37.2568176 ], [ -87.4388114, 37.257662 ], [ -87.4358946, 37.256656 ], [ -87.4345315, 37.254362500000049 ], [ -87.4355816, 37.2517347 ], [ -87.4440284, 37.24890820000001 ], [ -87.434569700000011, 37.2463213 ], [ -87.4331919, 37.243792099999979 ], [ -87.4344546, 37.241224799999941 ], [ -87.438207, 37.2401456 ], [ -87.4499403, 37.242778800000011 ], [ -87.4532195, 37.246531499999982 ], [ -87.4597516, 37.240946 ], [ -87.4567153, 37.238691699999976 ], [ -87.4573308, 37.2353294 ], [ -87.4651791, 37.233211 ], [ -87.4665482, 37.229749 ], [ -87.4704932, 37.227923300000022 ] ] ] } },
{ "type": "Feature", "properties": { "state_po": "KY", "county_geoid": "21107", "pwsid": "KY0540328", "pws_name": "NORTONVILLE WATER WORKS", "population_served_count": 2611, "model_method": "", "verification_status": "", "symbology_field": "System Sourced", "intersection_area_sq_km": 19.851606387520324 }, "geometry": { "type": "Polygon", "coordinates": [ [ [ -87.4642583, 37.158147 ], [ -87.4748419, 37.158587299999965 ], [ -87.4813377, 37.16163880000002 ], [ -87.4817078, 37.165716 ], [ -87.475455599999989, 37.1730822 ], [ -87.505985, 37.176300899999966 ], [ -87.5094049, 37.1797314 ], [ -87.5081458, 37.182299500000028 ], [ -87.5049859, 37.183402900000054 ], [ -87.47217, 37.180008 ], [ -87.4727765, 37.183718199999952 ], [ -87.4675155, 37.1866357 ], [ -87.4667266, 37.1912768 ], [ -87.4811675, 37.191330900000018 ], [ -87.4845593, 37.1952331 ], [ -87.4826545, 37.197788300000028 ], [ -87.477, 37.199559 ], [ -87.4633178, 37.198519900000015 ], [ -87.4601451, 37.201466200000027 ], [ -87.4717152, 37.212725 ], [ -87.4712679, 37.215893199999954 ], [ -87.4675582, 37.21755 ], [ -87.4643477, 37.216541300000031 ], [ -87.4513999, 37.205278699999987 ], [ -87.4459539, 37.205089799999975 ], [ -87.4419812, 37.203344200000018 ], [ -87.4399738, 37.19931039999998 ], [ -87.4437735, 37.1885974 ], [ -87.4390288, 37.1870014 ], [ -87.4246454, 37.186179700000018 ], [ -87.4215127, 37.182811100000016 ], [ -87.4243422, 37.173630399999979 ], [ -87.4320804, 37.166019400000025 ], [ -87.4365684, 37.165718799999951 ], [ -87.4391378, 37.168679 ], [ -87.4338724, 37.178952500000022 ], [ -87.4425028, 37.179972500000034 ], [ -87.445526700000016, 37.177573499999966 ], [ -87.4450754, 37.174826099999962 ], [ -87.4487774, 37.167265800000038 ], [ -87.4550996, 37.1641697 ], [ -87.4603968, 37.165909099999979 ], [ -87.4598548, 37.160429399999948 ], [ -87.4642583, 37.158147 ] ], [ [ -87.469505, 37.1663677 ], [ -87.470068400000017, 37.1669449 ], [ -87.4703955, 37.166561499999986 ], [ -87.469505, 37.1663677 ] ] ] } },
{ "type": "Feature", "properties": { "state_po": "KY", "county_geoid": "21107", "pwsid": "KY0540465", "pws_name": "WHITE PLAINS WATER SYSTEM", "population_served_count": 1871, "model_method": "", "verification_status": "", "symbology_field": "System Sourced", "intersection_area_sq_km": 42.914363602923103 }, "geometry": { "type": "Polygon", "coordinates": [ [ [ -87.3345036, 37.158386899999982 ], [ -87.3385307, 37.1631746 ], [ -87.3442729, 37.16397849999997 ], [ -87.3462675, 37.169161599999981 ], [ -87.3534687, 37.1656535 ], [ -87.362013, 37.1649399 ], [ -87.3572511, 37.161177499999965 ], [ -87.3571825, 37.15798970000003 ], [ -87.3624376, 37.155934399999985 ], [ -87.368773, 37.160003499999974 ], [ -87.3703616, 37.151175499999987 ], [ -87.3609822, 37.148742799999944 ], [ -87.3594576, 37.1445132 ], [ -87.3632743, 37.142242799999977 ], [ -87.371422, 37.1439122 ], [ -87.3697803, 37.138796500000034 ], [ -87.3751828, 37.1365452 ], [ -87.3784785, 37.138048 ], [ -87.3808427, 37.1426823 ], [ -87.3775423, 37.1618815 ], [ -87.3915772, 37.162387799999969 ], [ -87.3931707, 37.1650756 ], [ -87.3918122, 37.1718084 ], [ -87.3957782, 37.173646899999973 ], [ -87.3982239, 37.171182499999972 ], [ -87.4029848, 37.1708952 ], [ -87.4060845, 37.1636206 ], [ -87.4112512, 37.16269149999998 ], [ -87.4113337, 37.159003 ], [ -87.4037626, 37.157062100000033 ], [ -87.4014446, 37.1550206 ], [ -87.4018943, 37.151845800000018 ], [ -87.4056022, 37.150191099999979 ], [ -87.4295043, 37.154298 ], [ -87.4320884, 37.152763899999947 ], [ -87.4355128, 37.1530745 ], [ -87.4377913, 37.1567167 ], [ -87.4437929, 37.159452400000049 ], [ -87.4506202, 37.16580350000001 ], [ -87.4541653, 37.171570299999978 ], [ -87.4501085, 37.1789969 ], [ -87.4450205, 37.180024500000016 ], [ -87.4421648, 37.176735500000014 ], [ -87.4444755, 37.1714057 ], [ -87.4377453, 37.164852900000035 ], [ -87.4299168, 37.161671399999989 ], [ -87.4202845, 37.1599972 ], [ -87.4192164, 37.166995300000011 ], [ -87.4160844, 37.1698674 ], [ -87.412254300000015, 37.170281599999988 ], [ -87.4118398, 37.172379700000064 ], [ -87.4164513, 37.173690299999976 ], [ -87.420217799999989, 37.178195199999983 ], [ -87.4231299, 37.1786779 ], [ -87.424342, 37.173799900000034 ], [ -87.4299948, 37.1676709 ], [ -87.4333647, 37.165771199999945 ], [ -87.4370427, 37.1662028 ], [ -87.4389794, 37.1701051 ], [ -87.4349912, 37.175104 ], [ -87.4326141, 37.182332900000034 ], [ -87.4266848, 37.186310900000052 ], [ -87.4091734, 37.184581 ], [ -87.399562, 37.18609249999998 ], [ -87.411691300000015, 37.1879497 ], [ -87.4123999, 37.192832399999936 ], [ -87.4098597, 37.195461500000022 ], [ -87.4141897, 37.196913200000033 ], [ -87.4148482, 37.20066790000002 ], [ -87.4121795, 37.20274 ], [ -87.3888687, 37.2088896 ], [ -87.3912004, 37.2181694 ], [ -87.3880806, 37.220154399999956 ], [ -87.384096, 37.219350399999989 ], [ -87.3830019, 37.223135700000029 ], [ -87.3790517, 37.2243881 ], [ -87.375428700000015, 37.2222441 ], [ -87.3739976, 37.214640499999959 ], [ -87.3655589, 37.217046 ], [ -87.3586923, 37.212704899999977 ], [ -87.370097, 37.195124 ], [ -87.3626224, 37.201133 ], [ -87.355551, 37.200267900000028 ], [ -87.3525324, 37.1972758 ], [ -87.3541848, 37.193922700000023 ], [ -87.3598674, 37.1936581 ], [ -87.3625712, 37.190515899999987 ], [ -87.3769091, 37.1825928 ], [ -87.370012, 37.17465480000002 ], [ -87.3672495, 37.175198499999979 ], [ -87.3659692, 37.181443299999977 ], [ -87.3608378, 37.1838196 ], [ -87.3560634, 37.180991599999977 ], [ -87.3582722, 37.174076600000021 ], [ -87.3478417, 37.176584600000027 ], [ -87.3422786, 37.191062700000032 ], [ -87.3436493, 37.19406009999998 ], [ -87.3489664, 37.19754970000006 ], [ -87.349398, 37.208584799999947 ], [ -87.3456284, 37.211507100000034 ], [ -87.340864910722928, 37.209439252649396 ], [ -87.339993299999989, 37.2012388 ], [ -87.3346872, 37.1969661 ], [ -87.3331451, 37.191973499999982 ], [ -87.33475, 37.1815 ], [ -87.3376911, 37.177707500000025 ], [ -87.3317386, 37.177064500000043 ], [ -87.3294354, 37.174209599999962 ], [ -87.3321916, 37.170422899999927 ], [ -87.329325424593748, 37.164775610714401 ], [ -87.333631, 37.161493 ], [ -87.3345036, 37.158386899999982 ] ], [ [ -87.3782074, 37.169227499999984 ], [ -87.3760856, 37.168998099999968 ], [ -87.3772251, 37.169920299999987 ], [ -87.3782074, 37.169227499999984 ] ], [ [ -87.405683599999989, 37.195771400000027 ], [ -87.4043492, 37.196478400000061 ], [ -87.406465, 37.195952699999978 ], [ -87.405683599999989, 37.195771400000027 ] ], [ [ -87.3924015, 37.1948393 ], [ -87.3915594, 37.1983408 ], [ -87.3878388, 37.199798899999969 ], [ -87.3886622, 37.2016562 ], [ -87.39463, 37.2001552 ], [ -87.3972335, 37.197567500000012 ], [ -87.3924015, 37.1948393 ] ], [ [ -87.380616, 37.205991900000029 ], [ -87.3787745, 37.19745 ], [ -87.3713331, 37.2076345 ], [ -87.380616, 37.205991900000029 ] ] ] } },
{ "type": "Feature", "properties": { "state_po": "KY", "county_geoid": "21107", "pwsid": "KY0540656", "pws_name": "HANSON WATER SYSTEM", "population_served_count": 2157, "model_method": "", "verification_status": "", "symbology_field": "System Sourced", "intersection_area_sq_km": 16.056556483363487 }, "geometry": { "type": "Polygon", "coordinates": [ [ [ -87.4850011, 37.408330700000015 ], [ -87.4930486, 37.414218700000021 ], [ -87.4983357, 37.4137961 ], [ -87.5017045, 37.411290499999986 ], [ -87.5067713, 37.41152049999998 ], [ -87.5135987, 37.421247300000026 ], [ -87.5095241, 37.424222 ], [ -87.5044107, 37.422099699999968 ], [ -87.5001935, 37.422331599999971 ], [ -87.4948627, 37.4262876 ], [ -87.4871527, 37.4285297 ], [ -87.4874597, 37.435637100000015 ], [ -87.4791488, 37.4400636 ], [ -87.4743637, 37.438846600000012 ], [ -87.4695999, 37.430128499999981 ], [ -87.4657099, 37.426805 ], [ -87.4667744, 37.419692 ], [ -87.4605173, 37.418422600000071 ], [ -87.4541389, 37.422973800000015 ], [ -87.4472148, 37.422731300000024 ], [ -87.4442462, 37.420293800000032 ], [ -87.4447869, 37.417350099999972 ], [ -87.4479168, 37.4155522 ], [ -87.444248, 37.41251739999997 ], [ -87.4466446, 37.408779 ], [ -87.4667422, 37.411241599999975 ], [ -87.4684173, 37.401505699999987 ], [ -87.4665911, 37.3953858 ], [ -87.468288, 37.3927367 ], [ -87.4719031, 37.392007899999946 ], [ -87.4748363, 37.393526600000015 ], [ -87.4781321, 37.391683300000011 ], [ -87.48285580000001, 37.3924499 ], [ -87.4852009, 37.3951546 ], [ -87.4845431, 37.4002171 ], [ -87.4903643, 37.3970992 ], [ -87.4949863, 37.3845694 ], [ -87.5002708, 37.3833544 ], [ -87.5031328, 37.3868779 ], [ -87.4991311, 37.3990971 ], [ -87.4948854, 37.403862 ], [ -87.4850011, 37.408330700000015 ] ] ] } },
{ "type": "Feature", "properties": { "state_po": "KY", "county_geoid": "21107", "pwsid": "KY0540958", "pws_name": "DAWSON SPRINGS WATER & SEWER", "population_served_count": 2631, "model_method": "", "verification_status": "", "symbology_field": "System Sourced", "intersection_area_sq_km": 11.51380072360571 }, "geometry": { "type": "MultiPolygon", "coordinates": [ [ [ [ -87.703428, 37.165034 ], [ -87.704961796512308, 37.165335857169929 ], [ -87.702843569693727, 37.166274306482208 ], [ -87.703428, 37.165034 ] ] ], [ [ [ -87.7025255, 37.166988199999977 ], [ -87.7030312, 37.171128800000041 ], [ -87.6985649, 37.175222 ], [ -87.7002076, 37.178909099999949 ], [ -87.6978297, 37.1817016 ], [ -87.7005515, 37.18769989999997 ], [ -87.6983328, 37.1898115 ], [ -87.6947917, 37.190029599999981 ], [ -87.6918867, 37.192931200000011 ], [ -87.6983927, 37.191489499999982 ], [ -87.7007199, 37.193525100000016 ], [ -87.7006812, 37.196076199999986 ], [ -87.6946326, 37.200735200000011 ], [ -87.6869185, 37.2002252 ], [ -87.6789949, 37.195143200000011 ], [ -87.6789949, 37.18899110000001 ], [ -87.6728541, 37.18676080000003 ], [ -87.6725644, 37.181714599999978 ], [ -87.6670544, 37.183669099999982 ], [ -87.6631514, 37.180862299999944 ], [ -87.6648272, 37.1770825 ], [ -87.6808572, 37.168884499999969 ], [ -87.6774695, 37.158723599999959 ], [ -87.6724848, 37.1539239 ], [ -87.673983807148844, 37.149505346180419 ], [ -87.680617, 37.149239 ], [ -87.680141, 37.151238 ], [ -87.683659, 37.154745 ], [ -87.6944, 37.156177 ], [ -87.698394, 37.15856 ], [ -87.697442, 37.161746 ], [ -87.705227, 37.16105 ], [ -87.699642, 37.163979 ], [ -87.700661, 37.166599 ], [ -87.7025255, 37.166988199999977 ] ] ] ] } },
{ "type": "Feature", "properties": { "state_po": "KY", "county_geoid": "21107", "pwsid": "KY0750055", "pws_name": "CALHOUN WATER WORKS", "population_served_count": 966, "model_method": "", "verification_status": "", "symbology_field": "System Sourced", "intersection_area_sq_km": 0.25622981539637141 }, "geometry": { "type": "Polygon", "coordinates": [ [ [ -87.3530368, 37.5229791 ], [ -87.3562762, 37.523334099999978 ], [ -87.3583409, 37.525268899999979 ], [ -87.3584908, 37.52794440000001 ], [ -87.356381960211237, 37.529991895970518 ], [ -87.3530368, 37.5229791 ] ] ] } },
{ "type": "Feature", "properties": { "state_po": "KY", "county_geoid": "21107", "pwsid": "KY1170400", "pws_name": "SLAUGHTERS WATER WORKS", "population_served_count": 659, "model_method": "", "verification_status": "", "symbology_field": "System Sourced", "intersection_area_sq_km": 4.9629992355856709 }, "geometry": { "type": "Polygon", "coordinates": [ [ [ -87.4835476, 37.497534700000024 ], [ -87.4794415, 37.49536040000001 ], [ -87.4796261, 37.490368200000034 ], [ -87.4748531, 37.48790360000001 ], [ -87.4747637, 37.484277200000044 ], [ -87.4821798, 37.482102 ], [ -87.4868251, 37.485574499999984 ], [ -87.4942779, 37.482738199999986 ], [ -87.4915989, 37.478906399999964 ], [ -87.4878199, 37.4797352 ], [ -87.4814758, 37.478517499999981 ], [ -87.4800694, 37.474083899999968 ], [ -87.4854571, 37.470299200000035 ], [ -87.4998481, 37.468166 ], [ -87.5026678, 37.470983799999971 ], [ -87.5031075, 37.484310300000011 ], [ -87.50880503925444, 37.484383283604402 ], [ -87.497112, 37.487802 ], [ -87.4835476, 37.497534700000024 ] ] ] } },
{ "type": "Feature", "properties": { "state_po": "KY", "county_geoid": "21209", "pwsid": "KY0370137", "pws_name": "ELKHORN WATER DISTRICT", "population_served_count": 1590, "model_method": "", "verification_status": "", "symbology_field": "System Sourced", "intersection_area_sq_km": 0.99653124062529197 }, "geometry": { "type": "MultiPolygon", "coordinates": [ [ [ [ -84.7296427, 38.211875900000017 ], [ -84.7257277, 38.208504500000011 ], [ -84.72892394675722, 38.204870237754918 ], [ -84.730289, 38.208302 ], [ -84.7296427, 38.211875900000017 ] ] ], [ [ [ -84.7322551, 38.241113400000046 ], [ -84.7293376, 38.2400404 ], [ -84.7280347, 38.2374807 ], [ -84.732333136057363, 38.232970959327886 ], [ -84.7322551, 38.241113400000046 ] ] ], [ [ [ -84.735529297389505, 38.270934116026837 ], [ -84.7309281, 38.267292600000019 ], [ -84.734859473858293, 38.263105708342735 ], [ -84.735529297389505, 38.270934116026837 ] ] ], [ [ [ -84.736402890018894, 38.281365564690439 ], [ -84.731718, 38.277725600000011 ], [ -84.735571964155625, 38.271443663095489 ], [ -84.736402890018894, 38.281365564690439 ] ] ] ] } },
{ "type": "Feature", "properties": { "state_po": "KY", "county_geoid": "21209", "pwsid": "KY0370346", "pws_name": "PEAKS MILL WATER DISTRICT", "population_served_count": 3268, "model_method": "", "verification_status": "", "symbology_field": "System Sourced", "intersection_area_sq_km": 0.67069801476885305 }, "geometry": { "type": "MultiPolygon", "coordinates": [ [ [ [ -84.738232498319192, 38.314185336229329 ], [ -84.7332148, 38.309101099999978 ], [ -84.737860605496849, 38.304642371585174 ], [ -84.738232498319192, 38.314185336229329 ] ] ], [ [ [ -84.7389876, 38.3418104 ], [ -84.7337185, 38.337543700000019 ], [ -84.7346616, 38.334887400000028 ], [ -84.7377131, 38.3335343 ], [ -84.739433315510382, 38.333630006488711 ], [ -84.7389876, 38.3418104 ] ] ] ] } },
{ "type": "Feature", "properties": { "state_po": "KY", "county_geoid": "21209", "pwsid": "KY0410662", "pws_name": "CORINTH WATER DISTRICT", "population_served_count": 3139, "model_method": "", "verification_status": "", "symbology_field": "System Sourced", "intersection_area_sq_km": 0.8436988278244808 }, "geometry": { "type": "MultiPolygon", "coordinates": [ [ [ [ -84.566788, 38.48592289999997 ], [ -84.5654924, 38.483597400000036 ], [ -84.5666623, 38.480997200000033 ], [ -84.5695297, 38.479828900000058 ], [ -84.572922207599134, 38.480448796582635 ], [ -84.566788, 38.48592289999997 ] ] ], [ [ [ -84.5522932, 38.482162099999989 ], [ -84.5565338, 38.483999 ], [ -84.5575096, 38.488952100000013 ], [ -84.564583710744145, 38.488590307146033 ], [ -84.560674, 38.492378 ], [ -84.557375, 38.492917 ], [ -84.553786, 38.491351 ], [ -84.5522932, 38.482162099999989 ] ] ] ] } },
{ "type": "Feature", "properties": { "state_po": "KY", "county_geoid": "21209", "pwsid": "KY1200310", "pws_name": "NE WOODFORD CO WATER DISTRICT", "population_served_count": 2644, "model_method": "", "verification_status": "", "symbology_field": "System Sourced", "intersection_area_sq_km": 0.031870859976452295 }, "geometry": { "type": "MultiPolygon", "coordinates": [ [ [ [ -84.6353583, 38.111887799999963 ], [ -84.6339071, 38.112140700000026 ], [ -84.632692361416218, 38.112062551905346 ], [ -84.633376, 38.110878 ], [ -84.6353583, 38.111887799999963 ] ] ], [ [ [ -84.649955, 38.112346 ], [ -84.6490477, 38.1135319 ], [ -84.647604689702746, 38.113937968074815 ], [ -84.649955, 38.112346 ] ] ] ] } },
{ "type": "Feature", "properties": { "state_po": "KY", "county_geoid": "21079", "pwsid": "KY0690089", "pws_name": "CRAB ORCHARD WATER DISTRICT", "population_served_count": 1488, "model_method": "", "verification_status": "", "symbology_field": "System Sourced", "intersection_area_sq_km": 7.3778350883629562 }, "geometry": { "type": "Polygon", "coordinates": [ [ [ -84.5524579, 37.5483372 ], [ -84.5504297, 37.548525799999979 ], [ -84.5489719, 37.5540142 ], [ -84.55102, 37.5669555 ], [ -84.5639865, 37.577849499999985 ], [ -84.571819499999989, 37.590962700000027 ], [ -84.570936, 37.600487399999984 ], [ -84.5673887, 37.60308760000003 ], [ -84.5623544, 37.6008808 ], [ -84.5628975, 37.592643600000024 ], [ -84.5564723, 37.58189040000002 ], [ -84.5470315, 37.5735985 ], [ -84.5422705, 37.5747497 ], [ -84.5387139, 37.572518700000032 ], [ -84.5417208, 37.565630099999964 ], [ -84.5403094, 37.549721600000026 ], [ -84.5288248, 37.542512599999959 ], [ -84.5277043, 37.536957600000044 ], [ -84.529095985998921, 37.532358843593968 ], [ -84.5524579, 37.5483372 ] ] ] } },
{ "type": "Feature", "properties": { "state_po": "KY", "county_geoid": "21025", "pwsid": "KY0130949", "pws_name": "MT CARMEL HIGH BOARDING SCHOOL", "population_served_count": 100, "model_method": "", "verification_status": "", "symbology_field": "System Sourced", "intersection_area_sq_km": 0.93777489266099145 }, "geometry": { "type": "Polygon", "coordinates": [ [ [ -83.4579027, 37.5956052 ], [ -83.4616186, 37.597280100000013 ], [ -83.4623854, 37.601203699999978 ], [ -83.4598933, 37.604495599999971 ], [ -83.4548493, 37.6051031 ], [ -83.4505794, 37.6030218 ], [ -83.4496618, 37.599838700000049 ], [ -83.4516574, 37.5975871 ], [ -83.4579027, 37.5956052 ] ] ] } },
{ "type": "Feature", "properties": { "state_po": "KY", "county_geoid": "21025", "pwsid": "KY0971007", "pws_name": "VILLAGE OF BUCKHORN", "population_served_count": 875, "model_method": "", "verification_status": "", "symbology_field": "System Sourced", "intersection_area_sq_km": 3.1456279924732327 }, "geometry": { "type": "MultiPolygon", "coordinates": [ [ [ [ -83.382520567476064, 37.338384073566161 ], [ -83.3816153, 37.33855709999996 ], [ -83.380796093316803, 37.338832019921199 ], [ -83.382520567476064, 37.338384073566161 ] ] ], [ [ [ -83.4253584, 37.356854200000029 ], [ -83.4196189, 37.353969 ], [ -83.4147903, 37.358845299999963 ], [ -83.4040605, 37.357013100000017 ], [ -83.4022358, 37.3540394 ], [ -83.4037231, 37.3462843 ], [ -83.3987245, 37.3458944 ], [ -83.3963741, 37.343316799999961 ], [ -83.39950881493418, 37.337346560801976 ], [ -83.405402, 37.338927 ], [ -83.409682, 37.344956 ], [ -83.412739, 37.344882 ], [ -83.413971, 37.351558 ], [ -83.416683, 37.353856 ], [ -83.419134, 37.353883 ], [ -83.420058, 37.351271 ], [ -83.422062, 37.350665 ], [ -83.425175, 37.352874 ], [ -83.427116, 37.35464 ], [ -83.4253584, 37.356854200000029 ] ] ], [ [ [ -83.431446, 37.3601616 ], [ -83.4294067, 37.359401100000014 ], [ -83.428039015979806, 37.357958582370912 ], [ -83.429771, 37.359453 ], [ -83.431446, 37.3601616 ] ] ], [ [ [ -83.472915, 37.3759326 ], [ -83.47012, 37.379639400000038 ], [ -83.4659506, 37.3803298 ], [ -83.4630122, 37.3781696 ], [ -83.462489687104068, 37.37350639814143 ], [ -83.472915, 37.3759326 ] ] ] ] } },
{ "type": "Feature", "properties": { "state_po": "KY", "county_geoid": "21167", "pwsid": "KY0840048", "pws_name": "BURGIN WATER DEPARTMENT", "population_served_count": 1426, "model_method": "", "verification_status": "", "symbology_field": "System Sourced", "intersection_area_sq_km": 8.923439069561736 }, "geometry": { "type": "Polygon", "coordinates": [ [ [ -84.757781799999989, 37.740254600000021 ], [ -84.7707991, 37.747661300000019 ], [ -84.772715, 37.73883 ], [ -84.7768224, 37.7378777 ], [ -84.7801016, 37.7400606 ], [ -84.7796825, 37.750158699999986 ], [ -84.783512700000017, 37.752196300000023 ], [ -84.7838183, 37.756536600000047 ], [ -84.7783327, 37.7611224 ], [ -84.7738806, 37.761350500000063 ], [ -84.7749313, 37.772593699999966 ], [ -84.7820246, 37.781091499999981 ], [ -84.7789766, 37.785182699999986 ], [ -84.7745321, 37.784442700000014 ], [ -84.7667162, 37.776614799999969 ], [ -84.7649232, 37.764627399999966 ], [ -84.7620219, 37.7670878 ], [ -84.7583254, 37.767459399999986 ], [ -84.7538675, 37.76418570000002 ], [ -84.7502475, 37.764398900000018 ], [ -84.74754, 37.762342099999969 ], [ -84.7478402, 37.7557969 ], [ -84.7551166, 37.747357199999968 ], [ -84.753451500000011, 37.7426638 ], [ -84.757781799999989, 37.740254600000021 ] ] ] } },
{ "type": "Feature", "properties": { "state_po": "KY", "county_geoid": "21013", "pwsid": "KY0070729", "pws_name": "BELL COUNTY FORESTRY CAMP", "population_served_count": 275, "model_method": "", "verification_status": "", "symbology_field": "System Sourced", "intersection_area_sq_km": 1.6556931510848831 }, "geometry": { "type": "Polygon", "coordinates": [ [ [ -83.8514465, 36.663066599999986 ], [ -83.8556616, 36.664990699999976 ], [ -83.8572152, 36.6687764 ], [ -83.8614786, 36.672626499999978 ], [ -83.8614093, 36.6753844 ], [ -83.8589393, 36.677295 ], [ -83.8516794, 36.678373 ], [ -83.8481858, 36.676121199999976 ], [ -83.8467868, 36.666097700000037 ], [ -83.8514465, 36.663066599999986 ] ] ] } },
{ "type": "Feature", "properties": { "state_po": "KY", "county_geoid": "21013", "pwsid": "KY0073691", "pws_name": "FONDE WATER SYSTEM", "population_served_count": 65, "model_method": "", "verification_status": "", "symbology_field": "System Sourced", "intersection_area_sq_km": 2.8873427619949874 }, "geometry": { "type": "Polygon", "coordinates": [ [ [ -83.9044693, 36.586988900000044 ], [ -83.9001403, 36.591448700000015 ], [ -83.8880505, 36.5973929 ], [ -83.8865259, 36.601305900000014 ], [ -83.8840522, 36.6028771 ], [ -83.8803883, 36.6025263 ], [ -83.8781621, 36.5986789 ], [ -83.8717841, 36.597630800000026 ], [ -83.8693169, 36.59541909999998 ], [ -83.8696093, 36.592670799999986 ], [ -83.872226, 36.590894199999966 ], [ -83.875871500000017, 36.591044599999982 ], [ -83.8826402, 36.588492599999952 ], [ -83.886003699999989, 36.5893133 ], [ -83.891991473872864, 36.586421591865381 ], [ -83.9044693, 36.586988900000044 ] ] ] } },
{ "type": "Feature", "properties": { "state_po": "KY", "county_geoid": "21013", "pwsid": "KY0480277", "pws_name": "BLACK MTN UTILITY/DAYHOIT", "population_served_count": 1954, "model_method": "", "verification_status": "", "symbology_field": "System Sourced", "intersection_area_sq_km": 0.55712772379629272 }, "geometry": { "type": "Polygon", "coordinates": [ [ [ -83.5077644, 36.8130278 ], [ -83.5105785, 36.815563 ], [ -83.5098707, 36.81939570000003 ], [ -83.5048864, 36.823369199999981 ], [ -83.5006599, 36.823398499999946 ], [ -83.5077644, 36.8130278 ] ] ] } },
{ "type": "Feature", "properties": { "state_po": "KY", "county_geoid": "21013", "pwsid": "KY0480341", "pws_name": "GREEN HILLS WATER DISTRICT", "population_served_count": 1443, "model_method": "", "verification_status": "", "symbology_field": "System Sourced", "intersection_area_sq_km": 0.22840601915845904 }, "geometry": { "type": "Polygon", "coordinates": [ [ [ -83.4849079, 36.8448578 ], [ -83.4873258, 36.8491016 ], [ -83.485527662435047, 36.852136999948591 ], [ -83.48171, 36.849134 ], [ -83.4849079, 36.8448578 ] ] ] } },
{ "type": "Feature", "properties": { "state_po": "KY", "county_geoid": "21013", "pwsid": "KY0483727", "pws_name": "CAWOOD WATER-PATHFORK", "population_served_count": 463, "model_method": "", "verification_status": "", "symbology_field": "System Sourced", "intersection_area_sq_km": 0.38963741325410367 }, "geometry": { "type": "Polygon", "coordinates": [ [ [ -83.4911388, 36.761632 ], [ -83.4944403, 36.763064 ], [ -83.4956729, 36.765401400000016 ], [ -83.4944927, 36.7679913 ], [ -83.4913818, 36.769151199999961 ], [ -83.488676626250722, 36.768612375342379 ], [ -83.4911388, 36.761632 ] ] ] } },
{ "type": "Feature", "properties": { "state_po": "KY", "county_geoid": "21187", "pwsid": "KY0370346", "pws_name": "PEAKS MILL WATER DISTRICT", "population_served_count": 3268, "model_method": "", "verification_status": "", "symbology_field": "System Sourced", "intersection_area_sq_km": 19.730727238297053 }, "geometry": { "type": "MultiPolygon", "coordinates": [ [ [ [ -84.8655435, 38.35674419999998 ], [ -84.8639588, 38.359677599999969 ], [ -84.8603333, 38.36051389999998 ], [ -84.8575043, 38.359295800000012 ], [ -84.855208224601128, 38.355510626359575 ], [ -84.857762, 38.357055 ], [ -84.8655435, 38.35674419999998 ] ] ], [ [ [ -84.8201814, 38.348902700000025 ], [ -84.821277, 38.3542336 ], [ -84.8275412, 38.3561238 ], [ -84.8301572, 38.358868 ], [ -84.830778, 38.375165500000037 ], [ -84.8364008, 38.3803537 ], [ -84.844758, 38.381193900000042 ], [ -84.8508089, 38.38547 ], [ -84.8525718, 38.388701800000014 ], [ -84.850257, 38.391569499999974 ], [ -84.8459413, 38.391647899999967 ], [ -84.8407761, 38.387693199999951 ], [ -84.8314189, 38.3869129 ], [ -84.8272087, 38.382150699999954 ], [ -84.822327199999989, 38.3874347 ], [ -84.8137996, 38.387599200000032 ], [ -84.807490199999989, 38.3817111 ], [ -84.8020093, 38.3802533 ], [ -84.7980977, 38.3758846 ], [ -84.7932407, 38.3751561 ], [ -84.7887622, 38.371987200000035 ], [ -84.7850191, 38.3733638 ], [ -84.7721997, 38.3727225 ], [ -84.7577312, 38.3751786 ], [ -84.7526766, 38.37928340000002 ], [ -84.7489411, 38.380271899999983 ], [ -84.7433035, 38.3787875 ], [ -84.7363777, 38.371210799999986 ], [ -84.7274556, 38.376374100000014 ], [ -84.7100584, 38.381627800000025 ], [ -84.7065647, 38.381416699999981 ], [ -84.704284, 38.379322799999969 ], [ -84.7046965, 38.376366 ], [ -84.708754, 38.373737900000052 ], [ -84.7233809, 38.369915 ], [ -84.7355353, 38.363231300000024 ], [ -84.7407767, 38.364552299999971 ], [ -84.7491039, 38.371866900000036 ], [ -84.7556141, 38.367702 ], [ -84.760701, 38.3681763 ], [ -84.770712800000013, 38.365505399999975 ], [ -84.7838337, 38.365877599999976 ], [ -84.781429, 38.362356499999976 ], [ -84.7764593, 38.362246499999941 ], [ -84.7730721, 38.3604312 ], [ -84.7726084, 38.355208200000021 ], [ -84.768957500000013, 38.351794900000073 ], [ -84.7677195, 38.347967499999967 ], [ -84.760602645628794, 38.346125992335068 ], [ -84.776668013028583, 38.34237454480386 ], [ -84.7769668, 38.348298699999958 ], [ -84.7821843, 38.3546261 ], [ -84.7889458, 38.3567134 ], [ -84.7948111, 38.366520199999989 ], [ -84.7974294, 38.36869430000003 ], [ -84.8040567, 38.36975810000002 ], [ -84.8070441, 38.374199100000027 ], [ -84.8131927, 38.3759814 ], [ -84.8177319, 38.380890600000015 ], [ -84.8215399, 38.3762985 ], [ -84.8209436, 38.361978699999973 ], [ -84.8129215, 38.3676679 ], [ -84.8076694, 38.366942300000041 ], [ -84.8064256, 38.362874599999969 ], [ -84.8112113, 38.358793500000054 ], [ -84.8121509, 38.355825800000019 ], [ -84.8109693, 38.353402600000045 ], [ -84.8023509, 38.350171199999956 ], [ -84.8008479, 38.346484 ], [ -84.801797561236313, 38.3447482032539 ], [ -84.806423, 38.348303 ], [ -84.812504, 38.34993 ], [ -84.81509, 38.349636 ], [ -84.815898, 38.347962 ], [ -84.8201814, 38.348902700000025 ] ] ] ] } },
{ "type": "Feature", "properties": { "state_po": "KY", "county_geoid": "21187", "pwsid": "KY0410662", "pws_name": "CORINTH WATER DISTRICT", "population_served_count": 3139, "model_method": "", "verification_status": "", "symbology_field": "System Sourced", "intersection_area_sq_km": 0.41786334334526881 }, "geometry": { "type": "MultiPolygon", "coordinates": [ [ [ [ -84.59463818168976, 38.47860742205679 ], [ -84.6001718, 38.477817099999989 ], [ -84.602677301380908, 38.48105809113094 ], [ -84.59463818168976, 38.47860742205679 ] ] ], [ [ [ -84.642526612738436, 38.513803843500455 ], [ -84.642287, 38.513854 ], [ -84.642306869030762, 38.513732920291794 ], [ -84.642526612738436, 38.513803843500455 ] ] ], [ [ [ -84.644674766927963, 38.519616949820602 ], [ -84.644642, 38.519592 ], [ -84.644718866570742, 38.519575749079898 ], [ -84.644674766927963, 38.519616949820602 ] ] ], [ [ [ -84.650570766191777, 38.522025832892929 ], [ -84.6522794, 38.522785200000044 ], [ -84.652930801859384, 38.523356412966272 ], [ -84.650570766191777, 38.522025832892929 ] ] ], [ [ [ -84.653789100889526, 38.525724944118792 ], [ -84.6534316, 38.526884399999986 ], [ -84.653070558316401, 38.527414620856149 ], [ -84.653789100889526, 38.525724944118792 ] ] ], [ [ [ -84.666336, 38.536032 ], [ -84.671376, 38.542076700000017 ], [ -84.66782, 38.545532 ], [ -84.665457, 38.543453 ], [ -84.669306, 38.540759 ], [ -84.666336, 38.536032 ] ] ] ] } },
{ "type": "Feature", "properties": { "state_po": "KY", "county_geoid": "21119", "pwsid": "KY0360152", "pws_name": "FRANCIS WATER COMPANY", "population_served_count": 459, "model_method": "", "verification_status": "", "symbology_field": "System Sourced", "intersection_area_sq_km": 0.13647949443789195 }, "geometry": { "type": "Polygon", "coordinates": [ [ [ -82.846623577206472, 37.469187516323629 ], [ -82.851244799999989, 37.467665199999978 ], [ -82.855378058585501, 37.470456389921786 ], [ -82.846623577206472, 37.469187516323629 ] ] ] } },
{ "type": "Feature", "properties": { "state_po": "KY", "county_geoid": "21119", "pwsid": "KY0600129", "pws_name": "PHOENIX PROPERTY OWNERS ASSOC", "population_served_count": 300, "model_method": "", "verification_status": "", "symbology_field": "System Sourced", "intersection_area_sq_km": 1.42593243085035 }, "geometry": { "type": "Polygon", "coordinates": [ [ [ -83.1152004, 37.358958 ], [ -83.1076681, 37.3605166 ], [ -83.1032956, 37.35490470000002 ], [ -83.1054055, 37.346546200000013 ], [ -83.112093626260986, 37.343311220343523 ], [ -83.1152004, 37.358958 ] ] ] } },
{ "type": "Feature", "properties": { "state_po": "KY", "county_geoid": "21119", "pwsid": "KY0600198", "pws_name": "HINDMAN MUN WATER WORKS", "population_served_count": 1883, "model_method": "", "verification_status": "", "symbology_field": "System Sourced", "intersection_area_sq_km": 51.407580348889368 }, "geometry": { "type": "Polygon", "coordinates": [ [ [ -82.8292223, 37.46135239999996 ], [ -82.8375061, 37.455092099999987 ], [ -82.8369759, 37.45092 ], [ -82.8386018, 37.448401299999979 ], [ -82.853792, 37.443116199999963 ], [ -82.8572026, 37.436574299999975 ], [ -82.8649044, 37.4344924 ], [ -82.8665783, 37.432123299999986 ], [ -82.863643, 37.4283766 ], [ -82.863756600000016, 37.4228187 ], [ -82.8563357, 37.420269699999984 ], [ -82.8509812, 37.4109547 ], [ -82.8529033, 37.406329500000027 ], [ -82.8577906, 37.4054134 ], [ -82.8612089, 37.407701599999982 ], [ -82.8631868, 37.414826 ], [ -82.871380800000011, 37.418571899999968 ], [ -82.8735261, 37.417598700000035 ], [ -82.875552399999989, 37.40812 ], [ -82.870404, 37.399487400000027 ], [ -82.8802942, 37.380030400000024 ], [ -82.8963386, 37.374774800000012 ], [ -82.9110481, 37.367715800000035 ], [ -82.9223991, 37.357258 ], [ -82.9253318, 37.3525579 ], [ -82.9305028, 37.350276300000026 ], [ -82.935772, 37.350581600000027 ], [ -82.9411719, 37.3479969 ], [ -82.9324117, 37.343496399999964 ], [ -82.931916, 37.34054780000001 ], [ -82.9341095, 37.338402299999984 ], [ -82.9419405, 37.339132499999948 ], [ -82.9483057, 37.343148700000015 ], [ -82.9551806, 37.344127500000013 ], [ -82.9620239, 37.3406469 ], [ -82.9757847, 37.339731199999974 ], [ -82.9703414, 37.3379087 ], [ -82.9642269, 37.332925 ], [ -82.9626328, 37.3298436 ], [ -82.9635978, 37.326049400000016 ], [ -82.953921, 37.321541 ], [ -82.9351139, 37.317419500000021 ], [ -82.9231868, 37.3055854 ], [ -82.9164257, 37.306667 ], [ -82.9129899, 37.303750399999977 ], [ -82.9145918, 37.300353599999966 ], [ -82.9222962, 37.2975904 ], [ -82.9291013, 37.300098899999981 ], [ -82.9373423, 37.308160700000016 ], [ -82.9389777, 37.30553 ], [ -82.9425548, 37.304750600000013 ], [ -82.940524400000015, 37.3011621 ], [ -82.9409999, 37.29729039999998 ], [ -82.9328898, 37.290983400000037 ], [ -82.9313236, 37.2871585 ], [ -82.9350523, 37.276254499999965 ], [ -82.9300851, 37.275857499999987 ], [ -82.9282135, 37.2725782 ], [ -82.9298331, 37.270142 ], [ -82.9369322, 37.268131399999987 ], [ -82.9397183, 37.265384200000035 ], [ -82.9395331, 37.2526378 ], [ -82.945404, 37.2461026 ], [ -82.9435924, 37.241759 ], [ -82.9456158, 37.235635299999977 ], [ -82.9480615, 37.233393200000052 ], [ -82.9520577, 37.233447 ], [ -82.9546935, 37.236370899999983 ], [ -82.9532333, 37.241919699999947 ], [ -82.9543978, 37.247795499999981 ], [ -82.9482817, 37.2546111 ], [ -82.9486356, 37.2669952 ], [ -82.9437007, 37.272952899999979 ], [ -82.944575500000013, 37.278557400000011 ], [ -82.9404013, 37.286034 ], [ -82.9499008, 37.29512050000001 ], [ -82.9495499, 37.30017 ], [ -82.954129200000011, 37.307601 ], [ -82.9518598, 37.313912 ], [ -82.9671389, 37.318485099999975 ], [ -82.9708561, 37.316361800000024 ], [ -82.9745116, 37.31693360000002 ], [ -82.9763864, 37.3202121 ], [ -82.973345900000012, 37.3263854 ], [ -82.9797198, 37.329423 ], [ -82.9929835, 37.3255602 ], [ -82.9989771, 37.327294799999954 ], [ -83.0046415, 37.32636849999998 ], [ -83.0088025, 37.329965799999968 ], [ -83.0110056, 37.325896799999988 ], [ -83.0154561, 37.3252976 ], [ -83.0183313, 37.3280759 ], [ -83.0174169, 37.335094399999967 ], [ -83.0073471, 37.34106610000002 ], [ -83.0028274, 37.339680399999978 ], [ -83.0015376, 37.335179599999961 ], [ -82.9939601, 37.3388314 ], [ -82.9887631, 37.33764249999998 ], [ -82.9871348, 37.3397909 ], [ -82.9901898, 37.3437273 ], [ -82.9980258, 37.341573600000018 ], [ -83.001991, 37.344331799999942 ], [ -83.0010969, 37.3474391 ], [ -82.996014699999989, 37.350451 ], [ -82.9968339, 37.356125099999986 ], [ -82.9942532, 37.3588277 ], [ -82.9874195, 37.3573573 ], [ -82.9859782, 37.353981799999971 ], [ -82.9868277, 37.3504986 ], [ -82.9813022, 37.350216 ], [ -82.9804788, 37.352682899999948 ], [ -82.983264100000014, 37.3562152 ], [ -82.980926599999989, 37.362207599999962 ], [ -82.9784448, 37.364284899999944 ], [ -82.9747175, 37.364293900000014 ], [ -82.9706117, 37.35812 ], [ -82.9724235, 37.347791700000023 ], [ -82.9651473, 37.348059900000024 ], [ -82.9618253, 37.349376899999989 ], [ -82.9635077, 37.356832299999972 ], [ -82.9579856, 37.3629405 ], [ -82.957214, 37.366699599999976 ], [ -82.9531822, 37.370081200000037 ], [ -82.9492509, 37.370624099999965 ], [ -82.9457691, 37.366768099999987 ], [ -82.9503779, 37.3590532 ], [ -82.9546328, 37.355429900000019 ], [ -82.9523403, 37.350970200000013 ], [ -82.9390021, 37.357578 ], [ -82.93138780000001, 37.357982299999918 ], [ -82.9258385, 37.365521299999934 ], [ -82.9199735, 37.369389199999951 ], [ -82.9187201, 37.372994500000019 ], [ -82.912898, 37.374802599999981 ], [ -82.910067400000017, 37.378418800000013 ], [ -82.886244, 37.385538799999971 ], [ -82.885811, 37.390031400000012 ], [ -82.8799322, 37.399938100000064 ], [ -82.8847237, 37.4078929 ], [ -82.8831428, 37.414432199999972 ], [ -82.8957375, 37.410226 ], [ -82.8977019, 37.4082102 ], [ -82.8954314, 37.4041241 ], [ -82.8960457, 37.401632599999957 ], [ -82.9000255, 37.399926699999988 ], [ -82.9040111, 37.401957700000025 ], [ -82.903621, 37.3978704 ], [ -82.906635, 37.39545 ], [ -82.9100767, 37.395714200000057 ], [ -82.9122764, 37.397842599999983 ], [ -82.9136494, 37.403299799999978 ], [ -82.9116338, 37.407392299999984 ], [ -82.901147, 37.416402 ], [ -82.8949379, 37.41762609999995 ], [ -82.8903486, 37.420816300000027 ], [ -82.881378, 37.4215608 ], [ -82.8726126, 37.425973799999973 ], [ -82.8769173, 37.43137990000001 ], [ -82.8760841, 37.435560400000043 ], [ -82.869799, 37.440630200000058 ], [ -82.8647162, 37.44205680000001 ], [ -82.859115, 37.448946799999952 ], [ -82.8465973, 37.45317270000001 ], [ -82.845563, 37.458611199999972 ], [ -82.8375937, 37.466368599999953 ], [ -82.831473, 37.46699 ], [ -82.8292223, 37.46135239999996 ] ] ] } },
{ "type": "Feature", "properties": { "state_po": "KY", "county_geoid": "21119", "pwsid": "KY0670462", "pws_name": "LETCHER COUNTY WATER DISTRICT", "population_served_count": 2673, "model_method": "", "verification_status": "", "symbology_field": "System Sourced", "intersection_area_sq_km": 1.23444434930013 }, "geometry": { "type": "MultiPolygon", "coordinates": [ [ [ [ -82.9837564, 37.177031499999984 ], [ -82.9775796, 37.17969740000003 ], [ -82.97304327694448, 37.178405851312426 ], [ -82.979183, 37.17242 ], [ -82.979191, 37.174057 ], [ -82.982091, 37.174349 ], [ -82.9837564, 37.177031499999984 ] ] ], [ [ [ -82.953022, 37.190876 ], [ -82.9517379, 37.1919124 ], [ -82.950302409102918, 37.191993853836649 ], [ -82.953022, 37.190876 ] ] ], [ [ [ -82.9210351, 37.201070400000049 ], [ -82.9232887, 37.207184700000013 ], [ -82.9211072, 37.2093214 ], [ -82.9176756, 37.209598299999989 ], [ -82.913194747034851, 37.204963382297791 ], [ -82.9210351, 37.201070400000049 ] ] ], [ [ [ -82.8755991, 37.2334788 ], [ -82.8795137, 37.2385485 ], [ -82.8778881, 37.241001900000029 ], [ -82.874739613751927, 37.24181551988039 ], [ -82.8755991, 37.2334788 ] ] ] ] } },
{ "type": "Feature", "properties": { "state_po": "KY", "county_geoid": "21119", "pwsid": "KY0970484", "pws_name": "PERRY COUNTY WATER & SEWER", "population_served_count": 2642, "model_method": "", "verification_status": "", "symbology_field": "System Sourced", "intersection_area_sq_km": 9.4415125438792611 }, "geometry": { "type": "Polygon", "coordinates": [ [ [ -83.059836, 37.223703 ], [ -83.0627137, 37.231401600000069 ], [ -83.0617202, 37.2362335 ], [ -83.0646822, 37.239976 ], [ -83.0643813, 37.243930299999981 ], [ -83.0662568, 37.2466015 ], [ -83.0641676, 37.250022200000018 ], [ -83.059927, 37.250257799999972 ], [ -83.0555294, 37.246963 ], [ -83.0556046, 37.242095900000024 ], [ -83.0526295, 37.236894100000043 ], [ -83.0537265, 37.232103199999969 ], [ -83.0506734, 37.226736599999967 ], [ -83.0518868, 37.234108 ], [ -83.0501449, 37.237836500000022 ], [ -83.0469204, 37.2388179 ], [ -83.0437723, 37.237688899999988 ], [ -83.0417293, 37.230291399999984 ], [ -83.0390272, 37.2364486 ], [ -83.0349446, 37.2382273 ], [ -83.0339488, 37.240583199999953 ], [ -83.0382594, 37.245900900000017 ], [ -83.0366472, 37.249045099999989 ], [ -83.0321832, 37.249647 ], [ -83.0279437, 37.2463384 ], [ -83.0246878, 37.246533200000023 ], [ -83.0221611, 37.2449945 ], [ -83.0218683, 37.2416045 ], [ -83.0329362, 37.2268705 ], [ -83.0303643, 37.2260138 ], [ -83.0264778, 37.227626400000055 ], [ -83.0235398, 37.226662900000015 ], [ -83.0187401, 37.221576 ], [ -83.0207325, 37.2176912 ], [ -83.0282297, 37.2166478 ], [ -83.0389053, 37.21911 ], [ -83.0423135, 37.21866290000002 ], [ -83.0467301, 37.215415499999978 ], [ -83.052461, 37.214802 ], [ -83.054308, 37.215818 ], [ -83.0566, 37.222852 ], [ -83.059836, 37.223703 ] ] ] } },
{ "type": "Feature", "properties": { "state_po": "KY", "county_geoid": "21003", "pwsid": "KY0860141", "pws_name": "FOUNTAIN RUN WATER DISTRICT #1", "population_served_count": 1485, "model_method": "", "verification_status": "", "symbology_field": "System Sourced", "intersection_area_sq_km": 25.695142582952446 }, "geometry": { "type": "MultiPolygon", "coordinates": [ [ [ [ -85.9705133, 36.6327365 ], [ -85.9722344, 36.636062900000049 ], [ -85.9687847, 36.642071799999982 ], [ -85.9620871, 36.6496892 ], [ -85.9563415, 36.6513113 ], [ -85.9548676, 36.6533819 ], [ -85.9539757, 36.6615513 ], [ -85.9600746, 36.669924300000012 ], [ -85.958159672859694, 36.675741777969051 ], [ -85.949403, 36.661645 ], [ -85.950661, 36.651023 ], [ -85.955303, 36.650361 ], [ -85.959388, 36.646866 ], [ -85.9705133, 36.6327365 ] ] ], [ [ [ -85.9654924, 36.691431199999975 ], [ -85.9691624, 36.692653200000031 ], [ -85.9671379, 36.687571299999973 ], [ -85.969118, 36.684570900000011 ], [ -85.9724755, 36.684026300000014 ], [ -85.9757859, 36.685743899999977 ], [ -85.9798614, 36.6939157 ], [ -85.9792359, 36.701518 ], [ -85.9830819, 36.706947499999984 ], [ -85.9888408, 36.705077 ], [ -85.9908646, 36.690631200000013 ], [ -86.0009675, 36.68551810000001 ], [ -86.0019591, 36.6828962 ], [ -86.0046316, 36.681549500000024 ], [ -86.0093857, 36.6832718 ], [ -86.0095995, 36.6887136 ], [ -86.0076831, 36.6909059 ], [ -85.9983092, 36.695031500000013 ], [ -85.999116, 36.70049819999997 ], [ -86.0055993, 36.698880799999969 ], [ -86.0087728, 36.694179799999986 ], [ -86.0117344, 36.692794 ], [ -86.015486700000011, 36.693810200000023 ], [ -86.0167714, 36.696813699999957 ], [ -86.0212506, 36.695042399999984 ], [ -86.030189800000016, 36.694558499999985 ], [ -86.043993, 36.6966903 ], [ -86.0445204, 36.700867400000021 ], [ -86.0387049, 36.7036938 ], [ -86.0348661, 36.7038194 ], [ -86.0312415, 36.701831400000046 ], [ -86.0230701, 36.7022879 ], [ -86.0170948, 36.704741899999959 ], [ -86.0119511, 36.704016200000012 ], [ -86.0064716, 36.706818499999954 ], [ -85.9997154, 36.7077564 ], [ -86.0063924, 36.7119749 ], [ -86.0176009, 36.7135427 ], [ -86.0229323, 36.726534899999969 ], [ -86.0220254, 36.728966799999988 ], [ -86.0190417, 36.73046769999997 ], [ -86.0080766, 36.7285336 ], [ -86.0011463, 36.731306599999975 ], [ -86.0173754, 36.739234 ], [ -86.0245485, 36.7393984 ], [ -86.0330903, 36.742982899999966 ], [ -86.0352481, 36.745312 ], [ -86.0408318, 36.745976600000013 ], [ -86.0421618, 36.748379899999975 ], [ -86.040187, 36.751816799999979 ], [ -86.0414826, 36.75511420000003 ], [ -86.037642288151773, 36.760567127485587 ], [ -86.034646, 36.759928 ], [ -86.031191763113043, 36.763981344091782 ], [ -86.002309, 36.758711 ], [ -86.0037592, 36.754958 ], [ -86.0071465, 36.753219299999969 ], [ -86.0158939, 36.755500300000044 ], [ -86.0209701, 36.754382 ], [ -86.0301341, 36.7552369 ], [ -86.0277463, 36.753307899999989 ], [ -86.0270235, 36.748746100000034 ], [ -86.0216641, 36.746226 ], [ -86.0135627, 36.7459969 ], [ -85.9832575, 36.730650800000028 ], [ -85.9852204, 36.7364502 ], [ -85.982876, 36.741563 ], [ -85.97691, 36.722722 ], [ -85.977442, 36.715877 ], [ -85.9654924, 36.691431199999975 ] ], [ [ -85.9966015, 36.724042500000024 ], [ -86.01102, 36.721166100000019 ], [ -86.0094988, 36.719290100000016 ], [ -86.0009252, 36.718684399999987 ], [ -85.9922978, 36.711905099999989 ], [ -85.9826527, 36.7154053 ], [ -85.9793187, 36.7196268 ], [ -85.9930573, 36.7280195 ], [ -85.9966015, 36.724042500000024 ] ], [ [ -85.9796918, 36.728483 ], [ -85.9816531, 36.729655500000028 ], [ -85.982307, 36.729974 ], [ -85.9796918, 36.728483 ] ] ], [ [ [ -85.990717, 36.746745800000014 ], [ -85.9941733, 36.7456907 ], [ -85.997438, 36.747086100000033 ], [ -85.997416500000014, 36.751793300000024 ], [ -85.9998005, 36.753565199999976 ], [ -86.000075276102208, 36.7562062877223 ], [ -85.990717, 36.746745800000014 ] ] ] ] } },
{ "type": "Feature", "properties": { "state_po": "KY", "county_geoid": "21139", "pwsid": "KY0700243", "pws_name": "LEDBETTER WATER DISTRICT", "population_served_count": 2729, "model_method": "", "verification_status": "", "symbology_field": "System Sourced", "intersection_area_sq_km": 37.852330170619169 }, "geometry": { "type": "Polygon", "coordinates": [ [ [ -88.37984, 37.072128399999947 ], [ -88.384123699999989, 37.07517269999996 ], [ -88.3865879, 37.072786599999951 ], [ -88.3902937, 37.072605300000021 ], [ -88.3931886, 37.0759453 ], [ -88.4005822, 37.078050500000025 ], [ -88.4074199, 37.071726500000011 ], [ -88.4114157, 37.072530900000011 ], [ -88.4130193, 37.075692300000028 ], [ -88.4170173, 37.072585300000057 ], [ -88.4170678, 37.064542899999985 ], [ -88.4212078, 37.062591399999953 ], [ -88.4269222, 37.063125299999982 ], [ -88.4320095, 37.061883699999967 ], [ -88.438375, 37.055019399999978 ], [ -88.4374375, 37.051225 ], [ -88.4388702, 37.04871680000003 ], [ -88.4461812, 37.045508600000026 ], [ -88.4545266, 37.044451099999975 ], [ -88.4583052, 37.045747399999989 ], [ -88.4547734, 37.041944500000049 ], [ -88.4558107, 37.038437500000022 ], [ -88.46068, 37.037542599999952 ], [ -88.4657508, 37.04170179999997 ], [ -88.4669154, 37.036088399999983 ], [ -88.4722218, 37.0341284 ], [ -88.481617, 37.036106600000018 ], [ -88.5153332, 37.035106500000055 ], [ -88.5182275, 37.037293100000014 ], [ -88.518132, 37.0408421 ], [ -88.524512, 37.046996900000025 ], [ -88.5230741, 37.0550847 ], [ -88.5195892, 37.057362800000035 ], [ -88.5126458, 37.057013100000013 ], [ -88.5102046, 37.05243320000001 ], [ -88.5068479, 37.056497099999987 ], [ -88.503415, 37.057659599999987 ], [ -88.4935429, 37.054354 ], [ -88.4907805, 37.0596836 ], [ -88.4760447, 37.063326200000013 ], [ -88.4716051, 37.060757499999958 ], [ -88.4720136, 37.0529998 ], [ -88.4673569, 37.05524 ], [ -88.4630917, 37.052648299999966 ], [ -88.4620615, 37.0570166 ], [ -88.4591083, 37.058819 ], [ -88.4554702, 37.058227699999954 ], [ -88.4536167, 37.055521 ], [ -88.4468237, 37.0580885 ], [ -88.4453306, 37.059684200000014 ], [ -88.4519146, 37.065418699999931 ], [ -88.452028399999989, 37.069072899999981 ], [ -88.4564243, 37.073262899999975 ], [ -88.455836, 37.076898299999982 ], [ -88.4522166, 37.07967 ], [ -88.447781, 37.079069400000037 ], [ -88.4401067, 37.065765699999957 ], [ -88.4373548, 37.0711764 ], [ -88.4283582, 37.079317800000027 ], [ -88.4195616, 37.082345100000019 ], [ -88.4169498, 37.084676099999982 ], [ -88.421363900000017, 37.088400599999957 ], [ -88.4218159, 37.0973344 ], [ -88.4168454, 37.098667700000043 ], [ -88.4097278, 37.094268399999983 ], [ -88.4054996, 37.0999432 ], [ -88.4055183, 37.107400199999965 ], [ -88.39695, 37.1121313 ], [ -88.3926491, 37.111069900000011 ], [ -88.3911704, 37.1071202 ], [ -88.3930942, 37.1015979 ], [ -88.3969176, 37.097749 ], [ -88.3887177, 37.0922511 ], [ -88.3873227, 37.085534400000036 ], [ -88.3843512, 37.086736800000025 ], [ -88.3804691, 37.086181400000029 ], [ -88.3705209, 37.090491299999989 ], [ -88.381142, 37.100139200000015 ], [ -88.3850828, 37.1075352 ], [ -88.3851212, 37.111688100000023 ], [ -88.3812797, 37.113580199999987 ], [ -88.3773203, 37.111866700000022 ], [ -88.373496, 37.103977 ], [ -88.3707315, 37.1090947 ], [ -88.3650318, 37.108775800000018 ], [ -88.3636957, 37.1053721 ], [ -88.3664136, 37.097321199999961 ], [ -88.343569, 37.086558299999957 ], [ -88.344005600000017, 37.083297500000043 ], [ -88.3473952, 37.0816272 ], [ -88.3568375, 37.08480639999997 ], [ -88.362524, 37.0856115 ], [ -88.365406299999989, 37.0845131 ], [ -88.368829800000015, 37.0829842 ], [ -88.3731315, 37.075448600000016 ], [ -88.37984, 37.072128399999947 ] ], [ [ -88.4889457, 37.044708699999973 ], [ -88.4961582, 37.0429605 ], [ -88.478999, 37.04339429999996 ], [ -88.4799558, 37.044095800000029 ], [ -88.4889457, 37.044708699999973 ] ], [ [ -88.4001949, 37.0873117 ], [ -88.405411199999989, 37.086151600000015 ], [ -88.3962739, 37.0847698 ], [ -88.3987751, 37.0896485 ], [ -88.4001949, 37.0873117 ] ] ] } },
{ "type": "Feature", "properties": { "state_po": "KY", "county_geoid": "21139", "pwsid": "KY0700380", "pws_name": "SALEM MUNICIPAL WATER SYSTEM", "population_served_count": 1241, "model_method": "", "verification_status": "", "symbology_field": "System Sourced", "intersection_area_sq_km": 7.2592651082513129 }, "geometry": { "type": "Polygon", "coordinates": [ [ [ -88.230526, 37.257485100000018 ], [ -88.2413626, 37.256357 ], [ -88.243448200000017, 37.253904100000014 ], [ -88.2468635, 37.2534708 ], [ -88.2500429, 37.2557265 ], [ -88.2497369, 37.259678899999983 ], [ -88.2549345, 37.254863800000052 ], [ -88.2588242, 37.254158100000019 ], [ -88.2628834, 37.256868 ], [ -88.2627391, 37.260880199999974 ], [ -88.2648204, 37.263378 ], [ -88.2626004, 37.267925100000028 ], [ -88.256056199999989, 37.2668567 ], [ -88.2599055, 37.270599100000041 ], [ -88.2586458, 37.2742702 ], [ -88.2539686, 37.274990899999985 ], [ -88.2470103, 37.270977800000026 ], [ -88.243172199999989, 37.274880499999966 ], [ -88.2426995, 37.280844699999989 ], [ -88.2394422, 37.282686100000056 ], [ -88.2348924, 37.281512200000016 ], [ -88.233461, 37.278361299999958 ], [ -88.2258624, 37.272346 ], [ -88.2261966, 37.261997199999968 ], [ -88.230526, 37.257485100000018 ] ] ] } },
{ "type": "Feature", "properties": { "state_po": "KY", "county_geoid": "21139", "pwsid": "KY0700401", "pws_name": "SMITHLAND WATER & SEWER", "population_served_count": 989, "model_method": "", "verification_status": "", "symbology_field": "System Sourced", "intersection_area_sq_km": 11.878355838063955 }, "geometry": { "type": "Polygon", "coordinates": [ [ [ -88.4017253, 37.102085699999968 ], [ -88.4057175, 37.10388080000002 ], [ -88.4083285, 37.108805 ], [ -88.4174242, 37.111718899999971 ], [ -88.41928510000001, 37.114772699999953 ], [ -88.4178505, 37.117280699999981 ], [ -88.414884, 37.1182426 ], [ -88.4158313, 37.1208447 ], [ -88.4141947, 37.12327219999996 ], [ -88.4111877, 37.1240783 ], [ -88.4068352, 37.122877100000032 ], [ -88.409995, 37.135669899999961 ], [ -88.4130916, 37.1397811 ], [ -88.4066826, 37.148366 ], [ -88.4003542, 37.1504953 ], [ -88.3906739, 37.144362 ], [ -88.3906927, 37.140964 ], [ -88.3949829, 37.13797490000001 ], [ -88.3841917, 37.125715500000027 ], [ -88.3792192, 37.125597500000026 ], [ -88.3775964, 37.129200699999977 ], [ -88.3731517, 37.1297715 ], [ -88.3696916, 37.127156599999978 ], [ -88.3697398, 37.123658399999947 ], [ -88.3573791, 37.120923400000052 ], [ -88.3530735, 37.1180537 ], [ -88.3520176, 37.115275200000056 ], [ -88.3534664, 37.1127241 ], [ -88.3569897, 37.1117814 ], [ -88.3669095, 37.116148400000021 ], [ -88.3813817, 37.118528199999986 ], [ -88.3860981, 37.116111400000015 ], [ -88.3907251, 37.119900100000038 ], [ -88.393835, 37.1190767 ], [ -88.3992492, 37.113383600000013 ], [ -88.397354, 37.1044033 ], [ -88.4017253, 37.102085699999968 ] ], [ [ -88.398625, 37.1259203 ], [ -88.3969064, 37.1273845 ], [ -88.3995806, 37.1286382 ], [ -88.398625, 37.1259203 ] ] ] } },
{ "type": "Feature", "properties": { "state_po": "KY", "county_geoid": "21055", "pwsid": "KY0170146", "pws_name": "FREDONIA WATER DEPARTMENT", "population_served_count": 1040, "model_method": "", "verification_status": "", "symbology_field": "System Sourced", "intersection_area_sq_km": 0.28370354951362559 }, "geometry": { "type": "MultiPolygon", "coordinates": [ [ [ [ -88.0839509, 37.189248099999965 ], [ -88.0858017, 37.189354299999962 ], [ -88.0871533, 37.189812 ], [ -88.0891402, 37.192066600000011 ], [ -88.0885525, 37.194784800000029 ], [ -88.085983427099706, 37.196322597844663 ], [ -88.0839509, 37.189248099999965 ] ] ], [ [ [ -88.083126, 37.216858 ], [ -88.0841167, 37.216556299999979 ], [ -88.08495068019522, 37.217407636217139 ], [ -88.083126, 37.216858 ] ] ], [ [ [ -88.082484, 37.223543100000015 ], [ -88.0810409, 37.224561499999965 ], [ -88.079035512055711, 37.225195950051102 ], [ -88.081058, 37.223347 ], [ -88.082484, 37.223543100000015 ] ] ] ] } },
{ "type": "Feature", "properties": { "state_po": "KY", "county_geoid": "21055", "pwsid": "KY0280267", "pws_name": "MARION WATER DEPARTMENT", "population_served_count": 3039, "model_method": "", "verification_status": "", "symbology_field": "System Sourced", "intersection_area_sq_km": 15.038599757249537 }, "geometry": { "type": "Polygon", "coordinates": [ [ [ -88.0906133, 37.298429899999967 ], [ -88.094426399999989, 37.300356499999985 ], [ -88.0966067, 37.3098717 ], [ -88.1021214, 37.314992699999983 ], [ -88.10155, 37.31825180000002 ], [ -88.0972207, 37.323065400000011 ], [ -88.1005507, 37.331392799999975 ], [ -88.0878477, 37.346642299999964 ], [ -88.0827207, 37.347685399999989 ], [ -88.0809791, 37.35233130000001 ], [ -88.0701862, 37.352925899999939 ], [ -88.0664292, 37.356285699999972 ], [ -88.0624514, 37.356573100000055 ], [ -88.055688600000011, 37.350854300000044 ], [ -88.0616919, 37.342268800000028 ], [ -88.0590834, 37.339754299999981 ], [ -88.0591767, 37.332619199999975 ], [ -88.0625416, 37.330377299999981 ], [ -88.0628228, 37.327354299999953 ], [ -88.069375800000017, 37.318210699999973 ], [ -88.068457, 37.315625700000034 ], [ -88.0698855, 37.313357299999957 ], [ -88.0795491, 37.308744599999947 ], [ -88.0868147, 37.3113522 ], [ -88.0860452, 37.301185899999986 ], [ -88.0906133, 37.298429899999967 ] ], [ [ -88.0748962, 37.3251542 ], [ -88.0749639, 37.325238199999959 ], [ -88.0749646, 37.3252383 ], [ -88.0748962, 37.3251542 ] ] ] } },
{ "type": "Feature", "properties": { "state_po": "KY", "county_geoid": "21239", "pwsid": "KY0370137", "pws_name": "ELKHORN WATER DISTRICT", "population_served_count": 1590, "model_method": "", "verification_status": "", "symbology_field": "System Sourced", "intersection_area_sq_km": 0.24215592770732972 }, "geometry": { "type": "Polygon", "coordinates": [ [ [ -84.7359413, 38.191089300000066 ], [ -84.735871, 38.188551 ], [ -84.7382037, 38.186497 ], [ -84.7416932, 38.186346400000033 ], [ -84.744272971540013, 38.188050346980354 ], [ -84.7359413, 38.191089300000066 ] ] ] } },
{ "type": "Feature", "properties": { "state_po": "KY", "county_geoid": "21239", "pwsid": "KY1200283", "pws_name": "MIDWAY MUNICIPAL WATER WORKS", "population_served_count": 2174, "model_method": "", "verification_status": "", "symbology_field": "System Sourced", "intersection_area_sq_km": 7.3698874031052579 }, "geometry": { "type": "Polygon", "coordinates": [ [ [ -84.6927695, 38.1435092 ], [ -84.7014126, 38.145255099999979 ], [ -84.701786200000015, 38.14864 ], [ -84.6886569, 38.1551239 ], [ -84.6905497, 38.160130900000013 ], [ -84.6874446, 38.163948199999979 ], [ -84.6838268, 38.1647792 ], [ -84.6807311, 38.163270899999944 ], [ -84.6748991, 38.1677712 ], [ -84.6713085, 38.1671642 ], [ -84.6674721, 38.168752900000065 ], [ -84.6642599, 38.167667800000011 ], [ -84.6595684, 38.1626511 ], [ -84.6592626, 38.159909499999962 ], [ -84.662401, 38.1571541 ], [ -84.669096, 38.156743099999986 ], [ -84.6674157, 38.148754200000035 ], [ -84.672627600000013, 38.144270499999969 ], [ -84.671744, 38.141296299999958 ], [ -84.6749749, 38.136708200000029 ], [ -84.6800562, 38.13621509999998 ], [ -84.6835556, 38.140601200000013 ], [ -84.6894445, 38.139873199999961 ], [ -84.6927695, 38.1435092 ] ] ] } },
{ "type": "Feature", "properties": { "state_po": "KY", "county_geoid": "21239", "pwsid": "KY1200310", "pws_name": "NE WOODFORD CO WATER DISTRICT", "population_served_count": 2644, "model_method": "", "verification_status": "", "symbology_field": "System Sourced", "intersection_area_sq_km": 47.708009476081656 }, "geometry": { "type": "Polygon", "coordinates": [ [ [ -84.6463065, 38.053647 ], [ -84.6558267, 38.053065799999978 ], [ -84.6589371, 38.05431470000002 ], [ -84.6634575, 38.06916 ], [ -84.6675373, 38.063028899999964 ], [ -84.6759387, 38.056920600000026 ], [ -84.6792435, 38.055945500000078 ], [ -84.6832373, 38.056801399999976 ], [ -84.688659, 38.054968700000011 ], [ -84.6947069, 38.058523400000034 ], [ -84.6946496, 38.062527699999976 ], [ -84.6914321, 38.064069900000057 ], [ -84.68032310000001, 38.0636316 ], [ -84.6761673, 38.066452499999983 ], [ -84.6771829, 38.067358299999967 ], [ -84.6835433, 38.0669936 ], [ -84.6979458, 38.069962600000011 ], [ -84.7075184, 38.061461699999938 ], [ -84.7157971, 38.059017100000027 ], [ -84.7194225, 38.060844399999979 ], [ -84.7195504, 38.0641826 ], [ -84.7214359, 38.064747800000028 ], [ -84.7257031, 38.062507400000023 ], [ -84.7312222, 38.063967900000016 ], [ -84.7389777, 38.07092780000005 ], [ -84.7393527, 38.0743127 ], [ -84.7291428, 38.088552399999983 ], [ -84.7321079, 38.09074480000001 ], [ -84.7319437, 38.09371670000003 ], [ -84.7287167, 38.0956297 ], [ -84.7239524, 38.094984799999978 ], [ -84.741633, 38.1012865 ], [ -84.7438381, 38.103956200000063 ], [ -84.7385984, 38.11451 ], [ -84.7332064, 38.117026200000012 ], [ -84.7282106, 38.125738 ], [ -84.7287248, 38.129681 ], [ -84.752911, 38.138501300000044 ], [ -84.7552692, 38.140820799999972 ], [ -84.748582, 38.154450800000056 ], [ -84.7488501, 38.162194399999983 ], [ -84.7454286, 38.1675958 ], [ -84.7417046, 38.168048699999986 ], [ -84.738818, 38.166136800000039 ], [ -84.7399556, 38.158625799999932 ], [ -84.7341521, 38.15828750000005 ], [ -84.710234, 38.1504682 ], [ -84.7075115, 38.153936300000019 ], [ -84.702926, 38.1542525 ], [ -84.6984804, 38.152290299999969 ], [ -84.6969709, 38.1498029 ], [ -84.6985577, 38.146871500000017 ], [ -84.7026686, 38.146119799999951 ], [ -84.7048747, 38.143005400000021 ], [ -84.7081943, 38.142148100000014 ], [ -84.7402803, 38.151422499999967 ], [ -84.7444221, 38.143420199999987 ], [ -84.6814116, 38.120638300000017 ], [ -84.6588007, 38.110526 ], [ -84.6527886, 38.10922070000003 ], [ -84.65046639082999, 38.112545382048971 ], [ -84.6467598, 38.113993399999984 ], [ -84.6437658, 38.113071 ], [ -84.6422792, 38.110767299999971 ], [ -84.6377926, 38.110148200000012 ], [ -84.632692361416218, 38.112062551905346 ], [ -84.6298405, 38.1105081 ], [ -84.627908201795691, 38.107938735664007 ], [ -84.63354984229737, 38.090915418017865 ], [ -84.6348995, 38.094541700000043 ], [ -84.6317264, 38.101303 ], [ -84.6417925, 38.0995549 ], [ -84.6481939, 38.100770300000029 ], [ -84.6513827, 38.092917899999989 ], [ -84.6592983, 38.0823896 ], [ -84.635140808436262, 38.086102018876261 ], [ -84.638166491158543, 38.076946145829005 ], [ -84.6474542, 38.077676899999986 ], [ -84.6558341, 38.074583599999961 ], [ -84.6521059, 38.060956 ], [ -84.6437966798091, 38.059902615642422 ], [ -84.6463065, 38.053647 ] ], [ [ -84.707507400000011, 38.071693 ], [ -84.7023704, 38.07883 ], [ -84.7194716, 38.084485300000011 ], [ -84.724698, 38.080458399999955 ], [ -84.7290254, 38.074143 ], [ -84.7275933, 38.0733937 ], [ -84.7180492, 38.0765098 ], [ -84.7114895, 38.0746933 ], [ -84.707507400000011, 38.071693 ] ], [ [ -84.6713319, 38.073266399999973 ], [ -84.6679199, 38.075699 ], [ -84.6681356, 38.084353800000017 ], [ -84.6571022, 38.1026446 ], [ -84.6642599, 38.1044878 ], [ -84.6685223, 38.098180899999988 ], [ -84.6733534, 38.0970708 ], [ -84.680697, 38.089499700000026 ], [ -84.6846197, 38.0885219 ], [ -84.69369, 38.076546 ], [ -84.6857158, 38.0748349 ], [ -84.6813124, 38.075664899999971 ], [ -84.6713319, 38.073266399999973 ] ], [ [ -84.716179, 38.091209899999974 ], [ -84.6983642, 38.085318599999979 ], [ -84.6906445, 38.094132700000024 ], [ -84.696717600000014, 38.101131099999947 ], [ -84.6894413, 38.115467299999985 ], [ -84.6975597, 38.118491200000022 ], [ -84.7060573, 38.104099600000012 ], [ -84.716179, 38.091209899999974 ] ], [ [ -84.6830105, 38.098878500000019 ], [ -84.6794076, 38.103450800000047 ], [ -84.6745866, 38.104323800000017 ], [ -84.6725258, 38.107703200000039 ], [ -84.681358300000014, 38.112050300000028 ], [ -84.6867317, 38.101810200000038 ], [ -84.6830105, 38.098878500000019 ] ], [ [ -84.7331249, 38.10637310000002 ], [ -84.7190677, 38.101072100000017 ], [ -84.716728, 38.1040662 ], [ -84.7057433, 38.1216821 ], [ -84.7183051, 38.1257904 ], [ -84.7260816, 38.112060600000014 ], [ -84.731223, 38.10992319999994 ], [ -84.7331249, 38.10637310000002 ] ] ] } },
{ "type": "Feature", "properties": { "state_po": "KY", "county_geoid": "21193", "pwsid": "KY0600129", "pws_name": "PHOENIX PROPERTY OWNERS ASSOC", "population_served_count": 300, "model_method": "", "verification_status": "", "symbology_field": "System Sourced", "intersection_area_sq_km": 1.5748919322560679 }, "geometry": { "type": "Polygon", "coordinates": [ [ [ -83.1122445, 37.343178900000012 ], [ -83.1210615, 37.340058100000014 ], [ -83.1257141, 37.343280499999963 ], [ -83.1256259, 37.349571699999977 ], [ -83.119726, 37.352248099999983 ], [ -83.115205607336762, 37.358954778863136 ], [ -83.1122445, 37.343178900000012 ] ] ] } },
{ "type": "Feature", "properties": { "state_po": "KY", "county_geoid": "21193", "pwsid": "KY0670462", "pws_name": "LETCHER COUNTY WATER DISTRICT", "population_served_count": 2673, "model_method": "", "verification_status": "", "symbology_field": "System Sourced", "intersection_area_sq_km": 0.77028175681518019 }, "geometry": { "type": "MultiPolygon", "coordinates": [ [ [ [ -83.04743, 37.090993 ], [ -83.0486177, 37.08974410000004 ], [ -83.04997820998031, 37.091887222296123 ], [ -83.04743, 37.090993 ] ] ], [ [ [ -83.05091560000001, 37.094879600000013 ], [ -83.051223205973329, 37.095454417528693 ], [ -83.0506972845794, 37.094592428870328 ], [ -83.05091560000001, 37.094879600000013 ] ] ], [ [ [ -83.0513413, 37.0973958 ], [ -83.050043699999989, 37.099212 ], [ -83.04671700832813, 37.10093792042175 ], [ -83.047331, 37.098569 ], [ -83.0513413, 37.0973958 ] ] ], [ [ [ -83.0596791, 37.119431400000011 ], [ -83.059191392756091, 37.120439363133229 ], [ -83.059684575264868, 37.119418306756934 ], [ -83.0596791, 37.119431400000011 ] ] ], [ [ [ -83.058058916712909, 37.125402345204833 ], [ -83.0566223, 37.1318707 ], [ -83.051553209783734, 37.133259773388716 ], [ -83.058058916712909, 37.125402345204833 ] ] ], [ [ [ -83.0104065, 37.186745600000023 ], [ -83.0146255, 37.191597600000051 ], [ -83.0132131, 37.194114100000057 ], [ -83.0099899, 37.195094599999948 ], [ -83.004610506756151, 37.192389552934976 ], [ -83.009381, 37.189536 ], [ -83.0104065, 37.186745600000023 ] ] ] ] } },
{ "type": "Feature", "properties": { "state_po": "KY", "county_geoid": "21193", "pwsid": "KY0970484", "pws_name": "PERRY COUNTY WATER & SEWER", "population_served_count": 2642, "model_method": "", "verification_status": "", "symbology_field": "System Sourced", "intersection_area_sq_km": 42.029203950607844 }, "geometry": { "type": "MultiPolygon", "coordinates": [ [ [ [ -83.0388937, 37.168148100000039 ], [ -83.0453134, 37.172842400000022 ], [ -83.0507981, 37.172628 ], [ -83.0515055, 37.169033799999987 ], [ -83.0556999, 37.167624099999976 ], [ -83.0601, 37.1707784 ], [ -83.0668554, 37.170723400000043 ], [ -83.0715866, 37.1731437 ], [ -83.07236180000001, 37.176107499999986 ], [ -83.0701103, 37.178475 ], [ -83.0622829, 37.177789100000055 ], [ -83.0471229, 37.180355299999988 ], [ -83.04346480000001, 37.184992799999989 ], [ -83.0505406, 37.1903379 ], [ -83.051735800000017, 37.190213 ], [ -83.0468956, 37.184918700000019 ], [ -83.048466499999989, 37.1815406 ], [ -83.0520543, 37.18075970000001 ], [ -83.0608924, 37.183206499999976 ], [ -83.0631934, 37.186802899999968 ], [ -83.0623846, 37.191861699999983 ], [ -83.0703452, 37.197595599999978 ], [ -83.0720055, 37.2026484 ], [ -83.0765901, 37.201652700000039 ], [ -83.0797617, 37.196518399999967 ], [ -83.0845108, 37.194008 ], [ -83.0826892, 37.191229800000016 ], [ -83.0801162, 37.193613 ], [ -83.0759611, 37.1936491 ], [ -83.0726278, 37.189823499999989 ], [ -83.0757735, 37.1836481 ], [ -83.0829488, 37.183231199999987 ], [ -83.0930673, 37.1864858 ], [ -83.0983635, 37.1917846 ], [ -83.0962328, 37.198085 ], [ -83.0905571, 37.199509 ], [ -83.0915793, 37.200975300000017 ], [ -83.0961055, 37.2001997 ], [ -83.1022865, 37.196503600000021 ], [ -83.1081907, 37.196518 ], [ -83.110832, 37.198612399999966 ], [ -83.1113152, 37.203347399999984 ], [ -83.1161029, 37.2081553 ], [ -83.1198141, 37.2071486 ], [ -83.1198009, 37.2018892 ], [ -83.1236855, 37.198524 ], [ -83.128907, 37.198710099999978 ], [ -83.1329832, 37.2024335 ], [ -83.1411475, 37.200821400000017 ], [ -83.1478409, 37.2083145 ], [ -83.1454977, 37.211149 ], [ -83.140685, 37.210934799999983 ], [ -83.1382454, 37.212316499999979 ], [ -83.1396544, 37.2149177 ], [ -83.1476843, 37.211103599999973 ], [ -83.1519704, 37.2120403 ], [ -83.1561063, 37.21510739999998 ], [ -83.1612259, 37.2146065 ], [ -83.1636263, 37.217893599999989 ], [ -83.1612621, 37.224525400000012 ], [ -83.165928, 37.2224756 ], [ -83.1696822, 37.222574400000013 ], [ -83.1727313, 37.224874200000023 ], [ -83.1723608, 37.228048699999974 ], [ -83.164765, 37.2314058 ], [ -83.1601013, 37.2317209 ], [ -83.1575393, 37.233709300000044 ], [ -83.1488562, 37.234767 ], [ -83.142418400000011, 37.238082400000032 ], [ -83.1376266, 37.238311 ], [ -83.1350823, 37.235856 ], [ -83.136163, 37.232569599999977 ], [ -83.152239, 37.225981399999981 ], [ -83.1479764, 37.218817699999953 ], [ -83.1407334, 37.2227958 ], [ -83.1309226, 37.21962459999996 ], [ -83.1268218, 37.212186200000048 ], [ -83.122227600000016, 37.214797099999963 ], [ -83.1206731, 37.220893599999989 ], [ -83.1180545, 37.223006800000036 ], [ -83.1129768, 37.2219383 ], [ -83.1128143, 37.217106799999975 ], [ -83.1111405, 37.216679300000038 ], [ -83.105913500000014, 37.227784700000036 ], [ -83.1015927, 37.231032700000043 ], [ -83.1002132, 37.235029200000021 ], [ -83.0972103, 37.235855799999989 ], [ -83.091340699999989, 37.234614699999945 ], [ -83.0809, 37.229477600000052 ], [ -83.0796489, 37.225757599999987 ], [ -83.0837055, 37.223142200000019 ], [ -83.0893779, 37.223576800000011 ], [ -83.0942411, 37.226618099999982 ], [ -83.0976663, 37.2245107 ], [ -83.0989777, 37.219791200000039 ], [ -83.0914694, 37.221656800000041 ], [ -83.0889418, 37.219779500000016 ], [ -83.0884275, 37.2163742 ], [ -83.094825500000013, 37.21153080000002 ], [ -83.1032207, 37.213037 ], [ -83.1060275, 37.2100201 ], [ -83.1020203, 37.2069152 ], [ -83.0957937, 37.207578700000035 ], [ -83.0891172, 37.2115274 ], [ -83.0846576, 37.209600200000011 ], [ -83.0757648, 37.209728599999956 ], [ -83.0724032, 37.215394499999974 ], [ -83.0670745, 37.2183361 ], [ -83.076296, 37.2257648 ], [ -83.0786423, 37.229545099999946 ], [ -83.0774744, 37.234171699999969 ], [ -83.072063, 37.2349041 ], [ -83.0634814, 37.225617 ], [ -83.0566, 37.222852 ], [ -83.054308, 37.215818 ], [ -83.0445595, 37.2144394 ], [ -83.0405704, 37.21218630000002 ], [ -83.0385693, 37.208709200000023 ], [ -83.0338182, 37.2095054 ], [ -83.0296174, 37.2084526 ], [ -83.0231911, 37.199199399999969 ], [ -83.0170174, 37.1962253 ], [ -83.0082766, 37.194779800000013 ], [ -83.005911, 37.1927727 ], [ -83.009469022055086, 37.187927355483019 ], [ -83.016785399999989, 37.188925499999961 ], [ -83.0167706, 37.183427 ], [ -83.021796061041243, 37.176531387063854 ], [ -83.0278632, 37.177367599999961 ], [ -83.0326674, 37.181479899999957 ], [ -83.0341556, 37.1812527 ], [ -83.0319409, 37.1771869 ], [ -83.0346522, 37.173986499999984 ], [ -83.0345057, 37.169617700000011 ], [ -83.0388937, 37.168148100000039 ] ], [ [ -83.0267155, 37.188587400000046 ], [ -83.0255017, 37.190913400000014 ], [ -83.0277656, 37.190566700000041 ], [ -83.0267155, 37.188587400000046 ] ], [ [ -83.040493, 37.192086899999985 ], [ -83.0405649, 37.195155399999962 ], [ -83.0351529, 37.199391199999987 ], [ -83.0353124, 37.2017962 ], [ -83.0385956, 37.200282100000031 ], [ -83.0433081, 37.201095699999961 ], [ -83.0487365, 37.207958900000023 ], [ -83.0542886, 37.206814200000018 ], [ -83.061808700000014, 37.209197900000014 ], [ -83.0662886, 37.2086171 ], [ -83.059623800000011, 37.198877 ], [ -83.0461285, 37.197837799999959 ], [ -83.040493, 37.192086899999985 ] ], [ [ -83.0534307, 37.214517299999955 ], [ -83.0520848, 37.2146615 ], [ -83.0539711, 37.214678500000026 ], [ -83.0534307, 37.214517299999955 ] ] ], [ [ [ -83.0607469, 37.226505199999963 ], [ -83.060768, 37.22666 ], [ -83.060697782212614, 37.22643722527873 ], [ -83.0607469, 37.226505199999963 ] ] ] ] } },
{ "type": "Feature", "properties": { "state_po": "KY", "county_geoid": "21193", "pwsid": "KY0971007", "pws_name": "VILLAGE OF BUCKHORN", "population_served_count": 875, "model_method": "", "verification_status": "", "symbology_field": "System Sourced", "intersection_area_sq_km": 39.98550358784555 }, "geometry": { "type": "Polygon", "coordinates": [ [ [ -83.3854026, 37.3373623 ], [ -83.3740656, 37.341420500000012 ], [ -83.3682313, 37.346679600000016 ], [ -83.3647771, 37.346609099999959 ], [ -83.36239710000001, 37.344609199999965 ], [ -83.3624855, 37.341851499999976 ], [ -83.3665482, 37.337237699999989 ], [ -83.374396100000013, 37.332535200000031 ], [ -83.3795975, 37.3315307 ], [ -83.3799274, 37.327896899999985 ], [ -83.3852812, 37.323162100000019 ], [ -83.390927, 37.324710899999971 ], [ -83.3958869, 37.3229097 ], [ -83.3993919, 37.326723899999976 ], [ -83.4038802, 37.3266793 ], [ -83.4134897, 37.322037799999954 ], [ -83.4194323, 37.3220059 ], [ -83.4203451, 37.31903609999997 ], [ -83.4239683, 37.31769780000004 ], [ -83.4271255, 37.318816599999977 ], [ -83.429226, 37.3222669 ], [ -83.4488746, 37.325430600000033 ], [ -83.4475376, 37.320704800000016 ], [ -83.4556267, 37.316744700000015 ], [ -83.455208, 37.3138738 ], [ -83.4570055, 37.311722400000015 ], [ -83.4488214, 37.31388249999997 ], [ -83.4448795, 37.3114474 ], [ -83.4443638, 37.30850109999998 ], [ -83.4467969, 37.3062486 ], [ -83.4557589, 37.304423400000033 ], [ -83.461894, 37.305046299999972 ], [ -83.466329300000012, 37.3109522 ], [ -83.4647996, 37.3181259 ], [ -83.4587421, 37.32748120000003 ], [ -83.4672401, 37.328939100000035 ], [ -83.4699039, 37.33174420000001 ], [ -83.4698402, 37.335345 ], [ -83.4742144, 37.338058599999961 ], [ -83.4790074, 37.332366199999974 ], [ -83.4956769, 37.329283499999967 ], [ -83.5130508, 37.321479400000023 ], [ -83.5236836, 37.319951 ], [ -83.52511, 37.317275300000013 ], [ -83.5237223, 37.311285599999984 ], [ -83.5204727, 37.309746 ], [ -83.5022076, 37.311959699999989 ], [ -83.4969856, 37.3164795 ], [ -83.4919007, 37.316344299999962 ], [ -83.4900033, 37.313074 ], [ -83.4926805, 37.309206599999975 ], [ -83.4897944, 37.3030876 ], [ -83.492407899999989, 37.299904599999977 ], [ -83.4969016, 37.3002272 ], [ -83.5009352, 37.304684400000028 ], [ -83.5143217, 37.303536599999966 ], [ -83.5185448, 37.301144900000011 ], [ -83.524479, 37.3024497 ], [ -83.5314632, 37.307472400000023 ], [ -83.5328833, 37.312593 ], [ -83.5370829, 37.312584400000027 ], [ -83.5394372, 37.31515910000001 ], [ -83.5384453, 37.3182068 ], [ -83.5331484, 37.3207432 ], [ -83.5297274, 37.3261982 ], [ -83.5139056, 37.3290939 ], [ -83.508841, 37.334515500000045 ], [ -83.5038905, 37.333435200000011 ], [ -83.4924223, 37.338855800000012 ], [ -83.4837647, 37.338752099999951 ], [ -83.4854558, 37.3458098 ], [ -83.480650200000014, 37.348523 ], [ -83.4792546, 37.35228550000005 ], [ -83.4675017, 37.353613900000042 ], [ -83.4693162, 37.358154400000011 ], [ -83.4679218, 37.367383799999942 ], [ -83.4721602, 37.3721833 ], [ -83.472962199986853, 37.375587890847015 ], [ -83.4477384, 37.370076700000027 ], [ -83.4408032, 37.363090399999962 ], [ -83.425738694211205, 37.356950816709734 ], [ -83.427116, 37.35464 ], [ -83.422062, 37.350665 ], [ -83.420058, 37.351271 ], [ -83.419134, 37.353883 ], [ -83.416683, 37.353856 ], [ -83.413971, 37.351558 ], [ -83.412739, 37.344882 ], [ -83.409682, 37.344956 ], [ -83.408105, 37.341327 ], [ -83.405402, 37.338927 ], [ -83.39950881493418, 37.337346560801976 ], [ -83.3986784, 37.335074200000051 ], [ -83.3882984, 37.334075299999988 ], [ -83.3854026, 37.3373623 ] ], [ [ -83.4598661, 37.3371186 ], [ -83.4599353, 37.335654399999989 ], [ -83.4576357, 37.3365867 ], [ -83.4598661, 37.3371186 ] ], [ [ -83.4187918, 37.329198699999971 ], [ -83.4095888, 37.3323165 ], [ -83.4106064, 37.334741499999964 ], [ -83.4169404, 37.33171769999997 ], [ -83.4187918, 37.329198699999971 ] ], [ [ -83.4364291, 37.3370593 ], [ -83.4439285, 37.336449599999987 ], [ -83.448121, 37.339669 ], [ -83.4539937, 37.336706299999989 ], [ -83.4494414, 37.3345698 ], [ -83.4445537, 37.334406399999978 ], [ -83.441015, 37.3311827 ], [ -83.4364291, 37.3370593 ] ], [ [ -83.4300756, 37.3307782 ], [ -83.4268431, 37.332732900000025 ], [ -83.4225558, 37.337927200000046 ], [ -83.4123122, 37.340449700000022 ], [ -83.4155907, 37.346058700000029 ], [ -83.4214517, 37.344804899999978 ], [ -83.4244644, 37.342141700000042 ], [ -83.4270483, 37.3389365 ], [ -83.4268759, 37.3340224 ], [ -83.4300756, 37.3307782 ] ], [ [ -83.466395600000013, 37.343290300000021 ], [ -83.4652582, 37.3426825 ], [ -83.4657819, 37.3451922 ], [ -83.466395600000013, 37.343290300000021 ] ], [ [ -83.4366177, 37.3423018 ], [ -83.4356159, 37.341234799999988 ], [ -83.432499, 37.345455300000054 ], [ -83.4366177, 37.3423018 ] ], [ [ -83.4571552, 37.347698799999989 ], [ -83.455827, 37.343961 ], [ -83.4515014, 37.3465558 ], [ -83.4571552, 37.347698799999989 ] ], [ [ -83.4427888, 37.351028199999959 ], [ -83.4383849, 37.353928499999988 ], [ -83.4475556, 37.358139699999981 ], [ -83.4527366, 37.363773600000023 ], [ -83.459097, 37.365214800000018 ], [ -83.4602722, 37.3585542 ], [ -83.4579684, 37.355256 ], [ -83.4467195, 37.353271099999958 ], [ -83.4427888, 37.351028199999959 ] ] ] } },
{ "type": "Feature", "properties": { "state_po": "KY", "county_geoid": "21181", "pwsid": "KY0090287", "pws_name": "KENTUCKY AMERICAN WATER- MILLERSBURG", "population_served_count": 1366, "model_method": "", "verification_status": "", "symbology_field": "System Sourced", "intersection_area_sq_km": 0.6458447376990647 }, "geometry": { "type": "MultiPolygon", "coordinates": [ [ [ [ -84.1391307, 38.315010699999988 ], [ -84.1352154, 38.31552870000003 ], [ -84.1323388, 38.313602100000018 ], [ -84.132047899999989, 38.3094612 ], [ -84.134368543215786, 38.307245087568738 ], [ -84.1391307, 38.315010699999988 ] ] ], [ [ [ -84.1522974, 38.334766399999957 ], [ -84.1485333, 38.3350072 ], [ -84.1459406, 38.333153200000012 ], [ -84.145771599999989, 38.330398199999962 ], [ -84.14827841998742, 38.328138450948224 ], [ -84.1522974, 38.334766399999957 ] ] ] ] } },
{ "type": "Feature", "properties": { "state_po": "KY", "county_geoid": "21181", "pwsid": "KY0910065", "pws_name": "CARLISLE WATER DEPARTMENT", "population_served_count": 2059, "model_method": "", "verification_status": "", "symbology_field": "System Sourced", "intersection_area_sq_km": 17.522597957001061 }, "geometry": { "type": "Polygon", "coordinates": [ [ [ -84.0393992, 38.30295820000007 ], [ -84.0428651, 38.304602400000036 ], [ -84.0438703, 38.30816260000001 ], [ -84.0559585, 38.3110929 ], [ -84.0610549, 38.31063549999994 ], [ -84.068802, 38.314281900000012 ], [ -84.0706943, 38.316602399999937 ], [ -84.0699496, 38.319297499999955 ], [ -84.0613059, 38.325097500000027 ], [ -84.0572138, 38.3243764 ], [ -84.0546298, 38.321127200000021 ], [ -84.0436345, 38.326423800000015 ], [ -84.0340732, 38.326323700000046 ], [ -84.029041, 38.331613100000013 ], [ -84.0228266, 38.333537399999983 ], [ -84.0157881, 38.3396377 ], [ -83.997371199999989, 38.346525600000035 ], [ -83.9878587, 38.34779630000002 ], [ -83.9856994, 38.3523411 ], [ -83.9698795, 38.362080199999987 ], [ -83.9643552, 38.362133700000015 ], [ -83.958045, 38.3647856 ], [ -83.9458566, 38.361640199999982 ], [ -83.944735, 38.357543699999979 ], [ -83.947947, 38.354628399999974 ], [ -83.9514279, 38.3543212 ], [ -83.9579841, 38.3567949 ], [ -83.9623572, 38.354246 ], [ -83.966069500000017, 38.35455 ], [ -83.9720893, 38.349985600000018 ], [ -83.9773272, 38.348286 ], [ -83.9823944, 38.3415714 ], [ -83.9981136, 38.338415800000021 ], [ -84.0103112, 38.333295100000029 ], [ -84.0184116, 38.326900100000024 ], [ -84.023071, 38.326134200000027 ], [ -84.0173041, 38.3221908 ], [ -84.0130653, 38.3254197 ], [ -84.0087817, 38.325023700000017 ], [ -84.003526, 38.3193133 ], [ -84.0036017, 38.316126 ], [ -84.0150053, 38.312295299999967 ], [ -84.0149753, 38.308945700000024 ], [ -84.0202848, 38.303952599999981 ], [ -84.0238269, 38.303820199999969 ], [ -84.0336159, 38.3074413 ], [ -84.035568700000013, 38.303966399999972 ], [ -84.0393992, 38.30295820000007 ] ], [ [ -84.0450784, 38.318088499999945 ], [ -84.0423872, 38.3161169 ], [ -84.0408462, 38.319475600000011 ], [ -84.0450784, 38.318088499999945 ] ] ] } },
{ "type": "Feature", "properties": { "state_po": "KY", "county_geoid": "21097", "pwsid": "KY0410662", "pws_name": "CORINTH WATER DISTRICT", "population_served_count": 3139, "model_method": "", "verification_status": "", "symbology_field": "System Sourced", "intersection_area_sq_km": 5.8783555179350611 }, "geometry": { "type": "MultiPolygon", "coordinates": [ [ [ [ -84.484344067163377, 38.512165624337214 ], [ -84.4807895, 38.509214 ], [ -84.4816991, 38.506326700000017 ], [ -84.4856612, 38.504966700000047 ], [ -84.4925284, 38.5071207 ], [ -84.4913874, 38.503656200000037 ], [ -84.4944572, 38.5009791 ], [ -84.4991586, 38.501893 ], [ -84.5018946, 38.5066814 ], [ -84.5063847, 38.504106099999987 ], [ -84.5186014, 38.504509499999941 ], [ -84.5310485, 38.49956550000006 ], [ -84.5318075, 38.49829460000003 ], [ -84.5171639, 38.495091799999983 ], [ -84.515450800000011, 38.4924439 ], [ -84.5166226, 38.489844200000036 ], [ -84.5197901, 38.4886571 ], [ -84.527743, 38.4895347 ], [ -84.5377616, 38.491866199999961 ], [ -84.5402903, 38.494652200000026 ], [ -84.548503, 38.490770499999975 ], [ -84.5481215, 38.4847833 ], [ -84.551880417106062, 38.482195792315146 ], [ -84.552996, 38.489915 ], [ -84.557375, 38.492917 ], [ -84.551883, 38.493221 ], [ -84.548241, 38.496371 ], [ -84.546739, 38.4957 ], [ -84.543292, 38.49738 ], [ -84.54281, 38.499298 ], [ -84.53539, 38.500831 ], [ -84.534555, 38.503116 ], [ -84.530935, 38.503189 ], [ -84.527472, 38.50571 ], [ -84.523664, 38.505644 ], [ -84.521393, 38.508299 ], [ -84.506818, 38.507768 ], [ -84.506095, 38.510083 ], [ -84.502771, 38.511984 ], [ -84.495873, 38.512207 ], [ -84.485295, 38.508552 ], [ -84.484344067163377, 38.512165624337214 ] ] ], [ [ [ -84.478335199999989, 38.532585399999981 ], [ -84.4758651, 38.530948299999949 ], [ -84.4754544, 38.5282092 ], [ -84.480871945343111, 38.525356888784785 ], [ -84.478335199999989, 38.532585399999981 ] ] ], [ [ [ -84.4742773, 38.543469 ], [ -84.4747023, 38.541176499999956 ], [ -84.477341736909381, 38.538763866105064 ], [ -84.476299, 38.542723 ], [ -84.4742773, 38.543469 ] ] ] ] } },
{ "type": "Feature", "properties": { "state_po": "KY", "county_geoid": "21089", "pwsid": "KY0450365", "pws_name": "RACELAND WATER SYSTEM", "population_served_count": 3201, "model_method": "", "verification_status": "", "symbology_field": "System Sourced", "intersection_area_sq_km": 12.86782709562916 }, "geometry": { "type": "Polygon", "coordinates": [ [ [ -82.7366751, 38.521600400000018 ], [ -82.742097199999989, 38.523490100000032 ], [ -82.7428695, 38.529197099999976 ], [ -82.7460773, 38.531046199999984 ], [ -82.7469204, 38.5276913 ], [ -82.750498, 38.526187100000023 ], [ -82.7608258, 38.5306087 ], [ -82.7617752, 38.539963399999976 ], [ -82.7658204, 38.5410157 ], [ -82.767498, 38.5436824 ], [ -82.7623887, 38.5493839 ], [ -82.756061699999989, 38.550142300000054 ], [ -82.7463345, 38.547430100000049 ], [ -82.7221803, 38.546148 ], [ -82.7100206, 38.542970900000014 ], [ -82.7023759, 38.5383576 ], [ -82.699914, 38.530582 ], [ -82.693529, 38.52342740000001 ], [ -82.6959512, 38.520131500000012 ], [ -82.7018986, 38.5199962 ], [ -82.7045755, 38.523367500000013 ], [ -82.7083795, 38.524869699999989 ], [ -82.7127632, 38.532007700000037 ], [ -82.7193787, 38.5289211 ], [ -82.7230238, 38.523775299999947 ], [ -82.7366751, 38.521600400000018 ] ], [ [ -82.7500198, 38.5339504 ], [ -82.7494041, 38.537796899999954 ], [ -82.7499473, 38.538487300000021 ], [ -82.7517674, 38.536127 ], [ -82.7500198, 38.5339504 ] ] ] } },
{ "type": "Feature", "properties": { "state_po": "KY", "county_geoid": "21089", "pwsid": "KY0450478", "pws_name": "WORTHINGTON MUNICIPAL WATER WORKS", "population_served_count": 1673, "model_method": "", "verification_status": "", "symbology_field": "System Sourced", "intersection_area_sq_km": 5.0674002637369266 }, "geometry": { "type": "Polygon", "coordinates": [ [ [ -82.7234297, 38.556035299999962 ], [ -82.7132318, 38.548341 ], [ -82.7135754, 38.545596300000014 ], [ -82.7162896, 38.543846199999969 ], [ -82.7287298, 38.543759900000019 ], [ -82.7552995, 38.5468176 ], [ -82.7626568, 38.553569400000022 ], [ -82.7595893, 38.558227600000031 ], [ -82.755959, 38.5596992 ], [ -82.7500549, 38.5593329 ], [ -82.7470847, 38.5559668 ], [ -82.744372900000016, 38.5554261 ], [ -82.741339, 38.556945 ], [ -82.7341207, 38.556691599999979 ], [ -82.7294464, 38.555001499999975 ], [ -82.7234297, 38.556035299999962 ] ] ] } },
{ "type": "Feature", "properties": { "state_po": "KY", "county_geoid": "21089", "pwsid": "KY0450479", "pws_name": "WURTLAND WATER DEPARTMENT", "population_served_count": 1815, "model_method": "", "verification_status": "", "symbology_field": "System Sourced", "intersection_area_sq_km": 12.82346863706068 }, "geometry": { "type": "Polygon", "coordinates": [ [ [ -82.7685152, 38.524261199999962 ], [ -82.771714300000014, 38.525397499999961 ], [ -82.7729537, 38.527977900000053 ], [ -82.7718299, 38.5315792 ], [ -82.7669311, 38.535109 ], [ -82.768487, 38.537864099999972 ], [ -82.7717199, 38.5404448 ], [ -82.7818557, 38.542483100000013 ], [ -82.784926500000012, 38.5395426 ], [ -82.7814759, 38.5367508 ], [ -82.7826189, 38.5331578 ], [ -82.7784406, 38.530384800000022 ], [ -82.7799773, 38.520825399999964 ], [ -82.785352, 38.5190718 ], [ -82.7879176, 38.520615299999982 ], [ -82.7885924, 38.523218899999982 ], [ -82.791878, 38.522659699999977 ], [ -82.7946783, 38.523926800000048 ], [ -82.795684, 38.533436 ], [ -82.799057, 38.5364981 ], [ -82.8011323, 38.5421272 ], [ -82.7985028, 38.544824799999986 ], [ -82.7934885, 38.544430199999958 ], [ -82.7896468, 38.54635949999998 ], [ -82.8066735, 38.554950099999971 ], [ -82.8079147, 38.557530199999931 ], [ -82.8062433, 38.560199300000022 ], [ -82.8011189, 38.561037500000019 ], [ -82.788837, 38.554612 ], [ -82.7854784, 38.554553499999983 ], [ -82.7835084, 38.556864399999967 ], [ -82.7788979, 38.5582869 ], [ -82.7713973, 38.557013800000064 ], [ -82.7690183, 38.558990299999941 ], [ -82.7652311, 38.559139299999956 ], [ -82.7541979, 38.553534599999971 ], [ -82.7534456, 38.549976699999981 ], [ -82.7566201, 38.547751200000043 ], [ -82.7599847, 38.54135610000003 ], [ -82.7552743, 38.536355299999983 ], [ -82.747061, 38.532533 ], [ -82.7463112, 38.528977900000015 ], [ -82.7510525, 38.526659 ], [ -82.7602246, 38.5300623 ], [ -82.7652304, 38.52523470000002 ], [ -82.7685152, 38.524261199999962 ] ] ] } },
{ "type": "Feature", "properties": { "state_po": "KY", "county_geoid": "21089", "pwsid": "KY0680153", "pws_name": "GARRISON QUINCY HEIGHTS WATER DISTRICT", "population_served_count": 2908, "model_method": "", "verification_status": "", "symbology_field": "System Sourced", "intersection_area_sq_km": 0.017968420295522175 }, "geometry": { "type": "Polygon", "coordinates": [ [ [ -83.0858344, 38.582024 ], [ -83.0873824, 38.5800516 ], [ -83.090382916293493, 38.579224525720484 ], [ -83.087062, 38.580597 ], [ -83.0858344, 38.582024 ] ] ] } },
{ "type": "Feature", "properties": { "state_po": "KY", "county_geoid": "21095", "pwsid": "KY0480028", "pws_name": "BENHAM WATER PLANT", "population_served_count": 855, "model_method": "", "verification_status": "", "symbology_field": "System Sourced", "intersection_area_sq_km": 5.3909268475809524 }, "geometry": { "type": "Polygon", "coordinates": [ [ [ -82.9577572, 36.953541099999981 ], [ -82.9619937, 36.956315400000051 ], [ -82.9603498, 36.961741499999967 ], [ -82.9671887, 36.9651801 ], [ -82.972433600000016, 36.963874099999984 ], [ -82.9775386, 36.966847900000026 ], [ -82.9805454, 36.971916399999976 ], [ -82.9787324, 36.975467 ], [ -82.9692942, 36.9758952 ], [ -82.9582861, 36.971877 ], [ -82.952656, 36.967772799999956 ], [ -82.9360435, 36.970762899999961 ], [ -82.9294888, 36.967613200000031 ], [ -82.9289203, 36.964892699999986 ], [ -82.9309157, 36.96264630000001 ], [ -82.9364227, 36.96255 ], [ -82.9504855, 36.9580872 ], [ -82.9577572, 36.953541099999981 ] ] ] } },
{ "type": "Feature", "properties": { "state_po": "KY", "county_geoid": "21095", "pwsid": "KY0480092", "pws_name": "CUMBERLAND MUNICIPAL WATER WORKS", "population_served_count": 3505, "model_method": "", "verification_status": "", "symbology_field": "System Sourced", "intersection_area_sq_km": 33.027171274262621 }, "geometry": { "type": "Polygon", "coordinates": [ [ [ -82.9069033, 36.996263900000024 ], [ -82.9107871, 36.9943304 ], [ -82.9144401, 36.994708400000093 ], [ -82.9177236, 36.992514 ], [ -82.9216668, 36.992531700000029 ], [ -82.9252361, 36.990144699999981 ], [ -82.931541, 36.991192599999984 ], [ -82.9441433, 36.985763700000028 ], [ -82.947629, 36.9856594 ], [ -82.9552221, 36.9810656 ], [ -82.9597468, 36.981296199999967 ], [ -82.9634325, 36.97955569999997 ], [ -82.9700476, 36.980887799999962 ], [ -82.9723841, 36.9788492 ], [ -82.9755713, 36.978521 ], [ -82.9693351, 36.974021799999967 ], [ -82.962370299999989, 36.9718416 ], [ -82.9611501, 36.969262600000015 ], [ -82.96256, 36.966746700000051 ], [ -82.9666473, 36.965857799999988 ], [ -82.9721416, 36.969103300000022 ], [ -82.9789057, 36.969727199999959 ], [ -82.9838929, 36.968765199999979 ], [ -82.9856038, 36.965413499999975 ], [ -82.9947103, 36.962255100000036 ], [ -82.9962092, 36.960492 ], [ -82.996975, 36.952405699999971 ], [ -82.9865066, 36.9424065 ], [ -82.978525499999989, 36.938607199999986 ], [ -82.9749045, 36.934541400000036 ], [ -82.9683929, 36.934066800000018 ], [ -82.959681, 36.929785800000012 ], [ -82.9500747, 36.931003 ], [ -82.9446822, 36.92591979999996 ], [ -82.9477948, 36.9218769 ], [ -82.9647973, 36.9232138 ], [ -82.9728273, 36.927065599999949 ], [ -82.978274, 36.927440499999989 ], [ -82.9842868, 36.932438200000014 ], [ -82.9884894, 36.9337 ], [ -83.0054136, 36.9484318 ], [ -83.0054226, 36.9628037 ], [ -83.0085258, 36.966331499999988 ], [ -83.0066508, 36.969392100000022 ], [ -83.0095374, 36.969719099999971 ], [ -83.0191416, 36.9633121 ], [ -83.0255752, 36.963509800000011 ], [ -83.0282934, 36.965337899999987 ], [ -83.0384685, 36.964329900000017 ], [ -83.046971, 36.958660499999965 ], [ -83.0561173, 36.9591366 ], [ -83.0816204, 36.9443175 ], [ -83.085042, 36.9445765 ], [ -83.0872806, 36.94684070000001 ], [ -83.1026009, 36.943435299999933 ], [ -83.1091819, 36.943731399999969 ], [ -83.1180555, 36.94016519999996 ], [ -83.1238413, 36.9408944 ], [ -83.1362643, 36.934355599999989 ], [ -83.1394022, 36.934675100000021 ], [ -83.1415948, 36.9367992 ], [ -83.141403, 36.939333699999985 ], [ -83.138529, 36.941913399999954 ], [ -83.1273099, 36.947586 ], [ -83.1203459, 36.94784360000002 ], [ -83.1102584, 36.950923500000016 ], [ -83.1031493, 36.950705100000015 ], [ -83.0895556, 36.954741 ], [ -83.0827401, 36.954386699999958 ], [ -83.078607, 36.958222699999972 ], [ -83.0675121, 36.963526199999954 ], [ -83.0648974, 36.966981600000011 ], [ -83.0603556, 36.96659970000001 ], [ -83.0528122, 36.9697837 ], [ -83.0228308, 36.9735967 ], [ -83.0123125, 36.978898699999988 ], [ -83.0079298, 36.9786133 ], [ -83.005067, 36.983254100000039 ], [ -83.0012045, 36.985259300000024 ], [ -82.9936587, 36.986916 ], [ -82.9882478, 36.985438499999979 ], [ -82.9800919, 36.985988599999956 ], [ -82.9689121, 36.990541500000013 ], [ -82.9644266, 36.988686399999985 ], [ -82.9608675, 36.9889798 ], [ -82.9575589, 36.993975 ], [ -82.9538072, 36.99590929999998 ], [ -82.949369, 36.995584400000034 ], [ -82.9452078, 36.9982 ], [ -82.9406042, 36.995997599999953 ], [ -82.9351529, 37.0003387 ], [ -82.9280553, 36.998920499999969 ], [ -82.9211971, 37.0008168 ], [ -82.919111449295826, 37.003555138341518 ], [ -82.9069033, 36.996263900000024 ] ] ] } },
{ "type": "Feature", "properties": { "state_po": "KY", "county_geoid": "21095", "pwsid": "KY0480125", "pws_name": "EVARTS MUNICIPAL WATER PLANT", "population_served_count": 3059, "model_method": "", "verification_status": "", "symbology_field": "System Sourced", "intersection_area_sq_km": 26.14474113550423 }, "geometry": { "type": "Polygon", "coordinates": [ [ [ -83.1736324, 36.85637819999998 ], [ -83.1992829, 36.857755100000013 ], [ -83.214928, 36.850185899999957 ], [ -83.2145074, 36.846914599999963 ], [ -83.2112881, 36.843945499999975 ], [ -83.207035499999989, 36.843105400000034 ], [ -83.2058713, 36.84596650000001 ], [ -83.2021663, 36.847105700000043 ], [ -83.198063499999989, 36.843628899999977 ], [ -83.1942291, 36.8443972 ], [ -83.1910138, 36.8429235 ], [ -83.1912387, 36.838439399999956 ], [ -83.2001153, 36.833233899999939 ], [ -83.212157, 36.83648620000001 ], [ -83.2151641, 36.836578900000013 ], [ -83.218553899999989, 36.8336367 ], [ -83.2224707, 36.8341384 ], [ -83.2243602, 36.836941599999967 ], [ -83.2227496, 36.843665800000025 ], [ -83.2274038, 36.8421282 ], [ -83.2306937, 36.842913900000021 ], [ -83.2330482, 36.8497028 ], [ -83.2375833, 36.851417499999982 ], [ -83.239738, 36.854684100000014 ], [ -83.2387606, 36.857328500000015 ], [ -83.2360334, 36.8586108 ], [ -83.2268759, 36.8550858 ], [ -83.2209293, 36.857168499999958 ], [ -83.2098721, 36.865122899999974 ], [ -83.2130868, 36.869885800000034 ], [ -83.2102075, 36.8733897 ], [ -83.2062562, 36.873094699999982 ], [ -83.1997284, 36.867916400000013 ], [ -83.1947603, 36.8747522 ], [ -83.1963188, 36.8808101 ], [ -83.1934543, 36.883842399999985 ], [ -83.1900216, 36.8837668 ], [ -83.1870794, 36.881637299999987 ], [ -83.1853334, 36.8758851 ], [ -83.1783375, 36.878369599999935 ], [ -83.1740772, 36.881628399999933 ], [ -83.1632398, 36.880872100000012 ], [ -83.1606705, 36.8825281 ], [ -83.1506125, 36.884271099999957 ], [ -83.1462951, 36.891348599999965 ], [ -83.1483172, 36.9009661 ], [ -83.145703, 36.904141299999985 ], [ -83.140468200000015, 36.903252499999958 ], [ -83.1313412, 36.905356 ], [ -83.1253578, 36.904415399999955 ], [ -83.1213807, 36.901797 ], [ -83.115622, 36.913275800000051 ], [ -83.1079237, 36.9148518 ], [ -83.1061433, 36.916969399999971 ], [ -83.1012842, 36.918549599999984 ], [ -83.097326, 36.91842170000001 ], [ -83.0816183, 36.913216500000019 ], [ -83.0812129, 36.910044900000017 ], [ -83.0840993, 36.907855899999973 ], [ -83.0957999, 36.9086644 ], [ -83.099739, 36.9108838 ], [ -83.1026348, 36.907382 ], [ -83.1070714, 36.907229399999977 ], [ -83.1098509, 36.904255899999988 ], [ -83.1134666, 36.894093800000014 ], [ -83.11713850000001, 36.891618099999988 ], [ -83.1236548, 36.8916023 ], [ -83.1315493, 36.898029799999975 ], [ -83.1363955, 36.894181700000047 ], [ -83.131949300000016, 36.89191749999997 ], [ -83.1317816, 36.8883158 ], [ -83.1341484, 36.8866327 ], [ -83.1384493, 36.88631210000004 ], [ -83.1418159, 36.882766600000018 ], [ -83.1435368, 36.877681699999968 ], [ -83.1462599, 36.875788 ], [ -83.1505888, 36.875039 ], [ -83.1550028, 36.8761892 ], [ -83.1611396, 36.872634099999949 ], [ -83.1687151, 36.873883400000025 ], [ -83.1756633, 36.868883899999986 ], [ -83.1835272, 36.8678004 ], [ -83.1846956, 36.866545500000029 ], [ -83.1772793, 36.8638614 ], [ -83.1609754, 36.862615700000028 ], [ -83.1599352, 36.859109700000012 ], [ -83.1645682, 36.852536499999978 ], [ -83.170080399999989, 36.852084799999957 ], [ -83.1736324, 36.85637819999998 ] ] ] } },
{ "type": "Feature", "properties": { "state_po": "KY", "county_geoid": "21095", "pwsid": "KY0480262", "pws_name": "LYNCH WATER WORKS", "population_served_count": 1078, "model_method": "", "verification_status": "", "symbology_field": "System Sourced", "intersection_area_sq_km": 6.2077607411913602 }, "geometry": { "type": "Polygon", "coordinates": [ [ [ -82.9232026, 36.962451399999978 ], [ -82.9376601, 36.963074299999988 ], [ -82.9397098, 36.965377599999989 ], [ -82.9392921, 36.9682449 ], [ -82.9360204, 36.970977499999982 ], [ -82.9312771, 36.971872899999966 ], [ -82.9189824, 36.969478800000019 ], [ -82.9154762, 36.972075500000024 ], [ -82.9120555, 36.9723523 ], [ -82.9088551, 36.969391199999968 ], [ -82.8850269, 36.958777499999968 ], [ -82.877092, 36.952712200000015 ], [ -82.8764373, 36.949567500000015 ], [ -82.8788758, 36.947327 ], [ -82.8826877, 36.947266400000025 ], [ -82.8960594, 36.955536 ], [ -82.904749, 36.9582912 ], [ -82.908037, 36.9547902 ], [ -82.9116154, 36.954013599999975 ], [ -82.9150936, 36.956293600000038 ], [ -82.9144615, 36.960469600000025 ], [ -82.9232026, 36.962451399999978 ] ] ] } },
{ "type": "Feature", "properties": { "state_po": "KY", "county_geoid": "21095", "pwsid": "KY0480265", "pws_name": "BLACK MTN UTILITY/COXTON", "population_served_count": 356, "model_method": "", "verification_status": "", "symbology_field": "System Sourced", "intersection_area_sq_km": 12.786550507244705 }, "geometry": { "type": "Polygon", "coordinates": [ [ [ -83.2981747, 36.836342800000018 ], [ -83.302041, 36.838270100000024 ], [ -83.3195052, 36.837271699999967 ], [ -83.3221727, 36.8390074 ], [ -83.322606, 36.841522500000039 ], [ -83.319118100000011, 36.846130399999971 ], [ -83.3149811, 36.847039599999988 ], [ -83.3144188, 36.851322799999963 ], [ -83.3057942, 36.854308 ], [ -83.2918345, 36.865351700000033 ], [ -83.2895164, 36.868921 ], [ -83.2852872, 36.868942599999983 ], [ -83.282929, 36.866209099999971 ], [ -83.273097, 36.861518300000029 ], [ -83.270917200000014, 36.86149570000002 ], [ -83.2665733, 36.864660600000036 ], [ -83.2632821, 36.863875899999968 ], [ -83.2613712, 36.861442299999972 ], [ -83.2588323, 36.8614307 ], [ -83.2400894, 36.866940400000011 ], [ -83.23525, 36.865356199999972 ], [ -83.2350774, 36.8617546 ], [ -83.239348, 36.859053 ], [ -83.2331267, 36.858435199999988 ], [ -83.2308987, 36.854256200000016 ], [ -83.2330467, 36.849690500000023 ], [ -83.2373806, 36.848210299999984 ], [ -83.2414879, 36.8413639 ], [ -83.2461287, 36.840640499999978 ], [ -83.2492183, 36.84227870000003 ], [ -83.2497232, 36.8452258 ], [ -83.2462522, 36.850130499999963 ], [ -83.2512524, 36.853665199999966 ], [ -83.2547043, 36.851830699999944 ], [ -83.2588557, 36.853364 ], [ -83.2730339, 36.851755399999966 ], [ -83.277109, 36.853959 ], [ -83.2828557, 36.854285700000013 ], [ -83.2879088, 36.858696700000031 ], [ -83.2957338, 36.851694099999946 ], [ -83.2970195, 36.847781399999974 ], [ -83.2945781, 36.845754300000031 ], [ -83.2933352, 36.8393676 ], [ -83.2951288, 36.837015799999953 ], [ -83.2981747, 36.836342800000018 ] ], [ [ -83.301935, 36.847009700000022 ], [ -83.3017546, 36.847146899999963 ], [ -83.3020651, 36.847072500000039 ], [ -83.301935, 36.847009700000022 ] ] ] } },
{ "type": "Feature", "properties": { "state_po": "KY", "county_geoid": "21095", "pwsid": "KY0480277", "pws_name": "BLACK MTN UTILITY/DAYHOIT", "population_served_count": 1954, "model_method": "", "verification_status": "", "symbology_field": "System Sourced", "intersection_area_sq_km": 25.32956819160686 }, "geometry": { "type": "Polygon", "coordinates": [ [ [ -83.499925, 36.8230111 ], [ -83.4976487, 36.8213529 ], [ -83.4937949, 36.824801099999966 ], [ -83.4620105, 36.837098 ], [ -83.4550489, 36.835739 ], [ -83.4525896, 36.833526100000029 ], [ -83.4405931, 36.8365376 ], [ -83.4244139, 36.83450180000002 ], [ -83.4116598, 36.84765380000001 ], [ -83.4037462, 36.849183 ], [ -83.3985075, 36.856169 ], [ -83.3945489, 36.857879300000036 ], [ -83.3890265, 36.8574331 ], [ -83.3869411, 36.8605714 ], [ -83.3790345, 36.862828199999967 ], [ -83.3664418, 36.8563245 ], [ -83.363809, 36.8531474 ], [ -83.3645078, 36.849587300000024 ], [ -83.3687921, 36.848308600000024 ], [ -83.3656065, 36.8428548 ], [ -83.3700413, 36.837656 ], [ -83.3609508, 36.8276 ], [ -83.3573974, 36.817909900000011 ], [ -83.359949899999989, 36.813770600000012 ], [ -83.365163, 36.814015300000051 ], [ -83.3680069, 36.821670500000025 ], [ -83.3709398, 36.82330649999998 ], [ -83.3723415, 36.827501899999987 ], [ -83.376624, 36.8288946 ], [ -83.3814562, 36.833131300000026 ], [ -83.3820132, 36.835932800000016 ], [ -83.3882451, 36.83919 ], [ -83.3972111, 36.837125700000023 ], [ -83.4006112, 36.834405199999978 ], [ -83.4044254, 36.834631699999967 ], [ -83.4108903, 36.830772100000019 ], [ -83.4157428, 36.831823 ], [ -83.423273, 36.827216399999976 ], [ -83.4392465, 36.8293244 ], [ -83.4460032, 36.827808799999971 ], [ -83.4466071, 36.824289900000018 ], [ -83.4495522, 36.8212218 ], [ -83.4545131, 36.820923799999989 ], [ -83.457866, 36.823046 ], [ -83.461558599999989, 36.815294 ], [ -83.4680076, 36.811170400000044 ], [ -83.471144099999989, 36.812288 ], [ -83.4723793, 36.814861499999971 ], [ -83.4669424, 36.8236335 ], [ -83.46763, 36.826372199999987 ], [ -83.4847368, 36.8204425 ], [ -83.4833952, 36.817264300000069 ], [ -83.4847638, 36.813626799999987 ], [ -83.4786119, 36.8117263 ], [ -83.476600499999989, 36.80800650000004 ], [ -83.4786659, 36.80528510000002 ], [ -83.4849627, 36.804005699999976 ], [ -83.482576, 36.798890199999981 ], [ -83.4870577, 36.7960759 ], [ -83.4920732, 36.7984491 ], [ -83.4949667, 36.808188399999977 ], [ -83.5004473, 36.80851640000003 ], [ -83.5049882, 36.8129488 ], [ -83.507610285440592, 36.812986975781769 ], [ -83.499925, 36.8230111 ] ], [ [ -83.4067847, 36.8398292 ], [ -83.4048338, 36.840972399999984 ], [ -83.405336, 36.841440600000013 ], [ -83.4067847, 36.8398292 ] ], [ [ -83.3785407, 36.845649699999989 ], [ -83.3779107, 36.847378300000038 ], [ -83.3806565, 36.847525600000033 ], [ -83.3806336, 36.846946400000029 ], [ -83.3785407, 36.845649699999989 ] ] ] } },
{ "type": "Feature", "properties": { "state_po": "KY", "county_geoid": "21095", "pwsid": "KY0480341", "pws_name": "GREEN HILLS WATER DISTRICT", "population_served_count": 1443, "model_method": "", "verification_status": "", "symbology_field": "System Sourced", "intersection_area_sq_km": 45.544527688620633 }, "geometry": { "type": "Polygon", "coordinates": [ [ [ -83.1538815, 36.9571215 ], [ -83.1731441, 36.951276400000019 ], [ -83.1954222, 36.938407400000024 ], [ -83.2156434, 36.93099160000002 ], [ -83.226377, 36.9288707 ], [ -83.2322377, 36.92516730000002 ], [ -83.2394923, 36.92479119999998 ], [ -83.3056453, 36.904803899999983 ], [ -83.310186500000015, 36.902783800000044 ], [ -83.3070916, 36.901954900000014 ], [ -83.3053281, 36.899636199999946 ], [ -83.3078129, 36.895521599999988 ], [ -83.314381, 36.893883699999989 ], [ -83.3209368, 36.897010399999985 ], [ -83.3342599, 36.8953998 ], [ -83.3436745, 36.896612 ], [ -83.3508466, 36.89554769999998 ], [ -83.3544767, 36.8972066 ], [ -83.357064100000017, 36.892753300000024 ], [ -83.3606158, 36.8917823 ], [ -83.3723898, 36.88372 ], [ -83.3962668, 36.87969180000001 ], [ -83.3986092, 36.877630399999966 ], [ -83.4025631, 36.877705500000019 ], [ -83.4064611, 36.8756101 ], [ -83.4111724, 36.877448500000021 ], [ -83.4299171, 36.871587299999987 ], [ -83.4558516, 36.8592043 ], [ -83.460345, 36.8555894 ], [ -83.4641463, 36.8552127 ], [ -83.4700874, 36.851461199999989 ], [ -83.4733158, 36.846865200000011 ], [ -83.4810841, 36.84450079999997 ], [ -83.484836119569749, 36.844825141963355 ], [ -83.48171, 36.849134 ], [ -83.485527662435047, 36.852136999948591 ], [ -83.4540563, 36.867805799999978 ], [ -83.4445508, 36.874184 ], [ -83.4101133, 36.88626139999996 ], [ -83.4009976, 36.886173 ], [ -83.3763619, 36.890232199999978 ], [ -83.362144, 36.9022168 ], [ -83.3548563, 36.9053476 ], [ -83.3546308, 36.9094605 ], [ -83.3569605, 36.9149143 ], [ -83.3607329, 36.9172092 ], [ -83.3603249, 36.920441499999988 ], [ -83.3681417, 36.915048 ], [ -83.3738353, 36.91421680000002 ], [ -83.3770573, 36.9156855 ], [ -83.3770955, 36.9198842 ], [ -83.3716195, 36.9222958 ], [ -83.376016933823408, 36.92799646352637 ], [ -83.367370814945446, 36.930106762734638 ], [ -83.3636763, 36.927175599999977 ], [ -83.3535552, 36.928958800000018 ], [ -83.3427987, 36.9229742 ], [ -83.3392696, 36.914591099999988 ], [ -83.33372, 36.913235300000046 ], [ -83.3316272, 36.911050600000038 ], [ -83.3284279, 36.91360330000002 ], [ -83.3234502, 36.91418 ], [ -83.3205342, 36.9120162 ], [ -83.3208994, 36.908838299999985 ], [ -83.3152324, 36.9087933 ], [ -83.3053939, 36.9124733 ], [ -83.3095438, 36.9209962 ], [ -83.3090337, 36.9248592 ], [ -83.3065414, 36.926758100000043 ], [ -83.3011359, 36.925316400000014 ], [ -83.2970215, 36.9154026 ], [ -83.293433, 36.915888600000045 ], [ -83.2818359, 36.92073449999998 ], [ -83.261231099999989, 36.925388200000036 ], [ -83.238078800000011, 36.932374500000016 ], [ -83.2352018, 36.934429399999971 ], [ -83.2140501, 36.939590200000019 ], [ -83.1928094, 36.948397299999989 ], [ -83.1910574, 36.94960870000002 ], [ -83.1924979, 36.952215799999983 ], [ -83.2035362, 36.956419100000026 ], [ -83.2057391, 36.960260899999973 ], [ -83.2110749, 36.963697799999977 ], [ -83.2126899, 36.968662099999975 ], [ -83.219096, 36.97117 ], [ -83.2300677, 36.9813846 ], [ -83.24229211044134, 36.983436588049805 ], [ -83.235763993892348, 36.990826315832905 ], [ -83.2266635, 36.98847160000004 ], [ -83.2201573, 36.98320380000002 ], [ -83.2045596, 36.990041199999965 ], [ -83.1833136, 36.987519900000045 ], [ -83.1809743, 36.9837638 ], [ -83.18476, 36.980607299999988 ], [ -83.1954698, 36.980743499999981 ], [ -83.2032204, 36.982458899999976 ], [ -83.213621100000012, 36.9773039 ], [ -83.2048566, 36.973699500000031 ], [ -83.2032822, 36.967342499999972 ], [ -83.198235, 36.9646432 ], [ -83.1967624, 36.961403500000017 ], [ -83.1867798, 36.9586962 ], [ -83.1832995, 36.953726099999983 ], [ -83.1776345, 36.9578474 ], [ -83.1555426, 36.964410900000026 ], [ -83.150307084130546, 36.962096991845989 ], [ -83.1538815, 36.9571215 ] ] ] } },
{ "type": "Feature", "properties": { "state_po": "KY", "county_geoid": "21095", "pwsid": "KY0480461", "pws_name": "BLACK MTN UTILITY/SUKEY RIDGE", "population_served_count": 740, "model_method": "", "verification_status": "", "symbology_field": "System Sourced", "intersection_area_sq_km": 7.5695512796556779 }, "geometry": { "type": "Polygon", "coordinates": [ [ [ -83.3693764, 36.849919 ], [ -83.3733336, 36.85201079999996 ], [ -83.373144599999989, 36.857520600000015 ], [ -83.3755991, 36.859509800000019 ], [ -83.3758287, 36.862042200000012 ], [ -83.3731375, 36.86438490000004 ], [ -83.36716, 36.8645575 ], [ -83.3625632, 36.869390100000011 ], [ -83.3499744, 36.868865 ], [ -83.344052, 36.8714694 ], [ -83.3407687, 36.870301 ], [ -83.3385225, 36.8668066 ], [ -83.3288889, 36.87059150000001 ], [ -83.3239634, 36.868089600000019 ], [ -83.3229787, 36.858346800000042 ], [ -83.335531, 36.852229199999968 ], [ -83.350444, 36.8551901 ], [ -83.3592, 36.854594299999974 ], [ -83.3624892, 36.857025099999966 ], [ -83.3657748, 36.8512556 ], [ -83.3693764, 36.849919 ] ] ] } },
{ "type": "Feature", "properties": { "state_po": "KY", "county_geoid": "21095", "pwsid": "KY0480498", "pws_name": "BLACK MTN UTILITY/LOUELLEN", "population_served_count": 520, "model_method": "", "verification_status": "", "symbology_field": "System Sourced", "intersection_area_sq_km": 14.414223612438201 }, "geometry": { "type": "Polygon", "coordinates": [ [ [ -83.0415886, 36.883310900000041 ], [ -83.0593572, 36.886758499999985 ], [ -83.0623016, 36.884430499999972 ], [ -83.0664536, 36.885080300000013 ], [ -83.068045, 36.887274199999965 ], [ -83.0681557, 36.894281299999989 ], [ -83.0715768, 36.899185199999984 ], [ -83.0798066, 36.9024277 ], [ -83.0830841, 36.906449300000077 ], [ -83.088683, 36.908825699999959 ], [ -83.0899054, 36.911167499999983 ], [ -83.0887088, 36.913753299999946 ], [ -83.084135, 36.9147539 ], [ -83.0780044, 36.91266820000002 ], [ -83.075063899999989, 36.90987649999996 ], [ -83.0672596, 36.9089366 ], [ -83.0584644, 36.89457160000002 ], [ -83.0558353, 36.8937769 ], [ -83.0525401, 36.89438849999997 ], [ -83.0475478, 36.892492600000011 ], [ -83.042555, 36.8939133 ], [ -83.0351742, 36.888409699999983 ], [ -83.0307468, 36.889144699999981 ], [ -83.0269783, 36.887638400000043 ], [ -83.0215574, 36.889324900000013 ], [ -83.017736, 36.8874279 ], [ -83.0118068, 36.8920797 ], [ -83.0073215, 36.891973900000011 ], [ -83.0052405, 36.8883742 ], [ -83.0092639, 36.8832624 ], [ -83.0091143, 36.8810056 ], [ -83.002677, 36.872068400000032 ], [ -82.9982436, 36.872563600000014 ], [ -82.9898561, 36.869859800000022 ], [ -82.979039, 36.869196199999955 ], [ -82.974941, 36.871806599999964 ], [ -82.9669161, 36.872130099999985 ], [ -82.9615426, 36.8753088 ], [ -82.9521233, 36.877970799999936 ], [ -82.9483247, 36.876476200000013 ], [ -82.9476055, 36.873035699999981 ], [ -82.9499082, 36.8704392 ], [ -82.9578087, 36.868739600000019 ], [ -82.963992, 36.865314800000021 ], [ -82.970741, 36.864697799999981 ], [ -82.9745897, 36.861552 ], [ -82.9795462, 36.8619407 ], [ -82.9847553, 36.8602796 ], [ -82.9994792, 36.8653326 ], [ -83.0055674, 36.865066099999979 ], [ -83.0113003, 36.867925 ], [ -83.0180923, 36.879858800000044 ], [ -83.0363219, 36.880761500000013 ], [ -83.0415886, 36.883310900000041 ] ] ] } },
{ "type": "Feature", "properties": { "state_po": "KY", "county_geoid": "21095", "pwsid": "KY0480572", "pws_name": "BLACK MTN UTILITY/WALLINS", "population_served_count": 1485, "model_method": "", "verification_status": "", "symbology_field": "System Sourced", "intersection_area_sq_km": 16.849562148468785 }, "geometry": { "type": "Polygon", "coordinates": [ [ [ -83.4265366, 36.8361504 ], [ -83.4332657, 36.8387147 ], [ -83.4318023, 36.843296699999961 ], [ -83.4284503, 36.845001499999967 ], [ -83.4230811, 36.844132800000033 ], [ -83.4169073, 36.838231399999955 ], [ -83.4146431, 36.832126700000011 ], [ -83.4079204, 36.832913 ], [ -83.3974529, 36.826509 ], [ -83.3964424, 36.8200909 ], [ -83.399794, 36.818387 ], [ -83.4047261, 36.819487299999984 ], [ -83.406716, 36.817987500000022 ], [ -83.4061329, 36.815612 ], [ -83.399501200000017, 36.804223600000029 ], [ -83.3950447, 36.804693800000031 ], [ -83.3919136, 36.8022381 ], [ -83.3922832, 36.799168600000037 ], [ -83.395744, 36.7962455 ], [ -83.3941108, 36.79036140000003 ], [ -83.3953086, 36.7859789 ], [ -83.3933911, 36.782169599999989 ], [ -83.3915025, 36.780083800000014 ], [ -83.3763286, 36.774983700000028 ], [ -83.3749057, 36.77200820000003 ], [ -83.3769738, 36.769288600000039 ], [ -83.3831079, 36.7685736 ], [ -83.3897221, 36.77221709999997 ], [ -83.3921488, 36.766899500000036 ], [ -83.3955274, 36.766429800000047 ], [ -83.3983293, 36.7680197 ], [ -83.3984163, 36.775352199999979 ], [ -83.4038318, 36.783669599999989 ], [ -83.4032087, 36.790228799999987 ], [ -83.4083424, 36.801446199999965 ], [ -83.4148534, 36.799632199999984 ], [ -83.4187272, 36.802148799999983 ], [ -83.4184174, 36.804896 ], [ -83.4147266, 36.807135900000041 ], [ -83.4143986, 36.80917789999998 ], [ -83.417824600000031, 36.815318700000027 ], [ -83.416386, 36.818624299999975 ], [ -83.4175069, 36.821539500000014 ], [ -83.4297541, 36.8109944 ], [ -83.4342039, 36.8118458 ], [ -83.438588, 36.809912600000018 ], [ -83.4432784, 36.8124739 ], [ -83.4473525, 36.810952599999958 ], [ -83.4525565, 36.813081599999947 ], [ -83.452902900000012, 36.8164855 ], [ -83.4498222, 36.818836500000053 ], [ -83.4545448, 36.821606 ], [ -83.4540968, 36.825594499999951 ], [ -83.4452058, 36.830458299999933 ], [ -83.4415406, 36.828382500000011 ], [ -83.4417483, 36.8250398 ], [ -83.4393529, 36.8208601 ], [ -83.4344253, 36.824207300000047 ], [ -83.4293641, 36.82316 ], [ -83.4292868, 36.826645900000031 ], [ -83.4269797, 36.8287907 ], [ -83.4265366, 36.8361504 ] ] ] } },
{ "type": "Feature", "properties": { "state_po": "KY", "county_geoid": "21095", "pwsid": "KY0480603", "pws_name": "BLACK MTN UTILITY/KENVIR", "population_served_count": 1396, "model_method": "", "verification_status": "", "symbology_field": "System Sourced", "intersection_area_sq_km": 8.1970574397952465 }, "geometry": { "type": "Polygon", "coordinates": [ [ [ -83.1641973, 36.8478282 ], [ -83.1677258, 36.8493268 ], [ -83.1709709, 36.855007499999978 ], [ -83.1704289, 36.857731499999986 ], [ -83.1676487, 36.8593496 ], [ -83.1612234, 36.859846099999984 ], [ -83.1547971, 36.8579807 ], [ -83.1489973, 36.854323499999985 ], [ -83.1444706, 36.85493 ], [ -83.1415954, 36.851021500000044 ], [ -83.1382249, 36.850062100000031 ], [ -83.1244165, 36.855396700000043 ], [ -83.1189351, 36.854332400000025 ], [ -83.11404, 36.855105 ], [ -83.1088446, 36.853501799999947 ], [ -83.1031119, 36.860096599999984 ], [ -83.0998276, 36.861706 ], [ -83.0964381, 36.861268400000029 ], [ -83.0944266, 36.859033 ], [ -83.0948256, 36.8565142 ], [ -83.100872099999989, 36.849902399999969 ], [ -83.097804599999989, 36.846551600000033 ], [ -83.0999018, 36.843027799999987 ], [ -83.1038476, 36.842701500000011 ], [ -83.1104705, 36.846389099999989 ], [ -83.1122705, 36.844036500000023 ], [ -83.1158976, 36.843443 ], [ -83.1193816, 36.846906299999965 ], [ -83.1236889, 36.8480489 ], [ -83.1379637, 36.8420748 ], [ -83.137544, 36.838405500000015 ], [ -83.1409966, 36.836105800000041 ], [ -83.145006099999989, 36.8371826 ], [ -83.1468126, 36.843711 ], [ -83.1540847, 36.847879 ], [ -83.1608484, 36.84887250000007 ], [ -83.1641973, 36.8478282 ] ] ] } },
{ "type": "Feature", "properties": { "state_po": "KY", "county_geoid": "21095", "pwsid": "KY0480650", "pws_name": "BLACK MTN UTILITY/ROSSPOINT", "population_served_count": 1889, "model_method": "", "verification_status": "", "symbology_field": "System Sourced", "intersection_area_sq_km": 29.866754109738526 }, "geometry": { "type": "Polygon", "coordinates": [ [ [ -83.145446800000016, 36.928414 ], [ -83.1586083, 36.9260216 ], [ -83.1608875, 36.922292299999953 ], [ -83.167111, 36.9187402 ], [ -83.171719200000013, 36.918904099999963 ], [ -83.1766701, 36.9164953 ], [ -83.182914, 36.9107741 ], [ -83.186612, 36.9109532 ], [ -83.1889173, 36.913439399999987 ], [ -83.1926959, 36.912862 ], [ -83.2097729, 36.907274099999967 ], [ -83.2168968, 36.906341799999986 ], [ -83.2257059, 36.900535200000014 ], [ -83.2320593, 36.899285 ], [ -83.2381344, 36.9004551 ], [ -83.2435838, 36.8976186 ], [ -83.2575816, 36.894438699999981 ], [ -83.2605261, 36.888946800000028 ], [ -83.2668342, 36.888435199999947 ], [ -83.2705495, 36.880635900000016 ], [ -83.2839854, 36.8799872 ], [ -83.2894109, 36.873994599999946 ], [ -83.2952145, 36.87470330000005 ], [ -83.2994756, 36.8705815 ], [ -83.3110068, 36.868230200000042 ], [ -83.3151008, 36.864277399999963 ], [ -83.3258561, 36.8651932 ], [ -83.3296354, 36.867505 ], [ -83.3298623, 36.8704811 ], [ -83.325154, 36.87447990000004 ], [ -83.3245055, 36.8784296 ], [ -83.3185341, 36.88019 ], [ -83.3184133, 36.884307300000025 ], [ -83.3137393, 36.885980599999989 ], [ -83.3190952, 36.8912444 ], [ -83.3173545, 36.8948314 ], [ -83.3147428, 36.896254900000031 ], [ -83.3131795, 36.9010628 ], [ -83.307893100000015, 36.904561299999955 ], [ -83.3019102, 36.9049387 ], [ -83.299443599999989, 36.907205200000035 ], [ -83.2846692, 36.9108576 ], [ -83.2796845, 36.914285799999959 ], [ -83.2731811, 36.916398300000012 ], [ -83.262839, 36.91734 ], [ -83.2609706, 36.9202349 ], [ -83.2569108, 36.921696799999957 ], [ -83.2469434, 36.921737199999981 ], [ -83.2437966, 36.91889009999997 ], [ -83.2467865, 36.914597400000012 ], [ -83.2543783, 36.913205299999973 ], [ -83.2593183, 36.910167 ], [ -83.2710812, 36.908653500000021 ], [ -83.2862189, 36.901254100000031 ], [ -83.3050779, 36.8960158 ], [ -83.3068701, 36.891689799999973 ], [ -83.3038894, 36.8819039 ], [ -83.3010711, 36.880726300000013 ], [ -83.2932475, 36.889178299999962 ], [ -83.2750441, 36.8976831 ], [ -83.2476127, 36.904434800000011 ], [ -83.2422992, 36.9073908 ], [ -83.2377254, 36.907759399999989 ], [ -83.2332836, 36.9107988 ], [ -83.228108, 36.910951199999985 ], [ -83.2160394, 36.9149631 ], [ -83.2125101, 36.9145653 ], [ -83.209911, 36.918104900000031 ], [ -83.1986871, 36.920031899999941 ], [ -83.1955718, 36.923985600000016 ], [ -83.1924149, 36.9238331 ], [ -83.1888197, 36.921352600000027 ], [ -83.186565800000011, 36.921906300000039 ], [ -83.1722076, 36.929644400000029 ], [ -83.165922900000012, 36.930341 ], [ -83.1617537, 36.933263699999976 ], [ -83.1514432, 36.9346964 ], [ -83.139043, 36.941124699999975 ], [ -83.1339841, 36.94005720000002 ], [ -83.1330641, 36.9369557 ], [ -83.1358658, 36.9340089 ], [ -83.145446800000016, 36.928414 ] ] ] } },
{ "type": "Feature", "properties": { "state_po": "KY", "county_geoid": "21095", "pwsid": "KY0483727", "pws_name": "CAWOOD WATER-PATHFORK", "population_served_count": 463, "model_method": "", "verification_status": "", "symbology_field": "System Sourced", "intersection_area_sq_km": 7.7086550595542329 }, "geometry": { "type": "Polygon", "coordinates": [ [ [ -83.4876951, 36.7682866 ], [ -83.482849, 36.7661031 ], [ -83.477356, 36.766168599999979 ], [ -83.4708177, 36.761315599999961 ], [ -83.4685932, 36.763684699999985 ], [ -83.464038, 36.7641546 ], [ -83.45508, 36.7589543 ], [ -83.4452956, 36.7559168 ], [ -83.4403846, 36.756046099999971 ], [ -83.438419, 36.751964600000036 ], [ -83.4338645, 36.749716400000011 ], [ -83.4252947, 36.741303899999963 ], [ -83.4247072, 36.7365897 ], [ -83.4274773, 36.734965500000023 ], [ -83.430863, 36.7353934 ], [ -83.439963, 36.744306699999981 ], [ -83.4491716, 36.746995 ], [ -83.4520654, 36.750910100000041 ], [ -83.4590186, 36.75241 ], [ -83.4566875, 36.7399748 ], [ -83.4592834, 36.7371559 ], [ -83.4634983, 36.737350299999974 ], [ -83.47045030000001, 36.753155199999959 ], [ -83.4747041, 36.753519399999981 ], [ -83.4810938, 36.758657400000011 ], [ -83.4859871, 36.7588076 ], [ -83.490155309149614, 36.761293412203479 ], [ -83.4876951, 36.7682866 ] ] ] } },
{ "type": "Feature", "properties": { "state_po": "KY", "county_geoid": "21127", "pwsid": "WV3305011", "pws_name": "LAVALETTE PSD-ROUTE 52 NORTH DISTRICT", "population_served_count": 1065, "model_method": "Random Forest", "verification_status": "", "symbology_field": "Modeled", "intersection_area_sq_km": 0.019156147544320379 }, "geometry": { "type": "MultiPolygon", "coordinates": [ [ [ [ -82.607851585695329, 38.222799504549393 ], [ -82.606670420072518, 38.221869065964675 ], [ -82.607672, 38.222525400000023 ], [ -82.607851585695329, 38.222799504549393 ] ] ], [ [ [ -82.612451148030601, 38.234959232923124 ], [ -82.608676, 38.243975399999989 ], [ -82.607271919218121, 38.245703365808644 ], [ -82.612451148030601, 38.234959232923124 ] ] ], [ [ [ -82.605982, 38.246931400000015 ], [ -82.604498721380679, 38.247665238635555 ], [ -82.606576029128988, 38.246384908562511 ], [ -82.605982, 38.246931400000015 ] ] ] ] } },
{ "type": "Feature", "properties": { "state_po": "KY", "county_geoid": "21067", "pwsid": "KY1200310", "pws_name": "NE WOODFORD CO WATER DISTRICT", "population_served_count": 2644, "model_method": "", "verification_status": "", "symbology_field": "System Sourced", "intersection_area_sq_km": 3.5681625096414065 }, "geometry": { "type": "MultiPolygon", "coordinates": [ [ [ [ -84.6437966798091, 38.059902615642422 ], [ -84.6425495, 38.0560267 ], [ -84.645825686434961, 38.053715139116854 ], [ -84.6437966798091, 38.059902615642422 ] ] ], [ [ [ -84.6275721, 38.10780730000004 ], [ -84.6115077, 38.099675799999979 ], [ -84.6101659, 38.0960202 ], [ -84.6149099, 38.093402200000028 ], [ -84.6238401, 38.097217300000018 ], [ -84.6252549, 38.09456 ], [ -84.6214017, 38.0906834 ], [ -84.6216546, 38.084018100000016 ], [ -84.638166491158543, 38.076946145829005 ], [ -84.635140808436262, 38.086102018876261 ], [ -84.6302221, 38.088073700000031 ], [ -84.63354984229737, 38.090915418017865 ], [ -84.6275721, 38.10780730000004 ] ] ] ] } },
{ "type": "Feature", "properties": { "state_po": "KY", "county_geoid": "21049", "pwsid": "KY0870246", "pws_name": "LEVEE RD WATER ASSOCIATION INC", "population_served_count": 2471, "model_method": "", "verification_status": "", "symbology_field": "System Sourced", "intersection_area_sq_km": 0.26848329331727799 }, "geometry": { "type": "MultiPolygon", "coordinates": [ [ [ [ -83.980417273505992, 37.956455635641298 ], [ -83.9819003, 37.958012600000011 ], [ -83.982352007771212, 37.959847068271827 ], [ -83.980417273505992, 37.956455635641298 ] ] ], [ [ [ -83.9848623, 37.963300600000032 ], [ -83.9879575, 37.9645671 ], [ -83.9913028, 37.969474500000061 ], [ -83.990954779383031, 37.974084839459749 ], [ -83.9848623, 37.963300600000032 ] ] ] ] } },
{ "type": "Feature", "properties": { "state_po": "KY", "county_geoid": "21049", "pwsid": "KY0870367", "pws_name": "REID VILLAGE WATER DISTRICT", "population_served_count": 2545, "model_method": "", "verification_status": "", "symbology_field": "System Sourced", "intersection_area_sq_km": 2.8418478893722172 }, "geometry": { "type": "Polygon", "coordinates": [ [ [ -84.0227741, 38.024274299999945 ], [ -84.0265494, 38.021914299999963 ], [ -84.0308948, 38.023548900000044 ], [ -84.0315138, 38.030335400000034 ], [ -84.0353718, 38.033162 ], [ -84.0387569, 38.042093700000017 ], [ -84.0440294, 38.044380399999959 ], [ -84.0507192, 38.050888399999984 ], [ -84.052073, 38.0559058 ], [ -84.049993700000016, 38.0586373 ], [ -84.0465603, 38.059126 ], [ -84.0436837, 38.057547 ], [ -84.0227741, 38.024274299999945 ] ] ] } },
{ "type": "Feature", "properties": { "state_po": "KY", "county_geoid": "21033", "pwsid": "KY0170146", "pws_name": "FREDONIA WATER DEPARTMENT", "population_served_count": 1040, "model_method": "", "verification_status": "", "symbology_field": "System Sourced", "intersection_area_sq_km": 12.202118411607318 }, "geometry": { "type": "Polygon", "coordinates": [ [ [ -88.0465064, 37.1757062 ], [ -88.0454421, 37.178461099999971 ], [ -88.0505051, 37.185735600000037 ], [ -88.0584088, 37.1954151 ], [ -88.0643504, 37.1986936 ], [ -88.0706249, 37.1980226 ], [ -88.0708497, 37.1938217 ], [ -88.0680949, 37.189951700000023 ], [ -88.07222760280294, 37.176941153257559 ], [ -88.080985487061696, 37.177289596588302 ], [ -88.0775954, 37.188979 ], [ -88.085123, 37.189444 ], [ -88.083732, 37.192148 ], [ -88.085983427099706, 37.196322597844663 ], [ -88.079914, 37.196652799999988 ], [ -88.0779551, 37.202667500000011 ], [ -88.0713322, 37.205503900000039 ], [ -88.067661199999989, 37.210785699999974 ], [ -88.0708298, 37.2161751 ], [ -88.0767699, 37.21784 ], [ -88.0791824, 37.215873399999978 ], [ -88.0823521, 37.2157269 ], [ -88.0857181, 37.21983520000002 ], [ -88.079035512055711, 37.225195950051102 ], [ -88.0752756, 37.2249514 ], [ -88.0723453, 37.228685400000018 ], [ -88.0686348, 37.228467500000029 ], [ -88.064119, 37.225369499999978 ], [ -88.0542642, 37.2248845 ], [ -88.0524155, 37.2218249 ], [ -88.0552331, 37.213027200000013 ], [ -88.0435673, 37.211631599999983 ], [ -88.0406802, 37.209433200000028 ], [ -88.042315699999989, 37.205244399999977 ], [ -88.051875400000014, 37.204734900000012 ], [ -88.0539906, 37.2017431 ], [ -88.0428997, 37.189601 ], [ -88.0365366, 37.179908499999975 ], [ -88.039278400492975, 37.169982928541017 ], [ -88.042285, 37.174774 ], [ -88.0465064, 37.1757062 ] ] ] } },
{ "type": "Feature", "properties": { "state_po": "KY", "county_geoid": "21033", "pwsid": "KY0540958", "pws_name": "DAWSON SPRINGS WATER & SEWER", "population_served_count": 2631, "model_method": "", "verification_status": "", "symbology_field": "System Sourced", "intersection_area_sq_km": 1.5301461983661822 }, "geometry": { "type": "Polygon", "coordinates": [ [ [ -87.6816749, 37.144856499999982 ], [ -87.686351, 37.1467587 ], [ -87.6868587, 37.152846599999961 ], [ -87.697464, 37.155854800000021 ], [ -87.6999367, 37.1593228 ], [ -87.7057468, 37.157127800000012 ], [ -87.7099753, 37.1576663 ], [ -87.7118376, 37.160138200000013 ], [ -87.7108335, 37.1630027 ], [ -87.700661, 37.166599 ], [ -87.699642, 37.163979 ], [ -87.705227, 37.16105 ], [ -87.697442, 37.161746 ], [ -87.698394, 37.15856 ], [ -87.6944, 37.156177 ], [ -87.683659, 37.154745 ], [ -87.680141, 37.151238 ], [ -87.6816749, 37.144856499999982 ] ] ] } },
{ "type": "Feature", "properties": { "state_po": "KY", "county_geoid": "21093", "pwsid": "KY0150242", "pws_name": "LEBANON JUNCTION WATER WORKS", "population_served_count": 2866, "model_method": "", "verification_status": "", "symbology_field": "System Sourced", "intersection_area_sq_km": 0.18016651795934008 }, "geometry": { "type": "MultiPolygon", "coordinates": [ [ [ [ -85.7418705, 37.819654899999975 ], [ -85.7455227, 37.820330600000041 ], [ -85.747268720902397, 37.822778645358262 ], [ -85.742184, 37.821871 ], [ -85.7418705, 37.819654899999975 ] ] ], [ [ [ -85.7503756, 37.8242896 ], [ -85.7520492, 37.825907 ], [ -85.752364044897789, 37.828201964325309 ], [ -85.750152, 37.826737 ], [ -85.7503756, 37.8242896 ] ] ] ] } },
{ "type": "Feature", "properties": { "state_po": "KY", "county_geoid": "21093", "pwsid": "KY0820481", "pws_name": "MULDRAUGH WATER DEPARTMENT", "population_served_count": 1411, "model_method": "", "verification_status": "", "symbology_field": "System Sourced", "intersection_area_sq_km": 0.47500549528282093 }, "geometry": { "type": "Polygon", "coordinates": [ [ [ -85.9882049, 37.942344 ], [ -85.9827262, 37.932901400000041 ], [ -85.9823084, 37.9265582 ], [ -85.984828468658904, 37.923733640356403 ], [ -85.9882049, 37.942344 ] ] ] } },
{ "type": "Feature", "properties": { "state_po": "KY", "county_geoid": "21101", "pwsid": "KY0510510", "pws_name": "HENDERSON WATER UTILITY/SOUTH", "population_served_count": 54, "model_method": "", "verification_status": "", "symbology_field": "System Sourced", "intersection_area_sq_km": 3.4440128269573735 }, "geometry": { "type": "Polygon", "coordinates": [ [ [ -87.5329101, 37.645855200000021 ], [ -87.532447499999989, 37.649764899999987 ], [ -87.5394763, 37.651148400000046 ], [ -87.5417138, 37.653532900000037 ], [ -87.5409788, 37.660872 ], [ -87.537628, 37.6632999 ], [ -87.532937800000013, 37.661838400000029 ], [ -87.5325268, 37.657461 ], [ -87.5240579, 37.653961099999982 ], [ -87.5197588, 37.652789199999987 ], [ -87.517743, 37.656026900000029 ], [ -87.5135399, 37.656643700000025 ], [ -87.5035147, 37.648996499999967 ], [ -87.49617784821973, 37.647506427261568 ], [ -87.5329101, 37.645855200000021 ] ] ] } },
{ "type": "Feature", "properties": { "state_po": "KY", "county_geoid": "21101", "pwsid": "KY1170388", "pws_name": "SEBREE WATER DEPARTMENT", "population_served_count": 1743, "model_method": "", "verification_status": "", "symbology_field": "System Sourced", "intersection_area_sq_km": 0.16043106263687482 }, "geometry": { "type": "Polygon", "coordinates": [ [ [ -87.533379136209447, 37.645834525740874 ], [ -87.5295031, 37.647688399999964 ], [ -87.520454772499917, 37.646340791360565 ], [ -87.533379136209447, 37.645834525740874 ] ] ] } },
{ "type": "Feature", "properties": { "state_po": "KY", "county_geoid": "21195", "pwsid": "VA1051092", "pws_name": "CENTENNIAL HEIGHTS", "population_served_count": 220, "model_method": "Random Forest", "verification_status": "", "symbology_field": "Modeled", "intersection_area_sq_km": 0.23945053121611093 }, "geometry": { "type": "MultiPolygon", "coordinates": [ [ [ [ -82.389047014690362, 37.258765158130039 ], [ -82.3884898, 37.259132199999989 ], [ -82.387872487957452, 37.259065676510673 ], [ -82.389047014690362, 37.258765158130039 ] ] ], [ [ [ -82.386006733182498, 37.259543033522135 ], [ -82.3855898, 37.259765200000025 ], [ -82.385253239214251, 37.259721123660292 ], [ -82.386006733182498, 37.259543033522135 ] ] ], [ [ [ -82.383701253150889, 37.260062456219416 ], [ -82.3835308, 37.2601522 ], [ -82.383310542225601, 37.260148382716366 ], [ -82.383701253150889, 37.260062456219416 ] ] ], [ [ [ -82.381448602952929, 37.260084277939718 ], [ -82.3807838, 37.260109199999981 ], [ -82.380400300096809, 37.260044464735728 ], [ -82.381448602952929, 37.260084277939718 ] ] ], [ [ [ -82.379148916887516, 37.259996941182642 ], [ -82.3767528, 37.25993120000004 ], [ -82.375481739542067, 37.260316853856651 ], [ -82.376595, 37.2599 ], [ -82.379148916887516, 37.259996941182642 ] ] ], [ [ [ -82.37425379972241, 37.260776631385639 ], [ -82.372460800000013, 37.261570199999987 ], [ -82.37165309787413, 37.261750352160746 ], [ -82.37425379972241, 37.260776631385639 ] ] ], [ [ [ -82.371517801434848, 37.261801005851233 ], [ -82.3706048, 37.262402199999983 ], [ -82.369656141161613, 37.262497971195124 ], [ -82.371517801434848, 37.261801005851233 ] ] ], [ [ [ -82.363083886528344, 37.264542130438599 ], [ -82.3620618, 37.26472619999997 ], [ -82.359281649147164, 37.2648751557591 ], [ -82.363083886528344, 37.264542130438599 ] ] ], [ [ [ -82.3579978, 37.2650352 ], [ -82.3557458, 37.265286200000013 ], [ -82.350554015608509, 37.26738903536684 ], [ -82.355343, 37.26522 ], [ -82.3579978, 37.2650352 ] ] ], [ [ [ -82.349076906670717, 37.268558869639463 ], [ -82.3489648, 37.27201119999998 ], [ -82.342885877053973, 37.273461413250253 ], [ -82.349076906670717, 37.268558869639463 ] ] ], [ [ [ -82.3420838, 37.2742232 ], [ -82.3439398, 37.280605200000018 ], [ -82.3404608, 37.281232300000021 ], [ -82.339775483507466, 37.280400503758912 ], [ -82.341849, 37.280886 ], [ -82.3420838, 37.2742232 ] ] ], [ [ [ -82.3364808, 37.2800822 ], [ -82.3364118, 37.281436200000023 ], [ -82.3344628, 37.281202200000024 ], [ -82.334357359115657, 37.280927370968101 ], [ -82.3364808, 37.2800822 ] ] ] ] } },
{ "type": "Feature", "properties": { "state_po": "KY", "county_geoid": "21195", "pwsid": "WV3303031", "pws_name": "MINGO COUNTY PSD - PIGEON CREEK", "population_served_count": 2877, "model_method": "Random Forest", "verification_status": "", "symbology_field": "Modeled", "intersection_area_sq_km": 0.052303610191617153 }, "geometry": { "type": "MultiPolygon", "coordinates": [ [ [ [ -82.3057008, 37.7066623 ], [ -82.3076818, 37.708013299999934 ], [ -82.308212521131907, 37.709273885466985 ], [ -82.3057008, 37.7066623 ] ] ], [ [ [ -82.310410778228913, 37.712882679369869 ], [ -82.3108388, 37.7145383 ], [ -82.311053896442374, 37.716927019392585 ], [ -82.310410778228913, 37.712882679369869 ] ] ], [ [ [ -82.31383392594924, 37.720084825331377 ], [ -82.3161088, 37.721088299999963 ], [ -82.31674100500183, 37.72355152753051 ], [ -82.31383392594924, 37.720084825331377 ] ] ], [ [ [ -82.31774475112779, 37.727260865648667 ], [ -82.3183548, 37.732691299999971 ], [ -82.319079846149691, 37.733922533617232 ], [ -82.318302, 37.733053 ], [ -82.31774475112779, 37.727260865648667 ] ] ], [ [ [ -82.319185877701813, 37.73400675486878 ], [ -82.321768800000015, 37.734893299999982 ], [ -82.322147058974181, 37.735042046397929 ], [ -82.319686, 37.734404 ], [ -82.319185877701813, 37.73400675486878 ] ] ], [ [ [ -82.3227318, 37.735191300000011 ], [ -82.322856795219593, 37.735226039098521 ], [ -82.32269705489739, 37.735184628305632 ], [ -82.3227318, 37.735191300000011 ] ] ], [ [ [ -82.323863939301205, 37.735487123420796 ], [ -82.3273478, 37.736417300000028 ], [ -82.3317868, 37.739728299999939 ], [ -82.323863939301205, 37.735487123420796 ] ] ] ] } },
{ "type": "Feature", "properties": { "state_po": "KY", "county_geoid": "21195", "pwsid": "WV3303029", "pws_name": "MINGO COUNTY PSD - NAUGATUCK", "population_served_count": 6348, "model_method": "", "verification_status": "", "symbology_field": "System Sourced", "intersection_area_sq_km": 0.47321938575050493 }, "geometry": { "type": "MultiPolygon", "coordinates": [ [ [ [ -82.2186178, 37.631885899999979 ], [ -82.214815, 37.627572 ], [ -82.215089702963596, 37.627242989667444 ], [ -82.2186178, 37.631885899999979 ] ] ], [ [ [ -82.216848, 37.641598 ], [ -82.2168742, 37.641490599999976 ], [ -82.221760187912011, 37.643736222140546 ], [ -82.21934, 37.642931 ], [ -82.216848, 37.641598 ] ] ], [ [ [ -82.226111, 37.653092 ], [ -82.225464466833543, 37.651359616023974 ], [ -82.231208602626353, 37.655309147399088 ], [ -82.226111, 37.653092 ] ] ], [ [ [ -82.297456615503364, 37.687604031700978 ], [ -82.296118, 37.686174 ], [ -82.297172678503969, 37.684187592700766 ], [ -82.297456615503364, 37.687604031700978 ] ] ], [ [ [ -82.3023206, 37.696194100000049 ], [ -82.297563599999989, 37.701674700000012 ], [ -82.302727934166882, 37.706350147224732 ], [ -82.296634, 37.702403 ], [ -82.297325, 37.699817 ], [ -82.301964, 37.696223 ], [ -82.301741882367224, 37.691275568853271 ], [ -82.3032055, 37.693978800000011 ], [ -82.3023206, 37.696194100000049 ] ] ], [ [ [ -82.311702, 37.718771 ], [ -82.311032816501537, 37.71673042780629 ], [ -82.313159226634667, 37.719669042778712 ], [ -82.311702, 37.718771 ] ] ], [ [ [ -82.319686, 37.734404 ], [ -82.31813605419579, 37.731009237332415 ], [ -82.3194579, 37.733760799999978 ], [ -82.326362981017411, 37.736134911937498 ], [ -82.319686, 37.734404 ] ] ], [ [ [ -82.327113935376588, 37.736470151170955 ], [ -82.3313146, 37.739292700000057 ], [ -82.331689171546586, 37.739953606387004 ], [ -82.327113935376588, 37.736470151170955 ] ] ], [ [ [ -82.14913670584987, 37.591028109078906 ], [ -82.153151, 37.5911909 ], [ -82.155834933064227, 37.592584804095893 ], [ -82.14913670584987, 37.591028109078906 ] ] ], [ [ [ -82.127321, 37.586667 ], [ -82.1292837, 37.5884353 ], [ -82.131884333092358, 37.592823687722138 ], [ -82.127321, 37.586667 ] ] ], [ [ [ -82.139291139287195, 37.594717013137007 ], [ -82.1408782, 37.594577400000013 ], [ -82.147515515240514, 37.591403609665896 ], [ -82.141555, 37.595166 ], [ -82.139291139287195, 37.594717013137007 ] ] ], [ [ [ -82.1570372, 37.602708800000023 ], [ -82.156358059204678, 37.603592798781783 ], [ -82.157391776924783, 37.597957334652619 ], [ -82.1570372, 37.602708800000023 ] ] ], [ [ [ -82.206263406356015, 37.625155698929589 ], [ -82.2097108, 37.624624499999953 ], [ -82.212332185108252, 37.625270997360268 ], [ -82.207712, 37.625483 ], [ -82.206263406356015, 37.625155698929589 ] ] ], [ [ [ -82.202467, 37.627483 ], [ -82.200469968583405, 37.627705045580413 ], [ -82.202552134688034, 37.627039640873619 ], [ -82.202467, 37.627483 ] ] ], [ [ [ -82.18778864027928, 37.638672146093391 ], [ -82.186623, 37.635908199999989 ], [ -82.186340056650749, 37.630914743010344 ], [ -82.186839, 37.634672 ], [ -82.18778864027928, 37.638672146093391 ] ] ], [ [ [ -82.190141, 37.641267 ], [ -82.190260900000013, 37.644533599999974 ], [ -82.188216101597703, 37.6396856800393 ], [ -82.190141, 37.641267 ] ] ] ] } },
{ "type": "Feature", "properties": { "state_po": "KY", "county_geoid": "21195", "pwsid": "WV3303005", "pws_name": "MATEWAN WATER WORKS", "population_served_count": 2205, "model_method": "", "verification_status": "", "symbology_field": "System Sourced", "intersection_area_sq_km": 0.24878975136107098 }, "geometry": { "type": "MultiPolygon", "coordinates": [ [ [ [ -82.1656428, 37.607767199999969 ], [ -82.165764756712832, 37.607789138691167 ], [ -82.165618565186762, 37.607773576590617 ], [ -82.1656428, 37.607767199999969 ] ] ], [ [ [ -82.168965, 37.610213900000012 ], [ -82.168950646967119, 37.610614552712526 ], [ -82.168837150103741, 37.610090849185355 ], [ -82.168965, 37.610213900000012 ] ] ], [ [ [ -82.165075, 37.61845 ], [ -82.16802116542739, 37.614951624694193 ], [ -82.164784153050661, 37.619023149409806 ], [ -82.165075, 37.61845 ] ] ], [ [ [ -82.18206547768564, 37.62309122062085 ], [ -82.18143, 37.621842 ], [ -82.177551080890524, 37.61886830525988 ], [ -82.1815086, 37.621085 ], [ -82.18206547768564, 37.62309122062085 ] ] ], [ [ [ -82.175958684779559, 37.618502121771911 ], [ -82.169515, 37.621978 ], [ -82.164191, 37.620192 ], [ -82.164736430062447, 37.61911719246141 ], [ -82.164299, 37.620008900000037 ], [ -82.1690872, 37.621413 ], [ -82.175958684779559, 37.618502121771911 ] ] ], [ [ [ -82.1741061, 37.631092299999978 ], [ -82.1732109, 37.633873899999955 ], [ -82.176814, 37.637794 ], [ -82.1778348, 37.6399733 ], [ -82.177567, 37.6415761 ], [ -82.177109973365532, 37.642135647987502 ], [ -82.177511, 37.640417 ], [ -82.172762, 37.634008 ], [ -82.172446, 37.632589 ], [ -82.173482, 37.631055 ], [ -82.179010658159839, 37.628423117758729 ], [ -82.1741061, 37.631092299999978 ] ] ], [ [ [ -82.190760257606925, 37.64292058800693 ], [ -82.190756, 37.645137 ], [ -82.189424652941028, 37.646313444347463 ], [ -82.190760257606925, 37.64292058800693 ] ] ], [ [ [ -82.177915369479649, 37.648955150266197 ], [ -82.174631, 37.647422 ], [ -82.175104978556533, 37.645772623472283 ], [ -82.177915369479649, 37.648955150266197 ] ] ], [ [ [ -82.179808194650008, 37.648949594170247 ], [ -82.1815797, 37.648489199999979 ], [ -82.186375808427897, 37.648442423134235 ], [ -82.185456, 37.648933 ], [ -82.179808194650008, 37.648949594170247 ] ] ] ] } },
{ "type": "Feature", "properties": { "state_po": "KY", "county_geoid": "21195", "pwsid": "WV3303009", "pws_name": "WILLIAMSON UTILITY BOARD", "population_served_count": 2660, "model_method": "", "verification_status": "", "symbology_field": "System Sourced", "intersection_area_sq_km": 0.60870465125227002 }, "geometry": { "type": "MultiPolygon", "coordinates": [ [ [ [ -82.2654012, 37.659586799999978 ], [ -82.26618102346805, 37.661478477556415 ], [ -82.263410199623991, 37.660033794036217 ], [ -82.2654012, 37.659586799999978 ] ] ], [ [ [ -82.2431605, 37.6581423 ], [ -82.2489754, 37.65683040000004 ], [ -82.250669326008961, 37.657441067450755 ], [ -82.242644391665294, 37.66104416942035 ], [ -82.2431605, 37.6581423 ] ] ], [ [ [ -82.276954187106938, 37.669019344692437 ], [ -82.2840034, 37.674844600000029 ], [ -82.2850256, 37.669267 ], [ -82.287518701965496, 37.668947538919753 ], [ -82.283506, 37.676078 ], [ -82.276954187106938, 37.669019344692437 ] ] ], [ [ [ -82.288878986924217, 37.668406440016717 ], [ -82.2955404, 37.670505 ], [ -82.2943001, 37.6759419 ], [ -82.2954152, 37.677850799999959 ], [ -82.2979266, 37.67538559999997 ], [ -82.3035847, 37.675035500000014 ], [ -82.3053329, 37.676104900000034 ], [ -82.3038626, 37.679708399999988 ], [ -82.296166914325752, 37.68647733921204 ], [ -82.304501, 37.677157 ], [ -82.302312, 37.675554 ], [ -82.294737, 37.678277 ], [ -82.294392, 37.677957 ], [ -82.294134, 37.673378 ], [ -82.294393, 37.670448 ], [ -82.288878986924217, 37.668406440016717 ] ] ] ] } },
{ "type": "Feature", "properties": { "state_po": "KY", "county_geoid": "21195", "pwsid": "KY0360463", "pws_name": "WHEELWRIGHT UTILITY COMMISSION", "population_served_count": 834, "model_method": "", "verification_status": "", "symbology_field": "System Sourced", "intersection_area_sq_km": 0.50252565897197954 }, "geometry": { "type": "Polygon", "coordinates": [ [ [ -82.3741873, 37.338287700000031 ], [ -82.3773294, 37.339434799999985 ], [ -82.3785354, 37.342019899999983 ], [ -82.3770971, 37.344530099999986 ], [ -82.3738591, 37.345493 ], [ -82.3707168, 37.3443458 ], [ -82.3695111, 37.3417606 ], [ -82.3709496, 37.339250399999955 ], [ -82.3741873, 37.338287700000031 ] ] ] } },
{ "type": "Feature", "properties": { "state_po": "KY", "county_geoid": "21195", "pwsid": "KY0670213", "pws_name": "JENKINS WATER SYSTEM", "population_served_count": 2609, "model_method": "", "verification_status": "", "symbology_field": "System Sourced", "intersection_area_sq_km": 3.826168796562941 }, "geometry": { "type": "Polygon", "coordinates": [ [ [ -82.5963088, 37.2238304 ], [ -82.5955542, 37.229127100000014 ], [ -82.5923241, 37.230096 ], [ -82.5891833, 37.22895470000001 ], [ -82.586521499999989, 37.22171890000002 ], [ -82.5883573, 37.213797599999985 ], [ -82.5860957, 37.211668200000027 ], [ -82.5759985, 37.20974230000003 ], [ -82.5720089, 37.21258420000003 ], [ -82.5602721, 37.21594909999996 ], [ -82.553965100000013, 37.214108900000014 ], [ -82.5528355, 37.210207199999985 ], [ -82.5563734, 37.20782889999996 ], [ -82.5604985, 37.208202 ], [ -82.571963756497809, 37.202278807137517 ], [ -82.575806, 37.205886 ], [ -82.589803, 37.208977 ], [ -82.594105, 37.21335 ], [ -82.5963088, 37.2238304 ] ] ] } },
{ "type": "Feature", "properties": { "state_po": "KY", "county_geoid": "21195", "pwsid": "KY0670279", "pws_name": "FLEMING-NEON WATER COMPANY", "population_served_count": 3212, "model_method": "", "verification_status": "", "symbology_field": "System Sourced", "intersection_area_sq_km": 5.0502929657835941e-05 }, "geometry": { "type": "Polygon", "coordinates": [ [ [ -82.6989091, 37.241847300000025 ], [ -82.698677240407292, 37.241884154037763 ], [ -82.699048287691198, 37.24181744973513 ], [ -82.6989091, 37.241847300000025 ] ] ] } },
{ "type": "Feature", "properties": { "state_po": "KY", "county_geoid": "21195", "pwsid": "KY0980120", "pws_name": "ELKHORN CITY WATER DEPT", "population_served_count": 1723, "model_method": "", "verification_status": "", "symbology_field": "System Sourced", "intersection_area_sq_km": 16.302055870741064 }, "geometry": { "type": "Polygon", "coordinates": [ [ [ -82.3035745, 37.3206086 ], [ -82.3214637, 37.319942699999963 ], [ -82.3304387, 37.322245 ], [ -82.338075, 37.3193271 ], [ -82.3492213, 37.31171129999997 ], [ -82.3483398, 37.309616099999978 ], [ -82.3393378, 37.309478799999958 ], [ -82.3341266, 37.3030383 ], [ -82.3255653, 37.302557899999975 ], [ -82.3232153, 37.29954630000001 ], [ -82.3239564, 37.296630699999987 ], [ -82.3266062, 37.2952284 ], [ -82.3302807, 37.295497199999971 ], [ -82.3318937, 37.2932258 ], [ -82.3352017, 37.292435200000028 ], [ -82.3395394, 37.294392599999988 ], [ -82.342736, 37.298550299999981 ], [ -82.3513606, 37.292524499999971 ], [ -82.3601026, 37.2924847 ], [ -82.3625853, 37.287517400000041 ], [ -82.3673488, 37.286721299999975 ], [ -82.3712372, 37.2898632 ], [ -82.3699641, 37.296037699999985 ], [ -82.3608326, 37.300449399999977 ], [ -82.3578825, 37.308342799999977 ], [ -82.3642516, 37.3115528 ], [ -82.3702762, 37.319182800000036 ], [ -82.3746038, 37.336252100000017 ], [ -82.3781944, 37.340096299999985 ], [ -82.3781888, 37.343140900000044 ], [ -82.372929, 37.345367 ], [ -82.3677239, 37.341309900000049 ], [ -82.3621232, 37.3223366 ], [ -82.3578058, 37.3180984 ], [ -82.3547322, 37.317549600000014 ], [ -82.3484565, 37.322885299999982 ], [ -82.3341677, 37.329750500000017 ], [ -82.3276572, 37.329373600000011 ], [ -82.3226083, 37.332942500000016 ], [ -82.3146386, 37.348059 ], [ -82.3093466, 37.349316500000029 ], [ -82.306562, 37.345115500000055 ], [ -82.3156078, 37.328250899999979 ], [ -82.3016919, 37.3293352 ], [ -82.2971843, 37.328144399999971 ], [ -82.2953415, 37.325740400000015 ], [ -82.2961485, 37.3227865 ], [ -82.3035745, 37.3206086 ] ] ] } },
{ "type": "Feature", "properties": { "state_po": "KY", "county_geoid": "21029", "pwsid": "KY0150242", "pws_name": "LEBANON JUNCTION WATER WORKS", "population_served_count": 2866, "model_method": "", "verification_status": "", "symbology_field": "System Sourced", "intersection_area_sq_km": 27.034922628018695 }, "geometry": { "type": "Polygon", "coordinates": [ [ [ -85.742184, 37.821871 ], [ -85.750071713299036, 37.824143206778992 ], [ -85.750152, 37.826737 ], [ -85.752364044897789, 37.828201964325309 ], [ -85.7498699, 37.835581100000056 ], [ -85.7530008, 37.836969599999961 ], [ -85.7538527, 37.839866800000017 ], [ -85.751227899999989, 37.844233899999985 ], [ -85.747498, 37.8463293 ], [ -85.7522465, 37.848526799999973 ], [ -85.7525425, 37.855548599999977 ], [ -85.7438067, 37.8600248 ], [ -85.7388195, 37.860094899999979 ], [ -85.7353158, 37.857492499999985 ], [ -85.736882799999989, 37.853676599999986 ], [ -85.7299872, 37.852131300000046 ], [ -85.7219038, 37.864237 ], [ -85.7180681, 37.866954 ], [ -85.7143659, 37.8664684 ], [ -85.7123609, 37.8637423 ], [ -85.7061204, 37.864641500000019 ], [ -85.7040851, 37.8603767 ], [ -85.7009407, 37.858630100000028 ], [ -85.7012802, 37.847498899999977 ], [ -85.7057075, 37.841785099999967 ], [ -85.6956786, 37.836879899999985 ], [ -85.6930447, 37.839156800000012 ], [ -85.6783721, 37.8434272 ], [ -85.6705996, 37.8411456 ], [ -85.663962, 37.833697500000028 ], [ -85.6570143, 37.8359431 ], [ -85.640205100000017, 37.8470742 ], [ -85.6364553, 37.847168 ], [ -85.6338082, 37.8447684 ], [ -85.634591649499313, 37.841648647114411 ], [ -85.637307, 37.842022 ], [ -85.637576193948433, 37.839405457905549 ], [ -85.6426369, 37.835731 ], [ -85.64658906802488, 37.833266668545456 ], [ -85.653492, 37.832727 ], [ -85.652167771213612, 37.829797016063111 ], [ -85.6577119, 37.828265400000014 ], [ -85.657193296405055, 37.826857155696317 ], [ -85.662421, 37.824782 ], [ -85.6671131, 37.825494400000011 ], [ -85.6776692, 37.835580600000014 ], [ -85.6794626, 37.8344329 ], [ -85.674118299999989, 37.8275022 ], [ -85.6745417, 37.8241208 ], [ -85.6863224, 37.820798100000026 ], [ -85.6925094, 37.824187799999976 ], [ -85.691767778249542, 37.818184351640767 ], [ -85.69740217418267, 37.811749157012294 ], [ -85.6995326, 37.814439 ], [ -85.7101009, 37.8197053 ], [ -85.7107779, 37.822411 ], [ -85.7089013, 37.825375 ], [ -85.7134921, 37.826918599999978 ], [ -85.7145833, 37.831732 ], [ -85.7236472, 37.822650399999965 ], [ -85.7277336, 37.822837799999974 ], [ -85.7309676, 37.825460600000021 ], [ -85.7330533, 37.822855400000023 ], [ -85.741560470993647, 37.819713333912723 ], [ -85.742184, 37.821871 ] ], [ [ -85.743317, 37.827050400000047 ], [ -85.7395236, 37.828673199999969 ], [ -85.7398892, 37.834046599999965 ], [ -85.7416813, 37.832453399999963 ], [ -85.743317, 37.827050400000047 ] ], [ [ -85.7171904, 37.839589700000026 ], [ -85.7183415, 37.83860390000001 ], [ -85.7165577, 37.8390139 ], [ -85.7171904, 37.839589700000026 ] ], [ [ -85.7384422, 37.843866200000029 ], [ -85.7369872, 37.843779099999978 ], [ -85.7372877, 37.8463727 ], [ -85.7384422, 37.843866200000029 ] ], [ [ -85.7131927, 37.8516196 ], [ -85.7203487, 37.851142 ], [ -85.721315, 37.849743400000023 ], [ -85.7189379, 37.847335699999952 ], [ -85.7119513, 37.848893 ], [ -85.7093785, 37.85474 ], [ -85.7131927, 37.8516196 ] ] ] } },
{ "type": "Feature", "properties": { "state_po": "KY", "county_geoid": "21099", "pwsid": "KY0050344", "pws_name": "CAVELAND ENVIRONMENTAL AUTHORITY, INC.", "population_served_count": 3264, "model_method": "", "verification_status": "", "symbology_field": "System Sourced", "intersection_area_sq_km": 2.9969834858293463 }, "geometry": { "type": "MultiPolygon", "coordinates": [ [ [ [ -85.9451896, 37.152622100000023 ], [ -85.9374357, 37.15917980000004 ], [ -85.9326546, 37.1569351 ], [ -85.9266935, 37.157361600000023 ], [ -85.9239454, 37.1545063 ], [ -85.926978702115804, 37.150292432328797 ], [ -85.9451896, 37.152622100000023 ] ] ], [ [ [ -85.9776717, 37.15708 ], [ -85.9760883, 37.160398 ], [ -85.9721425, 37.161409 ], [ -85.9669367, 37.1591036 ], [ -85.965854741353027, 37.155602918135727 ], [ -85.9776717, 37.15708 ] ] ], [ [ [ -85.9654781, 37.156227199999989 ], [ -85.9542253, 37.165648 ], [ -85.9508088, 37.166014 ], [ -85.9480697, 37.1643393 ], [ -85.9481356, 37.159519499999966 ], [ -85.955698818335705, 37.154011150218466 ], [ -85.9654781, 37.156227199999989 ] ] ] ] } },
{ "type": "Feature", "properties": { "state_po": "KY", "county_geoid": "21099", "pwsid": "KY0500305", "pws_name": "MUNFORDVILLE WATER DEPT", "population_served_count": 2109, "model_method": "", "verification_status": "", "symbology_field": "System Sourced", "intersection_area_sq_km": 8.0922141599599211 }, "geometry": { "type": "Polygon", "coordinates": [ [ [ -85.9105188, 37.265873899999981 ], [ -85.91469020000001, 37.268093100000016 ], [ -85.9150541, 37.2745813 ], [ -85.9123623, 37.277211799999989 ], [ -85.9077294, 37.277066 ], [ -85.907636599999989, 37.284050399999941 ], [ -85.9060193, 37.2863734 ], [ -85.9152702, 37.303162199999989 ], [ -85.9139543, 37.305712700000015 ], [ -85.9106532, 37.306783500000023 ], [ -85.9071305, 37.305560300000039 ], [ -85.9046417, 37.300453200000014 ], [ -85.9006764, 37.2982949 ], [ -85.900964, 37.294334199999959 ], [ -85.8936773, 37.290339199999963 ], [ -85.893464200000011, 37.2843787 ], [ -85.889534, 37.282155199999956 ], [ -85.8884119, 37.279709499999974 ], [ -85.8836285, 37.277949400000011 ], [ -85.8776803, 37.267346699999969 ], [ -85.8789968, 37.2647966 ], [ -85.8818888, 37.2637454 ], [ -85.8910457, 37.2656556 ], [ -85.8958317, 37.2636351 ], [ -85.8989819, 37.2651866 ], [ -85.902968, 37.26497 ], [ -85.9053138, 37.2667439 ], [ -85.9105188, 37.265873899999981 ] ] ] } },
{ "type": "Feature", "properties": { "state_po": "KY", "county_geoid": "21099", "pwsid": "KY0500476", "pws_name": "HORSE CAVE WATER SYSTEM", "population_served_count": 2744, "model_method": "", "verification_status": "", "symbology_field": "System Sourced", "intersection_area_sq_km": 16.030486981325474 }, "geometry": { "type": "Polygon", "coordinates": [ [ [ -85.9097301, 37.148993 ], [ -85.9102994, 37.150338199999979 ], [ -85.923164, 37.1518227 ], [ -85.9250403, 37.1564053 ], [ -85.9286835, 37.1589075 ], [ -85.9266952, 37.164587800000021 ], [ -85.9274101, 37.1686019 ], [ -85.9189839, 37.174976800000032 ], [ -85.920455600000011, 37.178791899999986 ], [ -85.9250344, 37.1796138 ], [ -85.9275851, 37.18171880000002 ], [ -85.9259097, 37.1886388 ], [ -85.9237444, 37.1904953 ], [ -85.9204284, 37.190754299999966 ], [ -85.911888, 37.18551 ], [ -85.910225, 37.1901854 ], [ -85.9039486, 37.1915549 ], [ -85.9015671, 37.198094600000019 ], [ -85.8968113, 37.1982252 ], [ -85.8945649, 37.1948443 ], [ -85.8846754, 37.202793199999952 ], [ -85.8802089, 37.203268700000017 ], [ -85.8777669, 37.2013208 ], [ -85.8777622, 37.198562200000026 ], [ -85.887504, 37.1902991 ], [ -85.8827062, 37.186574600000014 ], [ -85.8838528, 37.179750800000036 ], [ -85.8805202, 37.177179299999978 ], [ -85.8810262, 37.172161200000041 ], [ -85.884062, 37.17004740000003 ], [ -85.884729299999989, 37.1660058 ], [ -85.8871631, 37.164052299999966 ], [ -85.890334, 37.163965399999938 ], [ -85.8933109, 37.1666826 ], [ -85.896527, 37.1667766 ], [ -85.896234, 37.16249 ], [ -85.8989853, 37.1592796 ], [ -85.9019312, 37.149003499999978 ], [ -85.9097301, 37.148993 ] ], [ [ -85.9080089, 37.157416799999964 ], [ -85.9076617, 37.162701599999984 ], [ -85.9045786, 37.1701265 ], [ -85.9104738, 37.167004 ], [ -85.9110928, 37.157657400000019 ], [ -85.9080089, 37.157416799999964 ] ] ] } },
{ "type": "Feature", "properties": { "state_po": "KY", "county_geoid": "21131", "pwsid": "KY0480341", "pws_name": "GREEN HILLS WATER DISTRICT", "population_served_count": 1443, "model_method": "", "verification_status": "", "symbology_field": "System Sourced", "intersection_area_sq_km": 0.53469478887952626 }, "geometry": { "type": "MultiPolygon", "coordinates": [ [ [ [ -83.376125, 36.928369100000012 ], [ -83.3753692, 36.931060099999954 ], [ -83.3727521, 36.932486099999977 ], [ -83.3696133, 36.93217290000004 ], [ -83.367370814945446, 36.930106762734638 ], [ -83.376125, 36.928369100000012 ] ] ], [ [ [ -83.2425287, 36.98358020000002 ], [ -83.2441674, 36.986005399999982 ], [ -83.2433661, 36.988461899999983 ], [ -83.235763993892348, 36.990826315832905 ], [ -83.2425287, 36.98358020000002 ] ] ] ] } },
{ "type": "Feature", "properties": { "state_po": "KY", "county_geoid": "21059", "pwsid": "KY0300320", "pws_name": "NORTH MCLEAN CO WATER DISTRICT", "population_served_count": 2934, "model_method": "", "verification_status": "", "symbology_field": "System Sourced", "intersection_area_sq_km": 4.6377357840562246 }, "geometry": { "type": "MultiPolygon", "coordinates": [ [ [ [ -87.154656119300995, 37.584524281134392 ], [ -87.1443132, 37.58261880000002 ], [ -87.1383639, 37.579276400000012 ], [ -87.1238401, 37.578282400000035 ], [ -87.1148229, 37.573867299999968 ], [ -87.1053613, 37.574439 ], [ -87.1020767, 37.573109699999989 ], [ -87.0972466, 37.5741926 ], [ -87.0941287, 37.570476100000015 ], [ -87.077649, 37.571471300000013 ], [ -87.0739304, 37.5731381 ], [ -87.066230046946018, 37.572494143015284 ], [ -87.067859, 37.572379 ], [ -87.067901, 37.568893 ], [ -87.072128, 37.569352 ], [ -87.07287, 37.567729 ], [ -87.095532, 37.56693 ], [ -87.108777, 37.571159 ], [ -87.138821, 37.575628 ], [ -87.148983, 37.58017 ], [ -87.154656119300995, 37.584524281134392 ] ] ], [ [ [ -87.173710640472777, 37.591772874427562 ], [ -87.1661474, 37.591871900000051 ], [ -87.160142343902891, 37.587109806735342 ], [ -87.173710640472777, 37.591772874427562 ] ] ], [ [ [ -87.196451620155329, 37.599590272636952 ], [ -87.1931647, 37.601791 ], [ -87.1900082, 37.6014161 ], [ -87.1879458, 37.599478400000038 ], [ -87.187988946695413, 37.596677681951874 ], [ -87.196451620155329, 37.599590272636952 ] ] ], [ [ [ -87.221590210399782, 37.608256473356398 ], [ -87.2119942, 37.606216300000028 ], [ -87.209006501039553, 37.603919308194364 ], [ -87.221590210399782, 37.608256473356398 ] ] ], [ [ [ -87.2356095, 37.613874399999979 ], [ -87.2330151, 37.616304599999964 ], [ -87.229012, 37.616146499999971 ], [ -87.22552850247898, 37.609613492728094 ], [ -87.2356095, 37.613874399999979 ] ] ], [ [ [ -87.2539272, 37.620188399999961 ], [ -87.2513626, 37.621700500000017 ], [ -87.2479173, 37.621384399999975 ], [ -87.245624697539114, 37.61653528584511 ], [ -87.2539272, 37.620188399999961 ] ] ] ] } },
{ "type": "Feature", "properties": { "state_po": "KY", "county_geoid": "21059", "pwsid": "KY0460248", "pws_name": "LEWISPORT MUNICIPAL WATER WORKS", "population_served_count": 3249, "model_method": "", "verification_status": "", "symbology_field": "System Sourced", "intersection_area_sq_km": 0.57638518532672545 }, "geometry": { "type": "MultiPolygon", "coordinates": [ [ [ [ -86.905088, 37.8693213 ], [ -86.9042811, 37.87222669999997 ], [ -86.901094423167478, 37.873826584440117 ], [ -86.901561, 37.870124 ], [ -86.905088, 37.8693213 ] ] ], [ [ [ -86.900924351726147, 37.873870151287264 ], [ -86.8990832, 37.87401670000002 ], [ -86.897819105074902, 37.873864829625184 ], [ -86.900924351726147, 37.873870151287264 ] ] ], [ [ [ -86.8975528, 37.876104500000018 ], [ -86.8984948, 37.8787601 ], [ -86.896857679398963, 37.8824251855524 ], [ -86.893616, 37.882037 ], [ -86.895568, 37.879652 ], [ -86.894809, 37.877977 ], [ -86.8975528, 37.876104500000018 ] ] ], [ [ [ -86.897255, 37.884582 ], [ -86.897086212388302, 37.884332906139996 ], [ -86.897273157082878, 37.884558486950532 ], [ -86.897255, 37.884582 ] ] ], [ [ [ -86.9069509, 37.883894499999975 ], [ -86.9106166, 37.884534099999975 ], [ -86.9124271, 37.88714 ], [ -86.908301857686709, 37.893721669559412 ], [ -86.908239, 37.890073 ], [ -86.910545, 37.8901 ], [ -86.909708, 37.886003 ], [ -86.906421, 37.885578 ], [ -86.9069509, 37.883894499999975 ] ] ], [ [ [ -86.918908751702773, 37.904907687000694 ], [ -86.921047298525849, 37.905512631667776 ], [ -86.918835, 37.905982 ], [ -86.918908751702773, 37.904907687000694 ] ] ] ] } },
{ "type": "Feature", "properties": { "state_po": "KY", "county_geoid": "21059", "pwsid": "KY0750529", "pws_name": "BEECH GROVE WATER SYSTEM", "population_served_count": 1461, "model_method": "", "verification_status": "", "symbology_field": "System Sourced", "intersection_area_sq_km": 6.649821139294362 }, "geometry": { "type": "Polygon", "coordinates": [ [ [ -87.3759858, 37.669944900000026 ], [ -87.3737752, 37.672703799999979 ], [ -87.3690723, 37.674044900000013 ], [ -87.354676900000015, 37.671893700000012 ], [ -87.35392, 37.675023699999983 ], [ -87.3573778, 37.67648950000001 ], [ -87.3740469, 37.675753899999975 ], [ -87.376904, 37.678809 ], [ -87.3749694, 37.6820688 ], [ -87.3680236, 37.6837599 ], [ -87.3619741, 37.682769099999959 ], [ -87.357490399999989, 37.6843009 ], [ -87.349690099999989, 37.6814003 ], [ -87.3391912, 37.689628 ], [ -87.3341387, 37.696176399999985 ], [ -87.3307413, 37.6969297 ], [ -87.327555, 37.695404199999984 ], [ -87.3273173, 37.691602299999971 ], [ -87.3322195, 37.685011499999966 ], [ -87.3419041, 37.677702900000014 ], [ -87.352196908598032, 37.659975755727544 ], [ -87.360667636212199, 37.663524098379014 ], [ -87.359005, 37.665241399999935 ], [ -87.367348960135615, 37.666322212157716 ], [ -87.3759858, 37.669944900000026 ] ] ] } },
{ "type": "Feature", "properties": { "state_po": "KY", "county_geoid": "21017", "pwsid": "KY0090287", "pws_name": "KENTUCKY AMERICAN WATER- MILLERSBURG", "population_served_count": 1366, "model_method": "", "verification_status": "", "symbology_field": "System Sourced", "intersection_area_sq_km": 11.348427686521671 }, "geometry": { "type": "Polygon", "coordinates": [ [ [ -84.134493, 38.307194800000019 ], [ -84.141542, 38.298866100000033 ], [ -84.1405731, 38.298009899999983 ], [ -84.1360223, 38.299484500000034 ], [ -84.1319635, 38.298143699999976 ], [ -84.1308961, 38.295516800000051 ], [ -84.1327522, 38.290305899999979 ], [ -84.1368875, 38.288768200000014 ], [ -84.1410939, 38.290812300000034 ], [ -84.1477913, 38.291177099999963 ], [ -84.1516583, 38.285576299999988 ], [ -84.1515033, 38.280975499999968 ], [ -84.1533165, 38.2781792 ], [ -84.158496, 38.2751062 ], [ -84.1627775, 38.2754968 ], [ -84.1647154, 38.278049200000019 ], [ -84.163956200000015, 38.282736799999974 ], [ -84.1593718, 38.291499800000011 ], [ -84.1622776, 38.299576399999971 ], [ -84.1603567, 38.301614600000022 ], [ -84.1522356, 38.304342399999967 ], [ -84.1495313, 38.3091801 ], [ -84.1540686, 38.314157699999967 ], [ -84.1570784, 38.324851599999988 ], [ -84.1647187, 38.336135199999987 ], [ -84.1691757, 38.334901099999954 ], [ -84.172639, 38.3369265 ], [ -84.1728089, 38.3396815 ], [ -84.1704743, 38.34199270000002 ], [ -84.1805348, 38.351143699999973 ], [ -84.179121400000014, 38.3555785 ], [ -84.1733218, 38.355351900000031 ], [ -84.1569951, 38.340378599999951 ], [ -84.14827841998742, 38.328138450948224 ], [ -84.1456365, 38.3171364 ], [ -84.1421918, 38.313523200000013 ], [ -84.139382598703136, 38.314879213289089 ], [ -84.134493, 38.307194800000019 ] ] ] } },
{ "type": "Feature", "properties": { "state_po": "KY", "county_geoid": "21069", "pwsid": "KY0351008", "pws_name": "GREATER FLEMING CO WT COMM", "population_served_count": 25, "model_method": "", "verification_status": "", "symbology_field": "System Sourced", "intersection_area_sq_km": 11.69961142870515 }, "geometry": { "type": "Polygon", "coordinates": [ [ [ -83.7028551, 38.508952699999988 ], [ -83.7185503, 38.4852594 ], [ -83.724629, 38.468650699999976 ], [ -83.7281386, 38.442654200000014 ], [ -83.730966, 38.4395015 ], [ -83.7391128, 38.438771800000019 ], [ -83.7429365, 38.436414200000023 ], [ -83.749453699999989, 38.419145900000018 ], [ -83.7479865, 38.414093599999973 ], [ -83.7489489, 38.402816700000038 ], [ -83.744967699999989, 38.401732299999971 ], [ -83.7437483, 38.398692399999966 ], [ -83.7483858, 38.394831700000019 ], [ -83.7521272, 38.394410199999975 ], [ -83.7581023, 38.400077 ], [ -83.7571805, 38.413288399999963 ], [ -83.7613172, 38.4147487 ], [ -83.7619297, 38.418111799999963 ], [ -83.7584705, 38.4204216 ], [ -83.7499346, 38.4411772 ], [ -83.7448829, 38.445900099999982 ], [ -83.7373469, 38.445868299999965 ], [ -83.7335837, 38.470301 ], [ -83.7270893, 38.487956 ], [ -83.720843, 38.4988055 ], [ -83.715830276536096, 38.505568188141424 ], [ -83.7028551, 38.508952699999988 ] ] ] } },
{ "type": "Feature", "properties": { "state_po": "KY", "county_geoid": "21007", "pwsid": "IL1530250", "pws_name": "OLMSTED", "population_served_count": 435, "model_method": "Decision Tree", "verification_status": "", "symbology_field": "Modeled", "intersection_area_sq_km": 0.26589491154969158 }, "geometry": { "type": "Polygon", "coordinates": [ [ [ -89.0628269, 37.1842487 ], [ -89.0855063, 37.164613 ], [ -89.087234059904162, 37.164589440232419 ], [ -89.076221, 37.175125 ], [ -89.0628269, 37.1842487 ] ] ] } },
{ "type": "Feature", "properties": { "state_po": "KY", "county_geoid": "21007", "pwsid": "IL0035030", "pws_name": "IL AMERICAN-CAIRO", "population_served_count": 1810, "model_method": "", "verification_status": "", "symbology_field": "System Sourced", "intersection_area_sq_km": 0.20730753024692811 }, "geometry": { "type": "MultiPolygon", "coordinates": [ [ [ [ -89.160564678067203, 36.999982144349772 ], [ -89.166447, 37.003337 ], [ -89.17260879318151, 37.01007925413353 ], [ -89.167622, 37.006745300000027 ], [ -89.160564678067203, 36.999982144349772 ] ] ], [ [ [ -89.175510100000011, 37.019933 ], [ -89.176679606372701, 37.016867019937031 ], [ -89.178926524008176, 37.020842242002644 ], [ -89.175510100000011, 37.019933 ] ] ] ] } },
{ "type": "Feature", "properties": { "state_po": "KY", "county_geoid": "21007", "pwsid": "MO4021178", "pws_name": "MISSISSIPPI COUNTY PWSD 1", "population_served_count": 3000, "model_method": "", "verification_status": "", "symbology_field": "System Sourced", "intersection_area_sq_km": 0.040530879449317943 }, "geometry": { "type": "MultiPolygon", "coordinates": [ [ [ [ -89.098916257035697, 36.95732144694162 ], [ -89.1001457, 36.947216900000065 ], [ -89.100703203306963, 36.944426176159979 ], [ -89.098916257035697, 36.95732144694162 ] ] ], [ [ [ -89.1007257, 36.9666269 ], [ -89.10001496286263, 36.965203899421091 ], [ -89.102246183784331, 36.968706628414395 ], [ -89.1007257, 36.9666269 ] ] ], [ [ [ -89.11390602618286, 36.979568669108303 ], [ -89.1088358, 36.976016900000012 ], [ -89.1073858, 36.974586899999984 ], [ -89.10392421171359, 36.970783851240995 ], [ -89.11390602618286, 36.979568669108303 ] ] ], [ [ [ -89.120413484340176, 36.982384860877239 ], [ -89.124135483263032, 36.983275611653582 ], [ -89.1231158, 36.9830969 ], [ -89.120413484340176, 36.982384860877239 ] ] ], [ [ [ -89.125789239333173, 36.983454646041352 ], [ -89.128035860854453, 36.983316266090739 ], [ -89.1265658, 36.983466900000025 ], [ -89.125789239333173, 36.983454646041352 ] ] ] ] } },
{ "type": "Feature", "properties": { "state_po": "KY", "county_geoid": "21007", "pwsid": "KY0040020", "pws_name": "BARLOW WATER SYSTEM", "population_served_count": 1040, "model_method": "", "verification_status": "", "symbology_field": "System Sourced", "intersection_area_sq_km": 5.2418367751147255 }, "geometry": { "type": "Polygon", "coordinates": [ [ [ -89.0499377, 37.041176299999989 ], [ -89.0540564, 37.0430709 ], [ -89.0538889, 37.047263 ], [ -89.0560997, 37.048579800000041 ], [ -89.0632175, 37.048469300000015 ], [ -89.0654909, 37.0524613 ], [ -89.0629759, 37.0549315 ], [ -89.0550416, 37.055944499999988 ], [ -89.0472201, 37.0591106 ], [ -89.0463708, 37.065637799999983 ], [ -89.0413887, 37.067459200000023 ], [ -89.0378864, 37.064363300000025 ], [ -89.0383914, 37.0575939 ], [ -89.0322634, 37.0577663 ], [ -89.0269222, 37.055795200000027 ], [ -89.0240224, 37.050890100000018 ], [ -89.0265385, 37.0484207 ], [ -89.0335919, 37.048814900000039 ], [ -89.0384524, 37.04449989999997 ], [ -89.0499377, 37.041176299999989 ] ] ] } },
{ "type": "Feature", "properties": { "state_po": "KY", "county_geoid": "21007", "pwsid": "KY0040223", "pws_name": "KEVIL WATER DEPARTMENT", "population_served_count": 1782, "model_method": "", "verification_status": "", "symbology_field": "System Sourced", "intersection_area_sq_km": 14.975924677472312 }, "geometry": { "type": "Polygon", "coordinates": [ [ [ -88.867304087765021, 37.072522025077177 ], [ -88.8823657, 37.07528439999998 ], [ -88.8838194, 37.0692674 ], [ -88.8873339, 37.0683087 ], [ -88.8903714, 37.069606899999989 ], [ -88.8914146, 37.073203599999971 ], [ -88.8943966, 37.0753969 ], [ -88.8940203, 37.0806232 ], [ -88.8965694, 37.0821741 ], [ -88.8971337, 37.084895399999986 ], [ -88.8923853, 37.0922378 ], [ -88.8885778, 37.093166100000012 ], [ -88.8849574, 37.091185399999951 ], [ -88.882745, 37.0956075 ], [ -88.8957118, 37.099654199999989 ], [ -88.8986295, 37.104796100000051 ], [ -88.909004, 37.108955800000032 ], [ -88.910882199999989, 37.1129774 ], [ -88.9072711, 37.121374600000017 ], [ -88.926108, 37.12761279999998 ], [ -88.9279424, 37.131285199999965 ], [ -88.9258976, 37.136621500000025 ], [ -88.9346789, 37.1390349 ], [ -88.9437292, 37.137771199999968 ], [ -88.9508148, 37.140053700000024 ], [ -88.954402, 37.146906500000021 ], [ -88.9479068, 37.1535142 ], [ -88.9431617, 37.153769 ], [ -88.9408667, 37.151299499999979 ], [ -88.9365711, 37.150255799999968 ], [ -88.9354824, 37.146927099999978 ], [ -88.9180847, 37.141529799999972 ], [ -88.9160454, 37.1377993 ], [ -88.9182113, 37.1324132 ], [ -88.9040852, 37.128117100000011 ], [ -88.9003226, 37.133974400000042 ], [ -88.897212599999989, 37.1344723 ], [ -88.8944479, 37.133199600000012 ], [ -88.8936159, 37.129867399999974 ], [ -88.9014097, 37.1134987 ], [ -88.8911641, 37.109818900000036 ], [ -88.8891933, 37.105252300000011 ], [ -88.8832969, 37.103485900000031 ], [ -88.881371598894916, 37.105204128153439 ], [ -88.867304087765021, 37.072522025077177 ] ] ] } },
{ "type": "Feature", "properties": { "state_po": "KY", "county_geoid": "21007", "pwsid": "KY0040228", "pws_name": "LACENTER MUNICIPAL WATER CO", "population_served_count": 1291, "model_method": "", "verification_status": "", "symbology_field": "System Sourced", "intersection_area_sq_km": 5.2522914148284414 }, "geometry": { "type": "Polygon", "coordinates": [ [ [ -88.99191, 37.0626561 ], [ -88.9958807, 37.064348599999988 ], [ -88.9960371, 37.0679507 ], [ -88.9914818, 37.072392299999983 ], [ -88.9863151, 37.07291140000001 ], [ -88.9765888, 37.085730699999985 ], [ -88.9698519, 37.0855517 ], [ -88.9629458, 37.0791975 ], [ -88.9596106, 37.079403 ], [ -88.9569456, 37.077656499999975 ], [ -88.9576211, 37.07349270000001 ], [ -88.9672872, 37.0703554 ], [ -88.9676237, 37.0666116 ], [ -88.9742878, 37.062114 ], [ -88.979262, 37.062499199999984 ], [ -88.9809253, 37.0665241 ], [ -88.9854482, 37.0637756 ], [ -88.99191, 37.0626561 ] ] ] } },
{ "type": "Feature", "properties": { "state_po": "KY", "county_geoid": "21007", "pwsid": "KY0040469", "pws_name": "WICKLIFFE MUNICIPAL WATER SYSTEM", "population_served_count": 1264, "model_method": "", "verification_status": "", "symbology_field": "System Sourced", "intersection_area_sq_km": 12.305385830898253 }, "geometry": { "type": "Polygon", "coordinates": [ [ [ -89.0723462, 36.979623299999979 ], [ -89.0764621, 36.981517 ], [ -89.0772839, 36.986544099999975 ], [ -89.0825628, 36.979797099999963 ], [ -89.0819842, 36.978083800000036 ], [ -89.0784091, 36.976558800000049 ], [ -89.0652817, 36.980469100000022 ], [ -89.0573471, 36.976522799999962 ], [ -89.0590366, 36.967730300000028 ], [ -89.0643869, 36.9657216 ], [ -89.0709813, 36.965508799999974 ], [ -89.0720736, 36.961096200000021 ], [ -89.0701893, 36.958816899999952 ], [ -89.0630565, 36.956936200000015 ], [ -89.0622299, 36.952986700000018 ], [ -89.065873, 36.950879199999989 ], [ -89.075547, 36.952086 ], [ -89.0849009, 36.9567747 ], [ -89.0857181, 36.953672199999978 ], [ -89.0840111, 36.948770799999949 ], [ -89.0865125, 36.946879 ], [ -89.0899479, 36.946960899999958 ], [ -89.0952949, 36.9519909 ], [ -89.0942636, 36.958473099999971 ], [ -89.0985514, 36.9666951 ], [ -89.0963355, 36.971806599999972 ], [ -89.0908285, 36.9746699 ], [ -89.0921052, 36.982364799999985 ], [ -89.0884853, 36.9859633 ], [ -89.0861518, 36.991876899999959 ], [ -89.0816551, 36.99573640000002 ], [ -89.0755447, 36.9948058 ], [ -89.0703759, 36.99628819999996 ], [ -89.0641154, 36.992975700000017 ], [ -89.064115, 36.989535 ], [ -89.0685379, 36.981535299999983 ], [ -89.0723462, 36.979623299999979 ] ] ] } },
{ "type": "Feature", "properties": { "state_po": "KY", "county_geoid": "21125", "pwsid": "KY1020288", "pws_name": "KENTUCKY AMERICAN WATER - EASTERN ROCKCA", "population_served_count": 1732, "model_method": "", "verification_status": "", "symbology_field": "System Sourced", "intersection_area_sq_km": 2.798781080955326 }, "geometry": { "type": "MultiPolygon", "coordinates": [ [ [ [ -84.2364107, 37.244766500000011 ], [ -84.2358575, 37.2385442 ], [ -84.2324522, 37.23136030000002 ], [ -84.2356615, 37.22736230000001 ], [ -84.240383, 37.226222199999938 ], [ -84.2487907, 37.230458 ], [ -84.2519098, 37.23691280000002 ], [ -84.25526236406958, 37.237737034623251 ], [ -84.251943, 37.240354 ], [ -84.250535, 37.239873 ], [ -84.245328, 37.230966 ], [ -84.24103, 37.228586 ], [ -84.237517, 37.229114 ], [ -84.235947, 37.231069 ], [ -84.236507, 37.233962 ], [ -84.239698, 37.238566 ], [ -84.2364107, 37.244766500000011 ] ] ], [ [ [ -84.1570945, 37.302974 ], [ -84.1574904, 37.2982393 ], [ -84.1615831, 37.296092800000018 ], [ -84.1725055, 37.297541699999961 ], [ -84.175813, 37.301773399999959 ], [ -84.1756355, 37.297816599999976 ], [ -84.1781941, 37.2942113 ], [ -84.1828458, 37.292143500000016 ], [ -84.186382, 37.2872235 ], [ -84.189766770249093, 37.286389596786471 ], [ -84.187118, 37.292586 ], [ -84.182503, 37.294666 ], [ -84.178782, 37.299279 ], [ -84.180097, 37.303955 ], [ -84.174101, 37.30479 ], [ -84.171565, 37.307066 ], [ -84.170317, 37.305493 ], [ -84.171773, 37.300894 ], [ -84.170581, 37.29988 ], [ -84.163387, 37.300556 ], [ -84.162451, 37.29792 ], [ -84.159906, 37.302864 ], [ -84.1570945, 37.302974 ] ] ] ] } },
{ "type": "Feature", "properties": { "state_po": "KY", "county_geoid": "21205", "pwsid": "KY0831010", "pws_name": "CAVE RUN REGIONAL WT COMM", "population_served_count": 25, "model_method": "Random Forest", "verification_status": "", "symbology_field": "Modeled", "intersection_area_sq_km": 0.16715481439718391 }, "geometry": { "type": "Polygon", "coordinates": [ [ [ -83.450321, 38.019723 ], [ -83.4541427, 38.022693 ], [ -83.451287103596343, 38.02618359449292 ], [ -83.450321, 38.019723 ] ] ] } },
{ "type": "Feature", "properties": { "state_po": "KY", "county_geoid": "21205", "pwsid": "KY0880452", "pws_name": "WEST LIBERTY WATER COMPANY", "population_served_count": 2367, "model_method": "", "verification_status": "", "symbology_field": "System Sourced", "intersection_area_sq_km": 0.24272425494408284 }, "geometry": { "type": "Polygon", "coordinates": [ [ [ -83.4040553, 38.042154299999986 ], [ -83.3998382, 38.0432797 ], [ -83.396308334726641, 38.041041568257377 ], [ -83.398662, 38.038875 ], [ -83.401982, 38.038914 ], [ -83.4040553, 38.042154299999986 ] ] ] } },
{ "type": "Feature", "properties": { "state_po": "KY", "county_geoid": "21197", "pwsid": "KY0870246", "pws_name": "LEVEE RD WATER ASSOCIATION INC", "population_served_count": 2471, "model_method": "", "verification_status": "", "symbology_field": "System Sourced", "intersection_area_sq_km": 1.1151970564041711 }, "geometry": { "type": "MultiPolygon", "coordinates": [ [ [ [ -83.8901675, 37.9161008 ], [ -83.8987911, 37.913273200000042 ], [ -83.904061878647823, 37.91674593737185 ], [ -83.892086, 37.917248 ], [ -83.8901675, 37.9161008 ] ] ], [ [ [ -83.9109711, 37.9172266 ], [ -83.9166836, 37.916570600000036 ], [ -83.918635465240229, 37.920820333801316 ], [ -83.91447, 37.919512 ], [ -83.9109711, 37.9172266 ] ] ], [ [ [ -83.9338131, 37.925050100000021 ], [ -83.9359044, 37.921849200000032 ], [ -83.9401805, 37.921581900000035 ], [ -83.9456591, 37.925156 ], [ -83.946133851314471, 37.929452591520054 ], [ -83.9338131, 37.925050100000021 ] ] ] ] } },
{ "type": "Feature", "properties": { "state_po": "KY", "county_geoid": "21197", "pwsid": "KY0990074", "pws_name": "CLAY CITY WATER SYSTEM", "population_served_count": 2153, "model_method": "", "verification_status": "", "symbology_field": "System Sourced", "intersection_area_sq_km": 15.127229762900882 }, "geometry": { "type": "Polygon", "coordinates": [ [ [ -83.9308888, 37.858689600000048 ], [ -83.9444505, 37.861376600000014 ], [ -83.9479205, 37.86569 ], [ -83.9470599, 37.8688042 ], [ -83.9403478, 37.871192 ], [ -83.9342532, 37.869660699999983 ], [ -83.9249334, 37.87754539999996 ], [ -83.9129299, 37.874480599999977 ], [ -83.9070118, 37.8774425 ], [ -83.8980508, 37.8759266 ], [ -83.8929188, 37.872348 ], [ -83.8938042, 37.868286 ], [ -83.891214, 37.865178099999987 ], [ -83.8921932, 37.8607345 ], [ -83.8963944, 37.858912 ], [ -83.8923256, 37.857662300000023 ], [ -83.891170699999989, 37.8542732 ], [ -83.8866694, 37.8533012 ], [ -83.8851208, 37.850064599999975 ], [ -83.887583, 37.8466415 ], [ -83.8969192, 37.8450394 ], [ -83.8844457, 37.839766 ], [ -83.879895499999989, 37.841611 ], [ -83.8767161, 37.841311499999989 ], [ -83.8744756, 37.8392015 ], [ -83.8747728, 37.836453 ], [ -83.8837339, 37.832424199999984 ], [ -83.8940174, 37.835813399999964 ], [ -83.8992346, 37.835227799999984 ], [ -83.9046079, 37.838083499999975 ], [ -83.9076908, 37.843617100000031 ], [ -83.9139058, 37.847413199999977 ], [ -83.9177761, 37.846112800000014 ], [ -83.9210476, 37.84705060000001 ], [ -83.9235766, 37.8564979 ], [ -83.9272549, 37.8592724 ], [ -83.9308888, 37.858689600000048 ] ], [ [ -83.9009894, 37.855069100000016 ], [ -83.8996865, 37.8572119 ], [ -83.9026289, 37.8573576 ], [ -83.9009894, 37.855069100000016 ] ] ] } },
{ "type": "Feature", "properties": { "state_po": "KY", "county_geoid": "21197", "pwsid": "KY0990281", "pws_name": "BEECH FORK WATER COMMISSION", "population_served_count": 25, "model_method": "", "verification_status": "", "symbology_field": "System Sourced", "intersection_area_sq_km": 6.6578347664646484 }, "geometry": { "type": "Polygon", "coordinates": [ [ [ -83.900961, 37.857056600000028 ], [ -83.9079709, 37.8602416 ], [ -83.9119145, 37.859162499999982 ], [ -83.9164271, 37.860946500000018 ], [ -83.9247321, 37.8728976 ], [ -83.928878, 37.868973100000041 ], [ -83.9338398, 37.869830799999974 ], [ -83.9349309, 37.873329599999984 ], [ -83.9302302, 37.88053490000005 ], [ -83.9251153, 37.881517400000043 ], [ -83.9192351, 37.879266800000046 ], [ -83.9125635, 37.871958899999989 ], [ -83.9115107, 37.867647900000023 ], [ -83.9066201, 37.86795979999998 ], [ -83.8996243, 37.865054399999984 ], [ -83.8871786, 37.8694556 ], [ -83.8794931, 37.866821400000013 ], [ -83.8736409, 37.866359100000068 ], [ -83.8680218, 37.86781569999998 ], [ -83.8646318, 37.865318199999976 ], [ -83.8656085, 37.861798200000024 ], [ -83.8726568, 37.8579033 ], [ -83.880221, 37.857578200000013 ], [ -83.8858017, 37.86133990000004 ], [ -83.8890415, 37.85938479999998 ], [ -83.900961, 37.857056600000028 ] ] ] } },
{ "type": "Feature", "properties": { "state_po": "KY", "county_geoid": "21071", "pwsid": "KY0360152", "pws_name": "FRANCIS WATER COMPANY", "population_served_count": 459, "model_method": "", "verification_status": "", "symbology_field": "System Sourced", "intersection_area_sq_km": 8.6670015582385833 }, "geometry": { "type": "Polygon", "coordinates": [ [ [ -82.8554062, 37.4705395 ], [ -82.856011, 37.475362300000036 ], [ -82.8545315, 37.477694299999946 ], [ -82.8581325, 37.479384 ], [ -82.8585316, 37.482556399999957 ], [ -82.8556162, 37.484739900000015 ], [ -82.8495423, 37.484757200000018 ], [ -82.8493614, 37.487835499999989 ], [ -82.8461128, 37.489696799999962 ], [ -82.835504, 37.48927 ], [ -82.8310557, 37.487639500000014 ], [ -82.8280313, 37.484866399999987 ], [ -82.8273966, 37.481327799999988 ], [ -82.807608, 37.4817774 ], [ -82.8046437, 37.479969100000034 ], [ -82.8042571, 37.4770539 ], [ -82.7965283, 37.4811072 ], [ -82.7924619, 37.478073800000018 ], [ -82.794913400000013, 37.473375 ], [ -82.7923031, 37.4701173 ], [ -82.7926388, 37.4673717 ], [ -82.8017149, 37.4631252 ], [ -82.8062964, 37.4647772 ], [ -82.8075682, 37.4703332 ], [ -82.81636, 37.473950600000038 ], [ -82.8282645, 37.4737738 ], [ -82.831626899999989, 37.469951 ], [ -82.8349374, 37.46914629999997 ], [ -82.8385189, 37.471026299999984 ], [ -82.8401731, 37.476120200000032 ], [ -82.8460957, 37.472544500000033 ], [ -82.846623577206472, 37.469187516323629 ], [ -82.8554062, 37.4705395 ] ] ] } },
{ "type": "Feature", "properties": { "state_po": "KY", "county_geoid": "21071", "pwsid": "KY0360272", "pws_name": "MARTIN WATER DEPARTMENT", "population_served_count": 1167, "model_method": "", "verification_status": "", "symbology_field": "System Sourced", "intersection_area_sq_km": 5.6615658853291029 }, "geometry": { "type": "Polygon", "coordinates": [ [ [ -82.7708927, 37.554758799999988 ], [ -82.7744863, 37.5561645 ], [ -82.7755228, 37.559348100000015 ], [ -82.7712011, 37.564483599999967 ], [ -82.7665744, 37.566506099999977 ], [ -82.7656181, 37.570215100000034 ], [ -82.762368, 37.572941700000058 ], [ -82.7658994, 37.57671689999998 ], [ -82.7650696, 37.580050199999974 ], [ -82.7614218, 37.58136810000002 ], [ -82.7569826, 37.579680900000021 ], [ -82.7577686, 37.583277700000018 ], [ -82.7539308, 37.5857443 ], [ -82.7425994, 37.582438799999935 ], [ -82.7413447, 37.5781656 ], [ -82.7467106, 37.575355200000011 ], [ -82.744848, 37.568445899999965 ], [ -82.7472157, 37.566431399999964 ], [ -82.7530369, 37.565253800000022 ], [ -82.7516532, 37.561743600000035 ], [ -82.7526766, 37.559338700000062 ], [ -82.7599507, 37.555565 ], [ -82.7645956, 37.5565707 ], [ -82.7708927, 37.554758799999988 ] ] ] } },
{ "type": "Feature", "properties": { "state_po": "KY", "county_geoid": "21071", "pwsid": "KY0360463", "pws_name": "WHEELWRIGHT UTILITY COMMISSION", "population_served_count": 834, "model_method": "", "verification_status": "", "symbology_field": "System Sourced", "intersection_area_sq_km": 8.8373538926392214 }, "geometry": { "type": "MultiPolygon", "coordinates": [ [ [ [ -82.7250764, 37.322494099999986 ], [ -82.7317444, 37.324464299999981 ], [ -82.7324726, 37.327382 ], [ -82.7302675, 37.332100599999954 ], [ -82.7254693, 37.335955899999973 ], [ -82.725352700000016, 37.343753500000027 ], [ -82.7211011, 37.347791700000023 ], [ -82.7223288, 37.35472959999997 ], [ -82.728948500000016, 37.356432600000026 ], [ -82.7320533, 37.359914299999957 ], [ -82.7313616, 37.363188499999985 ], [ -82.727544, 37.364692499999975 ], [ -82.7195481, 37.362764700000028 ], [ -82.7101928, 37.356090700000038 ], [ -82.7095718, 37.3536003 ], [ -82.7119152, 37.348442900000016 ], [ -82.7063953, 37.344629 ], [ -82.7052377, 37.3387895 ], [ -82.7010652, 37.331509800000028 ], [ -82.7030617, 37.3284607 ], [ -82.7070784, 37.3279621 ], [ -82.7148713, 37.3232537 ], [ -82.7127252, 37.3177606 ], [ -82.7156259, 37.31474009999998 ], [ -82.7200844, 37.315325 ], [ -82.7250764, 37.322494099999986 ] ], [ [ -82.71299, 37.334589 ], [ -82.7146648, 37.341182700000012 ], [ -82.7152269, 37.341496399999961 ], [ -82.7160285, 37.3377415 ], [ -82.71299, 37.334589 ] ] ], [ [ [ -82.791414, 37.528801300000012 ], [ -82.794651, 37.530286100000033 ], [ -82.7953837, 37.533203400000026 ], [ -82.793369, 37.53544740000001 ], [ -82.7892192, 37.53614350000003 ], [ -82.7864015, 37.534538900000022 ], [ -82.785833900000014, 37.531817599999968 ], [ -82.7876027, 37.529704899999977 ], [ -82.791414, 37.528801300000012 ] ] ] ] } },
{ "type": "Feature", "properties": { "state_po": "KY", "county_geoid": "21071", "pwsid": "KY0600198", "pws_name": "HINDMAN MUN WATER WORKS", "population_served_count": 1883, "model_method": "", "verification_status": "", "symbology_field": "System Sourced", "intersection_area_sq_km": 0.31220632242128044 }, "geometry": { "type": "Polygon", "coordinates": [ [ [ -82.8344581, 37.467645199999986 ], [ -82.8306215, 37.469553 ], [ -82.8267951, 37.468054299999956 ], [ -82.8261966, 37.464721899999958 ], [ -82.828987500000011, 37.4614783 ], [ -82.830527, 37.466007 ], [ -82.8344581, 37.467645199999986 ] ] ] } },
{ "type": "Feature", "properties": { "state_po": "KY", "county_geoid": "21177", "pwsid": "KY0540465", "pws_name": "WHITE PLAINS WATER SYSTEM", "population_served_count": 1871, "model_method": "", "verification_status": "", "symbology_field": "System Sourced", "intersection_area_sq_km": 0.25850478413631095 }, "geometry": { "type": "MultiPolygon", "coordinates": [ [ [ [ -87.3292067, 37.16443 ], [ -87.3293423, 37.1598677 ], [ -87.334075113194785, 37.158297271235277 ], [ -87.333631, 37.161493 ], [ -87.33134, 37.164208 ], [ -87.3292067, 37.16443 ] ] ], [ [ [ -87.3444522, 37.211523200000023 ], [ -87.3422821, 37.210838800000012 ], [ -87.340864910722928, 37.209439252649396 ], [ -87.343295, 37.210102 ], [ -87.3444522, 37.211523200000023 ] ] ] ] } },
{ "type": "Feature", "properties": { "state_po": "KY", "county_geoid": "21177", "pwsid": "KY0710247", "pws_name": "LEWISBURG WATER WORKS", "population_served_count": 3119, "model_method": "", "verification_status": "", "symbology_field": "System Sourced", "intersection_area_sq_km": 0.0030994110969296221 }, "geometry": { "type": "Polygon", "coordinates": [ [ [ -86.934584, 37.078548 ], [ -86.9342122, 37.078804200000043 ], [ -86.933098488486152, 37.07864188478888 ], [ -86.934584, 37.078548 ] ] ] } },
{ "type": "Feature", "properties": { "state_po": "KY", "county_geoid": "21177", "pwsid": "KY0750207", "pws_name": "ISLAND WATER DEPARTMENT", "population_served_count": 1512, "model_method": "", "verification_status": "", "symbology_field": "System Sourced", "intersection_area_sq_km": 0.024298694452800567 }, "geometry": { "type": "MultiPolygon", "coordinates": [ [ [ [ -87.102387, 37.415021 ], [ -87.1048052, 37.414468500000034 ], [ -87.106837150373607, 37.415078763546724 ], [ -87.102387, 37.415021 ] ] ], [ [ [ -87.1010392, 37.415537 ], [ -87.101329399479127, 37.415321152262074 ], [ -87.100952817785654, 37.415612747359987 ], [ -87.1010392, 37.415537 ] ] ] ] } },
{ "type": "Feature", "properties": { "state_po": "KY", "county_geoid": "21177", "pwsid": "KY0750907", "pws_name": "SACRAMENTO WATER WORKS", "population_served_count": 2435, "model_method": "", "verification_status": "", "symbology_field": "System Sourced", "intersection_area_sq_km": 1.0454479612347587 }, "geometry": { "type": "MultiPolygon", "coordinates": [ [ [ [ -87.2087056, 37.382373899999962 ], [ -87.2122663, 37.379029799999969 ], [ -87.218299960193619, 37.380954149780557 ], [ -87.213168, 37.380824 ], [ -87.211176, 37.382054 ], [ -87.210958, 37.38093 ], [ -87.2087056, 37.382373899999962 ] ] ], [ [ [ -87.2402348, 37.384926900000011 ], [ -87.246370399999989, 37.385534400000019 ], [ -87.2478531, 37.382783299999957 ], [ -87.2516953, 37.3819087 ], [ -87.2567202, 37.3859319 ], [ -87.2643645, 37.384694900000021 ], [ -87.266722101556326, 37.388243515978367 ], [ -87.2402348, 37.384926900000011 ] ] ], [ [ [ -87.268664211113375, 37.388481203821129 ], [ -87.2741708, 37.385799400000046 ], [ -87.277584732209718, 37.389572535761346 ], [ -87.268664211113375, 37.388481203821129 ] ] ] ] } },
{ "type": "Feature", "properties": { "state_po": "KY", "county_geoid": "21177", "pwsid": "KY0890106", "pws_name": "DRAKESBORO WATER DEPARTMENT", "population_served_count": 888, "model_method": "", "verification_status": "", "symbology_field": "System Sourced", "intersection_area_sq_km": 5.1511013025798196 }, "geometry": { "type": "Polygon", "coordinates": [ [ [ -87.0438714, 37.209726700000012 ], [ -87.0547381, 37.2107687 ], [ -87.0556062, 37.209856400000021 ], [ -87.0535813, 37.2016399 ], [ -87.055394, 37.199555399999973 ], [ -87.0587665, 37.1989794 ], [ -87.0640172, 37.2015367 ], [ -87.0646639, 37.208278600000014 ], [ -87.068215, 37.209841899999979 ], [ -87.0693697, 37.212441299999981 ], [ -87.0677786, 37.215042300000029 ], [ -87.06265, 37.217355800000043 ], [ -87.0646383, 37.220064500000014 ], [ -87.0633771, 37.22286339999998 ], [ -87.0496549, 37.229019500000014 ], [ -87.0465399, 37.227834 ], [ -87.0373459, 37.217863099999974 ], [ -87.0438714, 37.209726700000012 ] ] ] } },
{ "type": "Feature", "properties": { "state_po": "KY", "county_geoid": "21177", "pwsid": "KY0920070", "pws_name": "CENTERTOWN WATER SYSTEM", "population_served_count": 1485, "model_method": "", "verification_status": "", "symbology_field": "System Sourced", "intersection_area_sq_km": 0.098747625926449659 }, "geometry": { "type": "Polygon", "coordinates": [ [ [ -87.0944154, 37.3770752 ], [ -87.097456799999989, 37.379142600000023 ], [ -87.097143602725509, 37.382471810946228 ], [ -87.094058, 37.378111 ], [ -87.0944154, 37.3770752 ] ] ] } },
{ "type": "Feature", "properties": { "state_po": "KY", "county_geoid": "21203", "pwsid": "KY1020288", "pws_name": "KENTUCKY AMERICAN WATER - EASTERN ROCKCA", "population_served_count": 1732, "model_method": "", "verification_status": "", "symbology_field": "System Sourced", "intersection_area_sq_km": 101.97109393959484 }, "geometry": { "type": "MultiPolygon", "coordinates": [ [ [ [ -84.3477191, 37.202429500000036 ], [ -84.3417407, 37.211775599999982 ], [ -84.330895, 37.21705510000001 ], [ -84.3293021, 37.219755199999966 ], [ -84.3391667, 37.2199828 ], [ -84.347623, 37.22327540000002 ], [ -84.347350800000015, 37.233465499999966 ], [ -84.3528095, 37.2386879 ], [ -84.356268, 37.2380863 ], [ -84.3595355, 37.239469700000051 ], [ -84.3639339, 37.247944199999985 ], [ -84.3687069, 37.2513267 ], [ -84.3686032, 37.254604200000017 ], [ -84.3647436, 37.2580061 ], [ -84.3635878, 37.2621703 ], [ -84.3662104, 37.265940599999986 ], [ -84.3698884, 37.265910199999986 ], [ -84.3704717, 37.2633275 ], [ -84.374416, 37.259750099999962 ], [ -84.3790601, 37.258759 ], [ -84.3874689, 37.264328200000051 ], [ -84.3896262, 37.268079800000045 ], [ -84.3862257, 37.271757799999975 ], [ -84.3828103, 37.271357699999946 ], [ -84.3788063, 37.268267299999962 ], [ -84.3733167, 37.2733206 ], [ -84.363248, 37.273046799999989 ], [ -84.3610812, 37.2792489 ], [ -84.3572657, 37.283405199999983 ], [ -84.357421300000013, 37.289204200000022 ], [ -84.3622562, 37.28839929999998 ], [ -84.3657322, 37.2895455 ], [ -84.3709713, 37.2880657 ], [ -84.3736451, 37.289438200000021 ], [ -84.3744894, 37.292113100000051 ], [ -84.363046, 37.3005955 ], [ -84.3586726, 37.316318600000031 ], [ -84.3546297, 37.3187243 ], [ -84.351376, 37.317798499999988 ], [ -84.349895, 37.315306399999969 ], [ -84.3510283, 37.3076084 ], [ -84.3538513, 37.30323149999996 ], [ -84.3516495, 37.29810410000001 ], [ -84.3524061, 37.295495400000028 ], [ -84.342989, 37.302991699999978 ], [ -84.3422261, 37.307307800000018 ], [ -84.3399101, 37.3093541 ], [ -84.3345387, 37.308432900000042 ], [ -84.3326683, 37.302944100000012 ], [ -84.3343551, 37.298134200000014 ], [ -84.3435153, 37.293271899999972 ], [ -84.3486457, 37.287502100000026 ], [ -84.3485167, 37.2816067 ], [ -84.3515971, 37.2737128 ], [ -84.3547001, 37.270743200000027 ], [ -84.3533657, 37.267412899999989 ], [ -84.3574906, 37.253107 ], [ -84.3532974, 37.246802899999977 ], [ -84.346994, 37.247194299999983 ], [ -84.3423806, 37.25050880000002 ], [ -84.3351617, 37.2498132 ], [ -84.3326081, 37.248303 ], [ -84.3332552, 37.243759200000021 ], [ -84.3430849, 37.2406253 ], [ -84.3382367, 37.234990799999942 ], [ -84.3370256, 37.227027799999988 ], [ -84.3259866, 37.2274773 ], [ -84.3206322, 37.232479899999973 ], [ -84.3122003, 37.232988499999976 ], [ -84.3011282, 37.227148199999974 ], [ -84.2975498, 37.230324 ], [ -84.2935675, 37.2304829 ], [ -84.2908546, 37.227318899999972 ], [ -84.2831094, 37.226478 ], [ -84.2801934, 37.222693200000037 ], [ -84.282503, 37.219364700000014 ], [ -84.2880756, 37.2198724 ], [ -84.2900634, 37.217235399999986 ], [ -84.2938195, 37.2162778 ], [ -84.299968, 37.219566399999977 ], [ -84.3172939, 37.224948100000042 ], [ -84.319147, 37.220091200000013 ], [ -84.315149, 37.211051500000032 ], [ -84.309013, 37.208607700000044 ], [ -84.3067312, 37.204177700000017 ], [ -84.3005044, 37.2009453 ], [ -84.2965587, 37.1953953 ], [ -84.2963478, 37.192085399999968 ], [ -84.2989318, 37.189946 ], [ -84.3033887, 37.190471899999984 ], [ -84.3073116, 37.195778399999952 ], [ -84.3147826, 37.200647399999973 ], [ -84.3182076, 37.1991573 ], [ -84.3216678, 37.200247799999978 ], [ -84.3244796, 37.210170400000052 ], [ -84.3287983, 37.209834500000042 ], [ -84.3355911, 37.206191600000011 ], [ -84.341227625285626, 37.196937169714438 ], [ -84.3477191, 37.202429500000036 ] ] ], [ [ [ -84.2558503, 37.238196199999983 ], [ -84.256873399999989, 37.2410566 ], [ -84.2551005, 37.2434232 ], [ -84.2516583, 37.244291800000035 ], [ -84.2474989, 37.2432342 ], [ -84.252514, 37.256223799999979 ], [ -84.2454749, 37.261112699999956 ], [ -84.2427357, 37.268516799999986 ], [ -84.2463826, 37.2700324 ], [ -84.2486461, 37.274007799999936 ], [ -84.2487882, 37.282774 ], [ -84.2521899, 37.284774899999974 ], [ -84.2587022, 37.2841251 ], [ -84.2694992, 37.287397699999985 ], [ -84.2754589, 37.2915043 ], [ -84.2789146, 37.299208799999967 ], [ -84.2823526, 37.2995235 ], [ -84.2845884, 37.301625799999989 ], [ -84.2843084, 37.3043754 ], [ -84.2816765, 37.306161399999958 ], [ -84.2778804, 37.306657600000023 ], [ -84.2736284, 37.305138299999982 ], [ -84.2661984, 37.294549899999978 ], [ -84.2574014, 37.291982 ], [ -84.2532016, 37.294131 ], [ -84.2451102, 37.290638900000012 ], [ -84.2378384, 37.29177110000002 ], [ -84.2323477, 37.2934865 ], [ -84.2311824, 37.295971499999979 ], [ -84.2279738, 37.297310100000011 ], [ -84.2231628, 37.294832100000015 ], [ -84.2260532, 37.287135399999947 ], [ -84.2350647, 37.284446800000019 ], [ -84.2389985, 37.28461570000001 ], [ -84.2394682, 37.2827032 ], [ -84.2392498, 37.275591600000034 ], [ -84.2354087, 37.273614200000019 ], [ -84.2336298, 37.2674781 ], [ -84.2294556, 37.264031099999961 ], [ -84.2312731, 37.2609591 ], [ -84.2361669, 37.259934799999989 ], [ -84.238724499999989, 37.2547942 ], [ -84.2428211, 37.25346 ], [ -84.2403564, 37.247686400000042 ], [ -84.236636197325637, 37.244971966449278 ], [ -84.239698, 37.238566 ], [ -84.235947, 37.231069 ], [ -84.237517, 37.229114 ], [ -84.24103, 37.228586 ], [ -84.248037, 37.233926 ], [ -84.250535, 37.239873 ], [ -84.2558503, 37.238196199999983 ] ] ], [ [ [ -84.1908204, 37.286579600000017 ], [ -84.1938097, 37.290033 ], [ -84.1902738, 37.296256799999973 ], [ -84.189985299999989, 37.301805 ], [ -84.1805132, 37.3084465 ], [ -84.183324399999989, 37.310349600000016 ], [ -84.1889002, 37.308383200000037 ], [ -84.1898573, 37.305804399999957 ], [ -84.1934277, 37.303677300000025 ], [ -84.1973231, 37.30320769999998 ], [ -84.2001012, 37.30444169999997 ], [ -84.2048634, 37.311154600000037 ], [ -84.2032053, 37.3147325 ], [ -84.2052322, 37.318982200000036 ], [ -84.2045708, 37.3222366 ], [ -84.2078413, 37.328781499999977 ], [ -84.2115112, 37.329313399999975 ], [ -84.214664, 37.3326282 ], [ -84.21315, 37.337131400000025 ], [ -84.2173793, 37.342357400000026 ], [ -84.2137216, 37.3453743 ], [ -84.2047912, 37.34199760000002 ], [ -84.196450200000015, 37.34488870000002 ], [ -84.191171, 37.353779500000051 ], [ -84.1867625, 37.3554876 ], [ -84.1933604, 37.356031699999981 ], [ -84.1958108, 37.359297399999988 ], [ -84.1937417, 37.3622671 ], [ -84.188825799999989, 37.363144500000018 ], [ -84.1868655, 37.367312 ], [ -84.1976177, 37.367993 ], [ -84.2001625, 37.37229010000005 ], [ -84.1966275, 37.374845799999981 ], [ -84.1851271, 37.374860599999948 ], [ -84.1777535, 37.3809607 ], [ -84.1810829, 37.383723699999976 ], [ -84.1815484, 37.386235600000042 ], [ -84.1787917, 37.388825699999934 ], [ -84.1733745, 37.3886338 ], [ -84.1736973, 37.397336400000015 ], [ -84.1682471, 37.405870599999979 ], [ -84.1677434, 37.410931100000013 ], [ -84.1703161, 37.412612700000011 ], [ -84.1707815, 37.415124599999935 ], [ -84.1660849, 37.4182906 ], [ -84.1716725, 37.422030699999972 ], [ -84.1737489, 37.4286823 ], [ -84.176987, 37.4309641 ], [ -84.181803, 37.440262099999934 ], [ -84.18701, 37.4437483 ], [ -84.1886158, 37.4494947 ], [ -84.192181, 37.449119399999979 ], [ -84.1948906, 37.450835 ], [ -84.1932479, 37.459517699999985 ], [ -84.1957764, 37.463164 ], [ -84.2036235, 37.4616781 ], [ -84.2081228, 37.464009599999962 ], [ -84.2137404, 37.453562 ], [ -84.2057889, 37.455070499999977 ], [ -84.2010055, 37.452461 ], [ -84.199784799999989, 37.448514 ], [ -84.203034, 37.446008 ], [ -84.2079865, 37.44762510000001 ], [ -84.215971, 37.445446800000028 ], [ -84.219144899999989, 37.4310329 ], [ -84.2139955, 37.430023 ], [ -84.2024929, 37.419535199999942 ], [ -84.1973396, 37.4185041 ], [ -84.1968287, 37.4257617 ], [ -84.1929602, 37.4335042 ], [ -84.189304400000012, 37.43525020000002 ], [ -84.1856366, 37.433981 ], [ -84.1844757, 37.430101199999982 ], [ -84.1876322, 37.423846499999947 ], [ -84.1874764, 37.414867799999989 ], [ -84.1891192, 37.4114625 ], [ -84.1876039, 37.401278700000034 ], [ -84.1908032, 37.399750199999971 ], [ -84.1943531, 37.400661199999988 ], [ -84.1980745, 37.409683200000032 ], [ -84.2083162, 37.413889600000012 ], [ -84.219107, 37.42376119999998 ], [ -84.2330551, 37.422158499999988 ], [ -84.2407023, 37.424733200000027 ], [ -84.2451151, 37.420176599999976 ], [ -84.2532678, 37.416954700000034 ], [ -84.2598373, 37.41016980000002 ], [ -84.2608595, 37.385964399999963 ], [ -84.2641825, 37.377104199999984 ], [ -84.2609131, 37.374743900000013 ], [ -84.2572062, 37.379200799999943 ], [ -84.2484277, 37.38320370000001 ], [ -84.2420853, 37.388521199999985 ], [ -84.2298487, 37.389096699999975 ], [ -84.2237955, 37.387007600000011 ], [ -84.2204147, 37.3915156 ], [ -84.216665, 37.392866899999973 ], [ -84.2137054, 37.391933499999986 ], [ -84.2085055, 37.3868454 ], [ -84.2120534, 37.3794313 ], [ -84.2112291, 37.375236899999969 ], [ -84.2164867, 37.37341839999997 ], [ -84.2255465, 37.37974040000001 ], [ -84.2308164, 37.381591800000038 ], [ -84.2375874, 37.381184800000014 ], [ -84.2427353, 37.377039099999969 ], [ -84.2486506, 37.375312599999972 ], [ -84.2544599, 37.366709300000025 ], [ -84.2631534, 37.365781900000016 ], [ -84.266852, 37.3678072 ], [ -84.2694974, 37.366013300000034 ], [ -84.2702293, 37.362461399999965 ], [ -84.273590700000014, 37.361095400000011 ], [ -84.2770578, 37.362187199999987 ], [ -84.2785605, 37.365192 ], [ -84.2774068, 37.369874 ], [ -84.2736918, 37.372612 ], [ -84.2737782, 37.379551100000022 ], [ -84.2698433, 37.38684929999998 ], [ -84.2701985, 37.406143100000016 ], [ -84.2682615, 37.413024399999969 ], [ -84.260789699999989, 37.421168699999981 ], [ -84.2554834, 37.42440449999998 ], [ -84.2624096, 37.428930799999989 ], [ -84.2627086, 37.433047799999983 ], [ -84.260293, 37.4367084 ], [ -84.2568704, 37.4378927 ], [ -84.2529926, 37.436040799999979 ], [ -84.253198, 37.432272500000018 ], [ -84.2483602, 37.43049259999998 ], [ -84.2408242, 37.4324046 ], [ -84.232857, 37.429404900000016 ], [ -84.2279508, 37.432878099999982 ], [ -84.2286833, 37.43720940000005 ], [ -84.2238701, 37.450515899999978 ], [ -84.22826, 37.453303899999959 ], [ -84.2311041, 37.451389 ], [ -84.2330427, 37.4465386 ], [ -84.2360668, 37.4451983 ], [ -84.239619499999989, 37.446107900000044 ], [ -84.2410994, 37.448601500000017 ], [ -84.238778599999989, 37.455450700000014 ], [ -84.2335548, 37.459291299999983 ], [ -84.2347948, 37.464124 ], [ -84.232851599999989, 37.4679291 ], [ -84.227646299999989, 37.4750244 ], [ -84.2228092, 37.477134200000037 ], [ -84.2248935, 37.4785875 ], [ -84.2305029, 37.4785935 ], [ -84.2322312, 37.4832303 ], [ -84.2292861, 37.486375799999976 ], [ -84.2238363, 37.487022 ], [ -84.2136862, 37.482584499999987 ], [ -84.2059145, 37.494599199999989 ], [ -84.2103513, 37.4960849 ], [ -84.2119894, 37.498263099999946 ], [ -84.2110817, 37.50114880000001 ], [ -84.2077598, 37.5025078 ], [ -84.204223606464396, 37.502021192965451 ], [ -84.203609, 37.498796 ], [ -84.200161, 37.495711 ], [ -84.204057, 37.490437 ], [ -84.203552, 37.486177 ], [ -84.196198, 37.477696 ], [ -84.193019, 37.46638 ], [ -84.190767, 37.464954 ], [ -84.188759, 37.459684 ], [ -84.189256, 37.456842 ], [ -84.18293, 37.454862 ], [ -84.184375, 37.448089 ], [ -84.183043, 37.445426 ], [ -84.17533, 37.440887 ], [ -84.17691, 37.440127 ], [ -84.17544, 37.436175 ], [ -84.168942, 37.429849 ], [ -84.169547, 37.426225 ], [ -84.159285, 37.417369 ], [ -84.16967, 37.393603 ], [ -84.169481, 37.385406 ], [ -84.166588, 37.383431 ], [ -84.166617, 37.381106 ], [ -84.163126, 37.381216 ], [ -84.159684290793109, 37.378416089996627 ], [ -84.167803, 37.3775551 ], [ -84.1717719, 37.3747584 ], [ -84.1697721, 37.372350400000037 ], [ -84.1698832, 37.3685322 ], [ -84.1733854, 37.366599899999962 ], [ -84.1772692, 37.36778419999996 ], [ -84.1798425, 37.361981900000018 ], [ -84.1778729, 37.3578145 ], [ -84.1718362, 37.355675699999949 ], [ -84.1699341, 37.345294200000041 ], [ -84.1751393, 37.342987600000029 ], [ -84.178266, 37.3449709 ], [ -84.1790759, 37.349664 ], [ -84.1845749, 37.347997899999974 ], [ -84.1870368, 37.3427487 ], [ -84.1837399, 37.340336499999978 ], [ -84.1845035, 37.336993500000048 ], [ -84.1912679, 37.3353861 ], [ -84.194516, 37.332869200000019 ], [ -84.1987964, 37.333796199999966 ], [ -84.1981545, 37.32809689999997 ], [ -84.1947434, 37.3240599 ], [ -84.1958178, 37.319148900000037 ], [ -84.1899871, 37.315675399999975 ], [ -84.1851509, 37.317744 ], [ -84.1800976, 37.317083099999984 ], [ -84.1778444, 37.319445600000016 ], [ -84.1773782, 37.326076600000043 ], [ -84.1823802, 37.330073400000025 ], [ -84.1810767, 37.333308100000011 ], [ -84.1769841, 37.334239700000026 ], [ -84.1692796, 37.331194799999977 ], [ -84.1669771, 37.3254576 ], [ -84.1690522, 37.322861700000018 ], [ -84.1686437, 37.3165643 ], [ -84.1717816, 37.314040300000016 ], [ -84.1662713, 37.3108344 ], [ -84.1647304, 37.305001299999979 ], [ -84.1596463, 37.304488100000057 ], [ -84.157409079369586, 37.303315999919242 ], [ -84.159906, 37.302864 ], [ -84.162451, 37.29792 ], [ -84.163387, 37.300556 ], [ -84.170581, 37.29988 ], [ -84.171773, 37.300894 ], [ -84.170317, 37.305493 ], [ -84.171565, 37.307066 ], [ -84.174101, 37.30479 ], [ -84.180097, 37.303955 ], [ -84.178782, 37.299279 ], [ -84.182503, 37.294666 ], [ -84.187118, 37.292586 ], [ -84.189261, 37.286986 ], [ -84.1908204, 37.286579600000017 ] ], [ [ -84.219235400000017, 37.463122699999985 ], [ -84.2246675, 37.464621200000039 ], [ -84.224087, 37.459751500000031 ], [ -84.221441, 37.4586932 ], [ -84.219235400000017, 37.463122699999985 ] ], [ [ -84.2172171, 37.471194100000019 ], [ -84.217437, 37.4711948 ], [ -84.2175528, 37.4711065 ], [ -84.2172171, 37.471194100000019 ] ], [ [ -84.2123856, 37.470517800000017 ], [ -84.212980500000015, 37.472549500000056 ], [ -84.2152959, 37.4714651 ], [ -84.2123856, 37.470517800000017 ] ], [ [ -84.2014821, 37.469364199999958 ], [ -84.1983794, 37.470273 ], [ -84.2041558, 37.481404200000028 ], [ -84.2066823, 37.47800460000002 ], [ -84.2014821, 37.469364199999958 ] ] ] ] } },
{ "type": "Feature", "properties": { "state_po": "KY", "county_geoid": "21203", "pwsid": "KY1020889", "pws_name": "BRODHEAD WATER WORKS", "population_served_count": 1613, "model_method": "", "verification_status": "", "symbology_field": "System Sourced", "intersection_area_sq_km": 15.686236973420431 }, "geometry": { "type": "Polygon", "coordinates": [ [ [ -84.4042508, 37.365031 ], [ -84.4091882, 37.3665774 ], [ -84.412503199999989, 37.371807699999984 ], [ -84.4182628, 37.374101 ], [ -84.420456700000017, 37.380536099999986 ], [ -84.4240736, 37.383381899999975 ], [ -84.4285251, 37.390850400000026 ], [ -84.4261319, 37.395594800000019 ], [ -84.431269, 37.394646600000016 ], [ -84.4346232, 37.397061099999974 ], [ -84.4343484, 37.399811 ], [ -84.4308632, 37.4025381 ], [ -84.4433346, 37.40989 ], [ -84.4436022, 37.412420200000014 ], [ -84.4414586, 37.414585 ], [ -84.4354119, 37.41395760000001 ], [ -84.4256012, 37.408439200000011 ], [ -84.4222053, 37.4116634 ], [ -84.425307500000017, 37.414807 ], [ -84.4235579, 37.418429900000056 ], [ -84.407698599999989, 37.418487300000017 ], [ -84.4041557, 37.415381700000033 ], [ -84.4050989, 37.412727699999969 ], [ -84.4087633, 37.410933700000022 ], [ -84.4086541, 37.408932099999944 ], [ -84.405727399999989, 37.407565799999972 ], [ -84.4018005, 37.4155605 ], [ -84.3962322, 37.4173209 ], [ -84.3923741, 37.413938099999989 ], [ -84.3957406, 37.408169199999975 ], [ -84.3883097, 37.408523100000046 ], [ -84.3850193, 37.406713300000028 ], [ -84.3846181, 37.403973299999976 ], [ -84.3865097, 37.401931099999963 ], [ -84.396500100000011, 37.400733700000011 ], [ -84.3914203, 37.396125799999986 ], [ -84.3875655, 37.389284 ], [ -84.3888263, 37.38081 ], [ -84.3952831, 37.376291200000011 ], [ -84.3992512, 37.375920899999969 ], [ -84.4020931, 37.378240900000016 ], [ -84.4018172, 37.380990800000056 ], [ -84.3985942, 37.383557 ], [ -84.3981282, 37.389056599999989 ], [ -84.3990504, 37.392101700000033 ], [ -84.405203, 37.398422500000031 ], [ -84.4116606, 37.396791399999977 ], [ -84.4160414, 37.390076299999976 ], [ -84.4107104, 37.379311300000047 ], [ -84.3995222, 37.373230400000018 ], [ -84.3913812, 37.364398400000027 ], [ -84.3910699, 37.361433699999971 ], [ -84.3933861, 37.35938640000002 ], [ -84.3968376, 37.3592459 ], [ -84.4042508, 37.365031 ] ] ] } },
{ "type": "Feature", "properties": { "state_po": "KY", "county_geoid": "21031", "pwsid": "KY0160294", "pws_name": "MORGANTOWN WATER SYSTEM", "population_served_count": 2628, "model_method": "", "verification_status": "", "symbology_field": "System Sourced", "intersection_area_sq_km": 8.5496772503758933 }, "geometry": { "type": "Polygon", "coordinates": [ [ [ -86.7015637, 37.213337299999942 ], [ -86.7051316, 37.214519 ], [ -86.7085248, 37.212320399999989 ], [ -86.712404, 37.213126300000013 ], [ -86.7195712, 37.220802100000029 ], [ -86.7185593, 37.225411299999976 ], [ -86.7141929, 37.2266832 ], [ -86.7083598, 37.224094900000026 ], [ -86.7032301, 37.2272987 ], [ -86.7012114, 37.23068140000003 ], [ -86.7039964, 37.235369799999972 ], [ -86.7007774, 37.238174499999985 ], [ -86.6958945, 37.23710180000004 ], [ -86.686912, 37.240231 ], [ -86.6770984, 37.235671300000014 ], [ -86.6730775, 37.225994199999953 ], [ -86.674154, 37.2233734 ], [ -86.6779374, 37.2212273 ], [ -86.6747367, 37.214359 ], [ -86.6757302, 37.211271299999972 ], [ -86.6785404, 37.210030699999962 ], [ -86.6818806, 37.21071809999998 ], [ -86.6866874, 37.217550300000021 ], [ -86.692499, 37.214443700000018 ], [ -86.6975575, 37.2150226 ], [ -86.7015637, 37.213337299999942 ] ] ] } },
{ "type": "Feature", "properties": { "state_po": "KY", "county_geoid": "21031", "pwsid": "KY0710247", "pws_name": "LEWISBURG WATER WORKS", "population_served_count": 3119, "model_method": "", "verification_status": "", "symbology_field": "System Sourced", "intersection_area_sq_km": 1.3237210627797968 }, "geometry": { "type": "MultiPolygon", "coordinates": [ [ [ [ -86.9007449, 37.0642389 ], [ -86.8946844, 37.0664497 ], [ -86.8920864, 37.0649961 ], [ -86.891336328986895, 37.062492972919479 ], [ -86.9007449, 37.0642389 ] ] ], [ [ [ -86.932780799999989, 37.078552099999982 ], [ -86.9233864, 37.066910599999986 ], [ -86.919884243795053, 37.066195999345148 ], [ -86.934428867292567, 37.068079885926316 ], [ -86.9389162, 37.0756299 ], [ -86.9367479, 37.078303200000072 ], [ -86.932780799999989, 37.078552099999982 ] ] ] ] } },
{ "type": "Feature", "properties": { "state_po": "KY", "county_geoid": "21161", "pwsid": "KY0351008", "pws_name": "GREATER FLEMING CO WT COMM", "population_served_count": 25, "model_method": "", "verification_status": "", "symbology_field": "System Sourced", "intersection_area_sq_km": 12.26746094763282 }, "geometry": { "type": "MultiPolygon", "coordinates": [ [ [ [ -83.715458, 38.50608260000002 ], [ -83.7032199, 38.52479060000001 ], [ -83.700656099999989, 38.53185180000002 ], [ -83.6952475, 38.536721 ], [ -83.6774425, 38.574002300000039 ], [ -83.6700966, 38.579124199999988 ], [ -83.6619334, 38.5959468 ], [ -83.6544297, 38.603721200000031 ], [ -83.6512527, 38.610935 ], [ -83.6508574, 38.61690829999997 ], [ -83.6457249, 38.621092799999985 ], [ -83.6413947, 38.6211273 ], [ -83.6389797, 38.617381400000035 ], [ -83.6421008, 38.613387900000042 ], [ -83.6413078, 38.610166800000023 ], [ -83.6450845, 38.605051699999962 ], [ -83.6459417, 38.6005928 ], [ -83.6533986, 38.592218700000025 ], [ -83.660351, 38.577262 ], [ -83.6693324, 38.570554199999968 ], [ -83.6760831, 38.558170100000034 ], [ -83.6796125, 38.546572899999973 ], [ -83.6840577, 38.5418169 ], [ -83.6872816, 38.533106199999963 ], [ -83.692593800000012, 38.5283262 ], [ -83.7021918, 38.509791800000016 ], [ -83.715458, 38.50608260000002 ] ] ], [ [ [ -83.6338789, 38.624983299999968 ], [ -83.6347367, 38.622423599999976 ], [ -83.637409, 38.620992099999967 ], [ -83.6430537, 38.6230396 ], [ -83.6433253, 38.6274645 ], [ -83.639973641906138, 38.634275789622137 ], [ -83.6338789, 38.624983299999968 ] ] ] ] } },
{ "type": "Feature", "properties": { "state_po": "KY", "county_geoid": "21161", "pwsid": "KY0810460", "pws_name": "WESTERN MASON CO WATER DISTRICT", "population_served_count": 2994, "model_method": "", "verification_status": "", "symbology_field": "System Sourced", "intersection_area_sq_km": 64.90265765975974 }, "geometry": { "type": "MultiPolygon", "coordinates": [ [ [ [ -83.9682309, 38.641882400000014 ], [ -83.9660132, 38.637017599999986 ], [ -83.9683817, 38.634979200000039 ], [ -83.971794629971669, 38.634826031812075 ], [ -83.9682309, 38.641882400000014 ] ] ], [ [ [ -83.9077039, 38.759983799999986 ], [ -83.9016031, 38.76036669999997 ], [ -83.8933627, 38.758382699999977 ], [ -83.8934279, 38.760963900000043 ], [ -83.8910532, 38.763000599999977 ], [ -83.8809786, 38.7627758 ], [ -83.8763197, 38.7598508 ], [ -83.8737621, 38.755606299999982 ], [ -83.8685769, 38.75522650000002 ], [ -83.8503458, 38.7441564 ], [ -83.8462359, 38.73879950000002 ], [ -83.847335199999989, 38.73488949999998 ], [ -83.8523679, 38.734188499999988 ], [ -83.8660513, 38.745257200000019 ], [ -83.8733442, 38.748260300000013 ], [ -83.867268, 38.7412864 ], [ -83.8665692, 38.737035 ], [ -83.8616754, 38.739310400000029 ], [ -83.8574376, 38.737448899999983 ], [ -83.8581262, 38.725814699999987 ], [ -83.8509947, 38.7235747 ], [ -83.8460068, 38.725316899999989 ], [ -83.8428301, 38.723325300000042 ], [ -83.8436313, 38.713077100000021 ], [ -83.8384481, 38.706823900000039 ], [ -83.8356228, 38.69989030000005 ], [ -83.8407379, 38.6902211 ], [ -83.8336606, 38.681897400000018 ], [ -83.8348597, 38.679304599999988 ], [ -83.8380463, 38.6781358 ], [ -83.8442152, 38.681410300000017 ], [ -83.8484623, 38.6815324 ], [ -83.8501544, 38.6733014 ], [ -83.8549024, 38.669385 ], [ -83.856696, 38.655793900000027 ], [ -83.8685405, 38.652032599999977 ], [ -83.838328, 38.647054800000042 ], [ -83.8368339, 38.644321 ], [ -83.8384696, 38.641637599999953 ], [ -83.8474705, 38.641117 ], [ -83.8441223, 38.639506100000034 ], [ -83.8431936, 38.636829699999979 ], [ -83.835152, 38.634055 ], [ -83.8347043, 38.630887 ], [ -83.8373525, 38.628758300000037 ], [ -83.8452149, 38.62943639999996 ], [ -83.8507089, 38.631938 ], [ -83.8524223, 38.634693100000014 ], [ -83.8742288, 38.64130590000002 ], [ -83.8833976, 38.648859699999967 ], [ -83.8904348, 38.6363157 ], [ -83.8903633, 38.6298847 ], [ -83.8927689, 38.628186600000021 ], [ -83.896284, 38.628241400000036 ], [ -83.899255, 38.631326500000014 ], [ -83.8995664, 38.637434500000019 ], [ -83.8922099, 38.651009400000014 ], [ -83.902711400000015, 38.65319180000003 ], [ -83.914846, 38.652475 ], [ -83.9123589, 38.639277 ], [ -83.9164292, 38.6359954 ], [ -83.9212176, 38.638263199999955 ], [ -83.9237484, 38.650505199999955 ], [ -83.9334086, 38.652844499999965 ], [ -83.9414449, 38.6566332 ], [ -83.9550923, 38.6553126 ], [ -83.9568958, 38.651780899999977 ], [ -83.9492472, 38.642565700000034 ], [ -83.9515498, 38.638776200000045 ], [ -83.9568998, 38.639271599999958 ], [ -83.964422, 38.647556400000049 ], [ -83.966435954622824, 38.645941813234167 ], [ -83.958208508843754, 38.662570318620567 ], [ -83.94688, 38.662950899999984 ], [ -83.9464731, 38.685241800000036 ], [ -83.941015180413103, 38.696198571566228 ], [ -83.9396507, 38.693575700000018 ], [ -83.9345517, 38.694017099999954 ], [ -83.9318243, 38.691116300000033 ], [ -83.9329964, 38.6882875 ], [ -83.9368814, 38.6866823 ], [ -83.9335612, 38.683028399999969 ], [ -83.9373025, 38.679559 ], [ -83.9375753, 38.6631875 ], [ -83.9237081, 38.657742500000026 ], [ -83.9167709, 38.661430799999977 ], [ -83.9144875, 38.674543600000014 ], [ -83.918084, 38.6923443 ], [ -83.9249183, 38.6988907 ], [ -83.9244681, 38.7040932 ], [ -83.934440310918021, 38.70896185547408 ], [ -83.929088137998235, 38.71934807094155 ], [ -83.928148299999989, 38.714828100000013 ], [ -83.920952, 38.711352299999959 ], [ -83.9065453, 38.724292100000021 ], [ -83.9062939, 38.7310138 ], [ -83.9024647, 38.741298199999967 ], [ -83.9132475, 38.7408468 ], [ -83.917268518785448, 38.742273503411063 ], [ -83.913005063501473, 38.750539137789907 ], [ -83.9118235, 38.748786700000011 ], [ -83.9003892, 38.748322 ], [ -83.8966981, 38.751659700000019 ], [ -83.9083252, 38.754287399999974 ], [ -83.909814239510581, 38.756723926370739 ], [ -83.9077039, 38.759983799999986 ] ], [ [ -83.9053351, 38.660766 ], [ -83.902269, 38.661686099999955 ], [ -83.9055263, 38.6630951 ], [ -83.9053351, 38.660766 ] ], [ [ -83.8880969, 38.681791500000045 ], [ -83.8933834, 38.683556799999977 ], [ -83.8939782, 38.687038099999974 ], [ -83.9010038, 38.6948921 ], [ -83.9011038, 38.698064299999984 ], [ -83.9148157, 38.701197800000038 ], [ -83.9094511, 38.6949834 ], [ -83.9062378, 38.683407499999987 ], [ -83.9009238, 38.6841993 ], [ -83.8977382, 38.681601400000055 ], [ -83.8990159, 38.678140100000029 ], [ -83.9053735, 38.675824 ], [ -83.9055555, 38.6711555 ], [ -83.8922184, 38.665792799999977 ], [ -83.8866865, 38.661418500000039 ], [ -83.8783009, 38.675097600000015 ], [ -83.8728638, 38.6800054 ], [ -83.867279599999989, 38.6808385 ], [ -83.8643957, 38.678905600000057 ], [ -83.8642366, 38.676150600000021 ], [ -83.8713863, 38.6702909 ], [ -83.8758323, 38.662085400000052 ], [ -83.8739124, 38.6607377 ], [ -83.864969, 38.661032200000058 ], [ -83.8636588, 38.674077599999983 ], [ -83.8594928, 38.676769700000023 ], [ -83.8570054, 38.684427300000031 ], [ -83.865377099999989, 38.68906420000004 ], [ -83.8681621, 38.692224699999969 ], [ -83.8676944, 38.699738500000024 ], [ -83.8700378, 38.705199099999959 ], [ -83.866034, 38.7173064 ], [ -83.867360600000012, 38.725540099999989 ], [ -83.8714332, 38.724109299999981 ], [ -83.875069, 38.725960800000038 ], [ -83.8768428, 38.7335213 ], [ -83.8759984, 38.738455100000024 ], [ -83.8806955, 38.742920399999974 ], [ -83.883234700000017, 38.748247099999979 ], [ -83.8926628, 38.744085 ], [ -83.8960213, 38.732597899999931 ], [ -83.8926283, 38.733458500000026 ], [ -83.8895022, 38.732189700000013 ], [ -83.8868907, 38.724306399999989 ], [ -83.882896699999989, 38.7219472 ], [ -83.8797246, 38.71668849999994 ], [ -83.8811092, 38.713691399999988 ], [ -83.8850082, 38.712730599999986 ], [ -83.8835291, 38.7100113 ], [ -83.8851644, 38.707327299999989 ], [ -83.8971077, 38.7046985 ], [ -83.8913919, 38.7019948 ], [ -83.888063, 38.6927589 ], [ -83.8818793, 38.6869 ], [ -83.8828662, 38.6833808 ], [ -83.8880969, 38.681791500000045 ] ], [ [ -83.8498137, 38.689047200000033 ], [ -83.849149, 38.693348600000022 ], [ -83.8449941, 38.699322399999957 ], [ -83.8527734, 38.7110991 ], [ -83.8530818, 38.7184824 ], [ -83.8569436, 38.716153 ], [ -83.8585861, 38.711069399999964 ], [ -83.8551078, 38.7073341 ], [ -83.856372, 38.7046833 ], [ -83.8598516, 38.703511100000043 ], [ -83.8583954, 38.699262800000035 ], [ -83.8593515, 38.694532600000031 ], [ -83.8498137, 38.689047200000033 ] ], [ [ -83.8874311, 38.713655199999977 ], [ -83.8982585, 38.720960499999919 ], [ -83.9124063, 38.7082737 ], [ -83.9056013, 38.707462900000031 ], [ -83.9011651, 38.7116673 ], [ -83.8874311, 38.713655199999977 ] ], [ [ -83.8675806, 38.733487899999986 ], [ -83.8674096, 38.7325857 ], [ -83.8673506, 38.734058900000022 ], [ -83.8675806, 38.733487899999986 ] ] ] ] } },
{ "type": "Feature", "properties": { "state_po": "KY", "county_geoid": "21141", "pwsid": "KY0710001", "pws_name": "ADAIRVILLE WATER WORKS", "population_served_count": 787, "model_method": "", "verification_status": "", "symbology_field": "System Sourced", "intersection_area_sq_km": 7.7094772043183442 }, "geometry": { "type": "Polygon", "coordinates": [ [ [ -86.857580399999989, 36.6586658 ], [ -86.8615874, 36.660439699999984 ], [ -86.8650051, 36.6681458 ], [ -86.860909, 36.674766599999984 ], [ -86.8562903, 36.677404199999977 ], [ -86.8644627, 36.68256949999995 ], [ -86.8662606, 36.68646279999998 ], [ -86.8655763, 36.709403 ], [ -86.8614776, 36.7125686 ], [ -86.858449, 36.711860500000057 ], [ -86.8567009, 36.70948809999998 ], [ -86.8572772, 36.687057599999982 ], [ -86.848727, 36.6816916 ], [ -86.8409295, 36.6664339 ], [ -86.8420039, 36.66378790000001 ], [ -86.8465668, 36.660989399999977 ], [ -86.8501064, 36.650002900000018 ], [ -86.852771, 36.6479439 ], [ -86.856189300000011, 36.648091700000052 ], [ -86.8584768, 36.6501438 ], [ -86.857580399999989, 36.6586658 ] ] ] } },
{ "type": "Feature", "properties": { "state_po": "KY", "county_geoid": "21141", "pwsid": "KY0710012", "pws_name": "AUBURN MUN WATER WORKS", "population_served_count": 1931, "model_method": "", "verification_status": "", "symbology_field": "System Sourced", "intersection_area_sq_km": 6.3538627095379789 }, "geometry": { "type": "Polygon", "coordinates": [ [ [ -86.7085582, 36.8515505 ], [ -86.7134239, 36.8532766 ], [ -86.7208805, 36.8535623 ], [ -86.7237098, 36.855782500000018 ], [ -86.7277345, 36.854256299999982 ], [ -86.7333089, 36.856147899999975 ], [ -86.7355174, 36.858571899999966 ], [ -86.7350779, 36.8627646 ], [ -86.7323764, 36.864466799999988 ], [ -86.7267694, 36.864676300000013 ], [ -86.722100700000013, 36.870742699999973 ], [ -86.71777, 36.873418400000062 ], [ -86.7072479, 36.8732618 ], [ -86.7047844, 36.871671199999952 ], [ -86.7039883, 36.868567 ], [ -86.7002446, 36.8692818 ], [ -86.6948103, 36.867966800000019 ], [ -86.6893816, 36.863963799999979 ], [ -86.689489, 36.860158300000016 ], [ -86.6951422, 36.857591 ], [ -86.699514, 36.8588205 ], [ -86.7033195, 36.8578161 ], [ -86.7048498, 36.853183 ], [ -86.7085582, 36.8515505 ] ] ] } },
{ "type": "Feature", "properties": { "state_po": "KY", "county_geoid": "21141", "pwsid": "KY0710247", "pws_name": "LEWISBURG WATER WORKS", "population_served_count": 3119, "model_method": "", "verification_status": "", "symbology_field": "System Sourced", "intersection_area_sq_km": 99.36669797117095 }, "geometry": { "type": "Polygon", "coordinates": [ [ [ -87.0555558, 36.90829860000003 ], [ -87.0488254, 36.906367899999978 ], [ -87.0462329, 36.902855700000025 ], [ -87.0455457, 36.8853295 ], [ -87.0417896, 36.890665899999981 ], [ -87.0427112, 36.8943836 ], [ -87.0397872, 36.905388099999989 ], [ -87.0406352, 36.909181 ], [ -87.0354401, 36.9210923 ], [ -87.0300205, 36.927187299999979 ], [ -87.0234311, 36.928792699999988 ], [ -87.0216739, 36.9317951 ], [ -87.0166388, 36.933600700000014 ], [ -87.0126457, 36.938105900000011 ], [ -87.0094156, 36.9391948 ], [ -87.0106741, 36.941646 ], [ -87.0097523, 36.946135600000026 ], [ -87.0156056, 36.944171399999981 ], [ -87.0189868, 36.947852 ], [ -87.0146048, 36.952612399999978 ], [ -87.008357, 36.954126399999979 ], [ -87.0084323, 36.955351900000011 ], [ -87.0194898, 36.9518798 ], [ -87.0235578, 36.9528218 ], [ -87.0241937, 36.957366199999989 ], [ -87.0171214, 36.9604249 ], [ -87.0221902, 36.962003600000017 ], [ -87.025737600000014, 36.96499240000005 ], [ -87.0261586, 36.969546399999956 ], [ -87.0210043, 36.971013500000012 ], [ -87.007089100000016, 36.964395900000014 ], [ -86.986317, 36.9712135 ], [ -86.9832845, 36.972876 ], [ -86.9807477, 36.9815043 ], [ -86.9819561, 36.983174899999959 ], [ -86.9893063, 36.981446100000028 ], [ -87.0024878, 36.9838977 ], [ -87.0054247, 36.9863464 ], [ -87.0045184, 36.9896657 ], [ -86.9957486, 36.990965700000025 ], [ -86.9867809, 36.989331299999961 ], [ -86.9861446, 36.993461700000012 ], [ -86.9814564, 36.9993563 ], [ -86.9771315, 37.000335 ], [ -86.9722438, 36.997413100000017 ], [ -86.971388499999989, 37.002044199999986 ], [ -86.9679772, 37.0040594 ], [ -86.9616745, 37.0026843 ], [ -86.9608485, 36.9995656 ], [ -86.9631894, 36.997230400000049 ], [ -86.9593803, 36.9954442 ], [ -86.9574454, 37.01089889999998 ], [ -86.9604721, 37.0152404 ], [ -86.9695859, 37.018854600000026 ], [ -86.9756658, 37.019161 ], [ -86.9774654, 37.0222374 ], [ -86.975493899999989, 37.025034 ], [ -86.9790476, 37.027026499999955 ], [ -86.9892933, 37.0276188 ], [ -86.9931117, 37.02409949999997 ], [ -86.9976206, 37.022711400000013 ], [ -87.0050242, 37.025606300000014 ], [ -87.0041157, 37.029544300000019 ], [ -86.9982505, 37.030061199999984 ], [ -86.9951976, 37.033736400000045 ], [ -86.984167700000015, 37.0344414 ], [ -86.9936829, 37.047293700000019 ], [ -86.9922198, 37.05643970000002 ], [ -86.9885651, 37.057698900000027 ], [ -86.9852686, 37.056331299999989 ], [ -86.9850092, 37.049239499999977 ], [ -86.9765019, 37.0385801 ], [ -86.9712509, 37.036514199999971 ], [ -86.972637, 37.0321805 ], [ -86.9673454, 37.029110799999984 ], [ -86.9636063, 37.024241300000028 ], [ -86.954445299999989, 37.020591499999988 ], [ -86.9487253, 37.014887700000031 ], [ -86.9496302, 37.002299399999977 ], [ -86.945643, 36.9999033 ], [ -86.9470357, 36.995912299999979 ], [ -86.9404319, 36.992176899999983 ], [ -86.9313029, 36.995813 ], [ -86.9338592, 36.99909530000005 ], [ -86.9388375, 37.000680499999973 ], [ -86.9414195, 37.004572099999976 ], [ -86.9409893, 37.0073444 ], [ -86.9469505, 37.0116019 ], [ -86.9467414, 37.0147857 ], [ -86.9430896, 37.018020599999936 ], [ -86.9388674, 37.017730799999988 ], [ -86.9369293, 37.0139351 ], [ -86.9309335, 37.009792099999956 ], [ -86.931273, 37.006068800000037 ], [ -86.9264986, 37.004008700000043 ], [ -86.9260197, 37.013524 ], [ -86.9451104, 37.0222919 ], [ -86.946594499999989, 37.0265158 ], [ -86.944193, 37.028491199999948 ], [ -86.9410293, 37.028606700000054 ], [ -86.9232311, 37.02047790000006 ], [ -86.9269102, 37.026407500000026 ], [ -86.9267423, 37.033041599999969 ], [ -86.9212509, 37.038907699999989 ], [ -86.9288109, 37.039854799999986 ], [ -86.9306359, 37.0439921 ], [ -86.9270034, 37.046443899999986 ], [ -86.91397, 37.045725600000019 ], [ -86.9115986, 37.048296 ], [ -86.9130309, 37.056049199999975 ], [ -86.922921, 37.059410500000041 ], [ -86.9288899, 37.059752 ], [ -86.934428867292567, 37.068079885926316 ], [ -86.9070229, 37.0630087 ], [ -86.9041311, 37.058934300000011 ], [ -86.901045486408847, 37.063753172075018 ], [ -86.891336328986895, 37.062492972919479 ], [ -86.8949388, 37.0555445 ], [ -86.8994597, 37.052673 ], [ -86.902155100000016, 37.0463578 ], [ -86.917831, 37.031657099999954 ], [ -86.9180718, 37.028076100000021 ], [ -86.9127415, 37.019303400000041 ], [ -86.9133934, 37.015997 ], [ -86.9171455, 37.012331 ], [ -86.9178703, 37.001007199999961 ], [ -86.9081767, 36.998304299999987 ], [ -86.8937648, 36.997613799999954 ], [ -86.8915162, 36.994984800000026 ], [ -86.8919397, 36.989194 ], [ -86.8968159, 36.987205 ], [ -86.9004865, 36.990785 ], [ -86.9202009, 36.9931962 ], [ -86.9226692, 36.991081800000032 ], [ -86.9202234, 36.98737940000003 ], [ -86.9232089, 36.98263810000001 ], [ -86.928474600000015, 36.9827227 ], [ -86.9316287, 36.98760709999997 ], [ -86.93478, 36.985467400000026 ], [ -86.9294094, 36.9826234 ], [ -86.928713700000017, 36.979169699999986 ], [ -86.923856, 36.97639 ], [ -86.92271, 36.9737892 ], [ -86.926264, 36.9704538 ], [ -86.9319284, 36.972204899999973 ], [ -86.935796599999989, 36.960681499999978 ], [ -86.9296547, 36.9568114 ], [ -86.9182622, 36.9552932 ], [ -86.9177183, 36.95055409999997 ], [ -86.9128695, 36.9467625 ], [ -86.9131868, 36.9437984 ], [ -86.915887, 36.9420919 ], [ -86.9190387, 36.942309199999983 ], [ -86.9282886, 36.949426899999942 ], [ -86.9334571, 36.950184 ], [ -86.9442518, 36.9560534 ], [ -86.947057199999989, 36.959426 ], [ -86.9505803, 36.957857800000028 ], [ -86.9547708, 36.958910300000014 ], [ -86.957884, 36.961905299999977 ], [ -86.9603874, 36.9715554 ], [ -86.9680998, 36.9717657 ], [ -86.9781079, 36.966951599999973 ], [ -86.9702603, 36.952232399999978 ], [ -86.9745715, 36.9425804 ], [ -86.9739036, 36.939415599999975 ], [ -86.9698614, 36.9374482 ], [ -86.9646302, 36.92555729999998 ], [ -86.9697179, 36.923127300000026 ], [ -86.9748175, 36.9270087 ], [ -86.9768275, 36.921624 ], [ -86.989432400000013, 36.911623700000028 ], [ -86.9928789, 36.9045098 ], [ -86.9880459, 36.9030665 ], [ -86.9878807, 36.898518599999989 ], [ -86.9951754, 36.895679900000012 ], [ -86.9975736, 36.88902030000002 ], [ -87.0028182, 36.888028899999988 ], [ -87.0097447, 36.881548199999969 ], [ -87.0150381, 36.880356300000024 ], [ -87.017813800000013, 36.867657600000022 ], [ -87.0123614, 36.866959300000055 ], [ -86.9944936, 36.859884600000029 ], [ -86.9876236, 36.860887 ], [ -86.9857477, 36.8655073 ], [ -86.9888942, 36.877359 ], [ -86.9870246, 36.8796728 ], [ -86.9833791, 36.8801962 ], [ -86.9801651, 36.877681499999973 ], [ -86.9768186, 36.863111600000018 ], [ -86.963592, 36.857751700000023 ], [ -86.970616, 36.871664500000051 ], [ -86.9691378, 36.8741543 ], [ -86.9659011, 36.875075 ], [ -86.9604146, 36.8711157 ], [ -86.9598801, 36.874175899999983 ], [ -86.9626758, 36.877236099999976 ], [ -86.9617581, 36.8865719 ], [ -86.9674131, 36.898093 ], [ -86.9652258, 36.901001699999959 ], [ -86.959038, 36.901924699999938 ], [ -86.9560197, 36.899853800000045 ], [ -86.9565002, 36.89632970000001 ], [ -86.9527184, 36.888997 ], [ -86.9532182, 36.880598199999987 ], [ -86.9502853, 36.878147800000029 ], [ -86.950791200000012, 36.8739613 ], [ -86.9464857, 36.8719853 ], [ -86.9451446, 36.86968610000001 ], [ -86.9473242, 36.8663063 ], [ -86.9531862, 36.866835100000024 ], [ -86.9568342, 36.864103 ], [ -86.9536647, 36.85584369999998 ], [ -86.9341627, 36.853642100000016 ], [ -86.931695, 36.8511211 ], [ -86.9326731, 36.848031400000011 ], [ -86.9363185, 36.846774 ], [ -86.9624882, 36.8492914 ], [ -86.9786798, 36.85604820000006 ], [ -86.990452, 36.852311799999967 ], [ -86.9962388, 36.852808800000041 ], [ -87.0113969, 36.8582537 ], [ -87.0157512, 36.8571072 ], [ -87.0193035, 36.859189 ], [ -87.021552899999989, 36.8569712 ], [ -87.0178445, 36.844300599999954 ], [ -87.0206924, 36.841789200000029 ], [ -87.0250878, 36.842243 ], [ -87.0282344, 36.845785300000024 ], [ -87.0305826, 36.856633100000025 ], [ -87.0370119, 36.851205499999985 ], [ -87.0406556, 36.8506804 ], [ -87.0434074, 36.852329199999978 ], [ -87.0436902, 36.8555655 ], [ -87.0467052, 36.856912700000024 ], [ -87.0483872, 36.86061680000001 ], [ -87.044852, 36.864427299999967 ], [ -87.0405747, 36.863307 ], [ -87.0275145, 36.864687 ], [ -87.0449649, 36.8713528 ], [ -87.0480462, 36.866775499999989 ], [ -87.0537148, 36.865519 ], [ -87.056781664119555, 36.866448862814984 ], [ -87.056657973359265, 36.871883409148218 ], [ -87.0539144, 36.872789 ], [ -87.0529682, 36.875089199999969 ], [ -87.056528557865079, 36.877568621102455 ], [ -87.056403531103555, 36.884372774071082 ], [ -87.0544966, 36.8847421 ], [ -87.0555558, 36.90829860000003 ] ], [ [ -86.9927087, 36.94534579999997 ], [ -86.9975564, 36.946069300000012 ], [ -87.0009353, 36.944744699999966 ], [ -86.9984612, 36.942440800000021 ], [ -86.9988952, 36.938419 ], [ -86.9940167, 36.935566100000031 ], [ -86.9956157, 36.9281966 ], [ -87.0011523, 36.9262646 ], [ -87.014529, 36.926543900000013 ], [ -87.0165495, 36.9228554 ], [ -87.0240742, 36.9215974 ], [ -87.0280942, 36.916478 ], [ -87.0279673, 36.913523799999957 ], [ -87.0316239, 36.908424100000012 ], [ -87.0304256, 36.905311 ], [ -87.032888899999989, 36.9005521 ], [ -87.0328725, 36.8892939 ], [ -87.0405321, 36.877660699999979 ], [ -87.0258668, 36.8721404 ], [ -87.0243187, 36.879585 ], [ -87.028927, 36.882230500000034 ], [ -87.0288369, 36.886036299999979 ], [ -87.0257189, 36.887641700000017 ], [ -87.02099530000001, 36.886493800000032 ], [ -87.0149651, 36.887587399999965 ], [ -87.0082129, 36.893937199999968 ], [ -87.0042584, 36.895331499999983 ], [ -87.0029573, 36.9030049 ], [ -86.997964600000017, 36.9141887 ], [ -86.983884, 36.926119099999987 ], [ -86.9835501, 36.9433103 ], [ -86.9795386, 36.951515600000022 ], [ -86.98612150000001, 36.9636019 ], [ -86.9973696, 36.960485700000014 ], [ -86.9929579, 36.957417400000033 ], [ -86.9927604, 36.952966 ], [ -86.9886697, 36.9496889 ], [ -86.9894634, 36.946782899999974 ], [ -86.9927087, 36.94534579999997 ] ], [ [ -87.0055903, 36.933318799999981 ], [ -87.0057699, 36.9335027 ], [ -87.0059434, 36.933306799999983 ], [ -87.0055903, 36.933318799999981 ] ], [ [ -86.9462738, 36.961776799999967 ], [ -86.9429396, 36.965931699999977 ], [ -86.9384186, 36.978816099999946 ], [ -86.9448264, 36.982899099999983 ], [ -86.9506638, 36.977137499999976 ], [ -86.94789, 36.9745255 ], [ -86.9489978, 36.971322499999964 ], [ -86.9462738, 36.961776799999967 ] ], [ [ -86.972688300000016, 36.978290799999968 ], [ -86.9679297, 36.9788264 ], [ -86.9681214, 36.9814329 ], [ -86.9710848, 36.981674399999967 ], [ -86.972688300000016, 36.978290799999968 ] ], [ [ -86.9619981, 36.98788660000001 ], [ -86.9609346, 36.988338099999986 ], [ -86.9624781, 36.988531899999984 ], [ -86.9619981, 36.98788660000001 ] ], [ [ -86.9762259, 36.990245500000022 ], [ -86.9740043, 36.989103700000022 ], [ -86.9758393, 36.99052139999997 ], [ -86.9762259, 36.990245500000022 ] ] ] } },
{ "type": "Feature", "properties": { "state_po": "KY", "county_geoid": "21141", "pwsid": "KY0710318", "pws_name": "NORTH LOGAN WATER DISTRICT", "population_served_count": 1649, "model_method": "", "verification_status": "", "symbology_field": "System Sourced", "intersection_area_sq_km": 35.875687779081161 }, "geometry": { "type": "Polygon", "coordinates": [ [ [ -86.9190752, 36.870648599999988 ], [ -86.9233551, 36.871858200000041 ], [ -86.933233199999989, 36.868783899999976 ], [ -86.9373147, 36.8714061 ], [ -86.9354951, 36.8793216 ], [ -86.9300831, 36.880810799999985 ], [ -86.930566, 36.884729399999962 ], [ -86.936448399999989, 36.8918239 ], [ -86.941137, 36.8931434 ], [ -86.9419611, 36.89626209999998 ], [ -86.9393826, 36.898685499999978 ], [ -86.9326614, 36.899745800000041 ], [ -86.9253894, 36.891037600000018 ], [ -86.9291234, 36.898334399999989 ], [ -86.9365058, 36.903313900000022 ], [ -86.9430848, 36.905289699999983 ], [ -86.946200499999989, 36.909989900000021 ], [ -86.9521248, 36.907969600000015 ], [ -86.9551763, 36.909689599999972 ], [ -86.9630081, 36.91032450000003 ], [ -86.9674559, 36.913360700000013 ], [ -86.9659144, 36.91716940000002 ], [ -86.9609612, 36.9175241 ], [ -86.9623725, 36.920099400000034 ], [ -86.961046, 36.922715700000026 ], [ -86.9552122, 36.926316600000021 ], [ -86.9502347, 36.924350099999948 ], [ -86.9459019, 36.93029 ], [ -86.949839, 36.936837499999967 ], [ -86.9501679, 36.9438206 ], [ -86.9565476, 36.941405500000016 ], [ -86.9607559, 36.94448809999998 ], [ -86.959726, 36.947346 ], [ -86.9549404, 36.9499413 ], [ -86.9605931, 36.954669700000011 ], [ -86.9610043, 36.957626300000015 ], [ -86.9590289, 36.959609900000061 ], [ -86.9551584, 36.9602729 ], [ -86.9546671, 36.963237400000018 ], [ -86.951967, 36.9649448 ], [ -86.9474102, 36.96388670000001 ], [ -86.944200400000014, 36.955922499999971 ], [ -86.9384351, 36.9529796 ], [ -86.9412317, 36.940598599999987 ], [ -86.9376095, 36.933251100000021 ], [ -86.9303578, 36.940102700000011 ], [ -86.9266524, 36.940043 ], [ -86.9243541, 36.937992 ], [ -86.9246709, 36.93502789999998 ], [ -86.9334244, 36.9252892 ], [ -86.932111, 36.920711400000044 ], [ -86.9289168, 36.921816400000026 ], [ -86.919391, 36.933288799999985 ], [ -86.9228774, 36.936532599999978 ], [ -86.921262900000016, 36.940111800000011 ], [ -86.9179548, 36.940859099999983 ], [ -86.9141491, 36.93932520000002 ], [ -86.9042529, 36.949413100000015 ], [ -86.8960583, 36.9490296 ], [ -86.8919721, 36.9463819 ], [ -86.890451, 36.939933599999989 ], [ -86.8937006, 36.935669 ], [ -86.8983078, 36.934539500000035 ], [ -86.9020989, 36.9315364 ], [ -86.9078133, 36.934009299999971 ], [ -86.9197573, 36.92088259999997 ], [ -86.9211849, 36.9163778 ], [ -86.925399200000015, 36.9144636 ], [ -86.9230059, 36.9115535 ], [ -86.9249134, 36.908317 ], [ -86.9182434, 36.896380400000027 ], [ -86.9077327, 36.9068213 ], [ -86.9025616, 36.91694 ], [ -86.9013381, 36.926469200000014 ], [ -86.8913404, 36.932826200000015 ], [ -86.8796422, 36.947388100000026 ], [ -86.8797587, 36.956750599999971 ], [ -86.8751717, 36.958327700000019 ], [ -86.871671, 36.95575920000006 ], [ -86.8693647, 36.941017099999961 ], [ -86.8722011, 36.9391023 ], [ -86.8760226, 36.93964 ], [ -86.88253, 36.927474599999982 ], [ -86.8885704, 36.924568599999972 ], [ -86.8855812, 36.922502400000013 ], [ -86.8856573, 36.919528 ], [ -86.8879389, 36.9177698 ], [ -86.8913932, 36.917653800000032 ], [ -86.8915508, 36.914847499999979 ], [ -86.8950624, 36.9128254 ], [ -86.9005543, 36.902157400000029 ], [ -86.9096794, 36.8941976 ], [ -86.9141527, 36.8837816 ], [ -86.9145192, 36.879681300000023 ], [ -86.9123431, 36.8776001 ], [ -86.9088984, 36.87693609999998 ], [ -86.9036684, 36.872380799999974 ], [ -86.892823299999989, 36.871729800000047 ], [ -86.8912225, 36.867154300000017 ], [ -86.9010167, 36.8630874 ], [ -86.9018422, 36.859556299999966 ], [ -86.9062821, 36.858251399999972 ], [ -86.9190752, 36.870648599999988 ] ], [ [ -86.9354948, 36.9111305 ], [ -86.9370654, 36.9143328 ], [ -86.9377005, 36.914859499999977 ], [ -86.938978300000016, 36.913779700000021 ], [ -86.9354948, 36.9111305 ] ], [ [ -86.9452614, 36.9190814 ], [ -86.9472472, 36.921364900000022 ], [ -86.9498234, 36.92321010000002 ], [ -86.9509949, 36.919719 ], [ -86.9452614, 36.9190814 ] ] ] } },
{ "type": "Feature", "properties": { "state_po": "KY", "county_geoid": "21141", "pwsid": "KY1101005", "pws_name": "LOGAN-TODD REGIONAL WATER COMMISSION", "population_served_count": 36, "model_method": "", "verification_status": "", "symbology_field": "System Sourced", "intersection_area_sq_km": 65.603408989956776 }, "geometry": { "type": "Polygon", "coordinates": [ [ [ -87.059801807533646, 36.726607625596515 ], [ -86.9888447, 36.774533200000029 ], [ -86.9723541, 36.790673 ], [ -86.9294563, 36.821945 ], [ -86.9212777, 36.834203 ], [ -86.9246288, 36.845773400000049 ], [ -86.9223828, 36.8567337 ], [ -86.9170151, 36.8610053 ], [ -86.9293934, 36.878836 ], [ -86.9316468, 36.8864007 ], [ -86.9319035, 36.9006227 ], [ -86.9431717, 36.918083500000044 ], [ -86.9484926, 36.9315018 ], [ -86.9504085, 36.939450499999971 ], [ -86.9498937, 36.948542499999974 ], [ -86.9551167, 36.958954600000027 ], [ -86.9552027, 36.9625644 ], [ -86.9529696, 36.964661699999937 ], [ -86.9498248, 36.964943099999971 ], [ -86.9472292, 36.9634907 ], [ -86.9413049, 36.95071609999998 ], [ -86.939829800000012, 36.933427800000032 ], [ -86.9349408, 36.9209662 ], [ -86.9227668, 36.90097979999998 ], [ -86.922757, 36.8875003 ], [ -86.921048, 36.8817128 ], [ -86.9089673, 36.8641903 ], [ -86.8982281, 36.869628200000044 ], [ -86.8890587, 36.871594199999969 ], [ -86.8657212, 36.8696399 ], [ -86.8579017, 36.860424799999983 ], [ -86.8591415, 36.84598560000002 ], [ -86.8455128, 36.843808400000029 ], [ -86.8296472, 36.8459784 ], [ -86.8042206, 36.838382299999978 ], [ -86.7980197, 36.8404203 ], [ -86.78893, 36.848118100000015 ], [ -86.77215, 36.85468030000002 ], [ -86.7335996, 36.864686400000046 ], [ -86.72944, 36.8669047 ], [ -86.7282126, 36.871318800000012 ], [ -86.725655, 36.8731593 ], [ -86.6939165, 36.873648399999986 ], [ -86.6876994, 36.874813099999962 ], [ -86.683651, 36.872835500000022 ], [ -86.6842433, 36.868798600000027 ], [ -86.6899568, 36.8667488 ], [ -86.7203748, 36.866522 ], [ -86.7219162, 36.861733100000016 ], [ -86.727371, 36.8580404 ], [ -86.7682918, 36.8481722 ], [ -86.7844458, 36.8418551 ], [ -86.7922711, 36.833449199999976 ], [ -86.8055454, 36.831227100000021 ], [ -86.8311832, 36.8388626 ], [ -86.846526700000013, 36.8366186 ], [ -86.8491745, 36.8272476 ], [ -86.8579916, 36.827134 ], [ -86.8621492, 36.822060199999946 ], [ -86.8673105, 36.819377199999984 ], [ -86.8785984, 36.8171467 ], [ -86.8701892, 36.7973343 ], [ -86.8697275, 36.7875707 ], [ -86.8584796, 36.74859 ], [ -86.8547473, 36.7409349 ], [ -86.8573691, 36.6878342 ], [ -86.8540069, 36.683218699999976 ], [ -86.8564487, 36.680198500000046 ], [ -86.8625911, 36.681290500000031 ], [ -86.8660562, 36.685696599999986 ], [ -86.8636247, 36.7399314 ], [ -86.8672282, 36.7469784 ], [ -86.878458100000017, 36.785939599999985 ], [ -86.8790511, 36.7960908 ], [ -86.8877316, 36.816159 ], [ -86.9015526, 36.817681200000017 ], [ -86.9046894, 36.8214028 ], [ -86.9096814, 36.823314300000028 ], [ -86.9134298, 36.830671399999979 ], [ -86.9216724, 36.8179942 ], [ -86.9660748, 36.785529499999981 ], [ -86.9826619, 36.7693156 ], [ -87.059920239906631, 36.717131265825529 ], [ -87.059801807533646, 36.726607625596515 ] ], [ [ -86.8824772, 36.823880600000024 ], [ -86.8723275, 36.825711800000057 ], [ -86.8573989, 36.837975 ], [ -86.8649792, 36.839161899999979 ], [ -86.8674349, 36.841089 ], [ -86.866645, 36.8587811 ], [ -86.8690407, 36.8619453 ], [ -86.892726, 36.8636141 ], [ -86.9139671, 36.854099300000023 ], [ -86.915592, 36.842939899999955 ], [ -86.9138865, 36.838533100000035 ], [ -86.9071693, 36.836126799999931 ], [ -86.9024423, 36.829162900000036 ], [ -86.8990076, 36.828002600000012 ], [ -86.8963788, 36.824168499999985 ], [ -86.891753799999989, 36.823968300000011 ], [ -86.8914823, 36.827510499999981 ], [ -86.8874893, 36.829192899999981 ], [ -86.8839113, 36.8278177 ], [ -86.8824772, 36.823880600000024 ] ] ] } },
{ "type": "Feature", "properties": { "state_po": "KY", "county_geoid": "21225", "pwsid": "IL0590200", "pws_name": "OLD SHAWNEETOWN", "population_served_count": 195, "model_method": "Random Forest", "verification_status": "", "symbology_field": "Modeled", "intersection_area_sq_km": 6.0722718138595966e-05 }, "geometry": { "type": "Polygon", "coordinates": [ [ [ -88.1339595, 37.692303099999975 ], [ -88.133998019522153, 37.692323786414853 ], [ -88.133904526533286, 37.692595650329764 ], [ -88.1339595, 37.692303099999975 ] ] ] } },
{ "type": "Feature", "properties": { "state_po": "KY", "county_geoid": "21225", "pwsid": "KY1130434", "pws_name": "UNIONTOWN WATER & SEWER DEPT", "population_served_count": 1496, "model_method": "", "verification_status": "", "symbology_field": "System Sourced", "intersection_area_sq_km": 7.2090403092006348 }, "geometry": { "type": "Polygon", "coordinates": [ [ [ -87.94159, 37.758234300000034 ], [ -87.9461825, 37.761283199999987 ], [ -87.9428925, 37.76542390000003 ], [ -87.9441974, 37.7707438 ], [ -87.928573, 37.783924699999979 ], [ -87.918339, 37.7825765 ], [ -87.9169376, 37.779817299999955 ], [ -87.9188558, 37.7767095 ], [ -87.9140706, 37.7734393 ], [ -87.9099847, 37.7753307 ], [ -87.905971799999989, 37.773394399999987 ], [ -87.9057627, 37.7704241 ], [ -87.9081625, 37.768429 ], [ -87.9119892, 37.768458699999989 ], [ -87.9143992, 37.770632 ], [ -87.9179919, 37.768753900000021 ], [ -87.922474799999989, 37.769941099999961 ], [ -87.9250322, 37.7663805 ], [ -87.9182661, 37.755522899999981 ], [ -87.9187399, 37.746674399999939 ], [ -87.9211094, 37.744100600000017 ], [ -87.9262744, 37.7442379 ], [ -87.9307959, 37.748692 ], [ -87.9307609, 37.751666899999961 ], [ -87.9273854, 37.75463360000002 ], [ -87.9302711, 37.759532799999974 ], [ -87.9357752, 37.760317799999974 ], [ -87.94159, 37.758234300000034 ] ] ] } },
{ "type": "Feature", "properties": { "state_po": "KY", "county_geoid": "21163", "pwsid": "KY0140206", "pws_name": "IRVINGTON WATER SYSTEM", "population_served_count": 1627, "model_method": "", "verification_status": "", "symbology_field": "System Sourced", "intersection_area_sq_km": 0.53861701769567139 }, "geometry": { "type": "Polygon", "coordinates": [ [ [ -86.279532, 37.901176 ], [ -86.2764185, 37.902410099999983 ], [ -86.2731157, 37.901538100000018 ], [ -86.2696236, 37.897961900000041 ], [ -86.2696244, 37.895167700000023 ], [ -86.2661789, 37.895741 ], [ -86.263274, 37.894221200000011 ], [ -86.263138424384692, 37.890355573958253 ], [ -86.279532, 37.901176 ] ] ] } },
{ "type": "Feature", "properties": { "state_po": "KY", "county_geoid": "21163", "pwsid": "KY0820041", "pws_name": "BRANDENBURG WATER WORKS", "population_served_count": 2880, "model_method": "", "verification_status": "", "symbology_field": "System Sourced", "intersection_area_sq_km": 24.941445847010669 }, "geometry": { "type": "Polygon", "coordinates": [ [ [ -86.1688878, 37.965357799999964 ], [ -86.1789529, 37.9682873 ], [ -86.1834181, 37.971345599999957 ], [ -86.1888223, 37.978799100000018 ], [ -86.1870579, 37.981665 ], [ -86.1833299, 37.982376599999945 ], [ -86.1908398, 37.985771300000032 ], [ -86.1952731, 37.986030599999971 ], [ -86.1995567, 37.9906308 ], [ -86.2023698, 37.989177800000014 ], [ -86.2055377, 37.989579199999952 ], [ -86.211612100000011, 37.9944245 ], [ -86.214348199999989, 38.0007009 ], [ -86.212855499999989, 38.003886899999983 ], [ -86.2081132, 38.004525500000035 ], [ -86.2049191, 38.0006603 ], [ -86.2028255, 38.000754 ], [ -86.2072733, 38.005908399999967 ], [ -86.2080719, 38.010122500000051 ], [ -86.2124015, 38.0128103 ], [ -86.2103923, 38.017097899999989 ], [ -86.2072283, 38.017523800000028 ], [ -86.2005639, 38.0155278 ], [ -86.1955874, 38.016107 ], [ -86.1739491, 38.0081561 ], [ -86.1598553, 38.009088100000014 ], [ -86.1563732, 38.006183 ], [ -86.1561386, 37.999784099999964 ], [ -86.1505984, 38.001550099999967 ], [ -86.1387377, 38.000360399999977 ], [ -86.1345674, 38.001014699999971 ], [ -86.136449, 38.00211860000001 ], [ -86.1463192, 38.0013013 ], [ -86.1517103, 38.003178600000034 ], [ -86.1535938, 38.008202600000025 ], [ -86.1500303, 38.0110465 ], [ -86.146043400000011, 38.010739300000026 ], [ -86.1437373, 38.008680899999952 ], [ -86.1335801, 38.009003900000017 ], [ -86.126712, 38.004805399999988 ], [ -86.124767600000013, 37.998355200000034 ], [ -86.1307596, 37.993891100000049 ], [ -86.1384176, 37.992893299999949 ], [ -86.1459676, 37.993893400000019 ], [ -86.1405561, 37.9923619 ], [ -86.1383705, 37.988241700000039 ], [ -86.1405806, 37.9822919 ], [ -86.1468593, 37.9789662 ], [ -86.1472341, 37.974631500000058 ], [ -86.1506505, 37.973392199999978 ], [ -86.1591424, 37.975638199999963 ], [ -86.165283699999989, 37.974414 ], [ -86.1642929, 37.967811900000015 ], [ -86.1688878, 37.965357799999964 ] ], [ [ -86.1811001, 37.98985380000002 ], [ -86.1808226, 37.990309699999955 ], [ -86.1817491, 37.990099499999978 ], [ -86.1811001, 37.98985380000002 ] ], [ [ -86.191632, 38.003180500000042 ], [ -86.1948148, 38.004191499999976 ], [ -86.1933558, 38.001996 ], [ -86.1881383, 38.0013119 ], [ -86.181393, 38.0036075 ], [ -86.1871176, 38.005552599999987 ], [ -86.191632, 38.003180500000042 ] ] ] } },
{ "type": "Feature", "properties": { "state_po": "KY", "county_geoid": "21163", "pwsid": "KY0820481", "pws_name": "MULDRAUGH WATER DEPARTMENT", "population_served_count": 1411, "model_method": "", "verification_status": "", "symbology_field": "System Sourced", "intersection_area_sq_km": 3.0406571746765478 }, "geometry": { "type": "Polygon", "coordinates": [ [ [ -85.9849177, 37.923634500000013 ], [ -85.9887183, 37.922020799999963 ], [ -85.99263, 37.923415199999972 ], [ -86.0011872, 37.941443199999988 ], [ -86.001332, 37.947952499999957 ], [ -85.9977305, 37.952276600000026 ], [ -85.9934948, 37.951732 ], [ -85.9896068, 37.947127500000036 ], [ -85.9849177, 37.923634500000013 ] ] ] } },
{ "type": "Feature", "properties": { "state_po": "KY", "county_geoid": "21163", "pwsid": "KY0820641", "pws_name": "DOE VALLEY UTILITIES INC", "population_served_count": 2260, "model_method": "", "verification_status": "", "symbology_field": "System Sourced", "intersection_area_sq_km": 14.2622320308956 }, "geometry": { "type": "Polygon", "coordinates": [ [ [ -86.1249586, 37.957422500000035 ], [ -86.1301366, 37.959651799999989 ], [ -86.1303458, 37.964522699999968 ], [ -86.1341396, 37.9659362 ], [ -86.1348562, 37.969286399999987 ], [ -86.1322987, 37.971466 ], [ -86.1232256, 37.973197399999982 ], [ -86.1269202, 37.9802205 ], [ -86.1243381, 37.9847637 ], [ -86.1246631, 37.990596300000014 ], [ -86.1139858, 37.994917199999982 ], [ -86.1119207, 37.999208799999977 ], [ -86.1079284, 37.9996371 ], [ -86.0971526, 37.993149100000068 ], [ -86.0898699, 37.983293699999962 ], [ -86.0866159, 37.974541399999985 ], [ -86.0935171, 37.967807 ], [ -86.0991583, 37.9548994 ], [ -86.1116744, 37.951777800000023 ], [ -86.119651499999989, 37.953807699999963 ], [ -86.1210671, 37.9581029 ], [ -86.1249586, 37.957422500000035 ] ] ] } },
{ "type": "Feature", "properties": { "state_po": "KY", "county_geoid": "21157", "pwsid": "KY0180102", "pws_name": "DEXTER ALMO HEIGHTS WATER DISTRICT", "population_served_count": 2275, "model_method": "", "verification_status": "", "symbology_field": "System Sourced", "intersection_area_sq_km": 0.57886396573733845 }, "geometry": { "type": "Polygon", "coordinates": [ [ [ -88.3017289, 36.7501603 ], [ -88.3008531, 36.7538881 ], [ -88.2970558, 36.755374500000038 ], [ -88.2890096, 36.752989300000038 ], [ -88.287162601887886, 36.749977434387148 ], [ -88.3017289, 36.7501603 ] ] ] } },
{ "type": "Feature", "properties": { "state_po": "KY", "county_geoid": "21157", "pwsid": "KY0420423", "pws_name": "SYMSONIA WATER DISTRICT", "population_served_count": 1810, "model_method": "", "verification_status": "", "symbology_field": "System Sourced", "intersection_area_sq_km": 0.26448647334445524 }, "geometry": { "type": "Polygon", "coordinates": [ [ [ -88.4843087, 36.913720300000044 ], [ -88.481174400000015, 36.91262620000002 ], [ -88.4797675, 36.910109599999963 ], [ -88.4809887, 36.9075313 ], [ -88.4841566, 36.9063975 ], [ -88.4843087, 36.913720300000044 ] ] ] } },
{ "type": "Feature", "properties": { "state_po": "KY", "county_geoid": "21157", "pwsid": "KY0790173", "pws_name": "HARDIN WATER DEPARTMENT", "population_served_count": 1606, "model_method": "", "verification_status": "", "symbology_field": "System Sourced", "intersection_area_sq_km": 25.21344578374455 }, "geometry": { "type": "Polygon", "coordinates": [ [ [ -88.3290274, 36.7501922 ], [ -88.3363095, 36.755376200000036 ], [ -88.3384239, 36.761241700000014 ], [ -88.3457741, 36.761485199999974 ], [ -88.3485431, 36.764050900000015 ], [ -88.3465225, 36.7679221 ], [ -88.339333, 36.7684468 ], [ -88.3384441, 36.773961200000024 ], [ -88.3456238, 36.786399299999957 ], [ -88.3498636, 36.7978942 ], [ -88.3555603, 36.8050265 ], [ -88.3553884, 36.810030100000013 ], [ -88.3526921, 36.812337299999967 ], [ -88.3544124, 36.814669 ], [ -88.3551257, 36.827406600000025 ], [ -88.351663, 36.8305499 ], [ -88.3462531, 36.82852 ], [ -88.3451985, 36.816414 ], [ -88.3411373, 36.8118702 ], [ -88.3297524, 36.811228199999974 ], [ -88.327154600000014, 36.8068648 ], [ -88.3224572, 36.804923700000053 ], [ -88.322799300000014, 36.801118200000019 ], [ -88.318796400000011, 36.806523400000017 ], [ -88.3177211, 36.811725100000046 ], [ -88.3142955, 36.812849199999931 ], [ -88.3109858, 36.81151939999998 ], [ -88.3097694, 36.804466100000027 ], [ -88.31317, 36.8008478 ], [ -88.3133658, 36.796632600000017 ], [ -88.3085505, 36.795167899999974 ], [ -88.3014878, 36.790222199999967 ], [ -88.3019144, 36.785096099999954 ], [ -88.3064481, 36.783461500000037 ], [ -88.3007819, 36.780275400000015 ], [ -88.3022796, 36.7720212 ], [ -88.2994423, 36.771245400000026 ], [ -88.2945698, 36.77249189999997 ], [ -88.290227, 36.7711014 ], [ -88.288488, 36.768982399999985 ], [ -88.2911045, 36.759284499999964 ], [ -88.2978344, 36.7550074 ], [ -88.306967, 36.751817899999956 ], [ -88.307874270710158, 36.750050735767708 ], [ -88.3290274, 36.7501922 ] ], [ [ -88.3097156, 36.761482 ], [ -88.3163324, 36.7610218 ], [ -88.3293266, 36.761002299999973 ], [ -88.3285318, 36.7590807 ], [ -88.3231138, 36.757813699999978 ], [ -88.3209796, 36.7558864 ], [ -88.3172597, 36.755777200000047 ], [ -88.3072884, 36.7592324 ], [ -88.3097156, 36.761482 ] ], [ [ -88.3143789, 36.773547800000038 ], [ -88.3137344, 36.773556899999981 ], [ -88.3145142, 36.77419469999996 ], [ -88.3143789, 36.773547800000038 ] ], [ [ -88.3303752, 36.76821269999995 ], [ -88.3230996, 36.768219799999954 ], [ -88.3238134, 36.78178670000004 ], [ -88.3309089, 36.792172300000033 ], [ -88.33458, 36.792386899999933 ], [ -88.3367414, 36.794525299999989 ], [ -88.3369319, 36.7895813 ], [ -88.329844200000011, 36.776620299999983 ], [ -88.3303752, 36.76821269999995 ] ], [ [ -88.337276, 36.796378299999972 ], [ -88.336927300000013, 36.79567340000002 ], [ -88.3376379, 36.796837900000014 ], [ -88.337276, 36.796378299999972 ] ], [ [ -88.343702, 36.803595900000033 ], [ -88.3445596, 36.804289899999986 ], [ -88.3439279, 36.803589099999982 ], [ -88.343702, 36.803595900000033 ] ] ] } },
{ "type": "Feature", "properties": { "state_po": "KY", "county_geoid": "21073", "pwsid": "KY0370137", "pws_name": "ELKHORN WATER DISTRICT", "population_served_count": 1590, "model_method": "", "verification_status": "", "symbology_field": "System Sourced", "intersection_area_sq_km": 29.6708311833391 }, "geometry": { "type": "Polygon", "coordinates": [ [ [ -84.735221, 38.262820800000028 ], [ -84.7408394, 38.261424900000023 ], [ -84.7457879, 38.265380199999989 ], [ -84.7491719, 38.262623 ], [ -84.7498706, 38.2594083 ], [ -84.7434451, 38.247924500000011 ], [ -84.7359376, 38.2400148 ], [ -84.733007686330751, 38.241107889590062 ], [ -84.732333136057363, 38.232970959327886 ], [ -84.7370778, 38.230115099999978 ], [ -84.7467678, 38.212973499999983 ], [ -84.730589132063344, 38.211925083778958 ], [ -84.72892394675722, 38.204870237754918 ], [ -84.7408278, 38.205235499999986 ], [ -84.736023031537414, 38.191235860275455 ], [ -84.744272971540013, 38.188050346980354 ], [ -84.7515863, 38.2063085 ], [ -84.7633806, 38.210436900000019 ], [ -84.7695742, 38.209078299999973 ], [ -84.7727996, 38.210733799999964 ], [ -84.7877106, 38.21187709999996 ], [ -84.7921395, 38.213784799999985 ], [ -84.797383, 38.207298900000012 ], [ -84.8031727, 38.207495 ], [ -84.8065606, 38.217384100000025 ], [ -84.799674900000014, 38.223057899999979 ], [ -84.8050879, 38.2279744 ], [ -84.8064127, 38.23538479999997 ], [ -84.8125516, 38.237483300000058 ], [ -84.8140285, 38.240675100000026 ], [ -84.8106426, 38.2436591 ], [ -84.8027059, 38.2431335 ], [ -84.7979095, 38.238584700000033 ], [ -84.7961278, 38.2329636 ], [ -84.7926261, 38.232954 ], [ -84.7921744, 38.237633 ], [ -84.7948553, 38.240519899999924 ], [ -84.7962462, 38.248926099999942 ], [ -84.79286, 38.2560201 ], [ -84.7916144, 38.265644900000012 ], [ -84.7861262, 38.2703562 ], [ -84.7867265, 38.274980499999977 ], [ -84.7826188, 38.276702600000014 ], [ -84.7866921, 38.2816304 ], [ -84.785918600000016, 38.286578699999978 ], [ -84.7823729, 38.2875977 ], [ -84.779250499999989, 38.2863521 ], [ -84.7725751, 38.278849399999984 ], [ -84.7733088, 38.2696083 ], [ -84.7587518, 38.262063 ], [ -84.7538483, 38.269942799999967 ], [ -84.7445147, 38.272947100000039 ], [ -84.742022, 38.278296 ], [ -84.736402890018894, 38.281365564690439 ], [ -84.735221, 38.262820800000028 ] ], [ [ -84.7553805, 38.215438500000026 ], [ -84.7433427, 38.23569 ], [ -84.7546637, 38.2498758 ], [ -84.7689773, 38.24684 ], [ -84.7714451, 38.241060900000015 ], [ -84.775461299999989, 38.238817900000015 ], [ -84.7783024, 38.233583400000022 ], [ -84.7879755, 38.2259814 ], [ -84.7896166, 38.220886799999967 ], [ -84.7802724, 38.218659300000041 ], [ -84.779902299999989, 38.223573199999969 ], [ -84.7776763, 38.226460200000041 ], [ -84.7726393, 38.2287429 ], [ -84.7689115, 38.228787300000043 ], [ -84.7652815, 38.2252223 ], [ -84.765837499999989, 38.221252600000028 ], [ -84.7689158, 38.2180584 ], [ -84.7553805, 38.215438500000026 ] ], [ [ -84.7834339, 38.242462 ], [ -84.7794031, 38.245325300000033 ], [ -84.7748422, 38.252395 ], [ -84.7627779, 38.2553637 ], [ -84.7797249, 38.264470700000011 ], [ -84.7828937, 38.263023500000024 ], [ -84.7835973, 38.255232899999953 ], [ -84.786835, 38.248613400000018 ], [ -84.7856816, 38.243874599999984 ], [ -84.7834339, 38.242462 ] ] ] } },
{ "type": "Feature", "properties": { "state_po": "KY", "county_geoid": "21073", "pwsid": "KY0370346", "pws_name": "PEAKS MILL WATER DISTRICT", "population_served_count": 3268, "model_method": "", "verification_status": "", "symbology_field": "System Sourced", "intersection_area_sq_km": 70.763910609476483 }, "geometry": { "type": "Polygon", "coordinates": [ [ [ -84.7379819, 38.304568399999965 ], [ -84.7429044, 38.302080399999966 ], [ -84.7524768, 38.3019161 ], [ -84.7557863, 38.304954700000032 ], [ -84.7532782, 38.308613900000033 ], [ -84.7630398, 38.30979109999997 ], [ -84.766138, 38.300251 ], [ -84.7750691, 38.287909500000012 ], [ -84.7801349, 38.2862637 ], [ -84.7917986, 38.289351900000035 ], [ -84.7941024, 38.2865904 ], [ -84.7943353, 38.28047340000002 ], [ -84.8063145, 38.2760747 ], [ -84.8098891, 38.270193399999954 ], [ -84.8063494, 38.262141700000043 ], [ -84.8094493, 38.259224 ], [ -84.8134523, 38.2596719 ], [ -84.8177811, 38.263707400000015 ], [ -84.819143, 38.271513199999951 ], [ -84.8140545, 38.2803572 ], [ -84.8096797, 38.282779199999986 ], [ -84.8112682, 38.2862286 ], [ -84.814281, 38.287695300000017 ], [ -84.8165913, 38.286344799999988 ], [ -84.8166899, 38.279739899999953 ], [ -84.8211519, 38.276704099999975 ], [ -84.8417507, 38.278239100000036 ], [ -84.844126100000011, 38.271219900000013 ], [ -84.8416125, 38.269579299999975 ], [ -84.8411189, 38.267070399999966 ], [ -84.8473318, 38.257868600000037 ], [ -84.8411868, 38.2577021 ], [ -84.8391546, 38.2533354 ], [ -84.846135, 38.247699200000028 ], [ -84.845978, 38.243381299999967 ], [ -84.8492714, 38.2410615 ], [ -84.8469896, 38.237161499999978 ], [ -84.8502559, 38.234284199999955 ], [ -84.8451908, 38.228381399999975 ], [ -84.8454942, 38.2252025 ], [ -84.848288599999989, 38.2235446 ], [ -84.852003, 38.224057500000015 ], [ -84.8592225, 38.2322809 ], [ -84.8734236, 38.2265649 ], [ -84.8781605, 38.222639500000028 ], [ -84.8710375, 38.223191600000014 ], [ -84.8677341, 38.2210115 ], [ -84.8662385, 38.210446100000055 ], [ -84.8699124, 38.2074091 ], [ -84.8745826, 38.2089763 ], [ -84.876591499999989, 38.215408599999982 ], [ -84.884566, 38.215919100000036 ], [ -84.8892138, 38.219125 ], [ -84.8932732, 38.226228499999976 ], [ -84.8920986, 38.232345799999976 ], [ -84.886324500000015, 38.232752 ], [ -84.8842589, 38.22805 ], [ -84.8795005, 38.2321321 ], [ -84.8664032, 38.237136399999983 ], [ -84.8840376, 38.256366 ], [ -84.8866886, 38.261858100000019 ], [ -84.8856421, 38.266751599999971 ], [ -84.8808419, 38.272208100000036 ], [ -84.865160800000012, 38.272316400000022 ], [ -84.8537193, 38.277070300000027 ], [ -84.8530156, 38.280283599999947 ], [ -84.8608329, 38.2832426 ], [ -84.8669142, 38.282231100000018 ], [ -84.8709615, 38.2835247 ], [ -84.8807751, 38.289709 ], [ -84.8840944, 38.29778450000007 ], [ -84.8708546, 38.3064144 ], [ -84.8620458, 38.306919700000023 ], [ -84.8594916, 38.3047293 ], [ -84.8600579, 38.3015729 ], [ -84.8712013, 38.2974775 ], [ -84.8734441, 38.294046499999958 ], [ -84.8668641, 38.2902593 ], [ -84.8634186, 38.290395800000034 ], [ -84.8605867, 38.291466200000023 ], [ -84.8633156, 38.29433860000001 ], [ -84.8613893, 38.298161400000012 ], [ -84.8583511, 38.2994856 ], [ -84.8487597, 38.299747799999956 ], [ -84.8463922, 38.305724800000043 ], [ -84.8513485, 38.314887800000044 ], [ -84.85751470000001, 38.315307400000023 ], [ -84.8611803, 38.3197463 ], [ -84.8595006, 38.3235256 ], [ -84.855815299999989, 38.324173299999977 ], [ -84.85288, 38.3225634 ], [ -84.8526073, 38.3248752 ], [ -84.861176, 38.325886099999984 ], [ -84.8671043, 38.32892159999998 ], [ -84.874893, 38.330224899999976 ], [ -84.8852519, 38.3423593 ], [ -84.883760099999989, 38.346586699999975 ], [ -84.8784307, 38.346685 ], [ -84.869841, 38.336535399999946 ], [ -84.8581861, 38.333126499999985 ], [ -84.8536211, 38.339292 ], [ -84.8581387, 38.340276599999981 ], [ -84.8616851, 38.343060800000018 ], [ -84.865506201405807, 38.356455086170662 ], [ -84.857762, 38.357055 ], [ -84.855208224601128, 38.355510626359575 ], [ -84.8537212, 38.346671 ], [ -84.8477303, 38.3461092 ], [ -84.8446321, 38.342743599999984 ], [ -84.8462874, 38.334459300000013 ], [ -84.837511, 38.331492700000013 ], [ -84.8359931, 38.32900709999997 ], [ -84.836986, 38.326559299999957 ], [ -84.8344948, 38.326177299999941 ], [ -84.824731899999989, 38.32822160000002 ], [ -84.8194913, 38.326909100000016 ], [ -84.8234535, 38.33332 ], [ -84.8209251, 38.339057299999965 ], [ -84.822789, 38.342306199999975 ], [ -84.8221675, 38.346372 ], [ -84.82032609689189, 38.348787995639022 ], [ -84.818451, 38.347792 ], [ -84.815898, 38.347962 ], [ -84.81509, 38.349636 ], [ -84.808762, 38.349306 ], [ -84.801797561236313, 38.3447482032539 ], [ -84.805724, 38.343397200000027 ], [ -84.8119926, 38.345381900000021 ], [ -84.8134279, 38.3439815 ], [ -84.8104787, 38.339384700000011 ], [ -84.8139116, 38.3342595 ], [ -84.8080044, 38.3262845 ], [ -84.805739300000013, 38.318520699999979 ], [ -84.8013679, 38.319824800000021 ], [ -84.793474, 38.319264 ], [ -84.7875522, 38.32472 ], [ -84.7951087, 38.33191930000001 ], [ -84.7931109, 38.336403499999982 ], [ -84.7874909, 38.33633889999998 ], [ -84.782375, 38.333095599999957 ], [ -84.7711082, 38.339778500000044 ], [ -84.776668013028583, 38.34237454480386 ], [ -84.760602645628794, 38.346125992335068 ], [ -84.7476158, 38.345510399999988 ], [ -84.739957473823068, 38.342114393398184 ], [ -84.739433315510382, 38.333630006488711 ], [ -84.7481587, 38.33777969999997 ], [ -84.7561859, 38.3384773 ], [ -84.7464479, 38.326281399999978 ], [ -84.7420035, 38.317226500000011 ], [ -84.738232498319192, 38.314185336229329 ], [ -84.7379819, 38.304568399999965 ] ], [ [ -84.861261, 38.24341960000001 ], [ -84.856481, 38.252244799999943 ], [ -84.857840200000012, 38.255962200000013 ], [ -84.8704107, 38.2600769 ], [ -84.8724024, 38.2640373 ], [ -84.8751268, 38.265196400000022 ], [ -84.8771457, 38.262893699999978 ], [ -84.8758485, 38.2601412 ], [ -84.861261, 38.24341960000001 ] ], [ [ -84.860808, 38.265257100000021 ], [ -84.8579151, 38.265334599999974 ], [ -84.857149400000011, 38.267516299999983 ], [ -84.8592634, 38.266719900000034 ], [ -84.860808, 38.265257100000021 ] ], [ [ -84.8521002, 38.2890402 ], [ -84.8521345, 38.292149299999963 ], [ -84.8580862, 38.29121440000003 ], [ -84.8558873, 38.289737299999977 ], [ -84.8521002, 38.2890402 ] ], [ [ -84.8320043, 38.284046699999962 ], [ -84.8263119, 38.28412169999995 ], [ -84.8252218, 38.28987920000003 ], [ -84.816492599999989, 38.295401 ], [ -84.821567, 38.298363600000037 ], [ -84.8202208, 38.305855400000034 ], [ -84.8287091, 38.3033593 ], [ -84.8330931, 38.306064499999984 ], [ -84.831866, 38.309536099999988 ], [ -84.8263391, 38.311535699999986 ], [ -84.8241015, 38.3202541 ], [ -84.8346941, 38.3189552 ], [ -84.8434426, 38.320844199999968 ], [ -84.8367916, 38.305411 ], [ -84.838753700000012, 38.3017153 ], [ -84.8357274, 38.297006599999968 ], [ -84.8387624, 38.293169600000013 ], [ -84.8368293, 38.286158800000024 ], [ -84.8320043, 38.284046699999962 ] ], [ [ -84.7804406, 38.3084715 ], [ -84.7854291, 38.310661199999977 ], [ -84.7952235, 38.311930900000029 ], [ -84.8045929, 38.311348099999982 ], [ -84.8076915, 38.30964940000004 ], [ -84.8093527, 38.306067900000016 ], [ -84.8069723, 38.302145500000037 ], [ -84.8075308, 38.297038500000042 ], [ -84.8002653, 38.292642900000033 ], [ -84.7920355, 38.297270500000039 ], [ -84.7853123, 38.294680399999983 ], [ -84.7816875, 38.2949803 ], [ -84.7749443, 38.30303480000002 ], [ -84.7755548, 38.3064385 ], [ -84.7706148, 38.314081 ], [ -84.7730839, 38.3188218 ], [ -84.778527, 38.322325699999979 ], [ -84.7829153, 38.317606099999949 ], [ -84.7787981, 38.3157978 ], [ -84.7764954, 38.3127153 ], [ -84.777391, 38.309825599999989 ], [ -84.7804406, 38.3084715 ] ], [ [ -84.8161198, 38.314017599999971 ], [ -84.8142572, 38.315853100000034 ], [ -84.8146134, 38.316472099999977 ], [ -84.8161198, 38.314017599999971 ] ], [ [ -84.7621346, 38.3170135 ], [ -84.7512928, 38.316617599999958 ], [ -84.7643633, 38.334625700000039 ], [ -84.7726117, 38.329545499999981 ], [ -84.766834, 38.3251188 ], [ -84.7621346, 38.3170135 ] ] ] } },
{ "type": "Feature", "properties": { "state_po": "KY", "county_geoid": "21199", "pwsid": "KY1000050", "pws_name": "BURNSIDE WATER COMPANY", "population_served_count": 2284, "model_method": "", "verification_status": "", "symbology_field": "System Sourced", "intersection_area_sq_km": 17.776306831178154 }, "geometry": { "type": "Polygon", "coordinates": [ [ [ -84.6671986, 36.973364700000012 ], [ -84.6714989, 36.976076199999973 ], [ -84.6693474, 36.980110800000027 ], [ -84.6465555, 36.9874095 ], [ -84.6272038, 36.990683200000014 ], [ -84.6233222, 36.9934084 ], [ -84.6225693, 36.997853799999973 ], [ -84.6188058, 37.0000408 ], [ -84.6153178, 37.000020899999981 ], [ -84.6182672, 37.0043756 ], [ -84.6146098, 37.0076395 ], [ -84.6041655, 37.005264099999955 ], [ -84.6028944, 37.00293850000002 ], [ -84.6038022, 36.998938699999982 ], [ -84.5953416, 36.998298399999982 ], [ -84.59132, 36.995912500000024 ], [ -84.5867531, 36.995439600000033 ], [ -84.5850708, 36.993033600000011 ], [ -84.5860533, 36.989961400000027 ], [ -84.5840472, 36.988890499999975 ], [ -84.5812195, 36.989142 ], [ -84.5756094, 36.999650099999975 ], [ -84.5679868, 37.004173899999969 ], [ -84.5570091, 37.0027642 ], [ -84.5529368, 36.9953761 ], [ -84.5489679, 36.995242499999982 ], [ -84.5465891, 36.9926883 ], [ -84.5540328, 36.980472700000036 ], [ -84.5580474, 36.9792133 ], [ -84.5624375, 36.981707899999961 ], [ -84.5661655, 36.981515399999964 ], [ -84.5707425, 36.97378010000002 ], [ -84.573625, 36.972276599999972 ], [ -84.5784994, 36.974266800000045 ], [ -84.577879400000015, 36.979571799999952 ], [ -84.5840421, 36.979958200000013 ], [ -84.5909452, 36.983102799999983 ], [ -84.5913992, 36.978237900000032 ], [ -84.5963196, 36.9768076 ], [ -84.6095578, 36.9877012 ], [ -84.6130576, 36.986637799999968 ], [ -84.6174887, 36.9879252 ], [ -84.6233082, 36.984134899999979 ], [ -84.6437405, 36.980555500000023 ], [ -84.6671986, 36.973364700000012 ] ] ] } },
{ "type": "Feature", "properties": { "state_po": "KY", "county_geoid": "21199", "pwsid": "KY1000973", "pws_name": "WOODSON BEND PROPERTY OWNERS ASSOC", "population_served_count": 1455, "model_method": "", "verification_status": "", "symbology_field": "System Sourced", "intersection_area_sq_km": 3.7874693524298926 }, "geometry": { "type": "Polygon", "coordinates": [ [ [ -84.5921604, 36.938249500000055 ], [ -84.6056414, 36.939562799999969 ], [ -84.6091463, 36.942423099999964 ], [ -84.6098195, 36.952409099999983 ], [ -84.6075399, 36.955272600000036 ], [ -84.6038466, 36.95552780000002 ], [ -84.5967289, 36.952022299999953 ], [ -84.5870766, 36.9518725 ], [ -84.5803654, 36.94819220000003 ], [ -84.5801553, 36.945008399999971 ], [ -84.5845749, 36.940628900000036 ], [ -84.5921604, 36.938249500000055 ] ] ] } },
{ "type": "Feature", "properties": { "state_po": "KY", "county_geoid": "21199", "pwsid": "KY1020288", "pws_name": "KENTUCKY AMERICAN WATER - EASTERN ROCKCA", "population_served_count": 1732, "model_method": "", "verification_status": "", "symbology_field": "System Sourced", "intersection_area_sq_km": 0.26132360462521115 }, "geometry": { "type": "Polygon", "coordinates": [ [ [ -84.3413426, 37.196841899999981 ], [ -84.344548, 37.1958248 ], [ -84.3477136, 37.196918700000033 ], [ -84.3489853, 37.199482899999985 ], [ -84.34781358240943, 37.202270787520845 ], [ -84.3413426, 37.196841899999981 ] ] ] } },
{ "type": "Feature", "properties": { "state_po": "KY", "county_geoid": "21077", "pwsid": "KY0390444", "pws_name": "WARSAW WATER WORKS", "population_served_count": 1988, "model_method": "", "verification_status": "", "symbology_field": "System Sourced", "intersection_area_sq_km": 9.143555038998386 }, "geometry": { "type": "Polygon", "coordinates": [ [ [ -84.917387100000013, 38.770286 ], [ -84.9204142, 38.771203299999989 ], [ -84.9361664, 38.766736 ], [ -84.939408899999989, 38.767813400000016 ], [ -84.9407287, 38.770370299999982 ], [ -84.9359124, 38.774682299999959 ], [ -84.918662, 38.7798387 ], [ -84.9042184, 38.7884863 ], [ -84.8943061, 38.7913022 ], [ -84.8882861, 38.792052 ], [ -84.8844659, 38.7899943 ], [ -84.8564114, 38.7886818 ], [ -84.8500847, 38.785563599999982 ], [ -84.8506551, 38.782407699999979 ], [ -84.8539009, 38.780861599999966 ], [ -84.8790695, 38.78244369999998 ], [ -84.8813587, 38.7776644 ], [ -84.8851175, 38.7765048 ], [ -84.8884551, 38.777404200000085 ], [ -84.8921106, 38.775506499999985 ], [ -84.8926017, 38.772773600000029 ], [ -84.895416, 38.771115 ], [ -84.9066973, 38.7719366 ], [ -84.9099483, 38.7752228 ], [ -84.9124964, 38.771881899999968 ], [ -84.917387100000013, 38.770286 ] ] ] } },
{ "type": "Feature", "properties": { "state_po": "KY", "county_geoid": "21201", "pwsid": "KY1010297", "pws_name": "MT OLIVET WATER DEPARTMENT", "population_served_count": 775, "model_method": "", "verification_status": "", "symbology_field": "System Sourced", "intersection_area_sq_km": 22.370048411413904 }, "geometry": { "type": "Polygon", "coordinates": [ [ [ -84.029215, 38.530796199999962 ], [ -84.0295425, 38.529391099999962 ], [ -84.0220393, 38.52398279999997 ], [ -84.020546, 38.5153324 ], [ -84.0234674, 38.5131206 ], [ -84.0274793, 38.5135949 ], [ -84.0304549, 38.520697399999989 ], [ -84.0344253, 38.522690200000042 ], [ -84.0347565, 38.518521700000036 ], [ -84.0395926, 38.513344 ], [ -84.0415424, 38.5069225 ], [ -84.0378155, 38.504757800000043 ], [ -84.0315848, 38.505073399999958 ], [ -84.0298879, 38.500893499999975 ], [ -84.035805, 38.49732 ], [ -84.0445264, 38.4983177 ], [ -84.0439059, 38.49659420000004 ], [ -84.0338529, 38.494930700000012 ], [ -84.0290883, 38.490972900000052 ], [ -84.0267982, 38.487537 ], [ -84.027013, 38.482699899999986 ], [ -84.0326094, 38.481453599999988 ], [ -84.0393591, 38.488904099999964 ], [ -84.0446752, 38.489052400000041 ], [ -84.0473076, 38.4840315 ], [ -84.0436548, 38.4805601 ], [ -84.0438478, 38.47758950000005 ], [ -84.0486961, 38.47302179999997 ], [ -84.0535532, 38.4724992 ], [ -84.0645729, 38.458078599999972 ], [ -84.0687978, 38.457366899999975 ], [ -84.0754835, 38.460300900000014 ], [ -84.0896791, 38.4590708 ], [ -84.0945411, 38.463166800000018 ], [ -84.0920474, 38.46729729999997 ], [ -84.0888288, 38.4675012 ], [ -84.0858374, 38.465864600000018 ], [ -84.0740567, 38.4675835 ], [ -84.069645, 38.4659679 ], [ -84.0579371, 38.481020900000033 ], [ -84.0529066, 38.49330060000004 ], [ -84.055572, 38.498494399999984 ], [ -84.0525473, 38.502007400000032 ], [ -84.063856500000014, 38.499655299999965 ], [ -84.077658, 38.493958500000012 ], [ -84.0852445, 38.493369499999986 ], [ -84.0858947, 38.489203600000018 ], [ -84.0894526, 38.487274200000044 ], [ -84.0942366, 38.4895351 ], [ -84.0953637, 38.498694199999953 ], [ -84.0918585, 38.5007069 ], [ -84.0809396, 38.500696100000027 ], [ -84.0674627, 38.506298100000059 ], [ -84.0505751, 38.5102477 ], [ -84.0435603, 38.521674899999972 ], [ -84.0484924, 38.523459199999955 ], [ -84.0486844, 38.5291129 ], [ -84.0574009, 38.529081299999987 ], [ -84.0596677, 38.53118749999998 ], [ -84.0595034, 38.533722899999958 ], [ -84.0563894, 38.535798900000039 ], [ -84.0455004, 38.536241 ], [ -84.0448591, 38.5409318 ], [ -84.0420481, 38.542925 ], [ -84.0380345, 38.5424512 ], [ -84.0360179, 38.5396375 ], [ -84.0319842, 38.543176199999969 ], [ -84.0332106, 38.55015230000005 ], [ -84.0288192, 38.556615100000016 ], [ -84.0247424, 38.557752899999947 ], [ -84.0208653, 38.554593699999963 ], [ -84.0242645, 38.5472284 ], [ -84.0226423, 38.542002700000026 ], [ -84.0244678, 38.538062 ], [ -84.0222451, 38.5344155 ], [ -84.0243039, 38.531919200000033 ], [ -84.029215, 38.530796199999962 ] ] ] } },
{ "type": "Feature", "properties": { "state_po": "KY", "county_geoid": "21087", "pwsid": "KY0440168", "pws_name": "GREENSBURG WATER WORKS", "population_served_count": 2396, "model_method": "", "verification_status": "", "symbology_field": "System Sourced", "intersection_area_sq_km": 11.059298326747955 }, "geometry": { "type": "Polygon", "coordinates": [ [ [ -85.4991878, 37.2359955 ], [ -85.5029582, 37.237632299999987 ], [ -85.5051115, 37.243958500000012 ], [ -85.509730499999989, 37.24884 ], [ -85.5072673, 37.255217900000012 ], [ -85.5166605, 37.259471099999978 ], [ -85.5181481, 37.26265439999996 ], [ -85.5122853, 37.2747582 ], [ -85.5089486, 37.2754654 ], [ -85.5019502, 37.2734839 ], [ -85.4933587, 37.2775439 ], [ -85.482399, 37.270144400000021 ], [ -85.4814999, 37.263418 ], [ -85.4833853, 37.254191299999974 ], [ -85.477002900000016, 37.244677800000019 ], [ -85.484929, 37.239163 ], [ -85.4991878, 37.2359955 ] ] ] } },
{ "type": "Feature", "properties": { "state_po": "KY", "county_geoid": "21045", "pwsid": "KY0230987", "pws_name": "LIBERTY WATER WORKS", "population_served_count": 2302, "model_method": "", "verification_status": "", "symbology_field": "System Sourced", "intersection_area_sq_km": 13.807440994549916 }, "geometry": { "type": "Polygon", "coordinates": [ [ [ -84.8939841, 37.318817299999985 ], [ -84.9005122, 37.322742500000011 ], [ -84.9156919, 37.3100989 ], [ -84.9202301, 37.309650100000042 ], [ -84.9236063, 37.3109381 ], [ -84.9333453, 37.3054793 ], [ -84.939036, 37.304714399999959 ], [ -84.9433837, 37.297249 ], [ -84.9418786, 37.294286299999989 ], [ -84.9439037, 37.291539 ], [ -84.9523711, 37.289822799999961 ], [ -84.9562585, 37.291651499999986 ], [ -84.9564856, 37.294834599999966 ], [ -84.9457867, 37.311231 ], [ -84.9510375, 37.321076499999982 ], [ -84.9490118, 37.323823900000029 ], [ -84.9445877, 37.324467299999931 ], [ -84.9456805, 37.331190799999973 ], [ -84.9434022, 37.334060900000019 ], [ -84.93796, 37.333450399999968 ], [ -84.93589, 37.3280915 ], [ -84.9326894, 37.332228599999965 ], [ -84.9276683, 37.3340613 ], [ -84.9198535, 37.335285300000017 ], [ -84.9165639, 37.3315099 ], [ -84.9087384, 37.336029499999974 ], [ -84.9052891, 37.336185100000023 ], [ -84.8944383, 37.330275700000051 ], [ -84.8898768, 37.323985799999974 ], [ -84.8902135, 37.3203915 ], [ -84.8939841, 37.318817299999985 ] ] ] } },
{ "type": "Feature", "properties": { "state_po": "KY", "county_geoid": "21039", "pwsid": "MO4021178", "pws_name": "MISSISSIPPI COUNTY PWSD 1", "population_served_count": 3000, "model_method": "", "verification_status": "", "symbology_field": "System Sourced", "intersection_area_sq_km": 0.10301497821394791 }, "geometry": { "type": "MultiPolygon", "coordinates": [ [ [ [ -89.169505003729782, 36.796592768894804 ], [ -89.1685358, 36.7956969 ], [ -89.167986386152904, 36.795281319242001 ], [ -89.168458, 36.795571 ], [ -89.169505003729782, 36.796592768894804 ] ] ], [ [ [ -89.17572524683213, 36.804830463870559 ], [ -89.170456471621335, 36.797521272049735 ], [ -89.171069, 36.798119 ], [ -89.17572524683213, 36.804830463870559 ] ] ], [ [ [ -89.177417, 36.807269 ], [ -89.1776758, 36.807796899999964 ], [ -89.176474741805947, 36.805910745475849 ], [ -89.177417, 36.807269 ] ] ], [ [ [ -89.178755507214831, 36.809968495489954 ], [ -89.178710538413526, 36.809851224103106 ], [ -89.178749, 36.809928 ], [ -89.178755507214831, 36.809968495489954 ] ] ], [ [ [ -89.178582745947651, 36.816505412312644 ], [ -89.1785758, 36.816096900000012 ], [ -89.178688624231, 36.815917205511042 ], [ -89.178582745947651, 36.816505412312644 ] ] ], [ [ [ -89.178667437661005, 36.820962857632075 ], [ -89.178670863677354, 36.821124504230163 ], [ -89.1786658, 36.821016899999968 ], [ -89.178667437661005, 36.820962857632075 ] ] ], [ [ [ -89.178731745645536, 36.823996924025415 ], [ -89.178752976580711, 36.824998549780581 ], [ -89.1787258, 36.8244369 ], [ -89.178731745645536, 36.823996924025415 ] ] ], [ [ [ -89.1788758, 36.831376899999988 ], [ -89.178886813669891, 36.831312042135451 ], [ -89.178872076343637, 36.831437720481254 ], [ -89.1788758, 36.831376899999988 ] ] ], [ [ [ -89.174766483234833, 36.838362127235889 ], [ -89.174236145526734, 36.83893041015623 ], [ -89.1743858, 36.838476900000018 ], [ -89.174766483234833, 36.838362127235889 ] ] ], [ [ [ -89.158838577798207, 36.842739995319967 ], [ -89.1590558, 36.8426469 ], [ -89.159181612487274, 36.842611515365526 ], [ -89.158838577798207, 36.842739995319967 ] ] ], [ [ [ -89.1281457, 36.7875269 ], [ -89.123738972446546, 36.785400764568337 ], [ -89.129707569589328, 36.787777851270704 ], [ -89.1281457, 36.7875269 ] ] ], [ [ [ -89.155891, 36.789126 ], [ -89.156937074359902, 36.789501150858868 ], [ -89.152977847886277, 36.78893336029801 ], [ -89.155891, 36.789126 ] ] ], [ [ [ -89.146284460264965, 36.788490471985568 ], [ -89.1328657, 36.7883569 ], [ -89.131009139640852, 36.7879451476743 ], [ -89.146284460264965, 36.788490471985568 ] ] ], [ [ [ -89.160995344274568, 36.790986706953973 ], [ -89.160529829941424, 36.790789512896801 ], [ -89.160877, 36.790914 ], [ -89.160995344274568, 36.790986706953973 ] ] ], [ [ [ -89.156376519058242, 36.844128125095587 ], [ -89.1566858, 36.843686900000066 ], [ -89.156951009158746, 36.843632179939057 ], [ -89.156376519058242, 36.844128125095587 ] ] ], [ [ [ -89.130624441562773, 36.861121861669147 ], [ -89.1380058, 36.8472769 ], [ -89.149076839591984, 36.847016367699105 ], [ -89.137969, 36.847349 ], [ -89.130624441562773, 36.861121861669147 ] ] ], [ [ [ -89.1267857, 36.871686900000029 ], [ -89.126973361541388, 36.871315489681109 ], [ -89.126302140831299, 36.872695172072959 ], [ -89.1267857, 36.871686900000029 ] ] ], [ [ [ -89.113481075643847, 36.903678458427052 ], [ -89.1170557, 36.888676899999957 ], [ -89.1178657, 36.8864769 ], [ -89.1196857, 36.882856900000029 ], [ -89.123454764842677, 36.877125618832039 ], [ -89.117567, 36.887356 ], [ -89.113481075643847, 36.903678458427052 ] ] ], [ [ [ -89.109377, 36.920066 ], [ -89.108893206654258, 36.921341826241729 ], [ -89.112164344037055, 36.908936968048778 ], [ -89.109377, 36.920066 ] ] ], [ [ [ -89.102115700000013, 36.9390069 ], [ -89.104698444178112, 36.93240202643203 ], [ -89.101127476968813, 36.942702488397238 ], [ -89.102115700000013, 36.9390069 ] ] ] ] } },
{ "type": "Feature", "properties": { "state_po": "KY", "county_geoid": "21039", "pwsid": "KY0200009", "pws_name": "ARLINGTON WATER DEPARTMENT", "population_served_count": 301, "model_method": "", "verification_status": "", "symbology_field": "System Sourced", "intersection_area_sq_km": 3.7415222983894618 }, "geometry": { "type": "Polygon", "coordinates": [ [ [ -89.0160232, 36.783025799999969 ], [ -89.0211715, 36.7853832 ], [ -89.0225087, 36.788957500000016 ], [ -89.0211503, 36.7925786 ], [ -89.0165205, 36.794002 ], [ -89.0144418, 36.7980019 ], [ -89.0062839, 36.797280200000024 ], [ -89.0034315, 36.7944872 ], [ -88.9915557, 36.798894599999976 ], [ -88.9867283, 36.7972955 ], [ -88.9870596, 36.7931053 ], [ -88.9965918, 36.787776500000014 ], [ -89.001045, 36.7875033 ], [ -89.002667699999989, 36.784909200000023 ], [ -89.0094429, 36.782245699999976 ], [ -89.0160232, 36.783025799999969 ] ] ] } },
{ "type": "Feature", "properties": { "state_po": "KY", "county_geoid": "21039", "pwsid": "KY0200018", "pws_name": "BARDWELL CITY UTILITIES", "population_served_count": 1227, "model_method": "", "verification_status": "", "symbology_field": "System Sourced", "intersection_area_sq_km": 5.3068137932593489 }, "geometry": { "type": "Polygon", "coordinates": [ [ [ -89.0121322, 36.865193 ], [ -89.0174174, 36.866192 ], [ -89.0202405, 36.8713838 ], [ -89.0176898, 36.876215699999989 ], [ -89.019913699999989, 36.880108 ], [ -89.0191417, 36.8827959 ], [ -89.0153522, 36.8843058 ], [ -89.0111193, 36.88261 ], [ -88.9961467, 36.889617100000024 ], [ -88.9916804, 36.889271199999975 ], [ -88.9898582, 36.88575729999998 ], [ -88.9934606, 36.882151399999977 ], [ -88.9952517, 36.877242800000012 ], [ -88.997030099999989, 36.864993 ], [ -89.007563, 36.8622317 ], [ -89.0121322, 36.865193 ] ] ] } },
{ "type": "Feature", "properties": { "state_po": "KY", "county_geoid": "21039", "pwsid": "KY0200095", "pws_name": "CUNNINGHAM WATER DISTRICT", "population_served_count": 475, "model_method": "", "verification_status": "", "symbology_field": "System Sourced", "intersection_area_sq_km": 7.3779145843872751 }, "geometry": { "type": "Polygon", "coordinates": [ [ [ -88.9011631, 36.903726799999966 ], [ -88.9181869, 36.904826200000038 ], [ -88.9203693, 36.906956500000021 ], [ -88.9200369, 36.9097021 ], [ -88.9165213, 36.9115934 ], [ -88.9021392, 36.9110754 ], [ -88.9039571, 36.913850300000036 ], [ -88.9023223, 36.916755699999975 ], [ -88.8990358, 36.917559200000021 ], [ -88.8945461, 36.916240300000013 ], [ -88.8944567, 36.919004700000045 ], [ -88.8971355, 36.922417 ], [ -88.8942204, 36.925749 ], [ -88.8790486, 36.924560099999958 ], [ -88.8776475, 36.922283699999987 ], [ -88.8786423, 36.91964320000001 ], [ -88.8854916, 36.9185065 ], [ -88.8854445, 36.912511699999975 ], [ -88.8839343, 36.910873699999989 ], [ -88.8698879, 36.909606899999986 ], [ -88.8678275, 36.9071344 ], [ -88.8689773, 36.904082900000027 ], [ -88.8758916, 36.9030522 ], [ -88.879069, 36.899299100000015 ], [ -88.8854935, 36.900503 ], [ -88.8863581, 36.897182099999974 ], [ -88.8898572, 36.895676699999967 ], [ -88.8934745, 36.896989699999985 ], [ -88.8944777, 36.9001558 ], [ -88.899756599999989, 36.9006556 ], [ -88.9011631, 36.903726799999966 ] ] ] } },
{ "type": "Feature", "properties": { "state_po": "KY", "county_geoid": "21039", "pwsid": "KY0200284", "pws_name": "MILBURN WATER DISTRICT", "population_served_count": 500, "model_method": "", "verification_status": "", "symbology_field": "System Sourced", "intersection_area_sq_km": 11.708794784181064 }, "geometry": { "type": "Polygon", "coordinates": [ [ [ -88.930142, 36.7933476 ], [ -88.9356189, 36.7955143 ], [ -88.9345174, 36.8000006 ], [ -88.9052808, 36.800930199999975 ], [ -88.9042438, 36.810681 ], [ -88.9003971, 36.813224900000044 ], [ -88.8958722, 36.8111292 ], [ -88.8954485, 36.805148900000034 ], [ -88.8910502, 36.805472299999956 ], [ -88.8870935, 36.801875599999988 ], [ -88.8795699, 36.803547 ], [ -88.86203660000001, 36.803545099999987 ], [ -88.8580132, 36.8003135 ], [ -88.861263, 36.796372299999973 ], [ -88.8769723, 36.7961937 ], [ -88.8805597, 36.793586900000037 ], [ -88.8953604, 36.796138900000038 ], [ -88.899421, 36.791958199999954 ], [ -88.898753700000015, 36.78911080000001 ], [ -88.9007485, 36.786866899999985 ], [ -88.9051138, 36.786444799999977 ], [ -88.9093392, 36.788496099999968 ], [ -88.918089, 36.7842581 ], [ -88.9305951, 36.78459469999995 ], [ -88.9428502, 36.782697 ], [ -88.9547254, 36.783436299999984 ], [ -88.9637425, 36.786085199999981 ], [ -88.9660569, 36.788673400000086 ], [ -88.9647058, 36.791893 ], [ -88.9590692, 36.7942568 ], [ -88.9557854, 36.793460400000022 ], [ -88.9535705, 36.790598700000025 ], [ -88.943297199999989, 36.7899281 ], [ -88.9313979, 36.791774599999954 ], [ -88.9198746, 36.791425299999965 ], [ -88.9152957, 36.793967199999969 ], [ -88.930142, 36.7933476 ] ] ] } },
{ "type": "Feature", "properties": { "state_po": "KY", "county_geoid": "21039", "pwsid": "KY0420027", "pws_name": "GRAVES CO WATER DIST - FANCY FARM", "population_served_count": 1301, "model_method": "", "verification_status": "", "symbology_field": "System Sourced", "intersection_area_sq_km": 4.7467841964865549 }, "geometry": { "type": "Polygon", "coordinates": [ [ [ -88.8133737, 36.7998073 ], [ -88.8173798, 36.802947 ], [ -88.8307923, 36.79769610000001 ], [ -88.8287225, 36.792612300000023 ], [ -88.8332323, 36.789827399999979 ], [ -88.8387827, 36.79281569999997 ], [ -88.8397549, 36.796894799999954 ], [ -88.853972, 36.797916799999975 ], [ -88.8632003, 36.796401700000047 ], [ -88.8669525, 36.800073599999969 ], [ -88.8653186, 36.8027426 ], [ -88.8595795, 36.804941599999985 ], [ -88.8355118, 36.803904 ], [ -88.813120206721919, 36.812259310928582 ], [ -88.8133737, 36.7998073 ] ] ] } },
{ "type": "Feature", "properties": { "state_po": "KY", "county_geoid": "21149", "pwsid": "KY0300320", "pws_name": "NORTH MCLEAN CO WATER DISTRICT", "population_served_count": 2934, "model_method": "", "verification_status": "", "symbology_field": "System Sourced", "intersection_area_sq_km": 103.29974023044829 }, "geometry": { "type": "Polygon", "coordinates": [ [ [ -87.061018263074672, 37.536492900702314 ], [ -87.0844951, 37.5366873 ], [ -87.0861359, 37.53408169999998 ], [ -87.0895442, 37.532742799999959 ], [ -87.1033939, 37.533598200000021 ], [ -87.1052445, 37.5261949 ], [ -87.0948991, 37.5263237 ], [ -87.085204499999989, 37.524035399999953 ], [ -87.07740410000001, 37.517452499999976 ], [ -87.080090500000011, 37.513621199999989 ], [ -87.0877361, 37.513722800000011 ], [ -87.089062, 37.506208599999979 ], [ -87.0963898, 37.501738 ], [ -87.0967515, 37.499043 ], [ -87.0936183, 37.495665099999989 ], [ -87.096350199999989, 37.492303400000011 ], [ -87.1038873, 37.492721799999977 ], [ -87.1061562, 37.496454799999988 ], [ -87.1095856, 37.4952965 ], [ -87.1187613, 37.496282900000061 ], [ -87.1226372, 37.493949 ], [ -87.1260987, 37.494916299999986 ], [ -87.1274518, 37.498472599999985 ], [ -87.118427, 37.519765199999974 ], [ -87.120173799999989, 37.519903700000015 ], [ -87.121722300000016, 37.513207900000033 ], [ -87.1262743, 37.512049400000031 ], [ -87.129520700000015, 37.514560100000018 ], [ -87.1291706, 37.520895699999983 ], [ -87.13232, 37.5229385 ], [ -87.1401304, 37.524009 ], [ -87.138787, 37.5170856 ], [ -87.1330232, 37.516540900000017 ], [ -87.1313367, 37.512768 ], [ -87.133404, 37.510554900000024 ], [ -87.1391173, 37.508946399999957 ], [ -87.142232, 37.509486099999968 ], [ -87.1458463, 37.512565 ], [ -87.1488842, 37.510518600000012 ], [ -87.1544587, 37.510390800000032 ], [ -87.1483629, 37.500647400000027 ], [ -87.1494681, 37.497152400000033 ], [ -87.1529426, 37.4960627 ], [ -87.1633142, 37.498027100000016 ], [ -87.1673024, 37.495857 ], [ -87.1750813, 37.4963877 ], [ -87.1775667, 37.4983083 ], [ -87.1777197, 37.500844600000015 ], [ -87.1754767, 37.502946200000046 ], [ -87.1718686, 37.503243400000024 ], [ -87.1699346, 37.508964100000028 ], [ -87.1649236, 37.509286699999947 ], [ -87.1615329, 37.505115600000011 ], [ -87.1642529, 37.5107352 ], [ -87.164614899999989, 37.520239699999969 ], [ -87.1580783, 37.5241498 ], [ -87.1549629, 37.523610500000039 ], [ -87.153038, 37.521475800000019 ], [ -87.1454953, 37.53150909999998 ], [ -87.1443207, 37.537534099999981 ], [ -87.1404701, 37.539385 ], [ -87.133446400000011, 37.538578200000032 ], [ -87.1318013, 37.543726600000014 ], [ -87.1398098, 37.544016600000013 ], [ -87.1461487, 37.541783 ], [ -87.1636113, 37.542967 ], [ -87.1683802, 37.541590099999979 ], [ -87.1693804, 37.536907900000074 ], [ -87.1661075, 37.536598699999985 ], [ -87.1624159, 37.5391767 ], [ -87.1583998, 37.538027899999989 ], [ -87.157311, 37.531206599999983 ], [ -87.1611538, 37.528942800000046 ], [ -87.1749994, 37.530204699999963 ], [ -87.1723181, 37.524812199999985 ], [ -87.174135299999989, 37.5227259 ], [ -87.1773137, 37.52212009999996 ], [ -87.1827206, 37.523048100000011 ], [ -87.1847752, 37.525784500000029 ], [ -87.1830922, 37.535675 ], [ -87.1783523, 37.5379259 ], [ -87.1772703, 37.543029199999978 ], [ -87.1790356, 37.546194800000038 ], [ -87.1999657, 37.550629700000044 ], [ -87.2012103, 37.544351599999985 ], [ -87.1965223, 37.5422703 ], [ -87.1954262, 37.5392038 ], [ -87.197306, 37.5368867 ], [ -87.2009066, 37.5363435 ], [ -87.2021035, 37.528116599999976 ], [ -87.2088226, 37.514748 ], [ -87.2132682, 37.5133515 ], [ -87.2300983, 37.517754400000015 ], [ -87.2322058, 37.522008299999968 ], [ -87.2271697, 37.525130799999964 ], [ -87.215651100000017, 37.521826199999978 ], [ -87.2107636, 37.530281100000039 ], [ -87.2100761, 37.539948399999986 ], [ -87.22668, 37.546736600000031 ], [ -87.2321799, 37.544238199999981 ], [ -87.2414419, 37.545901199999967 ], [ -87.2424635, 37.543016 ], [ -87.2458416, 37.541744900000019 ], [ -87.2517736, 37.545608 ], [ -87.2571494, 37.546652599999987 ], [ -87.2636053, 37.544932699999983 ], [ -87.2669659, 37.5456033 ], [ -87.2745466, 37.555204599999939 ], [ -87.2722141, 37.559418200000025 ], [ -87.2729143, 37.5618335 ], [ -87.2812954, 37.570464900000012 ], [ -87.2815129, 37.581589900000012 ], [ -87.2778657, 37.584052699999965 ], [ -87.2725025, 37.5828485 ], [ -87.2707207, 37.580482300000035 ], [ -87.2715194, 37.577856600000047 ], [ -87.2679617, 37.574927400000021 ], [ -87.2693501, 37.571494200000025 ], [ -87.264407, 37.570837199999986 ], [ -87.2632219, 37.576256699999952 ], [ -87.2579865, 37.580341 ], [ -87.2594347, 37.586477499999987 ], [ -87.2564602, 37.58945869999998 ], [ -87.2512104, 37.5881152 ], [ -87.2481976, 37.577375400000015 ], [ -87.2456928, 37.577021800000047 ], [ -87.2318151, 37.579879 ], [ -87.2323203, 37.5848338 ], [ -87.2284768, 37.587099900000013 ], [ -87.2242883, 37.585748 ], [ -87.2227244, 37.579471100000013 ], [ -87.219606399999989, 37.5788358 ], [ -87.2113553, 37.581569699999953 ], [ -87.1999654, 37.590021300000011 ], [ -87.2019681, 37.592066800000019 ], [ -87.2066342, 37.592295 ], [ -87.213202600000017, 37.594977199999974 ], [ -87.2165662, 37.599791700000026 ], [ -87.2223458, 37.601023099999978 ], [ -87.2493674, 37.6006651 ], [ -87.2498467, 37.594812399999988 ], [ -87.2541644, 37.592754400000032 ], [ -87.2580975, 37.594921499999984 ], [ -87.2584423, 37.6008704 ], [ -87.2815988, 37.602502 ], [ -87.2792391, 37.594858200000012 ], [ -87.281463, 37.5877489 ], [ -87.2875808, 37.579498800000017 ], [ -87.2922203, 37.5785734 ], [ -87.3080567, 37.5928751 ], [ -87.3066725, 37.596307 ], [ -87.3022451, 37.597068899999989 ], [ -87.2974932, 37.595151600000037 ], [ -87.2914693, 37.588929900000039 ], [ -87.2883321, 37.594691899999965 ], [ -87.2910752, 37.605770599999964 ], [ -87.301778700000014, 37.610681199999952 ], [ -87.3028428, 37.6145955 ], [ -87.3006998, 37.616477399999965 ], [ -87.2974837, 37.6167794 ], [ -87.278167599999989, 37.6091771 ], [ -87.2638582, 37.608278499999983 ], [ -87.2619243, 37.611562700000015 ], [ -87.257527, 37.6119028 ], [ -87.254343594296287, 37.619536924728614 ], [ -87.245624697539114, 37.61653528584511 ], [ -87.2497958, 37.608002 ], [ -87.2343378, 37.607925800000018 ], [ -87.235741130106064, 37.613131636312495 ], [ -87.22552850247898, 37.609613492728094 ], [ -87.2250314, 37.607948099999987 ], [ -87.221590210399782, 37.608256473356398 ], [ -87.209006501039553, 37.603919308194364 ], [ -87.2050185, 37.599549199999949 ], [ -87.196451620155329, 37.599590272636952 ], [ -87.187988946695413, 37.596677681951874 ], [ -87.185666, 37.592987699999973 ], [ -87.1772151, 37.590821200000029 ], [ -87.173710640472777, 37.591772874427562 ], [ -87.160142343902891, 37.587109806735342 ], [ -87.138821, 37.575628 ], [ -87.108777, 37.571159 ], [ -87.095532, 37.56693 ], [ -87.07287, 37.567729 ], [ -87.072128, 37.569352 ], [ -87.067901, 37.568893 ], [ -87.067859, 37.572379 ], [ -87.066230046946018, 37.572494143015284 ], [ -87.0633964, 37.568965299999945 ], [ -87.0648853, 37.566474199999966 ], [ -87.0685044, 37.565499900000056 ], [ -87.0694166, 37.558586700000014 ], [ -87.0678138, 37.553898 ], [ -87.0622757, 37.548153 ], [ -87.0619448, 37.5436682 ], [ -87.053121227011701, 37.546917344870387 ], [ -87.061018263074672, 37.536492900702314 ] ], [ [ -87.1540278, 37.518198100000014 ], [ -87.1546687, 37.5176085 ], [ -87.1540388, 37.5176168 ], [ -87.1540278, 37.518198100000014 ] ], [ [ -87.213850800000017, 37.554327199999967 ], [ -87.2216081, 37.5527931 ], [ -87.2096241, 37.548028400000014 ], [ -87.2088964, 37.5518153 ], [ -87.213850800000017, 37.554327199999967 ] ], [ [ -87.2381182, 37.559659 ], [ -87.2425961, 37.560289599999969 ], [ -87.2490076, 37.557533600000014 ], [ -87.2514595, 37.554673 ], [ -87.2459097, 37.5563809 ], [ -87.2392309, 37.5530147 ], [ -87.2318197, 37.5532633 ], [ -87.2256771, 37.55976440000002 ], [ -87.217677, 37.561247099999974 ], [ -87.2144268, 37.5642613 ], [ -87.2086662, 37.563273099999961 ], [ -87.2036148, 37.5708186 ], [ -87.2061629, 37.572771 ], [ -87.2062029, 37.575555199999989 ], [ -87.2175085, 37.57085589999997 ], [ -87.2217316, 37.5673266 ], [ -87.2260117, 37.567373899999957 ], [ -87.2345681, 37.563788100000018 ], [ -87.235268, 37.5612279 ], [ -87.2381182, 37.559659 ] ], [ [ -87.253084, 37.569858500000045 ], [ -87.2552054, 37.566783700000023 ], [ -87.2551015, 37.562870499999967 ], [ -87.2479529, 37.566195599999986 ], [ -87.2446918, 37.56955660000002 ], [ -87.253084, 37.569858500000045 ] ], [ [ -87.1251468, 37.562655500000048 ], [ -87.1287654, 37.563268799999967 ], [ -87.1305993, 37.56567040000003 ], [ -87.1298735, 37.569490400000021 ], [ -87.1265249, 37.57135790000001 ], [ -87.140448, 37.572155 ], [ -87.1481296, 37.576071299999974 ], [ -87.1607096, 37.578866700000013 ], [ -87.1600848, 37.5679407 ], [ -87.134169, 37.5653818 ], [ -87.132109, 37.563443 ], [ -87.1322005, 37.558127 ], [ -87.1296723, 37.5549478 ], [ -87.1321368, 37.5516858 ], [ -87.137801, 37.5517044 ], [ -87.1411532, 37.554107100000067 ], [ -87.1412041, 37.558986600000047 ], [ -87.1606157, 37.560728899999987 ], [ -87.161125, 37.5499355 ], [ -87.1472915, 37.548998100000013 ], [ -87.1411236, 37.5511826 ], [ -87.1294989, 37.550818099999979 ], [ -87.128356599999989, 37.55508529999998 ], [ -87.1246223, 37.5567312 ], [ -87.1205252, 37.554768799999984 ], [ -87.1204435, 37.550328399999948 ], [ -87.1146931, 37.54969819999998 ], [ -87.1147014, 37.561780100000036 ], [ -87.1122009, 37.56662460000004 ], [ -87.118080300000017, 37.5662619 ], [ -87.1251468, 37.562655500000048 ] ], [ [ -87.1871683, 37.5636028 ], [ -87.1923847, 37.56591549999996 ], [ -87.1901851, 37.570334199999976 ], [ -87.1742295, 37.57203220000001 ], [ -87.1692851, 37.570573100000033 ], [ -87.1701559, 37.585142500000025 ], [ -87.1777702, 37.583612799999976 ], [ -87.1888439, 37.586228 ], [ -87.1892755, 37.577128399999978 ], [ -87.201642, 37.558294 ], [ -87.1786129, 37.5538143 ], [ -87.1697095, 37.554277200000023 ], [ -87.1696173, 37.561528 ], [ -87.1747702, 37.564753 ], [ -87.1871683, 37.5636028 ] ], [ [ -87.2000672, 37.577459 ], [ -87.1978053, 37.579654600000019 ], [ -87.1979988, 37.580677 ], [ -87.2026509, 37.57776920000002 ], [ -87.2000672, 37.577459 ] ], [ [ -87.1085781, 37.5045791 ], [ -87.1107963, 37.502669 ], [ -87.0973151, 37.509980699999971 ], [ -87.0963909, 37.51715649999997 ], [ -87.0983808, 37.518634500000012 ], [ -87.109097600000013, 37.519214799999965 ], [ -87.111175, 37.513811200000035 ], [ -87.1077219, 37.5121767 ], [ -87.1067771, 37.509522800000049 ], [ -87.1085781, 37.5045791 ] ], [ [ -87.1361975, 37.5315493 ], [ -87.1328203, 37.530244800000013 ], [ -87.1326973, 37.5312772 ], [ -87.1361975, 37.5315493 ] ], [ [ -87.1238964, 37.527500700000033 ], [ -87.1144083, 37.526978 ], [ -87.112578, 37.54216120000001 ], [ -87.122720199999989, 37.5432567 ], [ -87.1238964, 37.527500700000033 ] ], [ [ -87.1056205, 37.5506156 ], [ -87.1010751, 37.549793600000029 ], [ -87.0986925, 37.552508499999952 ], [ -87.102609199999989, 37.5565142 ], [ -87.1057386, 37.556678400000024 ], [ -87.1056205, 37.5506156 ] ], [ [ -87.0961439, 37.542242 ], [ -87.1035531, 37.542738599999957 ], [ -87.103395, 37.5408285 ], [ -87.093203699999989, 37.540078899999969 ], [ -87.091437, 37.543056499999942 ], [ -87.0877431, 37.544285300000048 ], [ -87.0719167, 37.543484099999986 ], [ -87.0708546, 37.545261800000013 ], [ -87.0757266, 37.55 ], [ -87.0783088, 37.557155199999976 ], [ -87.0777181, 37.564222500000035 ], [ -87.0835813, 37.563900499999967 ], [ -87.086192, 37.560849500000053 ], [ -87.0902447, 37.548068799999989 ], [ -87.0961439, 37.542242 ] ], [ [ -87.0973628, 37.563128200000016 ], [ -87.1028159, 37.565502799999983 ], [ -87.1038278, 37.563847200000012 ], [ -87.0987805, 37.563452799999951 ], [ -87.0973628, 37.563128200000016 ] ] ] } },
{ "type": "Feature", "properties": { "state_po": "KY", "county_geoid": "21149", "pwsid": "KY0510510", "pws_name": "HENDERSON WATER UTILITY/SOUTH", "population_served_count": 54, "model_method": "", "verification_status": "", "symbology_field": "System Sourced", "intersection_area_sq_km": 3.1137850577011537 }, "geometry": { "type": "MultiPolygon", "coordinates": [ [ [ [ -87.492042181821787, 37.616315218729895 ], [ -87.4567001, 37.627835299999987 ], [ -87.4532537, 37.627525300000023 ], [ -87.4510924, 37.625367700000012 ], [ -87.4533693, 37.62116860000004 ], [ -87.48770720146922, 37.609967289630859 ], [ -87.492042181821787, 37.616315218729895 ] ] ], [ [ [ -87.495532445625329, 37.647228816231483 ], [ -87.4940369, 37.6424649 ], [ -87.499261144594684, 37.640747396391284 ], [ -87.495532445625329, 37.647228816231483 ] ] ] ] } },
{ "type": "Feature", "properties": { "state_po": "KY", "county_geoid": "21149", "pwsid": "KY0750055", "pws_name": "CALHOUN WATER WORKS", "population_served_count": 966, "model_method": "", "verification_status": "", "symbology_field": "System Sourced", "intersection_area_sq_km": 14.03635952183714 }, "geometry": { "type": "Polygon", "coordinates": [ [ [ -87.3562521, 37.530049499999961 ], [ -87.3469124, 37.530868600000019 ], [ -87.334445699999989, 37.52979279999996 ], [ -87.3207427, 37.537016399999963 ], [ -87.3121807, 37.538122299999962 ], [ -87.306087800000014, 37.536426600000034 ], [ -87.2824255, 37.523631 ], [ -87.279271600000015, 37.523632599999978 ], [ -87.272300199999989, 37.526012099999981 ], [ -87.2706367, 37.529162600000014 ], [ -87.2739762, 37.530808299999961 ], [ -87.2749273, 37.53346090000003 ], [ -87.2700708, 37.537488599999968 ], [ -87.2698216, 37.542333600000021 ], [ -87.2674847, 37.545963699999987 ], [ -87.2683451, 37.5507912 ], [ -87.2639734, 37.554577800000011 ], [ -87.2582414, 37.555510200000029 ], [ -87.2478966, 37.5500743 ], [ -87.2479574, 37.54661 ], [ -87.2518987, 37.544446500000056 ], [ -87.2514212, 37.540448500000053 ], [ -87.2488239, 37.534922 ], [ -87.2388798, 37.5266995 ], [ -87.2379058, 37.5242817 ], [ -87.2396138, 37.521635900000014 ], [ -87.2432374, 37.520914100000034 ], [ -87.2529385, 37.526193500000026 ], [ -87.2621232, 37.521587699999976 ], [ -87.2813151, 37.5162426 ], [ -87.286797299999989, 37.517306 ], [ -87.3128583, 37.5309252 ], [ -87.3169123, 37.530482400000018 ], [ -87.328759, 37.5239066 ], [ -87.3341605, 37.522547599999946 ], [ -87.352712944767049, 37.523040279649521 ], [ -87.3562521, 37.530049499999961 ] ] ] } },
{ "type": "Feature", "properties": { "state_po": "KY", "county_geoid": "21149", "pwsid": "KY0750207", "pws_name": "ISLAND WATER DEPARTMENT", "population_served_count": 1512, "model_method": "", "verification_status": "", "symbology_field": "System Sourced", "intersection_area_sq_km": 34.885941001819624 }, "geometry": { "type": "Polygon", "coordinates": [ [ [ -87.1072103, 37.415304400000025 ], [ -87.114965900000016, 37.439514699999989 ], [ -87.1210581, 37.440559400000041 ], [ -87.1253238, 37.44364190000001 ], [ -87.1277322, 37.44310590000002 ], [ -87.1283936, 37.440176099999931 ], [ -87.1312415, 37.4386097 ], [ -87.1346442, 37.439107799999938 ], [ -87.1366042, 37.441363699999975 ], [ -87.1397876, 37.440798600000051 ], [ -87.1410297, 37.439700600000023 ], [ -87.1346677, 37.437625299999972 ], [ -87.1347531, 37.433819299999975 ], [ -87.1390454, 37.4321236 ], [ -87.1447545, 37.433131199999949 ], [ -87.1492001, 37.430873399999946 ], [ -87.1537044, 37.4241719 ], [ -87.1568679, 37.423885 ], [ -87.1661511, 37.426819200000011 ], [ -87.1675232, 37.429351500000045 ], [ -87.1664469, 37.4317413 ], [ -87.1627088, 37.4330415 ], [ -87.1586927, 37.43211690000004 ], [ -87.1555909, 37.4368755 ], [ -87.1643031, 37.44339679999996 ], [ -87.169945, 37.443343800000015 ], [ -87.176257299999989, 37.44652 ], [ -87.1846341, 37.456028099999976 ], [ -87.1850681, 37.4654886 ], [ -87.1792664, 37.470714400000048 ], [ -87.1714457, 37.469262300000025 ], [ -87.1590857, 37.461886100000029 ], [ -87.1544983, 37.4510481 ], [ -87.1512563, 37.451905700000026 ], [ -87.1524303, 37.45685809999997 ], [ -87.1474082, 37.461693700000055 ], [ -87.1442427, 37.473496300000015 ], [ -87.1719607, 37.479701100000042 ], [ -87.200588, 37.498524499999959 ], [ -87.2028205, 37.501398899999977 ], [ -87.2136306, 37.492768599999934 ], [ -87.2065422, 37.489235700000044 ], [ -87.2073886, 37.48471260000003 ], [ -87.2112365, 37.483839399999944 ], [ -87.2183698, 37.486616699999949 ], [ -87.2228934, 37.486816399999924 ], [ -87.224862, 37.4890856 ], [ -87.2243418, 37.492193599999958 ], [ -87.2283323, 37.4959293 ], [ -87.2280252, 37.498894299999989 ], [ -87.2238476, 37.5007416 ], [ -87.2193501, 37.498407100000058 ], [ -87.209891399999989, 37.505959100000034 ], [ -87.2257643, 37.5070364 ], [ -87.2365207, 37.5126893 ], [ -87.244947599999989, 37.521422399999977 ], [ -87.2559231, 37.527759299999985 ], [ -87.255623, 37.532513 ], [ -87.2515602, 37.5335517 ], [ -87.2446229, 37.5309346 ], [ -87.2379327, 37.5260147 ], [ -87.2325454, 37.5193099 ], [ -87.2226128, 37.5138078 ], [ -87.2052403, 37.512271100000014 ], [ -87.1749019, 37.490116699999973 ], [ -87.1667062, 37.485645699999978 ], [ -87.1427425, 37.48061729999997 ], [ -87.1405045, 37.4863654 ], [ -87.1374693, 37.487138599999987 ], [ -87.1345476, 37.486125099999981 ], [ -87.133818179271458, 37.485391263769657 ], [ -87.135629, 37.485153 ], [ -87.132674644169597, 37.483266161349285 ], [ -87.1327442, 37.481004299999938 ], [ -87.1420299, 37.451567600000025 ], [ -87.1395419, 37.4505307 ], [ -87.1323761, 37.4612097 ], [ -87.132899, 37.465161 ], [ -87.1294709, 37.467181 ], [ -87.1220612, 37.4660906 ], [ -87.119426, 37.464302399999987 ], [ -87.1191601, 37.4610261 ], [ -87.1227722, 37.455384400000035 ], [ -87.1209404, 37.453413 ], [ -87.1114552, 37.456665299999976 ], [ -87.1072533, 37.455334700000016 ], [ -87.1073576, 37.4507623 ], [ -87.1167902, 37.4469405 ], [ -87.1102623, 37.446591799999979 ], [ -87.1069804, 37.444511499999983 ], [ -87.1013961, 37.428135 ], [ -87.1000809, 37.416717499999983 ], [ -87.102307295066609, 37.414807774468031 ], [ -87.1072103, 37.415304400000025 ] ], [ [ -87.1706445, 37.453404300000024 ], [ -87.168054, 37.450938700000037 ], [ -87.1653204, 37.452336 ], [ -87.166302500000015, 37.456225 ], [ -87.1706445, 37.453404300000024 ] ], [ [ -87.1764017, 37.4624907 ], [ -87.1737668, 37.462512599999968 ], [ -87.1764243, 37.462996199999942 ], [ -87.1764017, 37.4624907 ] ] ] } },
{ "type": "Feature", "properties": { "state_po": "KY", "county_geoid": "21149", "pwsid": "KY0750252", "pws_name": "LIVERMORE WATER WORKS", "population_served_count": 2138, "model_method": "", "verification_status": "", "symbology_field": "System Sourced", "intersection_area_sq_km": 5.6937140666114283 }, "geometry": { "type": "Polygon", "coordinates": [ [ [ -87.1325313, 37.483066899999983 ], [ -87.1458673, 37.482186 ], [ -87.150826099999989, 37.485694200000033 ], [ -87.1453544, 37.49507939999998 ], [ -87.1457726, 37.4991061 ], [ -87.1364851, 37.50658489999995 ], [ -87.1276298, 37.504049500000043 ], [ -87.125432600000011, 37.501729 ], [ -87.1201477, 37.501398 ], [ -87.1131185, 37.495290200000042 ], [ -87.1141336, 37.491759800000018 ], [ -87.11667820000001, 37.4898696 ], [ -87.1263775, 37.4880212 ], [ -87.128718, 37.485244 ], [ -87.135369, 37.485436 ], [ -87.1325313, 37.483066899999983 ] ] ] } },
{ "type": "Feature", "properties": { "state_po": "KY", "county_geoid": "21149", "pwsid": "KY0750529", "pws_name": "BEECH GROVE WATER SYSTEM", "population_served_count": 1461, "model_method": "", "verification_status": "", "symbology_field": "System Sourced", "intersection_area_sq_km": 76.427366143717819 }, "geometry": { "type": "Polygon", "coordinates": [ [ [ -87.4083542, 37.590017100000047 ], [ -87.403477, 37.603884599999986 ], [ -87.4031802, 37.611178599999974 ], [ -87.4114592, 37.6129117 ], [ -87.4154715, 37.611007 ], [ -87.4205358, 37.610983800000014 ], [ -87.4447217, 37.614090200000021 ], [ -87.446853600000011, 37.606929 ], [ -87.4517584, 37.605378600000016 ], [ -87.4550924, 37.608109 ], [ -87.4528021, 37.618476 ], [ -87.4556039, 37.6206337 ], [ -87.4656522, 37.6185532 ], [ -87.4683013, 37.6203336 ], [ -87.4686568, 37.62289989999995 ], [ -87.4788568, 37.62351890000005 ], [ -87.4819955, 37.626650399999988 ], [ -87.4803047, 37.629771099999978 ], [ -87.4750119, 37.630980099999952 ], [ -87.4554218, 37.628342200000027 ], [ -87.449161, 37.628915399999983 ], [ -87.4494475, 37.643583 ], [ -87.444143900000014, 37.6498295 ], [ -87.4402837, 37.651287800000013 ], [ -87.4366142, 37.649545899999978 ], [ -87.4362797, 37.646368799999983 ], [ -87.4402515, 37.64195339999997 ], [ -87.4399955, 37.640437699999978 ], [ -87.4371145, 37.640290399999984 ], [ -87.4288876, 37.653992500000022 ], [ -87.4177817, 37.661067300000035 ], [ -87.4128541, 37.660913500000028 ], [ -87.4072826, 37.657941099999952 ], [ -87.4041474, 37.6603291 ], [ -87.376008818067447, 37.669948066395762 ], [ -87.367348960135615, 37.666322212157716 ], [ -87.369171400000013, 37.664083399999974 ], [ -87.364991, 37.658057500000034 ], [ -87.360667636212199, 37.663524098379014 ], [ -87.352196908598032, 37.659975755727544 ], [ -87.3567268, 37.655076 ], [ -87.351322200000013, 37.652225400000034 ], [ -87.3483305, 37.653405699999986 ], [ -87.3450265, 37.652563799999974 ], [ -87.3438708, 37.648252900000024 ], [ -87.3359891, 37.644634500000016 ], [ -87.3261932, 37.634819 ], [ -87.3198848, 37.632496799999977 ], [ -87.3170514, 37.639146699999976 ], [ -87.3120251, 37.64043269999997 ], [ -87.3092522, 37.638435599999973 ], [ -87.3089832, 37.634644100000031 ], [ -87.3036666, 37.632279299999986 ], [ -87.301356, 37.629441499999956 ], [ -87.2913625, 37.627223399999949 ], [ -87.289033, 37.625179700000047 ], [ -87.288063, 37.619620700000013 ], [ -87.2915013, 37.616973 ], [ -87.2949133, 37.617466399999977 ], [ -87.301490199999989, 37.622177799999982 ], [ -87.3068653, 37.6192703 ], [ -87.3126791, 37.621029699999973 ], [ -87.3172912, 37.614050799999987 ], [ -87.3096873, 37.610012399999981 ], [ -87.3103208, 37.605183600000011 ], [ -87.321701, 37.598353300000014 ], [ -87.3282191, 37.597240100000022 ], [ -87.3311349, 37.592894699999988 ], [ -87.3314223, 37.590735300000041 ], [ -87.3244833, 37.5876462 ], [ -87.3114045, 37.5842385 ], [ -87.3098196, 37.581785100000047 ], [ -87.310878699999989, 37.579158399999969 ], [ -87.3142573, 37.577885400000063 ], [ -87.3211475, 37.579877 ], [ -87.3249762, 37.579253500000029 ], [ -87.3355074, 37.584300899999974 ], [ -87.3394283, 37.578218199999959 ], [ -87.3255875, 37.574741200000041 ], [ -87.3156034, 37.5769331 ], [ -87.304671, 37.576634899999959 ], [ -87.2871693, 37.5724758 ], [ -87.2857872, 37.568625 ], [ -87.2894599, 37.566145200000015 ], [ -87.311485, 37.5697622 ], [ -87.3018534, 37.5621403 ], [ -87.3017957, 37.5593821 ], [ -87.3044804, 37.557312499999966 ], [ -87.3084591, 37.557675900000028 ], [ -87.3155609, 37.56330940000003 ], [ -87.3247758, 37.5672627 ], [ -87.3397301, 37.5705507 ], [ -87.3465384, 37.563740700000011 ], [ -87.3510166, 37.5632091 ], [ -87.3538546, 37.566971300000034 ], [ -87.347811600000014, 37.573804700000011 ], [ -87.3489585, 37.575364 ], [ -87.3723472, 37.5826325 ], [ -87.3744427, 37.577534099999951 ], [ -87.378147171089893, 37.57540642180394 ], [ -87.38309237855249, 37.581177139607192 ], [ -87.3806978, 37.58543959999998 ], [ -87.3948233, 37.591922800000056 ], [ -87.397573799999989, 37.594831699999958 ], [ -87.399595000288002, 37.589253035084305 ], [ -87.4083542, 37.590017100000047 ] ], [ [ -87.394153, 37.6104743 ], [ -87.3942684, 37.608644899999973 ], [ -87.39184, 37.6088798 ], [ -87.3924776, 37.610414699999986 ], [ -87.394153, 37.6104743 ] ], [ [ -87.4183576, 37.618369099999981 ], [ -87.414142, 37.62005640000001 ], [ -87.4203243, 37.6219615 ], [ -87.4318347, 37.620555500000023 ], [ -87.4430865, 37.62193 ], [ -87.4402061, 37.620418399999977 ], [ -87.4183576, 37.618369099999981 ] ], [ [ -87.4020157, 37.622069700000026 ], [ -87.4000052, 37.62039289999997 ], [ -87.3993063, 37.6216163 ], [ -87.4020157, 37.622069700000026 ] ], [ [ -87.3886012, 37.622935599999963 ], [ -87.389527199999989, 37.620811299999986 ], [ -87.3827916, 37.621895599999981 ], [ -87.3886012, 37.622935599999963 ] ], [ [ -87.4329752, 37.627856100000074 ], [ -87.4190658, 37.6291005 ], [ -87.4206282, 37.636467099999983 ], [ -87.4165353, 37.6432431 ], [ -87.4129782, 37.645844500000038 ], [ -87.4113891, 37.651478300000043 ], [ -87.415117, 37.652966299999989 ], [ -87.4202103, 37.649937499999957 ], [ -87.4310529, 37.63467110000002 ], [ -87.4399382, 37.633015 ], [ -87.4399475, 37.6289882 ], [ -87.4329752, 37.627856100000074 ] ], [ [ -87.4101633, 37.6307207 ], [ -87.3962046, 37.6284509 ], [ -87.3914606, 37.63316589999998 ], [ -87.3911619, 37.637305199999972 ], [ -87.3962354, 37.637364699999978 ], [ -87.3999258, 37.639992299999975 ], [ -87.4022096, 37.649147300000052 ], [ -87.3985596, 37.65444950000002 ], [ -87.403811499999989, 37.647409700000033 ], [ -87.4047234, 37.6424513 ], [ -87.4115658, 37.6350832 ], [ -87.4101633, 37.6307207 ] ], [ [ -87.3797552, 37.639423099999988 ], [ -87.3764408, 37.640610499999973 ], [ -87.37325, 37.645456499999966 ], [ -87.3765681, 37.649341699999958 ], [ -87.3721792, 37.65366210000002 ], [ -87.3779887, 37.66226649999998 ], [ -87.3901943, 37.657619299999958 ], [ -87.3885552, 37.6509468 ], [ -87.3922067, 37.647646599999959 ], [ -87.3907461, 37.644885100000053 ], [ -87.3817218, 37.643801499999981 ], [ -87.3797552, 37.639423099999988 ] ], [ [ -87.3503711, 37.601418699999989 ], [ -87.3589504, 37.60285 ], [ -87.3682281, 37.5890822 ], [ -87.3468833, 37.582445700000015 ], [ -87.3354047, 37.601807499999978 ], [ -87.3453352, 37.605593399999968 ], [ -87.3503711, 37.601418699999989 ] ], [ [ -87.3753343, 37.59564360000001 ], [ -87.3680476, 37.6050442 ], [ -87.3836337, 37.609705 ], [ -87.38756, 37.607161199999972 ], [ -87.387275699999989, 37.6036817 ], [ -87.3909668, 37.601078199999968 ], [ -87.3892317, 37.5976452 ], [ -87.38288270000001, 37.5952582 ], [ -87.379333699999989, 37.5970527 ], [ -87.3753343, 37.59564360000001 ] ], [ [ -87.3298047, 37.6105939 ], [ -87.3389891, 37.615427299999958 ], [ -87.3411503, 37.611991499999945 ], [ -87.3313233, 37.60824490000001 ], [ -87.3298047, 37.6105939 ] ], [ [ -87.3800371, 37.622264299999976 ], [ -87.3494199, 37.614953500000013 ], [ -87.3486203, 37.616225 ], [ -87.3651548, 37.624045799999983 ], [ -87.375079900000017, 37.6265631 ], [ -87.375992599999989, 37.629448100000019 ], [ -87.3731802, 37.633614799999975 ], [ -87.382252600000015, 37.629157199999987 ], [ -87.3777745, 37.626453800000036 ], [ -87.3800371, 37.622264299999976 ] ], [ [ -87.334713, 37.621785600000017 ], [ -87.3255812, 37.616972299999979 ], [ -87.3205345, 37.624640499999977 ], [ -87.3301202, 37.62831869999998 ], [ -87.334713, 37.621785600000017 ] ], [ [ -87.364465, 37.63129 ], [ -87.3444704, 37.622633600000022 ], [ -87.336617, 37.63401870000002 ], [ -87.3418616, 37.639036100000034 ], [ -87.3527218, 37.6441736 ], [ -87.3596998, 37.6332283 ], [ -87.364465, 37.63129 ] ], [ [ -87.3628737, 37.6455778 ], [ -87.367455100000015, 37.638722499999972 ], [ -87.3609652, 37.6486297 ], [ -87.3628737, 37.6455778 ] ] ] } },
{ "type": "Feature", "properties": { "state_po": "KY", "county_geoid": "21149", "pwsid": "KY0750907", "pws_name": "SACRAMENTO WATER WORKS", "population_served_count": 2435, "model_method": "", "verification_status": "", "symbology_field": "System Sourced", "intersection_area_sq_km": 73.830963724085677 }, "geometry": { "type": "Polygon", "coordinates": [ [ [ -87.2666586, 37.388672099999965 ], [ -87.2611803, 37.393778699999984 ], [ -87.2636313, 37.399562099999983 ], [ -87.2711837, 37.396339200000014 ], [ -87.268265200000016, 37.3918711 ], [ -87.268664211113375, 37.388481203821129 ], [ -87.277584732209718, 37.389572535761346 ], [ -87.2883831, 37.406600100000055 ], [ -87.2921512, 37.4089681 ], [ -87.2944297, 37.415263 ], [ -87.2932512, 37.423713800000016 ], [ -87.3087927, 37.4291302 ], [ -87.3131482, 37.428130400000022 ], [ -87.3163309, 37.4304718 ], [ -87.335786900000016, 37.435512699999975 ], [ -87.3416142, 37.43462490000001 ], [ -87.3448157, 37.436152499999977 ], [ -87.3455485, 37.438848600000028 ], [ -87.3432217, 37.4413873 ], [ -87.3426789, 37.446465500000038 ], [ -87.3397341, 37.448675300000041 ], [ -87.3355869, 37.4493593 ], [ -87.334496, 37.455430700000029 ], [ -87.3296993, 37.457222899999984 ], [ -87.3326904, 37.459996400000044 ], [ -87.3319767, 37.463133500000048 ], [ -87.3284198, 37.464591800000044 ], [ -87.3243727, 37.463060899999967 ], [ -87.3209039, 37.465590899999981 ], [ -87.316874, 37.46587150000002 ], [ -87.32334, 37.466859300000031 ], [ -87.3311431, 37.471708900000024 ], [ -87.337148, 37.472944499999976 ], [ -87.354286, 37.4896659 ], [ -87.3524287, 37.49327660000003 ], [ -87.348274, 37.495714499999977 ], [ -87.343774599999989, 37.4944347 ], [ -87.3417563, 37.4892971 ], [ -87.3379248, 37.492538800000027 ], [ -87.337699, 37.496089300000015 ], [ -87.3416939, 37.498885500000029 ], [ -87.3423649, 37.5018121 ], [ -87.335787, 37.506884699999972 ], [ -87.331913899999989, 37.507373800000046 ], [ -87.3327537, 37.5106645 ], [ -87.33063, 37.513111800000011 ], [ -87.326106, 37.513172700000062 ], [ -87.3213479, 37.508766799999925 ], [ -87.319963199999989, 37.512476 ], [ -87.3163581, 37.514721200000011 ], [ -87.285833900000014, 37.5245143 ], [ -87.281312, 37.522356 ], [ -87.2824246, 37.5182517 ], [ -87.3122528, 37.5082854 ], [ -87.3128202, 37.502854700000029 ], [ -87.3277354, 37.493615099999971 ], [ -87.3097593, 37.49051689999996 ], [ -87.3077463, 37.493608099999953 ], [ -87.3038353, 37.494282100000021 ], [ -87.3006746, 37.492000800000028 ], [ -87.3011226, 37.488370799999977 ], [ -87.2973179, 37.4874388 ], [ -87.2919751, 37.488886799999989 ], [ -87.2868791, 37.49365029999997 ], [ -87.2813313, 37.49190380000001 ], [ -87.281148, 37.488932399999946 ], [ -87.2859825, 37.483220400000029 ], [ -87.2980094, 37.479607199999968 ], [ -87.305025700000016, 37.463189700000036 ], [ -87.296351, 37.460452200000027 ], [ -87.2888007, 37.462789100000052 ], [ -87.2822954, 37.4621909 ], [ -87.2796564, 37.460406299999988 ], [ -87.2793735, 37.457656899999982 ], [ -87.2816122, 37.455553299999984 ], [ -87.2882105, 37.455550600000031 ], [ -87.296740899999989, 37.4529318 ], [ -87.2954087, 37.450661400000023 ], [ -87.2962207, 37.445222799999968 ], [ -87.2921681, 37.4439219 ], [ -87.2906279, 37.440274100000046 ], [ -87.2828739, 37.4401865 ], [ -87.2805102, 37.4340845 ], [ -87.2785194, 37.438146 ], [ -87.2681767, 37.440854200000018 ], [ -87.2643861, 37.439301199999989 ], [ -87.2587308, 37.4306383 ], [ -87.2538337, 37.4342313 ], [ -87.2527114, 37.436033299999984 ], [ -87.2571495, 37.440639699999977 ], [ -87.2573022, 37.443704499999939 ], [ -87.2397231, 37.454052500000024 ], [ -87.2372542, 37.465293 ], [ -87.2377456, 37.467697099999974 ], [ -87.2411322, 37.469323099999976 ], [ -87.2508283, 37.46522609999996 ], [ -87.255963, 37.468081700000013 ], [ -87.2565954, 37.478734800000012 ], [ -87.2512393, 37.4813797 ], [ -87.2519942, 37.4878614 ], [ -87.2472882, 37.491629499999974 ], [ -87.2426606, 37.489250199999987 ], [ -87.2433923, 37.485603599999976 ], [ -87.2409946, 37.477660599999965 ], [ -87.2364084, 37.4754715 ], [ -87.2288556, 37.478095199999963 ], [ -87.2236543, 37.491848099999963 ], [ -87.2201811, 37.4929398 ], [ -87.2170523, 37.4917588 ], [ -87.215956100000014, 37.48869250000002 ], [ -87.2205644, 37.4749936 ], [ -87.2235686, 37.472141799999989 ], [ -87.2291879, 37.4701163 ], [ -87.2285815, 37.468124200000034 ], [ -87.2076686, 37.4629606 ], [ -87.1945728, 37.447557499999988 ], [ -87.1967579, 37.444173 ], [ -87.2005258, 37.443852800000052 ], [ -87.2600401, 37.417951300000013 ], [ -87.2566868, 37.412978500000044 ], [ -87.2469521, 37.413251299999978 ], [ -87.2354729, 37.411600400000012 ], [ -87.2327223, 37.406984600000015 ], [ -87.2332976, 37.4020835 ], [ -87.2282551, 37.401139700000016 ], [ -87.2258742, 37.39890010000002 ], [ -87.2212256, 37.40065220000001 ], [ -87.2176405, 37.399833600000015 ], [ -87.216365, 37.3957599 ], [ -87.2212362, 37.392705299999982 ], [ -87.2174972, 37.3892695 ], [ -87.212703499999989, 37.3914389 ], [ -87.2086947, 37.390291899999937 ], [ -87.2075323, 37.387693799999973 ], [ -87.2096857, 37.384800299999988 ], [ -87.20917, 37.382238 ], [ -87.210958, 37.38093 ], [ -87.211176, 37.382054 ], [ -87.213168, 37.380824 ], [ -87.218299960193619, 37.380954149780557 ], [ -87.2264637, 37.385864300000044 ], [ -87.233349, 37.3948248 ], [ -87.2374512, 37.3950388 ], [ -87.2425174, 37.3930165 ], [ -87.2376859, 37.389222700000019 ], [ -87.239513954915594, 37.385242533268446 ], [ -87.2666586, 37.388672099999965 ] ], [ [ -87.2799852, 37.427205099999981 ], [ -87.279135, 37.4267726 ], [ -87.2798274, 37.42860780000003 ], [ -87.2799852, 37.427205099999981 ] ], [ [ -87.3032458, 37.435017 ], [ -87.2891214, 37.430185200000018 ], [ -87.289672, 37.4329 ], [ -87.2966269, 37.432965100000018 ], [ -87.2993709, 37.4382604 ], [ -87.3048817, 37.4398702 ], [ -87.3053214, 37.4463433 ], [ -87.3084963, 37.448812400000044 ], [ -87.3032458, 37.435017 ] ], [ [ -87.3204613, 37.438310099999988 ], [ -87.3139175, 37.437469799999981 ], [ -87.3179113, 37.4462007 ], [ -87.3173026, 37.4584435 ], [ -87.3219479, 37.4518558 ], [ -87.3252735, 37.450259399999986 ], [ -87.3279662, 37.445391199999968 ], [ -87.3319499, 37.4425599 ], [ -87.3293521, 37.4410909 ], [ -87.3269277, 37.444761799999988 ], [ -87.3214265, 37.4449468 ], [ -87.3190112, 37.442679199999986 ], [ -87.3204613, 37.438310099999988 ] ], [ [ -87.307497500000011, 37.4562399 ], [ -87.308841300000012, 37.4537598 ], [ -87.3085125, 37.452614600000025 ], [ -87.307497500000011, 37.4562399 ] ], [ [ -87.3292452, 37.4801282 ], [ -87.3213949, 37.4742355 ], [ -87.317071, 37.4765262 ], [ -87.3102264, 37.4750818 ], [ -87.3065047, 37.4821289 ], [ -87.331862, 37.487183800000025 ], [ -87.3354372, 37.483922199999967 ], [ -87.3335364, 37.480449499999985 ], [ -87.3292452, 37.4801282 ] ], [ [ -87.329551099999989, 37.501768100000071 ], [ -87.3270423, 37.50316220000002 ], [ -87.3286869, 37.504274099999968 ], [ -87.3287973, 37.503039799999975 ], [ -87.329551099999989, 37.501768100000071 ] ], [ [ -87.245382, 37.4002604 ], [ -87.2426158, 37.401054199999976 ], [ -87.2417629, 37.405503599999953 ], [ -87.251561, 37.405119 ], [ -87.2514765, 37.403813 ], [ -87.2467514, 37.403027599999966 ], [ -87.245382, 37.4002604 ] ], [ [ -87.2679341, 37.408934499999972 ], [ -87.2776049, 37.4058652 ], [ -87.2754498, 37.402709799999982 ], [ -87.2665877, 37.4064395 ], [ -87.2679341, 37.408934499999972 ] ], [ [ -87.2825001, 37.412751 ], [ -87.2773725, 37.414745700000026 ], [ -87.2770706, 37.418622 ], [ -87.2783897, 37.4189184 ], [ -87.2840879, 37.413648 ], [ -87.2825001, 37.412751 ] ], [ [ -87.26913, 37.4309729 ], [ -87.2692943, 37.431017800000014 ], [ -87.2694087, 37.430950100000075 ], [ -87.26913, 37.4309729 ] ], [ [ -87.2399937, 37.445767699999969 ], [ -87.2444729, 37.432960500000014 ], [ -87.2244581, 37.441708299999988 ], [ -87.2282464, 37.442648 ], [ -87.2304968, 37.44533060000002 ], [ -87.2338451, 37.444555900000019 ], [ -87.2376901, 37.446404199999989 ], [ -87.2399937, 37.445767699999969 ] ], [ [ -87.218534, 37.4506701 ], [ -87.216481, 37.4451512 ], [ -87.2073768, 37.4490445 ], [ -87.2133168, 37.457136200000015 ], [ -87.2292924, 37.4609329 ], [ -87.2307181, 37.453391799999977 ], [ -87.2265628, 37.4533137 ], [ -87.2237272, 37.450548099999956 ], [ -87.218534, 37.4506701 ] ] ] } },
{ "type": "Feature", "properties": { "state_po": "KY", "county_geoid": "21149", "pwsid": "KY0753505", "pws_name": "MCLEAN COUNTY REGIONAL WATER COMMISSION", "population_served_count": 25, "model_method": "", "verification_status": "", "symbology_field": "System Sourced", "intersection_area_sq_km": 3.1009907949407274 }, "geometry": { "type": "Polygon", "coordinates": [ [ [ -87.2551554, 37.525759100000016 ], [ -87.2627735, 37.528697 ], [ -87.268319, 37.533910700000035 ], [ -87.2699507, 37.537888 ], [ -87.2699373, 37.544721700000046 ], [ -87.2663715, 37.551997200000038 ], [ -87.2633699, 37.553769099999947 ], [ -87.2594973, 37.55332819999996 ], [ -87.257473, 37.5508275 ], [ -87.2610834, 37.540509299999982 ], [ -87.2568471, 37.535443200000017 ], [ -87.2498676, 37.533012700000022 ], [ -87.2479096, 37.5307504 ], [ -87.2492953, 37.527319200000044 ], [ -87.2551554, 37.525759100000016 ] ] ] } },
{ "type": "Feature", "properties": { "state_po": "KY", "county_geoid": "21149", "pwsid": "KY1170388", "pws_name": "SEBREE WATER DEPARTMENT", "population_served_count": 1743, "model_method": "", "verification_status": "", "symbology_field": "System Sourced", "intersection_area_sq_km": 0.011932937258478375 }, "geometry": { "type": "Polygon", "coordinates": [ [ [ -87.497629805544292, 37.623941011752358 ], [ -87.4960089, 37.62250490000001 ], [ -87.495505624939156, 37.620940077246217 ], [ -87.497629805544292, 37.623941011752358 ] ] ] } },
{ "type": "Feature", "properties": { "state_po": "KY", "county_geoid": "21137", "pwsid": "KY0690089", "pws_name": "CRAB ORCHARD WATER DISTRICT", "population_served_count": 1488, "model_method": "", "verification_status": "", "symbology_field": "System Sourced", "intersection_area_sq_km": 17.938705007248409 }, "geometry": { "type": "MultiPolygon", "coordinates": [ [ [ [ -84.529095985998921, 37.532358843593968 ], [ -84.529286, 37.524413600000017 ], [ -84.5266011, 37.521419600000016 ], [ -84.5230096, 37.511266299999939 ], [ -84.5136391, 37.5058394 ], [ -84.5084359, 37.5046086 ], [ -84.5073398, 37.4960648 ], [ -84.5023472, 37.493598100000014 ], [ -84.5032889, 37.49007269999997 ], [ -84.5082921, 37.4882052 ], [ -84.5102792, 37.477769300000027 ], [ -84.5047256, 37.471782300000015 ], [ -84.4990747, 37.471239699999956 ], [ -84.4969087, 37.467633600000056 ], [ -84.4925384, 37.467750900000034 ], [ -84.4899852, 37.46483 ], [ -84.4926223, 37.460966100000014 ], [ -84.4991625, 37.460145299999972 ], [ -84.4952609, 37.457117700000026 ], [ -84.4969282, 37.451603 ], [ -84.5005134, 37.4507776 ], [ -84.5064647, 37.453926700000011 ], [ -84.5146363, 37.453854900000024 ], [ -84.513924, 37.4495047 ], [ -84.5176545, 37.447129 ], [ -84.5232392, 37.449259899999966 ], [ -84.525779700000015, 37.452448399999959 ], [ -84.5238672, 37.45780080000003 ], [ -84.5195847, 37.461506899999989 ], [ -84.5188309, 37.464935600000032 ], [ -84.5209519, 37.469545899999972 ], [ -84.5173143, 37.471910399999985 ], [ -84.5184887, 37.474724 ], [ -84.5228768, 37.47761270000003 ], [ -84.5230905, 37.48161570000002 ], [ -84.5210359, 37.483934099999956 ], [ -84.5330042, 37.479777200000015 ], [ -84.5362672, 37.480697800000023 ], [ -84.5377636, 37.483423399999964 ], [ -84.5359476, 37.4862643 ], [ -84.524936200000013, 37.4911454 ], [ -84.5170843, 37.4907921 ], [ -84.5174119, 37.497466699999983 ], [ -84.5285159, 37.498338899999979 ], [ -84.529966, 37.501534599999971 ], [ -84.5273352, 37.5048732 ], [ -84.5381947, 37.5020314 ], [ -84.5421869, 37.4982658 ], [ -84.5483203, 37.498705400000013 ], [ -84.5507599, 37.501492700000043 ], [ -84.5498208, 37.504148 ], [ -84.5440672, 37.508079599999974 ], [ -84.5320842, 37.511217 ], [ -84.5382743, 37.5234486 ], [ -84.5386406, 37.531358199999957 ], [ -84.536845030556762, 37.537592840902889 ], [ -84.529095985998921, 37.532358843593968 ] ] ], [ [ [ -84.5422918, 37.541212699999981 ], [ -84.544706, 37.542637800000016 ], [ -84.5626045, 37.536192299999939 ], [ -84.565939, 37.53694 ], [ -84.5676329, 37.539346299999977 ], [ -84.5656012, 37.543322299999971 ], [ -84.552709971155011, 37.548306648572819 ], [ -84.5422918, 37.541212699999981 ] ] ] ] } },
{ "type": "Feature", "properties": { "state_po": "KY", "county_geoid": "21233", "pwsid": "KY0510510", "pws_name": "HENDERSON WATER UTILITY/SOUTH", "population_served_count": 54, "model_method": "", "verification_status": "", "symbology_field": "System Sourced", "intersection_area_sq_km": 7.4950490580085667 }, "geometry": { "type": "Polygon", "coordinates": [ [ [ -87.48770720146922, 37.609967289630859 ], [ -87.5011878, 37.6069468 ], [ -87.5114786, 37.607564800000041 ], [ -87.5158223, 37.606039799999976 ], [ -87.5151436, 37.6022505 ], [ -87.5184549, 37.5998285 ], [ -87.5263165, 37.601926399999975 ], [ -87.53005730000001, 37.607332299999953 ], [ -87.5279456, 37.6179851 ], [ -87.5296094, 37.620705899999976 ], [ -87.5275525, 37.636685699999965 ], [ -87.528323300000011, 37.64380519999996 ], [ -87.532907388145446, 37.64585134385996 ], [ -87.495532445625329, 37.647228816231483 ], [ -87.499261144594684, 37.640747396391284 ], [ -87.5062801, 37.641411 ], [ -87.5117188, 37.6447677 ], [ -87.5194254, 37.645464 ], [ -87.5195168, 37.613592300000022 ], [ -87.5069822, 37.615564700000036 ], [ -87.502295, 37.614393499999956 ], [ -87.492042181821787, 37.616315218729895 ], [ -87.48770720146922, 37.609967289630859 ] ] ] } },
{ "type": "Feature", "properties": { "state_po": "KY", "county_geoid": "21233", "pwsid": "KY0750529", "pws_name": "BEECH GROVE WATER SYSTEM", "population_served_count": 1461, "model_method": "", "verification_status": "", "symbology_field": "System Sourced", "intersection_area_sq_km": 0.30120321851168746 }, "geometry": { "type": "MultiPolygon", "coordinates": [ [ [ [ -87.3785933, 37.575357099999984 ], [ -87.3828501, 37.577092599999965 ], [ -87.38309237855249, 37.581177139607192 ], [ -87.379997, 37.578429 ], [ -87.3785933, 37.575357099999984 ] ] ], [ [ [ -87.399595000288002, 37.589253035084305 ], [ -87.4046795, 37.587003899999964 ], [ -87.408249388883348, 37.58962270067066 ], [ -87.399595000288002, 37.589253035084305 ] ] ] ] } },
{ "type": "Feature", "properties": { "state_po": "KY", "county_geoid": "21233", "pwsid": "KY1170073", "pws_name": "CLAY WATER WORKS", "population_served_count": 1287, "model_method": "", "verification_status": "", "symbology_field": "System Sourced", "intersection_area_sq_km": 6.7728772665377273 }, "geometry": { "type": "Polygon", "coordinates": [ [ [ -87.823864, 37.460463299999986 ], [ -87.8276673, 37.461998100000045 ], [ -87.8291256, 37.466629800000021 ], [ -87.834275, 37.468512 ], [ -87.8346629, 37.471044399999975 ], [ -87.8326271, 37.473265 ], [ -87.8352741, 37.474758500000014 ], [ -87.8482426, 37.475490600000029 ], [ -87.8503203, 37.4782152 ], [ -87.8488728, 37.481187500000011 ], [ -87.84135, 37.483752700000046 ], [ -87.8372204, 37.48266 ], [ -87.8316931, 37.4834108 ], [ -87.8265875, 37.486510800000012 ], [ -87.8186663, 37.488126099999981 ], [ -87.808476, 37.483648599999945 ], [ -87.8046995, 37.4782263 ], [ -87.8049835, 37.4752599 ], [ -87.810475, 37.471283 ], [ -87.8113324, 37.4672889 ], [ -87.8198386, 37.465745900000016 ], [ -87.82015, 37.462131299999982 ], [ -87.823864, 37.460463299999986 ] ] ] } },
{ "type": "Feature", "properties": { "state_po": "KY", "county_geoid": "21233", "pwsid": "KY1170104", "pws_name": "DIXON WATER DEPARTMENT", "population_served_count": 1253, "model_method": "", "verification_status": "", "symbology_field": "System Sourced", "intersection_area_sq_km": 10.697448837384449 }, "geometry": { "type": "Polygon", "coordinates": [ [ [ -87.702452, 37.4794138 ], [ -87.7054569, 37.4802583 ], [ -87.7127438, 37.486734100000028 ], [ -87.7158632, 37.4931937 ], [ -87.7209749, 37.491385499999986 ], [ -87.7254527, 37.493189 ], [ -87.7255484, 37.496792500000019 ], [ -87.7215115, 37.498841400000032 ], [ -87.7322402, 37.516899800000019 ], [ -87.7291091, 37.519501900000016 ], [ -87.724708, 37.5186421 ], [ -87.717298900000017, 37.510637600000024 ], [ -87.7151479, 37.504526799999979 ], [ -87.7114296, 37.50890009999997 ], [ -87.7029431, 37.51128260000003 ], [ -87.699834, 37.513988399999974 ], [ -87.6992668, 37.5169429 ], [ -87.7098973, 37.520234100000032 ], [ -87.7094547, 37.5247936 ], [ -87.7034273, 37.525428699999956 ], [ -87.6997633, 37.528278 ], [ -87.6918075, 37.527207200000028 ], [ -87.6893133, 37.528971600000055 ], [ -87.6852005, 37.529034600000038 ], [ -87.6810586, 37.525838500000035 ], [ -87.6835842, 37.5216688 ], [ -87.6809068, 37.519319100000033 ], [ -87.6744428, 37.5183035 ], [ -87.6729616, 37.514684400000021 ], [ -87.6752708, 37.512346200000025 ], [ -87.6797118, 37.512046200000036 ], [ -87.6831229, 37.508984300000037 ], [ -87.6903801, 37.511133399999984 ], [ -87.6979731, 37.50521789999997 ], [ -87.7054138, 37.503301199999981 ], [ -87.7072924, 37.4962257 ], [ -87.7062051, 37.491934399999977 ], [ -87.697782, 37.4833771 ], [ -87.6990238, 37.480571499999968 ], [ -87.702452, 37.4794138 ] ] ] } },
{ "type": "Feature", "properties": { "state_po": "KY", "county_geoid": "21233", "pwsid": "KY1170388", "pws_name": "SEBREE WATER DEPARTMENT", "population_served_count": 1743, "model_method": "", "verification_status": "", "symbology_field": "System Sourced", "intersection_area_sq_km": 13.906541415596902 }, "geometry": { "type": "MultiPolygon", "coordinates": [ [ [ [ -87.4955319, 37.620447 ], [ -87.50553570000001, 37.61193709999997 ], [ -87.5160385, 37.60612260000002 ], [ -87.502070100000012, 37.598290400000025 ], [ -87.4985195, 37.600915500000021 ], [ -87.4941836, 37.600179299999972 ], [ -87.4926476, 37.596788599999989 ], [ -87.4958939, 37.5928237 ], [ -87.503636899999989, 37.5883383 ], [ -87.5188289, 37.59194509999994 ], [ -87.5210415, 37.588973 ], [ -87.5243723, 37.588208500000015 ], [ -87.5282641, 37.5905812 ], [ -87.5272313, 37.595195599999961 ], [ -87.5314085, 37.593146 ], [ -87.5355832, 37.588236300000013 ], [ -87.5413083, 37.588916399999967 ], [ -87.5423576, 37.592210199999968 ], [ -87.538341, 37.5992035 ], [ -87.5431561, 37.601268499999989 ], [ -87.5424532, 37.6054509 ], [ -87.5453326, 37.609322400000025 ], [ -87.5428591, 37.61216290000003 ], [ -87.538796, 37.612201300000031 ], [ -87.538817, 37.62250029999997 ], [ -87.5373663, 37.624762199999985 ], [ -87.5332093, 37.6255999 ], [ -87.5300444, 37.623341599999968 ], [ -87.5290598, 37.629291200000033 ], [ -87.5247239, 37.630757200000033 ], [ -87.5213571, 37.630094 ], [ -87.5197714, 37.624245799999954 ], [ -87.5229365, 37.6140416 ], [ -87.5184405, 37.613553 ], [ -87.5021527, 37.6244142 ], [ -87.497629805544292, 37.623941011752358 ], [ -87.4955319, 37.620447 ] ], [ [ -87.5269477, 37.595693399999988 ], [ -87.5257272, 37.598523799999988 ], [ -87.5270566, 37.599221599999986 ], [ -87.5274324, 37.59905250000002 ], [ -87.5269477, 37.595693399999988 ] ], [ [ -87.529771, 37.622275 ], [ -87.5297751, 37.6222832 ], [ -87.5297739, 37.622263899999972 ], [ -87.529771, 37.622275 ] ] ], [ [ [ -87.5202344, 37.6461386 ], [ -87.5187032, 37.639147899999983 ], [ -87.5219513, 37.636087399999965 ], [ -87.5259766, 37.636643099999986 ], [ -87.5277236, 37.640269599999968 ], [ -87.5316076, 37.640929700000022 ], [ -87.5337717, 37.6430857 ], [ -87.533379136209447, 37.645834525740874 ], [ -87.5202344, 37.6461386 ] ] ] ] } },
{ "type": "Feature", "properties": { "state_po": "KY", "county_geoid": "21233", "pwsid": "KY1170400", "pws_name": "SLAUGHTERS WATER WORKS", "population_served_count": 659, "model_method": "", "verification_status": "", "symbology_field": "System Sourced", "intersection_area_sq_km": 5.4966287872989055 }, "geometry": { "type": "Polygon", "coordinates": [ [ [ -87.5088871, 37.48442229999997 ], [ -87.5173085, 37.483692499999954 ], [ -87.5200559, 37.487920100000011 ], [ -87.5164268, 37.4916803 ], [ -87.5065755, 37.4925665 ], [ -87.5098488, 37.499624200000071 ], [ -87.5009715, 37.513627600000014 ], [ -87.4959569, 37.5149215 ], [ -87.4925604, 37.511666400000045 ], [ -87.4996552, 37.499744599999985 ], [ -87.497745, 37.496790600000018 ], [ -87.4930674, 37.502012099999966 ], [ -87.4900481, 37.509485200000015 ], [ -87.4869714, 37.510751200000016 ], [ -87.4839044, 37.510059399999975 ], [ -87.4820956, 37.5067556 ], [ -87.485824, 37.497604499999973 ], [ -87.48375992708317, 37.497555930035475 ], [ -87.497112, 37.487802 ], [ -87.5088871, 37.48442229999997 ] ] ] } },
{ "type": "Feature", "properties": { "state_po": "KY", "county_geoid": "21171", "pwsid": "KY0860141", "pws_name": "FOUNTAIN RUN WATER DISTRICT #1", "population_served_count": 1485, "model_method": "", "verification_status": "", "symbology_field": "System Sourced", "intersection_area_sq_km": 31.420903009665537 }, "geometry": { "type": "MultiPolygon", "coordinates": [ [ [ [ -85.958159672859694, 36.675741777969051 ], [ -85.9516252, 36.681276 ], [ -85.9576709, 36.688302500000013 ], [ -85.960854500000011, 36.6956519 ], [ -85.9589578, 36.6979489 ], [ -85.9538694, 36.698720499999986 ], [ -85.9503411, 36.701056300000019 ], [ -85.9488507, 36.7055619 ], [ -85.9458075, 36.707898800000017 ], [ -85.9443878, 36.711264200000038 ], [ -85.9463787, 36.718548699999964 ], [ -85.9518378, 36.718888699999987 ], [ -85.9576347, 36.716909099999974 ], [ -85.9551264, 36.708502 ], [ -85.9570235, 36.706205099999984 ], [ -85.960382, 36.70566089999997 ], [ -85.9633901, 36.707388199999976 ], [ -85.9672395, 36.7147694 ], [ -85.9729727, 36.714515799999973 ], [ -85.974612261903516, 36.710556673008519 ], [ -85.977442, 36.715877 ], [ -85.97691, 36.722722 ], [ -85.957033651159009, 36.734193591604949 ], [ -85.9565127, 36.7313743 ], [ -85.9593339, 36.7274627 ], [ -85.9498755, 36.725929200000024 ], [ -85.9478827, 36.7286978 ], [ -85.944932799999989, 36.729597200000043 ], [ -85.9405995, 36.726927499999952 ], [ -85.9348314, 36.726875300000025 ], [ -85.9350264, 36.735545199999969 ], [ -85.9403902, 36.738577 ], [ -85.941471299999989, 36.742280700000045 ], [ -85.932601442963986, 36.748353744440919 ], [ -85.931786, 36.74446420000001 ], [ -85.9265608, 36.745458400000025 ], [ -85.9231882, 36.743087099999975 ], [ -85.9235437, 36.740126 ], [ -85.926757099999989, 36.738313200000057 ], [ -85.9253653, 36.730796600000019 ], [ -85.9113484, 36.728835600000011 ], [ -85.908995, 36.724673599999925 ], [ -85.914458, 36.721359199999974 ], [ -85.920719, 36.723410600000015 ], [ -85.9255877, 36.723033699999974 ], [ -85.915995, 36.719949 ], [ -85.9131677, 36.7172428 ], [ -85.9135234, 36.714281699999979 ], [ -85.916238, 36.7125986 ], [ -85.9196777, 36.7129747 ], [ -85.9202553, 36.7071192 ], [ -85.9224067, 36.705262799999986 ], [ -85.925677, 36.7050414 ], [ -85.9275288, 36.6980398 ], [ -85.9308358, 36.697320700000027 ], [ -85.9338058, 36.698695299999954 ], [ -85.936411, 36.7069569 ], [ -85.9413567, 36.70154280000002 ], [ -85.9421204, 36.697576799999958 ], [ -85.9495911, 36.691532899999984 ], [ -85.944817700000016, 36.686813 ], [ -85.9280456, 36.6912893 ], [ -85.921251, 36.6897357 ], [ -85.9101142, 36.691552700000038 ], [ -85.8987573, 36.697299699999959 ], [ -85.8950064, 36.696279700000034 ], [ -85.8936944, 36.693489 ], [ -85.8987504, 36.689265900000017 ], [ -85.8980858, 36.6865672 ], [ -85.8999841, 36.684271199999976 ], [ -85.903342, 36.683728699999975 ], [ -85.906046300000014, 36.6850933 ], [ -85.9123069, 36.684024600000029 ], [ -85.9150245, 36.68049510000003 ], [ -85.9140383, 36.674763399999975 ], [ -85.9163761, 36.6724605 ], [ -85.9219069, 36.6734908 ], [ -85.9238032, 36.6827589 ], [ -85.9271792, 36.684074799999983 ], [ -85.9426472, 36.6797087 ], [ -85.9444483, 36.6761408 ], [ -85.9510487, 36.671332100000022 ], [ -85.9446799, 36.661993899999963 ], [ -85.9389403, 36.657082100000032 ], [ -85.9327924, 36.659407200000011 ], [ -85.9234879, 36.660427800000043 ], [ -85.918656500000012, 36.6575527 ], [ -85.9209894, 36.653384099999968 ], [ -85.9325481, 36.651855499999989 ], [ -85.931718, 36.648975 ], [ -85.933862499999989, 36.646553500000024 ], [ -85.9564505, 36.6439161 ], [ -85.9610332, 36.638466400000034 ], [ -85.9556718, 36.6330946 ], [ -85.9488664, 36.635035800000026 ], [ -85.938879899999989, 36.632340700000022 ], [ -85.936724, 36.6299261 ], [ -85.937623602604688, 36.626959862041701 ], [ -85.962863861918919, 36.628210077062455 ], [ -85.9658324, 36.6321629 ], [ -85.970195953140191, 36.632560137966671 ], [ -85.959388, 36.646866 ], [ -85.955303, 36.650361 ], [ -85.950661, 36.651023 ], [ -85.949403, 36.661645 ], [ -85.956088, 36.670529 ], [ -85.958159672859694, 36.675741777969051 ] ], [ [ -85.929438499999989, 36.711984099999981 ], [ -85.9292097, 36.712174399999988 ], [ -85.929141300000012, 36.712799300000015 ], [ -85.929438499999989, 36.711984099999981 ] ], [ [ -85.9281126, 36.7160068 ], [ -85.928035799999989, 36.716098699999961 ], [ -85.9280825, 36.716109499999988 ], [ -85.9281126, 36.7160068 ] ], [ [ -85.936911, 36.717375100000019 ], [ -85.9367545, 36.7187913 ], [ -85.9372309, 36.718921300000034 ], [ -85.9371118, 36.7184391 ], [ -85.936911, 36.717375100000019 ] ] ], [ [ [ -85.9715521, 36.7064367 ], [ -85.9659664, 36.706270499999981 ], [ -85.962696, 36.70393879999996 ], [ -85.9639627, 36.699785099999986 ], [ -85.9613289, 36.6947995 ], [ -85.9640733, 36.691700399999981 ], [ -85.9715521, 36.7064367 ] ] ] ] } },
{ "type": "Feature", "properties": { "state_po": "KY", "county_geoid": "21171", "pwsid": "KY0860426", "pws_name": "TOMPKINSVILLE WATER WORKS", "population_served_count": 2404, "model_method": "", "verification_status": "", "symbology_field": "System Sourced", "intersection_area_sq_km": 17.608165785846751 }, "geometry": { "type": "Polygon", "coordinates": [ [ [ -85.7040329, 36.674227 ], [ -85.7118245, 36.6782026 ], [ -85.7096989, 36.688381700000015 ], [ -85.7152216, 36.693294499999944 ], [ -85.716231, 36.698948400000027 ], [ -85.7057755, 36.705306 ], [ -85.7097548, 36.709515900000042 ], [ -85.7090154, 36.7136622 ], [ -85.7059418, 36.714881099999978 ], [ -85.694435, 36.714790900000011 ], [ -85.6964737, 36.718324 ], [ -85.6930748, 36.726442599999984 ], [ -85.6883939, 36.7305804 ], [ -85.6812988, 36.730835 ], [ -85.675179, 36.7231162 ], [ -85.6764844, 36.720306499999957 ], [ -85.6801366, 36.719142599999984 ], [ -85.680325, 36.71473449999997 ], [ -85.6766193, 36.7148982 ], [ -85.6750981, 36.717362500000021 ], [ -85.6718527, 36.718247099999971 ], [ -85.6662353, 36.7141934 ], [ -85.6683414, 36.708435900000012 ], [ -85.6757888, 36.703239599999968 ], [ -85.659142, 36.696232799999983 ], [ -85.6542687, 36.696179100000016 ], [ -85.6518208, 36.6941015 ], [ -85.6513945, 36.6909369 ], [ -85.6589826, 36.68722419999996 ], [ -85.6657656, 36.691355700000017 ], [ -85.6784465, 36.691594 ], [ -85.6832448, 36.6941132 ], [ -85.6886232, 36.6917166 ], [ -85.6922023, 36.6939774 ], [ -85.6953636, 36.690772799999976 ], [ -85.6897553, 36.691385499999981 ], [ -85.6866053, 36.6898099 ], [ -85.6873175, 36.683831100000035 ], [ -85.6852942, 36.681856499999967 ], [ -85.685522, 36.679094699999986 ], [ -85.6889526, 36.677117299999985 ], [ -85.6954238, 36.676498400000021 ], [ -85.6982626, 36.677523699999981 ], [ -85.7040329, 36.674227 ] ] ] } },
{ "type": "Feature", "properties": { "state_po": "KY", "county_geoid": "21091", "pwsid": "IN5262002", "pws_name": "CANNELTON UTILITIES", "population_served_count": 1658, "model_method": "Random Forest", "verification_status": "", "symbology_field": "Modeled", "intersection_area_sq_km": 0.0012784948707925676 }, "geometry": { "type": "MultiPolygon", "coordinates": [ [ [ [ -86.7190731, 37.892999200000013 ], [ -86.720339622410734, 37.892887384637866 ], [ -86.7186789411832, 37.893095778464989 ], [ -86.7190731, 37.892999200000013 ] ] ], [ [ [ -86.716857202179497, 37.893779013341977 ], [ -86.7174411, 37.89351120000002 ], [ -86.718032747366053, 37.893298474198083 ], [ -86.716857202179497, 37.893779013341977 ] ] ] ] } },
{ "type": "Feature", "properties": { "state_po": "KY", "county_geoid": "21091", "pwsid": "KY0140079", "pws_name": "CLOVERPORT WATER & SEWER SYSTEM", "population_served_count": 1560, "model_method": "", "verification_status": "", "symbology_field": "System Sourced", "intersection_area_sq_km": 0.25548377496512542 }, "geometry": { "type": "Polygon", "coordinates": [ [ [ -86.666564799999989, 37.83407 ], [ -86.6666595, 37.839233599999986 ], [ -86.6635551, 37.8404779 ], [ -86.6602506, 37.839616799999988 ], [ -86.659209373542524, 37.838584803557389 ], [ -86.666088, 37.835803 ], [ -86.666564799999989, 37.83407 ] ] ] } },
{ "type": "Feature", "properties": { "state_po": "KY", "county_geoid": "21091", "pwsid": "KY0460182", "pws_name": "HAWESVILLE WATER WORKS", "population_served_count": 3225, "model_method": "", "verification_status": "", "symbology_field": "System Sourced", "intersection_area_sq_km": 70.94659923711464 }, "geometry": { "type": "Polygon", "coordinates": [ [ [ -86.6709465, 37.8188128 ], [ -86.6712868, 37.82046320000002 ], [ -86.6761696, 37.822556500000019 ], [ -86.6784519, 37.8208271 ], [ -86.6756454, 37.8181556 ], [ -86.6746353, 37.81192529999997 ], [ -86.6765838, 37.809383500000017 ], [ -86.6805625, 37.808936 ], [ -86.6833017, 37.810832099999985 ], [ -86.6877525, 37.8186669 ], [ -86.6940029, 37.8214845 ], [ -86.6968456, 37.820706199999989 ], [ -86.6994331, 37.8163593 ], [ -86.7052904, 37.81662229999997 ], [ -86.7068516, 37.819858799999984 ], [ -86.7041032, 37.825928200000014 ], [ -86.7145371, 37.8275952 ], [ -86.7259643, 37.833058699999981 ], [ -86.7359268, 37.8336994 ], [ -86.7427087, 37.839751600000021 ], [ -86.747159599999989, 37.840554 ], [ -86.7547122, 37.838531100000026 ], [ -86.7581571, 37.839504100000042 ], [ -86.7598735, 37.844690199999967 ], [ -86.7549802, 37.862380200000025 ], [ -86.75512, 37.867704199999977 ], [ -86.751545299999989, 37.8718625 ], [ -86.7571474, 37.874524199999982 ], [ -86.762661, 37.86831 ], [ -86.7723983, 37.86795689999996 ], [ -86.769634, 37.8593803 ], [ -86.7727741, 37.854013 ], [ -86.7707942, 37.849926100000012 ], [ -86.7722921, 37.846967499999984 ], [ -86.7773406, 37.845935800000056 ], [ -86.781347, 37.849465199999983 ], [ -86.7891064, 37.848148299999984 ], [ -86.792540699999989, 37.849345799999988 ], [ -86.7926198, 37.854124500000012 ], [ -86.7864893, 37.85593860000003 ], [ -86.7846037, 37.86016479999995 ], [ -86.7794585, 37.861325699999973 ], [ -86.782489, 37.871232500000012 ], [ -86.7764979, 37.8774798 ], [ -86.7751435, 37.8829174 ], [ -86.7700428, 37.887650799999953 ], [ -86.7678436, 37.89244129999998 ], [ -86.7728378, 37.888662900000021 ], [ -86.7765692, 37.888338799999929 ], [ -86.779704099999989, 37.891727 ], [ -86.7766412, 37.8958497 ], [ -86.7879821, 37.896555199999987 ], [ -86.7949298, 37.899666100000026 ], [ -86.8054072, 37.901144599999988 ], [ -86.8071591, 37.906612900000042 ], [ -86.8123968, 37.911057800000023 ], [ -86.8123936, 37.917892 ], [ -86.8135228, 37.919168499999977 ], [ -86.8184181, 37.918164899999987 ], [ -86.8222827, 37.9205871 ], [ -86.8203114, 37.927777099999979 ], [ -86.8245236, 37.939051 ], [ -86.8318229, 37.94945179999997 ], [ -86.840530199999989, 37.9579842 ], [ -86.8438793, 37.957635500000016 ], [ -86.846507699999989, 37.9590901 ], [ -86.8457941, 37.963809099999985 ], [ -86.8364505, 37.966015800000015 ], [ -86.8296315, 37.958901100000027 ], [ -86.8263246, 37.9587782 ], [ -86.8191331, 37.9552955 ], [ -86.818194, 37.9517689 ], [ -86.8217782, 37.948512299999983 ], [ -86.8162823, 37.9424443 ], [ -86.812696699999989, 37.9320019 ], [ -86.8110684, 37.93185589999996 ], [ -86.8134157, 37.940612399999978 ], [ -86.8124149, 37.945679399999989 ], [ -86.8023688, 37.953045 ], [ -86.8011964, 37.962183 ], [ -86.7965779, 37.963808199999974 ], [ -86.7932025, 37.963124100000037 ], [ -86.7913813, 37.960280700000027 ], [ -86.7933292, 37.957285400000018 ], [ -86.7933893, 37.950192800000011 ], [ -86.8043313, 37.941706699999969 ], [ -86.8013966, 37.930561 ], [ -86.7976736, 37.927748200000032 ], [ -86.7983146, 37.925036799999951 ], [ -86.8009451, 37.923514200000021 ], [ -86.798629, 37.919931 ], [ -86.7943485, 37.921466 ], [ -86.78787, 37.919284499999989 ], [ -86.7819059, 37.925514399999955 ], [ -86.7886424, 37.930464699999973 ], [ -86.7932592, 37.931083799999946 ], [ -86.7948152, 37.934250399999975 ], [ -86.7933357, 37.936502900000022 ], [ -86.7840069, 37.941765299999972 ], [ -86.7792016, 37.9416828 ], [ -86.7770485, 37.9378191 ], [ -86.7809018, 37.934688699999974 ], [ -86.7777079, 37.933661899999983 ], [ -86.7755594, 37.930683199999976 ], [ -86.7692123, 37.92999839999996 ], [ -86.7672521, 37.927026799999979 ], [ -86.7683484, 37.924640900000014 ], [ -86.7773157, 37.919205300000016 ], [ -86.7797499, 37.915995099999982 ], [ -86.767717499999989, 37.9110361 ], [ -86.7655163, 37.9173883 ], [ -86.75975050000001, 37.917893 ], [ -86.7568434, 37.9126034 ], [ -86.7413144, 37.902646 ], [ -86.7349416, 37.8948283 ], [ -86.7203047, 37.8875895 ], [ -86.7172303, 37.889082 ], [ -86.7138591, 37.88839559999996 ], [ -86.7065226, 37.879904799999984 ], [ -86.7047266, 37.875093200000038 ], [ -86.6931288, 37.869539900000028 ], [ -86.6819023, 37.860968700000015 ], [ -86.6736219, 37.8577027 ], [ -86.6733458, 37.862659300000011 ], [ -86.6671496, 37.874750300000017 ], [ -86.666125100000016, 37.884720199999983 ], [ -86.6736812, 37.88021449999998 ], [ -86.6771844, 37.881781100000012 ], [ -86.6777491, 37.884937600000022 ], [ -86.6734561, 37.889759399999939 ], [ -86.668700199999989, 37.892213100000021 ], [ -86.6588822, 37.890226099999985 ], [ -86.6566226, 37.879145500000014 ], [ -86.664405699999989, 37.860886300000033 ], [ -86.6649746, 37.853191099999961 ], [ -86.6570658, 37.8407811 ], [ -86.658603, 37.83883 ], [ -86.665833362664188, 37.835905989222155 ], [ -86.6724903, 37.849110400000043 ], [ -86.6884732, 37.8553187 ], [ -86.6969602, 37.862702800000044 ], [ -86.6984962, 37.8594492 ], [ -86.6934611, 37.840746900000021 ], [ -86.6952107, 37.829720399999971 ], [ -86.6851215, 37.825781499999984 ], [ -86.6799164, 37.829729300000011 ], [ -86.6718829, 37.8294211 ], [ -86.668383740067114, 37.827435475680929 ], [ -86.6709465, 37.8188128 ] ], [ [ -86.7321018, 37.849215099999959 ], [ -86.7391852, 37.8516691 ], [ -86.7354889, 37.848367 ], [ -86.7351854, 37.844404900000015 ], [ -86.7315768, 37.840950500000034 ], [ -86.7229992, 37.83817339999996 ], [ -86.7321018, 37.849215099999959 ] ], [ [ -86.7484186, 37.851402399999969 ], [ -86.749779, 37.847459199999989 ], [ -86.7471325, 37.8479563 ], [ -86.7484186, 37.851402399999969 ] ], [ [ -86.7044738, 37.833673899999972 ], [ -86.7024653, 37.839400700000041 ], [ -86.7076211, 37.858972799999954 ], [ -86.7057078, 37.866667300000017 ], [ -86.7124713, 37.870341199999942 ], [ -86.7150567, 37.877171600000032 ], [ -86.7214272, 37.878087299999983 ], [ -86.7251514, 37.8811166 ], [ -86.7273768, 37.879307799999985 ], [ -86.7231189, 37.878121700000023 ], [ -86.7215305, 37.875416 ], [ -86.7235117, 37.8724027 ], [ -86.7275605, 37.871936899999959 ], [ -86.724461, 37.861304400000037 ], [ -86.72505, 37.854168 ], [ -86.721835, 37.8490429 ], [ -86.7158534, 37.8441114 ], [ -86.7129515, 37.8358579 ], [ -86.711037499999989, 37.834341499999987 ], [ -86.7044738, 37.833673899999972 ] ], [ [ -86.7346463, 37.857914800000025 ], [ -86.7343628, 37.866181499999982 ], [ -86.7382241, 37.872341700000035 ], [ -86.7419198, 37.874085099999988 ], [ -86.7440899, 37.867534399999982 ], [ -86.7423186, 37.8649467 ], [ -86.743583199999989, 37.8621685 ], [ -86.7346463, 37.857914800000025 ] ], [ [ -86.7581547, 37.8916228 ], [ -86.7622063, 37.883942099999977 ], [ -86.7667812, 37.8799375 ], [ -86.7676246, 37.8754428 ], [ -86.7661705, 37.875530500000018 ], [ -86.7644401, 37.880511399999961 ], [ -86.7605038, 37.8832575 ], [ -86.7570994, 37.883179399999975 ], [ -86.7514415, 37.8801903 ], [ -86.7581547, 37.8916228 ] ], [ [ -86.7434434, 37.8901957 ], [ -86.7354842, 37.8831542 ], [ -86.7335696, 37.884705900000014 ], [ -86.7434434, 37.8901957 ] ], [ [ -86.7899474, 37.905697300000014 ], [ -86.784844, 37.909103199999983 ], [ -86.7977354, 37.914867799999953 ], [ -86.7995235, 37.918181499999939 ], [ -86.803883, 37.913741099999974 ], [ -86.7998276, 37.910996299999979 ], [ -86.7976241, 37.906955900000021 ], [ -86.7899474, 37.905697300000014 ] ] ] } },
{ "type": "Feature", "properties": { "state_po": "KY", "county_geoid": "21091", "pwsid": "KY0460248", "pws_name": "LEWISPORT MUNICIPAL WATER WORKS", "population_served_count": 3249, "model_method": "", "verification_status": "", "symbology_field": "System Sourced", "intersection_area_sq_km": 53.082989678621004 }, "geometry": { "type": "Polygon", "coordinates": [ [ [ -86.9213118, 37.905657400000024 ], [ -86.9268067, 37.910315 ], [ -86.9313677, 37.9218821 ], [ -86.944287, 37.919635199999988 ], [ -86.945562099999989, 37.9178088 ], [ -86.9400809, 37.912468800000021 ], [ -86.9395797, 37.909564699999969 ], [ -86.9492782, 37.904263 ], [ -86.9537505, 37.90492049999996 ], [ -86.9618519, 37.912939700000031 ], [ -86.9683232, 37.9072561 ], [ -86.9722232, 37.90804090000001 ], [ -86.9737864, 37.911205100000011 ], [ -86.9640931, 37.922114899999968 ], [ -86.9598045, 37.92204780000003 ], [ -86.9560163, 37.918707899999987 ], [ -86.9526533, 37.924904200000022 ], [ -86.9465543, 37.926636599999959 ], [ -86.9470166, 37.9296978 ], [ -86.9446713, 37.9320214 ], [ -86.9401273, 37.931831699999989 ], [ -86.9373235, 37.92820059999994 ], [ -86.9271715, 37.93020660000002 ], [ -86.9255247, 37.934516700000039 ], [ -86.9071403, 37.940261799999988 ], [ -86.8800365, 37.9573205 ], [ -86.8763754, 37.957682299999988 ], [ -86.8709749, 37.955261800000024 ], [ -86.8695748, 37.959326599999969 ], [ -86.846379, 37.974113 ], [ -86.8464538, 37.9766597 ], [ -86.8517698, 37.9828523 ], [ -86.8496376, 37.986696800000033 ], [ -86.844585099999989, 37.986481899999966 ], [ -86.838622199999989, 37.980396199999987 ], [ -86.8276161, 37.984083600000019 ], [ -86.817063, 37.991922600000045 ], [ -86.8112703, 37.9911787 ], [ -86.8071472, 37.9872309 ], [ -86.807365100000013, 37.98404750000001 ], [ -86.8112824, 37.982210200000047 ], [ -86.8151552, 37.983856899999985 ], [ -86.819514400000017, 37.9789269 ], [ -86.8088087, 37.971109099999985 ], [ -86.8096848, 37.9665892 ], [ -86.8152112, 37.966252399999973 ], [ -86.8223829, 37.970404 ], [ -86.8284663, 37.976232499999988 ], [ -86.83729, 37.972885800000014 ], [ -86.8398257, 37.969076 ], [ -86.8577712, 37.957628 ], [ -86.8534886, 37.955052 ], [ -86.847011, 37.957178699999972 ], [ -86.8437548, 37.9546604 ], [ -86.8448761, 37.951150800000043 ], [ -86.8588961, 37.94182319999998 ], [ -86.8498423, 37.93307 ], [ -86.8519775, 37.939318200000017 ], [ -86.8499997, 37.942333600000026 ], [ -86.8446992, 37.942245600000014 ], [ -86.8417999, 37.937706899999952 ], [ -86.8320295, 37.942601799999977 ], [ -86.8280338, 37.9393007 ], [ -86.8312544, 37.935251199999982 ], [ -86.8188552, 37.929643199999958 ], [ -86.8186657, 37.9262485 ], [ -86.8221237, 37.924237799999972 ], [ -86.8348907, 37.92860249999994 ], [ -86.8416426, 37.927408400000019 ], [ -86.8315049, 37.925877400000026 ], [ -86.825549, 37.920603499999977 ], [ -86.8259648, 37.916811300000042 ], [ -86.8307325, 37.915480299999984 ], [ -86.8368281, 37.919916799999982 ], [ -86.8457072, 37.920425 ], [ -86.8489153, 37.9219215 ], [ -86.8542177, 37.919853799999963 ], [ -86.859094399999989, 37.9233406 ], [ -86.8762328, 37.9228572 ], [ -86.8794155, 37.920988900000012 ], [ -86.8848176, 37.921232100000033 ], [ -86.879433400000011, 37.91994990000007 ], [ -86.8769837, 37.9171664 ], [ -86.870743499999989, 37.917621899999986 ], [ -86.8570075, 37.9127791 ], [ -86.8530089, 37.9017596 ], [ -86.8541021, 37.899372799999959 ], [ -86.8572058, 37.898123600000019 ], [ -86.8605152, 37.898979200000021 ], [ -86.8634522, 37.90240469999997 ], [ -86.8645471, 37.907509300000051 ], [ -86.8741489, 37.9099849 ], [ -86.8807234, 37.909643 ], [ -86.8817053, 37.903527899999972 ], [ -86.880109499999989, 37.898688699999973 ], [ -86.8826425, 37.896492899999977 ], [ -86.8863958, 37.896554099999982 ], [ -86.8906511, 37.901815700000043 ], [ -86.8897906, 37.91024149999997 ], [ -86.8912866, 37.9122365 ], [ -86.8920289, 37.911147500000027 ], [ -86.8978172, 37.899319900000016 ], [ -86.8902765, 37.8926948 ], [ -86.8889005, 37.8880232 ], [ -86.8784599, 37.8767125 ], [ -86.8821796, 37.8669045 ], [ -86.8921293, 37.864294699999988 ], [ -86.9042126, 37.8678389 ], [ -86.904857377800226, 37.868726262883271 ], [ -86.901561, 37.870124 ], [ -86.901094423167478, 37.873826584440117 ], [ -86.8921528, 37.872079300000017 ], [ -86.8899188, 37.873065599999983 ], [ -86.8893129, 37.875576499999987 ], [ -86.89691711383486, 37.875583141483496 ], [ -86.893616, 37.882037 ], [ -86.896857679398963, 37.8824251855524 ], [ -86.899563, 37.890443799999929 ], [ -86.9055709, 37.884321700000022 ], [ -86.909708, 37.886003 ], [ -86.910545, 37.8901 ], [ -86.908239, 37.890073 ], [ -86.908301857686709, 37.893721669559412 ], [ -86.9061054, 37.8955224 ], [ -86.9074853, 37.899375200000023 ], [ -86.9036913, 37.9077027 ], [ -86.907767299999989, 37.9107004 ], [ -86.9163237, 37.905275399999965 ], [ -86.9213118, 37.905657400000024 ] ], [ [ -86.9135051, 37.920049 ], [ -86.9181663, 37.922801699999972 ], [ -86.9225054, 37.9236948 ], [ -86.9192311, 37.9152691 ], [ -86.917153, 37.914156 ], [ -86.912335, 37.9174165 ], [ -86.9135051, 37.920049 ] ], [ [ -86.9049799, 37.922583 ], [ -86.9049445, 37.9224927 ], [ -86.9049882, 37.922729799999971 ], [ -86.9049799, 37.922583 ] ], [ [ -86.907404, 37.927075 ], [ -86.9065224, 37.926263700000035 ], [ -86.9078475, 37.929192 ], [ -86.907404, 37.927075 ] ], [ [ -86.9083303, 37.930304 ], [ -86.9081892, 37.929974199999982 ], [ -86.908264, 37.9303286 ], [ -86.9083303, 37.930304 ] ], [ [ -86.8657873, 37.937114200000018 ], [ -86.874580600000016, 37.93009320000003 ], [ -86.8637332, 37.935168800000028 ], [ -86.8657873, 37.937114200000018 ] ], [ [ -86.885562, 37.935267099999983 ], [ -86.8813924, 37.935060899999989 ], [ -86.8667871, 37.9460401 ], [ -86.8772187, 37.9494919 ], [ -86.8891704, 37.9414453 ], [ -86.885562, 37.935267099999983 ] ] ] } },
{ "type": "Feature", "properties": { "state_po": "KY", "county_geoid": "21145", "pwsid": "IL1270050", "pws_name": "BROOKPORT", "population_served_count": 730, "model_method": "Random Forest", "verification_status": "", "symbology_field": "Modeled", "intersection_area_sq_km": 2.8613434422010109e-05 }, "geometry": { "type": "Polygon", "coordinates": [ [ [ -88.6308356, 37.120952899999978 ], [ -88.630891582319819, 37.12101487032178 ], [ -88.630794325212889, 37.121010832052008 ], [ -88.6308356, 37.120952899999978 ] ] ] } },
{ "type": "Feature", "properties": { "state_po": "KY", "county_geoid": "21145", "pwsid": "KY0730522", "pws_name": "LOCUST VALLEY MOBILE EST", "population_served_count": 94, "model_method": "Random Forest", "verification_status": "", "symbology_field": "Modeled", "intersection_area_sq_km": 0.22063635501239695 }, "geometry": { "type": "MultiPolygon", "coordinates": [ [ [ [ -88.7506517, 37.0596559 ], [ -88.7478177, 37.064055900000042 ], [ -88.7458487, 37.063597899999984 ], [ -88.745469700000015, 37.065741899999985 ], [ -88.7440007, 37.065495899999974 ], [ -88.7477917, 37.0597319 ], [ -88.7506517, 37.0596559 ] ] ], [ [ [ -88.7383717, 37.0721799 ], [ -88.743391699999989, 37.07294190000006 ], [ -88.7435539, 37.07383040000002 ], [ -88.740537, 37.074148 ], [ -88.7383717, 37.0721799 ] ] ] ] } },
{ "type": "Feature", "properties": { "state_po": "KY", "county_geoid": "21145", "pwsid": "KY0040223", "pws_name": "KEVIL WATER DEPARTMENT", "population_served_count": 1782, "model_method": "", "verification_status": "", "symbology_field": "System Sourced", "intersection_area_sq_km": 4.6167523869222489 }, "geometry": { "type": "Polygon", "coordinates": [ [ [ -88.8812877, 37.105243 ], [ -88.8777926, 37.105497599999978 ], [ -88.8742593, 37.110237399999953 ], [ -88.8700164, 37.110239899999954 ], [ -88.8676629, 37.1066224 ], [ -88.8710751, 37.099621699999979 ], [ -88.8655694, 37.099838 ], [ -88.8629972, 37.097193499999968 ], [ -88.8545381, 37.094075299999986 ], [ -88.8541226, 37.091558 ], [ -88.8561268, 37.0893148 ], [ -88.8649561, 37.090089 ], [ -88.865740699999989, 37.088320599999967 ], [ -88.8616968, 37.08508879999998 ], [ -88.8649376, 37.079506499999972 ], [ -88.8597865, 37.078232600000021 ], [ -88.8577795, 37.075991200000047 ], [ -88.8603007, 37.071888600000023 ], [ -88.867304087765021, 37.072522025077177 ], [ -88.8812877, 37.105243 ] ] ] } },
{ "type": "Feature", "properties": { "state_po": "KY", "county_geoid": "21117", "pwsid": "KY0960348", "pws_name": "PENDLETON CO WATER DISTRICT #1 / NORTH", "population_served_count": 1485, "model_method": "", "verification_status": "", "symbology_field": "System Sourced", "intersection_area_sq_km": 2.5106822674219611 }, "geometry": { "type": "MultiPolygon", "coordinates": [ [ [ [ -84.5162915, 38.794181399999985 ], [ -84.5133222, 38.7960375 ], [ -84.4841708, 38.801025700000018 ], [ -84.418469384248837, 38.810140602423118 ], [ -84.420869, 38.808202 ], [ -84.418491, 38.805904 ], [ -84.5162915, 38.794181399999985 ] ] ], [ [ [ -84.4220861, 38.824087400000053 ], [ -84.4233993, 38.8246554 ], [ -84.428600115744104, 38.828209067379902 ], [ -84.424744, 38.826532 ], [ -84.4220861, 38.824087400000053 ] ] ] ] } },
{ "type": "Feature", "properties": { "state_po": "KY", "county_geoid": "21037", "pwsid": "KY0960348", "pws_name": "PENDLETON CO WATER DISTRICT #1 / NORTH", "population_served_count": 1485, "model_method": "", "verification_status": "", "symbology_field": "System Sourced", "intersection_area_sq_km": 27.878865716221341 }, "geometry": { "type": "Polygon", "coordinates": [ [ [ -84.4306607, 38.8296198 ], [ -84.4321329, 38.832815599999989 ], [ -84.4287717, 38.83656509999998 ], [ -84.4276528, 38.8431479 ], [ -84.418784699999989, 38.848709700000072 ], [ -84.420104, 38.854536 ], [ -84.4226707, 38.857358100000013 ], [ -84.4194711, 38.8649153 ], [ -84.4210692, 38.8690396 ], [ -84.4150127, 38.876590399999969 ], [ -84.4115251, 38.87777880000003 ], [ -84.4023604, 38.8738162 ], [ -84.3985531, 38.8694009 ], [ -84.394124, 38.868854 ], [ -84.382236, 38.8735894 ], [ -84.3765238, 38.8717921 ], [ -84.3706702, 38.8650529 ], [ -84.3743263, 38.859266500000018 ], [ -84.371371599999989, 38.852129299999987 ], [ -84.361525, 38.8413456 ], [ -84.35007, 38.836865099999962 ], [ -84.3479579, 38.829816 ], [ -84.348530583873057, 38.827951258906218 ], [ -84.387389, 38.812323 ], [ -84.392782, 38.81284 ], [ -84.405205, 38.8064 ], [ -84.410287, 38.805792 ], [ -84.418176, 38.80662 ], [ -84.420869, 38.808202 ], [ -84.420206, 38.809647 ], [ -84.4071114, 38.809691699999966 ], [ -84.3960525, 38.8155546 ], [ -84.3873383, 38.816355399999956 ], [ -84.3740272, 38.8217074 ], [ -84.3745636, 38.822770800000022 ], [ -84.3839471, 38.819442599999988 ], [ -84.3881533, 38.822616 ], [ -84.3861212, 38.8275914 ], [ -84.3801602, 38.8284974 ], [ -84.3750934, 38.83135749999996 ], [ -84.381967800000012, 38.838692799999976 ], [ -84.3850894, 38.839206699999963 ], [ -84.3890012, 38.838945199999976 ], [ -84.3903591, 38.8340081 ], [ -84.3937798, 38.832276099999973 ], [ -84.405280499999989, 38.832448099999986 ], [ -84.4083662, 38.8367479 ], [ -84.4121032, 38.8275228 ], [ -84.4194149, 38.823989199999986 ], [ -84.42168425164158, 38.823993436753476 ], [ -84.4306607, 38.8296198 ] ], [ [ -84.35898250000001, 38.826114600000025 ], [ -84.357952, 38.8286528 ], [ -84.3610477, 38.828949899999976 ], [ -84.3611517, 38.8275282 ], [ -84.35898250000001, 38.826114600000025 ] ], [ [ -84.389222100000012, 38.850948100000018 ], [ -84.3888526, 38.853017499999957 ], [ -84.3954612, 38.855643700000037 ], [ -84.3966203, 38.8531115 ], [ -84.389222100000012, 38.850948100000018 ] ] ] } },
{ "type": "Feature", "properties": { "state_po": "KY", "county_geoid": "21041", "pwsid": "KY0210419", "pws_name": "WEST CARROLL WATER DISTRICT- HENRY CO #2", "population_served_count": 116, "model_method": "Random Forest", "verification_status": "", "symbology_field": "Modeled", "intersection_area_sq_km": 25.842659003996072 }, "geometry": { "type": "Polygon", "coordinates": [ [ [ -85.2306778, 38.622337399999978 ], [ -85.2249478, 38.6270284 ], [ -85.2237538, 38.633206400000049 ], [ -85.2199658, 38.638270400000017 ], [ -85.2077588, 38.636307399999971 ], [ -85.1861027, 38.63594639999998 ], [ -85.1858607, 38.639486400000017 ], [ -85.1768867, 38.648743399999987 ], [ -85.175578, 38.647047 ], [ -85.168224, 38.645442 ], [ -85.161908, 38.646778 ], [ -85.152736, 38.64554 ], [ -85.1456687, 38.643188400000021 ], [ -85.1412767, 38.6391874 ], [ -85.1594907, 38.637760400000012 ], [ -85.149082, 38.627378400000026 ], [ -85.1554707, 38.623398399999971 ], [ -85.1678037, 38.6101344 ], [ -85.1728327, 38.602261400000025 ], [ -85.1747417, 38.594329399999985 ], [ -85.1830107, 38.595598399999972 ], [ -85.1843867, 38.597280400000038 ], [ -85.1927697, 38.597900399999979 ], [ -85.1946267, 38.599669400000025 ], [ -85.1961077, 38.598033399999935 ], [ -85.214202006683408, 38.60267758623359 ], [ -85.219533789912532, 38.607354883188947 ], [ -85.2210238, 38.6121714 ], [ -85.230258785532214, 38.617822876931754 ], [ -85.2306778, 38.622337399999978 ] ] ] } },
{ "type": "Feature", "properties": { "state_po": "KY", "county_geoid": "21041", "pwsid": "KY0210637", "pws_name": "WEST CARROLL WATER DISTRICT - MILTON", "population_served_count": 86, "model_method": "", "verification_status": "", "symbology_field": "System Sourced", "intersection_area_sq_km": 13.304822885014262 }, "geometry": { "type": "MultiPolygon", "coordinates": [ [ [ [ -85.126715, 38.626531300000032 ], [ -85.1300469, 38.6279508 ], [ -85.1308834, 38.630851800000016 ], [ -85.1283873, 38.634297899999957 ], [ -85.1244551, 38.635102299999971 ], [ -85.1215448, 38.6335547 ], [ -85.1208821, 38.630846299999973 ], [ -85.1231576, 38.627560299999978 ], [ -85.126715, 38.626531300000032 ] ] ], [ [ [ -85.332152811902404, 38.73334444904259 ], [ -85.2952812, 38.7394918 ], [ -85.282588, 38.7390181 ], [ -85.2702571, 38.7367692 ], [ -85.2573867, 38.730815899999968 ], [ -85.2492907, 38.721944 ], [ -85.2401285, 38.7166124 ], [ -85.2395532, 38.713037399999976 ], [ -85.2420556, 38.711098 ], [ -85.2458488, 38.711211500000026 ], [ -85.2622141, 38.721242500000017 ], [ -85.2632074, 38.725127200000053 ], [ -85.267330199999989, 38.727698799999963 ], [ -85.2752814, 38.7304839 ], [ -85.287449099999989, 38.732138 ], [ -85.287486800000011, 38.716293399999984 ], [ -85.2846459, 38.713028399999985 ], [ -85.2811112, 38.713395200000015 ], [ -85.2747728, 38.710728099999976 ], [ -85.2735829, 38.7066353 ], [ -85.2760843, 38.704695199999982 ], [ -85.2841462, 38.703546800000019 ], [ -85.2884042, 38.70144 ], [ -85.303213819979973, 38.699922099037643 ], [ -85.307507131378699, 38.704135366605158 ], [ -85.306215, 38.706079 ], [ -85.2922856, 38.708240599999968 ], [ -85.2980261, 38.7182994 ], [ -85.2967483, 38.732223900000022 ], [ -85.3036669, 38.731589 ], [ -85.3014132, 38.722761 ], [ -85.303383, 38.720475299999983 ], [ -85.3068388, 38.719950200000014 ], [ -85.3099142, 38.721694 ], [ -85.3120215, 38.728104 ], [ -85.3145833, 38.729865100000026 ], [ -85.329861733644606, 38.726361794853005 ], [ -85.332152811902404, 38.73334444904259 ] ] ] ] } },
{ "type": "Feature", "properties": { "state_po": "KY", "county_geoid": "21023", "pwsid": "KY0120013", "pws_name": "AUGUSTA REGIONAL WTP", "population_served_count": 1690, "model_method": "", "verification_status": "", "symbology_field": "System Sourced", "intersection_area_sq_km": 4.6635297152531852 }, "geometry": { "type": "Polygon", "coordinates": [ [ [ -84.0184347, 38.776440700000023 ], [ -83.9923748, 38.7798339 ], [ -83.9893126, 38.778393800000011 ], [ -83.9882007, 38.775630600000056 ], [ -83.9815135, 38.775942 ], [ -83.9795916, 38.77244670000006 ], [ -83.9842898, 38.7687859 ], [ -83.9841865, 38.765727200000029 ], [ -83.9872974, 38.763671300000013 ], [ -84.0016978, 38.76743189999997 ], [ -84.0160431, 38.7658716 ], [ -84.0190605, 38.7672946 ], [ -84.0218563, 38.7723063 ], [ -84.0212689, 38.774802700000038 ], [ -84.0184347, 38.776440700000023 ] ] ] } },
{ "type": "Feature", "properties": { "state_po": "KY", "county_geoid": "21023", "pwsid": "KY0120044", "pws_name": "BROOKSVILLE UTILITY", "population_served_count": 977, "model_method": "", "verification_status": "", "symbology_field": "System Sourced", "intersection_area_sq_km": 3.6339959587255315 }, "geometry": { "type": "Polygon", "coordinates": [ [ [ -84.0681189, 38.672239500000011 ], [ -84.0750966, 38.673187099999957 ], [ -84.0775573, 38.675983500000015 ], [ -84.0749128, 38.681371199999951 ], [ -84.0772008, 38.684374600000019 ], [ -84.0754692, 38.690357 ], [ -84.071568500000012, 38.692942299999963 ], [ -84.0577916, 38.688294900000024 ], [ -84.0560878, 38.6858819 ], [ -84.0569182, 38.683380799999988 ], [ -84.0529703, 38.682426799999959 ], [ -84.0512147, 38.679920700000025 ], [ -84.0542105, 38.676058200000014 ], [ -84.0613275, 38.675795200000017 ], [ -84.0681189, 38.672239500000011 ] ] ] } },
{ "type": "Feature", "properties": { "state_po": "KY", "county_geoid": "21023", "pwsid": "KY0810460", "pws_name": "WESTERN MASON CO WATER DISTRICT", "population_served_count": 2994, "model_method": "", "verification_status": "", "symbology_field": "System Sourced", "intersection_area_sq_km": 12.650318954972885 }, "geometry": { "type": "MultiPolygon", "coordinates": [ [ [ [ -83.9724447, 38.63504 ], [ -83.9755073, 38.637110699999972 ], [ -83.97471, 38.630413700000013 ], [ -83.9763247, 38.627963900000026 ], [ -83.9796747, 38.627127100000017 ], [ -83.9827979, 38.628393599999981 ], [ -83.9864519, 38.640953199999956 ], [ -83.9815384, 38.643302199999965 ], [ -83.9717507, 38.652015599999963 ], [ -83.979483, 38.654774400000022 ], [ -83.9808308, 38.659536899999978 ], [ -83.9765319, 38.6616977 ], [ -83.9687852, 38.6592347 ], [ -83.958208508843754, 38.662570318620567 ], [ -83.966435954622824, 38.645941813234167 ], [ -83.9696192, 38.643373700000033 ], [ -83.96832115797686, 38.642031648266851 ], [ -83.9724447, 38.63504 ] ] ], [ [ [ -83.9466261, 38.686231299999982 ], [ -83.9502186, 38.696664200000022 ], [ -83.9486015, 38.699113600000032 ], [ -83.9452478, 38.699949500000031 ], [ -83.9421222, 38.6986821 ], [ -83.941015180413103, 38.696198571566228 ], [ -83.9466261, 38.686231299999982 ] ] ], [ [ [ -83.9346524, 38.709061799999979 ], [ -83.9386277, 38.713875800000018 ], [ -83.943534, 38.713052199999979 ], [ -83.9468722, 38.714873899999986 ], [ -83.9464395, 38.7188632 ], [ -83.9406162, 38.7209926 ], [ -83.9515482, 38.7320726 ], [ -83.9496825, 38.7351393 ], [ -83.944997, 38.736072900000032 ], [ -83.9362429, 38.7282103 ], [ -83.9343414, 38.731594900000033 ], [ -83.9388388, 38.734615399999981 ], [ -83.9414434, 38.740367600000042 ], [ -83.9402471, 38.7429614 ], [ -83.9370593, 38.7441329 ], [ -83.9324116, 38.742270900000044 ], [ -83.930991, 38.7385986 ], [ -83.9266209, 38.736848700000039 ], [ -83.9247811, 38.732971200000037 ], [ -83.9253111, 38.728819599999973 ], [ -83.9303882, 38.721869699999971 ], [ -83.929088137998235, 38.71934807094155 ], [ -83.9346524, 38.709061799999979 ] ] ], [ [ [ -83.917268518785448, 38.742273503411063 ], [ -83.919822400000015, 38.7450244 ], [ -83.9256868, 38.745347899999985 ], [ -83.9340726, 38.749115 ], [ -83.9358082, 38.752892499999987 ], [ -83.9353261, 38.757829900000047 ], [ -83.9396785, 38.761145899999981 ], [ -83.9376303, 38.764814399999985 ], [ -83.9338709, 38.765241700000011 ], [ -83.9275376, 38.762484200000038 ], [ -83.9262923, 38.753981599999975 ], [ -83.913217, 38.750784599999989 ], [ -83.917268518785448, 38.742273503411063 ] ] ], [ [ [ -83.909814239510581, 38.756723926370739 ], [ -83.9093096, 38.75860609999998 ], [ -83.908326584332613, 38.759607069881298 ], [ -83.909814239510581, 38.756723926370739 ] ] ] ] } },
{ "type": "Feature", "properties": { "state_po": "KY", "county_geoid": "21083", "pwsid": "KY0200284", "pws_name": "MILBURN WATER DISTRICT", "population_served_count": 500, "model_method": "", "verification_status": "", "symbology_field": "System Sourced", "intersection_area_sq_km": 0.50551468756992257 }, "geometry": { "type": "Polygon", "coordinates": [ [ [ -88.5372686, 36.668232099999983 ], [ -88.5404699, 36.669211 ], [ -88.541874299999989, 36.671726799999973 ], [ -88.5406463, 36.674341900000016 ], [ -88.5375231, 36.675473199999985 ], [ -88.5343216, 36.674494099999976 ], [ -88.5329174, 36.6719783 ], [ -88.5341456, 36.669363299999986 ], [ -88.5372686, 36.668232099999983 ] ] ] } },
{ "type": "Feature", "properties": { "state_po": "KY", "county_geoid": "21083", "pwsid": "KY0420027", "pws_name": "GRAVES CO WATER DIST - FANCY FARM", "population_served_count": 1301, "model_method": "", "verification_status": "", "symbology_field": "System Sourced", "intersection_area_sq_km": 23.086809020684324 }, "geometry": { "type": "Polygon", "coordinates": [ [ [ -88.8130805, 36.8122614 ], [ -88.8006145, 36.806604 ], [ -88.7972306, 36.809891899999968 ], [ -88.7923346, 36.808940099999965 ], [ -88.7907275, 36.8133223 ], [ -88.7926945, 36.825145100000022 ], [ -88.7889355, 36.828374 ], [ -88.784122, 36.82630470000003 ], [ -88.7821974, 36.816081599999976 ], [ -88.7639393, 36.816245 ], [ -88.7622578, 36.820534500000043 ], [ -88.7568026, 36.820676 ], [ -88.7549918, 36.815497899999983 ], [ -88.7442286, 36.8123105 ], [ -88.7448117, 36.807580900000048 ], [ -88.748023, 36.806610800000044 ], [ -88.7601748, 36.809125599999973 ], [ -88.782986, 36.808880499999972 ], [ -88.7850431, 36.80345089999998 ], [ -88.7840141, 36.799476700000028 ], [ -88.7722303, 36.793762400000034 ], [ -88.7664355, 36.793837400000015 ], [ -88.764717, 36.787491399999986 ], [ -88.7549738, 36.777912899999976 ], [ -88.7498544, 36.775724 ], [ -88.7412524, 36.772300599999987 ], [ -88.7379463, 36.776048800000027 ], [ -88.730731, 36.777164699999965 ], [ -88.7277429, 36.776346599999989 ], [ -88.726129, 36.773912700000011 ], [ -88.7263917, 36.7662508 ], [ -88.7230988, 36.7635396 ], [ -88.7238232, 36.76062230000003 ], [ -88.7276124, 36.759122 ], [ -88.735046, 36.761199799999936 ], [ -88.7362102, 36.757761699999953 ], [ -88.7401129, 36.756463600000032 ], [ -88.7439581, 36.75900619999998 ], [ -88.7435034, 36.765005099999946 ], [ -88.7512972, 36.7682792 ], [ -88.7579152, 36.764011699999983 ], [ -88.7621293, 36.7642355 ], [ -88.7641243, 36.768115299999984 ], [ -88.7599844, 36.771927499999968 ], [ -88.7752162, 36.785757099999984 ], [ -88.7778496, 36.782457499999971 ], [ -88.7827616, 36.783110800000017 ], [ -88.7877213, 36.7917092 ], [ -88.7897986, 36.7711065 ], [ -88.7849303, 36.770192699999974 ], [ -88.783358299999989, 36.766762 ], [ -88.7871043, 36.763787800000017 ], [ -88.7871581, 36.759789799999986 ], [ -88.789712, 36.756042099999966 ], [ -88.7925423, 36.75491940000002 ], [ -88.7955902, 36.7555768 ], [ -88.7974577, 36.7583886 ], [ -88.7958877, 36.761760500000022 ], [ -88.7978343, 36.763906499999976 ], [ -88.8086727, 36.764239100000019 ], [ -88.8120183, 36.766930500000051 ], [ -88.8116099, 36.769624 ], [ -88.8092372, 36.771298300000026 ], [ -88.7987567, 36.7712585 ], [ -88.7988266, 36.7783908 ], [ -88.8041425, 36.778385199999974 ], [ -88.8068519, 36.780712099999981 ], [ -88.8063692, 36.7836616 ], [ -88.803577, 36.7852691 ], [ -88.8030285, 36.7938265 ], [ -88.805971, 36.796217 ], [ -88.805519300000014, 36.8005068 ], [ -88.8087244, 36.802162200000026 ], [ -88.813154859006872, 36.799795782120604 ], [ -88.8130805, 36.8122614 ] ] ] } },
{ "type": "Feature", "properties": { "state_po": "KY", "county_geoid": "21083", "pwsid": "KY0420172", "pws_name": "GRAVES CO WATER DIST - HARDEMAN", "population_served_count": 1006, "model_method": "", "verification_status": "", "symbology_field": "System Sourced", "intersection_area_sq_km": 18.049359755350238 }, "geometry": { "type": "Polygon", "coordinates": [ [ [ -88.6248163, 36.741067699999967 ], [ -88.6286147, 36.742976700000014 ], [ -88.6284598, 36.746578699999986 ], [ -88.6144093, 36.755361500000028 ], [ -88.6158067, 36.767789600000029 ], [ -88.6143751, 36.7735605 ], [ -88.6173776, 36.78065950000002 ], [ -88.6172225, 36.788088199999976 ], [ -88.614873, 36.790097700000011 ], [ -88.6114449, 36.790182300000019 ], [ -88.6088349, 36.788074400000021 ], [ -88.6085174, 36.784369599999962 ], [ -88.6034449, 36.784824200000038 ], [ -88.600375900000017, 36.782775699999974 ], [ -88.6000356, 36.785710300000012 ], [ -88.6055929, 36.7929812 ], [ -88.6039498, 36.795646600000047 ], [ -88.599815300000017, 36.796554 ], [ -88.5997992, 36.7997411 ], [ -88.6065099, 36.800140100000014 ], [ -88.6088093, 36.8039097 ], [ -88.6062298, 36.8066011 ], [ -88.5996731, 36.806950500000021 ], [ -88.5986909, 36.81252939999996 ], [ -88.5936928, 36.8139266 ], [ -88.590518, 36.810813300000028 ], [ -88.5910988, 36.784504799999972 ], [ -88.581479, 36.784745199999982 ], [ -88.577805, 36.786451499999977 ], [ -88.5740207, 36.784941199999984 ], [ -88.5735589, 36.78 ], [ -88.5778716, 36.777840500000018 ], [ -88.5780995, 36.768364800000036 ], [ -88.5730735, 36.767025700000012 ], [ -88.572162, 36.763290600000026 ], [ -88.5815295, 36.7577893 ], [ -88.5954503, 36.756024599999961 ], [ -88.5932785, 36.750292300000027 ], [ -88.5963611, 36.7469949 ], [ -88.5942214, 36.7437951 ], [ -88.5965947, 36.740738700000023 ], [ -88.6084732, 36.740265 ], [ -88.6137249, 36.74682 ], [ -88.6248163, 36.741067699999967 ] ], [ [ -88.6004476, 36.747527199999958 ], [ -88.6044688, 36.752341099999974 ], [ -88.6056305, 36.7516176 ], [ -88.603415, 36.747530499999975 ], [ -88.6004476, 36.747527199999958 ] ], [ [ -88.6032957, 36.7615873 ], [ -88.6010306, 36.762253100000052 ], [ -88.6035182, 36.766209 ], [ -88.6006066, 36.769460099999989 ], [ -88.6004169, 36.7791627 ], [ -88.605966099999989, 36.7765635 ], [ -88.6067433, 36.765489100000011 ], [ -88.6032957, 36.7615873 ] ], [ [ -88.5881269, 36.7646598 ], [ -88.586697, 36.777333699999978 ], [ -88.5914897, 36.7772927 ], [ -88.5916868, 36.7673936 ], [ -88.5881269, 36.7646598 ] ] ] } },
{ "type": "Feature", "properties": { "state_po": "KY", "county_geoid": "21083", "pwsid": "KY0420405", "pws_name": "GRAVES CO WATER DIST - SOUTH GRAVES", "population_served_count": 1844, "model_method": "", "verification_status": "", "symbology_field": "System Sourced", "intersection_area_sq_km": 83.765968898233709 }, "geometry": { "type": "Polygon", "coordinates": [ [ [ -88.8164155, 36.580115400000018 ], [ -88.8116033, 36.576917799999933 ], [ -88.8090254, 36.58188970000004 ], [ -88.8014157, 36.588113099999966 ], [ -88.7975945, 36.5961794 ], [ -88.7955904, 36.608897 ], [ -88.7920651, 36.61045729999995 ], [ -88.785584, 36.6102732 ], [ -88.7836201, 36.6147699 ], [ -88.769418, 36.623880099999958 ], [ -88.759482, 36.6340312 ], [ -88.7530661, 36.6478909 ], [ -88.7426814, 36.663296399999979 ], [ -88.7640002, 36.66100559999996 ], [ -88.7749013, 36.6624705 ], [ -88.7774319, 36.664059800000018 ], [ -88.7793896, 36.66283360000002 ], [ -88.7758781, 36.661276299999983 ], [ -88.7752348, 36.6581307 ], [ -88.7802449, 36.6556221 ], [ -88.7957607, 36.65888710000003 ], [ -88.7976329, 36.667095099999983 ], [ -88.7966196, 36.669499300000012 ], [ -88.7915851, 36.6705856 ], [ -88.78767, 36.6667774 ], [ -88.7636149, 36.681389400000043 ], [ -88.7482351, 36.685659199999918 ], [ -88.7306735, 36.687112 ], [ -88.7283145, 36.689883300000027 ], [ -88.7202769, 36.69398230000003 ], [ -88.718407, 36.697044100000028 ], [ -88.7131262, 36.6969987 ], [ -88.7113436, 36.699222399999947 ], [ -88.7047508, 36.701606900000037 ], [ -88.6961463, 36.6989701 ], [ -88.6951917, 36.694279900000012 ], [ -88.7044649, 36.6913025 ], [ -88.7057905, 36.6865157 ], [ -88.7010836, 36.6826759 ], [ -88.6999566, 36.6792304 ], [ -88.6929989, 36.674187 ], [ -88.6884453, 36.665247700000016 ], [ -88.6818843, 36.659426399999987 ], [ -88.6753804, 36.641416399999983 ], [ -88.6671347, 36.641204500000043 ], [ -88.664699, 36.643744 ], [ -88.6600792, 36.644282100000012 ], [ -88.6547634, 36.643314400000023 ], [ -88.6526797, 36.640604400000015 ], [ -88.6540791, 36.637622499999978 ], [ -88.660609799999989, 36.634848600000026 ], [ -88.6739552, 36.6341824 ], [ -88.6680982, 36.626203199999964 ], [ -88.6653507, 36.6167617 ], [ -88.6604762, 36.6085625 ], [ -88.6514056, 36.6081484 ], [ -88.648482, 36.6063335 ], [ -88.6482469, 36.603364699999972 ], [ -88.6508601, 36.601264700000016 ], [ -88.6673103, 36.6005994 ], [ -88.670617, 36.601919 ], [ -88.6715668, 36.604793599999972 ], [ -88.6694233, 36.6086161 ], [ -88.67355, 36.6137232 ], [ -88.6763876, 36.623460799999989 ], [ -88.6826278, 36.6319505 ], [ -88.6828481, 36.615348 ], [ -88.6863868, 36.609063600000013 ], [ -88.6822596, 36.606051299999983 ], [ -88.6822991, 36.586472200000031 ], [ -88.676371, 36.586382400000019 ], [ -88.6735974, 36.583824700000015 ], [ -88.6736295, 36.559431899999986 ], [ -88.6334179, 36.563618400000017 ], [ -88.6298011, 36.560875499999973 ], [ -88.6309702, 36.554783400000019 ], [ -88.637738399999989, 36.553682700000017 ], [ -88.6411904, 36.55551150000003 ], [ -88.6647999, 36.553016099999958 ], [ -88.6660089, 36.550497199999988 ], [ -88.6688333, 36.54937749999997 ], [ -88.6718717, 36.55003819999996 ], [ -88.6736204, 36.552167500000017 ], [ -88.7076034, 36.5489915 ], [ -88.7178886, 36.543486899999976 ], [ -88.7388584, 36.5418415 ], [ -88.7907315, 36.546219699999973 ], [ -88.810422, 36.555361700000013 ], [ -88.816990747735431, 36.563132313378695 ], [ -88.8164155, 36.580115400000018 ] ], [ [ -88.6824421, 36.579253100000017 ], [ -88.7011788, 36.5795095 ], [ -88.7013587, 36.568726199999979 ], [ -88.7052757, 36.5659614 ], [ -88.7099858, 36.5685058 ], [ -88.7101036, 36.5775685 ], [ -88.7163481, 36.56970620000002 ], [ -88.7197728, 36.559553 ], [ -88.7197087, 36.551163500000023 ], [ -88.709513199999989, 36.5560651 ], [ -88.6825718, 36.558484700000015 ], [ -88.6824421, 36.579253100000017 ] ], [ [ -88.7058506, 36.586834299999971 ], [ -88.691238399999989, 36.5864382 ], [ -88.6911719, 36.601632199999983 ], [ -88.7058506, 36.586834299999971 ] ], [ [ -88.7155782, 36.683046399999952 ], [ -88.7223153, 36.684431100000033 ], [ -88.7239302, 36.677671 ], [ -88.7332464, 36.66495569999995 ], [ -88.7349779, 36.657954600000011 ], [ -88.7444216, 36.645714799999986 ], [ -88.7446476, 36.6425576 ], [ -88.750495199999989, 36.6344402 ], [ -88.7507358, 36.6310739 ], [ -88.7650712, 36.616869400000041 ], [ -88.752920500000016, 36.617062300000036 ], [ -88.7499036, 36.615760699999981 ], [ -88.7499963, 36.602896799999989 ], [ -88.7534845, 36.60139550000001 ], [ -88.7568925, 36.602535399999979 ], [ -88.7579545, 36.60962 ], [ -88.7642022, 36.608469199999938 ], [ -88.7764835, 36.6099192 ], [ -88.7795242, 36.603591900000033 ], [ -88.788299400000014, 36.603167499999962 ], [ -88.7887854, 36.594342599999976 ], [ -88.7964863, 36.580745900000011 ], [ -88.8025014, 36.5767114 ], [ -88.8004025, 36.5694184 ], [ -88.8055078, 36.562734399999989 ], [ -88.7916853, 36.553970900000031 ], [ -88.7876661, 36.555091 ], [ -88.7842151, 36.552807099999974 ], [ -88.760987899999989, 36.550261 ], [ -88.7393341, 36.549042600000014 ], [ -88.7286152, 36.550017900000036 ], [ -88.7276715, 36.563560100000061 ], [ -88.7351448, 36.5653686 ], [ -88.7383361, 36.569456299999942 ], [ -88.7397068, 36.589069199999983 ], [ -88.7437781, 36.592501499999962 ], [ -88.7429778, 36.599085699999968 ], [ -88.7398375, 36.6018753 ], [ -88.7392071, 36.6076956 ], [ -88.7348749, 36.61002569999998 ], [ -88.7306703, 36.6072394 ], [ -88.730629, 36.599898899999971 ], [ -88.7345933, 36.595007299999978 ], [ -88.7309291, 36.591971500000035 ], [ -88.730738, 36.573839 ], [ -88.7278964, 36.5707726 ], [ -88.7249688, 36.571734499999955 ], [ -88.7188043, 36.579219599999945 ], [ -88.7171106, 36.5860804 ], [ -88.6987823, 36.6054345 ], [ -88.6917585, 36.61636110000002 ], [ -88.6915831, 36.630933400000025 ], [ -88.7101547, 36.63137720000001 ], [ -88.7102192, 36.628126199999983 ], [ -88.7025916, 36.627589199999967 ], [ -88.6999912, 36.6246573 ], [ -88.7004209, 36.6063245 ], [ -88.7034042, 36.603924500000012 ], [ -88.7077565, 36.604746599999984 ], [ -88.7091653, 36.607260299999979 ], [ -88.7089648, 36.6208651 ], [ -88.7138493, 36.616363399999933 ], [ -88.7172249, 36.616815300000013 ], [ -88.71914, 36.6188311 ], [ -88.7198335, 36.637004499999989 ], [ -88.7160336, 36.63890480000002 ], [ -88.6910752, 36.638138399999974 ], [ -88.688594, 36.640504199999967 ], [ -88.6842969, 36.640579 ], [ -88.687737, 36.6467123 ], [ -88.6886624, 36.654035500000042 ], [ -88.6937451, 36.6593819 ], [ -88.7049157, 36.654592299999933 ], [ -88.7064719, 36.651456200000013 ], [ -88.7104713, 36.64997 ], [ -88.7139459, 36.646431299999982 ], [ -88.7207328, 36.645952200000018 ], [ -88.7249239, 36.643517 ], [ -88.7336048, 36.643897899999956 ], [ -88.7363858, 36.6455063 ], [ -88.736941, 36.6482282 ], [ -88.734945, 36.650469200000053 ], [ -88.727987399999989, 36.650771199999987 ], [ -88.7239289, 36.6528752 ], [ -88.7191665, 36.6532455 ], [ -88.7172535, 36.656566899999987 ], [ -88.713785, 36.6572275 ], [ -88.7041063, 36.664420300000039 ], [ -88.6987387, 36.665576200000046 ], [ -88.7004933, 36.669783600000017 ], [ -88.7081233, 36.675507300000014 ], [ -88.7094823, 36.679558100000072 ], [ -88.7155782, 36.683046399999952 ] ], [ [ -88.7467737, 36.675306699999972 ], [ -88.7516447, 36.677248499999983 ], [ -88.7596857, 36.6748822 ], [ -88.7692527, 36.668980400000024 ], [ -88.7624456, 36.668193 ], [ -88.739815, 36.6701442 ], [ -88.732497400000014, 36.6798704 ], [ -88.7423248, 36.679074900000018 ], [ -88.7435331, 36.676603200000017 ], [ -88.7467737, 36.675306699999972 ] ] ] } },
{ "type": "Feature", "properties": { "state_po": "KY", "county_geoid": "21083", "pwsid": "KY0420423", "pws_name": "SYMSONIA WATER DISTRICT", "population_served_count": 1810, "model_method": "", "verification_status": "", "symbology_field": "System Sourced", "intersection_area_sq_km": 8.4892976317418594 }, "geometry": { "type": "Polygon", "coordinates": [ [ [ -88.4844503, 36.9063983 ], [ -88.5062608, 36.912780400000017 ], [ -88.5089112, 36.9096805 ], [ -88.5141774, 36.910642599999953 ], [ -88.5187891, 36.908228800000032 ], [ -88.5249361, 36.898248499999973 ], [ -88.5305238, 36.8973696 ], [ -88.5327772, 36.901326599999948 ], [ -88.5271781, 36.910843299999989 ], [ -88.5315303, 36.913841400000024 ], [ -88.5330631, 36.918888299999971 ], [ -88.5378137, 36.9212082 ], [ -88.5375862, 36.9289389 ], [ -88.5290686, 36.932778699999972 ], [ -88.5246863, 36.9310149 ], [ -88.5237656, 36.92620790000003 ], [ -88.5207646, 36.931318199999964 ], [ -88.5136058, 36.930003099999951 ], [ -88.5112653, 36.9271719 ], [ -88.512645300000017, 36.9236391 ], [ -88.5079806, 36.924101 ], [ -88.5051817, 36.9199847 ], [ -88.484414260315276, 36.913737211433649 ], [ -88.4844503, 36.9063983 ] ] ] } },
{ "type": "Feature", "properties": { "state_po": "KY", "county_geoid": "21083", "pwsid": "KY0420475", "pws_name": "WINGO WATER & SEWER DEPARTMENT", "population_served_count": 965, "model_method": "", "verification_status": "", "symbology_field": "System Sourced", "intersection_area_sq_km": 6.8395450841807284 }, "geometry": { "type": "Polygon", "coordinates": [ [ [ -88.734649499999989, 36.622736699999969 ], [ -88.738779600000015, 36.625295 ], [ -88.7387092, 36.6330782 ], [ -88.7440196, 36.634498300000033 ], [ -88.7508461, 36.632022199999987 ], [ -88.7545658, 36.6352265 ], [ -88.7535705, 36.6378657 ], [ -88.7487328, 36.6407278 ], [ -88.7525386, 36.64345460000002 ], [ -88.7516088, 36.6492863 ], [ -88.7480101, 36.651379800000079 ], [ -88.7437007, 36.659506499999985 ], [ -88.7389848, 36.661155399999977 ], [ -88.7344735, 36.659053499999963 ], [ -88.7334466, 36.651068300000055 ], [ -88.7292188, 36.648577800000012 ], [ -88.7298401, 36.6431033 ], [ -88.727566, 36.639414899999984 ], [ -88.721552699999989, 36.638825 ], [ -88.7192135, 36.635998 ], [ -88.7218242, 36.63236179999997 ], [ -88.7297805, 36.632280899999948 ], [ -88.7303164, 36.625066599999968 ], [ -88.734649499999989, 36.622736699999969 ] ], [ [ -88.7430583, 36.647541799999971 ], [ -88.7430757, 36.6475558 ], [ -88.7430781, 36.647525899999941 ], [ -88.7430583, 36.647541799999971 ] ] ] } },
{ "type": "Feature", "properties": { "state_po": "KY", "county_geoid": "21083", "pwsid": "KY0420534", "pws_name": "GRAVES CO WATER DIST - SEDALIA", "population_served_count": 371, "model_method": "", "verification_status": "", "symbology_field": "System Sourced", "intersection_area_sq_km": 3.542162915534727 }, "geometry": { "type": "Polygon", "coordinates": [ [ [ -88.6126558, 36.637866300000034 ], [ -88.617600600000017, 36.638853499999975 ], [ -88.618719399999989, 36.642755300000012 ], [ -88.6104859, 36.646418100000012 ], [ -88.609636, 36.649116400000032 ], [ -88.6070123, 36.650522599999952 ], [ -88.6019199, 36.649674900000043 ], [ -88.6000991, 36.644931200000016 ], [ -88.592428400000017, 36.64473670000001 ], [ -88.5893785, 36.642100599999978 ], [ -88.5939152, 36.6341319 ], [ -88.5989754, 36.633304700000018 ], [ -88.6031098, 36.6305548 ], [ -88.6088148, 36.631503 ], [ -88.6126558, 36.637866300000034 ] ] ] } },
{ "type": "Feature", "properties": { "state_po": "KY", "county_geoid": "21019", "pwsid": "WV3305011", "pws_name": "LAVALETTE PSD-ROUTE 52 NORTH DISTRICT", "population_served_count": 1065, "model_method": "Random Forest", "verification_status": "", "symbology_field": "Modeled", "intersection_area_sq_km": 0.016189404977074665 }, "geometry": { "type": "MultiPolygon", "coordinates": [ [ [ [ -82.604625, 38.247303 ], [ -82.596897, 38.245861400000017 ], [ -82.593635279081781, 38.24547746134737 ], [ -82.59497, 38.245453 ], [ -82.604625, 38.247303 ] ] ], [ [ [ -82.590798279878058, 38.24552940664033 ], [ -82.5873229, 38.245645399999951 ], [ -82.586107900000016, 38.2457124 ], [ -82.586108805345035, 38.245615126861807 ], [ -82.590798279878058, 38.24552940664033 ] ] ] ] } },
{ "type": "Feature", "properties": { "state_po": "KY", "county_geoid": "21153", "pwsid": "KY0770566", "pws_name": "SALYERSVILLE MUNICIPAL WATER", "population_served_count": 3029, "model_method": "", "verification_status": "", "symbology_field": "System Sourced", "intersection_area_sq_km": 22.066374300481751 }, "geometry": { "type": "Polygon", "coordinates": [ [ [ -82.9603879, 37.7991987 ], [ -82.9664297, 37.7973215 ], [ -82.982725, 37.7978478 ], [ -82.990777, 37.7943657 ], [ -82.994324, 37.7891394 ], [ -83.0001812, 37.786779500000044 ], [ -82.995664, 37.782467300000036 ], [ -82.9994961, 37.777511400000058 ], [ -83.0091188, 37.7769719 ], [ -83.0127181, 37.778436699999972 ], [ -83.0171216, 37.777345299999972 ], [ -83.0291567, 37.7669242 ], [ -83.0356204, 37.7637376 ], [ -83.043570699999989, 37.762370500000031 ], [ -83.0455731, 37.758018299999989 ], [ -83.0448605, 37.752185699999963 ], [ -83.0476769, 37.7505705 ], [ -83.052686, 37.750898 ], [ -83.0514936, 37.747022300000026 ], [ -83.047349, 37.744322399999966 ], [ -83.04286, 37.743985 ], [ -83.035817100000017, 37.740212400000019 ], [ -83.0352695, 37.7369377 ], [ -83.0388563, 37.734418299999987 ], [ -83.0376393, 37.731380299999962 ], [ -83.0397465, 37.728666700000019 ], [ -83.0431712, 37.728207300000051 ], [ -83.0504435, 37.730864 ], [ -83.0520996, 37.7375372 ], [ -83.0551008, 37.739047499999955 ], [ -83.0601509, 37.7383717 ], [ -83.0633417, 37.735052 ], [ -83.0736521, 37.731395 ], [ -83.0792699, 37.733102299999956 ], [ -83.0877173, 37.731501 ], [ -83.0917352, 37.733276100000026 ], [ -83.0914117, 37.737467 ], [ -83.0848335, 37.739094900000033 ], [ -83.0833296, 37.7411439 ], [ -83.0860752, 37.7453707 ], [ -83.0855237, 37.748094199999962 ], [ -83.0818362, 37.749804900000015 ], [ -83.0779803, 37.75479660000002 ], [ -83.0736616, 37.756041 ], [ -83.0762515, 37.7607833 ], [ -83.0727804, 37.767125899999968 ], [ -83.0677376, 37.767010899999981 ], [ -83.0646765, 37.7623884 ], [ -83.0648429, 37.7687083 ], [ -83.0602853, 37.771852400000043 ], [ -83.0565375, 37.771863899999978 ], [ -83.0540969, 37.7697301 ], [ -83.0510268, 37.771051899999989 ], [ -83.046602, 37.769370600000016 ], [ -83.0420341, 37.7708278 ], [ -83.0288635, 37.77686149999996 ], [ -83.0230238, 37.7829663 ], [ -83.015847, 37.785278299999973 ], [ -83.0167928, 37.7897418 ], [ -83.014929600000016, 37.7923232 ], [ -83.0113479, 37.792930899999988 ], [ -83.008301, 37.791292700000021 ], [ -83.0017553, 37.797556 ], [ -82.9859226, 37.804858499999952 ], [ -82.971469215673253, 37.804924923449811 ], [ -82.9603879, 37.7991987 ] ], [ [ -83.0550866, 37.760056799999987 ], [ -83.0530388, 37.763931199999931 ], [ -83.0548803, 37.7662943 ], [ -83.0560692, 37.7650013 ], [ -83.0550866, 37.760056799999987 ] ] ] } },
{ "type": "Feature", "properties": { "state_po": "KY", "county_geoid": "21223", "pwsid": "KY0210419", "pws_name": "WEST CARROLL WATER DISTRICT- HENRY CO #2", "population_served_count": 116, "model_method": "Random Forest", "verification_status": "", "symbology_field": "Modeled", "intersection_area_sq_km": 0.0097943785999412229 }, "geometry": { "type": "MultiPolygon", "coordinates": [ [ [ [ -85.214268, 38.603077 ], [ -85.214223800000013, 38.602663400000026 ], [ -85.214272521246983, 38.603082005013263 ], [ -85.214268, 38.603077 ] ] ], [ [ [ -85.219497240655897, 38.607329227566375 ], [ -85.217407445545561, 38.60609140979377 ], [ -85.2186318, 38.606714399999966 ], [ -85.219497240655897, 38.607329227566375 ] ] ], [ [ [ -85.2197748, 38.608520400000025 ], [ -85.219391891594711, 38.610074282553718 ], [ -85.219533789912532, 38.607354883188947 ], [ -85.2197748, 38.608520400000025 ] ] ], [ [ [ -85.2198048, 38.610597399999953 ], [ -85.220166646483904, 38.61106932833831 ], [ -85.219766692863814, 38.61055565739133 ], [ -85.2198048, 38.610597399999953 ] ] ], [ [ [ -85.226664264267768, 38.615088913675976 ], [ -85.2275998, 38.615825400000048 ], [ -85.227791934910343, 38.616417325062628 ], [ -85.226664264267768, 38.615088913675976 ] ] ], [ [ [ -85.230248540426444, 38.617814301916766 ], [ -85.228288734757413, 38.616957551673131 ], [ -85.2294088, 38.617199400000025 ], [ -85.230248540426444, 38.617814301916766 ] ] ], [ [ [ -85.2302618, 38.617825399999965 ], [ -85.230268442019451, 38.617849252265671 ], [ -85.230258785532214, 38.617822876931754 ], [ -85.2302618, 38.617825399999965 ] ] ], [ [ [ -85.230910778201761, 38.621951997764526 ], [ -85.231403, 38.620948 ], [ -85.231088972937556, 38.620090344680861 ], [ -85.2314078, 38.620955399999957 ], [ -85.230910778201761, 38.621951997764526 ] ] ] ] } },
{ "type": "Feature", "properties": { "state_po": "KY", "county_geoid": "21223", "pwsid": "KY0210637", "pws_name": "WEST CARROLL WATER DISTRICT - MILTON", "population_served_count": 86, "model_method": "", "verification_status": "", "symbology_field": "System Sourced", "intersection_area_sq_km": 0.30945503669859581 }, "geometry": { "type": "MultiPolygon", "coordinates": [ [ [ [ -85.303213819979973, 38.699922099037643 ], [ -85.3066403, 38.701339200000014 ], [ -85.307507131378699, 38.704135366605158 ], [ -85.303213819979973, 38.699922099037643 ] ] ], [ [ [ -85.3301615, 38.726307899999981 ], [ -85.3336113, 38.72685809999998 ], [ -85.3355542, 38.729157900000033 ], [ -85.334852, 38.7318603 ], [ -85.332152811902404, 38.73334444904259 ], [ -85.3301615, 38.726307899999981 ] ] ] ] } },
{ "type": "Feature", "properties": { "state_po": "KY", "county_geoid": "21103", "pwsid": "KY0520122", "pws_name": "EMINENCE WATER WORKS", "population_served_count": 2554, "model_method": "", "verification_status": "", "symbology_field": "System Sourced", "intersection_area_sq_km": 9.8917848203345216 }, "geometry": { "type": "Polygon", "coordinates": [ [ [ -85.171506, 38.3516605 ], [ -85.1782255, 38.3563513 ], [ -85.1818069, 38.3511668 ], [ -85.1871362, 38.351054800000014 ], [ -85.1904223, 38.3580663 ], [ -85.1877467, 38.362227399999973 ], [ -85.1979993, 38.364064199999973 ], [ -85.2007172, 38.366703200000025 ], [ -85.1992107, 38.374547399999962 ], [ -85.19351540000001, 38.3763072 ], [ -85.1917272, 38.381912 ], [ -85.1869547, 38.382685700000039 ], [ -85.1863449, 38.392266399999961 ], [ -85.1827953, 38.394851200000041 ], [ -85.17795, 38.393095300000056 ], [ -85.1777644, 38.383659100000038 ], [ -85.1750718, 38.378321299999946 ], [ -85.1655548, 38.3723696 ], [ -85.1605825, 38.366836399999983 ], [ -85.1597576, 38.359806400000039 ], [ -85.1567889, 38.3560072 ], [ -85.1595585, 38.351988500000033 ], [ -85.163333, 38.352104600000018 ], [ -85.1669557, 38.3547182 ], [ -85.171506, 38.3516605 ] ] ] } },
{ "type": "Feature", "properties": { "state_po": "KY", "county_geoid": "21103", "pwsid": "KY0520520", "pws_name": "NEW CASTLE WATER WORKS", "population_served_count": 2100, "model_method": "", "verification_status": "", "symbology_field": "System Sourced", "intersection_area_sq_km": 3.5179333370370651 }, "geometry": { "type": "Polygon", "coordinates": [ [ [ -85.1618677, 38.4251554 ], [ -85.1727443, 38.425166200000035 ], [ -85.1830983, 38.433335599999964 ], [ -85.1780637, 38.440884700000012 ], [ -85.1737717, 38.4420697 ], [ -85.1700756, 38.4452892 ], [ -85.1659495, 38.4442827 ], [ -85.1633365, 38.4378159 ], [ -85.1574714, 38.435812300000016 ], [ -85.1555054, 38.433401099999983 ], [ -85.1567859, 38.4285385 ], [ -85.1618677, 38.4251554 ] ] ] } },
{ "type": "Feature", "properties": { "state_po": "KY", "county_geoid": "21057", "pwsid": "KY0290049", "pws_name": "BURKESVILLE WATER WORKS", "population_served_count": 2566, "model_method": "", "verification_status": "", "symbology_field": "System Sourced", "intersection_area_sq_km": 21.050017246697241 }, "geometry": { "type": "Polygon", "coordinates": [ [ [ -85.3391872, 36.7367448 ], [ -85.3441341, 36.7401818 ], [ -85.3512906, 36.756659400000039 ], [ -85.3509202, 36.761572899999983 ], [ -85.3557074, 36.762232399999988 ], [ -85.3574297, 36.765367599999983 ], [ -85.3710619, 36.7668009 ], [ -85.3721042, 36.7711082 ], [ -85.3668083, 36.773669100000028 ], [ -85.3718827, 36.7772041 ], [ -85.3750548, 36.775698799999979 ], [ -85.3785893, 36.776573799999987 ], [ -85.3800938, 36.779052599999979 ], [ -85.3790187, 36.7822711 ], [ -85.3832658, 36.784954099999979 ], [ -85.3825799, 36.79282810000003 ], [ -85.377673, 36.7964032 ], [ -85.3822434, 36.797836500000017 ], [ -85.383100399999989, 36.801374099999961 ], [ -85.3746506, 36.806262 ], [ -85.3797504, 36.8100151 ], [ -85.381033, 36.8160889 ], [ -85.3770468, 36.825968400000043 ], [ -85.3726227, 36.827729500000018 ], [ -85.3718143, 36.830395699999976 ], [ -85.3692393, 36.8318663 ], [ -85.3655904, 36.831369699999968 ], [ -85.3636958, 36.8290698 ], [ -85.3662423, 36.817590500000016 ], [ -85.3597821, 36.8186048 ], [ -85.3577903, 36.821004299999984 ], [ -85.3544223, 36.821531 ], [ -85.3465825, 36.8141589 ], [ -85.3471691, 36.806146100000042 ], [ -85.3496847, 36.80044369999996 ], [ -85.3534196, 36.798854700000021 ], [ -85.3578539, 36.800314899999982 ], [ -85.3568762, 36.791976399999967 ], [ -85.3591072, 36.789105800000023 ], [ -85.357799899999989, 36.7877764 ], [ -85.3524072, 36.7920537 ], [ -85.3423775, 36.793473700000028 ], [ -85.339422, 36.795118299999963 ], [ -85.3360021, 36.7947261 ], [ -85.3339263, 36.7925302 ], [ -85.3342497, 36.7900044 ], [ -85.3376728, 36.786912599999987 ], [ -85.3492632, 36.7851291 ], [ -85.3544403, 36.7756729 ], [ -85.3512382, 36.771913299999973 ], [ -85.34074, 36.7683986 ], [ -85.3370329, 36.7655536 ], [ -85.3381593, 36.7606153 ], [ -85.3426075, 36.758604500000018 ], [ -85.3346845, 36.740873699999959 ], [ -85.335794299999989, 36.737971099999989 ], [ -85.3391872, 36.7367448 ] ] ] } },
{ "type": "Feature", "properties": { "state_po": "KY", "county_geoid": "21009", "pwsid": "KY0050344", "pws_name": "CAVELAND ENVIRONMENTAL AUTHORITY, INC.", "population_served_count": 3264, "model_method": "", "verification_status": "", "symbology_field": "System Sourced", "intersection_area_sq_km": 33.186530734154211 }, "geometry": { "type": "Polygon", "coordinates": [ [ [ -85.9273982, 37.1500698 ], [ -85.93127, 37.148623 ], [ -85.920164, 37.1420697 ], [ -85.9161646, 37.137699900000037 ], [ -85.9107152, 37.1390725 ], [ -85.9062779, 37.1350117 ], [ -85.9080331, 37.132149800000029 ], [ -85.9134507, 37.130410499999954 ], [ -85.9310898, 37.1303341 ], [ -85.9373441, 37.1286692 ], [ -85.9248912, 37.1238723 ], [ -85.9238535, 37.12079419999997 ], [ -85.9260319, 37.118320299999986 ], [ -85.9332042, 37.118494699999978 ], [ -85.9500795, 37.1258564 ], [ -85.9549981, 37.1255481 ], [ -85.9597766, 37.117174 ], [ -85.966521899999989, 37.1168521 ], [ -85.9696074, 37.118669799999978 ], [ -85.9811899, 37.110959500000021 ], [ -85.9900683, 37.1088167 ], [ -85.9927068, 37.113074 ], [ -85.9836507, 37.118524899999947 ], [ -85.9854843, 37.1213925 ], [ -85.9844148, 37.124241599999984 ], [ -85.9804468, 37.125446499999981 ], [ -85.9767655, 37.123283799999989 ], [ -85.9699048, 37.128012899999987 ], [ -85.9722489, 37.129565200000023 ], [ -85.9752943, 37.127382599999962 ], [ -85.9793043, 37.128064300000013 ], [ -85.9915176, 37.120090699999956 ], [ -86.0116674, 37.116389499999983 ], [ -86.0175241, 37.113336399999966 ], [ -86.0163439, 37.11073539999996 ], [ -86.0176529, 37.108183800000013 ], [ -86.0226166, 37.107413300000026 ], [ -86.0337804, 37.099831600000016 ], [ -86.0291026, 37.0985802 ], [ -86.0247615, 37.094365600000025 ], [ -86.0243019, 37.0916221 ], [ -86.0263901, 37.0894286 ], [ -86.0316275, 37.0891502 ], [ -86.0379294, 37.092317300000019 ], [ -86.0397919, 37.090164400000035 ], [ -86.0432313, 37.08950970000005 ], [ -86.0434358, 37.086194299999974 ], [ -86.0470306, 37.084390699999986 ], [ -86.050294600000015, 37.0852691 ], [ -86.051923, 37.087601800000037 ], [ -86.0565932, 37.088576100000033 ], [ -86.068899788080401, 37.087804423856127 ], [ -86.067874443637805, 37.094399757755298 ], [ -86.0647032, 37.0948925 ], [ -86.066992766838624, 37.10007002377445 ], [ -86.063934003006651, 37.11973027666042 ], [ -86.0574259, 37.116996 ], [ -86.0566034, 37.10839660000002 ], [ -86.0525086, 37.102484300000029 ], [ -86.0466752, 37.106518899999969 ], [ -86.0433455, 37.105813400000024 ], [ -86.0416623, 37.103658600000053 ], [ -86.0302522, 37.111708399999969 ], [ -86.0292446, 37.115549 ], [ -86.0188195, 37.121573299999973 ], [ -85.9972446, 37.125944600000011 ], [ -85.9885855, 37.131182500000037 ], [ -86.0022832, 37.132392499999966 ], [ -86.0042941, 37.135385 ], [ -86.0023035, 37.1383862 ], [ -85.9966833, 37.140979600000016 ], [ -85.9919845, 37.138899 ], [ -85.9756095, 37.141041 ], [ -85.9697242, 37.144683400000027 ], [ -85.9744971, 37.1497135 ], [ -85.9748964, 37.154217699999982 ], [ -85.977495497724263, 37.156461356845149 ], [ -85.955698818335705, 37.154011150218466 ], [ -85.9580462, 37.151045 ], [ -85.9544698, 37.1500109 ], [ -85.9511829, 37.145718500000044 ], [ -85.945413666194895, 37.152397245171386 ], [ -85.9273982, 37.1500698 ] ], [ [ -85.9347526, 37.1370689 ], [ -85.9279859, 37.137500299999985 ], [ -85.9378069, 37.143638899999971 ], [ -85.9405304, 37.141617 ], [ -85.9347526, 37.1370689 ] ] ] } },
{ "type": "Feature", "properties": { "state_po": "KY", "county_geoid": "21009", "pwsid": "KY0500476", "pws_name": "HORSE CAVE WATER SYSTEM", "population_served_count": 2744, "model_method": "", "verification_status": "", "symbology_field": "System Sourced", "intersection_area_sq_km": 0.061391480976702696 }, "geometry": { "type": "Polygon", "coordinates": [ [ [ -85.9024442, 37.14842850000003 ], [ -85.906121399999989, 37.147203499999961 ], [ -85.90946549749313, 37.148672196481478 ], [ -85.906494, 37.148392 ], [ -85.9024442, 37.14842850000003 ] ] ] } },
{ "type": "Feature", "properties": { "state_po": "KY", "county_geoid": "21009", "pwsid": "KY0860141", "pws_name": "FOUNTAIN RUN WATER DISTRICT #1", "population_served_count": 1485, "model_method": "", "verification_status": "", "symbology_field": "System Sourced", "intersection_area_sq_km": 8.3564414754835781 }, "geometry": { "type": "MultiPolygon", "coordinates": [ [ [ [ -86.018492600000016, 36.7624805 ], [ -86.0109847, 36.761650300000028 ], [ -86.0074134, 36.7641091 ], [ -86.0091292, 36.768805600000043 ], [ -86.0056191, 36.7716451 ], [ -86.0020155, 36.770977500000029 ], [ -85.9962079, 36.766059899999981 ], [ -85.9978502, 36.775603700000026 ], [ -85.994641700000017, 36.777720500000051 ], [ -85.9891828, 36.7775279 ], [ -85.9869725, 36.774881600000015 ], [ -85.9878755, 36.7687982 ], [ -85.984403, 36.7629409 ], [ -85.9855072, 36.7605623 ], [ -85.9890158, 36.758766500000021 ], [ -85.9796464, 36.752165599999962 ], [ -85.9739719, 36.7506415 ], [ -85.9708391, 36.746860699999964 ], [ -85.9715541, 36.7424365 ], [ -85.9761344, 36.7359688 ], [ -85.969269, 36.7283745 ], [ -85.9631396, 36.735408299999982 ], [ -85.9596911, 36.7357827 ], [ -85.957033651159009, 36.734193591604949 ], [ -85.97691, 36.722722 ], [ -85.98315135332949, 36.741755390609967 ], [ -85.9805329, 36.744336899999986 ], [ -85.9880253, 36.748630499999955 ], [ -85.990522834488075, 36.746905269641445 ], [ -85.993861, 36.749237 ], [ -86.000075276102208, 36.7562062877223 ], [ -85.9980339, 36.758286299999988 ], [ -85.9992806, 36.759092500000015 ], [ -86.001807624979094, 36.758148818179706 ], [ -86.018492600000016, 36.7624805 ] ] ], [ [ [ -85.9410563, 36.743926799999969 ], [ -85.9409785, 36.7515827 ], [ -85.9384058, 36.7534057 ], [ -85.9349846, 36.753230799999976 ], [ -85.9328231, 36.751381 ], [ -85.932601442963986, 36.748353744440919 ], [ -85.9410563, 36.743926799999969 ] ] ], [ [ [ -86.0375052, 36.76123749999995 ], [ -86.0354264, 36.76343109999997 ], [ -86.031191763113043, 36.763981344091782 ], [ -86.034646, 36.759928 ], [ -86.0375052, 36.76123749999995 ] ] ] ] } },
{ "type": "Feature", "properties": { "state_po": "KY", "county_geoid": "21143", "pwsid": "KY0170146", "pws_name": "FREDONIA WATER DEPARTMENT", "population_served_count": 1040, "model_method": "", "verification_status": "", "symbology_field": "System Sourced", "intersection_area_sq_km": 7.2023559058629711 }, "geometry": { "type": "MultiPolygon", "coordinates": [ [ [ [ -88.0392946, 37.169941 ], [ -88.047695, 37.1620625 ], [ -88.0529066, 37.153924499999974 ], [ -88.055339800000013, 37.1450543 ], [ -88.0643976, 37.132075100000023 ], [ -88.0639078, 37.1209693 ], [ -88.0600948, 37.113044199999969 ], [ -88.0594485, 37.107555899999987 ], [ -88.0613529, 37.1047561 ], [ -88.0652854, 37.104261799999989 ], [ -88.0680585, 37.106240900000017 ], [ -88.072994100000017, 37.121176300000016 ], [ -88.0769847, 37.124718499999965 ], [ -88.0772957, 37.127465799999975 ], [ -88.073868, 37.129927099999961 ], [ -88.0727056, 37.134891700000011 ], [ -88.0671112, 37.142290199999948 ], [ -88.0674773, 37.145881900000013 ], [ -88.0633594, 37.148428900000013 ], [ -88.0613738, 37.156387199999976 ], [ -88.0550178, 37.166283500000027 ], [ -88.0479142, 37.1721038 ], [ -88.046680035064057, 37.175253369271132 ], [ -88.042285, 37.174774 ], [ -88.0392946, 37.169941 ] ] ], [ [ [ -88.0723526, 37.176637100000036 ], [ -88.0770321, 37.174349 ], [ -88.080985487061696, 37.177289596588302 ], [ -88.076671, 37.176591 ], [ -88.0723526, 37.176637100000036 ] ] ] ] } },
{ "type": "Feature", "properties": { "state_po": "KY", "county_geoid": "21143", "pwsid": "KY0720227", "pws_name": "KUTTAWA WATER DEPARTMENT", "population_served_count": 1143, "model_method": "", "verification_status": "", "symbology_field": "System Sourced", "intersection_area_sq_km": 11.053822319722821 }, "geometry": { "type": "Polygon", "coordinates": [ [ [ -88.0981533, 37.0587424 ], [ -88.1034273, 37.060460099999979 ], [ -88.1109716, 37.054966500000027 ], [ -88.1227408, 37.052298699999973 ], [ -88.125647, 37.0494418 ], [ -88.1317714, 37.0480161 ], [ -88.1394263, 37.0477871 ], [ -88.1424768, 37.05043509999998 ], [ -88.141662, 37.064998200000048 ], [ -88.1378286, 37.068675199999973 ], [ -88.1385994, 37.0730264 ], [ -88.1347626, 37.07490780000002 ], [ -88.130917900000014, 37.073322 ], [ -88.1296988, 37.078143100000034 ], [ -88.1193099, 37.08230720000001 ], [ -88.1135759, 37.082329799999975 ], [ -88.1105109, 37.079337 ], [ -88.1021301, 37.082992300000036 ], [ -88.0974653, 37.081553399999954 ], [ -88.0955549, 37.075311199999987 ], [ -88.0974227, 37.066136800000045 ], [ -88.0934783, 37.062198499999987 ], [ -88.0949227, 37.059694500000028 ], [ -88.0981533, 37.0587424 ] ], [ [ -88.112173, 37.0715757 ], [ -88.1196872, 37.069401200000023 ], [ -88.1177615, 37.060373299999966 ], [ -88.10588, 37.068706 ], [ -88.1051874, 37.0728619 ], [ -88.1088215, 37.074055099999974 ], [ -88.1108847, 37.0772372 ], [ -88.112173, 37.0715757 ] ] ] } },
{ "type": "Feature", "properties": { "state_po": "KY", "county_geoid": "21143", "pwsid": "KY0720552", "pws_name": "KENTUCKY STATE PENITENTIARY", "population_served_count": 1200, "model_method": "", "verification_status": "", "symbology_field": "System Sourced", "intersection_area_sq_km": 0.79276676639364974 }, "geometry": { "type": "Polygon", "coordinates": [ [ [ -88.0766837, 37.0437437 ], [ -88.080471, 37.045270199999962 ], [ -88.0809917, 37.048642600000029 ], [ -88.0779177, 37.051751599999967 ], [ -88.0723568, 37.05248480000003 ], [ -88.0695784, 37.050489400000046 ], [ -88.0694929, 37.0477316 ], [ -88.0766837, 37.0437437 ] ] ] } },
{ "type": "Feature", "properties": { "state_po": "KY", "county_geoid": "21173", "pwsid": "KY0831010", "pws_name": "CAVE RUN REGIONAL WT COMM", "population_served_count": 25, "model_method": "Random Forest", "verification_status": "", "symbology_field": "Modeled", "intersection_area_sq_km": 0.11135760487601515 }, "geometry": { "type": "Polygon", "coordinates": [ [ [ -83.774671725997308, 37.94637375032049 ], [ -83.7768492, 37.949880100000016 ], [ -83.774164932449466, 37.952859554146102 ], [ -83.774671725997308, 37.94637375032049 ] ] ] } },
{ "type": "Feature", "properties": { "state_po": "KY", "county_geoid": "21173", "pwsid": "KY0870246", "pws_name": "LEVEE RD WATER ASSOCIATION INC", "population_served_count": 2471, "model_method": "", "verification_status": "", "symbology_field": "System Sourced", "intersection_area_sq_km": 43.186319050171299 }, "geometry": { "type": "Polygon", "coordinates": [ [ [ -83.9459862, 37.929851 ], [ -83.9426695, 37.933935099999978 ], [ -83.9333359, 37.939387599999954 ], [ -83.9338579, 37.9430579 ], [ -83.9401172, 37.949824400000018 ], [ -83.944543700000011, 37.946445799999985 ], [ -83.9493799, 37.945996899999962 ], [ -83.9534879, 37.942687599999985 ], [ -83.9611602, 37.94304240000001 ], [ -83.9634618, 37.9397929 ], [ -83.9674243, 37.93923089999997 ], [ -83.9701466, 37.940951599999948 ], [ -83.9711148, 37.945513400000024 ], [ -83.9747133, 37.950045 ], [ -83.971656, 37.954724499999983 ], [ -83.9801067, 37.9562683 ], [ -83.9823882, 37.9603703 ], [ -83.9805391, 37.963202299999971 ], [ -83.9749722, 37.963101900000019 ], [ -83.9720846, 37.9665171 ], [ -83.968332, 37.966363100000038 ], [ -83.9660546, 37.964169199999951 ], [ -83.954351699999989, 37.970732699999978 ], [ -83.9490385, 37.969883 ], [ -83.9409207, 37.972998399999987 ], [ -83.9451635, 37.9818667 ], [ -83.9453897, 38.001439799999979 ], [ -83.9492239, 38.005043600000022 ], [ -83.9577834, 38.001542300000047 ], [ -83.9735597, 37.98536440000003 ], [ -83.981011099999989, 37.980850400000023 ], [ -83.9822839, 37.971347200000018 ], [ -83.979942400000013, 37.966588 ], [ -83.9828165, 37.963536599999976 ], [ -83.984419782709239, 37.963289958368996 ], [ -83.990954779383031, 37.974084839459749 ], [ -83.9915388, 37.9793833 ], [ -83.9881222, 37.985386699999964 ], [ -83.981052, 37.989951400000017 ], [ -83.9782616, 37.995673400000051 ], [ -83.9743974, 37.9968267 ], [ -83.9635258, 38.007231 ], [ -83.9555823, 38.010293100000041 ], [ -83.957971, 38.013541 ], [ -83.9543245, 38.0175137 ], [ -83.9527563, 38.022623299999985 ], [ -83.9544155, 38.0341652 ], [ -83.9500334, 38.037313100000013 ], [ -83.9456982, 38.035244199999987 ], [ -83.9420353, 38.023515700000026 ], [ -83.9445317, 38.01888720000003 ], [ -83.9312469, 38.019920700000029 ], [ -83.9275069, 38.0172221 ], [ -83.9299981, 38.01309 ], [ -83.9441788, 38.0111738 ], [ -83.9367107, 38.004234599999968 ], [ -83.9366873, 37.997749300000024 ], [ -83.9319559, 37.9950778 ], [ -83.9329897, 37.991127899999945 ], [ -83.935939, 37.9893356 ], [ -83.9360711, 37.982509700000023 ], [ -83.9309259, 37.973231499999955 ], [ -83.9217519, 37.9720816 ], [ -83.9129245, 37.984187700000021 ], [ -83.9064559, 37.9863614 ], [ -83.902448, 37.9829235 ], [ -83.907209, 37.9774343 ], [ -83.9040196, 37.9722975 ], [ -83.9076667, 37.9695223 ], [ -83.9124416, 37.9711892 ], [ -83.9122122, 37.968057300000012 ], [ -83.8991776, 37.961347899999971 ], [ -83.8915592, 37.964185299999983 ], [ -83.8901087, 37.96971 ], [ -83.8853973, 37.971168399999961 ], [ -83.8820352, 37.968738399999971 ], [ -83.8823869, 37.9641031 ], [ -83.8705325, 37.963650299999983 ], [ -83.8672515, 37.960351700000011 ], [ -83.8684377, 37.957758100000021 ], [ -83.8718711, 37.956429 ], [ -83.8911357, 37.9563754 ], [ -83.8824426, 37.952442699999985 ], [ -83.8776879, 37.945798299999979 ], [ -83.8790814, 37.943035599999988 ], [ -83.8893182, 37.936354800000011 ], [ -83.8936025, 37.9365336 ], [ -83.8957991, 37.93969 ], [ -83.889257, 37.947537400000023 ], [ -83.8968567, 37.950601900000024 ], [ -83.897577, 37.9492361 ], [ -83.8987297, 37.943624899999989 ], [ -83.896384, 37.9392901 ], [ -83.9027975, 37.934587599999951 ], [ -83.9000072, 37.930708100000011 ], [ -83.9042148, 37.927654 ], [ -83.8978051, 37.922049 ], [ -83.8920627, 37.923749 ], [ -83.8871954, 37.922598799999982 ], [ -83.8855789, 37.9191626 ], [ -83.8881464, 37.916440600000037 ], [ -83.904061878647823, 37.91674593737185 ], [ -83.9090768, 37.920506200000034 ], [ -83.91054493195729, 37.917661566843854 ], [ -83.918635465240229, 37.920820333801316 ], [ -83.9172663, 37.923735900000025 ], [ -83.9218849, 37.92857579999994 ], [ -83.9245547, 37.924757199999974 ], [ -83.9295921, 37.925097100000016 ], [ -83.9312314, 37.927279 ], [ -83.9306952, 37.930877899999956 ], [ -83.9365312, 37.928600699999961 ], [ -83.933905040871736, 37.925614753230334 ], [ -83.9459862, 37.929851 ] ], [ [ -83.9140737, 37.93264809999998 ], [ -83.9083949, 37.942159800000042 ], [ -83.9089589, 37.946616700000035 ], [ -83.9043143, 37.9548735 ], [ -83.9222829, 37.964536099999961 ], [ -83.9323307, 37.96572440000002 ], [ -83.926344, 37.962902 ], [ -83.9256698, 37.957706100000038 ], [ -83.9304129, 37.955572299999965 ], [ -83.9223199, 37.946845100000019 ], [ -83.9202446, 37.9417253 ], [ -83.9217353, 37.938804099999942 ], [ -83.9140737, 37.93264809999998 ] ], [ [ -83.9626362, 37.952451099999983 ], [ -83.9586206, 37.953775899999982 ], [ -83.9581322, 37.957156900000022 ], [ -83.9547419, 37.9588769 ], [ -83.951168, 37.9579586 ], [ -83.9477758, 37.954020799999988 ], [ -83.9433609, 37.9575088 ], [ -83.9435075, 37.962481300000029 ], [ -83.9498508, 37.9607275 ], [ -83.954359, 37.9611798 ], [ -83.9616035, 37.957816300000012 ], [ -83.9626362, 37.952451099999983 ] ] ] } },
{ "type": "Feature", "properties": { "state_po": "KY", "county_geoid": "21173", "pwsid": "KY0870290", "pws_name": "MONTGOMERY CO WATER DISTRICT #1", "population_served_count": 2082, "model_method": "", "verification_status": "", "symbology_field": "System Sourced", "intersection_area_sq_km": 23.702989667253274 }, "geometry": { "type": "Polygon", "coordinates": [ [ [ -83.9142038, 37.986433099999978 ], [ -83.9198811, 37.989587399999969 ], [ -83.9242872, 37.984981 ], [ -83.9278659, 37.98504219999996 ], [ -83.9302818, 37.9870304 ], [ -83.92602620000001, 37.999578499999984 ], [ -83.9218248, 38.002933099999957 ], [ -83.9102352, 38.00573689999996 ], [ -83.909408, 38.007866800000016 ], [ -83.9279787, 38.027013499999988 ], [ -83.9316474, 38.027193199999978 ], [ -83.9362782, 38.0302396 ], [ -83.9378245, 38.0384411 ], [ -83.9352349, 38.041171400000053 ], [ -83.9309483, 38.040983899999972 ], [ -83.9160558, 38.0273718 ], [ -83.9006645, 38.040476299999966 ], [ -83.918832, 38.050910800000018 ], [ -83.9200448, 38.054826700000028 ], [ -83.9153709, 38.057192399999977 ], [ -83.9069913, 38.053628899999971 ], [ -83.9054169, 38.061336500000039 ], [ -83.900685, 38.063242 ], [ -83.896881900000011, 38.060311700000021 ], [ -83.8969187, 38.0471716 ], [ -83.8849973, 38.0418267 ], [ -83.8768513, 38.03433540000006 ], [ -83.8713923, 38.033517700000047 ], [ -83.8691895, 38.030529899999948 ], [ -83.8718087, 38.027102800000023 ], [ -83.8788388, 38.026870199999955 ], [ -83.892634, 38.036915199999989 ], [ -83.9027177, 38.028711500000014 ], [ -83.9103063, 38.021728100000018 ], [ -83.9090986, 38.01980769999998 ], [ -83.906149, 38.017143300000036 ], [ -83.8959534, 38.0182338 ], [ -83.8908911, 38.0143215 ], [ -83.8937166, 38.010332400000074 ], [ -83.9010803, 38.010951499999976 ], [ -83.8984348, 38.0054319 ], [ -83.895943699999989, 38.0037911 ], [ -83.8902569, 38.0050734 ], [ -83.8869351, 38.0025328 ], [ -83.879206599999989, 38.0114382 ], [ -83.8744371, 38.0122369 ], [ -83.8730907, 38.017289600000026 ], [ -83.86979, 38.019274800000048 ], [ -83.8598625, 38.01770240000004 ], [ -83.8546711, 38.0196913 ], [ -83.8518119, 38.01811260000003 ], [ -83.8511468, 38.0156286 ], [ -83.8553764, 38.010746699999984 ], [ -83.8641427, 38.010495399999989 ], [ -83.8674045, 38.006361 ], [ -83.8749039, 38.003774600000021 ], [ -83.8737901, 37.9977804 ], [ -83.8764429, 37.995021200000011 ], [ -83.869458, 37.9889217 ], [ -83.8733485, 37.984467100000039 ], [ -83.8787903, 37.9850968 ], [ -83.8827398, 37.983405 ], [ -83.8862526, 37.9848081 ], [ -83.8889339, 37.983005 ], [ -83.8924064, 37.983240200000012 ], [ -83.8951533, 37.985355300000016 ], [ -83.8991587, 37.994594200000023 ], [ -83.9071594, 37.998850299999937 ], [ -83.9146993, 37.9966888 ], [ -83.909565, 37.9902013 ], [ -83.9109581, 37.98743829999998 ], [ -83.9142038, 37.986433099999978 ] ] ] } },
{ "type": "Feature", "properties": { "state_po": "KY", "county_geoid": "21173", "pwsid": "KY0870367", "pws_name": "REID VILLAGE WATER DISTRICT", "population_served_count": 2545, "model_method": "", "verification_status": "", "symbology_field": "System Sourced", "intersection_area_sq_km": 20.458053797212468 }, "geometry": { "type": "Polygon", "coordinates": [ [ [ -84.0382844, 38.05007379999995 ], [ -84.0311448, 38.046157 ], [ -84.0270873, 38.036638400000015 ], [ -84.0235193, 38.036890199999981 ], [ -84.021583, 38.038983599999987 ], [ -84.0182617, 38.0394877 ], [ -84.0197319, 38.049826900000042 ], [ -84.0255978, 38.0577977 ], [ -84.022830399999989, 38.063398400000047 ], [ -84.0173422, 38.0627451 ], [ -84.0112148, 38.0535967 ], [ -84.0091623, 38.042053199999977 ], [ -84.0007882, 38.048012299999961 ], [ -84.0022076, 38.051444499999988 ], [ -84.0001267, 38.054175099999959 ], [ -83.9946712, 38.054588599999981 ], [ -83.9898405, 38.052488199999964 ], [ -83.9877221, 38.060156600000028 ], [ -83.9856383, 38.062088500000023 ], [ -83.9817752, 38.062513899999978 ], [ -83.9756475, 38.059563500000024 ], [ -83.9677576, 38.059573899999968 ], [ -83.9631248, 38.06134420000005 ], [ -83.95458, 38.0548257 ], [ -83.9548743, 38.052020299999981 ], [ -83.958081, 38.049193599999967 ], [ -83.9532524, 38.048534 ], [ -83.9519168, 38.044956099999986 ], [ -83.9474376, 38.043789499999988 ], [ -83.9460021, 38.040586899999973 ], [ -83.947804, 38.0382251 ], [ -83.9545978, 38.035487900000021 ], [ -83.9564478, 38.0325475 ], [ -83.9637115, 38.030169 ], [ -83.964403, 38.025506899999975 ], [ -83.9664863, 38.0235753 ], [ -83.9705121, 38.023427599999948 ], [ -83.9748051, 38.026655099999971 ], [ -83.9770822, 38.025895 ], [ -83.9840823, 38.016553900000041 ], [ -83.9951598, 38.016105099999955 ], [ -84.0073701, 38.012530600000026 ], [ -84.0111183, 38.015229400000017 ], [ -84.0094021, 38.018996899999983 ], [ -83.997938, 38.023152700000033 ], [ -83.9883196, 38.02385179999996 ], [ -83.9815262, 38.040268400000016 ], [ -83.9870714, 38.041728199999987 ], [ -83.9912482, 38.0405445 ], [ -83.9975521, 38.041168300000031 ], [ -84.00355, 38.0362828 ], [ -84.004654800000012, 38.031747900000013 ], [ -84.01423, 38.031464199999988 ], [ -84.0211517, 38.029362500000055 ], [ -84.022716419071514, 38.02441508180339 ], [ -84.0382844, 38.05007379999995 ] ] ] } },
{ "type": "Feature", "properties": { "state_po": "KY", "county_geoid": "21105", "pwsid": "MO4021178", "pws_name": "MISSISSIPPI COUNTY PWSD 1", "population_served_count": 3000, "model_method": "", "verification_status": "", "symbology_field": "System Sourced", "intersection_area_sq_km": 0.11366865219442418 }, "geometry": { "type": "MultiPolygon", "coordinates": [ [ [ [ -89.167758970338923, 36.657106355607631 ], [ -89.1697157, 36.655056800000018 ], [ -89.171264570698256, 36.65374743571671 ], [ -89.167758970338923, 36.657106355607631 ] ] ], [ [ [ -89.1628657, 36.6619268 ], [ -89.165092453524963, 36.659661099562861 ], [ -89.161299742718242, 36.663851378026131 ], [ -89.1628657, 36.6619268 ] ] ], [ [ [ -89.168418320060809, 36.671716982913487 ], [ -89.168628096148183, 36.671837484618159 ], [ -89.1686257, 36.671836800000015 ], [ -89.168418320060809, 36.671716982913487 ] ] ], [ [ [ -89.171849616504204, 36.672553758373056 ], [ -89.171735164304195, 36.672496532682352 ], [ -89.171882, 36.672526 ], [ -89.171849616504204, 36.672553758373056 ] ] ], [ [ [ -89.170489358822067, 36.673719712568477 ], [ -89.1707357, 36.673466800000043 ], [ -89.171352715001561, 36.672979686967494 ], [ -89.170489358822067, 36.673719712568477 ] ] ], [ [ [ -89.172014331266553, 36.691261637031246 ], [ -89.1679757, 36.685466800000022 ], [ -89.1677757, 36.6823668 ], [ -89.167885700000014, 36.678516800000018 ], [ -89.1679757, 36.6779468 ], [ -89.169251531748102, 36.675110084695611 ], [ -89.168016, 36.685514 ], [ -89.172014331266553, 36.691261637031246 ] ] ], [ [ [ -89.177849251313219, 36.696263855152523 ], [ -89.1751157, 36.694256799999962 ], [ -89.174674714677806, 36.693805769894574 ], [ -89.177849251313219, 36.696263855152523 ] ] ], [ [ [ -89.195774795638982, 36.711772384998511 ], [ -89.1883258, 36.705136799999941 ], [ -89.187299468089378, 36.7039538822238 ], [ -89.195774795638982, 36.711772384998511 ] ] ], [ [ [ -89.199510959387993, 36.716146291319873 ], [ -89.19936953103668, 36.715915656930811 ], [ -89.19948, 36.716045 ], [ -89.199510959387993, 36.716146291319873 ] ] ], [ [ [ -89.175676330698565, 36.757370229056953 ], [ -89.1773058, 36.7568168 ], [ -89.177620773149471, 36.756747900115357 ], [ -89.175676330698565, 36.757370229056953 ] ] ], [ [ [ -89.1568657, 36.755956799999964 ], [ -89.1571357, 36.755966800000017 ], [ -89.1581957, 36.7561368 ], [ -89.1593058, 36.75647680000003 ], [ -89.165141768159913, 36.758986496462441 ], [ -89.15699, 36.755968 ], [ -89.153930076321629, 36.756141076719018 ], [ -89.1568657, 36.755956799999964 ] ] ], [ [ [ -89.159313727077858, 36.666088707765972 ], [ -89.159098279704381, 36.66633140810044 ], [ -89.1590557, 36.666306799999965 ], [ -89.159313727077858, 36.666088707765972 ] ] ], [ [ [ -89.1355057, 36.751756800000038 ], [ -89.137636772437261, 36.753020294446728 ], [ -89.131741870534356, 36.751768653215279 ], [ -89.1355057, 36.751756800000038 ] ] ], [ [ [ -89.125756678977623, 36.752051726479422 ], [ -89.1259057, 36.751786800000041 ], [ -89.126072904871293, 36.751786284036527 ], [ -89.125756678977623, 36.752051726479422 ] ] ], [ [ [ -89.138316844096067, 36.753361891259615 ], [ -89.1400857, 36.754216799999988 ], [ -89.140203560321382, 36.754309543276904 ], [ -89.138316844096067, 36.753361891259615 ] ] ], [ [ [ -89.1204257, 36.757486800000024 ], [ -89.124559726687863, 36.753056432557869 ], [ -89.119198451610856, 36.759801307266045 ], [ -89.1204257, 36.757486800000024 ] ] ], [ [ [ -89.1173557, 36.764486800000014 ], [ -89.119197776898844, 36.759802656674864 ], [ -89.116620764982386, 36.76738701152081 ], [ -89.1173557, 36.764486800000014 ] ] ], [ [ [ -89.1160857, 36.772239555660974 ], [ -89.1161157, 36.770646799999959 ], [ -89.116509588074109, 36.768081027852517 ], [ -89.1160857, 36.772239555660974 ] ] ], [ [ [ -89.116787645564273, 36.775364722011972 ], [ -89.1162157, 36.7734969 ], [ -89.1160857, 36.772499337641662 ], [ -89.116787645564273, 36.775364722011972 ] ] ], [ [ [ -89.119818998482003, 36.780958341514669 ], [ -89.1182957, 36.7783869 ], [ -89.117014011619716, 36.775907741518296 ], [ -89.119818998482003, 36.780958341514669 ] ] ], [ [ [ -89.123300624420793, 36.78506887841165 ], [ -89.1218957, 36.783786899999988 ], [ -89.120767324884653, 36.782416827292067 ], [ -89.123300624420793, 36.78506887841165 ] ] ] ] } },
{ "type": "Feature", "properties": { "state_po": "KY", "county_geoid": "21105", "pwsid": "KY0420405", "pws_name": "GRAVES CO WATER DIST - SOUTH GRAVES", "population_served_count": 1844, "model_method": "", "verification_status": "", "symbology_field": "System Sourced", "intersection_area_sq_km": 0.39636782301383228 }, "geometry": { "type": "Polygon", "coordinates": [ [ [ -88.8173788, 36.563437099999987 ], [ -88.8186438, 36.5724702 ], [ -88.821319, 36.576646 ], [ -88.8199081, 36.579158700000043 ], [ -88.816946705226897, 36.580130718176903 ], [ -88.8173788, 36.563437099999987 ] ] ] } },
{ "type": "Feature", "properties": { "state_po": "KY", "county_geoid": "21105", "pwsid": "KY0530077", "pws_name": "WATER SERVICE CORP OF KENTUCKY", "population_served_count": 1633, "model_method": "", "verification_status": "", "symbology_field": "System Sourced", "intersection_area_sq_km": 6.3508685532027132 }, "geometry": { "type": "Polygon", "coordinates": [ [ [ -88.9948544, 36.648536899999961 ], [ -88.9986213, 36.6490711 ], [ -89.0007986, 36.6511997 ], [ -88.9985389, 36.6558251 ], [ -88.9997996, 36.6605716 ], [ -89.0075796, 36.662953099999967 ], [ -89.0096767, 36.6656567 ], [ -89.0048929, 36.6717594 ], [ -89.002799200000013, 36.677812599999953 ], [ -88.9994424, 36.6795019 ], [ -88.9906461, 36.679103 ], [ -88.9864775, 36.6753772 ], [ -88.9855518, 36.672295 ], [ -88.9797343, 36.671995 ], [ -88.9747723, 36.6613416 ], [ -88.9761593, 36.658355800000031 ], [ -88.9814126, 36.656459600000019 ], [ -88.989865, 36.6584571 ], [ -88.9882209, 36.653293500000032 ], [ -88.9948544, 36.648536899999961 ] ] ] } },
{ "type": "Feature", "properties": { "state_po": "KY", "county_geoid": "21105", "pwsid": "KY0530083", "pws_name": "COLUMBUS WATER WORKS", "population_served_count": 300, "model_method": "", "verification_status": "", "symbology_field": "System Sourced", "intersection_area_sq_km": 3.6147343789522846 }, "geometry": { "type": "Polygon", "coordinates": [ [ [ -89.1024658, 36.747639899999953 ], [ -89.1065698, 36.749532500000022 ], [ -89.107390099999989, 36.754940599999976 ], [ -89.1112428, 36.757183500000032 ], [ -89.1161945, 36.766819 ], [ -89.1124793, 36.770031700000011 ], [ -89.106722499999989, 36.7682651 ], [ -89.1035223, 36.7729795 ], [ -89.0998178, 36.774112100000025 ], [ -89.0959518, 36.771576899999971 ], [ -89.0975905, 36.765795299999972 ], [ -89.0962913, 36.75937039999998 ], [ -89.0930638, 36.7554334 ], [ -89.0949024, 36.752852399999981 ], [ -89.0982791, 36.752224100000021 ], [ -89.0993272, 36.748788100000013 ], [ -89.1024658, 36.747639899999953 ] ] ] } },
{ "type": "Feature", "properties": { "state_po": "KY", "county_geoid": "21191", "pwsid": "KY0410662", "pws_name": "CORINTH WATER DISTRICT", "population_served_count": 3139, "model_method": "", "verification_status": "", "symbology_field": "System Sourced", "intersection_area_sq_km": 1.4660620006871279 }, "geometry": { "type": "MultiPolygon", "coordinates": [ [ [ [ -84.477522172925944, 38.547753852621362 ], [ -84.474453147982402, 38.543997270958613 ], [ -84.476299, 38.542723 ], [ -84.477522172925944, 38.547753852621362 ] ] ], [ [ [ -84.481021450413095, 38.562142333720978 ], [ -84.4748756, 38.557614 ], [ -84.478496908143498, 38.551762389238561 ], [ -84.481021450413095, 38.562142333720978 ] ] ], [ [ [ -84.4915846, 38.607896800000013 ], [ -84.4863896, 38.6108351 ], [ -84.4819359, 38.607887 ], [ -84.4855125, 38.595617299999965 ], [ -84.488614884735455, 38.593350631914738 ], [ -84.4915846, 38.607896800000013 ] ] ] ] } },
{ "type": "Feature", "properties": { "state_po": "KY", "county_geoid": "21191", "pwsid": "KY0960051", "pws_name": "BUTLER WATER WORKS", "population_served_count": 980, "model_method": "", "verification_status": "", "symbology_field": "System Sourced", "intersection_area_sq_km": 1.9142123846552219 }, "geometry": { "type": "Polygon", "coordinates": [ [ [ -84.3755914, 38.780204900000015 ], [ -84.3824113, 38.784932899999987 ], [ -84.3824951, 38.788747 ], [ -84.373891, 38.792884 ], [ -84.3663033, 38.7919334 ], [ -84.3620015, 38.788334900000031 ], [ -84.3621712, 38.7846547 ], [ -84.3755914, 38.780204900000015 ] ] ] } },
{ "type": "Feature", "properties": { "state_po": "KY", "county_geoid": "21191", "pwsid": "KY0960348", "pws_name": "PENDLETON CO WATER DISTRICT #1 / NORTH", "population_served_count": 1485, "model_method": "", "verification_status": "", "symbology_field": "System Sourced", "intersection_area_sq_km": 155.55384210148182 }, "geometry": { "type": "MultiPolygon", "coordinates": [ [ [ [ -84.3458457, 38.814810299999969 ], [ -84.3473176, 38.810389200000031 ], [ -84.3430577, 38.806780800000034 ], [ -84.3378715, 38.792396400000044 ], [ -84.3325676, 38.7870972 ], [ -84.3340367, 38.7831247 ], [ -84.3444826, 38.776532500000037 ], [ -84.3383709, 38.76480489999998 ], [ -84.3394896, 38.7585005 ], [ -84.3432253, 38.754445399999959 ], [ -84.3431081, 38.749872900000028 ], [ -84.334372, 38.752575199999988 ], [ -84.3225087, 38.753589800000022 ], [ -84.3157992, 38.750139399999981 ], [ -84.3124033, 38.743727900000017 ], [ -84.3133549, 38.739719399999977 ], [ -84.3194557, 38.7356613 ], [ -84.3373576, 38.73000880000005 ], [ -84.3398799, 38.722550399999975 ], [ -84.3342391, 38.7271905 ], [ -84.3249322, 38.727300699999951 ], [ -84.3110407, 38.723842699999963 ], [ -84.3072432, 38.721541099999982 ], [ -84.3040201, 38.7163455 ], [ -84.3048016, 38.709927700000044 ], [ -84.3090341, 38.706237799999968 ], [ -84.3150812, 38.7053978 ], [ -84.323005200000011, 38.706725599999984 ], [ -84.3294298, 38.705313099999962 ], [ -84.3228748, 38.6991184 ], [ -84.317373, 38.68903090000002 ], [ -84.3185344, 38.679341700000023 ], [ -84.3265159, 38.676093100000053 ], [ -84.335488, 38.677038300000049 ], [ -84.3394432, 38.6790296 ], [ -84.3455748, 38.676067099999983 ], [ -84.3737185, 38.678053900000016 ], [ -84.3934935, 38.6890583 ], [ -84.406491, 38.689368 ], [ -84.407879, 38.68661419999998 ], [ -84.4120333, 38.6856733 ], [ -84.415499400000016, 38.682157600000011 ], [ -84.4218816, 38.680811599999977 ], [ -84.4316939, 38.681498299999959 ], [ -84.446122699999989, 38.687254799999963 ], [ -84.4521492, 38.686634900000037 ], [ -84.4627839, 38.676560300000013 ], [ -84.464776, 38.665681600000028 ], [ -84.474959900000016, 38.646134599999989 ], [ -84.4886173, 38.640594 ], [ -84.499420616098277, 38.640073597834203 ], [ -84.505586173409668, 38.668168609478229 ], [ -84.5034325, 38.673597400000027 ], [ -84.4949942, 38.678312400000017 ], [ -84.4940872, 38.693331 ], [ -84.5059728, 38.701522100000048 ], [ -84.512966879721802, 38.702719596431244 ], [ -84.521261802780714, 38.74158184925416 ], [ -84.5158921, 38.7424007 ], [ -84.515812900000014, 38.745099400000022 ], [ -84.5135217, 38.746945199999963 ], [ -84.5151475, 38.755766100000017 ], [ -84.510096100000013, 38.766189400000016 ], [ -84.5141725, 38.7691708 ], [ -84.5273607, 38.772499399999951 ], [ -84.528971807405668, 38.776909374249342 ], [ -84.5171094, 38.787080699999976 ], [ -84.518240100000014, 38.7905535 ], [ -84.516484110167312, 38.793881633403487 ], [ -84.418176, 38.80662 ], [ -84.405205, 38.8064 ], [ -84.392782, 38.81284 ], [ -84.387389, 38.812323 ], [ -84.348530583873057, 38.827951258906218 ], [ -84.3496221, 38.825425799999977 ], [ -84.3458457, 38.814810299999969 ] ], [ [ -84.4910674, 38.653197899999988 ], [ -84.4884171, 38.657680199999987 ], [ -84.4943588, 38.6641176 ], [ -84.4958344, 38.662125399999972 ], [ -84.4910674, 38.653197899999988 ] ], [ [ -84.4731695, 38.6762494 ], [ -84.472688600000012, 38.673091199999988 ], [ -84.471810499999989, 38.6779951 ], [ -84.4731695, 38.6762494 ] ], [ [ -84.4841892, 38.664968699999989 ], [ -84.4813156, 38.668906400000026 ], [ -84.4824834, 38.677981800000033 ], [ -84.4801952, 38.681055900000011 ], [ -84.4832564, 38.6829855 ], [ -84.4836682, 38.685724399999977 ], [ -84.4800797, 38.688287800000012 ], [ -84.4749963, 38.68704830000005 ], [ -84.4738683, 38.69237960000001 ], [ -84.4746165, 38.6971555 ], [ -84.4816087, 38.709402399999981 ], [ -84.495372, 38.703746199999969 ], [ -84.4848002, 38.695702299999972 ], [ -84.4860066, 38.675412 ], [ -84.4929804, 38.670664799999969 ], [ -84.4881345, 38.669392099999989 ], [ -84.4841892, 38.664968699999989 ] ], [ [ -84.4348401, 38.691071600000036 ], [ -84.4353893, 38.6910435 ], [ -84.4330163, 38.690090900000015 ], [ -84.4348401, 38.691071600000036 ] ], [ [ -84.4660531, 38.685018800000051 ], [ -84.456239599999989, 38.6933709 ], [ -84.4452373, 38.694576299999973 ], [ -84.4398966, 38.692852599999938 ], [ -84.4420894, 38.6979212 ], [ -84.4464848, 38.701256700000023 ], [ -84.4482324, 38.707526199999961 ], [ -84.4571418, 38.7148611 ], [ -84.4590812, 38.712400700000018 ], [ -84.4525001, 38.705972200000012 ], [ -84.4553665, 38.702203699999956 ], [ -84.4599167, 38.70272350000004 ], [ -84.467812, 38.7100668 ], [ -84.4716069, 38.710159800000021 ], [ -84.4651758, 38.700800699999931 ], [ -84.4651698, 38.696245700000027 ], [ -84.4610902, 38.6932878 ], [ -84.4660531, 38.685018800000051 ] ], [ [ -84.514409, 38.734433499999987 ], [ -84.5092632, 38.709462 ], [ -84.5085641, 38.709342300000039 ], [ -84.5074408, 38.712497099999972 ], [ -84.5091668, 38.717011299999967 ], [ -84.5068165, 38.724066500000028 ], [ -84.5079979, 38.7331557 ], [ -84.5051798, 38.7369219 ], [ -84.5058555, 38.73902649999998 ], [ -84.5086922, 38.735511599999988 ], [ -84.514409, 38.734433499999987 ] ], [ [ -84.4982488, 38.711210400000041 ], [ -84.4881761, 38.7147645 ], [ -84.4917258, 38.717345300000026 ], [ -84.4924404, 38.723374900000039 ], [ -84.4949888, 38.72633580000003 ], [ -84.4945479, 38.7304092 ], [ -84.4918638, 38.7339939 ], [ -84.4959617, 38.736674899999976 ], [ -84.4987259, 38.73175590000001 ], [ -84.4973744, 38.723247 ], [ -84.4997413, 38.716584800000085 ], [ -84.4982488, 38.711210400000041 ] ], [ [ -84.474864599999989, 38.752120699999949 ], [ -84.478528, 38.752728200000028 ], [ -84.4804896, 38.755275 ], [ -84.4761617, 38.762719700000027 ], [ -84.4706146, 38.765868900000015 ], [ -84.461206800000014, 38.766875699999972 ], [ -84.4577294, 38.769049400000021 ], [ -84.451253799999989, 38.766571599999978 ], [ -84.4477821, 38.76999510000001 ], [ -84.4427087, 38.768354900000034 ], [ -84.4374776, 38.777364100000057 ], [ -84.4391292, 38.780267 ], [ -84.4377373, 38.7842038 ], [ -84.4439931, 38.782048099999969 ], [ -84.4491579, 38.784604899999962 ], [ -84.4492456, 38.788414100000011 ], [ -84.456399499999989, 38.7881515 ], [ -84.462745, 38.779824899999959 ], [ -84.471858, 38.774577 ], [ -84.4842707, 38.772375 ], [ -84.4868574, 38.7704221 ], [ -84.4946789, 38.768541299999988 ], [ -84.500652, 38.7632715 ], [ -84.5020684, 38.75524269999994 ], [ -84.4973973, 38.744812 ], [ -84.4856521, 38.741135600000028 ], [ -84.482377, 38.734180900000013 ], [ -84.4853098, 38.728053800000062 ], [ -84.482752, 38.72485360000001 ], [ -84.4825832, 38.720878200000023 ], [ -84.4775726, 38.716098400000021 ], [ -84.4715159, 38.71787159999996 ], [ -84.468074, 38.717455799999954 ], [ -84.4613199, 38.72231 ], [ -84.4630953, 38.726030199999954 ], [ -84.459846399999989, 38.732299299999987 ], [ -84.459883100000013, 38.737656 ], [ -84.4518558, 38.744223600000019 ], [ -84.4554397, 38.7458829 ], [ -84.4621978, 38.7461643 ], [ -84.4662175, 38.750459 ], [ -84.4636707, 38.7543664 ], [ -84.456387, 38.753836499999956 ], [ -84.457783800000016, 38.756715899999975 ], [ -84.4559019, 38.760171699999979 ], [ -84.4657943, 38.7594419 ], [ -84.4701434, 38.7535523 ], [ -84.474864599999989, 38.752120699999949 ] ], [ [ -84.507776299999989, 38.774763 ], [ -84.503402799999989, 38.771924899999973 ], [ -84.4881353, 38.779354699999963 ], [ -84.4772233, 38.780446 ], [ -84.470199, 38.784767500000044 ], [ -84.4686414, 38.787632099999975 ], [ -84.4733754, 38.788049 ], [ -84.4837515, 38.792877800000035 ], [ -84.5083993, 38.7894171 ], [ -84.5083374, 38.783528199999964 ], [ -84.5171931, 38.776874 ], [ -84.507776299999989, 38.774763 ] ], [ [ -84.4160874, 38.786573300000022 ], [ -84.4134838, 38.7863996 ], [ -84.4147751, 38.789047299999986 ], [ -84.4135893, 38.791409899999955 ], [ -84.409497700000017, 38.7925597 ], [ -84.4211028, 38.793769399999988 ], [ -84.4160874, 38.786573300000022 ] ], [ [ -84.4700588, 38.79481160000001 ], [ -84.4701042, 38.794805100000019 ], [ -84.469826200000014, 38.794844499999989 ], [ -84.4700588, 38.79481160000001 ] ], [ [ -84.4072551, 38.79178140000004 ], [ -84.4068356, 38.791477 ], [ -84.4065274, 38.791453499999953 ], [ -84.4072551, 38.79178140000004 ] ], [ [ -84.4592969, 38.796337 ], [ -84.4538146, 38.7950704 ], [ -84.4469926, 38.795511300000015 ], [ -84.4488909, 38.797817399999964 ], [ -84.4592969, 38.796337 ] ], [ [ -84.4367387, 38.796053 ], [ -84.4297272, 38.7966029 ], [ -84.4263413, 38.801045199999976 ], [ -84.4385111, 38.799303699999932 ], [ -84.4367387, 38.796053 ] ], [ [ -84.3432027, 38.686072699999968 ], [ -84.3478133, 38.6873392 ], [ -84.3482697, 38.6863489 ], [ -84.3460339, 38.684500100000022 ], [ -84.3432027, 38.686072699999968 ] ], [ [ -84.3674523, 38.687827100000071 ], [ -84.3699576, 38.685124100000031 ], [ -84.3590239, 38.684765399999961 ], [ -84.3682309, 38.692100699999969 ], [ -84.3674523, 38.687827100000071 ] ], [ [ -84.3793029, 38.6913871 ], [ -84.3812701, 38.691719 ], [ -84.3775372, 38.689267200000032 ], [ -84.3793029, 38.6913871 ] ], [ [ -84.3273121, 38.683823899999972 ], [ -84.3266218, 38.6879175 ], [ -84.3389869, 38.704688 ], [ -84.3376963, 38.708986199999956 ], [ -84.3348095, 38.7111625 ], [ -84.339165799999989, 38.711602400000025 ], [ -84.3500181, 38.7053163 ], [ -84.3633824, 38.7048812 ], [ -84.3650749, 38.699766300000022 ], [ -84.361362700000015, 38.700418800000016 ], [ -84.3540627, 38.6987133 ], [ -84.3405296, 38.6919516 ], [ -84.3395365, 38.6888608 ], [ -84.3422833, 38.686285699999935 ], [ -84.3273121, 38.683823899999972 ] ], [ [ -84.3636944, 38.712540499999982 ], [ -84.3513067, 38.713312200000011 ], [ -84.3464027, 38.716618199999971 ], [ -84.3493893, 38.719595 ], [ -84.3555433, 38.720082500000011 ], [ -84.3591221, 38.7174061 ], [ -84.3653722, 38.715621299999974 ], [ -84.3636944, 38.712540499999982 ] ], [ [ -84.3313576, 38.719676700000043 ], [ -84.331124, 38.717931199999981 ], [ -84.3302891, 38.718192800000018 ], [ -84.3313576, 38.719676700000043 ] ], [ [ -84.3494149, 38.741088499999989 ], [ -84.362884799999989, 38.7374663 ], [ -84.353544, 38.735597799999987 ], [ -84.3519335, 38.731203599999986 ], [ -84.3553268, 38.7290881 ], [ -84.3639736, 38.730126299999974 ], [ -84.3664732, 38.729147 ], [ -84.370462300000014, 38.724202 ], [ -84.3689398, 38.7224171 ], [ -84.3579101, 38.72762239999998 ], [ -84.3486, 38.725448799999967 ], [ -84.3455596, 38.7334081 ], [ -84.3379633, 38.737712299999984 ], [ -84.3402062, 38.742343900000016 ], [ -84.3473133, 38.743046 ], [ -84.3494149, 38.741088499999989 ] ], [ [ -84.396512, 38.715204 ], [ -84.4055323, 38.716183799999975 ], [ -84.4079722, 38.7201798 ], [ -84.4048901, 38.72285440000001 ], [ -84.3976606, 38.722553500000018 ], [ -84.3934443, 38.726229 ], [ -84.3966513, 38.727882600000044 ], [ -84.4005417, 38.726796199999988 ], [ -84.4048584, 38.727897200000037 ], [ -84.4121854, 38.733481299999937 ], [ -84.415627200000017, 38.739748399999989 ], [ -84.4213586, 38.742320900000017 ], [ -84.4222215, 38.7449945 ], [ -84.4185021, 38.748017 ], [ -84.4111266, 38.7464144 ], [ -84.400771400000011, 38.734898200000011 ], [ -84.395932700000017, 38.7355242 ], [ -84.3891865, 38.733825499999973 ], [ -84.3915677, 38.745123699999979 ], [ -84.392955, 38.747792100000019 ], [ -84.4004566, 38.750846 ], [ -84.4004057, 38.753603399999939 ], [ -84.397888900000012, 38.75552179999994 ], [ -84.3991624, 38.759257100000049 ], [ -84.4025921, 38.758527 ], [ -84.4112386, 38.760025699999957 ], [ -84.4178347, 38.764192600000044 ], [ -84.418489, 38.767058 ], [ -84.4158729, 38.771514299999971 ], [ -84.4265425, 38.786407799999964 ], [ -84.4294374, 38.781085 ], [ -84.4283561, 38.775879699999983 ], [ -84.4324738, 38.7675964 ], [ -84.4268827, 38.7662308 ], [ -84.425846299999989, 38.7625129 ], [ -84.4304487, 38.760123899999961 ], [ -84.4295624, 38.757427800000023 ], [ -84.4313664, 38.755059199999948 ], [ -84.4406214, 38.754348699999973 ], [ -84.4431896, 38.747063700000041 ], [ -84.4428839, 38.7418383 ], [ -84.4506783, 38.734469899999972 ], [ -84.4530816, 38.726030299999948 ], [ -84.4523107, 38.724714699999986 ], [ -84.4460845, 38.723316699999963 ], [ -84.439017, 38.723774500000026 ], [ -84.4342738, 38.721894299999974 ], [ -84.433377, 38.719455 ], [ -84.4349783, 38.716999 ], [ -84.4442107, 38.715330099999967 ], [ -84.4398624, 38.710554 ], [ -84.4382179, 38.704465599999985 ], [ -84.4331861, 38.7018854 ], [ -84.4325749, 38.698418600000011 ], [ -84.4238675, 38.694972199999967 ], [ -84.4194875, 38.691436 ], [ -84.418359, 38.6928243 ], [ -84.4217109, 38.699055900000012 ], [ -84.4289688, 38.705382700000023 ], [ -84.4287757, 38.710361699999979 ], [ -84.4258587, 38.71258330000002 ], [ -84.4213614, 38.71183019999998 ], [ -84.4198482, 38.7082063 ], [ -84.4134871, 38.703759599999962 ], [ -84.41058, 38.696674900000012 ], [ -84.4051372, 38.696545599999965 ], [ -84.4060806, 38.702002899999961 ], [ -84.40271, 38.7047426 ], [ -84.3951733, 38.704872600000044 ], [ -84.391718, 38.703455400000038 ], [ -84.3902599, 38.700211299999957 ], [ -84.3924053, 38.696664200000022 ], [ -84.380582600000011, 38.699117600000037 ], [ -84.3746154, 38.702831100000033 ], [ -84.3731762, 38.704533500000011 ], [ -84.3749271, 38.7075351 ], [ -84.3746764, 38.715965 ], [ -84.3846674, 38.7228345 ], [ -84.3918105, 38.716779900000027 ], [ -84.396512, 38.715204 ] ], [ [ -84.3305133, 38.742052499999957 ], [ -84.3242342, 38.7418392 ], [ -84.3216797, 38.743245599999966 ], [ -84.3241805, 38.746283600000034 ], [ -84.3343585, 38.744573900000042 ], [ -84.3305133, 38.742052499999957 ] ], [ [ -84.35346340000001, 38.748115500000047 ], [ -84.351941599999989, 38.747831699999949 ], [ -84.3525754, 38.749807599999933 ], [ -84.3528288, 38.749304499999944 ], [ -84.35346340000001, 38.748115500000047 ] ], [ [ -84.3993499, 38.772405500000026 ], [ -84.4044599, 38.774618599999975 ], [ -84.4036338, 38.781321499999962 ], [ -84.411576599999989, 38.779071400000014 ], [ -84.4063758, 38.77233930000002 ], [ -84.408090800000011, 38.767038799999959 ], [ -84.4033615, 38.7663163 ], [ -84.3988735, 38.767667899999971 ], [ -84.3944122, 38.766456199999944 ], [ -84.387808, 38.757909700000035 ], [ -84.3837835, 38.7590127 ], [ -84.380432399999989, 38.757203299999986 ], [ -84.3800788, 38.752553100000014 ], [ -84.3839854, 38.7496934 ], [ -84.3824548, 38.741821900000019 ], [ -84.378310399999989, 38.738143399999963 ], [ -84.3803955, 38.72992449999996 ], [ -84.378094, 38.728626800000029 ], [ -84.3722042, 38.734907100000029 ], [ -84.373262, 38.739739399999976 ], [ -84.3708503, 38.745741900000013 ], [ -84.3732811, 38.749874 ], [ -84.3730675, 38.754548299999946 ], [ -84.370430399999989, 38.7566888 ], [ -84.3669088, 38.756647899999976 ], [ -84.3644556, 38.7546692 ], [ -84.363824, 38.750738300000023 ], [ -84.3620897, 38.750667299999961 ], [ -84.3597502, 38.755216699999984 ], [ -84.3628406, 38.75699 ], [ -84.3640758, 38.760944599999952 ], [ -84.3575561, 38.765552100000015 ], [ -84.3563988, 38.773080199999988 ], [ -84.3579262, 38.774930399999931 ], [ -84.3675105, 38.778226600000039 ], [ -84.373413, 38.777929799999988 ], [ -84.388830399999989, 38.781163200000023 ], [ -84.3941882, 38.785079199999984 ], [ -84.3935008, 38.779012699999974 ], [ -84.3963927, 38.773904200000011 ], [ -84.3993499, 38.772405500000026 ] ], [ [ -84.3634705, 38.7848483 ], [ -84.3599864, 38.782877 ], [ -84.3590826, 38.782714799999965 ], [ -84.360553, 38.785217899999957 ], [ -84.3634705, 38.7848483 ] ], [ [ -84.3719396, 38.785331300000024 ], [ -84.3728201, 38.7899671 ], [ -84.3649629, 38.796725700000025 ], [ -84.3679865, 38.80446119999997 ], [ -84.3718772, 38.8054026 ], [ -84.373727699999989, 38.807487500000036 ], [ -84.3732162, 38.810216 ], [ -84.3697923, 38.812382 ], [ -84.3706112, 38.8142586 ], [ -84.385911299999989, 38.80888 ], [ -84.3919236, 38.8090939 ], [ -84.4037611, 38.802946399999961 ], [ -84.4138093, 38.802498899999989 ], [ -84.41665110000001, 38.800424600000014 ], [ -84.4073826, 38.799886500000014 ], [ -84.4010352, 38.797565200000015 ], [ -84.3945127, 38.792827699999982 ], [ -84.3891559, 38.7923824 ], [ -84.3850379, 38.787845399999973 ], [ -84.3719396, 38.785331300000024 ] ] ], [ [ [ -84.4393989, 38.7319609 ], [ -84.444266399999989, 38.7345851 ], [ -84.4423919, 38.738719099999969 ], [ -84.4319245, 38.741745200000011 ], [ -84.4244892, 38.739213 ], [ -84.4238514, 38.7365009 ], [ -84.4258489, 38.734229899999953 ], [ -84.4393989, 38.7319609 ] ] ] ] } },
{ "type": "Feature", "properties": { "state_po": "KY", "county_geoid": "21075", "pwsid": "TN0000700", "pws_name": "TIPTONVILLE WATER SYSTEM", "population_served_count": 2627, "model_method": "", "verification_status": "", "symbology_field": "System Sourced", "intersection_area_sq_km": 0.10392685407518895 }, "geometry": { "type": "Polygon", "coordinates": [ [ [ -89.4897598, 36.499112799999985 ], [ -89.49026254494909, 36.497684195840606 ], [ -89.506074690084262, 36.497897282324814 ], [ -89.4897598, 36.499112799999985 ] ] ] } },
{ "type": "Feature", "properties": { "state_po": "KY", "county_geoid": "21075", "pwsid": "TN0000757", "pws_name": "REELFOOT WATER ASSOCIATION", "population_served_count": 644, "model_method": "", "verification_status": "", "symbology_field": "System Sourced", "intersection_area_sq_km": 0.41028141018719538 }, "geometry": { "type": "MultiPolygon", "coordinates": [ [ [ [ -89.233688700000016, 36.508029700000016 ], [ -89.225739287042359, 36.505818363603353 ], [ -89.257827440400575, 36.506234351444498 ], [ -89.2576986, 36.506339400000023 ], [ -89.233688700000016, 36.508029700000016 ] ] ], [ [ [ -89.150265499999989, 36.504279400000023 ], [ -89.180312964814178, 36.504916685194353 ], [ -89.1803022, 36.50529460000002 ], [ -89.150265499999989, 36.504279400000023 ] ] ] ] } },
{ "type": "Feature", "properties": { "state_po": "KY", "county_geoid": "21075", "pwsid": "MO4021178", "pws_name": "MISSISSIPPI COUNTY PWSD 1", "population_served_count": 3000, "model_method": "", "verification_status": "", "symbology_field": "System Sourced", "intersection_area_sq_km": 0.21321930269165618 }, "geometry": { "type": "MultiPolygon", "coordinates": [ [ [ [ -89.256285800000015, 36.564956800000012 ], [ -89.259159446747262, 36.565048916424566 ], [ -89.251576555659838, 36.565529207004751 ], [ -89.256285800000015, 36.564956800000012 ] ] ], [ [ [ -89.260361489327664, 36.56532034498953 ], [ -89.2689358, 36.569316799999974 ], [ -89.271670478754004, 36.57136018156752 ], [ -89.260361489327664, 36.56532034498953 ] ] ], [ [ [ -89.218371569978302, 36.575523646054442 ], [ -89.2273858, 36.5692968 ], [ -89.2361758, 36.566806799999974 ], [ -89.24773866125129, 36.56585991411383 ], [ -89.236542, 36.566824 ], [ -89.227319, 36.569375 ], [ -89.218371569978302, 36.575523646054442 ] ] ], [ [ [ -89.271805089057636, 36.571470082810301 ], [ -89.279075800000015, 36.577756800000053 ], [ -89.282774864492225, 36.581619910047948 ], [ -89.271805089057636, 36.571470082810301 ] ] ], [ [ [ -89.284611422912803, 36.583495040518088 ], [ -89.2852358, 36.584106800000022 ], [ -89.287323290161908, 36.586263637398659 ], [ -89.284611422912803, 36.583495040518088 ] ] ], [ [ [ -89.2983458, 36.599156799999989 ], [ -89.301971026491358, 36.604767909290508 ], [ -89.295463841300588, 36.59498286802603 ], [ -89.2983458, 36.599156799999989 ] ] ], [ [ [ -89.3075458, 36.611816800000028 ], [ -89.313014800109428, 36.619596212463975 ], [ -89.303009539199294, 36.606162601853164 ], [ -89.3075458, 36.611816800000028 ] ] ], [ [ [ -89.326731, 36.632186 ], [ -89.326128698496305, 36.631685586676141 ], [ -89.32751046300055, 36.632192816124757 ], [ -89.326731, 36.632186 ] ] ], [ [ [ -89.213673513391669, 36.580006331765624 ], [ -89.2156158, 36.577846799999989 ], [ -89.217040802586723, 36.576573171489052 ], [ -89.213673513391669, 36.580006331765624 ] ] ], [ [ [ -89.203687909448149, 36.599459671377289 ], [ -89.2102058, 36.585516799999979 ], [ -89.213484404614533, 36.580272974824958 ], [ -89.203687909448149, 36.599459671377289 ] ] ], [ [ [ -89.198753273056724, 36.626497898594991 ], [ -89.20100159891264, 36.617207446078581 ], [ -89.200902, 36.618177 ], [ -89.199136, 36.625649 ], [ -89.198753273056724, 36.626497898594991 ] ] ], [ [ [ -89.1976158, 36.628986799999964 ], [ -89.19767015250396, 36.628900176255016 ], [ -89.197602713867909, 36.629006847277751 ], [ -89.1976158, 36.628986799999964 ] ] ], [ [ [ -89.192542, 36.635997 ], [ -89.192317019419789, 36.636237256080733 ], [ -89.192686661106606, 36.635797207041314 ], [ -89.192542, 36.635997 ] ] ], [ [ [ -89.187749, 36.641115 ], [ -89.1874858, 36.641326800000016 ], [ -89.189694451679586, 36.639037741495308 ], [ -89.187749, 36.641115 ] ] ], [ [ [ -89.1827657, 36.645036800000021 ], [ -89.183726060147706, 36.644366625062148 ], [ -89.182471081927659, 36.645260877187631 ], [ -89.1827657, 36.645036800000021 ] ] ], [ [ [ -89.174917196690316, 36.65029850957243 ], [ -89.1754657, 36.649846800000013 ], [ -89.178972784263749, 36.647594011767644 ], [ -89.174917196690316, 36.65029850957243 ] ] ] ] } },
{ "type": "Feature", "properties": { "state_po": "KY", "county_geoid": "21075", "pwsid": "KY0380193", "pws_name": "HICKMAN WATER DEPARTMENT", "population_served_count": 3191, "model_method": "", "verification_status": "", "symbology_field": "System Sourced", "intersection_area_sq_km": 62.465845424939047 }, "geometry": { "type": "Polygon", "coordinates": [ [ [ -89.2615355, 36.506602100000016 ], [ -89.25949580000001, 36.51326509999997 ], [ -89.2567106, 36.5164872 ], [ -89.2504156, 36.517486299999945 ], [ -89.2442394, 36.520532099999976 ], [ -89.2486019, 36.5244743 ], [ -89.2580492, 36.525212399999972 ], [ -89.2596955, 36.527873900000024 ], [ -89.2585072, 36.5304602 ], [ -89.2451848, 36.531665300000036 ], [ -89.2403752, 36.528149 ], [ -89.2279438, 36.5380441 ], [ -89.2164096, 36.53913940000001 ], [ -89.2135395, 36.541102499999973 ], [ -89.2152788, 36.549535400000046 ], [ -89.208823099999989, 36.5543645 ], [ -89.2131071, 36.554064400000044 ], [ -89.2178654, 36.551027399999981 ], [ -89.2265185, 36.551901300000011 ], [ -89.2418636, 36.545690699999973 ], [ -89.2565314, 36.544203 ], [ -89.2654989, 36.54522870000001 ], [ -89.2824052, 36.5538631 ], [ -89.2928961, 36.555768499999985 ], [ -89.2929465, 36.553177599999977 ], [ -89.2884068, 36.551938700000022 ], [ -89.2865864, 36.5496038 ], [ -89.2877138, 36.546548299999976 ], [ -89.2911126, 36.5453957 ], [ -89.3009118, 36.548286399999967 ], [ -89.3018091, 36.556932 ], [ -89.3185137, 36.559295700000014 ], [ -89.3355881, 36.534962 ], [ -89.3396487, 36.534063800000013 ], [ -89.3434032, 36.5365019 ], [ -89.349955400000013, 36.530172599999986 ], [ -89.3588894, 36.530029 ], [ -89.3612094, 36.5326093 ], [ -89.3600852, 36.5356655 ], [ -89.3543287, 36.53688820000005 ], [ -89.3475944, 36.54340730000002 ], [ -89.3409011, 36.543580299999967 ], [ -89.338072, 36.5473518 ], [ -89.3414122, 36.54690080000001 ], [ -89.3442026, 36.548494500000025 ], [ -89.3447111, 36.5555155 ], [ -89.3413943, 36.558222400000034 ], [ -89.3332711, 36.5578877 ], [ -89.3329478, 36.569836300000041 ], [ -89.3313528, 36.572276299999963 ], [ -89.3280859, 36.5730919 ], [ -89.3250609, 36.5718052 ], [ -89.3242099, 36.564890800000036 ], [ -89.3181579, 36.566558200000031 ], [ -89.282583699999989, 36.5615177 ], [ -89.2769953, 36.559889699999985 ], [ -89.2675185, 36.554046899999975 ], [ -89.2588217, 36.551482399999983 ], [ -89.2432532, 36.55294 ], [ -89.2285893, 36.559246299999977 ], [ -89.2073755, 36.561858300000011 ], [ -89.2157265, 36.564341599999963 ], [ -89.2162583, 36.568444 ], [ -89.214238900000012, 36.570849400000021 ], [ -89.2058805, 36.570722499999953 ], [ -89.200175, 36.575590799999944 ], [ -89.1961525, 36.5769692 ], [ -89.1813628, 36.5755318 ], [ -89.17421010000001, 36.581179500000019 ], [ -89.1688901, 36.582439399999984 ], [ -89.154557400000016, 36.5805262 ], [ -89.1535227, 36.576411500000056 ], [ -89.1583086, 36.5742868 ], [ -89.1539494, 36.572375799999982 ], [ -89.1472861, 36.5660911 ], [ -89.137737, 36.567603199999979 ], [ -89.1252136, 36.566929199999983 ], [ -89.1218011, 36.565186899999979 ], [ -89.1134348, 36.56549709999998 ], [ -89.1106543, 36.5635431 ], [ -89.1105439, 36.552801699999961 ], [ -89.1141553, 36.550054600000024 ], [ -89.1188301, 36.551899 ], [ -89.119468, 36.558064400000021 ], [ -89.1262312, 36.55790980000004 ], [ -89.1295069, 36.5598479 ], [ -89.134756, 36.560265200000018 ], [ -89.1347652, 36.555242900000039 ], [ -89.1303865, 36.550196400000019 ], [ -89.1301616, 36.544738400000043 ], [ -89.1080253, 36.543097299999985 ], [ -89.104679, 36.540414600000034 ], [ -89.1053865, 36.537495099999965 ], [ -89.108573, 36.5359993 ], [ -89.1327626, 36.537570800000019 ], [ -89.1158161, 36.525895300000016 ], [ -89.1154405, 36.507558699999983 ], [ -89.1180287, 36.5046222 ], [ -89.1214431, 36.5045226 ], [ -89.1242865, 36.507298600000013 ], [ -89.128899, 36.508213099999971 ], [ -89.1334591, 36.5124576 ], [ -89.1331362, 36.5152036 ], [ -89.1305022, 36.516961 ], [ -89.1273628, 36.516803800000027 ], [ -89.1241742, 36.514506 ], [ -89.1243945, 36.522398100000025 ], [ -89.129637, 36.524719600000012 ], [ -89.1442627, 36.5364337 ], [ -89.1696821, 36.550087099999963 ], [ -89.1740447, 36.5504547 ], [ -89.178488, 36.55558690000003 ], [ -89.1768683, 36.542849300000029 ], [ -89.1797248, 36.5398203 ], [ -89.182871300000016, 36.53981 ], [ -89.1857901, 36.541649199999952 ], [ -89.1881516, 36.5453296 ], [ -89.1892722, 36.553022299999974 ], [ -89.1957491, 36.55531329999998 ], [ -89.1984321, 36.55179260000002 ], [ -89.2064265, 36.546678100000044 ], [ -89.201755, 36.538565 ], [ -89.2010173, 36.530895799999982 ], [ -89.1979077, 36.530967700000041 ], [ -89.1940476, 36.534744099999983 ], [ -89.1891288, 36.532474199999989 ], [ -89.1910217, 36.523681199999963 ], [ -89.188319, 36.52240130000002 ], [ -89.1863746, 36.5189308 ], [ -89.188234199031285, 36.505099157574769 ], [ -89.197064346246123, 36.505301949946251 ], [ -89.1953126, 36.516932399999966 ], [ -89.20359, 36.517776899999973 ], [ -89.2052176, 36.5209104 ], [ -89.2031223, 36.523636200000048 ], [ -89.207359, 36.524394500000049 ], [ -89.2086384, 36.516565699999965 ], [ -89.207001803317993, 36.505529394010097 ], [ -89.215865051438101, 36.505688755800499 ], [ -89.2173035, 36.518785900000047 ], [ -89.2215478, 36.5162318 ], [ -89.2220507, 36.509371700000031 ], [ -89.227932004433455, 36.505847034552005 ], [ -89.239188404131568, 36.505993586633828 ], [ -89.2446083, 36.5117896 ], [ -89.2469836, 36.509651600000048 ], [ -89.2515953, 36.509395700000027 ], [ -89.252482978402, 36.506165313447688 ], [ -89.2615355, 36.506602100000016 ] ], [ [ -89.2330332, 36.512458800000019 ], [ -89.23037, 36.513680600000036 ], [ -89.2302326, 36.519967199999989 ], [ -89.2256593, 36.5226915 ], [ -89.2230126, 36.530944499999968 ], [ -89.2338823, 36.522790899999983 ], [ -89.2362384, 36.515936299999957 ], [ -89.2330332, 36.512458800000019 ] ], [ [ -89.2167415, 36.523215900000025 ], [ -89.2166787, 36.522583800000014 ], [ -89.2165305, 36.5234845 ], [ -89.2167415, 36.523215900000025 ] ], [ [ -89.2105259, 36.5331939 ], [ -89.2098396, 36.5321338 ], [ -89.2101644, 36.533921399999969 ], [ -89.2105259, 36.5331939 ] ], [ [ -89.3359492, 36.550826 ], [ -89.3359699, 36.550153699999974 ], [ -89.3354873, 36.550797 ], [ -89.3359492, 36.550826 ] ], [ [ -89.1479253, 36.558665599999983 ], [ -89.1578953, 36.562294199999947 ], [ -89.1629955, 36.567377700000044 ], [ -89.1724111, 36.567274699999984 ], [ -89.1709581, 36.5601272 ], [ -89.1686183, 36.558117499999973 ], [ -89.143793, 36.544714200000023 ], [ -89.1390946, 36.5447894 ], [ -89.1390448, 36.5478998 ], [ -89.1434468, 36.552981400000043 ], [ -89.1436619, 36.559301800000043 ], [ -89.1479253, 36.558665599999983 ] ] ] } },
{ "type": "Feature", "properties": { "state_po": "KY", "county_geoid": "21015", "pwsid": "KY0080928", "pws_name": "RIVERSIDE 25 LLC", "population_served_count": 49, "model_method": "Random Forest", "verification_status": "", "symbology_field": "Modeled", "intersection_area_sq_km": 0.54891533008058835 }, "geometry": { "type": "Polygon", "coordinates": [ [ [ -84.8273105, 38.978126900000028 ], [ -84.8241197, 38.9776855 ], [ -84.8229837, 38.9740375 ], [ -84.8236017, 38.9624785 ], [ -84.8273097, 38.959753500000012 ], [ -84.8273105, 38.978126900000028 ] ] ] } },
{ "type": "Feature", "properties": { "state_po": "KY", "county_geoid": "21015", "pwsid": "KY0080910", "pws_name": "TRAPPS WATER COMPANY", "population_served_count": 200, "model_method": "Random Forest", "verification_status": "", "symbology_field": "Modeled", "intersection_area_sq_km": 0.17938666770120307 }, "geometry": { "type": "MultiPolygon", "coordinates": [ [ [ [ -84.8275767, 38.984476500000028 ], [ -84.8283157, 38.9860355 ], [ -84.8256377, 38.987017500000029 ], [ -84.8247997, 38.985558499999982 ], [ -84.8275767, 38.984476500000028 ] ], [ [ -84.827034, 38.986495 ], [ -84.825888, 38.986006 ], [ -84.826363, 38.986744 ], [ -84.827034, 38.986495 ] ] ], [ [ [ -84.8707477, 39.068586499999981 ], [ -84.8672577, 39.070690499999976 ], [ -84.8641147, 39.0712505 ], [ -84.8670687, 39.067493499999955 ], [ -84.8697477, 39.067266500000052 ], [ -84.8707477, 39.068586499999981 ] ] ] ] } },
{ "type": "Feature", "properties": { "state_po": "KY", "county_geoid": "21015", "pwsid": "KY0081013", "pws_name": "BOONE-FLORENCE WATER COMMISSION", "population_served_count": 25, "model_method": "", "verification_status": "", "symbology_field": "System Sourced", "intersection_area_sq_km": 1.0718487095459888 }, "geometry": { "type": "Polygon", "coordinates": [ [ [ -84.6296953, 38.993487 ], [ -84.6331246, 38.994726200000031 ], [ -84.6369821, 38.999789199999988 ], [ -84.6327487, 39.004773599999972 ], [ -84.6294677, 39.00579819999998 ], [ -84.6262192, 39.004712400000024 ], [ -84.6249063, 39.0021524 ], [ -84.6262946, 38.999578100000022 ], [ -84.625396, 38.9956708 ], [ -84.6296953, 38.993487 ] ] ] } },
{ "type": "Feature", "properties": { "state_po": "KY", "county_geoid": "21035", "pwsid": "KY0183106", "pws_name": "CENTER RIDGE WATER DISTRICT #4", "population_served_count": 105, "model_method": "Random Forest", "verification_status": "", "symbology_field": "Modeled", "intersection_area_sq_km": 0.72279276799162828 }, "geometry": { "type": "MultiPolygon", "coordinates": [ [ [ [ -88.1319075, 36.725753900000043 ], [ -88.1343025, 36.729269899999984 ], [ -88.1332945, 36.732764900000028 ], [ -88.131044500000016, 36.733828900000063 ], [ -88.1311994, 36.736761 ], [ -88.1298065, 36.7340269 ], [ -88.1230185, 36.731305900000017 ], [ -88.1245395, 36.727712899999986 ], [ -88.1286325, 36.728975900000023 ], [ -88.1284885, 36.725837899999981 ], [ -88.1319075, 36.725753900000043 ] ] ], [ [ [ -88.1271705, 36.734381899999967 ], [ -88.1251325, 36.735883899999976 ], [ -88.1209555, 36.734842900000018 ], [ -88.124835499999989, 36.733015899999963 ], [ -88.1271705, 36.734381899999967 ] ] ] ] } },
{ "type": "Feature", "properties": { "state_po": "KY", "county_geoid": "21035", "pwsid": "KY0180102", "pws_name": "DEXTER ALMO HEIGHTS WATER DISTRICT", "population_served_count": 2275, "model_method": "", "verification_status": "", "symbology_field": "System Sourced", "intersection_area_sq_km": 27.878528590493435 }, "geometry": { "type": "Polygon", "coordinates": [ [ [ -88.2871837, 36.749698200000012 ], [ -88.291080799999989, 36.7462374 ], [ -88.2877313, 36.739987 ], [ -88.292019200000013, 36.730748799999951 ], [ -88.2897569, 36.724713799999989 ], [ -88.2895382, 36.7097708 ], [ -88.286363900000012, 36.710937 ], [ -88.2831642, 36.709951 ], [ -88.2814445, 36.703876 ], [ -88.2841169, 36.700142799999973 ], [ -88.2903674, 36.697787200000015 ], [ -88.2911552, 36.69538619999998 ], [ -88.2841382, 36.697280100000022 ], [ -88.282502, 36.699750899999962 ], [ -88.2789282, 36.700504799999955 ], [ -88.2747026, 36.697235200000037 ], [ -88.2737007, 36.693086900000026 ], [ -88.2772482, 36.6883178 ], [ -88.2828639, 36.689990100000017 ], [ -88.287711, 36.688516 ], [ -88.2851648, 36.683004 ], [ -88.2868532, 36.676979200000034 ], [ -88.2900401, 36.674753 ], [ -88.293923, 36.675517799999987 ], [ -88.2980251, 36.672606199999983 ], [ -88.3038556, 36.646330800000023 ], [ -88.3088805, 36.643842599999978 ], [ -88.3125995, 36.647296499999968 ], [ -88.3095995, 36.6646764 ], [ -88.3198272, 36.6644472 ], [ -88.319856, 36.652090799999982 ], [ -88.324880900000011, 36.649602 ], [ -88.3282132, 36.651684200000027 ], [ -88.3286024, 36.65725310000002 ], [ -88.3314857, 36.6594582 ], [ -88.332537, 36.665183499999976 ], [ -88.3364164, 36.668692799999988 ], [ -88.3338753, 36.673405699999989 ], [ -88.3296361, 36.675020199999949 ], [ -88.3283678, 36.6787057 ], [ -88.323771800000017, 36.68221859999997 ], [ -88.3123746, 36.68458930000002 ], [ -88.3156255, 36.687723900000051 ], [ -88.3146141, 36.6903594 ], [ -88.3115785, 36.691647399999987 ], [ -88.3153467, 36.704669 ], [ -88.3141665, 36.7077331 ], [ -88.308283500000016, 36.709965699999977 ], [ -88.3051591, 36.709620900000012 ], [ -88.3028123, 36.7067689 ], [ -88.3050635, 36.702873700000012 ], [ -88.3041189, 36.7001613 ], [ -88.2986465, 36.7009726 ], [ -88.3014868, 36.705534199999988 ], [ -88.2984947, 36.709031799999948 ], [ -88.298489, 36.7135765 ], [ -88.3012098, 36.716794499999978 ], [ -88.2985428, 36.7203995 ], [ -88.2986826, 36.72397880000004 ], [ -88.3003652, 36.724049 ], [ -88.3055727, 36.718967 ], [ -88.3101616, 36.720664800000023 ], [ -88.3100361, 36.724663800000037 ], [ -88.3135496, 36.721613799999986 ], [ -88.3180027, 36.721985899999986 ], [ -88.3226029, 36.737171499999981 ], [ -88.3172829, 36.7435499 ], [ -88.30824, 36.74150540000003 ], [ -88.3069862, 36.7451603 ], [ -88.3016041, 36.746141699999939 ], [ -88.301750246111794, 36.750035012454454 ], [ -88.2871837, 36.749698200000012 ] ], [ [ -88.2963077, 36.679421200000029 ], [ -88.2955095, 36.681441599999978 ], [ -88.2956804, 36.681440400000021 ], [ -88.2963077, 36.679421200000029 ] ], [ [ -88.3102977, 36.684426800000018 ], [ -88.3102223, 36.684511 ], [ -88.3105607, 36.684484799999979 ], [ -88.3102977, 36.684426800000018 ] ], [ [ -88.3024197, 36.6896838 ], [ -88.3026027, 36.689325099999955 ], [ -88.3022134, 36.689778600000011 ], [ -88.3024197, 36.6896838 ] ], [ [ -88.312468400000014, 36.7315717 ], [ -88.3123979, 36.731285400000012 ], [ -88.3120331, 36.731575 ], [ -88.312468400000014, 36.7315717 ] ] ] } },
{ "type": "Feature", "properties": { "state_po": "KY", "county_geoid": "21035", "pwsid": "KY0180185", "pws_name": "SOUTH 641 WATER DISTRICT", "population_served_count": 1160, "model_method": "", "verification_status": "", "symbology_field": "System Sourced", "intersection_area_sq_km": 9.9313761390400845 }, "geometry": { "type": "Polygon", "coordinates": [ [ [ -88.338672, 36.5005763 ], [ -88.3374525, 36.503153 ], [ -88.3340586, 36.5042797 ], [ -88.335835, 36.507201099999961 ], [ -88.335206, 36.509688799999985 ], [ -88.3307309, 36.511377500000023 ], [ -88.3293536, 36.529333499999957 ], [ -88.3311343, 36.533068900000011 ], [ -88.329606, 36.535646899999989 ], [ -88.3328041, 36.542410200000042 ], [ -88.3297009, 36.545868499999976 ], [ -88.3299961, 36.552292500000021 ], [ -88.3249893, 36.561579600000016 ], [ -88.3277219, 36.5660077 ], [ -88.3216638, 36.5700364 ], [ -88.3194217, 36.575790200000021 ], [ -88.3192756, 36.587834199999968 ], [ -88.314177, 36.5898352 ], [ -88.310857, 36.587129599999962 ], [ -88.3103992, 36.5756881 ], [ -88.318292900000017, 36.555035100000019 ], [ -88.3158953, 36.550956800000023 ], [ -88.3202994, 36.54818520000002 ], [ -88.321461, 36.541049500000042 ], [ -88.3203543, 36.531074600000025 ], [ -88.3217318, 36.5151876 ], [ -88.3177837, 36.512623200000021 ], [ -88.316311420570585, 36.50038828182899 ], [ -88.338672, 36.5005763 ] ] ] } },
{ "type": "Feature", "properties": { "state_po": "KY", "county_geoid": "21035", "pwsid": "KY0180502", "pws_name": "CENTER RIDGE WATER DISTRICT #3", "population_served_count": 208, "model_method": "", "verification_status": "", "symbology_field": "System Sourced", "intersection_area_sq_km": 3.1883958186221202 }, "geometry": { "type": "Polygon", "coordinates": [ [ [ -88.0742505, 36.576918400000011 ], [ -88.0779953, 36.578239600000046 ], [ -88.08374, 36.5839942 ], [ -88.0895494, 36.585198300000052 ], [ -88.0907298, 36.5877873 ], [ -88.0890729, 36.590445200000026 ], [ -88.0809468, 36.593137899999988 ], [ -88.0766214, 36.59201009999996 ], [ -88.072583400000013, 36.59344349999995 ], [ -88.0645802, 36.58943 ], [ -88.0625245, 36.58505029999997 ], [ -88.0630886, 36.580304 ], [ -88.065834, 36.578496900000012 ], [ -88.0742505, 36.576918400000011 ] ] ] } },
{ "type": "Feature", "properties": { "state_po": "KY", "county_geoid": "21035", "pwsid": "KY0180509", "pws_name": "CENTER RIDGE WATER DISTRICT #2", "population_served_count": 377, "model_method": "", "verification_status": "", "symbology_field": "System Sourced", "intersection_area_sq_km": 2.5511379881519494 }, "geometry": { "type": "Polygon", "coordinates": [ [ [ -88.066865400000012, 36.585580399999976 ], [ -88.0755419, 36.5879034 ], [ -88.0782477, 36.594890300000024 ], [ -88.0768208, 36.600893099999951 ], [ -88.0743238, 36.6041299 ], [ -88.071405, 36.605083099999938 ], [ -88.0641483, 36.603299899999982 ], [ -88.0620072, 36.596843600000014 ], [ -88.0635828, 36.587291500000013 ], [ -88.066865400000012, 36.585580399999976 ] ] ] } },
{ "type": "Feature", "properties": { "state_po": "KY", "county_geoid": "21035", "pwsid": "KY0180549", "pws_name": "CENTER RIDGE WATER SYSTEM", "population_served_count": 273, "model_method": "", "verification_status": "", "symbology_field": "System Sourced", "intersection_area_sq_km": 1.7683567990155169 }, "geometry": { "type": "Polygon", "coordinates": [ [ [ -88.0842584, 36.6394877 ], [ -88.088568, 36.641847 ], [ -88.0898312, 36.645671900000039 ], [ -88.088616, 36.649497900000043 ], [ -88.0785277, 36.6518545 ], [ -88.073302, 36.649986499999976 ], [ -88.0716974, 36.6470724 ], [ -88.0734983, 36.6418202 ], [ -88.0842584, 36.6394877 ] ] ] } },
{ "type": "Feature", "properties": { "state_po": "KY", "county_geoid": "21035", "pwsid": "KY0180914", "pws_name": "STELLA TRAILER PARK", "population_served_count": 74, "model_method": "", "verification_status": "", "symbology_field": "System Sourced", "intersection_area_sq_km": 0.78951647293343141 }, "geometry": { "type": "Polygon", "coordinates": [ [ [ -88.3978218, 36.634901599999964 ], [ -88.401806, 36.636616900000014 ], [ -88.4027929, 36.639898 ], [ -88.4001447, 36.643209499999983 ], [ -88.395961899999989, 36.6440106 ], [ -88.3921753, 36.641788899999959 ], [ -88.391412699999989, 36.6390998 ], [ -88.3978218, 36.634901599999964 ] ] ] } },
{ "type": "Feature", "properties": { "state_po": "KY", "county_geoid": "21035", "pwsid": "KY0790173", "pws_name": "HARDIN WATER DEPARTMENT", "population_served_count": 1606, "model_method": "", "verification_status": "", "symbology_field": "System Sourced", "intersection_area_sq_km": 0.52545821763999567 }, "geometry": { "type": "Polygon", "coordinates": [ [ [ -88.3079629, 36.749958799999987 ], [ -88.3131736, 36.7481205 ], [ -88.3175081, 36.748559799999988 ], [ -88.3191643, 36.746299 ], [ -88.3221572, 36.7454953 ], [ -88.3253283, 36.746366900000012 ], [ -88.328958350859324, 36.750102485728689 ], [ -88.3079629, 36.749958799999987 ] ] ] } },
{ "type": "Feature", "properties": { "state_po": "KY", "county_geoid": "21219", "pwsid": "KY0710247", "pws_name": "LEWISBURG WATER WORKS", "population_served_count": 3119, "model_method": "", "verification_status": "", "symbology_field": "System Sourced", "intersection_area_sq_km": 0.33181833696304031 }, "geometry": { "type": "MultiPolygon", "coordinates": [ [ [ [ -87.056781664119555, 36.866448862814984 ], [ -87.0582574, 36.869308199999971 ], [ -87.056657973359265, 36.871883409148218 ], [ -87.056781664119555, 36.866448862814984 ] ] ], [ [ [ -87.056528557865079, 36.877568621102455 ], [ -87.0594063, 36.881361099999985 ], [ -87.056403531103555, 36.884372774071082 ], [ -87.056528557865079, 36.877568621102455 ] ] ], [ [ [ -87.056185546647612, 36.900524822674996 ], [ -87.058611, 36.905007600000026 ], [ -87.056083056479622, 36.908116611415892 ], [ -87.056185546647612, 36.900524822674996 ] ] ] ] } },
{ "type": "Feature", "properties": { "state_po": "KY", "county_geoid": "21219", "pwsid": "KY1100121", "pws_name": "ELKTON WATER WORKS", "population_served_count": 2780, "model_method": "", "verification_status": "", "symbology_field": "System Sourced", "intersection_area_sq_km": 11.125474813241357 }, "geometry": { "type": "Polygon", "coordinates": [ [ [ -87.1513356, 36.7942064 ], [ -87.1556655, 36.796444300000019 ], [ -87.1593768, 36.79185380000002 ], [ -87.1645793, 36.792202100000033 ], [ -87.1690619, 36.80010950000004 ], [ -87.1661796, 36.8065351 ], [ -87.1722938, 36.8080224 ], [ -87.1813358, 36.813548900000029 ], [ -87.1810603, 36.8225112 ], [ -87.1770782, 36.8245705 ], [ -87.1719707, 36.8227698 ], [ -87.1695642, 36.828023300000034 ], [ -87.1719342, 36.833874600000016 ], [ -87.16875, 36.8366921 ], [ -87.1644017, 36.835812200000021 ], [ -87.1576983, 36.8279366 ], [ -87.1478169, 36.8264174 ], [ -87.146337699999989, 36.8214043 ], [ -87.1480554, 36.8145798 ], [ -87.145835, 36.812101899999973 ], [ -87.1394656, 36.812874099999988 ], [ -87.136052, 36.8105383 ], [ -87.1365342, 36.806028699999978 ], [ -87.1406412, 36.8039725 ], [ -87.1451989, 36.7959023 ], [ -87.1513356, 36.7942064 ] ] ] } },
{ "type": "Feature", "properties": { "state_po": "KY", "county_geoid": "21219", "pwsid": "KY1100171", "pws_name": "GUTHRIE WATER WORKS", "population_served_count": 2421, "model_method": "", "verification_status": "", "symbology_field": "System Sourced", "intersection_area_sq_km": 9.4521422837238855 }, "geometry": { "type": "Polygon", "coordinates": [ [ [ -87.184553392857026, 36.642102077873609 ], [ -87.2122797, 36.642833 ], [ -87.2160261, 36.645785200000027 ], [ -87.2162049, 36.648756500000019 ], [ -87.2126996, 36.650995200000033 ], [ -87.2042889, 36.6500789 ], [ -87.2011101, 36.652203 ], [ -87.1955449, 36.651723600000011 ], [ -87.1775899, 36.660479499999958 ], [ -87.1738744, 36.65981589999997 ], [ -87.1720665, 36.657381199999982 ], [ -87.1724659, 36.6637244 ], [ -87.169067, 36.6663684 ], [ -87.1645766, 36.665049900000035 ], [ -87.1607613, 36.657386300000027 ], [ -87.1514376, 36.661621800000042 ], [ -87.1465173, 36.659740299999989 ], [ -87.1462423, 36.6569907 ], [ -87.1494746, 36.654130400000028 ], [ -87.1501786, 36.650970400000027 ], [ -87.1559006, 36.649232 ], [ -87.1563552, 36.646791699999973 ], [ -87.151079735021057, 36.642251858521078 ], [ -87.181901617178553, 36.642113926993794 ], [ -87.1841492, 36.64311389999996 ], [ -87.184553392857026, 36.642102077873609 ] ] ] } },
{ "type": "Feature", "properties": { "state_po": "KY", "county_geoid": "21219", "pwsid": "KY1100428", "pws_name": "TRENTON WATER WORKS", "population_served_count": 950, "model_method": "", "verification_status": "", "symbology_field": "System Sourced", "intersection_area_sq_km": 12.968076139137368 }, "geometry": { "type": "Polygon", "coordinates": [ [ [ -87.295571, 36.674530699999977 ], [ -87.2996992, 36.6754595 ], [ -87.3047908, 36.680688500000031 ], [ -87.3088116, 36.681425600000011 ], [ -87.3103635, 36.6845852 ], [ -87.3087008, 36.686996899999961 ], [ -87.3036232, 36.688695799999969 ], [ -87.2955174, 36.686231900000017 ], [ -87.2907434, 36.693015399999986 ], [ -87.291971, 36.694963399999956 ], [ -87.3086517, 36.689852599999988 ], [ -87.3195289, 36.6974407 ], [ -87.320475800000011, 36.700963300000026 ], [ -87.3182082, 36.703107799999962 ], [ -87.314794, 36.703334399999989 ], [ -87.3068915, 36.697435100000014 ], [ -87.2925322, 36.702441099999987 ], [ -87.2844296, 36.701412600000012 ], [ -87.2770119, 36.7153202 ], [ -87.27186420000001, 36.720252 ], [ -87.2751382, 36.721610499999933 ], [ -87.276023, 36.7247371 ], [ -87.280258, 36.7260512 ], [ -87.2810138, 36.7293942 ], [ -87.2753216, 36.733554599999955 ], [ -87.2716498, 36.733894500000027 ], [ -87.2640297, 36.7289948 ], [ -87.2598906, 36.72912639999997 ], [ -87.2475177, 36.722869200000034 ], [ -87.2459239, 36.718871400000019 ], [ -87.2517203, 36.7138908 ], [ -87.2553388, 36.7131746 ], [ -87.2556205, 36.709359099999965 ], [ -87.2605594, 36.707102 ], [ -87.267142, 36.707432 ], [ -87.2680804, 36.712937200000034 ], [ -87.2895249, 36.678567 ], [ -87.295571, 36.674530699999977 ] ] ] } },
{ "type": "Feature", "properties": { "state_po": "KY", "county_geoid": "21219", "pwsid": "KY1101005", "pws_name": "LOGAN-TODD REGIONAL WATER COMMISSION", "population_served_count": 36, "model_method": "", "verification_status": "", "symbology_field": "System Sourced", "intersection_area_sq_km": 42.185821432785133 }, "geometry": { "type": "Polygon", "coordinates": [ [ [ -87.1800906, 36.642195800000039 ], [ -87.1573816, 36.656862699999955 ], [ -87.1442335, 36.670541499999977 ], [ -87.1496543, 36.673774799999975 ], [ -87.153275, 36.672074 ], [ -87.1570414, 36.673053199999941 ], [ -87.1582645, 36.676520100000019 ], [ -87.1547047, 36.679750599999956 ], [ -87.1573354, 36.685369399999978 ], [ -87.172148299999989, 36.692503900000034 ], [ -87.220232, 36.703932899999977 ], [ -87.2366758, 36.711183699999943 ], [ -87.2535329, 36.7162708 ], [ -87.2639244, 36.721795700000015 ], [ -87.2784823, 36.719975799999986 ], [ -87.289190499999989, 36.7155613 ], [ -87.2975177, 36.716789299999952 ], [ -87.304786299999989, 36.7075994 ], [ -87.3180891, 36.702403100000019 ], [ -87.326925408772283, 36.694865520205369 ], [ -87.32483695086519, 36.707154151132492 ], [ -87.3109241, 36.7134026 ], [ -87.3025898, 36.722949700000029 ], [ -87.2985056, 36.724203400000029 ], [ -87.2911036, 36.7230371 ], [ -87.2808293, 36.726968599999957 ], [ -87.2713108, 36.727484 ], [ -87.26456850000001, 36.729891099999968 ], [ -87.2167914, 36.710589199999987 ], [ -87.1746542, 36.701099 ], [ -87.176154, 36.71305380000004 ], [ -87.1720129, 36.732338800000043 ], [ -87.1724994, 36.73825290000002 ], [ -87.1667821, 36.750384499999967 ], [ -87.1629828, 36.7675833 ], [ -87.1551909, 36.7797582 ], [ -87.156662400000016, 36.787532399999975 ], [ -87.1551808, 36.807432299999988 ], [ -87.1582705, 36.811060199999972 ], [ -87.1556399, 36.8211343 ], [ -87.1565448, 36.830635400000013 ], [ -87.1614121, 36.835255499999981 ], [ -87.1628216, 36.8400559 ], [ -87.1611212, 36.842936299999963 ], [ -87.1568789, 36.843864700000026 ], [ -87.1535479, 36.842133599999968 ], [ -87.1476436, 36.831735600000044 ], [ -87.1466671, 36.8210829 ], [ -87.1480208, 36.815410399999962 ], [ -87.1456233, 36.810147199999975 ], [ -87.1476972, 36.7875931 ], [ -87.1462048, 36.779323800000014 ], [ -87.1544861, 36.7652965 ], [ -87.1580494, 36.74875890000002 ], [ -87.1636652, 36.736992 ], [ -87.1631413, 36.7313109 ], [ -87.167155799999989, 36.712904 ], [ -87.1659033, 36.6979009 ], [ -87.1507705, 36.690465400000036 ], [ -87.1455018, 36.680639099999979 ], [ -87.1370676, 36.676120900000058 ], [ -87.1353266, 36.672249100000016 ], [ -87.0927095, 36.7042793 ], [ -87.059801807533646, 36.726607625596515 ], [ -87.059920239906631, 36.717131265825529 ], [ -87.1459718, 36.6552369 ], [ -87.1444301, 36.6467115 ], [ -87.14842246607779, 36.642264136797856 ], [ -87.159963226715021, 36.642212269762659 ], [ -87.1590059, 36.645491899999975 ], [ -87.153713599999989, 36.649824200000012 ], [ -87.164898354055182, 36.64218999292936 ], [ -87.1800906, 36.642195800000039 ] ] ] } },
{ "type": "Feature", "properties": { "state_po": "KY", "county_geoid": "21047", "pwsid": "KY0540465", "pws_name": "WHITE PLAINS WATER SYSTEM", "population_served_count": 1871, "model_method": "", "verification_status": "", "symbology_field": "System Sourced", "intersection_area_sq_km": 0.014691249556646604 }, "geometry": { "type": "MultiPolygon", "coordinates": [ [ [ [ -87.359529429612522, 37.144380170984668 ], [ -87.35980772553502, 37.143954597316949 ], [ -87.359668, 37.144463 ], [ -87.359529429612522, 37.144380170984668 ] ] ], [ [ [ -87.3581087, 37.156927199999977 ], [ -87.3592863, 37.156226800000013 ], [ -87.360435132885129, 37.155902879288867 ], [ -87.360305, 37.15666 ], [ -87.3581087, 37.156927199999977 ] ] ] ] } },
{ "type": "Feature", "properties": { "state_po": "KY", "county_geoid": "21047", "pwsid": "KY0540958", "pws_name": "DAWSON SPRINGS WATER & SEWER", "population_served_count": 2631, "model_method": "", "verification_status": "", "symbology_field": "System Sourced", "intersection_area_sq_km": 0.15328506870777134 }, "geometry": { "type": "Polygon", "coordinates": [ [ [ -87.6739937, 37.149492 ], [ -87.677914199999989, 37.1478308 ], [ -87.681658428598951, 37.144858962767401 ], [ -87.680617, 37.149239 ], [ -87.6739937, 37.149492 ] ] ] } },
{ "type": "Feature", "properties": { "state_po": "KY", "county_geoid": "21047", "pwsid": "KY1101005", "pws_name": "LOGAN-TODD REGIONAL WATER COMMISSION", "population_served_count": 36, "model_method": "", "verification_status": "", "symbology_field": "System Sourced", "intersection_area_sq_km": 8.223755256199853 }, "geometry": { "type": "Polygon", "coordinates": [ [ [ -87.3270062, 36.69475 ], [ -87.3320467, 36.687141 ], [ -87.334155, 36.6795851 ], [ -87.338802, 36.675986900000012 ], [ -87.3427637, 36.6663791 ], [ -87.3520134, 36.6621235 ], [ -87.3596076, 36.649432199999985 ], [ -87.363411, 36.648554 ], [ -87.3681771, 36.650836499999947 ], [ -87.3767504, 36.647867500000011 ], [ -87.3855196, 36.647928399999984 ], [ -87.3950036, 36.643595799999979 ], [ -87.3992634, 36.6446939 ], [ -87.3995493, 36.6492609 ], [ -87.3898343, 36.654351 ], [ -87.385252, 36.6557472 ], [ -87.3810465, 36.654749400000043 ], [ -87.3708759, 36.6578371 ], [ -87.364689500000011, 36.6576293 ], [ -87.3588484, 36.666911599999978 ], [ -87.3498734, 36.6715972 ], [ -87.3475143, 36.678173299999983 ], [ -87.3424482, 36.683298199999982 ], [ -87.3402928, 36.690036799999987 ], [ -87.3339758, 36.699643599999987 ], [ -87.32483695086519, 36.707154151132492 ], [ -87.3270062, 36.69475 ] ] ] } },
{ "type": "Feature", "properties": { "state_po": "KY", "county_geoid": "21081", "pwsid": "KY0410107", "pws_name": "DRY RIDGE WATER WORKS COMMISSION", "population_served_count": 2400, "model_method": "", "verification_status": "", "symbology_field": "System Sourced", "intersection_area_sq_km": 12.935099278341355 }, "geometry": { "type": "Polygon", "coordinates": [ [ [ -84.6209801, 38.6698416 ], [ -84.6291527, 38.670734399999965 ], [ -84.631752, 38.6677606 ], [ -84.6351605, 38.66707879999997 ], [ -84.638358, 38.668679399999988 ], [ -84.6390911, 38.671588400000019 ], [ -84.6350556, 38.677008699999945 ], [ -84.6273906, 38.6808907 ], [ -84.6212725, 38.6883094 ], [ -84.6085999, 38.690270499999983 ], [ -84.6068341, 38.691861300000035 ], [ -84.6064193, 38.700697900000044 ], [ -84.6023233, 38.7031023 ], [ -84.5978095, 38.700841899999965 ], [ -84.597665800000016, 38.6912334 ], [ -84.5941688, 38.687924099999982 ], [ -84.5906433, 38.6897796 ], [ -84.5869072, 38.689258600000016 ], [ -84.5777121, 38.680521100000014 ], [ -84.577015, 38.6751847 ], [ -84.5670607, 38.674785299999968 ], [ -84.5639011, 38.67142089999998 ], [ -84.5679983, 38.666734200000036 ], [ -84.573512, 38.6671215 ], [ -84.5738634, 38.6632228 ], [ -84.5775714, 38.661465299999954 ], [ -84.5848621, 38.664569199999974 ], [ -84.5869801, 38.670214 ], [ -84.5986931, 38.667312 ], [ -84.6040656, 38.6709916 ], [ -84.6095815, 38.668274 ], [ -84.613072699999989, 38.670286299999965 ], [ -84.6129689, 38.6735509 ], [ -84.6209801, 38.6698416 ] ] ] } },
{ "type": "Feature", "properties": { "state_po": "KY", "county_geoid": "21081", "pwsid": "KY0410662", "pws_name": "CORINTH WATER DISTRICT", "population_served_count": 3139, "model_method": "", "verification_status": "", "symbology_field": "System Sourced", "intersection_area_sq_km": 101.76097497958945 }, "geometry": { "type": "Polygon", "coordinates": [ [ [ -84.6676309, 38.545577100000017 ], [ -84.6639527, 38.544868100000038 ], [ -84.6600299, 38.540820700000033 ], [ -84.6567511, 38.540675699999987 ], [ -84.662012600000011, 38.544300400000012 ], [ -84.666131299999989, 38.5509058 ], [ -84.655342, 38.56165859999998 ], [ -84.6597487, 38.561524299999974 ], [ -84.6625103, 38.56322859999996 ], [ -84.6622953, 38.567030599999974 ], [ -84.6578444, 38.568681199999972 ], [ -84.6657617, 38.576282799999959 ], [ -84.669376, 38.5778264 ], [ -84.677029499999989, 38.577601299999976 ], [ -84.6807761, 38.581374400000016 ], [ -84.6795372, 38.5848442 ], [ -84.6741544, 38.5854504 ], [ -84.6732016, 38.5871873 ], [ -84.6750395, 38.592375799999957 ], [ -84.6745895, 38.598192399999974 ], [ -84.6732159, 38.606436800000026 ], [ -84.6707775, 38.608714 ], [ -84.6667154, 38.608677 ], [ -84.6642801, 38.6061259 ], [ -84.6645437, 38.599502199999947 ], [ -84.6627425, 38.5961327 ], [ -84.6654268, 38.5921879 ], [ -84.6635869, 38.5865139 ], [ -84.6644634, 38.583935799999971 ], [ -84.6597555, 38.5818084 ], [ -84.6391776, 38.565506 ], [ -84.6256891, 38.5653345 ], [ -84.61843180000001, 38.56374270000002 ], [ -84.6153774, 38.563868 ], [ -84.6158229, 38.566025199999977 ], [ -84.6199393, 38.5717825 ], [ -84.6248047, 38.57426190000001 ], [ -84.6242164, 38.578434200000011 ], [ -84.620446300000012, 38.5796184 ], [ -84.6142438, 38.577865799999948 ], [ -84.6046167, 38.58170370000002 ], [ -84.5976008, 38.579610200000026 ], [ -84.5874901, 38.580378900000014 ], [ -84.5848085, 38.5824041 ], [ -84.5829714, 38.595625799999979 ], [ -84.5799883, 38.59879549999998 ], [ -84.5759269, 38.598755499999946 ], [ -84.5735596, 38.596432700000022 ], [ -84.5752778, 38.583060300000021 ], [ -84.5724695, 38.582319099999978 ], [ -84.5675398, 38.58426 ], [ -84.562728, 38.58424829999997 ], [ -84.5526242, 38.579744800000014 ], [ -84.5510471, 38.574698 ], [ -84.5319954, 38.5741408 ], [ -84.5356264, 38.5807795 ], [ -84.5474546, 38.5847 ], [ -84.5508863, 38.588025700000017 ], [ -84.5558762, 38.588652799999984 ], [ -84.5647618, 38.592521 ], [ -84.566456699999989, 38.5951506 ], [ -84.565285, 38.597750699999963 ], [ -84.5609185, 38.598865499999974 ], [ -84.551988, 38.595275 ], [ -84.5463363, 38.59497929999997 ], [ -84.5421847, 38.5906813 ], [ -84.5354334, 38.587990499999989 ], [ -84.527208, 38.588656500000013 ], [ -84.523851, 38.587608500000016 ], [ -84.5184013, 38.590622499999974 ], [ -84.5199886, 38.5974942 ], [ -84.5181442, 38.600334200000013 ], [ -84.512554, 38.6002761 ], [ -84.5102758, 38.595202099999987 ], [ -84.5021743, 38.601732899999988 ], [ -84.4933788, 38.6007715 ], [ -84.491909803166863, 38.60746204913648 ], [ -84.488614884735455, 38.593350631914738 ], [ -84.4998261, 38.593654800000017 ], [ -84.5052205, 38.5871539 ], [ -84.5033627, 38.584518 ], [ -84.4993608, 38.5839175 ], [ -84.4962322, 38.581397 ], [ -84.4912764, 38.574147800000063 ], [ -84.4840729, 38.568017499999975 ], [ -84.481021450413095, 38.562142333720978 ], [ -84.478496908143498, 38.551762389238561 ], [ -84.4802026, 38.548598 ], [ -84.477522172925944, 38.547753852621362 ], [ -84.476299, 38.542723 ], [ -84.477341736909381, 38.538763866105064 ], [ -84.481623, 38.534289700000016 ], [ -84.478934206325164, 38.532716627650302 ], [ -84.480871945343111, 38.525356888784785 ], [ -84.4886312, 38.513921 ], [ -84.484344067163377, 38.512165624337214 ], [ -84.485295, 38.508552 ], [ -84.497695, 38.512201 ], [ -84.502771, 38.511984 ], [ -84.506095, 38.510083 ], [ -84.506818, 38.507768 ], [ -84.521393, 38.508299 ], [ -84.523664, 38.505644 ], [ -84.527472, 38.50571 ], [ -84.530935, 38.503189 ], [ -84.534555, 38.503116 ], [ -84.53539, 38.500831 ], [ -84.54281, 38.499298 ], [ -84.543292, 38.49738 ], [ -84.546739, 38.4957 ], [ -84.548241, 38.496371 ], [ -84.551883, 38.493221 ], [ -84.560674, 38.492378 ], [ -84.564583710744145, 38.488590307146033 ], [ -84.5697073, 38.4878905 ], [ -84.567090276257673, 38.486143205542376 ], [ -84.572922207599134, 38.480448796582635 ], [ -84.5791536, 38.4817618 ], [ -84.5808698, 38.484167399999968 ], [ -84.5800415, 38.486886299999988 ], [ -84.5833721, 38.487166399999921 ], [ -84.591226, 38.484096700000038 ], [ -84.59463818168976, 38.47860742205679 ], [ -84.602677301380908, 38.48105809113094 ], [ -84.60122, 38.483662399999979 ], [ -84.6153698, 38.490263899999974 ], [ -84.6170204, 38.493841899999978 ], [ -84.6142375, 38.4964417 ], [ -84.6090532, 38.4961881 ], [ -84.6014502, 38.491447 ], [ -84.5963724, 38.4900798 ], [ -84.5875744, 38.493588500000023 ], [ -84.5876648, 38.500033500000015 ], [ -84.5931914, 38.507260799999969 ], [ -84.5920929, 38.510329399999968 ], [ -84.5845062, 38.51251070000005 ], [ -84.5721339, 38.5077721 ], [ -84.5828316, 38.513046299999971 ], [ -84.5832705, 38.5219698 ], [ -84.5872435, 38.521619799999989 ], [ -84.606761, 38.5278641 ], [ -84.609034, 38.523684399999986 ], [ -84.6146755, 38.5199773 ], [ -84.6350613, 38.51324230000003 ], [ -84.6417207, 38.5135566 ], [ -84.6456408, 38.5163791 ], [ -84.6439456, 38.520155100000018 ], [ -84.6297186, 38.5226971 ], [ -84.6176436, 38.527637200000022 ], [ -84.6218794, 38.532410899999952 ], [ -84.6279092, 38.533228099999974 ], [ -84.6304595, 38.5325005 ], [ -84.6324487, 38.527308200000014 ], [ -84.6358025, 38.524807400000014 ], [ -84.644086, 38.522165599999987 ], [ -84.650570766191777, 38.522025832892929 ], [ -84.653659, 38.5245747 ], [ -84.6526275, 38.527874 ], [ -84.6410111, 38.530753 ], [ -84.6495385, 38.530460799999965 ], [ -84.66515, 38.534463599999967 ], [ -84.669259, 38.539907 ], [ -84.665457, 38.543453 ], [ -84.6676309, 38.545577100000017 ] ], [ [ -84.5737552, 38.494379399999985 ], [ -84.5773306, 38.494159800000041 ], [ -84.5774415, 38.493897300000036 ], [ -84.5762344, 38.493492699999976 ], [ -84.5737552, 38.494379399999985 ] ], [ [ -84.5536285, 38.497340400000013 ], [ -84.55431, 38.49700379999998 ], [ -84.5538897, 38.496929500000043 ], [ -84.5536285, 38.497340400000013 ] ], [ [ -84.5478592, 38.500930600000018 ], [ -84.548855, 38.49994830000005 ], [ -84.5468088, 38.50126249999996 ], [ -84.5478592, 38.500930600000018 ] ], [ [ -84.5556293, 38.505794500000022 ], [ -84.5430733, 38.5112889 ], [ -84.5389945, 38.5159123 ], [ -84.5351669, 38.517677 ], [ -84.5333017, 38.5256886 ], [ -84.5312369, 38.527914700000046 ], [ -84.532472, 38.52932159999996 ], [ -84.5347056, 38.530245499999964 ], [ -84.5443645, 38.521533800000036 ], [ -84.5553756, 38.516013100000031 ], [ -84.5578014, 38.5115083 ], [ -84.5556293, 38.505794500000022 ] ], [ [ -84.5644334, 38.519655300000025 ], [ -84.558591299999989, 38.524165500000016 ], [ -84.5505128, 38.527594 ], [ -84.5488635, 38.530470500000014 ], [ -84.5430827, 38.533988299999962 ], [ -84.5419075, 38.535808499999973 ], [ -84.544698, 38.538159600000014 ], [ -84.5449732, 38.540689 ], [ -84.5405315, 38.543314099999982 ], [ -84.5346079, 38.5502834 ], [ -84.5353561, 38.555884899999974 ], [ -84.5386602, 38.55605030000001 ], [ -84.536489, 38.551216 ], [ -84.5403433, 38.545470399999971 ], [ -84.5468716, 38.5450809 ], [ -84.5508555, 38.543250799999981 ], [ -84.5591666, 38.5431297 ], [ -84.56704, 38.535326900000037 ], [ -84.5712319, 38.5335986 ], [ -84.570405, 38.530423800000023 ], [ -84.5719786, 38.527318600000015 ], [ -84.5644334, 38.519655300000025 ] ], [ [ -84.5895015, 38.5305377 ], [ -84.5811746, 38.5309944 ], [ -84.5818186, 38.53495209999997 ], [ -84.5941255, 38.5451904 ], [ -84.5958478, 38.551100500000011 ], [ -84.6036526, 38.5521374 ], [ -84.607859, 38.555188599999951 ], [ -84.6270268, 38.55802850000002 ], [ -84.637943, 38.557404899999973 ], [ -84.6442982, 38.559330100000032 ], [ -84.6499297, 38.5557236 ], [ -84.6543194, 38.549341599999963 ], [ -84.6436674, 38.54201230000001 ], [ -84.6342461, 38.5395642 ], [ -84.6326684, 38.5426783 ], [ -84.6284442, 38.54341 ], [ -84.6238759, 38.540103 ], [ -84.6154489, 38.538000200000027 ], [ -84.6128692, 38.535099299999978 ], [ -84.6090989, 38.535978300000032 ], [ -84.596872300000015, 38.534142200000019 ], [ -84.5895015, 38.5305377 ] ], [ [ -84.5785741, 38.5423956 ], [ -84.5736438, 38.5410378 ], [ -84.5648131, 38.549641199999989 ], [ -84.5550547, 38.550891599999964 ], [ -84.5590321, 38.552512399999969 ], [ -84.5616681, 38.556135899999987 ], [ -84.5674641, 38.555379699999968 ], [ -84.5744755, 38.560448699999952 ], [ -84.5850007, 38.560703100000012 ], [ -84.5875628, 38.556102 ], [ -84.5853178, 38.553213200000037 ], [ -84.5862761, 38.548992900000037 ], [ -84.5785741, 38.5423956 ] ], [ [ -84.6002045, 38.559580800000056 ], [ -84.594343, 38.560961499999927 ], [ -84.5913627, 38.572786 ], [ -84.5988946, 38.5721953 ], [ -84.6043656, 38.574223100000033 ], [ -84.6090069, 38.57106490000001 ], [ -84.6038786, 38.56208059999998 ], [ -84.6002045, 38.559580800000056 ] ], [ [ -84.5428236, 38.5647517 ], [ -84.5320487, 38.563343499999945 ], [ -84.524756, 38.566032400000012 ], [ -84.5440288, 38.5680416 ], [ -84.5428236, 38.5647517 ] ], [ [ -84.5505769, 38.558089200000019 ], [ -84.5483061, 38.558970899999963 ], [ -84.5524133, 38.561851699999984 ], [ -84.5530952, 38.566596900000022 ], [ -84.5595646, 38.569698099999968 ], [ -84.5602817, 38.575207 ], [ -84.564781, 38.577181 ], [ -84.5711789, 38.575027399999982 ], [ -84.5795586, 38.57632620000004 ], [ -84.5815596, 38.574866699999987 ], [ -84.5829692, 38.5682874 ], [ -84.5718755, 38.5680626 ], [ -84.5648568, 38.564173399999987 ], [ -84.5581047, 38.564004199999921 ], [ -84.5505769, 38.558089200000019 ] ], [ [ -84.5428302, 38.503232300000015 ], [ -84.5391486, 38.5042484 ], [ -84.5384242, 38.505067 ], [ -84.5409743, 38.5042263 ], [ -84.5428302, 38.503232300000015 ] ], [ [ -84.5263727, 38.514796200000021 ], [ -84.5358144, 38.5066776 ], [ -84.5260119, 38.509155 ], [ -84.5218106, 38.5119358 ], [ -84.5102188, 38.511723400000086 ], [ -84.5049832, 38.5152656 ], [ -84.5057266, 38.523616200000028 ], [ -84.514167, 38.533362200000056 ], [ -84.5213005, 38.527541200000037 ], [ -84.5263727, 38.514796200000021 ] ], [ [ -84.4979107, 38.5276009 ], [ -84.4961041, 38.5186981 ], [ -84.4907373, 38.5282742 ], [ -84.4979107, 38.5276009 ] ], [ [ -84.5328664, 38.537572 ], [ -84.5247263, 38.534571799999959 ], [ -84.5210093, 38.539003300000019 ], [ -84.5218897, 38.543946499999947 ], [ -84.5284695, 38.543954 ], [ -84.5307145, 38.542171 ], [ -84.5328664, 38.537572 ] ], [ [ -84.5036514, 38.534711199999968 ], [ -84.4908891, 38.535665599999987 ], [ -84.4858568, 38.5423249 ], [ -84.4949161, 38.5450148 ], [ -84.5007259, 38.544984 ], [ -84.5041737, 38.5425256 ], [ -84.5086069, 38.542170299999981 ], [ -84.5094764, 38.540352700000014 ], [ -84.5036514, 38.534711199999968 ] ], [ [ -84.504888799999989, 38.553069499999985 ], [ -84.5056444, 38.552099499999962 ], [ -84.502861600000017, 38.552798 ], [ -84.504888799999989, 38.553069499999985 ] ], [ [ -84.5251973, 38.55116970000001 ], [ -84.5210626, 38.553116 ], [ -84.52149150000001, 38.559046099999989 ], [ -84.5257801, 38.557671799999966 ], [ -84.5251973, 38.55116970000001 ] ], [ [ -84.4994996, 38.55272589999997 ], [ -84.4888637, 38.551108299999989 ], [ -84.4861838, 38.555829 ], [ -84.4994996, 38.55272589999997 ] ], [ [ -84.5033206, 38.560271 ], [ -84.4988676, 38.5603721 ], [ -84.4979873, 38.564251199999973 ], [ -84.4945835, 38.565986099999968 ], [ -84.5040937, 38.577107900000065 ], [ -84.5151841, 38.583113799999971 ], [ -84.5175621, 38.581635299999952 ], [ -84.5109766, 38.577594900000051 ], [ -84.5100499, 38.574276400000038 ], [ -84.5130498, 38.571827899999988 ], [ -84.5195797, 38.573008299999962 ], [ -84.5189499, 38.5719743 ], [ -84.5116257, 38.5680832 ], [ -84.5101103, 38.5654465 ], [ -84.5060475, 38.564607400000014 ], [ -84.5033206, 38.560271 ] ] ] } },
{ "type": "Feature", "properties": { "state_po": "KY", "county_geoid": "21081", "pwsid": "KY0960348", "pws_name": "PENDLETON CO WATER DISTRICT #1 / NORTH", "population_served_count": 1485, "model_method": "", "verification_status": "", "symbology_field": "System Sourced", "intersection_area_sq_km": 2.4852742544324649 }, "geometry": { "type": "MultiPolygon", "coordinates": [ [ [ [ -84.4997305, 38.64010020000002 ], [ -84.5029449, 38.641642899999987 ], [ -84.508487, 38.648517 ], [ -84.505978, 38.654523399999981 ], [ -84.505586173409668, 38.668168609478229 ], [ -84.4997305, 38.64010020000002 ] ] ], [ [ [ -84.512966879721802, 38.702719596431244 ], [ -84.5177466, 38.705576600000043 ], [ -84.52445, 38.737135199999969 ], [ -84.521261802780714, 38.74158184925416 ], [ -84.512966879721802, 38.702719596431244 ] ] ], [ [ [ -84.528110361135688, 38.773005797016317 ], [ -84.5293502, 38.77528030000002 ], [ -84.528971807405668, 38.776909374249342 ], [ -84.528110361135688, 38.773005797016317 ] ] ] ] } }
]
}
