{
"type": "FeatureCollection",
"name": "md_service_areas",
"crs": { "type": "name", "properties": { "name": "urn:ogc:def:crs:OGC:1.3:CRS84" } },
"features": [
{ "type": "Feature", "properties": { "state_po": "MD", "county_geoid": "24005", "pwsid": "MD0030202", "pws_name": "CHAPEL HILL NURSING CENTER", "population_served_count": 125, "model_method": "", "verification_status": "", "symbology_field": "System Sourced", "intersection_area_sq_km": 0.023770224958506253 }, "geometry": { "type": "Polygon", "coordinates": [ [ [ -76.8609221, 39.397955 ], [ -76.85908790000002, 39.396318299999969 ], [ -76.8608213, 39.396307 ], [ -76.8609221, 39.397955 ] ] ] } },
{ "type": "Feature", "properties": { "state_po": "MD", "county_geoid": "24005", "pwsid": "MD0030023", "pws_name": "GRAMERCY LLC (AKA KOINONIA PARTNERSHIP )", "population_served_count": 40, "model_method": "", "verification_status": "", "symbology_field": "System Sourced", "intersection_area_sq_km": 0.17956392950102087 }, "geometry": { "type": "Polygon", "coordinates": [ [ [ -76.695664, 39.4301451 ], [ -76.6948383, 39.4242054 ], [ -76.6973184, 39.423096099999988 ], [ -76.6992745, 39.429919500000025 ], [ -76.6968452, 39.4289111 ], [ -76.695664, 39.4301451 ] ] ] } },
{ "type": "Feature", "properties": { "state_po": "MD", "county_geoid": "24005", "pwsid": "MD0030204", "pws_name": "GRANITE MOBILE HOME PARK", "population_served_count": 96, "model_method": "", "verification_status": "", "symbology_field": "System Sourced", "intersection_area_sq_km": 0.060430291064200808 }, "geometry": { "type": "Polygon", "coordinates": [ [ [ -76.8504487, 39.333507199999943 ], [ -76.8499847, 39.332175500000012 ], [ -76.8519332, 39.330873200000013 ], [ -76.8526202, 39.333283900000033 ], [ -76.8504487, 39.333507199999943 ] ] ] } },
{ "type": "Feature", "properties": { "state_po": "MD", "county_geoid": "24005", "pwsid": "MD0030017", "pws_name": "PHOENIX", "population_served_count": 31, "model_method": "", "verification_status": "", "symbology_field": "System Sourced", "intersection_area_sq_km": 0.16029279588086717 }, "geometry": { "type": "Polygon", "coordinates": [ [ [ -76.5804021, 39.5233589 ], [ -76.5758804, 39.5207173 ], [ -76.5720816, 39.5224644 ], [ -76.573201900000015, 39.519612899999977 ], [ -76.5783958, 39.519485899999957 ], [ -76.5811458, 39.522270700000036 ], [ -76.5804021, 39.5233589 ] ] ] } },
{ "type": "Feature", "properties": { "state_po": "MD", "county_geoid": "24005", "pwsid": "MD0030208", "pws_name": "GLEN MEADOWS RETIREMENT COMMUNITY", "population_served_count": 468, "model_method": "", "verification_status": "", "symbology_field": "System Sourced", "intersection_area_sq_km": 1.1096976419807234 }, "geometry": { "type": "Polygon", "coordinates": [ [ [ -76.5200427, 39.448213900000056 ], [ -76.5216169, 39.449556700000024 ], [ -76.513886, 39.453921 ], [ -76.5095569, 39.451175699999986 ], [ -76.506945500000015, 39.4469036 ], [ -76.509173, 39.446386 ], [ -76.5089893, 39.444849600000012 ], [ -76.5107154, 39.4462081 ], [ -76.5123508, 39.445004800000014 ], [ -76.5107535, 39.443849800000017 ], [ -76.5165127, 39.440936199999953 ], [ -76.52369, 39.444801300000023 ], [ -76.5200427, 39.448213900000056 ] ] ] } },
{ "type": "Feature", "properties": { "state_po": "MD", "county_geoid": "24019", "pwsid": "MD0050002", "pws_name": "TOWN OF FEDERALSBURG", "population_served_count": 2450, "model_method": "", "verification_status": "", "symbology_field": "System Sourced", "intersection_area_sq_km": 0.0011477677686840952 }, "geometry": { "type": "Polygon", "coordinates": [ [ [ -75.762722, 38.68622 ], [ -75.761865, 38.685164900000039 ], [ -75.762831666993534, 38.686226062357491 ], [ -75.762722, 38.68622 ] ] ] } },
{ "type": "Feature", "properties": { "state_po": "MD", "county_geoid": "24019", "pwsid": "MD0090219", "pws_name": "BAY COUNTRY MOBILE HOME PARK", "population_served_count": 300, "model_method": "", "verification_status": "", "symbology_field": "System Sourced", "intersection_area_sq_km": 0.1435889885346143 }, "geometry": { "type": "Polygon", "coordinates": [ [ [ -76.0377362, 38.552218 ], [ -76.038069, 38.550902799999946 ], [ -76.0346211, 38.5500775 ], [ -76.0368272, 38.547915700000026 ], [ -76.042113300000011, 38.551480699999978 ], [ -76.0408799, 38.5523888 ], [ -76.0392263, 38.550856 ], [ -76.0377362, 38.552218 ] ] ] } },
{ "type": "Feature", "properties": { "state_po": "MD", "county_geoid": "24019", "pwsid": "MD0090222", "pws_name": "BEAVER RUN MOBILE HOME PARK", "population_served_count": 275, "model_method": "", "verification_status": "", "symbology_field": "System Sourced", "intersection_area_sq_km": 0.32210659462085145 }, "geometry": { "type": "Polygon", "coordinates": [ [ [ -75.9610929, 38.545005 ], [ -75.9607819, 38.540038400000057 ], [ -75.958793, 38.5383259 ], [ -75.9657662, 38.538974100000026 ], [ -75.9649912, 38.545001099999972 ], [ -75.9610929, 38.545005 ] ] ] } },
{ "type": "Feature", "properties": { "state_po": "MD", "county_geoid": "24019", "pwsid": "MD0090001", "pws_name": "BONNIE BROOK", "population_served_count": 390, "model_method": "", "verification_status": "", "symbology_field": "System Sourced", "intersection_area_sq_km": 0.52862086970342048 }, "geometry": { "type": "Polygon", "coordinates": [ [ [ -76.0219906, 38.5632299 ], [ -76.0137435, 38.5526268 ], [ -76.0138196, 38.552351499999972 ], [ -76.0182822, 38.5516308 ], [ -76.020307800000012, 38.554308400000032 ], [ -76.0251816, 38.5560613 ], [ -76.0245619, 38.557752899999947 ], [ -76.0222689, 38.557986100000043 ], [ -76.0233244, 38.562660899999969 ], [ -76.0219906, 38.5632299 ] ], [ [ -76.0161425, 38.5536254 ], [ -76.01609160000001, 38.553661599999934 ], [ -76.0161656, 38.5536615 ], [ -76.0161425, 38.5536254 ] ] ] } },
{ "type": "Feature", "properties": { "state_po": "MD", "county_geoid": "24019", "pwsid": "MD0090220", "pws_name": "DORCHESTER COUNTRY ESTATES M.H.P.", "population_served_count": 118, "model_method": "", "verification_status": "", "symbology_field": "System Sourced", "intersection_area_sq_km": 0.030054906646010508 }, "geometry": { "type": "Polygon", "coordinates": [ [ [ -76.0325457, 38.5513477 ], [ -76.0342137, 38.5517359 ], [ -76.0351695, 38.551962899999964 ], [ -76.0338225, 38.553092199999988 ], [ -76.0325457, 38.5513477 ] ] ] } },
{ "type": "Feature", "properties": { "state_po": "MD", "county_geoid": "24019", "pwsid": "MD0090004", "pws_name": "TOWN OF EAST NEW MARKET", "population_served_count": 400, "model_method": "", "verification_status": "", "symbology_field": "System Sourced", "intersection_area_sq_km": 1.0120740293193633 }, "geometry": { "type": "MultiPolygon", "coordinates": [ [ [ [ -75.9317187, 38.601194899999989 ], [ -75.9280722, 38.599682400000013 ], [ -75.9246626, 38.6015115 ], [ -75.9191482, 38.598655599999972 ], [ -75.9179308, 38.600656200000017 ], [ -75.9153432, 38.59832610000003 ], [ -75.9207338, 38.594640299999988 ], [ -75.923435, 38.5920799 ], [ -75.9283876, 38.5913258 ], [ -75.9298937, 38.599569399999972 ], [ -75.9317187, 38.601194899999989 ] ], [ [ -75.9215944, 38.594902700000034 ], [ -75.9215498, 38.59489090000001 ], [ -75.9215917, 38.594932100000023 ], [ -75.9215944, 38.594902700000034 ] ], [ [ -75.9174868, 38.6000981 ], [ -75.917525400000017, 38.6001019 ], [ -75.9175151, 38.6000831 ], [ -75.9174868, 38.6000981 ] ] ], [ [ [ -75.9145191, 38.598044100000038 ], [ -75.9150164, 38.594182 ], [ -75.9193928, 38.5952828 ], [ -75.9145191, 38.598044100000038 ] ] ] ] } },
{ "type": "Feature", "properties": { "state_po": "MD", "county_geoid": "24019", "pwsid": "MD0090224", "pws_name": "HERITAGE MOBILE HOME PARK", "population_served_count": 80, "model_method": "", "verification_status": "", "symbology_field": "System Sourced", "intersection_area_sq_km": 0.11313966492211107 }, "geometry": { "type": "Polygon", "coordinates": [ [ [ -75.9347184, 38.591704 ], [ -75.9349851, 38.597079499999978 ], [ -75.9340649, 38.59756130000001 ], [ -75.9327494, 38.597250900000027 ], [ -75.93265839999998, 38.5927158 ], [ -75.9347184, 38.591704 ] ] ] } },
{ "type": "Feature", "properties": { "state_po": "MD", "county_geoid": "24019", "pwsid": "MD0090005", "pws_name": "TOWN OF HURLOCK", "population_served_count": 2150, "model_method": "", "verification_status": "", "symbology_field": "System Sourced", "intersection_area_sq_km": 7.0188655217512235 }, "geometry": { "type": "MultiPolygon", "coordinates": [ [ [ [ -75.8543386, 38.618585099999962 ], [ -75.860591, 38.618969400000012 ], [ -75.8610149, 38.623529700000041 ], [ -75.8624447, 38.6221049 ], [ -75.8780244, 38.623913299999948 ], [ -75.8835402, 38.6200614 ], [ -75.88803, 38.620601200000024 ], [ -75.8910951, 38.6236447 ], [ -75.8914517, 38.6269726 ], [ -75.8871669, 38.6280565 ], [ -75.887223400000011, 38.630845899999969 ], [ -75.871171, 38.634034099999965 ], [ -75.8683247, 38.6372312 ], [ -75.8716773, 38.6412957 ], [ -75.8632097, 38.644011699999972 ], [ -75.8617438, 38.638301799999986 ], [ -75.8575413, 38.6381242 ], [ -75.8541559, 38.634882900000036 ], [ -75.8575517, 38.63331220000002 ], [ -75.856386700000016, 38.631393399999972 ], [ -75.8539206, 38.631327299999988 ], [ -75.8537664, 38.630148 ], [ -75.8504139, 38.631631499999955 ], [ -75.8491924, 38.630472399999945 ], [ -75.8503273, 38.627137100000041 ], [ -75.8536699, 38.6275505 ], [ -75.8538089, 38.624386500000014 ], [ -75.8514557, 38.6243658 ], [ -75.8516883, 38.6230142 ], [ -75.8473705, 38.6221735 ], [ -75.8370542, 38.6158275 ], [ -75.8399063, 38.609172299999919 ], [ -75.847639, 38.609057400000047 ], [ -75.8481498, 38.6047072 ], [ -75.8572931, 38.606432700000028 ], [ -75.8611513, 38.6057548 ], [ -75.8584196, 38.614795299999962 ], [ -75.8522777, 38.613459 ], [ -75.8481964, 38.609523200000012 ], [ -75.8441508, 38.6175888 ], [ -75.8501404, 38.6208237 ], [ -75.8543386, 38.618585099999962 ] ], [ [ -75.8715817, 38.6284967 ], [ -75.871206, 38.6287601 ], [ -75.8707812, 38.62905719999997 ], [ -75.8715817, 38.6284967 ] ], [ [ -75.8652629, 38.632713200000019 ], [ -75.865254, 38.6327088 ], [ -75.8649081, 38.6329613 ], [ -75.8652629, 38.632713200000019 ] ], [ [ -75.8614311, 38.635446100000038 ], [ -75.8611532, 38.635454100000018 ], [ -75.8614106, 38.6354788 ], [ -75.8614311, 38.635446100000038 ] ] ], [ [ [ -75.8497372, 38.631576799999984 ], [ -75.8531321, 38.6327875 ], [ -75.8495662, 38.6373811 ], [ -75.8470451, 38.632457599999981 ], [ -75.8497372, 38.631576799999984 ] ] ] ] } },
{ "type": "Feature", "properties": { "state_po": "MD", "county_geoid": "24019", "pwsid": "MD0090009", "pws_name": "LODGECLIFFE DISTRIBUTION SYSTEM", "population_served_count": 300, "model_method": "", "verification_status": "", "symbology_field": "System Sourced", "intersection_area_sq_km": 0.24397921626869923 }, "geometry": { "type": "MultiPolygon", "coordinates": [ [ [ [ -76.0958882, 38.5834655 ], [ -76.096499, 38.582947 ], [ -76.0962639, 38.58358459999998 ], [ -76.0958882, 38.5834655 ] ] ], [ [ [ -76.0948653, 38.583690399999959 ], [ -76.095964, 38.582867699999987 ], [ -76.0953425, 38.5838467 ], [ -76.0948653, 38.583690399999959 ] ] ], [ [ [ -76.1007369, 38.58364540000003 ], [ -76.101346799999988, 38.585868800000014 ], [ -76.0989482, 38.5853662 ], [ -76.1015177, 38.587 ], [ -76.099393, 38.587119699999953 ], [ -76.0988735, 38.588625199999953 ], [ -76.0931699, 38.585719400000031 ], [ -76.0947537, 38.5840585 ], [ -76.0956092, 38.585241799999949 ], [ -76.1007369, 38.58364540000003 ] ], [ [ -76.098524900000029, 38.5853033 ], [ -76.0985237, 38.585306100000018 ], [ -76.0985304, 38.585305100000021 ], [ -76.098524900000029, 38.5853033 ] ], [ [ -76.097121, 38.585218499999961 ], [ -76.09684110000002, 38.584948499999975 ], [ -76.0970244, 38.585272699999962 ], [ -76.097121, 38.585218499999961 ] ], [ [ -76.0980097, 38.5854979 ], [ -76.0975652, 38.585105299999945 ], [ -76.0979315, 38.585570199999964 ], [ -76.0980097, 38.5854979 ] ], [ [ -76.0965728, 38.585466 ], [ -76.0965493, 38.585457899999987 ], [ -76.0965465, 38.585477299999958 ], [ -76.0965728, 38.585466 ] ], [ [ -76.098978, 38.5865088 ], [ -76.0982087, 38.586305700000011 ], [ -76.0985811, 38.586731099999987 ], [ -76.098978, 38.5865088 ] ], [ [ -76.0955408, 38.58597139999997 ], [ -76.0955429, 38.585962 ], [ -76.0955304, 38.5859631 ], [ -76.0955408, 38.58597139999997 ] ], [ [ -76.0985354, 38.5875123 ], [ -76.0983129, 38.587083699999965 ], [ -76.0982226, 38.587134199999987 ], [ -76.0985354, 38.5875123 ] ] ] ] } },
{ "type": "Feature", "properties": { "state_po": "MD", "county_geoid": "24019", "pwsid": "MD0090221", "pws_name": "RELIANCE MOBILE HOME PARK", "population_served_count": 200, "model_method": "", "verification_status": "", "symbology_field": "System Sourced", "intersection_area_sq_km": 0.13007661547249821 }, "geometry": { "type": "Polygon", "coordinates": [ [ [ -75.7089057, 38.634609399999974 ], [ -75.7072104, 38.6313604 ], [ -75.7105953, 38.630842299999976 ], [ -75.711769, 38.6344575 ], [ -75.7089057, 38.634609399999974 ] ] ] } },
{ "type": "Feature", "properties": { "state_po": "MD", "county_geoid": "24019", "pwsid": "MD0090007", "pws_name": "TOWN OF SECRETARY", "population_served_count": 535, "model_method": "", "verification_status": "", "symbology_field": "System Sourced", "intersection_area_sq_km": 0.84003604212558547 }, "geometry": { "type": "Polygon", "coordinates": [ [ [ -75.9533828, 38.61072869999996 ], [ -75.9410566, 38.613928099999974 ], [ -75.9436133, 38.602795400000019 ], [ -75.9516848, 38.6043422 ], [ -75.9533828, 38.61072869999996 ] ], [ [ -75.9524649, 38.610214799999959 ], [ -75.9522582, 38.610224100000032 ], [ -75.9527364, 38.6103243 ], [ -75.9524649, 38.610214799999959 ] ] ] } },
{ "type": "Feature", "properties": { "state_po": "MD", "county_geoid": "24019", "pwsid": "MD0090008", "pws_name": "TOWN OF VIENNA", "population_served_count": 460, "model_method": "", "verification_status": "", "symbology_field": "System Sourced", "intersection_area_sq_km": 1.3049325848064695 }, "geometry": { "type": "Polygon", "coordinates": [ [ [ -75.8421978, 38.49293159999997 ], [ -75.8384732, 38.491996500000013 ], [ -75.8383319, 38.494176399999986 ], [ -75.8367477, 38.4942155 ], [ -75.8365987, 38.492567600000051 ], [ -75.8330239, 38.493982800000033 ], [ -75.827072, 38.492450099999949 ], [ -75.8245551, 38.486785499999968 ], [ -75.8235292, 38.485915700000035 ], [ -75.8223697, 38.48711829999997 ], [ -75.8244262, 38.4876944 ], [ -75.8242141, 38.489081100000035 ], [ -75.8217585, 38.487171 ], [ -75.824325500000015, 38.481157300000014 ], [ -75.8319246, 38.4814464 ], [ -75.8338291, 38.487295 ], [ -75.8329058, 38.48872740000003 ], [ -75.8310331, 38.488355200000044 ], [ -75.8369969, 38.491397 ], [ -75.8367479, 38.489779700000014 ], [ -75.8410415, 38.490353700000014 ], [ -75.8427054, 38.492072199999981 ], [ -75.8442441, 38.491283899999985 ], [ -75.8477078, 38.494549499999962 ], [ -75.8427742, 38.4943788 ], [ -75.8421978, 38.49293159999997 ] ], [ [ -75.8257744, 38.4863317 ], [ -75.8257449, 38.486278599999984 ], [ -75.8256971, 38.486257900000012 ], [ -75.8257744, 38.4863317 ] ], [ [ -75.8270879, 38.486761699999967 ], [ -75.8270941, 38.486736299999961 ], [ -75.8270665, 38.486723 ], [ -75.8270879, 38.486761699999967 ] ], [ [ -75.8291125, 38.4873928 ], [ -75.828474, 38.486991400000015 ], [ -75.8282767, 38.48710449999998 ], [ -75.8291125, 38.4873928 ] ], [ [ -75.8302451, 38.487847100000039 ], [ -75.8304397, 38.487966900000018 ], [ -75.8305065, 38.4879485 ], [ -75.8302451, 38.487847100000039 ] ], [ [ -75.8458823, 38.493450799999962 ], [ -75.8458924, 38.493472700000012 ], [ -75.8459254, 38.49347190000001 ], [ -75.8458823, 38.493450799999962 ] ] ] } },
{ "type": "Feature", "properties": { "state_po": "MD", "county_geoid": "24017", "pwsid": "MD0080002", "pws_name": "AVON CREST", "population_served_count": 79, "model_method": "", "verification_status": "", "symbology_field": "System Sourced", "intersection_area_sq_km": 0.13373304617690321 }, "geometry": { "type": "Polygon", "coordinates": [ [ [ -77.0080084, 38.58579450000002 ], [ -77.0126132, 38.583170100000032 ], [ -77.0129884, 38.586656300000016 ], [ -77.0077125, 38.587821599999963 ], [ -77.0080084, 38.58579450000002 ] ] ] } },
{ "type": "Feature", "properties": { "state_po": "MD", "county_geoid": "24017", "pwsid": "MD0080005", "pws_name": "BEL ALTON", "population_served_count": 311, "model_method": "", "verification_status": "", "symbology_field": "System Sourced", "intersection_area_sq_km": 0.92638915464562477 }, "geometry": { "type": "Polygon", "coordinates": [ [ [ -76.9786978, 38.46585350000003 ], [ -76.9814907, 38.4708417 ], [ -76.9811237, 38.472759300000014 ], [ -76.9844965, 38.4740219 ], [ -76.9840495, 38.478270599999973 ], [ -76.9787136, 38.47872889999995 ], [ -76.9773655, 38.474496200000019 ], [ -76.9733265, 38.4746224 ], [ -76.9705327, 38.4694071 ], [ -76.9783829, 38.466006399999955 ], [ -76.9795636, 38.4687618 ], [ -76.9786978, 38.46585350000003 ] ] ] } },
{ "type": "Feature", "properties": { "state_po": "MD", "county_geoid": "24017", "pwsid": "MD0080006", "pws_name": "BELLEWOOD WATER ASSOCIATION", "population_served_count": 75, "model_method": "", "verification_status": "", "symbology_field": "System Sourced", "intersection_area_sq_km": 0.15354865200080045 }, "geometry": { "type": "MultiPolygon", "coordinates": [ [ [ [ -76.8532241, 38.612035899999974 ], [ -76.8532615, 38.6119966 ], [ -76.8532163, 38.61204530000002 ], [ -76.8532241, 38.612035899999974 ] ] ], [ [ [ -76.852126400000017, 38.60893690000006 ], [ -76.8527876, 38.613374 ], [ -76.850981, 38.61458540000001 ], [ -76.8477907, 38.6138441 ], [ -76.852126400000017, 38.60893690000006 ] ], [ [ -76.8494068, 38.6141671 ], [ -76.8494085, 38.614164899999956 ], [ -76.8494086, 38.614164500000015 ], [ -76.8494068, 38.6141671 ] ], [ [ -76.8494, 38.6141751 ], [ -76.8494023, 38.614173 ], [ -76.8494028, 38.614172299999986 ], [ -76.8494, 38.6141751 ] ], [ [ -76.8493919, 38.614181799999962 ], [ -76.8493945, 38.61418009999997 ], [ -76.8493954, 38.6141792 ], [ -76.8493919, 38.614181799999962 ] ], [ [ -76.8493826, 38.614187199999968 ], [ -76.8493852, 38.614186099999962 ], [ -76.8493866, 38.614185199999966 ], [ -76.8493826, 38.614187199999968 ] ], [ [ -76.8493722, 38.614191400000024 ], [ -76.8493747, 38.614190700000016 ], [ -76.849376800000016, 38.614189799999963 ], [ -76.8493722, 38.614191400000024 ] ], [ [ -76.8493613, 38.6141942 ], [ -76.8493634, 38.614193900000025 ], [ -76.849366, 38.614193199999988 ], [ -76.8493613, 38.6141942 ] ], [ [ -76.8493499, 38.614195499999987 ], [ -76.8493516, 38.614195499999987 ], [ -76.8493546, 38.6141951 ], [ -76.8493499, 38.614195499999987 ] ], [ [ -76.8493384, 38.614195400000014 ], [ -76.8493396, 38.614195499999987 ], [ -76.8493428, 38.614195499999987 ], [ -76.8493384, 38.614195400000014 ] ] ], [ [ [ -76.8531842, 38.61208580000001 ], [ -76.8532101, 38.612052800000015 ], [ -76.8531722, 38.612103 ], [ -76.8531842, 38.61208580000001 ] ] ], [ [ [ -76.8531701, 38.612106099999949 ], [ -76.8531365, 38.612162300000023 ], [ -76.8531579, 38.612124900000026 ], [ -76.8531701, 38.612106099999949 ] ] ], [ [ [ -76.8531123, 38.612215199999987 ], [ -76.8531215, 38.6121927 ], [ -76.8531361, 38.612163100000011 ], [ -76.8531123, 38.612215199999987 ] ] ], [ [ [ -76.8530947, 38.612263300000016 ], [ -76.8531071, 38.6122277 ], [ -76.8530886, 38.6122851 ], [ -76.8530947, 38.612263300000016 ] ] ], [ [ [ -76.8530823, 38.612311400000038 ], [ -76.8530882, 38.6122863 ], [ -76.8530758, 38.61234930000002 ], [ -76.8530823, 38.612311400000038 ] ] ], [ [ [ -76.8530757, 38.61235 ], [ -76.8530709, 38.61241409999996 ], [ -76.853075, 38.612355200000025 ], [ -76.8530757, 38.61235 ] ] ], [ [ [ -76.8530709, 38.61241409999996 ], [ -76.8531318, 38.6126158 ], [ -76.8530462, 38.612682500000041 ], [ -76.8530709, 38.61241409999996 ] ] ] ] } },
{ "type": "Feature", "properties": { "state_po": "MD", "county_geoid": "24017", "pwsid": "MD0080062", "pws_name": "BENEDICT", "population_served_count": 376, "model_method": "", "verification_status": "", "symbology_field": "System Sourced", "intersection_area_sq_km": 0.61898910492029702 }, "geometry": { "type": "Polygon", "coordinates": [ [ [ -76.6853242, 38.5162442 ], [ -76.6741911, 38.514752100000017 ], [ -76.678765, 38.50942449999998 ], [ -76.6786323, 38.505614 ], [ -76.6807113, 38.503488199999978 ], [ -76.6819597, 38.5032818 ], [ -76.6815257, 38.513604100000023 ], [ -76.6853242, 38.5162442 ] ], [ [ -76.6806052, 38.5049941 ], [ -76.6813868, 38.504355499999953 ], [ -76.681360200000015, 38.503731700000039 ], [ -76.6806052, 38.5049941 ] ] ] } },
{ "type": "Feature", "properties": { "state_po": "MD", "county_geoid": "24017", "pwsid": "MD0080015", "pws_name": "GARDEN ESTATES CENTRAL WATER", "population_served_count": 55, "model_method": "", "verification_status": "", "symbology_field": "System Sourced", "intersection_area_sq_km": 0.15048661220521012 }, "geometry": { "type": "Polygon", "coordinates": [ [ [ -77.1036639, 38.523843899999974 ], [ -77.1009569, 38.522658300000025 ], [ -77.1001233, 38.517453 ], [ -77.1029673, 38.5176149 ], [ -77.1036639, 38.523843899999974 ] ] ] } },
{ "type": "Feature", "properties": { "state_po": "MD", "county_geoid": "24017", "pwsid": "MD0080017", "pws_name": "GREEN MEADOWS WATER COMPANY", "population_served_count": 68, "model_method": "", "verification_status": "", "symbology_field": "System Sourced", "intersection_area_sq_km": 0.13695372151374025 }, "geometry": { "type": "Polygon", "coordinates": [ [ [ -77.0880834, 38.621259500000015 ], [ -77.0924503, 38.619593499999979 ], [ -77.0946275, 38.62101250000002 ], [ -77.0918807, 38.6236409 ], [ -77.0880834, 38.621259500000015 ] ], [ [ -77.0935557, 38.620622700000034 ], [ -77.093514, 38.620579700000022 ], [ -77.0934794, 38.620607600000028 ], [ -77.0935557, 38.620622700000034 ] ] ] } },
{ "type": "Feature", "properties": { "state_po": "MD", "county_geoid": "24017", "pwsid": "MD0080018", "pws_name": "HAWTHORNE WATER SUPPLY, INC", "population_served_count": 60, "model_method": "", "verification_status": "", "symbology_field": "System Sourced", "intersection_area_sq_km": 0.16799948816710061 }, "geometry": { "type": "Polygon", "coordinates": [ [ [ -77.0084848, 38.54091140000002 ], [ -77.0141513, 38.5369465 ], [ -77.0144734, 38.5427921 ], [ -77.0084848, 38.54091140000002 ] ] ] } },
{ "type": "Feature", "properties": { "state_po": "MD", "county_geoid": "24017", "pwsid": "MD0080083", "pws_name": "HUNTERS BROOKE/FALCON RIDGE SUBD", "population_served_count": 614, "model_method": "", "verification_status": "", "symbology_field": "System Sourced", "intersection_area_sq_km": 0.49066468469578833 }, "geometry": { "type": "Polygon", "coordinates": [ [ [ -77.1157777, 38.5674212 ], [ -77.1188702, 38.5702639 ], [ -77.1172081, 38.5707292 ], [ -77.118346, 38.57325790000003 ], [ -77.1166595, 38.575641100000034 ], [ -77.1150043, 38.574845599999975 ], [ -77.1161215, 38.573819 ], [ -77.1113509, 38.574682500000016 ], [ -77.1089504, 38.5711521 ], [ -77.1157777, 38.5674212 ] ] ] } },
{ "type": "Feature", "properties": { "state_po": "MD", "county_geoid": "24017", "pwsid": "MD0080205", "pws_name": "IDLEWOOD PARK", "population_served_count": 320, "model_method": "", "verification_status": "", "symbology_field": "System Sourced", "intersection_area_sq_km": 0.32921427309956081 }, "geometry": { "type": "Polygon", "coordinates": [ [ [ -76.8746382, 38.637027800000013 ], [ -76.8750395, 38.632101600000048 ], [ -76.8824784, 38.6346689 ], [ -76.8810187, 38.638495099999986 ], [ -76.8746382, 38.637027800000013 ] ] ] } },
{ "type": "Feature", "properties": { "state_po": "MD", "county_geoid": "24017", "pwsid": "MD0080035", "pws_name": "PARKWAY SUBDIVISION WATER COMPANY", "population_served_count": 50, "model_method": "", "verification_status": "", "symbology_field": "System Sourced", "intersection_area_sq_km": 0.041361300542533189 }, "geometry": { "type": "Polygon", "coordinates": [ [ [ -76.9914143, 38.550977799999963 ], [ -76.9944915, 38.5523707 ], [ -76.9947658, 38.5541611 ], [ -76.9929078, 38.5531141 ], [ -76.9914143, 38.550977799999963 ] ] ] } },
{ "type": "Feature", "properties": { "state_po": "MD", "county_geoid": "24017", "pwsid": "MD0080036", "pws_name": "PINE HILL WATER COMPANY", "population_served_count": 140, "model_method": "", "verification_status": "", "symbology_field": "System Sourced", "intersection_area_sq_km": 0.12343979107546066 }, "geometry": { "type": "Polygon", "coordinates": [ [ [ -76.9045105, 38.576757 ], [ -76.9051007, 38.578525900000017 ], [ -76.9028058, 38.579336 ], [ -76.8973351, 38.577349 ], [ -76.9045105, 38.576757 ] ] ] } },
{ "type": "Feature", "properties": { "state_po": "MD", "county_geoid": "24017", "pwsid": "MD0080037", "pws_name": "POMFRET ESTATES - UTILCO, INC.", "population_served_count": 150, "model_method": "", "verification_status": "", "symbology_field": "System Sourced", "intersection_area_sq_km": 0.399432198955186 }, "geometry": { "type": "Polygon", "coordinates": [ [ [ -77.030691, 38.579246400000038 ], [ -77.0292928, 38.5768902 ], [ -77.0279562, 38.5781419 ], [ -77.0277151, 38.576331 ], [ -77.0309393, 38.5703574 ], [ -77.0341788, 38.572685100000015 ], [ -77.0351456, 38.5787479 ], [ -77.0334019, 38.5780318 ], [ -77.0333016, 38.579300899999964 ], [ -77.030691, 38.579246400000038 ] ] ] } },
{ "type": "Feature", "properties": { "state_po": "MD", "county_geoid": "24017", "pwsid": "MD0080012", "pws_name": "POMONKEY WATER COMPANY - FORD HEIGHTS", "population_served_count": 125, "model_method": "", "verification_status": "", "symbology_field": "System Sourced", "intersection_area_sq_km": 0.11094911895919805 }, "geometry": { "type": "Polygon", "coordinates": [ [ [ -77.0993083, 38.5954507 ], [ -77.1014028, 38.598265700000034 ], [ -77.0986582, 38.599440799999982 ], [ -77.0962507, 38.597093199999982 ], [ -77.0993083, 38.5954507 ] ] ] } },
{ "type": "Feature", "properties": { "state_po": "MD", "county_geoid": "24017", "pwsid": "MD1080029", "pws_name": "THUNDERBIRD APARTMENTS", "population_served_count": 40, "model_method": "", "verification_status": "", "symbology_field": "System Sourced", "intersection_area_sq_km": 0.019599159838503778 }, "geometry": { "type": "Polygon", "coordinates": [ [ [ -76.9917475, 38.458389900000014 ], [ -76.9928319, 38.456981499999969 ], [ -76.9937581, 38.458343799999973 ], [ -76.9917475, 38.458389900000014 ] ] ] } },
{ "type": "Feature", "properties": { "state_po": "MD", "county_geoid": "24017", "pwsid": "MD0080069", "pws_name": "THUNDERBIRD MOTEL", "population_served_count": 60, "model_method": "", "verification_status": "", "symbology_field": "System Sourced", "intersection_area_sq_km": 0.023570214269720217 }, "geometry": { "type": "Polygon", "coordinates": [ [ [ -76.9523851, 38.410034499999988 ], [ -76.9519525, 38.408390899999965 ], [ -76.9534428, 38.4082152 ], [ -76.9539465, 38.409577800000015 ], [ -76.9523851, 38.410034499999988 ] ] ] } },
{ "type": "Feature", "properties": { "state_po": "MD", "county_geoid": "24017", "pwsid": "MD0080208", "pws_name": "WHITE PLAINS 2 MHP/JACK BLAIR", "population_served_count": 70, "model_method": "", "verification_status": "", "symbology_field": "System Sourced", "intersection_area_sq_km": 0.031161800704686295 }, "geometry": { "type": "Polygon", "coordinates": [ [ [ -76.9654811, 38.580243400000022 ], [ -76.9631119, 38.5781351 ], [ -76.9643345, 38.5775619 ], [ -76.9654811, 38.580243400000022 ] ] ] } },
{ "type": "Feature", "properties": { "state_po": "MD", "county_geoid": "24017", "pwsid": "MD0080003", "pws_name": "BANKS ODEE", "population_served_count": 65, "model_method": "", "verification_status": "", "symbology_field": "System Sourced", "intersection_area_sq_km": 0.12091082562060317 }, "geometry": { "type": "Polygon", "coordinates": [ [ [ -76.910477700000015, 38.3148833 ], [ -76.9119188, 38.312380599999983 ], [ -76.9147626, 38.31329920000001 ], [ -76.9173721, 38.316115700000047 ], [ -76.910477700000015, 38.3148833 ] ] ] } },
{ "type": "Feature", "properties": { "state_po": "MD", "county_geoid": "24017", "pwsid": "MD0080004", "pws_name": "BEANTOWN PARK- WOODLEY ROAD", "population_served_count": 127, "model_method": "", "verification_status": "", "symbology_field": "System Sourced", "intersection_area_sq_km": 0.15876712808272486 }, "geometry": { "type": "Polygon", "coordinates": [ [ [ -76.8580795, 38.610292299999962 ], [ -76.8575744, 38.614052200000017 ], [ -76.854657, 38.614492599999977 ], [ -76.8548981, 38.613204399999958 ], [ -76.8530264, 38.6132354 ], [ -76.8539016, 38.6111693 ], [ -76.8580795, 38.610292299999962 ] ] ] } },
{ "type": "Feature", "properties": { "state_po": "MD", "county_geoid": "24017", "pwsid": "MD0080008", "pws_name": "CHARLES COUNTY GARDENS WATER", "population_served_count": 551, "model_method": "", "verification_status": "", "symbology_field": "System Sourced", "intersection_area_sq_km": 0.16363595195895028 }, "geometry": { "type": "Polygon", "coordinates": [ [ [ -76.8654632, 38.584767099999958 ], [ -76.8687818, 38.586272899999983 ], [ -76.8672204, 38.590223499999965 ], [ -76.8633271, 38.585858500000015 ], [ -76.8654632, 38.584767099999958 ] ] ] } },
{ "type": "Feature", "properties": { "state_po": "MD", "county_geoid": "24017", "pwsid": "MD0080009", "pws_name": "CLIFFTON ON THE POTOMAC", "population_served_count": 744, "model_method": "", "verification_status": "", "symbology_field": "System Sourced", "intersection_area_sq_km": 0.95109042973758295 }, "geometry": { "type": "Polygon", "coordinates": [ [ [ -76.9847335, 38.376406200000027 ], [ -76.9839507, 38.3801343 ], [ -76.9819295, 38.380337599999955 ], [ -76.976945200000017, 38.373903900000016 ], [ -76.9737663, 38.373947899999976 ], [ -76.9724128, 38.375342599999975 ], [ -76.9626286, 38.3744888 ], [ -76.9618995, 38.3729854 ], [ -76.9636227, 38.3720614 ], [ -76.9658418, 38.3731431 ], [ -76.9683884, 38.3680554 ], [ -76.9776693, 38.367968 ], [ -76.9764444, 38.37263950000002 ], [ -76.9681251, 38.371574799999969 ], [ -76.9665813, 38.374195199999967 ], [ -76.9769784, 38.373470600000012 ], [ -76.9793914, 38.376543199999965 ], [ -76.9807906, 38.3763792 ], [ -76.9786633, 38.3704281 ], [ -76.9797992, 38.369934800000024 ], [ -76.9833499, 38.371373 ], [ -76.9820736, 38.367852399999983 ], [ -76.9836756, 38.366917299999976 ], [ -76.9833227, 38.3747172 ], [ -76.9847335, 38.376406200000027 ] ], [ [ -76.9828077, 38.3716403 ], [ -76.9828554, 38.3716626 ], [ -76.9829307, 38.371513 ], [ -76.9828077, 38.3716403 ] ], [ [ -76.9825789, 38.374675499999967 ], [ -76.982579, 38.374684399999985 ], [ -76.9827131, 38.3746736 ], [ -76.9825789, 38.374675499999967 ] ], [ [ -76.9827511, 38.377164599999986 ], [ -76.9833842, 38.3768059 ], [ -76.982639600000013, 38.376621100000051 ], [ -76.9827511, 38.377164599999986 ] ], [ [ -76.9819464, 38.37754790000001 ], [ -76.9823353, 38.3777209 ], [ -76.9822908, 38.37750410000001 ], [ -76.9819464, 38.37754790000001 ] ], [ [ -76.9830346, 38.377684899999942 ], [ -76.982918, 38.37797779999994 ], [ -76.9831967, 38.377942399999981 ], [ -76.9830346, 38.377684899999942 ] ], [ [ -76.9836236, 38.377891500000032 ], [ -76.9835467, 38.378209199999979 ], [ -76.9837157, 38.37817520000003 ], [ -76.9836236, 38.377891500000032 ] ], [ [ -76.9827518, 38.378667100000051 ], [ -76.9825895, 38.378812200000034 ], [ -76.9826623, 38.3788616 ], [ -76.9827518, 38.378667100000051 ] ], [ [ -76.9791749, 38.3705162 ], [ -76.9806494, 38.37087079999997 ], [ -76.9796449, 38.370327300000014 ], [ -76.9791749, 38.3705162 ] ], [ [ -76.9709701, 38.369309800000039 ], [ -76.9709987, 38.369429700000019 ], [ -76.971093, 38.3693075 ], [ -76.9709701, 38.369309800000039 ] ], [ [ -76.9745913, 38.3705607 ], [ -76.9744837, 38.3707174 ], [ -76.9745704, 38.370724599999988 ], [ -76.9745913, 38.3705607 ] ], [ [ -76.982746100000014, 38.3736574 ], [ -76.9822863, 38.373057700000018 ], [ -76.9817766, 38.3735117 ], [ -76.982746100000014, 38.3736574 ] ], [ [ -76.9679497, 38.371335700000017 ], [ -76.9679558, 38.371432 ], [ -76.9680029, 38.371465400000012 ], [ -76.9679497, 38.371335700000017 ] ], [ [ -76.9646128, 38.3730826 ], [ -76.9649105, 38.373632199999989 ], [ -76.9651777, 38.373323299999967 ], [ -76.9646128, 38.3730826 ] ] ] } },
{ "type": "Feature", "properties": { "state_po": "MD", "county_geoid": "24017", "pwsid": "MD0080010", "pws_name": "DU MAR ESTATES WATER COMPANY", "population_served_count": 150, "model_method": "", "verification_status": "", "symbology_field": "System Sourced", "intersection_area_sq_km": 0.15568168338296237 }, "geometry": { "type": "Polygon", "coordinates": [ [ [ -77.1620421, 38.568053100000014 ], [ -77.1676553, 38.5733117 ], [ -77.1660173, 38.5749543 ], [ -77.1609748, 38.57005090000002 ], [ -77.1620421, 38.568053100000014 ] ], [ [ -77.1651622, 38.573845500000026 ], [ -77.1651429, 38.5738607 ], [ -77.1651426, 38.57386110000003 ], [ -77.1651622, 38.573845500000026 ] ], [ [ -77.1651269, 38.573878100000037 ], [ -77.165126300000011, 38.573879100000013 ], [ -77.16513710000001, 38.573867099999958 ], [ -77.1651269, 38.573878100000037 ] ], [ [ -77.1651147, 38.573897300000048 ], [ -77.1651141, 38.5738988 ], [ -77.1651216, 38.573886499999979 ], [ -77.1651147, 38.573897300000048 ] ], [ [ -77.1651065, 38.573917799999961 ], [ -77.1651061, 38.5739198 ], [ -77.1651106, 38.573907600000027 ], [ -77.1651065, 38.573917799999961 ] ], [ [ -77.1651025, 38.573939 ], [ -77.1651026, 38.573941599999976 ], [ -77.1651043, 38.573929499999984 ], [ -77.1651025, 38.573939 ] ], [ [ -77.165103, 38.573960500000055 ], [ -77.1651036, 38.5739635 ], [ -77.1651028, 38.573951500000049 ], [ -77.165103, 38.573960500000055 ] ], [ [ -77.1651077, 38.573981600000025 ], [ -77.1651092, 38.573985 ], [ -77.1651059, 38.573973399999979 ], [ -77.1651077, 38.573981600000025 ] ] ] } },
{ "type": "Feature", "properties": { "state_po": "MD", "county_geoid": "24017", "pwsid": "MD0080057", "pws_name": "ELLENWOOD", "population_served_count": 229, "model_method": "", "verification_status": "", "symbology_field": "System Sourced", "intersection_area_sq_km": 0.40150816497185676 }, "geometry": { "type": "Polygon", "coordinates": [ [ [ -76.9428256, 38.5166691 ], [ -76.9467277, 38.519919400000049 ], [ -76.9424853, 38.52466009999997 ], [ -76.9387562, 38.5237891 ], [ -76.9370402, 38.521185299999985 ], [ -76.9428256, 38.5166691 ] ] ] } },
{ "type": "Feature", "properties": { "state_po": "MD", "county_geoid": "24017", "pwsid": "MD0080019", "pws_name": "INDEPENDENCE VILLAGE", "population_served_count": 88, "model_method": "", "verification_status": "", "symbology_field": "System Sourced", "intersection_area_sq_km": 0.1121125114578165 }, "geometry": { "type": "Polygon", "coordinates": [ [ [ -76.8049164, 38.5024279 ], [ -76.8053511, 38.503930500000038 ], [ -76.8035003, 38.506074500000018 ], [ -76.8006844, 38.502839199999976 ], [ -76.8049164, 38.5024279 ] ] ] } },
{ "type": "Feature", "properties": { "state_po": "MD", "county_geoid": "24017", "pwsid": "MD0080024", "pws_name": "KINGS MANOR - WHITE PLAINS WATER CO, INC", "population_served_count": 372, "model_method": "", "verification_status": "", "symbology_field": "System Sourced", "intersection_area_sq_km": 0.31558493082249017 }, "geometry": { "type": "Polygon", "coordinates": [ [ [ -76.9581775, 38.580617799999963 ], [ -76.9640166, 38.584916400000047 ], [ -76.96286, 38.587278599999976 ], [ -76.9538487, 38.584282600000016 ], [ -76.9552773, 38.581736400000018 ], [ -76.9594166, 38.583352199999958 ], [ -76.9581775, 38.580617799999963 ] ] ] } },
{ "type": "Feature", "properties": { "state_po": "MD", "county_geoid": "24017", "pwsid": "MD0080026", "pws_name": "LAUREL WATER SUPPLY", "population_served_count": 50, "model_method": "", "verification_status": "", "symbology_field": "System Sourced", "intersection_area_sq_km": 0.1147940674514272 }, "geometry": { "type": "MultiPolygon", "coordinates": [ [ [ [ -77.0909815, 38.61510449999998 ], [ -77.0897409, 38.615795199999958 ], [ -77.0906649, 38.614908400000054 ], [ -77.0909815, 38.61510449999998 ] ] ], [ [ [ -77.0907773, 38.616454899999979 ], [ -77.0924621, 38.614837899999984 ], [ -77.0961468, 38.617207200000024 ], [ -77.0931297, 38.61796409999998 ], [ -77.0937694, 38.616830699999987 ], [ -77.0907773, 38.616454899999979 ] ] ], [ [ [ -77.0881314, 38.6166648 ], [ -77.0899262, 38.616054200000015 ], [ -77.0888255, 38.617110499999988 ], [ -77.0881314, 38.6166648 ] ] ], [ [ [ -77.0912605, 38.616906 ], [ -77.0912091, 38.618640899999988 ], [ -77.0901568, 38.6179653 ], [ -77.0912605, 38.616906 ] ] ] ] } },
{ "type": "Feature", "properties": { "state_po": "MD", "county_geoid": "24017", "pwsid": "MD0080028", "pws_name": "MARIELLEN PARK", "population_served_count": 184, "model_method": "", "verification_status": "", "symbology_field": "System Sourced", "intersection_area_sq_km": 0.27367473805106129 }, "geometry": { "type": "Polygon", "coordinates": [ [ [ -76.9540821, 38.5052104 ], [ -76.9566494, 38.504815700000044 ], [ -76.9570384, 38.509742099999983 ], [ -76.9551193, 38.5085097 ], [ -76.9458492, 38.5093721 ], [ -76.945243499999989, 38.506379899999949 ], [ -76.9525963, 38.507266100000024 ], [ -76.9540821, 38.5052104 ] ] ] } },
{ "type": "Feature", "properties": { "state_po": "MD", "county_geoid": "24017", "pwsid": "MD0080027", "pws_name": "MATTHEWS MANOR", "population_served_count": 45, "model_method": "", "verification_status": "", "symbology_field": "System Sourced", "intersection_area_sq_km": 0.059387996968828925 }, "geometry": { "type": "Polygon", "coordinates": [ [ [ -76.904307, 38.286687699999973 ], [ -76.9033835, 38.290322400000036 ], [ -76.901989, 38.2901536 ], [ -76.9022414, 38.286350299999981 ], [ -76.904307, 38.286687699999973 ] ] ] } },
{ "type": "Feature", "properties": { "state_po": "MD", "county_geoid": "24017", "pwsid": "MD0080030", "pws_name": "MOUNT CARMEL WOODS", "population_served_count": 175, "model_method": "", "verification_status": "", "symbology_field": "System Sourced", "intersection_area_sq_km": 0.2811263042797511 }, "geometry": { "type": "Polygon", "coordinates": [ [ [ -76.991992, 38.562483299999975 ], [ -76.9956929, 38.559638700000015 ], [ -76.997052, 38.568021800000039 ], [ -76.9931556, 38.5674665 ], [ -76.991992, 38.562483299999975 ] ] ] } },
{ "type": "Feature", "properties": { "state_po": "MD", "county_geoid": "24017", "pwsid": "MD0080032", "pws_name": "NEWTOWN VILLAGE", "population_served_count": 170, "model_method": "", "verification_status": "", "symbology_field": "System Sourced", "intersection_area_sq_km": 0.16395111464584206 }, "geometry": { "type": "Polygon", "coordinates": [ [ [ -76.9437133, 38.493201 ], [ -76.9475947, 38.493639900000012 ], [ -76.9450851, 38.4979686 ], [ -76.9418695, 38.496712400000028 ], [ -76.9437133, 38.493201 ] ] ] } },
{ "type": "Feature", "properties": { "state_po": "MD", "county_geoid": "24017", "pwsid": "MD0080031", "pws_name": "NEWTOWN ESTATES - TIP HILL WATER CO.", "population_served_count": 110, "model_method": "", "verification_status": "", "symbology_field": "System Sourced", "intersection_area_sq_km": 0.33057758444826452 }, "geometry": { "type": "Polygon", "coordinates": [ [ [ -76.9349309, 38.49701020000002 ], [ -76.9372912, 38.496220600000022 ], [ -76.9408569, 38.497945199999961 ], [ -76.9427555, 38.501268099999955 ], [ -76.9346334, 38.501812799999954 ], [ -76.9349309, 38.49701020000002 ] ] ] } },
{ "type": "Feature", "properties": { "state_po": "MD", "county_geoid": "24017", "pwsid": "MD0080034", "pws_name": "OAK HILL WATER COMPANY, LLC", "population_served_count": 180, "model_method": "", "verification_status": "", "symbology_field": "System Sourced", "intersection_area_sq_km": 0.1801658124097491 }, "geometry": { "type": "Polygon", "coordinates": [ [ [ -76.9833044, 38.589625400000045 ], [ -76.9848171, 38.5868122 ], [ -76.986258, 38.5886622 ], [ -76.9876383, 38.587058899999974 ], [ -76.9907286, 38.5878441 ], [ -76.9894004, 38.591355199999953 ], [ -76.9833044, 38.589625400000045 ] ] ] } },
{ "type": "Feature", "properties": { "state_po": "MD", "county_geoid": "24017", "pwsid": "MD0080055", "pws_name": "OAKWOOD", "population_served_count": 45, "model_method": "", "verification_status": "", "symbology_field": "System Sourced", "intersection_area_sq_km": 0.066210934472940824 }, "geometry": { "type": "Polygon", "coordinates": [ [ [ -77.0350562, 38.560040300000011 ], [ -77.0380303, 38.560200500000015 ], [ -77.0350546, 38.562870699999948 ], [ -77.0337786, 38.5621113 ], [ -77.0350562, 38.560040300000011 ] ] ] } },
{ "type": "Feature", "properties": { "state_po": "MD", "county_geoid": "24017", "pwsid": "MD0080038", "pws_name": "POTOMAC HEIGHTS", "population_served_count": 1800, "model_method": "", "verification_status": "", "symbology_field": "System Sourced", "intersection_area_sq_km": 0.70562633374386008 }, "geometry": { "type": "Polygon", "coordinates": [ [ [ -77.1399451, 38.610740599999971 ], [ -77.1405446, 38.608422300000015 ], [ -77.1307288, 38.608062400000044 ], [ -77.1317459, 38.6028657 ], [ -77.1383191, 38.60231180000001 ], [ -77.1390358, 38.6038411 ], [ -77.1418576, 38.60288350000004 ], [ -77.1447594, 38.6078142 ], [ -77.1399451, 38.610740599999971 ] ] ] } },
{ "type": "Feature", "properties": { "state_po": "MD", "county_geoid": "24017", "pwsid": "MD0080084", "pws_name": "POMUNK WATER COMPANY DISTRIBUTION SYSTEM", "population_served_count": 340, "model_method": "", "verification_status": "", "symbology_field": "System Sourced", "intersection_area_sq_km": 0.23429151031929427 }, "geometry": { "type": "MultiPolygon", "coordinates": [ [ [ [ -77.064454, 38.6307686 ], [ -77.0609601, 38.632111 ], [ -77.0610981, 38.6283525 ], [ -77.064454, 38.6307686 ] ] ], [ [ [ -77.0544273, 38.6295494 ], [ -77.0570106, 38.628109700000024 ], [ -77.0608587, 38.632545699999987 ], [ -77.0562195, 38.634001199999986 ], [ -77.0580429, 38.632363 ], [ -77.0544273, 38.6295494 ] ] ] ] } },
{ "type": "Feature", "properties": { "state_po": "MD", "county_geoid": "24017", "pwsid": "MD0080040", "pws_name": "RED HILL WATER COMPANY, INC.", "population_served_count": 200, "model_method": "", "verification_status": "", "symbology_field": "System Sourced", "intersection_area_sq_km": 0.10334831186924529 }, "geometry": { "type": "Polygon", "coordinates": [ [ [ -77.1297282, 38.565083399999985 ], [ -77.1325446, 38.565323800000051 ], [ -77.13482230000001, 38.566780800000018 ], [ -77.1313755, 38.56699079999995 ], [ -77.1306688, 38.568293300000015 ], [ -77.1281466, 38.566716500000027 ], [ -77.1297282, 38.565083399999985 ] ] ] } },
{ "type": "Feature", "properties": { "state_po": "MD", "county_geoid": "24017", "pwsid": "MD0080041", "pws_name": "SOUTHVIEW WISE", "population_served_count": 61, "model_method": "", "verification_status": "", "symbology_field": "System Sourced", "intersection_area_sq_km": 0.07213789473190127 }, "geometry": { "type": "Polygon", "coordinates": [ [ [ -76.9618406, 38.33904050000001 ], [ -76.966751, 38.341518099999973 ], [ -76.9668001, 38.342139600000053 ], [ -76.963922299999979, 38.342086600000016 ], [ -76.9608923, 38.339998900000012 ], [ -76.9618406, 38.33904050000001 ] ] ] } },
{ "type": "Feature", "properties": { "state_po": "MD", "county_geoid": "24017", "pwsid": "MD0080043", "pws_name": "SPRING VALLEY", "population_served_count": 91, "model_method": "", "verification_status": "", "symbology_field": "System Sourced", "intersection_area_sq_km": 0.1916773457007411 }, "geometry": { "type": "Polygon", "coordinates": [ [ [ -76.991304, 38.597688500000018 ], [ -76.9920513, 38.604252599999988 ], [ -76.989784899999989, 38.6055637 ], [ -76.9881086, 38.598131699999982 ], [ -76.991304, 38.597688500000018 ] ] ] } },
{ "type": "Feature", "properties": { "state_po": "MD", "county_geoid": "24017", "pwsid": "MD0080046", "pws_name": "SWAN POINT", "population_served_count": 945, "model_method": "", "verification_status": "", "symbology_field": "System Sourced", "intersection_area_sq_km": 1.5034377211737004 }, "geometry": { "type": "MultiPolygon", "coordinates": [ [ [ [ -76.9055124, 38.2935604 ], [ -76.9090342, 38.294740199999978 ], [ -76.9096453, 38.2952251 ], [ -76.9055124, 38.2935604 ] ] ], [ [ [ -76.9097994, 38.295467899999927 ], [ -76.9105412, 38.295568400000015 ], [ -76.9105299, 38.2957613 ], [ -76.9097994, 38.295467899999927 ] ] ], [ [ [ -76.923716, 38.306717 ], [ -76.9222091, 38.312878499999968 ], [ -76.9210899, 38.310906400000036 ], [ -76.9151943, 38.3090665 ], [ -76.9153921, 38.3070652 ], [ -76.9112182, 38.307153100000029 ], [ -76.9136934, 38.3028533 ], [ -76.9079485, 38.302293800000015 ], [ -76.9105102, 38.299522 ], [ -76.90535, 38.297248899999978 ], [ -76.9054038, 38.294253700000056 ], [ -76.909969, 38.297146600000012 ], [ -76.9113131, 38.296268799999986 ], [ -76.9163893, 38.30031749999997 ], [ -76.9198388, 38.2969854 ], [ -76.92438822461655, 38.299104631679164 ], [ -76.923716, 38.306717 ] ], [ [ -76.9227052, 38.298951400000036 ], [ -76.922677299999989, 38.298921400000019 ], [ -76.9226377, 38.298920399999986 ], [ -76.9227052, 38.298951400000036 ] ], [ [ -76.9206601, 38.301238 ], [ -76.920666, 38.301243200000044 ], [ -76.9206643, 38.3012366 ], [ -76.9206601, 38.301238 ] ], [ [ -76.9184766, 38.3032658 ], [ -76.9184899, 38.3032662 ], [ -76.91848490000001, 38.303257599999981 ], [ -76.9184766, 38.3032658 ] ], [ [ -76.917884, 38.3043947 ], [ -76.9178904, 38.304392 ], [ -76.9178814, 38.304391099999989 ], [ -76.917884, 38.3043947 ] ], [ [ -76.9230478, 38.306617 ], [ -76.9230511, 38.306606699999975 ], [ -76.9230439, 38.306609900000034 ], [ -76.9230478, 38.306617 ] ], [ [ -76.9166129, 38.3077938 ], [ -76.9165762, 38.307835400000052 ], [ -76.9166534, 38.3078389 ], [ -76.9166129, 38.3077938 ] ], [ [ -76.920799, 38.3090121 ], [ -76.9208054, 38.308958599999961 ], [ -76.9207237, 38.308991799999966 ], [ -76.920799, 38.3090121 ] ] ] ] } },
{ "type": "Feature", "properties": { "state_po": "MD", "county_geoid": "24017", "pwsid": "MD0080013", "pws_name": "TRIMAC WATER COMPANY - FOREST PARK", "population_served_count": 139, "model_method": "", "verification_status": "", "symbology_field": "System Sourced", "intersection_area_sq_km": 0.25580033547897346 }, "geometry": { "type": "Polygon", "coordinates": [ [ [ -76.8673142, 38.591212100000028 ], [ -76.8706079, 38.597679499999984 ], [ -76.864308, 38.599462199999955 ], [ -76.8664345, 38.596883299999966 ], [ -76.8653248, 38.593894299999981 ], [ -76.8673142, 38.591212100000028 ] ] ] } },
{ "type": "Feature", "properties": { "state_po": "MD", "county_geoid": "24017", "pwsid": "MD0080048", "pws_name": "TURKEY HILL WATER COMPANY", "population_served_count": 150, "model_method": "", "verification_status": "", "symbology_field": "System Sourced", "intersection_area_sq_km": 0.1749107270630586 }, "geometry": { "type": "Polygon", "coordinates": [ [ [ -76.9930345, 38.571276499999989 ], [ -76.9915754, 38.5748737 ], [ -76.9878474, 38.5748997 ], [ -76.985973199999989, 38.5716977 ], [ -76.9930345, 38.571276499999989 ] ] ] } },
{ "type": "Feature", "properties": { "state_po": "MD", "county_geoid": "24017", "pwsid": "MD0080051", "pws_name": "WEST WHITE PLAINS", "population_served_count": 50, "model_method": "", "verification_status": "", "symbology_field": "System Sourced", "intersection_area_sq_km": 0.062361403571566151 }, "geometry": { "type": "Polygon", "coordinates": [ [ [ -76.9638256, 38.585306599999974 ], [ -76.9695119, 38.585387099999984 ], [ -76.9685696, 38.586899599999981 ], [ -76.9638256, 38.585306599999974 ] ] ] } },
{ "type": "Feature", "properties": { "state_po": "MD", "county_geoid": "24017", "pwsid": "MD0080207", "pws_name": "WHITE PLAINS 1 MHP/SMITTYS", "population_served_count": 100, "model_method": "", "verification_status": "", "symbology_field": "System Sourced", "intersection_area_sq_km": 0.044402488131973047 }, "geometry": { "type": "Polygon", "coordinates": [ [ [ -76.9525713, 38.58072 ], [ -76.9510306, 38.5799696 ], [ -76.9534997, 38.577534499999985 ], [ -76.9525713, 38.58072 ] ] ] } },
{ "type": "Feature", "properties": { "state_po": "MD", "county_geoid": "24017", "pwsid": "MD0080064", "pws_name": "CHAPEL POINT WDS/ JUDE HOUSE/ COMM CTR", "population_served_count": 280, "model_method": "", "verification_status": "", "symbology_field": "System Sourced", "intersection_area_sq_km": 0.99633446490588684 }, "geometry": { "type": "MultiPolygon", "coordinates": [ [ [ [ -76.9931079, 38.46427280000001 ], [ -76.9930765, 38.464216300000011 ], [ -76.9930589, 38.464181599999989 ], [ -76.9931079, 38.46427280000001 ] ] ], [ [ [ -76.9931483, 38.464337300000032 ], [ -76.993109, 38.4642746 ], [ -76.9931668, 38.4643644 ], [ -76.9931483, 38.464337300000032 ] ] ], [ [ [ -76.9932322, 38.464451 ], [ -76.9931795, 38.4643824 ], [ -76.9931668, 38.4643644 ], [ -76.9932322, 38.464451 ] ] ], [ [ [ -76.9933052, 38.4645341 ], [ -76.9932551, 38.464478400000033 ], [ -76.9932336, 38.464452699999988 ], [ -76.9933052, 38.4645341 ] ] ], [ [ [ -76.9933851, 38.464613099999966 ], [ -76.9933317, 38.4645616 ], [ -76.9933056, 38.4645345 ], [ -76.9933851, 38.464613099999966 ] ] ], [ [ [ -76.993471700000015, 38.464687599999941 ], [ -76.993406800000017, 38.464632699999989 ], [ -76.9933857, 38.464613599999986 ], [ -76.993471700000015, 38.464687599999941 ] ] ], [ [ [ -76.9935648, 38.464757499999976 ], [ -76.9934966, 38.4647073 ], [ -76.9934724, 38.4646882 ], [ -76.9935648, 38.464757499999976 ] ] ], [ [ [ -76.9936637, 38.4648222 ], [ -76.9935928, 38.46477680000001 ], [ -76.993565100000012, 38.464757699999979 ], [ -76.9936637, 38.4648222 ] ] ], [ [ [ -76.9941115, 38.458447 ], [ -76.9956905, 38.458398299999985 ], [ -76.9969481, 38.460858899999984 ], [ -76.9999224, 38.460306799999984 ], [ -76.9977883, 38.462186299999956 ], [ -77.0028656, 38.466537700000025 ], [ -77.0016805, 38.466348799999956 ], [ -77.003257499999989, 38.4687879 ], [ -76.9988645, 38.46930549999994 ], [ -76.9986312, 38.473533499999952 ], [ -76.9918533, 38.473054599999976 ], [ -76.9899519, 38.471457 ], [ -76.990506600000018, 38.4668699 ], [ -76.9924915, 38.4672193 ], [ -76.9947357, 38.465206 ], [ -76.9931481, 38.463767800000028 ], [ -76.9941115, 38.458447 ] ] ], [ [ [ -76.9930651, 38.4664938 ], [ -76.9931516, 38.466441699999962 ], [ -76.9930111, 38.466528 ], [ -76.9930651, 38.4664938 ] ] ], [ [ [ -76.9929255, 38.4665851 ], [ -76.9930107, 38.4665282 ], [ -76.992876099999989, 38.4666197 ], [ -76.9929255, 38.4665851 ] ] ], [ [ [ -76.9927919, 38.466681699999988 ], [ -76.9928755, 38.466620100000014 ], [ -76.992747, 38.46671650000004 ], [ -76.9927919, 38.466681699999988 ] ] ], [ [ [ -76.9926647, 38.466783600000035 ], [ -76.9927463, 38.466717099999983 ], [ -76.9926241, 38.466818400000015 ], [ -76.9926647, 38.466783600000035 ] ] ], [ [ [ -76.9925442, 38.466890299999982 ], [ -76.9926235, 38.466818899999978 ], [ -76.9925094, 38.466923300000019 ], [ -76.9925442, 38.466890299999982 ] ] ], [ [ [ -76.9924307, 38.467001700000012 ], [ -76.9925073, 38.466925300000035 ], [ -76.9923982, 38.467035800000012 ], [ -76.9924307, 38.467001700000012 ] ] ], [ [ [ -76.9929584, 38.463889100000046 ], [ -76.9929461, 38.46381979999996 ], [ -76.9929421, 38.463789299999974 ], [ -76.9929584, 38.463889100000046 ] ] ], [ [ [ -76.9929834, 38.463988200000017 ], [ -76.9929655, 38.4639214 ], [ -76.9929588, 38.463891 ], [ -76.9929834, 38.463988200000017 ] ] ], [ [ [ -76.9930168, 38.4640855 ], [ -76.9929906, 38.464011699999965 ], [ -76.9929835, 38.463988499999964 ], [ -76.9930168, 38.4640855 ] ] ], [ [ [ -76.9930587, 38.464181100000019 ], [ -76.9930268, 38.46411029999998 ], [ -76.9930171, 38.464086200000054 ], [ -76.9930587, 38.464181100000019 ] ] ], [ [ [ -76.9909956, 38.466726100000066 ], [ -76.9911067, 38.466746199999953 ], [ -76.9909366, 38.466716599999984 ], [ -76.9909956, 38.466726100000066 ] ] ], [ [ [ -76.9908198, 38.4667002 ], [ -76.9909354, 38.466716400000038 ], [ -76.9907668, 38.466693800000044 ], [ -76.9908198, 38.4667002 ] ] ], [ [ [ -76.9911868, 38.46676249999998 ], [ -76.9912727, 38.4667818 ], [ -76.9911076, 38.466746399999934 ], [ -76.9911868, 38.46676249999998 ] ] ], [ [ [ -76.9906781, 38.4666845 ], [ -76.9907628, 38.466693400000011 ], [ -76.9905894, 38.466677 ], [ -76.9906781, 38.4666845 ] ] ], [ [ [ -76.9913411, 38.4667985 ], [ -76.9914426, 38.466825399999983 ], [ -76.9912763, 38.466782700000017 ], [ -76.9913411, 38.4667985 ] ] ], [ [ [ -76.9915099, 38.466844800000018 ], [ -76.9916061, 38.4668746 ], [ -76.99144290000001, 38.466825500000034 ], [ -76.9915099, 38.466844800000018 ] ] ], [ [ [ -76.991659200000015, 38.466892100000052 ], [ -76.9917667, 38.4669301 ], [ -76.9916098, 38.466875799999983 ], [ -76.991659200000015, 38.466892100000052 ] ] ], [ [ [ -76.9918217, 38.466950900000022 ], [ -76.9919232, 38.466991700000015 ], [ -76.991767, 38.4669303 ], [ -76.9918217, 38.466950900000022 ] ] ], [ [ [ -76.991980200000015, 38.467016 ], [ -76.9920732, 38.467058100000045 ], [ -76.991924, 38.466992 ], [ -76.991980200000015, 38.467016 ] ] ], [ [ [ -76.9921344, 38.467087299999989 ], [ -76.9922246, 38.467133 ], [ -76.9920764, 38.4670595 ], [ -76.9921344, 38.467087299999989 ] ] ] ] } },
{ "type": "Feature", "properties": { "state_po": "MD", "county_geoid": "24015", "pwsid": "MD0070207", "pws_name": "BAY COUNTRY ESTATES MOBILE HOME PARK", "population_served_count": 276, "model_method": "", "verification_status": "", "symbology_field": "System Sourced", "intersection_area_sq_km": 0.14221348414443571 }, "geometry": { "type": "Polygon", "coordinates": [ [ [ -76.0063104, 39.643487700000044 ], [ -76.0069583, 39.640657500000039 ], [ -76.0108374, 39.641354200000031 ], [ -76.0148767, 39.6399271 ], [ -76.0151332, 39.64117289999998 ], [ -76.0063104, 39.643487700000044 ] ] ] } },
{ "type": "Feature", "properties": { "state_po": "MD", "county_geoid": "24015", "pwsid": "MD0070209", "pws_name": "BENJAMINS VILLAGE/HOMESTEAD M.H.P.", "population_served_count": 400, "model_method": "", "verification_status": "", "symbology_field": "System Sourced", "intersection_area_sq_km": 0.18690606069049967 }, "geometry": { "type": "Polygon", "coordinates": [ [ [ -76.0922406, 39.623630199999972 ], [ -76.0928114, 39.622035 ], [ -76.0963372, 39.6200125 ], [ -76.0986271, 39.62213280000001 ], [ -76.0979432, 39.624511400000031 ], [ -76.0933788, 39.625025 ], [ -76.0922406, 39.623630199999972 ] ] ] } },
{ "type": "Feature", "properties": { "state_po": "MD", "county_geoid": "24015", "pwsid": "MD0070206", "pws_name": "AUTUMN LAKE HEALTHCARE", "population_served_count": 290, "model_method": "", "verification_status": "", "symbology_field": "System Sourced", "intersection_area_sq_km": 0.037343670661396378 }, "geometry": { "type": "Polygon", "coordinates": [ [ [ -75.9819401, 39.7030655 ], [ -75.9819059, 39.704605499999978 ], [ -75.979502, 39.704664900000026 ], [ -75.9798274, 39.703092800000029 ], [ -75.9819401, 39.7030655 ] ] ] } },
{ "type": "Feature", "properties": { "state_po": "MD", "county_geoid": "24015", "pwsid": "MD0070004", "pws_name": "TOWN OF CECILTON", "population_served_count": 477, "model_method": "", "verification_status": "", "symbology_field": "System Sourced", "intersection_area_sq_km": 1.3342234706067762 }, "geometry": { "type": "Polygon", "coordinates": [ [ [ -75.8584763, 39.403315 ], [ -75.87146, 39.398081399999967 ], [ -75.8762024, 39.405909 ], [ -75.8672194, 39.409447799999981 ], [ -75.8642571, 39.4124446 ], [ -75.8643447, 39.410903199999979 ], [ -75.8609214, 39.40937030000002 ], [ -75.8603928, 39.410786900000012 ], [ -75.8584076, 39.4133349 ], [ -75.8571865, 39.4125731 ], [ -75.8594374, 39.410086199999967 ], [ -75.8608659, 39.409277199999956 ], [ -75.8635096, 39.4101414 ], [ -75.8612022, 39.4070232 ], [ -75.857571, 39.405676300000017 ], [ -75.8584763, 39.403315 ] ] ] } },
{ "type": "Feature", "properties": { "state_po": "MD", "county_geoid": "24015", "pwsid": "MD0070236", "pws_name": "CECILTON MANOR MOBILE HOME PARK", "population_served_count": 60, "model_method": "", "verification_status": "", "symbology_field": "System Sourced", "intersection_area_sq_km": 0.027783694081640331 }, "geometry": { "type": "Polygon", "coordinates": [ [ [ -75.8406676, 39.4043002 ], [ -75.8436466, 39.403087399999933 ], [ -75.8420997, 39.4046494 ], [ -75.8406676, 39.4043002 ] ] ] } },
{ "type": "Feature", "properties": { "state_po": "MD", "county_geoid": "24015", "pwsid": "MD0070233", "pws_name": "STONEY CHASE/ ROCK CREEK M.H.P.S", "population_served_count": 396, "model_method": "", "verification_status": "", "symbology_field": "System Sourced", "intersection_area_sq_km": 0.22906052940376459 }, "geometry": { "type": "Polygon", "coordinates": [ [ [ -75.939176, 39.653839400000024 ], [ -75.9369464, 39.650614399999974 ], [ -75.9444662, 39.647372300000015 ], [ -75.9456873, 39.648384899999954 ], [ -75.9430693, 39.650352 ], [ -75.9439723, 39.6514031 ], [ -75.939176, 39.653839400000024 ] ] ] } },
{ "type": "Feature", "properties": { "state_po": "MD", "county_geoid": "24015", "pwsid": "MD0070235", "pws_name": "TOWN & COUNTRY MOBILE HOME PARK", "population_served_count": 950, "model_method": "", "verification_status": "", "symbology_field": "System Sourced", "intersection_area_sq_km": 0.22933132330465444 }, "geometry": { "type": "Polygon", "coordinates": [ [ [ -75.9161418, 39.618693599999979 ], [ -75.9162231, 39.611355 ], [ -75.919909, 39.612016200000021 ], [ -75.9193425, 39.616944599999975 ], [ -75.9161418, 39.618693599999979 ] ] ] } },
{ "type": "Feature", "properties": { "state_po": "MD", "county_geoid": "24015", "pwsid": "MD0070245", "pws_name": "TIMBER GROVE MHP", "population_served_count": 76, "model_method": "", "verification_status": "", "symbology_field": "System Sourced", "intersection_area_sq_km": 0.086435154939308881 }, "geometry": { "type": "Polygon", "coordinates": [ [ [ -76.063820300000017, 39.717536100000061 ], [ -76.0671378, 39.717594799999979 ], [ -76.0673713, 39.71967870000001 ], [ -76.0654864, 39.721710499999972 ], [ -76.063820300000017, 39.717536100000061 ] ] ] } },
{ "type": "Feature", "properties": { "state_po": "MD", "county_geoid": "24015", "pwsid": "MD0070204", "pws_name": "WEST NOTTINGHAM ACADEMY", "population_served_count": 250, "model_method": "", "verification_status": "", "symbology_field": "System Sourced", "intersection_area_sq_km": 0.49917238419139165 }, "geometry": { "type": "Polygon", "coordinates": [ [ [ -76.0830367, 39.669917 ], [ -76.0755925, 39.6710729 ], [ -76.073326, 39.66957 ], [ -76.0740259, 39.665668 ], [ -76.0778003, 39.6632876 ], [ -76.0819836, 39.6643152 ], [ -76.0830367, 39.669917 ] ] ] } },
{ "type": "Feature", "properties": { "state_po": "MD", "county_geoid": "24015", "pwsid": "MD0070238", "pws_name": "WILLIAMS MOBILE HOME PARK", "population_served_count": 87, "model_method": "", "verification_status": "", "symbology_field": "System Sourced", "intersection_area_sq_km": 0.091522903651148277 }, "geometry": { "type": "Polygon", "coordinates": [ [ [ -76.0493908, 39.588641 ], [ -76.0503519, 39.587235499999942 ], [ -76.0536988, 39.588009900000017 ], [ -76.053992900000011, 39.5906438 ], [ -76.0526281, 39.591380300000019 ], [ -76.0493908, 39.588641 ] ] ] } },
{ "type": "Feature", "properties": { "state_po": "MD", "county_geoid": "24015", "pwsid": "MD0070213", "pws_name": "WHISPERING PINES MOBILE HOME PARK", "population_served_count": 325, "model_method": "", "verification_status": "", "symbology_field": "System Sourced", "intersection_area_sq_km": 0.073858622570381061 }, "geometry": { "type": "Polygon", "coordinates": [ [ [ -75.9060329, 39.6034838 ], [ -75.9090506, 39.605055499999985 ], [ -75.9101376, 39.606386300000011 ], [ -75.9019955, 39.60368139999995 ], [ -75.9060329, 39.6034838 ] ] ] } },
{ "type": "Feature", "properties": { "state_po": "MD", "county_geoid": "24015", "pwsid": "MD0070006", "pws_name": "TOWN OF CHESAPEAKE CITY [FORMERLY SOUTH]", "population_served_count": 673, "model_method": "", "verification_status": "", "symbology_field": "System Sourced", "intersection_area_sq_km": 1.9005238434578753 }, "geometry": { "type": "Polygon", "coordinates": [ [ [ -75.8023899, 39.532592700000031 ], [ -75.7958803, 39.534066399999986 ], [ -75.7974898, 39.5323819 ], [ -75.795559900000015, 39.527898800000052 ], [ -75.8081324, 39.524897300000028 ], [ -75.80841, 39.522041299999948 ], [ -75.8092549, 39.522983600000011 ], [ -75.8149792, 39.522128200000012 ], [ -75.8162422, 39.523306900000023 ], [ -75.8192896, 39.52155189999997 ], [ -75.8206822, 39.518275 ], [ -75.822300700000014, 39.518834399999953 ], [ -75.8190295, 39.522698799999972 ], [ -75.8192752, 39.524706899999963 ], [ -75.8212855, 39.525360099999958 ], [ -75.818433, 39.52830240000003 ], [ -75.8192187, 39.5329029 ], [ -75.8134142, 39.531530699999983 ], [ -75.802461800000017, 39.534135100000015 ], [ -75.8023899, 39.532592700000031 ] ], [ [ -75.8148374, 39.5311333 ], [ -75.8150369, 39.531493700000027 ], [ -75.8148526, 39.531129599999979 ], [ -75.8148374, 39.5311333 ] ] ] } },
{ "type": "Feature", "properties": { "state_po": "MD", "county_geoid": "24015", "pwsid": "MD0070211", "pws_name": "CHESAPEAKE ESTATES MOBILE HOME PARK", "population_served_count": 159, "model_method": "", "verification_status": "", "symbology_field": "System Sourced", "intersection_area_sq_km": 0.066121699695983763 }, "geometry": { "type": "Polygon", "coordinates": [ [ [ -75.795717400000015, 39.5220518 ], [ -75.7999391, 39.52035110000002 ], [ -75.7986754, 39.523614799999969 ], [ -75.795717400000015, 39.5220518 ] ] ] } },
{ "type": "Feature", "properties": { "state_po": "MD", "county_geoid": "24015", "pwsid": "MD0070246", "pws_name": "CINNAMON WOODS", "population_served_count": 60, "model_method": "", "verification_status": "", "symbology_field": "System Sourced", "intersection_area_sq_km": 0.114352478797329 }, "geometry": { "type": "Polygon", "coordinates": [ [ [ -76.173781100000014, 39.679278599999989 ], [ -76.1757588, 39.678861 ], [ -76.1781966, 39.685418299999981 ], [ -76.1757237, 39.6843878 ], [ -76.173781100000014, 39.679278599999989 ] ] ] } },
{ "type": "Feature", "properties": { "state_po": "MD", "county_geoid": "24015", "pwsid": "MD0070214", "pws_name": "CONOWINGO MOBILE HOME PARK", "population_served_count": 315, "model_method": "", "verification_status": "", "symbology_field": "System Sourced", "intersection_area_sq_km": 0.22836104720042721 }, "geometry": { "type": "Polygon", "coordinates": [ [ [ -76.1867165, 39.681948100000035 ], [ -76.184759, 39.676903 ], [ -76.1874034, 39.6762631 ], [ -76.1928332, 39.680343899999983 ], [ -76.1867165, 39.681948100000035 ] ] ] } },
{ "type": "Feature", "properties": { "state_po": "MD", "county_geoid": "24015", "pwsid": "MD0070008", "pws_name": "CRYSTAL BEACH MANOR/T&C UTILITY", "population_served_count": 500, "model_method": "", "verification_status": "", "symbology_field": "System Sourced", "intersection_area_sq_km": 0.22751433162590809 }, "geometry": { "type": "Polygon", "coordinates": [ [ [ -75.9769519, 39.443479099999983 ], [ -75.9747423, 39.4423255 ], [ -75.9729767, 39.444329 ], [ -75.968905, 39.443979600000013 ], [ -75.969297, 39.440759200000024 ], [ -75.9751158, 39.43985719999997 ], [ -75.974673, 39.441839600000016 ], [ -75.9777757, 39.442297499999938 ], [ -75.9769519, 39.443479099999983 ] ] ] } },
{ "type": "Feature", "properties": { "state_po": "MD", "county_geoid": "24015", "pwsid": "MD0070036", "pws_name": "DEEP ROOTS INC.", "population_served_count": 40, "model_method": "", "verification_status": "", "symbology_field": "System Sourced", "intersection_area_sq_km": 0.080116459928266215 }, "geometry": { "type": "Polygon", "coordinates": [ [ [ -75.9167991, 39.463114399999981 ], [ -75.9134883, 39.461877499999986 ], [ -75.9164088, 39.458781700000017 ], [ -75.9171986, 39.459006 ], [ -75.9167991, 39.463114399999981 ] ] ] } },
{ "type": "Feature", "properties": { "state_po": "MD", "county_geoid": "24015", "pwsid": "MD0070217", "pws_name": "FOREST GREEN COURT MOBILE HOME PARK", "population_served_count": 212, "model_method": "", "verification_status": "", "symbology_field": "System Sourced", "intersection_area_sq_km": 0.27090148382570228 }, "geometry": { "type": "Polygon", "coordinates": [ [ [ -75.8937855, 39.633084 ], [ -75.8920332, 39.627277399999976 ], [ -75.8959187, 39.627335399999971 ], [ -75.8968809, 39.629135300000037 ], [ -75.9014605, 39.629953400000019 ], [ -75.8937855, 39.633084 ] ] ] } },
{ "type": "Feature", "properties": { "state_po": "MD", "county_geoid": "24015", "pwsid": "MD0070202", "pws_name": "GOLDEN KAY APARTMENTS", "population_served_count": 148, "model_method": "", "verification_status": "", "symbology_field": "System Sourced", "intersection_area_sq_km": 0.014382558295275859 }, "geometry": { "type": "Polygon", "coordinates": [ [ [ -75.8742109, 39.608118500000018 ], [ -75.8753309, 39.606615200000029 ], [ -75.8753812, 39.6081832 ], [ -75.8742109, 39.608118500000018 ] ] ] } },
{ "type": "Feature", "properties": { "state_po": "MD", "county_geoid": "24015", "pwsid": "MD0070203", "pws_name": "GRAYMOUNT APARTMENTS", "population_served_count": 27, "model_method": "", "verification_status": "", "symbology_field": "System Sourced", "intersection_area_sq_km": 0.0084099597795829466 }, "geometry": { "type": "Polygon", "coordinates": [ [ [ -75.8735006, 39.608069799999988 ], [ -75.8745137, 39.606658799999977 ], [ -75.8742109, 39.608118500000018 ], [ -75.8735006, 39.608069799999988 ] ] ] } },
{ "type": "Feature", "properties": { "state_po": "MD", "county_geoid": "24015", "pwsid": "MD0070223", "pws_name": "MAPLE HILL MOBILE ESTATES", "population_served_count": 180, "model_method": "", "verification_status": "", "symbology_field": "System Sourced", "intersection_area_sq_km": 0.091876594567236208 }, "geometry": { "type": "Polygon", "coordinates": [ [ [ -76.0859549, 39.631072699999962 ], [ -76.0843192, 39.6325242 ], [ -76.0812168, 39.630741699999945 ], [ -76.0848728, 39.6290153 ], [ -76.0859549, 39.631072699999962 ] ] ] } },
{ "type": "Feature", "properties": { "state_po": "MD", "county_geoid": "24015", "pwsid": "MD0070248", "pws_name": "MAYBELLE MANOR MOBILE HOME PARK", "population_served_count": 50, "model_method": "", "verification_status": "", "symbology_field": "System Sourced", "intersection_area_sq_km": 0.11346505245066361 }, "geometry": { "type": "Polygon", "coordinates": [ [ [ -76.1801045, 39.6798493 ], [ -76.1855273, 39.678406800000047 ], [ -76.1864025, 39.680991 ], [ -76.1852696, 39.682316400000012 ], [ -76.1801045, 39.6798493 ] ] ] } },
{ "type": "Feature", "properties": { "state_po": "MD", "county_geoid": "24015", "pwsid": "MD0070247", "pws_name": "MISTY MEADOWS 1 / HIGHLAND HILLS M.H.P.", "population_served_count": 460, "model_method": "", "verification_status": "", "symbology_field": "System Sourced", "intersection_area_sq_km": 0.10692742188493053 }, "geometry": { "type": "Polygon", "coordinates": [ [ [ -76.0864466, 39.626272 ], [ -76.0837794, 39.6258544 ], [ -76.0792602, 39.620996499999983 ], [ -76.0812778, 39.621034600000037 ], [ -76.0864466, 39.626272 ] ] ] } },
{ "type": "Feature", "properties": { "state_po": "MD", "county_geoid": "24015", "pwsid": "MD0070239", "pws_name": "WOODLAWN MOBILE HOME PARK - NEW", "population_served_count": 134, "model_method": "", "verification_status": "", "symbology_field": "System Sourced", "intersection_area_sq_km": 0.18097836279452911 }, "geometry": { "type": "MultiPolygon", "coordinates": [ [ [ [ -76.0683364, 39.625321100000022 ], [ -76.0711826, 39.6269176 ], [ -76.0681714, 39.6296462 ], [ -76.066712700000011, 39.628001799999964 ], [ -76.0662856, 39.627753199999972 ], [ -76.0683364, 39.625321100000022 ] ] ], [ [ [ -76.0660003, 39.627782699999969 ], [ -76.0679506, 39.629554399999975 ], [ -76.0642033, 39.6315578 ], [ -76.0638869, 39.6291592 ], [ -76.0660003, 39.627782699999969 ] ] ] ] } },
{ "type": "Feature", "properties": { "state_po": "MD", "county_geoid": "24015", "pwsid": "MD0070226", "pws_name": "OAK LANE MOBILE HOME PARK", "population_served_count": 55, "model_method": "", "verification_status": "", "symbology_field": "System Sourced", "intersection_area_sq_km": 0.043281743252291019 }, "geometry": { "type": "Polygon", "coordinates": [ [ [ -76.0808526, 39.6340071 ], [ -76.0838685, 39.633702400000011 ], [ -76.0837224, 39.635145900000026 ], [ -76.0806146, 39.6357722 ], [ -76.0808526, 39.6340071 ] ] ] } },
{ "type": "Feature", "properties": { "state_po": "MD", "county_geoid": "24015", "pwsid": "MD1071359", "pws_name": "OBLATES OF ST. FRANCIS", "population_served_count": 36, "model_method": "", "verification_status": "", "symbology_field": "System Sourced", "intersection_area_sq_km": 0.31754908621887001 }, "geometry": { "type": "Polygon", "coordinates": [ [ [ -75.8575532, 39.64273129999998 ], [ -75.8560176, 39.639686 ], [ -75.8641498, 39.637531199999984 ], [ -75.8631441, 39.6400088 ], [ -75.8613171, 39.6391266 ], [ -75.8631569, 39.640094399999938 ], [ -75.8643013, 39.638235300000034 ], [ -75.8656408, 39.6409859 ], [ -75.8575532, 39.64273129999998 ] ] ] } },
{ "type": "Feature", "properties": { "state_po": "MD", "county_geoid": "24015", "pwsid": "MD0070241", "pws_name": "WOODLAWN MOBILE HOME PARK - OLD", "population_served_count": 50, "model_method": "", "verification_status": "", "symbology_field": "System Sourced", "intersection_area_sq_km": 0.12320142194939661 }, "geometry": { "type": "Polygon", "coordinates": [ [ [ -76.0696216, 39.62889 ], [ -76.0720087, 39.62607569999998 ], [ -76.075938, 39.627682499999963 ], [ -76.073658900000012, 39.6298738 ], [ -76.0696216, 39.62889 ] ] ] } },
{ "type": "Feature", "properties": { "state_po": "MD", "county_geoid": "24015", "pwsid": "MD0070017", "pws_name": "PERRY POINT V.A. MEDICAL CENTER", "population_served_count": 2000, "model_method": "", "verification_status": "", "symbology_field": "System Sourced", "intersection_area_sq_km": 1.6633977717711874 }, "geometry": { "type": "Polygon", "coordinates": [ [ [ -76.0623927, 39.546520199999961 ], [ -76.0704711, 39.549266199999963 ], [ -76.0756605, 39.552560199999945 ], [ -76.0762464, 39.554630299999971 ], [ -76.0797891, 39.555625199999952 ], [ -76.0729284, 39.55752929999997 ], [ -76.065289, 39.556506300000024 ], [ -76.0599512, 39.552701 ], [ -76.054356, 39.5529014 ], [ -76.0536214, 39.5502573 ], [ -76.0465276, 39.547305900000026 ], [ -76.0623927, 39.546520199999961 ] ] ] } },
{ "type": "Feature", "properties": { "state_po": "MD", "county_geoid": "24015", "pwsid": "MD0070230", "pws_name": "PLEASANT HILL MOBILE HOME PARK", "population_served_count": 64, "model_method": "", "verification_status": "", "symbology_field": "System Sourced", "intersection_area_sq_km": 0.053809896023280006 }, "geometry": { "type": "Polygon", "coordinates": [ [ [ -75.8935936, 39.678296899999964 ], [ -75.8950776, 39.674631800000014 ], [ -75.8956528, 39.678596 ], [ -75.8935936, 39.678296899999964 ] ] ] } },
{ "type": "Feature", "properties": { "state_po": "MD", "county_geoid": "24015", "pwsid": "MD0070021", "pws_name": "TOWN OF RISING SUN", "population_served_count": 2200, "model_method": "", "verification_status": "", "symbology_field": "System Sourced", "intersection_area_sq_km": 2.2767711640089563 }, "geometry": { "type": "Polygon", "coordinates": [ [ [ -76.0756338, 39.698162 ], [ -76.075525, 39.704663699999983 ], [ -76.0720603, 39.7025366 ], [ -76.0649001, 39.703344 ], [ -76.0649216, 39.7058179 ], [ -76.063327, 39.7060787 ], [ -76.0621521, 39.703306400000038 ], [ -76.060373, 39.703419799999985 ], [ -76.0565511, 39.699793899999989 ], [ -76.0484449, 39.7061335 ], [ -76.0485374, 39.7042124 ], [ -76.0465746, 39.703920100000055 ], [ -76.0482454, 39.7037861 ], [ -76.048401900000016, 39.700711199999965 ], [ -76.0498598, 39.700578599999979 ], [ -76.0465447, 39.6999602 ], [ -76.0488092, 39.697167900000018 ], [ -76.0509365, 39.697007500000012 ], [ -76.0510555, 39.695198499999982 ], [ -76.0479872, 39.69501060000001 ], [ -76.0490845, 39.6919822 ], [ -76.0554983, 39.693270099999985 ], [ -76.0564192, 39.690452199999974 ], [ -76.0598896, 39.690150799999977 ], [ -76.0574094, 39.694476299999948 ], [ -76.0594262, 39.6956422 ], [ -76.06706, 39.693348799999967 ], [ -76.0678684, 39.694149600000046 ], [ -76.0659283, 39.6948694 ], [ -76.0708455, 39.69543229999995 ], [ -76.0712421, 39.69857949999998 ], [ -76.0756338, 39.698162 ] ], [ [ -76.0747819, 39.70226289999998 ], [ -76.0735306, 39.702767800000039 ], [ -76.0746251, 39.7028791 ], [ -76.0747819, 39.70226289999998 ] ] ] } },
{ "type": "Feature", "properties": { "state_po": "MD", "county_geoid": "24015", "pwsid": "MD0070250", "pws_name": "SHERWOOD FOREST/FOREST VIEW VILLAGE MHP", "population_served_count": 293, "model_method": "", "verification_status": "", "symbology_field": "System Sourced", "intersection_area_sq_km": 0.15347032255473672 }, "geometry": { "type": "Polygon", "coordinates": [ [ [ -75.870809900000012, 39.6044294 ], [ -75.8702773, 39.6013272 ], [ -75.8754454, 39.601690300000051 ], [ -75.8749794, 39.60507429999997 ], [ -75.870809900000012, 39.6044294 ] ] ] } },
{ "type": "Feature", "properties": { "state_po": "MD", "county_geoid": "24015", "pwsid": "MD0070251", "pws_name": "CHESTNUT POINT ESTATES DISTRIBUTION SYS.", "population_served_count": 32, "model_method": "", "verification_status": "", "symbology_field": "System Sourced", "intersection_area_sq_km": 0.13891630433788288 }, "geometry": { "type": "Polygon", "coordinates": [ [ [ -76.0046143, 39.553099900000014 ], [ -76.011103, 39.5550974 ], [ -76.0113882, 39.55682 ], [ -76.0083934, 39.555427299999984 ], [ -76.0072526, 39.556911600000028 ], [ -76.004210300000011, 39.5544927 ], [ -76.0060166, 39.555115800000017 ], [ -76.0046143, 39.553099900000014 ] ] ] } },
{ "type": "Feature", "properties": { "state_po": "MD", "county_geoid": "24015", "pwsid": "MD0070003", "pws_name": "CARPENTERS POINT WATER CO.", "population_served_count": 400, "model_method": "", "verification_status": "", "symbology_field": "System Sourced", "intersection_area_sq_km": 0.66745801151090556 }, "geometry": { "type": "MultiPolygon", "coordinates": [ [ [ [ -76.0109288, 39.539301299999977 ], [ -76.011029, 39.5412718 ], [ -76.0081119, 39.541399200000015 ], [ -76.0116307, 39.547554799999958 ], [ -76.0066572, 39.5515818 ], [ -76.005122617463982, 39.550779918676554 ], [ -76.006953, 39.548883 ], [ -76.006374, 39.54621 ], [ -76.002438, 39.541767 ], [ -76.006657, 39.538873 ], [ -76.0109288, 39.539301299999977 ] ] ], [ [ [ -76.0204088, 39.54977279999995 ], [ -76.0222533, 39.5485034 ], [ -76.023893, 39.549931400000041 ], [ -76.0220485, 39.551200800000039 ], [ -76.0204088, 39.54977279999995 ] ] ] ] } },
{ "type": "Feature", "properties": { "state_po": "MD", "county_geoid": "24015", "pwsid": "MD0070019", "pws_name": "PINE HILLS", "population_served_count": 953, "model_method": "", "verification_status": "", "symbology_field": "System Sourced", "intersection_area_sq_km": 2.0754288068954581 }, "geometry": { "type": "Polygon", "coordinates": [ [ [ -75.8798711, 39.55958710000003 ], [ -75.8843239, 39.554796499999973 ], [ -75.890333, 39.558328499999988 ], [ -75.8945139, 39.5556576 ], [ -75.8956545, 39.559454 ], [ -75.8928809, 39.5617682 ], [ -75.8876389, 39.56308260000003 ], [ -75.8846066, 39.569294299999967 ], [ -75.879980800000013, 39.567664300000033 ], [ -75.876161, 39.569410800000014 ], [ -75.8726217, 39.568813500000047 ], [ -75.8695286, 39.566020900000034 ], [ -75.868401600000013, 39.559870300000028 ], [ -75.8705495, 39.558906499999978 ], [ -75.873796, 39.5611607 ], [ -75.8783259, 39.5608048 ], [ -75.8812488, 39.564240699999971 ], [ -75.8830233, 39.5630743 ], [ -75.8798711, 39.55958710000003 ] ] ] } },
{ "type": "Feature", "properties": { "state_po": "MD", "county_geoid": "24015", "pwsid": "MD0070020", "pws_name": "PORT DEPOSIT", "population_served_count": 725, "model_method": "", "verification_status": "", "symbology_field": "System Sourced", "intersection_area_sq_km": 1.5564293684581967 }, "geometry": { "type": "MultiPolygon", "coordinates": [ [ [ [ -76.1069234, 39.597821600000039 ], [ -76.1098818, 39.597025 ], [ -76.1277643, 39.612856199999975 ], [ -76.1257593, 39.619781699999969 ], [ -76.1235519, 39.619627100000017 ], [ -76.1224695, 39.6171384 ], [ -76.1190787, 39.619569099999957 ], [ -76.1169529, 39.619084299999983 ], [ -76.1171955, 39.617281499999962 ], [ -76.1230493, 39.613392400000045 ], [ -76.1153501, 39.6067919 ], [ -76.1135698, 39.608186 ], [ -76.1116182, 39.607740899999968 ], [ -76.1124653, 39.605034300000021 ], [ -76.1069234, 39.597821600000039 ] ] ], [ [ [ -76.1081394, 39.608650300000015 ], [ -76.1100874, 39.6074755 ], [ -76.1116061, 39.608982299999987 ], [ -76.1096582, 39.610157 ], [ -76.1081394, 39.608650300000015 ] ] ], [ [ [ -76.083874900000012, 39.612265600000022 ], [ -76.0858234, 39.6110913 ], [ -76.0873417, 39.61259830000003 ], [ -76.0853932, 39.613772599999962 ], [ -76.083874900000012, 39.612265600000022 ] ] ], [ [ [ -76.0891123, 39.616048200000058 ], [ -76.0910607, 39.614873800000019 ], [ -76.0925792, 39.61638080000003 ], [ -76.0906307, 39.617555200000012 ], [ -76.0891123, 39.616048200000058 ] ] ] ] } },
{ "type": "Feature", "properties": { "state_po": "MD", "county_geoid": "24015", "pwsid": "MD0070025", "pws_name": "HARBOR VIEW", "population_served_count": 437, "model_method": "", "verification_status": "", "symbology_field": "System Sourced", "intersection_area_sq_km": 0.7406177832723998 }, "geometry": { "type": "Polygon", "coordinates": [ [ [ -75.8676512, 39.509907600000034 ], [ -75.8723905, 39.506162499999988 ], [ -75.880777, 39.510282899999964 ], [ -75.8728959, 39.512244599999988 ], [ -75.8743729, 39.514108199999981 ], [ -75.8721489, 39.5155104 ], [ -75.8670083, 39.5132179 ], [ -75.8676512, 39.509907600000034 ] ] ] } },
{ "type": "Feature", "properties": { "state_po": "MD", "county_geoid": "24015", "pwsid": "MD0070032", "pws_name": "ROUTE 7 DISTRIBUTION SYSTEM", "population_served_count": 100, "model_method": "", "verification_status": "", "symbology_field": "System Sourced", "intersection_area_sq_km": 0.61215112842420949 }, "geometry": { "type": "MultiPolygon", "coordinates": [ [ [ [ -75.851876800000014, 39.606007700000021 ], [ -75.8532711, 39.604765800000067 ], [ -75.8603715, 39.6052968 ], [ -75.8632676, 39.604201199999956 ], [ -75.8651327, 39.605453699999984 ], [ -75.8600212, 39.6088555 ], [ -75.8550176, 39.608448400000015 ], [ -75.851876800000014, 39.606007700000021 ] ] ], [ [ [ -75.8118421, 39.634414499999956 ], [ -75.8137958, 39.633244699999942 ], [ -75.8153087, 39.634755300000016 ], [ -75.813355, 39.635925100000051 ], [ -75.8118421, 39.634414499999956 ] ] ], [ [ [ -75.8070457, 39.636000900000013 ], [ -75.8097922, 39.634181700000035 ], [ -75.8118528, 39.6352362 ], [ -75.8104982, 39.6374604 ], [ -75.8070457, 39.636000900000013 ] ] ] ] } },
{ "type": "Feature", "properties": { "state_po": "MD", "county_geoid": "24015", "pwsid": "MD0070034", "pws_name": "MOUNTAIN HILL WATER COMPANY", "population_served_count": 2154, "model_method": "", "verification_status": "", "symbology_field": "System Sourced", "intersection_area_sq_km": 1.9151101298055913 }, "geometry": { "type": "MultiPolygon", "coordinates": [ [ [ [ -76.0191771, 39.585445099999973 ], [ -76.0212209, 39.584373 ], [ -76.0226065, 39.585954400000055 ], [ -76.0205627, 39.5870266 ], [ -76.0191771, 39.585445099999973 ] ] ], [ [ [ -76.0172765, 39.588418899999979 ], [ -76.0194319, 39.587366299999964 ], [ -76.0208771, 39.589145899999956 ], [ -76.0187468, 39.5901122 ], [ -76.0172765, 39.588418899999979 ] ] ], [ [ [ -76.0035445, 39.587054700000024 ], [ -76.006313, 39.5862325 ], [ -76.0072851, 39.589191 ], [ -76.004839, 39.589452799999961 ], [ -76.0035445, 39.587054700000024 ] ] ], [ [ [ -76.0130411, 39.590244299999981 ], [ -76.0151714, 39.589278 ], [ -76.0164203, 39.590926299999985 ], [ -76.01429, 39.5918925 ], [ -76.0130411, 39.590244299999981 ] ] ], [ [ [ -76.001681, 39.5908689 ], [ -76.0042324, 39.589621699999931 ], [ -76.0060638, 39.592479900000015 ], [ -76.0026629, 39.59293040000005 ], [ -76.001681, 39.5908689 ] ] ], [ [ [ -76.0178875, 39.593672099999985 ], [ -76.0199316, 39.5926 ], [ -76.0213173, 39.594181399999982 ], [ -76.0192732, 39.595253499999977 ], [ -76.0178875, 39.593672099999985 ] ] ], [ [ [ -75.9969251, 39.595997199999978 ], [ -76.0002713, 39.594921799999966 ], [ -76.0032464, 39.5975627 ], [ -76.0010386, 39.5984189 ], [ -75.9969251, 39.595997199999978 ] ] ], [ [ [ -75.972398, 39.593386400000021 ], [ -75.9765465, 39.59045320000002 ], [ -75.97904650000001, 39.5904898 ], [ -75.9836338, 39.595773699999974 ], [ -75.9747476, 39.597044 ], [ -75.972398, 39.593386400000021 ] ] ], [ [ [ -75.9917375, 39.602612099999988 ], [ -75.9939644, 39.601054399999981 ], [ -75.9960979, 39.602224799999938 ], [ -75.9936663, 39.604291599999982 ], [ -75.9917375, 39.602612099999988 ] ] ], [ [ [ -75.9776414, 39.6070783 ], [ -75.9738769, 39.6066285 ], [ -75.9735411, 39.604450300000082 ], [ -75.9812028, 39.6034815 ], [ -75.9844193, 39.605383199999984 ], [ -75.9845058, 39.607096 ], [ -75.9817214, 39.608279 ], [ -75.9850468, 39.609421799999964 ], [ -75.9841454, 39.613106400000014 ], [ -75.980013, 39.612374900000013 ], [ -75.9776414, 39.6070783 ] ] ] ] } },
{ "type": "Feature", "properties": { "state_po": "MD", "county_geoid": "24015", "pwsid": "MD0070240", "pws_name": "CHESTNUT POINT ESTATES WTP", "population_served_count": 82, "model_method": "", "verification_status": "", "symbology_field": "System Sourced", "intersection_area_sq_km": 0.070631641292961553 }, "geometry": { "type": "Polygon", "coordinates": [ [ [ -76.0094012, 39.556568300000016 ], [ -76.0111349, 39.555208400000055 ], [ -76.0128917, 39.556550399999978 ], [ -76.011158, 39.557910299999975 ], [ -76.0094012, 39.556568300000016 ] ] ] } },
{ "type": "Feature", "properties": { "state_po": "MD", "county_geoid": "24015", "pwsid": "MD0070244", "pws_name": "CECIL WOODS MOBILE HOME PARK WTP", "population_served_count": 285, "model_method": "", "verification_status": "", "symbology_field": "System Sourced", "intersection_area_sq_km": 0.12858882116178402 }, "geometry": { "type": "Polygon", "coordinates": [ [ [ -75.9184307, 39.6123259 ], [ -75.9208748, 39.610747900000014 ], [ -75.9228429, 39.6119024 ], [ -75.920937100000017, 39.614714500000055 ], [ -75.9184307, 39.6123259 ] ] ] } },
{ "type": "Feature", "properties": { "state_po": "MD", "county_geoid": "24041", "pwsid": "MD0200006", "pws_name": "TOWN OF ST. MICHAELS", "population_served_count": 2650, "model_method": "", "verification_status": "", "symbology_field": "System Sourced", "intersection_area_sq_km": 3.181783173801715 }, "geometry": { "type": "MultiPolygon", "coordinates": [ [ [ [ -76.0612493, 38.646319 ], [ -76.0628899, 38.645675299999972 ], [ -76.0621215, 38.646744400000017 ], [ -76.0612493, 38.646319 ] ] ], [ [ [ -76.044589800000011, 38.669779599999984 ], [ -76.0452016, 38.664798699999977 ], [ -76.0475981, 38.665126299999955 ], [ -76.0483765, 38.66347870000002 ], [ -76.051932600000015, 38.6647019 ], [ -76.0538956, 38.6620944 ], [ -76.0537745, 38.659873500000018 ], [ -76.0515072, 38.659760900000023 ], [ -76.0512374, 38.655762 ], [ -76.0492109, 38.6551493 ], [ -76.0524499, 38.650775100000047 ], [ -76.0482569, 38.649495899999984 ], [ -76.050467, 38.6445335 ], [ -76.0533712, 38.644468499999981 ], [ -76.0528855, 38.64657509999995 ], [ -76.0578276, 38.647736100000031 ], [ -76.0574361, 38.649934499999986 ], [ -76.057961, 38.6478546 ], [ -76.0609334, 38.6467195 ], [ -76.0643726, 38.6492856 ], [ -76.058618, 38.651433099999977 ], [ -76.0584976, 38.656017 ], [ -76.0624433, 38.6551799 ], [ -76.063066, 38.653637100000012 ], [ -76.069655, 38.6531159 ], [ -76.072382, 38.6542806 ], [ -76.0708524, 38.6610801 ], [ -76.06545220000001, 38.660446799999974 ], [ -76.0648395, 38.664428600000058 ], [ -76.0635143, 38.664609100000035 ], [ -76.0662068, 38.665131599999974 ], [ -76.0637257, 38.666072299999961 ], [ -76.0653799, 38.6669875 ], [ -76.0669184, 38.665169300000024 ], [ -76.0694528, 38.665517200000018 ], [ -76.0681613, 38.666811 ], [ -76.0720809, 38.668597399999946 ], [ -76.069983, 38.671447699999973 ], [ -76.0654451, 38.6684662 ], [ -76.0650991, 38.66968050000002 ], [ -76.0606394, 38.667438699999984 ], [ -76.062255, 38.664655100000047 ], [ -76.0580238, 38.6601774 ], [ -76.0543608, 38.661558 ], [ -76.0544073, 38.664795500000018 ], [ -76.0526936, 38.6656604 ], [ -76.055272, 38.6694702 ], [ -76.0477234, 38.671345300000027 ], [ -76.044589800000011, 38.669779599999984 ] ], [ [ -76.0619487, 38.656049800000055 ], [ -76.0619333, 38.656024099999946 ], [ -76.0618782, 38.656083 ], [ -76.0619487, 38.656049800000055 ] ], [ [ -76.0610385, 38.656724499999967 ], [ -76.0611914, 38.657358 ], [ -76.0620314, 38.656853800000029 ], [ -76.0610385, 38.656724499999967 ] ], [ [ -76.0617433, 38.6580103 ], [ -76.0616999, 38.657981099999972 ], [ -76.061695, 38.658005 ], [ -76.0617433, 38.6580103 ] ], [ [ -76.0605296, 38.659158700000049 ], [ -76.0605397, 38.659023 ], [ -76.0600204, 38.658962500000044 ], [ -76.0605296, 38.659158700000049 ] ], [ [ -76.0595652, 38.659306 ], [ -76.0596015, 38.659190800000033 ], [ -76.05952, 38.6592668 ], [ -76.0595652, 38.659306 ] ], [ [ -76.0613074, 38.661298699999961 ], [ -76.062336, 38.662877 ], [ -76.063332300000013, 38.662496900000029 ], [ -76.0632101, 38.661291600000013 ], [ -76.0618818, 38.6610716 ], [ -76.0613074, 38.661298699999961 ] ], [ [ -76.0668805, 38.667650599999988 ], [ -76.067052800000013, 38.6673638 ], [ -76.0667929, 38.667559100000027 ], [ -76.0668805, 38.667650599999988 ] ], [ [ -76.0654616, 38.668015799999971 ], [ -76.0657269, 38.667507 ], [ -76.065346, 38.668073799999974 ], [ -76.0654616, 38.668015799999971 ] ], [ [ -76.0661372, 38.668288299999979 ], [ -76.0663191, 38.667999799999954 ], [ -76.066120900000016, 38.668302400000023 ], [ -76.0661372, 38.668288299999979 ] ], [ [ -76.0604885, 38.648706099999941 ], [ -76.0606522, 38.64850330000003 ], [ -76.060465, 38.648696699999938 ], [ -76.0604885, 38.648706099999941 ] ], [ [ -76.0571537, 38.6524978 ], [ -76.0561891, 38.652102400000039 ], [ -76.0566945, 38.652782900000048 ], [ -76.0571537, 38.6524978 ] ], [ [ -76.0570624, 38.653675600000042 ], [ -76.0563941, 38.6538403 ], [ -76.057059, 38.653821599999986 ], [ -76.0570624, 38.653675600000042 ] ], [ [ -76.0560595, 38.654782700000013 ], [ -76.0560272, 38.654830800000013 ], [ -76.0560408, 38.6548471 ], [ -76.0560595, 38.654782700000013 ] ], [ [ -76.0546809, 38.655010699999977 ], [ -76.0546766, 38.655022200000012 ], [ -76.054686, 38.654982 ], [ -76.0546809, 38.655010699999977 ] ], [ [ -76.0546063, 38.6551086 ], [ -76.0544848, 38.655152900000012 ], [ -76.0546519, 38.655068500000013 ], [ -76.0546063, 38.6551086 ] ], [ [ -76.0555258, 38.656856899999973 ], [ -76.0560633, 38.657350699999952 ], [ -76.0561517, 38.657052400000026 ], [ -76.0555258, 38.656856899999973 ] ], [ [ -76.0546992, 38.659760799999972 ], [ -76.0546844, 38.659767599999959 ], [ -76.0546809, 38.659774 ], [ -76.0546992, 38.659760799999972 ] ], [ [ -76.0546375, 38.659815699999982 ], [ -76.0546276, 38.659838399999963 ], [ -76.0546519, 38.659804300000026 ], [ -76.0546375, 38.659815699999982 ] ] ], [ [ [ -76.062402, 38.6626614 ], [ -76.0630564, 38.6618666 ], [ -76.0631358, 38.66249430000002 ], [ -76.062402, 38.6626614 ] ] ] ] } },
{ "type": "Feature", "properties": { "state_po": "MD", "county_geoid": "24041", "pwsid": "MD0200202", "pws_name": "SWANN HAVEN MOBILE HOME PARK", "population_served_count": 44, "model_method": "", "verification_status": "", "symbology_field": "System Sourced", "intersection_area_sq_km": 0.50482329776186541 }, "geometry": { "type": "Polygon", "coordinates": [ [ [ -76.035052, 38.775328800000011 ], [ -76.0358578, 38.773914899999987 ], [ -76.0386502, 38.7732004 ], [ -76.0404051, 38.774547300000023 ], [ -76.0430079, 38.773252500000012 ], [ -76.047599, 38.776334099999971 ], [ -76.0447864, 38.7784396 ], [ -76.0355631, 38.77946140000001 ], [ -76.0368122, 38.7769824 ], [ -76.035052, 38.775328800000011 ] ] ] } },
{ "type": "Feature", "properties": { "state_po": "MD", "county_geoid": "24041", "pwsid": "MD0200007", "pws_name": "TOWN OF TRAPPE", "population_served_count": 1200, "model_method": "", "verification_status": "", "symbology_field": "System Sourced", "intersection_area_sq_km": 3.118656736631817 }, "geometry": { "type": "MultiPolygon", "coordinates": [ [ [ [ -76.2141932, 38.7702362 ], [ -76.2147643, 38.7691043 ], [ -76.2167363, 38.7691569 ], [ -76.2165508, 38.770529300000014 ], [ -76.2141932, 38.7702362 ] ] ], [ [ [ -76.2210612, 38.777060799999987 ], [ -76.2166872, 38.773665299999983 ], [ -76.2177777, 38.77205450000001 ], [ -76.2219171, 38.773697800000015 ], [ -76.2227978, 38.7753699 ], [ -76.2210612, 38.777060799999987 ] ] ], [ [ [ -76.202107900000016, 38.776150900000033 ], [ -76.2010645, 38.774545500000023 ], [ -76.2020543, 38.775584799999976 ], [ -76.2050689, 38.774041499999981 ], [ -76.2031134, 38.7709477 ], [ -76.2074846, 38.7669333 ], [ -76.2087871, 38.76769239999998 ], [ -76.2097952, 38.765268600000013 ], [ -76.2103691, 38.7661489 ], [ -76.2126587, 38.764819199999977 ], [ -76.214949, 38.767701099999968 ], [ -76.2109329, 38.770577 ], [ -76.212108, 38.773466400000018 ], [ -76.2286803, 38.782548 ], [ -76.2318694, 38.790869300000018 ], [ -76.2283831, 38.790289300000026 ], [ -76.2277708, 38.791922699999986 ], [ -76.2252857, 38.791764800000031 ], [ -76.2252088, 38.7893617 ], [ -76.2187006, 38.788440800000018 ], [ -76.2219203, 38.785517200000029 ], [ -76.2188341, 38.783357600000016 ], [ -76.2199691, 38.785481 ], [ -76.2162937, 38.784521699999978 ], [ -76.216520690963677, 38.78690938157547 ], [ -76.202107900000016, 38.776150900000033 ] ], [ [ -76.2101769, 38.768878299999969 ], [ -76.2107652, 38.768158799999966 ], [ -76.2107928, 38.768021200000035 ], [ -76.2101769, 38.768878299999969 ] ], [ [ -76.2109379, 38.769545600000022 ], [ -76.2109229, 38.769556800000011 ], [ -76.2109699, 38.769559299999976 ], [ -76.2109379, 38.769545600000022 ] ], [ [ -76.2103834, 38.7702024 ], [ -76.2099945, 38.769763300000022 ], [ -76.2084846, 38.768888 ], [ -76.2103834, 38.7702024 ] ], [ [ -76.2209098, 38.7784814 ], [ -76.2205019, 38.778499499999953 ], [ -76.220674, 38.778612100000025 ], [ -76.2209098, 38.7784814 ] ], [ [ -76.226452, 38.781556099999982 ], [ -76.2260513, 38.781552499999982 ], [ -76.2261262, 38.7819502 ], [ -76.226452, 38.781556099999982 ] ], [ [ -76.2261166, 38.782109399999989 ], [ -76.2261022, 38.782045699999983 ], [ -76.2261425, 38.782151399999982 ], [ -76.2261166, 38.782109399999989 ] ], [ [ -76.211473500000011, 38.7808406 ], [ -76.214182400000013, 38.7809139 ], [ -76.2143039, 38.77846210000002 ], [ -76.211473500000011, 38.7808406 ] ], [ [ -76.222217, 38.783701300000011 ], [ -76.22211870000001, 38.7834161 ], [ -76.2220602, 38.783426500000033 ], [ -76.222217, 38.783701300000011 ] ] ], [ [ [ -76.2321744, 38.7903396 ], [ -76.2333351, 38.7909204 ], [ -76.2322479, 38.790936800000011 ], [ -76.2321744, 38.7903396 ] ] ], [ [ [ -76.2179951, 38.789749799999981 ], [ -76.2223886, 38.7915083 ], [ -76.2229418, 38.792835599999989 ], [ -76.2183592, 38.793938900000022 ], [ -76.2179951, 38.789749799999981 ] ] ] ] } },
{ "type": "Feature", "properties": { "state_po": "MD", "county_geoid": "24041", "pwsid": "MD0200005", "pws_name": "TOWN OF OXFORD", "population_served_count": 726, "model_method": "", "verification_status": "", "symbology_field": "System Sourced", "intersection_area_sq_km": 2.0056254955762034 }, "geometry": { "type": "MultiPolygon", "coordinates": [ [ [ [ -76.173041, 38.68742 ], [ -76.1769407, 38.693352900000015 ], [ -76.17263, 38.693622300000023 ], [ -76.1674522, 38.696638 ], [ -76.1693968, 38.693652100000044 ], [ -76.1677896, 38.6914742 ], [ -76.1685033, 38.691096099999982 ], [ -76.1699109, 38.691358200000046 ], [ -76.1709429, 38.69140890000002 ], [ -76.1710749, 38.691273199999983 ], [ -76.1692064, 38.689973399999964 ], [ -76.1700651, 38.684723699999971 ], [ -76.1680018, 38.686719 ], [ -76.1692394, 38.687726099999985 ], [ -76.1678509, 38.690091499999987 ], [ -76.1653961, 38.6907154 ], [ -76.1654269, 38.6854108 ], [ -76.1583871, 38.684977099999948 ], [ -76.1583888, 38.678445399999937 ], [ -76.1634475, 38.67796970000002 ], [ -76.1632802, 38.679256 ], [ -76.1691127, 38.680149800000024 ], [ -76.1703437, 38.6760691 ], [ -76.1674261, 38.673629700000042 ], [ -76.1697808, 38.670136 ], [ -76.1719371, 38.672975 ], [ -76.173137, 38.670965 ], [ -76.177137770557351, 38.675776346287883 ], [ -76.1764435, 38.677875699999959 ], [ -76.1755642, 38.6761093 ], [ -76.1741672, 38.67575929999996 ], [ -76.1762111, 38.677813100000023 ], [ -76.1728926, 38.6792164 ], [ -76.173835552566288, 38.683194555803453 ], [ -76.1721668, 38.68281 ], [ -76.173041, 38.68742 ] ] ], [ [ [ -76.1622285, 38.6869464 ], [ -76.1645038, 38.6869057 ], [ -76.1646789, 38.6873025 ], [ -76.1625672, 38.688304 ], [ -76.1622285, 38.6869464 ] ] ] ] } },
{ "type": "Feature", "properties": { "state_po": "MD", "county_geoid": "24041", "pwsid": "MD0200004", "pws_name": "MARTINGHAM UTILITIES COOPERATIVE", "population_served_count": 675, "model_method": "", "verification_status": "", "symbology_field": "System Sourced", "intersection_area_sq_km": 2.7385169623525081 }, "geometry": { "type": "Polygon", "coordinates": [ [ [ -76.2162133, 38.800911200000044 ], [ -76.2229397, 38.806027200000024 ], [ -76.2279848, 38.805972099999977 ], [ -76.2283156, 38.7997176 ], [ -76.2356143, 38.805482 ], [ -76.2347583, 38.815094699999953 ], [ -76.2378052, 38.8159771 ], [ -76.2387309, 38.820065199999981 ], [ -76.229372, 38.821372 ], [ -76.231883, 38.8198258 ], [ -76.2283721, 38.814288900000044 ], [ -76.2291123, 38.818862200000048 ], [ -76.2277626, 38.820020299999968 ], [ -76.225904, 38.819129 ], [ -76.225131, 38.816859 ], [ -76.211721067067259, 38.805657410215325 ], [ -76.21214, 38.80365 ], [ -76.2162133, 38.800911200000044 ] ], [ [ -76.2174903, 38.804916899999981 ], [ -76.2173193, 38.805067900000026 ], [ -76.2176958, 38.804977500000042 ], [ -76.2174903, 38.804916899999981 ] ], [ [ -76.215773500000012, 38.804548500000017 ], [ -76.2158064, 38.805103800000033 ], [ -76.2168382, 38.804755 ], [ -76.215773500000012, 38.804548500000017 ] ], [ [ -76.2154189, 38.805384699999976 ], [ -76.2154011, 38.805417799999987 ], [ -76.2154088, 38.805445200000015 ], [ -76.2154189, 38.805384699999976 ] ], [ [ -76.2121963, 38.8050879 ], [ -76.2124253, 38.8051429 ], [ -76.2126259, 38.804863399999981 ], [ -76.2121963, 38.8050879 ] ] ] } },
{ "type": "Feature", "properties": { "state_po": "MD", "county_geoid": "24041", "pwsid": "MD0200206", "pws_name": "FOSTERS MOBILE HOME PARK", "population_served_count": 48, "model_method": "", "verification_status": "", "symbology_field": "System Sourced", "intersection_area_sq_km": 0.02593995361938178 }, "geometry": { "type": "Polygon", "coordinates": [ [ [ -76.0718599, 38.824415499999986 ], [ -76.0681425, 38.825247799999985 ], [ -76.0679538, 38.825036299999987 ], [ -76.0718599, 38.824415499999986 ] ] ] } },
{ "type": "Feature", "properties": { "state_po": "MD", "county_geoid": "24041", "pwsid": "MD0200002", "pws_name": "CLAIBORNE", "population_served_count": 60, "model_method": "", "verification_status": "", "symbology_field": "System Sourced", "intersection_area_sq_km": 0.30957991188184236 }, "geometry": { "type": "MultiPolygon", "coordinates": [ [ [ [ -76.2795202, 38.840607200000022 ], [ -76.2755689, 38.840075 ], [ -76.2767674, 38.8384962 ], [ -76.2734637, 38.8345972 ], [ -76.275572200000013, 38.833233100000058 ], [ -76.2758572, 38.834949499999986 ], [ -76.2777744, 38.834419799999985 ], [ -76.2778862, 38.837739899999967 ], [ -76.280958306312385, 38.837390710071197 ], [ -76.2795202, 38.840607200000022 ] ] ], [ [ [ -76.2706179, 38.838545500000016 ], [ -76.2686971, 38.838016300000035 ], [ -76.2683765, 38.835624300000021 ], [ -76.2713968, 38.836105100000076 ], [ -76.2706179, 38.838545500000016 ] ] ] ] } },
{ "type": "Feature", "properties": { "state_po": "MD", "county_geoid": "24037", "pwsid": "MD0180217", "pws_name": "CHARLOTTE HALL VA HOME", "population_served_count": 270, "model_method": "", "verification_status": "", "symbology_field": "System Sourced", "intersection_area_sq_km": 0.20153084336489019 }, "geometry": { "type": "Polygon", "coordinates": [ [ [ -76.7795316, 38.479996800000023 ], [ -76.7773667, 38.474805 ], [ -76.779812, 38.473297 ], [ -76.7802653, 38.476529600000042 ], [ -76.783404, 38.4775515 ], [ -76.7795316, 38.479996800000023 ] ] ] } },
{ "type": "Feature", "properties": { "state_po": "MD", "county_geoid": "24037", "pwsid": "MD0180206", "pws_name": "CHRISTMAS TREE FARM TRAILER PARK", "population_served_count": 100, "model_method": "", "verification_status": "", "symbology_field": "System Sourced", "intersection_area_sq_km": 0.024594580715015017 }, "geometry": { "type": "Polygon", "coordinates": [ [ [ -76.5864106, 38.275561800000041 ], [ -76.5858484, 38.273406499999972 ], [ -76.5878896, 38.274296299999989 ], [ -76.5864106, 38.275561800000041 ] ] ] } },
{ "type": "Feature", "properties": { "state_po": "MD", "county_geoid": "24037", "pwsid": "MD0180054", "pws_name": "FORREST FARM SUBDIVISION", "population_served_count": 577, "model_method": "", "verification_status": "", "symbology_field": "System Sourced", "intersection_area_sq_km": 2.3564669191991388 }, "geometry": { "type": "MultiPolygon", "coordinates": [ [ [ [ -76.5787289, 38.2936298 ], [ -76.574789700000011, 38.292697400000044 ], [ -76.5828145, 38.294360200000021 ], [ -76.5777977, 38.2978197 ], [ -76.5787289, 38.2936298 ] ] ], [ [ [ -76.578533, 38.3195058 ], [ -76.5719024, 38.31046369999995 ], [ -76.5795335, 38.3085548 ], [ -76.577961300000013, 38.3051082 ], [ -76.5819737, 38.30106250000005 ], [ -76.5836592, 38.303030100000036 ], [ -76.5921391, 38.300734799999965 ], [ -76.5903481, 38.3046682 ], [ -76.5896672, 38.313245 ], [ -76.5909692, 38.314855299999977 ], [ -76.5889987, 38.3167887 ], [ -76.5876282, 38.315534500000027 ], [ -76.5840647, 38.316777 ], [ -76.581381, 38.3201333 ], [ -76.578533, 38.3195058 ] ], [ [ -76.5890621, 38.309759700000029 ], [ -76.5890684, 38.309751499999962 ], [ -76.5890616, 38.309750499999943 ], [ -76.5890621, 38.309759700000029 ] ] ] ] } },
{ "type": "Feature", "properties": { "state_po": "MD", "county_geoid": "24037", "pwsid": "MD0180059", "pws_name": "GRANDVIEW HAVEN", "population_served_count": 269, "model_method": "", "verification_status": "", "symbology_field": "System Sourced", "intersection_area_sq_km": 1.3029935986413299 }, "geometry": { "type": "Polygon", "coordinates": [ [ [ -76.6964663, 38.38829150000003 ], [ -76.6943219, 38.382100799999968 ], [ -76.6955483, 38.3834035 ], [ -76.6968224, 38.381719100000041 ], [ -76.6977549, 38.3826535 ], [ -76.7044582, 38.3805551 ], [ -76.7096911, 38.38099459999998 ], [ -76.7099979, 38.38483250000003 ], [ -76.7026383, 38.394583799999964 ], [ -76.6964663, 38.38829150000003 ] ], [ [ -76.707206900000017, 38.3818234 ], [ -76.7071832, 38.3818019 ], [ -76.7071795, 38.3818287 ], [ -76.707206900000017, 38.3818234 ] ], [ [ -76.7037153, 38.381894399999986 ], [ -76.7036951, 38.381873799999966 ], [ -76.7036908, 38.381897500000015 ], [ -76.7037153, 38.381894399999986 ] ], [ [ -76.704673, 38.387758600000048 ], [ -76.704677, 38.387728599999981 ], [ -76.7046609, 38.3877389 ], [ -76.704673, 38.387758600000048 ] ], [ [ -76.698579799999976, 38.3884945 ], [ -76.6986061, 38.388478399999954 ], [ -76.6985756, 38.38847490000002 ], [ -76.698579799999976, 38.3884945 ] ] ] } },
{ "type": "Feature", "properties": { "state_po": "MD", "county_geoid": "24037", "pwsid": "MD0180051", "pws_name": "HOLLAND FOREST", "population_served_count": 139, "model_method": "", "verification_status": "", "symbology_field": "System Sourced", "intersection_area_sq_km": 0.037760950885212807 }, "geometry": { "type": "Polygon", "coordinates": [ [ [ -76.6252865, 38.322336399999969 ], [ -76.6258614, 38.3240546 ], [ -76.6253649, 38.324626500000022 ], [ -76.6233747, 38.323830399999977 ], [ -76.6252865, 38.322336399999969 ] ] ] } },
{ "type": "Feature", "properties": { "state_po": "MD", "county_geoid": "24037", "pwsid": "MD0180044", "pws_name": "HEARTS DESIRE", "population_served_count": 65, "model_method": "", "verification_status": "", "symbology_field": "System Sourced", "intersection_area_sq_km": 0.10165284937400411 }, "geometry": { "type": "Polygon", "coordinates": [ [ [ -76.698353900000015, 38.4685049 ], [ -76.7020862, 38.466584100000027 ], [ -76.7052359, 38.468812600000014 ], [ -76.7010683, 38.469430200000033 ], [ -76.698353900000015, 38.4685049 ] ] ] } },
{ "type": "Feature", "properties": { "state_po": "MD", "county_geoid": "24037", "pwsid": "MD0180057", "pws_name": "LEONARDTOWN FARM", "population_served_count": 193, "model_method": "", "verification_status": "", "symbology_field": "System Sourced", "intersection_area_sq_km": 1.0180122472769004 }, "geometry": { "type": "Polygon", "coordinates": [ [ [ -76.5795246, 38.261952299999948 ], [ -76.5851376, 38.2472806 ], [ -76.5873002, 38.247047200000011 ], [ -76.5934201, 38.251637599999952 ], [ -76.5922988, 38.2523046 ], [ -76.5948313, 38.25626279999998 ], [ -76.5897432, 38.256371100000059 ], [ -76.5795246, 38.261952299999948 ] ], [ [ -76.5867783, 38.250736800000034 ], [ -76.586752300000015, 38.250719700000019 ], [ -76.5867586, 38.250745299999984 ], [ -76.5867783, 38.250736800000034 ] ], [ [ -76.58769310000001, 38.252138599999988 ], [ -76.587702, 38.252111399999983 ], [ -76.5876787, 38.252119799999988 ], [ -76.58769310000001, 38.252138599999988 ] ], [ [ -76.5917361, 38.254284200000065 ], [ -76.5917079, 38.254265300000014 ], [ -76.59170180000001, 38.254288100000032 ], [ -76.5917361, 38.254284200000065 ] ], [ [ -76.5841839, 38.2581316 ], [ -76.584205, 38.258110300000034 ], [ -76.5841799, 38.25810989999998 ], [ -76.5841839, 38.2581316 ] ] ] } },
{ "type": "Feature", "properties": { "state_po": "MD", "county_geoid": "24037", "pwsid": "MD0180001", "pws_name": "BRETON BAY", "population_served_count": 1012, "model_method": "", "verification_status": "", "symbology_field": "System Sourced", "intersection_area_sq_km": 2.8329370600191122 }, "geometry": { "type": "Polygon", "coordinates": [ [ [ -76.6637029, 38.2796 ], [ -76.652176, 38.27472149999997 ], [ -76.6476434, 38.26912410000002 ], [ -76.6514195, 38.2693201 ], [ -76.6532437, 38.268034900000025 ], [ -76.6618041, 38.274481100000045 ], [ -76.662744, 38.2688943 ], [ -76.6597027, 38.261958 ], [ -76.665261, 38.258314899999988 ], [ -76.6691881, 38.259727 ], [ -76.6733603, 38.258714 ], [ -76.6792085, 38.261238399999982 ], [ -76.6750763, 38.2623591 ], [ -76.678729600000011, 38.263223699999983 ], [ -76.6792361, 38.2650497 ], [ -76.6704323, 38.271425499999978 ], [ -76.6637029, 38.2796 ] ], [ [ -76.671953, 38.260337600000049 ], [ -76.6720117, 38.260428499999954 ], [ -76.672081, 38.260327199999978 ], [ -76.671953, 38.260337600000049 ] ], [ [ -76.6772469, 38.261629599999942 ], [ -76.6772682, 38.261634599999937 ], [ -76.6772658, 38.26162650000002 ], [ -76.6772469, 38.261629599999942 ] ], [ [ -76.6694723, 38.2609943 ], [ -76.669519200000011, 38.261013799999972 ], [ -76.6695213, 38.2609873 ], [ -76.6694723, 38.2609943 ] ], [ [ -76.6654702, 38.267927599999986 ], [ -76.665494, 38.267982 ], [ -76.6655353, 38.267920599999947 ], [ -76.6654702, 38.267927599999986 ] ] ] } },
{ "type": "Feature", "properties": { "state_po": "MD", "county_geoid": "24037", "pwsid": "MD0180015", "pws_name": "BIRCH MANOR", "population_served_count": 272, "model_method": "", "verification_status": "", "symbology_field": "System Sourced", "intersection_area_sq_km": 0.52014821611085382 }, "geometry": { "type": "Polygon", "coordinates": [ [ [ -76.7230783, 38.420618400000023 ], [ -76.7168034, 38.416489 ], [ -76.7184543, 38.412365100000045 ], [ -76.723132, 38.4124268 ], [ -76.7242202, 38.413706800000021 ], [ -76.7262493, 38.4127391 ], [ -76.7265737, 38.418285 ], [ -76.7247235, 38.419392800000011 ], [ -76.7237184, 38.418184099999948 ], [ -76.7230783, 38.420618400000023 ] ] ] } },
{ "type": "Feature", "properties": { "state_po": "MD", "county_geoid": "24037", "pwsid": "MD1180005", "pws_name": "CHARLOTTE HALL", "population_served_count": 615, "model_method": "", "verification_status": "", "symbology_field": "System Sourced", "intersection_area_sq_km": 0.15688245824459091 }, "geometry": { "type": "Polygon", "coordinates": [ [ [ -76.774151, 38.492423499999965 ], [ -76.7681957, 38.4918632 ], [ -76.7707318, 38.4890597 ], [ -76.7748846, 38.490817899999968 ], [ -76.774151, 38.492423499999965 ] ], [ [ -76.7733846, 38.490857100000014 ], [ -76.7730818, 38.491043600000019 ], [ -76.7733437, 38.491048600000042 ], [ -76.7733846, 38.490857100000014 ] ] ] } },
{ "type": "Feature", "properties": { "state_po": "MD", "county_geoid": "24037", "pwsid": "MD0180023", "pws_name": "COUNTRY LAKES", "population_served_count": 3016, "model_method": "", "verification_status": "", "symbology_field": "System Sourced", "intersection_area_sq_km": 6.6721546231969233 }, "geometry": { "type": "Polygon", "coordinates": [ [ [ -76.8067254, 38.4132056 ], [ -76.8036269, 38.4134418 ], [ -76.7981092, 38.417132600000016 ], [ -76.7786231, 38.411387 ], [ -76.7770309, 38.413370700000037 ], [ -76.775084, 38.412242300000017 ], [ -76.7742919, 38.413716399999977 ], [ -76.7690406, 38.41427580000002 ], [ -76.764964, 38.411733399999981 ], [ -76.7681782, 38.409541499999975 ], [ -76.7752232, 38.4106801 ], [ -76.776812, 38.404734 ], [ -76.7670933, 38.402385100000046 ], [ -76.7808667, 38.403593100000037 ], [ -76.7793138, 38.395652399999989 ], [ -76.7809041, 38.391024900000041 ], [ -76.7870163, 38.392341700000031 ], [ -76.788194, 38.393863300000021 ], [ -76.78971940000001, 38.3938524 ], [ -76.7897325, 38.392268499999957 ], [ -76.7938446, 38.393651199999972 ], [ -76.7966634, 38.3873771 ], [ -76.8011038, 38.3899109 ], [ -76.8002465, 38.391867799999972 ], [ -76.8047537, 38.3956206 ], [ -76.806310200000013, 38.40123 ], [ -76.800711300000017, 38.4056922 ], [ -76.797931, 38.405763600000036 ], [ -76.7983086, 38.4083696 ], [ -76.8016521, 38.4094859 ], [ -76.8109783, 38.406981399999985 ], [ -76.813414, 38.418089 ], [ -76.8065819, 38.418065400000039 ], [ -76.8067254, 38.4132056 ] ], [ [ -76.7948388, 38.3940767 ], [ -76.7948456, 38.394067799999988 ], [ -76.7948283, 38.394049900000034 ], [ -76.7948388, 38.3940767 ] ], [ [ -76.7981808, 38.401242299999979 ], [ -76.7981857, 38.401243 ], [ -76.7981844, 38.4012399 ], [ -76.7981808, 38.401242299999979 ] ], [ [ -76.7826949, 38.4021991 ], [ -76.7823752, 38.4006955 ], [ -76.7823565, 38.402198799999958 ], [ -76.7826949, 38.4021991 ] ], [ [ -76.7948245, 38.412892800000037 ], [ -76.7948424, 38.412877100000053 ], [ -76.7948292, 38.412872199999946 ], [ -76.7948245, 38.412892800000037 ] ] ] } },
{ "type": "Feature", "properties": { "state_po": "MD", "county_geoid": "24037", "pwsid": "MD0180008", "pws_name": "KING & KENNEDY", "population_served_count": 169, "model_method": "", "verification_status": "", "symbology_field": "System Sourced", "intersection_area_sq_km": 0.79706292165182002 }, "geometry": { "type": "Polygon", "coordinates": [ [ [ -76.659964700000018, 38.385413899999982 ], [ -76.658492700000011, 38.379964299999962 ], [ -76.6608565, 38.3789771 ], [ -76.6689541, 38.385251900000029 ], [ -76.6715543, 38.3853067 ], [ -76.6705792, 38.3879388 ], [ -76.6651569, 38.392345800000015 ], [ -76.659964700000018, 38.385413899999982 ] ] ] } },
{ "type": "Feature", "properties": { "state_po": "MD", "county_geoid": "24037", "pwsid": "MD0180037", "pws_name": "LAUREL RIDGE", "population_served_count": 560, "model_method": "", "verification_status": "", "symbology_field": "System Sourced", "intersection_area_sq_km": 1.4418479362538124 }, "geometry": { "type": "Polygon", "coordinates": [ [ [ -76.7493009, 38.488711800000011 ], [ -76.7430018, 38.486149 ], [ -76.7427586, 38.48341749999998 ], [ -76.7349886, 38.4809735 ], [ -76.7348557, 38.47717649999997 ], [ -76.7427745, 38.475622099999974 ], [ -76.750077500000017, 38.4802153 ], [ -76.7565036, 38.481036499999988 ], [ -76.7534109, 38.486244 ], [ -76.7496709, 38.4870308 ], [ -76.7493009, 38.488711800000011 ] ], [ [ -76.7364975, 38.477558700000017 ], [ -76.7364173, 38.477536099999952 ], [ -76.7364454, 38.477568799999986 ], [ -76.7364975, 38.477558700000017 ] ], [ [ -76.738053, 38.478676799999967 ], [ -76.7380836, 38.4786591 ], [ -76.7380503, 38.4786615 ], [ -76.738053, 38.478676799999967 ] ] ] } },
{ "type": "Feature", "properties": { "state_po": "MD", "county_geoid": "24037", "pwsid": "MD0180052", "pws_name": "VILLAGES AT LEONARDTOWN", "population_served_count": 239, "model_method": "", "verification_status": "", "symbology_field": "System Sourced", "intersection_area_sq_km": 0.25398384101577587 }, "geometry": { "type": "Polygon", "coordinates": [ [ [ -76.6761694, 38.3209094 ], [ -76.6695773, 38.318266 ], [ -76.6694626, 38.3138327 ], [ -76.6741039, 38.316301100000011 ], [ -76.6761694, 38.3209094 ] ] ] } },
{ "type": "Feature", "properties": { "state_po": "MD", "county_geoid": "24037", "pwsid": "MD0180009", "pws_name": "MOUNT PLEASANT WATER CO., INC.", "population_served_count": 150, "model_method": "", "verification_status": "", "symbology_field": "System Sourced", "intersection_area_sq_km": 0.27675912337436498 }, "geometry": { "type": "MultiPolygon", "coordinates": [ [ [ [ -76.7455986, 38.302784 ], [ -76.7425816, 38.3032585 ], [ -76.7406898, 38.3017343 ], [ -76.7373467, 38.30317280000002 ], [ -76.7361873, 38.30116329999997 ], [ -76.7402709, 38.3002633 ], [ -76.7425899, 38.302142 ], [ -76.7460588, 38.3012728 ], [ -76.7458085, 38.3043509 ], [ -76.7455986, 38.302784 ] ] ], [ [ [ -76.7380745, 38.306413899999967 ], [ -76.736948, 38.3049854 ], [ -76.7413677, 38.304987100000027 ], [ -76.7437684, 38.3034503 ], [ -76.7449598, 38.304818499999982 ], [ -76.7380745, 38.306413899999967 ] ] ] ] } },
{ "type": "Feature", "properties": { "state_po": "MD", "county_geoid": "24037", "pwsid": "MD0180042", "pws_name": "MULBERRY SOUTH", "population_served_count": 65, "model_method": "", "verification_status": "", "symbology_field": "System Sourced", "intersection_area_sq_km": 0.13207093369211992 }, "geometry": { "type": "Polygon", "coordinates": [ [ [ -76.6432799, 38.269124200000014 ], [ -76.6488311, 38.2698111 ], [ -76.6476071, 38.27134239999998 ], [ -76.643048, 38.271284 ], [ -76.6432799, 38.269124200000014 ] ] ] } },
{ "type": "Feature", "properties": { "state_po": "MD", "county_geoid": "24037", "pwsid": "MD0180046", "pws_name": "PERSIMMON HILLS", "population_served_count": 514, "model_method": "", "verification_status": "", "symbology_field": "System Sourced", "intersection_area_sq_km": 0.93868128583586818 }, "geometry": { "type": "MultiPolygon", "coordinates": [ [ [ [ -76.7249171, 38.429630900000014 ], [ -76.7254958, 38.431103199999988 ], [ -76.7233331, 38.431846100000044 ], [ -76.7225176, 38.4310963 ], [ -76.7249171, 38.429630900000014 ] ] ], [ [ [ -76.7111928, 38.435977899999983 ], [ -76.713898, 38.435874899999973 ], [ -76.7183349, 38.4312203 ], [ -76.7220194, 38.4311861 ], [ -76.7278408, 38.4354865 ], [ -76.7214699, 38.4364026 ], [ -76.7211635, 38.438776399999966 ], [ -76.7168128, 38.442000799999988 ], [ -76.7120012, 38.4430027 ], [ -76.7130091, 38.44057589999997 ], [ -76.7111928, 38.435977899999983 ] ] ] ] } },
{ "type": "Feature", "properties": { "state_po": "MD", "county_geoid": "24037", "pwsid": "MD0180017", "pws_name": "ROLLING ACRES", "population_served_count": 699, "model_method": "", "verification_status": "", "symbology_field": "System Sourced", "intersection_area_sq_km": 2.1620707579837068 }, "geometry": { "type": "Polygon", "coordinates": [ [ [ -76.7121148, 38.5057106 ], [ -76.7029562, 38.497747099999984 ], [ -76.7015171, 38.4982852 ], [ -76.6962, 38.495509800000043 ], [ -76.7058561, 38.491423699999949 ], [ -76.7106567, 38.4919756 ], [ -76.7173654, 38.495201 ], [ -76.7215444, 38.4924488 ], [ -76.7287677, 38.496978399999961 ], [ -76.7229725, 38.50143 ], [ -76.7201, 38.499343 ], [ -76.7175224, 38.502316399999977 ], [ -76.714112, 38.502586700000016 ], [ -76.7133961, 38.5012562 ], [ -76.7121148, 38.5057106 ] ], [ [ -76.7187824, 38.499090600000024 ], [ -76.7187861, 38.499088900000011 ], [ -76.718782, 38.4990862 ], [ -76.7187824, 38.499090600000024 ] ], [ [ -76.7105951, 38.498337100000015 ], [ -76.71052370000001, 38.498334200000023 ], [ -76.7105492, 38.49836550000002 ], [ -76.7105951, 38.498337100000015 ] ] ] } },
{ "type": "Feature", "properties": { "state_po": "MD", "county_geoid": "24037", "pwsid": "MD0180012", "pws_name": "ST. CLEMENTS SHORES", "population_served_count": 620, "model_method": "", "verification_status": "", "symbology_field": "System Sourced", "intersection_area_sq_km": 0.51846384729232087 }, "geometry": { "type": "MultiPolygon", "coordinates": [ [ [ [ -76.7003634, 38.279246200000031 ], [ -76.7013235, 38.279193399999983 ], [ -76.7010113, 38.279586399999928 ], [ -76.7003634, 38.279246200000031 ] ] ], [ [ [ -76.705434, 38.2849044 ], [ -76.6997892, 38.2829805 ], [ -76.6995532, 38.2806829 ], [ -76.7012523, 38.2797684 ], [ -76.7021128, 38.278728499999986 ], [ -76.699259700000013, 38.278529 ], [ -76.69872, 38.27924270000004 ], [ -76.6972707, 38.2778625 ], [ -76.702388700000014, 38.277335099999974 ], [ -76.702532, 38.2774661 ], [ -76.702291700000018, 38.278669399999984 ], [ -76.7023456, 38.278683299999926 ], [ -76.7069265, 38.276875500000017 ], [ -76.7098479, 38.2819321 ], [ -76.705434, 38.2849044 ] ], [ [ -76.7030677, 38.279585 ], [ -76.7035044, 38.279345299999981 ], [ -76.7033496, 38.279261299999952 ], [ -76.7030677, 38.279585 ] ] ] ] } },
{ "type": "Feature", "properties": { "state_po": "MD", "county_geoid": "24037", "pwsid": "MD0180056", "pws_name": "WILD GOOSE CREST SUBDIVISION", "population_served_count": 65, "model_method": "", "verification_status": "", "symbology_field": "System Sourced", "intersection_area_sq_km": 0.15324019523297791 }, "geometry": { "type": "Polygon", "coordinates": [ [ [ -76.7460738, 38.435870099999988 ], [ -76.7491483, 38.4368586 ], [ -76.7502501, 38.441656 ], [ -76.7455623, 38.439235600000025 ], [ -76.7460738, 38.435870099999988 ] ] ] } },
{ "type": "Feature", "properties": { "state_po": "MD", "county_geoid": "24037", "pwsid": "MD0180036", "pws_name": "WILDERNESS RUN", "population_served_count": 511, "model_method": "", "verification_status": "", "symbology_field": "System Sourced", "intersection_area_sq_km": 1.8257985977876086 }, "geometry": { "type": "Polygon", "coordinates": [ [ [ -76.608116, 38.254744200000033 ], [ -76.6085192, 38.251421300000011 ], [ -76.60433, 38.253442 ], [ -76.6018355, 38.2517504 ], [ -76.6023797, 38.2426706 ], [ -76.6103081, 38.245043 ], [ -76.6139758, 38.244377599999972 ], [ -76.6185194, 38.247510499999954 ], [ -76.6176964, 38.24859790000005 ], [ -76.6205553, 38.24868979999998 ], [ -76.6259916, 38.2529223 ], [ -76.6257839, 38.2548864 ], [ -76.608116, 38.254744200000033 ] ], [ [ -76.6045732, 38.249059 ], [ -76.6046067, 38.249047900000029 ], [ -76.6045981, 38.2490431 ], [ -76.6045732, 38.249059 ] ], [ [ -76.6206423, 38.254176700000031 ], [ -76.6235687, 38.253302900000023 ], [ -76.6237289, 38.251984099999966 ], [ -76.6206423, 38.254176700000031 ] ] ] } },
{ "type": "Feature", "properties": { "state_po": "MD", "county_geoid": "24037", "pwsid": "MD0180018", "pws_name": "WICOMICO SHORES", "population_served_count": 1262, "model_method": "", "verification_status": "", "symbology_field": "System Sourced", "intersection_area_sq_km": 3.4424722826495482 }, "geometry": { "type": "Polygon", "coordinates": [ [ [ -76.8417131, 38.3894622 ], [ -76.835427900000013, 38.39129920000002 ], [ -76.8313343, 38.390617100000021 ], [ -76.8320953, 38.38068489999997 ], [ -76.8497956, 38.375085099999936 ], [ -76.853155, 38.376429299999984 ], [ -76.8585988, 38.382908399999963 ], [ -76.8673578, 38.3853937 ], [ -76.8449951, 38.392734300000015 ], [ -76.8417131, 38.3894622 ] ], [ [ -76.8500295, 38.38237130000001 ], [ -76.8475356, 38.379636700000034 ], [ -76.8463628, 38.380925099999949 ], [ -76.8500295, 38.38237130000001 ] ], [ [ -76.8425094, 38.380413800000021 ], [ -76.8426407, 38.3797462 ], [ -76.842198400000015, 38.380166800000012 ], [ -76.8425094, 38.380413800000021 ] ], [ [ -76.8602224, 38.384645399999975 ], [ -76.8602464, 38.384644199999968 ], [ -76.8602372, 38.3846331 ], [ -76.8602224, 38.384645399999975 ] ], [ [ -76.8604445, 38.385903499999948 ], [ -76.8604689, 38.385903499999941 ], [ -76.8604534, 38.385889699999986 ], [ -76.8604445, 38.385903499999948 ] ], [ [ -76.845604, 38.3838781 ], [ -76.8458183, 38.383848199999989 ], [ -76.8457301, 38.383781 ], [ -76.845604, 38.3838781 ] ], [ [ -76.8327392, 38.383201199999981 ], [ -76.8327346, 38.3832013 ], [ -76.8327362, 38.3832051 ], [ -76.8327392, 38.383201199999981 ] ], [ [ -76.8519897, 38.3877011 ], [ -76.8520143, 38.387687600000035 ], [ -76.8519923, 38.38768530000003 ], [ -76.8519897, 38.3877011 ] ], [ [ -76.835712200000017, 38.386830599999968 ], [ -76.835726, 38.386815099999978 ], [ -76.8357048, 38.38683989999997 ], [ -76.835712200000017, 38.386830599999968 ] ], [ [ -76.8328789, 38.386972900000025 ], [ -76.832873, 38.386967799999979 ], [ -76.8328711, 38.386971300000027 ], [ -76.8328789, 38.386972900000025 ] ], [ [ -76.8362669, 38.3895792 ], [ -76.8362731, 38.38957909999997 ], [ -76.8362674, 38.389575299999983 ], [ -76.8362669, 38.3895792 ] ] ] } },
{ "type": "Feature", "properties": { "state_po": "MD", "county_geoid": "24037", "pwsid": "MD0180210", "pws_name": "COOK'S TRAILER COURT (AKA GARRETT TP)", "population_served_count": 120, "model_method": "", "verification_status": "", "symbology_field": "System Sourced", "intersection_area_sq_km": 0.019257804571515862 }, "geometry": { "type": "Polygon", "coordinates": [ [ [ -76.4403844, 38.223305799999935 ], [ -76.4417215, 38.221967399999983 ], [ -76.4435218, 38.222942 ], [ -76.4403844, 38.223305799999935 ] ] ] } },
{ "type": "Feature", "properties": { "state_po": "MD", "county_geoid": "24037", "pwsid": "MD0180045", "pws_name": "GREENBRIER", "population_served_count": 1161, "model_method": "", "verification_status": "", "symbology_field": "System Sourced", "intersection_area_sq_km": 1.0843291404240245 }, "geometry": { "type": "Polygon", "coordinates": [ [ [ -76.445063, 38.246233 ], [ -76.438433, 38.244222500000014 ], [ -76.4332266, 38.240913599999978 ], [ -76.4339145, 38.238461599999965 ], [ -76.435502500000013, 38.2391191 ], [ -76.4388298, 38.236471800000025 ], [ -76.4472414, 38.235935 ], [ -76.4495538, 38.237701199999961 ], [ -76.4477945, 38.2440852 ], [ -76.445063, 38.246233 ] ], [ [ -76.43891, 38.2382173 ], [ -76.4389095, 38.238213 ], [ -76.4389057, 38.238215100000048 ], [ -76.43891, 38.2382173 ] ], [ [ -76.436762300000012, 38.240176699999985 ], [ -76.4367134, 38.24013530000002 ], [ -76.4367158, 38.240177100000011 ], [ -76.436762300000012, 38.240176699999985 ] ], [ [ -76.4412452, 38.241782599999979 ], [ -76.4413095, 38.2418667 ], [ -76.4413378, 38.241839300000017 ], [ -76.4412452, 38.241782599999979 ] ], [ [ -76.4378674, 38.241488299999986 ], [ -76.4378904, 38.241465200000043 ], [ -76.4378684, 38.2414639 ], [ -76.4378674, 38.241488299999986 ] ] ] } },
{ "type": "Feature", "properties": { "state_po": "MD", "county_geoid": "24037", "pwsid": "MD0180212", "pws_name": "LANGLEY MOBILE HOME PARK", "population_served_count": 175, "model_method": "", "verification_status": "", "symbology_field": "System Sourced", "intersection_area_sq_km": 0.25558872485781109 }, "geometry": { "type": "Polygon", "coordinates": [ [ [ -76.4861479, 38.231349800000018 ], [ -76.484901100000016, 38.228254300000017 ], [ -76.4867253, 38.227919199999974 ], [ -76.488387, 38.224565099999964 ], [ -76.493143, 38.227322300000026 ], [ -76.4901458, 38.229473900000045 ], [ -76.4881479, 38.228980299999947 ], [ -76.4883144, 38.230974700000026 ], [ -76.4861479, 38.231349800000018 ] ] ] } },
{ "type": "Feature", "properties": { "state_po": "MD", "county_geoid": "24037", "pwsid": "MD0180034", "pws_name": "PINEY POINT", "population_served_count": 672, "model_method": "", "verification_status": "", "symbology_field": "System Sourced", "intersection_area_sq_km": 0.30643872252288273 }, "geometry": { "type": "MultiPolygon", "coordinates": [ [ [ [ -76.5140573, 38.143417900000017 ], [ -76.512031, 38.145737 ], [ -76.5104004, 38.142768 ], [ -76.5128568, 38.141560500000018 ], [ -76.5140573, 38.143417900000017 ] ] ], [ [ [ -76.5113193, 38.1412756 ], [ -76.5052636, 38.146324 ], [ -76.5019219, 38.144918500000031 ], [ -76.5067872, 38.141553100000046 ], [ -76.506570400000015, 38.140248599999964 ], [ -76.5113193, 38.1412756 ] ] ] ] } },
{ "type": "Feature", "properties": { "state_po": "MD", "county_geoid": "24037", "pwsid": "MD0180002", "pws_name": "CEDAR COVE", "population_served_count": 2728, "model_method": "", "verification_status": "", "symbology_field": "System Sourced", "intersection_area_sq_km": 0.61295990593224248 }, "geometry": { "type": "Polygon", "coordinates": [ [ [ -76.4137854, 38.263143399999947 ], [ -76.4076127, 38.2641315 ], [ -76.401776900000016, 38.263125500000029 ], [ -76.404067400000017, 38.2608911 ], [ -76.40647, 38.2615945 ], [ -76.4107458, 38.259905699999962 ], [ -76.4078217, 38.257299699999983 ], [ -76.4090434, 38.2562458 ], [ -76.4121419, 38.25695120000006 ], [ -76.4130061, 38.259693199999973 ], [ -76.4171604, 38.259312799999989 ], [ -76.4194762, 38.2626371 ], [ -76.4146367, 38.26426309999998 ], [ -76.4137854, 38.263143399999947 ] ], [ [ -76.4166173, 38.260737 ], [ -76.4166112, 38.2607324 ], [ -76.4166127, 38.2607373 ], [ -76.4166173, 38.260737 ] ], [ [ -76.41687730000001, 38.26107380000002 ], [ -76.4169369, 38.261027399999975 ], [ -76.4168471, 38.260964199999968 ], [ -76.41687730000001, 38.26107380000002 ] ], [ [ -76.4151864, 38.261487400000028 ], [ -76.4152417, 38.261708900000059 ], [ -76.4160284, 38.261776800000014 ], [ -76.4151864, 38.261487400000028 ] ], [ [ -76.4144271, 38.262158100000029 ], [ -76.4144378, 38.262272299999971 ], [ -76.4145204, 38.262198200000014 ], [ -76.4144271, 38.262158100000029 ] ] ] } },
{ "type": "Feature", "properties": { "state_po": "MD", "county_geoid": "24037", "pwsid": "MD0180020", "pws_name": "FENWICK MANOR", "population_served_count": 234, "model_method": "", "verification_status": "", "symbology_field": "System Sourced", "intersection_area_sq_km": 0.50555644732651583 }, "geometry": { "type": "Polygon", "coordinates": [ [ [ -76.5593797, 38.355147400000021 ], [ -76.5555726, 38.352766799999976 ], [ -76.5606124, 38.349111 ], [ -76.5646432, 38.353919700000013 ], [ -76.5630852, 38.357895699999986 ], [ -76.5639331, 38.361442299999979 ], [ -76.5618249, 38.3622335 ], [ -76.5593797, 38.355147400000021 ] ] ] } },
{ "type": "Feature", "properties": { "state_po": "MD", "county_geoid": "24037", "pwsid": "MD0180041", "pws_name": "FOX MEADOW", "population_served_count": 128, "model_method": "", "verification_status": "", "symbology_field": "System Sourced", "intersection_area_sq_km": 0.2177913808048289 }, "geometry": { "type": "Polygon", "coordinates": [ [ [ -76.4463599, 38.228849800000042 ], [ -76.445828, 38.225022 ], [ -76.4473178, 38.224959800000015 ], [ -76.4474717, 38.22226050000004 ], [ -76.4497742, 38.222426599999977 ], [ -76.4496074, 38.228694599999933 ], [ -76.4463599, 38.228849800000042 ] ], [ [ -76.4481876, 38.227716100000031 ], [ -76.4481852, 38.2277162 ], [ -76.4481862, 38.227717899999988 ], [ -76.4481876, 38.227716100000031 ] ] ] } },
{ "type": "Feature", "properties": { "state_po": "MD", "county_geoid": "24037", "pwsid": "MD0180038", "pws_name": "HUNTING QUARTERS", "population_served_count": 715, "model_method": "", "verification_status": "", "symbology_field": "System Sourced", "intersection_area_sq_km": 0.43380814886967534 }, "geometry": { "type": "Polygon", "coordinates": [ [ [ -76.5224222, 38.2473804 ], [ -76.5201449, 38.245984199999953 ], [ -76.518031, 38.246475900000021 ], [ -76.5217373, 38.240408599999974 ], [ -76.5259928, 38.238610700000045 ], [ -76.5281504, 38.2423251 ], [ -76.5260242, 38.2462079 ], [ -76.5224222, 38.2473804 ] ] ] } },
{ "type": "Feature", "properties": { "state_po": "MD", "county_geoid": "24037", "pwsid": "MD0180207", "pws_name": "LEXINGTON MOBILE HOME CO., LLC", "population_served_count": 300, "model_method": "", "verification_status": "", "symbology_field": "System Sourced", "intersection_area_sq_km": 0.05033305205416868 }, "geometry": { "type": "Polygon", "coordinates": [ [ [ -76.4085756, 38.233413099999964 ], [ -76.4061222, 38.233075400000033 ], [ -76.4060378, 38.231595 ], [ -76.409104200000016, 38.231351199999963 ], [ -76.4085756, 38.233413099999964 ] ] ] } },
{ "type": "Feature", "properties": { "state_po": "MD", "county_geoid": "24037", "pwsid": "MD0180213", "pws_name": "LORD CALVERT TRAILER PARK", "population_served_count": 892, "model_method": "", "verification_status": "", "symbology_field": "System Sourced", "intersection_area_sq_km": 0.27761089822168483 }, "geometry": { "type": "Polygon", "coordinates": [ [ [ -76.4895082, 38.2495304 ], [ -76.493673, 38.244126400000049 ], [ -76.4929701, 38.245387400000027 ], [ -76.496622, 38.245105300000041 ], [ -76.497274, 38.247119899999987 ], [ -76.4910552, 38.2504735 ], [ -76.4895082, 38.2495304 ] ] ] } },
{ "type": "Feature", "properties": { "state_po": "MD", "county_geoid": "24037", "pwsid": "MD0180047", "pws_name": "PINEY POINT LANDINGS", "population_served_count": 237, "model_method": "", "verification_status": "", "symbology_field": "System Sourced", "intersection_area_sq_km": 1.2462749160326061 }, "geometry": { "type": "Polygon", "coordinates": [ [ [ -76.5356578, 38.1469379 ], [ -76.5405273, 38.1538481 ], [ -76.5376349, 38.154925 ], [ -76.5351134, 38.163806899999948 ], [ -76.5332666, 38.1652384 ], [ -76.5240944, 38.158824800000019 ], [ -76.529777600000017, 38.154394800000013 ], [ -76.5327134, 38.156452099999981 ], [ -76.5311628, 38.15346370000001 ], [ -76.5338278, 38.154239300000036 ], [ -76.5315083, 38.151509 ], [ -76.5335944, 38.151327 ], [ -76.5336167, 38.14898669999998 ], [ -76.5358677, 38.150972099999976 ], [ -76.5340719, 38.147009899999979 ], [ -76.5356578, 38.1469379 ] ], [ [ -76.5350489, 38.148844399999987 ], [ -76.5349675, 38.1487338 ], [ -76.534957, 38.1488101 ], [ -76.5350489, 38.148844399999987 ] ], [ [ -76.5338339, 38.150509900000024 ], [ -76.5339503, 38.150593200000024 ], [ -76.533928, 38.150491900000027 ], [ -76.5338339, 38.150509900000024 ] ], [ [ -76.537649, 38.151784 ], [ -76.5376226, 38.15168050000004 ], [ -76.5375506, 38.151728499999969 ], [ -76.537649, 38.151784 ] ], [ [ -76.5326568, 38.152058100000012 ], [ -76.5325431, 38.151947200000031 ], [ -76.5325376, 38.152021899999987 ], [ -76.5326568, 38.152058100000012 ] ], [ [ -76.5389578, 38.154061499999983 ], [ -76.5388478, 38.15400159999993 ], [ -76.538855500000011, 38.154106099999979 ], [ -76.5389578, 38.154061499999983 ] ], [ [ -76.5362451, 38.1536497 ], [ -76.536251900000011, 38.153631399999973 ], [ -76.5362146, 38.15365119999997 ], [ -76.5362451, 38.1536497 ] ], [ [ -76.5356722, 38.153743700000021 ], [ -76.5356295, 38.153738300000022 ], [ -76.5356367, 38.1537655 ], [ -76.5356722, 38.153743700000021 ] ], [ [ -76.5324282, 38.154712800000041 ], [ -76.5323364, 38.1546105 ], [ -76.5323008, 38.154681400000037 ], [ -76.5324282, 38.154712800000041 ] ] ] } },
{ "type": "Feature", "properties": { "state_po": "MD", "county_geoid": "24037", "pwsid": "MD0180048", "pws_name": "SOUTHGATE", "population_served_count": 188, "model_method": "", "verification_status": "", "symbology_field": "System Sourced", "intersection_area_sq_km": 0.05693882342774443 }, "geometry": { "type": "MultiPolygon", "coordinates": [ [ [ [ -76.4230923, 38.244941599999969 ], [ -76.4248072, 38.246675300000021 ], [ -76.4235329, 38.24730550000001 ], [ -76.4213759, 38.245771199999957 ], [ -76.4230923, 38.244941599999969 ] ] ], [ [ [ -76.4238279, 38.247564899999944 ], [ -76.4271601, 38.248316899999978 ], [ -76.4268549, 38.248782400000039 ], [ -76.4238279, 38.247564899999944 ] ] ] ] } },
{ "type": "Feature", "properties": { "state_po": "MD", "county_geoid": "24037", "pwsid": "MD0180013", "pws_name": "SAINT MARYS COLLEGE", "population_served_count": 2200, "model_method": "", "verification_status": "", "symbology_field": "System Sourced", "intersection_area_sq_km": 1.6010224183414674 }, "geometry": { "type": "Polygon", "coordinates": [ [ [ -76.433947, 38.1826689 ], [ -76.4382984, 38.188268100000023 ], [ -76.432541, 38.1895056 ], [ -76.4323617, 38.1880519 ], [ -76.4300443, 38.1885102 ], [ -76.4318527, 38.1893715 ], [ -76.4282414, 38.193778 ], [ -76.4275708, 38.198210300000014 ], [ -76.4249692, 38.199582400000011 ], [ -76.4187649, 38.1987221 ], [ -76.4144011, 38.1915907 ], [ -76.4167236, 38.190288799999919 ], [ -76.420016, 38.1953984 ], [ -76.4211544, 38.195055100000012 ], [ -76.4184443, 38.190595199999976 ], [ -76.4202995, 38.190063599999959 ], [ -76.419402, 38.188915900000033 ], [ -76.427223, 38.187028099999978 ], [ -76.4300245, 38.187799799999972 ], [ -76.43171, 38.18578319999996 ], [ -76.4260091, 38.18305580000002 ], [ -76.4273339, 38.180789299999979 ], [ -76.4307886, 38.180366 ], [ -76.4309552, 38.181845700000011 ], [ -76.433947, 38.1826689 ] ], [ [ -76.4370325, 38.187536 ], [ -76.436848, 38.1880518 ], [ -76.437719, 38.188087599999974 ], [ -76.4370325, 38.187536 ] ], [ [ -76.4273181, 38.192030099999968 ], [ -76.428221, 38.193784 ], [ -76.4288478, 38.192536 ], [ -76.4273181, 38.192030099999968 ] ] ] } },
{ "type": "Feature", "properties": { "state_po": "MD", "county_geoid": "24039", "pwsid": "MD0190002", "pws_name": "TOWN OF PRINCESS ANNE", "population_served_count": 3300, "model_method": "", "verification_status": "", "symbology_field": "System Sourced", "intersection_area_sq_km": 17.928761842487813 }, "geometry": { "type": "MultiPolygon", "coordinates": [ [ [ [ -75.694699, 38.153281 ], [ -75.6968141, 38.1536788 ], [ -75.696494, 38.154992799999967 ], [ -75.6942325, 38.154652299999988 ], [ -75.694699, 38.153281 ] ] ], [ [ [ -75.6890978, 38.1653926 ], [ -75.6857853, 38.164287500000043 ], [ -75.6896437, 38.1615806 ], [ -75.6890978, 38.1653926 ] ] ], [ [ [ -75.6973123, 38.2226382 ], [ -75.7016151, 38.213605800000046 ], [ -75.7003263, 38.213291 ], [ -75.7012162, 38.208810899999946 ], [ -75.69811, 38.201781899999972 ], [ -75.6969341, 38.194175199999982 ], [ -75.6957316, 38.191494 ], [ -75.6903348, 38.184031 ], [ -75.6895095, 38.163343499999982 ], [ -75.691846200000015, 38.159569399999945 ], [ -75.6926065, 38.160591300000043 ], [ -75.7010311, 38.1585485 ], [ -75.7023559, 38.16015169999995 ], [ -75.7105004, 38.15753 ], [ -75.703516600000015, 38.151892799999985 ], [ -75.7127343, 38.1486352 ], [ -75.7166844, 38.1573691 ], [ -75.7112261, 38.159909 ], [ -75.7125098, 38.161630899999984 ], [ -75.7114544, 38.1640963 ], [ -75.709989, 38.1620359 ], [ -75.7070346, 38.163406 ], [ -75.7057239, 38.161648599999985 ], [ -75.7041334, 38.1629296 ], [ -75.699385, 38.1620928 ], [ -75.6970897, 38.164684299999969 ], [ -75.6936154, 38.164398599999963 ], [ -75.6966866, 38.164766400000012 ], [ -75.6971358, 38.168652199999968 ], [ -75.6916669, 38.168384200000013 ], [ -75.692162399999987, 38.176689599999975 ], [ -75.6956265, 38.177365 ], [ -75.6976164, 38.179470199999962 ], [ -75.6932759, 38.1871515 ], [ -75.7015638, 38.189038899999957 ], [ -75.7023415, 38.193020100000027 ], [ -75.7005727, 38.193598599999987 ], [ -75.6999955, 38.198686200000026 ], [ -75.7019258, 38.198689900000026 ], [ -75.6987274, 38.2013087 ], [ -75.6991028, 38.203082600000059 ], [ -75.701108, 38.2002111 ], [ -75.7049285, 38.202616599999985 ], [ -75.7151276, 38.200277399999941 ], [ -75.7157027, 38.201896699999963 ], [ -75.7139382, 38.201593400000021 ], [ -75.713244, 38.2030447 ], [ -75.714716400000015, 38.208899200000054 ], [ -75.713380100000023, 38.2115819 ], [ -75.7161714, 38.211730099999969 ], [ -75.7181072, 38.216095700000032 ], [ -75.7104005, 38.2188304 ], [ -75.7112607, 38.217332800000044 ], [ -75.707980800000016, 38.21507890000003 ], [ -75.7051799, 38.2152695 ], [ -75.7069186, 38.216981499999967 ], [ -75.706608, 38.2185444 ], [ -75.7040957, 38.219180700000024 ], [ -75.7038456, 38.224156899999976 ], [ -75.6973123, 38.2226382 ] ], [ [ -75.699444, 38.16178040000004 ], [ -75.6994959, 38.161791400000013 ], [ -75.6994827, 38.161771900000026 ], [ -75.699444, 38.16178040000004 ] ], [ [ -75.6974748, 38.1632831 ], [ -75.6975191, 38.1632544 ], [ -75.6974574, 38.163244500000019 ], [ -75.6974748, 38.1632831 ] ], [ [ -75.6926592, 38.1643324 ], [ -75.6926491, 38.164418899999951 ], [ -75.6929258, 38.164286499999982 ], [ -75.6926592, 38.1643324 ] ], [ [ -75.6905516, 38.164318799999982 ], [ -75.690645, 38.1642187 ], [ -75.6905392, 38.164188300000013 ], [ -75.6905516, 38.164318799999982 ] ], [ [ -75.6915896, 38.164536299999959 ], [ -75.6920961, 38.164568 ], [ -75.6915578, 38.16441079999997 ], [ -75.6915896, 38.164536299999959 ] ], [ [ -75.6923464, 38.164612299999973 ], [ -75.6923753, 38.164618399999981 ], [ -75.6923771, 38.1646134 ], [ -75.6923464, 38.164612299999973 ] ], [ [ -75.6944763, 38.165298300000032 ], [ -75.694384, 38.165268700000013 ], [ -75.6945408, 38.165306700000038 ], [ -75.6944763, 38.165298300000032 ] ], [ [ -75.7052197, 38.2131453 ], [ -75.7052735, 38.2131338 ], [ -75.7052381, 38.213117400000016 ], [ -75.7052197, 38.2131453 ] ] ], [ [ [ -75.6804993, 38.232666900000027 ], [ -75.6766865, 38.231913800000051 ], [ -75.676893, 38.229776099999988 ], [ -75.6801228, 38.2299112 ], [ -75.6721258, 38.224020200000012 ], [ -75.6739334, 38.221883199999965 ], [ -75.6773078, 38.222376299999986 ], [ -75.6815807, 38.2181531 ], [ -75.68094880000001, 38.2199147 ], [ -75.6848632, 38.2227666 ], [ -75.6875048, 38.221414899999985 ], [ -75.6907231, 38.2231831 ], [ -75.6883052, 38.2168506 ], [ -75.6856934, 38.2180595 ], [ -75.6778713, 38.212721900000012 ], [ -75.6698112, 38.215134700000078 ], [ -75.6787855, 38.208421099999988 ], [ -75.6772861, 38.202521300000029 ], [ -75.6743792, 38.202526300000024 ], [ -75.674491800000013, 38.200916399999976 ], [ -75.6811317, 38.2007711 ], [ -75.6800778, 38.1973918 ], [ -75.6777494, 38.197735899999948 ], [ -75.6773688, 38.195544399999989 ], [ -75.6874562, 38.1921637 ], [ -75.6772243, 38.193839 ], [ -75.6756894, 38.1914971 ], [ -75.681372, 38.1899471 ], [ -75.6814126, 38.188580299999956 ], [ -75.6722839, 38.190448900000028 ], [ -75.672813, 38.18756860000002 ], [ -75.6695075, 38.1831416 ], [ -75.6654139, 38.182195400000026 ], [ -75.6626669, 38.178557799999979 ], [ -75.6636693, 38.172423300000027 ], [ -75.6735517, 38.171829 ], [ -75.6752449, 38.16955 ], [ -75.6843726, 38.169399699999971 ], [ -75.6843522, 38.1675659 ], [ -75.6890348, 38.1679545 ], [ -75.689759100000018, 38.183418100000019 ], [ -75.6966367, 38.193824799999966 ], [ -75.698383, 38.20376430000001 ], [ -75.7006069, 38.210312800000032 ], [ -75.6949509, 38.224996800000021 ], [ -75.6860783, 38.2340248 ], [ -75.6804693, 38.231603 ], [ -75.6804993, 38.232666900000027 ] ], [ [ -75.6935501, 38.196045900000023 ], [ -75.6936831, 38.196115899999981 ], [ -75.6936452, 38.1960183 ], [ -75.6935501, 38.196045900000023 ] ], [ [ -75.6982884, 38.204268400000025 ], [ -75.698293, 38.204265899999974 ], [ -75.69829, 38.2042629 ], [ -75.6982884, 38.204268400000025 ] ], [ [ -75.6985005, 38.20468360000001 ], [ -75.6985105, 38.204688500000032 ], [ -75.698515, 38.204681300000026 ], [ -75.6985005, 38.20468360000001 ] ], [ [ -75.6982749, 38.204766 ], [ -75.6982595, 38.204780799999973 ], [ -75.6982816, 38.204765600000016 ], [ -75.6982749, 38.204766 ] ], [ [ -75.6985957, 38.205436099999972 ], [ -75.698663400000015, 38.2054121 ], [ -75.6985667, 38.205417900000022 ], [ -75.6985957, 38.205436099999972 ] ], [ [ -75.6972921, 38.205669800000031 ], [ -75.6978864, 38.2052976 ], [ -75.6967916, 38.20504310000004 ], [ -75.6972921, 38.205669800000031 ] ], [ [ -75.687481, 38.214201100000018 ], [ -75.68594, 38.213448900000017 ], [ -75.6870116, 38.2146242 ], [ -75.687481, 38.214201100000018 ] ], [ [ -75.6921504, 38.218321200000041 ], [ -75.6927486, 38.2181801 ], [ -75.6922261, 38.21802 ], [ -75.6921504, 38.218321200000041 ] ], [ [ -75.6932858, 38.218781700000022 ], [ -75.6933063, 38.2187819 ], [ -75.6932853, 38.21877639999996 ], [ -75.6932858, 38.218781700000022 ] ], [ [ -75.6966076, 38.219496200000023 ], [ -75.6960158, 38.219527099999958 ], [ -75.6965341, 38.219694899999972 ], [ -75.6966076, 38.219496200000023 ] ] ] ] } },
{ "type": "Feature", "properties": { "state_po": "MD", "county_geoid": "24039", "pwsid": "MD0190012", "pws_name": "FAIRMOUNT", "population_served_count": 750, "model_method": "", "verification_status": "", "symbology_field": "System Sourced", "intersection_area_sq_km": 10.450819054408701 }, "geometry": { "type": "MultiPolygon", "coordinates": [ [ [ [ -75.8576721, 38.0809923 ], [ -75.8562008, 38.079851400000024 ], [ -75.8580732, 38.080231099999942 ], [ -75.8576721, 38.0809923 ] ] ], [ [ [ -75.8601849, 38.083226699999962 ], [ -75.8577457, 38.082310500000034 ], [ -75.8590192, 38.080372899999922 ], [ -75.8618225, 38.082194199999968 ], [ -75.8601849, 38.083226699999962 ] ] ], [ [ [ -75.8622853, 38.085129 ], [ -75.8610329, 38.083874099999967 ], [ -75.8623276, 38.0826027 ], [ -75.8648124, 38.083307099999985 ], [ -75.8622853, 38.085129 ] ] ], [ [ [ -75.84657940000001, 38.082626800000021 ], [ -75.8471351, 38.083537199999981 ], [ -75.8463385, 38.0833687 ], [ -75.84657940000001, 38.082626800000021 ] ] ], [ [ [ -75.8646195, 38.088026 ], [ -75.865186, 38.0865742 ], [ -75.8656605, 38.087776400000024 ], [ -75.8646195, 38.088026 ] ] ], [ [ [ -75.8649114, 38.0900749 ], [ -75.8630933, 38.089306 ], [ -75.8655764, 38.0883996 ], [ -75.865958, 38.088770599999989 ], [ -75.8649114, 38.0900749 ] ] ], [ [ [ -75.854039605107531, 38.105755663117982 ], [ -75.8564519, 38.099459799999963 ], [ -75.8524476, 38.0929301 ], [ -75.8601155, 38.093183499999974 ], [ -75.8621591, 38.09185039999997 ], [ -75.8639371, 38.094510900000024 ], [ -75.86065880000001, 38.0959272 ], [ -75.861292820246945, 38.096935572494068 ], [ -75.8587131, 38.094484500000014 ], [ -75.8546723, 38.0939164 ], [ -75.8566032, 38.094614 ], [ -75.8555821, 38.095303699999981 ], [ -75.8578884, 38.100061499999967 ], [ -75.855822, 38.104661 ], [ -75.854039605107531, 38.105755663117982 ] ], [ [ -75.8622149, 38.093291500000028 ], [ -75.8620474, 38.093336099999973 ], [ -75.8620436, 38.093368699999942 ], [ -75.8622149, 38.093291500000028 ] ], [ [ -75.8608819, 38.094315700000017 ], [ -75.8608609, 38.0942867 ], [ -75.8608115, 38.0943319 ], [ -75.8608819, 38.094315700000017 ] ] ], [ [ [ -75.7884087, 38.08615379999997 ], [ -75.7892372, 38.087987 ], [ -75.7950224, 38.0886873 ], [ -75.7992825, 38.094243300000024 ], [ -75.7990497, 38.092350099999976 ], [ -75.8051546, 38.091296699999972 ], [ -75.802901800000015, 38.090504800000019 ], [ -75.8044854, 38.086095299999982 ], [ -75.8105396, 38.091650400000013 ], [ -75.8135439, 38.0896578 ], [ -75.8164307, 38.089789 ], [ -75.8135, 38.085042600000051 ], [ -75.8171166, 38.08408620000003 ], [ -75.8200204, 38.089020699999971 ], [ -75.8252987, 38.0869372 ], [ -75.8280188, 38.08896529999997 ], [ -75.8281689, 38.091842899999975 ], [ -75.824998, 38.0927439 ], [ -75.8256204, 38.096512 ], [ -75.8185329, 38.095651499999974 ], [ -75.8171097, 38.096579200000015 ], [ -75.8127601, 38.093129 ], [ -75.8122653, 38.0937297 ], [ -75.8112569, 38.1013958 ], [ -75.8160076, 38.0983535 ], [ -75.8173083, 38.101441 ], [ -75.8224909, 38.102583100000018 ], [ -75.8207957, 38.105914599999977 ], [ -75.8147265, 38.103597200000017 ], [ -75.8118686, 38.109199699999984 ], [ -75.8148848, 38.112506800000027 ], [ -75.8079327, 38.115163799999983 ], [ -75.8049967, 38.114556800000024 ], [ -75.8023672, 38.111368100000043 ], [ -75.7987527, 38.112525800000036 ], [ -75.7960983, 38.115828099999987 ], [ -75.7991558, 38.11785519999998 ], [ -75.7924903, 38.121567600000041 ], [ -75.7901814, 38.1188382 ], [ -75.7956281, 38.1158043 ], [ -75.793914300000012, 38.114526300000044 ], [ -75.7961672, 38.1133067 ], [ -75.7953541, 38.1106166 ], [ -75.7980094, 38.1104335 ], [ -75.7976054, 38.107892100000015 ], [ -75.791312, 38.1074672 ], [ -75.7930545, 38.108190799999981 ], [ -75.7940054, 38.1123901 ], [ -75.7864392, 38.115672200000034 ], [ -75.785432, 38.108363799999985 ], [ -75.7868584, 38.108064899999981 ], [ -75.785363, 38.107587699999975 ], [ -75.7850496, 38.104541499999982 ], [ -75.7785661, 38.106828699999987 ], [ -75.7778347, 38.099248499999987 ], [ -75.7792703, 38.099178299999963 ], [ -75.7794287, 38.097036499999966 ], [ -75.7813117, 38.0974839 ], [ -75.780155, 38.096666599999971 ], [ -75.780938, 38.094132700000017 ], [ -75.7792746, 38.0944925 ], [ -75.7775943, 38.092543600000013 ], [ -75.7823125, 38.087934 ], [ -75.7884087, 38.08615379999997 ] ], [ [ -75.8188263, 38.091208400000021 ], [ -75.8197204, 38.092179300000048 ], [ -75.819938, 38.092037500000018 ], [ -75.8188263, 38.091208400000021 ] ], [ [ -75.7992864, 38.096571599999983 ], [ -75.79926, 38.0966491 ], [ -75.7993584, 38.096603799999983 ], [ -75.7992864, 38.096571599999983 ] ], [ [ -75.8102843, 38.099477799999988 ], [ -75.809890199999984, 38.099576599999963 ], [ -75.8100216, 38.0997363 ], [ -75.8102843, 38.099477799999988 ] ], [ [ -75.8076939, 38.100701299999969 ], [ -75.8090415, 38.0994313 ], [ -75.8084602, 38.099206499999944 ], [ -75.8076939, 38.100701299999969 ] ], [ [ -75.8052284, 38.106648699999944 ], [ -75.8078803, 38.1068335 ], [ -75.8069737, 38.104992300000013 ], [ -75.8052284, 38.106648699999944 ] ], [ [ -75.802171800000011, 38.1105333 ], [ -75.8028169, 38.11067970000002 ], [ -75.8025399, 38.110277600000025 ], [ -75.802171800000011, 38.1105333 ] ], [ [ -75.799336, 38.094433100000032 ], [ -75.7993333, 38.0944482 ], [ -75.7993364, 38.094443799999944 ], [ -75.799336, 38.094433100000032 ] ], [ [ -75.7983056, 38.094721599999971 ], [ -75.7984873, 38.094789399999982 ], [ -75.7988813, 38.094789600000034 ], [ -75.7983056, 38.094721599999971 ] ], [ [ -75.7992519, 38.095694 ], [ -75.7992292, 38.095715300000016 ], [ -75.799255, 38.095725099999981 ], [ -75.7992519, 38.095694 ] ], [ [ -75.7807869, 38.094733 ], [ -75.7809912, 38.094786399999983 ], [ -75.781141, 38.094639 ], [ -75.7807869, 38.094733 ] ], [ [ -75.8000236, 38.1047949 ], [ -75.7979048, 38.102989 ], [ -75.800977300000014, 38.100838099999976 ], [ -75.7990342, 38.098227500000036 ], [ -75.795528, 38.105194299999987 ], [ -75.7932847, 38.104703599999979 ], [ -75.7985599, 38.1060389 ], [ -75.8000236, 38.1047949 ] ] ], [ [ [ -75.8089218, 38.135465099999976 ], [ -75.807991350586661, 38.134543734773843 ], [ -75.810607, 38.131926700000022 ], [ -75.807028442444803, 38.129178613544006 ], [ -75.8082057, 38.1238563 ], [ -75.8061351, 38.121336300000024 ], [ -75.8113065, 38.1242235 ], [ -75.8190648, 38.123856099999969 ], [ -75.8185461, 38.1267221 ], [ -75.81996832030454, 38.126798937453721 ], [ -75.817472, 38.128683 ], [ -75.8184226, 38.131224100000033 ], [ -75.8110246, 38.1355212 ], [ -75.8089218, 38.135465099999976 ] ], [ [ -75.816788700000018, 38.130228900000013 ], [ -75.8168145, 38.1303079 ], [ -75.816841, 38.130322199999959 ], [ -75.816788700000018, 38.130228900000013 ] ], [ [ -75.8169325, 38.130402600000039 ], [ -75.8169892, 38.130379299999973 ], [ -75.816886, 38.130353699999958 ], [ -75.8169325, 38.130402600000039 ] ], [ [ -75.8171092, 38.130656699999932 ], [ -75.8170954, 38.130694299999988 ], [ -75.8171083, 38.130716600000042 ], [ -75.8171092, 38.130656699999932 ] ], [ [ -75.809599100000014, 38.130002100000013 ], [ -75.8095837, 38.130077399999969 ], [ -75.8096132, 38.129966 ], [ -75.809599100000014, 38.130002100000013 ] ], [ [ -75.8136827, 38.1321125 ], [ -75.813589, 38.132198599999967 ], [ -75.813501100000011, 38.13225060000002 ], [ -75.8136827, 38.1321125 ] ], [ [ -75.810864099999989, 38.132290800000035 ], [ -75.8108089, 38.132320299999954 ], [ -75.8108498, 38.13233239999996 ], [ -75.810864099999989, 38.132290800000035 ] ], [ [ -75.8099762, 38.134615599999947 ], [ -75.8099739, 38.1350425 ], [ -75.8100809, 38.1351148 ], [ -75.8099762, 38.134615599999947 ] ], [ [ -75.8100754, 38.135374400000053 ], [ -75.8100686, 38.135373099999981 ], [ -75.8100575, 38.1353814 ], [ -75.8100754, 38.135374400000053 ] ], [ [ -75.8099595, 38.135423799999963 ], [ -75.8098829, 38.1354176 ], [ -75.8098799, 38.135439499999954 ], [ -75.8099595, 38.135423799999963 ] ] ] ] } },
{ "type": "Feature", "properties": { "state_po": "MD", "county_geoid": "24039", "pwsid": "MD0190001", "pws_name": "CITY OF CRISFIELD", "population_served_count": 2976, "model_method": "", "verification_status": "", "symbology_field": "System Sourced", "intersection_area_sq_km": 6.4260096756317715 }, "geometry": { "type": "MultiPolygon", "coordinates": [ [ [ [ -75.8436882, 37.9764364 ], [ -75.8439388, 37.973508300000013 ], [ -75.8480215, 37.9737266 ], [ -75.8453459, 37.9771547 ], [ -75.8436882, 37.9764364 ] ] ], [ [ [ -75.8195511, 38.013889 ], [ -75.8182222, 38.0113611 ], [ -75.8155536, 38.01165120000001 ], [ -75.8154085, 38.010141499999932 ], [ -75.819053, 38.007675500000033 ], [ -75.8184181, 38.006083 ], [ -75.8267745, 38.001349100000049 ], [ -75.8266628, 37.999777900000012 ], [ -75.8292508, 38.00021329999997 ], [ -75.8318853, 37.99730629999997 ], [ -75.8360767, 37.999650200000033 ], [ -75.8380405, 37.998586499999973 ], [ -75.8404557, 38.000762099999982 ], [ -75.8424621, 37.9983604 ], [ -75.8400036, 37.99845 ], [ -75.8384232, 37.996704300000019 ], [ -75.8390079, 37.994370800000013 ], [ -75.8360624, 37.997322199999971 ], [ -75.8341417, 37.99704250000002 ], [ -75.8351824, 37.995483 ], [ -75.8323001, 37.99386740000002 ], [ -75.8313608, 37.9947976 ], [ -75.8294855, 37.9939688 ], [ -75.8278423, 37.996029500000098 ], [ -75.8220727, 37.995797600000039 ], [ -75.8221129, 37.992960199999985 ], [ -75.8245902, 37.9939865 ], [ -75.824572, 37.9922171 ], [ -75.8274411, 37.992600799999984 ], [ -75.8275895, 37.991472299999984 ], [ -75.824298400000018, 37.991856899999988 ], [ -75.8245861, 37.9887154 ], [ -75.8279522, 37.988940399999976 ], [ -75.8280999, 37.990113700000038 ], [ -75.8300949, 37.9892791 ], [ -75.8272739, 37.988053700000016 ], [ -75.828883, 37.986434599999953 ], [ -75.8238464, 37.986806500000036 ], [ -75.8221391, 37.9828117 ], [ -75.8278745, 37.979244499999965 ], [ -75.8299945, 37.979486200000025 ], [ -75.8295503, 37.977406 ], [ -75.8328277, 37.975061600000032 ], [ -75.8313913, 37.973895300000017 ], [ -75.8270993, 37.975867499999978 ], [ -75.8198506, 37.975862800000044 ], [ -75.8169523, 37.978103299999987 ], [ -75.816379, 37.974351299999981 ], [ -75.8196438, 37.972800800000044 ], [ -75.8199907, 37.971067200000029 ], [ -75.8268793, 37.97160520000002 ], [ -75.8279357, 37.973186299999959 ], [ -75.8315437, 37.97189479999998 ], [ -75.8348787, 37.974365 ], [ -75.8364226, 37.972544599999978 ], [ -75.8397409, 37.974664300000043 ], [ -75.8378509, 37.976461399999955 ], [ -75.8419162, 37.978451099999987 ], [ -75.8429085, 37.983585899999987 ], [ -75.8401444, 37.98747179999998 ], [ -75.84206, 37.988721499999983 ], [ -75.8424314, 37.99205809999998 ], [ -75.847613400000014, 37.994132500000042 ], [ -75.8447604, 37.9952812 ], [ -75.8478895, 37.997168 ], [ -75.8479011, 37.999670899999941 ], [ -75.8456167, 38.001667599999976 ], [ -75.8439493, 38.000467899999983 ], [ -75.842975, 38.001253 ], [ -75.8437252, 38.003343199999968 ], [ -75.8409058, 38.006031 ], [ -75.8373764, 38.0052913 ], [ -75.8380312, 38.006333899999959 ], [ -75.833634, 38.008712 ], [ -75.827370800000011, 38.0062953 ], [ -75.8311653, 38.009986599999984 ], [ -75.830785, 38.0115285 ], [ -75.8294336, 38.010727399999965 ], [ -75.8295733, 38.0125825 ], [ -75.8234569, 38.015872200000018 ], [ -75.8195511, 38.013889 ] ], [ [ -75.832368, 37.980566199999984 ], [ -75.8331493, 37.979494600000017 ], [ -75.8322211, 37.9804149 ], [ -75.832368, 37.980566199999984 ] ], [ [ -75.8358635, 37.984155400000013 ], [ -75.8356782, 37.983755700000025 ], [ -75.8356816, 37.98415629999996 ], [ -75.8358635, 37.984155400000013 ] ], [ [ -75.8391204, 37.9869909 ], [ -75.8382269, 37.9837564 ], [ -75.8373037, 37.984736299999923 ], [ -75.8367853, 37.983608899999972 ], [ -75.837527, 37.987276099999967 ], [ -75.8391204, 37.9869909 ] ], [ [ -75.8389944, 37.9934465 ], [ -75.8366814, 37.990485299999982 ], [ -75.8338181, 37.9917071 ], [ -75.8338384, 37.9902729 ], [ -75.8310245, 37.9899483 ], [ -75.8302496, 37.991502499999974 ], [ -75.8306337, 37.992779600000013 ], [ -75.8336798, 37.992077299999941 ], [ -75.8334787, 37.993186099999988 ], [ -75.8389944, 37.9934465 ] ], [ [ -75.8303058, 38.000210699999954 ], [ -75.830335, 38.0001551 ], [ -75.8302267, 38.000228899999989 ], [ -75.8303058, 38.000210699999954 ] ], [ [ -75.8353593, 38.004998300000018 ], [ -75.8353573, 38.0049908 ], [ -75.8353504, 38.004997900000035 ], [ -75.8353593, 38.004998300000018 ] ], [ [ -75.8306384, 37.980760800000063 ], [ -75.8301272, 37.980666199999959 ], [ -75.830427, 37.980923100000048 ], [ -75.8306384, 37.980760800000063 ] ], [ [ -75.8291883, 37.9871658 ], [ -75.829548800000012, 37.987198 ], [ -75.8295509, 37.987178900000025 ], [ -75.8291883, 37.9871658 ] ], [ [ -75.8250898, 37.994318 ], [ -75.8257956, 37.994369699999986 ], [ -75.8247831, 37.994114299999971 ], [ -75.8250898, 37.994318 ] ], [ [ -75.82159, 38.006485899999987 ], [ -75.8211174, 38.006304199999974 ], [ -75.8214891, 38.006553400000044 ], [ -75.82159, 38.006485899999987 ] ], [ [ -75.8243497, 38.0058802 ], [ -75.8247335, 38.0077879 ], [ -75.8257677, 38.008126699999984 ], [ -75.8243497, 38.0058802 ] ], [ [ -75.822685, 38.007584600000044 ], [ -75.8222991, 38.007728300000039 ], [ -75.8224742, 38.0078425 ], [ -75.822685, 38.007584600000044 ] ] ], [ [ [ -75.8402463, 38.007642800000013 ], [ -75.8418742, 38.007304199999965 ], [ -75.8414885, 38.008056 ], [ -75.8402463, 38.007642800000013 ] ] ] ] } },
{ "type": "Feature", "properties": { "state_po": "MD", "county_geoid": "24039", "pwsid": "MD0190205", "pws_name": "EDEN MOBILE HOME PARK", "population_served_count": 250, "model_method": "", "verification_status": "", "symbology_field": "System Sourced", "intersection_area_sq_km": 0.2554205698640909 }, "geometry": { "type": "Polygon", "coordinates": [ [ [ -75.655057200000016, 38.2855489 ], [ -75.6526642, 38.2801605 ], [ -75.6584653, 38.279021899999989 ], [ -75.6576442, 38.283505600000012 ], [ -75.655057200000016, 38.2855489 ] ] ] } },
{ "type": "Feature", "properties": { "state_po": "MD", "county_geoid": "24039", "pwsid": "MD0190004", "pws_name": "EWELL WATERWORKS COOPERATIVE", "population_served_count": 75, "model_method": "", "verification_status": "", "symbology_field": "System Sourced", "intersection_area_sq_km": 0.33319759269217941 }, "geometry": { "type": "MultiPolygon", "coordinates": [ [ [ [ -76.035596400000017, 37.996943400000028 ], [ -76.031212, 37.996117700000013 ], [ -76.0278825, 37.9930593 ], [ -76.0295644, 37.992081 ], [ -76.0338662, 37.993496400000055 ], [ -76.0314248, 37.989613199999951 ], [ -76.0369885, 37.995382700000022 ], [ -76.0391829, 37.99533610000001 ], [ -76.035596400000017, 37.996943400000028 ] ], [ [ -76.0344096, 37.9938155 ], [ -76.0343738, 37.993857099999985 ], [ -76.034418, 37.99382320000003 ], [ -76.0344096, 37.9938155 ] ] ], [ [ [ -76.0419092, 37.995281600000013 ], [ -76.0388828, 37.994988800000016 ], [ -76.0390834, 37.994397100000022 ], [ -76.0419092, 37.995281600000013 ] ] ] ] } },
{ "type": "Feature", "properties": { "state_po": "MD", "county_geoid": "24039", "pwsid": "MD0190009", "pws_name": "RHODES POINT SOUTH WATERWORKS", "population_served_count": 100, "model_method": "", "verification_status": "", "symbology_field": "System Sourced", "intersection_area_sq_km": 0.16265436131076055 }, "geometry": { "type": "Polygon", "coordinates": [ [ [ -76.044453, 37.977638500000033 ], [ -76.0420148, 37.979478199999988 ], [ -76.0389526, 37.9703166 ], [ -76.0409054, 37.970460399999986 ], [ -76.0424764, 37.9768074 ], [ -76.044453, 37.977638500000033 ] ] ] } },
{ "type": "Feature", "properties": { "state_po": "MD", "county_geoid": "24039", "pwsid": "MD0190011", "pws_name": "TYLERTON WATERWORK COOPERATIVE", "population_served_count": 100, "model_method": "", "verification_status": "", "symbology_field": "System Sourced", "intersection_area_sq_km": 0.15679493108046333 }, "geometry": { "type": "Polygon", "coordinates": [ [ [ -76.0215097, 37.969787800000013 ], [ -76.0200828, 37.968797399999971 ], [ -76.0227612, 37.966655699999976 ], [ -76.0232295, 37.963270600000023 ], [ -76.025363, 37.966486900000014 ], [ -76.0231413, 37.969549 ], [ -76.0209132, 37.968513699999967 ], [ -76.0215097, 37.969787800000013 ] ] ] } },
{ "type": "Feature", "properties": { "state_po": "MD", "county_geoid": "24011", "pwsid": "MD0050002", "pws_name": "TOWN OF FEDERALSBURG", "population_served_count": 2450, "model_method": "", "verification_status": "", "symbology_field": "System Sourced", "intersection_area_sq_km": 4.3505100634233269 }, "geometry": { "type": "MultiPolygon", "coordinates": [ [ [ [ -75.7582407, 38.684867 ], [ -75.7672754, 38.688299600000043 ], [ -75.7574445, 38.6906936 ], [ -75.7572032, 38.688894800000035 ], [ -75.7503968, 38.686837600000018 ], [ -75.7492079, 38.6844597 ], [ -75.7509424, 38.683923700000037 ], [ -75.750436800000017, 38.681230400000025 ], [ -75.7518947, 38.679935300000032 ], [ -75.7582407, 38.684867 ] ] ], [ [ [ -75.7828678, 38.702600700000012 ], [ -75.774792, 38.7013988 ], [ -75.7754365, 38.698046 ], [ -75.7729283, 38.695635 ], [ -75.77168970000001, 38.691685299999961 ], [ -75.7710838, 38.690918300000021 ], [ -75.7707276, 38.6907256 ], [ -75.7727638, 38.697091300000018 ], [ -75.7658936, 38.700824800000028 ], [ -75.7624966, 38.695672 ], [ -75.7600125, 38.697113099999967 ], [ -75.7597567, 38.6936854 ], [ -75.7579867, 38.693048499999968 ], [ -75.76052, 38.692187099999977 ], [ -75.7592385, 38.691021600000028 ], [ -75.7658818, 38.689709300000025 ], [ -75.7775109, 38.68301850000001 ], [ -75.7837145, 38.6827651 ], [ -75.7814306, 38.6876603 ], [ -75.782269, 38.690558100000047 ], [ -75.7894885, 38.6895753 ], [ -75.7891657, 38.700564099999966 ], [ -75.7828678, 38.702600700000012 ] ], [ [ -75.7615669, 38.6912494 ], [ -75.7612317, 38.691426 ], [ -75.7613254, 38.691512099999962 ], [ -75.7615669, 38.6912494 ] ] ] ] } },
{ "type": "Feature", "properties": { "state_po": "MD", "county_geoid": "24011", "pwsid": "MD0050216", "pws_name": "TOWER COURT MOBILE HOME PARK", "population_served_count": 40, "model_method": "", "verification_status": "", "symbology_field": "System Sourced", "intersection_area_sq_km": 0.031728844744044693 }, "geometry": { "type": "Polygon", "coordinates": [ [ [ -75.7870299, 38.9051917 ], [ -75.7875676, 38.9038946 ], [ -75.7902523, 38.904737599999969 ], [ -75.7891031, 38.905802500000028 ], [ -75.7870299, 38.9051917 ] ] ] } },
{ "type": "Feature", "properties": { "state_po": "MD", "county_geoid": "24011", "pwsid": "MD0050206", "pws_name": "HOLLY COVE HARBOR MOBILE HOME PARK", "population_served_count": 45, "model_method": "", "verification_status": "", "symbology_field": "System Sourced", "intersection_area_sq_km": 0.057778084740004773 }, "geometry": { "type": "Polygon", "coordinates": [ [ [ -75.9413142, 38.7729918 ], [ -75.939985400000012, 38.771921199999959 ], [ -75.943196, 38.769707700000026 ], [ -75.9441486, 38.771069199999971 ], [ -75.9413142, 38.7729918 ] ] ] } },
{ "type": "Feature", "properties": { "state_po": "MD", "county_geoid": "24011", "pwsid": "MD0050004", "pws_name": "JONESTOWN WATER SYSTEM", "population_served_count": 150, "model_method": "", "verification_status": "", "symbology_field": "System Sourced", "intersection_area_sq_km": 0.27375551595005204 }, "geometry": { "type": "MultiPolygon", "coordinates": [ [ [ [ -75.8938709, 38.730669799999987 ], [ -75.8898139, 38.728910799999959 ], [ -75.891711, 38.728421800000021 ], [ -75.890668, 38.727081699999964 ], [ -75.8921322, 38.725547899999988 ], [ -75.8953488, 38.725829200000028 ], [ -75.8970604, 38.72904740000002 ], [ -75.8958973, 38.730960800000013 ], [ -75.8939933, 38.730675799999979 ], [ -75.8939655, 38.728364400000039 ], [ -75.8925459, 38.729686600000058 ], [ -75.8938709, 38.730669799999987 ] ], [ [ -75.8937382, 38.726541900000029 ], [ -75.892978099999979, 38.728004100000021 ], [ -75.8942616, 38.726896799999956 ], [ -75.8937382, 38.726541900000029 ] ], [ [ -75.895107, 38.72858729999998 ], [ -75.895209900000012, 38.72860389999996 ], [ -75.8951595, 38.728554300000035 ], [ -75.895107, 38.72858729999998 ] ] ], [ [ [ -75.8917039, 38.7311869 ], [ -75.8890745, 38.7307008 ], [ -75.8894599, 38.729019900000011 ], [ -75.8917039, 38.7311869 ] ] ], [ [ [ -75.8909639, 38.731863200000021 ], [ -75.892069400000011, 38.731960299999983 ], [ -75.8912149, 38.732350400000044 ], [ -75.8909639, 38.731863200000021 ] ] ], [ [ [ -75.8901109, 38.73278 ], [ -75.8891835, 38.7311308 ], [ -75.8909137, 38.7321887 ], [ -75.8901109, 38.73278 ] ] ] ] } },
{ "type": "Feature", "properties": { "state_po": "MD", "county_geoid": "24011", "pwsid": "MD0050207", "pws_name": "LIBERTY MOBILE HOME PARK", "population_served_count": 40, "model_method": "", "verification_status": "", "symbology_field": "System Sourced", "intersection_area_sq_km": 0.015749349459556947 }, "geometry": { "type": "Polygon", "coordinates": [ [ [ -75.7565646, 38.693586799999984 ], [ -75.7576253, 38.6948304 ], [ -75.7564214, 38.695281900000012 ], [ -75.7565619, 38.6949823 ], [ -75.7565646, 38.693586799999984 ] ] ] } },
{ "type": "Feature", "properties": { "state_po": "MD", "county_geoid": "24011", "pwsid": "MD0050208", "pws_name": "MEADOWBROOK COURT", "population_served_count": 50, "model_method": "", "verification_status": "", "symbology_field": "System Sourced", "intersection_area_sq_km": 0.020891772661660781 }, "geometry": { "type": "Polygon", "coordinates": [ [ [ -75.812477200000018, 38.725974600000022 ], [ -75.811571800000024, 38.724836400000036 ], [ -75.812758, 38.724347900000012 ], [ -75.8139354, 38.725334800000013 ], [ -75.812477200000018, 38.725974600000022 ] ] ] } },
{ "type": "Feature", "properties": { "state_po": "MD", "county_geoid": "24011", "pwsid": "MD0050210", "pws_name": "NELPINE MOBILE HOME PARK", "population_served_count": 70, "model_method": "", "verification_status": "", "symbology_field": "System Sourced", "intersection_area_sq_km": 0.033384683862380547 }, "geometry": { "type": "Polygon", "coordinates": [ [ [ -75.8948606, 38.7333962 ], [ -75.8923544, 38.733340900000016 ], [ -75.8918238, 38.731405299999984 ], [ -75.8944302, 38.7320343 ], [ -75.8948606, 38.7333962 ] ] ] } },
{ "type": "Feature", "properties": { "state_po": "MD", "county_geoid": "24011", "pwsid": "MD0050218", "pws_name": "NIELSEN MOBILE HOME PARK [MARSH CREEK]", "population_served_count": 35, "model_method": "", "verification_status": "", "symbology_field": "System Sourced", "intersection_area_sq_km": 0.019670983143294681 }, "geometry": { "type": "Polygon", "coordinates": [ [ [ -75.9736965, 38.743158099999981 ], [ -75.9746806, 38.7437949 ], [ -75.9727519, 38.745467699999985 ], [ -75.9736965, 38.743158099999981 ] ] ] } },
{ "type": "Feature", "properties": { "state_po": "MD", "county_geoid": "24011", "pwsid": "MD0050005", "pws_name": "TOWN OF PRESTON", "population_served_count": 700, "model_method": "", "verification_status": "", "symbology_field": "System Sourced", "intersection_area_sq_km": 1.2330113546978683 }, "geometry": { "type": "MultiPolygon", "coordinates": [ [ [ [ -75.9129321, 38.720167900000021 ], [ -75.910260400000013, 38.7149932 ], [ -75.9045986, 38.7134842 ], [ -75.9052378, 38.7119604 ], [ -75.9008976, 38.71045580000002 ], [ -75.9024728, 38.7081023 ], [ -75.9047046, 38.70844049999998 ], [ -75.8987007, 38.700446300000053 ], [ -75.9042968, 38.70458 ], [ -75.904132, 38.707248199999967 ], [ -75.906359, 38.707613199999983 ], [ -75.9051363, 38.7053301 ], [ -75.9073188, 38.706363099999983 ], [ -75.9090847, 38.7042639 ], [ -75.9140862, 38.708038400000021 ], [ -75.9112452, 38.714015099999969 ], [ -75.9188014, 38.717873099999977 ], [ -75.9179662, 38.7202525 ], [ -75.9129321, 38.720167900000021 ] ], [ [ -75.9048088, 38.710068199999981 ], [ -75.904771599999989, 38.710058899999964 ], [ -75.904773, 38.7101186 ], [ -75.9048088, 38.710068199999981 ] ], [ [ -75.9140162, 38.716771399999963 ], [ -75.9142508, 38.7171003 ], [ -75.9141354, 38.716489599999989 ], [ -75.9140162, 38.716771399999963 ] ], [ [ -75.914325, 38.7197968 ], [ -75.9139271, 38.7189968 ], [ -75.9138819, 38.719788799999989 ], [ -75.914325, 38.7197968 ] ] ], [ [ [ -75.9131994, 38.714015400000015 ], [ -75.914748100000011, 38.7133424 ], [ -75.9141133, 38.714416600000028 ], [ -75.9131994, 38.714015400000015 ] ] ] ] } },
{ "type": "Feature", "properties": { "state_po": "MD", "county_geoid": "24011", "pwsid": "MD0050209", "pws_name": "DOVER BRIDGE PARK", "population_served_count": 100, "model_method": "", "verification_status": "", "symbology_field": "System Sourced", "intersection_area_sq_km": 0.26340732041201792 }, "geometry": { "type": "Polygon", "coordinates": [ [ [ -75.9676983, 38.7478837 ], [ -75.9699774, 38.74201020000001 ], [ -75.9737072, 38.743132 ], [ -75.9707035, 38.74980310000003 ], [ -75.9676983, 38.7478837 ] ] ] } },
{ "type": "Feature", "properties": { "state_po": "MD", "county_geoid": "24011", "pwsid": "MD0050205", "pws_name": "CEDAR MOBILE HOME PARK", "population_served_count": 300, "model_method": "", "verification_status": "", "symbology_field": "System Sourced", "intersection_area_sq_km": 0.056260184457530796 }, "geometry": { "type": "Polygon", "coordinates": [ [ [ -75.755066, 39.107820100000012 ], [ -75.7565256, 39.1048674 ], [ -75.7592225, 39.105276199999963 ], [ -75.755066, 39.107820100000012 ] ] ] } },
{ "type": "Feature", "properties": { "state_po": "MD", "county_geoid": "24011", "pwsid": "MD0050003", "pws_name": "TOWN OF GREENSBORO", "population_served_count": 1878, "model_method": "", "verification_status": "", "symbology_field": "System Sourced", "intersection_area_sq_km": 2.2482519661537363 }, "geometry": { "type": "Polygon", "coordinates": [ [ [ -75.7990247, 38.985541699999978 ], [ -75.8023621, 38.9809663 ], [ -75.8015451, 38.977195500000043 ], [ -75.8035918, 38.974395800000046 ], [ -75.7996585, 38.973074 ], [ -75.8003817, 38.974007499999971 ], [ -75.7940961, 38.9745147 ], [ -75.7930769, 38.972508599999983 ], [ -75.794953800000016, 38.9724723 ], [ -75.7941562, 38.971165899999974 ], [ -75.7959221, 38.969657499999983 ], [ -75.7995191, 38.969146900000027 ], [ -75.8023001, 38.9704798 ], [ -75.8059735, 38.969983 ], [ -75.8068528, 38.968527599999987 ], [ -75.8097523, 38.970877899999969 ], [ -75.809856600000018, 38.9688701 ], [ -75.8118202, 38.970801600000044 ], [ -75.8103881, 38.972041299999987 ], [ -75.8117573, 38.974843499999963 ], [ -75.8163046, 38.976487900000016 ], [ -75.8207255, 38.974208200000028 ], [ -75.82134, 38.975788200000018 ], [ -75.8158894, 38.984135599999966 ], [ -75.8131271, 38.9822998 ], [ -75.8121428, 38.9834825 ], [ -75.809382500000012, 38.9807373 ], [ -75.8052978, 38.98586310000001 ], [ -75.8054184, 38.988307599999978 ], [ -75.7990247, 38.985541699999978 ] ], [ [ -75.799393, 38.9711303 ], [ -75.7996105, 38.970617599999976 ], [ -75.7994261, 38.9708225 ], [ -75.799393, 38.9711303 ] ], [ [ -75.7987499, 38.972909900000019 ], [ -75.7988171, 38.9729289 ], [ -75.7987772, 38.972872499999987 ], [ -75.7987499, 38.972909900000019 ] ] ] } },
{ "type": "Feature", "properties": { "state_po": "MD", "county_geoid": "24011", "pwsid": "MD0050007", "pws_name": "HARMAN SUBDIVISION", "population_served_count": 35, "model_method": "", "verification_status": "", "symbology_field": "System Sourced", "intersection_area_sq_km": 0.08152347653183023 }, "geometry": { "type": "Polygon", "coordinates": [ [ [ -75.7611424, 39.131095699999982 ], [ -75.7587067, 39.127909 ], [ -75.7588249, 39.127224499999983 ], [ -75.7615527, 39.127295899999979 ], [ -75.7634997, 39.1304898 ], [ -75.7611424, 39.131095699999982 ] ], [ [ -75.7621581, 39.129685599999981 ], [ -75.7620939, 39.129706299999981 ], [ -75.7621367, 39.129722700000045 ], [ -75.7621581, 39.129685599999981 ] ] ] } },
{ "type": "Feature", "properties": { "state_po": "MD", "county_geoid": "24011", "pwsid": "MD0050008", "pws_name": "TOWN OF HENDERSON", "population_served_count": 156, "model_method": "", "verification_status": "", "symbology_field": "System Sourced", "intersection_area_sq_km": 0.31758837861260542 }, "geometry": { "type": "MultiPolygon", "coordinates": [ [ [ [ -75.7611821, 39.073811099999986 ], [ -75.7639734, 39.072794300000012 ], [ -75.7620007, 39.074583500000031 ], [ -75.7611821, 39.073811099999986 ] ] ], [ [ [ -75.7610624, 39.0772737 ], [ -75.7632967, 39.0751426 ], [ -75.7648214, 39.076059899999969 ], [ -75.7644328, 39.0731787 ], [ -75.768706, 39.071134700000016 ], [ -75.7670361, 39.073987600000031 ], [ -75.7697422, 39.075926699999975 ], [ -75.7638307, 39.078243399999977 ], [ -75.7610624, 39.0772737 ] ], [ [ -75.7665067, 39.076002 ], [ -75.7664694, 39.076115800000018 ], [ -75.7664832, 39.076120599999967 ], [ -75.7665067, 39.076002 ] ], [ [ -75.7673695, 39.07630479999996 ], [ -75.767177, 39.07637109999996 ], [ -75.7671858, 39.076379099999983 ], [ -75.7673695, 39.07630479999996 ] ] ] ] } },
{ "type": "Feature", "properties": { "state_po": "MD", "county_geoid": "24011", "pwsid": "MD0050201", "pws_name": "BENEDICTINE SCHOOL", "population_served_count": 300, "model_method": "", "verification_status": "", "symbology_field": "System Sourced", "intersection_area_sq_km": 1.4509466475418389 }, "geometry": { "type": "Polygon", "coordinates": [ [ [ -75.887777, 39.01609189999995 ], [ -75.8881794, 39.0148632 ], [ -75.882194900000016, 39.010504200000014 ], [ -75.8848762, 39.009495099999945 ], [ -75.8832806, 39.006650900000011 ], [ -75.889209, 39.0046985 ], [ -75.889248900000013, 39.00325440000001 ], [ -75.8821716, 38.998522600000037 ], [ -75.8895704, 38.9958362 ], [ -75.895437300000012, 39.008546300000035 ], [ -75.8931168, 39.009450199999947 ], [ -75.8954268, 39.013836399999981 ], [ -75.8901637, 39.017307100000011 ], [ -75.887777, 39.01609189999995 ] ] ] } },
{ "type": "Feature", "properties": { "state_po": "MD", "county_geoid": "24011", "pwsid": "MD0050204", "pws_name": "CAROLINE ACRES MOBILE HOME PARK", "population_served_count": 395, "model_method": "", "verification_status": "", "symbology_field": "System Sourced", "intersection_area_sq_km": 0.4114102838913492 }, "geometry": { "type": "Polygon", "coordinates": [ [ [ -75.7697506, 39.07406169999998 ], [ -75.7695918, 39.071373399999985 ], [ -75.7676214, 39.071224799999982 ], [ -75.7695118, 39.070289600000038 ], [ -75.7682367, 39.070030899999949 ], [ -75.7706845, 39.0652499 ], [ -75.7733171, 39.065511699999966 ], [ -75.7743484, 39.070892300000025 ], [ -75.7775594, 39.0705387 ], [ -75.7778767, 39.072292799999964 ], [ -75.7720546, 39.072471700000079 ], [ -75.7720198, 39.0738324 ], [ -75.7697506, 39.07406169999998 ] ] ] } },
{ "type": "Feature", "properties": { "state_po": "MD", "county_geoid": "24011", "pwsid": "MD0050217", "pws_name": "TAYLORS MOBILE HOME PARK", "population_served_count": 27, "model_method": "", "verification_status": "", "symbology_field": "System Sourced", "intersection_area_sq_km": 0.016284398216836849 }, "geometry": { "type": "Polygon", "coordinates": [ [ [ -75.7983911, 38.969661399999964 ], [ -75.7967168, 38.9690169 ], [ -75.7991082, 38.969042 ], [ -75.7983911, 38.969661399999964 ] ] ] } },
{ "type": "Feature", "properties": { "state_po": "MD", "county_geoid": "24011", "pwsid": "MD0050006", "pws_name": "TOWN OF RIDGELY", "population_served_count": 1600, "model_method": "", "verification_status": "", "symbology_field": "System Sourced", "intersection_area_sq_km": 4.7783468317502669 }, "geometry": { "type": "Polygon", "coordinates": [ [ [ -75.8920508, 38.956821900000037 ], [ -75.887238, 38.954278199999969 ], [ -75.8910134, 38.952844700000021 ], [ -75.8890674, 38.949996400000032 ], [ -75.8867633, 38.9508843 ], [ -75.8872466, 38.952773500000042 ], [ -75.8774635, 38.954785500000014 ], [ -75.8765449, 38.953116799999968 ], [ -75.8783196, 38.950263299999939 ], [ -75.876276100000013, 38.9509154 ], [ -75.8724125, 38.946211500000032 ], [ -75.8758323, 38.944472499999975 ], [ -75.8736834, 38.942591500000042 ], [ -75.8696431, 38.9428818 ], [ -75.8785438, 38.938336199999966 ], [ -75.8810423, 38.942021499999989 ], [ -75.8851435, 38.940426400000014 ], [ -75.8816064, 38.936722900000021 ], [ -75.883443, 38.93622169999994 ], [ -75.8883543, 38.93867410000005 ], [ -75.8939279, 38.93565169999998 ], [ -75.899861199999989, 38.9419274 ], [ -75.9077047, 38.939128 ], [ -75.9095327, 38.939752200000015 ], [ -75.909225, 38.9502739 ], [ -75.9021271, 38.954209500000054 ], [ -75.8977694, 38.9550414 ], [ -75.8945148, 38.953442399999979 ], [ -75.8920508, 38.956821900000037 ] ], [ [ -75.8989396, 38.9435044 ], [ -75.8953965, 38.943746199999971 ], [ -75.896072, 38.9452489 ], [ -75.8912712, 38.946998600000043 ], [ -75.892921, 38.948585699999981 ], [ -75.8972149, 38.9469738 ], [ -75.8989396, 38.9435044 ] ], [ [ -75.8822228, 38.94847070000003 ], [ -75.8859944, 38.947242499999966 ], [ -75.889011700000012, 38.946013199999982 ], [ -75.8887373, 38.945871200000013 ], [ -75.8822228, 38.94847070000003 ] ], [ [ -75.8809072, 38.9489724 ], [ -75.8810893, 38.948549199999988 ], [ -75.8805966, 38.9487284 ], [ -75.8809072, 38.9489724 ] ] ] } },
{ "type": "Feature", "properties": { "state_po": "MD", "county_geoid": "24033", "pwsid": "MD0160003", "pws_name": "CHELTENHAM BOYS VILLAGE", "population_served_count": 330, "model_method": "", "verification_status": "", "symbology_field": "System Sourced", "intersection_area_sq_km": 2.1529329231805598 }, "geometry": { "type": "MultiPolygon", "coordinates": [ [ [ [ -76.83098480000001, 38.738312900000011 ], [ -76.8348153, 38.7383425 ], [ -76.8342884, 38.7365026 ], [ -76.8378165, 38.7351701 ], [ -76.8547658, 38.7325244 ], [ -76.8600838, 38.736195399999971 ], [ -76.8556869, 38.737576499999953 ], [ -76.8465964, 38.74619850000002 ], [ -76.83098480000001, 38.738312900000011 ] ] ], [ [ [ -76.8176361, 38.738368300000019 ], [ -76.8227344, 38.735911600000037 ], [ -76.8247656, 38.733913300000026 ], [ -76.8275776, 38.733386499999973 ], [ -76.8221308, 38.737750400000017 ], [ -76.821078, 38.736954300000022 ], [ -76.8181483, 38.738208300000018 ], [ -76.8200209, 38.73874 ], [ -76.8176361, 38.738368300000019 ] ] ], [ [ [ -76.8152505, 38.734721299999968 ], [ -76.8237431, 38.734710599999985 ], [ -76.8174023, 38.738279 ], [ -76.815034200000014, 38.737359399999988 ], [ -76.8152505, 38.734721299999968 ] ] ] ] } },
{ "type": "Feature", "properties": { "state_po": "MD", "county_geoid": "24033", "pwsid": "MD0160207", "pws_name": "CEDARVILLE MOBILE HOME PARK", "population_served_count": 780, "model_method": "", "verification_status": "", "symbology_field": "System Sourced", "intersection_area_sq_km": 0.45533918090401743 }, "geometry": { "type": "Polygon", "coordinates": [ [ [ -76.8286843, 38.649143099999968 ], [ -76.8261572, 38.661622 ], [ -76.8259696, 38.6616413 ], [ -76.8218154, 38.6536345 ], [ -76.8246239, 38.653605800000015 ], [ -76.822647300000014, 38.649838 ], [ -76.8241967, 38.64752280000004 ], [ -76.8286843, 38.649143099999968 ] ] ] } },
{ "type": "Feature", "properties": { "state_po": "MD", "county_geoid": "24033", "pwsid": "MD0160004", "pws_name": "CALVERT MANOR", "population_served_count": 300, "model_method": "", "verification_status": "", "symbology_field": "System Sourced", "intersection_area_sq_km": 0.52623415088601766 }, "geometry": { "type": "Polygon", "coordinates": [ [ [ -77.0022002, 38.68176 ], [ -77.0072275, 38.681180500000025 ], [ -77.009513500000011, 38.691614299999969 ], [ -77.006712600000014, 38.694126199999985 ], [ -77.0022002, 38.68176 ] ], [ [ -77.0066023, 38.6819564 ], [ -77.006586, 38.681957899999972 ], [ -77.0065959, 38.681962200000044 ], [ -77.0066023, 38.6819564 ] ] ] } },
{ "type": "Feature", "properties": { "state_po": "MD", "county_geoid": "24001", "pwsid": "WV3302926", "pws_name": "FRANKFORT PSD WILEY FORD", "population_served_count": 1062, "model_method": "Random Forest", "verification_status": "", "symbology_field": "Modeled", "intersection_area_sq_km": 0.039821343930515493 }, "geometry": { "type": "MultiPolygon", "coordinates": [ [ [ [ -78.7780249, 39.601292900000033 ], [ -78.7753539, 39.598755899999944 ], [ -78.778136216391246, 39.601441920370462 ], [ -78.7780249, 39.601292900000033 ] ] ], [ [ [ -78.767884896657463, 39.60874267012511 ], [ -78.7707849, 39.6062269 ], [ -78.77566155697896, 39.604668022700203 ], [ -78.768115, 39.608704 ], [ -78.767884896657463, 39.60874267012511 ] ] ] ] } },
{ "type": "Feature", "properties": { "state_po": "MD", "county_geoid": "24001", "pwsid": "WV3302921", "pws_name": "PIEDMONT MUNICIPAL WTR WKS", "population_served_count": 847, "model_method": "", "verification_status": "", "symbology_field": "System Sourced", "intersection_area_sq_km": 0.1616766371119952 }, "geometry": { "type": "MultiPolygon", "coordinates": [ [ [ [ -79.0545334, 39.476274800000056 ], [ -79.054314554518342, 39.477351846352235 ], [ -79.054492197918691, 39.476230853268504 ], [ -79.0545334, 39.476274800000056 ] ] ], [ [ [ -79.049193899390943, 39.483318957753461 ], [ -79.0437854, 39.4835424 ], [ -79.0432541, 39.4807659 ], [ -79.03846105076488, 39.477412027855415 ], [ -79.044432, 39.479795 ], [ -79.04705, 39.483351 ], [ -79.049193899390943, 39.483318957753461 ] ] ] ] } },
{ "type": "Feature", "properties": { "state_po": "MD", "county_geoid": "24001", "pwsid": "WV3303308", "pws_name": "PAW PAW WATER WORKS", "population_served_count": 524, "model_method": "", "verification_status": "", "symbology_field": "System Sourced", "intersection_area_sq_km": 0.044374925492182027 }, "geometry": { "type": "MultiPolygon", "coordinates": [ [ [ [ -78.46139849886741, 39.524804686592958 ], [ -78.461968200000015, 39.52708 ], [ -78.460996446709203, 39.52724438969318 ], [ -78.46139849886741, 39.524804686592958 ] ] ], [ [ [ -78.4615267, 39.528669 ], [ -78.462490020408012, 39.532506058541571 ], [ -78.461039408255203, 39.528431260170628 ], [ -78.4615267, 39.528669 ] ] ] ] } },
{ "type": "Feature", "properties": { "state_po": "MD", "county_geoid": "24001", "pwsid": "MD0010033", "pws_name": "TOWN OF WESTERNPORT", "population_served_count": 2200, "model_method": "", "verification_status": "", "symbology_field": "System Sourced", "intersection_area_sq_km": 3.3719826794516043 }, "geometry": { "type": "Polygon", "coordinates": [ [ [ -79.0525229, 39.482211400000025 ], [ -79.0549502, 39.4799679 ], [ -79.052479800000015, 39.482793900000026 ], [ -79.0559494, 39.4836735 ], [ -79.0556959, 39.48534259999996 ], [ -79.0569632, 39.483854599999944 ], [ -79.0600451, 39.4846589 ], [ -79.0563059, 39.488530300000065 ], [ -79.0533026, 39.48817 ], [ -79.0469468, 39.491541899999973 ], [ -79.0462829, 39.4956776 ], [ -79.0485945, 39.496922499999989 ], [ -79.049891, 39.5005783 ], [ -79.0478754, 39.50487170000001 ], [ -79.0402377, 39.491118 ], [ -79.038706, 39.4912035 ], [ -79.038142, 39.494003399999983 ], [ -79.0407926, 39.495477599999987 ], [ -79.0393486, 39.496225699999989 ], [ -79.0333701, 39.493084099999983 ], [ -79.03285, 39.490549200000025 ], [ -79.0349751, 39.489549 ], [ -79.0333718, 39.488183599999942 ], [ -79.0312176, 39.4890422 ], [ -79.0314087, 39.490557799999984 ], [ -79.0286253, 39.490209599999972 ], [ -79.0319086, 39.494381200000028 ], [ -79.0310712, 39.4952351 ], [ -79.0254012, 39.490468199999988 ], [ -79.027573, 39.489159199999968 ], [ -79.0256393, 39.487829399999974 ], [ -79.0277526, 39.4840697 ], [ -79.0247822, 39.48065459999998 ], [ -79.0307845, 39.47660489999997 ], [ -79.0326528, 39.481116700000022 ], [ -79.0303564, 39.482867899999988 ], [ -79.0334588, 39.484707800000017 ], [ -79.0370559, 39.482187 ], [ -79.035677, 39.47977 ], [ -79.0379544, 39.4782836 ], [ -79.0433044, 39.479707600000019 ], [ -79.046386, 39.483859299999978 ], [ -79.0525229, 39.482211400000025 ] ] ] } },
{ "type": "Feature", "properties": { "state_po": "MD", "county_geoid": "24001", "pwsid": "MD0010019", "pws_name": "TOWN OF LUKE", "population_served_count": 68, "model_method": "", "verification_status": "", "symbology_field": "System Sourced", "intersection_area_sq_km": 0.38806974797651994 }, "geometry": { "type": "Polygon", "coordinates": [ [ [ -79.0572235, 39.4710521 ], [ -79.0596691, 39.4721377 ], [ -79.0666168, 39.4808506 ], [ -79.0618407, 39.4760461 ], [ -79.0540734, 39.479842500000011 ], [ -79.055115, 39.472765899999985 ], [ -79.0572235, 39.4710521 ] ] ] } },
{ "type": "Feature", "properties": { "state_po": "MD", "county_geoid": "24001", "pwsid": "MD0010045", "pws_name": "SOUTHERN REGION ALLEGANY DISTRIB. SYSTEM", "population_served_count": 865, "model_method": "", "verification_status": "", "symbology_field": "System Sourced", "intersection_area_sq_km": 4.6679026869611446 }, "geometry": { "type": "Polygon", "coordinates": [ [ [ -78.9692422, 39.443464499999948 ], [ -78.9999721, 39.4573462 ], [ -79.013356, 39.46556 ], [ -79.0122574, 39.466589899999988 ], [ -78.9985607, 39.459868500000056 ], [ -78.9780484, 39.452459100000041 ], [ -78.9765435, 39.456030499999983 ], [ -78.9779814, 39.4600287 ], [ -78.983098, 39.457819600000022 ], [ -78.9845339, 39.460886400000057 ], [ -78.976421, 39.46050960000003 ], [ -78.9651141, 39.468205399999988 ], [ -78.9668085, 39.469717199999955 ], [ -78.9658946, 39.470924300000028 ], [ -78.9622816, 39.46956609999998 ], [ -78.956259, 39.472467399999964 ], [ -78.9551306, 39.474132200000021 ], [ -78.9569088, 39.477490300000028 ], [ -78.953935199999989, 39.477635599999964 ], [ -78.9522402, 39.474191800000021 ], [ -78.9563615, 39.469558099999986 ], [ -78.95139180000001, 39.469765199999969 ], [ -78.9512815, 39.4676532 ], [ -78.9688134, 39.461985499999976 ], [ -78.9677916, 39.4601193 ], [ -78.9611014, 39.457504499999978 ], [ -78.9615978, 39.450242199999963 ], [ -78.9692422, 39.443464499999948 ] ], [ [ -78.9783288, 39.449837899999977 ], [ -78.9783493, 39.4498354 ], [ -78.9783337, 39.4498244 ], [ -78.9783288, 39.449837899999977 ] ], [ [ -78.9712273, 39.457125499999989 ], [ -78.9713772, 39.4564147 ], [ -78.9705929, 39.456796499999989 ], [ -78.9712273, 39.457125499999989 ] ] ] } },
{ "type": "Feature", "properties": { "state_po": "MD", "county_geoid": "24001", "pwsid": "MD0010215", "pws_name": "ROCKY GAP MOBILE HOME PARK", "population_served_count": 30, "model_method": "", "verification_status": "", "symbology_field": "System Sourced", "intersection_area_sq_km": 0.011371330816344147 }, "geometry": { "type": "Polygon", "coordinates": [ [ [ -78.6768471, 39.690045700000042 ], [ -78.6762041, 39.691333700000015 ], [ -78.6763749, 39.690005700000071 ], [ -78.6768471, 39.690045700000042 ] ] ] } },
{ "type": "Feature", "properties": { "state_po": "MD", "county_geoid": "24001", "pwsid": "MD0010031", "pws_name": "RECKLEY SPRING COMMUNITY WATER", "population_served_count": 78, "model_method": "", "verification_status": "", "symbology_field": "System Sourced", "intersection_area_sq_km": 0.56110111263461238 }, "geometry": { "type": "Polygon", "coordinates": [ [ [ -78.6903699, 39.599783499999944 ], [ -78.6884352, 39.5996502 ], [ -78.693064600000014, 39.588521 ], [ -78.6955146, 39.587364299999969 ], [ -78.705192, 39.571215599999945 ], [ -78.706741, 39.571806699999982 ], [ -78.7059896, 39.5734655 ], [ -78.693766599999989, 39.5905013 ], [ -78.6948744, 39.5933471 ], [ -78.6903699, 39.599783499999944 ] ] ] } },
{ "type": "Feature", "properties": { "state_po": "MD", "county_geoid": "24001", "pwsid": "MD0010023", "pws_name": "MIDLOTHIAN WATER COMPANY", "population_served_count": 300, "model_method": "", "verification_status": "", "symbology_field": "System Sourced", "intersection_area_sq_km": 0.50750245090402246 }, "geometry": { "type": "Polygon", "coordinates": [ [ [ -78.955679, 39.633257499999964 ], [ -78.9551482, 39.635033499999984 ], [ -78.9519815, 39.6359068 ], [ -78.9543653, 39.639523600000018 ], [ -78.9541766, 39.6432041 ], [ -78.9499038, 39.634710299999988 ], [ -78.9461425, 39.636319799999967 ], [ -78.946579, 39.6325863 ], [ -78.9449527, 39.6307594 ], [ -78.953037, 39.629612699999953 ], [ -78.9518975, 39.632868400000014 ], [ -78.955679, 39.633257499999964 ] ] ] } },
{ "type": "Feature", "properties": { "state_po": "MD", "county_geoid": "24001", "pwsid": "MD0010049", "pws_name": "HIGHLAND ESTATES DISTRIBUTION SYSTEM", "population_served_count": 105, "model_method": "", "verification_status": "", "symbology_field": "System Sourced", "intersection_area_sq_km": 0.081851101482530553 }, "geometry": { "type": "MultiPolygon", "coordinates": [ [ [ [ -78.7309349, 39.675248299999986 ], [ -78.7335188, 39.672460699999945 ], [ -78.7347765, 39.673100899999959 ], [ -78.732023, 39.675244899999988 ], [ -78.7340467, 39.6749937 ], [ -78.7333941, 39.6761322 ], [ -78.7309349, 39.675248299999986 ] ] ], [ [ [ -78.7324596, 39.6764208 ], [ -78.7327639, 39.676913699999957 ], [ -78.7322012, 39.67677010000002 ], [ -78.7324596, 39.6764208 ] ] ] ] } },
{ "type": "Feature", "properties": { "state_po": "MD", "county_geoid": "24001", "pwsid": "MD0010038", "pws_name": "BROPHYTOWN DISTRIBUTION SYSTEM", "population_served_count": 47, "model_method": "", "verification_status": "", "symbology_field": "System Sourced", "intersection_area_sq_km": 0.11633493659173953 }, "geometry": { "type": "MultiPolygon", "coordinates": [ [ [ [ -79.0496846, 39.498365199999988 ], [ -79.0508272, 39.497522 ], [ -79.0516135, 39.498861599999962 ], [ -79.0498697, 39.499194800000019 ], [ -79.0496846, 39.498365199999988 ] ] ], [ [ [ -79.0534137, 39.501754699999964 ], [ -79.0490674, 39.500641500000022 ], [ -79.0489392, 39.497738699999978 ], [ -79.0496976, 39.4996367 ], [ -79.0518184, 39.498876 ], [ -79.0518861, 39.4974399 ], [ -79.0534137, 39.501754699999964 ] ] ] ] } },
{ "type": "Feature", "properties": { "state_po": "MD", "county_geoid": "24001", "pwsid": "MD0010003", "pws_name": "BEL AIR - PINTO DISTRIBUTION SYSTEM", "population_served_count": 2614, "model_method": "", "verification_status": "", "symbology_field": "System Sourced", "intersection_area_sq_km": 2.4497696705043457 }, "geometry": { "type": "Polygon", "coordinates": [ [ [ -78.8449835, 39.590893100000024 ], [ -78.8413402, 39.580659 ], [ -78.8438561, 39.5809205 ], [ -78.8467815, 39.570680900000021 ], [ -78.8496813, 39.571270899999966 ], [ -78.8499047, 39.5764802 ], [ -78.8605803, 39.579866699999982 ], [ -78.8599423, 39.5821502 ], [ -78.8621875, 39.582904400000018 ], [ -78.8621165, 39.5845889 ], [ -78.8675459, 39.585510200000016 ], [ -78.8564202, 39.5897036 ], [ -78.852175100000011, 39.5885599 ], [ -78.8518089, 39.5912368 ], [ -78.8449835, 39.590893100000024 ] ] ] } },
{ "type": "Feature", "properties": { "state_po": "MD", "county_geoid": "24001", "pwsid": "MD0010001", "pws_name": "BARRELVILLE", "population_served_count": 130, "model_method": "", "verification_status": "", "symbology_field": "System Sourced", "intersection_area_sq_km": 0.13250605397609311 }, "geometry": { "type": "Polygon", "coordinates": [ [ [ -78.8424854, 39.700771100000019 ], [ -78.8444481, 39.703083500000034 ], [ -78.8424951, 39.7054034 ], [ -78.8458708, 39.707733900000044 ], [ -78.8436491, 39.708183200000022 ], [ -78.8404581, 39.707020399999983 ], [ -78.8424854, 39.700771100000019 ] ] ] } },
{ "type": "Feature", "properties": { "state_po": "MD", "county_geoid": "24001", "pwsid": "MD0010212", "pws_name": "GREEN RIDGE BOYS CAMP", "population_served_count": 100, "model_method": "", "verification_status": "", "symbology_field": "System Sourced", "intersection_area_sq_km": 0.080702083122625876 }, "geometry": { "type": "Polygon", "coordinates": [ [ [ -78.458679, 39.675758800000025 ], [ -78.4570269, 39.67140170000004 ], [ -78.4593748, 39.671687100000021 ], [ -78.458679, 39.675758800000025 ] ] ] } },
{ "type": "Feature", "properties": { "state_po": "MD", "county_geoid": "24027", "pwsid": "MD0130007", "pws_name": "LUTHERAN VILLAGE AT MILLER'S GRANT", "population_served_count": 315, "model_method": "", "verification_status": "", "symbology_field": "System Sourced", "intersection_area_sq_km": 0.20121976218965745 }, "geometry": { "type": "Polygon", "coordinates": [ [ [ -76.8436722, 39.274055799999964 ], [ -76.8384448, 39.270040899999977 ], [ -76.8395727, 39.26826 ], [ -76.8450623, 39.269882699999954 ], [ -76.8436722, 39.274055799999964 ] ] ] } },
{ "type": "Feature", "properties": { "state_po": "MD", "county_geoid": "24027", "pwsid": "MD0130005", "pws_name": "VILLAS AT CATTAIL CREEK", "population_served_count": 170, "model_method": "", "verification_status": "", "symbology_field": "System Sourced", "intersection_area_sq_km": 0.2345546666032638 }, "geometry": { "type": "Polygon", "coordinates": [ [ [ -77.0445266, 39.27780980000005 ], [ -77.0363113, 39.272802700000035 ], [ -77.038008, 39.27217790000001 ], [ -77.0468108, 39.275694099999988 ], [ -77.0445266, 39.27780980000005 ] ] ] } },
{ "type": "Feature", "properties": { "state_po": "MD", "county_geoid": "24009", "pwsid": "MD0040202", "pws_name": "REGENCY MANOR MOBILE HOME PARK", "population_served_count": 224, "model_method": "", "verification_status": "", "symbology_field": "System Sourced", "intersection_area_sq_km": 0.18711650875293881 }, "geometry": { "type": "Polygon", "coordinates": [ [ [ -76.6532768, 38.737019 ], [ -76.6538281, 38.741236200000046 ], [ -76.6516928, 38.7414672 ], [ -76.6522069, 38.744655100000024 ], [ -76.6504404, 38.744825500000033 ], [ -76.6500356, 38.7385636 ], [ -76.6532768, 38.737019 ] ] ] } },
{ "type": "Feature", "properties": { "state_po": "MD", "county_geoid": "24009", "pwsid": "MD0040205", "pws_name": "TAPESTRY NORTH", "population_served_count": 60, "model_method": "", "verification_status": "", "symbology_field": "System Sourced", "intersection_area_sq_km": 0.015164740654481383 }, "geometry": { "type": "Polygon", "coordinates": [ [ [ -76.6393164, 38.690436 ], [ -76.6403838, 38.6894038 ], [ -76.6410978, 38.69039919999998 ], [ -76.640949, 38.6904025 ], [ -76.6393164, 38.690436 ] ] ] } },
{ "type": "Feature", "properties": { "state_po": "MD", "county_geoid": "24009", "pwsid": "MD0040035", "pws_name": "WALNUT CREEK", "population_served_count": 158, "model_method": "", "verification_status": "", "symbology_field": "System Sourced", "intersection_area_sq_km": 0.31198510518919537 }, "geometry": { "type": "Polygon", "coordinates": [ [ [ -76.6151811, 38.630092100000034 ], [ -76.615588, 38.623784499999935 ], [ -76.6196201, 38.6257848 ], [ -76.6215958, 38.625253 ], [ -76.6237887, 38.627191899999985 ], [ -76.6151811, 38.630092100000034 ] ], [ [ -76.6166383, 38.625379299999985 ], [ -76.6164983, 38.625380700000044 ], [ -76.6165851, 38.625476299999967 ], [ -76.6166383, 38.625379299999985 ] ], [ [ -76.6213515, 38.627262100000053 ], [ -76.621354700000012, 38.6271811 ], [ -76.6212874, 38.62719060000002 ], [ -76.6213515, 38.627262100000053 ] ], [ [ -76.6171777, 38.626859700000018 ], [ -76.6171888, 38.62685189999997 ], [ -76.6171761, 38.6268443 ], [ -76.6171777, 38.626859700000018 ] ], [ [ -76.6164349, 38.627682600000028 ], [ -76.6163312, 38.6276955 ], [ -76.6163898, 38.627730800000037 ], [ -76.6164349, 38.627682600000028 ] ] ] } },
{ "type": "Feature", "properties": { "state_po": "MD", "county_geoid": "24009", "pwsid": "MD0040209", "pws_name": "B&L MOBILE HOME PARK", "population_served_count": 65, "model_method": "", "verification_status": "", "symbology_field": "System Sourced", "intersection_area_sq_km": 0.098091020396029946 }, "geometry": { "type": "Polygon", "coordinates": [ [ [ -76.6067166, 38.56501 ], [ -76.6024068, 38.564986900000022 ], [ -76.6000278, 38.563661100000026 ], [ -76.6038285, 38.562154700000029 ], [ -76.6067166, 38.56501 ] ] ] } },
{ "type": "Feature", "properties": { "state_po": "MD", "county_geoid": "24009", "pwsid": "MD0040206", "pws_name": "CALVERT MOBILE HOME PARK", "population_served_count": 80, "model_method": "", "verification_status": "", "symbology_field": "System Sourced", "intersection_area_sq_km": 0.032058391307165819 }, "geometry": { "type": "Polygon", "coordinates": [ [ [ -76.6443345, 38.507295899999988 ], [ -76.6428384, 38.506696399999981 ], [ -76.6423744, 38.504904899999978 ], [ -76.6440161, 38.505029399999941 ], [ -76.6443345, 38.507295899999988 ] ] ] } },
{ "type": "Feature", "properties": { "state_po": "MD", "county_geoid": "24009", "pwsid": "MD0040052", "pws_name": "CROSS POINT SUBDIVISION", "population_served_count": 434, "model_method": "", "verification_status": "", "symbology_field": "System Sourced", "intersection_area_sq_km": 0.85147584424850142 }, "geometry": { "type": "Polygon", "coordinates": [ [ [ -76.6170897, 38.720811599999969 ], [ -76.6058531, 38.719039099999968 ], [ -76.6075487, 38.713793399999965 ], [ -76.6112363, 38.714957800000015 ], [ -76.6106403, 38.708563699999964 ], [ -76.613972600000011, 38.7082759 ], [ -76.6169284, 38.7140149 ], [ -76.6170897, 38.720811599999969 ] ], [ [ -76.6134267, 38.7104021 ], [ -76.6133854, 38.7104056 ], [ -76.6134088, 38.71041479999996 ], [ -76.6134267, 38.7104021 ] ], [ [ -76.614335, 38.712992899999954 ], [ -76.6143001, 38.712995400000047 ], [ -76.6143217, 38.7130103 ], [ -76.614335, 38.712992899999954 ] ], [ [ -76.6107996, 38.7158348 ], [ -76.6107593, 38.7158304 ], [ -76.610775, 38.715845800000025 ], [ -76.6107996, 38.7158348 ] ], [ [ -76.6157953, 38.716955699999986 ], [ -76.61577, 38.716936700000041 ], [ -76.6157718, 38.716957099999981 ], [ -76.6157953, 38.716955699999986 ] ], [ [ -76.6139701, 38.717693600000018 ], [ -76.6139411, 38.717678200000016 ], [ -76.6139449, 38.717697 ], [ -76.6139701, 38.717693600000018 ] ] ] } },
{ "type": "Feature", "properties": { "state_po": "MD", "county_geoid": "24009", "pwsid": "MD0040006", "pws_name": "HUNTING HILLS", "population_served_count": 124, "model_method": "", "verification_status": "", "symbology_field": "System Sourced", "intersection_area_sq_km": 0.12948911168013164 }, "geometry": { "type": "Polygon", "coordinates": [ [ [ -76.6157383, 38.589973499999985 ], [ -76.6155322, 38.594147499999963 ], [ -76.6129009, 38.593525500000013 ], [ -76.6118471, 38.590016599999956 ], [ -76.6157383, 38.589973499999985 ] ] ] } },
{ "type": "Feature", "properties": { "state_po": "MD", "county_geoid": "24009", "pwsid": "MD0040008", "pws_name": "LAKEWOOD", "population_served_count": 203, "model_method": "", "verification_status": "", "symbology_field": "System Sourced", "intersection_area_sq_km": 0.49544937615147377 }, "geometry": { "type": "Polygon", "coordinates": [ [ [ -76.6460934, 38.740654599999971 ], [ -76.645050900000015, 38.7336086 ], [ -76.6552155, 38.73235559999997 ], [ -76.6531885, 38.7369794 ], [ -76.6460934, 38.740654599999971 ] ], [ [ -76.6517561, 38.733527499999973 ], [ -76.6517221, 38.733534099999979 ], [ -76.6517523, 38.73355009999996 ], [ -76.6517561, 38.733527499999973 ] ], [ [ -76.6499124, 38.7337148 ], [ -76.6498815, 38.733702099999981 ], [ -76.6498816, 38.733727800000032 ], [ -76.6499124, 38.7337148 ] ] ] } },
{ "type": "Feature", "properties": { "state_po": "MD", "county_geoid": "24009", "pwsid": "MD0040053", "pws_name": "MARLEY RUN", "population_served_count": 290, "model_method": "", "verification_status": "", "symbology_field": "System Sourced", "intersection_area_sq_km": 0.33273100123846822 }, "geometry": { "type": "Polygon", "coordinates": [ [ [ -76.597715, 38.612975 ], [ -76.5945937, 38.612357400000064 ], [ -76.5912851, 38.606492900000021 ], [ -76.5978064, 38.607419 ], [ -76.5995933, 38.6093637 ], [ -76.597715, 38.612975 ] ], [ [ -76.5976236, 38.6082764 ], [ -76.5974887, 38.60822569999997 ], [ -76.597503100000012, 38.6083306 ], [ -76.5976236, 38.6082764 ] ], [ [ -76.594042, 38.607907400000016 ], [ -76.5938842, 38.607871099999983 ], [ -76.593945, 38.6079334 ], [ -76.594042, 38.607907400000016 ] ], [ [ -76.5970465, 38.6118764 ], [ -76.596950600000014, 38.611909800000014 ], [ -76.5970523, 38.611929800000034 ], [ -76.5970465, 38.6118764 ] ] ] } },
{ "type": "Feature", "properties": { "state_po": "MD", "county_geoid": "24009", "pwsid": "MD0040015", "pws_name": "SHORES OF CALVERT", "population_served_count": 361, "model_method": "", "verification_status": "", "symbology_field": "System Sourced", "intersection_area_sq_km": 0.56928829388638347 }, "geometry": { "type": "Polygon", "coordinates": [ [ [ -76.6839952, 38.745066899999969 ], [ -76.6760351, 38.7436704 ], [ -76.6762425, 38.737544899999968 ], [ -76.6827057, 38.736078200000023 ], [ -76.684114400000013, 38.736604 ], [ -76.6839952, 38.745066899999969 ] ], [ [ -76.6826111, 38.7371374 ], [ -76.6825661, 38.737095299999957 ], [ -76.6825414, 38.7371374 ], [ -76.6826111, 38.7371374 ] ], [ [ -76.6771952, 38.738123199999976 ], [ -76.6770796, 38.738122600000018 ], [ -76.6771514, 38.738173900000071 ], [ -76.6771952, 38.738123199999976 ] ], [ [ -76.6788127, 38.739121 ], [ -76.6787672, 38.739079199999956 ], [ -76.6787388, 38.73912030000001 ], [ -76.6788127, 38.739121 ] ], [ [ -76.6820352, 38.739794400000022 ], [ -76.6820193, 38.739798700000023 ], [ -76.682031, 38.739808400000015 ], [ -76.6820352, 38.739794400000022 ] ], [ [ -76.6787278, 38.740599800000027 ], [ -76.6786712, 38.740567499999976 ], [ -76.6786788, 38.740605399999964 ], [ -76.6787278, 38.740599800000027 ] ], [ [ -76.6829205, 38.74148 ], [ -76.6828505, 38.7414769 ], [ -76.6828844, 38.741506300000012 ], [ -76.6829205, 38.74148 ] ], [ [ -76.6770211, 38.741930700000012 ], [ -76.6769606, 38.741903 ], [ -76.6769754, 38.741941 ], [ -76.6770211, 38.741930700000012 ] ], [ [ -76.682919900000016, 38.743736100000021 ], [ -76.6828518, 38.74372319999997 ], [ -76.68288, 38.743770199999986 ], [ -76.682919900000016, 38.743736100000021 ] ] ] } },
{ "type": "Feature", "properties": { "state_po": "MD", "county_geoid": "24009", "pwsid": "MD0040034", "pws_name": "TARA SUBDIVISION", "population_served_count": 68, "model_method": "", "verification_status": "", "symbology_field": "System Sourced", "intersection_area_sq_km": 0.14036411750318789 }, "geometry": { "type": "Polygon", "coordinates": [ [ [ -76.604466, 38.621246 ], [ -76.6106182, 38.621796299999986 ], [ -76.6089438, 38.6248831 ], [ -76.6072292, 38.624975400000025 ], [ -76.604466, 38.621246 ] ], [ [ -76.6067024, 38.622551200000011 ], [ -76.6065372, 38.622546800000023 ], [ -76.6066045, 38.622603800000022 ], [ -76.6067024, 38.622551200000011 ] ], [ [ -76.6082713, 38.6238665 ], [ -76.6081771, 38.623887 ], [ -76.60821030000001, 38.62391640000002 ], [ -76.6082713, 38.6238665 ] ] ] } },
{ "type": "Feature", "properties": { "state_po": "MD", "county_geoid": "24009", "pwsid": "MD1040022", "pws_name": "THE CALVERTON SCHOOL", "population_served_count": 436, "model_method": "", "verification_status": "", "symbology_field": "System Sourced", "intersection_area_sq_km": 0.4346804131343045 }, "geometry": { "type": "Polygon", "coordinates": [ [ [ -76.6098133, 38.588223600000013 ], [ -76.6085156, 38.590196599999949 ], [ -76.6121378, 38.59209149999996 ], [ -76.6130791, 38.595613599999979 ], [ -76.604294400000015, 38.595145499999958 ], [ -76.6031678, 38.591355800000017 ], [ -76.6054923, 38.588680600000025 ], [ -76.6098133, 38.588223600000013 ] ] ] } },
{ "type": "Feature", "properties": { "state_po": "MD", "county_geoid": "24009", "pwsid": "MD0020213", "pws_name": "LYONS CREEK ESTATES", "population_served_count": 750, "model_method": "", "verification_status": "", "symbology_field": "System Sourced", "intersection_area_sq_km": 0.0057004994946686319 }, "geometry": { "type": "MultiPolygon", "coordinates": [ [ [ [ -76.6667512, 38.7596209 ], [ -76.667232877636053, 38.759735978776369 ], [ -76.666640340741807, 38.760054132395872 ], [ -76.6667512, 38.7596209 ] ] ], [ [ [ -76.666754519562019, 38.760239534847571 ], [ -76.6666675, 38.76021489999998 ], [ -76.666642850688092, 38.760068989902635 ], [ -76.666754519562019, 38.760239534847571 ] ] ], [ [ [ -76.667410565292727, 38.761241454719979 ], [ -76.666813731259012, 38.761812640544413 ], [ -76.666932554855848, 38.760511435257605 ], [ -76.667410565292727, 38.761241454719979 ] ] ], [ [ [ -76.666124900000014, 38.7619164 ], [ -76.666092, 38.762232 ], [ -76.666001413830728, 38.762217973854987 ], [ -76.666124900000014, 38.7619164 ] ] ] ] } },
{ "type": "Feature", "properties": { "state_po": "MD", "county_geoid": "24009", "pwsid": "MD0040002", "pws_name": "CAVALIER COUNTRY", "population_served_count": 381, "model_method": "", "verification_status": "", "symbology_field": "System Sourced", "intersection_area_sq_km": 0.35447250361381966 }, "geometry": { "type": "Polygon", "coordinates": [ [ [ -76.6318677, 38.750701199999924 ], [ -76.6237226, 38.7496097 ], [ -76.6235442, 38.748608300000022 ], [ -76.6256501, 38.747064200000011 ], [ -76.6344998, 38.745531600000035 ], [ -76.6352335, 38.748705 ], [ -76.6318677, 38.750701199999924 ] ], [ [ -76.633518, 38.746700400000044 ], [ -76.6335043, 38.74664750000003 ], [ -76.6334354, 38.746663899999987 ], [ -76.633518, 38.746700400000044 ] ], [ [ -76.631515, 38.74656970000003 ], [ -76.6316006, 38.746549399999985 ], [ -76.6315223, 38.7465316 ], [ -76.631515, 38.74656970000003 ] ], [ [ -76.6300804, 38.7469275 ], [ -76.63003, 38.7468904 ], [ -76.630028, 38.746951899999985 ], [ -76.6300804, 38.7469275 ] ], [ [ -76.6333954, 38.748863400000033 ], [ -76.6333951, 38.748856300000043 ], [ -76.6333877, 38.748861 ], [ -76.6333954, 38.748863400000033 ] ], [ [ -76.6317313, 38.7494285 ], [ -76.6317134, 38.749424 ], [ -76.6317074, 38.74943540000001 ], [ -76.6317313, 38.7494285 ] ], [ [ -76.6300486, 38.749545200000043 ], [ -76.630047500000018, 38.749460500000026 ], [ -76.6300009, 38.749485399999941 ], [ -76.6300486, 38.749545200000043 ] ] ] } },
{ "type": "Feature", "properties": { "state_po": "MD", "county_geoid": "24009", "pwsid": "MD0020030", "pws_name": "ROSE HAVEN", "population_served_count": 235, "model_method": "", "verification_status": "", "symbology_field": "System Sourced", "intersection_area_sq_km": 6.0130340553136935e-05 }, "geometry": { "type": "Polygon", "coordinates": [ [ [ -76.535557664360937, 38.721447222812657 ], [ -76.535764, 38.7214507 ], [ -76.535785050309443, 38.721479216743425 ], [ -76.535557664360937, 38.721447222812657 ] ] ] } },
{ "type": "Feature", "properties": { "state_po": "MD", "county_geoid": "24009", "pwsid": "MD0040210", "pws_name": "PINE TRAILER PARK", "population_served_count": 65, "model_method": "", "verification_status": "", "symbology_field": "System Sourced", "intersection_area_sq_km": 0.027550500960971187 }, "geometry": { "type": "Polygon", "coordinates": [ [ [ -76.5656367, 38.511119099999966 ], [ -76.5681232, 38.511508199999987 ], [ -76.5673214, 38.51312 ], [ -76.5659749, 38.512403100000014 ], [ -76.5656367, 38.511119099999966 ] ] ] } },
{ "type": "Feature", "properties": { "state_po": "MD", "county_geoid": "24009", "pwsid": "MD0040009", "pws_name": "BEACHES WATER CO-OPERATIVE", "population_served_count": 2000, "model_method": "", "verification_status": "", "symbology_field": "System Sourced", "intersection_area_sq_km": 2.6960106104413941 }, "geometry": { "type": "MultiPolygon", "coordinates": [ [ [ [ -76.4894698, 38.45959959999994 ], [ -76.4914195, 38.460715800000031 ], [ -76.4913145, 38.460906500000029 ], [ -76.4894698, 38.45959959999994 ] ] ], [ [ [ -76.4786173, 38.470113599999948 ], [ -76.463999924498495, 38.4582612987045 ], [ -76.4737035, 38.456604899999967 ], [ -76.4728065, 38.454193300000021 ], [ -76.4742348, 38.452182499999964 ], [ -76.4773886, 38.451932 ], [ -76.4821554, 38.455628599999955 ], [ -76.4793793, 38.451702600000012 ], [ -76.4833367, 38.4493802 ], [ -76.4892971, 38.4591426 ], [ -76.4867016, 38.457550600000019 ], [ -76.485823, 38.458466699999967 ], [ -76.4917785, 38.463133800000023 ], [ -76.4882408, 38.463434200000016 ], [ -76.4904759, 38.4637093 ], [ -76.4899649, 38.465296700000039 ], [ -76.4883931, 38.464594899999987 ], [ -76.490097600000013, 38.465848599999966 ], [ -76.4877644, 38.467821899999983 ], [ -76.4799899, 38.4651021 ], [ -76.4808803, 38.4688345 ], [ -76.4786173, 38.470113599999948 ] ], [ [ -76.4856374, 38.457636300000026 ], [ -76.4855254, 38.456593 ], [ -76.4827809, 38.454413099999975 ], [ -76.4827107, 38.456058299999988 ], [ -76.4856374, 38.457636300000026 ] ], [ [ -76.4860815, 38.4571433 ], [ -76.4863086, 38.457230600000017 ], [ -76.4860584, 38.457026899999974 ], [ -76.4860815, 38.4571433 ] ], [ [ -76.4769132, 38.458628900000022 ], [ -76.4762565, 38.4585086 ], [ -76.478418, 38.459583400000056 ], [ -76.4769132, 38.458628900000022 ] ], [ [ -76.4857271, 38.461495899999989 ], [ -76.4857107, 38.461489499999963 ], [ -76.4857082, 38.4614967 ], [ -76.4857271, 38.461495899999989 ] ], [ [ -76.4837972, 38.463666 ], [ -76.4849122, 38.46347589999997 ], [ -76.48373, 38.4634937 ], [ -76.4837972, 38.463666 ] ], [ [ -76.4859877, 38.465399500000011 ], [ -76.4860312, 38.465416800000021 ], [ -76.486016100000015, 38.4653854 ], [ -76.4859877, 38.465399500000011 ] ], [ [ -76.479179, 38.465049499999985 ], [ -76.4791844, 38.464942899999983 ], [ -76.4790872, 38.4649663 ], [ -76.479179, 38.465049499999985 ] ], [ [ -76.4875081, 38.466566499999978 ], [ -76.4875251, 38.466605899999969 ], [ -76.4875338, 38.466578899999966 ], [ -76.4875081, 38.466566499999978 ] ] ] ] } },
{ "type": "Feature", "properties": { "state_po": "MD", "county_geoid": "24009", "pwsid": "MD0040018", "pws_name": "CHESAPEAKE HEIGHTS (BAYSIDE FOREST)", "population_served_count": 1190, "model_method": "", "verification_status": "", "symbology_field": "System Sourced", "intersection_area_sq_km": 1.7160504724327323 }, "geometry": { "type": "Polygon", "coordinates": [ [ [ -76.5187663, 38.56589440000004 ], [ -76.518439700000016, 38.563975 ], [ -76.5328338, 38.563264499999939 ], [ -76.5332218, 38.55871030000003 ], [ -76.5410404, 38.559123599999964 ], [ -76.5391028, 38.564347399999981 ], [ -76.5363169, 38.568060299999978 ], [ -76.5337389, 38.5674664 ], [ -76.533651, 38.569174600000053 ], [ -76.517090843060402, 38.572650342997477 ], [ -76.516097729254383, 38.56608552968661 ], [ -76.5187663, 38.56589440000004 ] ], [ [ -76.5226872, 38.565848299999949 ], [ -76.5226238, 38.565851199999969 ], [ -76.5226103, 38.56587530000003 ], [ -76.5226872, 38.565848299999949 ] ], [ [ -76.519993, 38.5657186 ], [ -76.5203896, 38.565787599999958 ], [ -76.5201892, 38.5655791 ], [ -76.519993, 38.5657186 ] ], [ [ -76.5193425, 38.567223899999981 ], [ -76.5193733, 38.567253100000038 ], [ -76.5193971, 38.567233399999971 ], [ -76.5193425, 38.567223899999981 ] ], [ [ -76.5207276, 38.56826860000001 ], [ -76.5205894, 38.568146 ], [ -76.5205814, 38.5682621 ], [ -76.5207276, 38.56826860000001 ] ] ] } },
{ "type": "Feature", "properties": { "state_po": "MD", "county_geoid": "24009", "pwsid": "MD0040007", "pws_name": "KENWOOD BEACH", "population_served_count": 338, "model_method": "", "verification_status": "", "symbology_field": "System Sourced", "intersection_area_sq_km": 0.22306033920975296 }, "geometry": { "type": "Polygon", "coordinates": [ [ [ -76.5012621, 38.495048 ], [ -76.5062906, 38.494767599999967 ], [ -76.5065238, 38.50054209999994 ], [ -76.5028973, 38.499444199999942 ], [ -76.5012621, 38.495048 ] ] ] } },
{ "type": "Feature", "properties": { "state_po": "MD", "county_geoid": "24009", "pwsid": "MD0040030", "pws_name": "TOWN OF NORTH BEACH", "population_served_count": 3000, "model_method": "", "verification_status": "", "symbology_field": "System Sourced", "intersection_area_sq_km": 0.70013549583435308 }, "geometry": { "type": "Polygon", "coordinates": [ [ [ -76.528692260872333, 38.711360135247837 ], [ -76.532398300000011, 38.702511200000018 ], [ -76.5386279, 38.702599300000024 ], [ -76.5378865, 38.7132617 ], [ -76.5353274, 38.713940899999976 ], [ -76.5330432, 38.711859800000028 ], [ -76.528692260872333, 38.711360135247837 ] ], [ [ -76.5357039, 38.710880700000018 ], [ -76.5356573, 38.71083610000003 ], [ -76.535703, 38.710885300000015 ], [ -76.5357039, 38.710880700000018 ] ] ] } },
{ "type": "Feature", "properties": { "state_po": "MD", "county_geoid": "24009", "pwsid": "MD0040010", "pws_name": "PARIS OAKS / DAYS END", "population_served_count": 251, "model_method": "", "verification_status": "", "symbology_field": "System Sourced", "intersection_area_sq_km": 0.54425382100721287 }, "geometry": { "type": "MultiPolygon", "coordinates": [ [ [ [ -76.5634332, 38.7163946 ], [ -76.562449, 38.710128200000057 ], [ -76.565756, 38.7097209 ], [ -76.5631951, 38.707277699999985 ], [ -76.5670685, 38.7084758 ], [ -76.5672864, 38.7071409 ], [ -76.5722309, 38.709226900000026 ], [ -76.5650175, 38.712674800000016 ], [ -76.5668328, 38.714449 ], [ -76.565561, 38.716907599999978 ], [ -76.5634332, 38.7163946 ] ], [ [ -76.5641852, 38.7080169 ], [ -76.5641163, 38.7080268 ], [ -76.56417, 38.70805919999998 ], [ -76.5641852, 38.7080169 ] ], [ [ -76.5700683, 38.709717099999985 ], [ -76.5699436, 38.709711500000012 ], [ -76.5700092, 38.709752499999979 ], [ -76.5700683, 38.709717099999985 ] ], [ [ -76.5646441, 38.711807900000046 ], [ -76.5645741, 38.7117128 ], [ -76.5645493, 38.711789499999952 ], [ -76.5646441, 38.711807900000046 ] ], [ [ -76.5652912, 38.7149308 ], [ -76.5652114, 38.714984299999948 ], [ -76.5652852, 38.714989700000039 ], [ -76.5652912, 38.7149308 ] ] ], [ [ [ -76.5718482, 38.715791600000074 ], [ -76.5688836, 38.713334299999985 ], [ -76.5714212, 38.711645399999973 ], [ -76.5771392, 38.712059599999982 ], [ -76.5718482, 38.715791600000074 ] ] ] ] } },
{ "type": "Feature", "properties": { "state_po": "MD", "county_geoid": "24009", "pwsid": "MD0040014", "pws_name": "SCIENTISTS CLIFFS", "population_served_count": 1425, "model_method": "", "verification_status": "", "symbology_field": "System Sourced", "intersection_area_sq_km": 1.2579017687583542 }, "geometry": { "type": "Polygon", "coordinates": [ [ [ -76.515077869297826, 38.527250455822369 ], [ -76.508540600000018, 38.507681699999978 ], [ -76.5056102, 38.503484100000058 ], [ -76.5077317, 38.502666799999986 ], [ -76.5127695, 38.5036167 ], [ -76.5108842, 38.50612790000006 ], [ -76.5131779, 38.5102046 ], [ -76.5185691, 38.5110319 ], [ -76.5170452, 38.517708799999966 ], [ -76.5211084, 38.521271900000031 ], [ -76.5161618, 38.524137 ], [ -76.5175849, 38.526952 ], [ -76.515077869297826, 38.527250455822369 ] ], [ [ -76.5100433, 38.50587359999998 ], [ -76.5101395, 38.505847899999985 ], [ -76.5100767, 38.5058267 ], [ -76.5100433, 38.50587359999998 ] ], [ [ -76.5139472, 38.511573399999982 ], [ -76.5147004, 38.5112187 ], [ -76.5143667, 38.511048899999977 ], [ -76.5139472, 38.511573399999982 ] ], [ [ -76.515834, 38.51306109999998 ], [ -76.5153628, 38.512665200000029 ], [ -76.5155717, 38.5131004 ], [ -76.515834, 38.51306109999998 ] ], [ [ -76.5105065, 38.5121581 ], [ -76.5105267, 38.51207239999998 ], [ -76.5104429, 38.512097 ], [ -76.5105065, 38.5121581 ] ], [ [ -76.5130662, 38.513820699999989 ], [ -76.5141168, 38.5131453 ], [ -76.5131009, 38.513359899999976 ], [ -76.5130662, 38.513820699999989 ] ], [ [ -76.5121824, 38.514131299999988 ], [ -76.5122657, 38.5142745 ], [ -76.512342, 38.514216499999961 ], [ -76.5121824, 38.514131299999988 ] ], [ [ -76.5150119, 38.5151902 ], [ -76.5148653, 38.515814 ], [ -76.5162164, 38.5153489 ], [ -76.5150119, 38.5151902 ] ], [ [ -76.5153873, 38.5189221 ], [ -76.5155354, 38.518690699999979 ], [ -76.5152945, 38.5189878 ], [ -76.5153873, 38.5189221 ] ], [ [ -76.5157319, 38.5222 ], [ -76.517151, 38.5221443 ], [ -76.5171279, 38.5218679 ], [ -76.5157319, 38.5222 ] ], [ [ -76.5144103, 38.523115900000043 ], [ -76.5146028, 38.52295730000003 ], [ -76.5143249, 38.5229692 ], [ -76.5144103, 38.523115900000043 ] ] ] } },
{ "type": "Feature", "properties": { "state_po": "MD", "county_geoid": "24009", "pwsid": "MD0040013", "pws_name": "ST. LEONARD", "population_served_count": 350, "model_method": "", "verification_status": "", "symbology_field": "System Sourced", "intersection_area_sq_km": 0.67118769803003386 }, "geometry": { "type": "MultiPolygon", "coordinates": [ [ [ [ -76.5018583, 38.4651216 ], [ -76.5050678, 38.463074 ], [ -76.5064975, 38.465011199999971 ], [ -76.502572, 38.466166799999975 ], [ -76.5018583, 38.4651216 ] ], [ [ -76.5050707, 38.464403699999977 ], [ -76.5050438, 38.464437199999978 ], [ -76.5050818, 38.4644253 ], [ -76.5050707, 38.464403699999977 ] ] ], [ [ [ -76.500828, 38.471170099999981 ], [ -76.5014579, 38.472952200000023 ], [ -76.5013176, 38.4731336 ], [ -76.4995464, 38.472358300000018 ], [ -76.500828, 38.471170099999981 ] ] ], [ [ [ -76.504554, 38.478174599999988 ], [ -76.5079267, 38.4771955 ], [ -76.5060157, 38.473205599999986 ], [ -76.5045534, 38.473176799999969 ], [ -76.5046226, 38.4680057 ], [ -76.5077345, 38.470297800000012 ], [ -76.5104759, 38.469151400000023 ], [ -76.5111029, 38.470430099999966 ], [ -76.507364, 38.472921899999974 ], [ -76.5087017, 38.4743218 ], [ -76.5117778, 38.474279399999979 ], [ -76.5117524, 38.479469 ], [ -76.5072501, 38.479095599999987 ], [ -76.5082106, 38.48038860000004 ], [ -76.5055883, 38.481078 ], [ -76.504554, 38.478174599999988 ] ], [ [ -76.5082902, 38.47879589999998 ], [ -76.5082968, 38.478791 ], [ -76.5082906, 38.47878580000004 ], [ -76.5082902, 38.47879589999998 ] ] ], [ [ [ -76.4975491, 38.474927400000041 ], [ -76.5014478, 38.4738279 ], [ -76.5020646, 38.475472399999958 ], [ -76.5002396, 38.4759702 ], [ -76.4994709, 38.474563699999983 ], [ -76.4975491, 38.474927400000041 ] ] ] ] } },
{ "type": "Feature", "properties": { "state_po": "MD", "county_geoid": "24009", "pwsid": "MD0040026", "pws_name": "SUMMIT/HIGHLANDS", "population_served_count": 1108, "model_method": "", "verification_status": "", "symbology_field": "System Sourced", "intersection_area_sq_km": 1.2231108967218784 }, "geometry": { "type": "MultiPolygon", "coordinates": [ [ [ [ -76.5495878, 38.6977171 ], [ -76.5508098, 38.697951499999981 ], [ -76.5502126, 38.6986097 ], [ -76.5495878, 38.6977171 ] ] ], [ [ [ -76.5461643, 38.699165500000021 ], [ -76.5607686, 38.701165 ], [ -76.561117, 38.705168299999983 ], [ -76.5502545, 38.708759600000015 ], [ -76.547692400000017, 38.707568799999969 ], [ -76.546146, 38.70904 ], [ -76.5428122, 38.7057724 ], [ -76.5434613, 38.7028312 ], [ -76.5461643, 38.699165500000021 ] ], [ [ -76.5535376, 38.701316600000027 ], [ -76.5533965, 38.701284900000019 ], [ -76.5534798, 38.701352799999974 ], [ -76.5535376, 38.701316600000027 ] ], [ [ -76.5529128, 38.701325800000021 ], [ -76.552853, 38.701329500000021 ], [ -76.5528926, 38.7013499 ], [ -76.5529128, 38.701325800000021 ] ], [ [ -76.5578075, 38.702260799999948 ], [ -76.5576723, 38.702231800000014 ], [ -76.5577225, 38.702300199999947 ], [ -76.5578075, 38.702260799999948 ] ], [ [ -76.555059, 38.702274100000047 ], [ -76.5549584, 38.702250299999967 ], [ -76.5549802, 38.702323700000065 ], [ -76.555059, 38.702274100000047 ] ], [ [ -76.5582112, 38.7030646 ], [ -76.5581525, 38.7029963 ], [ -76.5581387, 38.7030548 ], [ -76.5582112, 38.7030646 ] ], [ [ -76.551280600000013, 38.702163100000014 ], [ -76.551252, 38.702085199999971 ], [ -76.5512135, 38.7021358 ], [ -76.551280600000013, 38.702163100000014 ] ], [ [ -76.5598001, 38.704324199999988 ], [ -76.5596682, 38.704287100000052 ], [ -76.559711100000015, 38.704357900000012 ], [ -76.5598001, 38.704324199999988 ] ], [ [ -76.55112290000001, 38.703482699999981 ], [ -76.5510558, 38.703419299999972 ], [ -76.5510508, 38.7034773 ], [ -76.55112290000001, 38.703482699999981 ] ], [ [ -76.5544668, 38.7043701 ], [ -76.5543505, 38.704370400000037 ], [ -76.5544529, 38.7044088 ], [ -76.5544668, 38.7043701 ] ], [ [ -76.5572695, 38.705402400000011 ], [ -76.5571829, 38.70535570000002 ], [ -76.5571693, 38.7054169 ], [ -76.5572695, 38.705402400000011 ] ], [ [ -76.5545706, 38.705804299999976 ], [ -76.5544827, 38.705759100000016 ], [ -76.5544546, 38.705838299999975 ], [ -76.5545706, 38.705804299999976 ] ], [ [ -76.5517334, 38.70774729999998 ], [ -76.5516488, 38.7076984 ], [ -76.5516596, 38.70775670000004 ], [ -76.5517334, 38.70774729999998 ] ], [ [ -76.5497527, 38.707631699999965 ], [ -76.5498197, 38.707531899999957 ], [ -76.5497103, 38.707582099999961 ], [ -76.5497527, 38.707631699999965 ] ], [ [ -76.5473867, 38.699853300000029 ], [ -76.5473289, 38.6997845 ], [ -76.5473156, 38.699842200000049 ], [ -76.5473867, 38.699853300000029 ] ], [ [ -76.5509891, 38.7010894 ], [ -76.5509775, 38.701008599999966 ], [ -76.5509329, 38.701055 ], [ -76.5509891, 38.7010894 ] ], [ [ -76.5492325, 38.700852199999943 ], [ -76.5493112, 38.7007569 ], [ -76.5491986, 38.700799199999985 ], [ -76.5492325, 38.700852199999943 ] ], [ [ -76.5463339, 38.701626700000041 ], [ -76.5462153, 38.701595 ], [ -76.5462542, 38.701644 ], [ -76.5463339, 38.701626700000041 ] ], [ [ -76.5467897, 38.70242929999997 ], [ -76.5466883, 38.702407799999982 ], [ -76.5467267, 38.702458199999974 ], [ -76.5467897, 38.70242929999997 ] ], [ [ -76.5481323, 38.704322 ], [ -76.548078, 38.704302199999987 ], [ -76.5480957, 38.7043343 ], [ -76.5481323, 38.704322 ] ], [ [ -76.5491288, 38.7046307 ], [ -76.5490096, 38.704600100000043 ], [ -76.5490666, 38.704662 ], [ -76.5491288, 38.7046307 ] ], [ [ -76.5445563, 38.704151300000014 ], [ -76.5444862, 38.704192400000011 ], [ -76.5445927, 38.704201799999979 ], [ -76.5445563, 38.704151300000014 ] ], [ [ -76.5464249, 38.704520599999988 ], [ -76.5463086, 38.704536099999984 ], [ -76.5463458, 38.7045863 ], [ -76.5464249, 38.704520599999988 ] ], [ [ -76.5488093, 38.7056878 ], [ -76.5487288, 38.705634799999984 ], [ -76.548709, 38.705693399999973 ], [ -76.5488093, 38.7056878 ] ], [ [ -76.5490557, 38.7064832 ], [ -76.5490309, 38.7064723 ], [ -76.5490351, 38.706488800000017 ], [ -76.5490557, 38.7064832 ] ], [ [ -76.5471439, 38.706453400000065 ], [ -76.5470728, 38.706378200000017 ], [ -76.5470357, 38.706429899999982 ], [ -76.5471439, 38.706453400000065 ] ] ] ] } },
{ "type": "Feature", "properties": { "state_po": "MD", "county_geoid": "24009", "pwsid": "MD0040016", "pws_name": "WESTERN SHORES", "population_served_count": 200, "model_method": "", "verification_status": "", "symbology_field": "System Sourced", "intersection_area_sq_km": 0.62712133039961604 }, "geometry": { "type": "Polygon", "coordinates": [ [ [ -76.5005157, 38.4953737 ], [ -76.4945105, 38.485366899999953 ], [ -76.4973777, 38.483966699999954 ], [ -76.4993954, 38.488664800000045 ], [ -76.5072161, 38.488102200000029 ], [ -76.5074342, 38.491788799999966 ], [ -76.5055753, 38.492009 ], [ -76.5074141, 38.492515399999938 ], [ -76.5049024, 38.492503099999986 ], [ -76.5027852, 38.495145100000052 ], [ -76.5005157, 38.4953737 ] ], [ [ -76.5053615, 38.491091700000048 ], [ -76.5052521, 38.4911318 ], [ -76.5054221, 38.491129 ], [ -76.5053615, 38.491091700000048 ] ], [ [ -76.5032939, 38.491317400000021 ], [ -76.5032857, 38.491312099999988 ], [ -76.5032796, 38.491317799999983 ], [ -76.5032939, 38.491317400000021 ] ] ] } },
{ "type": "Feature", "properties": { "state_po": "MD", "county_geoid": "24009", "pwsid": "MD0040017", "pws_name": "WHITE SANDS", "population_served_count": 82, "model_method": "", "verification_status": "", "symbology_field": "System Sourced", "intersection_area_sq_km": 0.070840904432633411 }, "geometry": { "type": "Polygon", "coordinates": [ [ [ -76.4668117, 38.423991899999955 ], [ -76.4707284, 38.426356400000031 ], [ -76.4651512, 38.424872700000023 ], [ -76.4668117, 38.423991899999955 ] ] ] } },
{ "type": "Feature", "properties": { "state_po": "MD", "county_geoid": "24009", "pwsid": "MD0040024", "pws_name": "CALVERT BEACH - DECATUR STREET", "population_served_count": 350, "model_method": "", "verification_status": "", "symbology_field": "System Sourced", "intersection_area_sq_km": 0.44578535151997012 }, "geometry": { "type": "Polygon", "coordinates": [ [ [ -76.4869859, 38.470151200000018 ], [ -76.4898789, 38.468728300000024 ], [ -76.4965468, 38.4686635 ], [ -76.497847, 38.470187 ], [ -76.4999362, 38.469816200000018 ], [ -76.5005014, 38.472606400000025 ], [ -76.491978, 38.473324500000018 ], [ -76.4917183, 38.4719917 ], [ -76.4880148, 38.4721649 ], [ -76.4869859, 38.470151200000018 ] ] ] } },
{ "type": "Feature", "properties": { "state_po": "MD", "county_geoid": "24009", "pwsid": "MD0040020", "pws_name": "CALVERT BEACH / FOREST TRAIL", "population_served_count": 100, "model_method": "", "verification_status": "", "symbology_field": "System Sourced", "intersection_area_sq_km": 0.24768874224084861 }, "geometry": { "type": "Polygon", "coordinates": [ [ [ -76.486994200000012, 38.470136900000021 ], [ -76.4806565, 38.4686771 ], [ -76.4794388, 38.4646014 ], [ -76.4814248, 38.466280800000014 ], [ -76.48708950000001, 38.467275199999989 ], [ -76.486994200000012, 38.470136900000021 ] ], [ [ -76.4846448, 38.468179599999985 ], [ -76.4845402, 38.468171799999958 ], [ -76.4845898, 38.468231500000037 ], [ -76.4846448, 38.468179599999985 ] ], [ [ -76.48596, 38.4685496 ], [ -76.4858358, 38.468541600000016 ], [ -76.485904, 38.4685849 ], [ -76.48596, 38.4685496 ] ] ] } },
{ "type": "Feature", "properties": { "state_po": "MD", "county_geoid": "24043", "pwsid": "WV3301909", "pws_name": "CHARLES TOWN UTL-GLEN HAVEN UTILITIES", "population_served_count": 195, "model_method": "Random Forest", "verification_status": "", "symbology_field": "Modeled", "intersection_area_sq_km": 0.039091273829747572 }, "geometry": { "type": "MultiPolygon", "coordinates": [ [ [ [ -77.74410827913708, 39.364452585591238 ], [ -77.7432805, 39.3620909 ], [ -77.7444075, 39.356583900000025 ], [ -77.74410827913708, 39.364452585591238 ] ] ], [ [ [ -77.7452295, 39.366804900000041 ], [ -77.744924991338593, 39.366266730844927 ], [ -77.745450173077813, 39.367025057081364 ], [ -77.7452295, 39.366804900000041 ] ] ] ] } },
{ "type": "Feature", "properties": { "state_po": "MD", "county_geoid": "24043", "pwsid": "WV3301912", "pws_name": "CORPORATION OF HARPERS FERRY", "population_served_count": 2122, "model_method": "", "verification_status": "", "symbology_field": "System Sourced", "intersection_area_sq_km": 0.067966671870378456 }, "geometry": { "type": "MultiPolygon", "coordinates": [ [ [ [ -77.7309307, 39.325639800000033 ], [ -77.728429349432986, 39.322562723148657 ], [ -77.733430178393704, 39.326116319695323 ], [ -77.7309307, 39.325639800000033 ] ] ], [ [ [ -77.735774573948703, 39.327268696798747 ], [ -77.7356178, 39.327251400000016 ], [ -77.735553875840665, 39.327195562261991 ], [ -77.735774573948703, 39.327268696798747 ] ] ], [ [ [ -77.753944516653803, 39.333287977805874 ], [ -77.755789, 39.333899 ], [ -77.757892360949, 39.335785719565955 ], [ -77.7546912, 39.334565200000029 ], [ -77.753944516653803, 39.333287977805874 ] ] ] ] } },
{ "type": "Feature", "properties": { "state_po": "MD", "county_geoid": "24043", "pwsid": "MD0210018", "pws_name": "TOWN OF SMITHSBURG DISTRIBUTION SYSTEM", "population_served_count": 2500, "model_method": "", "verification_status": "", "symbology_field": "System Sourced", "intersection_area_sq_km": 3.2444524295440353 }, "geometry": { "type": "MultiPolygon", "coordinates": [ [ [ [ -77.5954575, 39.644926399999989 ], [ -77.5957648, 39.644948899999982 ], [ -77.5956145, 39.645043500000021 ], [ -77.5954575, 39.644926399999989 ] ] ], [ [ [ -77.5978004, 39.645416 ], [ -77.5989798, 39.6454246 ], [ -77.5990183, 39.6456176 ], [ -77.5978004, 39.645416 ] ] ], [ [ [ -77.585108300000016, 39.6478168 ], [ -77.5856583, 39.6477691 ], [ -77.5851647, 39.64796280000003 ], [ -77.585108300000016, 39.6478168 ] ] ], [ [ [ -77.5675949, 39.647551 ], [ -77.5692487, 39.647322900000013 ], [ -77.5680123, 39.648146100000027 ], [ -77.5675949, 39.647551 ] ] ], [ [ [ -77.568145200000018, 39.649296500000013 ], [ -77.565478500000012, 39.6495645 ], [ -77.5669182, 39.647882 ], [ -77.568145200000018, 39.649296500000013 ] ] ], [ [ [ -77.566174500000017, 39.668233799999953 ], [ -77.5684718, 39.6664098 ], [ -77.5668158, 39.663440200000025 ], [ -77.5681851, 39.657954799999985 ], [ -77.5626907, 39.65858 ], [ -77.5644656, 39.655080500000047 ], [ -77.5674186, 39.654691799999974 ], [ -77.5660574, 39.652268 ], [ -77.5694235, 39.647513 ], [ -77.5728391, 39.649164400000025 ], [ -77.572309, 39.650288500000038 ], [ -77.5766689, 39.6489132 ], [ -77.579175, 39.65079860000003 ], [ -77.5836213, 39.648792700000016 ], [ -77.5835149, 39.6505954 ], [ -77.5864373, 39.648489 ], [ -77.587129, 39.649408900000012 ], [ -77.5906728, 39.646589499999969 ], [ -77.5943016, 39.649175699999972 ], [ -77.5905851, 39.64928 ], [ -77.5837961, 39.659317499999965 ], [ -77.5857932, 39.664214200000032 ], [ -77.5823839, 39.663584500000042 ], [ -77.581302, 39.665414700000021 ], [ -77.5688881, 39.664525300000022 ], [ -77.57044, 39.665566699999964 ], [ -77.5700836, 39.668822699999943 ], [ -77.5714894, 39.669009500000044 ], [ -77.5712125, 39.670977400000012 ], [ -77.5690066, 39.6718735 ], [ -77.566174500000017, 39.668233799999953 ] ], [ [ -77.5810186, 39.651982 ], [ -77.5831685, 39.6513311 ], [ -77.5801697, 39.65104 ], [ -77.5810186, 39.651982 ] ] ] ] } },
{ "type": "Feature", "properties": { "state_po": "MD", "county_geoid": "24043", "pwsid": "MD0210004", "pws_name": "BROOK LANE HEALTH SERVICES", "population_served_count": 175, "model_method": "", "verification_status": "", "symbology_field": "System Sourced", "intersection_area_sq_km": 0.40702098550356436 }, "geometry": { "type": "Polygon", "coordinates": [ [ [ -77.6073528, 39.68137789999998 ], [ -77.6047347, 39.6766795 ], [ -77.6116478, 39.675870100000026 ], [ -77.6149527, 39.672692200000014 ], [ -77.617154, 39.673366800000046 ], [ -77.6108019, 39.680022800000032 ], [ -77.609128, 39.679279099999953 ], [ -77.6073528, 39.68137789999998 ] ] ] } },
{ "type": "Feature", "properties": { "state_po": "MD", "county_geoid": "24043", "pwsid": "MD0210020", "pws_name": "CEDAR RIDGE CHILDREN'S HOME & SCHOOL", "population_served_count": 45, "model_method": "", "verification_status": "", "symbology_field": "System Sourced", "intersection_area_sq_km": 0.49289603839300378 }, "geometry": { "type": "Polygon", "coordinates": [ [ [ -77.8695428, 39.649803800000029 ], [ -77.8546063, 39.65007440000003 ], [ -77.8579483, 39.644978499999965 ], [ -77.8685903, 39.6487456 ], [ -77.8712248, 39.646246799999986 ], [ -77.8736251, 39.647176599999973 ], [ -77.8695428, 39.649803800000029 ] ] ] } },
{ "type": "Feature", "properties": { "state_po": "MD", "county_geoid": "24043", "pwsid": "MD0210005", "pws_name": "TOWN OF CLEAR SPRING", "population_served_count": 455, "model_method": "", "verification_status": "", "symbology_field": "System Sourced", "intersection_area_sq_km": 1.5345912776554327 }, "geometry": { "type": "MultiPolygon", "coordinates": [ [ [ [ -77.9302193, 39.648859200000011 ], [ -77.9224762, 39.6497169 ], [ -77.9220249, 39.6485066 ], [ -77.9299982, 39.647583399999988 ], [ -77.9302193, 39.648859200000011 ] ] ], [ [ [ -77.9363226, 39.653364900000035 ], [ -77.9387841, 39.6557118 ], [ -77.9369687, 39.655805300000011 ], [ -77.9328832, 39.655897600000024 ], [ -77.9261043, 39.6569002 ], [ -77.9253516, 39.6544993 ], [ -77.9287849, 39.6540873 ], [ -77.9306788, 39.65036769999994 ], [ -77.9312313, 39.6534227 ], [ -77.9363226, 39.653364900000035 ] ], [ [ -77.9369316, 39.655779100000025 ], [ -77.9369317, 39.6557762 ], [ -77.9369315, 39.655778799999979 ], [ -77.9369316, 39.655779100000025 ] ], [ [ -77.9369322, 39.6557834 ], [ -77.9369324, 39.655783799999988 ], [ -77.9369319, 39.6557813 ], [ -77.9369322, 39.6557834 ] ], [ [ -77.9369342, 39.655788199999961 ], [ -77.9369332, 39.655785800000011 ], [ -77.9369339, 39.655787799999963 ], [ -77.9369342, 39.655788199999961 ] ], [ [ -77.936945, 39.6557993 ], [ -77.9369426, 39.655797600000035 ], [ -77.9369443, 39.655799 ], [ -77.936945, 39.6557993 ] ], [ [ -77.9369492, 39.655801599999961 ], [ -77.9369501, 39.655801899999979 ], [ -77.9369474, 39.655800600000035 ], [ -77.9369492, 39.655801599999961 ] ], [ [ -77.9369556, 39.655803799999987 ], [ -77.9369527, 39.655802900000047 ], [ -77.9369546, 39.65580360000002 ], [ -77.9369556, 39.655803799999987 ] ] ], [ [ [ -77.9409107, 39.6557017 ], [ -77.9395906, 39.657273 ], [ -77.9469968, 39.6622277 ], [ -77.9416714, 39.666824400000031 ], [ -77.9313054, 39.6597424 ], [ -77.9299525, 39.660350900000033 ], [ -77.9288536, 39.65863049999998 ], [ -77.9267936, 39.6594087 ], [ -77.9255182, 39.657155099999969 ], [ -77.9409107, 39.6557017 ] ] ] ] } },
{ "type": "Feature", "properties": { "state_po": "MD", "county_geoid": "24043", "pwsid": "MD0210202", "pws_name": "DEER LODGE MOBILE HOME PARK", "population_served_count": 87, "model_method": "", "verification_status": "", "symbology_field": "System Sourced", "intersection_area_sq_km": 0.048996507113216424 }, "geometry": { "type": "Polygon", "coordinates": [ [ [ -77.8316027, 39.655787799999985 ], [ -77.8299533, 39.6542893 ], [ -77.8304311, 39.652066200000029 ], [ -77.8329059, 39.652810499999966 ], [ -77.8316027, 39.655787799999985 ] ] ] } },
{ "type": "Feature", "properties": { "state_po": "MD", "county_geoid": "24043", "pwsid": "MD0210006", "pws_name": "ELK RIDGE LAKE", "population_served_count": 120, "model_method": "", "verification_status": "", "symbology_field": "System Sourced", "intersection_area_sq_km": 0.1494662934489723 }, "geometry": { "type": "Polygon", "coordinates": [ [ [ -77.6901209, 39.416528700000015 ], [ -77.693289300000018, 39.417676200000017 ], [ -77.6919618, 39.42123549999998 ], [ -77.6879105, 39.419724799999983 ], [ -77.6901209, 39.416528700000015 ] ] ] } },
{ "type": "Feature", "properties": { "state_po": "MD", "county_geoid": "24043", "pwsid": "MD0210204", "pws_name": "EL RANCHO MOBILE HOME PARK", "population_served_count": 86, "model_method": "", "verification_status": "", "symbology_field": "System Sourced", "intersection_area_sq_km": 0.13564548664691306 }, "geometry": { "type": "Polygon", "coordinates": [ [ [ -77.6752376, 39.585809700000034 ], [ -77.6717869, 39.585025699999989 ], [ -77.6738379, 39.581600100000038 ], [ -77.677435300000027, 39.5813549 ], [ -77.6752376, 39.585809700000034 ] ] ] } },
{ "type": "Feature", "properties": { "state_po": "MD", "county_geoid": "24043", "pwsid": "MD0210213", "pws_name": "FAHRNEY-KEEDY SENIOR LIVING COMMUNITY", "population_served_count": 250, "model_method": "", "verification_status": "", "symbology_field": "System Sourced", "intersection_area_sq_km": 0.34929576042396682 }, "geometry": { "type": "Polygon", "coordinates": [ [ [ -77.6462499, 39.552378700000027 ], [ -77.6401283, 39.545375599999986 ], [ -77.6429445, 39.543352099999957 ], [ -77.6469163, 39.543012499999975 ], [ -77.6462499, 39.552378700000027 ] ] ] } },
{ "type": "Feature", "properties": { "state_po": "MD", "county_geoid": "24043", "pwsid": "MD0210008", "pws_name": "TOWN OF FUNKSTOWN DISTRIBUTION SYSTEM", "population_served_count": 1300, "model_method": "", "verification_status": "", "symbology_field": "System Sourced", "intersection_area_sq_km": 0.81667388704053689 }, "geometry": { "type": "MultiPolygon", "coordinates": [ [ [ [ -77.7060817, 39.6046808 ], [ -77.7067871, 39.601286499999951 ], [ -77.7118264, 39.603049199999987 ], [ -77.7103643, 39.604239 ], [ -77.7060817, 39.6046808 ] ] ], [ [ [ -77.7048746, 39.6047211 ], [ -77.7054447, 39.605412699999988 ], [ -77.7050965, 39.605457900000019 ], [ -77.7048746, 39.6047211 ] ] ], [ [ [ -77.7127358, 39.612952 ], [ -77.7028113, 39.6118417 ], [ -77.7033075, 39.6077626 ], [ -77.6986684, 39.6073987 ], [ -77.6987334, 39.60526650000002 ], [ -77.7047487, 39.604883399999984 ], [ -77.7051496, 39.605704200000027 ], [ -77.7116386, 39.607049199999956 ], [ -77.7122307, 39.610545299999977 ], [ -77.7102685, 39.6122753 ], [ -77.7127358, 39.612952 ] ], [ [ -77.7071338, 39.606993699999983 ], [ -77.7071403, 39.606973799999977 ], [ -77.7071244, 39.6069805 ], [ -77.7071338, 39.606993699999983 ] ], [ [ -77.7093241, 39.607478 ], [ -77.709348, 39.607450499999977 ], [ -77.7093159, 39.607466099999975 ], [ -77.7093241, 39.607478 ] ], [ [ -77.7115026, 39.6079596 ], [ -77.7115111, 39.607940099999965 ], [ -77.711494, 39.607947299999957 ], [ -77.7115026, 39.6079596 ] ], [ [ -77.7065679, 39.608513699999968 ], [ -77.7065917, 39.6085209 ], [ -77.7065825, 39.608507700000011 ], [ -77.7065679, 39.608513699999968 ] ], [ [ -77.70873, 39.608996 ], [ -77.7087557, 39.609000800000061 ], [ -77.7087474, 39.608988800000041 ], [ -77.70873, 39.608996 ] ], [ [ -77.7062979, 39.609297400000031 ], [ -77.7063038, 39.609277399999968 ], [ -77.7062883, 39.609283899999987 ], [ -77.7062979, 39.609297400000031 ] ], [ [ -77.708435, 39.609766100000058 ], [ -77.70846, 39.609771399999964 ], [ -77.7084522, 39.6097585 ], [ -77.708435, 39.609766100000058 ] ], [ [ -77.7081441, 39.6105605 ], [ -77.7081526, 39.610541099999978 ], [ -77.7081357, 39.610548099999946 ], [ -77.7081441, 39.6105605 ] ], [ [ -77.7057217, 39.610844600000036 ], [ -77.705746800000014, 39.610851699999962 ], [ -77.7057371, 39.610838099999967 ], [ -77.7057217, 39.610844600000036 ] ], [ [ -77.707545900000014, 39.612087700000025 ], [ -77.7075715, 39.6120929 ], [ -77.707563, 39.61208059999997 ], [ -77.707545900000014, 39.612087700000025 ] ] ], [ [ [ -77.7165476, 39.61509240000003 ], [ -77.7169616, 39.6154033 ], [ -77.7164097, 39.615196699999984 ], [ -77.7165476, 39.61509240000003 ] ] ], [ [ [ -77.7012372, 39.613289799999961 ], [ -77.702499800000012, 39.613571800000045 ], [ -77.7030236, 39.613316499999947 ], [ -77.7026415, 39.6138946 ], [ -77.7012372, 39.613289799999961 ] ] ] ] } },
{ "type": "Feature", "properties": { "state_po": "MD", "county_geoid": "24043", "pwsid": "MD0210215", "pws_name": "LAKESIDE VILLAGE", "population_served_count": 1575, "model_method": "", "verification_status": "", "symbology_field": "System Sourced", "intersection_area_sq_km": 0.59009903518028339 }, "geometry": { "type": "Polygon", "coordinates": [ [ [ -77.7811397, 39.625773 ], [ -77.7791489, 39.628902 ], [ -77.7776691, 39.628232599999968 ], [ -77.776799, 39.62498020000001 ], [ -77.7799387, 39.621038300000038 ], [ -77.7828357, 39.6188697 ], [ -77.7868758, 39.619638 ], [ -77.7880059, 39.623513100000039 ], [ -77.7829841, 39.626240799999962 ], [ -77.7811397, 39.625773 ] ] ] } },
{ "type": "Feature", "properties": { "state_po": "MD", "county_geoid": "24043", "pwsid": "MD0210012", "pws_name": "TOWN OF HANCOCK", "population_served_count": 1921, "model_method": "", "verification_status": "", "symbology_field": "System Sourced", "intersection_area_sq_km": 4.3194630958300699 }, "geometry": { "type": "MultiPolygon", "coordinates": [ [ [ [ -78.1480166, 39.694667899999949 ], [ -78.1492469, 39.6946671 ], [ -78.1495777, 39.694995399999968 ], [ -78.1480166, 39.694667899999949 ] ] ], [ [ [ -78.1893243, 39.712126200000043 ], [ -78.1863633, 39.705557 ], [ -78.1815236, 39.70643860000002 ], [ -78.1768207, 39.703990399999967 ], [ -78.1716755, 39.70337780000002 ], [ -78.172267, 39.699057199999977 ], [ -78.1681886, 39.698239299999983 ], [ -78.1627639, 39.698292799999976 ], [ -78.1631026, 39.6996374 ], [ -78.1623824, 39.699597299999951 ], [ -78.1598249, 39.70040309999996 ], [ -78.1606986, 39.701146599999966 ], [ -78.156771300000017, 39.700519299999968 ], [ -78.1519176, 39.695912299999982 ], [ -78.1531176, 39.6951888 ], [ -78.1461813, 39.693988900000051 ], [ -78.1444012, 39.693085600000011 ], [ -78.1821585, 39.698296299999988 ], [ -78.194559, 39.692262300000053 ], [ -78.1991727, 39.695805200000017 ], [ -78.1966932, 39.697968199999984 ], [ -78.1977535, 39.700531500000018 ], [ -78.1932382, 39.7022846 ], [ -78.1913671, 39.7047684 ], [ -78.1931805, 39.706432800000023 ], [ -78.1893243, 39.712126200000043 ] ], [ [ -78.1871829, 39.698880799999984 ], [ -78.1871836, 39.698885 ], [ -78.187183, 39.6988805 ], [ -78.1871829, 39.698880799999984 ] ], [ [ -78.187195, 39.698913300000051 ], [ -78.1871952, 39.69891370000002 ], [ -78.187199, 39.6989178 ], [ -78.187195, 39.698913300000051 ] ], [ [ -78.1872035, 39.698922699999969 ], [ -78.1872038, 39.6989231 ], [ -78.1872134, 39.698930599999969 ], [ -78.1872035, 39.698922699999969 ] ], [ [ -78.1884161, 39.7040761 ], [ -78.1884477, 39.704264199999983 ], [ -78.1885526, 39.7041116 ], [ -78.1884161, 39.7040761 ] ], [ [ -78.1889965, 39.704226900000052 ], [ -78.1889166, 39.7044163 ], [ -78.1890395, 39.704238099999976 ], [ -78.1889965, 39.704226900000052 ] ], [ [ -78.1894834, 39.7043534 ], [ -78.1894764, 39.7045979 ], [ -78.18962, 39.704388899999984 ], [ -78.1894834, 39.7043534 ] ], [ [ -78.1900639, 39.7045043 ], [ -78.1899859, 39.704763199999988 ], [ -78.1901493, 39.7045265 ], [ -78.1900639, 39.7045043 ] ] ], [ [ [ -78.161047, 39.700059 ], [ -78.1611816, 39.700442099999947 ], [ -78.1609699, 39.7000845 ], [ -78.161047, 39.700059 ] ] ], [ [ [ -78.1568115, 39.7043983 ], [ -78.1497477, 39.702042800000022 ], [ -78.1498697, 39.7011042 ], [ -78.1533413, 39.698874 ], [ -78.1589886, 39.703219300000029 ], [ -78.1568115, 39.7043983 ] ] ], [ [ [ -78.1762353, 39.720672700000016 ], [ -78.1664928, 39.720288699999983 ], [ -78.167136, 39.715565200000036 ], [ -78.1744191, 39.715169199999977 ], [ -78.1752164, 39.713449100000062 ], [ -78.1725643, 39.712155300000049 ], [ -78.1759049, 39.712227599999977 ], [ -78.1770408, 39.706184499999949 ], [ -78.1811042, 39.707100900000022 ], [ -78.1863232, 39.712464599999983 ], [ -78.1833947, 39.7118305 ], [ -78.1822949, 39.713940099999981 ], [ -78.1801326, 39.712814 ], [ -78.1762353, 39.720672700000016 ] ] ] ] } },
{ "type": "Feature", "properties": { "state_po": "MD", "county_geoid": "24043", "pwsid": "MD0210001", "pws_name": "HIGHFIELD", "population_served_count": 1141, "model_method": "", "verification_status": "", "symbology_field": "System Sourced", "intersection_area_sq_km": 5.32535805802664 }, "geometry": { "type": "MultiPolygon", "coordinates": [ [ [ [ -77.4977171, 39.698460799999964 ], [ -77.4988483, 39.699787100000023 ], [ -77.4973795, 39.698950799999956 ], [ -77.4977171, 39.698460799999964 ] ] ], [ [ [ -77.479766, 39.708915 ], [ -77.4879709, 39.7024469 ], [ -77.4903121, 39.704292800000019 ], [ -77.4914182, 39.7033722 ], [ -77.4914729, 39.7056953 ], [ -77.493650500000015, 39.704965399999963 ], [ -77.501677, 39.6970501 ], [ -77.498995, 39.6961977 ], [ -77.5025531, 39.691214199999941 ], [ -77.5063213, 39.690868800000018 ], [ -77.5088225, 39.687589300000042 ], [ -77.5117395, 39.689429200000056 ], [ -77.5058528, 39.696496099999983 ], [ -77.5110966, 39.699004299999956 ], [ -77.5096712, 39.6998635 ], [ -77.5124557, 39.701214 ], [ -77.5114713, 39.7054318 ], [ -77.5078204, 39.7062935 ], [ -77.50237, 39.7112472 ], [ -77.5031756, 39.717947900000027 ], [ -77.5070112, 39.709663 ], [ -77.5128219, 39.708902500000022 ], [ -77.5095878, 39.7117904 ], [ -77.5065463, 39.720013699999917 ], [ -77.5026841, 39.719750399999981 ], [ -77.500727, 39.717898500000047 ], [ -77.5023055, 39.7170878 ], [ -77.497723, 39.712651099999967 ], [ -77.495732500000017, 39.714475399999948 ], [ -77.4940444, 39.7138461 ], [ -77.487312645209727, 39.72005976033919 ], [ -77.469145, 39.720018 ], [ -77.479766, 39.708915 ] ], [ [ -77.4910475, 39.704370100000013 ], [ -77.4888867, 39.705579100000044 ], [ -77.4893415, 39.706407200000037 ], [ -77.4911873, 39.705654800000019 ], [ -77.4910475, 39.704370100000013 ] ], [ [ -77.490904700000016, 39.708272300000026 ], [ -77.4909035, 39.708269 ], [ -77.4909045, 39.708272099999988 ], [ -77.490904700000016, 39.708272300000026 ] ], [ [ -77.5005268, 39.7150772 ], [ -77.5002471, 39.714982 ], [ -77.5002437, 39.714981 ], [ -77.5005268, 39.7150772 ] ] ] ] } },
{ "type": "Feature", "properties": { "state_po": "MD", "county_geoid": "24043", "pwsid": "MD0210015", "pws_name": "MOUNT AETNA", "population_served_count": 688, "model_method": "", "verification_status": "", "symbology_field": "System Sourced", "intersection_area_sq_km": 2.0955575358380512 }, "geometry": { "type": "Polygon", "coordinates": [ [ [ -77.6069766, 39.581477300000017 ], [ -77.6101507, 39.583350399999986 ], [ -77.6089527, 39.586417199999978 ], [ -77.6124471, 39.588770899999986 ], [ -77.610967, 39.59024710000002 ], [ -77.6137595, 39.592707499999946 ], [ -77.6149726, 39.591334200000034 ], [ -77.6187186, 39.5914678 ], [ -77.6154, 39.598437100000019 ], [ -77.6172082, 39.5986087 ], [ -77.6151025, 39.600798400000016 ], [ -77.6082892, 39.599032099999988 ], [ -77.6062596, 39.601172200000057 ], [ -77.6042529, 39.600825100000023 ], [ -77.6056417, 39.5986928 ], [ -77.6004723, 39.596872400000017 ], [ -77.6003085, 39.598837900000035 ], [ -77.5986052, 39.5986471 ], [ -77.5990122, 39.5959196 ], [ -77.6011195, 39.595854 ], [ -77.5977905, 39.5951781 ], [ -77.5994565, 39.5911687 ], [ -77.6020639, 39.591780199999988 ], [ -77.6022388, 39.582705799999971 ], [ -77.6069766, 39.581477300000017 ] ] ] } },
{ "type": "Feature", "properties": { "state_po": "MD", "county_geoid": "24043", "pwsid": "MD0210019", "pws_name": "SANDY HOOK", "population_served_count": 220, "model_method": "", "verification_status": "", "symbology_field": "System Sourced", "intersection_area_sq_km": 0.22136306079238097 }, "geometry": { "type": "MultiPolygon", "coordinates": [ [ [ [ -77.7156178, 39.325732499999951 ], [ -77.7094253, 39.327349900000051 ], [ -77.7093803, 39.329356200000021 ], [ -77.7070378, 39.327061500000013 ], [ -77.700691, 39.327881199999972 ], [ -77.6986406, 39.3256941 ], [ -77.7156178, 39.325732499999951 ] ] ], [ [ [ -77.6983561, 39.3285746 ], [ -77.6986602, 39.3290568 ], [ -77.697863, 39.328753099999972 ], [ -77.6983561, 39.3285746 ] ] ] ] } },
{ "type": "Feature", "properties": { "state_po": "MD", "county_geoid": "24043", "pwsid": "MD0210017", "pws_name": "TOWN OF SHARPSBURG", "population_served_count": 1360, "model_method": "", "verification_status": "", "symbology_field": "System Sourced", "intersection_area_sq_km": 2.4362829785529208 }, "geometry": { "type": "MultiPolygon", "coordinates": [ [ [ [ -77.7816718, 39.44685769999996 ], [ -77.77363, 39.446799899999945 ], [ -77.7770184, 39.445665 ], [ -77.7816718, 39.44685769999996 ] ] ], [ [ [ -77.7704406, 39.449585900000045 ], [ -77.7711893, 39.449250699999943 ], [ -77.7704564, 39.44973940000002 ], [ -77.7704406, 39.449585900000045 ] ] ], [ [ [ -77.7460213, 39.4713116 ], [ -77.7457104, 39.4628253 ], [ -77.7406544, 39.461512 ], [ -77.7428431, 39.4596459 ], [ -77.742669, 39.455371700000015 ], [ -77.7459439, 39.4559241 ], [ -77.7471734, 39.453573899999959 ], [ -77.7446711, 39.4430281 ], [ -77.745843100000016, 39.43983189999998 ], [ -77.7429811, 39.43616249999998 ], [ -77.7450749, 39.436452099999933 ], [ -77.7451834, 39.438478 ], [ -77.7473791, 39.438712499999966 ], [ -77.7484283, 39.440712 ], [ -77.746866700000012, 39.442070700000045 ], [ -77.748108, 39.449086300000047 ], [ -77.754138, 39.4477018 ], [ -77.7550701, 39.449503200000024 ], [ -77.7609641, 39.446047699999987 ], [ -77.7638599, 39.452637899999971 ], [ -77.7675913, 39.449768499999941 ], [ -77.769154300000011, 39.450952700000052 ], [ -77.7681891, 39.45179820000002 ], [ -77.7701386, 39.4506887 ], [ -77.7683829, 39.453750400000018 ], [ -77.7661556, 39.4534358 ], [ -77.7470123, 39.460867799999967 ], [ -77.7460213, 39.4713116 ] ], [ [ -77.7491024, 39.458137799999982 ], [ -77.748367, 39.4583499 ], [ -77.7491163, 39.4581433 ], [ -77.7491024, 39.458137799999982 ] ] ], [ [ [ -77.7443481, 39.475396 ], [ -77.7462556, 39.4741042 ], [ -77.7457712, 39.4713004 ], [ -77.7473336, 39.4756515 ], [ -77.7464279, 39.4765238 ], [ -77.7443481, 39.475396 ] ] ] ] } },
{ "type": "Feature", "properties": { "state_po": "MD", "county_geoid": "24043", "pwsid": "MD0210209", "pws_name": "SAINT JAMES SCHOOL", "population_served_count": 200, "model_method": "", "verification_status": "", "symbology_field": "System Sourced", "intersection_area_sq_km": 0.30944622276716038 }, "geometry": { "type": "Polygon", "coordinates": [ [ [ -77.7613407, 39.5777449 ], [ -77.7554219, 39.5769184 ], [ -77.7568012, 39.571244100000015 ], [ -77.7627431, 39.572722600000027 ], [ -77.7613407, 39.5777449 ] ] ] } },
{ "type": "Feature", "properties": { "state_po": "MD", "county_geoid": "24043", "pwsid": "MD0210021", "pws_name": "TOWN OF WILLIAMSPORT DISTRIBUTION SYSTEM", "population_served_count": 2400, "model_method": "", "verification_status": "", "symbology_field": "System Sourced", "intersection_area_sq_km": 2.5063041248275635 }, "geometry": { "type": "MultiPolygon", "coordinates": [ [ [ [ -77.8244346, 39.590899900000039 ], [ -77.8223878, 39.5865983 ], [ -77.8241451, 39.587637799999975 ], [ -77.8251332, 39.584940399999965 ], [ -77.8273446, 39.584872600000011 ], [ -77.8257291, 39.590337200000015 ], [ -77.8244346, 39.590899900000039 ] ] ], [ [ [ -77.8185891, 39.589752 ], [ -77.8180162, 39.587947500000034 ], [ -77.8204206, 39.588067199999976 ], [ -77.8212256, 39.5900874 ], [ -77.8185891, 39.589752 ] ] ], [ [ [ -77.8053337, 39.5891046 ], [ -77.8079195, 39.590458199999972 ], [ -77.8062183, 39.5935521 ], [ -77.8014951, 39.593627399999967 ], [ -77.801424, 39.59143429999996 ], [ -77.8053337, 39.5891046 ] ] ], [ [ [ -77.8169756, 39.6091348 ], [ -77.8177538, 39.603429199999958 ], [ -77.815499, 39.602387 ], [ -77.8148206, 39.603667799999975 ], [ -77.8142267, 39.6020259 ], [ -77.8135783, 39.603564200000022 ], [ -77.809972, 39.604339 ], [ -77.8100063, 39.6062709 ], [ -77.807505800000015, 39.60455130000004 ], [ -77.806141900000014, 39.605150899999984 ], [ -77.8088499, 39.601866200000032 ], [ -77.806309, 39.602473100000012 ], [ -77.8059514, 39.601048599999977 ], [ -77.811099, 39.5920311 ], [ -77.8141943, 39.589404499999972 ], [ -77.8164307, 39.589689200000024 ], [ -77.8151852, 39.592049 ], [ -77.8159564, 39.591718699999952 ], [ -77.8168981, 39.588862299999974 ], [ -77.8188786, 39.592106300000019 ], [ -77.8209917, 39.590227099999986 ], [ -77.8233444, 39.591340899999977 ], [ -77.8234525, 39.59406529999994 ], [ -77.8214769, 39.594971899999955 ], [ -77.824926, 39.5950207 ], [ -77.8239441, 39.597614399999948 ], [ -77.8283384, 39.600947 ], [ -77.821422400000017, 39.602448300000034 ], [ -77.8169756, 39.6091348 ] ], [ [ -77.8205522, 39.597613900000013 ], [ -77.8204724, 39.5973871 ], [ -77.820477, 39.5976148 ], [ -77.8205522, 39.597613900000013 ] ], [ [ -77.8257375, 39.5993914 ], [ -77.825789, 39.599358700000032 ], [ -77.8257034, 39.599358200000012 ], [ -77.8257375, 39.5993914 ] ], [ [ -77.8262072, 39.599829200000038 ], [ -77.8257476, 39.600160499999973 ], [ -77.8260243, 39.6001599 ], [ -77.8262072, 39.599829200000038 ] ], [ [ -77.8219906, 39.5993956 ], [ -77.8220882, 39.59963209999998 ], [ -77.8220845, 39.599394200000035 ], [ -77.8219906, 39.5993956 ] ], [ [ -77.8211956, 39.6023858 ], [ -77.821274, 39.602053500000018 ], [ -77.8208801, 39.6020613 ], [ -77.8211956, 39.6023858 ] ], [ [ -77.8184861, 39.602790600000027 ], [ -77.8184698, 39.602825899999971 ], [ -77.8188692, 39.602939699999986 ], [ -77.8184861, 39.602790600000027 ] ], [ [ -77.819032, 39.5929595 ], [ -77.8191525, 39.5926242 ], [ -77.8189109, 39.5922675 ], [ -77.819032, 39.5929595 ] ], [ [ -77.814487, 39.592654800000034 ], [ -77.8142454, 39.592308699999975 ], [ -77.8141593, 39.59251660000001 ], [ -77.814487, 39.592654800000034 ] ], [ [ -77.8183318, 39.595408399999968 ], [ -77.8183809, 39.5954072 ], [ -77.8183316, 39.595402 ], [ -77.8183318, 39.595408399999968 ] ], [ [ -77.8149454, 39.595721799999964 ], [ -77.8152625, 39.594884499999978 ], [ -77.8151545, 39.59484 ], [ -77.8149454, 39.595721799999964 ] ], [ [ -77.817578, 39.5960884 ], [ -77.8179061, 39.596329400000045 ], [ -77.8178969, 39.5960586 ], [ -77.817578, 39.5960884 ] ] ], [ [ [ -77.807179, 39.605655899999988 ], [ -77.8079019, 39.606043700000022 ], [ -77.8071337, 39.606025900000013 ], [ -77.807179, 39.605655899999988 ] ] ] ] } },
{ "type": "Feature", "properties": { "state_po": "MD", "county_geoid": "24043", "pwsid": "MD0210205", "pws_name": "WOODLAND TRAILER PARK", "population_served_count": 65, "model_method": "", "verification_status": "", "symbology_field": "System Sourced", "intersection_area_sq_km": 0.042789258293421076 }, "geometry": { "type": "Polygon", "coordinates": [ [ [ -77.7258508, 39.5478239 ], [ -77.727032, 39.544583 ], [ -77.7294198, 39.544793699999978 ], [ -77.727255, 39.547485599999966 ], [ -77.7258508, 39.5478239 ] ] ] } },
{ "type": "Feature", "properties": { "state_po": "MD", "county_geoid": "24025", "pwsid": "PA7670070", "pws_name": "DELTA BORO WATER SYS", "population_served_count": 1400, "model_method": "", "verification_status": "", "symbology_field": "System Sourced", "intersection_area_sq_km": 0.023356309300389965 }, "geometry": { "type": "Polygon", "coordinates": [ [ [ -76.3326005, 39.720902099999989 ], [ -76.334373, 39.720910599999954 ], [ -76.3360339, 39.719917 ], [ -76.335902306878452, 39.721304316887171 ], [ -76.3326005, 39.720902099999989 ] ] ] } },
{ "type": "Feature", "properties": { "state_po": "MD", "county_geoid": "24025", "pwsid": "MD0120204", "pws_name": "CLEAR VIEW MOBILE HOME PARK LLC", "population_served_count": 28, "model_method": "", "verification_status": "", "symbology_field": "System Sourced", "intersection_area_sq_km": 0.040192724821798594 }, "geometry": { "type": "Polygon", "coordinates": [ [ [ -76.2387436, 39.653268099999984 ], [ -76.2372627, 39.65215259999998 ], [ -76.2393428, 39.650476799999986 ], [ -76.240284500000016, 39.651863399999989 ], [ -76.2387436, 39.653268099999984 ] ] ] } },
{ "type": "Feature", "properties": { "state_po": "MD", "county_geoid": "24025", "pwsid": "MD0120021", "pws_name": "HART HERITAGE", "population_served_count": 37, "model_method": "", "verification_status": "", "symbology_field": "System Sourced", "intersection_area_sq_km": 0.099493553451070124 }, "geometry": { "type": "Polygon", "coordinates": [ [ [ -76.3831457, 39.658820700000014 ], [ -76.3908493, 39.6558911 ], [ -76.3914802, 39.65827 ], [ -76.3831457, 39.658820700000014 ] ] ] } },
{ "type": "Feature", "properties": { "state_po": "MD", "county_geoid": "24025", "pwsid": "MD0120014", "pws_name": "LAKESIDE VISTA", "population_served_count": 219, "model_method": "", "verification_status": "", "symbology_field": "System Sourced", "intersection_area_sq_km": 0.22717700271804914 }, "geometry": { "type": "Polygon", "coordinates": [ [ [ -76.3425221, 39.472106100000047 ], [ -76.3449603, 39.473287500000012 ], [ -76.3471993, 39.472499499999984 ], [ -76.3485799, 39.4758656 ], [ -76.3420197, 39.476330900000043 ], [ -76.3395562, 39.474090500000017 ], [ -76.3425221, 39.472106100000047 ] ] ] } },
{ "type": "Feature", "properties": { "state_po": "MD", "county_geoid": "24025", "pwsid": "MD0120213", "pws_name": "QUEENS CASTLE MOBILE HOME PARK", "population_served_count": 60, "model_method": "", "verification_status": "", "symbology_field": "System Sourced", "intersection_area_sq_km": 0.07633724663350204 }, "geometry": { "type": "Polygon", "coordinates": [ [ [ -76.2736912, 39.63323019999995 ], [ -76.2735905, 39.631994400000039 ], [ -76.2794199, 39.633484800000041 ], [ -76.2782902, 39.634781400000016 ], [ -76.2736912, 39.63323019999995 ] ] ] } },
{ "type": "Feature", "properties": { "state_po": "MD", "county_geoid": "24025", "pwsid": "MD0120210", "pws_name": "R & R ESTATES", "population_served_count": 85, "model_method": "", "verification_status": "", "symbology_field": "System Sourced", "intersection_area_sq_km": 0.044561954609967556 }, "geometry": { "type": "Polygon", "coordinates": [ [ [ -76.2600025, 39.64275930000003 ], [ -76.2605762, 39.640699499999947 ], [ -76.2634063, 39.6415949 ], [ -76.2619373, 39.643048600000014 ], [ -76.2600025, 39.64275930000003 ] ] ] } },
{ "type": "Feature", "properties": { "state_po": "MD", "county_geoid": "24025", "pwsid": "MD0120215", "pws_name": "SWAN HARBOUR DELL MOBILE HOME PARK", "population_served_count": 500, "model_method": "", "verification_status": "", "symbology_field": "System Sourced", "intersection_area_sq_km": 0.13915998541525063 }, "geometry": { "type": "Polygon", "coordinates": [ [ [ -76.1433742, 39.528003800000036 ], [ -76.1416496, 39.524814799999966 ], [ -76.1440547, 39.523693799999968 ], [ -76.1477426, 39.5283057 ], [ -76.1433742, 39.528003800000036 ] ] ] } },
{ "type": "Feature", "properties": { "state_po": "MD", "county_geoid": "24025", "pwsid": "MD0120207", "pws_name": "WILLIAMS MOBILE HOME PARK", "population_served_count": 35, "model_method": "", "verification_status": "", "symbology_field": "System Sourced", "intersection_area_sq_km": 0.064294892750667354 }, "geometry": { "type": "Polygon", "coordinates": [ [ [ -76.347346, 39.422371 ], [ -76.3482383, 39.418782800000066 ], [ -76.3486911, 39.418761 ], [ -76.3482574, 39.420322199999973 ], [ -76.3509014, 39.422470499999967 ], [ -76.347346, 39.422371 ] ] ] } },
{ "type": "Feature", "properties": { "state_po": "MD", "county_geoid": "24025", "pwsid": "MD0120007", "pws_name": "CAMPUS HILLS WATER WORKS", "population_served_count": 250, "model_method": "", "verification_status": "", "symbology_field": "System Sourced", "intersection_area_sq_km": 1.2767226796554405 }, "geometry": { "type": "Polygon", "coordinates": [ [ [ -76.2750105, 39.56830859999998 ], [ -76.2738353, 39.564921499999954 ], [ -76.2758492, 39.565293899999979 ], [ -76.2779929, 39.564150600000033 ], [ -76.2751649, 39.563035399999947 ], [ -76.274512, 39.5646653 ], [ -76.267375, 39.5660807 ], [ -76.2665983, 39.561194900000018 ], [ -76.2700422, 39.5595734 ], [ -76.2663626, 39.557722800000029 ], [ -76.2677835, 39.556272299999975 ], [ -76.2711361, 39.557345400000031 ], [ -76.2706533, 39.5554993 ], [ -76.2785967, 39.5552001 ], [ -76.280589, 39.5683206 ], [ -76.2750105, 39.56830859999998 ] ], [ [ -76.2696486, 39.556916599999965 ], [ -76.2696573, 39.556916499999964 ], [ -76.2696463, 39.556912599999954 ], [ -76.2696486, 39.556916599999965 ] ], [ [ -76.2708544, 39.558097300000021 ], [ -76.270845, 39.55809529999997 ], [ -76.2708535, 39.5581026 ], [ -76.2708544, 39.558097300000021 ] ], [ [ -76.2759812, 39.5616387 ], [ -76.2760577, 39.5615684 ], [ -76.2759477, 39.561587699999968 ], [ -76.2759812, 39.5616387 ] ], [ [ -76.2724549, 39.5627529 ], [ -76.2724647, 39.562736599999965 ], [ -76.272437, 39.562738899999985 ], [ -76.2724549, 39.5627529 ] ], [ [ -76.2770183, 39.5635675 ], [ -76.277029200000015, 39.5634865 ], [ -76.2769698, 39.563524099999967 ], [ -76.2770183, 39.5635675 ] ], [ [ -76.2690792, 39.562451600000017 ], [ -76.2691291, 39.562441099999987 ], [ -76.2691344, 39.562429399999964 ], [ -76.2690792, 39.562451600000017 ] ], [ [ -76.2729004, 39.564074700000042 ], [ -76.2728689, 39.5640719 ], [ -76.2728855, 39.56408439999997 ], [ -76.2729004, 39.564074700000042 ] ] ] } },
{ "type": "Feature", "properties": { "state_po": "MD", "county_geoid": "24025", "pwsid": "MD0120009", "pws_name": "TOWN OF DARLINGTON", "population_served_count": 250, "model_method": "", "verification_status": "", "symbology_field": "System Sourced", "intersection_area_sq_km": 0.60789393279304427 }, "geometry": { "type": "Polygon", "coordinates": [ [ [ -76.199407, 39.6473575 ], [ -76.1976613, 39.646039099999946 ], [ -76.198680200000013, 39.64490269999996 ], [ -76.1999519, 39.646663700000019 ], [ -76.2024363, 39.6459563 ], [ -76.2009526, 39.642117199999966 ], [ -76.199732, 39.6413866 ], [ -76.198289699999989, 39.642915 ], [ -76.1970253, 39.641627700000029 ], [ -76.2006456, 39.6357309 ], [ -76.2031853, 39.638518599999983 ], [ -76.2065151, 39.638031800000022 ], [ -76.2030759, 39.6415962 ], [ -76.2041448, 39.643610400000021 ], [ -76.2064916, 39.643109699999982 ], [ -76.205723, 39.644332900000016 ], [ -76.204469, 39.643682 ], [ -76.2066746, 39.647572100000026 ], [ -76.199407, 39.6473575 ] ], [ [ -76.2001081, 39.637461200000025 ], [ -76.2000819, 39.6377028 ], [ -76.2002556, 39.6375623 ], [ -76.2001081, 39.637461200000025 ] ], [ [ -76.200879700000016, 39.638960900000015 ], [ -76.2012169, 39.638220900000022 ], [ -76.2005844, 39.638760399999967 ], [ -76.200879700000016, 39.638960900000015 ] ], [ [ -76.2029288, 39.6388817 ], [ -76.2026978, 39.639021799999988 ], [ -76.202828400000016, 39.639145 ], [ -76.2029288, 39.6388817 ] ], [ [ -76.2036027, 39.639642500000036 ], [ -76.2037851, 39.6396759 ], [ -76.203811300000012, 39.6396506 ], [ -76.2036027, 39.639642500000036 ] ], [ [ -76.2038011, 39.640323499999973 ], [ -76.203078, 39.640412400000024 ], [ -76.2038348, 39.640334 ], [ -76.2038011, 39.640323499999973 ] ], [ [ -76.2031945, 39.6440494 ], [ -76.2032508, 39.644203 ], [ -76.2039149, 39.644113899999972 ], [ -76.2031945, 39.6440494 ] ], [ [ -76.2035267, 39.6465875 ], [ -76.2035962, 39.6452095 ], [ -76.2024985, 39.645926699999968 ], [ -76.2035267, 39.6465875 ] ] ] } },
{ "type": "Feature", "properties": { "state_po": "MD", "county_geoid": "24025", "pwsid": "MD0120214", "pws_name": "DARLINGTON MOBILE HOME PARK", "population_served_count": 150, "model_method": "", "verification_status": "", "symbology_field": "System Sourced", "intersection_area_sq_km": 0.13445960624321623 }, "geometry": { "type": "Polygon", "coordinates": [ [ [ -76.2388419, 39.648598599999971 ], [ -76.2392477, 39.6503595 ], [ -76.2372248, 39.647292500000027 ], [ -76.2402503, 39.644771 ], [ -76.2424981, 39.647852700000065 ], [ -76.239895, 39.649984799999984 ], [ -76.2388419, 39.648598599999971 ] ] ] } },
{ "type": "Feature", "properties": { "state_po": "MD", "county_geoid": "24025", "pwsid": "MD0120208", "pws_name": "FOUNTAIN GREEN MOBILE HOME PARK", "population_served_count": 55, "model_method": "", "verification_status": "", "symbology_field": "System Sourced", "intersection_area_sq_km": 0.02137786406939958 }, "geometry": { "type": "Polygon", "coordinates": [ [ [ -76.283597, 39.5273522 ], [ -76.2808255, 39.526711099999972 ], [ -76.2822384, 39.525872400000011 ], [ -76.283597, 39.5273522 ] ] ] } },
{ "type": "Feature", "properties": { "state_po": "MD", "county_geoid": "24025", "pwsid": "MD0120011", "pws_name": "GREENRIDGE SUBDIVISION", "population_served_count": 2271, "model_method": "", "verification_status": "", "symbology_field": "System Sourced", "intersection_area_sq_km": 1.6358036474107427 }, "geometry": { "type": "Polygon", "coordinates": [ [ [ -76.3028859, 39.548108199999987 ], [ -76.2921612, 39.539583 ], [ -76.2973874, 39.53408 ], [ -76.305059300000011, 39.5391492 ], [ -76.3087581, 39.535835300000031 ], [ -76.3138324, 39.539343399999986 ], [ -76.3098812, 39.543236400000033 ], [ -76.3111413, 39.545433500000023 ], [ -76.3096903, 39.546613699999959 ], [ -76.3028859, 39.548108199999987 ] ], [ [ -76.3093232, 39.539770299999972 ], [ -76.3092911, 39.5397485 ], [ -76.3092535, 39.5397448 ], [ -76.3093232, 39.539770299999972 ] ] ] } },
{ "type": "Feature", "properties": { "state_po": "MD", "county_geoid": "24047", "pwsid": "MD1231051", "pws_name": "BAYSIDE VILLAGE", "population_served_count": 50, "model_method": "", "verification_status": "", "symbology_field": "System Sourced", "intersection_area_sq_km": 0.03975559782913763 }, "geometry": { "type": "Polygon", "coordinates": [ [ [ -75.1113073, 38.3323383 ], [ -75.1135265, 38.328175699999953 ], [ -75.1122306, 38.332518800000038 ], [ -75.1113073, 38.3323383 ] ] ] } },
{ "type": "Feature", "properties": { "state_po": "MD", "county_geoid": "24047", "pwsid": "MD0230023", "pws_name": "BB APARTMENTS (PREV WOC VILLAGE APTS)", "population_served_count": 40, "model_method": "", "verification_status": "", "symbology_field": "System Sourced", "intersection_area_sq_km": 0.0031701611884138712 }, "geometry": { "type": "Polygon", "coordinates": [ [ [ -75.1170106, 38.3371216 ], [ -75.1182685, 38.336996599999964 ], [ -75.1182169, 38.337274 ], [ -75.1170106, 38.3371216 ] ] ] } },
{ "type": "Feature", "properties": { "state_po": "MD", "county_geoid": "24047", "pwsid": "MD0230210", "pws_name": "FOUR SEASONS PARK INC.", "population_served_count": 25, "model_method": "", "verification_status": "", "symbology_field": "System Sourced", "intersection_area_sq_km": 0.026263495122929661 }, "geometry": { "type": "Polygon", "coordinates": [ [ [ -75.137792600000012, 38.335430900000041 ], [ -75.138882, 38.335160700000017 ], [ -75.138916, 38.3375322 ], [ -75.1378269, 38.3376817 ], [ -75.137792600000012, 38.335430900000041 ] ], [ [ -75.1383961, 38.3354921 ], [ -75.1384024, 38.335492800000011 ], [ -75.138400100000013, 38.335492300000027 ], [ -75.1383961, 38.3354921 ] ], [ [ -75.1384136, 38.335495 ], [ -75.1384095, 38.3354942 ], [ -75.1384155, 38.335495700000017 ], [ -75.1384136, 38.335495 ] ], [ [ -75.1383862, 38.335491499999982 ], [ -75.138380900000016, 38.335491799999971 ], [ -75.1383889, 38.335491700000013 ], [ -75.1383862, 38.335491499999982 ] ], [ [ -75.1384263, 38.335499399999989 ], [ -75.1384223, 38.335498 ], [ -75.1384279, 38.335500199999984 ], [ -75.1384263, 38.335499399999989 ] ], [ [ -75.1383651, 38.335493699999972 ], [ -75.1383772, 38.335492 ], [ -75.1383756, 38.335492100000018 ], [ -75.1383651, 38.335493699999972 ] ], [ [ -75.1384341, 38.3355034 ], [ -75.1384392, 38.335506299999977 ], [ -75.138438, 38.335505399999974 ], [ -75.1384341, 38.3355034 ] ], [ [ -75.1384447, 38.33551030000001 ], [ -75.138449, 38.335513699999957 ], [ -75.1384482, 38.335512900000012 ], [ -75.1384447, 38.33551030000001 ] ], [ [ -75.138453700000014, 38.335518500000035 ], [ -75.1384572, 38.335522300000051 ], [ -75.1384567, 38.335521599999971 ], [ -75.138453700000014, 38.335518500000035 ] ] ] } },
{ "type": "Feature", "properties": { "state_po": "MD", "county_geoid": "24047", "pwsid": "MD0230206", "pws_name": "LAKE HAVEN MOBILE HOME PARK", "population_served_count": 384, "model_method": "", "verification_status": "", "symbology_field": "System Sourced", "intersection_area_sq_km": 0.10274363501648905 }, "geometry": { "type": "Polygon", "coordinates": [ [ [ -75.175944500000014, 38.351992599999974 ], [ -75.1760028, 38.349654500000021 ], [ -75.1782282, 38.349027900000017 ], [ -75.1796079, 38.35246129999998 ], [ -75.175944500000014, 38.351992599999974 ] ] ] } },
{ "type": "Feature", "properties": { "state_po": "MD", "county_geoid": "24047", "pwsid": "MD0230002", "pws_name": "NEWARK", "population_served_count": 325, "model_method": "", "verification_status": "", "symbology_field": "System Sourced", "intersection_area_sq_km": 1.7509472525531982 }, "geometry": { "type": "MultiPolygon", "coordinates": [ [ [ [ -75.2724157, 38.25168680000003 ], [ -75.2696806, 38.249694099999964 ], [ -75.2693262, 38.2464623 ], [ -75.2715547, 38.245774499999989 ], [ -75.2754754, 38.2478823 ], [ -75.2771983, 38.2465409 ], [ -75.280519900000016, 38.2468905 ], [ -75.2820207, 38.248312 ], [ -75.2724157, 38.25168680000003 ] ] ], [ [ [ -75.278536, 38.257340599999978 ], [ -75.2842608, 38.255052 ], [ -75.2832243, 38.25315270000003 ], [ -75.2797268, 38.253415200000028 ], [ -75.276889, 38.250805100000022 ], [ -75.2934025, 38.246303900000015 ], [ -75.2969355, 38.247508199999977 ], [ -75.2966371, 38.249524 ], [ -75.29326, 38.2514071 ], [ -75.2984114, 38.251140299999953 ], [ -75.2948325, 38.255977 ], [ -75.291142, 38.252612199999987 ], [ -75.286652, 38.256838199999983 ], [ -75.2854817, 38.256142599999983 ], [ -75.2862838, 38.257226799999984 ], [ -75.2836408, 38.259912899999961 ], [ -75.278536, 38.257340599999978 ] ], [ [ -75.2844459, 38.255032600000042 ], [ -75.284503500000014, 38.255034199999976 ], [ -75.2845315, 38.255039900000014 ], [ -75.2844459, 38.255032600000042 ] ] ] ] } },
{ "type": "Feature", "properties": { "state_po": "MD", "county_geoid": "24047", "pwsid": "MD0230015", "pws_name": "BRIDDLETOWN DISTRIBUTION SYSTEM", "population_served_count": 150, "model_method": "", "verification_status": "", "symbology_field": "System Sourced", "intersection_area_sq_km": 0.83056638533229288 }, "geometry": { "type": "MultiPolygon", "coordinates": [ [ [ [ -75.1922924, 38.3360222 ], [ -75.188092, 38.336662 ], [ -75.18719609999998, 38.335276600000036 ], [ -75.188436400000015, 38.33405590000001 ], [ -75.1951963, 38.333836799999979 ], [ -75.1969298, 38.330827699999951 ], [ -75.2013432, 38.3314133 ], [ -75.201372, 38.335922 ], [ -75.1990424, 38.334788499999959 ], [ -75.2005328, 38.336387700000031 ], [ -75.1988372, 38.336312399999983 ], [ -75.1996687, 38.338875200000018 ], [ -75.1970787, 38.339797600000018 ], [ -75.1972247, 38.341147799999987 ], [ -75.1922346, 38.342528400000027 ], [ -75.1906756, 38.338349100000023 ], [ -75.1928817, 38.337801400000032 ], [ -75.1922924, 38.3360222 ] ] ], [ [ [ -75.188801, 38.3437537 ], [ -75.187235, 38.345226900000029 ], [ -75.1863904, 38.3446592 ], [ -75.1864946, 38.344456400000055 ], [ -75.188801, 38.3437537 ] ] ] ] } },
{ "type": "Feature", "properties": { "state_po": "MD", "county_geoid": "24047", "pwsid": "MD0230203", "pws_name": "DELMARVA MOBILE HOME PARK", "population_served_count": 62, "model_method": "", "verification_status": "", "symbology_field": "System Sourced", "intersection_area_sq_km": 0.045485563524725159 }, "geometry": { "type": "Polygon", "coordinates": [ [ [ -75.1054212, 38.335330699999979 ], [ -75.1039178, 38.3349749 ], [ -75.1047887, 38.332111299999987 ], [ -75.1063191, 38.332377899999983 ], [ -75.1054212, 38.335330699999979 ] ] ] } },
{ "type": "Feature", "properties": { "state_po": "MD", "county_geoid": "24047", "pwsid": "MD0230019", "pws_name": "RIDDLE FARM", "population_served_count": 500, "model_method": "", "verification_status": "", "symbology_field": "System Sourced", "intersection_area_sq_km": 4.2197794509116067 }, "geometry": { "type": "MultiPolygon", "coordinates": [ [ [ [ -75.1548333, 38.339453099999979 ], [ -75.1549703, 38.337902199999981 ], [ -75.1559664, 38.337945099999978 ], [ -75.155124, 38.3402796 ], [ -75.152813, 38.339364400000022 ], [ -75.1548333, 38.339453099999979 ] ] ], [ [ [ -75.1558763, 38.3399178 ], [ -75.1561877, 38.340884600000024 ], [ -75.1554522, 38.34055169999997 ], [ -75.1558763, 38.3399178 ] ] ], [ [ [ -75.1617868, 38.342477699999975 ], [ -75.164873, 38.344806699999985 ], [ -75.1601408, 38.341734100000039 ], [ -75.1617868, 38.342477699999975 ] ] ], [ [ [ -75.166665600000016, 38.3425526 ], [ -75.1715611, 38.344185500000044 ], [ -75.172769, 38.347279499999985 ], [ -75.1661923, 38.345402900000046 ], [ -75.166665600000016, 38.3425526 ] ] ], [ [ [ -75.1397812, 38.3565517 ], [ -75.1378455, 38.3544106 ], [ -75.1335453, 38.355695099999963 ], [ -75.131592400000017, 38.3539505 ], [ -75.1326541, 38.353023600000014 ], [ -75.1341696, 38.3533476 ], [ -75.1350242, 38.352765199999972 ], [ -75.1330959, 38.352926200000041 ], [ -75.1339608, 38.351319600000011 ], [ -75.1348416, 38.350963899999989 ], [ -75.1353175, 38.35041439999997 ], [ -75.135193, 38.350251799999953 ], [ -75.1318072, 38.352955 ], [ -75.1320703, 38.351088800000021 ], [ -75.130527, 38.3511613 ], [ -75.1316023, 38.350961299999959 ], [ -75.1317629, 38.350186 ], [ -75.130108, 38.3505162 ], [ -75.1297053, 38.347803100000014 ], [ -75.1316165, 38.347244 ], [ -75.1289533, 38.3455441 ], [ -75.1293651, 38.343845500000022 ], [ -75.1325366, 38.34319 ], [ -75.1329039, 38.338972399999989 ], [ -75.1332948, 38.340007600000028 ], [ -75.13536, 38.338519199999965 ], [ -75.1355822, 38.339896499999988 ], [ -75.1430253, 38.339894499999964 ], [ -75.1428743, 38.338348500000016 ], [ -75.143125, 38.3399011 ], [ -75.1474089, 38.340213699999971 ], [ -75.1475898, 38.338681499999979 ], [ -75.149663800000013, 38.338884799999938 ], [ -75.1647799, 38.345509499999935 ], [ -75.161780100000016, 38.3453139 ], [ -75.163068, 38.3487636 ], [ -75.159907500000017, 38.3492807 ], [ -75.1550632, 38.353195 ], [ -75.147403, 38.353606 ], [ -75.147847200000015, 38.3495058 ], [ -75.150607, 38.348097100000011 ], [ -75.1506396, 38.347850699999988 ], [ -75.1463766, 38.348804799999989 ], [ -75.1477297, 38.349415400000026 ], [ -75.1463496, 38.353207100000027 ], [ -75.1431811, 38.353878399999964 ], [ -75.1431964, 38.3536298 ], [ -75.1428607, 38.352840399999984 ], [ -75.1430381, 38.352636 ], [ -75.1430203, 38.352538499999945 ], [ -75.1428472, 38.3521883 ], [ -75.1422949, 38.353380500000021 ], [ -75.1435756, 38.354736200000012 ], [ -75.1429716, 38.354499300000029 ], [ -75.1417377, 38.354865900000028 ], [ -75.1421452, 38.3560567 ], [ -75.1404487, 38.354971799999973 ], [ -75.1413901, 38.355946299999971 ], [ -75.1397812, 38.3565517 ] ] ], [ [ [ -75.1340031, 38.35695879999998 ], [ -75.133925, 38.355892499999975 ], [ -75.13461860000001, 38.356274 ], [ -75.1340031, 38.35695879999998 ] ] ], [ [ [ -75.1325541, 38.356149200000026 ], [ -75.1326203, 38.356228799999954 ], [ -75.1324779, 38.3563174 ], [ -75.1325541, 38.356149200000026 ] ] ] ] } },
{ "type": "Feature", "properties": { "state_po": "MD", "county_geoid": "24047", "pwsid": "MD0230007", "pws_name": "TOWN OF SNOW HILL", "population_served_count": 2409, "model_method": "", "verification_status": "", "symbology_field": "System Sourced", "intersection_area_sq_km": 5.2121407550510908 }, "geometry": { "type": "MultiPolygon", "coordinates": [ [ [ [ -75.3754865, 38.186378499999968 ], [ -75.3787626, 38.183497400000043 ], [ -75.3801716, 38.184528700000037 ], [ -75.3840762, 38.181058700000015 ], [ -75.3810976, 38.175214500000024 ], [ -75.3835399, 38.1685419 ], [ -75.3808423, 38.169150499999986 ], [ -75.3793312, 38.166905399999976 ], [ -75.385334899999989, 38.1650485 ], [ -75.3819351, 38.162933599999988 ], [ -75.3847874, 38.161659 ], [ -75.3867497, 38.1635529 ], [ -75.3891335, 38.162354900000054 ], [ -75.3899572, 38.15790550000002 ], [ -75.3889542, 38.156773 ], [ -75.383971, 38.160025 ], [ -75.3812488, 38.15771940000004 ], [ -75.391503400000019, 38.1509987 ], [ -75.3904254, 38.158489900000021 ], [ -75.4004874, 38.1652402 ], [ -75.4041942, 38.1550486 ], [ -75.4055995, 38.153885 ], [ -75.410142400000012, 38.155433299999977 ], [ -75.4093399, 38.162217800000029 ], [ -75.4052213, 38.163057699999939 ], [ -75.4060913, 38.1643 ], [ -75.4027573, 38.16626609999998 ], [ -75.4052601, 38.168529199999959 ], [ -75.4034881, 38.170152099999981 ], [ -75.4054247, 38.17317960000004 ], [ -75.3924847, 38.179446699999978 ], [ -75.3915975, 38.1868849 ], [ -75.3855947, 38.186604799999976 ], [ -75.3832916, 38.183650800000031 ], [ -75.3768895, 38.188324299999984 ], [ -75.3754865, 38.186378499999968 ] ], [ [ -75.4089942, 38.155823100000042 ], [ -75.4092508, 38.156177700000015 ], [ -75.4091633, 38.1557075 ], [ -75.4089942, 38.155823100000042 ] ] ], [ [ [ -75.4006041, 38.177101600000043 ], [ -75.4002148, 38.1759367 ], [ -75.4034707, 38.174768 ], [ -75.4030804, 38.176475399999973 ], [ -75.4006041, 38.177101600000043 ] ] ] ] } },
{ "type": "Feature", "properties": { "state_po": "MD", "county_geoid": "24047", "pwsid": "MD0230220", "pws_name": "SUNSET LAKES MOBILE HOME PARK", "population_served_count": 48, "model_method": "", "verification_status": "", "symbology_field": "System Sourced", "intersection_area_sq_km": 0.150195120827122 }, "geometry": { "type": "Polygon", "coordinates": [ [ [ -75.2081925, 38.314386799999959 ], [ -75.2026525, 38.315015 ], [ -75.2021421, 38.312385500000062 ], [ -75.2081271, 38.312469299999975 ], [ -75.2081925, 38.314386799999959 ] ] ] } },
{ "type": "Feature", "properties": { "state_po": "MD", "county_geoid": "24047", "pwsid": "MD0230217", "pws_name": "PIN OAK APARTMENTS", "population_served_count": 40, "model_method": "", "verification_status": "", "symbology_field": "System Sourced", "intersection_area_sq_km": 0.040508201932681502 }, "geometry": { "type": "MultiPolygon", "coordinates": [ [ [ [ -75.213424, 38.349755899999984 ], [ -75.2107843, 38.349384699999987 ], [ -75.2106865, 38.349111 ], [ -75.2123208, 38.348579699999988 ], [ -75.2136918, 38.348509200000045 ], [ -75.213424, 38.349755899999984 ] ] ], [ [ [ -75.213704, 38.34926309999998 ], [ -75.2142383, 38.351399400000012 ], [ -75.2138918, 38.351368799999939 ], [ -75.213704, 38.34926309999998 ] ] ], [ [ [ -75.2126419, 38.349971799999935 ], [ -75.2134322, 38.3504691 ], [ -75.2129895, 38.350595400000032 ], [ -75.2126419, 38.349971799999935 ] ] ] ] } },
{ "type": "Feature", "properties": { "state_po": "MD", "county_geoid": "24047", "pwsid": "MD0230020", "pws_name": "NANTUCKET POINT(DISTRIBUTION-DELAWARE)", "population_served_count": 500, "model_method": "", "verification_status": "", "symbology_field": "System Sourced", "intersection_area_sq_km": 0.16476178963036597 }, "geometry": { "type": "MultiPolygon", "coordinates": [ [ [ [ -75.0680955, 38.445591 ], [ -75.0685888, 38.4457186 ], [ -75.0683449, 38.445859 ], [ -75.0680955, 38.445591 ] ] ], [ [ [ -75.066185, 38.4456006 ], [ -75.0670026, 38.445444 ], [ -75.0670575, 38.445902900000014 ], [ -75.066185, 38.4456006 ] ] ], [ [ [ -75.0677875, 38.445831899999966 ], [ -75.0682174, 38.445934199999961 ], [ -75.0679995, 38.4460596 ], [ -75.0677875, 38.445831899999966 ] ] ], [ [ [ -75.0677187, 38.445935699999971 ], [ -75.067809, 38.446172399999988 ], [ -75.067634, 38.4459845 ], [ -75.0677187, 38.445935699999971 ] ] ], [ [ [ -75.065774006188036, 38.451272196491033 ], [ -75.067476900000017, 38.448391099999988 ], [ -75.0660215, 38.446239400000024 ], [ -75.0678049, 38.446879399999986 ], [ -75.0689161, 38.4456746 ], [ -75.0717768, 38.447079400000035 ], [ -75.0707989, 38.4479137 ], [ -75.0691178, 38.447247099999984 ], [ -75.067411800000016, 38.4501822 ], [ -75.0694024, 38.447512199999984 ], [ -75.0687537, 38.449335300000016 ], [ -75.0700494, 38.449432 ], [ -75.07044, 38.449853299999972 ], [ -75.0682182, 38.450147299999976 ], [ -75.070522, 38.4503783 ], [ -75.0676077, 38.45094809999997 ], [ -75.0697254, 38.450927900000039 ], [ -75.0701914, 38.451253700000031 ], [ -75.065774006188036, 38.451272196491033 ] ], [ [ -75.07025, 38.4468673 ], [ -75.0702698, 38.446885699999967 ], [ -75.0702845, 38.446897400000019 ], [ -75.07025, 38.4468673 ] ], [ [ -75.0711112, 38.447206500000021 ], [ -75.0711194, 38.44720120000003 ], [ -75.071109, 38.4472077 ], [ -75.0711112, 38.447206500000021 ] ], [ [ -75.0710973, 38.447212900000046 ], [ -75.0711021, 38.447211 ], [ -75.071108900000013, 38.44720769999995 ], [ -75.0710973, 38.447212900000046 ] ], [ [ -75.0703191, 38.447077 ], [ -75.070331700000011, 38.447083399999954 ], [ -75.0703297, 38.4470822 ], [ -75.0703191, 38.447077 ] ], [ [ -75.0710972, 38.447212900000046 ], [ -75.0710848, 38.447216599999983 ], [ -75.0710925, 38.447214500000044 ], [ -75.0710972, 38.447212900000046 ] ], [ [ -75.0710369, 38.447217 ], [ -75.0710446, 38.447218299999989 ], [ -75.0710318, 38.4472157 ], [ -75.0710369, 38.447217 ] ], [ [ -75.0703522, 38.447101 ], [ -75.0703591, 38.4471114 ], [ -75.0703571, 38.447107799999955 ], [ -75.0703522, 38.447101 ] ], [ [ -75.070365, 38.4471465 ], [ -75.0703655, 38.4471426 ], [ -75.0703657, 38.447134700000049 ], [ -75.070365, 38.4471465 ] ], [ [ -75.070356100000012, 38.447169200000033 ], [ -75.0703582, 38.4471656 ], [ -75.0703618, 38.447158200000011 ], [ -75.070356100000012, 38.447169200000033 ] ], [ [ -75.070356, 38.4471692 ], [ -75.070348, 38.447179200000015 ], [ -75.0703495, 38.447177599999954 ], [ -75.070356, 38.4471692 ] ], [ [ -75.0707397, 38.44725259999997 ], [ -75.07072740000001, 38.4472505 ], [ -75.0707421, 38.447253100000012 ], [ -75.0707397, 38.44725259999997 ] ], [ [ -75.0707023, 38.4472507 ], [ -75.0706974, 38.447251399999971 ], [ -75.0707123, 38.4472499 ], [ -75.0707023, 38.4472507 ] ], [ [ -75.0706611, 38.447264799999985 ], [ -75.0706573, 38.4472674 ], [ -75.0706693, 38.447260300000032 ], [ -75.0706611, 38.447264799999985 ] ], [ [ -75.0706326, 38.4472969 ], [ -75.0706386, 38.447286100000014 ], [ -75.0706335, 38.447295100000048 ], [ -75.0706326, 38.4472969 ] ], [ [ -75.0695826, 38.44661720000002 ], [ -75.0695715, 38.446613099999979 ], [ -75.0695601, 38.446609800000012 ], [ -75.0695826, 38.44661720000002 ] ], [ [ -75.0696919, 38.4466624 ], [ -75.0697045, 38.446668800000033 ], [ -75.0697005, 38.446666499999978 ], [ -75.0696919, 38.4466624 ] ], [ [ -75.0697236, 38.446684799999979 ], [ -75.0697158, 38.446677 ], [ -75.069725, 38.446686399999955 ], [ -75.0697236, 38.446684799999979 ] ], [ [ -75.0697384, 38.446720400000032 ], [ -75.0697383, 38.446718399999966 ], [ -75.0697365, 38.4467086 ], [ -75.0697384, 38.446720400000032 ] ], [ [ -75.0697358, 38.446740199999958 ], [ -75.0697377, 38.446732399999959 ], [ -75.069734400000016, 38.446744 ], [ -75.0697358, 38.446740199999958 ] ], [ [ -75.0700127, 38.446810699999979 ], [ -75.0700091, 38.4468082 ], [ -75.0700013, 38.446803699999961 ], [ -75.0700127, 38.446810699999979 ] ], [ [ -75.0702351, 38.446850600000026 ], [ -75.0702499, 38.446867199999971 ], [ -75.0702221, 38.4468331 ], [ -75.0702351, 38.446850600000026 ] ], [ [ -75.070021, 38.446817600000017 ], [ -75.0700128, 38.4468108 ], [ -75.0700225, 38.446819100000013 ], [ -75.070021, 38.446817600000017 ] ], [ [ -75.0699093, 38.446801900000011 ], [ -75.0699052, 38.446803900000013 ], [ -75.0699179, 38.44679839999997 ], [ -75.0699093, 38.446801900000011 ] ], [ [ -75.0699051, 38.446803900000027 ], [ -75.0698956, 38.446809699999953 ], [ -75.0698939, 38.446810899999974 ], [ -75.0699051, 38.446803900000027 ] ], [ [ -75.0696588, 38.446853499999953 ], [ -75.0696652, 38.4468477 ], [ -75.069655400000016, 38.4468562 ], [ -75.0696588, 38.446853499999953 ] ], [ [ -75.0696459, 38.446862200000041 ], [ -75.0696553, 38.446856300000029 ], [ -75.0696439, 38.446863300000018 ], [ -75.0696459, 38.446862200000041 ] ], [ [ -75.0698218, 38.446912499999961 ], [ -75.0698193, 38.446919900000019 ], [ -75.0698185, 38.44692359999997 ], [ -75.0698218, 38.446912499999961 ] ], [ [ -75.0698175, 38.446933199999975 ], [ -75.0698175, 38.4469351 ], [ -75.0698184, 38.4469237 ], [ -75.0698175, 38.446933199999975 ] ], [ [ -75.0693513, 38.446406799999984 ], [ -75.0693524, 38.446408500000047 ], [ -75.0693478, 38.446399499999984 ], [ -75.0693513, 38.446406799999984 ] ], [ [ -75.0693664, 38.446424900000011 ], [ -75.0693735, 38.44643030000001 ], [ -75.0693754, 38.446431599999983 ], [ -75.0693664, 38.446424900000011 ] ], [ [ -75.0694528, 38.446464500000012 ], [ -75.069441500000011, 38.44646059999998 ], [ -75.0694505, 38.446463799999982 ], [ -75.0694528, 38.446464500000012 ] ], [ [ -75.0695051, 38.446605 ], [ -75.069488, 38.44660709999998 ], [ -75.069512, 38.446604700000016 ], [ -75.0695051, 38.446605 ] ], [ [ -75.0694781, 38.446609 ], [ -75.0694648, 38.44661269999996 ], [ -75.0694879, 38.44660709999998 ], [ -75.0694781, 38.446609 ] ], [ [ -75.0694554, 38.446616 ], [ -75.0694431, 38.446621499999964 ], [ -75.0694646, 38.44661269999996 ], [ -75.0694554, 38.446616 ] ], [ [ -75.0691825, 38.44659840000002 ], [ -75.0691789, 38.4465949 ], [ -75.069173, 38.44659020000001 ], [ -75.0691825, 38.44659840000002 ] ], [ [ -75.0691902, 38.44660770000003 ], [ -75.0691859, 38.446602 ], [ -75.0691826, 38.4465984 ], [ -75.0691902, 38.44660770000003 ] ], [ [ -75.0691939, 38.446613700000029 ], [ -75.0691903, 38.446607800000017 ], [ -75.0691959, 38.446617900000042 ], [ -75.0691939, 38.446613700000029 ] ], [ [ -75.0691994, 38.44662880000002 ], [ -75.0691976, 38.446622100000013 ], [ -75.069196, 38.446618 ], [ -75.0691994, 38.44662880000002 ] ], [ [ -75.0692007, 38.446639900000037 ], [ -75.0692004, 38.4466353 ], [ -75.0691995, 38.446628900000015 ], [ -75.0692007, 38.446639900000037 ] ], [ [ -75.067009500000012, 38.450217300000034 ], [ -75.0670053, 38.450217400000064 ], [ -75.067001100000013, 38.45021770000001 ], [ -75.067009500000012, 38.450217300000034 ] ], [ [ -75.0669968, 38.450218399999954 ], [ -75.0669968, 38.450218299999975 ], [ -75.0669947, 38.450218699999972 ], [ -75.0669968, 38.450218399999954 ] ] ], [ [ [ -75.0712663, 38.450513100000045 ], [ -75.0714666, 38.4506577 ], [ -75.0713122, 38.450747900000046 ], [ -75.0712663, 38.450513100000045 ] ] ], [ [ [ -75.072537550844302, 38.451293332327481 ], [ -75.0723233, 38.450441600000012 ], [ -75.072719832222617, 38.451293902601485 ], [ -75.072537550844302, 38.451293332327481 ] ] ] ] } },
{ "type": "Feature", "properties": { "state_po": "MD", "county_geoid": "24047", "pwsid": "MD0230224", "pws_name": "RIVERVIEW MOBILE HOME PARK", "population_served_count": 150, "model_method": "", "verification_status": "", "symbology_field": "System Sourced", "intersection_area_sq_km": 0.13981660854695788 }, "geometry": { "type": "Polygon", "coordinates": [ [ [ -75.1845139, 38.4291328 ], [ -75.1831629, 38.42811 ], [ -75.1876903, 38.4244169 ], [ -75.1885382, 38.427174899999969 ], [ -75.1845139, 38.4291328 ] ] ] } },
{ "type": "Feature", "properties": { "state_po": "MD", "county_geoid": "24047", "pwsid": "MD0230008", "pws_name": "ST. MARTINS BY THE BAY", "population_served_count": 120, "model_method": "", "verification_status": "", "symbology_field": "System Sourced", "intersection_area_sq_km": 0.16541163101990886 }, "geometry": { "type": "Polygon", "coordinates": [ [ [ -75.1652547, 38.4087252 ], [ -75.165778, 38.405601899999972 ], [ -75.168027, 38.4057596 ], [ -75.1661677, 38.4032855 ], [ -75.1691159, 38.4022814 ], [ -75.1710912, 38.4052698 ], [ -75.1652547, 38.4087252 ] ], [ [ -75.1680096, 38.40373509999997 ], [ -75.1680158, 38.403750400000014 ], [ -75.1680202, 38.403730099999983 ], [ -75.1680096, 38.40373509999997 ] ], [ [ -75.168018, 38.40377670000003 ], [ -75.1681211, 38.404257 ], [ -75.168300699999989, 38.4041737 ], [ -75.168018, 38.40377670000003 ] ], [ [ -75.168757, 38.4041392 ], [ -75.1688143, 38.40425640000003 ], [ -75.1688994, 38.404216900000016 ], [ -75.168757, 38.4041392 ] ] ] } },
{ "type": "Feature", "properties": { "state_po": "MD", "county_geoid": "24047", "pwsid": "VA3001100", "pws_name": "CAPTAINS COVE", "population_served_count": 2380, "model_method": "", "verification_status": "", "symbology_field": "System Sourced", "intersection_area_sq_km": 0.042163307219890353 }, "geometry": { "type": "MultiPolygon", "coordinates": [ [ [ [ -75.426483942983396, 38.011021146177704 ], [ -75.4256902, 38.0112781 ], [ -75.424950405504489, 38.011147461011774 ], [ -75.426483942983396, 38.011021146177704 ] ] ], [ [ [ -75.42408493564335, 38.011218784925894 ], [ -75.4181581, 38.012429399999974 ], [ -75.416588304065485, 38.011836325319351 ], [ -75.42408493564335, 38.011218784925894 ] ] ], [ [ [ -75.415591813818025, 38.011918376583729 ], [ -75.4145546, 38.0123032 ], [ -75.413717244290709, 38.012072706654024 ], [ -75.415591813818025, 38.011918376583729 ] ] ] ] } },
{ "type": "Feature", "properties": { "state_po": "MD", "county_geoid": "24003", "pwsid": "MD0040052", "pws_name": "CROSS POINT SUBDIVISION", "population_served_count": 434, "model_method": "", "verification_status": "", "symbology_field": "System Sourced", "intersection_area_sq_km": 0.010772868856210642 }, "geometry": { "type": "Polygon", "coordinates": [ [ [ -76.612993, 38.720969500000024 ], [ -76.610357801895489, 38.720785259778296 ], [ -76.616056934831562, 38.720933027659413 ], [ -76.612993, 38.720969500000024 ] ] ] } },
{ "type": "Feature", "properties": { "state_po": "MD", "county_geoid": "24003", "pwsid": "MD0020223", "pws_name": "WAYSONS MOBILE COURT", "population_served_count": 540, "model_method": "", "verification_status": "", "symbology_field": "System Sourced", "intersection_area_sq_km": 0.21737241840317745 }, "geometry": { "type": "Polygon", "coordinates": [ [ [ -76.7063601, 38.815261600000014 ], [ -76.6990548, 38.815809899999969 ], [ -76.6996699, 38.811790800000018 ], [ -76.7065081, 38.812786400000022 ], [ -76.7063601, 38.815261600000014 ] ] ] } },
{ "type": "Feature", "properties": { "state_po": "MD", "county_geoid": "24003", "pwsid": "MD0020221", "pws_name": "SUMMERHILL MOBILE HOME PARK", "population_served_count": 350, "model_method": "", "verification_status": "", "symbology_field": "System Sourced", "intersection_area_sq_km": 0.16896356455347697 }, "geometry": { "type": "Polygon", "coordinates": [ [ [ -76.5856974, 39.007836100000034 ], [ -76.5869678, 39.006178100000028 ], [ -76.5893039, 39.00617920000002 ], [ -76.5926152, 39.00819069999995 ], [ -76.5882451, 39.010289800000017 ], [ -76.5856974, 39.007836100000034 ] ], [ [ -76.5876912, 39.006437 ], [ -76.5873269, 39.0063647 ], [ -76.5874883, 39.0065396 ], [ -76.5876912, 39.006437 ] ] ] } },
{ "type": "Feature", "properties": { "state_po": "MD", "county_geoid": "24003", "pwsid": "MD0020218", "pws_name": "RIO VISTA PLAZA MOBILE HOME PARK", "population_served_count": 150, "model_method": "", "verification_status": "", "symbology_field": "System Sourced", "intersection_area_sq_km": 0.098068105484176618 }, "geometry": { "type": "MultiPolygon", "coordinates": [ [ [ [ -76.691256, 38.81939950000001 ], [ -76.6920811, 38.817221200000013 ], [ -76.6965122, 38.818689299999981 ], [ -76.6946951, 38.819887700000031 ], [ -76.691256, 38.81939950000001 ] ] ], [ [ [ -76.6958757, 38.819301900000013 ], [ -76.6965558, 38.81969 ], [ -76.6952226, 38.8197826 ], [ -76.6958757, 38.819301900000013 ] ] ] ] } },
{ "type": "Feature", "properties": { "state_po": "MD", "county_geoid": "24003", "pwsid": "MD1020035", "pws_name": "REGENCY PARK ASSISTED LIVING RESIDENCE", "population_served_count": 85, "model_method": "", "verification_status": "", "symbology_field": "System Sourced", "intersection_area_sq_km": 0.055846330003644785 }, "geometry": { "type": "Polygon", "coordinates": [ [ [ -76.6632395, 39.05333229999998 ], [ -76.6647901, 39.0509145 ], [ -76.6679822, 39.0528715 ], [ -76.6653456, 39.053126400000018 ], [ -76.6632395, 39.05333229999998 ] ] ] } },
{ "type": "Feature", "properties": { "state_po": "MD", "county_geoid": "24003", "pwsid": "MD0020217", "pws_name": "PATUXENT MOBILE ESTATES", "population_served_count": 450, "model_method": "", "verification_status": "", "symbology_field": "System Sourced", "intersection_area_sq_km": 0.17107822351684929 }, "geometry": { "type": "Polygon", "coordinates": [ [ [ -76.697302900000011, 38.8178286 ], [ -76.692518, 38.815918400000015 ], [ -76.6938136, 38.812733800000025 ], [ -76.6978427, 38.815845 ], [ -76.7010155, 38.815595900000027 ], [ -76.697302900000011, 38.8178286 ] ] ] } },
{ "type": "Feature", "properties": { "state_po": "MD", "county_geoid": "24003", "pwsid": "MD0020214", "pws_name": "MARYLAND MANOR MOBILE HOME PARK", "population_served_count": 810, "model_method": "", "verification_status": "", "symbology_field": "System Sourced", "intersection_area_sq_km": 0.20335297988308196 }, "geometry": { "type": "Polygon", "coordinates": [ [ [ -76.685347800000017, 38.856036 ], [ -76.6840965, 38.859586399999984 ], [ -76.6810369, 38.861398599999966 ], [ -76.6793621, 38.8564626 ], [ -76.685347800000017, 38.856036 ] ] ] } },
{ "type": "Feature", "properties": { "state_po": "MD", "county_geoid": "24003", "pwsid": "MD0020213", "pws_name": "LYONS CREEK ESTATES", "population_served_count": 750, "model_method": "", "verification_status": "", "symbology_field": "System Sourced", "intersection_area_sq_km": 0.33911023519570221 }, "geometry": { "type": "MultiPolygon", "coordinates": [ [ [ [ -76.666640340741807, 38.760054132395872 ], [ -76.667546, 38.760909800000015 ], [ -76.667410565292727, 38.761241454719979 ], [ -76.666640340741807, 38.760054132395872 ] ] ], [ [ [ -76.670700600000018, 38.761867899999984 ], [ -76.6713298, 38.765817099999971 ], [ -76.6656006, 38.7679454 ], [ -76.6649388, 38.7661986 ], [ -76.6631225, 38.767018 ], [ -76.6652625, 38.762159400000058 ], [ -76.670700600000018, 38.761867899999984 ] ] ] ] } },
{ "type": "Feature", "properties": { "state_po": "MD", "county_geoid": "24003", "pwsid": "MD0020019", "pws_name": "LAKE VILLAGE TOWNHOMES", "population_served_count": 2400, "model_method": "", "verification_status": "", "symbology_field": "System Sourced", "intersection_area_sq_km": 0.20199540139896979 }, "geometry": { "type": "MultiPolygon", "coordinates": [ [ [ [ -76.7102335, 39.1297901 ], [ -76.7129277, 39.127080299999953 ], [ -76.716679300000024, 39.129334300000011 ], [ -76.710695, 39.130513 ], [ -76.7102335, 39.1297901 ] ], [ [ -76.7126518, 39.12828190000004 ], [ -76.7125809, 39.1280269 ], [ -76.7120161, 39.128381799999964 ], [ -76.7126518, 39.12828190000004 ] ] ], [ [ [ -76.7136704, 39.1300814 ], [ -76.7153597, 39.130246699999972 ], [ -76.715867, 39.1302647 ], [ -76.7137701, 39.1316076 ], [ -76.7136704, 39.1300814 ] ] ], [ [ [ -76.7090588, 39.129882 ], [ -76.7099641, 39.130524799999989 ], [ -76.7085404, 39.130536499999955 ], [ -76.7090588, 39.129882 ] ] ], [ [ [ -76.7126973, 39.132078300000025 ], [ -76.7103542, 39.130686299999979 ], [ -76.7133434, 39.130140699999977 ], [ -76.7126973, 39.132078300000025 ] ] ], [ [ [ -76.7085031, 39.13070160000003 ], [ -76.71039, 39.132098900000017 ], [ -76.7081829, 39.132118499999962 ], [ -76.7085031, 39.13070160000003 ] ] ] ] } },
{ "type": "Feature", "properties": { "state_po": "MD", "county_geoid": "24003", "pwsid": "MD0020211", "pws_name": "HOLIDAY MOBILE ESTATES, INC.", "population_served_count": 900, "model_method": "", "verification_status": "", "symbology_field": "System Sourced", "intersection_area_sq_km": 0.34807833985261732 }, "geometry": { "type": "MultiPolygon", "coordinates": [ [ [ [ -76.7386589, 39.147102900000014 ], [ -76.7359445, 39.144558100000019 ], [ -76.7396665, 39.1439226 ], [ -76.7376543, 39.140175900000031 ], [ -76.7439572, 39.14196 ], [ -76.7437036, 39.1449061 ], [ -76.7389591, 39.1469589 ], [ -76.738638, 39.146648200000037 ], [ -76.7396611, 39.146095299999985 ], [ -76.7397105, 39.145454 ], [ -76.7387108, 39.146421200000034 ], [ -76.7373127, 39.14453 ], [ -76.7386589, 39.147102900000014 ] ] ], [ [ [ -76.7389342, 39.147135400000018 ], [ -76.743537300000014, 39.1453195 ], [ -76.7441996, 39.1447535 ], [ -76.7419236, 39.148759799999951 ], [ -76.7389342, 39.147135400000018 ] ] ] ] } },
{ "type": "Feature", "properties": { "state_po": "MD", "county_geoid": "24003", "pwsid": "MD0020009", "pws_name": "CROWNSVILLE HOSPITAL CENTER", "population_served_count": 1348, "model_method": "", "verification_status": "", "symbology_field": "System Sourced", "intersection_area_sq_km": 2.1545404257497207 }, "geometry": { "type": "MultiPolygon", "coordinates": [ [ [ [ -76.6027584, 39.0107713 ], [ -76.6005824, 39.013741 ], [ -76.5982477, 39.0143856 ], [ -76.5973122, 39.0114374 ], [ -76.6027584, 39.0107713 ] ] ], [ [ [ -76.6130151, 39.030236200000026 ], [ -76.6078379, 39.0297715 ], [ -76.6079645, 39.027779 ], [ -76.612662, 39.028116499999989 ], [ -76.6129229, 39.024826500000025 ], [ -76.6061352, 39.024324500000041 ], [ -76.6035065, 39.026563200000034 ], [ -76.6009363, 39.025878800000037 ], [ -76.6008424, 39.024841200000012 ], [ -76.5998819, 39.022093499999976 ], [ -76.5991094, 39.021197800000024 ], [ -76.5982589, 39.014486599999984 ], [ -76.6005326, 39.013907300000042 ], [ -76.6057388, 39.010181900000028 ], [ -76.610757, 39.01140010000001 ], [ -76.6090821, 39.0085354 ], [ -76.6119757, 39.012515 ], [ -76.6143368, 39.023913300000011 ], [ -76.6130151, 39.030236200000026 ] ] ], [ [ [ -76.60070060000001, 39.025051500000011 ], [ -76.594421, 39.024103 ], [ -76.5990558, 39.021441800000012 ], [ -76.60070060000001, 39.025051500000011 ] ] ] ] } },
{ "type": "Feature", "properties": { "state_po": "MD", "county_geoid": "24003", "pwsid": "MD0020231", "pws_name": "BOONES MOBILE ESTATES", "population_served_count": 650, "model_method": "", "verification_status": "", "symbology_field": "System Sourced", "intersection_area_sq_km": 0.49352005789182857 }, "geometry": { "type": "Polygon", "coordinates": [ [ [ -76.680782, 38.8084073 ], [ -76.6818262, 38.8118467 ], [ -76.6805628, 38.812678400000053 ], [ -76.6776573, 38.8098695 ], [ -76.6767107, 38.81088639999998 ], [ -76.672798, 38.810122599999964 ], [ -76.6718518, 38.802595799999949 ], [ -76.6782374, 38.804240200000017 ], [ -76.6789894, 38.809486099999987 ], [ -76.680782, 38.8084073 ] ] ] } },
{ "type": "Feature", "properties": { "state_po": "MD", "county_geoid": "24003", "pwsid": "MD0020030", "pws_name": "ROSE HAVEN", "population_served_count": 235, "model_method": "", "verification_status": "", "symbology_field": "System Sourced", "intersection_area_sq_km": 0.40666758178110801 }, "geometry": { "type": "Polygon", "coordinates": [ [ [ -76.5424543, 38.7281951 ], [ -76.5441253, 38.7261901 ], [ -76.5430602, 38.7226434 ], [ -76.5413914, 38.723104200000016 ], [ -76.541454, 38.7284132 ], [ -76.536140329759576, 38.727685935453096 ], [ -76.5351059, 38.721261699999971 ], [ -76.543861, 38.722509900000027 ], [ -76.545153500000012, 38.726420200000028 ], [ -76.5424543, 38.7281951 ] ] ] } },
{ "type": "Feature", "properties": { "state_po": "MD", "county_geoid": "24003", "pwsid": "MD1021462", "pws_name": "MAYO CENTER AND APRATMENTS", "population_served_count": 60, "model_method": "", "verification_status": "", "symbology_field": "System Sourced", "intersection_area_sq_km": 0.014317250168417768 }, "geometry": { "type": "Polygon", "coordinates": [ [ [ -76.5266313, 38.906090399999982 ], [ -76.5272545, 38.9046702 ], [ -76.527460600000012, 38.904433599999976 ], [ -76.527898600000015, 38.9059992 ], [ -76.5266313, 38.906090399999982 ] ] ] } },
{ "type": "Feature", "properties": { "state_po": "MD", "county_geoid": "24003", "pwsid": "MD1021498", "pws_name": "WOODLAND BEACH COMMUNITY ASSOC.", "population_served_count": 26, "model_method": "", "verification_status": "", "symbology_field": "System Sourced", "intersection_area_sq_km": 0.014997173226395148 }, "geometry": { "type": "MultiPolygon", "coordinates": [ [ [ [ -76.5014275, 39.14852249999997 ], [ -76.5026021, 39.1497169 ], [ -76.5023652, 39.1498276 ], [ -76.5014275, 39.14852249999997 ] ] ], [ [ [ -76.5021815, 39.150359599999959 ], [ -76.5017365, 39.149924299999959 ], [ -76.5005027, 39.1480832 ], [ -76.5023412, 39.150090199999973 ], [ -76.5030164, 39.1502388 ], [ -76.5021815, 39.150359599999959 ] ] ] ] } },
{ "type": "Feature", "properties": { "state_po": "MD", "county_geoid": "24003", "pwsid": "MD0020059", "pws_name": "TEBBSTON ON MAGOTHY", "population_served_count": 52, "model_method": "", "verification_status": "", "symbology_field": "System Sourced", "intersection_area_sq_km": 0.037403333114480013 }, "geometry": { "type": "Polygon", "coordinates": [ [ [ -76.5208834, 39.0878442 ], [ -76.517583500000015, 39.08637 ], [ -76.5185877, 39.0856999 ], [ -76.5208834, 39.0878442 ] ] ] } },
{ "type": "Feature", "properties": { "state_po": "MD", "county_geoid": "24003", "pwsid": "MD0020035", "pws_name": "SHERWOOD FOREST WATER COMPANY", "population_served_count": 1200, "model_method": "", "verification_status": "", "symbology_field": "System Sourced", "intersection_area_sq_km": 1.7047413495254133 }, "geometry": { "type": "Polygon", "coordinates": [ [ [ -76.5491102, 39.0303427 ], [ -76.5352757, 39.029357400000031 ], [ -76.5325276, 39.028290399999946 ], [ -76.5326253, 39.026648400000049 ], [ -76.5538624, 39.0189334 ], [ -76.5604487, 39.02099180000004 ], [ -76.561916, 39.020114 ], [ -76.5559346, 39.026345400000018 ], [ -76.5572048, 39.02817779999998 ], [ -76.5521908, 39.028729799999986 ], [ -76.5539102, 39.02832169999995 ], [ -76.552269, 39.027689700000025 ], [ -76.5491102, 39.0303427 ] ] ] } },
{ "type": "Feature", "properties": { "state_po": "MD", "county_geoid": "24003", "pwsid": "MD0020044", "pws_name": "HERALD HARBOR", "population_served_count": 2241, "model_method": "", "verification_status": "", "symbology_field": "System Sourced", "intersection_area_sq_km": 2.2988313518612147 }, "geometry": { "type": "Polygon", "coordinates": [ [ [ -76.558202, 39.044425299999958 ], [ -76.5636805, 39.04894950000002 ], [ -76.5676343, 39.048249300000037 ], [ -76.5687911, 39.044539600000029 ], [ -76.5694941, 39.0460893 ], [ -76.572298, 39.044755299999949 ], [ -76.5743401, 39.046551900000033 ], [ -76.575723, 39.0446512 ], [ -76.5822029, 39.0463966 ], [ -76.580884, 39.048503300000036 ], [ -76.5832179, 39.052770700000011 ], [ -76.5723344, 39.0630933 ], [ -76.570531, 39.057504399999978 ], [ -76.56589, 39.0574437 ], [ -76.5646432, 39.05545530000002 ], [ -76.5605571, 39.05397 ], [ -76.5615897, 39.05018259999995 ], [ -76.556971500000017, 39.04590179999996 ], [ -76.558202, 39.044425299999958 ] ], [ [ -76.5784163, 39.0489146 ], [ -76.5784663, 39.048942 ], [ -76.5784207, 39.048908299999972 ], [ -76.5784163, 39.0489146 ] ], [ [ -76.5803937, 39.049324399999939 ], [ -76.5804115, 39.049243100000012 ], [ -76.5803393, 39.049251100000042 ], [ -76.5803937, 39.049324399999939 ] ], [ [ -76.5805202, 39.049570300000013 ], [ -76.5805339, 39.049568400000041 ], [ -76.5805207, 39.0495506 ], [ -76.5805202, 39.049570300000013 ] ], [ [ -76.5819079, 39.051826700000035 ], [ -76.581457, 39.051342800000036 ], [ -76.581549900000013, 39.0518717 ], [ -76.5819079, 39.051826700000035 ] ], [ [ -76.5814026, 39.0525059 ], [ -76.5804061, 39.050855699999985 ], [ -76.580514, 39.052624600000044 ], [ -76.5814026, 39.0525059 ] ], [ [ -76.5624581, 39.049748900000019 ], [ -76.5622934, 39.050770299999989 ], [ -76.56703610000001, 39.051674399999953 ], [ -76.5649141, 39.0503557 ], [ -76.5624581, 39.049748900000019 ] ], [ [ -76.5681236, 39.05144309999995 ], [ -76.5683934, 39.051227 ], [ -76.5680885, 39.051257200000052 ], [ -76.5681236, 39.05144309999995 ] ], [ [ -76.575601600000013, 39.0533559 ], [ -76.5753372, 39.0531186 ], [ -76.5753055, 39.053529399999981 ], [ -76.575601600000013, 39.0533559 ] ], [ [ -76.5755886, 39.054144900000011 ], [ -76.5754907, 39.0541071 ], [ -76.5755656, 39.05414839999996 ], [ -76.5755886, 39.054144900000011 ] ] ] } },
{ "type": "Feature", "properties": { "state_po": "MD", "county_geoid": "24003", "pwsid": "MD0020013", "pws_name": "GIBSON ISLAND", "population_served_count": 275, "model_method": "", "verification_status": "", "symbology_field": "System Sourced", "intersection_area_sq_km": 3.7472136587495188 }, "geometry": { "type": "Polygon", "coordinates": [ [ [ -76.4332513, 39.059199899999975 ], [ -76.4328257, 39.0637371 ], [ -76.4436372, 39.0746528 ], [ -76.4454658, 39.084826199999981 ], [ -76.4450967, 39.0866763 ], [ -76.4376421, 39.091640899999931 ], [ -76.436287, 39.087047900000051 ], [ -76.4293403, 39.089037 ], [ -76.4306428, 39.087005199999972 ], [ -76.4325625, 39.087122 ], [ -76.433148, 39.0847935 ], [ -76.437470300000015, 39.084177199999949 ], [ -76.4347569, 39.082411899999983 ], [ -76.4322132, 39.0821004 ], [ -76.4315887, 39.085157799999962 ], [ -76.428352, 39.082937700000016 ], [ -76.4232672, 39.08252690000004 ], [ -76.4231754, 39.08600830000001 ], [ -76.42215519076143, 39.083762225339633 ], [ -76.421936, 39.076991 ], [ -76.423646728917575, 39.072953084816085 ], [ -76.4332513, 39.059199899999975 ] ], [ [ -76.431784, 39.066698699999961 ], [ -76.431879600000016, 39.066676800000018 ], [ -76.4318969, 39.066642500000022 ], [ -76.431784, 39.066698699999961 ] ], [ [ -76.4310956, 39.068617700000033 ], [ -76.4310974, 39.068614299999979 ], [ -76.431091, 39.068613399999975 ], [ -76.4310956, 39.068617700000033 ] ], [ [ -76.4352916, 39.069414899999984 ], [ -76.4353183, 39.069469500000018 ], [ -76.4353665, 39.0694154 ], [ -76.4352916, 39.069414899999984 ] ], [ [ -76.4315668, 39.075234300000055 ], [ -76.4349275, 39.0737092 ], [ -76.4329107, 39.0729594 ], [ -76.4340883, 39.072235599999971 ], [ -76.4276344, 39.068663099999959 ], [ -76.4315668, 39.075234300000055 ] ], [ [ -76.4365493, 39.073693800000029 ], [ -76.4366273, 39.073615 ], [ -76.4364955, 39.07358 ], [ -76.4365493, 39.073693800000029 ] ], [ [ -76.4392455, 39.077821300000039 ], [ -76.439247, 39.077809499999987 ], [ -76.4392329, 39.0778089 ], [ -76.4392455, 39.077821300000039 ] ], [ [ -76.4271534, 39.074144500000017 ], [ -76.4271729, 39.0741388 ], [ -76.4271598, 39.074129 ], [ -76.4271534, 39.074144500000017 ] ], [ [ -76.4282433, 39.075090399999986 ], [ -76.4282724, 39.075068599999966 ], [ -76.4282296, 39.0750757 ], [ -76.4282433, 39.075090399999986 ] ], [ [ -76.4259774, 39.075407400000017 ], [ -76.4259598, 39.0753682 ], [ -76.425886599999984, 39.075405600000025 ], [ -76.4259774, 39.075407400000017 ] ], [ [ -76.4259037, 39.0805561 ], [ -76.4262457, 39.0804005 ], [ -76.4258365, 39.080576399999984 ], [ -76.4259037, 39.0805561 ] ], [ [ -76.4228874, 39.081260199999981 ], [ -76.4228149, 39.081339399999969 ], [ -76.4229185, 39.0813607 ], [ -76.4228874, 39.081260199999981 ] ], [ [ -76.4229451, 39.082072199999985 ], [ -76.4222089, 39.081815099999986 ], [ -76.4225627, 39.082791100000023 ], [ -76.4229451, 39.082072199999985 ] ] ] } },
{ "type": "Feature", "properties": { "state_po": "MD", "county_geoid": "24003", "pwsid": "MD0020011", "pws_name": "EPPING FOREST", "population_served_count": 500, "model_method": "", "verification_status": "", "symbology_field": "System Sourced", "intersection_area_sq_km": 0.51844350555224028 }, "geometry": { "type": "Polygon", "coordinates": [ [ [ -76.5334772, 39.0087034 ], [ -76.5357855, 39.011328399999961 ], [ -76.5323458, 39.015430699999968 ], [ -76.5343462, 39.016003 ], [ -76.5299935, 39.018072 ], [ -76.5249712, 39.014842499999965 ], [ -76.5334772, 39.0087034 ] ], [ [ -76.531196100000017, 39.011626699999958 ], [ -76.531194, 39.011612600000014 ], [ -76.5311654, 39.011619 ], [ -76.531196100000017, 39.011626699999958 ] ], [ [ -76.5316466, 39.014543 ], [ -76.5315438, 39.014506099999984 ], [ -76.5315534, 39.014572899999983 ], [ -76.5316466, 39.014543 ] ] ] } },
{ "type": "Feature", "properties": { "state_po": "MD", "county_geoid": "24023", "pwsid": "WV3301205", "pws_name": "MOUNTAIN TOP PSD", "population_served_count": 2117, "model_method": "", "verification_status": "", "symbology_field": "System Sourced", "intersection_area_sq_km": 0.19430838116763102 }, "geometry": { "type": "MultiPolygon", "coordinates": [ [ [ [ -79.370543512754551, 39.274188984872779 ], [ -79.359213804714969, 39.275797649917024 ], [ -79.361343, 39.274924 ], [ -79.370543512754551, 39.274188984872779 ] ] ], [ [ [ -79.355329085052148, 39.278009950183332 ], [ -79.351329486062184, 39.283750246632593 ], [ -79.352059, 39.280605 ], [ -79.355329085052148, 39.278009950183332 ] ] ], [ [ [ -79.346506759908607, 39.290270701723188 ], [ -79.343625, 39.287148 ], [ -79.343906598533493, 39.286025498933164 ], [ -79.346506759908607, 39.290270701723188 ] ] ], [ [ [ -79.3479346, 39.293371400000019 ], [ -79.3463392, 39.2946997 ], [ -79.341012237311631, 39.293774491368488 ], [ -79.346011, 39.29396 ], [ -79.347079698096664, 39.291022203827673 ], [ -79.3479346, 39.293371400000019 ] ] ] ] } },
{ "type": "Feature", "properties": { "state_po": "MD", "county_geoid": "24023", "pwsid": "WV3303921", "pws_name": "ALPINE LAKE PUBLIC UTILITIES", "population_served_count": 1325, "model_method": "", "verification_status": "", "symbology_field": "System Sourced", "intersection_area_sq_km": 0.13899180944875217 }, "geometry": { "type": "MultiPolygon", "coordinates": [ [ [ [ -79.4833048, 39.453905499999983 ], [ -79.483297956225542, 39.454608913273205 ], [ -79.483311483542721, 39.45321892500013 ], [ -79.4833048, 39.453905499999983 ] ] ], [ [ [ -79.483253417224063, 39.459186367128417 ], [ -79.483180628857838, 39.466665889070981 ], [ -79.4823622, 39.4653807 ], [ -79.483253417224063, 39.459186367128417 ] ] ], [ [ [ -79.483148229946934, 39.469994615242484 ], [ -79.483118464579604, 39.473052498933576 ], [ -79.4823114, 39.470695400000039 ], [ -79.483148229946934, 39.469994615242484 ] ] ], [ [ [ -79.4810441, 39.490285499999978 ], [ -79.482981512378842, 39.487118705612453 ], [ -79.482915390647506, 39.493908057085022 ], [ -79.4810441, 39.490285499999978 ] ] ] ] } },
{ "type": "Feature", "properties": { "state_po": "MD", "county_geoid": "24023", "pwsid": "MD0110001", "pws_name": "TOWN OF ACCIDENT", "population_served_count": 300, "model_method": "", "verification_status": "", "symbology_field": "System Sourced", "intersection_area_sq_km": 1.4197637312122868 }, "geometry": { "type": "Polygon", "coordinates": [ [ [ -79.316838, 39.6225291 ], [ -79.3214195, 39.615705200000043 ], [ -79.3258907, 39.618857300000016 ], [ -79.3234972, 39.6220895 ], [ -79.3261618, 39.624132800000027 ], [ -79.3232541, 39.627331499999954 ], [ -79.326305, 39.628701799999973 ], [ -79.3259585, 39.630930200000037 ], [ -79.3228645, 39.629679599999982 ], [ -79.3235072, 39.631792300000043 ], [ -79.3220545, 39.632491300000012 ], [ -79.3195149, 39.630443600000021 ], [ -79.3181857, 39.632280499999979 ], [ -79.314769, 39.631373900000035 ], [ -79.3157803, 39.627854100000036 ], [ -79.3089767, 39.6266695 ], [ -79.3092675, 39.6253722 ], [ -79.3121495, 39.625400500000033 ], [ -79.3123492, 39.619467100000044 ], [ -79.316838, 39.6225291 ] ] ] } },
{ "type": "Feature", "properties": { "state_po": "MD", "county_geoid": "24023", "pwsid": "MD0110204", "pws_name": "BACKBONE MOUNTAIN BOYS CAMP", "population_served_count": 60, "model_method": "", "verification_status": "", "symbology_field": "System Sourced", "intersection_area_sq_km": 39.259556012342514 }, "geometry": { "type": "MultiPolygon", "coordinates": [ [ [ [ -79.2838706, 39.309924100000053 ], [ -79.2888726, 39.305164800000021 ], [ -79.2915606, 39.307363200000033 ], [ -79.290463, 39.310308299999974 ], [ -79.2932797, 39.313972900000039 ], [ -79.290924300000015, 39.318273799999957 ], [ -79.2977607, 39.319652499999989 ], [ -79.297702, 39.32509330000002 ], [ -79.2883727, 39.327962400000011 ], [ -79.2879789, 39.3340772 ], [ -79.2945158, 39.33436649999998 ], [ -79.2944291, 39.3388278 ], [ -79.2961084, 39.338843 ], [ -79.2960844, 39.340545499999955 ], [ -79.2920209, 39.343230399999946 ], [ -79.284912, 39.34185320000001 ], [ -79.2825429, 39.3423303 ], [ -79.2779128, 39.341264899999977 ], [ -79.2721528, 39.340959699999956 ], [ -79.2825327, 39.342412299999971 ], [ -79.2848992, 39.341935 ], [ -79.2920024, 39.343312799999985 ], [ -79.2958958, 39.340842899999949 ], [ -79.2953286, 39.342094700000011 ], [ -79.2943635, 39.346364799999968 ], [ -79.2905393, 39.34805930000001 ], [ -79.2872235, 39.347787400000023 ], [ -79.2847505, 39.348455100000038 ], [ -79.2734011, 39.344479800000016 ], [ -79.2709598, 39.3448004 ], [ -79.2686639, 39.345664800000037 ], [ -79.2634595, 39.3427728 ], [ -79.2609035, 39.3418792 ], [ -79.2602523, 39.34189749999998 ], [ -79.2583662, 39.3437178 ], [ -79.2625675, 39.344008900000013 ], [ -79.2655248, 39.346325099999987 ], [ -79.2600813, 39.344968300000019 ], [ -79.2583717, 39.348889100000036 ], [ -79.2698672, 39.3533265 ], [ -79.2707856, 39.358629400000019 ], [ -79.2594889, 39.3587073 ], [ -79.2592747, 39.354561599999947 ], [ -79.2571334, 39.3552217 ], [ -79.2538684, 39.3495509 ], [ -79.2578278, 39.341950299999986 ], [ -79.2539435, 39.337420200000011 ], [ -79.260079, 39.3344515 ], [ -79.2691843, 39.336073200000016 ], [ -79.270292676801319, 39.329349968175705 ], [ -79.2823273, 39.323174900000019 ], [ -79.2838706, 39.309924100000053 ] ] ], [ [ [ -79.2713147, 39.3503013 ], [ -79.2630061, 39.344071900000024 ], [ -79.2603366, 39.343301599999954 ], [ -79.2585065, 39.343596699999964 ], [ -79.2608674, 39.3419854 ], [ -79.2686981, 39.345787899999983 ], [ -79.2732788, 39.3445722 ], [ -79.2792855, 39.347436 ], [ -79.2847342, 39.348564200000013 ], [ -79.290361, 39.348198400000044 ], [ -79.2942606, 39.346777399999972 ], [ -79.2960811, 39.3407801 ], [ -79.295965, 39.35002369999998 ], [ -79.2713147, 39.3503013 ] ] ], [ [ [ -79.236359528889523, 39.358781050563273 ], [ -79.2432091, 39.359561099999965 ], [ -79.2498392, 39.3558522 ], [ -79.2503412, 39.362336 ], [ -79.2453411, 39.362379600000061 ], [ -79.2453718, 39.365668399999961 ], [ -79.2527409, 39.370562500000041 ], [ -79.2756865, 39.370863799999974 ], [ -79.2741922, 39.3775535 ], [ -79.2830166, 39.378551699999981 ], [ -79.2781288, 39.38195 ], [ -79.2734403, 39.381923600000015 ], [ -79.272857, 39.379123499999984 ], [ -79.2618319, 39.378905700000011 ], [ -79.2618582, 39.3819655 ], [ -79.2669965, 39.3820082 ], [ -79.2669697, 39.386098900000022 ], [ -79.2562887, 39.386015199999953 ], [ -79.2561974, 39.381884 ], [ -79.251748, 39.381859400000025 ], [ -79.2517688, 39.377536400000011 ], [ -79.2468309, 39.377492 ], [ -79.2469804, 39.3690987 ], [ -79.2281377, 39.3689672 ], [ -79.2280683, 39.364601400000033 ], [ -79.231884, 39.365031700000024 ], [ -79.2331869, 39.360025300000011 ], [ -79.236359528889523, 39.358781050563273 ] ] ], [ [ [ -79.3023413, 39.384407899999971 ], [ -79.3011911, 39.3836209 ], [ -79.3003923, 39.38326319999998 ], [ -79.3023413, 39.384407899999971 ] ] ], [ [ [ -79.2859768, 39.396217299999989 ], [ -79.2846377, 39.38872270000001 ], [ -79.2891352, 39.389912100000039 ], [ -79.290621, 39.387423400000053 ], [ -79.292939, 39.387352899999989 ], [ -79.2880373, 39.383188900000064 ], [ -79.2783414, 39.3819524 ], [ -79.2821137, 39.379789 ], [ -79.2860959, 39.3744012 ], [ -79.2858334, 39.3775894 ], [ -79.2885358, 39.378116700000035 ], [ -79.2930862, 39.385234499999981 ], [ -79.2949746, 39.3833224 ], [ -79.3001198, 39.383266200000016 ], [ -79.3023422, 39.384559800000012 ], [ -79.30236, 39.3875711 ], [ -79.3043704, 39.387819300000054 ], [ -79.3022974, 39.392434200000032 ], [ -79.2979471, 39.3952726 ], [ -79.2975751, 39.3958036 ], [ -79.2972302, 39.396895 ], [ -79.2859768, 39.396217299999989 ] ] ], [ [ [ -79.3045049, 39.387560799999953 ], [ -79.3048106, 39.38855329999997 ], [ -79.3041984, 39.389244 ], [ -79.3045049, 39.387560799999953 ] ] ], [ [ [ -79.3059659, 39.393505 ], [ -79.3040267, 39.39478409999996 ], [ -79.2973344, 39.396913199999943 ], [ -79.3020972, 39.392832599999984 ], [ -79.3056834, 39.38783770000002 ], [ -79.3075211, 39.3875462 ], [ -79.3059659, 39.393505 ] ] ], [ [ [ -79.2861994, 39.39634150000002 ], [ -79.2928134, 39.3969642 ], [ -79.2928869, 39.400574199999966 ], [ -79.295995499999989, 39.4004507 ], [ -79.2921136, 39.4060825 ], [ -79.2891016, 39.40153470000002 ], [ -79.2863039, 39.405464 ], [ -79.2812499, 39.407874799999988 ], [ -79.2777317, 39.41164620000005 ], [ -79.2756281, 39.405530599999985 ], [ -79.282360400000016, 39.40144470000002 ], [ -79.2861994, 39.39634150000002 ] ] ], [ [ [ -79.2541686, 39.3953644 ], [ -79.259882, 39.411275 ], [ -79.2692203, 39.4111457 ], [ -79.2730426, 39.413261099999964 ], [ -79.261996200000013, 39.417558 ], [ -79.26295180000001, 39.4212498 ], [ -79.254682699999989, 39.42925020000002 ], [ -79.2509344, 39.421810700000023 ], [ -79.2559044, 39.420686700000019 ], [ -79.2545914, 39.417153 ], [ -79.2569259, 39.416616700000013 ], [ -79.2541963, 39.407228499999988 ], [ -79.2515483, 39.4070838 ], [ -79.2452546, 39.41053430000003 ], [ -79.2429099, 39.405878 ], [ -79.2434144, 39.39794430000002 ], [ -79.2541686, 39.3953644 ] ] ], [ [ [ -79.1996858, 39.4501049 ], [ -79.2009292, 39.44869359999997 ], [ -79.2037668, 39.451087300000019 ], [ -79.2094946, 39.449637199999955 ], [ -79.2279578, 39.433176600000039 ], [ -79.2298642, 39.4375974 ], [ -79.2283262, 39.4419541 ], [ -79.2236681, 39.443889500000026 ], [ -79.2128817, 39.450502899999961 ], [ -79.2017995, 39.4544117 ], [ -79.2012323, 39.452240499999974 ], [ -79.1996858, 39.4501049 ] ] ], [ [ [ -79.2257127, 39.443139799999976 ], [ -79.221327, 39.448148 ], [ -79.2152337, 39.450966099999981 ], [ -79.214787, 39.4496137 ], [ -79.2257127, 39.443139799999976 ] ] ], [ [ [ -79.200057, 39.459261899999959 ], [ -79.2210236, 39.448457499999954 ], [ -79.227381, 39.442594100000015 ], [ -79.2312901, 39.4415511 ], [ -79.232645100000013, 39.443292399999955 ], [ -79.2242429, 39.449825800000021 ], [ -79.2276568, 39.4514104 ], [ -79.2238786, 39.456234599999945 ], [ -79.2225959, 39.455590600000015 ], [ -79.2198885, 39.4551986 ], [ -79.2177967, 39.4551425 ], [ -79.2140996, 39.455386799999978 ], [ -79.211590300000012, 39.455936200000039 ], [ -79.2019153, 39.459177 ], [ -79.200057, 39.459261899999959 ] ], [ [ -79.2052707, 39.4571085 ], [ -79.2053894, 39.456969200000025 ], [ -79.2051435, 39.456973800000021 ], [ -79.2052707, 39.4571085 ] ] ], [ [ [ -79.1995276, 39.44999390000001 ], [ -79.2006856, 39.45170959999998 ], [ -79.1947722, 39.4500968 ], [ -79.192698, 39.4499722 ], [ -79.199360200000015, 39.4488644 ], [ -79.1995276, 39.44999390000001 ] ] ], [ [ [ -79.1788671, 39.456646300000017 ], [ -79.1795815, 39.455447 ], [ -79.1858571, 39.4573082 ], [ -79.1878799, 39.4531397 ], [ -79.1902117, 39.454256200000032 ], [ -79.1926532, 39.4500494 ], [ -79.2006945, 39.4518051 ], [ -79.2015863, 39.453681500000044 ], [ -79.1948159, 39.4585803 ], [ -79.1973645, 39.46028130000002 ], [ -79.1932991, 39.4617598 ], [ -79.1921786, 39.461370299999963 ], [ -79.190192, 39.4609886 ], [ -79.1879752, 39.4597276 ], [ -79.1788671, 39.456646300000017 ] ] ], [ [ [ -79.1638727, 39.485073099999951 ], [ -79.1623998, 39.4842124 ], [ -79.168328699999989, 39.477704699999954 ], [ -79.1636976, 39.475022099999975 ], [ -79.1611093, 39.478790800000027 ], [ -79.1578633, 39.482355699999957 ], [ -79.156456600000013, 39.483323700000028 ], [ -79.1635469, 39.474949900000013 ], [ -79.1539364, 39.474178 ], [ -79.1558827, 39.4781358 ], [ -79.1546111, 39.478496 ], [ -79.1460552, 39.4780564 ], [ -79.1441965, 39.4744735 ], [ -79.1505039, 39.474721699999982 ], [ -79.1481001, 39.470199599999972 ], [ -79.157845, 39.47092260000003 ], [ -79.157913, 39.466586300000053 ], [ -79.1621857, 39.466631299999953 ], [ -79.1660235, 39.456192700000024 ], [ -79.1683102, 39.455778099999975 ], [ -79.1703002, 39.45289680000004 ], [ -79.1718899, 39.453240399999977 ], [ -79.169925, 39.4575564 ], [ -79.1754471, 39.461323300000018 ], [ -79.1786097, 39.460393300000057 ], [ -79.1747457, 39.458830099999986 ], [ -79.1776762, 39.455956299999961 ], [ -79.1788039, 39.4567127 ], [ -79.1828606, 39.458434500000024 ], [ -79.1878256, 39.4597647 ], [ -79.1900288, 39.461018400000029 ], [ -79.1932011, 39.46180820000005 ], [ -79.1859005, 39.465158599999981 ], [ -79.1787765, 39.469032700000014 ], [ -79.1999058, 39.459291199999974 ], [ -79.2017908, 39.4593275 ], [ -79.2141237, 39.455495 ], [ -79.2238041, 39.456329699999976 ], [ -79.208345, 39.4639694 ], [ -79.2040757, 39.4651882 ], [ -79.2011104, 39.46282379999996 ], [ -79.1960849, 39.4666102 ], [ -79.1986317, 39.4695162 ], [ -79.1964732, 39.47162919999996 ], [ -79.1937729, 39.47180320000006 ], [ -79.1927309, 39.47233480000002 ], [ -79.1915127, 39.4743946 ], [ -79.190621, 39.477838799999986 ], [ -79.1841132, 39.482057599999976 ], [ -79.1831215, 39.480803 ], [ -79.186581, 39.477068399999979 ], [ -79.1842874, 39.475840700000013 ], [ -79.1809622, 39.480163300000036 ], [ -79.1836081, 39.482645 ], [ -79.1825525, 39.483794600000017 ], [ -79.1753965, 39.4884408 ], [ -79.1739837, 39.489932799999956 ], [ -79.171594, 39.490673500000042 ], [ -79.165237, 39.493877199999979 ], [ -79.1569261, 39.500566 ], [ -79.1559687, 39.496925100000055 ], [ -79.1541254, 39.497199300000027 ], [ -79.1563374, 39.490994899999976 ], [ -79.1638727, 39.485073099999951 ] ], [ [ -79.2064141, 39.463280699999977 ], [ -79.2103782, 39.460315899999955 ], [ -79.2067905, 39.45917870000001 ], [ -79.1996874, 39.459968400000058 ], [ -79.2064141, 39.463280699999977 ] ] ], [ [ [ -79.1944625, 39.483178700000018 ], [ -79.1898594, 39.478597299999983 ], [ -79.1913747, 39.4771236 ], [ -79.1918276, 39.474045900000029 ], [ -79.1932129, 39.4721149 ], [ -79.1964808, 39.471751499999989 ], [ -79.2023148, 39.4683098 ], [ -79.2070802, 39.474607099999986 ], [ -79.1988519, 39.478678499999951 ], [ -79.2017708, 39.483097899999976 ], [ -79.2066633, 39.485454 ], [ -79.2042232, 39.488563799999987 ], [ -79.2050272, 39.49429 ], [ -79.2009334, 39.496813200000013 ], [ -79.1962104, 39.495529600000012 ], [ -79.1988624, 39.4910822 ], [ -79.1876281, 39.487167099999965 ], [ -79.1944625, 39.483178700000018 ] ] ], [ [ [ -79.1716938, 39.49168509999997 ], [ -79.17396380000001, 39.49008 ], [ -79.1750447, 39.48894720000002 ], [ -79.175736, 39.48937530000002 ], [ -79.1716938, 39.49168509999997 ] ] ], [ [ [ -79.1394149, 39.485055799999969 ], [ -79.1496694, 39.487898300000026 ], [ -79.1477899, 39.490445699999981 ], [ -79.1387884, 39.489462200000027 ], [ -79.1361656, 39.4867949 ], [ -79.1394149, 39.485055799999969 ] ] ] ] } },
{ "type": "Feature", "properties": { "state_po": "MD", "county_geoid": "24023", "pwsid": "MD0110002", "pws_name": "BLOOMINGTON", "population_served_count": 350, "model_method": "", "verification_status": "", "symbology_field": "System Sourced", "intersection_area_sq_km": 0.85157721963153199 }, "geometry": { "type": "Polygon", "coordinates": [ [ [ -79.0684675, 39.474986199999968 ], [ -79.0723148, 39.47411390000002 ], [ -79.0783893, 39.4750829 ], [ -79.0746382, 39.4778483 ], [ -79.0739669, 39.4806169 ], [ -79.0706581, 39.480222399999974 ], [ -79.0740366, 39.4864481 ], [ -79.081348, 39.4869373 ], [ -79.075894300000016, 39.487376499999975 ], [ -79.0762452, 39.491992700000026 ], [ -79.0710566, 39.48959229999997 ], [ -79.0690674, 39.482019 ], [ -79.067504, 39.481336599999985 ], [ -79.0704713, 39.4784953 ], [ -79.0684675, 39.474986199999968 ] ] ] } },
{ "type": "Feature", "properties": { "state_po": "MD", "county_geoid": "24023", "pwsid": "MD0110003", "pws_name": "CRELLIN", "population_served_count": 230, "model_method": "", "verification_status": "", "symbology_field": "System Sourced", "intersection_area_sq_km": 0.57577310454867392 }, "geometry": { "type": "Polygon", "coordinates": [ [ [ -79.4742434, 39.396452699999983 ], [ -79.4698638, 39.398190599999978 ], [ -79.4690041, 39.396603200000037 ], [ -79.4670307, 39.397032 ], [ -79.462932, 39.388977900000015 ], [ -79.4611987, 39.390120300000028 ], [ -79.459075200000015, 39.388394899999987 ], [ -79.4642708, 39.3873455 ], [ -79.4658727, 39.388903199999973 ], [ -79.469553499999989, 39.384811499999984 ], [ -79.4707074, 39.386476500000029 ], [ -79.471819, 39.384880199999955 ], [ -79.4758817, 39.385014199999958 ], [ -79.4733787, 39.38726209999998 ], [ -79.4743486, 39.388370299999949 ], [ -79.471115, 39.386363699999983 ], [ -79.4675104, 39.390452499999959 ], [ -79.4705136, 39.39615729999997 ], [ -79.4742434, 39.396452699999983 ] ] ] } },
{ "type": "Feature", "properties": { "state_po": "MD", "county_geoid": "24023", "pwsid": "MD0110021", "pws_name": "TOWN OF DEER PARK", "population_served_count": 272, "model_method": "", "verification_status": "", "symbology_field": "System Sourced", "intersection_area_sq_km": 3.4698212776409156 }, "geometry": { "type": "MultiPolygon", "coordinates": [ [ [ [ -79.3041737, 39.4070414 ], [ -79.3028254, 39.40771729999998 ], [ -79.3020352, 39.407196899999988 ], [ -79.3021869, 39.4070227 ], [ -79.3041737, 39.4070414 ] ] ], [ [ [ -79.2984167, 39.414355800000024 ], [ -79.2957401, 39.410377299999986 ], [ -79.2939289, 39.4109522 ], [ -79.3001686, 39.408749499999978 ], [ -79.3026225, 39.412827699999987 ], [ -79.2984167, 39.414355800000024 ] ] ], [ [ [ -79.3221258, 39.427530699999984 ], [ -79.3188071, 39.431325899999962 ], [ -79.319418900000016, 39.430282800000022 ], [ -79.3156468, 39.428911799999987 ], [ -79.3208171, 39.4262 ], [ -79.3231773, 39.42317170000004 ], [ -79.3163289, 39.427422099999987 ], [ -79.3116659, 39.4264111 ], [ -79.3142082, 39.4237639 ], [ -79.3097976, 39.423998600000019 ], [ -79.3088809, 39.4225485 ], [ -79.3210429, 39.420886300000021 ], [ -79.3127536, 39.414809199999958 ], [ -79.3119211, 39.413184799999975 ], [ -79.3084765, 39.413881700000026 ], [ -79.3075356, 39.412350099999983 ], [ -79.3098061, 39.411409499999984 ], [ -79.306362, 39.407556599999957 ], [ -79.3157169, 39.407095900000023 ], [ -79.3158455, 39.4026938 ], [ -79.3223595, 39.405852899999957 ], [ -79.314827, 39.4099616 ], [ -79.312059499999989, 39.409723199999981 ], [ -79.3106432, 39.412018800000048 ], [ -79.3182663, 39.418182499999986 ], [ -79.3217293, 39.41546529999998 ], [ -79.32792280000001, 39.418715 ], [ -79.3337498, 39.4118823 ], [ -79.3354704, 39.4145115 ], [ -79.3333414, 39.418196400000014 ], [ -79.3361294, 39.422715800000013 ], [ -79.3405347, 39.424170599999975 ], [ -79.3404607, 39.420634500000027 ], [ -79.3435443, 39.421809100000011 ], [ -79.3411963, 39.425243699999982 ], [ -79.3390648, 39.424425200000037 ], [ -79.3394959, 39.426119699999944 ], [ -79.339047, 39.4263213 ], [ -79.3381324, 39.4241451 ], [ -79.33220750000001, 39.428008299999988 ], [ -79.336209599999989, 39.4307225 ], [ -79.333862, 39.433545599999967 ], [ -79.331846, 39.429593699999941 ], [ -79.3260825, 39.433885599999975 ], [ -79.3253628, 39.4279875 ], [ -79.3221258, 39.427530699999984 ] ], [ [ -79.3231548, 39.4260921 ], [ -79.323157, 39.427434199999972 ], [ -79.3240444, 39.4264507 ], [ -79.3231548, 39.4260921 ] ], [ [ -79.3231192, 39.423022 ], [ -79.3250928, 39.421529 ], [ -79.3267958, 39.420364499999977 ], [ -79.324782, 39.421081599999951 ], [ -79.3231192, 39.423022 ] ] ], [ [ [ -79.3384347, 39.422955900000012 ], [ -79.337543, 39.4222218 ], [ -79.3386288, 39.422651400000028 ], [ -79.3384347, 39.422955900000012 ] ] ] ] } },
{ "type": "Feature", "properties": { "state_po": "MD", "county_geoid": "24023", "pwsid": "MD0110004", "pws_name": "TOWN OF FRIENDSVILLE", "population_served_count": 622, "model_method": "", "verification_status": "", "symbology_field": "System Sourced", "intersection_area_sq_km": 0.84374921357696719 }, "geometry": { "type": "Polygon", "coordinates": [ [ [ -79.3970854, 39.657333399999928 ], [ -79.3996165, 39.6623074 ], [ -79.4055968, 39.661084499999966 ], [ -79.4043694, 39.6552466 ], [ -79.4068455, 39.657206500000029 ], [ -79.4064044, 39.660349899999979 ], [ -79.4102291, 39.659738400000023 ], [ -79.4083898, 39.664047199999928 ], [ -79.4058289, 39.665674400000022 ], [ -79.4070497, 39.66962980000001 ], [ -79.406559, 39.670432199999986 ], [ -79.4044326, 39.668594400000046 ], [ -79.3998631, 39.668773199999983 ], [ -79.3981033, 39.6668461 ], [ -79.4010553, 39.6648721 ], [ -79.3976425, 39.664835800000027 ], [ -79.400395, 39.663557299999972 ], [ -79.3967952, 39.6612387 ], [ -79.3942096, 39.6621286 ], [ -79.3941347, 39.65749969999996 ], [ -79.3951859, 39.658855099999968 ], [ -79.3970854, 39.657333399999928 ] ] ] } },
{ "type": "Feature", "properties": { "state_po": "MD", "county_geoid": "24023", "pwsid": "MD0110012", "pws_name": "GORMAN", "population_served_count": 150, "model_method": "", "verification_status": "", "symbology_field": "System Sourced", "intersection_area_sq_km": 12.931904920951881 }, "geometry": { "type": "Polygon", "coordinates": [ [ [ -79.3407173, 39.2944 ], [ -79.3460502, 39.2944184 ], [ -79.3481933, 39.2920053 ], [ -79.347423, 39.287288199999978 ], [ -79.354238, 39.286024 ], [ -79.3611473, 39.286028100000038 ], [ -79.3613667, 39.292253099999968 ], [ -79.3637664, 39.2930992 ], [ -79.363535, 39.291253799999971 ], [ -79.3658091, 39.292955600000056 ], [ -79.3663531, 39.276206599999981 ], [ -79.3736421, 39.278581299999971 ], [ -79.3733105, 39.274011899999984 ], [ -79.379351, 39.271086 ], [ -79.3902435, 39.2763889 ], [ -79.3861074, 39.278979700000015 ], [ -79.387685, 39.278758800000055 ], [ -79.3863415, 39.286231 ], [ -79.3817104, 39.286193200000021 ], [ -79.380836800000012, 39.292041200000021 ], [ -79.3741161, 39.290602 ], [ -79.3739711, 39.293401699999983 ], [ -79.3690085, 39.293706700000023 ], [ -79.378280600000011, 39.2978835 ], [ -79.3825716, 39.2970937 ], [ -79.3823068, 39.298438400000038 ], [ -79.386707, 39.29811250000003 ], [ -79.3924471, 39.301098499999988 ], [ -79.3940567, 39.299861200000031 ], [ -79.3944645, 39.301608699999989 ], [ -79.3981565, 39.2998955 ], [ -79.402887, 39.30482819999996 ], [ -79.4039489, 39.303110900000021 ], [ -79.4052052, 39.305596 ], [ -79.4074331, 39.3055887 ], [ -79.4057481, 39.30210689999997 ], [ -79.4083714, 39.3051251 ], [ -79.4131723, 39.300937299999987 ], [ -79.4169378, 39.301244400000037 ], [ -79.4198051, 39.2992956 ], [ -79.4210093, 39.295038299999987 ], [ -79.4230968, 39.295413100000047 ], [ -79.4221445, 39.292733699999985 ], [ -79.4238829, 39.2907306 ], [ -79.4221088, 39.287772299999958 ], [ -79.4266144, 39.2840363 ], [ -79.4261227, 39.281666199999975 ], [ -79.4163666, 39.28593530000002 ], [ -79.4155683, 39.284748 ], [ -79.4179061, 39.283782699999975 ], [ -79.4153549, 39.280328599999983 ], [ -79.4109685, 39.283027900000029 ], [ -79.4073621, 39.283398899999987 ], [ -79.4072526, 39.287078500000057 ], [ -79.4017935, 39.284376199999947 ], [ -79.403392, 39.2816493 ], [ -79.4082032, 39.280043099999986 ], [ -79.4031005, 39.2781 ], [ -79.4059135, 39.276437 ], [ -79.4029964, 39.272495199999959 ], [ -79.4080783, 39.270237099999974 ], [ -79.4111665, 39.2743643 ], [ -79.4128425, 39.2735629 ], [ -79.412925199999989, 39.269857699999982 ], [ -79.4084092, 39.269892100000021 ], [ -79.4105287, 39.2653757 ], [ -79.42092980000001, 39.26974569999998 ], [ -79.4169599, 39.27150290000003 ], [ -79.4171039, 39.272723399999954 ], [ -79.418709, 39.275103399999971 ], [ -79.4215684, 39.2756805 ], [ -79.4263131, 39.2793481 ], [ -79.4266927, 39.283926199999989 ], [ -79.4286237, 39.27576569999998 ], [ -79.4272938, 39.274143800000026 ], [ -79.4265088, 39.2723658 ], [ -79.4233241, 39.272861 ], [ -79.4264837, 39.272278600000028 ], [ -79.4256438, 39.2692264 ], [ -79.4281158, 39.266723399999961 ], [ -79.4283964, 39.2631994 ], [ -79.4293567, 39.263073699999985 ], [ -79.4287656, 39.265071900000024 ], [ -79.430353400000016, 39.264982700000026 ], [ -79.4308921, 39.267428500000015 ], [ -79.4290112, 39.2685554 ], [ -79.4306653, 39.270027600000034 ], [ -79.4272772, 39.272196699999974 ], [ -79.4301556, 39.273927 ], [ -79.4271663, 39.273579600000019 ], [ -79.4286417, 39.275005 ], [ -79.4289496, 39.277296799999974 ], [ -79.42686, 39.2884623 ], [ -79.4327134, 39.287957899999981 ], [ -79.4343658, 39.289062099999988 ], [ -79.4288261, 39.294109300000038 ], [ -79.4243408, 39.293497499999972 ], [ -79.4249101, 39.295576799999978 ], [ -79.4146563, 39.3040076 ], [ -79.410357500000018, 39.303714500000041 ], [ -79.4004049, 39.312708099999988 ], [ -79.3993455, 39.31160749999998 ], [ -79.401284, 39.308490399999961 ], [ -79.4058082, 39.305850499999984 ], [ -79.3988658, 39.30460470000002 ], [ -79.3966125, 39.302875400000012 ], [ -79.3959654, 39.305079800000016 ], [ -79.391602100000014, 39.304790899999972 ], [ -79.3917158, 39.309837 ], [ -79.3899202, 39.3105576 ], [ -79.3895652, 39.316044600000019 ], [ -79.386863, 39.318599 ], [ -79.3807006, 39.3152464 ], [ -79.378005, 39.311975499999988 ], [ -79.3735804, 39.311979300000026 ], [ -79.373725, 39.307008499999945 ], [ -79.3759608, 39.3063859 ], [ -79.374143900000021, 39.301732 ], [ -79.3798251, 39.299840200000013 ], [ -79.3801893, 39.298327500000028 ], [ -79.3741139, 39.297671300000019 ], [ -79.3734798, 39.296262 ], [ -79.372491599999989, 39.301332099999954 ], [ -79.3681526, 39.302329799999974 ], [ -79.3650247, 39.299131499999952 ], [ -79.3655032, 39.2983246 ], [ -79.3657126, 39.2975142 ], [ -79.365984, 39.294817 ], [ -79.3688779, 39.294421599999986 ], [ -79.3657636, 39.293064900000012 ], [ -79.3649186, 39.2991323 ], [ -79.3653586, 39.302387599999967 ], [ -79.359729, 39.302308600000018 ], [ -79.3596169, 39.3067873 ], [ -79.354964099999989, 39.306738700000011 ], [ -79.3550387, 39.302219900000011 ], [ -79.3469765, 39.302124299999981 ], [ -79.3491186, 39.298338800000018 ], [ -79.3480472, 39.297040599999981 ], [ -79.3411191, 39.2975739 ], [ -79.3407173, 39.2944 ] ], [ [ -79.417692, 39.2739287 ], [ -79.4162297, 39.274727699999971 ], [ -79.417066, 39.2757552 ], [ -79.4185411, 39.275084799999988 ], [ -79.417692, 39.2739287 ] ], [ [ -79.4218123, 39.275979100000036 ], [ -79.4196036, 39.2769027 ], [ -79.4208006, 39.278469899999941 ], [ -79.4227633, 39.277551 ], [ -79.4218123, 39.275979100000036 ] ], [ [ -79.3571859, 39.292934199999983 ], [ -79.3505496, 39.290688699999968 ], [ -79.3505663, 39.297514 ], [ -79.3564157, 39.2978068 ], [ -79.3571859, 39.292934199999983 ] ], [ [ -79.3550582, 39.306669599999935 ], [ -79.3558751, 39.305567699999976 ], [ -79.355078, 39.305528500000015 ], [ -79.3550582, 39.306669599999935 ] ] ] } },
{ "type": "Feature", "properties": { "state_po": "MD", "county_geoid": "24023", "pwsid": "MD0110005", "pws_name": "TOWN OF GRANTSVILLE", "population_served_count": 885, "model_method": "", "verification_status": "", "symbology_field": "System Sourced", "intersection_area_sq_km": 2.7132651738082525 }, "geometry": { "type": "MultiPolygon", "coordinates": [ [ [ [ -79.1732838, 39.6959669 ], [ -79.1723096, 39.698300700000019 ], [ -79.1711076, 39.696227199999974 ], [ -79.1732838, 39.6959669 ] ] ], [ [ [ -79.1772295, 39.695000699999987 ], [ -79.1852459, 39.701189700000036 ], [ -79.1851638, 39.7020389 ], [ -79.1802052, 39.70077040000001 ], [ -79.1759819, 39.6958936 ], [ -79.1772295, 39.695000699999987 ] ] ], [ [ [ -79.1670573, 39.696141499999975 ], [ -79.1628295, 39.698193600000025 ], [ -79.162734, 39.7016466 ], [ -79.160052, 39.70462449999998 ], [ -79.1564048, 39.701180300000033 ], [ -79.1561884, 39.70520770000001 ], [ -79.1587971, 39.7053358 ], [ -79.1586121, 39.7072269 ], [ -79.1526955, 39.707274100000021 ], [ -79.152709700000017, 39.708188 ], [ -79.1481354, 39.7081606 ], [ -79.1498305, 39.70580590000003 ], [ -79.1480058, 39.705291200000012 ], [ -79.148182800000015, 39.703822 ], [ -79.152056, 39.70377220000001 ], [ -79.1535832, 39.6989711 ], [ -79.1503811, 39.697117100000035 ], [ -79.1460879, 39.697694200000051 ], [ -79.1456612, 39.6955619 ], [ -79.1421505, 39.6984529 ], [ -79.1382868, 39.6973439 ], [ -79.1363492, 39.701829699999983 ], [ -79.1366792, 39.696423700000061 ], [ -79.147274, 39.69314360000002 ], [ -79.145801400000011, 39.685827200000013 ], [ -79.1520925, 39.683789499999989 ], [ -79.1536603, 39.688519800000037 ], [ -79.1561673, 39.689114100000019 ], [ -79.1548404, 39.69290680000001 ], [ -79.1593746, 39.695347600000041 ], [ -79.1670573, 39.696141499999975 ] ] ], [ [ [ -79.1853257, 39.701422 ], [ -79.1875241, 39.702337 ], [ -79.1852739, 39.702018 ], [ -79.1853257, 39.701422 ] ] ], [ [ [ -79.1857653, 39.702566 ], [ -79.1852421, 39.702197699999978 ], [ -79.1857766, 39.702275 ], [ -79.1857653, 39.702566 ] ] ], [ [ [ -79.1882376, 39.703126900000065 ], [ -79.188863, 39.702711799999982 ], [ -79.188815, 39.703177 ], [ -79.1882376, 39.703126900000065 ] ] ] ] } },
{ "type": "Feature", "properties": { "state_po": "MD", "county_geoid": "24023", "pwsid": "MD0110013", "pws_name": "TOWN OF KITZMILLER", "population_served_count": 370, "model_method": "", "verification_status": "", "symbology_field": "System Sourced", "intersection_area_sq_km": 0.56710653358313667 }, "geometry": { "type": "Polygon", "coordinates": [ [ [ -79.1780353, 39.390456100000016 ], [ -79.1823801, 39.3864851 ], [ -79.1860153, 39.385610500000048 ], [ -79.1930078, 39.389093299999985 ], [ -79.1922392, 39.3907145 ], [ -79.187481, 39.390681099999959 ], [ -79.1873177, 39.3920193 ], [ -79.1857202, 39.391082299999972 ], [ -79.1841715, 39.392317 ], [ -79.1807799, 39.390283300000043 ], [ -79.1822367, 39.3931645 ], [ -79.1824453, 39.39514640000003 ], [ -79.1820689, 39.3956029 ], [ -79.1780353, 39.390456100000016 ] ] ] } },
{ "type": "Feature", "properties": { "state_po": "MD", "county_geoid": "24023", "pwsid": "MD0110230", "pws_name": "MEADOW MOUNTAIN BOYS CAMP", "population_served_count": 63, "model_method": "", "verification_status": "", "symbology_field": "System Sourced", "intersection_area_sq_km": 29.852878323304957 }, "geometry": { "type": "Polygon", "coordinates": [ [ [ -79.1693368, 39.580807100000023 ], [ -79.1584942, 39.572286400000024 ], [ -79.1524362, 39.558705500000023 ], [ -79.1450389, 39.552079 ], [ -79.1447511, 39.5481784 ], [ -79.1388713, 39.54446440000001 ], [ -79.1397288, 39.543676199999979 ], [ -79.1398343, 39.543380100000057 ], [ -79.1394848, 39.535921099999975 ], [ -79.1388049, 39.5336975 ], [ -79.136603, 39.530604 ], [ -79.1368639, 39.530245100000037 ], [ -79.1390295, 39.529728199999987 ], [ -79.13962, 39.529329199999978 ], [ -79.1399805, 39.528757400000011 ], [ -79.1401089, 39.5281513 ], [ -79.1397951, 39.527085 ], [ -79.1400026, 39.528146699999979 ], [ -79.1395332, 39.52928150000006 ], [ -79.1368056, 39.530176100000034 ], [ -79.1364969, 39.530613400000036 ], [ -79.1387069, 39.533729500000014 ], [ -79.1393646, 39.5358535 ], [ -79.1397122, 39.5434806 ], [ -79.1343408, 39.54560989999996 ], [ -79.1380606, 39.542803099999986 ], [ -79.139284100000012, 39.538735800000055 ], [ -79.1356556, 39.530173300000016 ], [ -79.1393658, 39.529082200000033 ], [ -79.1405223, 39.523698 ], [ -79.1434063, 39.52320550000001 ], [ -79.1409882, 39.522011 ], [ -79.1388717, 39.5130851 ], [ -79.1509623, 39.508461600000032 ], [ -79.1528829, 39.5109571 ], [ -79.151407, 39.50672460000002 ], [ -79.1534403, 39.5063262 ], [ -79.151368, 39.506359900000021 ], [ -79.1501116, 39.50779320000003 ], [ -79.1455572, 39.509927 ], [ -79.13975, 39.510357099999979 ], [ -79.134217, 39.507392700000018 ], [ -79.1313395, 39.50843219999998 ], [ -79.1344434, 39.5120469 ], [ -79.1309639, 39.5120843 ], [ -79.1302558, 39.505704 ], [ -79.1214778, 39.502005 ], [ -79.1300409, 39.5028734 ], [ -79.1354033, 39.507909499999954 ], [ -79.140136, 39.509845899999981 ], [ -79.1457753, 39.509059899999961 ], [ -79.1555412, 39.504288899999963 ], [ -79.1547206, 39.506168599999981 ], [ -79.1518808, 39.5076266 ], [ -79.1542001, 39.512594899999982 ], [ -79.15328, 39.5122578 ], [ -79.151451, 39.50939450000002 ], [ -79.1508879, 39.50919049999996 ], [ -79.14885550000001, 39.509991300000017 ], [ -79.1442052, 39.513329 ], [ -79.1414246, 39.513748100000022 ], [ -79.1406152, 39.5142663 ], [ -79.1403324, 39.514990600000012 ], [ -79.1408866, 39.518238799999985 ], [ -79.1417218, 39.521467399999985 ], [ -79.1422741, 39.522239500000047 ], [ -79.1444999, 39.522856499999968 ], [ -79.1418939, 39.5215361 ], [ -79.1406843, 39.514394400000029 ], [ -79.1442813, 39.5134216 ], [ -79.1510722, 39.509294 ], [ -79.1533459, 39.51249 ], [ -79.1575018, 39.514522199999952 ], [ -79.1610991, 39.51409969999996 ], [ -79.1615425, 39.5116998 ], [ -79.1655057, 39.512572200000015 ], [ -79.168222500000013, 39.515097900000015 ], [ -79.1670205, 39.515157100000017 ], [ -79.1709754, 39.525602099999986 ], [ -79.1798554, 39.5260545 ], [ -79.1776893, 39.5204563 ], [ -79.1836293, 39.521289500000044 ], [ -79.1856479, 39.524444400000014 ], [ -79.1907583, 39.52265669999997 ], [ -79.1959023, 39.524290899999961 ], [ -79.197456699999989, 39.525222 ], [ -79.1949924, 39.5277798 ], [ -79.1961777, 39.530304 ], [ -79.194311, 39.53256980000004 ], [ -79.195579, 39.533037800000031 ], [ -79.2006802, 39.529577100000012 ], [ -79.199063, 39.5276959 ], [ -79.2052378, 39.5202982 ], [ -79.2124267, 39.524057100000014 ], [ -79.2144239, 39.5173398 ], [ -79.2111248, 39.516002499999971 ], [ -79.213221, 39.515739899999964 ], [ -79.2144892, 39.5135576 ], [ -79.2161498, 39.5145207 ], [ -79.2168038, 39.520862699999981 ], [ -79.214569, 39.5239263 ], [ -79.2235141, 39.52882230000003 ], [ -79.2213268, 39.530394099999953 ], [ -79.2183594, 39.5279389 ], [ -79.2139017, 39.531151 ], [ -79.2149303, 39.532063899999969 ], [ -79.2079554, 39.5352389 ], [ -79.211089, 39.5379995 ], [ -79.2193873, 39.539059600000023 ], [ -79.2170376, 39.541719 ], [ -79.2100658, 39.54486050000002 ], [ -79.1964479, 39.545244400000016 ], [ -79.1988955, 39.547958100000024 ], [ -79.1967134, 39.550005100000021 ], [ -79.1877329, 39.548645900000018 ], [ -79.188851, 39.5435046 ], [ -79.1856139, 39.542638 ], [ -79.1814898, 39.5451256 ], [ -79.1859187, 39.548375900000018 ], [ -79.1875929, 39.553362600000014 ], [ -79.1797006, 39.550082500000023 ], [ -79.1776001, 39.549911299999948 ], [ -79.1752848, 39.5499998 ], [ -79.1782148, 39.54625 ], [ -79.1759857, 39.543115499999963 ], [ -79.1806751, 39.536746700000037 ], [ -79.1831929, 39.535728099999972 ], [ -79.1822256, 39.5305756 ], [ -79.1797315, 39.5298308 ], [ -79.176384, 39.5351767 ], [ -79.175199, 39.534651800000013 ], [ -79.1778662, 39.527252399999988 ], [ -79.171027, 39.5293161 ], [ -79.1704146, 39.5319117 ], [ -79.1650549, 39.528609400000022 ], [ -79.1668635, 39.52696140000004 ], [ -79.1638341, 39.5195141 ], [ -79.1606607, 39.520993100000027 ], [ -79.1591156, 39.524712300000012 ], [ -79.1542399, 39.524817500000026 ], [ -79.1543375, 39.526378599999958 ], [ -79.1601853, 39.529448900000013 ], [ -79.1635229, 39.529232599999965 ], [ -79.160288, 39.532740300000029 ], [ -79.1556985, 39.531291800000012 ], [ -79.1530224, 39.533806199999965 ], [ -79.158932299999989, 39.537257699999955 ], [ -79.1570166, 39.538793299999966 ], [ -79.1457464, 39.5359253 ], [ -79.146818900000014, 39.540665299999965 ], [ -79.1575098, 39.5440216 ], [ -79.1581676, 39.548669 ], [ -79.1650535, 39.552933700000025 ], [ -79.1693543, 39.550997 ], [ -79.1732209, 39.552609700000041 ], [ -79.1751509, 39.550090600000019 ], [ -79.1794802, 39.5501424 ], [ -79.1876355, 39.553489399999954 ], [ -79.1882859, 39.5554267 ], [ -79.1959348, 39.554658 ], [ -79.2006658, 39.561070399999984 ], [ -79.211238, 39.5553965 ], [ -79.2134873, 39.551165 ], [ -79.2150884, 39.551524399999941 ], [ -79.2163594, 39.548571 ], [ -79.220223600000011, 39.5461114 ], [ -79.225102, 39.544094500000014 ], [ -79.2268083, 39.546596300000054 ], [ -79.224742, 39.5474375 ], [ -79.2256534, 39.550500399999983 ], [ -79.2203371, 39.55266790000001 ], [ -79.2167853, 39.5563999 ], [ -79.2179511, 39.557097199999959 ], [ -79.2051572, 39.567069299999979 ], [ -79.1969756, 39.578209200000032 ], [ -79.1875075, 39.5870132 ], [ -79.185109, 39.593023199999955 ], [ -79.1732635, 39.601193200000033 ], [ -79.180849600000016, 39.5923699 ], [ -79.171465, 39.584678100000033 ], [ -79.1693368, 39.580807100000023 ] ], [ [ -79.16998, 39.559644299999981 ], [ -79.1707202, 39.556290599999954 ], [ -79.1675613, 39.555883100000038 ], [ -79.1667431, 39.55930859999998 ], [ -79.16998, 39.559644299999981 ] ], [ [ -79.1612643, 39.567083100000055 ], [ -79.164305, 39.5721886 ], [ -79.1682343, 39.5716 ], [ -79.173721500000013, 39.5774967 ], [ -79.1846372, 39.57053979999997 ], [ -79.1912118, 39.573158 ], [ -79.1936239, 39.569579699999963 ], [ -79.1848517, 39.566227900000044 ], [ -79.1762513, 39.572509900000043 ], [ -79.1704032, 39.567555900000031 ], [ -79.1743113, 39.565377200000015 ], [ -79.1701245, 39.560143899999986 ], [ -79.1686756, 39.560267 ], [ -79.168962, 39.565813699999985 ], [ -79.1650593, 39.5678273 ], [ -79.1612643, 39.567083100000055 ] ], [ [ -79.1865417, 39.5762794 ], [ -79.184041, 39.579307700000022 ], [ -79.1869349, 39.580511600000015 ], [ -79.1894355, 39.577483100000038 ], [ -79.1865417, 39.5762794 ] ] ] } },
{ "type": "Feature", "properties": { "state_po": "MD", "county_geoid": "24023", "pwsid": "MD0110007", "pws_name": "TOWN OF MOUNTAIN LAKE PARK", "population_served_count": 3000, "model_method": "", "verification_status": "", "symbology_field": "System Sourced", "intersection_area_sq_km": 5.538315956577164 }, "geometry": { "type": "Polygon", "coordinates": [ [ [ -79.3739391, 39.3842661 ], [ -79.3815677, 39.392602199999942 ], [ -79.3785213, 39.393608199999967 ], [ -79.3789978, 39.394801 ], [ -79.3832698, 39.392274099999966 ], [ -79.3885668, 39.3916897 ], [ -79.3893195, 39.3888978 ], [ -79.3877512, 39.3867435 ], [ -79.3928033, 39.388487 ], [ -79.3915779, 39.3919408 ], [ -79.3978583, 39.394569199999971 ], [ -79.398685, 39.402494200000042 ], [ -79.3910603, 39.403194 ], [ -79.3947702, 39.399607199999949 ], [ -79.3930238, 39.398433199999971 ], [ -79.3939237, 39.3969571 ], [ -79.391033, 39.395714500000018 ], [ -79.3884996, 39.399714499999988 ], [ -79.3907174, 39.400339 ], [ -79.3886218, 39.404387300000018 ], [ -79.3838878, 39.406752700000048 ], [ -79.3809582, 39.4064636 ], [ -79.3810825, 39.407933299999925 ], [ -79.3885452, 39.410465 ], [ -79.388419399999989, 39.413684699999983 ], [ -79.3837935, 39.411856400000026 ], [ -79.3818295, 39.4150639 ], [ -79.378576, 39.413932399999986 ], [ -79.3771436, 39.412508700000018 ], [ -79.3795652, 39.405097700000056 ], [ -79.3707963, 39.405991699999959 ], [ -79.3654812, 39.404350499999978 ], [ -79.3703645, 39.396407 ], [ -79.3677352, 39.396158799999967 ], [ -79.3689069, 39.3957781 ], [ -79.3643777, 39.393257900000044 ], [ -79.3656568, 39.390250899999977 ], [ -79.3662989, 39.389120399999989 ], [ -79.3703072, 39.390554200000025 ], [ -79.372774800000016, 39.3844919 ], [ -79.3740163, 39.3847236 ], [ -79.3700016, 39.381991 ], [ -79.3686426, 39.3802868 ], [ -79.3665805, 39.383924 ], [ -79.3581167, 39.3809284 ], [ -79.3604348, 39.376870400000051 ], [ -79.3560618, 39.375359 ], [ -79.3583658, 39.371233900000036 ], [ -79.3637925, 39.373074899999963 ], [ -79.3646391, 39.371662400000019 ], [ -79.3683523, 39.371858699999962 ], [ -79.3693761, 39.3702084 ], [ -79.3593692, 39.367467600000012 ], [ -79.3593686, 39.366483600000031 ], [ -79.3694351, 39.36997779999998 ], [ -79.3695038, 39.370401800000039 ], [ -79.3657032, 39.3765908 ], [ -79.3700833, 39.381897600000052 ], [ -79.371608, 39.379692400000032 ], [ -79.3719229, 39.380817199999953 ], [ -79.373873, 39.380237699999988 ], [ -79.3701323, 39.3819381 ], [ -79.3718893, 39.382834700000018 ], [ -79.3744021, 39.3819034 ], [ -79.3751688, 39.3833915 ], [ -79.3739391, 39.3842661 ] ], [ [ -79.3744032, 39.3837457 ], [ -79.3734557, 39.383544700000023 ], [ -79.3738017, 39.384 ], [ -79.3744032, 39.3837457 ] ], [ [ -79.36588, 39.374584899999981 ], [ -79.3644616, 39.37344820000002 ], [ -79.362379600000011, 39.3769671 ], [ -79.3649327, 39.377833099999989 ], [ -79.36588, 39.374584899999981 ] ] ] } },
{ "type": "Feature", "properties": { "state_po": "MD", "county_geoid": "24023", "pwsid": "MD0110008", "pws_name": "TOWN OF OAKLAND", "population_served_count": 1850, "model_method": "", "verification_status": "", "symbology_field": "System Sourced", "intersection_area_sq_km": 9.4548008991630805 }, "geometry": { "type": "Polygon", "coordinates": [ [ [ -79.377741, 39.44304750000002 ], [ -79.3839752, 39.433259600000021 ], [ -79.3871636, 39.42919629999998 ], [ -79.3908831, 39.426379799999971 ], [ -79.3891482, 39.425766199999977 ], [ -79.3906185, 39.423133700000015 ], [ -79.385297799999989, 39.4213082 ], [ -79.389325, 39.418748 ], [ -79.386727600000015, 39.417037600000029 ], [ -79.3841924, 39.417418899999952 ], [ -79.3824553, 39.420332800000033 ], [ -79.3739336, 39.417304100000017 ], [ -79.369395200000014, 39.421828099999985 ], [ -79.3687581, 39.420537900000014 ], [ -79.3661949, 39.420799800000033 ], [ -79.3558024, 39.4270877 ], [ -79.3548055, 39.4265147 ], [ -79.3611031, 39.421261900000069 ], [ -79.3614604, 39.418615599999946 ], [ -79.3641045, 39.419469599999935 ], [ -79.3682995, 39.41561219999997 ], [ -79.36907570000001, 39.410701700000011 ], [ -79.3664261, 39.4098034 ], [ -79.36399, 39.4140804 ], [ -79.3446503, 39.40718170000001 ], [ -79.3526642, 39.4022384 ], [ -79.3635817, 39.3987867 ], [ -79.3643468, 39.400771099999965 ], [ -79.369791, 39.397391399999933 ], [ -79.3654812, 39.404350499999978 ], [ -79.3707963, 39.405991699999959 ], [ -79.3795652, 39.405097700000056 ], [ -79.3771436, 39.412508700000018 ], [ -79.384398, 39.415962900000025 ], [ -79.3843932, 39.41725069999994 ], [ -79.3888285, 39.415001899999979 ], [ -79.3909395, 39.4164659 ], [ -79.3912626, 39.414687900000011 ], [ -79.394192, 39.413583299999949 ], [ -79.3928925, 39.4130672 ], [ -79.3949182, 39.413155300000021 ], [ -79.3931273, 39.41179260000002 ], [ -79.3958961, 39.413503200000015 ], [ -79.3984712, 39.412776400000013 ], [ -79.3973315, 39.417093700000017 ], [ -79.3954162, 39.4165155 ], [ -79.3909455, 39.420489599999982 ], [ -79.3943262, 39.4215174 ], [ -79.398026500000014, 39.419007799999982 ], [ -79.3995264, 39.413753 ], [ -79.4034087, 39.4114915 ], [ -79.4036695, 39.408856199999981 ], [ -79.4009384, 39.407969500000014 ], [ -79.4003934, 39.410225500000017 ], [ -79.3981673, 39.410598699999966 ], [ -79.3962199, 39.4099398 ], [ -79.3981399, 39.4075324 ], [ -79.3964183, 39.406523399999962 ], [ -79.3934704, 39.407522400000012 ], [ -79.3932019, 39.406206200000014 ], [ -79.3900873, 39.4119566 ], [ -79.382704, 39.408392200000023 ], [ -79.386429, 39.40445729999994 ], [ -79.3886218, 39.404387300000018 ], [ -79.3907174, 39.400339 ], [ -79.3884996, 39.399714499999988 ], [ -79.3895287, 39.397894200000025 ], [ -79.3947121, 39.399677800000013 ], [ -79.3910603, 39.403194 ], [ -79.3948561, 39.4025099 ], [ -79.3986322, 39.404111500000063 ], [ -79.4012681, 39.401157200000014 ], [ -79.4072257, 39.402265499999984 ], [ -79.408721, 39.39958879999994 ], [ -79.4120756, 39.400023499999982 ], [ -79.4138085, 39.398205099999977 ], [ -79.4172811, 39.400733100000046 ], [ -79.4144309, 39.401783099999939 ], [ -79.4156201, 39.402597599999986 ], [ -79.4135514, 39.4061192 ], [ -79.4089394, 39.409320600000015 ], [ -79.4095175, 39.4103361 ], [ -79.4109198, 39.409164800000035 ], [ -79.4124248, 39.410294500000035 ], [ -79.4112934, 39.411269600000026 ], [ -79.4162876, 39.412865600000046 ], [ -79.420725, 39.412584099999947 ], [ -79.4193294, 39.414782399999986 ], [ -79.4168318, 39.414766399999976 ], [ -79.4174687, 39.4182976 ], [ -79.4227466, 39.420066 ], [ -79.4212971, 39.4245018 ], [ -79.4134012, 39.424584799999963 ], [ -79.4082539, 39.4272829 ], [ -79.4115121, 39.420750399999925 ], [ -79.4094066, 39.419610599999942 ], [ -79.4083613, 39.422489500000026 ], [ -79.4066479, 39.421817199999985 ], [ -79.4075396, 39.420273 ], [ -79.4020776, 39.418343699999987 ], [ -79.3998779, 39.422332 ], [ -79.397826, 39.4217809 ], [ -79.3989585, 39.422189899999935 ], [ -79.3970958, 39.424640799999978 ], [ -79.3990501, 39.4260838 ], [ -79.3942078, 39.424333599999983 ], [ -79.396953200000013, 39.425375299999942 ], [ -79.3936315, 39.424727799999985 ], [ -79.3865902, 39.4305084 ], [ -79.3883702, 39.431487399999988 ], [ -79.3855782, 39.4314599 ], [ -79.3800389, 39.4395623 ], [ -79.3829379, 39.441246799999981 ], [ -79.3800349, 39.4438925 ], [ -79.377741, 39.44304750000002 ] ], [ [ -79.410367, 39.403351900000047 ], [ -79.4104326, 39.400723900000024 ], [ -79.4101555, 39.400421 ], [ -79.4085192, 39.40269069999998 ], [ -79.410367, 39.403351900000047 ] ], [ [ -79.3911393, 39.40424220000002 ], [ -79.3928969, 39.403913200000012 ], [ -79.3922123, 39.4036863 ], [ -79.3911393, 39.40424220000002 ] ], [ [ -79.3484754, 39.408355799999974 ], [ -79.3489369, 39.407802199999963 ], [ -79.347612, 39.407850899999929 ], [ -79.3484754, 39.408355799999974 ] ] ] } },
{ "type": "Feature", "properties": { "state_po": "MD", "county_geoid": "24023", "pwsid": "MD0110227", "pws_name": "GARRETT CHILDREN'S CENTER", "population_served_count": 45, "model_method": "", "verification_status": "", "symbology_field": "System Sourced", "intersection_area_sq_km": 25.311527508004257 }, "geometry": { "type": "Polygon", "coordinates": [ [ [ -79.0770988, 39.652583899999989 ], [ -79.0664743, 39.646948500000015 ], [ -79.0654383, 39.649240900000038 ], [ -79.059362299999989, 39.642340299999958 ], [ -79.0527516, 39.641572800000013 ], [ -79.055600200000015, 39.627114 ], [ -79.0626749, 39.6211098 ], [ -79.0640775, 39.617434 ], [ -79.061434, 39.6167983 ], [ -79.0612292, 39.6117179 ], [ -79.0636325, 39.610838500000014 ], [ -79.0636437, 39.608120799999938 ], [ -79.0612404, 39.609000199999969 ], [ -79.0612543, 39.605945500000011 ], [ -79.0643028, 39.603744100000064 ], [ -79.0634502, 39.601332 ], [ -79.0598653, 39.6021753 ], [ -79.0461469, 39.612351400000023 ], [ -79.0448421, 39.611498199999978 ], [ -79.0439968, 39.6125508 ], [ -79.0447844, 39.610041300000034 ], [ -79.0391441, 39.606791699999981 ], [ -79.0294423, 39.617410899999953 ], [ -79.0242398, 39.614588699999963 ], [ -79.0225947, 39.604738 ], [ -79.0253097, 39.597922 ], [ -79.0205348, 39.595448800000042 ], [ -79.0195894, 39.5867457 ], [ -79.0264338, 39.585808300000011 ], [ -79.0287867, 39.588250399999964 ], [ -79.0285272, 39.591760199999968 ], [ -79.0247045, 39.595647700000022 ], [ -79.0297961, 39.59451770000004 ], [ -79.0390544, 39.588905099999977 ], [ -79.0407335, 39.5893778 ], [ -79.044649, 39.585762 ], [ -79.0550311, 39.581656600000031 ], [ -79.0648337, 39.587510200000025 ], [ -79.0609208, 39.590553599999978 ], [ -79.062521, 39.592186100000021 ], [ -79.0660848, 39.591463200000028 ], [ -79.0679675, 39.5936109 ], [ -79.0668929, 39.595502 ], [ -79.0702022, 39.595533500000016 ], [ -79.0751137, 39.5984135 ], [ -79.0789099, 39.5954707 ], [ -79.0763748, 39.594212799999987 ], [ -79.0762828, 39.592118199999966 ], [ -79.0782825, 39.591282199999966 ], [ -79.0720081, 39.588843699999984 ], [ -79.0772563, 39.5881808 ], [ -79.0812045, 39.5897266 ], [ -79.080891, 39.593112299999973 ], [ -79.0824225, 39.594378099999986 ], [ -79.0815913, 39.5973602 ], [ -79.0790196, 39.597368100000018 ], [ -79.0791722, 39.601170499999974 ], [ -79.0733251, 39.601297600000017 ], [ -79.0735363, 39.606722500000025 ], [ -79.0792636, 39.606509900000027 ], [ -79.0885262, 39.6098596 ], [ -79.0871684, 39.601240900000057 ], [ -79.0915464, 39.604465399999945 ], [ -79.1002445, 39.606664900000013 ], [ -79.1116968, 39.617075599999986 ], [ -79.1127607, 39.6205483 ], [ -79.1075737, 39.626832100000016 ], [ -79.1029981, 39.63089869999996 ], [ -79.1010128, 39.627244 ], [ -79.0923742, 39.637782299999955 ], [ -79.0909974, 39.637113899999967 ], [ -79.0887853, 39.639193 ], [ -79.085232600000012, 39.6366472 ], [ -79.0831861, 39.635757399999989 ], [ -79.0820292, 39.633499399999934 ], [ -79.0871343, 39.635360599999984 ], [ -79.0867994, 39.633863600000019 ], [ -79.091905, 39.631428400000019 ], [ -79.0934118, 39.627453300000028 ], [ -79.0920129, 39.626776199999988 ], [ -79.0884467, 39.6294446 ], [ -79.0834813, 39.630236599999968 ], [ -79.0797617, 39.623819 ], [ -79.0777814, 39.624689100000012 ], [ -79.0802234, 39.629013399999955 ], [ -79.078014, 39.630197300000034 ], [ -79.0758808, 39.6290374 ], [ -79.0725971, 39.6312796 ], [ -79.0807737, 39.635499800000048 ], [ -79.081915, 39.633573800000036 ], [ -79.08311, 39.635854600000037 ], [ -79.0886925, 39.639280300000024 ], [ -79.0848525, 39.642889199999949 ], [ -79.0862956, 39.645405400000016 ], [ -79.0770988, 39.652583899999989 ] ], [ [ -79.0797291, 39.612562899999979 ], [ -79.0739034, 39.611710800000033 ], [ -79.0731883, 39.61542 ], [ -79.0696803, 39.613644 ], [ -79.068611, 39.617329300000037 ], [ -79.071332, 39.617520200000023 ], [ -79.0748227, 39.6207999 ], [ -79.0784473, 39.616926400000025 ], [ -79.0797291, 39.612562899999979 ] ], [ [ -79.0784473, 39.616926400000025 ], [ -79.0802659, 39.621046800000038 ], [ -79.0867379, 39.6207655 ], [ -79.0868436, 39.6159907 ], [ -79.0784473, 39.616926400000025 ] ], [ [ -79.0715317, 39.640581600000012 ], [ -79.0700556, 39.645406499999986 ], [ -79.0742558, 39.646162300000029 ], [ -79.0758141, 39.641237799999978 ], [ -79.0715317, 39.640581600000012 ] ] ] } },
{ "type": "Feature", "properties": { "state_po": "MD", "county_geoid": "24023", "pwsid": "MD0110225", "pws_name": "WHITE OAK MOBILE HOME PARK", "population_served_count": 32, "model_method": "", "verification_status": "", "symbology_field": "System Sourced", "intersection_area_sq_km": 0.12318938937508316 }, "geometry": { "type": "Polygon", "coordinates": [ [ [ -79.2793513, 39.4413452 ], [ -79.283969, 39.43798 ], [ -79.287234700000013, 39.439559100000039 ], [ -79.2793513, 39.4413452 ] ] ] } },
{ "type": "Feature", "properties": { "state_po": "MD", "county_geoid": "24013", "pwsid": "MD0060019", "pws_name": "BARK HILL", "population_served_count": 163, "model_method": "", "verification_status": "", "symbology_field": "System Sourced", "intersection_area_sq_km": 0.79647743513151115 }, "geometry": { "type": "MultiPolygon", "coordinates": [ [ [ [ -77.1352129, 39.587417800000019 ], [ -77.1369683, 39.5878272 ], [ -77.1355068, 39.588199100000047 ], [ -77.1352129, 39.587417800000019 ] ] ], [ [ [ -77.1424879, 39.599275100000028 ], [ -77.1433925, 39.5929627 ], [ -77.139498, 39.5924109 ], [ -77.1384503, 39.593514299999988 ], [ -77.1361412, 39.59230419999998 ], [ -77.1305315, 39.593862899999976 ], [ -77.1311048, 39.590377399999959 ], [ -77.1366118, 39.5888694 ], [ -77.1380656, 39.591921299999939 ], [ -77.1458543, 39.589011599999957 ], [ -77.1467423, 39.591257399999989 ], [ -77.1513048, 39.589861499999984 ], [ -77.1488644, 39.591240499999984 ], [ -77.1480548, 39.59968809999998 ], [ -77.1424879, 39.599275100000028 ] ] ] ] } },
{ "type": "Feature", "properties": { "state_po": "MD", "county_geoid": "24013", "pwsid": "MD0060202", "pws_name": "GAITHER MANOR APARTMENTS", "population_served_count": 450, "model_method": "", "verification_status": "", "symbology_field": "System Sourced", "intersection_area_sq_km": 0.002169416946412111 }, "geometry": { "type": "Polygon", "coordinates": [ [ [ -76.9933222, 39.3695186 ], [ -76.9924672, 39.369631100000028 ], [ -76.9928166, 39.369243799999936 ], [ -76.9933222, 39.3695186 ] ] ] } },
{ "type": "Feature", "properties": { "state_po": "MD", "county_geoid": "24013", "pwsid": "MD0060206", "pws_name": "HILLANDALE MOBILE HOME PARK", "population_served_count": 220, "model_method": "", "verification_status": "", "symbology_field": "System Sourced", "intersection_area_sq_km": 0.38557693312832775 }, "geometry": { "type": "Polygon", "coordinates": [ [ [ -76.9111274, 39.512684199999967 ], [ -76.902649, 39.5055141 ], [ -76.906588, 39.502679900000025 ], [ -76.9112812, 39.5092599 ], [ -76.9111274, 39.512684199999967 ] ] ] } },
{ "type": "Feature", "properties": { "state_po": "MD", "county_geoid": "24013", "pwsid": "MD0060208", "pws_name": "LAKEVIEW MHP LLC", "population_served_count": 76, "model_method": "", "verification_status": "", "symbology_field": "System Sourced", "intersection_area_sq_km": 0.023678363069392402 }, "geometry": { "type": "Polygon", "coordinates": [ [ [ -76.9259334, 39.449526299999988 ], [ -76.925192, 39.44765 ], [ -76.9267434, 39.447995599999956 ], [ -76.9259334, 39.449526299999988 ] ] ] } },
{ "type": "Feature", "properties": { "state_po": "MD", "county_geoid": "24013", "pwsid": "MD0060217", "pws_name": "TODD VILLAGE MOBILE HOME PARK", "population_served_count": 180, "model_method": "", "verification_status": "", "symbology_field": "System Sourced", "intersection_area_sq_km": 0.076023438595246698 }, "geometry": { "type": "Polygon", "coordinates": [ [ [ -76.9026627, 39.5093991 ], [ -76.899073199999989, 39.506663299999971 ], [ -76.900861, 39.505379099999985 ], [ -76.9036989, 39.50819909999997 ], [ -76.9026627, 39.5093991 ] ] ] } },
{ "type": "Feature", "properties": { "state_po": "MD", "county_geoid": "24013", "pwsid": "MD0060013", "pws_name": "TOWN OF UNION BRIDGE", "population_served_count": 997, "model_method": "", "verification_status": "", "symbology_field": "System Sourced", "intersection_area_sq_km": 1.1450923353936264 }, "geometry": { "type": "Polygon", "coordinates": [ [ [ -77.1753948, 39.581503899999973 ], [ -77.1748022, 39.574074400000036 ], [ -77.1721024, 39.574967700000016 ], [ -77.1718799, 39.572900299999951 ], [ -77.1751701, 39.572313300000062 ], [ -77.1760678, 39.570251500000012 ], [ -77.1722147, 39.569626299999989 ], [ -77.1674784, 39.5662397 ], [ -77.168012, 39.564999899999968 ], [ -77.1729857, 39.5657784 ], [ -77.1733118, 39.564334700000025 ], [ -77.1771663, 39.565014699999971 ], [ -77.1789505, 39.563280899999953 ], [ -77.1844475, 39.564048900000081 ], [ -77.1830703, 39.57205050000006 ], [ -77.1783624, 39.57132270000001 ], [ -77.176205200000012, 39.575427599999962 ], [ -77.1797196, 39.575868100000044 ], [ -77.175677, 39.578551 ], [ -77.1753948, 39.581503899999973 ] ], [ [ -77.1762019, 39.575442599999974 ], [ -77.1761705, 39.575583399999964 ], [ -77.1760993, 39.575914300000015 ], [ -77.1762019, 39.575442599999974 ] ] ] } },
{ "type": "Feature", "properties": { "state_po": "MD", "county_geoid": "24013", "pwsid": "MD0060218", "pws_name": "TWIN ARCH MOBILE HOME PARK", "population_served_count": 50, "model_method": "", "verification_status": "", "symbology_field": "System Sourced", "intersection_area_sq_km": 0.014258490838187678 }, "geometry": { "type": "Polygon", "coordinates": [ [ [ -77.140916, 39.366297599999967 ], [ -77.1417618, 39.366363799999966 ], [ -77.1405181, 39.368151 ], [ -77.140916, 39.366297599999967 ] ] ] } },
{ "type": "Feature", "properties": { "state_po": "MD", "county_geoid": "24013", "pwsid": "MD0060017", "pws_name": "WAKEFIELD VALLEY", "population_served_count": 2436, "model_method": "", "verification_status": "", "symbology_field": "System Sourced", "intersection_area_sq_km": 1.3754376298666966 }, "geometry": { "type": "MultiPolygon", "coordinates": [ [ [ [ -77.0456329, 39.553446200000018 ], [ -77.043258, 39.55476630000004 ], [ -77.04199890000001, 39.555685800000056 ], [ -77.0403477, 39.555571 ], [ -77.0446072, 39.552558300000058 ], [ -77.0456329, 39.553446200000018 ] ] ], [ [ [ -77.0432165, 39.555329099999973 ], [ -77.0457512, 39.553548500000019 ], [ -77.0458292, 39.5536161 ], [ -77.0432165, 39.555329099999973 ] ] ], [ [ [ -77.0424382, 39.5557163 ], [ -77.042811200000017, 39.555260700000012 ], [ -77.0430578, 39.5554096 ], [ -77.0424382, 39.5557163 ] ] ], [ [ [ -77.0397314, 39.5574241 ], [ -77.0405548, 39.560276500000015 ], [ -77.036639, 39.558342600000039 ], [ -77.0397314, 39.5574241 ] ] ], [ [ [ -77.0366629, 39.5618302 ], [ -77.038141, 39.560013600000048 ], [ -77.0399042, 39.561057800000029 ], [ -77.0336346, 39.5666805 ], [ -77.0266329, 39.569535199999983 ], [ -77.0253734, 39.568665200000019 ], [ -77.0290706, 39.565420899999971 ], [ -77.0268677, 39.565343 ], [ -77.023087, 39.5693257 ], [ -77.0209459, 39.56826250000001 ], [ -77.0313309, 39.5599129 ], [ -77.0362473, 39.559028500000018 ], [ -77.0347267, 39.560890900000032 ], [ -77.0366629, 39.5618302 ] ], [ [ -77.032111, 39.560332100000011 ], [ -77.0317148, 39.5601408 ], [ -77.031915700000013, 39.560417199999968 ], [ -77.032111, 39.560332100000011 ] ], [ [ -77.0227777, 39.5672804 ], [ -77.0229313, 39.567015 ], [ -77.0226875, 39.567214299999989 ], [ -77.0227777, 39.5672804 ] ], [ [ -77.0223055, 39.56761860000001 ], [ -77.022691, 39.567523 ], [ -77.0225493, 39.567419299999983 ], [ -77.0223055, 39.56761860000001 ] ] ], [ [ [ -77.0426936, 39.565957 ], [ -77.0439591, 39.568802900000044 ], [ -77.0396541, 39.57185549999997 ], [ -77.0386049, 39.566046799999974 ], [ -77.0411675, 39.563455199999986 ], [ -77.040636, 39.5614953 ], [ -77.0470861, 39.561922599999939 ], [ -77.0452179, 39.565492 ], [ -77.0444029, 39.564693 ], [ -77.0426936, 39.565957 ] ] ], [ [ [ -77.0234448, 39.569866199999971 ], [ -77.0256104, 39.571073099999985 ], [ -77.0229469, 39.572964499999976 ], [ -77.0214122, 39.5710017 ], [ -77.0234448, 39.569866199999971 ] ] ] ] } },
{ "type": "Feature", "properties": { "state_po": "MD", "county_geoid": "24013", "pwsid": "MD0060203", "pws_name": "WOODBINE VILLAGE MOBILE HOME PARK", "population_served_count": 150, "model_method": "", "verification_status": "", "symbology_field": "System Sourced", "intersection_area_sq_km": 0.086545137273515635 }, "geometry": { "type": "Polygon", "coordinates": [ [ [ -77.0545318, 39.412829299999977 ], [ -77.0527538, 39.41098 ], [ -77.0535075, 39.4089664 ], [ -77.0558505, 39.4086389 ], [ -77.0545318, 39.412829299999977 ] ] ] } },
{ "type": "Feature", "properties": { "state_po": "MD", "county_geoid": "24013", "pwsid": "MD0060213", "pws_name": "RESERVOIR TRAILER PARK", "population_served_count": 79, "model_method": "", "verification_status": "", "symbology_field": "System Sourced", "intersection_area_sq_km": 0.082049173626483424 }, "geometry": { "type": "Polygon", "coordinates": [ [ [ -76.8801319, 39.48595870000004 ], [ -76.8781885, 39.4857621 ], [ -76.8818955, 39.481411600000015 ], [ -76.8833599, 39.482170099999948 ], [ -76.8801319, 39.48595870000004 ] ] ] } },
{ "type": "Feature", "properties": { "state_po": "MD", "county_geoid": "24013", "pwsid": "MD0060214", "pws_name": "ROCKBROOK VILLAGE MOBILE HOME PARK", "population_served_count": 150, "model_method": "", "verification_status": "", "symbology_field": "System Sourced", "intersection_area_sq_km": 0.039841740525520648 }, "geometry": { "type": "Polygon", "coordinates": [ [ [ -76.8316836, 39.639026099999988 ], [ -76.8312102, 39.6362682 ], [ -76.8330428, 39.637259199999974 ], [ -76.8316836, 39.639026099999988 ] ] ] } },
{ "type": "Feature", "properties": { "state_po": "MD", "county_geoid": "24013", "pwsid": "MD0060010", "pws_name": "SPRINGFIELD HOSPITAL DISTRIBUTION", "population_served_count": 1500, "model_method": "", "verification_status": "", "symbology_field": "System Sourced", "intersection_area_sq_km": 1.2880967267482168 }, "geometry": { "type": "MultiPolygon", "coordinates": [ [ [ [ -76.9555457, 39.390087299999962 ], [ -76.9546872, 39.387723899999955 ], [ -76.9513241, 39.385820799999976 ], [ -76.950783, 39.380080299999989 ], [ -76.956958100000023, 39.376771 ], [ -76.9544557, 39.374167499999949 ], [ -76.9575516, 39.373031699999935 ], [ -76.960148500000017, 39.378414500000034 ], [ -76.9581681, 39.3837055 ], [ -76.9608365, 39.3912878 ], [ -76.9517225, 39.3921102 ], [ -76.9555457, 39.390087299999962 ] ] ], [ [ [ -76.9596855, 39.382975 ], [ -76.9623908, 39.383875899999985 ], [ -76.961675500000013, 39.3854228 ], [ -76.962202, 39.387510600000013 ], [ -76.9604314, 39.387803599999955 ], [ -76.9596855, 39.382975 ] ] ], [ [ [ -76.9625509, 39.386544 ], [ -76.962169, 39.3872184 ], [ -76.9620549, 39.386576400000017 ], [ -76.9625509, 39.386544 ] ] ], [ [ [ -76.9619032, 39.38767720000002 ], [ -76.9648287, 39.387360499999971 ], [ -76.9647727, 39.388865 ], [ -76.9609229, 39.391239600000034 ], [ -76.9604524, 39.387884400000033 ], [ -76.9619032, 39.38767720000002 ] ] ] ] } },
{ "type": "Feature", "properties": { "state_po": "MD", "county_geoid": "24013", "pwsid": "MD0060215", "pws_name": "SULLIVANS MOBILE HOME PARK COMMUNITY", "population_served_count": 70, "model_method": "", "verification_status": "", "symbology_field": "System Sourced", "intersection_area_sq_km": 0.020046702771018925 }, "geometry": { "type": "Polygon", "coordinates": [ [ [ -76.9216356, 39.522054399999966 ], [ -76.9206487, 39.52025740000002 ], [ -76.922446900000011, 39.521272199999963 ], [ -76.9216356, 39.522054399999966 ] ] ] } },
{ "type": "Feature", "properties": { "state_po": "MD", "county_geoid": "24013", "pwsid": "MD0060216", "pws_name": "TAYLORSVILLE MHC, LLC", "population_served_count": 38, "model_method": "", "verification_status": "", "symbology_field": "System Sourced", "intersection_area_sq_km": 0.011165210692979351 }, "geometry": { "type": "Polygon", "coordinates": [ [ [ -77.0899206, 39.456188600000033 ], [ -77.0882319, 39.456493 ], [ -77.0887324, 39.455782899999988 ], [ -77.0899206, 39.456188600000033 ] ] ] } },
{ "type": "Feature", "properties": { "state_po": "MD", "county_geoid": "24013", "pwsid": "MD0060008", "pws_name": "TOWN OF NEW WINDSOR", "population_served_count": 1732, "model_method": "", "verification_status": "", "symbology_field": "System Sourced", "intersection_area_sq_km": 1.849570404365438 }, "geometry": { "type": "Polygon", "coordinates": [ [ [ -77.1017207, 39.546272500000043 ], [ -77.0982228, 39.550070199999979 ], [ -77.0934177, 39.548927399999982 ], [ -77.0929, 39.544838300000052 ], [ -77.0815091, 39.546513499999953 ], [ -77.0800086, 39.544665800000047 ], [ -77.0835823, 39.544672 ], [ -77.085708, 39.541938600000051 ], [ -77.0888499, 39.5448771 ], [ -77.0930433, 39.54437139999996 ], [ -77.0958362, 39.542121200000047 ], [ -77.0982101, 39.5426552 ], [ -77.0991783, 39.539789 ], [ -77.101897, 39.541836200000034 ], [ -77.1007659, 39.5431901 ], [ -77.10522850000001, 39.540011100000058 ], [ -77.1037819, 39.538145300000011 ], [ -77.1046723, 39.536725299999972 ], [ -77.1057653, 39.53962 ], [ -77.1160128, 39.5374464 ], [ -77.1155075, 39.5393303 ], [ -77.1171463, 39.539590400000023 ], [ -77.1155306, 39.545530700000057 ], [ -77.1128034, 39.545964899999973 ], [ -77.1153745, 39.5507573 ], [ -77.1137797, 39.55161 ], [ -77.1120411, 39.550282300000013 ], [ -77.107762, 39.544782599999984 ], [ -77.1026682, 39.547037200000013 ], [ -77.1017207, 39.546272500000043 ] ] ] } },
{ "type": "Feature", "properties": { "state_po": "MD", "county_geoid": "24013", "pwsid": "MD0060210", "pws_name": "PHEASANT RIDGE ESTATES", "population_served_count": 300, "model_method": "", "verification_status": "", "symbology_field": "System Sourced", "intersection_area_sq_km": 0.13918914327580459 }, "geometry": { "type": "Polygon", "coordinates": [ [ [ -77.1469747, 39.360211800000023 ], [ -77.1456238, 39.358645499999973 ], [ -77.1443429, 39.359425400000035 ], [ -77.1471458, 39.35735229999996 ], [ -77.1496284, 39.359012100000037 ], [ -77.1511363, 39.3576845 ], [ -77.1531121, 39.360084699999973 ], [ -77.1469747, 39.360211800000023 ] ] ] } },
{ "type": "Feature", "properties": { "state_po": "MD", "county_geoid": "24013", "pwsid": "MD0060009", "pws_name": "PLEASANT VALLEY", "population_served_count": 139, "model_method": "", "verification_status": "", "symbology_field": "System Sourced", "intersection_area_sq_km": 0.17784359768817609 }, "geometry": { "type": "Polygon", "coordinates": [ [ [ -77.0505436, 39.6341461 ], [ -77.0460916, 39.63465850000005 ], [ -77.0461072, 39.633711700000035 ], [ -77.0417926, 39.633848599999986 ], [ -77.0446581, 39.632943 ], [ -77.0448441, 39.631091600000026 ], [ -77.0459829, 39.632108 ], [ -77.0492409, 39.6306118 ], [ -77.0515583, 39.63211110000001 ], [ -77.0505436, 39.6341461 ] ] ] } },
{ "type": "Feature", "properties": { "state_po": "MD", "county_geoid": "24013", "pwsid": "MD0060211", "pws_name": "PLEASANT VIEW NURSING HOME", "population_served_count": 104, "model_method": "", "verification_status": "", "symbology_field": "System Sourced", "intersection_area_sq_km": 0.14899856725513955 }, "geometry": { "type": "Polygon", "coordinates": [ [ [ -77.1443429, 39.359425400000035 ], [ -77.144069500000015, 39.357323600000051 ], [ -77.14712, 39.352272899999974 ], [ -77.148154, 39.356185800000034 ], [ -77.1443429, 39.359425400000035 ] ] ] } },
{ "type": "Feature", "properties": { "state_po": "MD", "county_geoid": "24045", "pwsid": "DE0000567", "pws_name": "DELMAR UTILITY COMM  (TN OF DELMAR)", "population_served_count": 2027, "model_method": "Random Forest", "verification_status": "", "symbology_field": "Modeled", "intersection_area_sq_km": 0.0043274643605995663 }, "geometry": { "type": "MultiPolygon", "coordinates": [ [ [ [ -75.5784258, 38.4560857 ], [ -75.580992789398493, 38.456304988493009 ], [ -75.578416237675881, 38.456187505638084 ], [ -75.5784258, 38.4560857 ] ] ], [ [ [ -75.5768088, 38.4560687 ], [ -75.578200074624419, 38.456177646799382 ], [ -75.575971344904389, 38.456075975863875 ], [ -75.5768088, 38.4560687 ] ] ], [ [ [ -75.56217646266478, 38.455644192883945 ], [ -75.5633958, 38.455656700000013 ], [ -75.564276479949555, 38.455705200299043 ], [ -75.56217646266478, 38.455644192883945 ] ] ], [ [ [ -75.5609078, 38.455596700000022 ], [ -75.56139535246615, 38.45562149078328 ], [ -75.560706023324229, 38.455601452072571 ], [ -75.5609078, 38.455596700000022 ] ] ] ] } },
{ "type": "Feature", "properties": { "state_po": "MD", "county_geoid": "24045", "pwsid": "MD0220213", "pws_name": "COUNTRY VILLAGE MOBILE HOME PARK", "population_served_count": 38, "model_method": "", "verification_status": "", "symbology_field": "System Sourced", "intersection_area_sq_km": 0.034597052073154028 }, "geometry": { "type": "Polygon", "coordinates": [ [ [ -75.5568453, 38.446057 ], [ -75.556566, 38.444671299999989 ], [ -75.5592993, 38.44514269999997 ], [ -75.5590191, 38.446354399999962 ], [ -75.5568453, 38.446057 ] ] ] } },
{ "type": "Feature", "properties": { "state_po": "MD", "county_geoid": "24045", "pwsid": "MD0220204", "pws_name": "GATEWAY VILLAGE MOBILE HOME PARK", "population_served_count": 60, "model_method": "", "verification_status": "", "symbology_field": "System Sourced", "intersection_area_sq_km": 0.049692423268199212 }, "geometry": { "type": "Polygon", "coordinates": [ [ [ -75.5671378, 38.434042100000035 ], [ -75.5686478, 38.4337234 ], [ -75.5688593, 38.437863200000031 ], [ -75.5681227, 38.438006400000027 ], [ -75.5671378, 38.434042100000035 ] ] ] } },
{ "type": "Feature", "properties": { "state_po": "MD", "county_geoid": "24045", "pwsid": "MD0220212", "pws_name": "HARBOUR LIGHT ESTATES COMMUNITY", "population_served_count": 95, "model_method": "", "verification_status": "", "symbology_field": "System Sourced", "intersection_area_sq_km": 0.03937731398564439 }, "geometry": { "type": "Polygon", "coordinates": [ [ [ -75.5422546, 38.339421 ], [ -75.543647, 38.3371142 ], [ -75.5447203, 38.337807200000029 ], [ -75.5422546, 38.339421 ] ] ] } },
{ "type": "Feature", "properties": { "state_po": "MD", "county_geoid": "24045", "pwsid": "MD0220220", "pws_name": "WESTSIDE MOBILE HOME PARK", "population_served_count": 300, "model_method": "", "verification_status": "", "symbology_field": "System Sourced", "intersection_area_sq_km": 0.22932519473107488 }, "geometry": { "type": "Polygon", "coordinates": [ [ [ -75.705571100000014, 38.3551414 ], [ -75.7029355, 38.351976 ], [ -75.7112533, 38.35173259999997 ], [ -75.7114713, 38.353359399999988 ], [ -75.7085847, 38.35323930000002 ], [ -75.708945, 38.355391 ], [ -75.705571100000014, 38.3551414 ] ] ] } },
{ "type": "Feature", "properties": { "state_po": "MD", "county_geoid": "24045", "pwsid": "MD0220007", "pws_name": "TOWN OF WILLARDS", "population_served_count": 1021, "model_method": "", "verification_status": "", "symbology_field": "System Sourced", "intersection_area_sq_km": 2.2542145586001179 }, "geometry": { "type": "MultiPolygon", "coordinates": [ [ [ [ -75.3565189, 38.3859631 ], [ -75.3546304, 38.385400200000042 ], [ -75.3585418, 38.3851323 ], [ -75.3565189, 38.3859631 ] ] ], [ [ [ -75.3351203, 38.3841369 ], [ -75.335158, 38.38250229999997 ], [ -75.3417624, 38.383569799999982 ], [ -75.3411588, 38.384859599999977 ], [ -75.3351203, 38.3841369 ] ] ], [ [ [ -75.3642195, 38.399550800000014 ], [ -75.3576958, 38.400954800000036 ], [ -75.3574066, 38.395888299999989 ], [ -75.353854, 38.395895200000048 ], [ -75.353738, 38.400475899999982 ], [ -75.3496173, 38.3978557 ], [ -75.3478645, 38.398736599999985 ], [ -75.3476897, 38.3970871 ], [ -75.3494021, 38.3968082 ], [ -75.3468064, 38.3964789 ], [ -75.3473451, 38.397356499999951 ], [ -75.344099500000013, 38.3979387 ], [ -75.3426362, 38.3952901 ], [ -75.3403475, 38.394632100000038 ], [ -75.3418491, 38.3903857 ], [ -75.3399559, 38.3889871 ], [ -75.3427808, 38.388906399999961 ], [ -75.3427664, 38.387047800000012 ], [ -75.3404986, 38.386884300000013 ], [ -75.3402951, 38.3881258 ], [ -75.3363556, 38.3871528 ], [ -75.334985, 38.384734200000018 ], [ -75.3446686, 38.385865399999979 ], [ -75.34429870000001, 38.3883984 ], [ -75.3459433, 38.388305499999973 ], [ -75.3466024, 38.386373499999955 ], [ -75.3585073, 38.3861468 ], [ -75.3586997, 38.3896377 ], [ -75.356507600000015, 38.390436199999961 ], [ -75.3563887, 38.388756 ], [ -75.3549908, 38.388836200000021 ], [ -75.3549024, 38.392293 ], [ -75.3604529, 38.392364 ], [ -75.3603259, 38.399859300000017 ], [ -75.3643287, 38.398244900000023 ], [ -75.3642195, 38.399550800000014 ] ], [ [ -75.353767200000021, 38.393301699999952 ], [ -75.3540192, 38.393764600000011 ], [ -75.3540246, 38.393300599999975 ], [ -75.353767200000021, 38.393301699999952 ] ] ] ] } },
{ "type": "Feature", "properties": { "state_po": "MD", "county_geoid": "24045", "pwsid": "MD0220201", "pws_name": "GREEN MEADOWS COMPACT HOMES", "population_served_count": 86, "model_method": "", "verification_status": "", "symbology_field": "System Sourced", "intersection_area_sq_km": 0.025476582423131233 }, "geometry": { "type": "Polygon", "coordinates": [ [ [ -75.5660399, 38.4295859 ], [ -75.568263800000011, 38.4298246 ], [ -75.5683564, 38.430765 ], [ -75.5663551, 38.4310737 ], [ -75.5660399, 38.4295859 ] ] ] } },
{ "type": "Feature", "properties": { "state_po": "MD", "county_geoid": "24045", "pwsid": "MD0220222", "pws_name": "BENNETT MOBILE HOME PARK", "population_served_count": 60, "model_method": "", "verification_status": "", "symbology_field": "System Sourced", "intersection_area_sq_km": 0.082593132688086865 }, "geometry": { "type": "Polygon", "coordinates": [ [ [ -75.6110794, 38.411331300000015 ], [ -75.6094877, 38.4087569 ], [ -75.612292599999989, 38.40771849999998 ], [ -75.6138596, 38.41031160000005 ], [ -75.6110794, 38.411331300000015 ] ] ] } },
{ "type": "Feature", "properties": { "state_po": "MD", "county_geoid": "24045", "pwsid": "MD0220218", "pws_name": "BOH-NAK MOBILE HOME PARK", "population_served_count": 85, "model_method": "", "verification_status": "", "symbology_field": "System Sourced", "intersection_area_sq_km": 0.046927963318970256 }, "geometry": { "type": "Polygon", "coordinates": [ [ [ -75.6256832, 38.306137899999953 ], [ -75.6221637, 38.3046015 ], [ -75.6227414, 38.3036138 ], [ -75.6258396, 38.304554500000016 ], [ -75.6256832, 38.306137899999953 ] ] ] } },
{ "type": "Feature", "properties": { "state_po": "MD", "county_geoid": "24045", "pwsid": "MD0220216", "pws_name": "CEDARHURST MOBILE HOME PARK", "population_served_count": 220, "model_method": "", "verification_status": "", "symbology_field": "System Sourced", "intersection_area_sq_km": 0.19459510250972653 }, "geometry": { "type": "Polygon", "coordinates": [ [ [ -75.6359149, 38.4008152 ], [ -75.6350989, 38.398676400000021 ], [ -75.6311274, 38.400460099999982 ], [ -75.6386069, 38.394717500000013 ], [ -75.6403647, 38.3961568 ], [ -75.6373306, 38.398406600000015 ], [ -75.6385211, 38.3997756 ], [ -75.6359149, 38.4008152 ] ] ] } },
{ "type": "Feature", "properties": { "state_po": "MD", "county_geoid": "24045", "pwsid": "MD0220223", "pws_name": "COLONIAL MILL ESTATES MOBILE HOME PARK", "population_served_count": 86, "model_method": "", "verification_status": "", "symbology_field": "System Sourced", "intersection_area_sq_km": 0.072741008776437716 }, "geometry": { "type": "Polygon", "coordinates": [ [ [ -75.5590191, 38.446354399999962 ], [ -75.5559966, 38.449063800000012 ], [ -75.5563315, 38.446027799999975 ], [ -75.5590191, 38.446354399999962 ] ] ] } },
{ "type": "Feature", "properties": { "state_po": "MD", "county_geoid": "24045", "pwsid": "MD0220219", "pws_name": "OAK TERRACE MOBILE HOME PARK LLC", "population_served_count": 30, "model_method": "", "verification_status": "", "symbology_field": "System Sourced", "intersection_area_sq_km": 0.038427477292451856 }, "geometry": { "type": "Polygon", "coordinates": [ [ [ -75.7651517, 38.46929539999995 ], [ -75.7628065, 38.468955699999981 ], [ -75.7625592, 38.467824500000013 ], [ -75.7655456, 38.46751959999996 ], [ -75.7651517, 38.46929539999995 ] ] ] } },
{ "type": "Feature", "properties": { "state_po": "MD", "county_geoid": "24045", "pwsid": "MD0220005", "pws_name": "TOWN OF SHARPTOWN", "population_served_count": 625, "model_method": "", "verification_status": "", "symbology_field": "System Sourced", "intersection_area_sq_km": 1.1550180024156063 }, "geometry": { "type": "Polygon", "coordinates": [ [ [ -75.7165618, 38.545859399999955 ], [ -75.714640500000016, 38.540593400000013 ], [ -75.7119, 38.5401345 ], [ -75.7139561, 38.53872920000002 ], [ -75.7129712, 38.5375319 ], [ -75.7115098, 38.538225600000033 ], [ -75.7116273, 38.535704699999982 ], [ -75.7171302, 38.533157 ], [ -75.7191708, 38.535973600000027 ], [ -75.7240599, 38.533370900000037 ], [ -75.7278829, 38.538623 ], [ -75.7165618, 38.545859399999955 ] ] ] } },
{ "type": "Feature", "properties": { "state_po": "MD", "county_geoid": "24045", "pwsid": "MD0220206", "pws_name": "PINE TREE MOBILE HOME PARK", "population_served_count": 91, "model_method": "", "verification_status": "", "symbology_field": "System Sourced", "intersection_area_sq_km": 0.031350261303959334 }, "geometry": { "type": "Polygon", "coordinates": [ [ [ -75.4571297, 38.397275099999973 ], [ -75.4575154, 38.395396399999981 ], [ -75.458736700000017, 38.395397200000026 ], [ -75.4571297, 38.397275099999973 ] ] ] } },
{ "type": "Feature", "properties": { "state_po": "MD", "county_geoid": "24045", "pwsid": "MD0220009", "pws_name": "TOWN OF PITTSVILLE", "population_served_count": 1500, "model_method": "", "verification_status": "", "symbology_field": "System Sourced", "intersection_area_sq_km": 4.6181591324106464 }, "geometry": { "type": "MultiPolygon", "coordinates": [ [ [ [ -75.4134749, 38.407193400000018 ], [ -75.4067291, 38.406639 ], [ -75.4063858, 38.403191699999951 ], [ -75.4016799, 38.401625100000039 ], [ -75.4012762, 38.4004239 ], [ -75.4071166, 38.398973299999945 ], [ -75.4029329, 38.3981525 ], [ -75.4045462, 38.3960819 ], [ -75.4032664, 38.397115 ], [ -75.3894617, 38.395986900000025 ], [ -75.3905946, 38.3848503 ], [ -75.3962185, 38.384951699999945 ], [ -75.4002541, 38.387702099999956 ], [ -75.4030624, 38.38715780000004 ], [ -75.404259200000013, 38.3849882 ], [ -75.4084776, 38.385204900000033 ], [ -75.4099909, 38.389274 ], [ -75.4144428, 38.389586799999975 ], [ -75.413826, 38.385323499999956 ], [ -75.4168548, 38.385419600000034 ], [ -75.4188751, 38.389210899999973 ], [ -75.4213028, 38.386828099999974 ], [ -75.422501, 38.3878981 ], [ -75.4220662, 38.385918 ], [ -75.4268571, 38.389389900000047 ], [ -75.4272759, 38.393550300000037 ], [ -75.4259577, 38.39279650000001 ], [ -75.4221056, 38.3943605 ], [ -75.4230486, 38.397312699999972 ], [ -75.4157991, 38.397842399999952 ], [ -75.4175071, 38.40202830000004 ], [ -75.4134749, 38.407193400000018 ] ], [ [ -75.4225534, 38.388553 ], [ -75.4216858, 38.389170199999953 ], [ -75.422882, 38.389250399999966 ], [ -75.4225534, 38.388553 ] ], [ [ -75.4099744, 38.403754500000041 ], [ -75.4077481, 38.40403389999998 ], [ -75.407718, 38.404089599999985 ], [ -75.4099319, 38.404773399999975 ], [ -75.4099744, 38.403754500000041 ] ] ], [ [ [ -75.3757899, 38.3953017 ], [ -75.3739416, 38.394423799999956 ], [ -75.3760488, 38.394503 ], [ -75.3757899, 38.3953017 ] ] ] ] } },
{ "type": "Feature", "properties": { "state_po": "MD", "county_geoid": "24045", "pwsid": "MD0220010", "pws_name": "STEEPLECHASE WATERWORKS", "population_served_count": 395, "model_method": "", "verification_status": "", "symbology_field": "System Sourced", "intersection_area_sq_km": 0.52829581341524967 }, "geometry": { "type": "Polygon", "coordinates": [ [ [ -75.6497228, 38.3559436 ], [ -75.6565368, 38.353595500000033 ], [ -75.6598611, 38.35910189999997 ], [ -75.6529108, 38.36228939999998 ], [ -75.6497228, 38.3559436 ] ], [ [ -75.6548898, 38.3546901 ], [ -75.6548886, 38.354692700000065 ], [ -75.654894, 38.354691299999971 ], [ -75.6548898, 38.3546901 ] ] ] } },
{ "type": "Feature", "properties": { "state_po": "MD", "county_geoid": "24045", "pwsid": "MD0220012", "pws_name": "BEST RENTAL HOUSING, INC.", "population_served_count": 68, "model_method": "", "verification_status": "", "symbology_field": "System Sourced", "intersection_area_sq_km": 0.050612993011939202 }, "geometry": { "type": "MultiPolygon", "coordinates": [ [ [ [ -75.598040400000016, 38.3891527 ], [ -75.6017998, 38.38876 ], [ -75.6020529, 38.3896328 ], [ -75.598040400000016, 38.3891527 ] ] ], [ [ [ -75.596373, 38.388940199999986 ], [ -75.5979516, 38.388804900000011 ], [ -75.5978844, 38.389133500000021 ], [ -75.596373, 38.388940199999986 ] ] ], [ [ [ -75.5962572, 38.389367099999987 ], [ -75.6020841, 38.3897398 ], [ -75.6021713, 38.3900347 ], [ -75.5962572, 38.389367099999987 ] ] ] ] } },
{ "type": "Feature", "properties": { "state_po": "MD", "county_geoid": "24045", "pwsid": "MD0220217", "pws_name": "WALSTONS MOBILE HOME PARK", "population_served_count": 165, "model_method": "", "verification_status": "", "symbology_field": "System Sourced", "intersection_area_sq_km": 0.079851196733971522 }, "geometry": { "type": "Polygon", "coordinates": [ [ [ -75.5090943, 38.358258899999953 ], [ -75.511766, 38.358223100000011 ], [ -75.5118534, 38.360967 ], [ -75.5085239, 38.3610065 ], [ -75.5090943, 38.358258899999953 ] ] ] } },
{ "type": "Feature", "properties": { "state_po": "MD", "county_geoid": "24045", "pwsid": "MD0220002", "pws_name": "TOWN OF HEBRON", "population_served_count": 1022, "model_method": "", "verification_status": "", "symbology_field": "System Sourced", "intersection_area_sq_km": 1.9989117639952152 }, "geometry": { "type": "Polygon", "coordinates": [ [ [ -75.6791038, 38.425968799999957 ], [ -75.6839523, 38.422498300000051 ], [ -75.681831700000018, 38.420560600000037 ], [ -75.6772144, 38.422725 ], [ -75.6772532, 38.419562 ], [ -75.6799895, 38.419260899999983 ], [ -75.6784713, 38.415801400000049 ], [ -75.6822958, 38.4147913 ], [ -75.680319, 38.4135349 ], [ -75.6810575, 38.411717200000012 ], [ -75.6846164, 38.410765799999972 ], [ -75.6891733, 38.415434499999989 ], [ -75.6878327, 38.406255299999977 ], [ -75.6898675, 38.405991499999985 ], [ -75.6911473, 38.410634499999979 ], [ -75.697601, 38.415076799999959 ], [ -75.6960325, 38.4159441 ], [ -75.6974955, 38.4211551 ], [ -75.6942112, 38.422986400000021 ], [ -75.6907405, 38.420904800000017 ], [ -75.6864084, 38.421177700000072 ], [ -75.6844784, 38.4224701 ], [ -75.6888339, 38.4258844 ], [ -75.6814443, 38.4272762 ], [ -75.6791038, 38.425968799999957 ] ], [ [ -75.6874375, 38.414729400000013 ], [ -75.6871069, 38.41482120000002 ], [ -75.687195, 38.414986900000031 ], [ -75.6874375, 38.414729400000013 ] ] ] } },
{ "type": "Feature", "properties": { "state_po": "MD", "county_geoid": "24045", "pwsid": "MD0220224", "pws_name": "HEBRON WOODS MOBILE HOME PARK", "population_served_count": 250, "model_method": "", "verification_status": "", "symbology_field": "System Sourced", "intersection_area_sq_km": 0.28969965142291082 }, "geometry": { "type": "Polygon", "coordinates": [ [ [ -75.6828569, 38.4479235 ], [ -75.682097199999987, 38.443203499999967 ], [ -75.6873249, 38.440596 ], [ -75.6912312, 38.4429183 ], [ -75.6828569, 38.4479235 ] ] ] } },
{ "type": "Feature", "properties": { "state_po": "MD", "county_geoid": "24045", "pwsid": "MD0220221", "pws_name": "NAYLOR MILL VILLAGE MOBILE HOME PARK", "population_served_count": 180, "model_method": "", "verification_status": "", "symbology_field": "System Sourced", "intersection_area_sq_km": 0.12054693725231999 }, "geometry": { "type": "Polygon", "coordinates": [ [ [ -75.6047591, 38.411176200000014 ], [ -75.6094877, 38.4087569 ], [ -75.611072, 38.4113192 ], [ -75.6055961, 38.412178 ], [ -75.6047591, 38.411176200000014 ] ] ] } },
{ "type": "Feature", "properties": { "state_po": "MD", "county_geoid": "24045", "pwsid": "MD0220209", "pws_name": "OAK RIDGE MOBILE HOME PARK", "population_served_count": 150, "model_method": "", "verification_status": "", "symbology_field": "System Sourced", "intersection_area_sq_km": 0.13436765479077262 }, "geometry": { "type": "Polygon", "coordinates": [ [ [ -75.6913348, 38.3343932 ], [ -75.6928069, 38.331738799999989 ], [ -75.6961708, 38.3331851 ], [ -75.695917200000011, 38.335961400000024 ], [ -75.6913348, 38.3343932 ] ] ] } },
{ "type": "Feature", "properties": { "state_po": "MD", "county_geoid": "24035", "pwsid": "MD0170009", "pws_name": "PROSPECT BAY", "population_served_count": 913, "model_method": "", "verification_status": "", "symbology_field": "System Sourced", "intersection_area_sq_km": 2.5314019736229851 }, "geometry": { "type": "Polygon", "coordinates": [ [ [ -76.2017239, 38.897146899999989 ], [ -76.203345, 38.894444 ], [ -76.2051775, 38.909416600000043 ], [ -76.2035717, 38.9239073 ], [ -76.1956134, 38.922647 ], [ -76.1936687, 38.930180900000011 ], [ -76.1882319, 38.9289157 ], [ -76.1928768, 38.915280599999974 ], [ -76.1925686, 38.907549199999949 ], [ -76.1963398, 38.908893800000016 ], [ -76.1959563, 38.913037800000012 ], [ -76.2005649, 38.903483800000025 ], [ -76.198803, 38.902719799999957 ], [ -76.2005011, 38.901959899999973 ], [ -76.199017, 38.899213900000021 ], [ -76.2027391, 38.899323 ], [ -76.2027692, 38.898754900000021 ], [ -76.2021319, 38.898081299999951 ], [ -76.2018356, 38.8973291 ], [ -76.2017417, 38.897240100000012 ], [ -76.2017275, 38.897197 ], [ -76.2017239, 38.897146899999989 ] ], [ [ -76.2017318, 38.897153300000035 ], [ -76.2017296, 38.897160500000012 ], [ -76.2017273, 38.897174899999989 ], [ -76.2017318, 38.897153300000035 ] ], [ [ -76.2020439, 38.897103699999981 ], [ -76.2020302, 38.897090500000033 ], [ -76.202027, 38.897088 ], [ -76.2020439, 38.897103699999981 ] ], [ [ -76.2020582, 38.897121299999959 ], [ -76.2020514, 38.897112800000016 ], [ -76.2020594, 38.897123399999984 ], [ -76.2020582, 38.897121299999959 ] ], [ [ -76.2020703, 38.8971449 ], [ -76.2020696, 38.897142299999977 ], [ -76.2020648, 38.897133499999967 ], [ -76.2020703, 38.8971449 ] ], [ [ -76.2020763, 38.897164599999982 ], [ -76.2020736, 38.897155599999977 ], [ -76.2020765, 38.897167499999973 ], [ -76.2020763, 38.897164599999982 ] ], [ [ -76.2020782, 38.897187400000028 ], [ -76.2020774, 38.897178599999982 ], [ -76.2020778, 38.897190599999988 ], [ -76.2020782, 38.897187400000028 ] ], [ [ -76.2020763, 38.8972018 ], [ -76.202074, 38.897213400000012 ], [ -76.2020752, 38.8972102 ], [ -76.2020763, 38.8972018 ] ], [ [ -76.2020652, 38.8972361 ], [ -76.2020672, 38.8972328 ], [ -76.2020699, 38.897225099999979 ], [ -76.2020652, 38.8972361 ] ], [ [ -76.202051200000028, 38.8972576 ], [ -76.2020543, 38.897254 ], [ -76.2020589, 38.897246500000023 ], [ -76.202051200000028, 38.8972576 ] ], [ [ -76.2020438, 38.897265700000041 ], [ -76.2020312, 38.8972784 ], [ -76.202037, 38.8972732 ], [ -76.2020438, 38.897265700000041 ] ], [ [ -76.2020243, 38.8972853 ], [ -76.2020236, 38.897286 ], [ -76.2020225, 38.8972877 ], [ -76.2020243, 38.8972853 ] ], [ [ -76.2020188, 38.8972931 ], [ -76.2020179, 38.89729449999998 ], [ -76.2020173, 38.8972959 ], [ -76.2020188, 38.8972931 ] ], [ [ -76.202014, 38.897304400000039 ], [ -76.2020149, 38.897301700000014 ], [ -76.202014100000014, 38.897303500000049 ], [ -76.202014, 38.897304400000039 ] ], [ [ -76.2020125, 38.897312899999989 ], [ -76.2020124, 38.897312899999989 ], [ -76.2020125, 38.897314 ], [ -76.2020125, 38.897312899999989 ] ], [ [ -76.20193, 38.8970498 ], [ -76.2019468, 38.8970522 ], [ -76.201941, 38.897050900000018 ], [ -76.20193, 38.8970498 ] ], [ [ -76.2019676, 38.8970574 ], [ -76.2019507, 38.897053 ], [ -76.201973, 38.8970594 ], [ -76.2019676, 38.8970574 ] ], [ [ -76.2018893, 38.897048 ], [ -76.2019154, 38.897048200000029 ], [ -76.2019115, 38.897047799999989 ], [ -76.2018893, 38.897048 ] ], [ [ -76.2019977, 38.897069899999984 ], [ -76.2019891, 38.897065400000031 ], [ -76.2019813, 38.897062499999969 ], [ -76.2019977, 38.897069899999984 ] ], [ [ -76.2018534, 38.897053199999981 ], [ -76.2018808, 38.8970487 ], [ -76.2018588, 38.89705189999998 ], [ -76.2018534, 38.897053199999981 ] ], [ [ -76.2020192, 38.897082200000014 ], [ -76.202009, 38.8970762 ], [ -76.2020256, 38.897087 ], [ -76.2020192, 38.897082200000014 ] ], [ [ -76.2018495, 38.8970541 ], [ -76.2018298, 38.897059899999981 ], [ -76.2018252, 38.897061799999975 ], [ -76.2018495, 38.8970541 ] ], [ [ -76.201816, 38.897065400000031 ], [ -76.2017993, 38.8970739 ], [ -76.2018217, 38.8970631 ], [ -76.201816, 38.897065400000031 ] ], [ [ -76.201790800000026, 38.897078900000025 ], [ -76.2017766, 38.897089399999984 ], [ -76.2017962, 38.897075799999989 ], [ -76.201790800000026, 38.897078900000025 ] ], [ [ -76.201769, 38.897095700000044 ], [ -76.2017575, 38.8971077 ], [ -76.2017739, 38.897091599999975 ], [ -76.201769, 38.897095700000044 ] ], [ [ -76.2017512, 38.897115200000016 ], [ -76.201742600000017, 38.8971282 ], [ -76.2017553, 38.897110199999986 ], [ -76.2017512, 38.897115200000016 ] ], [ [ -76.2017412, 38.897131 ], [ -76.201738, 38.897136800000013 ], [ -76.2017326, 38.8971505 ], [ -76.2017412, 38.897131 ] ] ] } },
{ "type": "Feature", "properties": { "state_po": "MD", "county_geoid": "24035", "pwsid": "MD0170021", "pws_name": "PINEY CREEK CORPORATION", "population_served_count": 31, "model_method": "", "verification_status": "", "symbology_field": "System Sourced", "intersection_area_sq_km": 0.015677109160922374 }, "geometry": { "type": "Polygon", "coordinates": [ [ [ -76.2517494, 38.974929300000042 ], [ -76.2509365, 38.9766402 ], [ -76.2499393, 38.976454 ], [ -76.2517494, 38.974929300000042 ] ] ] } },
{ "type": "Feature", "properties": { "state_po": "MD", "county_geoid": "24035", "pwsid": "MD0170022", "pws_name": "CHURCH HILL CONDO, INC. (THE POND)", "population_served_count": 25, "model_method": "", "verification_status": "", "symbology_field": "System Sourced", "intersection_area_sq_km": 0.029185832579454753 }, "geometry": { "type": "Polygon", "coordinates": [ [ [ -75.9778629, 39.148589899999976 ], [ -75.9766906, 39.146180600000029 ], [ -75.9794131, 39.14683770000002 ], [ -75.9778629, 39.148589899999976 ] ] ] } },
{ "type": "Feature", "properties": { "state_po": "MD", "county_geoid": "24035", "pwsid": "MD0170003", "pws_name": "TOWN OF QUEENSTOWN", "population_served_count": 705, "model_method": "", "verification_status": "", "symbology_field": "System Sourced", "intersection_area_sq_km": 1.4277260641611889 }, "geometry": { "type": "MultiPolygon", "coordinates": [ [ [ [ -76.1495252, 38.986606400000014 ], [ -76.147784700000017, 38.987060099999958 ], [ -76.1459298, 38.984876300000025 ], [ -76.1554581, 38.9845222 ], [ -76.1573109, 38.9818725 ], [ -76.162539, 38.9822827 ], [ -76.1608113, 38.984445700000023 ], [ -76.1507468, 38.988295 ], [ -76.1495252, 38.986606400000014 ] ] ], [ [ [ -76.158652800000013, 38.995677299999976 ], [ -76.1516777, 38.991510500000018 ], [ -76.143334, 38.994012599999969 ], [ -76.1420631, 38.992397799999985 ], [ -76.1426518, 38.9911491 ], [ -76.1587152, 38.985738199999972 ], [ -76.1606046, 38.986709799999964 ], [ -76.161971800000018, 38.985284499999963 ], [ -76.162191, 38.987021 ], [ -76.1653179, 38.985376399999979 ], [ -76.1634119, 38.9883493 ], [ -76.1604079, 38.989106399999976 ], [ -76.1622178, 38.991925 ], [ -76.158652800000013, 38.995677299999976 ] ] ] ] } },
{ "type": "Feature", "properties": { "state_po": "MD", "county_geoid": "24035", "pwsid": "MD0170018", "pws_name": "RIVERSIDE COMPLEX", "population_served_count": 60, "model_method": "", "verification_status": "", "symbology_field": "System Sourced", "intersection_area_sq_km": 0.070301783717536676 }, "geometry": { "type": "MultiPolygon", "coordinates": [ [ [ [ -76.2920933, 38.952456099999978 ], [ -76.2928451, 38.952160400000011 ], [ -76.292813100000018, 38.952462499999982 ], [ -76.2920933, 38.952456099999978 ] ] ], [ [ [ -76.2937293, 38.953977499999986 ], [ -76.2930473, 38.95136870000001 ], [ -76.2957066, 38.9515323 ], [ -76.2955346, 38.953850199999984 ], [ -76.2937293, 38.953977499999986 ] ] ] ] } },
{ "type": "Feature", "properties": { "state_po": "MD", "county_geoid": "24035", "pwsid": "MD0170024", "pws_name": "TOWN OF SUDLERSVILLE", "population_served_count": 497, "model_method": "", "verification_status": "", "symbology_field": "System Sourced", "intersection_area_sq_km": 1.1258330260551492 }, "geometry": { "type": "Polygon", "coordinates": [ [ [ -75.8521068, 39.193711099999966 ], [ -75.8504023, 39.1885747 ], [ -75.8481201, 39.187517600000035 ], [ -75.8504437, 39.18734790000002 ], [ -75.8507146, 39.184606400000035 ], [ -75.8560494, 39.1846467 ], [ -75.8569893, 39.177997799999972 ], [ -75.85924, 39.178460899999969 ], [ -75.8587634, 39.181269099999973 ], [ -75.8605454, 39.1814032 ], [ -75.8619719, 39.185676600000022 ], [ -75.866965900000011, 39.1861134 ], [ -75.8616886, 39.1864962 ], [ -75.861569, 39.1920473 ], [ -75.8561117, 39.191018299999953 ], [ -75.8549867, 39.1943075 ], [ -75.8521068, 39.193711099999966 ] ] ] } },
{ "type": "Feature", "properties": { "state_po": "MD", "county_geoid": "24035", "pwsid": "MD0140010", "pws_name": "TOWN OF MILLINGTON", "population_served_count": 625, "model_method": "", "verification_status": "", "symbology_field": "System Sourced", "intersection_area_sq_km": 3.9293848277279025e-05 }, "geometry": { "type": "Polygon", "coordinates": [ [ [ -75.844857614060501, 39.257932405876467 ], [ -75.84486, 39.257893 ], [ -75.844982064806544, 39.257956679611404 ], [ -75.844857614060501, 39.257932405876467 ] ] ] } },
{ "type": "Feature", "properties": { "state_po": "MD", "county_geoid": "24035", "pwsid": "MD0140012", "pws_name": "MILLINGTON DISTRIBUTION SYSTEM", "population_served_count": 260, "model_method": "", "verification_status": "", "symbology_field": "System Sourced", "intersection_area_sq_km": 0.0068011229953733564 }, "geometry": { "type": "MultiPolygon", "coordinates": [ [ [ [ -75.867885713834937, 39.259453572330187 ], [ -75.8680086, 39.259331499999973 ], [ -75.868044726164584, 39.259311288747774 ], [ -75.867885713834937, 39.259453572330187 ] ] ], [ [ [ -75.844770256700755, 39.257915367008458 ], [ -75.8456511, 39.257730099999989 ], [ -75.845894063149601, 39.258134557795294 ], [ -75.844770256700755, 39.257915367008458 ] ] ], [ [ [ -75.860310257891058, 39.26036765375882 ], [ -75.8613726, 39.2603758 ], [ -75.862013860997635, 39.260849944996252 ], [ -75.860310257891058, 39.26036765375882 ] ] ], [ [ [ -75.862054123840821, 39.260861343076733 ], [ -75.862315, 39.260872299999981 ], [ -75.862481269987896, 39.260982263625422 ], [ -75.862054123840821, 39.260861343076733 ] ] ] ] } },
{ "type": "Feature", "properties": { "state_po": "MD", "county_geoid": "24035", "pwsid": "MD0170013", "pws_name": "BAYVIEW AT KENT NARROWS", "population_served_count": 75, "model_method": "", "verification_status": "", "symbology_field": "System Sourced", "intersection_area_sq_km": 0.066010297057766676 }, "geometry": { "type": "Polygon", "coordinates": [ [ [ -76.2268606, 38.968591600000011 ], [ -76.226302, 38.9663675 ], [ -76.230002, 38.967182599999987 ], [ -76.2286238, 38.968937199999971 ], [ -76.2268606, 38.968591600000011 ] ] ] } },
{ "type": "Feature", "properties": { "state_po": "MD", "county_geoid": "24035", "pwsid": "MD1170001", "pws_name": "BEACH HARBOR", "population_served_count": 481, "model_method": "", "verification_status": "", "symbology_field": "System Sourced", "intersection_area_sq_km": 0.1483370517040645 }, "geometry": { "type": "MultiPolygon", "coordinates": [ [ [ [ -76.214591, 38.9688055 ], [ -76.2157008, 38.964051499999975 ], [ -76.216362, 38.964144299999958 ], [ -76.2168038, 38.964243199999963 ], [ -76.219616700000017, 38.967598299999956 ], [ -76.217552, 38.968038199999988 ], [ -76.2163354, 38.966464199999955 ], [ -76.2173297, 38.9680636 ], [ -76.2155577, 38.9666741 ], [ -76.2151203, 38.967330899999979 ], [ -76.2175277, 38.968399099999957 ], [ -76.214591, 38.9688055 ] ] ], [ [ [ -76.2197517, 38.967472100000016 ], [ -76.2196501, 38.967610799999967 ], [ -76.2196427, 38.9674889 ], [ -76.2197517, 38.967472100000016 ] ] ] ] } },
{ "type": "Feature", "properties": { "state_po": "MD", "county_geoid": "24035", "pwsid": "MD0170010", "pws_name": "FOX RUN CONDOMINIUMS, INC.", "population_served_count": 85, "model_method": "", "verification_status": "", "symbology_field": "System Sourced", "intersection_area_sq_km": 0.0096556416902873581 }, "geometry": { "type": "Polygon", "coordinates": [ [ [ -76.1941834, 38.96176409999994 ], [ -76.1925194, 38.961895600000013 ], [ -76.19316760000001, 38.961311 ], [ -76.1941834, 38.96176409999994 ] ] ] } },
{ "type": "Feature", "properties": { "state_po": "MD", "county_geoid": "24035", "pwsid": "MD0170020", "pws_name": "GRASONVILLE", "population_served_count": 600, "model_method": "", "verification_status": "", "symbology_field": "System Sourced", "intersection_area_sq_km": 1.6764709501939288 }, "geometry": { "type": "MultiPolygon", "coordinates": [ [ [ [ -76.2047094, 38.95192320000001 ], [ -76.2037801, 38.950428399999979 ], [ -76.2100672, 38.9498667 ], [ -76.2124329, 38.953028599999961 ], [ -76.2083515, 38.9537341 ], [ -76.208163, 38.951606399999967 ], [ -76.2047094, 38.95192320000001 ] ] ], [ [ [ -76.2016782, 38.9599269 ], [ -76.1990131, 38.956495899999943 ], [ -76.1935936, 38.95662309999998 ], [ -76.1950184, 38.951777400000033 ], [ -76.1964064, 38.95179030000002 ], [ -76.196612, 38.953867300000027 ], [ -76.2019104, 38.954675 ], [ -76.201705600000011, 38.957560300000019 ], [ -76.204852300000013, 38.959395700000051 ], [ -76.2016782, 38.9599269 ] ], [ [ -76.2003617, 38.955553099999982 ], [ -76.1997594, 38.955587699999988 ], [ -76.199762, 38.9556077 ], [ -76.2003617, 38.955553099999982 ] ] ], [ [ [ -76.2083235, 38.959284900000021 ], [ -76.2050846, 38.9597459 ], [ -76.2048998, 38.958368899999989 ], [ -76.2096199, 38.957552299999989 ], [ -76.2131148, 38.9585976 ], [ -76.209239600000018, 38.961408100000021 ], [ -76.2083235, 38.959284900000021 ] ], [ [ -76.2104246, 38.958529499999983 ], [ -76.2102156, 38.95856490000002 ], [ -76.2103008, 38.958983100000019 ], [ -76.2104246, 38.958529499999983 ] ] ], [ [ [ -76.2157912, 38.963337400000022 ], [ -76.2119775, 38.960855300000013 ], [ -76.2132985, 38.959983299999969 ], [ -76.217066100000011, 38.962234599999988 ], [ -76.2157912, 38.963337400000022 ] ] ], [ [ [ -76.1996953, 38.960881 ], [ -76.1960095, 38.960357 ], [ -76.1965214, 38.958713199999977 ], [ -76.1988897, 38.959330800000018 ], [ -76.1993536, 38.9577363 ], [ -76.1996953, 38.960881 ] ] ], [ [ [ -76.2043887, 38.9610293 ], [ -76.205071300000014, 38.960109800000019 ], [ -76.2055016, 38.960884900000011 ], [ -76.2043887, 38.9610293 ] ] ], [ [ [ -76.1940889, 38.959082800000026 ], [ -76.1951485, 38.959981100000014 ], [ -76.1947808, 38.960382100000018 ], [ -76.1940889, 38.959082800000026 ] ] ], [ [ [ -76.2051032, 38.963046799999944 ], [ -76.2060011, 38.96177 ], [ -76.2084075, 38.962159100000029 ], [ -76.2068685, 38.963578100000014 ], [ -76.2051032, 38.963046799999944 ] ] ], [ [ [ -76.1897241, 38.950806 ], [ -76.1881959, 38.948791299999975 ], [ -76.1925345, 38.946377300000044 ], [ -76.1903839, 38.949110900000058 ], [ -76.1938266, 38.947736699999957 ], [ -76.1952427, 38.948838499999972 ], [ -76.1944271, 38.951135 ], [ -76.1897241, 38.950806 ] ], [ [ -76.1934446, 38.948586600000041 ], [ -76.193377, 38.948611700000029 ], [ -76.1935115, 38.948657900000022 ], [ -76.1934446, 38.948586600000041 ] ], [ [ -76.1902086, 38.9492149 ], [ -76.1901391, 38.949204799999976 ], [ -76.1901228, 38.949231600000047 ], [ -76.1902086, 38.9492149 ] ], [ [ -76.189615100000012, 38.94953960000003 ], [ -76.1891113, 38.949663300000012 ], [ -76.189083700000012, 38.9496873 ], [ -76.189288, 38.949728500000013 ], [ -76.189615100000012, 38.94953960000003 ] ] ], [ [ [ -76.1876432, 38.9552111 ], [ -76.1843667, 38.95144580000003 ], [ -76.1894579, 38.9512058 ], [ -76.1911136, 38.955017499999975 ], [ -76.1876432, 38.9552111 ] ] ], [ [ [ -76.1912773, 38.955680899999969 ], [ -76.1924898, 38.956061699999971 ], [ -76.1913745, 38.956227199999958 ], [ -76.1912773, 38.955680899999969 ] ] ], [ [ [ -76.190158700000012, 38.960448400000033 ], [ -76.1900511, 38.9585514 ], [ -76.1927988, 38.9597301 ], [ -76.190158700000012, 38.960448400000033 ] ] ], [ [ [ -76.1913615, 38.964996 ], [ -76.1881252, 38.963681199999989 ], [ -76.1866404, 38.9611915 ], [ -76.1893245, 38.960459 ], [ -76.1958136, 38.963719199999971 ], [ -76.1913615, 38.964996 ] ] ], [ [ [ -76.183725400000014, 38.9638645 ], [ -76.182344200000017, 38.96252 ], [ -76.1843487, 38.961697900000011 ], [ -76.1855521, 38.9628412 ], [ -76.183725400000014, 38.9638645 ] ] ], [ [ [ -76.1803026, 38.966564199999986 ], [ -76.18242, 38.965141799999984 ], [ -76.185608, 38.966189 ], [ -76.1817482, 38.969013199999985 ], [ -76.1803026, 38.966564199999986 ] ], [ [ -76.1828915, 38.966065500000013 ], [ -76.18299, 38.96599530000001 ], [ -76.1828973, 38.9659886 ], [ -76.1828915, 38.966065500000013 ] ] ] ] } },
{ "type": "Feature", "properties": { "state_po": "MD", "county_geoid": "24035", "pwsid": "MD0170011", "pws_name": "OYSTER COVE", "population_served_count": 600, "model_method": "", "verification_status": "", "symbology_field": "System Sourced", "intersection_area_sq_km": 0.11396635503336611 }, "geometry": { "type": "MultiPolygon", "coordinates": [ [ [ [ -76.2362627, 38.963560600000051 ], [ -76.2362846, 38.965674100000044 ], [ -76.2367319, 38.963897899999985 ], [ -76.2378895, 38.9642544 ], [ -76.2369372, 38.966164400000025 ], [ -76.2349492, 38.9658077 ], [ -76.2355008, 38.962631799999954 ], [ -76.2376894, 38.9615355 ], [ -76.2412212, 38.962598199999974 ], [ -76.2362627, 38.963560600000051 ] ] ], [ [ [ -76.2384942, 38.965725799999987 ], [ -76.2383737, 38.966071300000046 ], [ -76.237985100000017, 38.96645420000003 ], [ -76.2384942, 38.965725799999987 ] ] ] ] } },
{ "type": "Feature", "properties": { "state_po": "MD", "county_geoid": "24035", "pwsid": "MD0170207", "pws_name": "PINE SPRINGS MHP", "population_served_count": 160, "model_method": "", "verification_status": "", "symbology_field": "System Sourced", "intersection_area_sq_km": 0.2232892036545811 }, "geometry": { "type": "MultiPolygon", "coordinates": [ [ [ [ -75.9244048, 39.2327038 ], [ -75.9266424, 39.235081199999975 ], [ -75.9250815, 39.2379909 ], [ -75.919785, 39.234392 ], [ -75.9244048, 39.2327038 ] ] ], [ [ [ -75.9268404, 39.235273799999938 ], [ -75.9275129, 39.236539799999974 ], [ -75.9262196, 39.237299699999966 ], [ -75.926117300000016, 39.2371943 ], [ -75.9268404, 39.235273799999938 ] ] ] ] } },
{ "type": "Feature", "properties": { "state_po": "MD", "county_geoid": "24029", "pwsid": "MD0140011", "pws_name": "ANGELICA NURSERIES - NURSERY VIEW", "population_served_count": 38, "model_method": "", "verification_status": "", "symbology_field": "System Sourced", "intersection_area_sq_km": 1.2836099912851586 }, "geometry": { "type": "Polygon", "coordinates": [ [ [ -75.914437, 39.294279 ], [ -75.9080084, 39.290602799999988 ], [ -75.9124896, 39.283336100000042 ], [ -75.914090800000011, 39.283810199999962 ], [ -75.9185384, 39.279023399999986 ], [ -75.9226527, 39.28184409999993 ], [ -75.9246771, 39.2883971 ], [ -75.921701, 39.288794399999972 ], [ -75.914437, 39.294279 ] ] ] } },
{ "type": "Feature", "properties": { "state_po": "MD", "county_geoid": "24029", "pwsid": "MD0140009", "pws_name": "EDESVILLE", "population_served_count": 296, "model_method": "", "verification_status": "", "symbology_field": "System Sourced", "intersection_area_sq_km": 1.4244312913105042 }, "geometry": { "type": "MultiPolygon", "coordinates": [ [ [ [ -76.2037927, 39.147242800000072 ], [ -76.2023823, 39.1481307 ], [ -76.2023156, 39.1471381 ], [ -76.2037927, 39.147242800000072 ] ] ], [ [ [ -76.2123838, 39.1572545 ], [ -76.2074033, 39.1554019 ], [ -76.203644, 39.1517204 ], [ -76.2030523, 39.148702699999959 ], [ -76.2081179, 39.15005 ], [ -76.2086265, 39.151547899999983 ], [ -76.2185947, 39.151004799999988 ], [ -76.220815400000021, 39.151762199999972 ], [ -76.2211582, 39.154404300000017 ], [ -76.2236144, 39.154397700000018 ], [ -76.2237857, 39.1566769 ], [ -76.2247729, 39.155239700000024 ], [ -76.2247886, 39.1583491 ], [ -76.2202036, 39.157029899999948 ], [ -76.2196976, 39.1629489 ], [ -76.2128074, 39.1607031 ], [ -76.2123838, 39.1572545 ] ], [ [ -76.2034858, 39.149648500000026 ], [ -76.2034064, 39.149637 ], [ -76.2033775, 39.149638500000023 ], [ -76.2034858, 39.149648500000026 ] ], [ [ -76.207083, 39.151813700000019 ], [ -76.2074195, 39.1523196 ], [ -76.2073596, 39.151796899999979 ], [ -76.207083, 39.151813700000019 ] ], [ [ -76.2090852, 39.152426700000021 ], [ -76.209257, 39.152438299999986 ], [ -76.2091076, 39.152399200000026 ], [ -76.2090852, 39.152426700000021 ] ], [ [ -76.2070682, 39.153018200000027 ], [ -76.206878, 39.152941500000018 ], [ -76.2068887, 39.153022899999989 ], [ -76.2070682, 39.153018200000027 ] ], [ [ -76.2190224, 39.157087899999986 ], [ -76.2193296, 39.157613600000019 ], [ -76.2194698, 39.157064100000014 ], [ -76.2190224, 39.157087899999986 ] ], [ [ -76.2129108, 39.1563127 ], [ -76.2133525, 39.1566809 ], [ -76.2133397, 39.1562895 ], [ -76.2129108, 39.1563127 ] ] ], [ [ [ -76.2052685, 39.158179 ], [ -76.2073243, 39.155870599999957 ], [ -76.209211699999983, 39.1565491 ], [ -76.2094969, 39.1582697 ], [ -76.2052685, 39.158179 ] ] ] ] } },
{ "type": "Feature", "properties": { "state_po": "MD", "county_geoid": "24029", "pwsid": "MD0140005", "pws_name": "KENNEDYVILLE", "population_served_count": 300, "model_method": "", "verification_status": "", "symbology_field": "System Sourced", "intersection_area_sq_km": 1.469015470206589 }, "geometry": { "type": "MultiPolygon", "coordinates": [ [ [ [ -75.9976094, 39.3029139 ], [ -75.9995442, 39.299648 ], [ -76.0017524, 39.300169699999948 ], [ -75.9990521, 39.301576899999986 ], [ -75.9991247, 39.303572400000014 ], [ -75.9976094, 39.3029139 ] ] ], [ [ [ -75.9970774, 39.307566500000021 ], [ -75.999184700000015, 39.307621 ], [ -75.997582, 39.309088599999988 ], [ -75.9970774, 39.307566500000021 ] ] ], [ [ [ -75.9910537, 39.3173677 ], [ -75.97819, 39.307116199999982 ], [ -75.98291, 39.30691480000003 ], [ -75.9895464, 39.301120600000012 ], [ -75.9936534, 39.304579900000014 ], [ -75.994745400000014, 39.3031957 ], [ -75.9994016, 39.305367799999985 ], [ -75.9974629, 39.3064155 ], [ -75.9974085, 39.304815200000036 ], [ -75.9944025, 39.3082268 ], [ -75.9930479, 39.30749 ], [ -75.9926492, 39.30787050000005 ], [ -75.9953713, 39.311259 ], [ -75.9910537, 39.3173677 ] ], [ [ -75.9943049, 39.3056412 ], [ -75.9946477, 39.305809100000026 ], [ -75.9943503, 39.305595100000026 ], [ -75.9943049, 39.3056412 ] ], [ [ -75.9931221, 39.3065452 ], [ -75.9923179, 39.305328600000045 ], [ -75.990465, 39.306641499999984 ], [ -75.9907059, 39.3066327 ], [ -75.9931221, 39.3065452 ] ], [ [ -75.9934884, 39.306939899999961 ], [ -75.9935024, 39.306839699999983 ], [ -75.9933225, 39.306845100000047 ], [ -75.9934884, 39.306939899999961 ] ], [ [ -75.9909988, 39.30941169999997 ], [ -75.9900479, 39.309453899999959 ], [ -75.9905891, 39.309809300000047 ], [ -75.9909988, 39.30941169999997 ] ] ] ] } },
{ "type": "Feature", "properties": { "state_po": "MD", "county_geoid": "24029", "pwsid": "MD0140006", "pws_name": "TOWN OF ROCK HALL", "population_served_count": 1750, "model_method": "", "verification_status": "", "symbology_field": "System Sourced", "intersection_area_sq_km": 4.2067458110642297 }, "geometry": { "type": "MultiPolygon", "coordinates": [ [ [ [ -76.2428133, 39.1311158 ], [ -76.2393792, 39.131318599999965 ], [ -76.2402413, 39.129230600000014 ], [ -76.2428133, 39.1311158 ] ] ], [ [ [ -76.2487143, 39.131518899999968 ], [ -76.2622707, 39.140463099999963 ], [ -76.2604028, 39.142128700000065 ], [ -76.2608994, 39.146043099999979 ], [ -76.258526, 39.144256900000016 ], [ -76.257761, 39.142009699999939 ], [ -76.2571226, 39.141758900000021 ], [ -76.2535306, 39.146201600000047 ], [ -76.2536031, 39.144481 ], [ -76.2484725, 39.139858 ], [ -76.2438576, 39.140446 ], [ -76.2462923, 39.142175400000013 ], [ -76.2458602, 39.147207500000022 ], [ -76.2438874, 39.1475627 ], [ -76.2436936, 39.144807100000016 ], [ -76.2371717, 39.144154700000016 ], [ -76.234728, 39.147180100000014 ], [ -76.2286505, 39.1469309 ], [ -76.2233742, 39.142691699999979 ], [ -76.2207327, 39.143515899999976 ], [ -76.2238256, 39.145669 ], [ -76.220143299999989, 39.143977899999975 ], [ -76.2169562, 39.149880799999949 ], [ -76.2104242, 39.146928100000025 ], [ -76.2157323, 39.1467268 ], [ -76.2155813, 39.143789599999948 ], [ -76.2178908, 39.1438103 ], [ -76.2180011, 39.138203099999984 ], [ -76.2223966, 39.140101899999969 ], [ -76.2255325, 39.1360491 ], [ -76.2245016, 39.1344886 ], [ -76.228260600000013, 39.134137699999961 ], [ -76.2307809, 39.130954699999982 ], [ -76.2404954, 39.13346819999996 ], [ -76.243453, 39.132877200000017 ], [ -76.247531600000016, 39.135400899999958 ], [ -76.2503753, 39.1331019 ], [ -76.2487143, 39.131518899999968 ] ] ] ] } },
{ "type": "Feature", "properties": { "state_po": "MD", "county_geoid": "24029", "pwsid": "MD0140003", "pws_name": "FAIRLEE", "population_served_count": 725, "model_method": "", "verification_status": "", "symbology_field": "System Sourced", "intersection_area_sq_km": 1.3164121587086759 }, "geometry": { "type": "MultiPolygon", "coordinates": [ [ [ [ -76.2327689, 39.2036335 ], [ -76.231509800000012, 39.2058318 ], [ -76.2286747, 39.203839200000026 ], [ -76.2327689, 39.2036335 ] ] ], [ [ [ -76.1813286, 39.226934799999974 ], [ -76.1819461, 39.227531 ], [ -76.1813631, 39.227348799999966 ], [ -76.1813286, 39.226934799999974 ] ] ], [ [ [ -76.1686123, 39.233009599999967 ], [ -76.168711300000012, 39.2305667 ], [ -76.1660785, 39.232023799999986 ], [ -76.1626316, 39.229317499999986 ], [ -76.164737500000015, 39.2268878 ], [ -76.1643113, 39.228586799999988 ], [ -76.1658563, 39.227832799999973 ], [ -76.1673833, 39.229122499999988 ], [ -76.1697357, 39.224064899999945 ], [ -76.1679878, 39.221954099999984 ], [ -76.1622207, 39.2235465 ], [ -76.1622041, 39.220488799999984 ], [ -76.1645131, 39.221695600000018 ], [ -76.1670789, 39.218382199999986 ], [ -76.1701171, 39.220061499999979 ], [ -76.1752617, 39.217531799999982 ], [ -76.1738247, 39.223838399999977 ], [ -76.1769582, 39.224468599999987 ], [ -76.1778085, 39.221085799999955 ], [ -76.1780665, 39.223014300000031 ], [ -76.176899300000017, 39.225767599999962 ], [ -76.1728248, 39.2278022 ], [ -76.1724867, 39.2287109 ], [ -76.1747947, 39.228657 ], [ -76.1748968, 39.231464 ], [ -76.168782, 39.23345170000001 ], [ -76.1688588, 39.238801 ], [ -76.1672492, 39.238612499999952 ], [ -76.1666328, 39.2338122 ], [ -76.1686123, 39.233009599999967 ] ] ], [ [ [ -76.2030161, 39.238332300000032 ], [ -76.2051689, 39.235514700000024 ], [ -76.2074308, 39.2365631 ], [ -76.2052499, 39.239378700000017 ], [ -76.2030161, 39.238332300000032 ] ] ], [ [ [ -76.1655884, 39.2316752 ], [ -76.1639643, 39.2331155 ], [ -76.1636616, 39.2326829 ], [ -76.1655884, 39.2316752 ] ] ] ] } },
{ "type": "Feature", "properties": { "state_po": "MD", "county_geoid": "24029", "pwsid": "MD0140004", "pws_name": "TOWN OF GALENA", "population_served_count": 560, "model_method": "", "verification_status": "", "symbology_field": "System Sourced", "intersection_area_sq_km": 1.1552768674694296 }, "geometry": { "type": "Polygon", "coordinates": [ [ [ -75.8809569, 39.347797199999988 ], [ -75.8784079, 39.347736900000015 ], [ -75.8780274, 39.349507900000027 ], [ -75.8751726, 39.349472599999977 ], [ -75.8751182, 39.347915899999968 ], [ -75.8720338, 39.349344500000022 ], [ -75.8743474, 39.343729499999988 ], [ -75.8716078, 39.344170400000039 ], [ -75.870074700000018, 39.342008700000051 ], [ -75.8705928, 39.340815 ], [ -75.8742221, 39.341210800000042 ], [ -75.8742364, 39.3370666 ], [ -75.8833371, 39.337055800000016 ], [ -75.883321, 39.349608500000024 ], [ -75.8815891, 39.349884700000032 ], [ -75.8809569, 39.347797199999988 ] ] ] } },
{ "type": "Feature", "properties": { "state_po": "MD", "county_geoid": "24029", "pwsid": "MD0140010", "pws_name": "TOWN OF MILLINGTON", "population_served_count": 625, "model_method": "", "verification_status": "", "symbology_field": "System Sourced", "intersection_area_sq_km": 0.54762879779616147 }, "geometry": { "type": "Polygon", "coordinates": [ [ [ -75.8449862, 39.257966400000015 ], [ -75.8450444, 39.260105299999964 ], [ -75.8401017, 39.264459 ], [ -75.837855, 39.263846500000042 ], [ -75.8375188, 39.261641300000029 ], [ -75.8351812, 39.261687800000026 ], [ -75.835557, 39.260491100000024 ], [ -75.831972800000017, 39.2599381 ], [ -75.8339476, 39.257191399999961 ], [ -75.8366882, 39.257263700000031 ], [ -75.8387973, 39.254120100000101 ], [ -75.8394632, 39.257765899999967 ], [ -75.8449862, 39.257966400000015 ] ] ] } },
{ "type": "Feature", "properties": { "state_po": "MD", "county_geoid": "24029", "pwsid": "MD0140012", "pws_name": "MILLINGTON DISTRIBUTION SYSTEM", "population_served_count": 260, "model_method": "", "verification_status": "", "symbology_field": "System Sourced", "intersection_area_sq_km": 1.1151696198500325 }, "geometry": { "type": "MultiPolygon", "coordinates": [ [ [ [ -75.8842279, 39.262315799999989 ], [ -75.8848305, 39.26416620000002 ], [ -75.8843464, 39.2643102 ], [ -75.8842279, 39.262315799999989 ] ] ], [ [ [ -75.8864299, 39.264155 ], [ -75.8876759, 39.26350519999994 ], [ -75.8881769, 39.2639874 ], [ -75.8864299, 39.264155 ] ] ], [ [ [ -75.8853539, 39.263148599999987 ], [ -75.8861606, 39.264128399999954 ], [ -75.8853431, 39.2642107 ], [ -75.8853539, 39.263148599999987 ] ] ], [ [ [ -75.8644083, 39.262233 ], [ -75.8699359, 39.258894799999972 ], [ -75.8703254, 39.260693599999989 ], [ -75.8663056, 39.26204870000003 ], [ -75.8666027, 39.264383100000018 ], [ -75.865279500000014, 39.264437900000011 ], [ -75.8644083, 39.262233 ] ] ], [ [ [ -75.8944987, 39.271895500000049 ], [ -75.8880591, 39.2710093 ], [ -75.8887362, 39.268193300000021 ], [ -75.8934078, 39.267991 ], [ -75.8888524, 39.2679523 ], [ -75.8888123, 39.266822199999979 ], [ -75.8932558, 39.266501300000037 ], [ -75.8907316, 39.263818599999965 ], [ -75.8956458, 39.263500100000023 ], [ -75.8936569, 39.2662121 ], [ -75.8996305, 39.265704099999979 ], [ -75.8947422, 39.267358799999982 ], [ -75.8944987, 39.271895500000049 ] ] ], [ [ [ -75.893803, 39.2729004 ], [ -75.8962533, 39.275241400000063 ], [ -75.8951877, 39.275595899999963 ], [ -75.893803, 39.2729004 ] ] ], [ [ [ -75.834671, 39.257026400000029 ], [ -75.8332978, 39.254134400000012 ], [ -75.8376172, 39.254103599999986 ], [ -75.8371954, 39.2568335 ], [ -75.834671, 39.257026400000029 ] ], [ [ -75.8366196, 39.255112900000015 ], [ -75.8369674, 39.255139199999974 ], [ -75.8366458, 39.255045500000016 ], [ -75.8366196, 39.255112900000015 ] ], [ [ -75.8358806, 39.255637300000011 ], [ -75.8357866, 39.255797 ], [ -75.8364925, 39.255765 ], [ -75.8358806, 39.255637300000011 ] ] ], [ [ [ -75.836755600000018, 39.2581516 ], [ -75.8375527, 39.258176 ], [ -75.83722370000001, 39.2584714 ], [ -75.836755600000018, 39.2581516 ] ] ], [ [ [ -75.8625638, 39.261031500000016 ], [ -75.8630347, 39.263833 ], [ -75.8560728, 39.2624825 ], [ -75.8595287, 39.260613599999985 ], [ -75.8602926, 39.261606200000024 ], [ -75.860310257891058, 39.26036765375882 ], [ -75.8625638, 39.261031500000016 ] ], [ [ -75.8619435, 39.2610735 ], [ -75.861965, 39.260993899999981 ], [ -75.8619024, 39.2610348 ], [ -75.8619435, 39.2610735 ] ], [ [ -75.8583207, 39.2622727 ], [ -75.85823280000001, 39.2623094 ], [ -75.8583561, 39.262329500000028 ], [ -75.8583207, 39.2622727 ] ] ], [ [ [ -75.8447527, 39.257945199999959 ], [ -75.8478763, 39.258615 ], [ -75.8473913, 39.260141900000043 ], [ -75.8489168, 39.258855400000016 ], [ -75.8533061, 39.260094099999975 ], [ -75.8540085, 39.263029700000025 ], [ -75.85135480000001, 39.262695400000013 ], [ -75.8522002, 39.261247899999979 ], [ -75.844644500000015, 39.260417299999979 ], [ -75.8447527, 39.257945199999959 ] ] ], [ [ [ -75.8598996, 39.265635699999976 ], [ -75.8605756, 39.2636357 ], [ -75.8622618, 39.2640019 ], [ -75.8631188, 39.2678841 ], [ -75.8598996, 39.265635699999976 ] ] ], [ [ [ -75.8379555, 39.265293799999966 ], [ -75.8378534, 39.266666099999981 ], [ -75.8360647, 39.26540210000001 ], [ -75.8362575, 39.265230300000042 ], [ -75.8379555, 39.265293799999966 ] ] ] ] } },
{ "type": "Feature", "properties": { "state_po": "MD", "county_geoid": "24029", "pwsid": "MD0140007", "pws_name": "WORTON", "population_served_count": 955, "model_method": "", "verification_status": "", "symbology_field": "System Sourced", "intersection_area_sq_km": 2.188420891135761 }, "geometry": { "type": "MultiPolygon", "coordinates": [ [ [ [ -76.086276, 39.2618174 ], [ -76.0826426, 39.257215799999983 ], [ -76.0875552, 39.255673099999946 ], [ -76.0894451, 39.2605726 ], [ -76.086276, 39.2618174 ] ] ], [ [ [ -76.09063, 39.28959080000002 ], [ -76.0912688, 39.2882404 ], [ -76.083448500000017, 39.2802938 ], [ -76.0892739, 39.276464099999984 ], [ -76.0876328, 39.272350300000021 ], [ -76.0905645, 39.2715022 ], [ -76.0871326, 39.263747799999976 ], [ -76.093372, 39.262478599999987 ], [ -76.0947204, 39.265943499999977 ], [ -76.0919908, 39.266585499999969 ], [ -76.0907926, 39.26348440000001 ], [ -76.0880685, 39.264043100000023 ], [ -76.0918068, 39.273530099999945 ], [ -76.0961353, 39.270778600000014 ], [ -76.0984234, 39.27227849999997 ], [ -76.0923639, 39.2750316 ], [ -76.0945491, 39.281641199999981 ], [ -76.1026683, 39.2773666 ], [ -76.1068734, 39.279769399999985 ], [ -76.1058119, 39.281211699999986 ], [ -76.1100534, 39.283241 ], [ -76.1087254, 39.284581200000019 ], [ -76.1027976, 39.283376 ], [ -76.1028861, 39.286015400000011 ], [ -76.0979991, 39.287535599999977 ], [ -76.0955119, 39.2851214 ], [ -76.09063, 39.28959080000002 ] ] ] ] } },
{ "type": "Feature", "properties": { "state_po": "MD", "county_geoid": "24029", "pwsid": "MD0140001", "pws_name": "TOWN OF BETTERTON", "population_served_count": 481, "model_method": "", "verification_status": "", "symbology_field": "System Sourced", "intersection_area_sq_km": 2.6995143843807439 }, "geometry": { "type": "Polygon", "coordinates": [ [ [ -76.061294500000017, 39.370729400000016 ], [ -76.0538417, 39.370799699999978 ], [ -76.0534416, 39.369071 ], [ -76.058863800000012, 39.368977 ], [ -76.0568325, 39.368464200000034 ], [ -76.056699, 39.365830799999962 ], [ -76.0604322, 39.367061100000036 ], [ -76.0600527, 39.364557599999969 ], [ -76.061687, 39.364532099999984 ], [ -76.0590425, 39.364436799999972 ], [ -76.0572196, 39.359853200000025 ], [ -76.059519900000012, 39.359366100000024 ], [ -76.0626351, 39.362988 ], [ -76.0624276, 39.3584093 ], [ -76.0672874, 39.358321 ], [ -76.0668958, 39.356086 ], [ -76.0707076, 39.354507500000061 ], [ -76.0714732, 39.360012399999974 ], [ -76.0818553, 39.357926099999979 ], [ -76.0788172, 39.366953 ], [ -76.081440200000017, 39.370421199999988 ], [ -76.0731355, 39.371406799999988 ], [ -76.070607200000012, 39.3701213 ], [ -76.062711299999989, 39.3719708 ], [ -76.061294500000017, 39.370729400000016 ] ] ] } },
{ "type": "Feature", "properties": { "state_po": "MD", "county_geoid": "24021", "pwsid": "PA7010033", "pws_name": "CARROLL VALLEY WATER SYSTEM", "population_served_count": 267, "model_method": "", "verification_status": "", "symbology_field": "System Sourced", "intersection_area_sq_km": 0.01799579629678405 }, "geometry": { "type": "Polygon", "coordinates": [ [ [ -77.3630253, 39.7199089 ], [ -77.3794103, 39.719877899999965 ], [ -77.379292202192943, 39.72001005726132 ], [ -77.3630253, 39.7199089 ] ] ] } },
{ "type": "Feature", "properties": { "state_po": "MD", "county_geoid": "24021", "pwsid": "MD0100203", "pws_name": "CONCORD ESTATES MOBILE HOME PARK", "population_served_count": 150, "model_method": "", "verification_status": "", "symbology_field": "System Sourced", "intersection_area_sq_km": 0.039643158221850709 }, "geometry": { "type": "MultiPolygon", "coordinates": [ [ [ [ -77.499029, 39.370424399999983 ], [ -77.5005657, 39.368786699999987 ], [ -77.5008575, 39.368917499999974 ], [ -77.499029, 39.370424399999983 ] ] ], [ [ [ -77.5009509, 39.3689594 ], [ -77.502507799999989, 39.36965740000003 ], [ -77.501276, 39.370901800000034 ], [ -77.4988629, 39.3706844 ], [ -77.5009509, 39.3689594 ] ] ] ] } },
{ "type": "Feature", "properties": { "state_po": "MD", "county_geoid": "24021", "pwsid": "MD0100019", "pws_name": "MOUNT SAINT MARYS UNIVERSITY", "population_served_count": 1900, "model_method": "", "verification_status": "", "symbology_field": "System Sourced", "intersection_area_sq_km": 4.1886987350974323 }, "geometry": { "type": "MultiPolygon", "coordinates": [ [ [ [ -77.3494531, 39.680430699999967 ], [ -77.3348151, 39.676830399999986 ], [ -77.3349226, 39.6761488 ], [ -77.3449161, 39.671157099999988 ], [ -77.3494703, 39.6776912 ], [ -77.351211600000013, 39.678199 ], [ -77.353764, 39.6756637 ], [ -77.3525016, 39.674708399999972 ], [ -77.3543832, 39.674189599999977 ], [ -77.354574, 39.6751234 ], [ -77.3494531, 39.680430699999967 ] ] ], [ [ [ -77.354911, 39.675719500000056 ], [ -77.3549149, 39.67809559999997 ], [ -77.3526172, 39.678611 ], [ -77.3511715, 39.679367699999958 ], [ -77.354911, 39.675719500000056 ] ] ], [ [ [ -77.3845203, 39.681139 ], [ -77.3846223, 39.685771300000027 ], [ -77.3830329, 39.6866626 ], [ -77.3825064, 39.6812607 ], [ -77.3845203, 39.681139 ] ] ], [ [ [ -77.3551294, 39.6842262 ], [ -77.3516457, 39.6841148 ], [ -77.3522209, 39.6830947 ], [ -77.3525247, 39.681384500000014 ], [ -77.3500952, 39.6804974 ], [ -77.3579931, 39.677222 ], [ -77.3594388, 39.683347199999979 ], [ -77.367253800000015, 39.67759760000002 ], [ -77.3682693, 39.678762500000055 ], [ -77.3708681, 39.6782069 ], [ -77.3721688, 39.681178 ], [ -77.3761082, 39.680190899999943 ], [ -77.3776851, 39.682469700000027 ], [ -77.3756253, 39.689778499999967 ], [ -77.3656933, 39.692801700000032 ], [ -77.3634655, 39.692823100000027 ], [ -77.3616278, 39.689564899999986 ], [ -77.356996, 39.688995400000024 ], [ -77.3551294, 39.6842262 ] ], [ [ -77.3695061, 39.685106600000033 ], [ -77.3723146, 39.684764200000018 ], [ -77.3721179, 39.68257269999998 ], [ -77.3693095, 39.682915 ], [ -77.3695061, 39.685106600000033 ] ] ], [ [ [ -77.348798, 39.6841866 ], [ -77.3503182, 39.683755800000029 ], [ -77.3487344, 39.682640399999983 ], [ -77.3501083, 39.6807959 ], [ -77.352403099999989, 39.681382900000052 ], [ -77.3497966, 39.685441899999972 ], [ -77.3481376, 39.6847732 ], [ -77.348798, 39.6841866 ] ] ], [ [ [ -77.3344853, 39.685524199999975 ], [ -77.3348016, 39.6769136 ], [ -77.3491629, 39.680604200000012 ], [ -77.3405276, 39.686061 ], [ -77.3344853, 39.685524199999975 ] ] ], [ [ [ -77.3488301, 39.6818595 ], [ -77.3472772, 39.685665500000013 ], [ -77.3448954, 39.684716799999961 ], [ -77.3488301, 39.6818595 ] ] ], [ [ [ -77.3400631, 39.687463 ], [ -77.33874, 39.6870737 ], [ -77.3401124, 39.68672220000002 ], [ -77.3400631, 39.687463 ] ] ] ] } },
{ "type": "Feature", "properties": { "state_po": "MD", "county_geoid": "24021", "pwsid": "MD0100020", "pws_name": "TOWN OF MYERSVILLE", "population_served_count": 1516, "model_method": "", "verification_status": "", "symbology_field": "System Sourced", "intersection_area_sq_km": 1.9026062868903952 }, "geometry": { "type": "MultiPolygon", "coordinates": [ [ [ [ -77.5717656, 39.493122899999989 ], [ -77.5721006, 39.49701169999998 ], [ -77.5710518, 39.497808500000033 ], [ -77.5683976, 39.4939441 ], [ -77.5717656, 39.493122899999989 ] ] ], [ [ [ -77.574625900000015, 39.50953320000005 ], [ -77.5803077, 39.5224048 ], [ -77.579092, 39.519957 ], [ -77.5743471, 39.5192 ], [ -77.5710822, 39.5170528 ], [ -77.5716786, 39.51544249999997 ], [ -77.5704108, 39.516620200000048 ], [ -77.5639006, 39.512387299999979 ], [ -77.5623684, 39.50944970000004 ], [ -77.562656, 39.5086956 ], [ -77.5598134, 39.509558600000013 ], [ -77.5580011, 39.5085278 ], [ -77.5628791, 39.505814 ], [ -77.5559064, 39.501142300000062 ], [ -77.5656602, 39.5008032 ], [ -77.566327200000018, 39.495843400000012 ], [ -77.5678264, 39.499308800000016 ], [ -77.5690479, 39.498613300000024 ], [ -77.5669521, 39.5033721 ], [ -77.5707357, 39.50445059999997 ], [ -77.5723791, 39.507547799999976 ], [ -77.5713761, 39.508203399999978 ], [ -77.5677818, 39.505932299999976 ], [ -77.5684068, 39.50907379999996 ], [ -77.574625900000015, 39.50953320000005 ] ], [ [ -77.5602967, 39.501484 ], [ -77.5596615, 39.502492 ], [ -77.5603059, 39.502026300000026 ], [ -77.561445, 39.502437099999973 ], [ -77.5602967, 39.501484 ] ], [ [ -77.563972, 39.5058244 ], [ -77.5640179, 39.506964300000014 ], [ -77.5645787, 39.506696200000015 ], [ -77.563972, 39.5058244 ] ], [ [ -77.5656784, 39.510067099999979 ], [ -77.5660535, 39.509849799999976 ], [ -77.5655799, 39.509986799999979 ], [ -77.5656784, 39.510067099999979 ] ], [ [ -77.5634753, 39.5111657 ], [ -77.563507199999989, 39.5111661 ], [ -77.56350590000001, 39.511159 ], [ -77.5634753, 39.5111657 ] ], [ [ -77.5730297, 39.514424100000035 ], [ -77.571884, 39.515246800000021 ], [ -77.5734539, 39.515737399999971 ], [ -77.573879, 39.515502300000023 ], [ -77.5730297, 39.514424100000035 ] ] ] ] } },
{ "type": "Feature", "properties": { "state_po": "MD", "county_geoid": "24021", "pwsid": "MD0100210", "pws_name": "POLINGS MOBILE HOME PARK", "population_served_count": 80, "model_method": "", "verification_status": "", "symbology_field": "System Sourced", "intersection_area_sq_km": 0.15735799162402803 }, "geometry": { "type": "MultiPolygon", "coordinates": [ [ [ [ -77.502658, 39.407939300000017 ], [ -77.498159300000012, 39.4097213 ], [ -77.5025952, 39.404979 ], [ -77.502658, 39.407939300000017 ] ] ], [ [ [ -77.4977885, 39.410047899999981 ], [ -77.4947592, 39.4096159 ], [ -77.4968255, 39.405819 ], [ -77.4969838, 39.408030599999947 ], [ -77.4993309, 39.4080604 ], [ -77.4970599, 39.408527 ], [ -77.4977885, 39.410047899999981 ] ] ] ] } },
{ "type": "Feature", "properties": { "state_po": "MD", "county_geoid": "24021", "pwsid": "MD0100045", "pws_name": "ROSEMONT DISTRIBUTION SYSTEM", "population_served_count": 237, "model_method": "", "verification_status": "", "symbology_field": "System Sourced", "intersection_area_sq_km": 0.67586189967102295 }, "geometry": { "type": "Polygon", "coordinates": [ [ [ -77.6135338, 39.335125799999979 ], [ -77.6130016, 39.333299099999977 ], [ -77.6150022, 39.334121700000026 ], [ -77.611549, 39.3314523 ], [ -77.6152328, 39.332705799999978 ], [ -77.6134963, 39.330437600000025 ], [ -77.6149365, 39.329639200000017 ], [ -77.6172279, 39.3312476 ], [ -77.6165679, 39.329449900000036 ], [ -77.6193603, 39.331375400000027 ], [ -77.6169983, 39.329454200000015 ], [ -77.619485, 39.329989500000032 ], [ -77.6176861, 39.327591699999971 ], [ -77.6219472, 39.329269599999975 ], [ -77.6187289, 39.3265641 ], [ -77.6204849, 39.3246781 ], [ -77.6255563, 39.327318 ], [ -77.6231457, 39.329549699999987 ], [ -77.6297159, 39.3308834 ], [ -77.6289174, 39.332574899999976 ], [ -77.6226565, 39.330739299999976 ], [ -77.6169713, 39.3346377 ], [ -77.6135338, 39.335125799999979 ] ] ] } },
{ "type": "Feature", "properties": { "state_po": "MD", "county_geoid": "24021", "pwsid": "MD0100040", "pws_name": "SAM HILL ESTATES", "population_served_count": 1036, "model_method": "", "verification_status": "", "symbology_field": "System Sourced", "intersection_area_sq_km": 1.3430263723191824 }, "geometry": { "type": "MultiPolygon", "coordinates": [ [ [ [ -77.1997304, 39.344817 ], [ -77.202453, 39.338697899999971 ], [ -77.2063259, 39.339651699999983 ], [ -77.201754600000029, 39.345012499999989 ], [ -77.1997304, 39.344817 ] ], [ [ -77.2044872, 39.340839100000018 ], [ -77.2047374, 39.340358399999971 ], [ -77.2042647, 39.34071440000001 ], [ -77.2044872, 39.340839100000018 ] ], [ [ -77.2039547, 39.3414455 ], [ -77.2036741, 39.341501400000034 ], [ -77.2040093, 39.3416452 ], [ -77.2039547, 39.3414455 ] ], [ [ -77.2019187, 39.343631 ], [ -77.2020895, 39.34383660000001 ], [ -77.202011, 39.343729799999984 ], [ -77.2019187, 39.343631 ] ] ], [ [ [ -77.1894495, 39.345917 ], [ -77.1922868, 39.343280799999988 ], [ -77.1931335, 39.344688600000012 ], [ -77.1894495, 39.345917 ] ] ], [ [ [ -77.1898727, 39.353571100000046 ], [ -77.1915034, 39.348626300000021 ], [ -77.193008, 39.348052099999961 ], [ -77.192961200000028, 39.3500131 ], [ -77.195041, 39.346802899999943 ], [ -77.195158, 39.342121200000022 ], [ -77.1989547, 39.340925500000012 ], [ -77.198597, 39.3499328 ], [ -77.1950231, 39.353251599999979 ], [ -77.1926585, 39.3515054 ], [ -77.1917055, 39.353976 ], [ -77.1898727, 39.353571100000046 ] ], [ [ -77.1961061, 39.3434424 ], [ -77.1961309, 39.3434414 ], [ -77.1960992, 39.3434264 ], [ -77.1961061, 39.3434424 ] ], [ [ -77.1968913, 39.344407899999972 ], [ -77.1963782, 39.3441872 ], [ -77.1963326, 39.344439200000018 ], [ -77.1968913, 39.344407899999972 ] ], [ [ -77.1974344, 39.345720299999989 ], [ -77.1962145, 39.346227600000027 ], [ -77.1969492, 39.347589 ], [ -77.1973971, 39.346750799999967 ], [ -77.1974344, 39.345720299999989 ] ], [ [ -77.1954765, 39.348506900000018 ], [ -77.1964341, 39.349528 ], [ -77.1967611, 39.347939599999989 ], [ -77.1954765, 39.348506900000018 ] ], [ [ -77.1945738, 39.348948900000018 ], [ -77.1945729, 39.348910600000018 ], [ -77.1945362, 39.3489386 ], [ -77.1945738, 39.348948900000018 ] ] ], [ [ [ -77.189868, 39.35765149999996 ], [ -77.189714, 39.353909100000045 ], [ -77.191449, 39.3542341 ], [ -77.189868, 39.35765149999996 ] ] ], [ [ [ -77.196174200000016, 39.359476500000014 ], [ -77.1940661, 39.361016199999973 ], [ -77.1909428, 39.358822200000034 ], [ -77.1918683, 39.3578826 ], [ -77.1949463, 39.359405 ], [ -77.1963897, 39.357835899999969 ], [ -77.1989356, 39.360748900000033 ], [ -77.1975015, 39.362254199999981 ], [ -77.1954665, 39.3611489 ], [ -77.196174200000016, 39.359476500000014 ] ] ], [ [ [ -77.1879791, 39.3633617 ], [ -77.1845889, 39.3641066 ], [ -77.1841553, 39.362771199999983 ], [ -77.1872521, 39.360218299999964 ], [ -77.1885757, 39.360816500000013 ], [ -77.1882541, 39.362189199999975 ], [ -77.1904734, 39.361342700000044 ], [ -77.1941409, 39.363313 ], [ -77.194075, 39.3618196 ], [ -77.1967958, 39.363330800000028 ], [ -77.1934115, 39.3644098 ], [ -77.1939928, 39.366274899999965 ], [ -77.1879791, 39.3633617 ] ], [ [ -77.1875908, 39.3610786 ], [ -77.1876604, 39.360960099999978 ], [ -77.1875124, 39.360895100000022 ], [ -77.1875908, 39.3610786 ] ], [ [ -77.1875104, 39.36274070000006 ], [ -77.1875206, 39.3628081 ], [ -77.1875978, 39.3627386 ], [ -77.1875104, 39.36274070000006 ] ] ] ] } },
{ "type": "Feature", "properties": { "state_po": "MD", "county_geoid": "24021", "pwsid": "MD0100026", "pws_name": "WHITE ROCK", "population_served_count": 256, "model_method": "", "verification_status": "", "symbology_field": "System Sourced", "intersection_area_sq_km": 0.1727285079209448 }, "geometry": { "type": "Polygon", "coordinates": [ [ [ -77.4559033, 39.487876799999967 ], [ -77.4587045, 39.488934 ], [ -77.4576424, 39.4904262 ], [ -77.4595173, 39.4911869 ], [ -77.4570577, 39.493898 ], [ -77.4546344, 39.491835 ], [ -77.4567893, 39.490160899999964 ], [ -77.4538484, 39.489333399999978 ], [ -77.4559033, 39.487876799999967 ] ] ] } },
{ "type": "Feature", "properties": { "state_po": "MD", "county_geoid": "24021", "pwsid": "MD0100041", "pws_name": "KNOLLS OF WINDSOR", "population_served_count": 1553, "model_method": "", "verification_status": "", "symbology_field": "System Sourced", "intersection_area_sq_km": 1.1154129651633096 }, "geometry": { "type": "MultiPolygon", "coordinates": [ [ [ [ -77.2825689, 39.318903799999966 ], [ -77.283648, 39.318228299999973 ], [ -77.281086800000026, 39.316834800000024 ], [ -77.2800265, 39.319453099999983 ], [ -77.2746764, 39.317754299999976 ], [ -77.2755525, 39.316652600000076 ], [ -77.2798654, 39.31829089999998 ], [ -77.278366, 39.314234400000025 ], [ -77.2829109, 39.3117362 ], [ -77.2849731, 39.312366200000056 ], [ -77.2841553, 39.3096198 ], [ -77.2863211, 39.308993100000023 ], [ -77.2863992, 39.3141134 ], [ -77.290765, 39.316005100000012 ], [ -77.2889453, 39.31669179999998 ], [ -77.2855931, 39.314602 ], [ -77.2840771, 39.316391199999977 ], [ -77.2868188, 39.3157841 ], [ -77.2877189, 39.3178653 ], [ -77.284622, 39.318543700000028 ], [ -77.2868819, 39.318810300000031 ], [ -77.2842815, 39.320287699999987 ], [ -77.2825689, 39.318903799999966 ] ], [ [ -77.2824839, 39.3162101 ], [ -77.2835952, 39.3159351 ], [ -77.2817403, 39.3139435 ], [ -77.2824839, 39.3162101 ] ], [ [ -77.2830547, 39.317399300000019 ], [ -77.2831549, 39.317494600000011 ], [ -77.2832489, 39.31746780000001 ], [ -77.2830547, 39.317399300000019 ] ] ], [ [ [ -77.283008100000018, 39.321660800000011 ], [ -77.2840637, 39.322367100000051 ], [ -77.2828842, 39.3235742 ], [ -77.2818, 39.322940399999979 ], [ -77.283008100000018, 39.321660800000011 ] ] ], [ [ [ -77.2793796, 39.32617 ], [ -77.2720245, 39.322076400000022 ], [ -77.2727976, 39.320721100000014 ], [ -77.2746296, 39.321012900000042 ], [ -77.2728685, 39.320268499999955 ], [ -77.2740021, 39.318702099999982 ], [ -77.27706, 39.319910700000023 ], [ -77.2760262, 39.3209477 ], [ -77.2782688, 39.319858900000042 ], [ -77.2824734, 39.3203305 ], [ -77.2793796, 39.32617 ] ], [ [ -77.2779061, 39.3218556 ], [ -77.2797784, 39.321799399999982 ], [ -77.2791098, 39.320122200000014 ], [ -77.2779061, 39.3218556 ] ] ] ] } },
{ "type": "Feature", "properties": { "state_po": "MD", "county_geoid": "24021", "pwsid": "MD0100027", "pws_name": "TOWN OF WOODSBORO", "population_served_count": 846, "model_method": "", "verification_status": "", "symbology_field": "System Sourced", "intersection_area_sq_km": 1.4754012047682863 }, "geometry": { "type": "Polygon", "coordinates": [ [ [ -77.317127200000016, 39.540953299999984 ], [ -77.3124563, 39.537431200000022 ], [ -77.2994298, 39.537462899999944 ], [ -77.2977596, 39.5352995 ], [ -77.298952900000018, 39.532653500000023 ], [ -77.3070903, 39.533557 ], [ -77.3073095, 39.530809599999962 ], [ -77.3103418, 39.532296799999969 ], [ -77.3097623, 39.5276955 ], [ -77.3181106, 39.527185600000017 ], [ -77.3169808, 39.5387237 ], [ -77.3191056, 39.5391524 ], [ -77.317127200000016, 39.540953299999984 ] ], [ [ -77.311386, 39.53275390000001 ], [ -77.311043700000013, 39.53264549999993 ], [ -77.3112871, 39.534114700000011 ], [ -77.311386, 39.53275390000001 ] ], [ [ -77.3159247, 39.539071 ], [ -77.315867, 39.539224499999989 ], [ -77.315917, 39.539230199999956 ], [ -77.3159247, 39.539071 ] ] ] } },
{ "type": "Feature", "properties": { "state_po": "MD", "county_geoid": "24021", "pwsid": "MD0100031", "pws_name": "CLOVERHILL 3 - CONSECUTIVE TO MD0100015", "population_served_count": 888, "model_method": "", "verification_status": "", "symbology_field": "System Sourced", "intersection_area_sq_km": 0.75751856603411516 }, "geometry": { "type": "Polygon", "coordinates": [ [ [ -77.4345653, 39.452854400000028 ], [ -77.4403194, 39.459367 ], [ -77.4373123, 39.4663639 ], [ -77.4300766, 39.463641 ], [ -77.430551600000015, 39.4609802 ], [ -77.4349864, 39.460531700000018 ], [ -77.4317582, 39.458455699999931 ], [ -77.4345653, 39.452854400000028 ] ], [ [ -77.4369561, 39.460182499999966 ], [ -77.4355905, 39.4606231 ], [ -77.4381717, 39.46023310000006 ], [ -77.4369561, 39.460182499999966 ] ], [ [ -77.435565, 39.463734599999974 ], [ -77.4354145, 39.463708600000011 ], [ -77.4354671, 39.463778099999963 ], [ -77.435565, 39.463734599999974 ] ] ] } },
{ "type": "Feature", "properties": { "state_po": "MD", "county_geoid": "24021", "pwsid": "MD0100037", "pws_name": "COPPERFIELD", "population_served_count": 338, "model_method": "", "verification_status": "", "symbology_field": "System Sourced", "intersection_area_sq_km": 0.27325512832343712 }, "geometry": { "type": "MultiPolygon", "coordinates": [ [ [ [ -77.549084, 39.3595216 ], [ -77.5498167, 39.36009030000001 ], [ -77.5492576, 39.360214500000012 ], [ -77.549084, 39.3595216 ] ] ], [ [ [ -77.5495631, 39.3606208 ], [ -77.556646500000014, 39.3582282 ], [ -77.5588433, 39.361643599999987 ], [ -77.5547354, 39.363111400000022 ], [ -77.5501759, 39.362404700000035 ], [ -77.5495631, 39.3606208 ] ] ] ] } },
{ "type": "Feature", "properties": { "state_po": "MD", "county_geoid": "24021", "pwsid": "MD0100010", "pws_name": "TOWN OF EMMITSBURG", "population_served_count": 2400, "model_method": "", "verification_status": "", "symbology_field": "System Sourced", "intersection_area_sq_km": 5.5687025795405383 }, "geometry": { "type": "MultiPolygon", "coordinates": [ [ [ [ -77.334934, 39.7140626 ], [ -77.3304373, 39.7148359 ], [ -77.328896, 39.709836499999959 ], [ -77.3318529, 39.709931699999984 ], [ -77.3316859, 39.708070199999987 ], [ -77.3310002, 39.706241600000041 ], [ -77.3284625, 39.7056696 ], [ -77.3288693, 39.710085700000015 ], [ -77.3260574, 39.7111028 ], [ -77.3220999, 39.710955700000042 ], [ -77.3222934, 39.708389799999978 ], [ -77.321029200000012, 39.706790099999971 ], [ -77.313682, 39.707262500000027 ], [ -77.3101016, 39.713107800000024 ], [ -77.3049753, 39.7132725 ], [ -77.301414, 39.70730649999998 ], [ -77.3107486, 39.703266 ], [ -77.3085113, 39.700843800000023 ], [ -77.3099067, 39.6981224 ], [ -77.3078965, 39.692841 ], [ -77.3170236, 39.6909852 ], [ -77.3173073, 39.694318899999963 ], [ -77.3134382, 39.6953831 ], [ -77.317667, 39.6960382 ], [ -77.317315, 39.690416400000011 ], [ -77.3199585, 39.68938679999998 ], [ -77.3236898, 39.690722 ], [ -77.3197936, 39.695046900000044 ], [ -77.3243333, 39.691065500000029 ], [ -77.3286798, 39.689602 ], [ -77.3315689, 39.69346420000003 ], [ -77.3294739, 39.698404899999971 ], [ -77.3326125, 39.6911961 ], [ -77.3336442, 39.691777199999983 ], [ -77.3360241, 39.6960439 ], [ -77.3387287, 39.697042599999968 ], [ -77.3326389, 39.705959500000041 ], [ -77.3365783, 39.706782100000019 ], [ -77.3406387, 39.707503400000043 ], [ -77.3378062, 39.7074273 ], [ -77.3380575, 39.709505100000044 ], [ -77.3425135, 39.712847599999968 ], [ -77.3385906, 39.710362500000016 ], [ -77.3395878, 39.715307199999977 ], [ -77.3346088, 39.716557899999948 ], [ -77.334934, 39.7140626 ] ] ], [ [ [ -77.3375587, 39.706109299999973 ], [ -77.337626, 39.706915399999971 ], [ -77.3358641, 39.706554200000014 ], [ -77.3375587, 39.706109299999973 ] ] ], [ [ [ -77.3384852, 39.706564199999981 ], [ -77.3391145, 39.707101 ], [ -77.3383636, 39.706965099999984 ], [ -77.3384852, 39.706564199999981 ] ] ], [ [ [ -77.3401008, 39.7068558 ], [ -77.3412345, 39.7075698 ], [ -77.3399768, 39.7072566 ], [ -77.3401008, 39.7068558 ] ] ], [ [ [ -77.3431649, 39.71070870000004 ], [ -77.3412702, 39.707802800000024 ], [ -77.3439951, 39.710787099999962 ], [ -77.3431649, 39.71070870000004 ] ] ], [ [ [ -77.320496, 39.70905029999998 ], [ -77.3217194, 39.70917020000001 ], [ -77.320738, 39.709508099999979 ], [ -77.320496, 39.70905029999998 ] ] ], [ [ [ -77.3179219, 39.708473099999985 ], [ -77.320247, 39.708073799999958 ], [ -77.3216514, 39.708409 ], [ -77.3181313, 39.709859200000018 ], [ -77.3179219, 39.708473099999985 ] ] ], [ [ [ -77.3407072, 39.7151083 ], [ -77.339852900000025, 39.713010399999931 ], [ -77.3399847, 39.7115841 ], [ -77.3428865, 39.713773400000029 ], [ -77.3407072, 39.7151083 ] ], [ [ -77.3418697, 39.7140473 ], [ -77.3423766, 39.713854800000014 ], [ -77.3422167, 39.7137453 ], [ -77.3418697, 39.7140473 ] ] ], [ [ [ -77.3180845, 39.709969 ], [ -77.3187829, 39.709702899999982 ], [ -77.3184998, 39.710649 ], [ -77.3180845, 39.709969 ] ] ] ] } },
{ "type": "Feature", "properties": { "state_po": "MD", "county_geoid": "24021", "pwsid": "MD0100013", "pws_name": "FOUNTAINDALE SOUTH", "population_served_count": 2610, "model_method": "", "verification_status": "", "symbology_field": "System Sourced", "intersection_area_sq_km": 3.5406987915041115 }, "geometry": { "type": "MultiPolygon", "coordinates": [ [ [ [ -77.5177527, 39.399074 ], [ -77.5186178, 39.40013840000001 ], [ -77.5174473, 39.400026700000012 ], [ -77.5177527, 39.399074 ] ] ], [ [ [ -77.5145957, 39.4370478 ], [ -77.5046334, 39.432897699999963 ], [ -77.5051547, 39.4306031 ], [ -77.5089071, 39.430834900000036 ], [ -77.5057273, 39.4287151 ], [ -77.5054945, 39.4256624 ], [ -77.5027021, 39.428212799999969 ], [ -77.4974642, 39.422977100000011 ], [ -77.5014875, 39.4214775 ], [ -77.4997584, 39.419908100000029 ], [ -77.5034295, 39.4181793 ], [ -77.5014653, 39.416861499999982 ], [ -77.5020126, 39.414116 ], [ -77.5055409, 39.414859599999943 ], [ -77.5081096, 39.405008400000014 ], [ -77.5060296, 39.405524 ], [ -77.5065551, 39.4022741 ], [ -77.504204, 39.3999901 ], [ -77.505991, 39.3966547 ], [ -77.5094071, 39.397430500000013 ], [ -77.5064639, 39.395472599999977 ], [ -77.5098245, 39.393635199999984 ], [ -77.5114858, 39.3991676 ], [ -77.5145956, 39.398606900000033 ], [ -77.5152005, 39.401114500000013 ], [ -77.513484, 39.403557500000034 ], [ -77.5115626, 39.402604800000034 ], [ -77.509333, 39.404188 ], [ -77.5101939, 39.406789900000035 ], [ -77.5064381, 39.418543700000022 ], [ -77.5083938, 39.420622399999964 ], [ -77.5081416, 39.423613800000012 ], [ -77.5072316, 39.422424 ], [ -77.5056391, 39.4224 ], [ -77.5080474, 39.4243812 ], [ -77.509012200000015, 39.4226887 ], [ -77.5118499, 39.422447899999987 ], [ -77.5107397, 39.42535860000001 ], [ -77.5122479, 39.426680699999977 ], [ -77.5126829, 39.4249736 ], [ -77.5189915, 39.424470899999946 ], [ -77.5232933, 39.4265235 ], [ -77.518761200000014, 39.431302899999977 ], [ -77.521271200000015, 39.434035299999948 ], [ -77.5206768, 39.4355166 ], [ -77.5179866, 39.436746300000046 ], [ -77.5161098, 39.435687400000013 ], [ -77.5175249, 39.4340271 ], [ -77.5162764, 39.4329832 ], [ -77.517893, 39.43285 ], [ -77.5137206, 39.4293835 ], [ -77.5123399, 39.430514099999947 ], [ -77.5157977, 39.431973600000013 ], [ -77.5145957, 39.4370478 ] ], [ [ -77.5156856, 39.42563760000003 ], [ -77.5157809, 39.425639500000017 ], [ -77.5156762, 39.4255659 ], [ -77.5156856, 39.42563760000003 ] ], [ [ -77.5183234, 39.427079700000043 ], [ -77.5183315, 39.427066400000037 ], [ -77.5183251, 39.42707140000001 ], [ -77.5183234, 39.427079700000043 ] ], [ [ -77.5103834, 39.4265061 ], [ -77.5104149, 39.426479299999976 ], [ -77.5103515, 39.426462400000069 ], [ -77.5103834, 39.4265061 ] ], [ [ -77.5089934, 39.428197600000018 ], [ -77.5109413, 39.42803 ], [ -77.5099684, 39.427124499999977 ], [ -77.5089934, 39.428197600000018 ] ], [ [ -77.5119886, 39.4290088 ], [ -77.512521, 39.429033799999949 ], [ -77.5119973, 39.428967100000037 ], [ -77.5119886, 39.4290088 ] ], [ [ -77.5102608, 39.4305927 ], [ -77.509974, 39.4317452 ], [ -77.5115179, 39.4304939 ], [ -77.5102608, 39.4305927 ] ], [ [ -77.5108554, 39.4314784 ], [ -77.5108689, 39.431479100000033 ], [ -77.510847, 39.43147060000004 ], [ -77.5108554, 39.4314784 ] ], [ [ -77.5183765, 39.432823400000011 ], [ -77.5183069, 39.432841699999969 ], [ -77.5184365, 39.432891100000028 ], [ -77.5183765, 39.432823400000011 ] ], [ [ -77.5114397, 39.4322958 ], [ -77.5123872, 39.43206110000002 ], [ -77.5115771, 39.431735399999958 ], [ -77.5114397, 39.4322958 ] ], [ [ -77.5141571, 39.432741900000011 ], [ -77.514225, 39.4326829 ], [ -77.5140953, 39.432699600000035 ], [ -77.5141571, 39.432741900000011 ] ], [ [ -77.5182857, 39.4337146 ], [ -77.5180792, 39.434133399999986 ], [ -77.5183333, 39.433732699999986 ], [ -77.5182857, 39.4337146 ] ], [ [ -77.5089893, 39.396668800000022 ], [ -77.5090799, 39.396599499999979 ], [ -77.509041, 39.396562699999969 ], [ -77.5089893, 39.396668800000022 ] ], [ [ -77.5092717, 39.398451199999961 ], [ -77.5089016, 39.398411400000022 ], [ -77.5092676, 39.398474200000017 ], [ -77.5092717, 39.398451199999961 ] ], [ [ -77.5076451, 39.398795500000034 ], [ -77.5076895, 39.3985807 ], [ -77.5073841, 39.398492699999984 ], [ -77.5076451, 39.398795500000034 ] ], [ [ -77.5086154, 39.399324800000016 ], [ -77.509073, 39.399569399999962 ], [ -77.5091095, 39.399366899999933 ], [ -77.5086154, 39.399324800000016 ] ], [ [ -77.5113199, 39.399527800000023 ], [ -77.5105105, 39.400504600000033 ], [ -77.5079685, 39.400734600000028 ], [ -77.5112644, 39.401068099999982 ], [ -77.5113199, 39.399527800000023 ] ], [ [ -77.5066428, 39.4175218 ], [ -77.5060141, 39.417474899999959 ], [ -77.506595, 39.417815099999984 ], [ -77.5066428, 39.4175218 ] ], [ [ -77.5056059, 39.4188079 ], [ -77.5048182, 39.418563399999975 ], [ -77.5052507, 39.419276800000027 ], [ -77.5056059, 39.4188079 ] ], [ [ -77.5027775, 39.424740800000038 ], [ -77.5031883, 39.424230299999927 ], [ -77.5028801, 39.42420909999997 ], [ -77.5027775, 39.424740800000038 ] ], [ [ -77.502511, 39.425517699999972 ], [ -77.5017424, 39.426277600000013 ], [ -77.5022539, 39.426369099999981 ], [ -77.502511, 39.425517699999972 ] ], [ [ -77.5071718, 39.428164699999975 ], [ -77.5071596, 39.428175499999966 ], [ -77.5071824, 39.428177799999965 ], [ -77.5071718, 39.428164699999975 ] ] ], [ [ [ -77.4918864, 39.429674900000045 ], [ -77.490259, 39.428446799999989 ], [ -77.4922442, 39.426317900000015 ], [ -77.4910719, 39.423120099999977 ], [ -77.4925148, 39.424189399999953 ], [ -77.4916039, 39.422074800000019 ], [ -77.4939563, 39.42206560000001 ], [ -77.4970648, 39.418884899999966 ], [ -77.498225600000012, 39.422365800000044 ], [ -77.4955636, 39.4215945 ], [ -77.4934277, 39.423217399999963 ], [ -77.4967491, 39.422597799999984 ], [ -77.4953749, 39.426986600000014 ], [ -77.4933539, 39.426602399999972 ], [ -77.4930553, 39.427063600000047 ], [ -77.4958303, 39.427217799999987 ], [ -77.4956164, 39.4283596 ], [ -77.4918864, 39.429674900000045 ] ] ], [ [ [ -77.5445911, 39.4430551 ], [ -77.5450343, 39.4438111 ], [ -77.5446329, 39.443907200000034 ], [ -77.5445911, 39.4430551 ] ] ] ] } },
{ "type": "Feature", "properties": { "state_po": "MD", "county_geoid": "24021", "pwsid": "MD0100207", "pws_name": "GILBERTS MOBILE HOME PARK", "population_served_count": 75, "model_method": "", "verification_status": "", "symbology_field": "System Sourced", "intersection_area_sq_km": 0.01371391184328026 }, "geometry": { "type": "Polygon", "coordinates": [ [ [ -77.4623082, 39.39643030000002 ], [ -77.4604328, 39.3951604 ], [ -77.4611576, 39.394780499999968 ], [ -77.4623082, 39.39643030000002 ] ] ] } },
{ "type": "Feature", "properties": { "state_po": "MD", "county_geoid": "24021", "pwsid": "MD0100036", "pws_name": "LIBERTYTOWN APARTMENTS", "population_served_count": 97, "model_method": "", "verification_status": "", "symbology_field": "System Sourced", "intersection_area_sq_km": 0.27611353707303649 }, "geometry": { "type": "Polygon", "coordinates": [ [ [ -77.252614, 39.4919685 ], [ -77.2480843, 39.484627300000014 ], [ -77.2499123, 39.4845217 ], [ -77.250455800000012, 39.486162 ], [ -77.252129700000012, 39.4850999 ], [ -77.2551782, 39.485764299999964 ], [ -77.252614, 39.4919685 ] ] ] } },
{ "type": "Feature", "properties": { "state_po": "MD", "county_geoid": "24021", "pwsid": "MD0100038", "pws_name": "LIBERTYTOWN EAST", "population_served_count": 140, "model_method": "", "verification_status": "", "symbology_field": "System Sourced", "intersection_area_sq_km": 0.086308570576693097 }, "geometry": { "type": "MultiPolygon", "coordinates": [ [ [ [ -77.2331723, 39.4828736 ], [ -77.2338523, 39.4807221 ], [ -77.2360989, 39.481695 ], [ -77.2357046, 39.484288 ], [ -77.2331723, 39.4828736 ] ] ], [ [ [ -77.235194, 39.486234800000041 ], [ -77.2331881, 39.483873699999954 ], [ -77.2350168, 39.485667400000033 ], [ -77.2351324, 39.484411300000019 ], [ -77.2365791, 39.484900300000042 ], [ -77.235194, 39.486234800000041 ] ] ] ] } },
{ "type": "Feature", "properties": { "state_po": "MD", "county_geoid": "24021", "pwsid": "MD0100212", "pws_name": "SPRING VIEW MOBILE HOME PARK", "population_served_count": 70, "model_method": "", "verification_status": "", "symbology_field": "System Sourced", "intersection_area_sq_km": 0.017669728680779165 }, "geometry": { "type": "Polygon", "coordinates": [ [ [ -77.4588, 39.397535300000023 ], [ -77.4579647, 39.396369299999961 ], [ -77.4598169, 39.3961545 ], [ -77.4604239, 39.397016599999958 ], [ -77.4588, 39.397535300000023 ] ] ] } },
{ "type": "Feature", "properties": { "state_po": "MD", "county_geoid": "24021", "pwsid": "MD0100029", "pws_name": "WATERSIDE", "population_served_count": 1509, "model_method": "", "verification_status": "", "symbology_field": "System Sourced", "intersection_area_sq_km": 0.34473564239315424 }, "geometry": { "type": "Polygon", "coordinates": [ [ [ -77.3754027, 39.456585 ], [ -77.3744607, 39.4542295 ], [ -77.3711613, 39.452589400000015 ], [ -77.3763117, 39.4510438 ], [ -77.3778207, 39.452011100000028 ], [ -77.3774133, 39.4510654 ], [ -77.379858400000018, 39.4505996 ], [ -77.3825521, 39.453967499999941 ], [ -77.379091, 39.4542698 ], [ -77.3799771, 39.455234199999971 ], [ -77.379786, 39.455260199999977 ], [ -77.3793632, 39.454940499999985 ], [ -77.3789144, 39.454847099999959 ], [ -77.378826, 39.4548412 ], [ -77.3764818, 39.456987399999967 ], [ -77.3754027, 39.456585 ] ], [ [ -77.3799845, 39.451649399999987 ], [ -77.3799927, 39.451641299999984 ], [ -77.3799804, 39.451634200000036 ], [ -77.3799845, 39.451649399999987 ] ], [ [ -77.3794329, 39.452260300000013 ], [ -77.3792439, 39.451926800000017 ], [ -77.3793385, 39.452275700000023 ], [ -77.3794329, 39.452260300000013 ] ], [ [ -77.3780619, 39.452227 ], [ -77.3780993, 39.4521659 ], [ -77.377982, 39.452171 ], [ -77.3780619, 39.452227 ] ], [ [ -77.3752348, 39.454310299999946 ], [ -77.3767314, 39.454994600000013 ], [ -77.3759645, 39.4534207 ], [ -77.3752348, 39.454310299999946 ] ], [ [ -77.3774384, 39.455577 ], [ -77.37777, 39.455466499999964 ], [ -77.3772765, 39.4551175 ], [ -77.3774384, 39.455577 ] ], [ [ -77.3759138, 39.4563999 ], [ -77.3762877, 39.456025699999969 ], [ -77.3762168, 39.455799 ], [ -77.3759138, 39.4563999 ] ], [ [ -77.3745931, 39.4522821 ], [ -77.3758812, 39.4529197 ], [ -77.375688599999989, 39.451730599999927 ], [ -77.3745931, 39.4522821 ] ], [ [ -77.3735039, 39.452558499999967 ], [ -77.3736309, 39.452707699999962 ], [ -77.3735467, 39.452545199999953 ], [ -77.3735039, 39.452558499999967 ] ], [ [ -77.3737732, 39.452962399999976 ], [ -77.37464270000001, 39.4532613 ], [ -77.3745175, 39.4528421 ], [ -77.3737732, 39.452962399999976 ] ], [ [ -77.3739802, 39.45367 ], [ -77.3741009, 39.4537651 ], [ -77.3740207, 39.453624 ], [ -77.3739802, 39.45367 ] ], [ [ -77.3746418, 39.453882800000059 ], [ -77.3746556, 39.4538977 ], [ -77.3746711, 39.45387370000001 ], [ -77.3746418, 39.453882800000059 ] ] ] } },
{ "type": "Feature", "properties": { "state_po": "MD", "county_geoid": "24021", "pwsid": "MD0100032", "pws_name": "BRADFORD ESTATES", "population_served_count": 178, "model_method": "", "verification_status": "", "symbology_field": "System Sourced", "intersection_area_sq_km": 0.39402073830355627 }, "geometry": { "type": "Polygon", "coordinates": [ [ [ -77.2283026, 39.367899099999967 ], [ -77.2263789, 39.3616862 ], [ -77.2286145, 39.359760299999984 ], [ -77.2339548, 39.3604411 ], [ -77.2330648, 39.365073199999983 ], [ -77.2283026, 39.367899099999967 ] ], [ [ -77.2302882, 39.360432 ], [ -77.2302223, 39.360412200000049 ], [ -77.2302333, 39.360458399999985 ], [ -77.2302882, 39.360432 ] ], [ [ -77.2322003, 39.3615533 ], [ -77.2321393, 39.361525599999986 ], [ -77.2321404, 39.361570399999962 ], [ -77.2322003, 39.3615533 ] ], [ [ -77.2284726, 39.361446 ], [ -77.2283932, 39.361420199999962 ], [ -77.2284172, 39.3614557 ], [ -77.2284726, 39.361446 ] ], [ [ -77.2293944, 39.361766900000013 ], [ -77.2293782, 39.361771499999946 ], [ -77.2293842, 39.361784 ], [ -77.2293944, 39.361766900000013 ] ], [ [ -77.2284788, 39.363278599999958 ], [ -77.2285972, 39.3633212 ], [ -77.2285654, 39.363254 ], [ -77.2284788, 39.363278599999958 ] ], [ [ -77.2314875, 39.363788900000017 ], [ -77.2314763, 39.363798599999981 ], [ -77.2314888, 39.363807300000026 ], [ -77.2314875, 39.363788900000017 ] ], [ [ -77.2284708, 39.364266899999983 ], [ -77.2284562, 39.364195100000018 ], [ -77.2284216, 39.3642565 ], [ -77.2284708, 39.364266899999983 ] ] ] } },
{ "type": "Feature", "properties": { "state_po": "MD", "county_geoid": "24021", "pwsid": "MD0100033", "pws_name": "CAMBRIDGE FARMS", "population_served_count": 953, "model_method": "", "verification_status": "", "symbology_field": "System Sourced", "intersection_area_sq_km": 0.61389354664343287 }, "geometry": { "type": "MultiPolygon", "coordinates": [ [ [ [ -77.5324451, 39.3627967 ], [ -77.5320798, 39.362829099999985 ], [ -77.5323831, 39.362068099999981 ], [ -77.5324451, 39.3627967 ] ] ], [ [ [ -77.5315234, 39.365104499999966 ], [ -77.529982600000011, 39.3657769 ], [ -77.5290463, 39.3643104 ], [ -77.53177490000003, 39.363461899999969 ], [ -77.5301296, 39.364527700000039 ], [ -77.5322119, 39.364047900000038 ], [ -77.5323365, 39.366338500000026 ], [ -77.5315234, 39.365104499999966 ] ] ], [ [ [ -77.5305967, 39.366980099999964 ], [ -77.5296442, 39.365788599999981 ], [ -77.5308674, 39.366158900000023 ], [ -77.5305967, 39.366980099999964 ] ] ], [ [ [ -77.523205, 39.36762550000001 ], [ -77.5216396, 39.364888900000039 ], [ -77.5279939, 39.3634363 ], [ -77.5254512, 39.365246 ], [ -77.5269645, 39.3639324 ], [ -77.5228824, 39.365050300000021 ], [ -77.5242301, 39.3650643 ], [ -77.5233466, 39.366473200000065 ], [ -77.5251999, 39.3655112 ], [ -77.523205, 39.36762550000001 ] ] ], [ [ [ -77.523573, 39.369916800000041 ], [ -77.5252375, 39.370317500000027 ], [ -77.5271043, 39.3701667 ], [ -77.5231168, 39.3689371 ], [ -77.5232658, 39.368043 ], [ -77.5240792, 39.3684706 ], [ -77.5256487, 39.366924299999987 ], [ -77.527054300000017, 39.368515200000019 ], [ -77.526449500000012, 39.364828 ], [ -77.5288736, 39.3643399 ], [ -77.526969900000012, 39.365281500000023 ], [ -77.5289496, 39.367652 ], [ -77.5304275, 39.3671522 ], [ -77.529813, 39.368824100000047 ], [ -77.5310894, 39.36629080000003 ], [ -77.5319183, 39.3675566 ], [ -77.532922, 39.365605099999989 ], [ -77.5321288, 39.363592100000041 ], [ -77.5372731, 39.363081900000061 ], [ -77.531297, 39.369541300000037 ], [ -77.5243792, 39.370876099999954 ], [ -77.523573, 39.369916800000041 ] ] ], [ [ [ -77.5256477, 39.365652300000015 ], [ -77.526261, 39.3666927 ], [ -77.5251173, 39.366962499999985 ], [ -77.5239695, 39.368219600000018 ], [ -77.5256477, 39.365652300000015 ] ] ], [ [ [ -77.5222042, 39.367172599999975 ], [ -77.5230396, 39.3678886 ], [ -77.5228287, 39.3689313 ], [ -77.5222042, 39.367172599999975 ] ] ] ] } },
{ "type": "Feature", "properties": { "state_po": "MD", "county_geoid": "24021", "pwsid": "MD0100001", "pws_name": "AMELANO MANOR", "population_served_count": 36, "model_method": "", "verification_status": "", "symbology_field": "System Sourced", "intersection_area_sq_km": 0.1087760711105934 }, "geometry": { "type": "Polygon", "coordinates": [ [ [ -77.4282914, 39.473764199999977 ], [ -77.4313289, 39.475184299999952 ], [ -77.430459, 39.478959900000035 ], [ -77.4281202, 39.4785086 ], [ -77.4282914, 39.473764199999977 ] ] ] } },
{ "type": "Feature", "properties": { "state_po": "MD", "county_geoid": "24021", "pwsid": "MD0100047", "pws_name": "COUNTRY MEADOWS OF FREDERICK", "population_served_count": 295, "model_method": "", "verification_status": "", "symbology_field": "System Sourced", "intersection_area_sq_km": 0.21845599587575157 }, "geometry": { "type": "Polygon", "coordinates": [ [ [ -77.3816919, 39.3926969 ], [ -77.3778415, 39.396499 ], [ -77.3757499, 39.3946439 ], [ -77.3808362, 39.3869474 ], [ -77.3816919, 39.3926969 ] ] ] } },
{ "type": "Feature", "properties": { "state_po": "MD", "county_geoid": "24021", "pwsid": "MD0100214", "pws_name": "TRANQUILITY AT FREDERICKTOWNE", "population_served_count": 105, "model_method": "", "verification_status": "", "symbology_field": "System Sourced", "intersection_area_sq_km": 0.087687054900325412 }, "geometry": { "type": "Polygon", "coordinates": [ [ [ -77.4438848, 39.4021764 ], [ -77.4397097, 39.403052100000018 ], [ -77.4380304, 39.400805799999958 ], [ -77.4426689, 39.4011987 ], [ -77.4438848, 39.4021764 ] ] ] } },
{ "type": "Feature", "properties": { "state_po": "MD", "county_geoid": "24021", "pwsid": "MD0210001", "pws_name": "HIGHFIELD", "population_served_count": 1141, "model_method": "", "verification_status": "", "symbology_field": "System Sourced", "intersection_area_sq_km": 0.031613608012109246 }, "geometry": { "type": "MultiPolygon", "coordinates": [ [ [ [ -77.486239, 39.704619 ], [ -77.4859035, 39.704365699999961 ], [ -77.486327943859365, 39.704338055536951 ], [ -77.486239, 39.704619 ] ] ], [ [ [ -77.4788571, 39.709731699999956 ], [ -77.481263215169093, 39.707921403009443 ], [ -77.478322359901227, 39.710752630854749 ], [ -77.4788571, 39.709731699999956 ] ] ], [ [ [ -77.476346100488939, 39.712088650797142 ], [ -77.475904326511724, 39.712387294393878 ], [ -77.4759137, 39.7121452 ], [ -77.476346100488939, 39.712088650797142 ] ] ], [ [ [ -77.4728168, 39.715125299999954 ], [ -77.47301812098533, 39.715122468967088 ], [ -77.472823506190565, 39.715410716547446 ], [ -77.4728168, 39.715125299999954 ] ] ], [ [ [ -77.471933856524146, 39.716536600419772 ], [ -77.471611295129279, 39.716929846260179 ], [ -77.4715977, 39.716541500000027 ], [ -77.471933856524146, 39.716536600419772 ] ] ], [ [ [ -77.470498387482621, 39.718286591900046 ], [ -77.469815, 39.717495400000026 ], [ -77.471530606839863, 39.717028215374796 ], [ -77.470498387482621, 39.718286591900046 ] ] ], [ [ [ -77.469145, 39.720018 ], [ -77.468923, 39.718928 ], [ -77.470385513806164, 39.718424192825807 ], [ -77.469145, 39.720018 ] ] ] ] } },
{ "type": "Feature", "properties": { "state_po": "MD", "county_geoid": "24021", "pwsid": "VA6107555", "pws_name": "ELYSIAN HEIGHTS", "population_served_count": 1061, "model_method": "", "verification_status": "", "symbology_field": "System Sourced", "intersection_area_sq_km": 0.0032182888534083706 }, "geometry": { "type": "MultiPolygon", "coordinates": [ [ [ [ -77.4925139, 39.249626499999962 ], [ -77.49042061141958, 39.248860377398614 ], [ -77.49475752743615, 39.250392182271163 ], [ -77.4925139, 39.249626499999962 ] ] ], [ [ [ -77.496786247227305, 39.251069177101066 ], [ -77.499210322485013, 39.251394298690649 ], [ -77.4970989, 39.251178100000011 ], [ -77.496786247227305, 39.251069177101066 ] ] ], [ [ [ -77.516048495336179, 39.255759834642795 ], [ -77.5160081, 39.255747 ], [ -77.51594854006558, 39.255718791875736 ], [ -77.516048495336179, 39.255759834642795 ] ] ], [ [ [ -77.516836715128932, 39.256083482200381 ], [ -77.5164171, 39.255924400000033 ], [ -77.516152279532179, 39.255802449476462 ], [ -77.516836715128932, 39.256083482200381 ] ] ] ] } },
{ "type": "Feature", "properties": { "state_po": "MD", "county_geoid": "24510", "pwsid": "MD0300006", "pws_name": "METROPOLITAN OF BALTIMORE", "population_served_count": 414, "model_method": "", "verification_status": "", "symbology_field": "System Sourced", "intersection_area_sq_km": 0.064616901699397836 }, "geometry": { "type": "Polygon", "coordinates": [ [ [ -76.5834653, 39.367845799999976 ], [ -76.5819251, 39.372003100000029 ], [ -76.5807463, 39.372002599999981 ], [ -76.5811266, 39.368375 ], [ -76.5834653, 39.367845799999976 ] ] ] } },
{ "type": "Feature", "properties": { "state_po": "MD", "county_geoid": "24510", "pwsid": "MD0300004", "pws_name": "THE NEIGHBORHOODS AT ST. ELIZABETH", "population_served_count": 162, "model_method": "", "verification_status": "", "symbology_field": "System Sourced", "intersection_area_sq_km": 0.25734701771698232 }, "geometry": { "type": "Polygon", "coordinates": [ [ [ -76.675099300000014, 39.268351199999948 ], [ -76.67683430000001, 39.2718841 ], [ -76.671534100000017, 39.273595299999968 ], [ -76.6691097, 39.269308 ], [ -76.6717718, 39.2671551 ], [ -76.6726987, 39.268719199999978 ], [ -76.675099300000014, 39.268351199999948 ] ] ] } },
{ "type": "Feature", "properties": { "state_po": "MD", "county_geoid": "24510", "pwsid": "MD0300005", "pws_name": "KESWICK MULTI-CARE CENTER", "population_served_count": 575, "model_method": "", "verification_status": "", "symbology_field": "System Sourced", "intersection_area_sq_km": 0.11501050266268865 }, "geometry": { "type": "Polygon", "coordinates": [ [ [ -76.6320193, 39.3391312 ], [ -76.6286751, 39.339359099999953 ], [ -76.6285444, 39.337272700000049 ], [ -76.6329296, 39.3371532 ], [ -76.6344912, 39.3413811 ], [ -76.6320193, 39.3391312 ] ] ] } }
]
}
