{
"type": "FeatureCollection",
"name": "nj_service_areas",
"crs": { "type": "name", "properties": { "name": "urn:ogc:def:crs:OGC:1.3:CRS84" } },
"features": [
{ "type": "Feature", "properties": { "state_po": "NJ", "county_geoid": "34001", "pwsid": "NJ0111007", "pws_name": "SWAN LAKE RESORT", "population_served_count": 70, "model_method": "", "verification_status": "", "symbology_field": "System Sourced", "intersection_area_sq_km": 0.21774404771022843 }, "geometry": { "type": "Polygon", "coordinates": [ [ [ -74.5136796, 39.5051815 ], [ -74.5148216, 39.5065779 ], [ -74.5128438, 39.508273 ], [ -74.511006, 39.507835099999966 ], [ -74.5098037, 39.504250899999974 ], [ -74.513739, 39.501317899999989 ], [ -74.5161128, 39.503039899999983 ], [ -74.5136796, 39.5051815 ] ] ] } },
{ "type": "Feature", "properties": { "state_po": "NJ", "county_geoid": "34001", "pwsid": "NJ0112002", "pws_name": "BLACK HORSE MANOR", "population_served_count": 74, "model_method": "", "verification_status": "", "symbology_field": "System Sourced", "intersection_area_sq_km": 0.018589712662410562 }, "geometry": { "type": "Polygon", "coordinates": [ [ [ -74.6015845, 39.43311640000006 ], [ -74.6029141, 39.430485499999968 ], [ -74.603499, 39.430833 ], [ -74.6015845, 39.43311640000006 ] ] ] } },
{ "type": "Feature", "properties": { "state_po": "NJ", "county_geoid": "34001", "pwsid": "NJ0108013", "pws_name": "TOWER 1999 MOBILE HOME PARK", "population_served_count": 100, "model_method": "", "verification_status": "", "symbology_field": "System Sourced", "intersection_area_sq_km": 0.022521750588932819 }, "geometry": { "type": "Polygon", "coordinates": [ [ [ -74.6202314, 39.4353417 ], [ -74.6167241, 39.438139299999975 ], [ -74.6200389, 39.434723399999982 ], [ -74.6202314, 39.4353417 ] ] ] } },
{ "type": "Feature", "properties": { "state_po": "NJ", "county_geoid": "34001", "pwsid": "NJ0108014", "pws_name": "TOWER EAST MOBILE HOME PARK", "population_served_count": 70, "model_method": "", "verification_status": "", "symbology_field": "System Sourced", "intersection_area_sq_km": 0.032236857206386721 }, "geometry": { "type": "Polygon", "coordinates": [ [ [ -74.5972907, 39.429921200000024 ], [ -74.592118, 39.427683199999983 ], [ -74.5975724, 39.429364 ], [ -74.5972907, 39.429921200000024 ] ] ] } },
{ "type": "Feature", "properties": { "state_po": "NJ", "county_geoid": "34001", "pwsid": "NJ0108004", "pws_name": "NORMS DALE MOBILE HOME PARK", "population_served_count": 250, "model_method": "", "verification_status": "", "symbology_field": "System Sourced", "intersection_area_sq_km": 0.037492997541196629 }, "geometry": { "type": "Polygon", "coordinates": [ [ [ -74.6340943, 39.383998500000018 ], [ -74.6359885, 39.383260799999967 ], [ -74.637465, 39.38527110000004 ], [ -74.6362126, 39.385740699999985 ], [ -74.6340943, 39.383998500000018 ] ] ] } },
{ "type": "Feature", "properties": { "state_po": "NJ", "county_geoid": "34001", "pwsid": "NJ0108303", "pws_name": "BAY BREEZE VILLAGE", "population_served_count": 105, "model_method": "", "verification_status": "", "symbology_field": "System Sourced", "intersection_area_sq_km": 0.045260908676449524 }, "geometry": { "type": "Polygon", "coordinates": [ [ [ -74.6338298, 39.3172279 ], [ -74.6356173, 39.3181858 ], [ -74.6332533, 39.3200306 ], [ -74.6319272, 39.318988 ], [ -74.6338298, 39.3172279 ] ] ] } },
{ "type": "Feature", "properties": { "state_po": "NJ", "county_geoid": "34001", "pwsid": "NJ0119001", "pws_name": "DELILAH TERRACE MHP", "population_served_count": 210, "model_method": "", "verification_status": "", "symbology_field": "System Sourced", "intersection_area_sq_km": 0.060080332057923951 }, "geometry": { "type": "Polygon", "coordinates": [ [ [ -74.5744659, 39.430367499999988 ], [ -74.5699123, 39.4285124 ], [ -74.5727403, 39.427443600000025 ], [ -74.5744659, 39.430367499999988 ] ] ] } },
{ "type": "Feature", "properties": { "state_po": "NJ", "county_geoid": "34001", "pwsid": "NJ0108002", "pws_name": "ENGLISH CREEK MANOR M H PARK", "population_served_count": 250, "model_method": "", "verification_status": "", "symbology_field": "System Sourced", "intersection_area_sq_km": 0.07422680557158147 }, "geometry": { "type": "Polygon", "coordinates": [ [ [ -74.6393471, 39.3990827 ], [ -74.6394177, 39.4025399 ], [ -74.6371804, 39.4025761 ], [ -74.6371057, 39.399102899999988 ], [ -74.6393471, 39.3990827 ] ] ] } },
{ "type": "Feature", "properties": { "state_po": "NJ", "county_geoid": "34001", "pwsid": "NJ0108006", "pws_name": "TOWER MOBILE HOMES", "population_served_count": 245, "model_method": "", "verification_status": "", "symbology_field": "System Sourced", "intersection_area_sq_km": 0.07554057659805323 }, "geometry": { "type": "Polygon", "coordinates": [ [ [ -74.617732, 39.43872729999994 ], [ -74.6201297, 39.436034 ], [ -74.6230239, 39.4365576 ], [ -74.6192996, 39.4397121 ], [ -74.617732, 39.43872729999994 ] ] ] } },
{ "type": "Feature", "properties": { "state_po": "NJ", "county_geoid": "34001", "pwsid": "NJ0108009", "pws_name": "STONEY FIELD MOBILE HOME PARK", "population_served_count": 200, "model_method": "", "verification_status": "", "symbology_field": "System Sourced", "intersection_area_sq_km": 0.15742242270032619 }, "geometry": { "type": "Polygon", "coordinates": [ [ [ -74.6583612, 39.402828699999944 ], [ -74.6626038, 39.3983389 ], [ -74.6649885, 39.399695300000054 ], [ -74.660746, 39.404185100000014 ], [ -74.6583612, 39.402828699999944 ] ] ] } },
{ "type": "Feature", "properties": { "state_po": "NJ", "county_geoid": "34001", "pwsid": "NJ0108019", "pws_name": "OAK FOREST MOBILE HOME PARK", "population_served_count": 300, "model_method": "", "verification_status": "", "symbology_field": "System Sourced", "intersection_area_sq_km": 0.16765205218408397 }, "geometry": { "type": "Polygon", "coordinates": [ [ [ -74.636893, 39.384362900000028 ], [ -74.6350537, 39.381965900000019 ], [ -74.6407303, 39.3794292 ], [ -74.6410788, 39.383313099999974 ], [ -74.636893, 39.384362900000028 ] ] ] } },
{ "type": "Feature", "properties": { "state_po": "NJ", "county_geoid": "34001", "pwsid": "NJ0108003", "pws_name": "TILTON TERRACE MHP", "population_served_count": 456, "model_method": "", "verification_status": "", "symbology_field": "System Sourced", "intersection_area_sq_km": 0.26976049669127694 }, "geometry": { "type": "Polygon", "coordinates": [ [ [ -74.5745323, 39.430540599999979 ], [ -74.5727403, 39.427443600000025 ], [ -74.5702911, 39.429112199999985 ], [ -74.5686748, 39.426552599999944 ], [ -74.5744702, 39.424419199999981 ], [ -74.578227, 39.43027339999994 ], [ -74.5745323, 39.430540599999979 ] ] ] } },
{ "type": "Feature", "properties": { "state_po": "NJ", "county_geoid": "34001", "pwsid": "NJ0123001", "pws_name": "WEYMOUTH TWSP MUA", "population_served_count": 720, "model_method": "", "verification_status": "", "symbology_field": "System Sourced", "intersection_area_sq_km": 0.34961272685921468 }, "geometry": { "type": "Polygon", "coordinates": [ [ [ -74.735785, 39.4438972 ], [ -74.7353339, 39.442683 ], [ -74.7324107, 39.4435396 ], [ -74.7317512, 39.441616599999989 ], [ -74.7341736, 39.439484799999988 ], [ -74.7319465, 39.437483799999974 ], [ -74.7324051, 39.433998799999955 ], [ -74.7361052, 39.431277 ], [ -74.735785, 39.4438972 ] ] ] } },
{ "type": "Feature", "properties": { "state_po": "NJ", "county_geoid": "34001", "pwsid": "NJ0123002", "pws_name": "THE OAKS OF WEYMOUTH WATER CO.", "population_served_count": 750, "model_method": "", "verification_status": "", "symbology_field": "System Sourced", "intersection_area_sq_km": 0.63002509240525717 }, "geometry": { "type": "Polygon", "coordinates": [ [ [ -74.7539849, 39.4362673 ], [ -74.7528167, 39.428919599999979 ], [ -74.7631987, 39.42618089999997 ], [ -74.7636429, 39.431391700000013 ], [ -74.7539849, 39.4362673 ] ] ] } },
{ "type": "Feature", "properties": { "state_po": "NJ", "county_geoid": "34001", "pwsid": "NJ0111004", "pws_name": "POMONA MOBILE HOME PARK", "population_served_count": 98, "model_method": "", "verification_status": "", "symbology_field": "System Sourced", "intersection_area_sq_km": 0.0085286676725860721 }, "geometry": { "type": "Polygon", "coordinates": [ [ [ -74.5820843, 39.473940599999956 ], [ -74.581486, 39.474210600000049 ], [ -74.5811154, 39.472672099999961 ], [ -74.5820843, 39.473940599999956 ] ] ] } },
{ "type": "Feature", "properties": { "state_po": "NJ", "county_geoid": "34001", "pwsid": "NJ0105001", "pws_name": "BUENA FAMILY MANOR MOBILE H P", "population_served_count": 64, "model_method": "", "verification_status": "", "symbology_field": "System Sourced", "intersection_area_sq_km": 0.037914804656093821 }, "geometry": { "type": "Polygon", "coordinates": [ [ [ -74.8919572, 39.5578758 ], [ -74.8898987, 39.558773499999965 ], [ -74.8884039, 39.557922 ], [ -74.8896236, 39.55656 ], [ -74.8919572, 39.5578758 ] ] ] } },
{ "type": "Feature", "properties": { "state_po": "NJ", "county_geoid": "34001", "pwsid": "NJ0117001", "pws_name": "MULLICA WOODS MOBILE HOME PARK", "population_served_count": 150, "model_method": "", "verification_status": "", "symbology_field": "System Sourced", "intersection_area_sq_km": 0.069683866282080995 }, "geometry": { "type": "Polygon", "coordinates": [ [ [ -74.6455343, 39.5484351 ], [ -74.6486074, 39.5491559 ], [ -74.6459415, 39.551440500000034 ], [ -74.6449126, 39.550584599999951 ], [ -74.6455343, 39.5484351 ] ] ] } },
{ "type": "Feature", "properties": { "state_po": "NJ", "county_geoid": "34001", "pwsid": "NJ0105002", "pws_name": "ALPINE VILLAGE", "population_served_count": 70, "model_method": "", "verification_status": "", "symbology_field": "System Sourced", "intersection_area_sq_km": 0.078011645992005815 }, "geometry": { "type": "Polygon", "coordinates": [ [ [ -74.8834493, 39.463192299999939 ], [ -74.8834411, 39.461538399999974 ], [ -74.8857874, 39.4614588 ], [ -74.885801, 39.4641008 ], [ -74.8811747, 39.464094899999978 ], [ -74.8834493, 39.463192299999939 ] ] ] } },
{ "type": "Feature", "properties": { "state_po": "NJ", "county_geoid": "34001", "pwsid": "NJ0108005", "pws_name": "AQUA NJ - SEAVIEW HARBOR", "population_served_count": 300, "model_method": "", "verification_status": "", "symbology_field": "System Sourced", "intersection_area_sq_km": 0.25103875316843188 }, "geometry": { "type": "Polygon", "coordinates": [ [ [ -74.5312297, 39.314443699999984 ], [ -74.5343981, 39.311924199999979 ], [ -74.5377175, 39.312064900000017 ], [ -74.5391548, 39.313590899999966 ], [ -74.5378749, 39.31534259999998 ], [ -74.5335959, 39.3164643 ], [ -74.5312297, 39.314443699999984 ] ] ] } },
{ "type": "Feature", "properties": { "state_po": "NJ", "county_geoid": "34009", "pwsid": "NJ0506321", "pws_name": "CEDAR SPRINGS MHP WELL #", "population_served_count": 90, "model_method": "", "verification_status": "", "symbology_field": "System Sourced", "intersection_area_sq_km": 0.011238190064013 }, "geometry": { "type": "Polygon", "coordinates": [ [ [ -74.8398026, 39.042902 ], [ -74.8416198, 39.042745500000038 ], [ -74.8412101, 39.043440300000022 ], [ -74.8398026, 39.042902 ] ] ] } },
{ "type": "Feature", "properties": { "state_po": "NJ", "county_geoid": "34009", "pwsid": "NJ0506012", "pws_name": "PRESIDENTIAL COURTS MOBILE H P", "population_served_count": 49, "model_method": "", "verification_status": "", "symbology_field": "System Sourced", "intersection_area_sq_km": 0.022512046167306888 }, "geometry": { "type": "Polygon", "coordinates": [ [ [ -74.839723400000011, 39.07033509999998 ], [ -74.838660100000013, 39.0717564 ], [ -74.8373272, 39.0711644 ], [ -74.8384828, 39.069862 ], [ -74.839723400000011, 39.07033509999998 ] ] ] } },
{ "type": "Feature", "properties": { "state_po": "NJ", "county_geoid": "34009", "pwsid": "NJ0506013", "pws_name": "A AND J MOBILE HOME PARK", "population_served_count": 86, "model_method": "", "verification_status": "", "symbology_field": "System Sourced", "intersection_area_sq_km": 0.02652206655286133 }, "geometry": { "type": "Polygon", "coordinates": [ [ [ -74.8655498, 39.026839100000011 ], [ -74.861565500000012, 39.025438400000013 ], [ -74.8620698, 39.024943599999965 ], [ -74.8655498, 39.026839100000011 ] ] ] } },
{ "type": "Feature", "properties": { "state_po": "NJ", "county_geoid": "34009", "pwsid": "NJ0506001", "pws_name": "DELSEA WOODS COMMUNITY LLC", "population_served_count": 95, "model_method": "", "verification_status": "", "symbology_field": "System Sourced", "intersection_area_sq_km": 0.034907930239665791 }, "geometry": { "type": "Polygon", "coordinates": [ [ [ -74.898214, 39.065986799999983 ], [ -74.898507, 39.064413800000032 ], [ -74.900664300000017, 39.0645628 ], [ -74.9002566, 39.066362499999975 ], [ -74.898214, 39.065986799999983 ] ] ] } },
{ "type": "Feature", "properties": { "state_po": "NJ", "county_geoid": "34009", "pwsid": "NJ0506004", "pws_name": "EDGEWOOD VILLAGE M H PARK", "population_served_count": 300, "model_method": "", "verification_status": "", "symbology_field": "System Sourced", "intersection_area_sq_km": 0.042752266523516234 }, "geometry": { "type": "Polygon", "coordinates": [ [ [ -74.8644256, 39.0312413 ], [ -74.862785, 39.033246499999983 ], [ -74.8607259, 39.032550799999974 ], [ -74.8644256, 39.0312413 ] ] ] } },
{ "type": "Feature", "properties": { "state_po": "NJ", "county_geoid": "34009", "pwsid": "NJ0505003", "pws_name": "CAPE MAY MOBILE ESTATES", "population_served_count": 420, "model_method": "", "verification_status": "", "symbology_field": "System Sourced", "intersection_area_sq_km": 0.063328691667171005 }, "geometry": { "type": "Polygon", "coordinates": [ [ [ -74.9148942, 38.968624799999965 ], [ -74.9114456, 38.967326 ], [ -74.9120924, 38.965228600000046 ], [ -74.9145457, 38.966674499999989 ], [ -74.9148942, 38.968624799999965 ] ] ] } },
{ "type": "Feature", "properties": { "state_po": "NJ", "county_geoid": "34009", "pwsid": "NJ0506015", "pws_name": "GRANDE WOODS NORTH MHP", "population_served_count": 200, "model_method": "", "verification_status": "", "symbology_field": "System Sourced", "intersection_area_sq_km": 0.069569777674662325 }, "geometry": { "type": "Polygon", "coordinates": [ [ [ -74.8709964, 39.0198309 ], [ -74.8624035, 39.01644660000003 ], [ -74.8628214, 39.0157832 ], [ -74.8709964, 39.0198309 ] ] ] } },
{ "type": "Feature", "properties": { "state_po": "NJ", "county_geoid": "34009", "pwsid": "NJ0506007", "pws_name": "GRANDE WOODS SOUTH MOBILE H P", "population_served_count": 650, "model_method": "", "verification_status": "", "symbology_field": "System Sourced", "intersection_area_sq_km": 0.087766285075681336 }, "geometry": { "type": "Polygon", "coordinates": [ [ [ -74.870864900000015, 39.0185015 ], [ -74.8709964, 39.0198309 ], [ -74.8628214, 39.0157832 ], [ -74.8635101, 39.014922 ], [ -74.870864900000015, 39.0185015 ] ] ] } },
{ "type": "Feature", "properties": { "state_po": "NJ", "county_geoid": "34009", "pwsid": "NJ0511003", "pws_name": "SHORE ACRES MOBILE HOME", "population_served_count": 392, "model_method": "", "verification_status": "", "symbology_field": "System Sourced", "intersection_area_sq_km": 0.12513733292417026 }, "geometry": { "type": "Polygon", "coordinates": [ [ [ -74.6853074, 39.2277745 ], [ -74.679735900000011, 39.223426499999938 ], [ -74.680824500000014, 39.22215510000003 ], [ -74.6871419, 39.227209099999975 ], [ -74.6853074, 39.2277745 ] ] ] } },
{ "type": "Feature", "properties": { "state_po": "NJ", "county_geoid": "34009", "pwsid": "NJ0504306", "pws_name": "OCEANVIEW CTR FOR REHAB AND CONTINUING C", "population_served_count": 120, "model_method": "", "verification_status": "", "symbology_field": "System Sourced", "intersection_area_sq_km": 0.1307596958511251 }, "geometry": { "type": "Polygon", "coordinates": [ [ [ -74.7259638, 39.1921669 ], [ -74.7246118, 39.1925634 ], [ -74.7186673, 39.189584099999976 ], [ -74.7223934, 39.188793199999978 ], [ -74.7259638, 39.1921669 ] ] ] } },
{ "type": "Feature", "properties": { "state_po": "NJ", "county_geoid": "34009", "pwsid": "NJ0516003", "pws_name": "CAROL LYNN RESORT, INC", "population_served_count": 550, "model_method": "", "verification_status": "", "symbology_field": "System Sourced", "intersection_area_sq_km": 0.18635710784367729 }, "geometry": { "type": "Polygon", "coordinates": [ [ [ -74.8374992, 39.233859399999965 ], [ -74.8356201, 39.23277810000004 ], [ -74.8370082, 39.231300500000074 ], [ -74.8416093, 39.2342533 ], [ -74.8416566, 39.2362695 ], [ -74.8381514, 39.236935 ], [ -74.8358483, 39.235624799999968 ], [ -74.8374992, 39.233859399999965 ] ] ] } },
{ "type": "Feature", "properties": { "state_po": "NJ", "county_geoid": "34009", "pwsid": "NJ0506008", "pws_name": "MIDDLE TWP WATER DISTRICT 1", "population_served_count": 685, "model_method": "", "verification_status": "", "symbology_field": "System Sourced", "intersection_area_sq_km": 0.23071889171816934 }, "geometry": { "type": "Polygon", "coordinates": [ [ [ -74.741085, 39.110078399999963 ], [ -74.7409452, 39.112763700000031 ], [ -74.7483691, 39.114988399999987 ], [ -74.7496961, 39.111967900000018 ], [ -74.7500277, 39.116010699999983 ], [ -74.7340486, 39.111048 ], [ -74.7377866, 39.109967399999988 ], [ -74.7376595, 39.1110079 ], [ -74.7401923, 39.112266800000029 ], [ -74.738217, 39.110067299999955 ], [ -74.741085, 39.110078399999963 ] ] ] } },
{ "type": "Feature", "properties": { "state_po": "NJ", "county_geoid": "34009", "pwsid": "NJ0511001", "pws_name": "NJ AMERICAN WATER - STRATHMERE", "population_served_count": 699, "model_method": "", "verification_status": "", "symbology_field": "System Sourced", "intersection_area_sq_km": 0.45982584728386222 }, "geometry": { "type": "Polygon", "coordinates": [ [ [ -74.6557412, 39.1957026 ], [ -74.658211100000017, 39.194868500000034 ], [ -74.6707113, 39.182139900000024 ], [ -74.6697176, 39.183403499999983 ], [ -74.6724981, 39.184256099999978 ], [ -74.671087, 39.185651600000014 ], [ -74.669365500000012, 39.183798699999976 ], [ -74.6604374, 39.1937457 ], [ -74.6627585, 39.194730100000015 ], [ -74.6585055, 39.196699 ], [ -74.6545188, 39.20214059999995 ], [ -74.6521992, 39.20222749999995 ], [ -74.6557412, 39.1957026 ] ] ] } },
{ "type": "Feature", "properties": { "state_po": "NJ", "county_geoid": "34009", "pwsid": "NJ0506009", "pws_name": "MIDDLE TWP WATER DISTRICT", "population_served_count": 731, "model_method": "", "verification_status": "", "symbology_field": "System Sourced", "intersection_area_sq_km": 0.52944828905289087 }, "geometry": { "type": "Polygon", "coordinates": [ [ [ -74.7840811, 39.065582200000023 ], [ -74.783592700000014, 39.0670293 ], [ -74.788744, 39.068734200000037 ], [ -74.8104035, 39.082217 ], [ -74.8116255, 39.0810508 ], [ -74.8152463, 39.0822633 ], [ -74.8142061, 39.084761799999981 ], [ -74.8092471, 39.085132500000036 ], [ -74.8080425, 39.0810082 ], [ -74.7877396, 39.0687011 ], [ -74.7828229, 39.0676018 ], [ -74.7723526, 39.0612155 ], [ -74.7706137, 39.062193600000015 ], [ -74.7714144, 39.0613555 ], [ -74.7641992, 39.0584097 ], [ -74.7664471, 39.059283200000039 ], [ -74.7669748, 39.0586444 ], [ -74.766004700000011, 39.058052299999972 ], [ -74.7655118, 39.058556499999973 ], [ -74.7645705, 39.058134 ], [ -74.766132700000014, 39.057552 ], [ -74.7641321, 39.05640449999995 ], [ -74.7703508, 39.058655900000026 ], [ -74.7720208, 39.060748899999979 ], [ -74.7729456, 39.0598646 ], [ -74.773195500000014, 39.061431099999979 ], [ -74.7816362, 39.064892600000022 ], [ -74.7817175, 39.06632960000001 ], [ -74.7840811, 39.065582200000023 ] ] ] } },
{ "type": "Feature", "properties": { "state_po": "NJ", "county_geoid": "34009", "pwsid": "NJ0516001", "pws_name": "BOROUGH OF WOODBINE", "population_served_count": 2650, "model_method": "", "verification_status": "", "symbology_field": "System Sourced", "intersection_area_sq_km": 25.317897579097703 }, "geometry": { "type": "Polygon", "coordinates": [ [ [ -74.8600596, 39.26174539999996 ], [ -74.8320453, 39.244079599999964 ], [ -74.8160991, 39.256526 ], [ -74.7660361, 39.223666099999974 ], [ -74.7742236, 39.214529 ], [ -74.7907999, 39.21546570000001 ], [ -74.794192800000019, 39.203271799999975 ], [ -74.799827900000011, 39.203796599999947 ], [ -74.8043178, 39.214025399999962 ], [ -74.8108177, 39.219081300000013 ], [ -74.8190574, 39.221677900000032 ], [ -74.8292221, 39.207345599999989 ], [ -74.8483967, 39.205955100000018 ], [ -74.8343978, 39.229587900000013 ], [ -74.8370082, 39.231300500000074 ], [ -74.8358483, 39.235624799999968 ], [ -74.8409487, 39.236845199999976 ], [ -74.8322115, 39.243949700000037 ], [ -74.8410963, 39.249006700000017 ], [ -74.8489949, 39.244352699999986 ], [ -74.855811, 39.23272739999998 ], [ -74.8622454, 39.232855199999968 ], [ -74.8589792, 39.237086600000055 ], [ -74.864087, 39.23850010000001 ], [ -74.8665051, 39.235484799999981 ], [ -74.8756357, 39.2418058 ], [ -74.8729397, 39.24457010000004 ], [ -74.869719, 39.244773699999946 ], [ -74.8700308, 39.252397400000056 ], [ -74.8646813, 39.255165 ], [ -74.8622454, 39.2605397 ], [ -74.8600596, 39.26174539999996 ] ] ] } },
{ "type": "Feature", "properties": { "state_po": "NJ", "county_geoid": "34041", "pwsid": "NJ2102001", "pws_name": "ALPHA MUNICIPAL WATER WORKS", "population_served_count": 2530, "model_method": "", "verification_status": "", "symbology_field": "System Sourced", "intersection_area_sq_km": 4.1709953878292518 }, "geometry": { "type": "Polygon", "coordinates": [ [ [ -75.1512788, 40.672324 ], [ -75.137012, 40.661076099999981 ], [ -75.1428883, 40.656991199999986 ], [ -75.147549, 40.6557238 ], [ -75.1517041, 40.6583129 ], [ -75.154080600000015, 40.6578487 ], [ -75.1535983, 40.655855799999976 ], [ -75.1565954, 40.655365500000023 ], [ -75.155728200000013, 40.651813399999959 ], [ -75.1650448, 40.6487482 ], [ -75.172119, 40.643279400000019 ], [ -75.1731457, 40.645302600000036 ], [ -75.1687024, 40.651647699999977 ], [ -75.169984, 40.653633399999983 ], [ -75.1670077, 40.656369699999978 ], [ -75.16924, 40.665307699999985 ], [ -75.1604407, 40.666557400000023 ], [ -75.1600232, 40.6718244 ], [ -75.1512788, 40.672324 ] ] ] } },
{ "type": "Feature", "properties": { "state_po": "NJ", "county_geoid": "34041", "pwsid": "NJ2103001", "pws_name": "NJ AMERICAN WATER - BELVIDERE", "population_served_count": 2854, "model_method": "", "verification_status": "", "symbology_field": "System Sourced", "intersection_area_sq_km": 4.1051843353121908 }, "geometry": { "type": "Polygon", "coordinates": [ [ [ -75.0833304, 40.8290437 ], [ -75.0867139, 40.832146500000015 ], [ -75.0833014, 40.835740400000034 ], [ -75.0781723, 40.833534899999961 ], [ -75.0755886, 40.8348959 ], [ -75.0748373, 40.831379800000015 ], [ -75.0670201, 40.833602100000022 ], [ -75.066452900000016, 40.832455600000031 ], [ -75.069838100000027, 40.8315981 ], [ -75.0719431, 40.829125899999951 ], [ -75.0749977, 40.829661100000031 ], [ -75.0756557, 40.829319099999964 ], [ -75.073630200000011, 40.828071099999988 ], [ -75.0707699, 40.828823200000016 ], [ -75.0698025, 40.825579799999964 ], [ -75.0643734, 40.824826200000018 ], [ -75.0650803, 40.823685600000026 ], [ -75.0594887, 40.8234648 ], [ -75.0572239, 40.8135376 ], [ -75.061006, 40.809805300000022 ], [ -75.0561696, 40.808364899999972 ], [ -75.0567133, 40.807696900000025 ], [ -75.0639605, 40.810867600000037 ], [ -75.0676799, 40.810111399999954 ], [ -75.0751617, 40.807164899999989 ], [ -75.0727729, 40.806172700000012 ], [ -75.074952, 40.803715300000022 ], [ -75.0763671, 40.805247 ], [ -75.0802314, 40.799385300000019 ], [ -75.0843496, 40.801169 ], [ -75.081118, 40.805447800000039 ], [ -75.0796088, 40.804223799999981 ], [ -75.0757919, 40.806854800000011 ], [ -75.076231, 40.820345900000014 ], [ -75.0827553, 40.824353699999961 ], [ -75.0833304, 40.8290437 ] ] ] } },
{ "type": "Feature", "properties": { "state_po": "NJ", "county_geoid": "34041", "pwsid": "NJ2123002", "pws_name": "WINDTRYST APTS", "population_served_count": 216, "model_method": "", "verification_status": "", "symbology_field": "System Sourced", "intersection_area_sq_km": 0.080772815419915017 }, "geometry": { "type": "Polygon", "coordinates": [ [ [ -75.08049170000001, 40.7990163 ], [ -75.077486800000017, 40.801285900000039 ], [ -75.0759228, 40.79991159999998 ], [ -75.077937, 40.797877 ], [ -75.08049170000001, 40.7990163 ] ] ] } },
{ "type": "Feature", "properties": { "state_po": "NJ", "county_geoid": "34041", "pwsid": "NJ2117003", "pws_name": "OXFORD HERITAGE MANOR", "population_served_count": 60, "model_method": "", "verification_status": "", "symbology_field": "System Sourced", "intersection_area_sq_km": 0.022644600920733848 }, "geometry": { "type": "Polygon", "coordinates": [ [ [ -75.0040677, 40.803096199999985 ], [ -75.0073429, 40.803167299999963 ], [ -75.0068336, 40.8045922 ], [ -75.0040677, 40.803096199999985 ] ] ] } },
{ "type": "Feature", "properties": { "state_po": "NJ", "county_geoid": "34041", "pwsid": "NJ2106304", "pws_name": "FOREST MANOR RETIREMENT HOME", "population_served_count": 224, "model_method": "", "verification_status": "", "symbology_field": "System Sourced", "intersection_area_sq_km": 0.065750560219196508 }, "geometry": { "type": "Polygon", "coordinates": [ [ [ -74.9274011, 40.922992200000017 ], [ -74.925898, 40.92397990000002 ], [ -74.9238871, 40.919902599999972 ], [ -74.9256615, 40.919839199999984 ], [ -74.9274011, 40.922992200000017 ] ] ] } },
{ "type": "Feature", "properties": { "state_po": "NJ", "county_geoid": "34041", "pwsid": "NJ2112001", "pws_name": "VEOLIA WATER NJ INDEPENDENCE VALLEY VIEW", "population_served_count": 110, "model_method": "", "verification_status": "", "symbology_field": "System Sourced", "intersection_area_sq_km": 0.08021692164654845 }, "geometry": { "type": "Polygon", "coordinates": [ [ [ -74.8852351, 40.8648905 ], [ -74.8863886, 40.866816600000014 ], [ -74.8816114, 40.867675099999985 ], [ -74.8817607, 40.8661429 ], [ -74.8852351, 40.8648905 ] ] ] } },
{ "type": "Feature", "properties": { "state_po": "NJ", "county_geoid": "34041", "pwsid": "NJ2112002", "pws_name": "VEOLIA WATER NJ INDEPENDENCE HIGHLAND", "population_served_count": 350, "model_method": "", "verification_status": "", "symbology_field": "System Sourced", "intersection_area_sq_km": 0.75117663880733676 }, "geometry": { "type": "Polygon", "coordinates": [ [ [ -74.8684792, 40.850009099999973 ], [ -74.870484, 40.8485934 ], [ -74.8717359, 40.850457800000036 ], [ -74.8640488, 40.853540699999975 ], [ -74.8551584, 40.8533416 ], [ -74.8529824, 40.850360599999981 ], [ -74.8570178, 40.848786199999978 ], [ -74.8558005, 40.8431868 ], [ -74.8577876, 40.842414299999973 ], [ -74.8608968, 40.8492841 ], [ -74.8684792, 40.850009099999973 ] ] ] } },
{ "type": "Feature", "properties": { "state_po": "NJ", "county_geoid": "34041", "pwsid": "NJ2113301", "pws_name": "CLOVER REST HOME", "population_served_count": 64, "model_method": "", "verification_status": "", "symbology_field": "System Sourced", "intersection_area_sq_km": 0.0017146492643338356 }, "geometry": { "type": "Polygon", "coordinates": [ [ [ -75.0938881, 40.925769 ], [ -75.0941013, 40.925254 ], [ -75.0943646, 40.92551270000002 ], [ -75.0938881, 40.925769 ] ] ] } },
{ "type": "Feature", "properties": { "state_po": "NJ", "county_geoid": "34041", "pwsid": "NJ2113002", "pws_name": "RIVERSIDE MHP", "population_served_count": 85, "model_method": "", "verification_status": "", "symbology_field": "System Sourced", "intersection_area_sq_km": 0.025264658851812515 }, "geometry": { "type": "Polygon", "coordinates": [ [ [ -75.0472488, 40.865285199999967 ], [ -75.0476353, 40.864097299999976 ], [ -75.050365900000017, 40.864459599999975 ], [ -75.0501322, 40.8651674 ], [ -75.0472488, 40.865285199999967 ] ] ] } },
{ "type": "Feature", "properties": { "state_po": "NJ", "county_geoid": "34041", "pwsid": "NJ2113003", "pws_name": "TRIPLE BROOK MOBILE HOME", "population_served_count": 32, "model_method": "", "verification_status": "", "symbology_field": "System Sourced", "intersection_area_sq_km": 0.043456542801181948 }, "geometry": { "type": "Polygon", "coordinates": [ [ [ -75.0232136, 40.9098203 ], [ -75.027252, 40.910180099999984 ], [ -75.0261554, 40.9115088 ], [ -75.0232136, 40.9098203 ] ] ] } },
{ "type": "Feature", "properties": { "state_po": "NJ", "county_geoid": "34041", "pwsid": "NJ2116004", "pws_name": "WARREN HAVEN REHABILITATION & NURSING CT", "population_served_count": 430, "model_method": "", "verification_status": "", "symbology_field": "System Sourced", "intersection_area_sq_km": 0.012187312482944567 }, "geometry": { "type": "Polygon", "coordinates": [ [ [ -74.946589, 40.828019800000014 ], [ -74.9448661, 40.827344700000012 ], [ -74.946404, 40.827202399999969 ], [ -74.946589, 40.828019800000014 ] ] ] } },
{ "type": "Feature", "properties": { "state_po": "NJ", "county_geoid": "34041", "pwsid": "NJ2116002", "pws_name": "HILLSIDE VILLAGE", "population_served_count": 75, "model_method": "", "verification_status": "", "symbology_field": "System Sourced", "intersection_area_sq_km": 0.049262412925134551 }, "geometry": { "type": "Polygon", "coordinates": [ [ [ -74.9535021, 40.821974899999979 ], [ -74.9558835, 40.821020299999965 ], [ -74.9569203, 40.822857200000023 ], [ -74.954476700000015, 40.8237339 ], [ -74.9535021, 40.821974899999979 ] ] ] } },
{ "type": "Feature", "properties": { "state_po": "NJ", "county_geoid": "34041", "pwsid": "NJ2104001", "pws_name": "TOWNSHIP OF BLAIRSTOWN DPW", "population_served_count": 800, "model_method": "", "verification_status": "", "symbology_field": "System Sourced", "intersection_area_sq_km": 1.097540629705855 }, "geometry": { "type": "Polygon", "coordinates": [ [ [ -74.9710157, 40.985757 ], [ -74.966861600000016, 40.988679 ], [ -74.9618293, 40.9875412 ], [ -74.960147400000011, 40.988457699999969 ], [ -74.9605584, 40.9836431 ], [ -74.9517456, 40.987691499999947 ], [ -74.9538495, 40.9814637 ], [ -74.94746210000001, 40.982964800000012 ], [ -74.9481228, 40.9798184 ], [ -74.9462923, 40.9808668 ], [ -74.9424648, 40.975384699999964 ], [ -74.9474018, 40.977865899999969 ], [ -74.9484788, 40.97677 ], [ -74.9479393, 40.978762900000049 ], [ -74.954193199999978, 40.980750599999972 ], [ -74.9615342, 40.980212 ], [ -74.9616834, 40.981560600000023 ], [ -74.9643262, 40.981672500000016 ], [ -74.9710157, 40.985757 ] ] ] } },
{ "type": "Feature", "properties": { "state_po": "NJ", "county_geoid": "34041", "pwsid": "NJ2117002", "pws_name": "HIGHLANDER HILLS ESTATES", "population_served_count": 120, "model_method": "", "verification_status": "", "symbology_field": "System Sourced", "intersection_area_sq_km": 0.10332838795669633 }, "geometry": { "type": "Polygon", "coordinates": [ [ [ -74.985181, 40.80330680000003 ], [ -74.986973800000015, 40.804815599999962 ], [ -74.9856152, 40.806356 ], [ -74.9811261, 40.806649899999989 ], [ -74.9811798, 40.805097399999958 ], [ -74.985181, 40.80330680000003 ] ] ] } },
{ "type": "Feature", "properties": { "state_po": "NJ", "county_geoid": "34041", "pwsid": "NJ2123003", "pws_name": "COUNTRY VIEW VILLAGE, LLC", "population_served_count": 310, "model_method": "", "verification_status": "", "symbology_field": "System Sourced", "intersection_area_sq_km": 0.23584256484672086 }, "geometry": { "type": "Polygon", "coordinates": [ [ [ -75.0767346, 40.807811499999985 ], [ -75.0805603, 40.804995500000011 ], [ -75.0857258, 40.807430899999972 ], [ -75.0831248, 40.81048549999997 ], [ -75.0767346, 40.807811499999985 ] ] ] } },
{ "type": "Feature", "properties": { "state_po": "NJ", "county_geoid": "34041", "pwsid": "NJ1438001", "pws_name": "AQUA NJ CLIFFSIDE PARK", "population_served_count": 80, "model_method": "", "verification_status": "", "symbology_field": "System Sourced", "intersection_area_sq_km": 0.056717948805562739 }, "geometry": { "type": "Polygon", "coordinates": [ [ [ -74.883519, 40.791355 ], [ -74.8820278, 40.79282019999998 ], [ -74.8795709, 40.7915377 ], [ -74.880598, 40.790709 ], [ -74.883519, 40.791355 ] ] ] } },
{ "type": "Feature", "properties": { "state_po": "NJ", "county_geoid": "34041", "pwsid": "NJ2110001", "pws_name": "AQUA NJ - BRAINARDS", "population_served_count": 135, "model_method": "", "verification_status": "", "symbology_field": "System Sourced", "intersection_area_sq_km": 0.30380715110820472 }, "geometry": { "type": "Polygon", "coordinates": [ [ [ -75.1680189, 40.773126899999966 ], [ -75.1722825, 40.7720688 ], [ -75.1740686, 40.7697511 ], [ -75.1758731, 40.770215 ], [ -75.1705071, 40.776508399999948 ], [ -75.1663525, 40.77509260000005 ], [ -75.1680189, 40.773126899999966 ] ] ] } },
{ "type": "Feature", "properties": { "state_po": "NJ", "county_geoid": "34041", "pwsid": "NJ2110003", "pws_name": "AQUA NJ - HARKERS HOLLOW", "population_served_count": 40, "model_method": "", "verification_status": "", "symbology_field": "System Sourced", "intersection_area_sq_km": 0.17478585466676341 }, "geometry": { "type": "Polygon", "coordinates": [ [ [ -75.13876, 40.722999399999956 ], [ -75.142239, 40.721984600000056 ], [ -75.143259, 40.726891 ], [ -75.1400773, 40.72587250000003 ], [ -75.13876, 40.722999399999956 ] ] ] } },
{ "type": "Feature", "properties": { "state_po": "NJ", "county_geoid": "34041", "pwsid": "NJ2120001", "pws_name": "AQUA NJ - RIEGELSVILLE", "population_served_count": 62, "model_method": "", "verification_status": "", "symbology_field": "System Sourced", "intersection_area_sq_km": 0.21945724226080829 }, "geometry": { "type": "Polygon", "coordinates": [ [ [ -75.1910965, 40.5960477 ], [ -75.187773, 40.5950631 ], [ -75.1855829, 40.597806100000028 ], [ -75.1825928, 40.597626099999978 ], [ -75.188246576316601, 40.592511157872124 ], [ -75.190756596622236, 40.593865588628724 ], [ -75.1910965, 40.5960477 ] ] ] } },
{ "type": "Feature", "properties": { "state_po": "NJ", "county_geoid": "34041", "pwsid": "NJ2120002", "pws_name": "AQUA NJ - WARREN GLEN", "population_served_count": 192, "model_method": "", "verification_status": "", "symbology_field": "System Sourced", "intersection_area_sq_km": 0.6265120726490897 }, "geometry": { "type": "MultiPolygon", "coordinates": [ [ [ [ -75.159885624535491, 40.618651254499305 ], [ -75.1580422, 40.6200016 ], [ -75.156585548612867, 40.619870554351323 ], [ -75.159885624535491, 40.618651254499305 ] ] ], [ [ [ -75.1562631, 40.620366599999983 ], [ -75.1547074, 40.623837 ], [ -75.1516463, 40.623801900000032 ], [ -75.152612279492118, 40.621388998981466 ], [ -75.1562631, 40.620366599999983 ] ] ], [ [ [ -75.1474461, 40.627181799999967 ], [ -75.148563, 40.62848850000001 ], [ -75.1464969, 40.630360900000049 ], [ -75.135907, 40.633523300000014 ], [ -75.1372647, 40.638645700000019 ], [ -75.1318722, 40.639587700000035 ], [ -75.1348662, 40.631002799999976 ], [ -75.145315, 40.628981 ], [ -75.1474461, 40.627181799999967 ] ] ] ] } },
{ "type": "Feature", "properties": { "state_po": "NJ", "county_geoid": "34019", "pwsid": "NJ1023001", "pws_name": "STOCKTON WATER DEPARTMENT", "population_served_count": 650, "model_method": "", "verification_status": "", "symbology_field": "System Sourced", "intersection_area_sq_km": 1.3302746340260125 }, "geometry": { "type": "Polygon", "coordinates": [ [ [ -74.9662225, 40.400241100000045 ], [ -74.9793308, 40.403947700000046 ], [ -74.9862053, 40.4077273 ], [ -74.9873206, 40.4115247 ], [ -74.985941200000013, 40.414218400000031 ], [ -74.9827059, 40.4140799 ], [ -74.9824865, 40.410310499999973 ], [ -74.980698100000012, 40.4107436 ], [ -74.979728, 40.408779600000067 ], [ -74.971528, 40.411518900000011 ], [ -74.9723092, 40.410427299999959 ], [ -74.965089, 40.4055075 ], [ -74.9662225, 40.400241100000045 ] ] ] } },
{ "type": "Feature", "properties": { "state_po": "NJ", "county_geoid": "34019", "pwsid": "NJ1025001", "pws_name": "EDNA MAHAN CORRECTIONAL", "population_served_count": 1080, "model_method": "", "verification_status": "", "symbology_field": "System Sourced", "intersection_area_sq_km": 0.81685712501406937 }, "geometry": { "type": "Polygon", "coordinates": [ [ [ -74.9464514, 40.6335227 ], [ -74.9372892, 40.6328994 ], [ -74.9367088, 40.6311676 ], [ -74.933995200000012, 40.6320149 ], [ -74.9320589, 40.62988780000002 ], [ -74.9323745, 40.625871499999974 ], [ -74.941068, 40.624937099999983 ], [ -74.9434112, 40.628682700000027 ], [ -74.9458814, 40.628182799999962 ], [ -74.9464514, 40.6335227 ] ] ] } },
{ "type": "Feature", "properties": { "state_po": "NJ", "county_geoid": "34019", "pwsid": "NJ1006300", "pws_name": "TEEN CHALLENGE", "population_served_count": 40, "model_method": "", "verification_status": "", "symbology_field": "System Sourced", "intersection_area_sq_km": 0.34537420908848593 }, "geometry": { "type": "Polygon", "coordinates": [ [ [ -74.8463985, 40.595577600000041 ], [ -74.8443417, 40.5957839 ], [ -74.8446334, 40.597655199999984 ], [ -74.8391358, 40.5981943 ], [ -74.836038, 40.596332600000018 ], [ -74.8362435, 40.59485210000004 ], [ -74.8439475, 40.592485100000019 ], [ -74.8463985, 40.595577600000041 ] ] ] } },
{ "type": "Feature", "properties": { "state_po": "NJ", "county_geoid": "34019", "pwsid": "NJ1013001", "pws_name": "HAMPTON BOROUGH WATER DEPART", "population_served_count": 1401, "model_method": "", "verification_status": "", "symbology_field": "System Sourced", "intersection_area_sq_km": 2.8573610577758535 }, "geometry": { "type": "Polygon", "coordinates": [ [ [ -74.9581169, 40.716359599999969 ], [ -74.9494035, 40.7150994 ], [ -74.949053, 40.709699399999963 ], [ -74.9420612, 40.708171 ], [ -74.9425166, 40.706264400000023 ], [ -74.9472745, 40.704919600000018 ], [ -74.9483991, 40.705883800000045 ], [ -74.9471752, 40.703414099999982 ], [ -74.9547196, 40.699664099999971 ], [ -74.9565766, 40.70100130000003 ], [ -74.9582441, 40.6991765 ], [ -74.9599682, 40.699573800000017 ], [ -74.9610247, 40.6971841 ], [ -74.965525, 40.698495 ], [ -74.967281, 40.6955726 ], [ -74.9676374, 40.698349499999956 ], [ -74.9692655, 40.699357499999977 ], [ -74.9715836, 40.698227600000024 ], [ -74.9721232, 40.700962200000021 ], [ -74.960982, 40.705821900000025 ], [ -74.9650229, 40.704108300000023 ], [ -74.9653349, 40.7083268 ], [ -74.9672591, 40.7078909 ], [ -74.9692429, 40.710157800000012 ], [ -74.9680017, 40.711408299999988 ], [ -74.9664267, 40.7102682 ], [ -74.9654073, 40.713274300000045 ], [ -74.9644463, 40.711361200000027 ], [ -74.9630978, 40.711990600000021 ], [ -74.9581169, 40.716359599999969 ] ] ] } },
{ "type": "Feature", "properties": { "state_po": "NJ", "county_geoid": "34019", "pwsid": "NJ1012001", "pws_name": "GLEN GARDNER W DEPT", "population_served_count": 1705, "model_method": "", "verification_status": "", "symbology_field": "System Sourced", "intersection_area_sq_km": 1.8696157419690715 }, "geometry": { "type": "Polygon", "coordinates": [ [ [ -74.9475052, 40.6943997 ], [ -74.9516412, 40.701194400000013 ], [ -74.9471752, 40.703414099999982 ], [ -74.9480343, 40.704671399999974 ], [ -74.938342, 40.706503399999988 ], [ -74.9361233, 40.707686 ], [ -74.936440300000015, 40.709273099999976 ], [ -74.9325222, 40.710264299999963 ], [ -74.9320776, 40.704505799999986 ], [ -74.942011600000015, 40.7014674 ], [ -74.9378736, 40.694847 ], [ -74.927084, 40.699245900000015 ], [ -74.9256114, 40.6978016 ], [ -74.937081, 40.6931761 ], [ -74.9327791, 40.688241800000014 ], [ -74.9341752, 40.6875582 ], [ -74.9391828, 40.692080699999956 ], [ -74.9425883, 40.692070499999964 ], [ -74.9446041, 40.6935286 ], [ -74.9435141, 40.69412879999998 ], [ -74.9475052, 40.6943997 ] ] ] } },
{ "type": "Feature", "properties": { "state_po": "NJ", "county_geoid": "34019", "pwsid": "NJ1019002", "pws_name": "SENATOR G.W. HAGEDORN PSYCHIATRIC HOSPIT", "population_served_count": 200, "model_method": "", "verification_status": "", "symbology_field": "System Sourced", "intersection_area_sq_km": 0.95369442341986588 }, "geometry": { "type": "Polygon", "coordinates": [ [ [ -74.9248227, 40.6921916 ], [ -74.9250829, 40.696385199999987 ], [ -74.9219929, 40.698917300000012 ], [ -74.9175879, 40.697753699999964 ], [ -74.9152324, 40.6934468 ], [ -74.9113881, 40.692514100000018 ], [ -74.9119939, 40.690704500000024 ], [ -74.913149800000014, 40.691806199999988 ], [ -74.9175373, 40.688886600000018 ], [ -74.9156497, 40.686836300000053 ], [ -74.9188759, 40.68422990000002 ], [ -74.9248227, 40.6921916 ] ] ] } },
{ "type": "Feature", "properties": { "state_po": "NJ", "county_geoid": "34019", "pwsid": "NJ1007001", "pws_name": "DELAWARE TOWNSHIP MUA", "population_served_count": 500, "model_method": "", "verification_status": "", "symbology_field": "System Sourced", "intersection_area_sq_km": 0.93281164103934755 }, "geometry": { "type": "Polygon", "coordinates": [ [ [ -74.9465739, 40.441341099999981 ], [ -74.9489778, 40.439075500000037 ], [ -74.9511413, 40.441353499999984 ], [ -74.9476679, 40.441685900000024 ], [ -74.9485332, 40.449291099999968 ], [ -74.9438841, 40.449847399999953 ], [ -74.94196860000001, 40.448175699999958 ], [ -74.9396114, 40.4504 ], [ -74.9370134, 40.45036 ], [ -74.9365335, 40.447416099999977 ], [ -74.93186, 40.445979500000014 ], [ -74.9418812, 40.442957099999973 ], [ -74.9418611, 40.441297 ], [ -74.9465739, 40.441341099999981 ] ] ] } },
{ "type": "Feature", "properties": { "state_po": "NJ", "county_geoid": "34019", "pwsid": "NJ1011001", "pws_name": "NJ AMERICAN WATER - FRENCHTOWN", "population_served_count": 1373, "model_method": "", "verification_status": "", "symbology_field": "System Sourced", "intersection_area_sq_km": 0.90082294295802456 }, "geometry": { "type": "Polygon", "coordinates": [ [ [ -75.0651441, 40.5366504 ], [ -75.0615875, 40.5371333 ], [ -75.0605586, 40.534252299999963 ], [ -75.0559115, 40.5318658 ], [ -75.058673900000016, 40.5292119 ], [ -75.0571656, 40.528632799999968 ], [ -75.0586449, 40.526780900000034 ], [ -75.0572324, 40.526258099999964 ], [ -75.0521072, 40.52985360000006 ], [ -75.0485049, 40.528711199999968 ], [ -75.0501242, 40.527420800000023 ], [ -75.0535398, 40.528486700000038 ], [ -75.0561241, 40.5264503 ], [ -75.0520598, 40.524434600000042 ], [ -75.0538804, 40.523172599999981 ], [ -75.0568097, 40.5236806 ], [ -75.0589988, 40.526534899999987 ], [ -75.0604519, 40.5243116 ], [ -75.0611386, 40.525254 ], [ -75.0614989, 40.523487900000021 ], [ -75.05907160000001, 40.52335930000001 ], [ -75.0601706, 40.519765500000013 ], [ -75.0627784, 40.519555500000038 ], [ -75.0651441, 40.5366504 ] ] ] } },
{ "type": "Feature", "properties": { "state_po": "NJ", "county_geoid": "34019", "pwsid": "NJ1021363", "pws_name": "HUNTERDON CARE CENTER", "population_served_count": 284, "model_method": "", "verification_status": "", "symbology_field": "System Sourced", "intersection_area_sq_km": 0.076027849402385897 }, "geometry": { "type": "Polygon", "coordinates": [ [ [ -74.8548594, 40.533068100000015 ], [ -74.8542791, 40.536307099999959 ], [ -74.8510958, 40.534564799999984 ], [ -74.8528268, 40.531834599999975 ], [ -74.8548594, 40.533068100000015 ] ] ] } },
{ "type": "Feature", "properties": { "state_po": "NJ", "county_geoid": "34019", "pwsid": "NJ1019311", "pws_name": "LITTLE BROOK NURSING CONVALESCENT HOME", "population_served_count": 36, "model_method": "", "verification_status": "", "symbology_field": "System Sourced", "intersection_area_sq_km": 0.0087178422719130771 }, "geometry": { "type": "Polygon", "coordinates": [ [ [ -74.8600764, 40.7449364 ], [ -74.8603007, 40.743751400000015 ], [ -74.8609196, 40.744494899999971 ], [ -74.8600764, 40.7449364 ] ] ] } },
{ "type": "Feature", "properties": { "state_po": "NJ", "county_geoid": "34019", "pwsid": "NJ1024001", "pws_name": "NJ AMERICAN WATER - OLDWICK", "population_served_count": 246, "model_method": "", "verification_status": "", "symbology_field": "System Sourced", "intersection_area_sq_km": 0.21607130691701582 }, "geometry": { "type": "Polygon", "coordinates": [ [ [ -74.74601770000001, 40.661625399999963 ], [ -74.7508761, 40.663543 ], [ -74.754564700000017, 40.663343 ], [ -74.75365930000001, 40.666311499999956 ], [ -74.7451167, 40.6624791 ], [ -74.743900900000014, 40.658700399999987 ], [ -74.7455023, 40.65830830000003 ], [ -74.74601770000001, 40.661625399999963 ] ] ] } },
{ "type": "Feature", "properties": { "state_po": "NJ", "county_geoid": "34019", "pwsid": "NJ1006302", "pws_name": "ROLLING HILLS CARE CENTER", "population_served_count": 97, "model_method": "", "verification_status": "", "symbology_field": "System Sourced", "intersection_area_sq_km": 0.17493659436219594 }, "geometry": { "type": "Polygon", "coordinates": [ [ [ -74.8631779, 40.5927761 ], [ -74.8633042, 40.58976729999997 ], [ -74.8680901, 40.589422500000012 ], [ -74.8692549, 40.59355170000002 ], [ -74.8631779, 40.5927761 ] ] ] } },
{ "type": "Feature", "properties": { "state_po": "NJ", "county_geoid": "34019", "pwsid": "NJ1019003", "pws_name": "CAMELOT AT SPRUCE RIDGE", "population_served_count": 85, "model_method": "", "verification_status": "", "symbology_field": "System Sourced", "intersection_area_sq_km": 0.020347735527399342 }, "geometry": { "type": "Polygon", "coordinates": [ [ [ -74.9123743, 40.67019 ], [ -74.9150464, 40.670819299999984 ], [ -74.9124575, 40.671422799999981 ], [ -74.9123743, 40.67019 ] ] ] } },
{ "type": "Feature", "properties": { "state_po": "NJ", "county_geoid": "34019", "pwsid": "NJ1025313", "pws_name": "COUNTRY ARCH CARE CENTER", "population_served_count": 190, "model_method": "", "verification_status": "", "symbology_field": "System Sourced", "intersection_area_sq_km": 0.034983114981137854 }, "geometry": { "type": "Polygon", "coordinates": [ [ [ -74.9371438, 40.614386499999959 ], [ -74.9400926, 40.6157247 ], [ -74.9388512, 40.616921600000019 ], [ -74.9369561, 40.6156926 ], [ -74.9371438, 40.614386499999959 ] ] ] } },
{ "type": "Feature", "properties": { "state_po": "NJ", "county_geoid": "34019", "pwsid": "NJ1014001", "pws_name": "HIGH BRIDGE W DEPT", "population_served_count": 3300, "model_method": "", "verification_status": "", "symbology_field": "System Sourced", "intersection_area_sq_km": 4.3582360321827682 }, "geometry": { "type": "Polygon", "coordinates": [ [ [ -74.888454, 40.670958200000015 ], [ -74.8819539, 40.66935119999998 ], [ -74.8778911, 40.661948799999962 ], [ -74.8737887, 40.662187800000012 ], [ -74.8730924, 40.658108100000021 ], [ -74.8767239, 40.657423299999984 ], [ -74.8782511, 40.661559699999977 ], [ -74.8904071, 40.656882699999976 ], [ -74.8922054, 40.661745 ], [ -74.897524300000015, 40.661385200000019 ], [ -74.9023757, 40.657761600000022 ], [ -74.9037875, 40.6591865 ], [ -74.9062391, 40.657793200000022 ], [ -74.9048866, 40.6604096 ], [ -74.9111681, 40.667503099999955 ], [ -74.9117044, 40.6717415 ], [ -74.896197, 40.67657270000003 ], [ -74.8957051, 40.67977029999998 ], [ -74.8905647, 40.680864699999987 ], [ -74.886467900000014, 40.6788448 ], [ -74.889246, 40.676501800000061 ], [ -74.888454, 40.670958200000015 ] ] ] } },
{ "type": "Feature", "properties": { "state_po": "NJ", "county_geoid": "34019", "pwsid": "NJ1020001", "pws_name": "MILFORD W DEPT", "population_served_count": 1453, "model_method": "", "verification_status": "", "symbology_field": "System Sourced", "intersection_area_sq_km": 2.1383424335456667 }, "geometry": { "type": "Polygon", "coordinates": [ [ [ -75.0925342, 40.57216540000001 ], [ -75.0873302, 40.572930100000029 ], [ -75.0888968, 40.575044199999979 ], [ -75.0798678, 40.5780228 ], [ -75.0795909, 40.576616 ], [ -75.0840135, 40.574452600000029 ], [ -75.0819232, 40.5720252 ], [ -75.0831432, 40.569384600000035 ], [ -75.0810689, 40.565903399999968 ], [ -75.0848849, 40.564931 ], [ -75.0865231, 40.567774099999959 ], [ -75.0881686, 40.564914300000041 ], [ -75.079553, 40.5567989 ], [ -75.0815803, 40.555673499999976 ], [ -75.0882081, 40.561574900000011 ], [ -75.0899286, 40.5605957 ], [ -75.0991807, 40.569090500000016 ], [ -75.102421, 40.569897300000036 ], [ -75.101087, 40.572479599999951 ], [ -75.1055429, 40.573080200000014 ], [ -75.1054562, 40.574353299999984 ], [ -75.10282620000001, 40.573019599999988 ], [ -75.0997638, 40.5737158 ], [ -75.0992987, 40.575999700000025 ], [ -75.0958869, 40.577900899999989 ], [ -75.092802400000011, 40.5761185 ], [ -75.0925342, 40.57216540000001 ] ] ] } },
{ "type": "Feature", "properties": { "state_po": "NJ", "county_geoid": "34019", "pwsid": "NJ1007002", "pws_name": "ROSEMONT WATER COMPANY", "population_served_count": 256, "model_method": "", "verification_status": "", "symbology_field": "System Sourced", "intersection_area_sq_km": 1.166228445163807 }, "geometry": { "type": "Polygon", "coordinates": [ [ [ -75.0036681, 40.4249344 ], [ -74.9865258, 40.4331714 ], [ -74.9855959, 40.430518 ], [ -74.9877319, 40.4260699 ], [ -74.9855366, 40.423749199999975 ], [ -74.9911161, 40.42125129999998 ], [ -74.994506200000018, 40.423807299999972 ], [ -74.9996083, 40.422157 ], [ -74.9999123, 40.4204853 ], [ -75.0054384, 40.419478400000031 ], [ -75.0036681, 40.4249344 ] ] ] } },
{ "type": "Feature", "properties": { "state_po": "NJ", "county_geoid": "34019", "pwsid": "NJ1004001", "pws_name": "AQUA NJ - CALIFON", "population_served_count": 936, "model_method": "", "verification_status": "", "symbology_field": "System Sourced", "intersection_area_sq_km": 1.9770420872365988 }, "geometry": { "type": "Polygon", "coordinates": [ [ [ -74.834165700000014, 40.725635400000051 ], [ -74.8361573, 40.721674099999987 ], [ -74.8309803, 40.7210431 ], [ -74.8325499, 40.718711799999951 ], [ -74.8312243, 40.714751200000045 ], [ -74.8336214, 40.714372899999979 ], [ -74.835641, 40.7179336 ], [ -74.8365678, 40.715327699999975 ], [ -74.8390482, 40.716884200000031 ], [ -74.8404099, 40.714877300000026 ], [ -74.8430675, 40.715066300000025 ], [ -74.8432797, 40.72028840000003 ], [ -74.8481828, 40.722714499999981 ], [ -74.8526593, 40.728149 ], [ -74.8537922, 40.732673100000021 ], [ -74.851186, 40.7325494 ], [ -74.8501442, 40.728879400000046 ], [ -74.8476059, 40.7296343 ], [ -74.8447864, 40.728164900000024 ], [ -74.8406413, 40.731426599999949 ], [ -74.837748300000015, 40.731191099999982 ], [ -74.8369047, 40.727488699999974 ], [ -74.834165700000014, 40.725635400000051 ] ] ] } },
{ "type": "Feature", "properties": { "state_po": "NJ", "county_geoid": "34019", "pwsid": "NJ1015003", "pws_name": "AQUA NJ - RIEGEL RIDGE", "population_served_count": 621, "model_method": "", "verification_status": "", "symbology_field": "System Sourced", "intersection_area_sq_km": 1.4482142795731334 }, "geometry": { "type": "Polygon", "coordinates": [ [ [ -75.1146549, 40.5998319 ], [ -75.1181771, 40.598104199999966 ], [ -75.1202103, 40.598934 ], [ -75.1221171, 40.601857900000027 ], [ -75.120001, 40.6034662 ], [ -75.1219758, 40.607101300000018 ], [ -75.1281068, 40.610637 ], [ -75.1262175, 40.614804799999987 ], [ -75.1198427, 40.614556500000035 ], [ -75.1183865, 40.612632 ], [ -75.115823800000015, 40.613914899999976 ], [ -75.1128129, 40.611766 ], [ -75.1160033, 40.609632099999978 ], [ -75.1128532, 40.605330400000014 ], [ -75.1146463, 40.6037428 ], [ -75.1146549, 40.5998319 ] ] ] } },
{ "type": "Feature", "properties": { "state_po": "NJ", "county_geoid": "34019", "pwsid": "NJ1015004", "pws_name": "AQUA NJ - FOX HILL", "population_served_count": 172, "model_method": "", "verification_status": "", "symbology_field": "System Sourced", "intersection_area_sq_km": 0.14527721466994944 }, "geometry": { "type": "Polygon", "coordinates": [ [ [ -75.113203, 40.5857782 ], [ -75.1167548, 40.584106700000028 ], [ -75.1193769, 40.5862788 ], [ -75.1177139, 40.5874784 ], [ -75.113203, 40.5857782 ] ] ] } },
{ "type": "Feature", "properties": { "state_po": "NJ", "county_geoid": "34019", "pwsid": "NJ1019001", "pws_name": "AQUA NJ - BUNNVALE", "population_served_count": 252, "model_method": "", "verification_status": "", "symbology_field": "System Sourced", "intersection_area_sq_km": 0.53450776170741154 }, "geometry": { "type": "Polygon", "coordinates": [ [ [ -74.8786527, 40.7079916 ], [ -74.8780433, 40.70328 ], [ -74.8835528, 40.7011675 ], [ -74.8850269, 40.702740299999974 ], [ -74.8837997, 40.704463899999979 ], [ -74.886687, 40.705859500000045 ], [ -74.8874073, 40.708645 ], [ -74.8842799, 40.710229599999984 ], [ -74.8786527, 40.7079916 ] ] ] } },
{ "type": "Feature", "properties": { "state_po": "NJ", "county_geoid": "34019", "pwsid": "NJ2120001", "pws_name": "AQUA NJ - RIEGELSVILLE", "population_served_count": 62, "model_method": "", "verification_status": "", "symbology_field": "System Sourced", "intersection_area_sq_km": 0.00092569927605824364 }, "geometry": { "type": "Polygon", "coordinates": [ [ [ -75.187502, 40.592816 ], [ -75.1877591, 40.592564100000011 ], [ -75.188246576316601, 40.592511157872124 ], [ -75.187502, 40.592816 ] ] ] } },
{ "type": "Feature", "properties": { "state_po": "NJ", "county_geoid": "34019", "pwsid": "NJ2120002", "pws_name": "AQUA NJ - WARREN GLEN", "population_served_count": 192, "model_method": "", "verification_status": "", "symbology_field": "System Sourced", "intersection_area_sq_km": 0.17265501834779021 }, "geometry": { "type": "MultiPolygon", "coordinates": [ [ [ [ -75.1564331, 40.619758600000019 ], [ -75.1579894, 40.617111099999967 ], [ -75.159895, 40.617111099999988 ], [ -75.159885624535491, 40.618651254499305 ], [ -75.1564331, 40.619758600000019 ] ] ], [ [ [ -75.1527585, 40.621274400000011 ], [ -75.1545389, 40.6198741 ], [ -75.156156491136116, 40.620231278721356 ], [ -75.154419, 40.621692 ], [ -75.1527585, 40.621274400000011 ] ] ], [ [ [ -75.1458939, 40.628289 ], [ -75.1449016, 40.6265959 ], [ -75.1464134, 40.625715499999977 ], [ -75.1475735, 40.626862900000013 ], [ -75.1458939, 40.628289 ] ] ], [ [ [ -75.143681, 40.629454 ], [ -75.1425373, 40.62911339999998 ], [ -75.145823466407307, 40.628533517527245 ], [ -75.143681, 40.629454 ] ] ], [ [ [ -75.135896471178754, 40.630287137521648 ], [ -75.1391926, 40.629601399999984 ], [ -75.140158953536599, 40.629787707158833 ], [ -75.135896471178754, 40.630287137521648 ] ] ] ] } },
{ "type": "Feature", "properties": { "state_po": "NJ", "county_geoid": "34025", "pwsid": "NJ1302001", "pws_name": "ALLENTOWN WATER DEPT", "population_served_count": 2000, "model_method": "", "verification_status": "", "symbology_field": "System Sourced", "intersection_area_sq_km": 1.6030405931116958 }, "geometry": { "type": "Polygon", "coordinates": [ [ [ -74.5774849, 40.180811 ], [ -74.5822143, 40.1771049 ], [ -74.5766616, 40.17598 ], [ -74.5800432, 40.173503 ], [ -74.5829773, 40.1758796 ], [ -74.5849226, 40.172713400000042 ], [ -74.5957051, 40.171933300000042 ], [ -74.5975759, 40.174002400000056 ], [ -74.5986935, 40.177024499999987 ], [ -74.583643, 40.184793 ], [ -74.580950726557973, 40.185133225159682 ], [ -74.5774849, 40.180811 ] ] ] } },
{ "type": "Feature", "properties": { "state_po": "NJ", "county_geoid": "34025", "pwsid": "NJ1331001", "pws_name": "GATEWAY NATIONAL REC ARE", "population_served_count": 500, "model_method": "", "verification_status": "", "symbology_field": "System Sourced", "intersection_area_sq_km": 7.1971510203686142 }, "geometry": { "type": "Polygon", "coordinates": [ [ [ -74.0113277, 40.476478700000023 ], [ -74.002506, 40.476314 ], [ -73.986059, 40.454427 ], [ -73.982048, 40.419993 ], [ -73.97628, 40.406042 ], [ -73.975615952620629, 40.399429724019306 ], [ -73.9795383, 40.399137099999962 ], [ -73.9836301, 40.405366599999986 ], [ -73.9805783, 40.41222980000002 ], [ -73.9817644, 40.415007700000011 ], [ -73.9901623, 40.4197425 ], [ -73.988535, 40.42064579999996 ], [ -73.9837362, 40.417442800000025 ], [ -73.9861114, 40.420229200000016 ], [ -73.986164, 40.425388 ], [ -73.9933839, 40.430031899999989 ], [ -73.9903692, 40.4274972 ], [ -73.9909886, 40.423568099999962 ], [ -73.9921868, 40.423976599999953 ], [ -73.9918227, 40.427188299999976 ], [ -73.993919920820758, 40.429122267558618 ], [ -73.991682, 40.442908 ], [ -73.9928485, 40.444914 ], [ -73.994675, 40.447174 ], [ -74.002383, 40.449269 ], [ -74.0077724, 40.467033800000017 ], [ -74.0141966, 40.4708168 ], [ -74.017615, 40.470493 ], [ -74.019451, 40.474682 ], [ -74.017065, 40.477334 ], [ -74.013443661462816, 40.47779968879837 ], [ -74.0113277, 40.476478700000023 ] ] ] } },
{ "type": "Feature", "properties": { "state_po": "NJ", "county_geoid": "34025", "pwsid": "NJ1326004", "pws_name": "VEOLIA WATER NEW JERSEY MATCHAPONIX", "population_served_count": 0, "model_method": "", "verification_status": "", "symbology_field": "System Sourced", "intersection_area_sq_km": 0.037619902590376064 }, "geometry": { "type": "Polygon", "coordinates": [ [ [ -74.3645959, 40.310878400000036 ], [ -74.3663327, 40.3110215 ], [ -74.3660102, 40.3131023 ], [ -74.3636811, 40.312595900000076 ], [ -74.3645959, 40.310878400000036 ] ] ] } },
{ "type": "Feature", "properties": { "state_po": "NJ", "county_geoid": "34025", "pwsid": "NJ1326007", "pws_name": "MANALAPAN TWP WD TRACY STATION", "population_served_count": 800, "model_method": "", "verification_status": "", "symbology_field": "System Sourced", "intersection_area_sq_km": 0.28106913021456115 }, "geometry": { "type": "Polygon", "coordinates": [ [ [ -74.375717400000013, 40.298806099999979 ], [ -74.3777978, 40.296835399999985 ], [ -74.3843888, 40.2963027 ], [ -74.385333921035397, 40.297478164843845 ], [ -74.381200572593755, 40.301699303930995 ], [ -74.375717400000013, 40.298806099999979 ] ] ] } },
{ "type": "Feature", "properties": { "state_po": "NJ", "county_geoid": "34025", "pwsid": "NJ1330004", "pws_name": "ABERDEEN - FRENEAU", "population_served_count": 286, "model_method": "", "verification_status": "", "symbology_field": "System Sourced", "intersection_area_sq_km": 1.1171871412410543 }, "geometry": { "type": "Polygon", "coordinates": [ [ [ -74.247901292607054, 40.407235419095827 ], [ -74.2428884, 40.405605299999984 ], [ -74.2472609, 40.403051499999968 ], [ -74.2455839, 40.398143199999986 ], [ -74.2524283, 40.396588299999983 ], [ -74.2519567, 40.395450599999975 ], [ -74.242222, 40.395990799999971 ], [ -74.246018300000017, 40.393174100000017 ], [ -74.262062007841564, 40.395382274082031 ], [ -74.247901292607054, 40.407235419095827 ] ] ] } },
{ "type": "Feature", "properties": { "state_po": "NJ", "county_geoid": "34025", "pwsid": "NJ1330003", "pws_name": "ABERDEEN- HIGH SCHOOL/OAKSHADE AREA", "population_served_count": 1992, "model_method": "", "verification_status": "", "symbology_field": "System Sourced", "intersection_area_sq_km": 1.1882656548149166 }, "geometry": { "type": "Polygon", "coordinates": [ [ [ -74.2161965, 40.426758400000061 ], [ -74.2118513, 40.4226201 ], [ -74.2109406, 40.418051 ], [ -74.21667, 40.419039900000016 ], [ -74.2223953, 40.4140752 ], [ -74.2235837, 40.406960799999972 ], [ -74.2271246, 40.406203500000018 ], [ -74.229197, 40.407453 ], [ -74.2327915, 40.4058333 ], [ -74.2230961, 40.414739199999978 ], [ -74.2217825, 40.422091500000036 ], [ -74.223811, 40.423612399999968 ], [ -74.2161965, 40.426758400000061 ] ] ] } },
{ "type": "Feature", "properties": { "state_po": "NJ", "county_geoid": "34025", "pwsid": "NJ1312001", "pws_name": "ENGLISHTOWN WATER DEPT", "population_served_count": 2504, "model_method": "", "verification_status": "", "symbology_field": "System Sourced", "intersection_area_sq_km": 1.5345388713764536 }, "geometry": { "type": "Polygon", "coordinates": [ [ [ -74.3549125, 40.302359200000012 ], [ -74.3530156, 40.294591899999979 ], [ -74.3554726, 40.289086900000015 ], [ -74.3705067, 40.296091700000012 ], [ -74.3716982, 40.298636 ], [ -74.3578088, 40.304394800000054 ], [ -74.3549125, 40.302359200000012 ] ] ] } },
{ "type": "Feature", "properties": { "state_po": "NJ", "county_geoid": "34025", "pwsid": "NJ1319003", "pws_name": "ANGLE INN MOTOR COURT", "population_served_count": 354, "model_method": "", "verification_status": "", "symbology_field": "System Sourced", "intersection_area_sq_km": 0.053024211131582205 }, "geometry": { "type": "Polygon", "coordinates": [ [ [ -74.1583519, 40.228558 ], [ -74.1589296, 40.2259242 ], [ -74.1609218, 40.2258082 ], [ -74.1606735, 40.228424700000041 ], [ -74.1583519, 40.228558 ] ] ] } },
{ "type": "Feature", "properties": { "state_po": "NJ", "county_geoid": "34025", "pwsid": "NJ1309415", "pws_name": "BRANDYWINE ASSISTED LIVING AT COLTS NECK", "population_served_count": 85, "model_method": "", "verification_status": "", "symbology_field": "System Sourced", "intersection_area_sq_km": 0.053690211454208193 }, "geometry": { "type": "Polygon", "coordinates": [ [ [ -74.17217, 40.2801943 ], [ -74.1763029, 40.280451800000023 ], [ -74.1765337, 40.281626299999964 ], [ -74.1739542, 40.282119400000028 ], [ -74.17217, 40.2801943 ] ] ] } },
{ "type": "Feature", "properties": { "state_po": "NJ", "county_geoid": "34025", "pwsid": "NJ1319010", "pws_name": "GREEN ACRES NJ MHC LLC", "population_served_count": 260, "model_method": "", "verification_status": "", "symbology_field": "System Sourced", "intersection_area_sq_km": 0.065438217867875473 }, "geometry": { "type": "Polygon", "coordinates": [ [ [ -74.2614513, 40.179281799999984 ], [ -74.2575127, 40.181258 ], [ -74.2550716, 40.180950599999981 ], [ -74.2606867, 40.17742159999996 ], [ -74.2614513, 40.179281799999984 ] ] ] } },
{ "type": "Feature", "properties": { "state_po": "NJ", "county_geoid": "34025", "pwsid": "NJ1309002", "pws_name": "VEOLIA WATER NEW JERSEY COLTS NECK", "population_served_count": 640, "model_method": "", "verification_status": "", "symbology_field": "System Sourced", "intersection_area_sq_km": 0.29357259678417819 }, "geometry": { "type": "Polygon", "coordinates": [ [ [ -74.2231937, 40.272926300000016 ], [ -74.2204944, 40.273553100000015 ], [ -74.2198493, 40.270657700000022 ], [ -74.2211955, 40.262817899999966 ], [ -74.223735800000014, 40.2633895 ], [ -74.2231937, 40.272926300000016 ] ] ] } },
{ "type": "Feature", "properties": { "state_po": "NJ", "county_geoid": "34025", "pwsid": "NJ1314001", "pws_name": "FARMINGDALE WATER DEPT", "population_served_count": 1500, "model_method": "", "verification_status": "", "symbology_field": "System Sourced", "intersection_area_sq_km": 1.4100129175530041 }, "geometry": { "type": "Polygon", "coordinates": [ [ [ -74.1650709, 40.187832399999955 ], [ -74.1735094, 40.194783900000012 ], [ -74.1716492, 40.195972 ], [ -74.174462, 40.199148 ], [ -74.1770459, 40.199392499999981 ], [ -74.1772808, 40.20110420000001 ], [ -74.1735887, 40.2015683 ], [ -74.1740637, 40.203907499999971 ], [ -74.1685052, 40.206483900000016 ], [ -74.1660429, 40.203935599999973 ], [ -74.1682288, 40.202858899999953 ], [ -74.1647237, 40.200432800000044 ], [ -74.1677963, 40.198355700000015 ], [ -74.1652588, 40.195607600000045 ], [ -74.1630209, 40.197132 ], [ -74.1608517, 40.195193 ], [ -74.1629159, 40.1905399 ], [ -74.1648082, 40.191751699999976 ], [ -74.1660597, 40.190704400000016 ], [ -74.1611719, 40.186352599999985 ], [ -74.1670339, 40.1840585 ], [ -74.1689167, 40.185768899999964 ], [ -74.1650709, 40.187832399999955 ] ] ] } },
{ "type": "Feature", "properties": { "state_po": "NJ", "county_geoid": "34025", "pwsid": "NJ1309001", "pws_name": "US NAVAL WEAPONS STATION", "population_served_count": 1200, "model_method": "", "verification_status": "", "symbology_field": "System Sourced", "intersection_area_sq_km": 3.9556281623658291 }, "geometry": { "type": "Polygon", "coordinates": [ [ [ -74.144735, 40.278243300000028 ], [ -74.152541, 40.272851200000012 ], [ -74.143199200000012, 40.267745300000016 ], [ -74.1397259, 40.272778099999975 ], [ -74.139046800000017, 40.262715199999967 ], [ -74.1407925, 40.260740300000023 ], [ -74.1579561, 40.255275400000031 ], [ -74.1666401, 40.272518599999977 ], [ -74.1599527, 40.276741499999986 ], [ -74.160292, 40.279717799999986 ], [ -74.153512, 40.281722599999981 ], [ -74.144735, 40.278243300000028 ] ] ] } },
{ "type": "Feature", "properties": { "state_po": "NJ", "county_geoid": "34025", "pwsid": "NJ1344001", "pws_name": "SEA GIRT WATER DEPT", "population_served_count": 2636, "model_method": "", "verification_status": "", "symbology_field": "System Sourced", "intersection_area_sq_km": 2.8356423331172311 }, "geometry": { "type": "MultiPolygon", "coordinates": [ [ [ [ -74.0384764, 40.121415700000021 ], [ -74.0384693, 40.1214111 ], [ -74.0384878, 40.121422300000027 ], [ -74.0384764, 40.121415700000021 ] ] ], [ [ [ -74.0445808, 40.1254141 ], [ -74.0423901, 40.12990869999998 ], [ -74.0463258, 40.131223900000037 ], [ -74.0422195, 40.140709700000016 ], [ -74.025407426167362, 40.138114388469617 ], [ -74.031519438442828, 40.117431988551985 ], [ -74.039560100000017, 40.122068599999928 ], [ -74.0421026, 40.124248899999962 ], [ -74.0445808, 40.1254141 ] ], [ [ -74.037030700000017, 40.120688 ], [ -74.0370534, 40.1206891 ], [ -74.0367256, 40.120530199999969 ], [ -74.037030700000017, 40.120688 ] ] ] ] } },
{ "type": "Feature", "properties": { "state_po": "NJ", "county_geoid": "34025", "pwsid": "NJ1319008", "pws_name": "WINDING BROOK MHP SYS 1", "population_served_count": 80, "model_method": "", "verification_status": "", "symbology_field": "System Sourced", "intersection_area_sq_km": 0.030286308406787546 }, "geometry": { "type": "Polygon", "coordinates": [ [ [ -74.1883479, 40.1222102 ], [ -74.1905608, 40.123894 ], [ -74.191353, 40.1228663 ], [ -74.1905015, 40.124382100000027 ], [ -74.1883479, 40.1222102 ] ] ] } },
{ "type": "Feature", "properties": { "state_po": "NJ", "county_geoid": "34025", "pwsid": "NJ1319009", "pws_name": "WINDING BROOK MHP SYSTEM 2", "population_served_count": 184, "model_method": "", "verification_status": "", "symbology_field": "System Sourced", "intersection_area_sq_km": 0.070133832263293186 }, "geometry": { "type": "Polygon", "coordinates": [ [ [ -74.1918479, 40.1256811 ], [ -74.1871878, 40.125250899999983 ], [ -74.1915907, 40.12319980000003 ], [ -74.1918479, 40.1256811 ] ] ] } },
{ "type": "Feature", "properties": { "state_po": "NJ", "county_geoid": "34025", "pwsid": "NJ1352005", "pws_name": "NJ WATER SUPPLY AUTHORITY MANASQUAN", "population_served_count": 30, "model_method": "", "verification_status": "", "symbology_field": "System Sourced", "intersection_area_sq_km": 0.56380805529442934 }, "geometry": { "type": "Polygon", "coordinates": [ [ [ -74.1253439, 40.148867200000034 ], [ -74.117199200000016, 40.152296799999981 ], [ -74.1112876, 40.1483838 ], [ -74.1172302, 40.143289800000041 ], [ -74.1186902, 40.145913300000011 ], [ -74.1227027, 40.1463391 ], [ -74.1221177, 40.1480496 ], [ -74.1253439, 40.148867200000034 ] ] ] } },
{ "type": "Feature", "properties": { "state_po": "NJ", "county_geoid": "34025", "pwsid": "NJ1347001", "pws_name": "LAKE COMO WATER DEPT", "population_served_count": 3000, "model_method": "", "verification_status": "", "symbology_field": "System Sourced", "intersection_area_sq_km": 0.6548964091100431 }, "geometry": { "type": "Polygon", "coordinates": [ [ [ -74.020533, 40.169161199999984 ], [ -74.0281186, 40.1663585 ], [ -74.03192030000001, 40.165871599999988 ], [ -74.0291984, 40.1749776 ], [ -74.0196661, 40.172944199999989 ], [ -74.020533, 40.169161199999984 ] ] ] } },
{ "type": "Feature", "properties": { "state_po": "NJ", "county_geoid": "34025", "pwsid": "NJ1341001", "pws_name": "ROOSEVELT WATER DEPT", "population_served_count": 880, "model_method": "", "verification_status": "", "symbology_field": "System Sourced", "intersection_area_sq_km": 2.2138999784495095 }, "geometry": { "type": "Polygon", "coordinates": [ [ [ -74.4725592, 40.222452600000025 ], [ -74.4640471, 40.2213354 ], [ -74.4651454, 40.217532100000028 ], [ -74.456628, 40.2165426 ], [ -74.4564828, 40.214473899999973 ], [ -74.464054, 40.209456100000011 ], [ -74.4746229, 40.212737299999972 ], [ -74.481035, 40.212550199999939 ], [ -74.485268, 40.2161427 ], [ -74.4897496, 40.216705 ], [ -74.4829861, 40.220262299999987 ], [ -74.4725592, 40.222452600000025 ] ] ] } },
{ "type": "Feature", "properties": { "state_po": "NJ", "county_geoid": "34025", "pwsid": "NJ1332314", "pws_name": "MILLSTONE MANOR", "population_served_count": 137, "model_method": "", "verification_status": "", "symbology_field": "System Sourced", "intersection_area_sq_km": 0.02347902072657054 }, "geometry": { "type": "Polygon", "coordinates": [ [ [ -74.4426354, 40.23235559999997 ], [ -74.4391879, 40.231622600000037 ], [ -74.4425598, 40.2316766 ], [ -74.4426354, 40.23235559999997 ] ] ] } },
{ "type": "Feature", "properties": { "state_po": "NJ", "county_geoid": "34023", "pwsid": "NJ1326007", "pws_name": "MANALAPAN TWP WD TRACY STATION", "population_served_count": 800, "model_method": "", "verification_status": "", "symbology_field": "System Sourced", "intersection_area_sq_km": 0.00075410240535715158 }, "geometry": { "type": "Polygon", "coordinates": [ [ [ -74.385333921035397, 40.297478164843845 ], [ -74.3812108, 40.301704699999988 ], [ -74.381200572593755, 40.301699303930995 ], [ -74.385333921035397, 40.297478164843845 ] ] ] } },
{ "type": "Feature", "properties": { "state_po": "NJ", "county_geoid": "34023", "pwsid": "NJ1330004", "pws_name": "ABERDEEN - FRENEAU", "population_served_count": 286, "model_method": "", "verification_status": "", "symbology_field": "System Sourced", "intersection_area_sq_km": 0.0034302103760088503 }, "geometry": { "type": "Polygon", "coordinates": [ [ [ -74.2620731, 40.395383800000012 ], [ -74.2478958, 40.406613 ], [ -74.247901292607054, 40.407235419095827 ], [ -74.247894, 40.406605 ], [ -74.2620731, 40.395383800000012 ] ] ] } },
{ "type": "Feature", "properties": { "state_po": "NJ", "county_geoid": "34023", "pwsid": "NJ1206001", "pws_name": "HELMETTA WATER DEPT", "population_served_count": 2000, "model_method": "", "verification_status": "", "symbology_field": "System Sourced", "intersection_area_sq_km": 2.292479807052235 }, "geometry": { "type": "Polygon", "coordinates": [ [ [ -74.4238854, 40.3865429 ], [ -74.4200519, 40.3836274 ], [ -74.4122933, 40.385482099999983 ], [ -74.4103529, 40.378823 ], [ -74.4138002, 40.374714699999984 ], [ -74.4209433, 40.3760315 ], [ -74.4265944, 40.374539800000036 ], [ -74.428828700000011, 40.3720591 ], [ -74.428419, 40.3666826 ], [ -74.438693, 40.371265099999967 ], [ -74.4238854, 40.3865429 ] ] ] } },
{ "type": "Feature", "properties": { "state_po": "NJ", "county_geoid": "34031", "pwsid": "NJ1615009", "pws_name": "REFLECTION LAKES GARDEN APARTMENTS", "population_served_count": 40, "model_method": "", "verification_status": "", "symbology_field": "System Sourced", "intersection_area_sq_km": 0.011911104922745297 }, "geometry": { "type": "Polygon", "coordinates": [ [ [ -74.3848233, 41.115809799999987 ], [ -74.3856237, 41.114300099999987 ], [ -74.3864112, 41.11471279999995 ], [ -74.3848233, 41.115809799999987 ] ] ] } },
{ "type": "Feature", "properties": { "state_po": "NJ", "county_geoid": "34031", "pwsid": "NJ1615340", "pws_name": "COMPLETE CARE AT MILFORD MANOR LLC", "population_served_count": 165, "model_method": "", "verification_status": "", "symbology_field": "System Sourced", "intersection_area_sq_km": 0.033730597814552364 }, "geometry": { "type": "Polygon", "coordinates": [ [ [ -74.387272, 41.065849899999982 ], [ -74.3902128, 41.06614830000003 ], [ -74.3911532, 41.067086400000022 ], [ -74.387272, 41.065849899999982 ] ] ] } },
{ "type": "Feature", "properties": { "state_po": "NJ", "county_geoid": "34031", "pwsid": "NJ1615022", "pws_name": "WOODLAND HEIGHTS HOMEOWNERS ASSOCIATION", "population_served_count": 55, "model_method": "", "verification_status": "", "symbology_field": "System Sourced", "intersection_area_sq_km": 0.041635414866928629 }, "geometry": { "type": "Polygon", "coordinates": [ [ [ -74.3498862, 41.1569005 ], [ -74.3466598, 41.1594963 ], [ -74.3465884, 41.1579804 ], [ -74.3498862, 41.1569005 ] ] ] } },
{ "type": "Feature", "properties": { "state_po": "NJ", "county_geoid": "34031", "pwsid": "NJ1615006", "pws_name": "VEOLIA WATER NEW JERSEY - PARKWAY", "population_served_count": 92, "model_method": "", "verification_status": "", "symbology_field": "System Sourced", "intersection_area_sq_km": 0.061595761630439373 }, "geometry": { "type": "Polygon", "coordinates": [ [ [ -74.3687922, 41.119181399999988 ], [ -74.3690564, 41.1216933 ], [ -74.3666282, 41.121755100000058 ], [ -74.3663884, 41.118762699999969 ], [ -74.3687922, 41.119181399999988 ] ] ] } },
{ "type": "Feature", "properties": { "state_po": "NJ", "county_geoid": "34031", "pwsid": "NJ1615017", "pws_name": "WONDER LAKE PROPERTIES I", "population_served_count": 105, "model_method": "", "verification_status": "", "symbology_field": "System Sourced", "intersection_area_sq_km": 0.17301110182555829 }, "geometry": { "type": "Polygon", "coordinates": [ [ [ -74.3915124, 41.033516700000028 ], [ -74.3906587, 41.030403 ], [ -74.3940884, 41.029083499999949 ], [ -74.3955569, 41.035392400000042 ], [ -74.3915124, 41.033516700000028 ] ] ] } },
{ "type": "Feature", "properties": { "state_po": "NJ", "county_geoid": "34031", "pwsid": "NJ1615001", "pws_name": "VEOLIA WATER NEW JERSEY - BIRCH HILL", "population_served_count": 180, "model_method": "", "verification_status": "", "symbology_field": "System Sourced", "intersection_area_sq_km": 0.26252817981652354 }, "geometry": { "type": "Polygon", "coordinates": [ [ [ -74.3544982, 41.1353029 ], [ -74.3519599, 41.1351398 ], [ -74.352234, 41.1329591 ], [ -74.3560835, 41.131199199999983 ], [ -74.3595743, 41.134633200000046 ], [ -74.3559732, 41.1379802 ], [ -74.3544982, 41.1353029 ] ] ] } },
{ "type": "Feature", "properties": { "state_po": "NJ", "county_geoid": "34031", "pwsid": "NJ1615020", "pws_name": "VEOLIA WATER NJ BALD EAGLE COMMONS", "population_served_count": 1444, "model_method": "", "verification_status": "", "symbology_field": "System Sourced", "intersection_area_sq_km": 0.32374185960860702 }, "geometry": { "type": "Polygon", "coordinates": [ [ [ -74.3660202, 41.123866599999957 ], [ -74.359596, 41.1216832 ], [ -74.3580888, 41.119094500000017 ], [ -74.364491, 41.116847199999974 ], [ -74.3664538, 41.119866800000018 ], [ -74.3660202, 41.123866599999957 ] ] ] } },
{ "type": "Feature", "properties": { "state_po": "NJ", "county_geoid": "34031", "pwsid": "NJ1615018", "pws_name": "VEOLIA WATER NJ-BALD EAGLE VILLAGE", "population_served_count": 1258, "model_method": "", "verification_status": "", "symbology_field": "System Sourced", "intersection_area_sq_km": 0.38312800312812012 }, "geometry": { "type": "Polygon", "coordinates": [ [ [ -74.3901193, 41.1101447 ], [ -74.3961241, 41.1126228 ], [ -74.3937084, 41.11780550000001 ], [ -74.3867116, 41.115583 ], [ -74.3901193, 41.1101447 ] ] ] } },
{ "type": "Feature", "properties": { "state_po": "NJ", "county_geoid": "34031", "pwsid": "NJ1615012", "pws_name": "VEOLIA WATER NEW JERSEY - AWOSTING", "population_served_count": 633, "model_method": "", "verification_status": "", "symbology_field": "System Sourced", "intersection_area_sq_km": 0.42065613816369612 }, "geometry": { "type": "Polygon", "coordinates": [ [ [ -74.3340478, 41.16288239999998 ], [ -74.334735, 41.150448499999968 ], [ -74.3379515, 41.150748500000034 ], [ -74.3400626, 41.149172500000027 ], [ -74.3386888, 41.1562143 ], [ -74.3340478, 41.16288239999998 ] ] ] } },
{ "type": "Feature", "properties": { "state_po": "NJ", "county_geoid": "34031", "pwsid": "NJ1615014", "pws_name": "VEOLIA WATER NEW JERSEY - CRESCENT PARK", "population_served_count": 700, "model_method": "", "verification_status": "", "symbology_field": "System Sourced", "intersection_area_sq_km": 0.45162652078727944 }, "geometry": { "type": "Polygon", "coordinates": [ [ [ -74.4023576, 41.105588700000055 ], [ -74.398820200000017, 41.107052300000014 ], [ -74.3952014, 41.105140200000015 ], [ -74.4008569, 41.0988914 ], [ -74.4058014, 41.100934199999934 ], [ -74.4023576, 41.105588700000055 ] ] ] } },
{ "type": "Feature", "properties": { "state_po": "NJ", "county_geoid": "34031", "pwsid": "NJ1615002", "pws_name": "VEOLIA WATER NJ GREENBROOK ESTATES", "population_served_count": 600, "model_method": "", "verification_status": "", "symbology_field": "System Sourced", "intersection_area_sq_km": 0.4897000607103873 }, "geometry": { "type": "MultiPolygon", "coordinates": [ [ [ [ -74.351468400000016, 41.153637400000022 ], [ -74.349674, 41.1527537 ], [ -74.3516526, 41.1526066 ], [ -74.3544502, 41.147804400000041 ], [ -74.3589689, 41.150811699999977 ], [ -74.358368, 41.15336079999998 ], [ -74.3535317, 41.151271200000018 ], [ -74.3525803, 41.153167099999976 ], [ -74.354387800000012, 41.1538419 ], [ -74.3513794, 41.157782499999975 ], [ -74.3500455, 41.157243500000021 ], [ -74.351468400000016, 41.153637400000022 ] ] ], [ [ [ -74.3313186, 41.162291599999961 ], [ -74.3327301, 41.1626558 ], [ -74.331866, 41.169291499999979 ], [ -74.3296449, 41.171413900000047 ], [ -74.3275871, 41.171321099999986 ], [ -74.3313186, 41.162291599999961 ] ] ] ] } },
{ "type": "Feature", "properties": { "state_po": "NJ", "county_geoid": "34031", "pwsid": "NJ1615008", "pws_name": "PVWC-POSTBROOK", "population_served_count": 458, "model_method": "", "verification_status": "", "symbology_field": "System Sourced", "intersection_area_sq_km": 1.0370174822717808 }, "geometry": { "type": "Polygon", "coordinates": [ [ [ -74.3832966, 41.0786216 ], [ -74.3820408, 41.077563299999987 ], [ -74.3819287, 41.073504699999987 ], [ -74.379293100000012, 41.07113619999997 ], [ -74.3748239, 41.0804709 ], [ -74.3700308, 41.081156399999969 ], [ -74.3700538, 41.074621100000023 ], [ -74.3730343, 41.07236709999998 ], [ -74.3701278, 41.071724199999984 ], [ -74.3734582, 41.069189600000016 ], [ -74.370937, 41.069356100000014 ], [ -74.369324, 41.06814020000003 ], [ -74.370673400000015, 41.065008300000038 ], [ -74.3766601, 41.065180599999955 ], [ -74.3765378, 41.070945 ], [ -74.3776536, 41.07247450000002 ], [ -74.3792689, 41.070957 ], [ -74.3810541, 41.071600100000019 ], [ -74.3822477, 41.073694499999988 ], [ -74.3828477, 41.076230900000013 ], [ -74.3822923, 41.07766130000001 ], [ -74.3860135, 41.081021300000018 ], [ -74.3823474, 41.079521799999952 ], [ -74.379623, 41.08197 ], [ -74.381653699999987, 41.083484299999988 ], [ -74.380076, 41.084748900000029 ], [ -74.377884900000012, 41.083430400000012 ], [ -74.3832966, 41.0786216 ] ], [ [ -74.372189, 41.068786800000012 ], [ -74.3718152, 41.068541099999969 ], [ -74.3718459, 41.069012400000041 ], [ -74.372189, 41.068786800000012 ] ] ] } },
{ "type": "Feature", "properties": { "state_po": "NJ", "county_geoid": "34031", "pwsid": "NJ1615016", "pws_name": "VEOLIA WATER NJ - OLDE MILFORD EST", "population_served_count": 1577, "model_method": "", "verification_status": "", "symbology_field": "System Sourced", "intersection_area_sq_km": 1.7462605594764011 }, "geometry": { "type": "Polygon", "coordinates": [ [ [ -74.3812487, 41.1115385 ], [ -74.3772416, 41.1107446 ], [ -74.377747, 41.107585700000037 ], [ -74.3769261, 41.107977299999988 ], [ -74.3746224, 41.107110899999988 ], [ -74.3751406, 41.106182500000052 ], [ -74.3719217, 41.1061143 ], [ -74.3749047, 41.101151800000039 ], [ -74.3732445, 41.099647799999971 ], [ -74.3761903, 41.095966 ], [ -74.3748174, 41.094922500000024 ], [ -74.3755595, 41.088218700000034 ], [ -74.3862766, 41.083373 ], [ -74.3903361, 41.076064699999989 ], [ -74.3950504, 41.077935 ], [ -74.3915083, 41.086653 ], [ -74.386740100000011, 41.084297400000018 ], [ -74.3836799, 41.087310699999989 ], [ -74.3785507, 41.088455 ], [ -74.3806778, 41.091586099999965 ], [ -74.3838075, 41.0921328 ], [ -74.3809452, 41.094460700000042 ], [ -74.3838334, 41.096875 ], [ -74.3796499, 41.100040499999949 ], [ -74.3808077, 41.1014952 ], [ -74.3792296, 41.104586099999942 ], [ -74.3778319, 41.1037844 ], [ -74.3753868, 41.106832900000029 ], [ -74.378211, 41.106731099999976 ], [ -74.378683200000012, 41.110055 ], [ -74.3824704, 41.1100723 ], [ -74.3812487, 41.1115385 ] ] ] } },
{ "type": "Feature", "properties": { "state_po": "NJ", "county_geoid": "34031", "pwsid": "NJ1613001", "pws_name": "N.J.D.W.S.C. - WANAQUE NORTH", "population_served_count": 150, "model_method": "", "verification_status": "", "symbology_field": "System Sourced", "intersection_area_sq_km": 1.8130228299062741 }, "geometry": { "type": "Polygon", "coordinates": [ [ [ -74.3150116, 41.032603 ], [ -74.3228345, 41.039497599999976 ], [ -74.3186796, 41.039495499999987 ], [ -74.3147022, 41.042105 ], [ -74.3111822, 41.040479 ], [ -74.3129056, 41.043079 ], [ -74.3110125, 41.044767600000043 ], [ -74.3065756, 41.044548200000015 ], [ -74.3055578, 41.0396341 ], [ -74.300252, 41.040906 ], [ -74.2990363, 41.039991499999964 ], [ -74.298491700000014, 41.043135700000029 ], [ -74.2979597, 41.0421579 ], [ -74.293192, 41.047538400000022 ], [ -74.2946652, 41.0521207 ], [ -74.292362200000014, 41.051532699999953 ], [ -74.2927001, 41.047311400000012 ], [ -74.2910761, 41.045918 ], [ -74.2997749, 41.035872 ], [ -74.3046707, 41.035598700000016 ], [ -74.3046944, 41.0343315 ], [ -74.3108984, 41.032394599999989 ], [ -74.3150116, 41.032603 ] ] ] } },
{ "type": "Feature", "properties": { "state_po": "NJ", "county_geoid": "34031", "pwsid": "NY3503566", "pws_name": "WESTSIDE GREENWOOD LAKE W.D.", "population_served_count": 1700, "model_method": "Random Forest", "verification_status": "", "symbology_field": "Modeled", "intersection_area_sq_km": 0.0007907202703430951 }, "geometry": { "type": "Polygon", "coordinates": [ [ [ -74.330517361861922, 41.185520687180052 ], [ -74.3313006, 41.1857583 ], [ -74.331271834174714, 41.18586257710821 ], [ -74.330517361861922, 41.185520687180052 ] ] ] } },
{ "type": "Feature", "properties": { "state_po": "NJ", "county_geoid": "34031", "pwsid": "NY3503563", "pws_name": "KNOLLS WATER CO., INC.", "population_served_count": 230, "model_method": "Random Forest", "verification_status": "", "symbology_field": "Modeled", "intersection_area_sq_km": 0.00010644779185111498 }, "geometry": { "type": "Polygon", "coordinates": [ [ [ -74.321828884855535, 41.181583159174238 ], [ -74.3223456, 41.181796300000038 ], [ -74.322337574403932, 41.181813628035002 ], [ -74.321828884855535, 41.181583159174238 ] ] ] } },
{ "type": "Feature", "properties": { "state_po": "NJ", "county_geoid": "34031", "pwsid": "NJ1606301", "pws_name": "HOLLAND CHRISTIAN HOME", "population_served_count": 250, "model_method": "", "verification_status": "", "symbology_field": "System Sourced", "intersection_area_sq_km": 0.040643623162021136 }, "geometry": { "type": "Polygon", "coordinates": [ [ [ -74.1856223, 40.971269499999984 ], [ -74.1866004, 40.973947800000012 ], [ -74.1853373, 40.974487 ], [ -74.1839043, 40.9724104 ], [ -74.1856223, 40.971269499999984 ] ] ] } },
{ "type": "Feature", "properties": { "state_po": "NJ", "county_geoid": "34031", "pwsid": "NJ1615003", "pws_name": "PASSAIC VALLEY W C HIGH CREST", "population_served_count": 1132, "model_method": "", "verification_status": "", "symbology_field": "System Sourced", "intersection_area_sq_km": 1.0376429338340272 }, "geometry": { "type": "Polygon", "coordinates": [ [ [ -74.3697442, 41.024212100000064 ], [ -74.3670401, 41.0257837 ], [ -74.3693356, 41.022149 ], [ -74.3616529, 41.017854499999984 ], [ -74.3634923, 41.017615300000031 ], [ -74.365938, 41.01230349999998 ], [ -74.3707331, 41.0137778 ], [ -74.3705232, 41.016775599999988 ], [ -74.3735447, 41.013111 ], [ -74.3788978, 41.018541299999946 ], [ -74.3794314, 41.022304500000047 ], [ -74.3778734, 41.023752900000048 ], [ -74.3708492, 41.0257961 ], [ -74.3697442, 41.024212100000064 ] ], [ [ -74.3684487, 41.0142488 ], [ -74.3662693, 41.0153856 ], [ -74.3710072, 41.023149600000011 ], [ -74.3743764, 41.0224067 ], [ -74.3684487, 41.0142488 ] ] ] } },
{ "type": "Feature", "properties": { "state_po": "NJ", "county_geoid": "34031", "pwsid": "NJ1433001", "pws_name": "RIVERDALE BORO WATER DEP", "population_served_count": 2850, "model_method": "", "verification_status": "", "symbology_field": "System Sourced", "intersection_area_sq_km": 0.0037997138845440081 }, "geometry": { "type": "MultiPolygon", "coordinates": [ [ [ [ -74.295774540502052, 40.991012620221802 ], [ -74.295648384061167, 40.99096241642696 ], [ -74.295775, 40.991005 ], [ -74.295774540502052, 40.991012620221802 ] ] ], [ [ [ -74.29571264371549, 40.992039089557117 ], [ -74.29555520000001, 40.991814 ], [ -74.295736473781162, 40.991643905556572 ], [ -74.29571264371549, 40.992039089557117 ] ] ], [ [ [ -74.3199916, 41.0018208 ], [ -74.319378490135904, 41.001797010958278 ], [ -74.32170856140506, 41.001448465913221 ], [ -74.3199916, 41.0018208 ] ] ], [ [ [ -74.297834725333104, 41.000401680357101 ], [ -74.2976106, 41.000234400000011 ], [ -74.297933300017192, 40.999892823781266 ], [ -74.297834725333104, 41.000401680357101 ] ] ] ] } },
{ "type": "Feature", "properties": { "state_po": "NJ", "county_geoid": "34035", "pwsid": "NJ1803002", "pws_name": "NJ AMERICAN WATER - TWIN LAKES", "population_served_count": 250, "model_method": "", "verification_status": "", "symbology_field": "System Sourced", "intersection_area_sq_km": 0.25379327081597081 }, "geometry": { "type": "Polygon", "coordinates": [ [ [ -74.5968215, 40.710782899999984 ], [ -74.595389900000015, 40.707588899999969 ], [ -74.5999548, 40.704631700000036 ], [ -74.6025883, 40.707473600000029 ], [ -74.5968215, 40.710782899999984 ] ] ] } },
{ "type": "Feature", "properties": { "state_po": "NJ", "county_geoid": "34035", "pwsid": "NJ1817001", "pws_name": "ROCKY HILL W DEPT", "population_served_count": 687, "model_method": "", "verification_status": "", "symbology_field": "System Sourced", "intersection_area_sq_km": 0.76188403935430715 }, "geometry": { "type": "Polygon", "coordinates": [ [ [ -74.633647, 40.4018855 ], [ -74.6294377, 40.400723199999973 ], [ -74.6291604, 40.399085 ], [ -74.6328382, 40.397397 ], [ -74.635368, 40.398772100000045 ], [ -74.637975200000014, 40.396322300000037 ], [ -74.6405667, 40.395707499999965 ], [ -74.638762500000013, 40.398091899999983 ], [ -74.6408653, 40.398143900000051 ], [ -74.6420767, 40.400078700000023 ], [ -74.642549, 40.406215900000049 ], [ -74.6361326, 40.406241100000017 ], [ -74.633647, 40.4018855 ] ] ] } },
{ "type": "Feature", "properties": { "state_po": "NJ", "county_geoid": "34033", "pwsid": "NJ1714001", "pws_name": "COUNTRY CLUB ESTATES", "population_served_count": 300, "model_method": "", "verification_status": "", "symbology_field": "System Sourced", "intersection_area_sq_km": 0.22562008112336257 }, "geometry": { "type": "Polygon", "coordinates": [ [ [ -75.1265825, 39.599155800000077 ], [ -75.1279683, 39.595461900000011 ], [ -75.1351172, 39.59652190000002 ], [ -75.1326134, 39.59973 ], [ -75.1265825, 39.599155800000077 ] ] ] } },
{ "type": "Feature", "properties": { "state_po": "NJ", "county_geoid": "34033", "pwsid": "NJ1710001", "pws_name": "HARDING WOODS MHP", "population_served_count": 1276, "model_method": "", "verification_status": "", "symbology_field": "System Sourced", "intersection_area_sq_km": 0.35801794259313069 }, "geometry": { "type": "Polygon", "coordinates": [ [ [ -75.121608, 39.594306300000063 ], [ -75.1186276, 39.593213799999965 ], [ -75.1177393, 39.586244400000048 ], [ -75.1239883, 39.587204699999965 ], [ -75.1245299, 39.590931399999981 ], [ -75.1228276, 39.5912247 ], [ -75.121608, 39.594306300000063 ] ] ] } },
{ "type": "Feature", "properties": { "state_po": "NJ", "county_geoid": "34033", "pwsid": "NJ1714003", "pws_name": "BANCROFT NEURO HEALTH CENTER", "population_served_count": 142, "model_method": "", "verification_status": "", "symbology_field": "System Sourced", "intersection_area_sq_km": 0.36587442630307948 }, "geometry": { "type": "Polygon", "coordinates": [ [ [ -75.2310304, 39.66126280000001 ], [ -75.2350407, 39.661063800000029 ], [ -75.2361827, 39.659739500000036 ], [ -75.2326789, 39.658564799999965 ], [ -75.2347485, 39.6565845 ], [ -75.2438437, 39.660443699999988 ], [ -75.2413737, 39.660082900000013 ], [ -75.2404888, 39.661662299999982 ], [ -75.243362, 39.662032400000029 ], [ -75.242751441385252, 39.6639393088034 ], [ -75.2310304, 39.66126280000001 ] ] ] } },
{ "type": "Feature", "properties": { "state_po": "NJ", "county_geoid": "34033", "pwsid": "NJ1702001", "pws_name": "ELMER BORO W DEPT", "population_served_count": 1385, "model_method": "", "verification_status": "", "symbology_field": "System Sourced", "intersection_area_sq_km": 1.8933836312608632 }, "geometry": { "type": "Polygon", "coordinates": [ [ [ -75.1773862, 39.601371299999983 ], [ -75.1667412, 39.596821899999981 ], [ -75.1646221, 39.588801400000023 ], [ -75.1668689, 39.584822599999974 ], [ -75.1843219, 39.583835299999983 ], [ -75.1803145, 39.5875903 ], [ -75.1773862, 39.601371299999983 ] ] ] } },
{ "type": "Feature", "properties": { "state_po": "NJ", "county_geoid": "34033", "pwsid": "NJ1710006", "pws_name": "VILLAGE I", "population_served_count": 43, "model_method": "", "verification_status": "", "symbology_field": "System Sourced", "intersection_area_sq_km": 0.01309858588933363 }, "geometry": { "type": "Polygon", "coordinates": [ [ [ -75.1060747, 39.565260399999978 ], [ -75.1084151, 39.564352 ], [ -75.1065542, 39.565883400000011 ], [ -75.1060747, 39.565260399999978 ] ] ] } },
{ "type": "Feature", "properties": { "state_po": "NJ", "county_geoid": "34033", "pwsid": "NJ1710304", "pws_name": "BIG OAK REHAB", "population_served_count": 259, "model_method": "", "verification_status": "", "symbology_field": "System Sourced", "intersection_area_sq_km": 0.031901650358330334 }, "geometry": { "type": "Polygon", "coordinates": [ [ [ -75.1224485, 39.484802699999975 ], [ -75.1231601, 39.4865548 ], [ -75.1230624, 39.487008900000035 ], [ -75.1212947, 39.48679 ], [ -75.1224485, 39.484802699999975 ] ] ] } },
{ "type": "Feature", "properties": { "state_po": "NJ", "county_geoid": "34033", "pwsid": "NJ1713001", "pws_name": "HANDYS MOBILE PARK", "population_served_count": 90, "model_method": "", "verification_status": "", "symbology_field": "System Sourced", "intersection_area_sq_km": 0.045436959119933493 }, "geometry": { "type": "Polygon", "coordinates": [ [ [ -75.4066898, 39.686852900000027 ], [ -75.4035659, 39.687675700000035 ], [ -75.4029007, 39.6865471 ], [ -75.4056207, 39.685122200000016 ], [ -75.4066898, 39.686852900000027 ] ] ] } },
{ "type": "Feature", "properties": { "state_po": "NJ", "county_geoid": "34033", "pwsid": "NJ1704001", "pws_name": "LEISURE ARMS COMPLEX", "population_served_count": 60, "model_method": "", "verification_status": "", "symbology_field": "System Sourced", "intersection_area_sq_km": 0.05694644183363351 }, "geometry": { "type": "Polygon", "coordinates": [ [ [ -75.4332097, 39.500895100000051 ], [ -75.4359204, 39.5022461 ], [ -75.433543500000013, 39.5034017 ], [ -75.4313602, 39.501729800000021 ], [ -75.4332097, 39.500895100000051 ] ] ] } },
{ "type": "Feature", "properties": { "state_po": "NJ", "county_geoid": "34033", "pwsid": "NJ1710003", "pws_name": "PICNIC GROVE MOBILE HOMES", "population_served_count": 250, "model_method": "", "verification_status": "", "symbology_field": "System Sourced", "intersection_area_sq_km": 0.13039819975470213 }, "geometry": { "type": "Polygon", "coordinates": [ [ [ -75.1264693, 39.5942533 ], [ -75.1249305, 39.594794800000017 ], [ -75.1239883, 39.587204699999965 ], [ -75.1258423, 39.587488799999988 ], [ -75.1264693, 39.5942533 ] ] ] } },
{ "type": "Feature", "properties": { "state_po": "NJ", "county_geoid": "34033", "pwsid": "NJ1710002", "pws_name": "HOLLY TREE ACRES SYSTEM 1", "population_served_count": 300, "model_method": "", "verification_status": "", "symbology_field": "System Sourced", "intersection_area_sq_km": 0.14287834296219898 }, "geometry": { "type": "Polygon", "coordinates": [ [ [ -75.1240833, 39.495746400000023 ], [ -75.1272005, 39.4937991 ], [ -75.1297088, 39.496063800000051 ], [ -75.1269537, 39.498504400000016 ], [ -75.1240833, 39.495746400000023 ] ] ] } },
{ "type": "Feature", "properties": { "state_po": "NJ", "county_geoid": "34033", "pwsid": "NJ1706001", "pws_name": "AUBURN VILLAGE WATER SUP", "population_served_count": 200, "model_method": "", "verification_status": "", "symbology_field": "System Sourced", "intersection_area_sq_km": 0.14440173827748806 }, "geometry": { "type": "Polygon", "coordinates": [ [ [ -75.3630573, 39.714530400000029 ], [ -75.3657361, 39.711452800000032 ], [ -75.3652895, 39.7096619 ], [ -75.3688442, 39.709824600000026 ], [ -75.3670898, 39.71367 ], [ -75.3630573, 39.714530400000029 ] ] ] } },
{ "type": "Feature", "properties": { "state_po": "NJ", "county_geoid": "34007", "pwsid": "NJ0436008", "pws_name": "WINSLOW TWP DMU", "population_served_count": 172, "model_method": "", "verification_status": "", "symbology_field": "System Sourced", "intersection_area_sq_km": 0.21525517211128956 }, "geometry": { "type": "Polygon", "coordinates": [ [ [ -74.843694, 39.685681800000026 ], [ -74.8356376, 39.685563 ], [ -74.8355477, 39.683452600000017 ], [ -74.8410185, 39.6812912 ], [ -74.843694, 39.685681800000026 ] ] ] } },
{ "type": "Feature", "properties": { "state_po": "NJ", "county_geoid": "34007", "pwsid": "NJ0436001", "pws_name": "ANCORA PSYCHIATRIC HOSPI", "population_served_count": 2506, "model_method": "", "verification_status": "", "symbology_field": "System Sourced", "intersection_area_sq_km": 2.469773170257096 }, "geometry": { "type": "Polygon", "coordinates": [ [ [ -74.850367, 39.6887585 ], [ -74.8499297, 39.693663299999976 ], [ -74.8445159, 39.6921906 ], [ -74.8589359, 39.6715062 ], [ -74.8757345, 39.6834187 ], [ -74.8601621, 39.687330500000016 ], [ -74.860619, 39.6888827 ], [ -74.8526942, 39.686355200000065 ], [ -74.854632, 39.692788500000013 ], [ -74.8520918, 39.6881966 ], [ -74.850367, 39.6887585 ] ] ] } },
{ "type": "Feature", "properties": { "state_po": "NJ", "county_geoid": "34007", "pwsid": "NJ0435003", "pws_name": "WATERFORD TOWNSHIP WATER DEPT.", "population_served_count": 1184, "model_method": "", "verification_status": "", "symbology_field": "System Sourced", "intersection_area_sq_km": 5.8404255249510681 }, "geometry": { "type": "Polygon", "coordinates": [ [ [ -74.8986381, 39.7895416 ], [ -74.894929, 39.783421 ], [ -74.8872978, 39.7819784 ], [ -74.8896488, 39.7776395 ], [ -74.8842512, 39.770542399999968 ], [ -74.8799519, 39.771759 ], [ -74.8774311, 39.7689747 ], [ -74.8824272, 39.7668593 ], [ -74.8794451, 39.762714399999972 ], [ -74.8824954, 39.7609271 ], [ -74.8805783, 39.757830600000055 ], [ -74.8834278, 39.756396800000019 ], [ -74.8840213, 39.750542200000012 ], [ -74.9131639, 39.77676789999996 ], [ -74.9081999, 39.781271499999974 ], [ -74.9093495, 39.781881 ], [ -74.9025326, 39.7908334 ], [ -74.8986381, 39.7895416 ] ] ] } },
{ "type": "Feature", "properties": { "state_po": "NJ", "county_geoid": "34007", "pwsid": "NJ0410002", "pws_name": "BNAI BRITH CHESILHURST HOUSE", "population_served_count": 49, "model_method": "", "verification_status": "", "symbology_field": "System Sourced", "intersection_area_sq_km": 0.0036624107032272122 }, "geometry": { "type": "Polygon", "coordinates": [ [ [ -74.8707318, 39.736136399999978 ], [ -74.8698625, 39.735513399999974 ], [ -74.870883, 39.735753399999979 ], [ -74.8707318, 39.736136399999978 ] ] ] } },
{ "type": "Feature", "properties": { "state_po": "NJ", "county_geoid": "34007", "pwsid": "NJ0436010", "pws_name": "WINSLOW COURT HOMES INC", "population_served_count": 90, "model_method": "", "verification_status": "", "symbology_field": "System Sourced", "intersection_area_sq_km": 0.025271899134163479 }, "geometry": { "type": "Polygon", "coordinates": [ [ [ -74.956651600000015, 39.726202299999976 ], [ -74.9590942, 39.726850700000028 ], [ -74.9557608, 39.727076799999971 ], [ -74.956651600000015, 39.726202299999976 ] ] ] } },
{ "type": "Feature", "properties": { "state_po": "NJ", "county_geoid": "34007", "pwsid": "NJ0436009", "pws_name": "ELMTOWNE VILLAGE ASSOC. SYS II", "population_served_count": 100, "model_method": "", "verification_status": "", "symbology_field": "System Sourced", "intersection_area_sq_km": 0.038161837501552713 }, "geometry": { "type": "Polygon", "coordinates": [ [ [ -74.8421436, 39.6863781 ], [ -74.8364399, 39.6855629 ], [ -74.845046400000015, 39.686027100000032 ], [ -74.8421436, 39.6863781 ] ] ] } },
{ "type": "Feature", "properties": { "state_po": "NJ", "county_geoid": "34007", "pwsid": "NJ0435324", "pws_name": "ONYX BEHAVIORAL HEALTH CARE", "population_served_count": 215, "model_method": "", "verification_status": "", "symbology_field": "System Sourced", "intersection_area_sq_km": 0.041507752189745818 }, "geometry": { "type": "Polygon", "coordinates": [ [ [ -74.872963, 39.77821850000003 ], [ -74.8721888, 39.780925500000031 ], [ -74.8706524, 39.7806755 ], [ -74.8714275, 39.777957800000053 ], [ -74.872963, 39.77821850000003 ] ] ] } },
{ "type": "Feature", "properties": { "state_po": "NJ", "county_geoid": "34007", "pwsid": "NJ0436002", "pws_name": "ELMTOWNE VILLAGE  ASSOC SYS I", "population_served_count": 100, "model_method": "", "verification_status": "", "symbology_field": "System Sourced", "intersection_area_sq_km": 0.068566287693413122 }, "geometry": { "type": "Polygon", "coordinates": [ [ [ -74.8340076, 39.687062399999959 ], [ -74.836360900000017, 39.685546099999975 ], [ -74.8451533, 39.686496800000043 ], [ -74.8356599, 39.686557799999989 ], [ -74.8340076, 39.687062399999959 ] ] ] } },
{ "type": "Feature", "properties": { "state_po": "NJ", "county_geoid": "34007", "pwsid": "NJ0410001", "pws_name": "TOWN & COUNTRY MHP", "population_served_count": 200, "model_method": "", "verification_status": "", "symbology_field": "System Sourced", "intersection_area_sq_km": 0.080760966683753169 }, "geometry": { "type": "Polygon", "coordinates": [ [ [ -74.8702109, 39.729230199999982 ], [ -74.8674474, 39.728427700000012 ], [ -74.8679646, 39.72573330000003 ], [ -74.8708103, 39.726108799999977 ], [ -74.8702109, 39.729230199999982 ] ] ] } },
{ "type": "Feature", "properties": { "state_po": "NJ", "county_geoid": "34007", "pwsid": "NJ0407001", "pws_name": "BROOKLAWN WATER DEPARTME", "population_served_count": 2300, "model_method": "", "verification_status": "", "symbology_field": "System Sourced", "intersection_area_sq_km": 1.1877265797276162 }, "geometry": { "type": "Polygon", "coordinates": [ [ [ -75.129032293771274, 39.879466313944185 ], [ -75.1258471, 39.8841866 ], [ -75.1225321, 39.882370599999952 ], [ -75.1222622, 39.883797900000012 ], [ -75.1162276, 39.883587800000043 ], [ -75.1082802, 39.877973800000021 ], [ -75.1175303, 39.876471500000029 ], [ -75.116481800000017, 39.875533 ], [ -75.1206058, 39.872682800000042 ], [ -75.126541932685655, 39.874804599780397 ], [ -75.126227, 39.876971300000029 ], [ -75.124013, 39.87779720000001 ], [ -75.129032293771274, 39.879466313944185 ] ] ] } },
{ "type": "Feature", "properties": { "state_po": "NJ", "county_geoid": "34015", "pwsid": "NJ0804001", "pws_name": "LAUX LAKEVIEW MOBILE H P INC", "population_served_count": 291, "model_method": "", "verification_status": "", "symbology_field": "System Sourced", "intersection_area_sq_km": 0.30329261791300766 }, "geometry": { "type": "Polygon", "coordinates": [ [ [ -75.2099339, 39.677716899999972 ], [ -75.2100406, 39.675448800000019 ], [ -75.2140296, 39.676077099999986 ], [ -75.2113371, 39.682865300000039 ], [ -75.2068682, 39.680123499999944 ], [ -75.2074367, 39.677290799999987 ], [ -75.2099339, 39.677716899999972 ] ] ] } },
{ "type": "Feature", "properties": { "state_po": "NJ", "county_geoid": "34015", "pwsid": "NJ1714003", "pws_name": "BANCROFT NEURO HEALTH CENTER", "population_served_count": 142, "model_method": "", "verification_status": "", "symbology_field": "System Sourced", "intersection_area_sq_km": 0.0084673672340206743 }, "geometry": { "type": "MultiPolygon", "coordinates": [ [ [ [ -75.235128, 39.661707 ], [ -75.235191354663442, 39.661764840888239 ], [ -75.234979075141183, 39.661687066284436 ], [ -75.235128, 39.661707 ] ] ], [ [ [ -75.231416045697827, 39.662082216208617 ], [ -75.233513800322982, 39.661490928016391 ], [ -75.2314439, 39.662141400000017 ], [ -75.231416045697827, 39.662082216208617 ] ] ], [ [ [ -75.236261209189081, 39.662625533949175 ], [ -75.240464, 39.663104 ], [ -75.240563837123744, 39.663140458960086 ], [ -75.23924430000001, 39.663221699999966 ], [ -75.236261209189081, 39.662625533949175 ] ] ], [ [ [ -75.242751441385252, 39.6639393088034 ], [ -75.2427444, 39.6639613 ], [ -75.242087560854046, 39.663696884706646 ], [ -75.242751441385252, 39.6639393088034 ] ] ] ] } },
{ "type": "Feature", "properties": { "state_po": "NJ", "county_geoid": "34015", "pwsid": "NJ0819001", "pws_name": "WENONAH WATER DEPARTMENT", "population_served_count": 2357, "model_method": "", "verification_status": "", "symbology_field": "System Sourced", "intersection_area_sq_km": 1.9843794297079587 }, "geometry": { "type": "Polygon", "coordinates": [ [ [ -75.145383700000011, 39.8023506 ], [ -75.1420045, 39.793830500000013 ], [ -75.1436543, 39.793728 ], [ -75.1418478, 39.793317500000036 ], [ -75.1397873, 39.786481200000026 ], [ -75.1432999, 39.786118900000034 ], [ -75.1446725, 39.789994 ], [ -75.1440332, 39.786392700000015 ], [ -75.1470964, 39.783582799999976 ], [ -75.1451228, 39.783909 ], [ -75.1450981, 39.7825587 ], [ -75.1499856, 39.7847966 ], [ -75.1501825, 39.786826800000028 ], [ -75.150359, 39.7855794 ], [ -75.154399500000011, 39.7863935 ], [ -75.1554227, 39.787332400000011 ], [ -75.1534417, 39.78874680000002 ], [ -75.1573329, 39.788625099999969 ], [ -75.1593723, 39.7915067 ], [ -75.1528078, 39.796432900000035 ], [ -75.1541918, 39.799513 ], [ -75.1529422, 39.8018651 ], [ -75.150221, 39.8007114 ], [ -75.145383700000011, 39.8023506 ] ] ] } },
{ "type": "Feature", "properties": { "state_po": "NJ", "county_geoid": "34015", "pwsid": "NJ0817001", "pws_name": "SWEDESBORO WATER DEPARTMENT", "population_served_count": 2824, "model_method": "", "verification_status": "", "symbology_field": "System Sourced", "intersection_area_sq_km": 2.8279819432016571 }, "geometry": { "type": "Polygon", "coordinates": [ [ [ -75.3134116, 39.739413899999967 ], [ -75.3168927, 39.732325800000027 ], [ -75.3199009, 39.733317100000015 ], [ -75.318316600000017, 39.74264119999998 ], [ -75.3205076, 39.7446355 ], [ -75.3187719, 39.744791599999964 ], [ -75.319236, 39.7477557 ], [ -75.3157176, 39.7466423 ], [ -75.318326800000023, 39.755028500000016 ], [ -75.3071805, 39.7545231 ], [ -75.3035997, 39.749396900000036 ], [ -75.2977847, 39.749023 ], [ -75.2910912, 39.7451942 ], [ -75.3009656, 39.739287499999975 ], [ -75.3065795, 39.743683299999979 ], [ -75.3083013, 39.743306399999987 ], [ -75.3134116, 39.739413899999967 ] ] ] } },
{ "type": "Feature", "properties": { "state_po": "NJ", "county_geoid": "34015", "pwsid": "NJ0823001", "pws_name": "WOODBURY HEIGHTS W UTILI", "population_served_count": 3008, "model_method": "", "verification_status": "", "symbology_field": "System Sourced", "intersection_area_sq_km": 3.2249639517663597 }, "geometry": { "type": "Polygon", "coordinates": [ [ [ -75.1602918, 39.825051199999976 ], [ -75.1565495, 39.82656249999998 ], [ -75.1526647, 39.8254059 ], [ -75.1503958, 39.826266199999985 ], [ -75.1481955, 39.822373 ], [ -75.1487957, 39.819762900000029 ], [ -75.1432558, 39.8174962 ], [ -75.1436287, 39.819315599999968 ], [ -75.1398715, 39.819007499999969 ], [ -75.1373235, 39.8165572 ], [ -75.1357705, 39.809700199999973 ], [ -75.1510455, 39.806259400000016 ], [ -75.1515333, 39.8130932 ], [ -75.1593911, 39.812711899999989 ], [ -75.159097, 39.808874300000014 ], [ -75.165795300000013, 39.811059799999988 ], [ -75.1602918, 39.825051199999976 ] ] ] } },
{ "type": "Feature", "properties": { "state_po": "NJ", "county_geoid": "34015", "pwsid": "NJ0813001", "pws_name": "NEWFIELD WATER DEPARTMENT", "population_served_count": 1616, "model_method": "", "verification_status": "", "symbology_field": "System Sourced", "intersection_area_sq_km": 4.5514563659395053 }, "geometry": { "type": "Polygon", "coordinates": [ [ [ -75.034368052281735, 39.549459419519444 ], [ -75.0293292, 39.556250299999988 ], [ -75.0189278, 39.558028100000016 ], [ -75.0175342, 39.560211699999932 ], [ -75.0146556, 39.559253799999965 ], [ -75.0153064, 39.556960899999964 ], [ -75.0025672, 39.553584 ], [ -75.0048703, 39.5420357 ], [ -75.0014842, 39.5416387 ], [ -75.0019937, 39.53738360000002 ], [ -75.0137301, 39.53817729999998 ], [ -75.013399120672332, 39.534732894020678 ], [ -75.015255333143926, 39.536036596762088 ], [ -75.014428, 39.538225799999985 ], [ -75.0187898, 39.538525800000016 ], [ -75.034368052281735, 39.549459419519444 ] ] ] } },
{ "type": "Feature", "properties": { "state_po": "NJ", "county_geoid": "34015", "pwsid": "NJ0809001", "pws_name": "NJ AMERICAN WATER - BRIDGEPORT", "population_served_count": 855, "model_method": "", "verification_status": "", "symbology_field": "System Sourced", "intersection_area_sq_km": 11.510367472753829 }, "geometry": { "type": "Polygon", "coordinates": [ [ [ -75.3445051, 39.802956900000055 ], [ -75.3294091, 39.802034199999987 ], [ -75.313796700000012, 39.814009100000028 ], [ -75.2988823, 39.80328 ], [ -75.2911089, 39.804611500000036 ], [ -75.2887876, 39.792804 ], [ -75.2863533, 39.7928129 ], [ -75.301743, 39.781947399999943 ], [ -75.3144989, 39.785596699999978 ], [ -75.3244589, 39.791981800000045 ], [ -75.3280862, 39.790867 ], [ -75.357363, 39.7911702 ], [ -75.3559844, 39.803065699999955 ], [ -75.3560594, 39.8009746 ], [ -75.352832, 39.809420100000033 ], [ -75.3547334, 39.811656300000031 ], [ -75.3518594, 39.812901200000027 ], [ -75.349286399999983, 39.811060900000015 ], [ -75.3445051, 39.802956900000055 ] ] ] } },
{ "type": "Feature", "properties": { "state_po": "NJ", "county_geoid": "34015", "pwsid": "NJ0805003", "pws_name": "MALAGA VILLA APARTMENTS", "population_served_count": 100, "model_method": "", "verification_status": "", "symbology_field": "System Sourced", "intersection_area_sq_km": 0.011137896536062101 }, "geometry": { "type": "Polygon", "coordinates": [ [ [ -75.0510727, 39.5811628 ], [ -75.0527669, 39.581756200000029 ], [ -75.0521063, 39.582155299999989 ], [ -75.0510727, 39.5811628 ] ] ] } },
{ "type": "Feature", "properties": { "state_po": "NJ", "county_geoid": "34015", "pwsid": "NJ0805001", "pws_name": "IONA TRAILER PARK", "population_served_count": 72, "model_method": "", "verification_status": "", "symbology_field": "System Sourced", "intersection_area_sq_km": 0.016108640550087944 }, "geometry": { "type": "Polygon", "coordinates": [ [ [ -75.0684975, 39.6029382 ], [ -75.0697654, 39.601593300000012 ], [ -75.0703548, 39.602295300000044 ], [ -75.0684975, 39.6029382 ] ] ] } },
{ "type": "Feature", "properties": { "state_po": "NJ", "county_geoid": "34015", "pwsid": "NJ0805002", "pws_name": "MALAGA MOBILE HOME PARK", "population_served_count": 100, "model_method": "", "verification_status": "", "symbology_field": "System Sourced", "intersection_area_sq_km": 0.02264536467364904 }, "geometry": { "type": "Polygon", "coordinates": [ [ [ -75.0469451, 39.5749222 ], [ -75.0489126, 39.5771904 ], [ -75.0481534, 39.577648699999983 ], [ -75.0462984, 39.575729300000027 ], [ -75.0469451, 39.5749222 ] ] ] } },
{ "type": "Feature", "properties": { "state_po": "NJ", "county_geoid": "34015", "pwsid": "NJ0810005", "pws_name": "MANOR WATER ASSOCIATIONS", "population_served_count": 75, "model_method": "", "verification_status": "", "symbology_field": "System Sourced", "intersection_area_sq_km": 0.030241937790579477 }, "geometry": { "type": "Polygon", "coordinates": [ [ [ -75.1832822, 39.786028600000037 ], [ -75.1809271, 39.784825 ], [ -75.1817051, 39.783883600000017 ], [ -75.18335, 39.784646500000029 ], [ -75.1832822, 39.786028600000037 ] ] ] } },
{ "type": "Feature", "properties": { "state_po": "NJ", "county_geoid": "34015", "pwsid": "NJ0816001", "pws_name": "HARRISONVILLE MOBILE HOME PARK", "population_served_count": 100, "model_method": "", "verification_status": "", "symbology_field": "System Sourced", "intersection_area_sq_km": 0.044215855572394658 }, "geometry": { "type": "Polygon", "coordinates": [ [ [ -75.2567479, 39.698387800000042 ], [ -75.2591451, 39.697934099999955 ], [ -75.2615269, 39.697483900000023 ], [ -75.2603602, 39.699230800000024 ], [ -75.2567479, 39.698387800000042 ] ] ] } },
{ "type": "Feature", "properties": { "state_po": "NJ", "county_geoid": "34015", "pwsid": "NJ0805433", "pws_name": "HOLLY GREEN CAMPGROUND", "population_served_count": 140, "model_method": "", "verification_status": "", "symbology_field": "System Sourced", "intersection_area_sq_km": 0.088394609412475664 }, "geometry": { "type": "Polygon", "coordinates": [ [ [ -75.105218, 39.619150499999975 ], [ -75.101226400000016, 39.616344600000041 ], [ -75.1026424, 39.6151293 ], [ -75.1070724, 39.618130299999983 ], [ -75.105218, 39.619150499999975 ] ] ] } },
{ "type": "Feature", "properties": { "state_po": "NJ", "county_geoid": "34015", "pwsid": "NJ0812001", "pws_name": "NATIONAL PARK WATER DEPARTMENT", "population_served_count": 3144, "model_method": "", "verification_status": "", "symbology_field": "System Sourced", "intersection_area_sq_km": 2.5872239048496102 }, "geometry": { "type": "Polygon", "coordinates": [ [ [ -75.1825615, 39.874045 ], [ -75.1840907, 39.873647 ], [ -75.1773494, 39.870056400000024 ], [ -75.1806993, 39.8692363 ], [ -75.1764127, 39.8673578 ], [ -75.1752279, 39.8686644 ], [ -75.1713553, 39.8687782 ], [ -75.1686782, 39.8623912 ], [ -75.173286500000017, 39.857624399999985 ], [ -75.1787922, 39.858019399999989 ], [ -75.179783, 39.8595393 ], [ -75.1817312, 39.856780199999939 ], [ -75.185981, 39.859203 ], [ -75.1885647, 39.8583928 ], [ -75.1885341, 39.861033400000039 ], [ -75.1924648, 39.860741800000021 ], [ -75.1913047, 39.864299900000013 ], [ -75.193878, 39.863585 ], [ -75.195569700000021, 39.864977099999969 ], [ -75.1890101, 39.872759 ], [ -75.183837700000012, 39.875087600000022 ], [ -75.1825615, 39.874045 ] ] ] } },
{ "type": "Feature", "properties": { "state_po": "NJ", "county_geoid": "34015", "pwsid": "NJ0407001", "pws_name": "BROOKLAWN WATER DEPARTME", "population_served_count": 2300, "model_method": "", "verification_status": "", "symbology_field": "System Sourced", "intersection_area_sq_km": 0.0028549352922371827 }, "geometry": { "type": "MultiPolygon", "coordinates": [ [ [ [ -75.12150941396672, 39.873455784857477 ], [ -75.121937766367481, 39.873667022939948 ], [ -75.121661, 39.8736 ], [ -75.12150941396672, 39.873455784857477 ] ] ], [ [ [ -75.123277936725501, 39.873991554022332 ], [ -75.124857312064933, 39.874148144422328 ], [ -75.124019, 39.874171 ], [ -75.123277936725501, 39.873991554022332 ] ] ], [ [ [ -75.125528870635961, 39.874274542526095 ], [ -75.1266076, 39.874717799999964 ], [ -75.126541932685655, 39.874804599780397 ], [ -75.125528870635961, 39.874274542526095 ] ] ], [ [ [ -75.128093521573874, 39.88000937271309 ], [ -75.129032293771274, 39.879466313944185 ], [ -75.1291571, 39.879534100000029 ], [ -75.128093521573874, 39.88000937271309 ] ] ] ] } },
{ "type": "Feature", "properties": { "state_po": "NJ", "county_geoid": "34011", "pwsid": "NJ0813001", "pws_name": "NEWFIELD WATER DEPARTMENT", "population_served_count": 1616, "model_method": "", "verification_status": "", "symbology_field": "System Sourced", "intersection_area_sq_km": 0.056172634869857373 }, "geometry": { "type": "MultiPolygon", "coordinates": [ [ [ [ -75.0157177, 39.532862899999962 ], [ -75.015255333143926, 39.536036596762088 ], [ -75.0136731, 39.532729 ], [ -75.0157177, 39.532862899999962 ] ] ], [ [ [ -75.034368052281735, 39.549459419519444 ], [ -75.020043103491815, 39.539399219719634 ], [ -75.0343943, 39.549398099999962 ], [ -75.034368052281735, 39.549459419519444 ] ] ] ] } },
{ "type": "Feature", "properties": { "state_po": "NJ", "county_geoid": "34011", "pwsid": "NJ0613004", "pws_name": "UPPER DEERFIELD TWP WATER DEPT", "population_served_count": 3100, "model_method": "", "verification_status": "", "symbology_field": "System Sourced", "intersection_area_sq_km": 22.00180233053009 }, "geometry": { "type": "Polygon", "coordinates": [ [ [ -75.2351253, 39.446441800000017 ], [ -75.2365461, 39.449196499999971 ], [ -75.2416308, 39.452417 ], [ -75.2498457, 39.469681600000015 ], [ -75.24913380000001, 39.472122 ], [ -75.246037, 39.474173299999947 ], [ -75.2311328, 39.476622 ], [ -75.2177328, 39.476922 ], [ -75.2180549, 39.4798824 ], [ -75.2165965, 39.47991229999996 ], [ -75.2206463, 39.48400919999996 ], [ -75.2250225, 39.483691099999987 ], [ -75.22712820000001, 39.496388 ], [ -75.233032799999989, 39.497322 ], [ -75.2232038, 39.506858 ], [ -75.2225168, 39.505981 ], [ -75.2109958, 39.512611 ], [ -75.2043118, 39.51146 ], [ -75.2021405, 39.497794299999981 ], [ -75.1863251, 39.4981761 ], [ -75.1813458, 39.505211 ], [ -75.1797492, 39.5041412 ], [ -75.182062, 39.4904808 ], [ -75.173177, 39.4906997 ], [ -75.172712, 39.4842379 ], [ -75.1942186, 39.480603599999981 ], [ -75.2023268, 39.466148 ], [ -75.2007094, 39.4572408 ], [ -75.2114074, 39.4532684 ], [ -75.2118739, 39.455634200000056 ], [ -75.2176589, 39.456219499999975 ], [ -75.2266404, 39.4530249 ], [ -75.226073, 39.447824199999964 ], [ -75.2274467, 39.446651599999939 ], [ -75.2313253, 39.445368100000024 ], [ -75.2351253, 39.446441800000017 ] ] ] } },
{ "type": "Feature", "properties": { "state_po": "NJ", "county_geoid": "34011", "pwsid": "NJ0607001", "pws_name": "HOPEWELL PLACE SENIOR APTS", "population_served_count": 100, "model_method": "", "verification_status": "", "symbology_field": "System Sourced", "intersection_area_sq_km": 0.038471616587054523 }, "geometry": { "type": "Polygon", "coordinates": [ [ [ -75.271468500000012, 39.438723100000054 ], [ -75.273886, 39.438988300000034 ], [ -75.273635200000015, 39.4406381 ], [ -75.2717702, 39.440491300000019 ], [ -75.271468500000012, 39.438723100000054 ] ] ] } },
{ "type": "Feature", "properties": { "state_po": "NJ", "county_geoid": "34011", "pwsid": "NJ0610002", "pws_name": "COUNTRY MEADOWS RENTS AND SALES MHP LLC", "population_served_count": 250, "model_method": "", "verification_status": "", "symbology_field": "System Sourced", "intersection_area_sq_km": 0.053897361616299169 }, "geometry": { "type": "Polygon", "coordinates": [ [ [ -75.0234277, 39.3604378 ], [ -75.0263042, 39.363285300000015 ], [ -75.0253588, 39.364443400000035 ], [ -75.0235195, 39.3616288 ], [ -75.0234277, 39.3604378 ] ] ] } },
{ "type": "Feature", "properties": { "state_po": "NJ", "county_geoid": "34011", "pwsid": "NJ0605001", "pws_name": "FAIRTON OAKS M H COMMUNITY", "population_served_count": 207, "model_method": "", "verification_status": "", "symbology_field": "System Sourced", "intersection_area_sq_km": 0.090455946770908249 }, "geometry": { "type": "Polygon", "coordinates": [ [ [ -75.2026587, 39.3764978 ], [ -75.200615500000012, 39.377795900000052 ], [ -75.1981365, 39.377408099999968 ], [ -75.1997076, 39.37427540000003 ], [ -75.2020727, 39.3747569 ], [ -75.2026587, 39.3764978 ] ] ] } },
{ "type": "Feature", "properties": { "state_po": "NJ", "county_geoid": "34011", "pwsid": "NJ0605002", "pws_name": "EVERGREEN ESTATES", "population_served_count": 450, "model_method": "", "verification_status": "", "symbology_field": "System Sourced", "intersection_area_sq_km": 0.12694841144770955 }, "geometry": { "type": "Polygon", "coordinates": [ [ [ -75.2034201, 39.42099870000002 ], [ -75.2032796, 39.42396160000002 ], [ -75.1975404, 39.422934500000032 ], [ -75.197407, 39.421306199999982 ], [ -75.2034201, 39.42099870000002 ] ] ] } },
{ "type": "Feature", "properties": { "state_po": "NJ", "county_geoid": "34011", "pwsid": "NJ0614005", "pws_name": "UNITED MOBILE HOMES OF VINELAND", "population_served_count": 1600, "model_method": "", "verification_status": "", "symbology_field": "System Sourced", "intersection_area_sq_km": 0.26084661077880605 }, "geometry": { "type": "Polygon", "coordinates": [ [ [ -74.9929318, 39.418442199999987 ], [ -74.9879794, 39.413840599999986 ], [ -74.9880556, 39.41314040000001 ], [ -74.9920905, 39.4120266 ], [ -74.996183700000017, 39.4148827 ], [ -74.9929318, 39.418442199999987 ] ] ] } },
{ "type": "Feature", "properties": { "state_po": "NJ", "county_geoid": "34011", "pwsid": "NJ0604001", "pws_name": "BAYVIEW WATER SYSTEM", "population_served_count": 771, "model_method": "", "verification_status": "", "symbology_field": "System Sourced", "intersection_area_sq_km": 0.40957901630068144 }, "geometry": { "type": "Polygon", "coordinates": [ [ [ -75.177038600000017, 39.243574900000013 ], [ -75.1735055, 39.242421899999989 ], [ -75.1687052, 39.2437742 ], [ -75.1683473, 39.229109300000026 ], [ -75.171899, 39.23784 ], [ -75.177666373046492, 39.242592729243995 ], [ -75.177038600000017, 39.243574900000013 ] ] ] } },
{ "type": "Feature", "properties": { "state_po": "NJ", "county_geoid": "34011", "pwsid": "NJ0605004", "pws_name": "FAIRTON FEDERAL CORRECTIONAL", "population_served_count": 1841, "model_method": "", "verification_status": "", "symbology_field": "System Sourced", "intersection_area_sq_km": 0.51210661717611727 }, "geometry": { "type": "Polygon", "coordinates": [ [ [ -75.1599004, 39.389710299999983 ], [ -75.1554397, 39.3830526 ], [ -75.161919, 39.38125279999997 ], [ -75.1652761, 39.387223699999986 ], [ -75.162038, 39.3895581 ], [ -75.1599004, 39.389710299999983 ] ] ] } },
{ "type": "Feature", "properties": { "state_po": "NJ", "county_geoid": "34011", "pwsid": "NJ0609001", "pws_name": "NJ STATE PRISON BAYSIDE", "population_served_count": 1679, "model_method": "", "verification_status": "", "symbology_field": "System Sourced", "intersection_area_sq_km": 4.4859041627685583 }, "geometry": { "type": "Polygon", "coordinates": [ [ [ -74.9582297, 39.248135100000013 ], [ -74.948597, 39.2499434 ], [ -74.9460517, 39.244227100000018 ], [ -74.942548, 39.24235050000005 ], [ -74.936563, 39.2426677 ], [ -74.9321633, 39.239187399999977 ], [ -74.9617367, 39.2269366 ], [ -74.9646487, 39.232786699999984 ], [ -74.9721103, 39.232609 ], [ -74.9660827, 39.236366800000013 ], [ -74.969819, 39.2419154 ], [ -74.9677508, 39.243187700000021 ], [ -74.9678685, 39.247155299999982 ], [ -74.9614625, 39.246253199999941 ], [ -74.9582297, 39.248135100000013 ] ] ] } },
{ "type": "Feature", "properties": { "state_po": "NJ", "county_geoid": "34011", "pwsid": "NJ0612001", "pws_name": "BAYSHORE MOBILE HOME PARK", "population_served_count": 81, "model_method": "", "verification_status": "", "symbology_field": "System Sourced", "intersection_area_sq_km": 0.010488584013101919 }, "geometry": { "type": "Polygon", "coordinates": [ [ [ -75.3037405, 39.474036199999972 ], [ -75.300902, 39.474663299999975 ], [ -75.3008836, 39.474297599999971 ], [ -75.3037405, 39.474036199999972 ] ] ] } },
{ "type": "Feature", "properties": { "state_po": "NJ", "county_geoid": "34021", "pwsid": "NJ1106002", "pws_name": "MERCER COUNTY CORRECTIONAL CENTER", "population_served_count": 860, "model_method": "", "verification_status": "", "symbology_field": "System Sourced", "intersection_area_sq_km": 0.53047630051347583 }, "geometry": { "type": "Polygon", "coordinates": [ [ [ -74.924479100000013, 40.329786299999988 ], [ -74.9255755, 40.332689200000026 ], [ -74.9212397, 40.3332 ], [ -74.920201, 40.3306165 ], [ -74.9147529, 40.3310071 ], [ -74.915039100000016, 40.329751899999977 ], [ -74.9124248, 40.3285015 ], [ -74.9165944, 40.323869299999963 ], [ -74.924479100000013, 40.329786299999988 ] ] ] } },
{ "type": "Feature", "properties": { "state_po": "NJ", "county_geoid": "34021", "pwsid": "NJ1107001", "pws_name": "LAWRENCEVILLE SCHOOL", "population_served_count": 1000, "model_method": "", "verification_status": "", "symbology_field": "System Sourced", "intersection_area_sq_km": 1.050377485332882 }, "geometry": { "type": "Polygon", "coordinates": [ [ [ -74.7217264, 40.290021500000016 ], [ -74.729783, 40.2887441 ], [ -74.7336419, 40.2898704 ], [ -74.7341004, 40.291605199999985 ], [ -74.7240269, 40.304174400000051 ], [ -74.7210152, 40.298083899999973 ], [ -74.7239294, 40.293516 ], [ -74.7217264, 40.290021500000016 ] ] ] } },
{ "type": "Feature", "properties": { "state_po": "NJ", "county_geoid": "34021", "pwsid": "NJ1105001", "pws_name": "HOPEWELL BORO W DEPT", "population_served_count": 2035, "model_method": "", "verification_status": "", "symbology_field": "System Sourced", "intersection_area_sq_km": 2.3754553336519284 }, "geometry": { "type": "Polygon", "coordinates": [ [ [ -74.7698563, 40.3996573 ], [ -74.7626767, 40.4005959 ], [ -74.7651791, 40.399572199999959 ], [ -74.763322, 40.3956659 ], [ -74.760884300000015, 40.3969171 ], [ -74.7597045, 40.395675300000029 ], [ -74.7551085, 40.3955976 ], [ -74.7520997, 40.392030800000036 ], [ -74.746813, 40.3914677 ], [ -74.7547384, 40.385475500000013 ], [ -74.7653403, 40.3831397 ], [ -74.7662727, 40.384377500000014 ], [ -74.7729838, 40.381186 ], [ -74.7771579, 40.3869151 ], [ -74.7655146, 40.392655299999973 ], [ -74.7698563, 40.3996573 ] ] ] } },
{ "type": "Feature", "properties": { "state_po": "NJ", "county_geoid": "34021", "pwsid": "NJ1108001", "pws_name": "PENNINGTON W DEPT", "population_served_count": 2600, "model_method": "", "verification_status": "", "symbology_field": "System Sourced", "intersection_area_sq_km": 2.5231610428606568 }, "geometry": { "type": "Polygon", "coordinates": [ [ [ -74.7930928, 40.336986500000023 ], [ -74.7926737, 40.3334055 ], [ -74.7819556, 40.333474100000032 ], [ -74.777275399999979, 40.331530200000017 ], [ -74.7858635, 40.3254088 ], [ -74.7842387, 40.316607099999956 ], [ -74.793621, 40.315187200000018 ], [ -74.7935724, 40.317783600000027 ], [ -74.7973553, 40.317359 ], [ -74.7963525, 40.326942800000019 ], [ -74.8008141, 40.326529299999947 ], [ -74.8007715, 40.33354539999997 ], [ -74.7962044, 40.334077399999934 ], [ -74.796440800000013, 40.336819099999978 ], [ -74.7930928, 40.336986500000023 ] ] ] } },
{ "type": "Feature", "properties": { "state_po": "NJ", "county_geoid": "34021", "pwsid": "NJ1302001", "pws_name": "ALLENTOWN WATER DEPT", "population_served_count": 2000, "model_method": "", "verification_status": "", "symbology_field": "System Sourced", "intersection_area_sq_km": 0.0083475317751769921 }, "geometry": { "type": "MultiPolygon", "coordinates": [ [ [ [ -74.593687161504249, 40.179423732719442 ], [ -74.586808, 40.183768199999967 ], [ -74.5857429, 40.183899599999975 ], [ -74.5836445, 40.184801599999972 ], [ -74.582988679689933, 40.184917985558798 ], [ -74.585741, 40.183891 ], [ -74.5891, 40.181613 ], [ -74.593687161504249, 40.179423732719442 ] ] ], [ [ [ -74.5814902, 40.1851839 ], [ -74.580955, 40.185132 ], [ -74.581864967671493, 40.185117397021585 ], [ -74.5814902, 40.1851839 ] ] ] ] } },
{ "type": "Feature", "properties": { "state_po": "NJ", "county_geoid": "34021", "pwsid": "NJ1106001", "pws_name": "WASHINGTON CROSSING PARK ESTATES", "population_served_count": 356, "model_method": "", "verification_status": "", "symbology_field": "System Sourced", "intersection_area_sq_km": 0.4221379291980219 }, "geometry": { "type": "Polygon", "coordinates": [ [ [ -74.838495, 40.315541299999985 ], [ -74.8377646, 40.310319299999989 ], [ -74.8392165, 40.3089561 ], [ -74.8489845, 40.310539699999985 ], [ -74.8491801, 40.31256029999998 ], [ -74.8426522, 40.313412600000014 ], [ -74.8429329, 40.314439499999935 ], [ -74.838495, 40.315541299999985 ] ] ] } },
{ "type": "Feature", "properties": { "state_po": "NJ", "county_geoid": "34013", "pwsid": "NJ0706001", "pws_name": "ESSEX FELLS WATER DEPT", "population_served_count": 2200, "model_method": "", "verification_status": "", "symbology_field": "System Sourced", "intersection_area_sq_km": 3.6627356952502246 }, "geometry": { "type": "Polygon", "coordinates": [ [ [ -74.2651405, 40.835322399999981 ], [ -74.25943980000001, 40.8347875 ], [ -74.2647424, 40.825055099999986 ], [ -74.2689701, 40.826824300000027 ], [ -74.2763709, 40.8145451 ], [ -74.2801466, 40.8180954 ], [ -74.2849817, 40.817862 ], [ -74.2915057, 40.823835 ], [ -74.2903202, 40.824983 ], [ -74.300225700000013, 40.832492799999969 ], [ -74.2879031, 40.834477299999982 ], [ -74.2851562, 40.833578 ], [ -74.282526800000014, 40.835184900000016 ], [ -74.276744900000011, 40.8310724 ], [ -74.2747674, 40.8323936 ], [ -74.2689313, 40.82976 ], [ -74.2662413, 40.831277 ], [ -74.2651405, 40.835322399999981 ] ] ] } },
{ "type": "Feature", "properties": { "state_po": "NJ", "county_geoid": "34013", "pwsid": "NJ0715002", "pws_name": "NORTH CALDWELL - HILLTOP", "population_served_count": 208, "model_method": "", "verification_status": "", "symbology_field": "System Sourced", "intersection_area_sq_km": 0.74592388653787989 }, "geometry": { "type": "Polygon", "coordinates": [ [ [ -74.2515949, 40.849630799999964 ], [ -74.2600607, 40.834845600000016 ], [ -74.2636093, 40.835180199999968 ], [ -74.2630637, 40.838769699999972 ], [ -74.2658684, 40.84044380000001 ], [ -74.2620028, 40.842470499999976 ], [ -74.2599621, 40.846405700000027 ], [ -74.2585624, 40.847198800000037 ], [ -74.2562884, 40.846107499999945 ], [ -74.2534683, 40.850133100000015 ], [ -74.2515949, 40.849630799999964 ] ] ] } },
{ "type": "Feature", "properties": { "state_po": "NJ", "county_geoid": "34013", "pwsid": "NJ0706002", "pws_name": "ESSEX FELLS WATER HILLTOP SYSTEM", "population_served_count": 354, "model_method": "", "verification_status": "", "symbology_field": "System Sourced", "intersection_area_sq_km": 1.9744654370471824 }, "geometry": { "type": "Polygon", "coordinates": [ [ [ -74.2478059, 40.857313 ], [ -74.2313737, 40.852732 ], [ -74.233504, 40.85012 ], [ -74.2310426, 40.848289799999989 ], [ -74.2329786, 40.84425920000001 ], [ -74.2462614, 40.847999300000033 ], [ -74.2490862, 40.843390400000025 ], [ -74.2518833, 40.843368400000038 ], [ -74.25449, 40.83742289999995 ], [ -74.2600607, 40.834845600000016 ], [ -74.2478059, 40.857313 ] ] ] } },
{ "type": "Feature", "properties": { "state_po": "NJ", "county_geoid": "34003", "pwsid": "NJ0258001", "pws_name": "SADDLE RIVER WATER UTILITY", "population_served_count": 600, "model_method": "", "verification_status": "", "symbology_field": "System Sourced", "intersection_area_sq_km": 8.1734508582371834 }, "geometry": { "type": "Polygon", "coordinates": [ [ [ -74.0811072, 41.0407538 ], [ -74.0765066, 41.0396619 ], [ -74.078967, 41.038876500000015 ], [ -74.0773765, 41.037726800000051 ], [ -74.0793051, 41.03750619999996 ], [ -74.0806392, 41.0349351 ], [ -74.0757441, 41.031828399999952 ], [ -74.081782500000017, 41.031816 ], [ -74.0843713, 41.027953500000038 ], [ -74.0864575, 41.006707499999955 ], [ -74.0772626, 41.0044914 ], [ -74.0916098, 41.005551899999979 ], [ -74.0930111, 41.0100972 ], [ -74.096529, 41.0108837 ], [ -74.0963529, 41.011988100000032 ], [ -74.1024828, 41.011339600000071 ], [ -74.104658500000014, 41.0152639 ], [ -74.1093774, 41.015947 ], [ -74.1088111, 41.018612699999956 ], [ -74.111321800000013, 41.017292599999948 ], [ -74.1207473, 41.0200842 ], [ -74.1200213, 41.024203099999973 ], [ -74.1155611, 41.028666900000033 ], [ -74.1146476, 41.042526199999983 ], [ -74.1113725, 41.0338686 ], [ -74.1038913, 41.03310460000003 ], [ -74.1028624, 41.047400899999985 ], [ -74.100216100000011, 41.046874699999989 ], [ -74.0984393, 41.050073300000022 ], [ -74.0965068, 41.048212600000035 ], [ -74.0976378, 41.043532099999972 ], [ -74.0955088, 41.042078399999973 ], [ -74.0966464, 41.0377383 ], [ -74.0941163, 41.0374035 ], [ -74.0945272, 41.036171499999973 ], [ -74.0979324, 41.036640600000013 ], [ -74.0977146, 41.0353026 ], [ -74.088491100000013, 41.034403699999942 ], [ -74.0878171, 41.032840099999959 ], [ -74.0868073, 41.035997900000019 ], [ -74.0836884, 41.036139499999983 ], [ -74.0811072, 41.0407538 ] ] ] } },
{ "type": "Feature", "properties": { "state_po": "NJ", "county_geoid": "34003", "pwsid": "NJ0236001", "pws_name": "VEOLIA WATER NEW JERSEY MONTVALE PD95", "population_served_count": 654, "model_method": "", "verification_status": "", "symbology_field": "System Sourced", "intersection_area_sq_km": 10.445627645322775 }, "geometry": { "type": "Polygon", "coordinates": [ [ [ -74.071839992739754, 41.072803163781231 ], [ -74.012681500000014, 41.0464734 ], [ -74.0124327, 41.038512200000014 ], [ -74.0288967, 41.0366333 ], [ -74.0370882, 41.0437081 ], [ -74.051296, 41.049287100000015 ], [ -74.0699256, 41.041173699999973 ], [ -74.0724861, 41.0489735 ], [ -74.0797904, 41.048238399999988 ], [ -74.0765687, 41.063713799999988 ], [ -74.071839992739754, 41.072803163781231 ] ] ] } },
{ "type": "Feature", "properties": { "state_po": "NJ", "county_geoid": "34003", "pwsid": "NJ0233005", "pws_name": "BOGERTS RANCH ESTATES IN", "population_served_count": 225, "model_method": "", "verification_status": "", "symbology_field": "System Sourced", "intersection_area_sq_km": 0.060094921771942866 }, "geometry": { "type": "Polygon", "coordinates": [ [ [ -74.1767461, 41.035013299999974 ], [ -74.1777833, 41.033569300000032 ], [ -74.1812221, 41.035210599999949 ], [ -74.179890200000017, 41.03653760000001 ], [ -74.1767461, 41.035013299999974 ] ] ] } },
{ "type": "Feature", "properties": { "state_po": "NJ", "county_geoid": "34027", "pwsid": "NJ1918003", "pws_name": "SPARTA TWP WATER UTILITY -- HIGHLANDS", "population_served_count": 1618, "model_method": "", "verification_status": "", "symbology_field": "System Sourced", "intersection_area_sq_km": 0.0015047159355007877 }, "geometry": { "type": "MultiPolygon", "coordinates": [ [ [ [ -74.5630738, 41.035006 ], [ -74.568159249450687, 41.030705680740759 ], [ -74.563081711734569, 41.035017333718045 ], [ -74.5630738, 41.035006 ] ] ], [ [ [ -74.5578859, 41.039405599999981 ], [ -74.560393899680236, 41.037299433923437 ], [ -74.557895220513288, 41.039420771039367 ], [ -74.5578859, 41.039405599999981 ] ] ] ] } },
{ "type": "Feature", "properties": { "state_po": "NJ", "county_geoid": "34027", "pwsid": "NJ1432001", "pws_name": "MORRIS COUNTY MUA", "population_served_count": 0, "model_method": "", "verification_status": "", "symbology_field": "System Sourced", "intersection_area_sq_km": 0.027209301291826509 }, "geometry": { "type": "Polygon", "coordinates": [ [ [ -74.6208026, 40.832989799999979 ], [ -74.6219499, 40.833574800000058 ], [ -74.6177288, 40.83648569999994 ], [ -74.6208026, 40.832989799999979 ] ] ] } },
{ "type": "Feature", "properties": { "state_po": "NJ", "county_geoid": "34027", "pwsid": "NJ1436006", "pws_name": "ROXBURY TWP W DEPT-EVERGREEN", "population_served_count": 90, "model_method": "", "verification_status": "", "symbology_field": "System Sourced", "intersection_area_sq_km": 0.10623679032168176 }, "geometry": { "type": "Polygon", "coordinates": [ [ [ -74.6096147, 40.9198144 ], [ -74.6053469, 40.916814799999983 ], [ -74.6071018, 40.915948499999963 ], [ -74.610191, 40.917032800000015 ], [ -74.6096147, 40.9198144 ] ] ] } },
{ "type": "Feature", "properties": { "state_po": "NJ", "county_geoid": "34027", "pwsid": "NJ1426004", "pws_name": "VEOLIA WATER NEW JERSEY ARLINGTON HILLS", "population_served_count": 1989, "model_method": "", "verification_status": "", "symbology_field": "System Sourced", "intersection_area_sq_km": 0.16157759873743993 }, "geometry": { "type": "Polygon", "coordinates": [ [ [ -74.638501300000016, 40.901684500000052 ], [ -74.6360058, 40.9010021 ], [ -74.6367017, 40.899176 ], [ -74.6377481, 40.9000847 ], [ -74.6372443, 40.8980678 ], [ -74.644065400000017, 40.895116800000025 ], [ -74.638501300000016, 40.901684500000052 ] ] ] } },
{ "type": "Feature", "properties": { "state_po": "NJ", "county_geoid": "34027", "pwsid": "NJ1427010", "pws_name": "NJ VASA HOME WATER SYS", "population_served_count": 125, "model_method": "", "verification_status": "", "symbology_field": "System Sourced", "intersection_area_sq_km": 0.17631846644457186 }, "geometry": { "type": "Polygon", "coordinates": [ [ [ -74.764064, 40.8531717 ], [ -74.7582059, 40.856668 ], [ -74.756870600000013, 40.855529799999985 ], [ -74.7574055, 40.853504799999989 ], [ -74.7617713, 40.851080200000013 ], [ -74.764064, 40.8531717 ] ] ] } },
{ "type": "Feature", "properties": { "state_po": "NJ", "county_geoid": "34027", "pwsid": "NJ1427012", "pws_name": "MOUNT OLIVE WATER DEPT L", "population_served_count": 57, "model_method": "", "verification_status": "", "symbology_field": "System Sourced", "intersection_area_sq_km": 0.23265201245488631 }, "geometry": { "type": "Polygon", "coordinates": [ [ [ -74.7285781, 40.8669316 ], [ -74.7278865, 40.8627274 ], [ -74.7345151, 40.862336199999959 ], [ -74.7353346, 40.86599140000002 ], [ -74.7285781, 40.8669316 ] ] ] } },
{ "type": "Feature", "properties": { "state_po": "NJ", "county_geoid": "34027", "pwsid": "NJ1427014", "pws_name": "MT OLIVE TWP W D CARLTON", "population_served_count": 267, "model_method": "", "verification_status": "", "symbology_field": "System Sourced", "intersection_area_sq_km": 0.36587083521145186 }, "geometry": { "type": "Polygon", "coordinates": [ [ [ -74.708921, 40.858112099999978 ], [ -74.7072753, 40.8626163 ], [ -74.7047383, 40.861610400000018 ], [ -74.7022162, 40.863113400000032 ], [ -74.7010336, 40.8588059 ], [ -74.7034961, 40.856026400000033 ], [ -74.708921, 40.858112099999978 ] ] ] } },
{ "type": "Feature", "properties": { "state_po": "NJ", "county_geoid": "34027", "pwsid": "NJ1427002", "pws_name": "MOUNT OLIVE W.D. GOLDMINE SYSTEM", "population_served_count": 267, "model_method": "", "verification_status": "", "symbology_field": "System Sourced", "intersection_area_sq_km": 0.39292711506672118 }, "geometry": { "type": "Polygon", "coordinates": [ [ [ -74.7267753, 40.870666799999981 ], [ -74.7204653, 40.870302800000012 ], [ -74.720240100000012, 40.8654964 ], [ -74.7268874, 40.864727099999975 ], [ -74.7287633, 40.868143 ], [ -74.7267753, 40.870666799999981 ] ] ] } },
{ "type": "Feature", "properties": { "state_po": "NJ", "county_geoid": "34027", "pwsid": "NJ1426002", "pws_name": "MOUNT ARLINGTON DPW KADEL SYS", "population_served_count": 1053, "model_method": "", "verification_status": "", "symbology_field": "System Sourced", "intersection_area_sq_km": 0.44552472121881653 }, "geometry": { "type": "Polygon", "coordinates": [ [ [ -74.6388287, 40.926563700000038 ], [ -74.63347730000001, 40.923720300000021 ], [ -74.6371927, 40.9170763 ], [ -74.643638, 40.920520600000017 ], [ -74.6385896, 40.923401699999985 ], [ -74.6409777, 40.9244366 ], [ -74.6388287, 40.926563700000038 ] ] ] } },
{ "type": "Feature", "properties": { "state_po": "NJ", "county_geoid": "34027", "pwsid": "NJ1427008", "pws_name": "MT OLIVE TWP WD PINECREST", "population_served_count": 648, "model_method": "", "verification_status": "", "symbology_field": "System Sourced", "intersection_area_sq_km": 0.49168313120672685 }, "geometry": { "type": "Polygon", "coordinates": [ [ [ -74.7357207, 40.862889299999985 ], [ -74.7412627, 40.8608128 ], [ -74.741432300000014, 40.86241320000002 ], [ -74.7473274, 40.861949700000018 ], [ -74.7488664, 40.863121099999965 ], [ -74.739143500000011, 40.8676191 ], [ -74.7361388, 40.8655259 ], [ -74.7357207, 40.862889299999985 ] ] ] } },
{ "type": "Feature", "properties": { "state_po": "NJ", "county_geoid": "34027", "pwsid": "NJ1427006", "pws_name": "MOUNT OLIVE TWP W D SAND", "population_served_count": 744, "model_method": "", "verification_status": "", "symbology_field": "System Sourced", "intersection_area_sq_km": 0.53979811005848299 }, "geometry": { "type": "Polygon", "coordinates": [ [ [ -74.7536681, 40.8837353 ], [ -74.7569688, 40.876525400000034 ], [ -74.761783, 40.878758 ], [ -74.766546, 40.878642800000044 ], [ -74.762228, 40.882663400000027 ], [ -74.7588107, 40.883192100000016 ], [ -74.7576583, 40.885902800000011 ], [ -74.7536681, 40.8837353 ] ] ] } },
{ "type": "Feature", "properties": { "state_po": "NJ", "county_geoid": "34027", "pwsid": "NJ1904001", "pws_name": "BROOKWOOD MUSCONETCONG RIVER POA", "population_served_count": 1087, "model_method": "", "verification_status": "", "symbology_field": "System Sourced", "intersection_area_sq_km": 0.0014950025854000195 }, "geometry": { "type": "MultiPolygon", "coordinates": [ [ [ [ -74.7222752, 40.914019899999985 ], [ -74.720949, 40.91356 ], [ -74.7203628, 40.91321019999998 ], [ -74.7222752, 40.914019899999985 ] ] ], [ [ [ -74.724683927919145, 40.914924537796104 ], [ -74.7247985, 40.9149267 ], [ -74.724992624716037, 40.915037311489513 ], [ -74.724683927919145, 40.914924537796104 ] ] ], [ [ [ -74.727952317330605, 40.916118496284199 ], [ -74.7285755, 40.916288600000023 ], [ -74.728592828549722, 40.916352463728259 ], [ -74.727952317330605, 40.916118496284199 ] ] ], [ [ [ -74.729841772474373, 40.919143400239413 ], [ -74.730025307153852, 40.919307292298001 ], [ -74.729851, 40.919165 ], [ -74.729841772474373, 40.919143400239413 ] ] ] ] } },
{ "type": "Feature", "properties": { "state_po": "NJ", "county_geoid": "34027", "pwsid": "NJ1427009", "pws_name": "NJ AMERICAN WATER - WEST JERSEY", "population_served_count": 837, "model_method": "", "verification_status": "", "symbology_field": "System Sourced", "intersection_area_sq_km": 1.1239907404291518 }, "geometry": { "type": "Polygon", "coordinates": [ [ [ -74.7688317, 40.875660800000027 ], [ -74.764682600000015, 40.873226 ], [ -74.766594, 40.871523 ], [ -74.7637758, 40.8692239 ], [ -74.7628932, 40.871581699999986 ], [ -74.7592762, 40.870218700000024 ], [ -74.7574939, 40.871417400000034 ], [ -74.7592792, 40.8738293 ], [ -74.7572286, 40.87472140000002 ], [ -74.7558491, 40.8732998 ], [ -74.7568983, 40.869925200000026 ], [ -74.7522682, 40.866753499999987 ], [ -74.7529732, 40.865003199999968 ], [ -74.7585844, 40.862011500000058 ], [ -74.7611342, 40.862520399999987 ], [ -74.767305, 40.869112299999948 ], [ -74.7709061, 40.868871899999988 ], [ -74.7700303, 40.870081100000014 ], [ -74.7725621, 40.872653199999974 ], [ -74.7688317, 40.875660800000027 ] ] ] } },
{ "type": "Feature", "properties": { "state_po": "NJ", "county_geoid": "34027", "pwsid": "NJ1427018", "pws_name": "MORRIS CHASE/MORRIS HUNT PCWS", "population_served_count": 1080, "model_method": "", "verification_status": "", "symbology_field": "System Sourced", "intersection_area_sq_km": 1.4621041474457588 }, "geometry": { "type": "Polygon", "coordinates": [ [ [ -74.7070187, 40.877380799999969 ], [ -74.7048992, 40.8758514 ], [ -74.7052, 40.869157100000017 ], [ -74.707461400000014, 40.870790800000023 ], [ -74.7096831, 40.8672125 ], [ -74.7195336, 40.867695499999989 ], [ -74.7223505, 40.8709644 ], [ -74.7280866, 40.870252399999956 ], [ -74.7285794, 40.8669314 ], [ -74.7344365, 40.866315200000024 ], [ -74.7339649, 40.868345799999972 ], [ -74.7313228, 40.868438100000041 ], [ -74.7344389, 40.869950900000042 ], [ -74.7235075, 40.87455940000001 ], [ -74.7215544, 40.877309100000033 ], [ -74.7193349, 40.876321 ], [ -74.7180785, 40.868256 ], [ -74.7135576, 40.868730699999986 ], [ -74.7151726, 40.876414 ], [ -74.7098799, 40.876857400000034 ], [ -74.7067906, 40.875504199999966 ], [ -74.7070187, 40.877380799999969 ] ] ] } },
{ "type": "Feature", "properties": { "state_po": "NJ", "county_geoid": "34027", "pwsid": "NJ1427015", "pws_name": "MT OLIVE TWP TINC FARM", "population_served_count": 597, "model_method": "", "verification_status": "", "symbology_field": "System Sourced", "intersection_area_sq_km": 2.0836034690360377 }, "geometry": { "type": "Polygon", "coordinates": [ [ [ -74.714815, 40.836914700000051 ], [ -74.7174775, 40.83466819999996 ], [ -74.7202695, 40.837508100000079 ], [ -74.7285914, 40.835855700000025 ], [ -74.7367875, 40.839432500000044 ], [ -74.7366002, 40.845539299999984 ], [ -74.7334522, 40.845808 ], [ -74.7313941, 40.8490975 ], [ -74.7325873, 40.851071099999956 ], [ -74.735892, 40.85134340000004 ], [ -74.7363948, 40.854166800000037 ], [ -74.7331106, 40.854688800000019 ], [ -74.7337901, 40.8558812 ], [ -74.7315345, 40.856082100000023 ], [ -74.7316109, 40.8572625 ], [ -74.7297018, 40.856183199999961 ], [ -74.7271025, 40.8572956 ], [ -74.7266403, 40.8547485 ], [ -74.7316409, 40.8523263 ], [ -74.7279842, 40.851069900000034 ], [ -74.7274048, 40.847721300000025 ], [ -74.7261, 40.849039600000026 ], [ -74.723692, 40.846051600000031 ], [ -74.7214491, 40.847318600000023 ], [ -74.7200935, 40.842855500000027 ], [ -74.7212385, 40.840243300000012 ], [ -74.7199293, 40.839459 ], [ -74.718499, 40.840622899999964 ], [ -74.714815, 40.836914700000051 ] ] ] } },
{ "type": "Feature", "properties": { "state_po": "NJ", "county_geoid": "34027", "pwsid": "NJ1426005", "pws_name": "MOUNT ARLINGTON BORO DPW MAIN", "population_served_count": 1978, "model_method": "", "verification_status": "", "symbology_field": "System Sourced", "intersection_area_sq_km": 4.5164761044378396 }, "geometry": { "type": "Polygon", "coordinates": [ [ [ -74.6237574, 40.941930899999988 ], [ -74.6199412, 40.9312628 ], [ -74.627938, 40.9297056 ], [ -74.6338019, 40.924990900000012 ], [ -74.632198, 40.923595800000015 ], [ -74.6370424, 40.916409200000025 ], [ -74.6343033, 40.9135688 ], [ -74.6376819, 40.910035800000017 ], [ -74.6355565, 40.903606099999983 ], [ -74.6324234, 40.898031600000024 ], [ -74.6299309, 40.898371099999949 ], [ -74.6298983, 40.897278300000039 ], [ -74.633895200000012, 40.896141199999988 ], [ -74.6334742, 40.894660600000059 ], [ -74.656728, 40.89171719999996 ], [ -74.6550081, 40.901721100000046 ], [ -74.6478986, 40.899073900000033 ], [ -74.6334842, 40.9233944 ], [ -74.6344083, 40.925184899999969 ], [ -74.640407, 40.926166 ], [ -74.6409777, 40.9244366 ], [ -74.6385896, 40.923401699999985 ], [ -74.643638, 40.920520600000017 ], [ -74.6462059, 40.9215206 ], [ -74.647647400000011, 40.9251534 ], [ -74.6520599, 40.926897 ], [ -74.6510209, 40.929106400000016 ], [ -74.6445649, 40.924488200000035 ], [ -74.6378252, 40.9293729 ], [ -74.636613400000016, 40.933129199999989 ], [ -74.6303848, 40.933046499999982 ], [ -74.6340387, 40.937272499999978 ], [ -74.6361844, 40.9370558 ], [ -74.6330705, 40.939641799999947 ], [ -74.6237574, 40.941930899999988 ] ], [ [ -74.638501300000016, 40.901684500000052 ], [ -74.644065400000017, 40.895116800000025 ], [ -74.6372443, 40.8980678 ], [ -74.6377481, 40.9000847 ], [ -74.6367017, 40.899176 ], [ -74.6360058, 40.9010021 ], [ -74.638501300000016, 40.901684500000052 ] ] ] } },
{ "type": "Feature", "properties": { "state_po": "NJ", "county_geoid": "34027", "pwsid": "NJ1406002", "pws_name": "WINDY ACRES MOBILE HOME", "population_served_count": 100, "model_method": "", "verification_status": "", "symbology_field": "System Sourced", "intersection_area_sq_km": 0.036599225801384437 }, "geometry": { "type": "Polygon", "coordinates": [ [ [ -74.7033347, 40.780242199999989 ], [ -74.7052361, 40.778970500000014 ], [ -74.7064067, 40.780976200000026 ], [ -74.7045122, 40.7813612 ], [ -74.7033347, 40.780242199999989 ] ] ] } },
{ "type": "Feature", "properties": { "state_po": "NJ", "county_geoid": "34027", "pwsid": "NJ1438006", "pws_name": "SHERWOOD VILLAGE", "population_served_count": 75, "model_method": "", "verification_status": "", "symbology_field": "System Sourced", "intersection_area_sq_km": 0.16917735388374242 }, "geometry": { "type": "Polygon", "coordinates": [ [ [ -74.7448786, 40.788832299999982 ], [ -74.7427901, 40.7852501 ], [ -74.744177, 40.7842063 ], [ -74.7491057, 40.788132799999936 ], [ -74.7448786, 40.788832299999982 ] ] ] } },
{ "type": "Feature", "properties": { "state_po": "NJ", "county_geoid": "34027", "pwsid": "NJ1407001", "pws_name": "AWM FOUR SEASONS AT CHESTER", "population_served_count": 280, "model_method": "", "verification_status": "", "symbology_field": "System Sourced", "intersection_area_sq_km": 0.18929980662800322 }, "geometry": { "type": "Polygon", "coordinates": [ [ [ -74.6957137, 40.777708199999978 ], [ -74.6929533, 40.7732409 ], [ -74.6937905, 40.7721584 ], [ -74.6975774, 40.77399480000004 ], [ -74.6989127, 40.777407800000034 ], [ -74.6957137, 40.777708199999978 ] ] ] } },
{ "type": "Feature", "properties": { "state_po": "NJ", "county_geoid": "34027", "pwsid": "NJ1421305", "pws_name": "SIGNATURE CARE HOME @ MONTVILLE", "population_served_count": 46, "model_method": "", "verification_status": "", "symbology_field": "System Sourced", "intersection_area_sq_km": 0.0028620040097482595 }, "geometry": { "type": "Polygon", "coordinates": [ [ [ -74.3431564, 40.888148599999965 ], [ -74.3425292, 40.8878609 ], [ -74.3432627, 40.887771899999976 ], [ -74.3431564, 40.888148599999965 ] ] ] } },
{ "type": "Feature", "properties": { "state_po": "NJ", "county_geoid": "34027", "pwsid": "NJ1435001", "pws_name": "HOFFMAN HOMES", "population_served_count": 120, "model_method": "", "verification_status": "", "symbology_field": "System Sourced", "intersection_area_sq_km": 0.063347235904021207 }, "geometry": { "type": "Polygon", "coordinates": [ [ [ -74.5368614, 40.905372600000042 ], [ -74.5369738, 40.903537199999967 ], [ -74.5352094, 40.903025600000056 ], [ -74.5383631, 40.901870200000026 ], [ -74.539665, 40.903905399999964 ], [ -74.5368614, 40.905372600000042 ] ] ] } },
{ "type": "Feature", "properties": { "state_po": "NJ", "county_geoid": "34027", "pwsid": "NJ1422001", "pws_name": "SISTERS OF CHARITY OF SE", "population_served_count": 1100, "model_method": "", "verification_status": "", "symbology_field": "System Sourced", "intersection_area_sq_km": 0.19489594394434295 }, "geometry": { "type": "Polygon", "coordinates": [ [ [ -74.4450184, 40.7829948 ], [ -74.4379841, 40.783239599999973 ], [ -74.4406761, 40.777546199999939 ], [ -74.4450184, 40.7829948 ] ] ] } },
{ "type": "Feature", "properties": { "state_po": "NJ", "county_geoid": "34027", "pwsid": "NJ1413001", "pws_name": "LAKESHORE COMPANY", "population_served_count": 270, "model_method": "", "verification_status": "", "symbology_field": "System Sourced", "intersection_area_sq_km": 0.31779996180568904 }, "geometry": { "type": "Polygon", "coordinates": [ [ [ -74.523641, 40.738525699999975 ], [ -74.5270044, 40.741477799999984 ], [ -74.5196065, 40.747185200000025 ], [ -74.5177018, 40.745847500000046 ], [ -74.5191478, 40.743061 ], [ -74.523641, 40.738525699999975 ] ] ] } },
{ "type": "Feature", "properties": { "state_po": "NJ", "county_geoid": "34027", "pwsid": "NJ1416004", "pws_name": "LINCOLN PARK JACKSONVILLE SYST", "population_served_count": 300, "model_method": "", "verification_status": "", "symbology_field": "System Sourced", "intersection_area_sq_km": 0.93622222760104357 }, "geometry": { "type": "Polygon", "coordinates": [ [ [ -74.329859700000014, 40.9526124 ], [ -74.3212709, 40.952801900000033 ], [ -74.3211739, 40.9505647 ], [ -74.3282725, 40.951326300000034 ], [ -74.3312554, 40.949846 ], [ -74.3287302, 40.946435899999962 ], [ -74.3238427, 40.9468245 ], [ -74.3271464, 40.9416037 ], [ -74.3356796, 40.943442100000034 ], [ -74.341217, 40.946389499999988 ], [ -74.329859700000014, 40.9526124 ] ] ] } },
{ "type": "Feature", "properties": { "state_po": "NJ", "county_geoid": "34027", "pwsid": "NJ1414006", "pws_name": "LOZIERS TRAILER PARK", "population_served_count": 50, "model_method": "", "verification_status": "", "symbology_field": "System Sourced", "intersection_area_sq_km": 0.010806234009589272 }, "geometry": { "type": "Polygon", "coordinates": [ [ [ -74.5117694, 41.037238200000019 ], [ -74.5119952, 41.038673400000022 ], [ -74.5110455, 41.038334499999962 ], [ -74.5117694, 41.037238200000019 ] ] ] } },
{ "type": "Feature", "properties": { "state_po": "NJ", "county_geoid": "34027", "pwsid": "NJ1414016", "pws_name": "JEFFERSON TWP W VASSAR ROAD", "population_served_count": 90, "model_method": "", "verification_status": "", "symbology_field": "System Sourced", "intersection_area_sq_km": 0.090571841067416115 }, "geometry": { "type": "Polygon", "coordinates": [ [ [ -74.450124, 41.0468318 ], [ -74.4459903, 41.050390400000026 ], [ -74.4450364, 41.0491242 ], [ -74.4473157, 41.045525399999974 ], [ -74.450124, 41.0468318 ] ] ] } },
{ "type": "Feature", "properties": { "state_po": "NJ", "county_geoid": "34027", "pwsid": "NJ1911002", "pws_name": "LAKE STOCKHOLM INC", "population_served_count": 300, "model_method": "", "verification_status": "", "symbology_field": "System Sourced", "intersection_area_sq_km": 0.10727127059941659 }, "geometry": { "type": "Polygon", "coordinates": [ [ [ -74.5260333, 41.066608800000012 ], [ -74.5241819, 41.0663033 ], [ -74.5241515, 41.063957500000022 ], [ -74.529685570994417, 41.064064214309596 ], [ -74.5260333, 41.066608800000012 ] ] ] } },
{ "type": "Feature", "properties": { "state_po": "NJ", "county_geoid": "34027", "pwsid": "NJ1414008", "pws_name": "OAK RIDGE MOBILE HOME PARK", "population_served_count": 100, "model_method": "", "verification_status": "", "symbology_field": "System Sourced", "intersection_area_sq_km": 0.031407722534332078 }, "geometry": { "type": "Polygon", "coordinates": [ [ [ -74.5210486, 41.027118799999968 ], [ -74.5201077, 41.0284855 ], [ -74.5183215, 41.026851899999969 ], [ -74.5194451, 41.026576500000019 ], [ -74.5210486, 41.027118799999968 ] ] ] } },
{ "type": "Feature", "properties": { "state_po": "NJ", "county_geoid": "34027", "pwsid": "NJ1431002", "pws_name": "PEQUANNOCK TWP WD-CEDAR CREST", "population_served_count": 1463, "model_method": "", "verification_status": "", "symbology_field": "System Sourced", "intersection_area_sq_km": 0.61228064203391308 }, "geometry": { "type": "Polygon", "coordinates": [ [ [ -74.3281287, 40.978347 ], [ -74.3311334, 40.981927399999982 ], [ -74.3314024, 40.988270400000026 ], [ -74.32583910000001, 40.986248700000012 ], [ -74.324856, 40.987454699999986 ], [ -74.3202755, 40.9851573 ], [ -74.3238585, 40.979959100000016 ], [ -74.3281287, 40.978347 ] ] ] } },
{ "type": "Feature", "properties": { "state_po": "NJ", "county_geoid": "34027", "pwsid": "NJ1415002", "pws_name": "KINNELON WATER DEPT", "population_served_count": 1938, "model_method": "", "verification_status": "", "symbology_field": "System Sourced", "intersection_area_sq_km": 1.9909903009918739 }, "geometry": { "type": "MultiPolygon", "coordinates": [ [ [ [ -74.3348944, 40.9890943 ], [ -74.3352935, 40.986248499999974 ], [ -74.3338693, 40.986663 ], [ -74.3326189, 40.9846343 ], [ -74.3362365, 40.9849204 ], [ -74.3373193, 40.983584899999975 ], [ -74.335728800000012, 40.983308800000017 ], [ -74.335305, 40.978068600000029 ], [ -74.333058600000015, 40.977069699999959 ], [ -74.33616, 40.976364 ], [ -74.3392098, 40.978543199999969 ], [ -74.3424778, 40.9773893 ], [ -74.3473395, 40.9783551 ], [ -74.3463498, 40.980553500000013 ], [ -74.3425339, 40.980856900000028 ], [ -74.3451537, 40.981606 ], [ -74.3433947, 40.98541 ], [ -74.338994, 40.9861111 ], [ -74.3364, 40.989958 ], [ -74.3333987, 40.989194700000027 ], [ -74.3348944, 40.9890943 ] ] ], [ [ [ -74.3646566, 41.004268900000035 ], [ -74.366153, 41.005183 ], [ -74.3663747, 41.00354569999994 ], [ -74.359380899999977, 41.003476400000025 ], [ -74.3599214, 41.001425099999963 ], [ -74.3643809, 41.0017446 ], [ -74.364126900000016, 40.998868199999968 ], [ -74.3612811, 40.9998881 ], [ -74.3615637, 40.9948203 ], [ -74.3663717, 40.993249599999984 ], [ -74.3706029, 40.9958626 ], [ -74.3712417, 40.993099500000014 ], [ -74.3778325, 40.994804699999946 ], [ -74.3784445, 40.993841100000019 ], [ -74.3815518, 40.995613500000012 ], [ -74.3802631, 40.998976299999953 ], [ -74.3773324, 40.997556499999973 ], [ -74.3761241, 40.998742199999953 ], [ -74.374643, 40.997289500000022 ], [ -74.370751, 40.997758299999987 ], [ -74.3684192, 40.996207900000023 ], [ -74.3685552, 40.999963399999963 ], [ -74.3716687, 41.000574500000013 ], [ -74.3672916, 41.002638899999965 ], [ -74.3673719, 41.005536099999944 ], [ -74.3646334, 41.008287699999983 ], [ -74.3618926, 41.0062703 ], [ -74.3646566, 41.004268900000035 ] ] ] ] } },
{ "type": "Feature", "properties": { "state_po": "NJ", "county_geoid": "34027", "pwsid": "NJ1433001", "pws_name": "RIVERDALE BORO WATER DEP", "population_served_count": 2850, "model_method": "", "verification_status": "", "symbology_field": "System Sourced", "intersection_area_sq_km": 3.323509582532497 }, "geometry": { "type": "Polygon", "coordinates": [ [ [ -74.2984354, 41.00085 ], [ -74.2936233, 40.988128 ], [ -74.3023369, 40.9882598 ], [ -74.3026976, 40.983156200000025 ], [ -74.3085352, 40.982660299999971 ], [ -74.3088535, 40.989476699999969 ], [ -74.314261, 40.9918653 ], [ -74.3186335, 40.99163 ], [ -74.3237004, 40.98802339999996 ], [ -74.3292649, 40.988512599999986 ], [ -74.328159900000017, 40.994888299999978 ], [ -74.32170856140506, 41.001448465913221 ], [ -74.319378490135904, 41.001797010958278 ], [ -74.3155348, 41.001613899999931 ], [ -74.3097694, 40.998224899999947 ], [ -74.3005706, 40.99859 ], [ -74.3004583, 41.000636900000025 ], [ -74.2984354, 41.00085 ] ] ] } },
{ "type": "Feature", "properties": { "state_po": "NJ", "county_geoid": "34027", "pwsid": "NJ1415001", "pws_name": "FAYSON LAKES WATER COMPANY INC", "population_served_count": 3010, "model_method": "", "verification_status": "", "symbology_field": "System Sourced", "intersection_area_sq_km": 5.9012966599756638 }, "geometry": { "type": "Polygon", "coordinates": [ [ [ -74.3624727, 40.977216399999968 ], [ -74.347267, 40.979773900000033 ], [ -74.3473395, 40.9783551 ], [ -74.3426223, 40.977932 ], [ -74.3402938, 40.975864 ], [ -74.33936, 40.967220399999952 ], [ -74.3522946, 40.962461699999956 ], [ -74.3530002, 40.957249200000014 ], [ -74.3551349, 40.955194 ], [ -74.358116900000013, 40.95490539999998 ], [ -74.3673426, 40.9586052 ], [ -74.37001, 40.96350870000002 ], [ -74.3644085, 40.96560450000004 ], [ -74.366205100000016, 40.970159399999986 ], [ -74.3764375, 40.964391399999947 ], [ -74.3825563, 40.966792 ], [ -74.381087800000032, 40.970626 ], [ -74.3717114, 40.978251500000027 ], [ -74.3624727, 40.977216399999968 ] ] ] } },
{ "type": "Feature", "properties": { "state_po": "NJ", "county_geoid": "34027", "pwsid": "NJ1401002", "pws_name": "BOONTON TWP WATER DEPT", "population_served_count": 305, "model_method": "", "verification_status": "", "symbology_field": "System Sourced", "intersection_area_sq_km": 0.61788766648298343 }, "geometry": { "type": "Polygon", "coordinates": [ [ [ -74.4304245, 40.917766900000025 ], [ -74.4280775, 40.917778400000017 ], [ -74.425413200000023, 40.912318400000025 ], [ -74.4270626, 40.90921129999996 ], [ -74.4255559, 40.9040445 ], [ -74.4280792, 40.9024731 ], [ -74.430477, 40.903625899999973 ], [ -74.4321043, 40.907629400000019 ], [ -74.4285785, 40.908199800000013 ], [ -74.4309277, 40.911141400000012 ], [ -74.430201, 40.912702499999988 ], [ -74.4361869, 40.91626250000003 ], [ -74.433847200000017, 40.917294199999986 ], [ -74.4303695, 40.916214800000027 ], [ -74.4304245, 40.917766900000025 ] ] ] } },
{ "type": "Feature", "properties": { "state_po": "NJ", "county_geoid": "34027", "pwsid": "NJ1438001", "pws_name": "AQUA NJ CLIFFSIDE PARK", "population_served_count": 80, "model_method": "", "verification_status": "", "symbology_field": "System Sourced", "intersection_area_sq_km": 0.2070138237882797 }, "geometry": { "type": "Polygon", "coordinates": [ [ [ -74.8796705, 40.791080599999979 ], [ -74.8793697, 40.786742499999967 ], [ -74.8811376, 40.785374100000013 ], [ -74.8848022, 40.78746560000004 ], [ -74.883544576041714, 40.791318787780718 ], [ -74.8796705, 40.791080599999979 ] ] ] } },
{ "type": "Feature", "properties": { "state_po": "NJ", "county_geoid": "34005", "pwsid": "NJ0435003", "pws_name": "WATERFORD TOWNSHIP WATER DEPT.", "population_served_count": 1184, "model_method": "", "verification_status": "", "symbology_field": "System Sourced", "intersection_area_sq_km": 0.001701366538743409 }, "geometry": { "type": "MultiPolygon", "coordinates": [ [ [ [ -74.891893840567448, 39.782571610553731 ], [ -74.894929, 39.783421 ], [ -74.895082135516688, 39.783719199436035 ], [ -74.8943632, 39.783278200000012 ], [ -74.891893840567448, 39.782571610553731 ] ] ], [ [ [ -74.8981513, 39.7876119 ], [ -74.898223, 39.787582 ], [ -74.898488140200698, 39.788947162781106 ], [ -74.8981513, 39.7876119 ] ] ] ] } },
{ "type": "Feature", "properties": { "state_po": "NJ", "county_geoid": "34005", "pwsid": "NJ0301001", "pws_name": "BUTTONWOOD MOBILE HOME PARK", "population_served_count": 55, "model_method": "", "verification_status": "", "symbology_field": "System Sourced", "intersection_area_sq_km": 0.037311827816297848 }, "geometry": { "type": "Polygon", "coordinates": [ [ [ -74.4739234, 39.626862500000016 ], [ -74.4705701, 39.625178200000036 ], [ -74.4721134, 39.6252365 ], [ -74.4739234, 39.626862500000016 ] ] ] } },
{ "type": "Feature", "properties": { "state_po": "NJ", "county_geoid": "34005", "pwsid": "NJ0332002", "pws_name": "OAKVIEW LEISURE VILLAGE", "population_served_count": 250, "model_method": "", "verification_status": "", "symbology_field": "System Sourced", "intersection_area_sq_km": 0.10382504382129343 }, "geometry": { "type": "Polygon", "coordinates": [ [ [ -74.7853516, 39.8035804 ], [ -74.7876684, 39.807804300000043 ], [ -74.7859907, 39.808775199999971 ], [ -74.7831183, 39.804882200000016 ], [ -74.7853516, 39.8035804 ] ] ] } },
{ "type": "Feature", "properties": { "state_po": "NJ", "county_geoid": "34005", "pwsid": "NJ0332001", "pws_name": "FAWN LAKE VILLAGE", "population_served_count": 300, "model_method": "", "verification_status": "", "symbology_field": "System Sourced", "intersection_area_sq_km": 0.12174613282140341 }, "geometry": { "type": "Polygon", "coordinates": [ [ [ -74.7371788, 39.773565099999985 ], [ -74.7386244, 39.773555199999969 ], [ -74.7383154, 39.778529600000013 ], [ -74.7358636, 39.77828059999996 ], [ -74.7332448, 39.774709900000033 ], [ -74.7368936, 39.776847400000015 ], [ -74.7371788, 39.773565099999985 ] ] ] } },
{ "type": "Feature", "properties": { "state_po": "NJ", "county_geoid": "34005", "pwsid": "NJ0329008", "pws_name": "PINEFIELD APARTMENTS", "population_served_count": 120, "model_method": "", "verification_status": "", "symbology_field": "System Sourced", "intersection_area_sq_km": 0.02553447545267961 }, "geometry": { "type": "Polygon", "coordinates": [ [ [ -74.5904832, 39.950740299999971 ], [ -74.5919071, 39.952895600000033 ], [ -74.590695, 39.952946099999984 ], [ -74.5904832, 39.950740299999971 ] ] ] } },
{ "type": "Feature", "properties": { "state_po": "NJ", "county_geoid": "34005", "pwsid": "NJ0329002", "pws_name": "HILLTOP MOBILE VILLAGE", "population_served_count": 200, "model_method": "", "verification_status": "", "symbology_field": "System Sourced", "intersection_area_sq_km": 0.13122036423503858 }, "geometry": { "type": "Polygon", "coordinates": [ [ [ -74.583954300000016, 39.982886799999982 ], [ -74.5886075, 39.981292700000026 ], [ -74.5901905, 39.9838016 ], [ -74.5855859, 39.985489499999986 ], [ -74.583954300000016, 39.982886799999982 ] ] ] } },
{ "type": "Feature", "properties": { "state_po": "NJ", "county_geoid": "34005", "pwsid": "NJ0326009", "pws_name": "WAGON WHEEL ESTATES", "population_served_count": 86, "model_method": "", "verification_status": "", "symbology_field": "System Sourced", "intersection_area_sq_km": 0.063069527365139544 }, "geometry": { "type": "Polygon", "coordinates": [ [ [ -74.5985482, 40.046238700000025 ], [ -74.5977498, 40.04818359999998 ], [ -74.5937876, 40.0492365 ], [ -74.5930785, 40.048328700000013 ], [ -74.5985482, 40.046238700000025 ] ] ] } },
{ "type": "Feature", "properties": { "state_po": "NJ", "county_geoid": "34005", "pwsid": "NJ0326013", "pws_name": "MILLSTREAM APTS", "population_served_count": 88, "model_method": "", "verification_status": "", "symbology_field": "System Sourced", "intersection_area_sq_km": 0.036829616948953127 }, "geometry": { "type": "MultiPolygon", "coordinates": [ [ [ [ -74.597622, 40.052089899999977 ], [ -74.5947847, 40.050448800000076 ], [ -74.5968521, 40.049949799999965 ], [ -74.597622, 40.052089899999977 ] ] ], [ [ [ -74.598884900000016, 40.053216 ], [ -74.5990934, 40.052064800000039 ], [ -74.5997313, 40.053050900000024 ], [ -74.598884900000016, 40.053216 ] ] ] ] } },
{ "type": "Feature", "properties": { "state_po": "NJ", "county_geoid": "34005", "pwsid": "NJ0340002", "pws_name": "MAPLEWOOD APARTMENTS", "population_served_count": 55, "model_method": "", "verification_status": "", "symbology_field": "System Sourced", "intersection_area_sq_km": 0.0010906005779376612 }, "geometry": { "type": "Polygon", "coordinates": [ [ [ -74.5624884, 40.051266899999987 ], [ -74.561992, 40.050995 ], [ -74.562517, 40.0508188 ], [ -74.5624884, 40.051266899999987 ] ] ] } },
{ "type": "Feature", "properties": { "state_po": "NJ", "county_geoid": "34005", "pwsid": "NJ0307002", "pws_name": "ALBERT C WAGNER YOUTH CO", "population_served_count": 2500, "model_method": "", "verification_status": "", "symbology_field": "System Sourced", "intersection_area_sq_km": 0.55608960087170867 }, "geometry": { "type": "Polygon", "coordinates": [ [ [ -74.677997, 40.156896 ], [ -74.6794485, 40.159744100000012 ], [ -74.676243, 40.163189900000013 ], [ -74.6727926, 40.1621513 ], [ -74.6732328, 40.159391100000036 ], [ -74.6713766, 40.162310700000049 ], [ -74.664462, 40.16210630000004 ], [ -74.6649606, 40.160232499999964 ], [ -74.669651700000017, 40.158152399999977 ], [ -74.6699072, 40.15597870000002 ], [ -74.6738063, 40.15771729999998 ], [ -74.677997, 40.156896 ] ] ] } },
{ "type": "Feature", "properties": { "state_po": "NJ", "county_geoid": "34005", "pwsid": "NJ0339001", "pws_name": "NEW LISBON DEVELOPMENT CTR", "population_served_count": 2014, "model_method": "", "verification_status": "", "symbology_field": "System Sourced", "intersection_area_sq_km": 0.78486101209650005 }, "geometry": { "type": "Polygon", "coordinates": [ [ [ -74.5830358, 39.88254340000001 ], [ -74.5830032, 39.8859159 ], [ -74.5845088, 39.886662499999986 ], [ -74.580186, 39.891797200000013 ], [ -74.5708368, 39.887207800000041 ], [ -74.5755306, 39.882135299999973 ], [ -74.5812056, 39.881465099999986 ], [ -74.5830358, 39.88254340000001 ] ] ] } },
{ "type": "Feature", "properties": { "state_po": "NJ", "county_geoid": "34005", "pwsid": "NJ0320002", "pws_name": "ESTAUGH CORP T/A MEDFORD LEAS", "population_served_count": 450, "model_method": "", "verification_status": "", "symbology_field": "System Sourced", "intersection_area_sq_km": 0.70088079688397042 }, "geometry": { "type": "Polygon", "coordinates": [ [ [ -74.816584600000013, 39.914333799999973 ], [ -74.807116, 39.912713099999962 ], [ -74.809766300000021, 39.912942199999989 ], [ -74.8118151, 39.9111494 ], [ -74.81254, 39.905109299999964 ], [ -74.820147, 39.906628200000064 ], [ -74.8227021, 39.910908799999959 ], [ -74.816584600000013, 39.914333799999973 ] ] ] } },
{ "type": "Feature", "properties": { "state_po": "NJ", "county_geoid": "34005", "pwsid": "NJ0333004", "pws_name": "NJ AMERICAN WATER - VINCENTOWN", "population_served_count": 598, "model_method": "", "verification_status": "", "symbology_field": "System Sourced", "intersection_area_sq_km": 0.5715363414386504 }, "geometry": { "type": "Polygon", "coordinates": [ [ [ -74.7544021, 39.936545900000027 ], [ -74.7591097, 39.937457900000027 ], [ -74.7583141, 39.938313699999981 ], [ -74.7520551, 39.9379175 ], [ -74.7507349, 39.940995 ], [ -74.7492251, 39.940759100000029 ], [ -74.750237, 39.938331399999981 ], [ -74.743263900000017, 39.9367748 ], [ -74.7431684, 39.934861899999945 ], [ -74.7476078, 39.935330800000024 ], [ -74.7480476, 39.9342366 ], [ -74.737383, 39.93015950000003 ], [ -74.7354663, 39.9276354 ], [ -74.7375069, 39.927494500000044 ], [ -74.7387126, 39.929678499999937 ], [ -74.7506687, 39.935016700000013 ], [ -74.7532865, 39.934874400000041 ], [ -74.753678100000016, 39.932755499999978 ], [ -74.7549656, 39.9329235 ], [ -74.7544021, 39.936545900000027 ] ] ] } },
{ "type": "Feature", "properties": { "state_po": "NJ", "county_geoid": "34005", "pwsid": "NJ0335001", "pws_name": "ALLENWOOD ESTATES, LLC", "population_served_count": 135, "model_method": "", "verification_status": "", "symbology_field": "System Sourced", "intersection_area_sq_km": 0.17154449962877444 }, "geometry": { "type": "Polygon", "coordinates": [ [ [ -74.7605501, 39.860012699999956 ], [ -74.7578962, 39.8548366 ], [ -74.7585024, 39.852988700000012 ], [ -74.7605349, 39.853478 ], [ -74.7631032, 39.859773 ], [ -74.7605501, 39.860012699999956 ] ] ] } },
{ "type": "Feature", "properties": { "state_po": "NJ", "county_geoid": "34005", "pwsid": "NJ0329001", "pws_name": "PEMBERTON TWP WATER - NEW LISBON", "population_served_count": 500, "model_method": "", "verification_status": "", "symbology_field": "System Sourced", "intersection_area_sq_km": 3.1912539817428898 }, "geometry": { "type": "Polygon", "coordinates": [ [ [ -74.6491691, 39.980858799999986 ], [ -74.6451411, 39.9803215 ], [ -74.6433539, 39.9761958 ], [ -74.637729, 39.9781075 ], [ -74.6324293, 39.9665312 ], [ -74.6266706, 39.966500399999973 ], [ -74.6266734, 39.968056 ], [ -74.6227354, 39.968060200000011 ], [ -74.6225223, 39.9615605 ], [ -74.6292302, 39.960114300000015 ], [ -74.6285107, 39.9587098 ], [ -74.626051, 39.958636199999972 ], [ -74.6231963, 39.9574188 ], [ -74.6232516, 39.956158799999969 ], [ -74.6257391, 39.958145 ], [ -74.6283212, 39.958175 ], [ -74.6285216, 39.956416899999986 ], [ -74.6295678, 39.959003400000029 ], [ -74.629304800000014, 39.96058469999997 ], [ -74.6328487, 39.963098 ], [ -74.6398658, 39.960373 ], [ -74.6434185, 39.962503200000036 ], [ -74.6487371, 39.9610931 ], [ -74.6552004, 39.9621075 ], [ -74.653424, 39.96639830000003 ], [ -74.6496853, 39.9666778 ], [ -74.6475494, 39.974749599999974 ], [ -74.6493601, 39.975102899999975 ], [ -74.6491691, 39.980858799999986 ] ] ] } },
{ "type": "Feature", "properties": { "state_po": "NJ", "county_geoid": "34005", "pwsid": "NJ0318002", "pws_name": "NJ AMERICAN WATER - HOMESTEAD", "population_served_count": 2420, "model_method": "", "verification_status": "", "symbology_field": "System Sourced", "intersection_area_sq_km": 1.6345682276025362 }, "geometry": { "type": "Polygon", "coordinates": [ [ [ -74.7483536, 40.069636799999977 ], [ -74.747228, 40.074024200000032 ], [ -74.7358451, 40.0717301 ], [ -74.7368694, 40.068800400000022 ], [ -74.7391949, 40.069395 ], [ -74.7406796, 40.0668967 ], [ -74.7373719, 40.0652748 ], [ -74.7418916, 40.0637934 ], [ -74.742095100000014, 40.0603662 ], [ -74.7526884, 40.0603419 ], [ -74.7565323, 40.065453200000015 ], [ -74.7549129, 40.068463699999953 ], [ -74.7483536, 40.069636799999977 ] ] ] } },
{ "type": "Feature", "properties": { "state_po": "NJ", "county_geoid": "34005", "pwsid": "NJ0328001", "pws_name": "PEMBERTON BOROUGH WATER", "population_served_count": 1771, "model_method": "", "verification_status": "", "symbology_field": "System Sourced", "intersection_area_sq_km": 1.5980028070040979 }, "geometry": { "type": "Polygon", "coordinates": [ [ [ -74.6744109, 39.973814199999964 ], [ -74.6773905, 39.9673342 ], [ -74.6804965, 39.969785099999989 ], [ -74.6834868, 39.9699504 ], [ -74.6816774, 39.969316 ], [ -74.6822096, 39.966137400000036 ], [ -74.698377, 39.9668503 ], [ -74.6901113, 39.97643409999997 ], [ -74.679095, 39.9763205 ], [ -74.6744109, 39.973814199999964 ] ] ] } },
{ "type": "Feature", "properties": { "state_po": "NJ", "county_geoid": "34005", "pwsid": "NJ0314001", "pws_name": "FIELDSBORO WATER DEPARTMENT", "population_served_count": 650, "model_method": "", "verification_status": "", "symbology_field": "System Sourced", "intersection_area_sq_km": 1.1039630474384676 }, "geometry": { "type": "Polygon", "coordinates": [ [ [ -74.7303144, 40.14113259999997 ], [ -74.7264784, 40.143620899999988 ], [ -74.7252622, 40.142284099999969 ], [ -74.7289741, 40.140338499999984 ], [ -74.7242424, 40.137534699999989 ], [ -74.7235781, 40.13347840000003 ], [ -74.7264837, 40.1344291 ], [ -74.7283656, 40.13226 ], [ -74.7268228, 40.131114200000027 ], [ -74.729441600000015, 40.1300771 ], [ -74.7324321, 40.13166709999998 ], [ -74.7347359, 40.1312302 ], [ -74.7340786, 40.131986400000031 ], [ -74.7411898, 40.134964699999948 ], [ -74.7316824, 40.14194309999997 ], [ -74.7303144, 40.14113259999997 ] ] ] } },
{ "type": "Feature", "properties": { "state_po": "NJ", "county_geoid": "34005", "pwsid": "NJ0340001", "pws_name": "WRIGHTSTOWN MUA", "population_served_count": 748, "model_method": "", "verification_status": "", "symbology_field": "System Sourced", "intersection_area_sq_km": 1.0268376724971724 }, "geometry": { "type": "Polygon", "coordinates": [ [ [ -74.6277543, 40.039659 ], [ -74.6034231, 40.040706 ], [ -74.6033399, 40.0391513 ], [ -74.605791, 40.038879200000011 ], [ -74.605445, 40.036574199999961 ], [ -74.6126075, 40.036005399999951 ], [ -74.618240700000015, 40.033244099999969 ], [ -74.6198426, 40.033385099999983 ], [ -74.6192072, 40.0358199 ], [ -74.6229098, 40.036429 ], [ -74.63146, 40.0337614 ], [ -74.6277543, 40.039659 ] ] ] } },
{ "type": "Feature", "properties": { "state_po": "NJ", "county_geoid": "34005", "pwsid": "NJ0329006", "pws_name": "NJ AMERICAN WATER - SUNBURY", "population_served_count": 888, "model_method": "", "verification_status": "", "symbology_field": "System Sourced", "intersection_area_sq_km": 0.79356575617148595 }, "geometry": { "type": "Polygon", "coordinates": [ [ [ -74.6766676, 39.9757743 ], [ -74.6710397, 39.9771508 ], [ -74.6636326, 39.9756977 ], [ -74.6637565, 39.968541100000017 ], [ -74.6765021, 39.9706237 ], [ -74.6743114, 39.9740123 ], [ -74.6766676, 39.9757743 ] ] ] } },
{ "type": "Feature", "properties": { "state_po": "NJ", "county_geoid": "34005", "pwsid": "NJ0329009", "pws_name": "PEMBERTON TWP WATER DEPT - PEMBERTON HEI", "population_served_count": 650, "model_method": "", "verification_status": "", "symbology_field": "System Sourced", "intersection_area_sq_km": 0.51895961503242671 }, "geometry": { "type": "Polygon", "coordinates": [ [ [ -74.6788599, 39.97735429999998 ], [ -74.683914, 39.977222600000012 ], [ -74.6826685, 39.979404099999982 ], [ -74.6854384, 39.982392 ], [ -74.6830776, 39.9829267 ], [ -74.6838272, 39.984486399999959 ], [ -74.6795936, 39.9852541 ], [ -74.6744571, 39.9829987 ], [ -74.6788599, 39.97735429999998 ] ] ] } },
{ "type": "Feature", "properties": { "state_po": "NJ", "county_geoid": "34005", "pwsid": "NJ0333002", "pws_name": "MOBILE ESTATES OF SOUTHA", "population_served_count": 700, "model_method": "", "verification_status": "", "symbology_field": "System Sourced", "intersection_area_sq_km": 0.35527815059791346 }, "geometry": { "type": "Polygon", "coordinates": [ [ [ -74.7348369, 39.97605920000003 ], [ -74.7290797, 39.976292600000029 ], [ -74.7296946, 39.973979799999988 ], [ -74.7262343, 39.973805100000021 ], [ -74.7264664, 39.969961299999973 ], [ -74.7297471, 39.969635400000016 ], [ -74.7304595, 39.9716911 ], [ -74.7349521, 39.971822599999975 ], [ -74.7348369, 39.97605920000003 ] ] ] } },
{ "type": "Feature", "properties": { "state_po": "NJ", "county_geoid": "34005", "pwsid": "NJ0333003", "pws_name": "RICHARDS MOBILE HOME COU", "population_served_count": 100, "model_method": "", "verification_status": "", "symbology_field": "System Sourced", "intersection_area_sq_km": 0.066240700622426943 }, "geometry": { "type": "Polygon", "coordinates": [ [ [ -74.7185413, 39.966439 ], [ -74.7164786, 39.968765200000036 ], [ -74.7151607, 39.968710500000029 ], [ -74.7154531, 39.9652909 ], [ -74.7185413, 39.966439 ] ] ] } },
{ "type": "Feature", "properties": { "state_po": "NJ", "county_geoid": "34005", "pwsid": "NJ0311001", "pws_name": "FENIMORE TRAILER PARK", "population_served_count": 88, "model_method": "", "verification_status": "", "symbology_field": "System Sourced", "intersection_area_sq_km": 0.034542684251389705 }, "geometry": { "type": "Polygon", "coordinates": [ [ [ -74.7380609, 39.980131500000013 ], [ -74.7362296, 39.978021599999956 ], [ -74.7384903, 39.978824 ], [ -74.7380609, 39.980131500000013 ] ] ] } },
{ "type": "Feature", "properties": { "state_po": "NJ", "county_geoid": "34005", "pwsid": "NJ0311002", "pws_name": "FENIMORE WOODS MHP", "population_served_count": 40, "model_method": "", "verification_status": "", "symbology_field": "System Sourced", "intersection_area_sq_km": 0.012834159307806351 }, "geometry": { "type": "Polygon", "coordinates": [ [ [ -74.7378849, 39.980667600000018 ], [ -74.736285, 39.9814781 ], [ -74.736107199999978, 39.980592499999986 ], [ -74.7378849, 39.980667600000018 ] ] ] } },
{ "type": "Feature", "properties": { "state_po": "NJ", "county_geoid": "34005", "pwsid": "NJ0329005", "pws_name": "PINEVIEW TERRACE INCORPORATED", "population_served_count": 300, "model_method": "", "verification_status": "", "symbology_field": "System Sourced", "intersection_area_sq_km": 0.18359907151994034 }, "geometry": { "type": "Polygon", "coordinates": [ [ [ -74.558696900000015, 39.952735799999957 ], [ -74.5549285, 39.954336600000019 ], [ -74.5556113, 39.952508699999946 ], [ -74.553913, 39.952036199999974 ], [ -74.5531936, 39.95393 ], [ -74.5513072, 39.952974099999956 ], [ -74.5508453, 39.951700299999963 ], [ -74.5539638, 39.949354299999989 ], [ -74.558696900000015, 39.952735799999957 ] ] ] } },
{ "type": "Feature", "properties": { "state_po": "NJ", "county_geoid": "34005", "pwsid": "NJ0326007", "pws_name": "SOUTHS MOBILE HOME PARK", "population_served_count": 110, "model_method": "", "verification_status": "", "symbology_field": "System Sourced", "intersection_area_sq_km": 0.026899630661883833 }, "geometry": { "type": "Polygon", "coordinates": [ [ [ -74.5537142, 40.0539387 ], [ -74.554275, 40.05563090000004 ], [ -74.5522006, 40.054913599999963 ], [ -74.5537142, 40.0539387 ] ] ] } },
{ "type": "Feature", "properties": { "state_po": "NJ", "county_geoid": "34005", "pwsid": "NJ0326005", "pws_name": "CEDAR GROVE APARTMENTS", "population_served_count": 96, "model_method": "", "verification_status": "", "symbology_field": "System Sourced", "intersection_area_sq_km": 0.022930851068149977 }, "geometry": { "type": "Polygon", "coordinates": [ [ [ -74.5524523, 40.058317600000038 ], [ -74.5533786, 40.0563418 ], [ -74.5542693, 40.05718870000004 ], [ -74.5524523, 40.058317600000038 ] ] ] } },
{ "type": "Feature", "properties": { "state_po": "NJ", "county_geoid": "34005", "pwsid": "NJ0326003", "pws_name": "HANOVER EAST APARTMENTS", "population_served_count": 96, "model_method": "", "verification_status": "", "symbology_field": "System Sourced", "intersection_area_sq_km": 0.020662215608361775 }, "geometry": { "type": "Polygon", "coordinates": [ [ [ -74.5475029, 40.059885600000023 ], [ -74.5482889, 40.061052699999976 ], [ -74.5469934, 40.061852 ], [ -74.5461611, 40.0607208 ], [ -74.5475029, 40.059885600000023 ] ] ] } },
{ "type": "Feature", "properties": { "state_po": "NJ", "county_geoid": "34005", "pwsid": "NJ0326014", "pws_name": "BLUEBERRY ESTATES", "population_served_count": 75, "model_method": "", "verification_status": "", "symbology_field": "System Sourced", "intersection_area_sq_km": 0.011444043862852797 }, "geometry": { "type": "Polygon", "coordinates": [ [ [ -74.55670520000001, 40.054256 ], [ -74.5578251, 40.053564299999962 ], [ -74.5589425, 40.0543423 ], [ -74.558115599999979, 40.054827 ], [ -74.55670520000001, 40.054256 ] ] ] } },
{ "type": "Feature", "properties": { "state_po": "NJ", "county_geoid": "34005", "pwsid": "NJ0326001", "pws_name": "AQUA NJ - CALIFORNIA VILLAGE", "population_served_count": 300, "model_method": "", "verification_status": "", "symbology_field": "System Sourced", "intersection_area_sq_km": 0.2041006965281931 }, "geometry": { "type": "Polygon", "coordinates": [ [ [ -74.5484123, 40.061236600000029 ], [ -74.551717, 40.057969399999983 ], [ -74.55389310000001, 40.0586099 ], [ -74.5518452, 40.06319789999997 ], [ -74.5484123, 40.061236600000029 ] ] ] } },
{ "type": "Feature", "properties": { "state_po": "NJ", "county_geoid": "34005", "pwsid": "NJ0326004", "pws_name": "AQUA NJ - HANOVER MOBILE VILLAGE", "population_served_count": 285, "model_method": "", "verification_status": "", "symbology_field": "System Sourced", "intersection_area_sq_km": 0.20562949221277199 }, "geometry": { "type": "Polygon", "coordinates": [ [ [ -74.5615088, 40.0755062 ], [ -74.5634455, 40.0714053 ], [ -74.5658848, 40.072279 ], [ -74.5654829, 40.076550200000021 ], [ -74.5615088, 40.0755062 ] ] ] } },
{ "type": "Feature", "properties": { "state_po": "NJ", "county_geoid": "34005", "pwsid": "NJ0326008", "pws_name": "AQUA NJ - SPARTAN VILLAGE", "population_served_count": 594, "model_method": "", "verification_status": "", "symbology_field": "System Sourced", "intersection_area_sq_km": 0.37724501204678013 }, "geometry": { "type": "Polygon", "coordinates": [ [ [ -74.606331200000014, 40.0415136 ], [ -74.609102800000016, 40.039612099999978 ], [ -74.613489200000018, 40.039457700000028 ], [ -74.61896560000001, 40.0435807 ], [ -74.6175559, 40.0444088 ], [ -74.6072886, 40.043016099999988 ], [ -74.606331200000014, 40.0415136 ] ] ] } },
{ "type": "Feature", "properties": { "state_po": "NJ", "county_geoid": "34017", "pwsid": "NJ0902001", "pws_name": "EAST NEWARK W DEPT", "population_served_count": 2406, "model_method": "", "verification_status": "", "symbology_field": "System Sourced", "intersection_area_sq_km": 0.29484721109903128 }, "geometry": { "type": "Polygon", "coordinates": [ [ [ -74.1658737, 40.7472451 ], [ -74.1646597, 40.754218099999967 ], [ -74.1575287, 40.751900899999988 ], [ -74.1580982, 40.7491221 ], [ -74.1626, 40.749780199999968 ], [ -74.1628603, 40.748275600000049 ], [ -74.1658737, 40.7472451 ] ] ] } },
{ "type": "Feature", "properties": { "state_po": "NJ", "county_geoid": "34037", "pwsid": "NJ1904007", "pws_name": "COLBY WATER CO", "population_served_count": 65, "model_method": "", "verification_status": "", "symbology_field": "System Sourced", "intersection_area_sq_km": 0.061264580616006169 }, "geometry": { "type": "Polygon", "coordinates": [ [ [ -74.7152868, 40.965576400000025 ], [ -74.7175661, 40.962402600000019 ], [ -74.7184671, 40.961873100000048 ], [ -74.7175215, 40.964986199999984 ], [ -74.7152868, 40.965576400000025 ] ] ] } },
{ "type": "Feature", "properties": { "state_po": "NJ", "county_geoid": "34037", "pwsid": "NJ1901001", "pws_name": "ANDOVER BORO WATER DEPT", "population_served_count": 606, "model_method": "", "verification_status": "", "symbology_field": "System Sourced", "intersection_area_sq_km": 2.6462741833771752 }, "geometry": { "type": "Polygon", "coordinates": [ [ [ -74.7457484, 40.9969131 ], [ -74.7472689, 40.999736899999988 ], [ -74.7426102, 40.9986714 ], [ -74.741932, 40.991748699999988 ], [ -74.7376107, 40.9925187 ], [ -74.7351002, 40.996447200000027 ], [ -74.7307378, 40.995538900000028 ], [ -74.732927, 40.994050199999982 ], [ -74.7369219, 40.980463 ], [ -74.7307478, 40.981259199999954 ], [ -74.7281558, 40.9811161 ], [ -74.728568200000012, 40.979968099999965 ], [ -74.7311955, 40.980906099999984 ], [ -74.7343555, 40.978652900000036 ], [ -74.7372513, 40.9790206 ], [ -74.7325442, 40.976835900000012 ], [ -74.7360924, 40.973044500000015 ], [ -74.7385257, 40.9750063 ], [ -74.7374241, 40.978754499999987 ], [ -74.7406318, 40.977673599999981 ], [ -74.740347, 40.979951 ], [ -74.7513732, 40.979289700000024 ], [ -74.7491807, 40.995654 ], [ -74.7457484, 40.9969131 ] ] ] } },
{ "type": "Feature", "properties": { "state_po": "NJ", "county_geoid": "34037", "pwsid": "NJ1918003", "pws_name": "SPARTA TWP WATER UTILITY -- HIGHLANDS", "population_served_count": 1618, "model_method": "", "verification_status": "", "symbology_field": "System Sourced", "intersection_area_sq_km": 3.02691556456652 }, "geometry": { "type": "MultiPolygon", "coordinates": [ [ [ [ -74.5714774, 41.032772200000053 ], [ -74.5741291, 41.040944300000042 ], [ -74.5722978, 41.040223400000016 ], [ -74.5675366, 41.04116 ], [ -74.5659793, 41.039068599999929 ], [ -74.5646501, 41.0404975 ], [ -74.5664769, 41.041874200000017 ], [ -74.5646535, 41.043738400000038 ], [ -74.562379, 41.0425192 ], [ -74.5516185, 41.0477702 ], [ -74.5507302, 41.045790399999987 ], [ -74.5556585, 41.044069 ], [ -74.5589567, 41.041148500000048 ], [ -74.557895220513288, 41.039420771039367 ], [ -74.568159249450687, 41.030705680740759 ], [ -74.5714774, 41.032772200000053 ] ] ], [ [ [ -74.5574286, 41.0519333 ], [ -74.5596965, 41.050327400000057 ], [ -74.5619885, 41.0547872 ], [ -74.5654456, 41.051422199999983 ], [ -74.5634848, 41.044274300000033 ], [ -74.564810800000018, 41.044554 ], [ -74.5679737, 41.04120319999997 ], [ -74.570145, 41.044735400000043 ], [ -74.5684424, 41.0411034 ], [ -74.5708113, 41.041054799999984 ], [ -74.569921900000026, 41.043055400000036 ], [ -74.5714852, 41.043090800000051 ], [ -74.5724262, 41.0410627 ], [ -74.5748607, 41.042526 ], [ -74.5754826, 41.041080799999961 ], [ -74.5783205, 41.040902799999984 ], [ -74.5778375, 41.0446881 ], [ -74.5835474, 41.0470538 ], [ -74.5801537, 41.052247800000039 ], [ -74.5783775, 41.051178499999985 ], [ -74.574456, 41.052957799999952 ], [ -74.5721228, 41.0509439 ], [ -74.5654232, 41.057462699999981 ], [ -74.559980200000012, 41.05514179999998 ], [ -74.5574286, 41.0519333 ] ] ] ] } },
{ "type": "Feature", "properties": { "state_po": "NJ", "county_geoid": "34037", "pwsid": "NJ1920001", "pws_name": "STILLWATER WATER DISTRICT 1", "population_served_count": 1200, "model_method": "", "verification_status": "", "symbology_field": "System Sourced", "intersection_area_sq_km": 1.4439772264662432 }, "geometry": { "type": "Polygon", "coordinates": [ [ [ -74.8090664, 41.0670345 ], [ -74.8061856, 41.064304200000045 ], [ -74.811486800000011, 41.0625097 ], [ -74.8262041, 41.052803899999944 ], [ -74.8289996, 41.05264780000001 ], [ -74.8313726, 41.048774299999984 ], [ -74.8372617, 41.048637600000049 ], [ -74.8382709, 41.049539500000051 ], [ -74.8345586, 41.0519911 ], [ -74.8360509, 41.052930500000024 ], [ -74.8330126, 41.056650800000021 ], [ -74.830072, 41.0554992 ], [ -74.820843, 41.0629006 ], [ -74.8186305, 41.062486199999974 ], [ -74.8090664, 41.0670345 ] ] ] } },
{ "type": "Feature", "properties": { "state_po": "NJ", "county_geoid": "34037", "pwsid": "NJ1918013", "pws_name": "SPARTA TWP WTR - SUNSET", "population_served_count": 342, "model_method": "", "verification_status": "", "symbology_field": "System Sourced", "intersection_area_sq_km": 0.94228883328410851 }, "geometry": { "type": "Polygon", "coordinates": [ [ [ -74.6195178, 41.027767599999976 ], [ -74.6193912, 41.032474599999951 ], [ -74.6178617, 41.031685 ], [ -74.6166641, 41.0330778 ], [ -74.6133723, 41.030900600000024 ], [ -74.6080547, 41.0325268 ], [ -74.6078326, 41.034128299999978 ], [ -74.6119558, 41.033020199999982 ], [ -74.6089444, 41.035071400000014 ], [ -74.6102039, 41.037814399999981 ], [ -74.6087489, 41.0381017 ], [ -74.6087671, 41.035014599999954 ], [ -74.6044432, 41.034600900000022 ], [ -74.6068352, 41.032230900000044 ], [ -74.6040204, 41.0260374 ], [ -74.6143858, 41.025344500000024 ], [ -74.6195178, 41.027767599999976 ] ] ] } },
{ "type": "Feature", "properties": { "state_po": "NJ", "county_geoid": "34037", "pwsid": "NJ1907001", "pws_name": "GREEN HILLS EST PROP OWN", "population_served_count": 175, "model_method": "", "verification_status": "", "symbology_field": "System Sourced", "intersection_area_sq_km": 0.18457178333831573 }, "geometry": { "type": "Polygon", "coordinates": [ [ [ -74.7674858, 41.062733199999983 ], [ -74.7665864, 41.060721600000029 ], [ -74.772016, 41.0575686 ], [ -74.773225, 41.060274099999972 ], [ -74.7718969, 41.062298099999971 ], [ -74.7674858, 41.062733199999983 ] ] ] } },
{ "type": "Feature", "properties": { "state_po": "NJ", "county_geoid": "34037", "pwsid": "NJ1902346", "pws_name": "SAINT PAULS ABBEY", "population_served_count": 530, "model_method": "", "verification_status": "", "symbology_field": "System Sourced", "intersection_area_sq_km": 0.16618191613784583 }, "geometry": { "type": "Polygon", "coordinates": [ [ [ -74.762817700000014, 41.035643700000044 ], [ -74.7616525, 41.0306937 ], [ -74.7635023, 41.030694799999949 ], [ -74.7637662, 41.0329865 ], [ -74.7672004, 41.0312702 ], [ -74.7669846, 41.034532500000012 ], [ -74.762817700000014, 41.035643700000044 ] ] ] } },
{ "type": "Feature", "properties": { "state_po": "NJ", "county_geoid": "34037", "pwsid": "NJ1902007", "pws_name": "ROLLING HILLS CONDMINIUM ASSOCIATION", "population_served_count": 240, "model_method": "", "verification_status": "", "symbology_field": "System Sourced", "intersection_area_sq_km": 0.1597064427460792 }, "geometry": { "type": "Polygon", "coordinates": [ [ [ -74.7006229, 41.049659699999964 ], [ -74.6979144, 41.051816100000018 ], [ -74.6968307, 41.051036099999962 ], [ -74.7033815, 41.04611280000001 ], [ -74.7057496, 41.0479345 ], [ -74.702187600000016, 41.050763899999978 ], [ -74.7006229, 41.049659699999964 ] ] ] } },
{ "type": "Feature", "properties": { "state_po": "NJ", "county_geoid": "34037", "pwsid": "NJ1902004", "pws_name": "VEOLIA WATER NEW JERSEY ANDOVER", "population_served_count": 115, "model_method": "", "verification_status": "", "symbology_field": "System Sourced", "intersection_area_sq_km": 0.072029433567106588 }, "geometry": { "type": "Polygon", "coordinates": [ [ [ -74.7014691, 41.0387046 ], [ -74.7040899, 41.038392900000019 ], [ -74.7014979, 41.0422161 ], [ -74.700398, 41.041476299999964 ], [ -74.7014691, 41.0387046 ] ] ] } },
{ "type": "Feature", "properties": { "state_po": "NJ", "county_geoid": "34037", "pwsid": "NJ1902008", "pws_name": "LIMECREST SUBACUTE AND REHAB CENTER", "population_served_count": 250, "model_method": "", "verification_status": "", "symbology_field": "System Sourced", "intersection_area_sq_km": 0.039848531291401652 }, "geometry": { "type": "Polygon", "coordinates": [ [ [ -74.6963439, 41.0453367 ], [ -74.6965535, 41.043041600000045 ], [ -74.6984656, 41.045320899999986 ], [ -74.6963439, 41.0453367 ] ] ] } },
{ "type": "Feature", "properties": { "state_po": "NJ", "county_geoid": "34037", "pwsid": "NJ1902005", "pws_name": "ASCOT PARK APTS", "population_served_count": 125, "model_method": "", "verification_status": "", "symbology_field": "System Sourced", "intersection_area_sq_km": 0.038942072756888158 }, "geometry": { "type": "Polygon", "coordinates": [ [ [ -74.7051697, 41.047492099999936 ], [ -74.7038731, 41.046521099999985 ], [ -74.706236600000011, 41.0451963 ], [ -74.7070101, 41.0464241 ], [ -74.7051697, 41.047492099999936 ] ] ] } },
{ "type": "Feature", "properties": { "state_po": "NJ", "county_geoid": "34037", "pwsid": "NJ1904004", "pws_name": "NORTH SHORE WATER ASSOCIATION", "population_served_count": 105, "model_method": "", "verification_status": "", "symbology_field": "System Sourced", "intersection_area_sq_km": 0.037232848643610802 }, "geometry": { "type": "Polygon", "coordinates": [ [ [ -74.7498636, 40.950940299999971 ], [ -74.751691800000017, 40.95003490000002 ], [ -74.7503792, 40.9509387 ], [ -74.7523301, 40.951803300000023 ], [ -74.751317500000013, 40.952934100000022 ], [ -74.7483505, 40.9534891 ], [ -74.75087, 40.951687499999963 ], [ -74.7498636, 40.950940299999971 ] ] ] } },
{ "type": "Feature", "properties": { "state_po": "NJ", "county_geoid": "34037", "pwsid": "NJ1904006", "pws_name": "STRAWBERRY POINT POA", "population_served_count": 95, "model_method": "", "verification_status": "", "symbology_field": "System Sourced", "intersection_area_sq_km": 0.040662881482668708 }, "geometry": { "type": "Polygon", "coordinates": [ [ [ -74.7427276, 40.9467332 ], [ -74.7420758, 40.9489851 ], [ -74.7396772, 40.947733399999983 ], [ -74.7427276, 40.9467332 ] ] ] } },
{ "type": "Feature", "properties": { "state_po": "NJ", "county_geoid": "34037", "pwsid": "NJ1908308", "pws_name": "TRANQUIL VALLEY RETREAT CENTER", "population_served_count": 232, "model_method": "", "verification_status": "", "symbology_field": "System Sourced", "intersection_area_sq_km": 0.13752497704620509 }, "geometry": { "type": "Polygon", "coordinates": [ [ [ -74.792576200000013, 40.9448542 ], [ -74.7943809, 40.946641399999955 ], [ -74.7891083, 40.949438200000024 ], [ -74.7872784, 40.947547899999961 ], [ -74.792576200000013, 40.9448542 ] ] ] } },
{ "type": "Feature", "properties": { "state_po": "NJ", "county_geoid": "34037", "pwsid": "NJ1904002", "pws_name": "VEOLIA WATER NEW JERSEY EAST BROOKWOOD", "population_served_count": 612, "model_method": "", "verification_status": "", "symbology_field": "System Sourced", "intersection_area_sq_km": 0.30014270091948686 }, "geometry": { "type": "Polygon", "coordinates": [ [ [ -74.7056918, 40.930507199999965 ], [ -74.7028466, 40.929930499999969 ], [ -74.7129334, 40.926418500000025 ], [ -74.7169932, 40.9217393 ], [ -74.7185617, 40.925741199999983 ], [ -74.7056918, 40.930507199999965 ] ] ] } },
{ "type": "Feature", "properties": { "state_po": "NJ", "county_geoid": "34037", "pwsid": "NJ1904001", "pws_name": "BROOKWOOD MUSCONETCONG RIVER POA", "population_served_count": 1087, "model_method": "", "verification_status": "", "symbology_field": "System Sourced", "intersection_area_sq_km": 0.83167811847051831 }, "geometry": { "type": "Polygon", "coordinates": [ [ [ -74.7312667, 40.9204158 ], [ -74.7206557, 40.924548499999972 ], [ -74.718691, 40.920239800000012 ], [ -74.7198659, 40.91842510000005 ], [ -74.7168561, 40.915468400000016 ], [ -74.7173994, 40.91280670000004 ], [ -74.7194601, 40.9146238 ], [ -74.720331760691991, 40.913258807602489 ], [ -74.728592828549722, 40.916352463728259 ], [ -74.7312667, 40.9204158 ] ] ] } },
{ "type": "Feature", "properties": { "state_po": "NJ", "county_geoid": "34037", "pwsid": "NJ1902003", "pws_name": "LAKE LENAPE WATER CO", "population_served_count": 1250, "model_method": "", "verification_status": "", "symbology_field": "System Sourced", "intersection_area_sq_km": 1.3157601545703799 }, "geometry": { "type": "Polygon", "coordinates": [ [ [ -74.7333235, 40.998632399999956 ], [ -74.7362779, 40.996961499999969 ], [ -74.7378694, 41.0005684 ], [ -74.7306021, 41.008376 ], [ -74.7214449, 41.011094099999973 ], [ -74.7170928, 41.008570300000024 ], [ -74.7305329, 40.9974728 ], [ -74.7333235, 40.998632399999956 ] ] ] } },
{ "type": "Feature", "properties": { "state_po": "NJ", "county_geoid": "34037", "pwsid": "NJ1904003", "pws_name": "FOREST LAKES W CO", "population_served_count": 1410, "model_method": "", "verification_status": "", "symbology_field": "System Sourced", "intersection_area_sq_km": 1.4611011905345268 }, "geometry": { "type": "Polygon", "coordinates": [ [ [ -74.728568200000012, 40.979968099999965 ], [ -74.7281558, 40.9811161 ], [ -74.7255384, 40.980964799999974 ], [ -74.7185414, 40.976828900000015 ], [ -74.716053300000013, 40.970798400000021 ], [ -74.7275683, 40.967305699999969 ], [ -74.7325288, 40.970202199999981 ], [ -74.7307206, 40.972511400000016 ], [ -74.7331225, 40.974246 ], [ -74.7301248, 40.980589599999988 ], [ -74.728568200000012, 40.979968099999965 ] ] ] } },
{ "type": "Feature", "properties": { "state_po": "NJ", "county_geoid": "34037", "pwsid": "NY3501334", "pws_name": "SOUTH MAPLE ESTATES", "population_served_count": 36, "model_method": "Random Forest", "verification_status": "", "symbology_field": "Modeled", "intersection_area_sq_km": 0.0024801961817956762 }, "geometry": { "type": "Polygon", "coordinates": [ [ [ -74.685331102930604, 41.353016025459269 ], [ -74.6909177, 41.355551399999975 ], [ -74.690906150959407, 41.355579965625026 ], [ -74.685331102930604, 41.353016025459269 ] ] ] } },
{ "type": "Feature", "properties": { "state_po": "NJ", "county_geoid": "34037", "pwsid": "NJ1916001", "pws_name": "OGDENSBURG W DEPT", "population_served_count": 2800, "model_method": "", "verification_status": "", "symbology_field": "System Sourced", "intersection_area_sq_km": 5.8157719599848878 }, "geometry": { "type": "Polygon", "coordinates": [ [ [ -74.6018339, 41.092863100000045 ], [ -74.5770439, 41.078778300000018 ], [ -74.5844155, 41.069785199999963 ], [ -74.596370400000012, 41.065707099999983 ], [ -74.5967282, 41.063240099999966 ], [ -74.6143929, 41.069548699999984 ], [ -74.6075669, 41.086309899999947 ], [ -74.6018339, 41.092863100000045 ] ] ] } },
{ "type": "Feature", "properties": { "state_po": "NJ", "county_geoid": "34037", "pwsid": "NJ1921001", "pws_name": "SUSSEX W DEPT", "population_served_count": 2201, "model_method": "", "verification_status": "", "symbology_field": "System Sourced", "intersection_area_sq_km": 4.75529769127479 }, "geometry": { "type": "Polygon", "coordinates": [ [ [ -74.6405913, 41.2588839 ], [ -74.6540399, 41.276535899999956 ], [ -74.6518847, 41.277132100000053 ], [ -74.6477604, 41.2752321 ], [ -74.6459853, 41.268880299999978 ], [ -74.6418961, 41.2638369 ], [ -74.637947200000013, 41.2646789 ], [ -74.6389185, 41.261701 ], [ -74.6305164, 41.2577695 ], [ -74.6250855, 41.24651489999998 ], [ -74.6230336, 41.2462356 ], [ -74.6241445, 41.2420118 ], [ -74.6196622, 41.238356899999978 ], [ -74.6112382, 41.21908130000002 ], [ -74.6035886, 41.215006599999988 ], [ -74.6017276, 41.216978900000029 ], [ -74.5998603, 41.2148691 ], [ -74.5988227, 41.209624799999979 ], [ -74.6005809, 41.206396699999978 ], [ -74.5977946, 41.20473619999995 ], [ -74.5987197, 41.2000904 ], [ -74.6041302, 41.203886100000013 ], [ -74.6080427, 41.203038 ], [ -74.6086065, 41.205852600000021 ], [ -74.6171773, 41.204295899999977 ], [ -74.6181177, 41.209080700000023 ], [ -74.6142375, 41.214402100000072 ], [ -74.6117726, 41.215172 ], [ -74.6123785, 41.216819200000039 ], [ -74.6263747, 41.238068199999979 ], [ -74.632554500000012, 41.251010899999947 ], [ -74.6377913, 41.257901900000014 ], [ -74.6405913, 41.2588839 ] ] ] } },
{ "type": "Feature", "properties": { "state_po": "NJ", "county_geoid": "34037", "pwsid": "NJ1914002", "pws_name": "MONTAGUE WATER CO.", "population_served_count": 1983, "model_method": "", "verification_status": "", "symbology_field": "System Sourced", "intersection_area_sq_km": 2.5073249454696405 }, "geometry": { "type": "Polygon", "coordinates": [ [ [ -74.7670611, 41.3009738 ], [ -74.7710137, 41.3074445 ], [ -74.7673811, 41.3081594 ], [ -74.7597021, 41.313529699999982 ], [ -74.7505456, 41.312916699999967 ], [ -74.749943, 41.3094421 ], [ -74.7527948, 41.301056200000026 ], [ -74.7620859, 41.292756600000025 ], [ -74.7635006, 41.294255299999975 ], [ -74.7620067, 41.295351099999969 ], [ -74.7695984, 41.299094700000019 ], [ -74.7670611, 41.3009738 ] ] ] } },
{ "type": "Feature", "properties": { "state_po": "NJ", "county_geoid": "34037", "pwsid": "NJ1903001", "pws_name": "BRANCHVILLE W DEPT", "population_served_count": 1500, "model_method": "", "verification_status": "", "symbology_field": "System Sourced", "intersection_area_sq_km": 1.6346032282457335 }, "geometry": { "type": "Polygon", "coordinates": [ [ [ -74.73893, 41.152521699999937 ], [ -74.744669800000011, 41.15026469999998 ], [ -74.7400807, 41.141782300000024 ], [ -74.7415775, 41.141224 ], [ -74.7465142, 41.1410293 ], [ -74.7557927, 41.143491799999943 ], [ -74.7609618, 41.146700700000011 ], [ -74.7583647, 41.150378799999984 ], [ -74.7518698, 41.1513372 ], [ -74.7503816, 41.154889 ], [ -74.747579, 41.150963599999969 ], [ -74.7452816, 41.1539473 ], [ -74.7410648, 41.154012399999985 ], [ -74.73893, 41.152521699999937 ] ] ] } },
{ "type": "Feature", "properties": { "state_po": "NJ", "county_geoid": "34037", "pwsid": "NJ1924002", "pws_name": "SIMMONS W CO", "population_served_count": 180, "model_method": "", "verification_status": "", "symbology_field": "System Sourced", "intersection_area_sq_km": 0.36621021132546766 }, "geometry": { "type": "Polygon", "coordinates": [ [ [ -74.5844431, 41.234822800000018 ], [ -74.5906455, 41.228583 ], [ -74.5933178, 41.2295241 ], [ -74.5913062, 41.237346199999962 ], [ -74.5844431, 41.234822800000018 ] ] ] } },
{ "type": "Feature", "properties": { "state_po": "NJ", "county_geoid": "34037", "pwsid": "NJ1911005", "pws_name": "HARDYSTON TWP MUA", "population_served_count": 769, "model_method": "", "verification_status": "", "symbology_field": "System Sourced", "intersection_area_sq_km": 0.31141689558120339 }, "geometry": { "type": "Polygon", "coordinates": [ [ [ -74.6026515, 41.149276199999981 ], [ -74.598951, 41.1544117 ], [ -74.595595, 41.152559300000036 ], [ -74.5973839, 41.147932300000015 ], [ -74.6013386, 41.146722499999967 ], [ -74.6026515, 41.149276199999981 ] ] ] } },
{ "type": "Feature", "properties": { "state_po": "NJ", "county_geoid": "34037", "pwsid": "NJ1910003", "pws_name": "VEOLIA WATER NEW JERSEY HAMPTON", "population_served_count": 814, "model_method": "", "verification_status": "", "symbology_field": "System Sourced", "intersection_area_sq_km": 0.25540176074438381 }, "geometry": { "type": "Polygon", "coordinates": [ [ [ -74.729957, 41.07301380000002 ], [ -74.7345133, 41.070505199999971 ], [ -74.7343068, 41.072388200000042 ], [ -74.7385494, 41.0717786 ], [ -74.7375349, 41.07555389999996 ], [ -74.7348596, 41.076385499999979 ], [ -74.729957, 41.07301380000002 ] ] ] } },
{ "type": "Feature", "properties": { "state_po": "NJ", "county_geoid": "34037", "pwsid": "NJ1924004", "pws_name": "VEOLIA WATER NEW JERSEYWOODRIDGE ESTATES", "population_served_count": 80, "model_method": "", "verification_status": "", "symbology_field": "System Sourced", "intersection_area_sq_km": 0.24931677196509924 }, "geometry": { "type": "Polygon", "coordinates": [ [ [ -74.6049092, 41.2245445 ], [ -74.6081362, 41.2233591 ], [ -74.609731, 41.227115200000036 ], [ -74.6081889, 41.2290196 ], [ -74.602226700000017, 41.2295263 ], [ -74.605365, 41.226450600000021 ], [ -74.6049092, 41.2245445 ] ] ] } },
{ "type": "Feature", "properties": { "state_po": "NJ", "county_geoid": "34037", "pwsid": "NJ1906001", "pws_name": "HILLSIDE ESTATES AT FRANKLIN", "population_served_count": 300, "model_method": "", "verification_status": "", "symbology_field": "System Sourced", "intersection_area_sq_km": 0.20374525686864098 }, "geometry": { "type": "Polygon", "coordinates": [ [ [ -74.5737227, 41.0977162 ], [ -74.5795569, 41.092269 ], [ -74.581766, 41.093183 ], [ -74.5789844, 41.096853800000019 ], [ -74.5795332, 41.099410500000012 ], [ -74.5737227, 41.0977162 ] ] ] } },
{ "type": "Feature", "properties": { "state_po": "NJ", "county_geoid": "34037", "pwsid": "NJ1910002", "pws_name": "CARRIAGE MOBILE HOMES INC", "population_served_count": 300, "model_method": "", "verification_status": "", "symbology_field": "System Sourced", "intersection_area_sq_km": 0.12102315389491591 }, "geometry": { "type": "Polygon", "coordinates": [ [ [ -74.719865700000014, 41.088269099999984 ], [ -74.7220644, 41.084994700000017 ], [ -74.725537500000016, 41.087434199999976 ], [ -74.7221572, 41.089896299999971 ], [ -74.719865700000014, 41.088269099999984 ] ] ] } },
{ "type": "Feature", "properties": { "state_po": "NJ", "county_geoid": "34037", "pwsid": "NJ1905002", "pws_name": "CULVER LAKE WATER COMPANY", "population_served_count": 40, "model_method": "", "verification_status": "", "symbology_field": "System Sourced", "intersection_area_sq_km": 0.048096081425796133 }, "geometry": { "type": "Polygon", "coordinates": [ [ [ -74.7896674, 41.1659385 ], [ -74.7919058, 41.168001099999934 ], [ -74.7900569, 41.1691565 ], [ -74.7894373, 41.168808 ], [ -74.7896674, 41.1659385 ] ] ] } },
{ "type": "Feature", "properties": { "state_po": "NJ", "county_geoid": "34037", "pwsid": "NJ1924006", "pws_name": "TOWN CENTER AT WANTAGE", "population_served_count": 122, "model_method": "", "verification_status": "", "symbology_field": "System Sourced", "intersection_area_sq_km": 0.040552183066931861 }, "geometry": { "type": "Polygon", "coordinates": [ [ [ -74.5927222, 41.1851118 ], [ -74.5941763, 41.1864521 ], [ -74.594334800000013, 41.1882839 ], [ -74.5923618, 41.18820539999998 ], [ -74.5927222, 41.1851118 ] ] ] } },
{ "type": "Feature", "properties": { "state_po": "NJ", "county_geoid": "34037", "pwsid": "NJ1924003", "pws_name": "REGENCY APARTMENTS LLC", "population_served_count": 300, "model_method": "", "verification_status": "", "symbology_field": "System Sourced", "intersection_area_sq_km": 0.03996386672715084 }, "geometry": { "type": "Polygon", "coordinates": [ [ [ -74.5987173, 41.225378399999954 ], [ -74.5974809, 41.226411299999974 ], [ -74.5955322, 41.22498510000004 ], [ -74.5969509, 41.223729100000064 ], [ -74.5987173, 41.225378399999954 ] ] ] } },
{ "type": "Feature", "properties": { "state_po": "NJ", "county_geoid": "34037", "pwsid": "NJ1905004", "pws_name": "SUSSEX CNTY HLTH-THE HOMESTED", "population_served_count": 100, "model_method": "", "verification_status": "", "symbology_field": "System Sourced", "intersection_area_sq_km": 0.016351175119061256 }, "geometry": { "type": "Polygon", "coordinates": [ [ [ -74.7548174, 41.126109799999988 ], [ -74.756466, 41.125227299999963 ], [ -74.7551079, 41.126730099999961 ], [ -74.7548174, 41.126109799999988 ] ] ] } },
{ "type": "Feature", "properties": { "state_po": "NJ", "county_geoid": "34037", "pwsid": "PA2520085", "pws_name": "PAWC MILFORD LANDING", "population_served_count": 468, "model_method": "", "verification_status": "", "symbology_field": "System Sourced", "intersection_area_sq_km": 0.0004770104248889736 }, "geometry": { "type": "Polygon", "coordinates": [ [ [ -74.716396, 41.349245899999985 ], [ -74.717357802883228, 41.348921297850005 ], [ -74.716218539825391, 41.349412508656762 ], [ -74.716396, 41.349245899999985 ] ] ] } },
{ "type": "Feature", "properties": { "state_po": "NJ", "county_geoid": "34037", "pwsid": "NJ1922015", "pws_name": "VEOLIA WATER NEW JERSEY WALNUT HILLS", "population_served_count": 53, "model_method": "", "verification_status": "", "symbology_field": "System Sourced", "intersection_area_sq_km": 0.035661860499222431 }, "geometry": { "type": "Polygon", "coordinates": [ [ [ -74.4863047, 41.224733600000015 ], [ -74.4852869, 41.225711 ], [ -74.4836085, 41.2255828 ], [ -74.4846941, 41.223474499999952 ], [ -74.4863047, 41.224733600000015 ] ] ] } },
{ "type": "Feature", "properties": { "state_po": "NJ", "county_geoid": "34037", "pwsid": "NJ1922012", "pws_name": "VEOLIA WATER NEW JERSEY LAKE CONWAY", "population_served_count": 80, "model_method": "", "verification_status": "", "symbology_field": "System Sourced", "intersection_area_sq_km": 0.036762232566750659 }, "geometry": { "type": "Polygon", "coordinates": [ [ [ -74.4932955, 41.170531100000048 ], [ -74.4918388, 41.168010399999979 ], [ -74.4939413, 41.167369 ], [ -74.4932955, 41.170531100000048 ] ] ] } },
{ "type": "Feature", "properties": { "state_po": "NJ", "county_geoid": "34037", "pwsid": "NJ1922005", "pws_name": "VEOLIA WATER NJ GRANDVIEW ESTATES", "population_served_count": 59, "model_method": "", "verification_status": "", "symbology_field": "System Sourced", "intersection_area_sq_km": 0.05227124481010087 }, "geometry": { "type": "Polygon", "coordinates": [ [ [ -74.5435557, 41.179122200000016 ], [ -74.5420257, 41.1810565 ], [ -74.5398956, 41.180056399999955 ], [ -74.5403616, 41.178741400000014 ], [ -74.5435557, 41.179122200000016 ] ] ] } },
{ "type": "Feature", "properties": { "state_po": "NJ", "county_geoid": "34037", "pwsid": "NJ1922022", "pws_name": "VEOLIA WATER NEW JERSEY SAMMIS ROAD", "population_served_count": 53, "model_method": "", "verification_status": "", "symbology_field": "System Sourced", "intersection_area_sq_km": 0.055955153271720695 }, "geometry": { "type": "Polygon", "coordinates": [ [ [ -74.492202, 41.225990699999969 ], [ -74.4957781, 41.222818200000034 ], [ -74.4946164, 41.225784800000021 ], [ -74.492202, 41.225990699999969 ] ] ] } },
{ "type": "Feature", "properties": { "state_po": "NJ", "county_geoid": "34037", "pwsid": "NJ1922004", "pws_name": "VEOLIA WATER NEW JERSEY CLIFFWOOD LAKES", "population_served_count": 72, "model_method": "", "verification_status": "", "symbology_field": "System Sourced", "intersection_area_sq_km": 0.055605145285708917 }, "geometry": { "type": "Polygon", "coordinates": [ [ [ -74.4825043, 41.105585799999922 ], [ -74.486032, 41.1073575 ], [ -74.4860357, 41.10770940000004 ], [ -74.4828056, 41.1072918 ], [ -74.4825043, 41.105585799999922 ] ] ] } },
{ "type": "Feature", "properties": { "state_po": "NJ", "county_geoid": "34037", "pwsid": "NJ1922021", "pws_name": "VEOLIA WATER NEW JERSEY PREDMORE ESTATES", "population_served_count": 45, "model_method": "", "verification_status": "", "symbology_field": "System Sourced", "intersection_area_sq_km": 0.068997272921706612 }, "geometry": { "type": "Polygon", "coordinates": [ [ [ -74.5031131, 41.215621700000042 ], [ -74.5068676, 41.2163513 ], [ -74.5053303, 41.2183655 ], [ -74.5036846, 41.217641699999938 ], [ -74.502505, 41.2187955 ], [ -74.5031131, 41.215621700000042 ] ] ] } },
{ "type": "Feature", "properties": { "state_po": "NJ", "county_geoid": "34037", "pwsid": "NJ1922027", "pws_name": "HIDDEN VILLAGE CONDO ASSOCIATION", "population_served_count": 175, "model_method": "", "verification_status": "", "symbology_field": "System Sourced", "intersection_area_sq_km": 0.07489270116824269 }, "geometry": { "type": "Polygon", "coordinates": [ [ [ -74.4809518, 41.177724599999983 ], [ -74.4831834, 41.1780369 ], [ -74.4814723, 41.182495300000014 ], [ -74.4799832, 41.1813159 ], [ -74.4809518, 41.177724599999983 ] ] ] } },
{ "type": "Feature", "properties": { "state_po": "NJ", "county_geoid": "34037", "pwsid": "NJ1922001", "pws_name": "VEOLIA WATER NEW JERSEY BARRY LAKES", "population_served_count": 136, "model_method": "", "verification_status": "", "symbology_field": "System Sourced", "intersection_area_sq_km": 0.10740065441169573 }, "geometry": { "type": "Polygon", "coordinates": [ [ [ -74.4374719, 41.199241099999981 ], [ -74.4391942, 41.193631200000013 ], [ -74.4416878, 41.192876 ], [ -74.4413577, 41.196849599999965 ], [ -74.4374719, 41.199241099999981 ] ] ] } },
{ "type": "Feature", "properties": { "state_po": "NJ", "county_geoid": "34037", "pwsid": "NJ1922013", "pws_name": "VEOLIA WATER NEW JERSEY DAVID CURTIS", "population_served_count": 53, "model_method": "", "verification_status": "", "symbology_field": "System Sourced", "intersection_area_sq_km": 0.16603849401178358 }, "geometry": { "type": "Polygon", "coordinates": [ [ [ -74.492615, 41.179724 ], [ -74.4876013, 41.1862153 ], [ -74.4904062, 41.174302800000021 ], [ -74.4921818, 41.175194699999949 ], [ -74.4900417, 41.178808600000011 ], [ -74.492615, 41.179724 ] ] ] } },
{ "type": "Feature", "properties": { "state_po": "NJ", "county_geoid": "34037", "pwsid": "NJ1922010", "pws_name": "VEOLIA WATER NEW JERSEY LAKE GLENWOOD", "population_served_count": 250, "model_method": "", "verification_status": "", "symbology_field": "System Sourced", "intersection_area_sq_km": 0.16569627870918802 }, "geometry": { "type": "Polygon", "coordinates": [ [ [ -74.5133685, 41.2257116 ], [ -74.5164584, 41.227176800000045 ], [ -74.5138888, 41.232779600000015 ], [ -74.5123119, 41.23196460000004 ], [ -74.5133685, 41.2257116 ] ] ] } },
{ "type": "Feature", "properties": { "state_po": "NJ", "county_geoid": "34037", "pwsid": "NJ1922011", "pws_name": "VEOLIA WATER NEW JERSEY SUNSET RIDGE", "population_served_count": 208, "model_method": "", "verification_status": "", "symbology_field": "System Sourced", "intersection_area_sq_km": 0.18478203005147392 }, "geometry": { "type": "Polygon", "coordinates": [ [ [ -74.4358922, 41.203870400000042 ], [ -74.4336313, 41.208490300000015 ], [ -74.4300368, 41.207304199999989 ], [ -74.4323897, 41.203112399999988 ], [ -74.4358922, 41.203870400000042 ] ] ] } },
{ "type": "Feature", "properties": { "state_po": "NJ", "county_geoid": "34037", "pwsid": "NJ1911002", "pws_name": "LAKE STOCKHOLM INC", "population_served_count": 300, "model_method": "", "verification_status": "", "symbology_field": "System Sourced", "intersection_area_sq_km": 0.085105031775081566 }, "geometry": { "type": "Polygon", "coordinates": [ [ [ -74.5311946, 41.064296299999981 ], [ -74.5296726, 41.067475100000046 ], [ -74.5278217, 41.067570400000051 ], [ -74.526671028892693, 41.066572997442208 ], [ -74.5311946, 41.064296299999981 ] ] ] } },
{ "type": "Feature", "properties": { "state_po": "NJ", "county_geoid": "34037", "pwsid": "NJ1911003", "pws_name": "LAKE TAMARACK W CO", "population_served_count": 1000, "model_method": "", "verification_status": "", "symbology_field": "System Sourced", "intersection_area_sq_km": 0.33003979586984683 }, "geometry": { "type": "Polygon", "coordinates": [ [ [ -74.5336386, 41.099351099999986 ], [ -74.5317389, 41.096211399999952 ], [ -74.5338191, 41.0955744 ], [ -74.5363116, 41.0906962 ], [ -74.5394938, 41.087451499999986 ], [ -74.5434769, 41.088325 ], [ -74.5393135, 41.0908743 ], [ -74.5362494, 41.0954167 ], [ -74.5370147, 41.09757259999995 ], [ -74.535031, 41.097014099999988 ], [ -74.5336386, 41.099351099999986 ] ] ] } },
{ "type": "Feature", "properties": { "state_po": "NJ", "county_geoid": "34037", "pwsid": "NJ1922006", "pws_name": "VEOLIA WATER NEW JERSEY SUSSEX HILLS", "population_served_count": 168, "model_method": "", "verification_status": "", "symbology_field": "System Sourced", "intersection_area_sq_km": 0.35082394262774291 }, "geometry": { "type": "Polygon", "coordinates": [ [ [ -74.5540017, 41.214506899999968 ], [ -74.552672, 41.218326200000071 ], [ -74.5453019, 41.216441399999979 ], [ -74.5466123, 41.213102699999958 ], [ -74.5503516, 41.213220199999988 ], [ -74.552855, 41.211515900000045 ], [ -74.5540017, 41.214506899999968 ] ] ] } },
{ "type": "Feature", "properties": { "state_po": "NJ", "county_geoid": "34037", "pwsid": "NJ1911006", "pws_name": "HARDYSTON TWP MUA", "population_served_count": 1963, "model_method": "", "verification_status": "", "symbology_field": "System Sourced", "intersection_area_sq_km": 0.92725960575749622 }, "geometry": { "type": "Polygon", "coordinates": [ [ [ -74.5469297, 41.159095699999966 ], [ -74.5434467, 41.15855549999997 ], [ -74.544809, 41.153114700000025 ], [ -74.5456263, 41.155966199999988 ], [ -74.5436556, 41.1583294 ], [ -74.5454286, 41.1584968 ], [ -74.549879800000028, 41.154156799999974 ], [ -74.5501183, 41.15593640000003 ], [ -74.554175300000011, 41.154108500000028 ], [ -74.5562614, 41.148107399999937 ], [ -74.5576199, 41.148537299999987 ], [ -74.55678469999998, 41.153353799999962 ], [ -74.5588426, 41.1537007 ], [ -74.5605332, 41.152096400000012 ], [ -74.5649926, 41.1527889 ], [ -74.5649609, 41.1499403 ], [ -74.5684548, 41.148816 ], [ -74.5688713, 41.151435500000019 ], [ -74.5665493, 41.150510799999971 ], [ -74.5676447, 41.1521668 ], [ -74.5651676, 41.153516799999949 ], [ -74.5634959, 41.152919499999975 ], [ -74.562133, 41.157075600000013 ], [ -74.5665524, 41.154236100000034 ], [ -74.5595075, 41.160665 ], [ -74.5591044, 41.159008899999961 ], [ -74.5619279, 41.157065 ], [ -74.5595322, 41.1583857 ], [ -74.5570054, 41.1581656 ], [ -74.5572268, 41.156843899999977 ], [ -74.555955, 41.158426600000041 ], [ -74.5539685, 41.157816700000012 ], [ -74.5518538, 41.161065200000031 ], [ -74.549049700000012, 41.161608899999976 ], [ -74.5538389, 41.155005500000023 ], [ -74.5503056, 41.158368599999974 ], [ -74.5481866, 41.1583841 ], [ -74.5482113, 41.161848200000037 ], [ -74.5469297, 41.159095699999966 ] ], [ [ -74.56216, 41.154289899999974 ], [ -74.5626748, 41.1530431 ], [ -74.5590815, 41.15474339999998 ], [ -74.56216, 41.154289899999974 ] ], [ [ -74.5552858, 41.153941600000017 ], [ -74.5577938, 41.1566129 ], [ -74.5582178, 41.1567845 ], [ -74.5575711, 41.154426699999981 ], [ -74.5552858, 41.153941600000017 ] ] ] } },
{ "type": "Feature", "properties": { "state_po": "NJ", "county_geoid": "34037", "pwsid": "NJ1922017", "pws_name": "VEOLIA WATER NEW JERSEY HIGHLAND LAKES", "population_served_count": 88, "model_method": "", "verification_status": "", "symbology_field": "System Sourced", "intersection_area_sq_km": 3.1649632571528765 }, "geometry": { "type": "Polygon", "coordinates": [ [ [ -74.4645775, 41.1865811 ], [ -74.4547432, 41.181589499999987 ], [ -74.455869400000012, 41.18042370000002 ], [ -74.453246, 41.178902599999965 ], [ -74.4503701, 41.179956299999958 ], [ -74.4468917, 41.176926499999986 ], [ -74.4541013, 41.1657189 ], [ -74.4563503, 41.166049399999977 ], [ -74.4586911, 41.1625741 ], [ -74.4638774, 41.162580600000034 ], [ -74.4577646, 41.170722199999986 ], [ -74.4574471, 41.174949800000022 ], [ -74.460967700000012, 41.1726917 ], [ -74.4596859, 41.179198700000029 ], [ -74.4608919, 41.1815643 ], [ -74.4656116, 41.174776400000027 ], [ -74.4672541, 41.167658699999969 ], [ -74.4685731, 41.1665791 ], [ -74.4739592, 41.1685182 ], [ -74.474481, 41.1764163 ], [ -74.4702539, 41.18487320000002 ], [ -74.4645775, 41.1865811 ] ] ] } },
{ "type": "Feature", "properties": { "state_po": "NJ", "county_geoid": "34037", "pwsid": "NJ1904009", "pws_name": "AQUA NJ - BYRAM", "population_served_count": 400, "model_method": "", "verification_status": "", "symbology_field": "System Sourced", "intersection_area_sq_km": 0.79188120206567458 }, "geometry": { "type": "Polygon", "coordinates": [ [ [ -74.6656166, 40.986992200000067 ], [ -74.668805600000013, 40.98509840000002 ], [ -74.6701502, 40.986049099999967 ], [ -74.6690586, 40.987671400000018 ], [ -74.672508900000011, 40.9870983 ], [ -74.675381, 40.993299 ], [ -74.664433100000011, 40.995589300000034 ], [ -74.6636889, 40.990701599999952 ], [ -74.6665066, 40.988322699999976 ], [ -74.6656166, 40.986992200000067 ] ] ] } },
{ "type": "Feature", "properties": { "state_po": "NJ", "county_geoid": "34037", "pwsid": "NJ1907002", "pws_name": "AQUA NJ - BEAR BROOK", "population_served_count": 226, "model_method": "", "verification_status": "", "symbology_field": "System Sourced", "intersection_area_sq_km": 0.53849958587573055 }, "geometry": { "type": "MultiPolygon", "coordinates": [ [ [ [ -74.8192257, 41.013902 ], [ -74.8230599, 41.0104726 ], [ -74.8249492, 41.010660300000012 ], [ -74.8257623, 41.015120800000027 ], [ -74.8234716, 41.0170434 ], [ -74.8209344, 41.016862299999978 ], [ -74.8192257, 41.013902 ] ] ], [ [ [ -74.826202600000016, 41.019725700000016 ], [ -74.8308004, 41.013826699999946 ], [ -74.8326694, 41.014107199999977 ], [ -74.8328364, 41.016884900000079 ], [ -74.827822, 41.0208995 ], [ -74.826202600000016, 41.019725700000016 ] ] ] ] } },
{ "type": "Feature", "properties": { "state_po": "NJ", "county_geoid": "34037", "pwsid": "NJ1908001", "pws_name": "AQUA NJ - TRANQUILITY SPRINGS", "population_served_count": 599, "model_method": "", "verification_status": "", "symbology_field": "System Sourced", "intersection_area_sq_km": 0.59421374266259452 }, "geometry": { "type": "Polygon", "coordinates": [ [ [ -74.7888973, 40.9837226 ], [ -74.7925305, 40.9823393 ], [ -74.7940489, 40.983265500000023 ], [ -74.7984464, 40.97993240000001 ], [ -74.802709, 40.9815632 ], [ -74.807388, 40.980681 ], [ -74.809221400000013, 40.981702 ], [ -74.8067339, 40.983722399999984 ], [ -74.7976601, 40.9847603 ], [ -74.7967132, 40.986331 ], [ -74.7939808, 40.984278900000049 ], [ -74.7904489, 40.9850427 ], [ -74.7888973, 40.9837226 ] ] ] } },
{ "type": "Feature", "properties": { "state_po": "NJ", "county_geoid": "34037", "pwsid": "NJ1911001", "pws_name": "AQUA NJ - WALLKILL", "population_served_count": 1050, "model_method": "", "verification_status": "", "symbology_field": "System Sourced", "intersection_area_sq_km": 0.93942200026469802 }, "geometry": { "type": "Polygon", "coordinates": [ [ [ -74.5979796, 41.145501199999934 ], [ -74.6025843, 41.138521399999966 ], [ -74.606047, 41.1403355 ], [ -74.6110716, 41.139814300000012 ], [ -74.6131928, 41.141836199999972 ], [ -74.6113048, 41.146305599999984 ], [ -74.6043643, 41.1481069 ], [ -74.5979796, 41.145501199999934 ] ] ] } },
{ "type": "Feature", "properties": { "state_po": "NJ", "county_geoid": "34037", "pwsid": "NJ1911004", "pws_name": "AQUA NJ - SUMMIT LAKE", "population_served_count": 177, "model_method": "", "verification_status": "", "symbology_field": "System Sourced", "intersection_area_sq_km": 0.31361936858161421 }, "geometry": { "type": "Polygon", "coordinates": [ [ [ -74.532654, 41.098399 ], [ -74.5351101, 41.096145799999988 ], [ -74.5387254, 41.098296899999966 ], [ -74.5365672, 41.1034186 ], [ -74.5326236, 41.101656399999953 ], [ -74.532654, 41.098399 ] ] ] } },
{ "type": "Feature", "properties": { "state_po": "NJ", "county_geoid": "34037", "pwsid": "NJ1922008", "pws_name": "AQUA NJ - VERNON", "population_served_count": 515, "model_method": "", "verification_status": "", "symbology_field": "System Sourced", "intersection_area_sq_km": 0.82461836976641023 }, "geometry": { "type": "Polygon", "coordinates": [ [ [ -74.535192, 41.190746600000011 ], [ -74.5377253, 41.186967099999961 ], [ -74.538835600000027, 41.188273099999961 ], [ -74.5440637, 41.184569700000026 ], [ -74.546971, 41.184623 ], [ -74.5477621, 41.1866716 ], [ -74.5446297, 41.189630699999952 ], [ -74.5463776, 41.1920754 ], [ -74.5449243, 41.19453409999997 ], [ -74.5411283, 41.195503099999961 ], [ -74.5375442, 41.194407199999958 ], [ -74.535192, 41.190746600000011 ] ] ] } },
{ "type": "Feature", "properties": { "state_po": "NJ", "county_geoid": "34029", "pwsid": "NJ1533002", "pws_name": "PINEWOOD ESTATES-BRIGHTN", "population_served_count": 1493, "model_method": "", "verification_status": "", "symbology_field": "System Sourced", "intersection_area_sq_km": 0.71456377449412578 }, "geometry": { "type": "Polygon", "coordinates": [ [ [ -74.3172406, 39.759509199999947 ], [ -74.3181301, 39.756949599999942 ], [ -74.3307181, 39.760008 ], [ -74.3270226, 39.765870299999939 ], [ -74.3232827, 39.7671819 ], [ -74.3172406, 39.759509199999947 ] ] ] } },
{ "type": "Feature", "properties": { "state_po": "NJ", "county_geoid": "34029", "pwsid": "NJ1517006", "pws_name": "LONG BEACH TWP HIGH BAR HARBOR", "population_served_count": 1230, "model_method": "", "verification_status": "", "symbology_field": "System Sourced", "intersection_area_sq_km": 0.75295909940191075 }, "geometry": { "type": "Polygon", "coordinates": [ [ [ -74.1271515, 39.754606200000026 ], [ -74.1271361, 39.7574745 ], [ -74.1208022, 39.7575436 ], [ -74.1215444, 39.7595832 ], [ -74.1195334, 39.757882499999965 ], [ -74.1162895, 39.758069499999984 ], [ -74.1152354, 39.753287200000017 ], [ -74.1224304, 39.748573700000016 ], [ -74.1271515, 39.754606200000026 ] ] ] } },
{ "type": "Feature", "properties": { "state_po": "NJ", "county_geoid": "34029", "pwsid": "NJ1517003", "pws_name": "LONG BEACH TWP NORTH BEACH", "population_served_count": 800, "model_method": "", "verification_status": "", "symbology_field": "System Sourced", "intersection_area_sq_km": 0.79487980511354228 }, "geometry": { "type": "Polygon", "coordinates": [ [ [ -74.1623387, 39.6719548 ], [ -74.153030200000018, 39.6811716 ], [ -74.1522106, 39.6846645 ], [ -74.1489635, 39.6865548 ], [ -74.145541987797159, 39.685203182146637 ], [ -74.157483337237096, 39.66961559329112 ], [ -74.1623387, 39.6719548 ] ] ] } },
{ "type": "Feature", "properties": { "state_po": "NJ", "county_geoid": "34029", "pwsid": "NJ1517002", "pws_name": "LONG BEACH TWP WD HOLGAT", "population_served_count": 2000, "model_method": "", "verification_status": "", "symbology_field": "System Sourced", "intersection_area_sq_km": 0.88019744538136746 }, "geometry": { "type": "Polygon", "coordinates": [ [ [ -74.26374340000001, 39.531463599999988 ], [ -74.2677376, 39.5328283 ], [ -74.2634634, 39.536387699999977 ], [ -74.2640652, 39.538662599999945 ], [ -74.2609144, 39.54293060000002 ], [ -74.2589003, 39.542169799999989 ], [ -74.2597218, 39.54496 ], [ -74.2563972, 39.5449531 ], [ -74.2558544, 39.549019 ], [ -74.250623469340979, 39.546759190594912 ], [ -74.26374340000001, 39.531463599999988 ] ] ] } },
{ "type": "Feature", "properties": { "state_po": "NJ", "county_geoid": "34029", "pwsid": "NJ1517004", "pws_name": "LONG BEACH TWP LOVE LADIES SOUTH", "population_served_count": 150, "model_method": "", "verification_status": "", "symbology_field": "System Sourced", "intersection_area_sq_km": 1.0893004170736713 }, "geometry": { "type": "Polygon", "coordinates": [ [ [ -74.1344408, 39.7127847 ], [ -74.1332902, 39.7151778 ], [ -74.1315805, 39.715049099999966 ], [ -74.1297303, 39.720020399999974 ], [ -74.1343456, 39.7209478 ], [ -74.1361558, 39.7260314 ], [ -74.1276457, 39.727898899999964 ], [ -74.122228639676933, 39.726292031087816 ], [ -74.130329007479077, 39.711357940350219 ], [ -74.1344408, 39.7127847 ] ] ] } },
{ "type": "Feature", "properties": { "state_po": "NJ", "county_geoid": "34029", "pwsid": "NJ1517005", "pws_name": "LONG BEACH TWP LOVE LADIES NORTH", "population_served_count": 150, "model_method": "", "verification_status": "", "symbology_field": "System Sourced", "intersection_area_sq_km": 1.2499205199593877 }, "geometry": { "type": "Polygon", "coordinates": [ [ [ -74.1276457, 39.727898899999964 ], [ -74.1361558, 39.7260314 ], [ -74.1337681, 39.732001 ], [ -74.123910900000013, 39.732874899999985 ], [ -74.121859500000014, 39.739688199999989 ], [ -74.123983, 39.740604699999977 ], [ -74.1233849, 39.7416115 ], [ -74.114829466031182, 39.738911381453001 ], [ -74.122228639676933, 39.726292031087816 ], [ -74.1276457, 39.727898899999964 ] ] ] } },
{ "type": "Feature", "properties": { "state_po": "NJ", "county_geoid": "34029", "pwsid": "NJ1508001", "pws_name": "OAKS MHP LLC", "population_served_count": 80, "model_method": "", "verification_status": "", "symbology_field": "System Sourced", "intersection_area_sq_km": 0.048334804210445212 }, "geometry": { "type": "Polygon", "coordinates": [ [ [ -74.2848816, 39.667826399999974 ], [ -74.2807749, 39.667951700000025 ], [ -74.2811053, 39.666351300000024 ], [ -74.2848816, 39.667826399999974 ] ] ] } },
{ "type": "Feature", "properties": { "state_po": "NJ", "county_geoid": "34029", "pwsid": "NJ1530003", "pws_name": "STAFFORD TWP MUA CEDAR B", "population_served_count": 224, "model_method": "", "verification_status": "", "symbology_field": "System Sourced", "intersection_area_sq_km": 0.061380638129384185 }, "geometry": { "type": "Polygon", "coordinates": [ [ [ -74.1895326, 39.654987 ], [ -74.187183, 39.6568667 ], [ -74.1848168, 39.655998199999971 ], [ -74.18778180000001, 39.653936199999976 ], [ -74.1895326, 39.654987 ] ] ] } },
{ "type": "Feature", "properties": { "state_po": "NJ", "county_geoid": "34029", "pwsid": "NJ1511010", "pws_name": "JBMDL - LAKEHURST", "population_served_count": 2903, "model_method": "", "verification_status": "", "symbology_field": "System Sourced", "intersection_area_sq_km": 2.9796654246458418 }, "geometry": { "type": "Polygon", "coordinates": [ [ [ -74.3249234, 40.0412452 ], [ -74.3133492, 40.034901099999949 ], [ -74.3140795, 40.0332667 ], [ -74.3119231, 40.0316765 ], [ -74.3084542, 40.032096300000021 ], [ -74.3082436, 40.025701099999942 ], [ -74.3128421, 40.027345800000013 ], [ -74.317425500000013, 40.024066899999973 ], [ -74.3198916, 40.0246116 ], [ -74.3188792, 40.026622399999951 ], [ -74.3218403, 40.027749800000016 ], [ -74.3305992, 40.026755400000049 ], [ -74.3322124, 40.0242457 ], [ -74.3361362, 40.023015899999976 ], [ -74.3384408, 40.026999900000014 ], [ -74.3365266, 40.030011699999989 ], [ -74.3432559, 40.0326894 ], [ -74.3461775, 40.0310324 ], [ -74.3480391, 40.032193399999954 ], [ -74.3475808, 40.0343205 ], [ -74.3426974, 40.03481630000001 ], [ -74.3429965, 40.0367906 ], [ -74.3394237, 40.0372854 ], [ -74.3368722, 40.031868 ], [ -74.3248816, 40.038038500000013 ], [ -74.3249234, 40.0412452 ] ] ] } },
{ "type": "Feature", "properties": { "state_po": "NJ", "county_geoid": "34029", "pwsid": "NJ1513001", "pws_name": "LAKEHURST WATER DEPT", "population_served_count": 2650, "model_method": "", "verification_status": "", "symbology_field": "System Sourced", "intersection_area_sq_km": 1.6474195487612415 }, "geometry": { "type": "Polygon", "coordinates": [ [ [ -74.3288919, 40.01991349999998 ], [ -74.322495, 40.0188438 ], [ -74.3144029, 40.0146228 ], [ -74.305117, 40.0131902 ], [ -74.3009988, 40.0097443 ], [ -74.3287928, 40.010340099999958 ], [ -74.3304667, 40.010970099999987 ], [ -74.3313562, 40.018060599999984 ], [ -74.3288919, 40.01991349999998 ] ] ] } },
{ "type": "Feature", "properties": { "state_po": "NJ", "county_geoid": "34029", "pwsid": "NJ1523002", "pws_name": "DEEP RUN ADULT VILLAGE", "population_served_count": 400, "model_method": "", "verification_status": "", "symbology_field": "System Sourced", "intersection_area_sq_km": 0.68382132765455261 }, "geometry": { "type": "Polygon", "coordinates": [ [ [ -74.5001053, 40.097805200000025 ], [ -74.5053777, 40.099576500000012 ], [ -74.5069598, 40.103625199999975 ], [ -74.4992485, 40.1086865 ], [ -74.4964802, 40.1073705 ], [ -74.498128100000017, 40.103574799999983 ], [ -74.4967442, 40.101145500000037 ], [ -74.5001053, 40.097805200000025 ] ] ] } },
{ "type": "Feature", "properties": { "state_po": "NJ", "county_geoid": "34029", "pwsid": "NJ1511002", "pws_name": "JACKSON ESTATES MOBILE HOME PK", "population_served_count": 440, "model_method": "", "verification_status": "", "symbology_field": "System Sourced", "intersection_area_sq_km": 0.17120061081398449 }, "geometry": { "type": "Polygon", "coordinates": [ [ [ -74.3550863, 40.070033700000018 ], [ -74.3557286, 40.0657766 ], [ -74.359655, 40.06618619999994 ], [ -74.3599954, 40.070357 ], [ -74.3550863, 40.070033700000018 ] ] ] } },
{ "type": "Feature", "properties": { "state_po": "NJ", "county_geoid": "34029", "pwsid": "NJ1511005", "pws_name": "OAK TREE MOBILE HOME PARK", "population_served_count": 282, "model_method": "", "verification_status": "", "symbology_field": "System Sourced", "intersection_area_sq_km": 0.1712215423953922 }, "geometry": { "type": "Polygon", "coordinates": [ [ [ -74.3702932, 40.149689 ], [ -74.3669417, 40.150150500000017 ], [ -74.3679599, 40.1442702 ], [ -74.3711277, 40.144540600000056 ], [ -74.3702932, 40.149689 ] ] ] } },
{ "type": "Feature", "properties": { "state_po": "NJ", "county_geoid": "34029", "pwsid": "NJ1511008", "pws_name": "SOUTH WIND MOBILE HOME V", "population_served_count": 625, "model_method": "", "verification_status": "", "symbology_field": "System Sourced", "intersection_area_sq_km": 0.14659544122095822 }, "geometry": { "type": "Polygon", "coordinates": [ [ [ -74.3147857, 40.098776199999968 ], [ -74.3119248, 40.1012735 ], [ -74.3079647, 40.0993717 ], [ -74.3118029, 40.096762900000023 ], [ -74.3147857, 40.098776199999968 ] ] ] } },
{ "type": "Feature", "properties": { "state_po": "NJ", "county_geoid": "34029", "pwsid": "NJ1522001", "pws_name": "PINE BEACH WATER DEPT", "population_served_count": 2130, "model_method": "", "verification_status": "", "symbology_field": "System Sourced", "intersection_area_sq_km": 1.6657290862020375 }, "geometry": { "type": "Polygon", "coordinates": [ [ [ -74.1743422, 39.941616500000045 ], [ -74.1661963, 39.940455900000025 ], [ -74.1643235, 39.938384200000016 ], [ -74.1568476, 39.9381245 ], [ -74.159193, 39.931287199999964 ], [ -74.1684475, 39.93343 ], [ -74.1751835, 39.9314527 ], [ -74.1759614, 39.929604 ], [ -74.1825629, 39.934538500000016 ], [ -74.1743422, 39.941616500000045 ] ] ] } },
{ "type": "Feature", "properties": { "state_po": "NJ", "county_geoid": "34029", "pwsid": "NJ1510001", "pws_name": "ISLAND HEIGHTS WATER DEP", "population_served_count": 1750, "model_method": "", "verification_status": "", "symbology_field": "System Sourced", "intersection_area_sq_km": 1.5349067689779727 }, "geometry": { "type": "Polygon", "coordinates": [ [ [ -74.1532508, 39.9520449 ], [ -74.1469873, 39.951138399999955 ], [ -74.1476371, 39.945888100000019 ], [ -74.1390176, 39.9458779 ], [ -74.1345588, 39.9440651 ], [ -74.1334559, 39.942554600000022 ], [ -74.137753300000014, 39.937341099999976 ], [ -74.1554437, 39.942596599999966 ], [ -74.1557321, 39.9474028 ], [ -74.1537212, 39.947798499999983 ], [ -74.1532508, 39.9520449 ] ] ] } },
{ "type": "Feature", "properties": { "state_po": "NJ", "county_geoid": "34029", "pwsid": "NJ1521001", "pws_name": "OCEAN GATE WATER DEPT", "population_served_count": 3200, "model_method": "", "verification_status": "", "symbology_field": "System Sourced", "intersection_area_sq_km": 1.1963238341042028 }, "geometry": { "type": "Polygon", "coordinates": [ [ [ -74.147606400000015, 39.9234925 ], [ -74.1466112, 39.926259 ], [ -74.1427298, 39.928460199999947 ], [ -74.1445644, 39.9291738 ], [ -74.1436235, 39.93025350000002 ], [ -74.131215, 39.927926700000029 ], [ -74.1212578, 39.930813900000032 ], [ -74.122749699999986, 39.9293598 ], [ -74.1213897, 39.9289932 ], [ -74.1240516, 39.928701500000024 ], [ -74.123965, 39.926428699999953 ], [ -74.1221653, 39.925873799999977 ], [ -74.1239115, 39.925330400000078 ], [ -74.1238674, 39.9225391 ], [ -74.1273649, 39.924151799999983 ], [ -74.147606400000015, 39.9234925 ] ] ] } },
{ "type": "Feature", "properties": { "state_po": "NJ", "county_geoid": "34029", "pwsid": "NJ1518002", "pws_name": "CEDAR GLEN LAKES WATER C", "population_served_count": 2126, "model_method": "", "verification_status": "", "symbology_field": "System Sourced", "intersection_area_sq_km": 0.95275727743261773 }, "geometry": { "type": "Polygon", "coordinates": [ [ [ -74.4033283, 39.956287700000011 ], [ -74.3943168, 39.958714900000018 ], [ -74.3909986, 39.957235499999953 ], [ -74.3924452, 39.953118199999984 ], [ -74.394667, 39.9533148 ], [ -74.3961285, 39.948669800000012 ], [ -74.3999547, 39.94939979999991 ], [ -74.3996252, 39.947907 ], [ -74.4053661, 39.947852899999965 ], [ -74.4069566, 39.9527637 ], [ -74.4027711, 39.953380799999941 ], [ -74.4033283, 39.956287700000011 ] ] ] } },
{ "type": "Feature", "properties": { "state_po": "NJ", "county_geoid": "34029", "pwsid": "NJ1511016", "pws_name": "MEADOWBROOK CO-OP INC", "population_served_count": 150, "model_method": "", "verification_status": "", "symbology_field": "System Sourced", "intersection_area_sq_km": 0.096325931043625537 }, "geometry": { "type": "Polygon", "coordinates": [ [ [ -74.3221186, 40.0979873 ], [ -74.3238161, 40.099356699999987 ], [ -74.3205518, 40.102491099999959 ], [ -74.3189988, 40.100672599999982 ], [ -74.3221186, 40.0979873 ] ] ] } },
{ "type": "Feature", "properties": { "state_po": "NJ", "county_geoid": "34029", "pwsid": "NJ1511004", "pws_name": "MAPLE GLEN MOBILE HOME PARK", "population_served_count": 120, "model_method": "", "verification_status": "", "symbology_field": "System Sourced", "intersection_area_sq_km": 0.061139842212701044 }, "geometry": { "type": "Polygon", "coordinates": [ [ [ -74.3467812, 40.075398099999951 ], [ -74.3481632, 40.073419499999979 ], [ -74.3500453, 40.0735162 ], [ -74.3499463, 40.075429600000021 ], [ -74.3467812, 40.075398099999951 ] ] ] } },
{ "type": "Feature", "properties": { "state_po": "NJ", "county_geoid": "34029", "pwsid": "NJ1518010", "pws_name": "MANCHESTER VILLAGE", "population_served_count": 208, "model_method": "", "verification_status": "", "symbology_field": "System Sourced", "intersection_area_sq_km": 0.043969209352621545 }, "geometry": { "type": "Polygon", "coordinates": [ [ [ -74.3730054, 39.997793699999981 ], [ -74.3744456, 40.000427100000017 ], [ -74.3725108, 40.000720200000018 ], [ -74.3719381, 39.9983633 ], [ -74.3730054, 39.997793699999981 ] ] ] } },
{ "type": "Feature", "properties": { "state_po": "NJ", "county_geoid": "34029", "pwsid": "NJ1523004", "pws_name": "OAK GROVE MHP", "population_served_count": 100, "model_method": "", "verification_status": "", "symbology_field": "System Sourced", "intersection_area_sq_km": 0.042946403950080085 }, "geometry": { "type": "Polygon", "coordinates": [ [ [ -74.4916777, 40.084094800000038 ], [ -74.4903582, 40.082289 ], [ -74.4922037, 40.081675499999982 ], [ -74.4930867, 40.083676099999984 ], [ -74.4916777, 40.084094800000038 ] ] ] } },
{ "type": "Feature", "properties": { "state_po": "NJ", "county_geoid": "34029", "pwsid": "NJ1523001", "pws_name": "COLLIER MILLS MOBILE HOME PARK INC", "population_served_count": 100, "model_method": "", "verification_status": "", "symbology_field": "System Sourced", "intersection_area_sq_km": 0.041013708114517947 }, "geometry": { "type": "Polygon", "coordinates": [ [ [ -74.4573838, 40.0622202 ], [ -74.4558908, 40.060775500000048 ], [ -74.4579696, 40.059912199999971 ], [ -74.4594868, 40.061388699999988 ], [ -74.4573838, 40.0622202 ] ] ] } },
{ "type": "Feature", "properties": { "state_po": "NJ", "county_geoid": "34029", "pwsid": "NJ1511011", "pws_name": "ALL SEASONS MOBILE HOME PARK", "population_served_count": 126, "model_method": "", "verification_status": "", "symbology_field": "System Sourced", "intersection_area_sq_km": 0.039661660263110188 }, "geometry": { "type": "Polygon", "coordinates": [ [ [ -74.3189207, 40.0467562 ], [ -74.3173662, 40.046045099999958 ], [ -74.3186211, 40.0443172 ], [ -74.3206015, 40.044441600000013 ], [ -74.3189207, 40.0467562 ] ] ] } },
{ "type": "Feature", "properties": { "state_po": "NJ", "county_geoid": "34029", "pwsid": "NJ1511007", "pws_name": "SILVER PINE PARK LAND LLC", "population_served_count": 92, "model_method": "", "verification_status": "", "symbology_field": "System Sourced", "intersection_area_sq_km": 0.032236664261326015 }, "geometry": { "type": "Polygon", "coordinates": [ [ [ -74.3214669, 40.044691199999988 ], [ -74.322802, 40.045271100000022 ], [ -74.321042, 40.047695200000021 ], [ -74.3204103, 40.046159100000018 ], [ -74.3214669, 40.044691199999988 ] ] ] } },
{ "type": "Feature", "properties": { "state_po": "NJ", "county_geoid": "34029", "pwsid": "NJ1511003", "pws_name": "LAND O PINES MOBILE HOME PARK, INC", "population_served_count": 128, "model_method": "", "verification_status": "", "symbology_field": "System Sourced", "intersection_area_sq_km": 0.029418857076772661 }, "geometry": { "type": "Polygon", "coordinates": [ [ [ -74.3572786, 40.148301400000015 ], [ -74.355301400000016, 40.14893880000001 ], [ -74.3562058, 40.1467912 ], [ -74.3572786, 40.148301400000015 ] ] ] } },
{ "type": "Feature", "properties": { "state_po": "NJ", "county_geoid": "34029", "pwsid": "NJ1511013", "pws_name": "FOUNTAINHEAD PARKS INC", "population_served_count": 280, "model_method": "", "verification_status": "", "symbology_field": "System Sourced", "intersection_area_sq_km": 0.14619008776276937 }, "geometry": { "type": "Polygon", "coordinates": [ [ [ -74.3010708, 40.1314636 ], [ -74.2981267, 40.1319332 ], [ -74.2948025, 40.132716100000032 ], [ -74.2985991, 40.127339899999988 ], [ -74.3014764, 40.129205499999962 ], [ -74.3010708, 40.1314636 ] ] ] } },
{ "type": "Feature", "properties": { "state_po": "NJ", "county_geoid": "34029", "pwsid": "NJ1518003", "pws_name": "CEDAR GLEN WEST WATER CO", "population_served_count": 1300, "model_method": "", "verification_status": "", "symbology_field": "System Sourced", "intersection_area_sq_km": 0.40714891112138496 }, "geometry": { "type": "Polygon", "coordinates": [ [ [ -74.2941423, 40.045357600000024 ], [ -74.287256, 40.045541399999927 ], [ -74.285346, 40.042534900000021 ], [ -74.289232, 40.043519099999983 ], [ -74.2938836, 40.035406299999977 ], [ -74.2957203, 40.0385234 ], [ -74.2928887, 40.045075800000042 ], [ -74.2941423, 40.045357600000024 ] ] ] } },
{ "type": "Feature", "properties": { "state_po": "NJ", "county_geoid": "34039", "pwsid": "NJ2021001", "pws_name": "WINFIELD MUTUAL HOUSING", "population_served_count": 1600, "model_method": "", "verification_status": "", "symbology_field": "System Sourced", "intersection_area_sq_km": 0.47125698445688746 }, "geometry": { "type": "Polygon", "coordinates": [ [ [ -74.2838273, 40.635811499999946 ], [ -74.29721, 40.6288441 ], [ -74.2914368, 40.634945199999983 ], [ -74.2895496, 40.639997499999978 ], [ -74.2878746, 40.639644 ], [ -74.2838273, 40.635811499999946 ] ] ] } }
]
}
