{
"type": "FeatureCollection",
"name": "wi_service_areas",
"crs": { "type": "name", "properties": { "name": "urn:ogc:def:crs:OGC:1.3:CRS84" } },
"features": [
{ "type": "Feature", "properties": { "state_po": "WI", "county_geoid": "55003", "pwsid": "WI8020375", "pws_name": "BUTTERNUT WATERWORKS", "population_served_count": 283, "model_method": "Random Forest", "verification_status": "", "symbology_field": "Modeled", "intersection_area_sq_km": 0.60378784144544095 }, "geometry": { "type": "Polygon", "coordinates": [ [ [ -90.4990571, 46.007127300000029 ], [ -90.4989571, 46.010138300000072 ], [ -90.5010371, 46.010118299999974 ], [ -90.5012871, 46.011638299999987 ], [ -90.4987971, 46.012948300000055 ], [ -90.4985271, 46.017368299999973 ], [ -90.4945901, 46.017263299999975 ], [ -90.4928971, 46.014778299999975 ], [ -90.4881671, 46.01633829999998 ], [ -90.4888671, 46.010158300000015 ], [ -90.4917571, 46.0101483 ], [ -90.4936471, 46.0134283 ], [ -90.4934911, 46.010798299999969 ], [ -90.4990571, 46.007127300000029 ] ] ] } },
{ "type": "Feature", "properties": { "state_po": "WI", "county_geoid": "55003", "pwsid": "WI8020376", "pws_name": "GLIDDEN SANITARY DISTRICT", "population_served_count": 750, "model_method": "Random Forest", "verification_status": "", "symbology_field": "Modeled", "intersection_area_sq_km": 2.6539661374846344 }, "geometry": { "type": "MultiPolygon", "coordinates": [ [ [ [ -90.590607100000014, 46.125978299999986 ], [ -90.5910371, 46.140978300000029 ], [ -90.5827971, 46.141088300000014 ], [ -90.578037099999989, 46.13561829999994 ], [ -90.5737871, 46.1355783 ], [ -90.5688271, 46.1262483 ], [ -90.590607100000014, 46.125978299999986 ] ] ], [ [ [ -90.5698371, 46.140728300000028 ], [ -90.5648571, 46.140828299999981 ], [ -90.5646671, 46.1361383 ], [ -90.5676771, 46.134488300000058 ], [ -90.5767271, 46.138008300000045 ], [ -90.5731971, 46.143638300000013 ], [ -90.5703171, 46.1432783 ], [ -90.5698371, 46.140728300000028 ] ] ] ] } },
{ "type": "Feature", "properties": { "state_po": "WI", "county_geoid": "55003", "pwsid": "WI8020378", "pws_name": "MELLEN WATER UTILITY", "population_served_count": 731, "model_method": "Random Forest", "verification_status": "", "symbology_field": "Modeled", "intersection_area_sq_km": 3.6318596876490328 }, "geometry": { "type": "Polygon", "coordinates": [ [ [ -90.6479472, 46.312997400000015 ], [ -90.6631302, 46.313100399999982 ], [ -90.6633772, 46.3241084 ], [ -90.6735282, 46.3196594 ], [ -90.673597199999989, 46.331118400000022 ], [ -90.6721072, 46.32855840000002 ], [ -90.6683372, 46.328388400000073 ], [ -90.6645372, 46.329338400000047 ], [ -90.6635542, 46.334855399999938 ], [ -90.6475982, 46.334858399999987 ], [ -90.6476112, 46.324042399999954 ], [ -90.6459082, 46.32404040000003 ], [ -90.6479472, 46.312997400000015 ] ] ] } },
{ "type": "Feature", "properties": { "state_po": "WI", "county_geoid": "55003", "pwsid": "WI8020382", "pws_name": "ASPEN RIDGE", "population_served_count": 50, "model_method": "Random Forest", "verification_status": "", "symbology_field": "Modeled", "intersection_area_sq_km": 0.48347655981832854 }, "geometry": { "type": "Polygon", "coordinates": [ [ [ -90.8191572, 46.41403840000001 ], [ -90.8191262, 46.4261384 ], [ -90.8182472, 46.423798400000038 ], [ -90.8115172, 46.424898399999982 ], [ -90.8112272, 46.422968399999945 ], [ -90.8148272, 46.422698399999966 ], [ -90.8145472, 46.4214884 ], [ -90.8179772, 46.4225284 ], [ -90.8090602, 46.414094399999975 ], [ -90.8191572, 46.41403840000001 ] ] ] } },
{ "type": "Feature", "properties": { "state_po": "WI", "county_geoid": "55051", "pwsid": "WI8260116", "pws_name": "HURLEY WATERWORKS", "population_served_count": 1515, "model_method": "Random Forest", "verification_status": "", "symbology_field": "Modeled", "intersection_area_sq_km": 8.1789132781183511 }, "geometry": { "type": "MultiPolygon", "coordinates": [ [ [ [ -90.1782561, 46.4405584 ], [ -90.1761161, 46.439801399999965 ], [ -90.1798201, 46.439736399999987 ], [ -90.1804211, 46.433592400000023 ], [ -90.1827891, 46.4450844 ], [ -90.1941121, 46.442534399999978 ], [ -90.1993171, 46.4395084 ], [ -90.2003171, 46.436918399999982 ], [ -90.2050671, 46.435598399999947 ], [ -90.2062571, 46.428078400000025 ], [ -90.2162271, 46.428448399999965 ], [ -90.2156371, 46.432204400000053 ], [ -90.2209321, 46.432186399999985 ], [ -90.2197321, 46.450668399999955 ], [ -90.2036771, 46.4508034 ], [ -90.2038511, 46.4544224 ], [ -90.2094531, 46.45435639999998 ], [ -90.2095531, 46.4561014 ], [ -90.2044371, 46.4579684 ], [ -90.2043901, 46.468802400000051 ], [ -90.2148371, 46.468722399999983 ], [ -90.2150071, 46.476098400000019 ], [ -90.2000841, 46.469687400000026 ], [ -90.1968791, 46.465916400000012 ], [ -90.1985981, 46.461734400000026 ], [ -90.1940161, 46.4618164 ], [ -90.1889841, 46.458266399999985 ], [ -90.1802181, 46.456580400000028 ], [ -90.180279, 46.458736 ], [ -90.178329882593587, 46.457411318459272 ], [ -90.1791781, 46.450604399999946 ], [ -90.176763228181969, 46.447676451676955 ], [ -90.1782561, 46.4405584 ] ] ], [ [ [ -90.2150071, 46.476098400000019 ], [ -90.2197791, 46.477594400000051 ], [ -90.2151371, 46.479558399999924 ], [ -90.2150071, 46.476098400000019 ] ] ] ] } },
{ "type": "Feature", "properties": { "state_po": "WI", "county_geoid": "55051", "pwsid": "WI8260121", "pws_name": "MONTREAL WATERWORKS", "population_served_count": 887, "model_method": "Decision Tree", "verification_status": "", "symbology_field": "Modeled", "intersection_area_sq_km": 1.8808708539049261 }, "geometry": { "type": "Polygon", "coordinates": [ [ [ -90.259717099999989, 46.423928399999959 ], [ -90.2576061, 46.434799399999967 ], [ -90.2385371, 46.4362484 ], [ -90.2350971, 46.4306084 ], [ -90.2328071, 46.4306084 ], [ -90.2384271, 46.42847840000001 ], [ -90.2410401, 46.425238399999976 ], [ -90.2498691, 46.4262164 ], [ -90.2580841, 46.422561399999985 ], [ -90.259717099999989, 46.423928399999959 ] ] ] } },
{ "type": "Feature", "properties": { "state_po": "WI", "county_geoid": "55051", "pwsid": "WI8260118", "pws_name": "IRON BELT WATERWORKS", "population_served_count": 211, "model_method": "Random Forest", "verification_status": "", "symbology_field": "Modeled", "intersection_area_sq_km": 0.35914383589021776 }, "geometry": { "type": "Polygon", "coordinates": [ [ [ -90.3205371, 46.3992184 ], [ -90.3295421, 46.400896399999986 ], [ -90.3300571, 46.4066684 ], [ -90.3248171, 46.406408400000011 ], [ -90.3245971, 46.402928399999979 ], [ -90.3211771, 46.402558399999961 ], [ -90.3205371, 46.3992184 ] ] ] } },
{ "type": "Feature", "properties": { "state_po": "WI", "county_geoid": "55051", "pwsid": "WI8260120", "pws_name": "MERCER SANITARY DISTRICT", "population_served_count": 760, "model_method": "Random Forest", "verification_status": "", "symbology_field": "Modeled", "intersection_area_sq_km": 2.488302215097133 }, "geometry": { "type": "MultiPolygon", "coordinates": [ [ [ [ -90.199149, 46.11345140000001 ], [ -90.192405, 46.117263400000063 ], [ -90.180059, 46.1176084 ], [ -90.192087, 46.109168399999966 ], [ -90.1869, 46.100359400000045 ], [ -90.192188, 46.102150399999935 ], [ -90.195325, 46.1057544 ], [ -90.192102, 46.109753399999931 ], [ -90.193946, 46.1128464 ], [ -90.195113, 46.1137744 ], [ -90.195728, 46.11159940000001 ], [ -90.199149, 46.11345140000001 ] ] ], [ [ [ -90.059951, 46.1627144 ], [ -90.070026, 46.164576399999952 ], [ -90.070387, 46.1683884 ], [ -90.066717, 46.167038399999974 ], [ -90.060617, 46.172778400000013 ], [ -90.055197, 46.1749384 ], [ -90.057387, 46.169878399999973 ], [ -90.062187, 46.168668399999916 ], [ -90.062507, 46.167128399999967 ], [ -90.058087, 46.166008400000052 ], [ -90.057325, 46.164247399999951 ], [ -90.059951, 46.1627144 ] ] ], [ [ [ -90.133975, 46.249025400000036 ], [ -90.144697, 46.250918399999968 ], [ -90.144737, 46.255398400000011 ], [ -90.148887, 46.2569084 ], [ -90.151977, 46.2700184 ], [ -90.150462, 46.2687164 ], [ -90.146533, 46.269150399999987 ], [ -90.149108, 46.2654844 ], [ -90.141129, 46.260295399999976 ], [ -90.140567, 46.2569004 ], [ -90.1376, 46.256439399999941 ], [ -90.138565, 46.2549254 ], [ -90.140742, 46.255432399999989 ], [ -90.140759, 46.254041399999963 ], [ -90.13779, 46.250192399999989 ], [ -90.133975, 46.249025400000036 ] ] ] ] } },
{ "type": "Feature", "properties": { "state_po": "WI", "county_geoid": "55051", "pwsid": "WI8260122", "pws_name": "PENCE WATERWORKS", "population_served_count": 191, "model_method": "Random Forest", "verification_status": "", "symbology_field": "Modeled", "intersection_area_sq_km": 0.28203953592657582 }, "geometry": { "type": "Polygon", "coordinates": [ [ [ -90.269567099999989, 46.413708399999983 ], [ -90.2773271, 46.4143484 ], [ -90.2579061, 46.420596399999944 ], [ -90.269567099999989, 46.413708399999983 ] ] ] } },
{ "type": "Feature", "properties": { "state_po": "WI", "county_geoid": "55057", "pwsid": "WI1110113", "pws_name": "WISCONSIN DELLS WATERWORKS", "population_served_count": 3232, "model_method": "Random Forest", "verification_status": "", "symbology_field": "Modeled", "intersection_area_sq_km": 0.00042608262488465042 }, "geometry": { "type": "Polygon", "coordinates": [ [ [ -89.789891, 43.640995 ], [ -89.7895056, 43.641056 ], [ -89.7883206, 43.641056 ], [ -89.789891, 43.640995 ] ] ] } },
{ "type": "Feature", "properties": { "state_po": "WI", "county_geoid": "55057", "pwsid": "WI6630256", "pws_name": "MARELL COURTS AND RENTALS LLC", "population_served_count": 60, "model_method": "Random Forest", "verification_status": "", "symbology_field": "Modeled", "intersection_area_sq_km": 2.7003676918134287 }, "geometry": { "type": "MultiPolygon", "coordinates": [ [ [ [ -90.3125287, 43.655386 ], [ -90.312676958941765, 43.653649826747866 ], [ -90.312668188446906, 43.657184065478496 ], [ -90.3125287, 43.655386 ] ] ], [ [ [ -90.312518939947395, 43.676102016662128 ], [ -90.2957587, 43.679127 ], [ -90.2856947, 43.677338 ], [ -90.2857007, 43.675127 ], [ -90.2974037, 43.676011 ], [ -90.2975527, 43.672 ], [ -90.28660570000001, 43.670866 ], [ -90.2950417, 43.663591 ], [ -90.307062699999989, 43.661535 ], [ -90.3099807, 43.657234 ], [ -90.312667937394409, 43.657267914720457 ], [ -90.312518939947395, 43.676102016662128 ] ], [ [ -90.3125417, 43.665418 ], [ -90.3059607, 43.669441 ], [ -90.3086687, 43.672275 ], [ -90.3113767, 43.671795 ], [ -90.3112817, 43.672961 ], [ -90.3125417, 43.665418 ] ] ] ] } },
{ "type": "Feature", "properties": { "state_po": "WI", "county_geoid": "55057", "pwsid": "WI7290122", "pws_name": "ELROY WATERWORKS", "population_served_count": 1333, "model_method": "Random Forest", "verification_status": "", "symbology_field": "Modeled", "intersection_area_sq_km": 3.6993410414781214 }, "geometry": { "type": "Polygon", "coordinates": [ [ [ -90.2813257, 43.731588 ], [ -90.2813577, 43.73945 ], [ -90.2748677, 43.742371 ], [ -90.274765699999989, 43.743698 ], [ -90.2814887, 43.747907 ], [ -90.281615699999989, 43.753426 ], [ -90.2748037, 43.755281 ], [ -90.2746617, 43.758605 ], [ -90.2733827, 43.755249 ], [ -90.2665627, 43.755135 ], [ -90.2663477, 43.74622 ], [ -90.2615797, 43.746089 ], [ -90.2615307, 43.741577 ], [ -90.2565287, 43.741476 ], [ -90.2558547, 43.737234 ], [ -90.2529017, 43.738077 ], [ -90.252881699999989, 43.73703 ], [ -90.2535327, 43.735311 ], [ -90.256123699999989, 43.734795 ], [ -90.2615617, 43.735764 ], [ -90.2614547, 43.734197 ], [ -90.2593407, 43.734219 ], [ -90.2601847, 43.732924 ], [ -90.2642647, 43.735538 ], [ -90.267670700000011, 43.733581 ], [ -90.2710487, 43.733929 ], [ -90.2721297, 43.731548 ], [ -90.2813257, 43.731588 ] ] ] } },
{ "type": "Feature", "properties": { "state_po": "WI", "county_geoid": "55057", "pwsid": "WI7290136", "pws_name": "UNION CENTER WATERWORKS", "population_served_count": 225, "model_method": "Random Forest", "verification_status": "", "symbology_field": "Modeled", "intersection_area_sq_km": 1.8021844234017328 }, "geometry": { "type": "Polygon", "coordinates": [ [ [ -90.2561417, 43.67404 ], [ -90.2610467, 43.673996 ], [ -90.2609777, 43.677532 ], [ -90.2667527, 43.677225 ], [ -90.2650517, 43.678299 ], [ -90.2689557, 43.678826 ], [ -90.2683267, 43.680731 ], [ -90.2708177, 43.680422 ], [ -90.2708967, 43.68825 ], [ -90.2661887, 43.688305 ], [ -90.2663027, 43.691866 ], [ -90.256232700000012, 43.692041 ], [ -90.2561417, 43.67404 ] ] ] } },
{ "type": "Feature", "properties": { "state_po": "WI", "county_geoid": "55057", "pwsid": "WI7290137", "pws_name": "WONEWOC WATERWORKS", "population_served_count": 758, "model_method": "Random Forest", "verification_status": "", "symbology_field": "Modeled", "intersection_area_sq_km": 2.2715979001968059 }, "geometry": { "type": "Polygon", "coordinates": [ [ [ -90.2274207, 43.65192 ], [ -90.2293997, 43.648638 ], [ -90.2285347, 43.646643 ], [ -90.2313227, 43.646379 ], [ -90.2314677, 43.653786 ], [ -90.2251577, 43.654101 ], [ -90.2256627, 43.656558 ], [ -90.2303867, 43.65867 ], [ -90.2250017, 43.660013 ], [ -90.2275437, 43.66343 ], [ -90.2264587, 43.67039 ], [ -90.2222247, 43.668106 ], [ -90.2215497, 43.6655 ], [ -90.2190697, 43.665504 ], [ -90.2204237, 43.660028 ], [ -90.216673700000015, 43.66003 ], [ -90.2168187, 43.647995 ], [ -90.2149677, 43.646852 ], [ -90.2168017, 43.646332 ], [ -90.2168087, 43.641957 ], [ -90.2265667, 43.641789 ], [ -90.2255627, 43.646535 ], [ -90.2229507, 43.64729 ], [ -90.2259277, 43.647742 ], [ -90.2241787, 43.649146 ], [ -90.2274207, 43.65192 ] ] ] } },
{ "type": "Feature", "properties": { "state_po": "WI", "county_geoid": "55057", "pwsid": "WI7290124", "pws_name": "LYNDON STATION WATERWORKS", "population_served_count": 474, "model_method": "Random Forest", "verification_status": "", "symbology_field": "Modeled", "intersection_area_sq_km": 1.7757170577462729 }, "geometry": { "type": "MultiPolygon", "coordinates": [ [ [ [ -89.8984636, 43.708607 ], [ -89.9021896, 43.710091 ], [ -89.9082606, 43.70981 ], [ -89.9082876, 43.7136 ], [ -89.8996606, 43.712387 ], [ -89.9083106, 43.717322 ], [ -89.908227599999989, 43.720848 ], [ -89.8995976, 43.720917 ], [ -89.8941076, 43.717596 ], [ -89.8959536, 43.711203 ], [ -89.8983846, 43.71162 ], [ -89.8984356, 43.709685 ], [ -89.8928866, 43.706459 ], [ -89.8984306, 43.706334 ], [ -89.8984636, 43.708607 ] ] ], [ [ [ -89.9648376, 43.76717 ], [ -89.9650096, 43.774347 ], [ -89.95727260000001, 43.774458 ], [ -89.9580846, 43.772203 ], [ -89.9550256, 43.77197 ], [ -89.9550376, 43.767245 ], [ -89.9648376, 43.76717 ] ] ] ] } },
{ "type": "Feature", "properties": { "state_po": "WI", "county_geoid": "55057", "pwsid": "WI7290134", "pws_name": "MAUSTON GREEN ACRES", "population_served_count": 40, "model_method": "Random Forest", "verification_status": "", "symbology_field": "Modeled", "intersection_area_sq_km": 0.3326727392061205 }, "geometry": { "type": "Polygon", "coordinates": [ [ [ -90.0822697, 43.825926 ], [ -90.0821687, 43.831563 ], [ -90.0786567, 43.829363 ], [ -90.0786517, 43.827535 ], [ -90.0721217, 43.830075 ], [ -90.0721137, 43.825809 ], [ -90.0822697, 43.825926 ] ] ] } },
{ "type": "Feature", "properties": { "state_po": "WI", "county_geoid": "55057", "pwsid": "WI7290120", "pws_name": "WI AIR NATIONAL GUARD VOLK FIELD", "population_served_count": 400, "model_method": "Random Forest", "verification_status": "", "symbology_field": "Modeled", "intersection_area_sq_km": 0.64023406194362742 }, "geometry": { "type": "Polygon", "coordinates": [ [ [ -90.2709057, 43.926046 ], [ -90.2673087, 43.93337 ], [ -90.2576937, 43.93408 ], [ -90.2574167, 43.93205 ], [ -90.2620077, 43.930114 ], [ -90.2628367, 43.928174 ], [ -90.2664887, 43.928893 ], [ -90.2669737, 43.927653 ], [ -90.2674047, 43.92616 ], [ -90.2615597, 43.924792 ], [ -90.2615897, 43.922932 ], [ -90.2617897, 43.922741 ], [ -90.2709057, 43.926046 ] ] ] } },
{ "type": "Feature", "properties": { "state_po": "WI", "county_geoid": "55057", "pwsid": "WI7290132", "pws_name": "NEW LISBON WATERWORKS", "population_served_count": 2526, "model_method": "Decision Tree", "verification_status": "", "symbology_field": "Modeled", "intersection_area_sq_km": 3.396319731200057 }, "geometry": { "type": "Polygon", "coordinates": [ [ [ -90.1637737, 43.866962 ], [ -90.1675957, 43.86954 ], [ -90.1773457, 43.869383 ], [ -90.1773907, 43.880317 ], [ -90.1835057, 43.880234 ], [ -90.1874137, 43.882352 ], [ -90.1874497, 43.88893 ], [ -90.182422699999989, 43.886932 ], [ -90.1689907, 43.887572 ], [ -90.1662677, 43.885663 ], [ -90.1641057, 43.887496 ], [ -90.1588677, 43.887415 ], [ -90.1578317, 43.883641 ], [ -90.1602527, 43.883968 ], [ -90.1607707, 43.880777 ], [ -90.1637877, 43.881288 ], [ -90.1580877, 43.876069 ], [ -90.1640827, 43.871132 ], [ -90.1623127, 43.86961 ], [ -90.1637737, 43.866962 ] ] ] } },
{ "type": "Feature", "properties": { "state_po": "WI", "county_geoid": "55057", "pwsid": "WI7290549", "pws_name": "HUSTLER WATERWORKS", "population_served_count": 170, "model_method": "Random Forest", "verification_status": "", "symbology_field": "Modeled", "intersection_area_sq_km": 0.44028780627369241 }, "geometry": { "type": "Polygon", "coordinates": [ [ [ -90.2619527, 43.878976 ], [ -90.2794977, 43.879501 ], [ -90.2794667, 43.881938 ], [ -90.2619117, 43.881838 ], [ -90.2619527, 43.878976 ] ] ] } },
{ "type": "Feature", "properties": { "state_po": "WI", "county_geoid": "55057", "pwsid": "WI7290121", "pws_name": "CAMP DOUGLAS WATERWORKS", "population_served_count": 640, "model_method": "Random Forest", "verification_status": "", "symbology_field": "Modeled", "intersection_area_sq_km": 1.9166955073090515 }, "geometry": { "type": "MultiPolygon", "coordinates": [ [ [ [ -90.2717977, 43.91533 ], [ -90.2686477, 43.918728 ], [ -90.2691617, 43.920492 ], [ -90.2808708, 43.919997 ], [ -90.2816188, 43.92671 ], [ -90.2864988, 43.929177 ], [ -90.2794718, 43.927984 ], [ -90.2628297, 43.921852 ], [ -90.2615247, 43.919739 ], [ -90.2592617, 43.919743 ], [ -90.2518957, 43.915144 ], [ -90.2519537, 43.912577 ], [ -90.2617667, 43.916937 ], [ -90.2617827, 43.912661 ], [ -90.2718237, 43.912509 ], [ -90.2717977, 43.91533 ] ] ], [ [ [ -90.2848118, 43.923473 ], [ -90.2838478, 43.92474 ], [ -90.283971799999989, 43.923441 ], [ -90.2848118, 43.923473 ] ] ], [ [ [ -90.2702367, 43.925078 ], [ -90.2749228, 43.929928 ], [ -90.2760668, 43.93215 ], [ -90.2696818, 43.929942 ], [ -90.2702367, 43.925078 ] ] ] ] } },
{ "type": "Feature", "properties": { "state_po": "WI", "county_geoid": "55057", "pwsid": "WI7290130", "pws_name": "NECEDAH WATERWORKS", "population_served_count": 844, "model_method": "Decision Tree", "verification_status": "", "symbology_field": "Modeled", "intersection_area_sq_km": 2.7437795836983385 }, "geometry": { "type": "Polygon", "coordinates": [ [ [ -90.0741637, 44.00577710000001 ], [ -90.0724097, 44.009897100000025 ], [ -90.0729547, 44.016989099999975 ], [ -90.0822977, 44.016734100000029 ], [ -90.082340699999989, 44.020784099999986 ], [ -90.0865217, 44.0207821 ], [ -90.0865587, 44.0225941 ], [ -90.0823617, 44.022596100000015 ], [ -90.0823847, 44.024460100000013 ], [ -90.0873847, 44.024497100000019 ], [ -90.0860517, 44.031333099999941 ], [ -90.0873547, 44.038915099999983 ], [ -90.0835647, 44.0388971 ], [ -90.0787517, 44.0337211 ], [ -90.077854699999989, 44.027467099999974 ], [ -90.0727577, 44.026723100000027 ], [ -90.0680877, 44.0230431 ], [ -90.066689700000012, 44.012961099999977 ], [ -90.0700527, 44.00296909999998 ], [ -90.0741637, 44.00577710000001 ] ] ] } },
{ "type": "Feature", "properties": { "state_po": "WI", "county_geoid": "55057", "pwsid": "WI7290127", "pws_name": "KOUNTRY AIRE EST MHP I", "population_served_count": 90, "model_method": "Random Forest", "verification_status": "", "symbology_field": "Modeled", "intersection_area_sq_km": 6.0099787162201954 }, "geometry": { "type": "Polygon", "coordinates": [ [ [ -90.0451067, 43.798705 ], [ -90.0455567, 43.803508 ], [ -90.055137699999989, 43.803544 ], [ -90.0550997, 43.818549 ], [ -90.0351177, 43.818507 ], [ -90.0351037, 43.810526 ], [ -90.0151187, 43.810934 ], [ -90.0151167, 43.803278 ], [ -90.0118997, 43.803256 ], [ -90.01188470000001, 43.796089 ], [ -90.0401977, 43.796256 ], [ -90.0417907, 43.799881 ], [ -90.0451067, 43.798705 ] ] ] } },
{ "type": "Feature", "properties": { "state_po": "WI", "county_geoid": "55057", "pwsid": "WI7290294", "pws_name": "KOUNTRY AIRE EST MHP III", "population_served_count": 210, "model_method": "Random Forest", "verification_status": "", "symbology_field": "Modeled", "intersection_area_sq_km": 0.11937539077852265 }, "geometry": { "type": "Polygon", "coordinates": [ [ [ -90.0451177, 43.796285 ], [ -90.0451067, 43.798705 ], [ -90.0417907, 43.799881 ], [ -90.0401977, 43.796256 ], [ -90.0451177, 43.796285 ] ] ] } },
{ "type": "Feature", "properties": { "state_po": "WI", "county_geoid": "55035", "pwsid": "WI6180298", "pws_name": "GREEN ACRES MOBILE HOMES", "population_served_count": 48, "model_method": "Random Forest", "verification_status": "", "symbology_field": "Modeled", "intersection_area_sq_km": 0.028111489455304343 }, "geometry": { "type": "MultiPolygon", "coordinates": [ [ [ [ -91.3682072, 44.6564481 ], [ -91.3670442, 44.6578181 ], [ -91.3670742, 44.656346100000043 ], [ -91.3682072, 44.6564481 ] ] ], [ [ [ -91.3565212, 44.698385100000039 ], [ -91.3581542, 44.699317100000037 ], [ -91.3565132, 44.699212099999968 ], [ -91.3565212, 44.698385100000039 ] ] ] ] } },
{ "type": "Feature", "properties": { "state_po": "WI", "county_geoid": "55035", "pwsid": "WI6180231", "pws_name": "AUGUSTA WATERWORKS", "population_served_count": 1450, "model_method": "Random Forest", "verification_status": "", "symbology_field": "Modeled", "intersection_area_sq_km": 3.2425666730853515 }, "geometry": { "type": "MultiPolygon", "coordinates": [ [ [ [ -91.1271621, 44.669021099999974 ], [ -91.1196521, 44.66837510000002 ], [ -91.1283841, 44.6680751 ], [ -91.1271621, 44.669021099999974 ] ] ], [ [ [ -91.1203521, 44.669088099999989 ], [ -91.1200531, 44.674046099999977 ], [ -91.1086981, 44.669231099999983 ], [ -91.1203521, 44.669088099999989 ] ] ], [ [ [ -91.1200531, 44.674046099999977 ], [ -91.1449521, 44.6845711 ], [ -91.1450451, 44.687688099999988 ], [ -91.1369681, 44.686902100000026 ], [ -91.1358811, 44.683625099999979 ], [ -91.1349361, 44.687171100000029 ], [ -91.1302001, 44.6871931 ], [ -91.1315281, 44.688880100000013 ], [ -91.1299141, 44.688643099999979 ], [ -91.1299831, 44.6907751 ], [ -91.1249521, 44.69078810000002 ], [ -91.1248001, 44.6872181 ], [ -91.123077099999989, 44.687221100000016 ], [ -91.1231031, 44.6891401 ], [ -91.117167099999989, 44.688971099999982 ], [ -91.1171401, 44.687228100000041 ], [ -91.1045011, 44.6872391 ], [ -91.1044721, 44.683655099999982 ], [ -91.1161991, 44.6837401 ], [ -91.1153451, 44.681524099999962 ], [ -91.119466100000011, 44.682042100000047 ], [ -91.1195501, 44.6817051 ], [ -91.1130631, 44.679297099999964 ], [ -91.1081411, 44.679415100000021 ], [ -91.1048791, 44.676388100000047 ], [ -91.1199241, 44.676536100000035 ], [ -91.1200531, 44.674046099999977 ] ] ] ] } },
{ "type": "Feature", "properties": { "state_po": "WI", "county_geoid": "55035", "pwsid": "WI6180295", "pws_name": "FAIRCHILD WATERWORKS", "population_served_count": 451, "model_method": "Random Forest", "verification_status": "", "symbology_field": "Modeled", "intersection_area_sq_km": 2.6412259710318997 }, "geometry": { "type": "Polygon", "coordinates": [ [ [ -90.967061, 44.5965851 ], [ -90.974279, 44.601568099999987 ], [ -90.97289, 44.607574100000029 ], [ -90.962889, 44.600852100000061 ], [ -90.962649, 44.6107681 ], [ -90.947387, 44.610639100000014 ], [ -90.947452, 44.60706310000004 ], [ -90.942478, 44.6070531 ], [ -90.942593, 44.5999051 ], [ -90.950339, 44.5999441 ], [ -90.95269, 44.596428099999969 ], [ -90.960036985371985, 44.596457950753383 ], [ -90.962886, 44.600026099999965 ], [ -90.962871937935205, 44.596470766887165 ], [ -90.967061, 44.5965851 ] ] ] } },
{ "type": "Feature", "properties": { "state_po": "WI", "county_geoid": "55035", "pwsid": "WI6180281", "pws_name": "PRIORY THE", "population_served_count": 185, "model_method": "Random Forest", "verification_status": "", "symbology_field": "Modeled", "intersection_area_sq_km": 2.365341405013536 }, "geometry": { "type": "Polygon", "coordinates": [ [ [ -91.5285802, 44.756002099999975 ], [ -91.5286762, 44.773485099999988 ], [ -91.5254482, 44.772838099999987 ], [ -91.5247512, 44.774923099999938 ], [ -91.5231662, 44.772494099999953 ], [ -91.521529199999989, 44.774200099999987 ], [ -91.5028582, 44.76744710000002 ], [ -91.5027492, 44.7637151 ], [ -91.5189922, 44.763410100000016 ], [ -91.5193302, 44.7560701 ], [ -91.5285802, 44.756002099999975 ] ] ] } },
{ "type": "Feature", "properties": { "state_po": "WI", "county_geoid": "55035", "pwsid": "WI6180286", "pws_name": "COZY MHP LLC FRONT", "population_served_count": 111, "model_method": "Decision Tree", "verification_status": "", "symbology_field": "Modeled", "intersection_area_sq_km": 0.029250273343671938 }, "geometry": { "type": "Polygon", "coordinates": [ [ [ -91.4271129, 44.836163799999973 ], [ -91.4270788, 44.838412799999986 ], [ -91.4263288, 44.838631800000016 ], [ -91.4255849, 44.836173799999983 ], [ -91.4271129, 44.836163799999973 ] ] ] } },
{ "type": "Feature", "properties": { "state_po": "WI", "county_geoid": "55035", "pwsid": "WI6180287", "pws_name": "BONNIE VALE PARK 1", "population_served_count": 70, "model_method": "Random Forest", "verification_status": "", "symbology_field": "Modeled", "intersection_area_sq_km": 0.027834684935479304 }, "geometry": { "type": "Polygon", "coordinates": [ [ [ -91.5013002, 44.7575611 ], [ -91.5008762, 44.759924099999921 ], [ -91.4992072, 44.7573751 ], [ -91.5013002, 44.7575611 ] ] ] } },
{ "type": "Feature", "properties": { "state_po": "WI", "county_geoid": "55035", "pwsid": "WI6180288", "pws_name": "COUNTRYSIDE ESTATES MHC", "population_served_count": 96, "model_method": "Random Forest", "verification_status": "", "symbology_field": "Modeled", "intersection_area_sq_km": 0.33209636375082663 }, "geometry": { "type": "Polygon", "coordinates": [ [ [ -91.3728532, 44.786921099999965 ], [ -91.3795452, 44.789753100000013 ], [ -91.3815602, 44.792910099999986 ], [ -91.3728422, 44.793009100000035 ], [ -91.3728532, 44.786921099999965 ] ] ] } },
{ "type": "Feature", "properties": { "state_po": "WI", "county_geoid": "55035", "pwsid": "WI6180296", "pws_name": "FALL CREEK WATERWORKS", "population_served_count": 1269, "model_method": "Random Forest", "verification_status": "", "symbology_field": "Modeled", "intersection_area_sq_km": 2.4448117765830371 }, "geometry": { "type": "Polygon", "coordinates": [ [ [ -91.2618641, 44.763807099999966 ], [ -91.2618641, 44.754284100000021 ], [ -91.2671071, 44.756270099999966 ], [ -91.2830581, 44.7561841 ], [ -91.2845902, 44.758581099999986 ], [ -91.2813712, 44.768562100000032 ], [ -91.2778491, 44.7689821 ], [ -91.271644099999989, 44.7671251 ], [ -91.2681661, 44.767413099999978 ], [ -91.2646781, 44.770204099999987 ], [ -91.2602331, 44.7692901 ], [ -91.2595351, 44.7638741 ], [ -91.2618641, 44.763807099999966 ] ] ] } },
{ "type": "Feature", "properties": { "state_po": "WI", "county_geoid": "55035", "pwsid": "WI6180513", "pws_name": "COZY MHP LLC BACK", "population_served_count": 35, "model_method": "Parcel", "verification_status": "", "symbology_field": "Modeled", "intersection_area_sq_km": 0.058255145322460559 }, "geometry": { "type": "Polygon", "coordinates": [ [ [ -91.4299902, 44.8361811 ], [ -91.4300032, 44.838906099999981 ], [ -91.4275312, 44.838918099999979 ], [ -91.4275872, 44.836197099999985 ], [ -91.4299902, 44.8361811 ] ] ] } },
{ "type": "Feature", "properties": { "state_po": "WI", "county_geoid": "55035", "pwsid": "WI6180291", "pws_name": "PINE EDGE MHP", "population_served_count": 300, "model_method": "Parcel", "verification_status": "", "symbology_field": "Modeled", "intersection_area_sq_km": 0.097841719302221089 }, "geometry": { "type": "Polygon", "coordinates": [ [ [ -91.5682159, 44.75639480000001 ], [ -91.5682906, 44.760003300000022 ], [ -91.5658571, 44.7600777 ], [ -91.5651349, 44.756370899999965 ], [ -91.5682159, 44.75639480000001 ] ] ] } },
{ "type": "Feature", "properties": { "state_po": "WI", "county_geoid": "55023", "pwsid": "WI6120109", "pws_name": "HOMESTEADER LLC THE", "population_served_count": 200, "model_method": "Random Forest", "verification_status": "", "symbology_field": "Modeled", "intersection_area_sq_km": 0.26633359299963677 }, "geometry": { "type": "Polygon", "coordinates": [ [ [ -91.1424959, 43.070009800000058 ], [ -91.1360199, 43.0703088 ], [ -91.1357409, 43.067862799999986 ], [ -91.1380939, 43.067642800000023 ], [ -91.1359029, 43.0654648 ], [ -91.1424789, 43.064699799999943 ], [ -91.1424959, 43.070009800000058 ] ], [ [ -91.1411899, 43.069321800000019 ], [ -91.1392389, 43.069999799999955 ], [ -91.1412549, 43.0699008 ], [ -91.1411899, 43.069321800000019 ] ] ] } },
{ "type": "Feature", "properties": { "state_po": "WI", "county_geoid": "55023", "pwsid": "WI6120243", "pws_name": "EASTMAN WATERWORKS", "population_served_count": 407, "model_method": "Random Forest", "verification_status": "", "symbology_field": "Modeled", "intersection_area_sq_km": 1.5011721561181883 }, "geometry": { "type": "Polygon", "coordinates": [ [ [ -91.0223189, 43.1597699 ], [ -91.0153209, 43.169161900000013 ], [ -91.0166209, 43.1717719 ], [ -91.0069489, 43.171927900000021 ], [ -91.0068179, 43.155595900000037 ], [ -91.0223189, 43.1597699 ] ] ] } },
{ "type": "Feature", "properties": { "state_po": "WI", "county_geoid": "55023", "pwsid": "WI6120253", "pws_name": "WAUZEKA WATERWORKS", "population_served_count": 711, "model_method": "Random Forest", "verification_status": "", "symbology_field": "Modeled", "intersection_area_sq_km": 1.5907522348094183 }, "geometry": { "type": "Polygon", "coordinates": [ [ [ -90.8869898, 43.082386900000031 ], [ -90.8881588, 43.085225899999983 ], [ -90.8957568, 43.0897199 ], [ -90.8849228, 43.090426899999976 ], [ -90.8684978, 43.095614899999987 ], [ -90.8683018, 43.088433899999956 ], [ -90.8713078, 43.085519900000023 ], [ -90.8734598, 43.085244900000049 ], [ -90.8722138, 43.0873249 ], [ -90.874085799999989, 43.087369900000013 ], [ -90.8805538, 43.083456899999973 ], [ -90.8869898, 43.082386900000031 ] ] ] } },
{ "type": "Feature", "properties": { "state_po": "WI", "county_geoid": "55023", "pwsid": "WI6120244", "pws_name": "GAYS MILLS WATERWORKS", "population_served_count": 490, "model_method": "Random Forest", "verification_status": "", "symbology_field": "Modeled", "intersection_area_sq_km": 2.9887996896730114 }, "geometry": { "type": "Polygon", "coordinates": [ [ [ -90.8511538, 43.319116900000012 ], [ -90.8411398, 43.317307899999982 ], [ -90.8392598, 43.318997899999971 ], [ -90.8375518, 43.335199900000013 ], [ -90.8236338, 43.335458899999956 ], [ -90.8232658, 43.321667900000023 ], [ -90.8279548, 43.32178689999995 ], [ -90.8278798, 43.319569899999983 ], [ -90.8335588, 43.3165109 ], [ -90.8406038, 43.315158900000057 ], [ -90.8430028, 43.3124969 ], [ -90.8433258, 43.316927900000017 ], [ -90.8451568, 43.313325899999974 ], [ -90.843060799999989, 43.306957899999965 ], [ -90.8467388, 43.306942899999981 ], [ -90.8510368, 43.311168899999977 ], [ -90.849015799999989, 43.31338990000004 ], [ -90.8511538, 43.319116900000012 ] ] ] } },
{ "type": "Feature", "properties": { "state_po": "WI", "county_geoid": "55023", "pwsid": "WI6120246", "pws_name": "MOUNT STERLING WATERWORKS", "population_served_count": 206, "model_method": "Random Forest", "verification_status": "", "symbology_field": "Modeled", "intersection_area_sq_km": 0.97718055395358461 }, "geometry": { "type": "Polygon", "coordinates": [ [ [ -90.942193, 43.3185025 ], [ -90.936652, 43.3185824 ], [ -90.927391, 43.3160063 ], [ -90.9225659, 43.3212312 ], [ -90.9145939, 43.321245100000027 ], [ -90.914443, 43.31781210000004 ], [ -90.9273201, 43.314826299999972 ], [ -90.9315492, 43.3110323 ], [ -90.9344072, 43.311071399999982 ], [ -90.934236, 43.315745400000012 ], [ -90.942032, 43.315648499999973 ], [ -90.942193, 43.3185025 ] ] ] } },
{ "type": "Feature", "properties": { "state_po": "WI", "county_geoid": "55023", "pwsid": "WI6120251", "pws_name": "SENECA SANITARY DIST NO 1", "population_served_count": 250, "model_method": "Decision Tree", "verification_status": "", "symbology_field": "Modeled", "intersection_area_sq_km": 0.024627950074648981 }, "geometry": { "type": "Polygon", "coordinates": [ [ [ -90.9604629, 43.2636209 ], [ -90.9571679, 43.266862899999964 ], [ -90.9565499, 43.266589900000035 ], [ -90.9604629, 43.2636209 ] ] ] } },
{ "type": "Feature", "properties": { "state_po": "WI", "county_geoid": "55023", "pwsid": "WI6120252", "pws_name": "SOLDIERS GROVE WATERWORKS", "population_served_count": 592, "model_method": "Random Forest", "verification_status": "", "symbology_field": "Modeled", "intersection_area_sq_km": 1.4598934336075267 }, "geometry": { "type": "MultiPolygon", "coordinates": [ [ [ [ -90.7654038, 43.390244900000042 ], [ -90.7621848, 43.389507900000019 ], [ -90.7623338, 43.3871849 ], [ -90.7599978, 43.386193900000031 ], [ -90.7611178, 43.384259899999968 ], [ -90.7560828, 43.380148900000016 ], [ -90.7605098, 43.38237890000002 ], [ -90.7642678, 43.3877319 ], [ -90.7682148, 43.388782899999981 ], [ -90.7654038, 43.390244900000042 ] ] ], [ [ [ -90.7782388, 43.393341899999974 ], [ -90.7793678, 43.391274899999964 ], [ -90.7804098, 43.391467899999959 ], [ -90.7782388, 43.393341899999974 ] ] ], [ [ [ -90.7772458, 43.39292190000004 ], [ -90.7747108, 43.3925309 ], [ -90.7750288, 43.391911900000018 ], [ -90.7772458, 43.39292190000004 ] ] ], [ [ [ -90.7677178, 43.390594900000011 ], [ -90.7752568, 43.394668900000042 ], [ -90.7754648, 43.398805900000042 ], [ -90.7727348, 43.400551899999989 ], [ -90.7727838, 43.4023829 ], [ -90.7789318, 43.4087369 ], [ -90.7721668, 43.408761899999988 ], [ -90.7738428, 43.406726899999981 ], [ -90.7725788, 43.4059929 ], [ -90.7671218, 43.408741899999981 ], [ -90.7675328, 43.394044899999955 ], [ -90.7561948, 43.394078899999968 ], [ -90.762177799999989, 43.390651899999966 ], [ -90.7677178, 43.390594900000011 ] ] ] ] } },
{ "type": "Feature", "properties": { "state_po": "WI", "county_geoid": "55011", "pwsid": "WI6060192", "pws_name": "ALMA WATERWORKS", "population_served_count": 769, "model_method": "Random Forest", "verification_status": "", "symbology_field": "Modeled", "intersection_area_sq_km": 3.817136002913303 }, "geometry": { "type": "Polygon", "coordinates": [ [ [ -91.8990463, 44.288562 ], [ -91.9036053, 44.291016 ], [ -91.9080693, 44.298501 ], [ -91.9097503, 44.304272 ], [ -91.9133563, 44.298412 ], [ -91.9114633, 44.312834 ], [ -91.9248083, 44.335547 ], [ -91.9252803, 44.345605 ], [ -91.9290253, 44.350967 ], [ -91.9259093, 44.347629 ], [ -91.9257783, 44.35075 ], [ -91.9149873, 44.352586 ], [ -91.9142893, 44.354493 ], [ -91.9100743, 44.35188 ], [ -91.9109233, 44.350487 ], [ -91.910829299999989, 44.351568 ], [ -91.9131853, 44.352095 ], [ -91.9117013, 44.351175 ], [ -91.9131963, 44.349395 ], [ -91.9133863, 44.319819 ], [ -91.9032993, 44.319887 ], [ -91.9102933, 44.323553 ], [ -91.9127063, 44.323278 ], [ -91.9105333, 44.324481 ], [ -91.9016943, 44.319605 ], [ -91.9065063, 44.312804 ], [ -91.9106883, 44.312302 ], [ -91.9084523, 44.31165 ], [ -91.9095043, 44.309396 ], [ -91.9072223, 44.298484 ], [ -91.8990463, 44.288562 ] ] ] } },
{ "type": "Feature", "properties": { "state_po": "WI", "county_geoid": "55011", "pwsid": "WI6060226", "pws_name": "COCHRANE WATERWORKS", "population_served_count": 450, "model_method": "Decision Tree", "verification_status": "", "symbology_field": "Modeled", "intersection_area_sq_km": 1.4626311912954508 }, "geometry": { "type": "Polygon", "coordinates": [ [ [ -91.8435512, 44.236318 ], [ -91.8119662, 44.207295 ], [ -91.801383199999989, 44.201321 ], [ -91.8059272, 44.201313 ], [ -91.8283692, 44.222066 ], [ -91.8333062, 44.219394 ], [ -91.8331912, 44.222433 ], [ -91.8382802, 44.223274 ], [ -91.8383072, 44.221845 ], [ -91.8432852, 44.221817 ], [ -91.8432592, 44.22325 ], [ -91.8484502, 44.223226 ], [ -91.8483322, 44.230493 ], [ -91.8390152, 44.230483 ], [ -91.8435512, 44.236318 ] ] ] } },
{ "type": "Feature", "properties": { "state_po": "WI", "county_geoid": "55011", "pwsid": "WI6060227", "pws_name": "RIVERVIEW PARK", "population_served_count": 90, "model_method": "Random Forest", "verification_status": "", "symbology_field": "Modeled", "intersection_area_sq_km": 0.82183058765619821 }, "geometry": { "type": "MultiPolygon", "coordinates": [ [ [ [ -91.8567442, 44.221154 ], [ -91.8565232, 44.222753 ], [ -91.8548062, 44.222955 ], [ -91.8547742, 44.220881 ], [ -91.8567442, 44.221154 ] ] ], [ [ [ -91.8589812, 44.222862 ], [ -91.8669473, 44.234336 ], [ -91.8583542, 44.235817 ], [ -91.8583462, 44.230508 ], [ -91.8533732, 44.229695 ], [ -91.8534312, 44.228197 ], [ -91.8558762, 44.2282 ], [ -91.8559512, 44.223682 ], [ -91.8589812, 44.222862 ] ] ] ] } },
{ "type": "Feature", "properties": { "state_po": "WI", "county_geoid": "55011", "pwsid": "WI6060232", "pws_name": "NELSON WATER & SEWER DEPT", "population_served_count": 375, "model_method": "Random Forest", "verification_status": "", "symbology_field": "Modeled", "intersection_area_sq_km": 2.1278733090622817 }, "geometry": { "type": "Polygon", "coordinates": [ [ [ -91.9931133, 44.410131 ], [ -92.0062673, 44.417097 ], [ -92.011077300000011, 44.421078 ], [ -92.0117773, 44.424233 ], [ -92.003729299999989, 44.424246 ], [ -92.00376030000001, 44.426777 ], [ -91.9934623, 44.426582 ], [ -91.9934553, 44.421592 ], [ -91.9884013, 44.421604 ], [ -91.9884773, 44.413266 ], [ -91.9931133, 44.410131 ] ] ] } },
{ "type": "Feature", "properties": { "state_po": "WI", "county_geoid": "55011", "pwsid": "WI6060228", "pws_name": "FOUNTAIN CITY WATERWORKS", "population_served_count": 443, "model_method": "Random Forest", "verification_status": "", "symbology_field": "Modeled", "intersection_area_sq_km": 0.41071010537555724 }, "geometry": { "type": "Polygon", "coordinates": [ [ [ -91.6967522, 44.11861 ], [ -91.7130502, 44.126145 ], [ -91.7162652, 44.130019 ], [ -91.7247242, 44.134907 ], [ -91.7320032, 44.141848 ], [ -91.7192152, 44.131886 ], [ -91.7127302, 44.136597 ], [ -91.7128082, 44.133017 ], [ -91.716236200000012, 44.131416 ], [ -91.7130332, 44.127305 ], [ -91.7048392, 44.124069 ], [ -91.6967522, 44.11861 ] ] ] } },
{ "type": "Feature", "properties": { "state_po": "WI", "county_geoid": "55011", "pwsid": "WI6060230", "pws_name": "FOUNTAIN BLUFFS MHP LLC", "population_served_count": 25, "model_method": "Parcel", "verification_status": "", "symbology_field": "Modeled", "intersection_area_sq_km": 0.025782897842914425 }, "geometry": { "type": "Polygon", "coordinates": [ [ [ -91.6977847, 44.119892400000026 ], [ -91.6928256, 44.1205816 ], [ -91.6928336, 44.119906400000019 ], [ -91.6977847, 44.119892400000026 ] ] ] } },
{ "type": "Feature", "properties": { "state_po": "WI", "county_geoid": "55011", "pwsid": "WI6060193", "pws_name": "MONDOVI WATERWORKS", "population_served_count": 2667, "model_method": "Random Forest", "verification_status": "", "symbology_field": "Modeled", "intersection_area_sq_km": 5.0791943817214085 }, "geometry": { "type": "MultiPolygon", "coordinates": [ [ [ [ -91.6908522, 44.567862 ], [ -91.6859222, 44.568183 ], [ -91.6913642, 44.572149 ], [ -91.6910862, 44.578764 ], [ -91.6809242, 44.578736 ], [ -91.6809702, 44.582362 ], [ -91.6707252, 44.582369 ], [ -91.6706572, 44.569887 ], [ -91.6688842, 44.57002 ], [ -91.6680852, 44.571337 ], [ -91.6656472, 44.57137 ], [ -91.6608322, 44.575329 ], [ -91.662471200000013, 44.578115 ], [ -91.6591132, 44.578295 ], [ -91.6591252, 44.581143 ], [ -91.657443199999989, 44.581128 ], [ -91.6573572, 44.577125 ], [ -91.6518902, 44.578017 ], [ -91.6549952, 44.575231 ], [ -91.6553462, 44.569706 ], [ -91.6504922, 44.570841 ], [ -91.6504822, 44.566637 ], [ -91.652923199999989, 44.565845 ], [ -91.6519162, 44.564404 ], [ -91.6562282, 44.565648 ], [ -91.6589392, 44.564236 ], [ -91.6583472, 44.56266 ], [ -91.6706002, 44.562 ], [ -91.6706232, 44.564371 ], [ -91.6734802, 44.564314 ], [ -91.6883922, 44.55787 ], [ -91.6888012, 44.55976 ], [ -91.6854912, 44.561913 ], [ -91.6907672, 44.56565 ], [ -91.6908522, 44.567862 ] ] ], [ [ [ -91.6689742, 44.570096 ], [ -91.6696042, 44.574536 ], [ -91.6691342, 44.573464 ], [ -91.6687322, 44.573958 ], [ -91.6647002, 44.574139 ], [ -91.6685902, 44.572822 ], [ -91.6689742, 44.570096 ] ] ] ] } },
{ "type": "Feature", "properties": { "state_po": "WI", "county_geoid": "55011", "pwsid": "MN1790013", "pws_name": "Wabasha", "population_served_count": 2521, "model_method": "", "verification_status": "", "symbology_field": "System Sourced", "intersection_area_sq_km": 0.012314564004509251 }, "geometry": { "type": "Polygon", "coordinates": [ [ [ -92.030156065798153, 44.385543320761741 ], [ -92.0195769, 44.381439499999949 ], [ -92.017978097918487, 44.381019006310275 ], [ -92.019313, 44.381217 ], [ -92.030156065798153, 44.385543320761741 ] ] ] } },
{ "type": "Feature", "properties": { "state_po": "WI", "county_geoid": "55121", "pwsid": "WI6320308", "pws_name": "GREEN OAKS MOBILE HOME COURT", "population_served_count": 117, "model_method": "Random Forest", "verification_status": "", "symbology_field": "Modeled", "intersection_area_sq_km": 0.095076783959541833 }, "geometry": { "type": "Polygon", "coordinates": [ [ [ -91.2912081, 44.06474 ], [ -91.2865791, 44.063922 ], [ -91.2864911, 44.061072 ], [ -91.2910761, 44.062423 ], [ -91.2912081, 44.06474 ] ] ] } },
{ "type": "Feature", "properties": { "state_po": "WI", "county_geoid": "55121", "pwsid": "WI6620165", "pws_name": "DODGE SANITARY DIST 1", "population_served_count": 120, "model_method": "Random Forest", "verification_status": "", "symbology_field": "Modeled", "intersection_area_sq_km": 0.47365211013802011 }, "geometry": { "type": "MultiPolygon", "coordinates": [ [ [ [ -91.5451747, 44.126097499999986 ], [ -91.5506255, 44.131923600000015 ], [ -91.5501944, 44.134323599999973 ], [ -91.5485165, 44.1324226 ], [ -91.5414015, 44.132362499999971 ], [ -91.544999499999989, 44.1319445 ], [ -91.5451747, 44.126097499999986 ] ] ], [ [ [ -91.5229945, 44.130891200000043 ], [ -91.5236474, 44.134528199999977 ], [ -91.5155794, 44.1346031 ], [ -91.5153025, 44.133011099999983 ], [ -91.5229945, 44.130891200000043 ] ] ] ] } },
{ "type": "Feature", "properties": { "state_po": "WI", "county_geoid": "55121", "pwsid": "WI6620270", "pws_name": "ELEVA WATERWORKS", "population_served_count": 635, "model_method": "Random Forest", "verification_status": "", "symbology_field": "Modeled", "intersection_area_sq_km": 3.0008074308733557 }, "geometry": { "type": "Polygon", "coordinates": [ [ [ -91.4675502, 44.567143099999967 ], [ -91.4698472, 44.567160099999988 ], [ -91.4719142, 44.571772100000018 ], [ -91.480232199999989, 44.5717271 ], [ -91.4783482, 44.5704141 ], [ -91.4859982, 44.572276099999975 ], [ -91.4860612, 44.573653100000016 ], [ -91.4890572, 44.573529099999973 ], [ -91.4895612, 44.575290100000011 ], [ -91.4908502, 44.5741331 ], [ -91.4930602, 44.575697099999971 ], [ -91.4970692, 44.573970100000032 ], [ -91.4987242, 44.575828100000052 ], [ -91.5029602, 44.574962100000015 ], [ -91.5031322, 44.5765701 ], [ -91.5092352, 44.576892100000038 ], [ -91.5088732, 44.581401100000022 ], [ -91.49099720000001, 44.581342099999972 ], [ -91.4795852, 44.5768291 ], [ -91.4782742, 44.5815981 ], [ -91.4709122, 44.581527100000017 ], [ -91.470928199999989, 44.5832021 ], [ -91.4683042, 44.5832221 ], [ -91.4683242, 44.581606099999966 ], [ -91.4644132, 44.581507100000032 ], [ -91.4644972, 44.574385100000079 ], [ -91.4632692, 44.574607099999987 ], [ -91.4632502, 44.572576099999985 ], [ -91.465908200000015, 44.5720451 ], [ -91.4676312, 44.57438310000002 ], [ -91.4675502, 44.567143099999967 ] ] ] } },
{ "type": "Feature", "properties": { "state_po": "WI", "county_geoid": "55121", "pwsid": "WI6620271", "pws_name": "GALESVILLE WATERWORKS", "population_served_count": 1496, "model_method": "Random Forest", "verification_status": "", "symbology_field": "Modeled", "intersection_area_sq_km": 3.9652313032752775 }, "geometry": { "type": "Polygon", "coordinates": [ [ [ -91.3700222, 44.075845900000012 ], [ -91.3810913, 44.072659099999981 ], [ -91.3856122, 44.0743562 ], [ -91.3863812, 44.0766712 ], [ -91.3815582, 44.075827100000012 ], [ -91.3810581, 44.077347100000026 ], [ -91.380685200000016, 44.076033100000046 ], [ -91.3779142, 44.076008 ], [ -91.3794361, 44.077042099999979 ], [ -91.3791269, 44.08460009999996 ], [ -91.37477, 44.082904 ], [ -91.364736, 44.082383799999981 ], [ -91.364707, 44.0835718 ], [ -91.35928, 44.08362479999996 ], [ -91.3595928, 44.088479800000037 ], [ -91.3539978, 44.0892677 ], [ -91.3506399, 44.084213600000034 ], [ -91.3463109, 44.084342599999978 ], [ -91.3458088, 44.088923599999966 ], [ -91.347308700000013, 44.092139599999967 ], [ -91.3510417, 44.0924116 ], [ -91.3512426, 44.09685660000001 ], [ -91.348161499999989, 44.101038599999988 ], [ -91.3436725, 44.099449500000013 ], [ -91.3391175, 44.1003275 ], [ -91.3397516, 44.095665500000024 ], [ -91.3350586, 44.0956454 ], [ -91.3349457, 44.092029400000058 ], [ -91.3375087, 44.0920494 ], [ -91.3395138, 44.088453499999964 ], [ -91.3429338, 44.087879499999957 ], [ -91.3444662, 44.0760955 ], [ -91.3496891, 44.077709600000013 ], [ -91.369621099999989, 44.0773889 ], [ -91.3700222, 44.075845900000012 ] ] ] } },
{ "type": "Feature", "properties": { "state_po": "WI", "county_geoid": "55121", "pwsid": "WI6620579", "pws_name": "LINCOLN TN OF SD 1", "population_served_count": 300, "model_method": "Random Forest", "verification_status": "", "symbology_field": "Modeled", "intersection_area_sq_km": 0.21343457910980235 }, "geometry": { "type": "MultiPolygon", "coordinates": [ [ [ [ -91.2877271, 44.371403 ], [ -91.2929591, 44.37426 ], [ -91.2949731, 44.374213 ], [ -91.2865921, 44.375907 ], [ -91.2877271, 44.371403 ] ] ], [ [ [ -91.2812821, 44.379736 ], [ -91.2779131, 44.38074 ], [ -91.2773721, 44.379744 ], [ -91.2815271, 44.378014 ], [ -91.2812821, 44.379736 ] ] ] ] } },
{ "type": "Feature", "properties": { "state_po": "WI", "county_geoid": "55121", "pwsid": "WI6620332", "pws_name": "TREMPEALEAU WATERWORKS", "population_served_count": 1888, "model_method": "Random Forest", "verification_status": "", "symbology_field": "Modeled", "intersection_area_sq_km": 2.8149324702118115 }, "geometry": { "type": "MultiPolygon", "coordinates": [ [ [ [ -91.4122081, 43.984185 ], [ -91.4165751, 43.985775 ], [ -91.4174021, 43.987882 ], [ -91.4122081, 43.984185 ] ] ], [ [ [ -91.4136711, 43.98658 ], [ -91.4136981, 43.985679 ], [ -91.4144411, 43.986319 ], [ -91.4136711, 43.98658 ] ] ], [ [ [ -91.4239781, 43.992947 ], [ -91.4299011, 43.998629 ], [ -91.4254701, 43.996225 ], [ -91.4239781, 43.992947 ] ] ], [ [ [ -91.4292801, 43.996269 ], [ -91.4311111, 43.99966 ], [ -91.4287861, 43.99651 ], [ -91.4292801, 43.996269 ] ] ], [ [ [ -91.4510191, 44.006868 ], [ -91.4420031, 44.005773 ], [ -91.4405241, 44.008707 ], [ -91.4430191, 44.010473 ], [ -91.4433911, 44.013291 ], [ -91.4405441, 44.013202 ], [ -91.4407551, 44.015429 ], [ -91.4385671, 44.013522 ], [ -91.4374471, 44.017718 ], [ -91.4317961, 44.017727 ], [ -91.4309081, 44.014548 ], [ -91.4274021, 44.016582 ], [ -91.4232031, 44.015198 ], [ -91.4231881, 44.01319 ], [ -91.4259081, 44.013193 ], [ -91.4259831, 44.003497 ], [ -91.4212831, 44.003102 ], [ -91.4209091, 44.013187 ], [ -91.4180411, 44.013304 ], [ -91.4182251, 44.011598 ], [ -91.4158561, 44.011585 ], [ -91.417650099999989, 44.001584 ], [ -91.4240511, 44.002673 ], [ -91.424438099999989, 44.001406 ], [ -91.4310881, 44.001342 ], [ -91.4510191, 44.006868 ] ] ], [ [ [ -91.4408161, 44.019136 ], [ -91.4400161, 44.016085 ], [ -91.4407841, 44.016085 ], [ -91.4408161, 44.019136 ] ] ] ] } },
{ "type": "Feature", "properties": { "state_po": "WI", "county_geoid": "55121", "pwsid": "WI6620331", "pws_name": "STRUM WATERWORKS", "population_served_count": 1100, "model_method": "Decision Tree", "verification_status": "", "symbology_field": "Modeled", "intersection_area_sq_km": 1.8140505961939895 }, "geometry": { "type": "MultiPolygon", "coordinates": [ [ [ [ -91.4023732, 44.5525271 ], [ -91.4009432, 44.5519831 ], [ -91.397818199999989, 44.554924100000051 ], [ -91.3954782, 44.5537531 ], [ -91.3959682, 44.554744100000029 ], [ -91.392084200000014, 44.555490100000064 ], [ -91.3830612, 44.555105099999984 ], [ -91.3795572, 44.5566561 ], [ -91.3807982, 44.555123099999989 ], [ -91.3780062, 44.5563111 ], [ -91.3797702, 44.555192099999957 ], [ -91.3773252, 44.5555261 ], [ -91.3773162, 44.5535711 ], [ -91.3723481, 44.553594100000055 ], [ -91.3758962, 44.551438100000034 ], [ -91.3770702, 44.552800099999978 ], [ -91.3826522, 44.552951100000023 ], [ -91.3796482, 44.549188100000023 ], [ -91.3836212, 44.549137099999975 ], [ -91.3836092, 44.545470100000017 ], [ -91.4025882, 44.5455051 ], [ -91.4025942, 44.54677210000002 ], [ -91.3975692, 44.5467611 ], [ -91.4026012, 44.5473101 ], [ -91.4023732, 44.5525271 ] ] ], [ [ [ -91.4028462, 44.552080100000026 ], [ -91.4041252, 44.55137910000002 ], [ -91.4046362, 44.551321099999988 ], [ -91.4049882, 44.551530099999958 ], [ -91.4028462, 44.552080100000026 ] ] ] ] } },
{ "type": "Feature", "properties": { "state_po": "WI", "county_geoid": "55121", "pwsid": "WI6620325", "pws_name": "COUNTRY ROAD ESTATES", "population_served_count": 120, "model_method": "Random Forest", "verification_status": "", "symbology_field": "Modeled", "intersection_area_sq_km": 0.46718291755737457 }, "geometry": { "type": "MultiPolygon", "coordinates": [ [ [ [ -91.3739461, 44.062773 ], [ -91.3739121, 44.063825 ], [ -91.3581441, 44.063741 ], [ -91.3565521, 44.060283 ], [ -91.3600861, 44.058865 ], [ -91.3658341, 44.061844 ], [ -91.3739461, 44.062773 ] ] ], [ [ [ -91.3731561, 44.066136 ], [ -91.3689251, 44.066132 ], [ -91.3689221, 44.064569 ], [ -91.3739161, 44.06457 ], [ -91.3731561, 44.066136 ] ] ] ] } },
{ "type": "Feature", "properties": { "state_po": "WI", "county_geoid": "55121", "pwsid": "WI6620276", "pws_name": "INDEPENDENCE WATERWORKS", "population_served_count": 1500, "model_method": "Random Forest", "verification_status": "", "symbology_field": "Modeled", "intersection_area_sq_km": 2.7366626623493477 }, "geometry": { "type": "Polygon", "coordinates": [ [ [ -91.4385791, 44.345541 ], [ -91.4327171, 44.349632 ], [ -91.4316911, 44.352435 ], [ -91.4334251, 44.352408 ], [ -91.4333441, 44.356053 ], [ -91.4281931, 44.356604 ], [ -91.428149100000013, 44.3621 ], [ -91.425969099999989, 44.361761 ], [ -91.426830099999989, 44.366787 ], [ -91.4238201, 44.36798 ], [ -91.4249811, 44.370242 ], [ -91.4231121, 44.37028 ], [ -91.423104099999989, 44.372305 ], [ -91.419919100000016, 44.372339 ], [ -91.4210991, 44.369596 ], [ -91.4191961, 44.368242 ], [ -91.4180921, 44.371264 ], [ -91.4080091, 44.370663 ], [ -91.4081241, 44.365016 ], [ -91.4004511, 44.365104 ], [ -91.4004521, 44.363302 ], [ -91.4116481, 44.363322 ], [ -91.411646100000013, 44.360719 ], [ -91.4146941, 44.359847 ], [ -91.4144991, 44.357549 ], [ -91.4162841, 44.357355 ], [ -91.4141141, 44.356474 ], [ -91.4188501, 44.354086 ], [ -91.4165051, 44.352107 ], [ -91.4188001, 44.350132 ], [ -91.4207641, 44.356402 ], [ -91.4385791, 44.345541 ] ] ] } },
{ "type": "Feature", "properties": { "state_po": "WI", "county_geoid": "55121", "pwsid": "WI6620275", "pws_name": "WHITEHALL WATERWORKS", "population_served_count": 1820, "model_method": "Random Forest", "verification_status": "", "symbology_field": "Modeled", "intersection_area_sq_km": 1.8887841805482208 }, "geometry": { "type": "Polygon", "coordinates": [ [ [ -91.3057251, 44.353413 ], [ -91.3072031, 44.356493 ], [ -91.3170031, 44.356481 ], [ -91.3181181, 44.366325 ], [ -91.3321211, 44.366355 ], [ -91.3317821, 44.368774 ], [ -91.3391471, 44.370879 ], [ -91.3373831, 44.372167 ], [ -91.3214671, 44.369033 ], [ -91.3199141, 44.372043 ], [ -91.3161231, 44.372465 ], [ -91.3140591, 44.371 ], [ -91.3148101, 44.369406 ], [ -91.3123711, 44.368592 ], [ -91.3129731, 44.367273 ], [ -91.3083271, 44.366115 ], [ -91.3058581, 44.363774 ], [ -91.307093099999989, 44.362655 ], [ -91.3040421, 44.355514 ], [ -91.3057251, 44.353413 ] ] ] } },
{ "type": "Feature", "properties": { "state_po": "WI", "county_geoid": "55121", "pwsid": "WI6620273", "pws_name": "ETTRICK WATERWORKS", "population_served_count": 536, "model_method": "Random Forest", "verification_status": "", "symbology_field": "Modeled", "intersection_area_sq_km": 1.5210299309315312 }, "geometry": { "type": "Polygon", "coordinates": [ [ [ -91.2524851, 44.16232 ], [ -91.2575011, 44.163785 ], [ -91.2574911, 44.164892 ], [ -91.2744491, 44.164873 ], [ -91.2752611, 44.16638 ], [ -91.2657931, 44.173498 ], [ -91.2661041, 44.17554 ], [ -91.2612441, 44.179609 ], [ -91.2582701, 44.180441 ], [ -91.2571191, 44.179962 ], [ -91.2633631, 44.175677 ], [ -91.2624611, 44.171262 ], [ -91.2524031, 44.17097 ], [ -91.2524851, 44.16232 ] ] ] } },
{ "type": "Feature", "properties": { "state_po": "WI", "county_geoid": "55121", "pwsid": "WI6620274", "pws_name": "BLAIR WATERWORKS", "population_served_count": 1280, "model_method": "Random Forest", "verification_status": "", "symbology_field": "Modeled", "intersection_area_sq_km": 1.9587802162468 }, "geometry": { "type": "MultiPolygon", "coordinates": [ [ [ [ -91.2330471, 44.298393 ], [ -91.2327551, 44.296697 ], [ -91.2303221, 44.296438 ], [ -91.2014871, 44.299729 ], [ -91.2042341, 44.29933 ], [ -91.2029001, 44.297089 ], [ -91.2064241, 44.294759 ], [ -91.2065011, 44.297993 ], [ -91.2115031, 44.298047 ], [ -91.2112751, 44.292751 ], [ -91.2140721, 44.292781 ], [ -91.2141231, 44.291037 ], [ -91.2113511, 44.2909 ], [ -91.211357100000015, 44.290823 ], [ -91.2271831, 44.290979 ], [ -91.2271331, 44.28934 ], [ -91.2316851, 44.289316 ], [ -91.2317631, 44.290968 ], [ -91.2425681, 44.290871 ], [ -91.2415901, 44.295828 ], [ -91.2402531, 44.296491 ], [ -91.2393931, 44.295371 ], [ -91.2330471, 44.298393 ] ] ], [ [ [ -91.2316671, 44.301789 ], [ -91.2334081, 44.299906 ], [ -91.2395791, 44.301258 ], [ -91.2316671, 44.301789 ] ] ] ] } },
{ "type": "Feature", "properties": { "state_po": "WI", "county_geoid": "55121", "pwsid": "WI6620328", "pws_name": "OSSEO WATERWORKS", "population_served_count": 1701, "model_method": "Decision Tree", "verification_status": "", "symbology_field": "Modeled", "intersection_area_sq_km": 4.528431283709156 }, "geometry": { "type": "Polygon", "coordinates": [ [ [ -91.1915791, 44.5682131 ], [ -91.2016901, 44.575536100000022 ], [ -91.2038301, 44.57551010000001 ], [ -91.2039061, 44.571945099999972 ], [ -91.2061421, 44.5719561 ], [ -91.2064651, 44.5755461 ], [ -91.211491099999989, 44.575549100000018 ], [ -91.2113851, 44.573620100000042 ], [ -91.2077191, 44.573116100000021 ], [ -91.2088031, 44.571266099999981 ], [ -91.2247251, 44.57176409999996 ], [ -91.2242401, 44.573165099999969 ], [ -91.2269201, 44.573200099999987 ], [ -91.2269301, 44.575665100000023 ], [ -91.2320151, 44.575733099999987 ], [ -91.2324441, 44.577289099999987 ], [ -91.2297261, 44.57871609999998 ], [ -91.2347671, 44.577783099999969 ], [ -91.2369981, 44.580889099999986 ], [ -91.2268781, 44.579379099999976 ], [ -91.2185141, 44.586238099999946 ], [ -91.2121741, 44.588679100000022 ], [ -91.2062361, 44.58059410000002 ], [ -91.2096961, 44.5865531 ], [ -91.2024401, 44.586519100000018 ], [ -91.2015191, 44.590156100000023 ], [ -91.2002431, 44.586511100000017 ], [ -91.195911099999989, 44.586492099999987 ], [ -91.1951581, 44.5909051 ], [ -91.1892861, 44.5909281 ], [ -91.1918971, 44.588712100000016 ], [ -91.1937901, 44.5901271 ], [ -91.1937981, 44.587347099999967 ], [ -91.1893541, 44.58778010000001 ], [ -91.1903271, 44.585801100000012 ], [ -91.1887831, 44.584509099999963 ], [ -91.1960071, 44.580962100000029 ], [ -91.1961211, 44.57552110000001 ], [ -91.1911541, 44.5761221 ], [ -91.1915791, 44.5682131 ] ] ] } },
{ "type": "Feature", "properties": { "state_po": "WI", "county_geoid": "55121", "pwsid": "WI6620329", "pws_name": "PIGEON FALLS WATERWORKS", "population_served_count": 409, "model_method": "Random Forest", "verification_status": "", "symbology_field": "Modeled", "intersection_area_sq_km": 1.021269111838758 }, "geometry": { "type": "Polygon", "coordinates": [ [ [ -91.2209591, 44.416975 ], [ -91.2162731, 44.420249 ], [ -91.2161321, 44.422525 ], [ -91.2142741, 44.422522 ], [ -91.2151801, 44.426071 ], [ -91.2108691, 44.426894 ], [ -91.2149851, 44.429621099999963 ], [ -91.2003341, 44.429649099999985 ], [ -91.1986471, 44.428346100000049 ], [ -91.1998861, 44.4225131 ], [ -91.2099701, 44.422501 ], [ -91.2107881, 44.420264 ], [ -91.2145651, 44.421451 ], [ -91.2188101, 44.416786 ], [ -91.2209591, 44.416975 ] ] ] } },
{ "type": "Feature", "properties": { "state_po": "WI", "county_geoid": "55075", "pwsid": "WI7210110", "pws_name": "WABENO SANITARY DIST 1", "population_served_count": 750, "model_method": "Random Forest", "verification_status": "", "symbology_field": "Modeled", "intersection_area_sq_km": 0.00089908794266439144 }, "geometry": { "type": "Polygon", "coordinates": [ [ [ -88.426522267789665, 45.426147523209792 ], [ -88.426627400000015, 45.42197639999997 ], [ -88.426690341193449, 45.420586929474688 ], [ -88.426522267789665, 45.426147523209792 ] ] ] } },
{ "type": "Feature", "properties": { "state_po": "WI", "county_geoid": "55075", "pwsid": "WI4380438", "pws_name": "GOODMAN SANITARY DIST NO 1", "population_served_count": 350, "model_method": "Random Forest", "verification_status": "", "symbology_field": "Modeled", "intersection_area_sq_km": 0.71470602920653592 }, "geometry": { "type": "MultiPolygon", "coordinates": [ [ [ [ -88.3696824, 45.62761339999998 ], [ -88.3653324, 45.628221399999987 ], [ -88.3622264, 45.631514400000029 ], [ -88.3632654, 45.638150399999986 ], [ -88.3543084, 45.631681399999941 ], [ -88.350246399999989, 45.6310724 ], [ -88.3502424, 45.629999400000017 ], [ -88.353595399999989, 45.630158399999971 ], [ -88.3537894, 45.628156399999973 ], [ -88.3632414, 45.628378399999974 ], [ -88.3661954, 45.6251964 ], [ -88.3689474, 45.6251834 ], [ -88.3696824, 45.62761339999998 ] ] ], [ [ [ -88.425360927151274, 45.715483240295796 ], [ -88.4252774, 45.7083214 ], [ -88.425421706660813, 45.708320855510848 ], [ -88.425360927151274, 45.715483240295796 ] ] ] ] } },
{ "type": "Feature", "properties": { "state_po": "WI", "county_geoid": "55075", "pwsid": "WI4380444", "pws_name": "POUND WATERWORKS", "population_served_count": 349, "model_method": "Random Forest", "verification_status": "", "symbology_field": "Modeled", "intersection_area_sq_km": 0.99039652383163268 }, "geometry": { "type": "Polygon", "coordinates": [ [ [ -88.0439302, 45.0905994 ], [ -88.0441372, 45.097843400000023 ], [ -88.0390192, 45.09780939999996 ], [ -88.0390322, 45.0998124 ], [ -88.0339212, 45.101357400000026 ], [ -88.0339082, 45.09421640000005 ], [ -88.03173120000001, 45.094166399999985 ], [ -88.0337042, 45.0868864 ], [ -88.0386742, 45.086931400000019 ], [ -88.0388492, 45.090568399999967 ], [ -88.0439302, 45.0905994 ] ] ] } },
{ "type": "Feature", "properties": { "state_po": "WI", "county_geoid": "55075", "pwsid": "MI0001980", "pws_name": "BREITUNG TWP.-EAST KINGSFORD", "population_served_count": 1200, "model_method": "Random Forest", "verification_status": "", "symbology_field": "Modeled", "intersection_area_sq_km": 0.0036116134756226321 }, "geometry": { "type": "MultiPolygon", "coordinates": [ [ [ [ -87.989645655716117, 45.77201721411906 ], [ -87.986468405551008, 45.769625662447609 ], [ -87.9885933, 45.7709875 ], [ -87.989645655716117, 45.77201721411906 ] ] ], [ [ [ -87.9896623, 45.772033500000035 ], [ -87.989811785787808, 45.772853476328976 ], [ -87.989656537985354, 45.772027862060433 ], [ -87.9896623, 45.772033500000035 ] ] ], [ [ [ -87.989814887613036, 45.772869967976881 ], [ -87.9887943, 45.773471500000035 ], [ -87.988424129599082, 45.773602637433569 ], [ -87.989814887613036, 45.772869967976881 ] ] ], [ [ [ -87.9864133, 45.774544499999983 ], [ -87.98596673869433, 45.774752909864674 ], [ -87.986418554577583, 45.774541426511732 ], [ -87.9864133, 45.774544499999983 ] ] ] ] } },
{ "type": "Feature", "properties": { "state_po": "WI", "county_geoid": "55075", "pwsid": "WI4380440", "pws_name": "NORTHLAND MISSION", "population_served_count": 75, "model_method": "Decision Tree", "verification_status": "", "symbology_field": "Modeled", "intersection_area_sq_km": 0.2187311758925331 }, "geometry": { "type": "Polygon", "coordinates": [ [ [ -88.1677993, 45.649642399999955 ], [ -88.1752713, 45.650795399999978 ], [ -88.1758703, 45.6493414 ], [ -88.1782903, 45.6494174 ], [ -88.1768683, 45.652316400000011 ], [ -88.1794973, 45.653037400000017 ], [ -88.1991483, 45.654629400000026 ], [ -88.1793223, 45.6534704 ], [ -88.1677993, 45.649642399999955 ] ] ] } },
{ "type": "Feature", "properties": { "state_po": "WI", "county_geoid": "55075", "pwsid": "WI4380411", "pws_name": "CRIVITZ WATERWORKS", "population_served_count": 1026, "model_method": "Decision Tree", "verification_status": "", "symbology_field": "Modeled", "intersection_area_sq_km": 3.0862422936247009 }, "geometry": { "type": "MultiPolygon", "coordinates": [ [ [ [ -88.0154962, 45.23015740000001 ], [ -88.0148752, 45.230967399999976 ], [ -88.0141522, 45.231082399999977 ], [ -88.0121692, 45.230755399999985 ], [ -88.0110382, 45.2300634 ], [ -88.0109822, 45.229093399999975 ], [ -88.0115332, 45.228679400000011 ], [ -88.0125892, 45.2286334 ], [ -88.0142192, 45.229174399999977 ], [ -88.0151542, 45.228130399999962 ], [ -88.012665200000015, 45.226615400000014 ], [ -88.0119072, 45.226546400000032 ], [ -88.0103032, 45.227197400000016 ], [ -88.0095542, 45.2269084 ], [ -88.0095152, 45.226285399999966 ], [ -88.0104702, 45.224138399999966 ], [ -88.0116202, 45.223324399999981 ], [ -88.0115692, 45.223068400000038 ], [ -88.0104852, 45.2231634 ], [ -88.0098952, 45.222855400000022 ], [ -88.0089822, 45.2218274 ], [ -88.0129802, 45.222975399999932 ], [ -88.0098432, 45.226915400000017 ], [ -88.0123252, 45.2263044 ], [ -88.015298199999989, 45.228087400000064 ], [ -88.0144232, 45.2292794 ], [ -88.0113972, 45.228919399999945 ], [ -88.0114302, 45.2301444 ], [ -88.0154962, 45.23015740000001 ] ] ], [ [ [ -88.0187942, 45.2370324 ], [ -88.0172812, 45.237198400000011 ], [ -88.0162482, 45.2366664 ], [ -88.0162532, 45.234293399999984 ], [ -88.0131222, 45.232449400000014 ], [ -88.0169122, 45.2343474 ], [ -88.0167222, 45.236610399999982 ], [ -88.0187942, 45.2370324 ] ] ], [ [ [ -88.0079002, 45.228192399999962 ], [ -88.0115032, 45.234307400000013 ], [ -88.0132782, 45.234388400000022 ], [ -88.0132772, 45.2380424 ], [ -88.0205962, 45.238842399999974 ], [ -88.0195822, 45.2499504 ], [ -88.0143932, 45.249957399999985 ], [ -88.0141612, 45.243046399999983 ], [ -88.0080002, 45.242729399999959 ], [ -88.0080182, 45.2390824 ], [ -88.0003272, 45.239077399999971 ], [ -88.0019482, 45.232987399999985 ], [ -87.9964502, 45.23292040000004 ], [ -87.9962392, 45.235394400000011 ], [ -87.988596199999989, 45.235348400000014 ], [ -87.9885932, 45.232468400000045 ], [ -87.9866802, 45.231690400000026 ], [ -87.9885952, 45.231086400000031 ], [ -87.9885952, 45.2285884 ], [ -87.9937452, 45.23015740000001 ], [ -87.9937332, 45.224496400000042 ], [ -87.9968632, 45.2245234 ], [ -87.9969262, 45.2232324 ], [ -87.9987482, 45.224524400000057 ], [ -88.0060852, 45.224569399999957 ], [ -88.004328199999989, 45.227015399999942 ], [ -88.0087582, 45.222092400000037 ], [ -88.0100782, 45.223158399999988 ], [ -88.011313199999989, 45.223202400000034 ], [ -88.0101872, 45.2241004 ], [ -88.0093222, 45.226234399999974 ], [ -88.0094082, 45.227036400000017 ], [ -88.0105412, 45.227326399999974 ], [ -88.0125732, 45.2267214 ], [ -88.0149392, 45.228211400000042 ], [ -88.0079002, 45.228192399999962 ] ], [ [ -87.9899502, 45.229865399999987 ], [ -87.9898792, 45.231096399999949 ], [ -87.9934532, 45.231116400000026 ], [ -87.9934532, 45.230179400000054 ], [ -87.9899502, 45.229865399999987 ] ] ] ] } },
{ "type": "Feature", "properties": { "state_po": "WI", "county_geoid": "55075", "pwsid": "WI4380436", "pws_name": "COLEMAN WATERWORKS", "population_served_count": 727, "model_method": "Random Forest", "verification_status": "", "symbology_field": "Modeled", "intersection_area_sq_km": 2.4965470399002858 }, "geometry": { "type": "Polygon", "coordinates": [ [ [ -88.0443332, 45.0606133 ], [ -88.0449692, 45.065261399999919 ], [ -88.0491632, 45.065401399999971 ], [ -88.0491722, 45.06552830000004 ], [ -88.0442282, 45.0653584 ], [ -88.0439492, 45.072556399999961 ], [ -88.0388352, 45.072501399999979 ], [ -88.0386772, 45.077857400000021 ], [ -88.0438672, 45.0781244 ], [ -88.0438062, 45.079759399999958 ], [ -88.0323592, 45.079648400000018 ], [ -88.0333852, 45.072421400000032 ], [ -88.0234562, 45.072335400000021 ], [ -88.0236972, 45.061456400000047 ], [ -88.0390692, 45.0616633 ], [ -88.0391272, 45.0596563 ], [ -88.0443332, 45.0606133 ] ] ] } },
{ "type": "Feature", "properties": { "state_po": "WI", "county_geoid": "55075", "pwsid": "WI4380445", "pws_name": "WAUSAUKEE WATERWORKS", "population_served_count": 593, "model_method": "Random Forest", "verification_status": "", "symbology_field": "Modeled", "intersection_area_sq_km": 2.072645906615775 }, "geometry": { "type": "Polygon", "coordinates": [ [ [ -87.9421012, 45.373993399999989 ], [ -87.9422962, 45.3667204 ], [ -87.9536342, 45.366927399999987 ], [ -87.953361199999989, 45.3694714 ], [ -87.9576422, 45.3705464 ], [ -87.9575462, 45.374308400000047 ], [ -87.9626802, 45.3743714 ], [ -87.9625572, 45.378001399999967 ], [ -87.9676882, 45.37806039999996 ], [ -87.9675992, 45.380737400000029 ], [ -87.9709122, 45.381703399999985 ], [ -87.9602222, 45.381578399999974 ], [ -87.9602282, 45.381975400000044 ], [ -87.9647262, 45.385265400000023 ], [ -87.9661272, 45.386785399999972 ], [ -87.9583342, 45.385204400000021 ], [ -87.9548892, 45.379654400000035 ], [ -87.9469522, 45.380077400000033 ], [ -87.9471712, 45.374089399999932 ], [ -87.9421012, 45.373993399999989 ] ] ] } },
{ "type": "Feature", "properties": { "state_po": "WI", "county_geoid": "55075", "pwsid": "WI4380439", "pws_name": "NIAGARA WATERWORKS", "population_served_count": 1615, "model_method": "Random Forest", "verification_status": "", "symbology_field": "Modeled", "intersection_area_sq_km": 7.9119030426793184 }, "geometry": { "type": "Polygon", "coordinates": [ [ [ -87.9826233, 45.782952500000015 ], [ -87.9817953, 45.775089499999979 ], [ -87.989940300000015, 45.773545500000012 ], [ -87.9916583, 45.771840500000032 ], [ -87.9891333, 45.769994500000017 ], [ -87.991719300000014, 45.7705435 ], [ -87.9726683, 45.765897499999973 ], [ -87.9726433, 45.7618685 ], [ -87.9775623, 45.762044499999966 ], [ -87.975773300000014, 45.764866499999954 ], [ -87.9789133, 45.7665855 ], [ -88.0037273, 45.765905499999974 ], [ -88.0033093, 45.770294499999935 ], [ -88.0137913, 45.769652500000021 ], [ -88.0138483, 45.773152499999959 ], [ -88.0189183, 45.773264499999989 ], [ -88.0138593, 45.7744385 ], [ -88.0138633, 45.776861500000038 ], [ -88.0189053, 45.7769375 ], [ -88.0189383, 45.7788175 ], [ -88.0242773, 45.77879250000003 ], [ -88.0242453, 45.776038499999984 ], [ -88.0291203, 45.77623649999996 ], [ -88.0292633, 45.779746500000023 ], [ -88.0241183, 45.77971249999996 ], [ -88.0229153, 45.7812725 ], [ -88.0242453, 45.784165499999958 ], [ -88.0191643, 45.784214500000047 ], [ -88.019271280270047, 45.79179392652388 ], [ -88.017588, 45.792455 ], [ -88.0053143, 45.79198149999997 ], [ -87.99882914179976, 45.794740787073408 ], [ -87.991447, 45.795393 ], [ -87.98794515398076, 45.793077924863503 ], [ -87.9826233, 45.782952500000015 ] ] ] } },
{ "type": "Feature", "properties": { "state_po": "WI", "county_geoid": "55111", "pwsid": "WI1530060", "pws_name": "CAZENOVIA WATERWORKS", "population_served_count": 351, "model_method": "Random Forest", "verification_status": "", "symbology_field": "Modeled", "intersection_area_sq_km": 0.033460792601466165 }, "geometry": { "type": "MultiPolygon", "coordinates": [ [ [ [ -90.192210478913395, 43.525109956240144 ], [ -90.1904317, 43.523169 ], [ -90.1915667, 43.521973 ], [ -90.192210478913395, 43.525109956240144 ] ] ], [ [ [ -90.1920917, 43.528813 ], [ -90.1919697, 43.527327 ], [ -90.192073284595551, 43.527224637388443 ], [ -90.1920917, 43.528813 ] ] ] ] } },
{ "type": "Feature", "properties": { "state_po": "WI", "county_geoid": "55111", "pwsid": "WI1570093", "pws_name": "MERRIMAC WATERWORKS", "population_served_count": 440, "model_method": "Decision Tree", "verification_status": "", "symbology_field": "Modeled", "intersection_area_sq_km": 1.8455897998275379 }, "geometry": { "type": "Polygon", "coordinates": [ [ [ -89.6007365, 43.380674 ], [ -89.6205795, 43.369083 ], [ -89.6257455, 43.373109 ], [ -89.6234545, 43.373131 ], [ -89.623693500000016, 43.37521 ], [ -89.6211015, 43.37488 ], [ -89.6193065, 43.376312 ], [ -89.6137835, 43.384358 ], [ -89.6107295, 43.38331 ], [ -89.6107195, 43.386624 ], [ -89.6076715, 43.387385 ], [ -89.6055165, 43.385692 ], [ -89.600835951698997, 43.386934787629762 ], [ -89.6007365, 43.380674 ] ] ] } },
{ "type": "Feature", "properties": { "state_po": "WI", "county_geoid": "55111", "pwsid": "WI1570097", "pws_name": "BLUFFVIEW SANITARY DISTRICT", "population_served_count": 450, "model_method": "OSM", "verification_status": "", "symbology_field": "Modeled", "intersection_area_sq_km": 0.27708595562461702 }, "geometry": { "type": "Polygon", "coordinates": [ [ [ -89.7732545, 43.364882 ], [ -89.7731765, 43.368039 ], [ -89.7711415, 43.36904 ], [ -89.7727935, 43.369241 ], [ -89.772687499999989, 43.372522 ], [ -89.7684025, 43.372443 ], [ -89.7688495, 43.364915 ], [ -89.7732545, 43.364882 ] ] ] } },
{ "type": "Feature", "properties": { "state_po": "WI", "county_geoid": "55111", "pwsid": "WI1570104", "pws_name": "ROCK SPRINGS WATERWORKS", "population_served_count": 292, "model_method": "Random Forest", "verification_status": "", "symbology_field": "Modeled", "intersection_area_sq_km": 2.9995154285021912 }, "geometry": { "type": "Polygon", "coordinates": [ [ [ -89.9066356, 43.474887 ], [ -89.9066096, 43.471269 ], [ -89.9132126, 43.471306 ], [ -89.9166416, 43.473457 ], [ -89.9165056, 43.471313 ], [ -89.9313826, 43.471286 ], [ -89.9332536, 43.475495 ], [ -89.9315406, 43.478551 ], [ -89.9343086, 43.478516 ], [ -89.9318636, 43.479949 ], [ -89.9264786, 43.479772 ], [ -89.9264916, 43.484117 ], [ -89.9206436, 43.484244 ], [ -89.9158716, 43.4779 ], [ -89.9174546, 43.485492 ], [ -89.913473599999989, 43.489482 ], [ -89.9153996, 43.485825 ], [ -89.906409599999989, 43.485809 ], [ -89.9066616, 43.478533 ], [ -89.9016716, 43.478516 ], [ -89.9016526, 43.474867 ], [ -89.9066356, 43.474887 ] ] ] } },
{ "type": "Feature", "properties": { "state_po": "WI", "county_geoid": "55111", "pwsid": "WI1570503", "pws_name": "EQUINOX REI LLC DELLWOOD ESTATES", "population_served_count": 70, "model_method": "Random Forest", "verification_status": "", "symbology_field": "Modeled", "intersection_area_sq_km": 3.0714061761106999 }, "geometry": { "type": "MultiPolygon", "coordinates": [ [ [ [ -89.8568696, 43.554511 ], [ -89.8522816, 43.555975 ], [ -89.8514146, 43.557703 ], [ -89.8520046, 43.55611 ], [ -89.851902600000017, 43.555999 ], [ -89.8516586, 43.556043 ], [ -89.8515176, 43.555805 ], [ -89.8510876, 43.555592 ], [ -89.8506436, 43.5556 ], [ -89.8507886, 43.555148 ], [ -89.850534599999989, 43.555224 ], [ -89.8506066, 43.555608 ], [ -89.8519656, 43.556179 ], [ -89.8501226, 43.559104 ], [ -89.8497276, 43.557104 ], [ -89.8422116, 43.559064 ], [ -89.8421546, 43.554353 ], [ -89.8568696, 43.554511 ] ] ], [ [ [ -89.8671486, 43.561949 ], [ -89.8671036, 43.576391 ], [ -89.857323600000015, 43.576347 ], [ -89.857233600000015, 43.57009 ], [ -89.8372086, 43.569759 ], [ -89.8386046, 43.563266 ], [ -89.8414686, 43.563314 ], [ -89.8415076, 43.561613 ], [ -89.8671486, 43.561949 ] ] ] ] } },
{ "type": "Feature", "properties": { "state_po": "WI", "county_geoid": "55111", "pwsid": "WI1570664", "pws_name": "LAKE DELTON WATERWORKS", "population_served_count": 2914, "model_method": "Decision Tree", "verification_status": "", "symbology_field": "Modeled", "intersection_area_sq_km": 0.29093881050878567 }, "geometry": { "type": "Polygon", "coordinates": [ [ [ -89.7781756, 43.561319 ], [ -89.7879216, 43.561374 ], [ -89.7879766, 43.564355 ], [ -89.7789866, 43.564551 ], [ -89.7783556, 43.569714 ], [ -89.7781756, 43.561319 ] ] ] } },
{ "type": "Feature", "properties": { "state_po": "WI", "county_geoid": "55111", "pwsid": "WI1571232", "pws_name": "DELL CREEK ESTATES", "population_served_count": 50, "model_method": "Random Forest", "verification_status": "", "symbology_field": "Modeled", "intersection_area_sq_km": 0.014067291183578134 }, "geometry": { "type": "Polygon", "coordinates": [ [ [ -89.8406286, 43.561607 ], [ -89.841506600000017, 43.563263 ], [ -89.8405946, 43.563343 ], [ -89.8406286, 43.561607 ] ] ] } },
{ "type": "Feature", "properties": { "state_po": "WI", "county_geoid": "55111", "pwsid": "WI1110113", "pws_name": "WISCONSIN DELLS WATERWORKS", "population_served_count": 3232, "model_method": "Random Forest", "verification_status": "", "symbology_field": "Modeled", "intersection_area_sq_km": 2.6119723558862464 }, "geometry": { "type": "MultiPolygon", "coordinates": [ [ [ [ -89.761134070617814, 43.603608840623892 ], [ -89.758982677600486, 43.603800222771049 ], [ -89.7604986, 43.603524 ], [ -89.761134070617814, 43.603608840623892 ] ] ], [ [ [ -89.766692633483032, 43.606051370726881 ], [ -89.767467599999989, 43.606317 ], [ -89.768290364484173, 43.607057193312521 ], [ -89.766692633483032, 43.606051370726881 ] ] ], [ [ [ -89.7690486, 43.60838 ], [ -89.769718, 43.610021 ], [ -89.76829974154434, 43.607065629191496 ], [ -89.7690486, 43.60838 ] ] ], [ [ [ -89.7734336, 43.611785 ], [ -89.774365270902294, 43.612285762458825 ], [ -89.773039606954427, 43.611639755417301 ], [ -89.7734336, 43.611785 ] ] ], [ [ [ -89.7816616, 43.633256 ], [ -89.7792626, 43.628527 ], [ -89.782975600000015, 43.627444 ], [ -89.7861426, 43.625736 ], [ -89.7850436, 43.623953 ], [ -89.7847436, 43.625974 ], [ -89.779546792492198, 43.627678060452894 ], [ -89.782352, 43.625645 ], [ -89.773369, 43.620348 ], [ -89.774458297158603, 43.612335762269083 ], [ -89.7758126, 43.615494 ], [ -89.7738596, 43.619174 ], [ -89.7772736, 43.619772 ], [ -89.7831666, 43.618153 ], [ -89.7810686, 43.615487 ], [ -89.7943426, 43.61554 ], [ -89.7945136, 43.61761 ], [ -89.7961136, 43.617598 ], [ -89.7940066, 43.624791 ], [ -89.8038146, 43.625904 ], [ -89.7963616, 43.626461 ], [ -89.7946616, 43.625364 ], [ -89.7912946, 43.626613 ], [ -89.790604590362221, 43.640988023564432 ], [ -89.78832107797075, 43.64104776216503 ], [ -89.7816616, 43.633256 ] ], [ [ -89.7816706, 43.632022 ], [ -89.7841376, 43.635215 ], [ -89.7842176, 43.635198 ], [ -89.7816706, 43.632022 ] ] ] ] } },
{ "type": "Feature", "properties": { "state_po": "WI", "county_geoid": "55111", "pwsid": "WI1570086", "pws_name": "LOWER DELLS ESTATES", "population_served_count": 75, "model_method": "Random Forest", "verification_status": "", "symbology_field": "Modeled", "intersection_area_sq_km": 7.9531851783657483 }, "geometry": { "type": "Polygon", "coordinates": [ [ [ -89.7190315, 43.559512 ], [ -89.7505906, 43.567106 ], [ -89.7633066, 43.568513 ], [ -89.7633116, 43.582975 ], [ -89.7502406, 43.582795 ], [ -89.7509006, 43.584649 ], [ -89.7533806, 43.584684 ], [ -89.7534936, 43.592629 ], [ -89.7435386, 43.589602 ], [ -89.7429246, 43.586589 ], [ -89.7432066, 43.589503 ], [ -89.7385536, 43.589933 ], [ -89.7385216, 43.596588 ], [ -89.7241816, 43.598733 ], [ -89.7196215, 43.597945 ], [ -89.7189615, 43.595468 ], [ -89.7222575, 43.590702 ], [ -89.7301406, 43.58593 ], [ -89.7365466, 43.578306 ], [ -89.7354066, 43.572888 ], [ -89.7320406, 43.569644 ], [ -89.718692499999989, 43.56655 ], [ -89.7190315, 43.559512 ] ], [ [ -89.7447836, 43.58654 ], [ -89.7435726, 43.585735 ], [ -89.7429596, 43.586529 ], [ -89.7447836, 43.58654 ] ] ] } },
{ "type": "Feature", "properties": { "state_po": "WI", "county_geoid": "55111", "pwsid": "WI1570094", "pws_name": "PARK PLACE MHC LLC", "population_served_count": 37, "model_method": "Random Forest", "verification_status": "", "symbology_field": "Modeled", "intersection_area_sq_km": 0.0088768388257566919 }, "geometry": { "type": "Polygon", "coordinates": [ [ [ -89.630590500000011, 43.384956 ], [ -89.6318555, 43.385648 ], [ -89.6305795, 43.385607 ], [ -89.630590500000011, 43.384956 ] ] ] } },
{ "type": "Feature", "properties": { "state_po": "WI", "county_geoid": "55111", "pwsid": "WI1571282", "pws_name": "SPRING GREEN ESTATES SOUTH", "population_served_count": 40, "model_method": "Random Forest", "verification_status": "", "symbology_field": "Modeled", "intersection_area_sq_km": 1.7495084188129046 }, "geometry": { "type": "Polygon", "coordinates": [ [ [ -90.0940586, 43.167084900000049 ], [ -90.0937856, 43.1688249 ], [ -90.0835276, 43.168724900000058 ], [ -90.0789916, 43.171622899999988 ], [ -90.0739426, 43.17160190000002 ], [ -90.0739536, 43.168002899999976 ], [ -90.0640336, 43.168940899999988 ], [ -90.0640526, 43.159007899999978 ], [ -90.0666286, 43.1610299 ], [ -90.0679656, 43.160337900000023 ], [ -90.0656916, 43.159386900000023 ], [ -90.0696706, 43.1608639 ], [ -90.074942600000014, 43.1605329 ], [ -90.0835956, 43.165617899999965 ], [ -90.086075600000015, 43.164757900000019 ], [ -90.0940586, 43.167084900000049 ] ] ] } },
{ "type": "Feature", "properties": { "state_po": "WI", "county_geoid": "55111", "pwsid": "WI1570109", "pws_name": "SPRING GREEN WATERWORKS", "population_served_count": 1626, "model_method": "Random Forest", "verification_status": "", "symbology_field": "Modeled", "intersection_area_sq_km": 3.7938949932116364 }, "geometry": { "type": "MultiPolygon", "coordinates": [ [ [ [ -90.0601796, 43.16175590000006 ], [ -90.0540616, 43.161762900000021 ], [ -90.0518856, 43.167755899999968 ], [ -90.0640286, 43.16783590000005 ], [ -90.0640336, 43.168940899999988 ], [ -90.0739536, 43.168002899999976 ], [ -90.0739426, 43.17160190000002 ], [ -90.0789916, 43.171622899999988 ], [ -90.0789866, 43.175244900000031 ], [ -90.0739406, 43.175225899999987 ], [ -90.0745696, 43.184693899999985 ], [ -90.0731376, 43.182452900000023 ], [ -90.0689936, 43.1824949 ], [ -90.0689786, 43.185465899999983 ], [ -90.0661096, 43.185489900000036 ], [ -90.0640356, 43.182508899999988 ], [ -90.0641566, 43.185674900000038 ], [ -90.0691676, 43.189674899999964 ], [ -90.0639836, 43.189791899999989 ], [ -90.06397960000001, 43.187817899999985 ], [ -90.0614206, 43.187548899999967 ], [ -90.0614206, 43.183656899999953 ], [ -90.0640056, 43.185567900000038 ], [ -90.0640006, 43.183545899999963 ], [ -90.0582936, 43.179958899999981 ], [ -90.0590616, 43.1756489 ], [ -90.0498876, 43.175147899999985 ], [ -90.044445599999989, 43.1709259 ], [ -90.0498386, 43.167428900000012 ], [ -90.0532596, 43.157586899999941 ], [ -90.0543756, 43.158460899999959 ], [ -90.0563626, 43.1571259 ], [ -90.0601796, 43.16175590000006 ] ] ], [ [ [ -90.0754466, 43.187196900000053 ], [ -90.0779926, 43.188157900000029 ], [ -90.0779656, 43.1897559 ], [ -90.073855600000016, 43.189705899999986 ], [ -90.0738806, 43.1852209 ], [ -90.0754826, 43.1852569 ], [ -90.0754466, 43.187196900000053 ] ] ], [ [ [ -90.0822776, 43.189816899999968 ], [ -90.0781036, 43.188873900000011 ], [ -90.0823436, 43.188296900000026 ], [ -90.0822776, 43.189816899999968 ] ] ] ] } },
{ "type": "Feature", "properties": { "state_po": "WI", "county_geoid": "55111", "pwsid": "WI1530061", "pws_name": "LONE ROCK WATERWORKS", "population_served_count": 895, "model_method": "Random Forest", "verification_status": "", "symbology_field": "Modeled", "intersection_area_sq_km": 0.00031206646235782743 }, "geometry": { "type": "Polygon", "coordinates": [ [ [ -90.192538666074, 43.18192659401582 ], [ -90.1925126, 43.1807059 ], [ -90.192524600000013, 43.180384899999979 ], [ -90.192538666074, 43.18192659401582 ] ] ] } },
{ "type": "Feature", "properties": { "state_po": "WI", "county_geoid": "55111", "pwsid": "WI1570849", "pws_name": "IRONTON WATERWORKS", "population_served_count": 253, "model_method": "Decision Tree", "verification_status": "", "symbology_field": "Modeled", "intersection_area_sq_km": 0.063211760452930435 }, "geometry": { "type": "Polygon", "coordinates": [ [ [ -90.1400037, 43.543313 ], [ -90.1413287, 43.546181 ], [ -90.1426477, 43.547978 ], [ -90.1401147, 43.547102 ], [ -90.1400037, 43.543313 ] ] ] } },
{ "type": "Feature", "properties": { "state_po": "WI", "county_geoid": "55111", "pwsid": "WI1570113", "pws_name": "LA VALLE WATERWORKS", "population_served_count": 365, "model_method": "Decision Tree", "verification_status": "", "symbology_field": "Modeled", "intersection_area_sq_km": 0.44108650891322132 }, "geometry": { "type": "Polygon", "coordinates": [ [ [ -90.1334267, 43.582281 ], [ -90.137958700000013, 43.587443 ], [ -90.1306447, 43.586949 ], [ -90.1293847, 43.584328 ], [ -90.1281167, 43.585955 ], [ -90.1272847, 43.581854 ], [ -90.1231267, 43.58152 ], [ -90.1231257, 43.579393 ], [ -90.1280677, 43.579375 ], [ -90.1334267, 43.582281 ] ] ] } },
{ "type": "Feature", "properties": { "state_po": "WI", "county_geoid": "55111", "pwsid": "WI1570098", "pws_name": "PLAIN WATERWORKS", "population_served_count": 792, "model_method": "Random Forest", "verification_status": "", "symbology_field": "Modeled", "intersection_area_sq_km": 1.5041904014686867 }, "geometry": { "type": "Polygon", "coordinates": [ [ [ -90.0390416, 43.2678149 ], [ -90.0439486, 43.2677959 ], [ -90.0439746, 43.271466899999965 ], [ -90.0512886, 43.2714689 ], [ -90.0513796, 43.280043900000038 ], [ -90.0416346, 43.281477899999942 ], [ -90.0359496, 43.280012899999974 ], [ -90.0363096, 43.277825899999961 ], [ -90.0328096, 43.27539690000004 ], [ -90.0366256, 43.27506689999997 ], [ -90.0365676, 43.272197899999952 ], [ -90.034001600000011, 43.27146190000002 ], [ -90.0390316, 43.2714649 ], [ -90.0390416, 43.2678149 ] ] ] } },
{ "type": "Feature", "properties": { "state_po": "WI", "county_geoid": "55111", "pwsid": "WI1570099", "pws_name": "MAPLE PARK CONDOMINIUMS", "population_served_count": 150, "model_method": "Random Forest", "verification_status": "", "symbology_field": "Modeled", "intersection_area_sq_km": 0.061039057244784214 }, "geometry": { "type": "MultiPolygon", "coordinates": [ [ [ [ -89.7695885, 43.351861 ], [ -89.7685465, 43.354005 ], [ -89.7676135, 43.351689 ], [ -89.7695885, 43.351861 ] ] ], [ [ [ -89.7696915, 43.364951 ], [ -89.7732165, 43.365896 ], [ -89.7696745, 43.365846 ], [ -89.7696915, 43.364951 ] ] ] ] } },
{ "type": "Feature", "properties": { "state_po": "WI", "county_geoid": "55111", "pwsid": "WI1570092", "pws_name": "LOGANVILLE WATERWORKS", "population_served_count": 300, "model_method": "Random Forest", "verification_status": "", "symbology_field": "Modeled", "intersection_area_sq_km": 0.31673049878547505 }, "geometry": { "type": "MultiPolygon", "coordinates": [ [ [ [ -90.0386166, 43.434812 ], [ -90.0387996, 43.439586 ], [ -90.0385166, 43.440341 ], [ -90.0385336, 43.441376 ], [ -90.0362526, 43.443638 ], [ -90.0336856, 43.434796 ], [ -90.0366116, 43.434819 ], [ -90.0367676, 43.433531 ], [ -90.0386166, 43.434812 ] ] ], [ [ [ -90.0437076, 43.440353 ], [ -90.0386476, 43.441358 ], [ -90.0385316, 43.440698 ], [ -90.0437076, 43.440353 ] ] ], [ [ [ -90.0380896, 43.442084 ], [ -90.0382166, 43.442921 ], [ -90.0379196, 43.443222 ], [ -90.0372986, 43.443619 ], [ -90.0366626, 43.443727 ], [ -90.0359526, 43.443682 ], [ -90.0371086, 43.44362 ], [ -90.0376786, 43.44336 ], [ -90.0380896, 43.442084 ] ] ] ] } },
{ "type": "Feature", "properties": { "state_po": "WI", "county_geoid": "55111", "pwsid": "WI1570096", "pws_name": "NORTH FREEDOM WATERWORKS", "population_served_count": 589, "model_method": "Random Forest", "verification_status": "", "symbology_field": "Modeled", "intersection_area_sq_km": 1.7179185589119674 }, "geometry": { "type": "Polygon", "coordinates": [ [ [ -89.8697946, 43.452082 ], [ -89.8692536, 43.467795 ], [ -89.8617816, 43.467776 ], [ -89.861788600000011, 43.463903 ], [ -89.8593676, 43.463902 ], [ -89.8593486, 43.4617 ], [ -89.8568426, 43.460873 ], [ -89.8469586, 43.460879 ], [ -89.846882600000015, 43.454468 ], [ -89.8497076, 43.453083 ], [ -89.8531706, 43.453073 ], [ -89.8512656, 43.454152 ], [ -89.8516236, 43.457096 ], [ -89.8548436, 43.454832 ], [ -89.8534616, 43.456428 ], [ -89.8574486, 43.45754 ], [ -89.8589966, 43.455968 ], [ -89.8667076, 43.457493 ], [ -89.866688599999989, 43.451265 ], [ -89.8682386, 43.451286 ], [ -89.8697946, 43.452082 ] ] ] } },
{ "type": "Feature", "properties": { "state_po": "WI", "county_geoid": "55111", "pwsid": "WI1570112", "pws_name": "WEST BARABOO WATERWORKS", "population_served_count": 1414, "model_method": "Random Forest", "verification_status": "", "symbology_field": "Modeled", "intersection_area_sq_km": 2.0999481714395727 }, "geometry": { "type": "MultiPolygon", "coordinates": [ [ [ [ -89.7818156, 43.460031 ], [ -89.7689585, 43.459943 ], [ -89.7688165, 43.452783 ], [ -89.7823966, 43.452774 ], [ -89.7818156, 43.460031 ] ] ], [ [ [ -89.7687545, 43.474739 ], [ -89.7670555, 43.474805 ], [ -89.7670485, 43.477085 ], [ -89.7689135, 43.477086 ], [ -89.7695416, 43.480073 ], [ -89.7736326, 43.485965 ], [ -89.7736046, 43.487358 ], [ -89.7728476, 43.485507 ], [ -89.7679196, 43.485549 ], [ -89.7686926, 43.488013 ], [ -89.7646835, 43.487842 ], [ -89.7625305, 43.477088 ], [ -89.7652675, 43.474805 ], [ -89.7652545, 43.471957 ], [ -89.7687745, 43.471964 ], [ -89.7687545, 43.474739 ] ] ], [ [ [ -89.7741176, 43.486628 ], [ -89.7812336, 43.492416 ], [ -89.7810666, 43.496399 ], [ -89.7784426, 43.496353 ], [ -89.7779126, 43.494344 ], [ -89.7735056, 43.496158 ], [ -89.7741176, 43.486628 ] ] ] ] } },
{ "type": "Feature", "properties": { "state_po": "WI", "county_geoid": "55113", "pwsid": "WI8580533", "pws_name": "RADISSON WATERWORKS", "population_served_count": 241, "model_method": "Random Forest", "verification_status": "", "symbology_field": "Modeled", "intersection_area_sq_km": 0.65780103971772819 }, "geometry": { "type": "Polygon", "coordinates": [ [ [ -91.2173203, 45.7590682 ], [ -91.2188793, 45.764396200000014 ], [ -91.2210743, 45.76631129999992 ], [ -91.2248303, 45.766648199999985 ], [ -91.2253533, 45.7701252 ], [ -91.2181743, 45.773149300000028 ], [ -91.2133413, 45.773108300000033 ], [ -91.2197353, 45.770126199999972 ], [ -91.2197303, 45.768988300000018 ], [ -91.2151293, 45.769002200000024 ], [ -91.2151353, 45.7595892 ], [ -91.2173203, 45.7590682 ] ] ] } },
{ "type": "Feature", "properties": { "state_po": "WI", "county_geoid": "55113", "pwsid": "WI8580534", "pws_name": "WINTER WATERWORKS", "population_served_count": 344, "model_method": "Random Forest", "verification_status": "", "symbology_field": "Modeled", "intersection_area_sq_km": 0.80626828832111797 }, "geometry": { "type": "Polygon", "coordinates": [ [ [ -91.0079282, 45.815809299999984 ], [ -91.0184032, 45.8159193 ], [ -91.0182802, 45.819572300000033 ], [ -91.0236232, 45.819861300000035 ], [ -91.0114522, 45.8236623 ], [ -91.0114142, 45.8269853 ], [ -91.007798200000011, 45.826919300000021 ], [ -91.0079282, 45.815809299999984 ] ] ] } },
{ "type": "Feature", "properties": { "state_po": "WI", "county_geoid": "55113", "pwsid": "WI8581145", "pws_name": "FLAMBEAU CORRECTIONAL CENTER", "population_served_count": 120, "model_method": "Random Forest", "verification_status": "", "symbology_field": "Modeled", "intersection_area_sq_km": 0.062579180228255663 }, "geometry": { "type": "Polygon", "coordinates": [ [ [ -90.7427091, 45.6559583 ], [ -90.7425861, 45.6568763 ], [ -90.7389881, 45.659017300000038 ], [ -90.7403511, 45.657674299999954 ], [ -90.7390761, 45.6562373 ], [ -90.7427091, 45.6559583 ] ] ] } },
{ "type": "Feature", "properties": { "state_po": "WI", "county_geoid": "55113", "pwsid": "WI8581273", "pws_name": "BIG MUSKY RESORT", "population_served_count": 25, "model_method": "Decision Tree", "verification_status": "", "symbology_field": "Modeled", "intersection_area_sq_km": 0.84696340155405014 }, "geometry": { "type": "Polygon", "coordinates": [ [ [ -91.1958973, 45.910489300000016 ], [ -91.1939013, 45.9152203 ], [ -91.1960753, 45.9160073 ], [ -91.1956693, 45.920230300000028 ], [ -91.1937343, 45.920253300000027 ], [ -91.1937093, 45.915628300000037 ], [ -91.191139299999989, 45.9184423 ], [ -91.1925023, 45.919760300000014 ], [ -91.1906223, 45.92009029999997 ], [ -91.1944683, 45.922374300000023 ], [ -91.1952303, 45.925527300000027 ], [ -91.1910523, 45.928674299999948 ], [ -91.1885733, 45.929544299999954 ], [ -91.1879933, 45.931834299999977 ], [ -91.1880473, 45.929866300000029 ], [ -91.1888683, 45.929105300000032 ], [ -91.1910023, 45.92829930000002 ], [ -91.1917463, 45.925703300000031 ], [ -91.1882993, 45.9223283 ], [ -91.1872023, 45.9129143 ], [ -91.1893983, 45.9129283 ], [ -91.1890423, 45.909243300000028 ], [ -91.193594300000015, 45.9093943 ], [ -91.1936713, 45.908348299999929 ], [ -91.1958973, 45.910489300000016 ] ] ] } },
{ "type": "Feature", "properties": { "state_po": "WI", "county_geoid": "55113", "pwsid": "WI8660302", "pws_name": "BIRCHWOOD WATERWORKS", "population_served_count": 442, "model_method": "Random Forest", "verification_status": "", "symbology_field": "Modeled", "intersection_area_sq_km": 0.018817177191544038 }, "geometry": { "type": "Polygon", "coordinates": [ [ [ -91.539724299999989, 45.673615200000015 ], [ -91.540683064640831, 45.675890611787295 ], [ -91.5400013, 45.676072199999957 ], [ -91.539724299999989, 45.673615200000015 ] ] ] } },
{ "type": "Feature", "properties": { "state_po": "WI", "county_geoid": "55113", "pwsid": "WI8581004", "pws_name": "TAMARACK HEALTH HAYWARD MEDICAL CENTER", "population_served_count": 85, "model_method": "Random Forest", "verification_status": "", "symbology_field": "Modeled", "intersection_area_sq_km": 0.47706843688515693 }, "geometry": { "type": "Polygon", "coordinates": [ [ [ -91.488564400000016, 46.0411073 ], [ -91.4860394, 46.0410493 ], [ -91.4836564, 46.038081299999973 ], [ -91.4779234, 46.0353873 ], [ -91.4804164, 46.033167299999981 ], [ -91.482672400000013, 46.0340303 ], [ -91.4882924, 46.030737299999963 ], [ -91.488564400000016, 46.0411073 ] ] ] } },
{ "type": "Feature", "properties": { "state_po": "WI", "county_geoid": "55113", "pwsid": "WI8580537", "pws_name": "LUEDTKES MOBILE HOME PARK", "population_served_count": 50, "model_method": "Random Forest", "verification_status": "", "symbology_field": "Modeled", "intersection_area_sq_km": 0.34184419866949578 }, "geometry": { "type": "Polygon", "coordinates": [ [ [ -91.4984884, 45.990535299999983 ], [ -91.4951014, 45.995050299999967 ], [ -91.4882684, 45.995047300000024 ], [ -91.4884274, 45.9904843 ], [ -91.4984884, 45.990535299999983 ] ] ] } },
{ "type": "Feature", "properties": { "state_po": "WI", "county_geoid": "55113", "pwsid": "WI8580532", "pws_name": "HAYWARD WATER UTILITY", "population_served_count": 2340, "model_method": "Random Forest", "verification_status": "", "symbology_field": "Modeled", "intersection_area_sq_km": 7.3691592253927629 }, "geometry": { "type": "MultiPolygon", "coordinates": [ [ [ [ -91.492640400000013, 45.9980993 ], [ -91.4890744, 46.001788300000023 ], [ -91.4831584, 46.0043373 ], [ -91.4835564, 46.0006723 ], [ -91.4881644, 45.9991693 ], [ -91.4881804, 45.9978133 ], [ -91.492640400000013, 45.9980993 ] ] ], [ [ [ -91.4622544, 45.9975173 ], [ -91.4743314, 45.999266299999988 ], [ -91.4764004, 46.004951300000016 ], [ -91.4797134, 46.00606830000001 ], [ -91.4818984, 46.00475830000002 ], [ -91.4847364, 46.008753300000045 ], [ -91.4876474, 46.004635299999968 ], [ -91.4918294, 46.002451299999947 ], [ -91.4960434, 46.005136299999968 ], [ -91.503386400000011, 46.000541300000044 ], [ -91.5073624, 46.001377300000023 ], [ -91.5068524, 45.99856429999997 ], [ -91.5091604, 45.999262300000012 ], [ -91.5091694, 46.005016299999966 ], [ -91.503935399999989, 46.00414830000004 ], [ -91.5039224, 46.012279299999989 ], [ -91.5016834, 46.01227829999997 ], [ -91.4997684, 46.014879300000011 ], [ -91.4986214, 46.012304300000018 ], [ -91.4986804, 46.019629299999984 ], [ -91.4934434, 46.0196403 ], [ -91.4935044, 46.0268803 ], [ -91.4873034, 46.026849299999988 ], [ -91.4827504, 46.023171300000072 ], [ -91.4791914, 46.023240299999948 ], [ -91.4794534, 46.020921300000019 ], [ -91.4758444, 46.018701300000011 ], [ -91.4705864, 46.020947299999989 ], [ -91.472360400000014, 46.0194633 ], [ -91.4678384, 46.019330299999979 ], [ -91.4674854, 46.017398300000025 ], [ -91.4711354, 46.015681300000047 ], [ -91.4677414, 46.0134943 ], [ -91.4570864, 46.0106623 ], [ -91.4533484, 46.0116403 ], [ -91.4518604, 46.0101793 ], [ -91.4552924, 46.010373299999983 ], [ -91.4565004, 46.0073803 ], [ -91.4466554, 46.006713300000051 ], [ -91.4466354, 46.004615300000033 ], [ -91.4521104, 46.004552300000036 ], [ -91.4567024, 46.001259300000065 ], [ -91.462227399999989, 46.002816300000013 ], [ -91.4622544, 45.9975173 ] ] ] ] } },
{ "type": "Feature", "properties": { "state_po": "WI", "county_geoid": "55113", "pwsid": "WI8581015", "pws_name": "EXELAND WATERWORKS", "population_served_count": 196, "model_method": "Random Forest", "verification_status": "", "symbology_field": "Modeled", "intersection_area_sq_km": 0.73584710096331662 }, "geometry": { "type": "Polygon", "coordinates": [ [ [ -91.2427243, 45.666492200000036 ], [ -91.2513163, 45.6737612 ], [ -91.2512943, 45.675301200000014 ], [ -91.2381793, 45.675299200000019 ], [ -91.240789299999989, 45.673082199999932 ], [ -91.2365063, 45.670369199999982 ], [ -91.2372383, 45.668439200000037 ], [ -91.2351223, 45.6680902 ], [ -91.2427243, 45.666492200000036 ] ] ] } },
{ "type": "Feature", "properties": { "state_po": "WI", "county_geoid": "55001", "pwsid": "WI1110113", "pws_name": "WISCONSIN DELLS WATERWORKS", "population_served_count": 3232, "model_method": "Random Forest", "verification_status": "", "symbology_field": "Modeled", "intersection_area_sq_km": 0.0012411953495248553 }, "geometry": { "type": "Polygon", "coordinates": [ [ [ -89.763937479675405, 43.641705639046364 ], [ -89.7636226, 43.641725 ], [ -89.749011600000017, 43.642219 ], [ -89.763937479675405, 43.641705639046364 ] ] ] } },
{ "type": "Feature", "properties": { "state_po": "WI", "county_geoid": "55001", "pwsid": "WI7010113", "pws_name": "CAMP DEEP LAKE LLC", "population_served_count": 75, "model_method": "Random Forest", "verification_status": "", "symbology_field": "Modeled", "intersection_area_sq_km": 0.10442394951445012 }, "geometry": { "type": "Polygon", "coordinates": [ [ [ -89.6474915, 43.774255 ], [ -89.6455915, 43.774702 ], [ -89.6391105, 43.777116 ], [ -89.6392835, 43.774253 ], [ -89.6474915, 43.774255 ] ] ] } },
{ "type": "Feature", "properties": { "state_po": "WI", "county_geoid": "55001", "pwsid": "WI7010423", "pws_name": "DELLS CLUB CONDO ASSOC 1", "population_served_count": 75, "model_method": "Random Forest", "verification_status": "", "symbology_field": "Modeled", "intersection_area_sq_km": 1.3890049871002617 }, "geometry": { "type": "MultiPolygon", "coordinates": [ [ [ [ -89.8302956, 43.727763 ], [ -89.8324776, 43.730996 ], [ -89.8270486, 43.727669 ], [ -89.8302956, 43.727763 ] ] ], [ [ [ -89.8424836, 43.754077 ], [ -89.8402416, 43.761282 ], [ -89.8413146, 43.762605 ], [ -89.8376006, 43.764012 ], [ -89.8375456, 43.741432 ], [ -89.8325766, 43.731168 ], [ -89.8379426, 43.731159 ], [ -89.8388506, 43.732339 ], [ -89.8424836, 43.754077 ] ] ] ] } },
{ "type": "Feature", "properties": { "state_po": "WI", "county_geoid": "55001", "pwsid": "WI7010072", "pws_name": "WESTWIND ESTATES", "population_served_count": 160, "model_method": "Random Forest", "verification_status": "", "symbology_field": "Modeled", "intersection_area_sq_km": 0.45444257142882133 }, "geometry": { "type": "MultiPolygon", "coordinates": [ [ [ [ -89.937741699999989, 43.913855099999978 ], [ -89.937668699999989, 43.917221100000027 ], [ -89.9320126, 43.914173100000014 ], [ -89.9262556, 43.916698100000012 ], [ -89.9252786, 43.915802099999979 ], [ -89.9310146, 43.913403100000032 ], [ -89.937741699999989, 43.913855099999978 ] ] ], [ [ [ -89.9374597, 43.9173941 ], [ -89.9404287, 43.922513100000018 ], [ -89.9276096, 43.922644099999978 ], [ -89.9374597, 43.9173941 ] ] ] ] } },
{ "type": "Feature", "properties": { "state_po": "WI", "county_geoid": "55001", "pwsid": "WI7010107", "pws_name": "ADAMS WATERWORKS", "population_served_count": 1847, "model_method": "Decision Tree", "verification_status": "", "symbology_field": "Modeled", "intersection_area_sq_km": 4.1747545450491117 }, "geometry": { "type": "Polygon", "coordinates": [ [ [ -89.8147486, 43.9523061 ], [ -89.8174846, 43.950754099999962 ], [ -89.8477176, 43.960623099999971 ], [ -89.8476836, 43.962739100000029 ], [ -89.8381116, 43.95976109999998 ], [ -89.8277166, 43.9596041 ], [ -89.8276376, 43.970961100000018 ], [ -89.8247146, 43.9711761 ], [ -89.8275776, 43.972005100000011 ], [ -89.8274496, 43.974159099999966 ], [ -89.8079126, 43.974105099999974 ], [ -89.8078206, 43.966827099999989 ], [ -89.8128426, 43.9668231 ], [ -89.8108446, 43.9595901 ], [ -89.8062956, 43.959588099999955 ], [ -89.8061146, 43.953387100000015 ], [ -89.8147486, 43.9523061 ] ] ] } },
{ "type": "Feature", "properties": { "state_po": "WI", "county_geoid": "55001", "pwsid": "WI7010110", "pws_name": "FRIENDSHIP WATERWORKS", "population_served_count": 781, "model_method": "Random Forest", "verification_status": "", "symbology_field": "Modeled", "intersection_area_sq_km": 1.6732277209147985 }, "geometry": { "type": "MultiPolygon", "coordinates": [ [ [ [ -89.8169706, 43.974539100000086 ], [ -89.8079126, 43.974105099999974 ], [ -89.8078206, 43.966827099999989 ], [ -89.8279086, 43.966826099999977 ], [ -89.8274496, 43.974159099999966 ], [ -89.832511599999989, 43.97418009999997 ], [ -89.8323916, 43.97676610000002 ], [ -89.8278156, 43.975671100000021 ], [ -89.8248256, 43.976625100000014 ], [ -89.8245186, 43.975523099999982 ], [ -89.8214766, 43.976671100000019 ], [ -89.8169706, 43.974539100000086 ] ] ], [ [ [ -89.8122956, 43.9766361 ], [ -89.8089456, 43.97794210000005 ], [ -89.8078856, 43.97771010000001 ], [ -89.807888600000013, 43.976321099999964 ], [ -89.8122956, 43.9766361 ] ] ], [ [ [ -89.8168066, 43.975019100000019 ], [ -89.8127236, 43.980840100000016 ], [ -89.8109016, 43.980769099999982 ], [ -89.8102996, 43.981547100000014 ], [ -89.808066599999989, 43.9815861 ], [ -89.8168066, 43.975019100000019 ] ] ] ] } },
{ "type": "Feature", "properties": { "state_po": "WI", "county_geoid": "55001", "pwsid": "WI7010114", "pws_name": "PRESTON PINES", "population_served_count": 38, "model_method": "Random Forest", "verification_status": "", "symbology_field": "Modeled", "intersection_area_sq_km": 0.3011783127992031 }, "geometry": { "type": "MultiPolygon", "coordinates": [ [ [ [ -89.816595600000014, 43.992270100000013 ], [ -89.8142686, 43.9960011 ], [ -89.8127756, 43.9959671 ], [ -89.8136126, 43.992241100000022 ], [ -89.816595600000014, 43.992270100000013 ] ] ], [ [ [ -89.8064676, 44.053830100000013 ], [ -89.8057846, 44.057028100000018 ], [ -89.7998056, 44.059161099999955 ], [ -89.8009776, 44.053890100000018 ], [ -89.8064676, 44.053830100000013 ] ] ] ] } },
{ "type": "Feature", "properties": { "state_po": "WI", "county_geoid": "55001", "pwsid": "WI7010424", "pws_name": "DELLS CLUB CONDO ASSOC 2", "population_served_count": 75, "model_method": "Random Forest", "verification_status": "", "symbology_field": "Modeled", "intersection_area_sq_km": 0.21598911163699233 }, "geometry": { "type": "Polygon", "coordinates": [ [ [ -89.8010536, 43.806172 ], [ -89.8009816, 43.812153 ], [ -89.7971386, 43.812198 ], [ -89.7971986, 43.805993 ], [ -89.8010536, 43.806172 ] ] ] } },
{ "type": "Feature", "properties": { "state_po": "WI", "county_geoid": "55001", "pwsid": "WI7010425", "pws_name": "DELLS CLUB CONDO ASSOC 3", "population_served_count": 75, "model_method": "Random Forest", "verification_status": "", "symbology_field": "Modeled", "intersection_area_sq_km": 0.08607322865203014 }, "geometry": { "type": "MultiPolygon", "coordinates": [ [ [ [ -89.7930646, 43.809877 ], [ -89.7914616, 43.809734 ], [ -89.7908456, 43.807956 ], [ -89.7920966, 43.807592 ], [ -89.7930646, 43.809877 ] ] ], [ [ [ -89.8192276, 43.836577 ], [ -89.8171106, 43.836779 ], [ -89.8177136, 43.832823 ], [ -89.8188386, 43.832818 ], [ -89.8192276, 43.836577 ] ] ] ] } },
{ "type": "Feature", "properties": { "state_po": "WI", "county_geoid": "55001", "pwsid": "WI7010108", "pws_name": "ROME WATER UTILITY", "population_served_count": 2775, "model_method": "Random Forest", "verification_status": "", "symbology_field": "Modeled", "intersection_area_sq_km": 7.8118700560911627 }, "geometry": { "type": "Polygon", "coordinates": [ [ [ -89.8081926, 44.201454099999985 ], [ -89.8082516, 44.209174099999984 ], [ -89.7943796, 44.209311099999958 ], [ -89.791732599999989, 44.213017099999981 ], [ -89.7824876, 44.21164109999998 ], [ -89.7799546, 44.2135841 ], [ -89.7779846, 44.2126041 ], [ -89.7794736, 44.2138091 ], [ -89.7759476, 44.2155061 ], [ -89.7736506, 44.213808099999987 ], [ -89.7749026, 44.2161091 ], [ -89.7724526, 44.216470100000016 ], [ -89.7683576, 44.2215671 ], [ -89.7687726, 44.223970099999967 ], [ -89.762407599999989, 44.221023100000025 ], [ -89.7376276, 44.221129100000041 ], [ -89.7377906, 44.208176099999974 ], [ -89.7437266, 44.208023100000034 ], [ -89.746371599999989, 44.2064091 ], [ -89.7481636, 44.2073941 ], [ -89.7490696, 44.206054100000038 ], [ -89.7581876, 44.2075511 ], [ -89.7623086, 44.206490099999961 ], [ -89.7653846, 44.207870099999973 ], [ -89.763438600000015, 44.209721100000017 ], [ -89.768032600000012, 44.20735609999997 ], [ -89.7685216, 44.2094591 ], [ -89.7701386, 44.207713099999964 ], [ -89.7752396, 44.210089100000033 ], [ -89.7726106, 44.2079921 ], [ -89.7757086, 44.2033481 ], [ -89.7780406, 44.203152099999976 ], [ -89.7780266, 44.199088100000019 ], [ -89.8011036, 44.199707100000026 ], [ -89.8081926, 44.201454099999985 ] ] ] } },
{ "type": "Feature", "properties": { "state_po": "WI", "county_geoid": "55099", "pwsid": "WI8510131", "pws_name": "PHILLIPS WATERWORKS", "population_served_count": 1675, "model_method": "Random Forest", "verification_status": "", "symbology_field": "Modeled", "intersection_area_sq_km": 2.8784983479179078 }, "geometry": { "type": "MultiPolygon", "coordinates": [ [ [ [ -90.393069, 45.680166299999975 ], [ -90.406134, 45.6800883 ], [ -90.40626, 45.683619300000061 ], [ -90.411392, 45.683377299999968 ], [ -90.411626, 45.691244299999973 ], [ -90.416667, 45.691668300000018 ], [ -90.416947, 45.69500830000004 ], [ -90.419687, 45.6947693 ], [ -90.412933, 45.700835299999987 ], [ -90.414762, 45.701830299999955 ], [ -90.419058, 45.700166299999957 ], [ -90.423404, 45.700963299999984 ], [ -90.413653, 45.702171299999968 ], [ -90.406892, 45.6957643 ], [ -90.397727, 45.6914973 ], [ -90.387203, 45.6828143 ], [ -90.386817, 45.6808483 ], [ -90.389865, 45.680668300000015 ], [ -90.387462, 45.6790233 ], [ -90.393131, 45.677860299999956 ], [ -90.393069, 45.680166299999975 ] ] ], [ [ [ -90.425587, 45.6931783 ], [ -90.421917, 45.6944583 ], [ -90.420917, 45.693438299999947 ], [ -90.425587, 45.6931783 ] ] ], [ [ [ -90.42215, 45.6945343 ], [ -90.421203, 45.695148300000078 ], [ -90.420794, 45.694660300000045 ], [ -90.42215, 45.6945343 ] ] ], [ [ [ -90.425777, 45.701008300000019 ], [ -90.431085, 45.7020833 ], [ -90.429887, 45.706988300000013 ], [ -90.428667, 45.702908299999969 ], [ -90.424767, 45.7022383 ], [ -90.425777, 45.701008300000019 ] ] ] ] } },
{ "type": "Feature", "properties": { "state_po": "WI", "county_geoid": "55099", "pwsid": "WI8510132", "pws_name": "PRENTICE WATERWORKS", "population_served_count": 660, "model_method": "Random Forest", "verification_status": "", "symbology_field": "Modeled", "intersection_area_sq_km": 1.6302025481573934 }, "geometry": { "type": "Polygon", "coordinates": [ [ [ -90.279312, 45.5350403 ], [ -90.288987, 45.536788299999969 ], [ -90.28878, 45.539357300000034 ], [ -90.300986, 45.541589300000027 ], [ -90.301148, 45.552551299999962 ], [ -90.287503, 45.55327230000001 ], [ -90.288747, 45.539538299999947 ], [ -90.279363, 45.537410300000076 ], [ -90.279312, 45.5350403 ] ] ] } },
{ "type": "Feature", "properties": { "state_po": "WI", "county_geoid": "55099", "pwsid": "WI8510130", "pws_name": "PARK FALLS WATERWORKS", "population_served_count": 2993, "model_method": "Random Forest", "verification_status": "", "symbology_field": "Modeled", "intersection_area_sq_km": 8.5829100990443195 }, "geometry": { "type": "MultiPolygon", "coordinates": [ [ [ [ -90.4481691, 45.912458299999955 ], [ -90.4509871, 45.9198283 ], [ -90.4526171, 45.9198283 ], [ -90.451247099999989, 45.922868300000012 ], [ -90.4528771, 45.923998300000029 ], [ -90.4611531, 45.923399299999971 ], [ -90.4610671, 45.924769300000023 ], [ -90.4633671, 45.924746300000031 ], [ -90.4633431, 45.9261763 ], [ -90.4582671, 45.92869130000004 ], [ -90.4583581, 45.934748299999953 ], [ -90.4683471, 45.934638299999989 ], [ -90.4683171, 45.938218300000052 ], [ -90.4579931, 45.938220299999948 ], [ -90.4580771, 45.934748299999953 ], [ -90.4530171, 45.934818299999947 ], [ -90.4527471, 45.938388300000021 ], [ -90.4656611, 45.9489113 ], [ -90.4681471, 45.948928300000034 ], [ -90.4680471, 45.9505583 ], [ -90.4655991, 45.9502643 ], [ -90.4630431, 45.95487030000001 ], [ -90.4612311, 45.952506299999961 ], [ -90.4475871, 45.9525813 ], [ -90.4476371, 45.94551830000001 ], [ -90.4424971, 45.945538299999988 ], [ -90.4400771, 45.9440483 ], [ -90.4307081, 45.952663299999969 ], [ -90.4267061, 45.9528323 ], [ -90.4258091, 45.958766299999979 ], [ -90.4228291, 45.961638300000018 ], [ -90.4235501, 45.949579300000032 ], [ -90.4267371, 45.949598299999984 ], [ -90.4268101, 45.945636300000018 ], [ -90.4320601, 45.9455823 ], [ -90.4321611, 45.941968300000013 ], [ -90.4375631, 45.940838299999953 ], [ -90.436213099999989, 45.940513300000013 ], [ -90.4371731, 45.938274299999989 ], [ -90.4306771, 45.9382783 ], [ -90.4391271, 45.934128300000012 ], [ -90.4392371, 45.931598300000054 ], [ -90.4433771, 45.931588299999945 ], [ -90.4429771, 45.926198299999982 ], [ -90.4375901, 45.917363300000012 ], [ -90.4410061, 45.919940300000029 ], [ -90.4453841, 45.9303393 ], [ -90.447138099999989, 45.931689299999988 ], [ -90.447725100000014, 45.9266663 ], [ -90.444504099999989, 45.925074300000013 ], [ -90.4411701, 45.918890299999966 ], [ -90.4481691, 45.912458299999955 ] ] ], [ [ [ -90.5285191, 45.939991299999981 ], [ -90.5276571, 45.9433783 ], [ -90.5257111, 45.943932300000021 ], [ -90.5271541, 45.9444193 ], [ -90.5231731, 45.9454183 ], [ -90.5205581, 45.949616299999974 ], [ -90.5212341, 45.94780829999997 ], [ -90.5177521, 45.947754300000014 ], [ -90.5180511, 45.9501053 ], [ -90.5156951, 45.9522593 ], [ -90.5168201, 45.957973299999942 ], [ -90.5150141, 45.963852299999964 ], [ -90.5186071, 45.967576299999969 ], [ -90.5174681, 45.970829300000013 ], [ -90.5133731, 45.973983300000015 ], [ -90.5144271, 45.976576299999977 ], [ -90.5090341, 45.9792793 ], [ -90.5113851, 45.979883299999983 ], [ -90.5090461, 45.9815623 ], [ -90.5008371, 45.9815623 ], [ -90.4997671, 45.977498300000043 ], [ -90.5100671, 45.9772883 ], [ -90.5154471, 45.969718300000025 ], [ -90.5133571, 45.961668300000035 ], [ -90.514097100000015, 45.953368299999951 ], [ -90.5100671, 45.953178299999948 ], [ -90.509987099999989, 45.938828299999983 ], [ -90.5285191, 45.939991299999981 ] ] ] ] } },
{ "type": "Feature", "properties": { "state_po": "WI", "county_geoid": "55099", "pwsid": "WI8510408", "pws_name": "FIFIELD SANITARY DISTRICT", "population_served_count": 300, "model_method": "Random Forest", "verification_status": "", "symbology_field": "Modeled", "intersection_area_sq_km": 0.17551767762345102 }, "geometry": { "type": "Polygon", "coordinates": [ [ [ -90.422137, 45.875378299999959 ], [ -90.422577, 45.880628299999962 ], [ -90.419157, 45.881688300000022 ], [ -90.417247, 45.878488300000051 ], [ -90.419737, 45.87870829999995 ], [ -90.420507, 45.874898299999984 ], [ -90.422137, 45.875378299999959 ] ] ] } },
{ "type": "Feature", "properties": { "state_po": "WI", "county_geoid": "55007", "pwsid": "WI8040126", "pws_name": "BAYFIELD WATERWORKS", "population_served_count": 488, "model_method": "Random Forest", "verification_status": "", "symbology_field": "Modeled", "intersection_area_sq_km": 1.0849684223390812 }, "geometry": { "type": "Polygon", "coordinates": [ [ [ -90.8158043, 46.808230399999971 ], [ -90.822052015151542, 46.806528337715633 ], [ -90.8315523, 46.806483400000012 ], [ -90.8315563, 46.814226400000045 ], [ -90.8291073, 46.812322400000014 ], [ -90.8223433, 46.8122294 ], [ -90.818402300000017, 46.814745399999957 ], [ -90.8184553, 46.812256400000045 ], [ -90.8158683, 46.812257399999972 ], [ -90.8170893, 46.8172154 ], [ -90.807988957727929, 46.817207154928447 ], [ -90.8158043, 46.808230399999971 ] ] ] } },
{ "type": "Feature", "properties": { "state_po": "WI", "county_geoid": "55007", "pwsid": "WI8040129", "pws_name": "DRUMMOND SANITARY DISTRICT", "population_served_count": 250, "model_method": "Decision Tree", "verification_status": "", "symbology_field": "Modeled", "intersection_area_sq_km": 0.33083390462553386 }, "geometry": { "type": "Polygon", "coordinates": [ [ [ -91.2567014, 46.331925299999966 ], [ -91.2584324, 46.336810299999975 ], [ -91.2565024, 46.340715300000014 ], [ -91.2488854, 46.34060029999997 ], [ -91.2567014, 46.331925299999966 ] ] ] } },
{ "type": "Feature", "properties": { "state_po": "WI", "county_geoid": "55007", "pwsid": "WI8040132", "pws_name": "WASHBURN WATERWORKS", "population_served_count": 2280, "model_method": "Random Forest", "verification_status": "", "symbology_field": "Modeled", "intersection_area_sq_km": 2.8822220541507053 }, "geometry": { "type": "MultiPolygon", "coordinates": [ [ [ [ -90.9043203, 46.666334399999904 ], [ -90.9054633, 46.667634400000026 ], [ -90.9166113, 46.66641640000001 ], [ -90.916576300000017, 46.668132399999969 ], [ -90.9132753, 46.671665399999966 ], [ -90.9080103, 46.6715994 ], [ -90.9079463, 46.673505399999961 ], [ -90.9053213, 46.6735724 ], [ -90.9052443, 46.67713340000001 ], [ -90.9003623, 46.677082400000025 ], [ -90.9002663, 46.6807424 ], [ -90.8946383, 46.6813794 ], [ -90.8930083, 46.6801724 ], [ -90.8885423, 46.682183399999957 ], [ -90.8801993, 46.679964400000031 ], [ -90.8871203, 46.6756774 ], [ -90.882528437182614, 46.673943459847642 ], [ -90.887071, 46.667735 ], [ -90.888913, 46.668913 ], [ -90.9043203, 46.666334399999904 ] ] ], [ [ [ -90.9041823, 46.680788399999983 ], [ -90.9051243, 46.682542400000031 ], [ -90.9002313, 46.682507400000013 ], [ -90.9002663, 46.6807424 ], [ -90.9041823, 46.680788399999983 ] ] ], [ [ [ -90.8999093, 46.684430399999989 ], [ -90.8946633, 46.6843724 ], [ -90.8946713, 46.687806399999978 ], [ -90.8946393, 46.682331400000031 ], [ -90.9002313, 46.682507400000013 ], [ -90.8999093, 46.684430399999989 ] ] ] ] } },
{ "type": "Feature", "properties": { "state_po": "WI", "county_geoid": "55007", "pwsid": "WI8040131", "pws_name": "IRON RIVER SANITARY DISTRICT", "population_served_count": 600, "model_method": "Random Forest", "verification_status": "", "symbology_field": "Modeled", "intersection_area_sq_km": 1.5739214073778813 }, "geometry": { "type": "Polygon", "coordinates": [ [ [ -91.4203494, 46.556751299999959 ], [ -91.418138399999989, 46.565256399999988 ], [ -91.436748400000013, 46.5676743 ], [ -91.4486554, 46.5677163 ], [ -91.4486514, 46.5689453 ], [ -91.4222724, 46.567046399999953 ], [ -91.4190464, 46.569404399999947 ], [ -91.4198744, 46.57143139999998 ], [ -91.4163104, 46.57091939999998 ], [ -91.4163624, 46.568468399999986 ], [ -91.4140834, 46.571095400000047 ], [ -91.4135904, 46.568415400000056 ], [ -91.4080214, 46.568327400000058 ], [ -91.4081474, 46.565967400000019 ], [ -91.4052284, 46.5659524 ], [ -91.4047774, 46.56463840000005 ], [ -91.3924854, 46.564677400000022 ], [ -91.3924604, 46.563189400000049 ], [ -91.4015124, 46.563204399999954 ], [ -91.4062204, 46.5613104 ], [ -91.4065344, 46.5571354 ], [ -91.4082824, 46.562802400000031 ], [ -91.414440399999989, 46.561955399999981 ], [ -91.4161044, 46.559302400000028 ], [ -91.4134984, 46.55416929999997 ], [ -91.4203494, 46.556751299999959 ] ] ] } },
{ "type": "Feature", "properties": { "state_po": "WI", "county_geoid": "55007", "pwsid": "WI8040094", "pws_name": "PORT WING SANITARY DISTRICT", "population_served_count": 400, "model_method": "Random Forest", "verification_status": "", "symbology_field": "Modeled", "intersection_area_sq_km": 0.70797729191402281 }, "geometry": { "type": "Polygon", "coordinates": [ [ [ -91.3889795, 46.77502040000001 ], [ -91.3857495, 46.781483399999942 ], [ -91.3841335, 46.781435400000021 ], [ -91.3842165, 46.784604400000028 ], [ -91.3743335, 46.783807399999979 ], [ -91.3737745, 46.782668399999928 ], [ -91.3816815, 46.775790400000034 ], [ -91.3889795, 46.77502040000001 ] ] ] } },
{ "type": "Feature", "properties": { "state_po": "WI", "county_geoid": "55007", "pwsid": "WI8040687", "pws_name": "WATERFORD ON THE BAY", "population_served_count": 45, "model_method": "Random Forest", "verification_status": "", "symbology_field": "Modeled", "intersection_area_sq_km": 0.22936735176572096 }, "geometry": { "type": "MultiPolygon", "coordinates": [ [ [ [ -90.8560713, 46.788994399999957 ], [ -90.855825563329773, 46.789050400006424 ], [ -90.856083778831078, 46.788989858090069 ], [ -90.8560713, 46.788994399999957 ] ] ], [ [ [ -90.857042299999989, 46.785892399999973 ], [ -90.8603623, 46.789074400000011 ], [ -90.8531573, 46.792934400000028 ], [ -90.848657621981189, 46.78984112787608 ], [ -90.8569103, 46.789004399999961 ], [ -90.857042299999989, 46.785892399999973 ] ] ] ] } },
{ "type": "Feature", "properties": { "state_po": "WI", "county_geoid": "55029", "pwsid": "WI4051141", "pws_name": "ANNAS HOUSE", "population_served_count": 32, "model_method": "Random Forest", "verification_status": "", "symbology_field": "Modeled", "intersection_area_sq_km": 0.26072661456476143 }, "geometry": { "type": "Polygon", "coordinates": [ [ [ -87.736081649829643, 44.677033734872978 ], [ -87.7216921, 44.690356299999969 ], [ -87.7209121, 44.69024229999998 ], [ -87.7276701, 44.6829883 ], [ -87.7240631, 44.6823773 ], [ -87.7304261, 44.677810300000012 ], [ -87.7321711, 44.679167299999968 ], [ -87.736081649829643, 44.677033734872978 ] ] ] } },
{ "type": "Feature", "properties": { "state_po": "WI", "county_geoid": "55029", "pwsid": "WI4150510", "pws_name": "SISTER BAY WATERWORKS", "population_served_count": 1000, "model_method": "Random Forest", "verification_status": "", "symbology_field": "Modeled", "intersection_area_sq_km": 3.7025397674723197 }, "geometry": { "type": "MultiPolygon", "coordinates": [ [ [ [ -87.12727, 45.180758399999966 ], [ -87.126301, 45.179551400000015 ], [ -87.126959, 45.1792164 ], [ -87.12727, 45.180758399999966 ] ] ], [ [ [ -87.119281, 45.191762399999988 ], [ -87.118663, 45.20669539999998 ], [ -87.113331, 45.2075064 ], [ -87.11435, 45.2036504 ], [ -87.112202, 45.192046399999981 ], [ -87.106101, 45.190663400000027 ], [ -87.104933, 45.187523399999989 ], [ -87.110973, 45.187502400000035 ], [ -87.111366, 45.185654399999954 ], [ -87.122947, 45.187364400000014 ], [ -87.122175, 45.182342399999968 ], [ -87.127256, 45.1832104 ], [ -87.127559, 45.1807614 ], [ -87.132782, 45.180891400000043 ], [ -87.132703, 45.18559639999993 ], [ -87.136703, 45.185525399999989 ], [ -87.15323, 45.1782904 ], [ -87.153167, 45.1840194 ], [ -87.150187, 45.1836204 ], [ -87.151217713295139, 45.184865090636798 ], [ -87.148105, 45.186036 ], [ -87.14857, 45.189207399999987 ], [ -87.146293, 45.191912 ], [ -87.139791, 45.191015399999969 ], [ -87.132824113615769, 45.192809077847919 ], [ -87.123618, 45.1895774 ], [ -87.120814, 45.1904114 ], [ -87.119281, 45.191762399999988 ] ] ] ] } },
{ "type": "Feature", "properties": { "state_po": "WI", "county_geoid": "55029", "pwsid": "WI4151196", "pws_name": "CARLTON HEIGHTS MHP CT 2", "population_served_count": 60, "model_method": "Parcel", "verification_status": "", "symbology_field": "Modeled", "intersection_area_sq_km": 0.077907542407418082 }, "geometry": { "type": "Polygon", "coordinates": [ [ [ -87.3499464, 44.951483900000035 ], [ -87.3499751, 44.947883899999987 ], [ -87.3525937, 44.9478921 ], [ -87.3517637, 44.951495899999941 ], [ -87.3499464, 44.951483900000035 ] ] ] } },
{ "type": "Feature", "properties": { "state_po": "WI", "county_geoid": "55029", "pwsid": "WI4151845", "pws_name": "HERITAGE LAKE RESORT", "population_served_count": 130, "model_method": "Decision Tree", "verification_status": "", "symbology_field": "Modeled", "intersection_area_sq_km": 0.94807972778643035 }, "geometry": { "type": "MultiPolygon", "coordinates": [ [ [ [ -87.277466, 45.0470494 ], [ -87.282058, 45.050082400000029 ], [ -87.280523, 45.054410400000016 ], [ -87.266597, 45.0544644 ], [ -87.270122, 45.0519094 ], [ -87.269487, 45.04956240000007 ], [ -87.265724, 45.047186400000044 ], [ -87.274619, 45.047147400000014 ], [ -87.275919, 45.0482164 ], [ -87.277466, 45.0470494 ] ] ], [ [ [ -87.27607, 45.076443400000031 ], [ -87.279636, 45.074717399999969 ], [ -87.280232, 45.070241400000022 ], [ -87.277853, 45.067312399999985 ], [ -87.278813, 45.065461399999926 ], [ -87.281614, 45.064894400000028 ], [ -87.282557, 45.068352400000023 ], [ -87.280891, 45.067099400000025 ], [ -87.282384667413695, 45.069584068985463 ], [ -87.280402, 45.075436 ], [ -87.277063, 45.07729 ], [ -87.27607, 45.076443400000031 ] ] ] ] } },
{ "type": "Feature", "properties": { "state_po": "WI", "county_geoid": "55029", "pwsid": "WI4150213", "pws_name": "OAKS THE", "population_served_count": 135, "model_method": "Random Forest", "verification_status": "", "symbology_field": "Modeled", "intersection_area_sq_km": 0.31810470626969622 }, "geometry": { "type": "MultiPolygon", "coordinates": [ [ [ [ -87.1221959, 45.068942400000047 ], [ -87.1269989, 45.055416399999963 ], [ -87.1249509, 45.062125399999978 ], [ -87.127606899999989, 45.066407399999989 ], [ -87.1239959, 45.066377399999958 ], [ -87.1245549, 45.06799740000001 ], [ -87.1221959, 45.068942400000047 ] ] ], [ [ [ -87.098891003521217, 45.070009510556055 ], [ -87.1161949, 45.071109400000019 ], [ -87.1093989, 45.071879399999986 ], [ -87.0985169, 45.0709294 ], [ -87.098891003521217, 45.070009510556055 ] ] ] ] } },
{ "type": "Feature", "properties": { "state_po": "WI", "county_geoid": "55029", "pwsid": "WI4150064", "pws_name": "MAPLEWOOD SANITARY DIST 1", "population_served_count": 122, "model_method": "Random Forest", "verification_status": "", "symbology_field": "Modeled", "intersection_area_sq_km": 0.1941780664542655 }, "geometry": { "type": "MultiPolygon", "coordinates": [ [ [ [ -87.479447, 44.6892703 ], [ -87.479417, 44.686490299999967 ], [ -87.480532, 44.6879313 ], [ -87.483271, 44.6879353 ], [ -87.483264, 44.689968300000032 ], [ -87.479447, 44.6892703 ] ] ], [ [ [ -87.479606, 44.691776300000015 ], [ -87.473549, 44.6909493 ], [ -87.473536, 44.690145300000019 ], [ -87.479544, 44.689975300000036 ], [ -87.479606, 44.691776300000015 ] ] ], [ [ [ -87.5661201, 44.834915299999984 ], [ -87.5638661, 44.8376903 ], [ -87.5632761, 44.8376043 ], [ -87.563369100000017, 44.836274299999978 ], [ -87.5661201, 44.834915299999984 ] ] ], [ [ [ -87.5624081, 44.8383543 ], [ -87.5637141, 44.839772299999964 ], [ -87.5631151, 44.840424299999988 ], [ -87.5616391, 44.840163300000029 ], [ -87.5624081, 44.8383543 ] ] ] ] } },
{ "type": "Feature", "properties": { "state_po": "WI", "county_geoid": "55029", "pwsid": "WI4150000", "pws_name": "COTTAGE GLEN CONDOMINIUMS", "population_served_count": 52, "model_method": "Random Forest", "verification_status": "", "symbology_field": "Modeled", "intersection_area_sq_km": 0.4351626554690779 }, "geometry": { "type": "Polygon", "coordinates": [ [ [ -87.083415, 45.247991399999933 ], [ -87.07329, 45.2539434 ], [ -87.074472, 45.255506400000037 ], [ -87.07147, 45.256692400000034 ], [ -87.071457, 45.2478774 ], [ -87.083415, 45.247991399999933 ] ] ] } },
{ "type": "Feature", "properties": { "state_po": "WI", "county_geoid": "55037", "pwsid": "WI4190155", "pws_name": "FLORENCE UTILITY COMMISSION", "population_served_count": 1250, "model_method": "Random Forest", "verification_status": "", "symbology_field": "Modeled", "intersection_area_sq_km": 2.3878517144075015 }, "geometry": { "type": "MultiPolygon", "coordinates": [ [ [ [ -88.239860400000012, 45.9145645 ], [ -88.2398684, 45.9074495 ], [ -88.240202400000015, 45.903238500000022 ], [ -88.249951400000015, 45.9098125 ], [ -88.2522314, 45.9137645 ], [ -88.239860400000012, 45.9145645 ] ] ], [ [ [ -88.2398734, 45.915036499999971 ], [ -88.2422304, 45.918461500000021 ], [ -88.2503594, 45.9179655 ], [ -88.2512354, 45.919672499999962 ], [ -88.2521514, 45.918557500000013 ], [ -88.2540524, 45.919663499999984 ], [ -88.253329400000013, 45.926644499999988 ], [ -88.2504714, 45.926014499999944 ], [ -88.2511824, 45.929544499999921 ], [ -88.2473184, 45.929114499999976 ], [ -88.2476834, 45.9241945 ], [ -88.2306394, 45.9242475 ], [ -88.2241794, 45.920698499999972 ], [ -88.230717399999989, 45.91984749999996 ], [ -88.2314464, 45.917901499999978 ], [ -88.2354504, 45.917398499999962 ], [ -88.2385514, 45.9186445 ], [ -88.2365524, 45.9145365 ], [ -88.2398734, 45.915036499999971 ] ] ] ] } },
{ "type": "Feature", "properties": { "state_po": "WI", "county_geoid": "55037", "pwsid": "WI4190087", "pws_name": "KEYES LAKE MOBILE HOME PARK", "population_served_count": 30, "model_method": "Random Forest", "verification_status": "", "symbology_field": "Modeled", "intersection_area_sq_km": 0.42060951929610696 }, "geometry": { "type": "Polygon", "coordinates": [ [ [ -88.3035124, 45.889981499999976 ], [ -88.3021524, 45.899635499999981 ], [ -88.3034014, 45.908561499999955 ], [ -88.2982824, 45.906746500000025 ], [ -88.3009654, 45.893887500000027 ], [ -88.3035124, 45.889981499999976 ] ] ] } },
{ "type": "Feature", "properties": { "state_po": "WI", "county_geoid": "55043", "pwsid": "WI1220047", "pws_name": "STITZER SANITARY DIST 1", "population_served_count": 150, "model_method": "Random Forest", "verification_status": "", "symbology_field": "Modeled", "intersection_area_sq_km": 0.080896619234294379 }, "geometry": { "type": "Polygon", "coordinates": [ [ [ -90.623098700000014, 42.923919899999966 ], [ -90.625866699999989, 42.925745899999967 ], [ -90.6246957, 42.9281239 ], [ -90.622258699999989, 42.926500900000036 ], [ -90.623098700000014, 42.923919899999966 ] ] ] } },
{ "type": "Feature", "properties": { "state_po": "WI", "county_geoid": "55043", "pwsid": "WI1220084", "pws_name": "BAGLEY WATERWORKS", "population_served_count": 353, "model_method": "Random Forest", "verification_status": "", "symbology_field": "Modeled", "intersection_area_sq_km": 1.1004674350912702 }, "geometry": { "type": "Polygon", "coordinates": [ [ [ -91.0977589, 42.8941888 ], [ -91.1019129, 42.897065799999986 ], [ -91.0984869, 42.897860800000039 ], [ -91.1057759, 42.905779799999983 ], [ -91.1058059, 42.9081518 ], [ -91.0912619, 42.9026518 ], [ -91.085584900000015, 42.898307799999984 ], [ -91.0911229, 42.898176799999987 ], [ -91.0906849, 42.895816800000027 ], [ -91.0971639, 42.8965358 ], [ -91.0977589, 42.8941888 ] ] ] } },
{ "type": "Feature", "properties": { "state_po": "WI", "county_geoid": "55043", "pwsid": "WI1220085", "pws_name": "BLOOMINGTON WATERWORKS", "population_served_count": 682, "model_method": "Random Forest", "verification_status": "", "symbology_field": "Modeled", "intersection_area_sq_km": 2.4527615311665789 }, "geometry": { "type": "Polygon", "coordinates": [ [ [ -90.9216548, 42.881629799999949 ], [ -90.9284508, 42.882751800000023 ], [ -90.9302418, 42.8870468 ], [ -90.9352458, 42.889808799999983 ], [ -90.9413888, 42.9018098 ], [ -90.9221108, 42.901907799999925 ], [ -90.9229808, 42.8870238 ], [ -90.9190148, 42.8863898 ], [ -90.9190158, 42.883335799999941 ], [ -90.9216548, 42.881629799999949 ] ] ] } },
{ "type": "Feature", "properties": { "state_po": "WI", "county_geoid": "55043", "pwsid": "WI1220096", "pws_name": "FENNIMORE WATERWORKS", "population_served_count": 2507, "model_method": "Random Forest", "verification_status": "", "symbology_field": "Modeled", "intersection_area_sq_km": 4.0684536577129569 }, "geometry": { "type": "Polygon", "coordinates": [ [ [ -90.6257657, 42.9666009 ], [ -90.6306967, 42.9665989 ], [ -90.6307427, 42.9738889 ], [ -90.6393967, 42.973869900000047 ], [ -90.6394287, 42.9785889 ], [ -90.6380487, 42.9786319 ], [ -90.643534699999989, 42.981043899999989 ], [ -90.6456837, 42.981108899999981 ], [ -90.6456987, 42.9738559 ], [ -90.6544247, 42.9738659 ], [ -90.6554667, 42.970253900000039 ], [ -90.665624799999989, 42.970227900000012 ], [ -90.6657088, 42.988381900000043 ], [ -90.6600888, 42.988388900000011 ], [ -90.6605428, 42.99203490000005 ], [ -90.6555968, 42.992028900000015 ], [ -90.6538908, 42.988494900000049 ], [ -90.6506197, 42.988466899999963 ], [ -90.6506008, 42.990219899999964 ], [ -90.6489097, 42.990216899999986 ], [ -90.6479977, 42.988384899999957 ], [ -90.6456527, 42.988382899999948 ], [ -90.6458467, 42.982397899999967 ], [ -90.6418627, 42.980907899999956 ], [ -90.6357367, 42.981171900000021 ], [ -90.6357467, 42.977353899999983 ], [ -90.6328287, 42.975814899999975 ], [ -90.631292699999989, 42.97519089999998 ], [ -90.6293987, 42.977580899999985 ], [ -90.6258357, 42.978239899999977 ], [ -90.6257657, 42.9666009 ] ] ] } },
{ "type": "Feature", "properties": { "state_po": "WI", "county_geoid": "55043", "pwsid": "WI1220109", "pws_name": "LIVINGSTON WATERWORKS", "population_served_count": 664, "model_method": "Random Forest", "verification_status": "", "symbology_field": "Modeled", "intersection_area_sq_km": 2.1467300176947695 }, "geometry": { "type": "Polygon", "coordinates": [ [ [ -90.4276627, 42.9073799 ], [ -90.4274457, 42.892737899999958 ], [ -90.4423657, 42.892830899999979 ], [ -90.4424337, 42.89832090000003 ], [ -90.4473887, 42.8982909 ], [ -90.4474517, 42.902023900000025 ], [ -90.4424847, 42.901969900000012 ], [ -90.4425707, 42.9074859 ], [ -90.4276627, 42.9073799 ] ] ] } },
{ "type": "Feature", "properties": { "state_po": "WI", "county_geoid": "55043", "pwsid": "WI1220110", "pws_name": "MONTFORT WATERWORKS", "population_served_count": 718, "model_method": "Random Forest", "verification_status": "", "symbology_field": "Modeled", "intersection_area_sq_km": 0.97360922688539198 }, "geometry": { "type": "MultiPolygon", "coordinates": [ [ [ [ -90.4284947, 42.96554289999996 ], [ -90.428489602911554, 42.965895399511695 ], [ -90.428488034928364, 42.965542853351103 ], [ -90.4284947, 42.96554289999996 ] ] ], [ [ [ -90.4285607, 42.97696490000002 ], [ -90.428490716764173, 42.966145836641594 ], [ -90.4383397, 42.966048900000018 ], [ -90.4384287, 42.976957900000016 ], [ -90.4285607, 42.97696490000002 ] ] ] ] } },
{ "type": "Feature", "properties": { "state_po": "WI", "county_geoid": "55043", "pwsid": "WI1220111", "pws_name": "MOUNT HOPE WATERWORKS", "population_served_count": 181, "model_method": "Random Forest", "verification_status": "", "symbology_field": "Modeled", "intersection_area_sq_km": 0.24233620982951351 }, "geometry": { "type": "Polygon", "coordinates": [ [ [ -90.8638918, 42.965275799999972 ], [ -90.8639048, 42.966949800000037 ], [ -90.8590188, 42.967921799999985 ], [ -90.8590598, 42.970585799999974 ], [ -90.8565588, 42.97050380000006 ], [ -90.8552608, 42.965002800000015 ], [ -90.8638918, 42.965275799999972 ] ] ] } },
{ "type": "Feature", "properties": { "state_po": "WI", "county_geoid": "55043", "pwsid": "WI1220113", "pws_name": "PATCH GROVE WATERWORKS", "population_served_count": 160, "model_method": "Random Forest", "verification_status": "", "symbology_field": "Modeled", "intersection_area_sq_km": 0.84376971868560369 }, "geometry": { "type": "Polygon", "coordinates": [ [ [ -90.977184799999989, 42.934834799999969 ], [ -90.9773398, 42.945433799999975 ], [ -90.9732518, 42.945432799999971 ], [ -90.9724968, 42.949081800000016 ], [ -90.9724748, 42.94544879999998 ], [ -90.9675158, 42.945428799999981 ], [ -90.9673488, 42.9383798 ], [ -90.972181800000016, 42.938435800000043 ], [ -90.9701368, 42.93479980000005 ], [ -90.977184799999989, 42.934834799999969 ] ] ] } },
{ "type": "Feature", "properties": { "state_po": "WI", "county_geoid": "55043", "pwsid": "WI1220088", "pws_name": "COZY ACRES MHP", "population_served_count": 80, "model_method": "Random Forest", "verification_status": "", "symbology_field": "Modeled", "intersection_area_sq_km": 9.0462226519107496 }, "geometry": { "type": "Polygon", "coordinates": [ [ [ -90.7848328, 43.076086900000014 ], [ -90.7837778, 43.09132390000002 ], [ -90.7802068, 43.0932579 ], [ -90.7807028, 43.094613899999963 ], [ -90.7850008, 43.093640899999961 ], [ -90.7849108, 43.1095109 ], [ -90.7755128, 43.113314900000013 ], [ -90.7618948, 43.115037900000019 ], [ -90.7548148, 43.117733899999962 ], [ -90.7570618, 43.117794900000021 ], [ -90.7553038, 43.11929089999996 ], [ -90.7332168, 43.11884689999998 ], [ -90.7382208, 43.1136039 ], [ -90.7380888, 43.108826899999976 ], [ -90.7412908, 43.106609899999988 ], [ -90.7399928, 43.105253899999987 ], [ -90.7449308, 43.104189900000016 ], [ -90.7456418, 43.101867900000016 ], [ -90.7548468, 43.101284899999989 ], [ -90.7600028, 43.104958900000014 ], [ -90.7622328, 43.103102900000025 ], [ -90.7632148, 43.098262900000037 ], [ -90.7694538, 43.09544990000002 ], [ -90.7662508, 43.082994899999981 ], [ -90.7710848, 43.083265899999958 ], [ -90.7788828, 43.075709900000049 ], [ -90.7848328, 43.076086900000014 ] ], [ [ -90.7773038, 43.099509900000022 ], [ -90.7723168, 43.100330899999989 ], [ -90.764862799999989, 43.104772900000015 ], [ -90.7666348, 43.1071329 ], [ -90.7654768, 43.104810900000018 ], [ -90.7693638, 43.104379899999969 ], [ -90.7695198, 43.105789899999984 ], [ -90.7700078, 43.104368899999969 ], [ -90.770665799999989, 43.105191899999973 ], [ -90.7740888, 43.103563900000026 ], [ -90.7746528, 43.101022899999982 ], [ -90.7744338, 43.10343790000006 ], [ -90.778635799999989, 43.1013869 ], [ -90.7773038, 43.099509900000022 ] ] ] } },
{ "type": "Feature", "properties": { "state_po": "WI", "county_geoid": "55043", "pwsid": "WI1220089", "pws_name": "BOSCOBEL WATERWORKS", "population_served_count": 3237, "model_method": "Random Forest", "verification_status": "", "symbology_field": "Modeled", "intersection_area_sq_km": 5.464365761744399 }, "geometry": { "type": "Polygon", "coordinates": [ [ [ -90.7182738, 43.123100900000011 ], [ -90.713498800000011, 43.126504899999965 ], [ -90.7119968, 43.130185900000043 ], [ -90.7159308, 43.130148900000016 ], [ -90.7157008, 43.132047900000011 ], [ -90.7207108, 43.130164900000018 ], [ -90.7207158, 43.133342900000052 ], [ -90.7157048, 43.132537900000017 ], [ -90.7157098, 43.133850900000027 ], [ -90.7207128, 43.134343900000012 ], [ -90.7207338, 43.1358009 ], [ -90.7157478, 43.136689899999972 ], [ -90.716006800000017, 43.1496439 ], [ -90.7058988, 43.15493190000003 ], [ -90.7057688, 43.1484079 ], [ -90.6951438, 43.147762900000046 ], [ -90.6908908, 43.1515609 ], [ -90.6908978, 43.144080899999963 ], [ -90.687722799999989, 43.145207900000024 ], [ -90.6883548, 43.137550900000015 ], [ -90.6860868, 43.1373909 ], [ -90.6860688, 43.135859899999986 ], [ -90.6904958, 43.1335319 ], [ -90.6902778, 43.130148899999988 ], [ -90.693916800000011, 43.132472899999989 ], [ -90.7007798, 43.1320269 ], [ -90.7007948, 43.126543900000023 ], [ -90.7057548, 43.126618900000011 ], [ -90.7061908, 43.124235899999981 ], [ -90.7182738, 43.123100900000011 ] ] ] } },
{ "type": "Feature", "properties": { "state_po": "WI", "county_geoid": "55043", "pwsid": "WI1220087", "pws_name": "BLUE RIVER WATERWORKS", "population_served_count": 424, "model_method": "Random Forest", "verification_status": "", "symbology_field": "Modeled", "intersection_area_sq_km": 0.66140890462105828 }, "geometry": { "type": "MultiPolygon", "coordinates": [ [ [ [ -90.5683017, 43.178331899999961 ], [ -90.5687737, 43.1837029 ], [ -90.5671397, 43.184866900000024 ], [ -90.5683017, 43.178331899999961 ] ] ], [ [ [ -90.5771338, 43.185283899999973 ], [ -90.5761358, 43.1894469 ], [ -90.5621957, 43.191008899999979 ], [ -90.5621597, 43.18804190000003 ], [ -90.5655477, 43.185949900000011 ], [ -90.5771338, 43.185283899999973 ] ] ] ] } },
{ "type": "Feature", "properties": { "state_po": "WI", "county_geoid": "55043", "pwsid": "WI1220112", "pws_name": "MUSCODA WATERWORKS", "population_served_count": 1453, "model_method": "Random Forest", "verification_status": "", "symbology_field": "Modeled", "intersection_area_sq_km": 2.6134240075028585 }, "geometry": { "type": "Polygon", "coordinates": [ [ [ -90.4296837, 43.1922449 ], [ -90.429571700000011, 43.1818049 ], [ -90.4341767, 43.182613899999978 ], [ -90.4344277, 43.178355900000014 ], [ -90.4392997, 43.180637900000058 ], [ -90.4403847, 43.176387900000016 ], [ -90.4459307, 43.177364899999944 ], [ -90.4459167, 43.1814049 ], [ -90.450096699999989, 43.182321899999955 ], [ -90.4491187, 43.192177900000026 ], [ -90.4431407, 43.192154899999984 ], [ -90.4428477, 43.198286899999935 ], [ -90.4341477, 43.196111900000027 ], [ -90.4340987, 43.192245899999982 ], [ -90.4296837, 43.1922449 ] ] ] } },
{ "type": "Feature", "properties": { "state_po": "WI", "county_geoid": "55043", "pwsid": "IL0850100", "pws_name": "EAST DUBUQUE", "population_served_count": 1565, "model_method": "Random Forest", "verification_status": "", "symbology_field": "Modeled", "intersection_area_sq_km": 0.00045383586677040847 }, "geometry": { "type": "Polygon", "coordinates": [ [ [ -90.6308397, 42.508309800000021 ], [ -90.6297127, 42.5083098 ], [ -90.632199920573242, 42.50830980919006 ], [ -90.6308397, 42.508309800000021 ] ] ] } },
{ "type": "Feature", "properties": { "state_po": "WI", "county_geoid": "55043", "pwsid": "WI1220100", "pws_name": "STATELINE MOBILE HOME PARK", "population_served_count": 37, "model_method": "Random Forest", "verification_status": "", "symbology_field": "Modeled", "intersection_area_sq_km": 3.5371592257593187 }, "geometry": { "type": "Polygon", "coordinates": [ [ [ -90.637123699999989, 42.5084569 ], [ -90.6298625, 42.5153478 ], [ -90.6167435, 42.515649599999982 ], [ -90.6126884, 42.520702499999985 ], [ -90.5921355, 42.519317199999961 ], [ -90.5954735, 42.516066300000034 ], [ -90.5923156, 42.514267200000035 ], [ -90.5930247, 42.511500199999986 ], [ -90.5892228, 42.507843199999982 ], [ -90.637123699999989, 42.5084569 ] ] ] } },
{ "type": "Feature", "properties": { "state_po": "WI", "county_geoid": "55043", "pwsid": "WI1220102", "pws_name": "HAZEL GREEN WATERWORKS", "population_served_count": 1193, "model_method": "Random Forest", "verification_status": "", "symbology_field": "Modeled", "intersection_area_sq_km": 3.0754374042058048 }, "geometry": { "type": "Polygon", "coordinates": [ [ [ -90.4291216, 42.52536379999998 ], [ -90.4324556, 42.523966799999975 ], [ -90.4326506, 42.525387799999983 ], [ -90.4460286, 42.5254768 ], [ -90.4457126, 42.543624799999982 ], [ -90.4352096, 42.545346800000019 ], [ -90.435948599999989, 42.539953799999985 ], [ -90.4261246, 42.539953799999942 ], [ -90.4262386, 42.525386800000014 ], [ -90.4291216, 42.52536379999998 ] ] ] } },
{ "type": "Feature", "properties": { "state_po": "WI", "county_geoid": "55043", "pwsid": "WI1220105", "pws_name": "MARYVILLE SD 2", "population_served_count": 100, "model_method": "Random Forest", "verification_status": "", "symbology_field": "Modeled", "intersection_area_sq_km": 0.016404006308048294 }, "geometry": { "type": "Polygon", "coordinates": [ [ [ -90.6094667, 42.530349799999968 ], [ -90.6118237, 42.531047799999975 ], [ -90.6094607, 42.531093800000036 ], [ -90.6094667, 42.530349799999968 ] ] ] } },
{ "type": "Feature", "properties": { "state_po": "WI", "county_geoid": "55043", "pwsid": "WI1220118", "pws_name": "SINSINAWA DOMINICANS INC", "population_served_count": 213, "model_method": "Random Forest", "verification_status": "", "symbology_field": "Modeled", "intersection_area_sq_km": 0.47601546074740492 }, "geometry": { "type": "MultiPolygon", "coordinates": [ [ [ [ -90.5441717, 42.522105799999977 ], [ -90.5441417, 42.529599800000028 ], [ -90.5439947, 42.529600800000033 ], [ -90.5400357, 42.523966799999975 ], [ -90.5441717, 42.522105799999977 ] ] ], [ [ [ -90.5988797, 42.594811799999988 ], [ -90.5951807, 42.600990800000027 ], [ -90.5934977, 42.603934800000026 ], [ -90.5927227, 42.594525799999985 ], [ -90.5988797, 42.594811799999988 ] ] ] ] } },
{ "type": "Feature", "properties": { "state_po": "WI", "county_geoid": "55043", "pwsid": "WI1220090", "pws_name": "BLUFFSIDE COURT", "population_served_count": 40, "model_method": "Random Forest", "verification_status": "", "symbology_field": "Modeled", "intersection_area_sq_km": 0.014479908768027239 }, "geometry": { "type": "Polygon", "coordinates": [ [ [ -90.9564538, 42.703008799999957 ], [ -90.9581148, 42.703877800000029 ], [ -90.9561918, 42.703909799999963 ], [ -90.9564538, 42.703008799999957 ] ] ] } },
{ "type": "Feature", "properties": { "state_po": "WI", "county_geoid": "55043", "pwsid": "WI1220091", "pws_name": "CASSVILLE WATERWORKS", "population_served_count": 777, "model_method": "Random Forest", "verification_status": "", "symbology_field": "Modeled", "intersection_area_sq_km": 1.1307399597933161 }, "geometry": { "type": "Polygon", "coordinates": [ [ [ -90.9595858, 42.702295799999973 ], [ -90.9852158, 42.709842799999969 ], [ -91.0022198, 42.718661800000028 ], [ -91.0010078, 42.720253799999959 ], [ -90.997312799999989, 42.719005800000012 ], [ -90.9974238, 42.720668799999928 ], [ -90.9947258, 42.7186928 ], [ -90.9938248, 42.720685799999892 ], [ -90.9929298, 42.7188528 ], [ -90.9918008, 42.7216798 ], [ -90.9873728, 42.720718799999972 ], [ -90.9893678, 42.715824799999936 ], [ -90.9807748, 42.711282800000021 ], [ -90.9822938, 42.709887799999962 ], [ -90.9581148, 42.703877800000029 ], [ -90.9595858, 42.702295799999973 ] ] ] } },
{ "type": "Feature", "properties": { "state_po": "WI", "county_geoid": "55043", "pwsid": "WI1220092", "pws_name": "CUBA CITY WATERWORKS", "population_served_count": 2141, "model_method": "Random Forest", "verification_status": "", "symbology_field": "Modeled", "intersection_area_sq_km": 2.5340789398954953 }, "geometry": { "type": "Polygon", "coordinates": [ [ [ -90.4258106, 42.612964799999979 ], [ -90.4258876, 42.5948118 ], [ -90.4309126, 42.5948838 ], [ -90.4308336, 42.593342800000016 ], [ -90.4331996, 42.593378800000032 ], [ -90.4332526, 42.594926799999989 ], [ -90.4407486, 42.594989799999979 ], [ -90.440684600000012, 42.61311079999998 ], [ -90.4358936, 42.6130728 ], [ -90.4358806, 42.614562799999973 ], [ -90.4258106, 42.612964799999979 ] ] ] } },
{ "type": "Feature", "properties": { "state_po": "WI", "county_geoid": "55043", "pwsid": "WI1220094", "pws_name": "DICKEYVILLE WATERWORKS", "population_served_count": 1069, "model_method": "Random Forest", "verification_status": "", "symbology_field": "Modeled", "intersection_area_sq_km": 2.2607749869578444 }, "geometry": { "type": "MultiPolygon", "coordinates": [ [ [ [ -90.5841537, 42.619243800000064 ], [ -90.5807747, 42.6199558 ], [ -90.5807637, 42.6192838 ], [ -90.5841537, 42.619243800000064 ] ] ], [ [ [ -90.5861217, 42.616879799999964 ], [ -90.5890687, 42.619850799999966 ], [ -90.6027127, 42.619995800000048 ], [ -90.6026797, 42.632188800000023 ], [ -90.5977117, 42.630891800000036 ], [ -90.597768699999989, 42.632771799999986 ], [ -90.5924767, 42.6327558 ], [ -90.5922637, 42.634544800000036 ], [ -90.5881687, 42.634507800000016 ], [ -90.5897667, 42.6308688 ], [ -90.5831867, 42.629937800000043 ], [ -90.5831177, 42.62287080000003 ], [ -90.5861217, 42.616879799999964 ] ] ] ] } },
{ "type": "Feature", "properties": { "state_po": "WI", "county_geoid": "55043", "pwsid": "WI1220103", "pws_name": "KIELER SD NO 1", "population_served_count": 560, "model_method": "Random Forest", "verification_status": "", "symbology_field": "Modeled", "intersection_area_sq_km": 1.500142792858314 }, "geometry": { "type": "Polygon", "coordinates": [ [ [ -90.6079987, 42.579066799999985 ], [ -90.6051817, 42.5839248 ], [ -90.6079647, 42.580684799999958 ], [ -90.6128017, 42.580554799999959 ], [ -90.6128507, 42.587555800000018 ], [ -90.6167737, 42.587487799999963 ], [ -90.6099057, 42.590212799999961 ], [ -90.6041597, 42.589009800000021 ], [ -90.6023797, 42.591993800000026 ], [ -90.6044067, 42.594550799999986 ], [ -90.5993627, 42.59454080000004 ], [ -90.6028257, 42.588545800000013 ], [ -90.593265699999989, 42.588143799999941 ], [ -90.5964787, 42.581496799999989 ], [ -90.6060097, 42.580809799999976 ], [ -90.6079987, 42.579066799999985 ] ] ] } },
{ "type": "Feature", "properties": { "state_po": "WI", "county_geoid": "55043", "pwsid": "WI1220117", "pws_name": "POTOSI WATERWORKS", "population_served_count": 718, "model_method": "Random Forest", "verification_status": "", "symbology_field": "Modeled", "intersection_area_sq_km": 2.1942451755161625 }, "geometry": { "type": "MultiPolygon", "coordinates": [ [ [ [ -90.7125567, 42.694638800000021 ], [ -90.7099727, 42.692487799999988 ], [ -90.7118667, 42.689585800000017 ], [ -90.6969037, 42.688818799999943 ], [ -90.6977237, 42.685157799999963 ], [ -90.7017217, 42.68575280000001 ], [ -90.7017127, 42.684384800000039 ], [ -90.6983157, 42.6838978 ], [ -90.7015967, 42.682157799999985 ], [ -90.7185407, 42.6821098 ], [ -90.7246197, 42.677565800000039 ], [ -90.7291287, 42.66726580000001 ], [ -90.7312127, 42.6667408 ], [ -90.7312327, 42.671099800000036 ], [ -90.7287837, 42.67117379999997 ], [ -90.7288017, 42.674872799999967 ], [ -90.726343700000015, 42.6746358 ], [ -90.7263467, 42.678430800000072 ], [ -90.7250657, 42.678047799999966 ], [ -90.7204507, 42.682135799999976 ], [ -90.7213927, 42.6876738 ], [ -90.7153407, 42.69388680000003 ], [ -90.7125567, 42.694638800000021 ] ] ], [ [ [ -90.7134737, 42.695266799999935 ], [ -90.7156807, 42.6967738 ], [ -90.711523700000015, 42.696820799999969 ], [ -90.7134737, 42.695266799999935 ] ] ], [ [ [ -90.7039827, 42.694882799999959 ], [ -90.6976527, 42.69941580000004 ], [ -90.6943657, 42.696553800000054 ], [ -90.7039827, 42.694882799999959 ] ] ] ] } },
{ "type": "Feature", "properties": { "state_po": "WI", "county_geoid": "55043", "pwsid": "WI1220120", "pws_name": "TENNYSON WATERWORKS", "population_served_count": 367, "model_method": "Random Forest", "verification_status": "", "symbology_field": "Modeled", "intersection_area_sq_km": 1.9744853954388322 }, "geometry": { "type": "Polygon", "coordinates": [ [ [ -90.6803577, 42.683928800000047 ], [ -90.6841157, 42.686216799999983 ], [ -90.691857700000014, 42.685749799999982 ], [ -90.691986700000015, 42.687936799999939 ], [ -90.6945137, 42.688501799999969 ], [ -90.7121127, 42.690192799999977 ], [ -90.7058027, 42.694518799999976 ], [ -90.6998327, 42.695688800000021 ], [ -90.6985377, 42.693583800000013 ], [ -90.6941667, 42.693907800000012 ], [ -90.6938227, 42.6967778 ], [ -90.6917857, 42.696739799999989 ], [ -90.6918017, 42.6953048 ], [ -90.6808597, 42.695234799999966 ], [ -90.6803577, 42.683928800000047 ] ] ] } },
{ "type": "Feature", "properties": { "state_po": "WI", "county_geoid": "55055", "pwsid": "WI1281056", "pws_name": "OAK RIDGE MOBILE COM 4", "population_served_count": 60, "model_method": "Random Forest", "verification_status": "", "symbology_field": "Modeled", "intersection_area_sq_km": 3.418058855840258 }, "geometry": { "type": "Polygon", "coordinates": [ [ [ -88.9536663, 42.95741 ], [ -88.9535233, 42.964187 ], [ -88.9636853, 42.96435 ], [ -88.9636443, 42.980148 ], [ -88.9535013, 42.976165 ], [ -88.9535033, 42.974903 ], [ -88.9489383, 42.974812 ], [ -88.9488603, 42.97157 ], [ -88.9339362, 42.971715 ], [ -88.9339772, 42.966666 ], [ -88.9290522, 42.966667 ], [ -88.9290792, 42.964121 ], [ -88.9438103, 42.964194 ], [ -88.943789200000012, 42.95732 ], [ -88.9536663, 42.95741 ] ] ] } },
{ "type": "Feature", "properties": { "state_po": "WI", "county_geoid": "55055", "pwsid": "WI1280126", "pws_name": "WOLFS MOBILE HOMES", "population_served_count": 40, "model_method": "OSM", "verification_status": "", "symbology_field": "Modeled", "intersection_area_sq_km": 0.014181347227227404 }, "geometry": { "type": "Polygon", "coordinates": [ [ [ -88.7978918, 42.855044200000016 ], [ -88.7964938, 42.854769499999975 ], [ -88.796628, 42.8536175 ], [ -88.7972823, 42.85364619999995 ], [ -88.7978918, 42.855044200000016 ] ] ] } },
{ "type": "Feature", "properties": { "state_po": "WI", "county_geoid": "55055", "pwsid": "WI1130074", "pws_name": "CAMBRIDGE WATER & SEWER UTILITY", "population_served_count": 1638, "model_method": "Decision Tree", "verification_status": "", "symbology_field": "Modeled", "intersection_area_sq_km": 0.21740016643910126 }, "geometry": { "type": "Polygon", "coordinates": [ [ [ -89.0124543, 43.008837 ], [ -89.0080033, 43.008847 ], [ -89.0081403, 43.003844 ], [ -89.0121613, 43.003703 ], [ -89.0116933, 43.00192 ], [ -89.012603613078838, 43.002249313449113 ], [ -89.0124543, 43.008837 ] ] ] } },
{ "type": "Feature", "properties": { "state_po": "WI", "county_geoid": "55055", "pwsid": "WI1280101", "pws_name": "OAK RIDGE MOBILE COM 1 & 2", "population_served_count": 133, "model_method": "Random Forest", "verification_status": "", "symbology_field": "Modeled", "intersection_area_sq_km": 14.85367645910407 }, "geometry": { "type": "Polygon", "coordinates": [ [ [ -88.894442200000015, 42.960636 ], [ -88.8946202, 42.947929 ], [ -88.9109892, 42.948324 ], [ -88.9292612, 42.950035 ], [ -88.9290522, 42.966667 ], [ -88.9339772, 42.966666 ], [ -88.9339832, 42.973649 ], [ -88.9456883, 42.973936 ], [ -88.9525633, 42.975887 ], [ -88.9536963, 42.99342 ], [ -88.9135032, 42.993136 ], [ -88.9134192, 42.981694 ], [ -88.9095332, 42.981737 ], [ -88.9095332, 42.979964 ], [ -88.9030882, 42.979951 ], [ -88.9030712, 42.97863 ], [ -88.8942262, 42.978674 ], [ -88.8942712, 42.975139 ], [ -88.8984632, 42.974861 ], [ -88.9016152, 42.971412 ], [ -88.9136312, 42.971325 ], [ -88.9142072, 42.969389 ], [ -88.8999152, 42.96418 ], [ -88.894442200000015, 42.960636 ] ] ] } },
{ "type": "Feature", "properties": { "state_po": "WI", "county_geoid": "55055", "pwsid": "WI1280120", "pws_name": "BREEZY KNOLL COMMUNITY", "population_served_count": 116, "model_method": "Random Forest", "verification_status": "", "symbology_field": "Modeled", "intersection_area_sq_km": 1.7799604114660752 }, "geometry": { "type": "Polygon", "coordinates": [ [ [ -88.9713903, 42.999995 ], [ -88.9701423, 43.005711 ], [ -88.9650373, 43.011744 ], [ -88.9533153, 43.009343 ], [ -88.9532373, 43.007713 ], [ -88.946325300000012, 43.007952 ], [ -88.9464203, 43.004403 ], [ -88.9496133, 43.004376 ], [ -88.9507363, 43.000833 ], [ -88.9587233, 42.99938 ], [ -88.9645653, 43.00192 ], [ -88.9694163, 42.999466 ], [ -88.9713903, 42.999995 ] ] ] } },
{ "type": "Feature", "properties": { "state_po": "WI", "county_geoid": "55055", "pwsid": "WI1280106", "pws_name": "ROCK RIVER MOBILE HOME PARK", "population_served_count": 30, "model_method": "Random Forest", "verification_status": "", "symbology_field": "Modeled", "intersection_area_sq_km": 0.024622036118363704 }, "geometry": { "type": "Polygon", "coordinates": [ [ [ -88.8009975, 43.059097799999975 ], [ -88.7999377, 43.060070300000035 ], [ -88.8010568, 43.0573633 ], [ -88.8009975, 43.059097799999975 ] ] ] } },
{ "type": "Feature", "properties": { "state_po": "WI", "county_geoid": "55055", "pwsid": "WI1280112", "pws_name": "PALMYRA WATERWORKS", "population_served_count": 1756, "model_method": "Random Forest", "verification_status": "", "symbology_field": "Modeled", "intersection_area_sq_km": 3.3913425379337157 }, "geometry": { "type": "MultiPolygon", "coordinates": [ [ [ [ -88.591799100000017, 42.869174 ], [ -88.5921701, 42.870635 ], [ -88.5915091, 42.870681 ], [ -88.591799100000017, 42.869174 ] ] ], [ [ [ -88.6082881, 42.86861 ], [ -88.6047471, 42.869698 ], [ -88.6050801, 42.871422 ], [ -88.5958511, 42.875054 ], [ -88.5959231, 42.878629 ], [ -88.6027181, 42.878569 ], [ -88.6027321, 42.880512 ], [ -88.6082191, 42.880694 ], [ -88.6083041, 42.885885 ], [ -88.610781100000011, 42.885911 ], [ -88.6108541, 42.889507 ], [ -88.6015901, 42.889442 ], [ -88.6009701, 42.889278 ], [ -88.6059001, 42.889388 ], [ -88.6058401, 42.885855 ], [ -88.5854511, 42.886018 ], [ -88.5788271, 42.881377 ], [ -88.5765411, 42.881975 ], [ -88.5763601, 42.875781 ], [ -88.5714691, 42.876851 ], [ -88.5729211, 42.875385 ], [ -88.5831621, 42.874473 ], [ -88.5861951, 42.875853 ], [ -88.5861011, 42.871572 ], [ -88.5886891, 42.871527 ], [ -88.5903361, 42.873762 ], [ -88.6006281, 42.867051 ], [ -88.6082881, 42.86861 ] ] ] ] } },
{ "type": "Feature", "properties": { "state_po": "WI", "county_geoid": "55055", "pwsid": "WI1280114", "pws_name": "SPACIOUS ACRES MOBILE HOME COMMUNITY", "population_served_count": 525, "model_method": "OSM", "verification_status": "", "symbology_field": "Modeled", "intersection_area_sq_km": 0.189186099395347 }, "geometry": { "type": "MultiPolygon", "coordinates": [ [ [ [ -88.5880552, 43.039405 ], [ -88.5886632, 43.040362 ], [ -88.5881842, 43.040362 ], [ -88.5880552, 43.039405 ] ] ], [ [ [ -88.5852222, 43.04121 ], [ -88.5942982, 43.039348 ], [ -88.5952972, 43.040007 ], [ -88.5894942, 43.04384 ], [ -88.5852222, 43.04121 ] ] ] ] } },
{ "type": "Feature", "properties": { "state_po": "WI", "county_geoid": "55055", "pwsid": "WI1280127", "pws_name": "TREMAIN MOBILE HOME PARK", "population_served_count": 475, "model_method": "OSM", "verification_status": "", "symbology_field": "Modeled", "intersection_area_sq_km": 0.31346886972482285 }, "geometry": { "type": "Polygon", "coordinates": [ [ [ -88.5514426, 42.938280399999961 ], [ -88.5421882, 42.9382676 ], [ -88.5421638, 42.9346024 ], [ -88.5516036, 42.934548499999984 ], [ -88.5514426, 42.938280399999961 ] ] ] } },
{ "type": "Feature", "properties": { "state_po": "WI", "county_geoid": "55055", "pwsid": "WI1281138", "pws_name": "AUTUMN RIDGE WATER SYSTEM LLC", "population_served_count": 575, "model_method": "Random Forest", "verification_status": "", "symbology_field": "Modeled", "intersection_area_sq_km": 1.4886676930663629 }, "geometry": { "type": "MultiPolygon", "coordinates": [ [ [ [ -88.6102112, 43.144082 ], [ -88.600489200000013, 43.142901 ], [ -88.5991952, 43.140583 ], [ -88.5925142, 43.140497 ], [ -88.5926472, 43.134417 ], [ -88.5976432, 43.134426 ], [ -88.597887200000017, 43.131321 ], [ -88.6007272, 43.129838 ], [ -88.5979402, 43.129949 ], [ -88.5928372, 43.129941 ], [ -88.6007452, 43.129667 ], [ -88.6020212, 43.129827 ], [ -88.6042202, 43.132196 ], [ -88.6037072, 43.134508 ], [ -88.6092492, 43.134721 ], [ -88.6102112, 43.144082 ] ] ], [ [ [ -88.6026432, 43.145834 ], [ -88.5923122, 43.142776 ], [ -88.5925072, 43.141211 ], [ -88.6026432, 43.145834 ] ] ] ] } },
{ "type": "Feature", "properties": { "state_po": "WI", "county_geoid": "55055", "pwsid": "WI2680225", "pws_name": "SUNNYFIELD ACRES", "population_served_count": 300, "model_method": "Random Forest", "verification_status": "", "symbology_field": "Modeled", "intersection_area_sq_km": 0.47622573014818953 }, "geometry": { "type": "Polygon", "coordinates": [ [ [ -88.5388601, 43.134256 ], [ -88.539318, 43.129081 ], [ -88.539173, 43.127821 ], [ -88.5392741, 43.12208 ], [ -88.5393241, 43.129089 ], [ -88.5486912, 43.131806 ], [ -88.5485812, 43.133738 ], [ -88.5441222, 43.133726 ], [ -88.5435732, 43.137647 ], [ -88.5387812, 43.137562 ], [ -88.5386772, 43.140962 ], [ -88.5388601, 43.134256 ] ] ] } },
{ "type": "Feature", "properties": { "state_po": "WI", "county_geoid": "55055", "pwsid": "WI1280055", "pws_name": "PARKVIEW APARTMENTS", "population_served_count": 45, "model_method": "Random Forest", "verification_status": "", "symbology_field": "Modeled", "intersection_area_sq_km": 0.024898466380676817 }, "geometry": { "type": "Polygon", "coordinates": [ [ [ -88.598911199999989, 43.144281 ], [ -88.5974112, 43.145778 ], [ -88.5974132, 43.143868 ], [ -88.598911199999989, 43.144281 ] ] ] } },
{ "type": "Feature", "properties": { "state_po": "WI", "county_geoid": "55055", "pwsid": "WI1280116", "pws_name": "HICKORY HILL PARK LLC", "population_served_count": 31, "model_method": "Random Forest", "verification_status": "", "symbology_field": "Modeled", "intersection_area_sq_km": 0.060670952977497902 }, "geometry": { "type": "Polygon", "coordinates": [ [ [ -88.6840352, 43.179551 ], [ -88.6938692, 43.18421 ], [ -88.6831202, 43.179893 ], [ -88.6840352, 43.179551 ] ] ] } },
{ "type": "Feature", "properties": { "state_po": "WI", "county_geoid": "55055", "pwsid": "WI1281099", "pws_name": "RIVER VALLEY APTS NORTH", "population_served_count": 48, "model_method": "Decision Tree", "verification_status": "", "symbology_field": "Modeled", "intersection_area_sq_km": 0.058728277120443789 }, "geometry": { "type": "Polygon", "coordinates": [ [ [ -88.5863282, 43.144682 ], [ -88.5854782, 43.146053 ], [ -88.5824942, 43.146829 ], [ -88.5825302, 43.144682 ], [ -88.5863282, 43.144682 ] ] ] } },
{ "type": "Feature", "properties": { "state_po": "WI", "county_geoid": "55055", "pwsid": "WI1281100", "pws_name": "RIVER VALLEY APTS SOUTH", "population_served_count": 48, "model_method": "Random Forest", "verification_status": "", "symbology_field": "Modeled", "intersection_area_sq_km": 0.47021880623527629 }, "geometry": { "type": "MultiPolygon", "coordinates": [ [ [ [ -88.600532199999989, 43.130065 ], [ -88.597887200000017, 43.131321 ], [ -88.5976432, 43.134426 ], [ -88.5926472, 43.134417 ], [ -88.5928372, 43.129941 ], [ -88.600532199999989, 43.130065 ] ] ], [ [ [ -88.5924762, 43.14198 ], [ -88.5883582, 43.141995 ], [ -88.5883962, 43.144117 ], [ -88.5919452, 43.144204 ], [ -88.5905732, 43.146706 ], [ -88.5826222, 43.140773 ], [ -88.5874642, 43.141835 ], [ -88.5866932, 43.138809 ], [ -88.5924762, 43.14198 ] ] ] ] } },
{ "type": "Feature", "properties": { "state_po": "WI", "county_geoid": "55055", "pwsid": "WI1281122", "pws_name": "STANTON PLACE I", "population_served_count": 66, "model_method": "Random Forest", "verification_status": "", "symbology_field": "Modeled", "intersection_area_sq_km": 0.2672978365517073 }, "geometry": { "type": "MultiPolygon", "coordinates": [ [ [ [ -88.5914852, 43.130949 ], [ -88.5926432, 43.134502 ], [ -88.5897982, 43.134428 ], [ -88.5894932, 43.130375 ], [ -88.5914852, 43.130949 ] ] ], [ [ [ -88.5913042, 43.13556 ], [ -88.5893342, 43.136342 ], [ -88.589614200000014, 43.135433 ], [ -88.5913042, 43.13556 ] ] ], [ [ [ -88.5874642, 43.141835 ], [ -88.5826222, 43.140773 ], [ -88.5826522, 43.136558 ], [ -88.5874732, 43.139346 ], [ -88.5874642, 43.141835 ] ] ] ] } },
{ "type": "Feature", "properties": { "state_po": "WI", "county_geoid": "55141", "pwsid": "WI7720112", "pws_name": "PITTSVILLE WATERWORKS", "population_served_count": 800, "model_method": "Random Forest", "verification_status": "", "symbology_field": "Modeled", "intersection_area_sq_km": 2.6565789621450513 }, "geometry": { "type": "Polygon", "coordinates": [ [ [ -90.1310048, 44.4366571 ], [ -90.1299068, 44.439416099999988 ], [ -90.1372208, 44.4445971 ], [ -90.1365098, 44.446694100000016 ], [ -90.1406548, 44.448085100000036 ], [ -90.140875799999989, 44.453456100000018 ], [ -90.1204078, 44.453536099999951 ], [ -90.1200798, 44.43890810000002 ], [ -90.1250368, 44.4389201 ], [ -90.1248208, 44.433355099999979 ], [ -90.1272678, 44.433357099999988 ], [ -90.1253328, 44.424359100000011 ], [ -90.128442800000016, 44.42437010000004 ], [ -90.1310048, 44.4366571 ] ] ] } },
{ "type": "Feature", "properties": { "state_po": "WI", "county_geoid": "55141", "pwsid": "WI7720113", "pws_name": "PORT EDWARDS WATER UTILITY", "population_served_count": 1866, "model_method": "Random Forest", "verification_status": "", "symbology_field": "Modeled", "intersection_area_sq_km": 3.1693782702797009 }, "geometry": { "type": "MultiPolygon", "coordinates": [ [ [ [ -89.8853377, 44.343856100000011 ], [ -89.8869517, 44.342677099999953 ], [ -89.8869247, 44.34385310000004 ], [ -89.8853377, 44.343856100000011 ] ] ], [ [ [ -89.885153699999989, 44.351110099999971 ], [ -89.8674797, 44.351213100000031 ], [ -89.8672587, 44.355553100000023 ], [ -89.869106699999989, 44.356397100000031 ], [ -89.8676247, 44.358959100000028 ], [ -89.8693987, 44.360994100000021 ], [ -89.8684197, 44.365708100000013 ], [ -89.8616377, 44.365695099999975 ], [ -89.8619067, 44.357339099999983 ], [ -89.8568677, 44.349941099999981 ], [ -89.8573427, 44.342404099999989 ], [ -89.8602687, 44.33776910000001 ], [ -89.8681847, 44.340493099999968 ], [ -89.8654137, 44.341747100000035 ], [ -89.8650367, 44.342211100000021 ], [ -89.8646577, 44.343119099999974 ], [ -89.8645527, 44.3439161 ], [ -89.8657657, 44.3423441 ], [ -89.8700807, 44.342383099999971 ], [ -89.8700197, 44.3438951 ], [ -89.8853377, 44.343856100000011 ], [ -89.885153699999989, 44.351110099999971 ] ] ] ] } },
{ "type": "Feature", "properties": { "state_po": "WI", "county_geoid": "55141", "pwsid": "WI7720134", "pws_name": "VESPER WATERWORKS", "population_served_count": 491, "model_method": "Random Forest", "verification_status": "", "symbology_field": "Modeled", "intersection_area_sq_km": 2.3891224995954916 }, "geometry": { "type": "Polygon", "coordinates": [ [ [ -89.9739717, 44.470815099999967 ], [ -89.9740467, 44.474476100000011 ], [ -89.9790357, 44.474417100000011 ], [ -89.9788607, 44.4785281 ], [ -89.9746527, 44.4810851 ], [ -89.9767287, 44.4817311 ], [ -89.9767967, 44.485258100000053 ], [ -89.9791877, 44.485211100000015 ], [ -89.9791717, 44.487423099999951 ], [ -89.9711817, 44.484380100000017 ], [ -89.9659197, 44.487183099999967 ], [ -89.9663497, 44.489106100000022 ], [ -89.9608977, 44.4890691 ], [ -89.9607567, 44.4809101 ], [ -89.9559007, 44.479038099999968 ], [ -89.956113699999989, 44.474437099999982 ], [ -89.9640377, 44.474509100000027 ], [ -89.9639747, 44.470876100000027 ], [ -89.9739717, 44.470815099999967 ] ] ] } },
{ "type": "Feature", "properties": { "state_po": "WI", "county_geoid": "55141", "pwsid": "WI7720169", "pws_name": "NEKOOSA WATERWORKS", "population_served_count": 2394, "model_method": "Random Forest", "verification_status": "", "symbology_field": "Modeled", "intersection_area_sq_km": 4.0746004782271648 }, "geometry": { "type": "Polygon", "coordinates": [ [ [ -89.9142907, 44.300079100000026 ], [ -89.9131197, 44.306177100000035 ], [ -89.9141217, 44.307311099999943 ], [ -89.9207787, 44.30722910000005 ], [ -89.9205567, 44.31378010000001 ], [ -89.9220617, 44.31489509999998 ], [ -89.9136517, 44.317159100000012 ], [ -89.9146597, 44.321884100000055 ], [ -89.8938537, 44.321886099999972 ], [ -89.8932147, 44.317288100000034 ], [ -89.8927167, 44.328280099999979 ], [ -89.8910387, 44.328282099999903 ], [ -89.8881247, 44.3173841 ], [ -89.8894287, 44.3155121 ], [ -89.8971007, 44.315448100000033 ], [ -89.8991687, 44.309899099999967 ], [ -89.8968317, 44.30374709999996 ], [ -89.9041017, 44.3036931 ], [ -89.904088700000017, 44.3000351 ], [ -89.9142907, 44.300079100000026 ] ] ] } },
{ "type": "Feature", "properties": { "state_po": "WI", "county_geoid": "55141", "pwsid": "WI7720537", "pws_name": "PRAIRIE MEADOW ESTATES 1", "population_served_count": 50, "model_method": "Random Forest", "verification_status": "", "symbology_field": "Modeled", "intersection_area_sq_km": 0.21087852362116491 }, "geometry": { "type": "Polygon", "coordinates": [ [ [ -90.0027858, 44.626636199999986 ], [ -90.011296800000011, 44.627770199999979 ], [ -90.0117498, 44.630454199999953 ], [ -90.0049038, 44.630588200000012 ], [ -90.0049188, 44.627554199999956 ], [ -90.0020118, 44.627586200000017 ], [ -90.0027858, 44.626636199999986 ] ] ] } },
{ "type": "Feature", "properties": { "state_po": "WI", "county_geoid": "55141", "pwsid": "WI7720994", "pws_name": "MILLADORE WATERWORKS", "population_served_count": 280, "model_method": "Decision Tree", "verification_status": "", "symbology_field": "Modeled", "intersection_area_sq_km": 0.11275135511530281 }, "geometry": { "type": "Polygon", "coordinates": [ [ [ -89.8552177, 44.602052199999989 ], [ -89.8552177, 44.6052752 ], [ -89.8451307, 44.602264199999986 ], [ -89.8536347, 44.6035532 ], [ -89.8552177, 44.602052199999989 ] ] ] } },
{ "type": "Feature", "properties": { "state_po": "WI", "county_geoid": "55141", "pwsid": "WI7720851", "pws_name": "PIRCO MHP", "population_served_count": 97, "model_method": "OSM", "verification_status": "", "symbology_field": "Modeled", "intersection_area_sq_km": 0.065999295036076475 }, "geometry": { "type": "Polygon", "coordinates": [ [ [ -89.8087646, 44.3197825 ], [ -89.8053544, 44.3197732 ], [ -89.8053611, 44.317993500000036 ], [ -89.8100404, 44.3180017 ], [ -89.8087646, 44.3197825 ] ] ] } },
{ "type": "Feature", "properties": { "state_po": "WI", "county_geoid": "55141", "pwsid": "WI7720167", "pws_name": "HICKORY SHADE", "population_served_count": 55, "model_method": "Decision Tree", "verification_status": "", "symbology_field": "Modeled", "intersection_area_sq_km": 0.039022410482798121 }, "geometry": { "type": "Polygon", "coordinates": [ [ [ -89.7517887, 44.370235100000023 ], [ -89.7535687, 44.372106100000011 ], [ -89.7518187, 44.372302100000056 ], [ -89.7517887, 44.370235100000023 ] ] ] } },
{ "type": "Feature", "properties": { "state_po": "WI", "county_geoid": "55141", "pwsid": "WI7720171", "pws_name": "BIRON WATER UTILITY", "population_served_count": 879, "model_method": null, "verification_status": null, "symbology_field": "System Sourced", "intersection_area_sq_km": 19.516581381385048 }, "geometry": { "type": "Polygon", "coordinates": [ [ [ -89.7933707, 44.4019268 ], [ -89.7940448, 44.405489499999973 ], [ -89.7975115, 44.403790600000029 ], [ -89.8022377, 44.4090934 ], [ -89.8188498, 44.406405800000023 ], [ -89.8142768, 44.4116036 ], [ -89.815297, 44.41505 ], [ -89.8113274, 44.419761200000025 ], [ -89.8031974, 44.42354620000004 ], [ -89.8052754, 44.4235591 ], [ -89.7894104, 44.426463399999975 ], [ -89.7897294, 44.432535800000032 ], [ -89.7830828, 44.434405 ], [ -89.7795848, 44.4372725 ], [ -89.7637164, 44.4427604 ], [ -89.7604566, 44.44121369999997 ], [ -89.757178599999989, 44.442098100000024 ], [ -89.7513392, 44.445773299999971 ], [ -89.7507113, 44.449173 ], [ -89.7264506, 44.4493588 ], [ -89.7259965, 44.423094300000024 ], [ -89.727406, 44.421917599999986 ], [ -89.7390899, 44.42059660000001 ], [ -89.7390883, 44.423911300000057 ], [ -89.7423733, 44.4238797 ], [ -89.7410603, 44.416648099999982 ], [ -89.7422395, 44.418353299999978 ], [ -89.7467441, 44.418310899999945 ], [ -89.746780500000014, 44.419398499999943 ], [ -89.7846202, 44.408354799999984 ], [ -89.7856347, 44.403188799999988 ], [ -89.7933707, 44.4019268 ] ] ] } },
{ "type": "Feature", "properties": { "state_po": "WI", "county_geoid": "55133", "pwsid": "WI2680277", "pws_name": "PRAIRIE VILLAGE WATER TRUST", "population_served_count": 2100, "model_method": "Random Forest", "verification_status": "", "symbology_field": "Modeled", "intersection_area_sq_km": 3.5264858985412046 }, "geometry": { "type": "MultiPolygon", "coordinates": [ [ [ [ -88.3861321, 42.926454 ], [ -88.3854651, 42.930429 ], [ -88.3838061, 42.930417 ], [ -88.3830971, 42.927637 ], [ -88.3861321, 42.926454 ] ] ], [ [ [ -88.403687100000013, 42.925227 ], [ -88.4042791, 42.926702 ], [ -88.4055721, 42.925304 ], [ -88.4104851, 42.925269 ], [ -88.4106001, 42.930328 ], [ -88.4123901, 42.930659 ], [ -88.4345111, 42.930325 ], [ -88.4347011, 42.937652 ], [ -88.4321801, 42.937662 ], [ -88.4314631, 42.942192 ], [ -88.4284411, 42.939977 ], [ -88.4238831, 42.94036 ], [ -88.4198031, 42.93761 ], [ -88.4195201, 42.935573 ], [ -88.4125371, 42.933864 ], [ -88.4110571, 42.935321 ], [ -88.4056001, 42.935071 ], [ -88.4055831, 42.937233 ], [ -88.4039861, 42.937205 ], [ -88.4039721, 42.935489 ], [ -88.3901761, 42.943274 ], [ -88.3902751, 42.941337 ], [ -88.3857601, 42.941341 ], [ -88.3880011, 42.935892 ], [ -88.3923481, 42.934226 ], [ -88.3886311, 42.93186 ], [ -88.3983301, 42.93079 ], [ -88.4017911, 42.932325 ], [ -88.4017851, 42.925446 ], [ -88.403687100000013, 42.925227 ] ] ] ] } },
{ "type": "Feature", "properties": { "state_po": "WI", "county_geoid": "55133", "pwsid": "WI2680195", "pws_name": "LAD LAKE", "population_served_count": 180, "model_method": "Random Forest", "verification_status": "", "symbology_field": "Modeled", "intersection_area_sq_km": 0.075486486110164577 }, "geometry": { "type": "Polygon", "coordinates": [ [ [ -88.4807991, 43.01452 ], [ -88.4802831, 43.016502 ], [ -88.4769971, 43.017423 ], [ -88.4772021, 43.014758 ], [ -88.4807991, 43.01452 ] ] ] } },
{ "type": "Feature", "properties": { "state_po": "WI", "county_geoid": "55133", "pwsid": "WI2680197", "pws_name": "DOUSMAN WATER UTILITY", "population_served_count": 2350, "model_method": "Decision Tree", "verification_status": "", "symbology_field": "Modeled", "intersection_area_sq_km": 2.8190767892252926 }, "geometry": { "type": "Polygon", "coordinates": [ [ [ -88.4831181, 43.003239 ], [ -88.4832281, 42.99963 ], [ -88.4866321, 42.999802 ], [ -88.4866151, 43.001907 ], [ -88.4888921, 43.001647 ], [ -88.4916261, 43.004992 ], [ -88.4906881, 43.008512 ], [ -88.4888471, 43.006952 ], [ -88.4877621, 43.010389 ], [ -88.4829781, 43.010653 ], [ -88.4827291, 43.018458 ], [ -88.474572099999989, 43.018383 ], [ -88.4741191, 43.020062 ], [ -88.4694741, 43.018404 ], [ -88.4654251, 43.022905 ], [ -88.4624551, 43.022458 ], [ -88.4621011, 43.008914 ], [ -88.4637461, 43.008944 ], [ -88.4632541, 43.010393 ], [ -88.4729181, 43.010522 ], [ -88.472979099999989, 43.00756 ], [ -88.4780271, 43.006291 ], [ -88.4780921, 43.003199 ], [ -88.4831181, 43.003239 ] ] ] } },
{ "type": "Feature", "properties": { "state_po": "WI", "county_geoid": "55133", "pwsid": "WI2680198", "pws_name": "EAGLE WATERWORKS", "population_served_count": 1950, "model_method": "Random Forest", "verification_status": "", "symbology_field": "Modeled", "intersection_area_sq_km": 4.6000598199232767 }, "geometry": { "type": "Polygon", "coordinates": [ [ [ -88.4537501, 42.871626 ], [ -88.4833001, 42.871778 ], [ -88.4833571, 42.886284 ], [ -88.4660591, 42.886181 ], [ -88.4574111, 42.893547 ], [ -88.448874100000012, 42.893459 ], [ -88.4488461, 42.889865 ], [ -88.4540031, 42.889903 ], [ -88.4537501, 42.871626 ] ] ] } },
{ "type": "Feature", "properties": { "state_po": "WI", "county_geoid": "55133", "pwsid": "WI2680247", "pws_name": "COUNTRY AIRE APARTMENTS 2", "population_served_count": 90, "model_method": "Random Forest", "verification_status": "", "symbology_field": "Modeled", "intersection_area_sq_km": 1.2520757708024732 }, "geometry": { "type": "MultiPolygon", "coordinates": [ [ [ [ -88.442320099999989, 43.056276 ], [ -88.4412631, 43.054723 ], [ -88.4369351, 43.055929 ], [ -88.4389681, 43.053003 ], [ -88.4382561, 43.047674 ], [ -88.4423461, 43.047695 ], [ -88.442320099999989, 43.056276 ] ] ], [ [ [ -88.4237841, 43.058654 ], [ -88.4142021, 43.059385 ], [ -88.4140551, 43.054177 ], [ -88.4317781, 43.058435 ], [ -88.4296341, 43.059804 ], [ -88.4273341, 43.058022 ], [ -88.4237841, 43.058654 ] ] ], [ [ [ -88.4128131, 43.059571 ], [ -88.4116281, 43.061833 ], [ -88.4114321, 43.061769 ], [ -88.4113511, 43.061319 ], [ -88.4111141, 43.061156 ], [ -88.4074161, 43.061505 ], [ -88.4057901, 43.061839 ], [ -88.4041291, 43.06242 ], [ -88.407113099999989, 43.059816 ], [ -88.4042531, 43.058374 ], [ -88.4048531, 43.054064 ], [ -88.4084771, 43.0541 ], [ -88.4085281, 43.056102 ], [ -88.4128131, 43.059571 ] ] ], [ [ [ -88.4227781, 43.060734 ], [ -88.4261881, 43.058634 ], [ -88.4286281, 43.05991 ], [ -88.4227781, 43.060734 ] ] ], [ [ [ -88.4177931, 43.061222 ], [ -88.415688100000011, 43.061226 ], [ -88.4152421, 43.061104 ], [ -88.415010099999989, 43.060706 ], [ -88.4148191, 43.060708 ], [ -88.4146831, 43.060996 ], [ -88.4143871, 43.06109 ], [ -88.4140301, 43.061078 ], [ -88.4135531, 43.060763 ], [ -88.4116961, 43.061984 ], [ -88.4041201, 43.062818 ], [ -88.4115701, 43.06192 ], [ -88.4134481, 43.060671 ], [ -88.4149781, 43.060638 ], [ -88.4155401, 43.061096 ], [ -88.4176891, 43.060833 ], [ -88.4177931, 43.061222 ] ] ] ] } },
{ "type": "Feature", "properties": { "state_po": "WI", "county_geoid": "55133", "pwsid": "WI2680624", "pws_name": "HEAVEN CITY", "population_served_count": 106, "model_method": "Random Forest", "verification_status": "", "symbology_field": "Modeled", "intersection_area_sq_km": 0.037776371222096684 }, "geometry": { "type": "MultiPolygon", "coordinates": [ [ [ [ -88.3316771, 42.863512 ], [ -88.3307491, 42.865979 ], [ -88.3293721, 42.865736 ], [ -88.3316771, 42.863512 ] ] ], [ [ [ -88.3331261, 42.865949 ], [ -88.3319051, 42.864933 ], [ -88.3331501, 42.864897 ], [ -88.3331261, 42.865949 ] ] ] ] } },
{ "type": "Feature", "properties": { "state_po": "WI", "county_geoid": "55133", "pwsid": "WI2682761", "pws_name": "APARTMENTS OF STONERIDGE", "population_served_count": 75, "model_method": "Random Forest", "verification_status": "", "symbology_field": "Modeled", "intersection_area_sq_km": 0.18733412104940858 }, "geometry": { "type": "MultiPolygon", "coordinates": [ [ [ [ -88.3975791, 43.001281 ], [ -88.397308099999989, 43.003081 ], [ -88.3949981, 43.004564 ], [ -88.3935631, 43.003279 ], [ -88.3955961, 43.002262 ], [ -88.3953241, 43.00015 ], [ -88.3975791, 43.001281 ] ] ], [ [ [ -88.3880671, 43.010057 ], [ -88.3843921, 43.008988 ], [ -88.3840521, 43.007936 ], [ -88.3875531, 43.008495 ], [ -88.3880671, 43.010057 ] ] ], [ [ [ -88.3897221, 43.010429 ], [ -88.3839681, 43.011882 ], [ -88.3840241, 43.009202 ], [ -88.386715099999989, 43.010127 ], [ -88.3897221, 43.010429 ] ] ] ] } },
{ "type": "Feature", "properties": { "state_po": "WI", "county_geoid": "55133", "pwsid": "WI2685951", "pws_name": "SANCTUARY OF DELAFIELD", "population_served_count": 27, "model_method": "Random Forest", "verification_status": "", "symbology_field": "Modeled", "intersection_area_sq_km": 0.8644235982556957 }, "geometry": { "type": "Polygon", "coordinates": [ [ [ -88.4048591, 43.053821 ], [ -88.404631099999989, 43.055401 ], [ -88.394280099999989, 43.056588 ], [ -88.3953211, 43.062478 ], [ -88.3933551, 43.062601 ], [ -88.3837361, 43.057804 ], [ -88.386608099999989, 43.057357 ], [ -88.3860051, 43.053097 ], [ -88.3733661, 43.05165 ], [ -88.4048591, 43.053821 ] ] ] } },
{ "type": "Feature", "properties": { "state_po": "WI", "county_geoid": "55133", "pwsid": "WI2686325", "pws_name": "CAMBRIDGE PLACE OF DELAFIELD", "population_served_count": 50, "model_method": "Random Forest", "verification_status": "", "symbology_field": "Modeled", "intersection_area_sq_km": 0.90285916648044884 }, "geometry": { "type": "MultiPolygon", "coordinates": [ [ [ [ -88.4229091, 43.04342 ], [ -88.4228381, 43.055547 ], [ -88.4140691, 43.053943 ], [ -88.4196141, 43.051341 ], [ -88.4174071, 43.048113 ], [ -88.4141841, 43.048186 ], [ -88.4142191, 43.043492 ], [ -88.4229091, 43.04342 ] ] ], [ [ [ -88.4226531, 43.059384 ], [ -88.4226841, 43.065597 ], [ -88.4179131, 43.066354 ], [ -88.4177931, 43.061222 ], [ -88.4217441, 43.060979 ], [ -88.4226531, 43.059384 ] ] ] ] } },
{ "type": "Feature", "properties": { "state_po": "WI", "county_geoid": "55133", "pwsid": "WI2680249", "pws_name": "COUNTRY AIRE APARTMENTS 3", "population_served_count": 80, "model_method": "Random Forest", "verification_status": "", "symbology_field": "Modeled", "intersection_area_sq_km": 0.19104754877506092 }, "geometry": { "type": "Polygon", "coordinates": [ [ [ -88.426732, 43.05409610000001 ], [ -88.4311606, 43.057548399999959 ], [ -88.4251154, 43.05621380000003 ], [ -88.4257024, 43.050694199999981 ], [ -88.4292244, 43.047616299999966 ], [ -88.4295684, 43.051283 ], [ -88.426732, 43.05409610000001 ] ] ] } },
{ "type": "Feature", "properties": { "state_po": "WI", "county_geoid": "55133", "pwsid": "WI2680218", "pws_name": "MUSKEGO LAKE AIRE APARTMENTS", "population_served_count": 35, "model_method": "Random Forest", "verification_status": "", "symbology_field": "Modeled", "intersection_area_sq_km": 0.40789797433181679 }, "geometry": { "type": "Polygon", "coordinates": [ [ [ -88.4462921, 43.131127 ], [ -88.4431631, 43.128562 ], [ -88.4349281, 43.130564 ], [ -88.4335061, 43.124554 ], [ -88.4300711, 43.124234 ], [ -88.4323891, 43.122677 ], [ -88.4295781, 43.123596 ], [ -88.4280671, 43.122887 ], [ -88.4345591, 43.121059 ], [ -88.43653110000001, 43.127334 ], [ -88.4448291, 43.127919 ], [ -88.4462921, 43.131127 ] ] ] } },
{ "type": "Feature", "properties": { "state_po": "WI", "county_geoid": "55133", "pwsid": "WI2680225", "pws_name": "SUNNYFIELD ACRES", "population_served_count": 300, "model_method": "Random Forest", "verification_status": "", "symbology_field": "Modeled", "intersection_area_sq_km": 1.2072670806608448 }, "geometry": { "type": "MultiPolygon", "coordinates": [ [ [ [ -88.538874801637306, 43.133524010328152 ], [ -88.5320521, 43.130714 ], [ -88.5266901, 43.131482 ], [ -88.5247491, 43.122632 ], [ -88.5203471, 43.121825 ], [ -88.5289511, 43.12221 ], [ -88.5309911, 43.123628 ], [ -88.5314131, 43.121946 ], [ -88.539267869419831, 43.122079902784876 ], [ -88.538874801637306, 43.133524010328152 ] ] ], [ [ [ -88.538645570441091, 43.140865558104437 ], [ -88.536008099999989, 43.140296 ], [ -88.5364441, 43.136675 ], [ -88.5387931, 43.136602 ], [ -88.538834626368043, 43.13514634113416 ], [ -88.538775, 43.137554 ], [ -88.538645570441091, 43.140865558104437 ] ] ] ] } },
{ "type": "Feature", "properties": { "state_po": "WI", "county_geoid": "55133", "pwsid": "WI2680261", "pws_name": "PARQUELYNN VILLAGE", "population_served_count": 450, "model_method": "Random Forest", "verification_status": "", "symbology_field": "Modeled", "intersection_area_sq_km": 1.9559896499417009 }, "geometry": { "type": "MultiPolygon", "coordinates": [ [ [ [ -88.3995021, 43.083737 ], [ -88.3995231, 43.090974 ], [ -88.3962451, 43.0909 ], [ -88.3995021, 43.083737 ] ] ], [ [ [ -88.4024201, 43.094744 ], [ -88.3991631, 43.095894 ], [ -88.400348100000016, 43.090985 ], [ -88.4032241, 43.091046 ], [ -88.4024201, 43.094744 ] ] ], [ [ [ -88.4041801, 43.094781 ], [ -88.4130791, 43.09441 ], [ -88.4129281, 43.099698 ], [ -88.4259711, 43.106424 ], [ -88.4127461, 43.105997 ], [ -88.4128651, 43.101914 ], [ -88.3928531, 43.10192 ], [ -88.40022110000001, 43.098505 ], [ -88.3999731, 43.097088 ], [ -88.4030411, 43.097808 ], [ -88.4041801, 43.094781 ] ] ], [ [ [ -88.4346901, 43.10951 ], [ -88.4283131, 43.113757 ], [ -88.4249491, 43.113054 ], [ -88.4262351, 43.109556 ], [ -88.4279891, 43.109487 ], [ -88.4273501, 43.106499 ], [ -88.4346901, 43.10951 ] ] ], [ [ [ -88.4215941, 43.115807 ], [ -88.4194411, 43.11416 ], [ -88.4211421, 43.10906 ], [ -88.4223591, 43.109125 ], [ -88.4215941, 43.115807 ] ] ] ] } },
{ "type": "Feature", "properties": { "state_po": "WI", "county_geoid": "55133", "pwsid": "WI2680290", "pws_name": "EVERGREENS", "population_served_count": 40, "model_method": "Random Forest", "verification_status": "", "symbology_field": "Modeled", "intersection_area_sq_km": 0.63434861720726832 }, "geometry": { "type": "Polygon", "coordinates": [ [ [ -88.3751731, 43.151046 ], [ -88.3737041, 43.159034 ], [ -88.3720291, 43.160021 ], [ -88.3772181, 43.159924 ], [ -88.3787421, 43.158579 ], [ -88.3791461, 43.159554 ], [ -88.3792561, 43.15853 ], [ -88.3819981, 43.160755 ], [ -88.3648211, 43.161432 ], [ -88.3703581, 43.160218 ], [ -88.3708321, 43.158097 ], [ -88.3608741, 43.155513 ], [ -88.3659531, 43.155553 ], [ -88.3659931, 43.154056 ], [ -88.3710371, 43.153282 ], [ -88.3711281, 43.150993 ], [ -88.3751731, 43.151046 ] ] ] } },
{ "type": "Feature", "properties": { "state_po": "WI", "county_geoid": "55133", "pwsid": "WI2680761", "pws_name": "ST JOHNS NORTHWESTERN MILITARY ACADEMY", "population_served_count": 340, "model_method": "Random Forest", "verification_status": "", "symbology_field": "Modeled", "intersection_area_sq_km": 0.38119365193517202 }, "geometry": { "type": "MultiPolygon", "coordinates": [ [ [ [ -88.4044631, 43.063432 ], [ -88.4090891, 43.06357 ], [ -88.4089451, 43.06716 ], [ -88.4016771, 43.066915 ], [ -88.4044631, 43.063432 ] ] ], [ [ [ -88.4076841, 43.074817 ], [ -88.4036551, 43.076372 ], [ -88.4038681, 43.070476 ], [ -88.4073181, 43.070543 ], [ -88.406027100000017, 43.072269 ], [ -88.4076841, 43.074817 ] ] ] ] } },
{ "type": "Feature", "properties": { "state_po": "WI", "county_geoid": "55133", "pwsid": "WI2681104", "pws_name": "KNOLLCREST", "population_served_count": 66, "model_method": "Random Forest", "verification_status": "", "symbology_field": "Modeled", "intersection_area_sq_km": 0.39988343436997159 }, "geometry": { "type": "Polygon", "coordinates": [ [ [ -88.404631099999989, 43.055401 ], [ -88.4041861, 43.059967 ], [ -88.4024131, 43.060881 ], [ -88.3941421, 43.060802 ], [ -88.394280099999989, 43.056588 ], [ -88.4005601, 43.057576 ], [ -88.4009311, 43.055386 ], [ -88.404631099999989, 43.055401 ] ] ] } },
{ "type": "Feature", "properties": { "state_po": "WI", "county_geoid": "55133", "pwsid": "WI2682512", "pws_name": "NASHOTAH HOUSE", "population_served_count": 350, "model_method": "Random Forest", "verification_status": "", "symbology_field": "Modeled", "intersection_area_sq_km": 1.0632494433511295 }, "geometry": { "type": "MultiPolygon", "coordinates": [ [ [ [ -88.4424811, 43.064185 ], [ -88.4420871, 43.069003 ], [ -88.4363731, 43.069157 ], [ -88.4336281, 43.071694 ], [ -88.4371041, 43.061333 ], [ -88.4343121, 43.059766 ], [ -88.4325141, 43.061097 ], [ -88.4316591, 43.058844 ], [ -88.4356521, 43.059962 ], [ -88.4387091, 43.061536 ], [ -88.4398521, 43.064795 ], [ -88.4424811, 43.064185 ] ] ], [ [ [ -88.4116641, 43.078434 ], [ -88.4060481, 43.078293 ], [ -88.4061291, 43.076325 ], [ -88.4117981, 43.077092 ], [ -88.4116641, 43.078434 ] ] ], [ [ [ -88.4133761, 43.083553 ], [ -88.4033971, 43.083814 ], [ -88.4032601, 43.087658 ], [ -88.4012241, 43.087928 ], [ -88.4007501, 43.083765 ], [ -88.3982371, 43.081365 ], [ -88.4134541, 43.079845 ], [ -88.4133761, 43.083553 ] ] ] ] } },
{ "type": "Feature", "properties": { "state_po": "WI", "county_geoid": "55133", "pwsid": "WI2682795", "pws_name": "ARBORS", "population_served_count": 280, "model_method": "Random Forest", "verification_status": "", "symbology_field": "Modeled", "intersection_area_sq_km": 1.3239516005367471 }, "geometry": { "type": "MultiPolygon", "coordinates": [ [ [ [ -88.3737221, 43.047772 ], [ -88.3687571, 43.047729 ], [ -88.3627391, 43.049894 ], [ -88.3500951, 43.04844 ], [ -88.3495451, 43.045614 ], [ -88.3526571, 43.045609 ], [ -88.3526521, 43.04365 ], [ -88.3495591, 43.043169 ], [ -88.3593471, 43.043194 ], [ -88.3593381, 43.041729 ], [ -88.3642661, 43.039661 ], [ -88.3642511, 43.046859 ], [ -88.3740101, 43.046543 ], [ -88.3737221, 43.047772 ] ] ], [ [ [ -88.4036551, 43.076372 ], [ -88.4003101, 43.074957 ], [ -88.4010541, 43.072213 ], [ -88.4037671, 43.072745 ], [ -88.4036551, 43.076372 ] ] ], [ [ [ -88.4028701, 43.080071 ], [ -88.3967881, 43.080268 ], [ -88.3962811, 43.083622 ], [ -88.3954241, 43.078682 ], [ -88.3970021, 43.079133 ], [ -88.3953271, 43.07726 ], [ -88.403603100000012, 43.077349 ], [ -88.4028701, 43.080071 ] ] ], [ [ [ -88.3980261, 43.084327 ], [ -88.3967281, 43.086535 ], [ -88.395445099999989, 43.087105 ], [ -88.3962311, 43.083885 ], [ -88.3980261, 43.084327 ] ] ] ] } },
{ "type": "Feature", "properties": { "state_po": "WI", "county_geoid": "55133", "pwsid": "WI2683440", "pws_name": "LAKE DRIVE WATER TRUST", "population_served_count": 500, "model_method": "Decision Tree", "verification_status": "", "symbology_field": "Modeled", "intersection_area_sq_km": 1.3683046888357224 }, "geometry": { "type": "Polygon", "coordinates": [ [ [ -88.451429100000013, 43.116514 ], [ -88.4512961, 43.118537 ], [ -88.4464811, 43.120902 ], [ -88.4463661, 43.127952 ], [ -88.4448011, 43.128374 ], [ -88.4462921, 43.131127 ], [ -88.4431631, 43.128562 ], [ -88.4349281, 43.130564 ], [ -88.4335061, 43.124554 ], [ -88.4300711, 43.124234 ], [ -88.4323891, 43.122677 ], [ -88.4295781, 43.123596 ], [ -88.4281281, 43.122827 ], [ -88.4336141, 43.121497 ], [ -88.4316581, 43.121095 ], [ -88.4402501, 43.120632 ], [ -88.4476241, 43.11451 ], [ -88.451429100000013, 43.116514 ] ], [ [ -88.4346041, 43.124226 ], [ -88.4330621, 43.12267 ], [ -88.431589100000011, 43.124207 ], [ -88.4346041, 43.124226 ] ] ] } },
{ "type": "Feature", "properties": { "state_po": "WI", "county_geoid": "55133", "pwsid": "WI2680806", "pws_name": "GENESEE LAKE SCHOOL NORTH", "population_served_count": 110, "model_method": "Random Forest", "verification_status": "", "symbology_field": "Modeled", "intersection_area_sq_km": 0.16342805290927512 }, "geometry": { "type": "MultiPolygon", "coordinates": [ [ [ [ -88.4808341, 43.076809 ], [ -88.4784521, 43.076755 ], [ -88.478540099999989, 43.073954 ], [ -88.4810811, 43.07325 ], [ -88.4808341, 43.076809 ] ] ], [ [ [ -88.4813091, 43.076903 ], [ -88.4833761, 43.07736 ], [ -88.4832011, 43.081575 ], [ -88.4808321, 43.081508 ], [ -88.4813091, 43.076903 ] ] ] ] } },
{ "type": "Feature", "properties": { "state_po": "WI", "county_geoid": "55133", "pwsid": "WI2682639", "pws_name": "BRANDYBROOK SUBDIVISION", "population_served_count": 474, "model_method": "Random Forest", "verification_status": "", "symbology_field": "Modeled", "intersection_area_sq_km": 1.1237273630689446 }, "geometry": { "type": "Polygon", "coordinates": [ [ [ -88.3766751, 43.004754 ], [ -88.3744881, 43.006639 ], [ -88.3780621, 43.013581 ], [ -88.3690461, 43.016876 ], [ -88.366165099999989, 43.015745 ], [ -88.365315099999989, 43.005363 ], [ -88.3721931, 43.003151 ], [ -88.3766751, 43.004754 ] ] ] } },
{ "type": "Feature", "properties": { "state_po": "WI", "county_geoid": "55133", "pwsid": "WI2683331", "pws_name": "GENESEE LAKE SCHOOL SOUTH", "population_served_count": 230, "model_method": "Random Forest", "verification_status": "", "symbology_field": "Modeled", "intersection_area_sq_km": 1.2563687504141765 }, "geometry": { "type": "Polygon", "coordinates": [ [ [ -88.4811741, 43.069147 ], [ -88.4810811, 43.07325 ], [ -88.478540099999989, 43.073954 ], [ -88.4784521, 43.076755 ], [ -88.4887421, 43.079317 ], [ -88.4881341, 43.081711 ], [ -88.4707491, 43.08131 ], [ -88.4708661, 43.076617 ], [ -88.4733451, 43.076662 ], [ -88.4725581, 43.074091 ], [ -88.4709791, 43.074048 ], [ -88.4714681, 43.068973 ], [ -88.4811741, 43.069147 ] ] ] } },
{ "type": "Feature", "properties": { "state_po": "WI", "county_geoid": "55133", "pwsid": "WI2684642", "pws_name": "DELAFIELD WATERWORKS", "population_served_count": 300, "model_method": "Decision Tree", "verification_status": "", "symbology_field": "Modeled", "intersection_area_sq_km": 0.28013081426932734 }, "geometry": { "type": "Polygon", "coordinates": [ [ [ -88.3992461, 43.05994 ], [ -88.4133511, 43.059749 ], [ -88.4116281, 43.061833 ], [ -88.3989031, 43.062605 ], [ -88.3992461, 43.05994 ] ] ] } },
{ "type": "Feature", "properties": { "state_po": "WI", "county_geoid": "55133", "pwsid": "WI2685210", "pws_name": "COUNTRY AIRE CONDOS 4835", "population_served_count": 40, "model_method": "Random Forest", "verification_status": "", "symbology_field": "Modeled", "intersection_area_sq_km": 0.073974860153154867 }, "geometry": { "type": "Polygon", "coordinates": [ [ [ -88.3614491, 43.10219 ], [ -88.3596611, 43.102642 ], [ -88.3582711, 43.105552 ], [ -88.3580931, 43.100984 ], [ -88.3563001, 43.101052 ], [ -88.3597821, 43.100586 ], [ -88.3614491, 43.10219 ] ] ] } },
{ "type": "Feature", "properties": { "state_po": "WI", "county_geoid": "55133", "pwsid": "WI2685812", "pws_name": "DELAFIELD SQUARE", "population_served_count": 587, "model_method": "Random Forest", "verification_status": "", "symbology_field": "Modeled", "intersection_area_sq_km": 1.1018228796761882 }, "geometry": { "type": "MultiPolygon", "coordinates": [ [ [ [ -88.3973831, 43.062173 ], [ -88.4041291, 43.06242 ], [ -88.3974101, 43.0644 ], [ -88.3973831, 43.062173 ] ] ], [ [ [ -88.4041111, 43.06341 ], [ -88.4015831, 43.066609 ], [ -88.4039321, 43.069006 ], [ -88.4134751, 43.06899 ], [ -88.4166081, 43.070851 ], [ -88.4147141, 43.072474 ], [ -88.4105141, 43.070962 ], [ -88.410187100000016, 43.073557 ], [ -88.4122341, 43.075574 ], [ -88.4110231, 43.077084 ], [ -88.4061291, 43.076325 ], [ -88.4076621, 43.075068 ], [ -88.406027100000017, 43.072269 ], [ -88.4073181, 43.070543 ], [ -88.4038681, 43.070476 ], [ -88.4037671, 43.072745 ], [ -88.4001511, 43.073014 ], [ -88.4004441, 43.075285 ], [ -88.403603100000012, 43.077349 ], [ -88.3953271, 43.07726 ], [ -88.3952231, 43.078484 ], [ -88.3949401, 43.075771 ], [ -88.3972781, 43.075419 ], [ -88.3954671, 43.075223 ], [ -88.396976099999989, 43.074996 ], [ -88.3984391, 43.066798 ], [ -88.402606100000014, 43.063004 ], [ -88.4041111, 43.06341 ] ] ] ] } },
{ "type": "Feature", "properties": { "state_po": "WI", "county_geoid": "55133", "pwsid": "WI2685839", "pws_name": "MISSION LAKES II", "population_served_count": 68, "model_method": "Random Forest", "verification_status": "", "symbology_field": "Modeled", "intersection_area_sq_km": 0.40501882995957311 }, "geometry": { "type": "Polygon", "coordinates": [ [ [ -88.4418431, 43.108965 ], [ -88.4417231, 43.111673 ], [ -88.4396291, 43.112207 ], [ -88.4430191, 43.11435 ], [ -88.4379891, 43.114547 ], [ -88.4340981, 43.116963 ], [ -88.4300351, 43.116688 ], [ -88.4382521, 43.111557 ], [ -88.4318691, 43.107766 ], [ -88.4418431, 43.108965 ] ] ] } },
{ "type": "Feature", "properties": { "state_po": "WI", "county_geoid": "55133", "pwsid": "WI2686481", "pws_name": "LINCOLNSHIRE PLACE", "population_served_count": 100, "model_method": "Decision Tree", "verification_status": "", "symbology_field": "Modeled", "intersection_area_sq_km": 0.53485392431202594 }, "geometry": { "type": "MultiPolygon", "coordinates": [ [ [ [ -88.374304099999989, 43.002818 ], [ -88.3725871, 43.002566 ], [ -88.371833099999989, 43.002369 ], [ -88.3742981, 43.000972 ], [ -88.374304099999989, 43.002818 ] ] ], [ [ [ -88.3786481, 43.001405 ], [ -88.3787851, 43.005657 ], [ -88.3840301, 43.008995 ], [ -88.3839681, 43.011882 ], [ -88.3780621, 43.013581 ], [ -88.3744881, 43.006639 ], [ -88.3786481, 43.001405 ] ] ] ] } },
{ "type": "Feature", "properties": { "state_po": "WI", "county_geoid": "55133", "pwsid": "WI2684746", "pws_name": "COUNTRY COURT SUBDIVISION", "population_served_count": 45, "model_method": "Random Forest", "verification_status": "", "symbology_field": "Modeled", "intersection_area_sq_km": 1.3481700957254332 }, "geometry": { "type": "Polygon", "coordinates": [ [ [ -88.185806, 43.093244 ], [ -88.185456, 43.11026 ], [ -88.174982, 43.108415 ], [ -88.175146, 43.10464 ], [ -88.172387, 43.104615 ], [ -88.175314, 43.100509 ], [ -88.175239, 43.10184 ], [ -88.176468, 43.101764 ], [ -88.176203, 43.097663 ], [ -88.180634, 43.097072 ], [ -88.180767, 43.093446 ], [ -88.185806, 43.093244 ] ] ] } },
{ "type": "Feature", "properties": { "state_po": "WI", "county_geoid": "55133", "pwsid": "WI2684360", "pws_name": "STONEY CREEK ADULT COMMUNITY", "population_served_count": 95, "model_method": "Random Forest", "verification_status": "", "symbology_field": "Modeled", "intersection_area_sq_km": 0.085776763036804135 }, "geometry": { "type": "MultiPolygon", "coordinates": [ [ [ [ -88.0868, 42.91814 ], [ -88.0887, 42.920721 ], [ -88.086497, 42.920291 ], [ -88.0868, 42.91814 ] ] ], [ [ [ -88.09487, 42.923131 ], [ -88.093142, 42.923038 ], [ -88.091295, 42.922313 ], [ -88.092023, 42.919536 ], [ -88.093292, 42.922963 ], [ -88.09487, 42.923131 ] ] ] ] } },
{ "type": "Feature", "properties": { "state_po": "WI", "county_geoid": "55133", "pwsid": "WI2680862", "pws_name": "DOUGLAS PLAZA SOUTH", "population_served_count": 62, "model_method": "Random Forest", "verification_status": "", "symbology_field": "Modeled", "intersection_area_sq_km": 0.2902777629931344 }, "geometry": { "type": "MultiPolygon", "coordinates": [ [ [ [ -88.176945, 43.039222 ], [ -88.175454, 43.041458 ], [ -88.171461, 43.038273 ], [ -88.166861, 43.038539 ], [ -88.166886, 43.036263 ], [ -88.174573, 43.036313 ], [ -88.176945, 43.039222 ] ] ], [ [ [ -88.075647, 43.033464 ], [ -88.073544, 43.0352 ], [ -88.072614, 43.033509 ], [ -88.075647, 43.033464 ] ] ] ] } },
{ "type": "Feature", "properties": { "state_po": "WI", "county_geoid": "55133", "pwsid": "WI2680228", "pws_name": "LAKE MEADOWS WATER TRUST", "population_served_count": 750, "model_method": "Decision Tree", "verification_status": "", "symbology_field": "Modeled", "intersection_area_sq_km": 0.23502600029475815 }, "geometry": { "type": "Polygon", "coordinates": [ [ [ -88.175287, 42.852764 ], [ -88.177188, 42.857471 ], [ -88.172019, 42.857518 ], [ -88.170348, 42.852894 ], [ -88.175287, 42.852764 ] ] ] } },
{ "type": "Feature", "properties": { "state_po": "WI", "county_geoid": "55133", "pwsid": "WI2680216", "pws_name": "HALE PARK MEADOWS", "population_served_count": 720, "model_method": "Random Forest", "verification_status": "", "symbology_field": "Modeled", "intersection_area_sq_km": 0.69708762720842066 }, "geometry": { "type": "Polygon", "coordinates": [ [ [ -88.080231, 42.916785 ], [ -88.0868, 42.91814 ], [ -88.088793, 42.924214 ], [ -88.081569, 42.924436 ], [ -88.07873, 42.926014 ], [ -88.078709, 42.922749 ], [ -88.075659, 42.923374 ], [ -88.078345, 42.920633 ], [ -88.076056, 42.918942 ], [ -88.080231, 42.916785 ] ] ] } },
{ "type": "Feature", "properties": { "state_po": "WI", "county_geoid": "55133", "pwsid": "WI2680213", "pws_name": "DURHAM MEADOWS WATER TRUST", "population_served_count": 700, "model_method": "Random Forest", "verification_status": "", "symbology_field": "Modeled", "intersection_area_sq_km": 0.017654818062905756 }, "geometry": { "type": "Polygon", "coordinates": [ [ [ -88.097522, 42.918302 ], [ -88.096272, 42.919514 ], [ -88.096558, 42.917795 ], [ -88.097522, 42.918302 ] ] ] } },
{ "type": "Feature", "properties": { "state_po": "WI", "county_geoid": "55133", "pwsid": "WI2680191", "pws_name": "BUTLER WATERWORKS", "population_served_count": 2181, "model_method": "Random Forest", "verification_status": "", "symbology_field": "Modeled", "intersection_area_sq_km": 2.3119884666962589 }, "geometry": { "type": "Polygon", "coordinates": [ [ [ -88.066148, 43.098491 ], [ -88.069631, 43.098402 ], [ -88.069749, 43.091917 ], [ -88.077665, 43.095949 ], [ -88.078177, 43.104712 ], [ -88.075847, 43.10835 ], [ -88.075531, 43.115603 ], [ -88.077071, 43.117211 ], [ -88.073943, 43.119182 ], [ -88.065582, 43.119103 ], [ -88.066148, 43.098491 ] ] ] } },
{ "type": "Feature", "properties": { "state_po": "WI", "county_geoid": "55133", "pwsid": "WI2686008", "pws_name": "LANNON WATER UTILITY", "population_served_count": 172, "model_method": "Decision Tree", "verification_status": "", "symbology_field": "Modeled", "intersection_area_sq_km": 0.026685857224197966 }, "geometry": { "type": "Polygon", "coordinates": [ [ [ -88.159944, 43.142742 ], [ -88.161672, 43.141645 ], [ -88.161657, 43.143385 ], [ -88.159944, 43.142742 ] ] ] } },
{ "type": "Feature", "properties": { "state_po": "WI", "county_geoid": "55133", "pwsid": "WI2685747", "pws_name": "MENOMONEE FALLS WW - GROUNDWATER", "population_served_count": 1796, "model_method": "Random Forest", "verification_status": "", "symbology_field": "Modeled", "intersection_area_sq_km": 3.0719694193698523 }, "geometry": { "type": "MultiPolygon", "coordinates": [ [ [ [ -88.138441, 43.124792 ], [ -88.136483, 43.125436 ], [ -88.134964, 43.125543 ], [ -88.134981, 43.124356 ], [ -88.138441, 43.124792 ] ] ], [ [ [ -88.12461, 43.130382 ], [ -88.122864, 43.129435 ], [ -88.122799, 43.128379 ], [ -88.124894, 43.128376 ], [ -88.12461, 43.130382 ] ] ], [ [ [ -88.134907, 43.128374 ], [ -88.149853, 43.128411 ], [ -88.148337, 43.134227 ], [ -88.149641, 43.139534 ], [ -88.148545, 43.140954 ], [ -88.14467, 43.140947 ], [ -88.144437, 43.148214 ], [ -88.141917, 43.14825 ], [ -88.142295, 43.133714 ], [ -88.13481, 43.133765 ], [ -88.134907, 43.128374 ] ] ], [ [ [ -88.107658, 43.151576 ], [ -88.113528, 43.153828 ], [ -88.114311, 43.169607 ], [ -88.112279, 43.168785 ], [ -88.111984, 43.170262 ], [ -88.105391, 43.17026 ], [ -88.103987, 43.169438 ], [ -88.104471, 43.150255 ], [ -88.111269, 43.150558 ], [ -88.111605, 43.151471 ], [ -88.107658, 43.151576 ] ], [ [ -88.10672, 43.169355 ], [ -88.107285, 43.16981 ], [ -88.10729, 43.169364 ], [ -88.10672, 43.169355 ] ] ] ] } },
{ "type": "Feature", "properties": { "state_po": "WI", "county_geoid": "55133", "pwsid": "WI2680232", "pws_name": "WILLOW SPRINGS MHP 2 & 3", "population_served_count": 446, "model_method": "Random Forest", "verification_status": "", "symbology_field": "Modeled", "intersection_area_sq_km": 0.19115521386261308 }, "geometry": { "type": "Polygon", "coordinates": [ [ [ -88.186894, 43.134397 ], [ -88.191418, 43.135102 ], [ -88.191408, 43.137109 ], [ -88.187458, 43.136865 ], [ -88.187494, 43.139102 ], [ -88.184258, 43.139122 ], [ -88.184451, 43.135879 ], [ -88.186894, 43.134397 ] ] ] } },
{ "type": "Feature", "properties": { "state_po": "WI", "county_geoid": "55119", "pwsid": "WI8610124", "pws_name": "GILMAN WATERWORKS", "population_served_count": 372, "model_method": "Random Forest", "verification_status": "", "symbology_field": "Modeled", "intersection_area_sq_km": 1.012256657197262 }, "geometry": { "type": "Polygon", "coordinates": [ [ [ -90.8042971, 45.1592862 ], [ -90.8083071, 45.1601302 ], [ -90.8111931, 45.164681200000018 ], [ -90.8170891, 45.1626292 ], [ -90.8235321, 45.162619200000023 ], [ -90.8233931, 45.164864199999961 ], [ -90.8183281, 45.165951200000066 ], [ -90.8170131, 45.1647562 ], [ -90.8134001, 45.166375199999969 ], [ -90.813425099999989, 45.168318200000016 ], [ -90.8090061, 45.1692682 ], [ -90.8050231, 45.1663702 ], [ -90.7981671, 45.1663962 ], [ -90.7963751, 45.164715200000018 ], [ -90.8042971, 45.1592862 ] ] ] } },
{ "type": "Feature", "properties": { "state_po": "WI", "county_geoid": "55119", "pwsid": "WI8610346", "pws_name": "WESTBORO SAN DIST 1", "population_served_count": 150, "model_method": "Random Forest", "verification_status": "", "symbology_field": "Modeled", "intersection_area_sq_km": 1.0145583176940371 }, "geometry": { "type": "Polygon", "coordinates": [ [ [ -90.2916859, 45.348223200000028 ], [ -90.2959829, 45.348789200000049 ], [ -90.2990309, 45.351050199999953 ], [ -90.2981459, 45.352317299999967 ], [ -90.3034399, 45.352989200000053 ], [ -90.3011389, 45.3663143 ], [ -90.2974849, 45.3663333 ], [ -90.2967249, 45.353487300000012 ], [ -90.2908809, 45.353336299999938 ], [ -90.2916859, 45.348223200000028 ] ] ] } },
{ "type": "Feature", "properties": { "state_po": "WI", "county_geoid": "55119", "pwsid": "WI8610550", "pws_name": "STETSONVILLE WATERWORKS", "population_served_count": 563, "model_method": "Random Forest", "verification_status": "", "symbology_field": "Modeled", "intersection_area_sq_km": 0.87945882379831053 }, "geometry": { "type": "Polygon", "coordinates": [ [ [ -90.3042439, 45.068162199999946 ], [ -90.3061789, 45.068142200000025 ], [ -90.3045619, 45.073413200000012 ], [ -90.3199049, 45.0729352 ], [ -90.3198859, 45.0763592 ], [ -90.3215499, 45.076362200000027 ], [ -90.3197829, 45.0841742 ], [ -90.3159059, 45.0806022 ], [ -90.3154669, 45.0769812 ], [ -90.3147219, 45.08052719999997 ], [ -90.313260899999989, 45.080487200000029 ], [ -90.3133239, 45.078333200000017 ], [ -90.3090119, 45.0791512 ], [ -90.3083039, 45.07693219999998 ], [ -90.3062319, 45.0769452 ], [ -90.3074839, 45.074003199999964 ], [ -90.3043829, 45.074032199999976 ], [ -90.3042439, 45.068162199999946 ] ] ] } },
{ "type": "Feature", "properties": { "state_po": "WI", "county_geoid": "55119", "pwsid": "WI8610126", "pws_name": "RIB LAKE WATERWORKS", "population_served_count": 945, "model_method": "Random Forest", "verification_status": "", "symbology_field": "Modeled", "intersection_area_sq_km": 1.4439453818003882 }, "geometry": { "type": "MultiPolygon", "coordinates": [ [ [ [ -90.1961439, 45.320583299999981 ], [ -90.2019249, 45.317923299999983 ], [ -90.2033319, 45.315107200000021 ], [ -90.2083779, 45.3131243 ], [ -90.2058619, 45.308547200000028 ], [ -90.2069149, 45.306166200000028 ], [ -90.2087899, 45.306849200000016 ], [ -90.2088849, 45.3095852 ], [ -90.2132669, 45.3095462 ], [ -90.2148609, 45.311751299999983 ], [ -90.2180169, 45.309384199999961 ], [ -90.2086399, 45.317644299999969 ], [ -90.2084439, 45.330499299999978 ], [ -90.2006409, 45.330494299999962 ], [ -90.2042689, 45.326292300000034 ], [ -90.2016449, 45.32072229999995 ], [ -90.1961439, 45.320583299999981 ] ] ], [ [ [ -90.1961439, 45.320583299999981 ], [ -90.1903599, 45.322705300000017 ], [ -90.1883329, 45.32324330000003 ], [ -90.1911439, 45.319737299999971 ], [ -90.1961439, 45.320583299999981 ] ] ] ] } },
{ "type": "Feature", "properties": { "state_po": "WI", "county_geoid": "55093", "pwsid": "WI6480153", "pws_name": "BAY CITY WATERWORKS", "population_served_count": 499, "model_method": "Random Forest", "verification_status": "", "symbology_field": "Modeled", "intersection_area_sq_km": 0.095681401886737572 }, "geometry": { "type": "Polygon", "coordinates": [ [ [ -92.4504885, 44.583356 ], [ -92.4547935, 44.584933 ], [ -92.4617445, 44.584562 ], [ -92.4617465, 44.585214 ], [ -92.447782500000017, 44.584843 ], [ -92.4504885, 44.583356 ] ] ] } },
{ "type": "Feature", "properties": { "state_po": "WI", "county_geoid": "55093", "pwsid": "WI6480240", "pws_name": "MAIDEN ROCK WATER UTILITY", "population_served_count": 118, "model_method": "Random Forest", "verification_status": "", "symbology_field": "Modeled", "intersection_area_sq_km": 0.95403599932743477 }, "geometry": { "type": "Polygon", "coordinates": [ [ [ -92.2971714, 44.565282 ], [ -92.2971434, 44.55545 ], [ -92.3040764, 44.55557 ], [ -92.3221814, 44.568908 ], [ -92.3273274, 44.570095 ], [ -92.3273244, 44.574683 ], [ -92.3244904, 44.574601 ], [ -92.324889399999989, 44.572411 ], [ -92.3198164, 44.567274 ], [ -92.3106414, 44.56173 ], [ -92.3024274, 44.562692 ], [ -92.2971714, 44.565282 ] ] ] } },
{ "type": "Feature", "properties": { "state_po": "WI", "county_geoid": "55093", "pwsid": "WI6480372", "pws_name": "PLUM CITY CARE CENTER NURSING HOME", "population_served_count": 120, "model_method": "Random Forest", "verification_status": "", "symbology_field": "Modeled", "intersection_area_sq_km": 0.63530632666224385 }, "geometry": { "type": "MultiPolygon", "coordinates": [ [ [ [ -92.200694399999989, 44.626593 ], [ -92.1925874, 44.629075 ], [ -92.1906074, 44.62459 ], [ -92.1940284, 44.624654 ], [ -92.1947354, 44.622826 ], [ -92.2002184, 44.622855 ], [ -92.200694399999989, 44.626593 ] ] ], [ [ [ -92.2032294, 44.625576 ], [ -92.2022724, 44.626725 ], [ -92.2018124, 44.626148 ], [ -92.2032294, 44.625576 ] ] ], [ [ [ -92.1925974, 44.62915 ], [ -92.1937494, 44.638779 ], [ -92.1906804, 44.636675 ], [ -92.1863764, 44.636466 ], [ -92.187300400000012, 44.631105 ], [ -92.1912804, 44.63234 ], [ -92.1912644, 44.629207 ], [ -92.1925974, 44.62915 ] ] ] ] } },
{ "type": "Feature", "properties": { "state_po": "WI", "county_geoid": "55093", "pwsid": "WI6480403", "pws_name": "COUNTRY MANOR APTS", "population_served_count": 50, "model_method": "Random Forest", "verification_status": "", "symbology_field": "Modeled", "intersection_area_sq_km": 0.27490567046052472 }, "geometry": { "type": "Polygon", "coordinates": [ [ [ -92.5381335, 44.602565 ], [ -92.5380275, 44.605047 ], [ -92.5365225, 44.604986 ], [ -92.5279205, 44.601301 ], [ -92.5315335, 44.598892 ], [ -92.5381335, 44.602565 ] ] ] } },
{ "type": "Feature", "properties": { "state_po": "WI", "county_geoid": "55093", "pwsid": "WI6480244", "pws_name": "ST CROIX IMPROVEMENTS", "population_served_count": 175, "model_method": "Random Forest", "verification_status": "", "symbology_field": "Modeled", "intersection_area_sq_km": 0.15802164421728496 }, "geometry": { "type": "Polygon", "coordinates": [ [ [ -92.7976236, 44.769869 ], [ -92.7961476, 44.773801 ], [ -92.7939486, 44.773 ], [ -92.7943596, 44.770721 ], [ -92.7911156, 44.770732 ], [ -92.7918176, 44.769119 ], [ -92.7976236, 44.769869 ] ] ] } },
{ "type": "Feature", "properties": { "state_po": "WI", "county_geoid": "55093", "pwsid": "WI6480249", "pws_name": "SPRING VALLEY WATERWORKS", "population_served_count": 1409, "model_method": "Random Forest", "verification_status": "", "symbology_field": "Modeled", "intersection_area_sq_km": 4.5930430149408767 }, "geometry": { "type": "Polygon", "coordinates": [ [ [ -92.2331704, 44.85764 ], [ -92.2327814, 44.854132 ], [ -92.2198044, 44.853978 ], [ -92.22326240000001, 44.851876 ], [ -92.2297894, 44.842613 ], [ -92.2238004, 44.842423 ], [ -92.2244494, 44.843017 ], [ -92.2240444, 44.84342 ], [ -92.2233884, 44.8413 ], [ -92.2238904, 44.839622 ], [ -92.2422844, 44.840027 ], [ -92.2428344, 44.835278 ], [ -92.2580174, 44.837491 ], [ -92.2580954, 44.841406 ], [ -92.2601974, 44.842701 ], [ -92.258135400000015, 44.843445 ], [ -92.258207399999989, 44.845785 ], [ -92.2525174, 44.845892 ], [ -92.252916399999989, 44.851833 ], [ -92.2501344, 44.853094 ], [ -92.2480314, 44.852236 ], [ -92.2451774, 44.85569 ], [ -92.247798908168647, 44.857930283578632 ], [ -92.2331704, 44.85764 ] ] ] } },
{ "type": "Feature", "properties": { "state_po": "WI", "county_geoid": "55093", "pwsid": "WI6480250", "pws_name": "ELMWOOD WATERWORKS", "population_served_count": 798, "model_method": "Random Forest", "verification_status": "", "symbology_field": "Modeled", "intersection_area_sq_km": 2.8446135808270285 }, "geometry": { "type": "Polygon", "coordinates": [ [ [ -92.1615504, 44.771311 ], [ -92.1616064, 44.774855 ], [ -92.1657024, 44.775568 ], [ -92.1639624, 44.779695 ], [ -92.1616034, 44.7788 ], [ -92.1588384, 44.779743 ], [ -92.1476474, 44.787212 ], [ -92.1474734, 44.784396 ], [ -92.1447374, 44.786355 ], [ -92.1404194, 44.783523 ], [ -92.1363364, 44.784863 ], [ -92.1363304, 44.771535 ], [ -92.1615504, 44.771311 ] ] ] } },
{ "type": "Feature", "properties": { "state_po": "WI", "county_geoid": "55093", "pwsid": "WI6560140", "pws_name": "HILLTOP ESTATES MHP", "population_served_count": 64, "model_method": "OSM", "verification_status": "", "symbology_field": "Modeled", "intersection_area_sq_km": 0.046598131970444899 }, "geometry": { "type": "Polygon", "coordinates": [ [ [ -92.6869756, 44.862581 ], [ -92.6898446, 44.861543 ], [ -92.694973262351425, 44.862260632972706 ], [ -92.694134, 44.8625 ], [ -92.6869756, 44.862581 ] ] ] } },
{ "type": "Feature", "properties": { "state_po": "WI", "county_geoid": "55061", "pwsid": "WI4051141", "pws_name": "ANNAS HOUSE", "population_served_count": 32, "model_method": "Random Forest", "verification_status": "", "symbology_field": "Modeled", "intersection_area_sq_km": 0.27073711120663418 }, "geometry": { "type": "Polygon", "coordinates": [ [ [ -87.738966100000013, 44.6745863 ], [ -87.7457871, 44.668299300000029 ], [ -87.742043099999989, 44.668290299999981 ], [ -87.7455361, 44.662933299999978 ], [ -87.7485871, 44.663395299999941 ], [ -87.750888867690321, 44.658706575716153 ], [ -87.747387, 44.668017 ], [ -87.738966100000013, 44.6745863 ] ] ] } },
{ "type": "Feature", "properties": { "state_po": "WI", "county_geoid": "55061", "pwsid": "WI4310284", "pws_name": "LAKEVIEW HEIGHTS MOBILE HOME PARK", "population_served_count": 66, "model_method": "Random Forest", "verification_status": "", "symbology_field": "Modeled", "intersection_area_sq_km": 3.0918740684831114 }, "geometry": { "type": "Polygon", "coordinates": [ [ [ -87.470128, 44.549274300000057 ], [ -87.471871, 44.5500323 ], [ -87.463443, 44.559711300000046 ], [ -87.480501, 44.5597653 ], [ -87.480428, 44.574338300000051 ], [ -87.453793, 44.5742893 ], [ -87.4569891456905, 44.566554905388237 ], [ -87.470128, 44.549274300000057 ] ] ] } },
{ "type": "Feature", "properties": { "state_po": "WI", "county_geoid": "55061", "pwsid": "WI4310282", "pws_name": "LUXEMBURG WATERWORKS", "population_served_count": 2737, "model_method": "Decision Tree", "verification_status": "", "symbology_field": "Modeled", "intersection_area_sq_km": 3.5282267116843453 }, "geometry": { "type": "Polygon", "coordinates": [ [ [ -87.7141731, 44.52348929999998 ], [ -87.714007099999989, 44.53071030000001 ], [ -87.7038641, 44.53071030000001 ], [ -87.7037841, 44.532575299999941 ], [ -87.7051031, 44.534339300000021 ], [ -87.7089201, 44.5320603 ], [ -87.7088381, 44.534336300000021 ], [ -87.7139231, 44.534368300000025 ], [ -87.7138251, 44.538328299999968 ], [ -87.7112181, 44.538455299999946 ], [ -87.7188501, 44.538469299999988 ], [ -87.7160851, 44.549825299999981 ], [ -87.7151641, 44.545234300000011 ], [ -87.7097391, 44.545241300000036 ], [ -87.703324099999989, 44.54683630000001 ], [ -87.7032151, 44.552449299999971 ], [ -87.6956091, 44.552507300000023 ], [ -87.696170099999989, 44.53434530000002 ], [ -87.6986781, 44.5343473 ], [ -87.6987631, 44.532070299999958 ], [ -87.7015601, 44.532111300000054 ], [ -87.6994951, 44.530252300000029 ], [ -87.7025901, 44.530252300000029 ], [ -87.7030641, 44.524790300000042 ], [ -87.7009591, 44.524786299999981 ], [ -87.7039751, 44.523462299999977 ], [ -87.7141731, 44.52348929999998 ] ] ] } },
{ "type": "Feature", "properties": { "state_po": "WI", "county_geoid": "55061", "pwsid": "WI4310281", "pws_name": "KEWAUNEE WATERWORKS", "population_served_count": 2848, "model_method": "Random Forest", "verification_status": "", "symbology_field": "Modeled", "intersection_area_sq_km": 5.2422903541441421 }, "geometry": { "type": "Polygon", "coordinates": [ [ [ -87.5028954, 44.442655499999987 ], [ -87.5043934, 44.442651500000032 ], [ -87.50369520000001, 44.447352499999958 ], [ -87.5096722, 44.4473656 ], [ -87.5114303, 44.443725599999979 ], [ -87.5299663, 44.443568899999981 ], [ -87.529918099999989, 44.450968899999943 ], [ -87.5211669, 44.458296799999971 ], [ -87.5287988, 44.4615229 ], [ -87.5195995, 44.470839799999943 ], [ -87.5128377, 44.464234699999977 ], [ -87.5039199, 44.460300499999953 ], [ -87.4994467, 44.466474500000039 ], [ -87.4996375, 44.472470500000043 ], [ -87.4946135, 44.4726594 ], [ -87.4938527, 44.466542400000023 ], [ -87.500369, 44.456206 ], [ -87.5028954, 44.442655499999987 ] ] ] } },
{ "type": "Feature", "properties": { "state_po": "WI", "county_geoid": "55061", "pwsid": "WI4310280", "pws_name": "ALGOMA WATERWORKS", "population_served_count": 3030, "model_method": "Random Forest", "verification_status": "", "symbology_field": "Modeled", "intersection_area_sq_km": 6.3576236364653536 }, "geometry": { "type": "Polygon", "coordinates": [ [ [ -87.436668, 44.6059893 ], [ -87.445791, 44.588477300000037 ], [ -87.459957, 44.588488299999959 ], [ -87.458935, 44.617674300000026 ], [ -87.454632, 44.617656300000036 ], [ -87.456014, 44.620084299999945 ], [ -87.454384, 44.6206133 ], [ -87.451766, 44.61768330000001 ], [ -87.445248, 44.618973300000029 ], [ -87.442654, 44.6177293 ], [ -87.442698, 44.6196523 ], [ -87.439051, 44.617758300000048 ], [ -87.419642, 44.617682299999984 ], [ -87.421241, 44.614792299999984 ], [ -87.436668, 44.6059893 ] ] ] } },
{ "type": "Feature", "properties": { "state_po": "WI", "county_geoid": "55045", "pwsid": "WI1230071", "pws_name": "ALBANY WATERWORKS", "population_served_count": 1018, "model_method": "Random Forest", "verification_status": "", "symbology_field": "Modeled", "intersection_area_sq_km": 2.0722667258916756 }, "geometry": { "type": "Polygon", "coordinates": [ [ [ -89.4385814, 42.7073699 ], [ -89.4385634, 42.712254900000019 ], [ -89.4323974, 42.7161039 ], [ -89.4324064, 42.7191409 ], [ -89.4272654, 42.719282900000017 ], [ -89.4270594, 42.704819899999976 ], [ -89.4289074, 42.705749899999958 ], [ -89.4348834, 42.7048159 ], [ -89.430015400000016, 42.697542899999952 ], [ -89.4344414, 42.697541900000026 ], [ -89.4351804, 42.699561900000056 ], [ -89.4443564, 42.6998599 ], [ -89.4413744, 42.701206900000066 ], [ -89.441713400000012, 42.706304900000035 ], [ -89.4425874, 42.707579899999949 ], [ -89.4468434, 42.707855899999984 ], [ -89.4468714, 42.71547790000001 ], [ -89.4428854, 42.7154069 ], [ -89.4421434, 42.710652899999985 ], [ -89.4385814, 42.7073699 ] ] ] } },
{ "type": "Feature", "properties": { "state_po": "WI", "county_geoid": "55045", "pwsid": "WI1230072", "pws_name": "BRODHEAD WATERWORKS", "population_served_count": 3216, "model_method": "Random Forest", "verification_status": "", "symbology_field": "Modeled", "intersection_area_sq_km": 4.4500092116437839 }, "geometry": { "type": "MultiPolygon", "coordinates": [ [ [ [ -89.3888643, 42.607536900000049 ], [ -89.3877283, 42.608336900000019 ], [ -89.3876693, 42.6074379 ], [ -89.3888643, 42.607536900000049 ] ] ], [ [ [ -89.366912066406201, 42.609812363658527 ], [ -89.3668583, 42.604687899999938 ], [ -89.3768303, 42.604586900000044 ], [ -89.3892013, 42.597117899999979 ], [ -89.397458300000011, 42.597061899999964 ], [ -89.3898913, 42.6027209 ], [ -89.3866833, 42.607889900000018 ], [ -89.3866343, 42.6135899 ], [ -89.3915373, 42.613476899999952 ], [ -89.392133300000012, 42.61671189999997 ], [ -89.3792783, 42.6190599 ], [ -89.3792993, 42.626283900000026 ], [ -89.3821453, 42.626852899999967 ], [ -89.3792993, 42.626845900000035 ], [ -89.379320299999989, 42.632708900000011 ], [ -89.3768833, 42.633592900000018 ], [ -89.3744643, 42.63359089999998 ], [ -89.3731893, 42.629013900000032 ], [ -89.3670473, 42.629322899999984 ], [ -89.366946831640362, 42.614190676253607 ], [ -89.3669403, 42.611815899999982 ], [ -89.3767863, 42.6117919 ], [ -89.3767823, 42.609976900000014 ], [ -89.37411130000001, 42.609988900000012 ], [ -89.3740693, 42.608098899999959 ], [ -89.3669003, 42.60812489999995 ], [ -89.366912066406201, 42.609812363658527 ] ] ] ] } },
{ "type": "Feature", "properties": { "state_po": "WI", "county_geoid": "55045", "pwsid": "WI1230075", "pws_name": "BROOKLYN WATERWORKS", "population_served_count": 1524, "model_method": "Random Forest", "verification_status": "", "symbology_field": "Modeled", "intersection_area_sq_km": 1.4636665367238209 }, "geometry": { "type": "Polygon", "coordinates": [ [ [ -89.3691344, 42.845043900000015 ], [ -89.383359399999989, 42.845088899999986 ], [ -89.383270587748257, 42.856335826839171 ], [ -89.369069, 42.856471 ], [ -89.3691344, 42.845043900000015 ] ] ] } },
{ "type": "Feature", "properties": { "state_po": "WI", "county_geoid": "55045", "pwsid": "WI1230076", "pws_name": "VAN-GOGH HOMES LLC", "population_served_count": 46, "model_method": "Random Forest", "verification_status": "", "symbology_field": "Modeled", "intersection_area_sq_km": 11.154979398772891 }, "geometry": { "type": "Polygon", "coordinates": [ [ [ -89.7201734, 42.578239900000021 ], [ -89.7598214, 42.5783538 ], [ -89.7599244, 42.592665899999936 ], [ -89.7739085, 42.589650800000015 ], [ -89.7746935, 42.5921668 ], [ -89.7626344, 42.5932589 ], [ -89.7596314, 42.594743899999969 ], [ -89.759845399999989, 42.597177900000013 ], [ -89.7571514, 42.599966900000048 ], [ -89.7604344, 42.601345899999963 ], [ -89.7615814, 42.60428090000002 ], [ -89.7594174, 42.606616899999977 ], [ -89.7593264, 42.610671900000035 ], [ -89.7402564, 42.610528899999949 ], [ -89.7398974, 42.6093699 ], [ -89.7450034, 42.6061339 ], [ -89.7398574, 42.605333900000026 ], [ -89.7398704, 42.607094900000028 ], [ -89.7312584, 42.609743900000041 ], [ -89.7289254, 42.6068989 ], [ -89.7201344, 42.603582900000021 ], [ -89.7201734, 42.578239900000021 ] ] ] } },
{ "type": "Feature", "properties": { "state_po": "WI", "county_geoid": "55045", "pwsid": "WI1230077", "pws_name": "BROWNTOWN WATERWORKS", "population_served_count": 256, "model_method": "Random Forest", "verification_status": "", "symbology_field": "Modeled", "intersection_area_sq_km": 0.76407702150345236 }, "geometry": { "type": "Polygon", "coordinates": [ [ [ -89.7796035, 42.574384799999969 ], [ -89.7795615, 42.5710128 ], [ -89.7944685, 42.5712908 ], [ -89.7944395, 42.576885799999978 ], [ -89.7969015, 42.57690480000003 ], [ -89.7967565, 42.578754799999963 ], [ -89.8022895, 42.578567799999981 ], [ -89.8070965, 42.5802148 ], [ -89.7940035, 42.580247799999981 ], [ -89.7941125, 42.5787148 ], [ -89.7905825, 42.578019800000042 ], [ -89.7846125, 42.573273799999967 ], [ -89.7815315, 42.572908800000022 ], [ -89.7796035, 42.574384799999969 ] ] ] } },
{ "type": "Feature", "properties": { "state_po": "WI", "county_geoid": "55045", "pwsid": "WI1130209", "pws_name": "BELLEVILLE WATERWORKS", "population_served_count": 2712, "model_method": "Random Forest", "verification_status": "", "symbology_field": "Modeled", "intersection_area_sq_km": 0.38544483633251897 }, "geometry": { "type": "Polygon", "coordinates": [ [ [ -89.5255994, 42.853973900000021 ], [ -89.5321664, 42.852335900000014 ], [ -89.5331824, 42.85412689999994 ], [ -89.5397824, 42.8542039 ], [ -89.538258081725942, 42.856647096454019 ], [ -89.525607376621579, 42.85667398669608 ], [ -89.5255994, 42.853973900000021 ] ] ] } },
{ "type": "Feature", "properties": { "state_po": "WI", "county_geoid": "55045", "pwsid": "WI1230081", "pws_name": "PLEASANT VIEW NURSING HOME", "population_served_count": 260, "model_method": "Random Forest", "verification_status": "", "symbology_field": "Modeled", "intersection_area_sq_km": 10.549499643591936 }, "geometry": { "type": "Polygon", "coordinates": [ [ [ -89.6609594, 42.621271900000018 ], [ -89.6609554, 42.632528899999954 ], [ -89.6753114, 42.632366899999987 ], [ -89.6794994, 42.637729900000025 ], [ -89.6793044, 42.6443749 ], [ -89.6926964, 42.6584969 ], [ -89.6934814, 42.66010289999997 ], [ -89.6909554, 42.661848900000031 ], [ -89.6888514, 42.661786900000031 ], [ -89.6894134, 42.660494899999968 ], [ -89.6757014, 42.660554900000022 ], [ -89.6697224, 42.6584739 ], [ -89.6562534, 42.65106489999998 ], [ -89.6506824, 42.6449369 ], [ -89.6413244, 42.641947899999913 ], [ -89.6413754, 42.620979899999988 ], [ -89.6368744, 42.619072899999942 ], [ -89.6368424, 42.617233900000052 ], [ -89.6453644, 42.617159900000011 ], [ -89.6525944, 42.6138839 ], [ -89.6541744, 42.617653899999958 ], [ -89.6609594, 42.621271900000018 ] ] ] } },
{ "type": "Feature", "properties": { "state_po": "WI", "county_geoid": "55045", "pwsid": "WI1230083", "pws_name": "MONTICELLO WATERWORKS", "population_served_count": 1217, "model_method": "Random Forest", "verification_status": "", "symbology_field": "Modeled", "intersection_area_sq_km": 2.2109909872412383 }, "geometry": { "type": "Polygon", "coordinates": [ [ [ -89.5810644, 42.736974900000021 ], [ -89.5979384, 42.737330900000011 ], [ -89.5993134, 42.745968900000037 ], [ -89.6026864, 42.7463669 ], [ -89.602746400000015, 42.7508759 ], [ -89.599460400000012, 42.7488479 ], [ -89.5994834, 42.751176900000033 ], [ -89.6027814, 42.752132900000014 ], [ -89.602880399999989, 42.756218900000015 ], [ -89.5957004, 42.7561269 ], [ -89.595734400000012, 42.75194089999998 ], [ -89.5790624, 42.7525439 ], [ -89.5787804, 42.749794900000055 ], [ -89.5859994, 42.750712899999975 ], [ -89.5909364, 42.748269899999961 ], [ -89.5943474, 42.748259900000015 ], [ -89.5943614, 42.746083899999974 ], [ -89.5896994, 42.74703190000001 ], [ -89.5838544, 42.745367900000034 ], [ -89.5858144, 42.74528489999998 ], [ -89.5857984, 42.741905900000049 ], [ -89.5828894, 42.741077900000036 ], [ -89.5810644, 42.736974900000021 ] ] ] } },
{ "type": "Feature", "properties": { "state_po": "WI", "county_geoid": "55045", "pwsid": "WI1230084", "pws_name": "NEW GLARUS WATERWORKS", "population_served_count": 2348, "model_method": "Random Forest", "verification_status": "", "symbology_field": "Modeled", "intersection_area_sq_km": 3.4093679798105465 }, "geometry": { "type": "MultiPolygon", "coordinates": [ [ [ [ -89.6377204, 42.80293590000003 ], [ -89.6351284, 42.803541900000063 ], [ -89.6350694, 42.8005519 ], [ -89.6391944, 42.800463900000025 ], [ -89.6377204, 42.80293590000003 ] ] ], [ [ [ -89.6292454, 42.813277899999981 ], [ -89.6256904, 42.812573900000018 ], [ -89.6285934, 42.811520899999977 ], [ -89.6292454, 42.813277899999981 ] ] ], [ [ [ -89.6473794, 42.816145899999967 ], [ -89.6493554, 42.814352900000038 ], [ -89.6493314, 42.816145899999967 ], [ -89.6473794, 42.816145899999967 ] ] ], [ [ [ -89.6466184, 42.821254899999964 ], [ -89.6221534, 42.821765899999981 ], [ -89.6225424, 42.817728899999977 ], [ -89.6174854, 42.825089899999952 ], [ -89.6175304, 42.814380899999968 ], [ -89.6315684, 42.814486899999977 ], [ -89.6322014, 42.80317189999996 ], [ -89.6351304, 42.803635899999975 ], [ -89.6364694, 42.803629899999947 ], [ -89.6352814, 42.804406899999968 ], [ -89.6381554, 42.804407899999987 ], [ -89.6406234, 42.807089899999973 ], [ -89.6452644, 42.8072719 ], [ -89.6473664, 42.809353899999934 ], [ -89.6474114, 42.814400899999981 ], [ -89.6449934, 42.814440900000029 ], [ -89.6453634, 42.817477899999979 ], [ -89.6473544, 42.8180119 ], [ -89.6466184, 42.821254899999964 ] ] ], [ [ [ -89.6494354, 42.816287899999985 ], [ -89.6500754, 42.817998900000035 ], [ -89.6473544, 42.8180119 ], [ -89.6473784, 42.816228899999956 ], [ -89.6494354, 42.816287899999985 ] ] ] ] } },
{ "type": "Feature", "properties": { "state_po": "WI", "county_geoid": "55091", "pwsid": "WI6470107", "pws_name": "DURAND WATERWORKS", "population_served_count": 1868, "model_method": "Random Forest", "verification_status": "", "symbology_field": "Modeled", "intersection_area_sq_km": 2.7841662796783102 }, "geometry": { "type": "Polygon", "coordinates": [ [ [ -91.9635563, 44.618268 ], [ -91.9635083, 44.621838 ], [ -91.9677273, 44.621859 ], [ -91.9704593, 44.623749 ], [ -91.9770383, 44.619046 ], [ -91.9814573, 44.617784 ], [ -91.9739093, 44.622648 ], [ -91.9786363, 44.620288 ], [ -91.9666843, 44.631155 ], [ -91.9632073, 44.631297 ], [ -91.9618663, 44.634468 ], [ -91.9557833, 44.635491 ], [ -91.950505299999989, 44.638753 ], [ -91.9485693, 44.635667 ], [ -91.9512613, 44.633949 ], [ -91.9484753, 44.632273 ], [ -91.9484213, 44.625506 ], [ -91.9534843, 44.625473 ], [ -91.9534723, 44.621899 ], [ -91.9515453, 44.62189 ], [ -91.9515513, 44.620691 ], [ -91.9534273, 44.620695 ], [ -91.9534223, 44.61834 ], [ -91.9560063, 44.618337 ], [ -91.9552273, 44.614704 ], [ -91.9584903, 44.614684 ], [ -91.9585683, 44.617003 ], [ -91.9635563, 44.618268 ] ] ] } },
{ "type": "Feature", "properties": { "state_po": "WI", "county_geoid": "55091", "pwsid": "WI6470140", "pws_name": "WHISPERING PINES MHP", "population_served_count": 60, "model_method": "Random Forest", "verification_status": "", "symbology_field": "Modeled", "intersection_area_sq_km": 1.4716457937108713 }, "geometry": { "type": "Polygon", "coordinates": [ [ [ -91.9392743, 44.640621 ], [ -91.9300263, 44.642506 ], [ -91.9255333, 44.639827 ], [ -91.9081953, 44.639922 ], [ -91.9085543, 44.630475 ], [ -91.9149913, 44.630692 ], [ -91.9138093, 44.633228 ], [ -91.9172383, 44.632528 ], [ -91.9186783, 44.635133 ], [ -91.9199063, 44.633395 ], [ -91.9215163, 44.636048 ], [ -91.9267543, 44.633973 ], [ -91.9300773, 44.638842 ], [ -91.9330023, 44.639128 ], [ -91.9336503, 44.637879 ], [ -91.9392743, 44.640621 ] ] ] } },
{ "type": "Feature", "properties": { "state_po": "WI", "county_geoid": "55091", "pwsid": "WI6470141", "pws_name": "PEPIN WATERWORKS", "population_served_count": 816, "model_method": "Random Forest", "verification_status": "", "symbology_field": "Modeled", "intersection_area_sq_km": 1.7503849423919446 }, "geometry": { "type": "MultiPolygon", "coordinates": [ [ [ [ -92.1657454, 44.442954 ], [ -92.160872400000017, 44.443851 ], [ -92.1608464, 44.445693 ], [ -92.1556744, 44.445806 ], [ -92.1556934, 44.448003 ], [ -92.1531154, 44.448004 ], [ -92.1533464, 44.445846 ], [ -92.1455514, 44.446013 ], [ -92.1455604, 44.447109 ], [ -92.1356034, 44.446126 ], [ -92.1356964, 44.436747 ], [ -92.1657454, 44.442954 ] ] ], [ [ [ -92.2624574, 44.482413 ], [ -92.2575634, 44.480953 ], [ -92.2577524, 44.480628 ], [ -92.2624574, 44.482413 ] ] ], [ [ [ -92.2606364, 44.484314 ], [ -92.2600604, 44.483391 ], [ -92.2610974, 44.483773 ], [ -92.2606364, 44.484314 ] ] ], [ [ [ -92.2615164, 44.483734 ], [ -92.2658274, 44.484592 ], [ -92.265316399999989, 44.485204 ], [ -92.2615164, 44.483734 ] ] ] ] } },
{ "type": "Feature", "properties": { "state_po": "WI", "county_geoid": "55127", "pwsid": "WI2651598", "pws_name": "WESTSHIRE FARMS AT THE LAKES", "population_served_count": 300, "model_method": "Random Forest", "verification_status": "", "symbology_field": "Modeled", "intersection_area_sq_km": 0.070824213456055413 }, "geometry": { "type": "Polygon", "coordinates": [ [ [ -88.5785171, 42.619119899999987 ], [ -88.5768601, 42.6203309 ], [ -88.5779681, 42.621992899999988 ], [ -88.5756771, 42.622159900000028 ], [ -88.5748921, 42.619087900000011 ], [ -88.5785171, 42.619119899999987 ] ] ] } },
{ "type": "Feature", "properties": { "state_po": "WI", "county_geoid": "55127", "pwsid": "WI2650060", "pws_name": "WILLIAMS BAY WATERWORKS", "population_served_count": 2601, "model_method": "Random Forest", "verification_status": "", "symbology_field": "Modeled", "intersection_area_sq_km": 4.6150237377299943 }, "geometry": { "type": "Polygon", "coordinates": [ [ [ -88.5655511, 42.566244900000022 ], [ -88.5627241, 42.566126900000036 ], [ -88.5618051, 42.564876900000016 ], [ -88.5577441, 42.568040899999971 ], [ -88.5606721, 42.568876900000028 ], [ -88.5606291, 42.574656899999944 ], [ -88.5704801, 42.5757879 ], [ -88.5704251, 42.578251899999977 ], [ -88.5667361, 42.577741899999985 ], [ -88.5667181, 42.5828029 ], [ -88.5605661, 42.5829289 ], [ -88.5605721, 42.579688900000022 ], [ -88.5592321, 42.581187899999989 ], [ -88.5523821, 42.581457899999975 ], [ -88.5502401, 42.578621900000016 ], [ -88.5441071, 42.578681899999957 ], [ -88.5441481, 42.582891899999979 ], [ -88.5409851, 42.582887899999974 ], [ -88.5409271, 42.577933900000012 ], [ -88.5361011, 42.579017899999968 ], [ -88.5322931, 42.578360900000028 ], [ -88.5314181, 42.58519490000004 ], [ -88.5280771, 42.5858409 ], [ -88.5261911, 42.584757900000056 ], [ -88.5287751, 42.582945900000034 ], [ -88.5214661, 42.582840899999979 ], [ -88.5214091, 42.580757900000023 ], [ -88.5192271, 42.580769900000057 ], [ -88.5193061, 42.577398899999956 ], [ -88.5213191, 42.577396900000025 ], [ -88.5212231, 42.573165899999985 ], [ -88.519367100000011, 42.574303899999933 ], [ -88.5193481, 42.571709899999988 ], [ -88.5259801, 42.5670149 ], [ -88.5290571, 42.567379900000027 ], [ -88.5298271, 42.5772969 ], [ -88.5360291, 42.5784949 ], [ -88.5396531, 42.5771909 ], [ -88.5424291, 42.564611900000038 ], [ -88.548866100000012, 42.567258899999935 ], [ -88.5551601, 42.5663729 ], [ -88.5614991, 42.563454899999975 ], [ -88.5655511, 42.566244900000022 ] ] ] } },
{ "type": "Feature", "properties": { "state_po": "WI", "county_geoid": "55127", "pwsid": "WI2650127", "pws_name": "COUNTRY ESTATES SANITARY DISTRICT TOWN OF LYONS 1", "population_served_count": 500, "model_method": "Decision Tree", "verification_status": "", "symbology_field": "Modeled", "intersection_area_sq_km": 0.18433263094663152 }, "geometry": { "type": "Polygon", "coordinates": [ [ [ -88.4006031, 42.650381899999978 ], [ -88.4038291, 42.652749900000011 ], [ -88.3968611, 42.654611900000035 ], [ -88.3968931, 42.6517579 ], [ -88.4006031, 42.650381899999978 ] ] ] } },
{ "type": "Feature", "properties": { "state_po": "WI", "county_geoid": "55127", "pwsid": "WI2650143", "pws_name": "INTERLAKEN RESORT AND VILLAGE", "population_served_count": 500, "model_method": "Random Forest", "verification_status": "", "symbology_field": "Modeled", "intersection_area_sq_km": 0.088477202687393425 }, "geometry": { "type": "MultiPolygon", "coordinates": [ [ [ [ -88.4821361, 42.510610899999968 ], [ -88.4849111, 42.510914900000024 ], [ -88.4833831, 42.512891899999964 ], [ -88.4818701, 42.5129089 ], [ -88.4821361, 42.510610899999968 ] ] ], [ [ [ -88.5116931, 42.5802539 ], [ -88.5097991, 42.5825939 ], [ -88.5097801, 42.580005899999968 ], [ -88.5116931, 42.5802539 ] ] ] ] } },
{ "type": "Feature", "properties": { "state_po": "WI", "county_geoid": "55127", "pwsid": "WI2650907", "pws_name": "GENEVA NATIONAL COMMUNITY SERVICES", "population_served_count": 2250, "model_method": "Random Forest", "verification_status": "", "symbology_field": "Modeled", "intersection_area_sq_km": 3.3738219889355654 }, "geometry": { "type": "Polygon", "coordinates": [ [ [ -88.5314961, 42.5962309 ], [ -88.5299291, 42.597954900000019 ], [ -88.5312321, 42.608362900000017 ], [ -88.5342781, 42.611076899999979 ], [ -88.5315731, 42.612427899999958 ], [ -88.5219421, 42.611890899999985 ], [ -88.5217641, 42.615678900000063 ], [ -88.5191881, 42.616460899999957 ], [ -88.5171731, 42.6148749 ], [ -88.5068381, 42.615642899999969 ], [ -88.5069141, 42.608072900000025 ], [ -88.5097811, 42.612531900000015 ], [ -88.5129141, 42.610094899999979 ], [ -88.5100161, 42.604268899999973 ], [ -88.5073151, 42.604004900000049 ], [ -88.5070281, 42.598939899999984 ], [ -88.5119911, 42.597120899999958 ], [ -88.516851100000011, 42.598948899999982 ], [ -88.5222881, 42.598748899999961 ], [ -88.5231761, 42.59602390000002 ], [ -88.5266551, 42.59755590000001 ], [ -88.5314961, 42.5962309 ] ] ] } },
{ "type": "Feature", "properties": { "state_po": "WI", "county_geoid": "55127", "pwsid": "WI2651536", "pws_name": "LAKE COMO SANITARY DIST 1", "population_served_count": 3038, "model_method": "Random Forest", "verification_status": "", "symbology_field": "Modeled", "intersection_area_sq_km": 1.158227771422498 }, "geometry": { "type": "MultiPolygon", "coordinates": [ [ [ [ -88.5065671, 42.599271900000048 ], [ -88.5064701, 42.607211900000024 ], [ -88.5037821, 42.606544899999946 ], [ -88.5055261, 42.6080329 ], [ -88.5019961, 42.60837889999997 ], [ -88.5019881, 42.610528899999956 ], [ -88.4984201, 42.610505899999986 ], [ -88.4984421, 42.6083709 ], [ -88.4957801, 42.608364900000034 ], [ -88.4957441, 42.610488899999964 ], [ -88.4921761, 42.610465899999973 ], [ -88.4931211, 42.606127900000033 ], [ -88.4949211, 42.60648590000001 ], [ -88.4949011, 42.605191900000023 ], [ -88.5065671, 42.599271900000048 ] ] ], [ [ [ -88.4886351, 42.6097949 ], [ -88.4877411, 42.609358899999982 ], [ -88.4886321, 42.609022900000042 ], [ -88.4886351, 42.6097949 ] ] ], [ [ [ -88.4872861, 42.609784900000015 ], [ -88.4850501, 42.610420900000044 ], [ -88.4850561, 42.609767900000016 ], [ -88.4872861, 42.609784900000015 ] ] ], [ [ [ -88.4912741, 42.610459900000045 ], [ -88.4903571, 42.612437900000032 ], [ -88.4903821, 42.610453899999939 ], [ -88.4912741, 42.610459900000045 ] ] ], [ [ [ -88.4872551, 42.61043490000003 ], [ -88.4894961, 42.612421899999944 ], [ -88.4872451, 42.6124059 ], [ -88.4872551, 42.61043490000003 ] ] ], [ [ [ -88.4814171, 42.6146789 ], [ -88.4907831, 42.614418899999976 ], [ -88.4907621, 42.6170459 ], [ -88.4871961, 42.618056899999985 ], [ -88.4864441, 42.620216899999988 ], [ -88.4827721, 42.6193789 ], [ -88.4804891, 42.6166479 ], [ -88.4814171, 42.6146789 ] ] ] ] } },
{ "type": "Feature", "properties": { "state_po": "WI", "county_geoid": "55127", "pwsid": "WI2650145", "pws_name": "SHARON WATERWORKS", "population_served_count": 1549, "model_method": "Random Forest", "verification_status": "", "symbology_field": "Modeled", "intersection_area_sq_km": 2.488410288348454 }, "geometry": { "type": "Polygon", "coordinates": [ [ [ -88.737115998358533, 42.492807943506548 ], [ -88.7373101, 42.504716899999984 ], [ -88.7434691, 42.5071039 ], [ -88.7275611, 42.507600900000014 ], [ -88.7275461, 42.509389899999967 ], [ -88.7225951, 42.509534899999956 ], [ -88.7226991, 42.5041709 ], [ -88.7175361, 42.504258899999932 ], [ -88.7174901, 42.496089899999959 ], [ -88.7224481, 42.498585899999966 ], [ -88.7218041, 42.4932209 ], [ -88.737115998358533, 42.492807943506548 ] ] ] } },
{ "type": "Feature", "properties": { "state_po": "WI", "county_geoid": "55127", "pwsid": "WI2650116", "pws_name": "PIONEER ESTATES OF DELAVAN", "population_served_count": 400, "model_method": "OSM", "verification_status": "", "symbology_field": "Modeled", "intersection_area_sq_km": 1.1228391385590204 }, "geometry": { "type": "Polygon", "coordinates": [ [ [ -88.7079911, 42.6167129 ], [ -88.7017591, 42.617763899999957 ], [ -88.6840581, 42.625105899999987 ], [ -88.6784801, 42.625206900000023 ], [ -88.6784251, 42.620554900000023 ], [ -88.7079741, 42.613758899999979 ], [ -88.7079911, 42.6167129 ] ] ] } },
{ "type": "Feature", "properties": { "state_po": "WI", "county_geoid": "55127", "pwsid": "WI2650128", "pws_name": "FONTANA WATER UTILITY", "population_served_count": 1839, "model_method": "Random Forest", "verification_status": "", "symbology_field": "Modeled", "intersection_area_sq_km": 8.5747089125908005 }, "geometry": { "type": "MultiPolygon", "coordinates": [ [ [ [ -88.5833621, 42.527395899999952 ], [ -88.5827351, 42.531092899999983 ], [ -88.5802891, 42.531093899999959 ], [ -88.5672641, 42.52747089999994 ], [ -88.5833621, 42.527395899999952 ] ] ], [ [ [ -88.5799351, 42.531110900000044 ], [ -88.5810861, 42.5345089 ], [ -88.5871291, 42.534469900000019 ], [ -88.5871921, 42.5382749 ], [ -88.5893911, 42.538275899999981 ], [ -88.5869561, 42.544050899999981 ], [ -88.5898701, 42.5426859 ], [ -88.5898691, 42.5449579 ], [ -88.5947721, 42.545570900000037 ], [ -88.5939661, 42.5426899 ], [ -88.5996791, 42.5405039 ], [ -88.5997381, 42.54920689999998 ], [ -88.5947281, 42.549172899999959 ], [ -88.5948081, 42.556286899999975 ], [ -88.5967871, 42.556379899999946 ], [ -88.5900421, 42.556366899999965 ], [ -88.590009099999989, 42.555258900000013 ], [ -88.5801761, 42.555547900000015 ], [ -88.5792161, 42.5543159 ], [ -88.5751991, 42.554338899999976 ], [ -88.5752991, 42.560081899999979 ], [ -88.5693221, 42.559872899999974 ], [ -88.5661241, 42.561528900000013 ], [ -88.5655731, 42.559410900000032 ], [ -88.5691141, 42.55784890000001 ], [ -88.5724731, 42.551557899999985 ], [ -88.5694301, 42.545427900000035 ], [ -88.5586531, 42.546500899999984 ], [ -88.5573701, 42.5478639 ], [ -88.5467471, 42.547539899999954 ], [ -88.5352961, 42.549121900000031 ], [ -88.5351821, 42.5456139 ], [ -88.5377571, 42.545622900000041 ], [ -88.5396511, 42.543815900000034 ], [ -88.5389211, 42.542192899999975 ], [ -88.5360551, 42.5419329 ], [ -88.5360001, 42.538335900000014 ], [ -88.5601681, 42.538384899999961 ], [ -88.5601371, 42.5312069 ], [ -88.5799351, 42.531110900000044 ] ] ] ] } },
{ "type": "Feature", "properties": { "state_po": "WI", "county_geoid": "55127", "pwsid": "WI2650148", "pws_name": "INSPIRATION MINISTRIES & MEADOWS APTS", "population_served_count": 80, "model_method": "Random Forest", "verification_status": "", "symbology_field": "Modeled", "intersection_area_sq_km": 0.7160589041483808 }, "geometry": { "type": "Polygon", "coordinates": [ [ [ -88.580408100000014, 42.563679899999968 ], [ -88.5804691, 42.566997899999983 ], [ -88.5750621, 42.5670049 ], [ -88.5750621, 42.569803899999975 ], [ -88.5804551, 42.569800899999947 ], [ -88.5803971, 42.574575899999985 ], [ -88.5700541, 42.574605899999966 ], [ -88.5700621, 42.56743490000003 ], [ -88.5755251, 42.566645899999955 ], [ -88.5755671, 42.56368590000001 ], [ -88.580408100000014, 42.563679899999968 ] ] ] } },
{ "type": "Feature", "properties": { "state_po": "WI", "county_geoid": "55127", "pwsid": "WI2650149", "pws_name": "WALWORTH WATERWORKS", "population_served_count": 2304, "model_method": "Random Forest", "verification_status": "", "symbology_field": "Modeled", "intersection_area_sq_km": 4.0141174737197298 }, "geometry": { "type": "Polygon", "coordinates": [ [ [ -88.5907621, 42.5238389 ], [ -88.5907011, 42.5202309 ], [ -88.5994251, 42.5203099 ], [ -88.5995121, 42.5240079 ], [ -88.6090941, 42.524083900000022 ], [ -88.6090061, 42.538426899999983 ], [ -88.6043821, 42.5384269 ], [ -88.6044461, 42.5428889 ], [ -88.5996861, 42.54339190000001 ], [ -88.5996791, 42.5405039 ], [ -88.5976811, 42.540495899999982 ], [ -88.5976831, 42.5419119 ], [ -88.5891391, 42.541993900000016 ], [ -88.5893291, 42.5336329 ], [ -88.5802891, 42.531093899999959 ], [ -88.5827351, 42.531092899999983 ], [ -88.5833621, 42.527395899999952 ], [ -88.5798951, 42.527379899999964 ], [ -88.5797371, 42.523732899999963 ], [ -88.5846531, 42.523769899999969 ], [ -88.5858711, 42.525320900000047 ], [ -88.5861931, 42.523814899999955 ], [ -88.5907621, 42.5238389 ] ] ] } },
{ "type": "Feature", "properties": { "state_po": "WI", "county_geoid": "55127", "pwsid": "WI2650157", "pws_name": "LUDWELL ESTATES", "population_served_count": 100, "model_method": "Random Forest", "verification_status": "", "symbology_field": "Modeled", "intersection_area_sq_km": 0.016029397049686814 }, "geometry": { "type": "Polygon", "coordinates": [ [ [ -88.5765191, 42.663409899999976 ], [ -88.577170099999989, 42.665445900000037 ], [ -88.5767051, 42.665696899999986 ], [ -88.5765191, 42.663409899999976 ] ] ] } },
{ "type": "Feature", "properties": { "state_po": "WI", "county_geoid": "55127", "pwsid": "WI2650494", "pws_name": "SNUG HARBOR INN MHP", "population_served_count": 30, "model_method": "Random Forest", "verification_status": "", "symbology_field": "Modeled", "intersection_area_sq_km": 0.16043766097696979 }, "geometry": { "type": "Polygon", "coordinates": [ [ [ -88.6729121, 42.723391899999967 ], [ -88.6730501, 42.72854190000001 ], [ -88.6753501, 42.730250900000051 ], [ -88.6709581, 42.730407899999989 ], [ -88.6707971, 42.724235899999982 ], [ -88.6729121, 42.723391899999967 ] ] ] } },
{ "type": "Feature", "properties": { "state_po": "WI", "county_geoid": "55127", "pwsid": "WI2650929", "pws_name": "DELAVAN CLUB CONDOS", "population_served_count": 395, "model_method": "Random Forest", "verification_status": "", "symbology_field": "Modeled", "intersection_area_sq_km": 0.9143510624486072 }, "geometry": { "type": "Polygon", "coordinates": [ [ [ -88.6246861, 42.61119489999998 ], [ -88.6255151, 42.6144489 ], [ -88.6147151, 42.617526900000016 ], [ -88.6171661, 42.619531900000027 ], [ -88.6193681, 42.619390899999971 ], [ -88.6097151, 42.620661900000023 ], [ -88.6097581, 42.617008899999981 ], [ -88.6070771, 42.616767899999978 ], [ -88.6097361, 42.616308899999972 ], [ -88.6097501, 42.61125490000002 ], [ -88.6246861, 42.61119489999998 ] ] ] } },
{ "type": "Feature", "properties": { "state_po": "WI", "county_geoid": "55127", "pwsid": "WI2651216", "pws_name": "TOWN HALL APTS", "population_served_count": 90, "model_method": "Random Forest", "verification_status": "", "symbology_field": "Modeled", "intersection_area_sq_km": 0.04991650356766867 }, "geometry": { "type": "Polygon", "coordinates": [ [ [ -88.635927099999989, 42.7401629 ], [ -88.6350631, 42.742127899999964 ], [ -88.6325391, 42.741608899999981 ], [ -88.635927099999989, 42.7401629 ] ] ] } },
{ "type": "Feature", "properties": { "state_po": "WI", "county_geoid": "55127", "pwsid": "WI2650058", "pws_name": "GENOA CITY WATERWORKS", "population_served_count": 2766, "model_method": "Decision Tree", "verification_status": "", "symbology_field": "Modeled", "intersection_area_sq_km": 4.7502490974381812 }, "geometry": { "type": "Polygon", "coordinates": [ [ [ -88.304758080284685, 42.505618899568447 ], [ -88.304698, 42.494772691912345 ], [ -88.339099, 42.494725492131465 ], [ -88.339095, 42.50556790000001 ], [ -88.347041, 42.505659900000012 ], [ -88.348906, 42.5082299 ], [ -88.339097, 42.507367900000041 ], [ -88.339098, 42.5091979 ], [ -88.324462, 42.5092069 ], [ -88.324615, 42.520127900000013 ], [ -88.319686, 42.520136900000018 ], [ -88.319613, 42.516499900000021 ], [ -88.316874, 42.5165049 ], [ -88.318084, 42.498477900000019 ], [ -88.313104, 42.497120899999985 ], [ -88.314664, 42.5055749 ], [ -88.304758080284685, 42.505618899568447 ] ] ] } },
{ "type": "Feature", "properties": { "state_po": "WI", "county_geoid": "55127", "pwsid": "WI2650124", "pws_name": "TROY TERRACE MHP", "population_served_count": 150, "model_method": "Decision Tree", "verification_status": "", "symbology_field": "Modeled", "intersection_area_sq_km": 0.037569314209019572 }, "geometry": { "type": "Polygon", "coordinates": [ [ [ -88.467508099999989, 42.84014 ], [ -88.4692331, 42.842179 ], [ -88.4667631, 42.842354 ], [ -88.467508099999989, 42.84014 ] ] ] } },
{ "type": "Feature", "properties": { "state_po": "WI", "county_geoid": "55127", "pwsid": "WI2650146", "pws_name": "TROY CENTER SANITARY DISTRICT", "population_served_count": 170, "model_method": "Random Forest", "verification_status": "", "symbology_field": "Modeled", "intersection_area_sq_km": 0.12751013905096922 }, "geometry": { "type": "Polygon", "coordinates": [ [ [ -88.4662211, 42.807756 ], [ -88.4661841, 42.814838 ], [ -88.4642091, 42.815532 ], [ -88.4643321, 42.807723 ], [ -88.4662211, 42.807756 ] ] ] } },
{ "type": "Feature", "properties": { "state_po": "WI", "county_geoid": "55127", "pwsid": "WI2650150", "pws_name": "COACHMANS TERRACE MHP", "population_served_count": 125, "model_method": "OSM", "verification_status": "", "symbology_field": "Modeled", "intersection_area_sq_km": 1.1524598563714503 }, "geometry": { "type": "Polygon", "coordinates": [ [ [ -88.4823131, 42.586513899999943 ], [ -88.4823031, 42.5974889 ], [ -88.4775051, 42.597429899999966 ], [ -88.4786681, 42.593990899999973 ], [ -88.4771581, 42.592712899999974 ], [ -88.4694851, 42.593134899999981 ], [ -88.4686491, 42.594908900000043 ], [ -88.4709291, 42.597395899999988 ], [ -88.4637831, 42.595540899999982 ], [ -88.4634811, 42.589764899999949 ], [ -88.4823131, 42.586513899999943 ] ] ] } },
{ "type": "Feature", "properties": { "state_po": "WI", "county_geoid": "55127", "pwsid": "WI2650057", "pws_name": "DARIEN WATERWORKS", "population_served_count": 1573, "model_method": "Random Forest", "verification_status": "", "symbology_field": "Modeled", "intersection_area_sq_km": 5.3965977416038253 }, "geometry": { "type": "MultiPolygon", "coordinates": [ [ [ [ -88.7525732, 42.589250899999982 ], [ -88.7342241, 42.602439900000022 ], [ -88.7274711, 42.6025779 ], [ -88.7275251, 42.605978899999975 ], [ -88.7230271, 42.608270900000022 ], [ -88.7171931, 42.604437899999958 ], [ -88.7156961, 42.606104899999956 ], [ -88.7016841, 42.607612900000071 ], [ -88.7019101, 42.60440490000002 ], [ -88.6998851, 42.605213899999953 ], [ -88.6979661, 42.603152900000019 ], [ -88.7006001, 42.601582900000032 ], [ -88.7003171, 42.5999879 ], [ -88.6953991, 42.59953390000004 ], [ -88.6970741, 42.5959059 ], [ -88.7019251, 42.5958309 ], [ -88.7011461, 42.59400789999998 ], [ -88.7153451, 42.5948549 ], [ -88.7159111, 42.5965309 ], [ -88.7412771, 42.585024900000036 ], [ -88.7441802, 42.5882899 ], [ -88.7525732, 42.589250899999982 ] ] ], [ [ [ -88.6964041, 42.595915899999966 ], [ -88.6954771, 42.596501900000014 ], [ -88.6954701, 42.59593290000003 ], [ -88.6964041, 42.595915899999966 ] ] ] ] } },
{ "type": "Feature", "properties": { "state_po": "WI", "county_geoid": "55127", "pwsid": "WI2520193", "pws_name": "RIVER SPRINGS APARTMENTS LLC", "population_served_count": 38, "model_method": "Decision Tree", "verification_status": "", "symbology_field": "Modeled", "intersection_area_sq_km": 0.019499014729283431 }, "geometry": { "type": "Polygon", "coordinates": [ [ [ -88.307228360520924, 42.719413618710554 ], [ -88.308772, 42.718115 ], [ -88.309187, 42.719402 ], [ -88.307228360520924, 42.719413618710554 ] ] ] } },
{ "type": "Feature", "properties": { "state_po": "WI", "county_geoid": "55089", "pwsid": "WI2460066", "pws_name": "PARK PLACE SUBDIVISION", "population_served_count": 260, "model_method": "Random Forest", "verification_status": "", "symbology_field": "Modeled", "intersection_area_sq_km": 1.8713511527574025 }, "geometry": { "type": "MultiPolygon", "coordinates": [ [ [ [ -87.918472, 43.206663100000021 ], [ -87.909591, 43.2066061 ], [ -87.908359, 43.2049691 ], [ -87.908783, 43.2035781 ], [ -87.913376, 43.203739099999986 ], [ -87.913558, 43.1993631 ], [ -87.916293, 43.1993861 ], [ -87.918472, 43.206663100000021 ] ], [ [ -87.91742, 43.205002099999966 ], [ -87.916957, 43.203699100000051 ], [ -87.915208, 43.203729100000039 ], [ -87.915183, 43.205720100000036 ], [ -87.91742, 43.205002099999966 ] ] ], [ [ [ -87.897467, 43.197117099999957 ], [ -87.900349, 43.196671100000032 ], [ -87.898591, 43.194133099999988 ], [ -87.909491, 43.1957281 ], [ -87.909406, 43.199341099999984 ], [ -87.904756, 43.1993201 ], [ -87.904583, 43.2007171 ], [ -87.898997, 43.199733100000017 ], [ -87.899769, 43.20199710000005 ], [ -87.904538, 43.202012099999983 ], [ -87.904269, 43.2138491 ], [ -87.900188, 43.2138771 ], [ -87.900438, 43.215317099999957 ], [ -87.904236, 43.215437099999953 ], [ -87.904132, 43.219302100000043 ], [ -87.900602, 43.219490099999966 ], [ -87.896744, 43.214302 ], [ -87.897467, 43.197117099999957 ] ], [ [ -87.901602, 43.208144100000013 ], [ -87.899129, 43.207850099999959 ], [ -87.898913, 43.209204100000058 ], [ -87.901427, 43.209306100000035 ], [ -87.901602, 43.208144100000013 ] ] ] ] } },
{ "type": "Feature", "properties": { "state_po": "WI", "county_geoid": "55089", "pwsid": "WI2460067", "pws_name": "WILLIAMSBURG 220", "population_served_count": 32, "model_method": "Random Forest", "verification_status": "", "symbology_field": "Modeled", "intersection_area_sq_km": 0.01631863566623137 }, "geometry": { "type": "Polygon", "coordinates": [ [ [ -87.987983, 43.234998099999963 ], [ -87.98619, 43.235263099999955 ], [ -87.985821, 43.233872099999985 ], [ -87.987983, 43.234998099999963 ] ] ] } },
{ "type": "Feature", "properties": { "state_po": "WI", "county_geoid": "55089", "pwsid": "WI2460109", "pws_name": "FREDONIA WATERWORKS", "population_served_count": 2279, "model_method": "Random Forest", "verification_status": "", "symbology_field": "Modeled", "intersection_area_sq_km": 4.7790773965504121 }, "geometry": { "type": "MultiPolygon", "coordinates": [ [ [ [ -87.944559, 43.455517099999959 ], [ -87.940797, 43.455588099999986 ], [ -87.940831, 43.453395100000016 ], [ -87.945606, 43.4533421 ], [ -87.944559, 43.455517099999959 ] ] ], [ [ [ -87.945583, 43.45551410000003 ], [ -87.950614, 43.455462099999984 ], [ -87.950643, 43.461288099999983 ], [ -87.953955, 43.4612601 ], [ -87.95365, 43.470046100000062 ], [ -87.965088, 43.469803099999986 ], [ -87.968257, 43.473394099999986 ], [ -87.963397, 43.473492100000023 ], [ -87.965089, 43.474624100000035 ], [ -87.963323, 43.476746100000021 ], [ -87.960731, 43.4759701 ], [ -87.960731, 43.480796099999964 ], [ -87.958203, 43.480769099999968 ], [ -87.958227, 43.477217099999983 ], [ -87.953449, 43.47729409999998 ], [ -87.953227, 43.4845591 ], [ -87.940914, 43.4847421 ], [ -87.940876, 43.464696099999948 ], [ -87.944472, 43.464660100000017 ], [ -87.945583, 43.45551410000003 ] ] ], [ [ [ -87.995471, 43.469315099999967 ], [ -87.990431, 43.473135100000064 ], [ -87.995549, 43.4738581 ], [ -87.991819, 43.4739831 ], [ -87.990321, 43.4758011 ], [ -87.980929, 43.4782041 ], [ -87.973919, 43.46965910000003 ], [ -87.995471, 43.469315099999967 ] ] ] ] } },
{ "type": "Feature", "properties": { "state_po": "WI", "county_geoid": "55089", "pwsid": "WI2460118", "pws_name": "CONCORDIA UNIVERSITY", "population_served_count": 1500, "model_method": "Decision Tree", "verification_status": "", "symbology_field": "Modeled", "intersection_area_sq_km": 2.2795136649660184 }, "geometry": { "type": "Polygon", "coordinates": [ [ [ -87.911786272036707, 43.250399962187551 ], [ -87.917739, 43.2504471 ], [ -87.918798, 43.253220100000028 ], [ -87.918836, 43.2649401 ], [ -87.914264, 43.2650881 ], [ -87.91446, 43.280272100000026 ], [ -87.902966012900876, 43.280322095792869 ], [ -87.911786272036707, 43.250399962187551 ] ], [ [ -87.914264, 43.2647821 ], [ -87.914177, 43.261593099999956 ], [ -87.9114, 43.26150210000003 ], [ -87.910588, 43.265038100000019 ], [ -87.914264, 43.2647821 ] ] ] } },
{ "type": "Feature", "properties": { "state_po": "WI", "county_geoid": "55089", "pwsid": "WI2460137", "pws_name": "LAUREL LAKES 608", "population_served_count": 80, "model_method": "Random Forest", "verification_status": "", "symbology_field": "Modeled", "intersection_area_sq_km": 0.21827212050911807 }, "geometry": { "type": "Polygon", "coordinates": [ [ [ -87.988517, 43.2433091 ], [ -87.982424, 43.2434441 ], [ -87.982976, 43.239850099999984 ], [ -87.985544, 43.2399491 ], [ -87.984365, 43.236164100000011 ], [ -87.98608, 43.2361811 ], [ -87.988517, 43.2433091 ] ] ] } },
{ "type": "Feature", "properties": { "state_po": "WI", "county_geoid": "55089", "pwsid": "WI2460154", "pws_name": "LINDEN LANE APTS 141", "population_served_count": 75, "model_method": "Random Forest", "verification_status": "", "symbology_field": "Modeled", "intersection_area_sq_km": 0.045126607825006652 }, "geometry": { "type": "Polygon", "coordinates": [ [ [ -87.98467, 43.237168099999984 ], [ -87.980861, 43.237538099999959 ], [ -87.980865, 43.236152099999941 ], [ -87.984365, 43.236164100000011 ], [ -87.98467, 43.237168099999984 ] ] ] } },
{ "type": "Feature", "properties": { "state_po": "WI", "county_geoid": "55089", "pwsid": "WI2460640", "pws_name": "GRAND AVE APARTMENTS", "population_served_count": 80, "model_method": "Random Forest", "verification_status": "", "symbology_field": "Modeled", "intersection_area_sq_km": 0.10844298058114117 }, "geometry": { "type": "Polygon", "coordinates": [ [ [ -87.985544, 43.2399491 ], [ -87.978135, 43.2390461 ], [ -87.978825, 43.2372521 ], [ -87.984742, 43.23742110000002 ], [ -87.985544, 43.2399491 ] ] ] } },
{ "type": "Feature", "properties": { "state_po": "WI", "county_geoid": "55089", "pwsid": "WI2460680", "pws_name": "RIVER TRAILS ESTATES WATER USERS", "population_served_count": 84, "model_method": "Random Forest", "verification_status": "", "symbology_field": "Modeled", "intersection_area_sq_km": 0.17958142227511112 }, "geometry": { "type": "Polygon", "coordinates": [ [ [ -87.979215, 43.222302100000022 ], [ -87.980631, 43.224970099999986 ], [ -87.973944, 43.224999099999977 ], [ -87.973921, 43.221642099999976 ], [ -87.979215, 43.222302100000022 ] ] ] } },
{ "type": "Feature", "properties": { "state_po": "WI", "county_geoid": "55089", "pwsid": "WI2460140", "pws_name": "VILLAGE GLEN APTS", "population_served_count": 30, "model_method": "Random Forest", "verification_status": "", "symbology_field": "Modeled", "intersection_area_sq_km": 0.0020019493668630133 }, "geometry": { "type": "Polygon", "coordinates": [ [ [ -87.9879775, 43.234990399999973 ], [ -87.9887472, 43.2351192 ], [ -87.9881742, 43.235599400000055 ], [ -87.9879775, 43.234990399999973 ] ] ] } },
{ "type": "Feature", "properties": { "state_po": "WI", "county_geoid": "55089", "pwsid": "WI2460107", "pws_name": "BELGIUM WATERWORKS", "population_served_count": 2493, "model_method": "Random Forest", "verification_status": "", "symbology_field": "Modeled", "intersection_area_sq_km": 4.3960644001123583 }, "geometry": { "type": "Polygon", "coordinates": [ [ [ -87.845531, 43.486759100000029 ], [ -87.845694, 43.4931191 ], [ -87.850676, 43.4931181 ], [ -87.850695, 43.4958461 ], [ -87.856048, 43.4958501 ], [ -87.856985, 43.4922101 ], [ -87.858795, 43.492211100000041 ], [ -87.860595, 43.492215100000045 ], [ -87.860619, 43.495856099999969 ], [ -87.863138, 43.495859100000025 ], [ -87.863179, 43.503142100000055 ], [ -87.860664, 43.5031381 ], [ -87.860738, 43.516151099999981 ], [ -87.859283, 43.516822100000034 ], [ -87.857468, 43.5168261 ], [ -87.857488, 43.514057100000016 ], [ -87.8498, 43.5140491 ], [ -87.850736, 43.50677210000002 ], [ -87.832194, 43.50666410000003 ], [ -87.834443, 43.496084099999983 ], [ -87.836321, 43.495930100000024 ], [ -87.839669, 43.487664099999925 ], [ -87.845531, 43.486759100000029 ] ] ] } },
{ "type": "Feature", "properties": { "state_po": "WI", "county_geoid": "55089", "pwsid": "WI2682229", "pws_name": "LAKE COUNTRY APARTMENTS", "population_served_count": 84, "model_method": "Random Forest", "verification_status": "", "symbology_field": "Modeled", "intersection_area_sq_km": 0.64115241561702241 }, "geometry": { "type": "Polygon", "coordinates": [ [ [ -87.983461, 43.2303221 ], [ -87.980861, 43.237538099999959 ], [ -87.978825, 43.2372521 ], [ -87.978135, 43.2390461 ], [ -87.974488, 43.239074100000018 ], [ -87.973144, 43.233396099999958 ], [ -87.966037, 43.233806100000024 ], [ -87.963834, 43.236057099999968 ], [ -87.964909, 43.233125099999974 ], [ -87.983461, 43.2303221 ] ] ] } },
{ "type": "Feature", "properties": { "state_po": "WI", "county_geoid": "55089", "pwsid": "WI2460973", "pws_name": "BRIGHTON RIDGE SUBDIVISION", "population_served_count": 200, "model_method": "Random Forest", "verification_status": "", "symbology_field": "Modeled", "intersection_area_sq_km": 0.89165439049462814 }, "geometry": { "type": "Polygon", "coordinates": [ [ [ -88.023576, 43.2158091 ], [ -88.023451, 43.222482100000022 ], [ -88.020366, 43.223136100000019 ], [ -88.008439, 43.221650100000026 ], [ -88.00623, 43.2171411 ], [ -88.007513, 43.215565100000013 ], [ -88.019171, 43.2171501 ], [ -88.021513, 43.215176099999972 ], [ -88.023576, 43.2158091 ] ] ] } },
{ "type": "Feature", "properties": { "state_po": "WI", "county_geoid": "55089", "pwsid": "WI2460955", "pws_name": "MEQUON ON THE SQUARE CONDOMINIUM OWNERS ASSOCIATION INC", "population_served_count": 110, "model_method": "Random Forest", "verification_status": "", "symbology_field": "Modeled", "intersection_area_sq_km": 0.41765055735198742 }, "geometry": { "type": "MultiPolygon", "coordinates": [ [ [ [ -88.011513, 43.214244099999966 ], [ -88.011473, 43.215530099999988 ], [ -88.007282, 43.215583099999989 ], [ -88.006271, 43.2167851 ], [ -88.008439, 43.221650100000026 ], [ -88.003618, 43.2216331 ], [ -88.003667, 43.2144041 ], [ -88.011513, 43.214244099999966 ] ] ], [ [ [ -88.005968, 43.2228231 ], [ -88.005951, 43.227403099999982 ], [ -88.00549, 43.227395099999988 ], [ -88.003598, 43.226443099999969 ], [ -88.003616, 43.221768100000013 ], [ -88.005968, 43.2228231 ] ] ] ] } },
{ "type": "Feature", "properties": { "state_po": "WI", "county_geoid": "55089", "pwsid": "WI2460824", "pws_name": "WOODRIDGE ESTATES", "population_served_count": 100, "model_method": "Random Forest", "verification_status": "", "symbology_field": "Modeled", "intersection_area_sq_km": 0.3343135376952302 }, "geometry": { "type": "Polygon", "coordinates": [ [ [ -88.012436, 43.233006100000019 ], [ -88.010905, 43.238852099999939 ], [ -88.005195, 43.239014099999977 ], [ -88.005235, 43.237329100000039 ], [ -88.008411, 43.236459099999969 ], [ -88.005945, 43.236198099999953 ], [ -88.005926, 43.23303910000002 ], [ -88.012436, 43.233006100000019 ] ] ] } },
{ "type": "Feature", "properties": { "state_po": "WI", "county_geoid": "55089", "pwsid": "WI2460823", "pws_name": "WATERS EDGE CONDOMINIUM ASSOCIATION", "population_served_count": 50, "model_method": "Random Forest", "verification_status": "", "symbology_field": "Modeled", "intersection_area_sq_km": 0.14701579676351451 }, "geometry": { "type": "Polygon", "coordinates": [ [ [ -87.981193, 43.239251099999969 ], [ -87.985544, 43.2399491 ], [ -87.986663, 43.243462100000016 ], [ -87.982424, 43.2434441 ], [ -87.981193, 43.239251099999969 ] ] ] } },
{ "type": "Feature", "properties": { "state_po": "WI", "county_geoid": "55089", "pwsid": "WI2460817", "pws_name": "MEQUON TRAIL TOWNHOMES", "population_served_count": 615, "model_method": "Random Forest", "verification_status": "", "symbology_field": "Modeled", "intersection_area_sq_km": 9.7710770967736398 }, "geometry": { "type": "Polygon", "coordinates": [ [ [ -88.063291888104104, 43.278889089019522 ], [ -88.043598, 43.2787731 ], [ -88.043496, 43.26490009999997 ], [ -88.003815, 43.2653451 ], [ -88.003707, 43.258054099999988 ], [ -88.043385, 43.257648099999976 ], [ -88.043363, 43.2503881 ], [ -88.04834, 43.250317100000011 ], [ -88.048409, 43.235858099999987 ], [ -88.063907883713867, 43.235644168472035 ], [ -88.063291888104104, 43.278889089019522 ] ] ] } },
{ "type": "Feature", "properties": { "state_po": "WI", "county_geoid": "55089", "pwsid": "WI2460796", "pws_name": "KENILWORTH SUBD", "population_served_count": 120, "model_method": "Random Forest", "verification_status": "", "symbology_field": "Modeled", "intersection_area_sq_km": 0.31332248276343483 }, "geometry": { "type": "Polygon", "coordinates": [ [ [ -87.922883, 43.1980971 ], [ -87.921388, 43.206682099999973 ], [ -87.918472, 43.206663100000021 ], [ -87.916293, 43.1993861 ], [ -87.92199, 43.1994321 ], [ -87.922883, 43.1980971 ] ] ] } },
{ "type": "Feature", "properties": { "state_po": "WI", "county_geoid": "55089", "pwsid": "WI2460794", "pws_name": "WESTCHESTER LAKES SUBDIVISION", "population_served_count": 300, "model_method": "Random Forest", "verification_status": "", "symbology_field": "Modeled", "intersection_area_sq_km": 1.7541751757977617 }, "geometry": { "type": "Polygon", "coordinates": [ [ [ -88.003616, 43.221768100000013 ], [ -88.003598, 43.226443099999969 ], [ -88.005955, 43.2290041 ], [ -88.003631, 43.236249100000016 ], [ -87.989742, 43.2361961 ], [ -87.990213, 43.23428909999997 ], [ -87.993214, 43.233552099999976 ], [ -87.992936, 43.231631100000016 ], [ -87.989037, 43.230491100000023 ], [ -87.990778, 43.228775099999943 ], [ -87.989683, 43.221723099999984 ], [ -87.991992, 43.221650100000026 ], [ -87.992477, 43.223425100000014 ], [ -87.997003, 43.222926100000031 ], [ -87.997295, 43.221725100000029 ], [ -88.003616, 43.221768100000013 ] ] ] } },
{ "type": "Feature", "properties": { "state_po": "WI", "county_geoid": "55089", "pwsid": "WI2460791", "pws_name": "BEECHWOOD FARMS ESTATES", "population_served_count": 300, "model_method": "Random Forest", "verification_status": "", "symbology_field": "Modeled", "intersection_area_sq_km": 1.2497617485721246 }, "geometry": { "type": "Polygon", "coordinates": [ [ [ -87.904898, 43.206578099999959 ], [ -87.915162, 43.206646099999958 ], [ -87.916552, 43.214299100000012 ], [ -87.912912, 43.2175141 ], [ -87.912674, 43.221149100000012 ], [ -87.909925, 43.2211231 ], [ -87.910387, 43.21821809999998 ], [ -87.904132, 43.219302100000043 ], [ -87.904898, 43.206578099999959 ] ], [ [ -87.911773, 43.208095100000065 ], [ -87.910153, 43.20838110000004 ], [ -87.91153, 43.209128100000029 ], [ -87.911773, 43.208095100000065 ] ] ] } },
{ "type": "Feature", "properties": { "state_po": "WI", "county_geoid": "55089", "pwsid": "WI2460781", "pws_name": "WYNGATE SUBDIVISION", "population_served_count": 100, "model_method": "Random Forest", "verification_status": "", "symbology_field": "Modeled", "intersection_area_sq_km": 0.10037237258661298 }, "geometry": { "type": "Polygon", "coordinates": [ [ [ -87.912912, 43.2175141 ], [ -87.914229, 43.219267099999989 ], [ -87.917925, 43.2192941 ], [ -87.917281, 43.221180099999934 ], [ -87.912674, 43.221149100000012 ], [ -87.912912, 43.2175141 ] ] ] } },
{ "type": "Feature", "properties": { "state_po": "WI", "county_geoid": "55089", "pwsid": "WI2460705", "pws_name": "VINTAGE ESTATES", "population_served_count": 130, "model_method": "Random Forest", "verification_status": "", "symbology_field": "Modeled", "intersection_area_sq_km": 0.63673780751513898 }, "geometry": { "type": "Polygon", "coordinates": [ [ [ -87.91478, 43.197701099999982 ], [ -87.913376, 43.203739099999986 ], [ -87.908543, 43.203704099999953 ], [ -87.909591, 43.2066061 ], [ -87.904423, 43.206595099999966 ], [ -87.904538, 43.202012099999983 ], [ -87.901887, 43.201972100000042 ], [ -87.901904, 43.200446100000015 ], [ -87.909406, 43.199341099999984 ], [ -87.909424, 43.196499100000025 ], [ -87.913401, 43.196367099999982 ], [ -87.91478, 43.197701099999982 ] ] ] } },
{ "type": "Feature", "properties": { "state_po": "WI", "county_geoid": "55089", "pwsid": "WI2460685", "pws_name": "RIVER LAKE SUBDIVISION", "population_served_count": 100, "model_method": "Random Forest", "verification_status": "", "symbology_field": "Modeled", "intersection_area_sq_km": 0.19017164057538744 }, "geometry": { "type": "Polygon", "coordinates": [ [ [ -87.961219, 43.20693210000006 ], [ -87.965074, 43.206961099999972 ], [ -87.967548, 43.2106251 ], [ -87.961175, 43.212358100000039 ], [ -87.960837, 43.20983810000002 ], [ -87.962547, 43.210056100000052 ], [ -87.962737, 43.208256099999964 ], [ -87.961219, 43.20693210000006 ] ] ] } },
{ "type": "Feature", "properties": { "state_po": "WI", "county_geoid": "55089", "pwsid": "WI2460158", "pws_name": "HEIDEL RD APTS 152", "population_served_count": 40, "model_method": "Random Forest", "verification_status": "", "symbology_field": "Modeled", "intersection_area_sq_km": 0.098092044818694865 }, "geometry": { "type": "Polygon", "coordinates": [ [ [ -87.977037, 43.240582100000026 ], [ -87.975704, 43.2389891 ], [ -87.980892, 43.239270099999956 ], [ -87.981634, 43.2413501 ], [ -87.977037, 43.240582100000026 ] ] ] } },
{ "type": "Feature", "properties": { "state_po": "WI", "county_geoid": "55089", "pwsid": "WI2460152", "pws_name": "HEIDEL RD APTS 139", "population_served_count": 40, "model_method": "Random Forest", "verification_status": "", "symbology_field": "Modeled", "intersection_area_sq_km": 0.04813696903035751 }, "geometry": { "type": "Polygon", "coordinates": [ [ [ -87.982976, 43.239850099999984 ], [ -87.982403, 43.243382099999941 ], [ -87.980892, 43.239270099999956 ], [ -87.982976, 43.239850099999984 ] ] ] } },
{ "type": "Feature", "properties": { "state_po": "WI", "county_geoid": "55089", "pwsid": "WI2460150", "pws_name": "LAUREL LAKES 508", "population_served_count": 50, "model_method": "Random Forest", "verification_status": "", "symbology_field": "Modeled", "intersection_area_sq_km": 0.47449628041202585 }, "geometry": { "type": "Polygon", "coordinates": [ [ [ -87.993659, 43.241324099999943 ], [ -87.986663, 43.243462100000016 ], [ -87.984365, 43.236164100000011 ], [ -87.992967, 43.236704100000026 ], [ -87.993659, 43.241324099999943 ] ] ] } },
{ "type": "Feature", "properties": { "state_po": "WI", "county_geoid": "55089", "pwsid": "WI2460148", "pws_name": "WILLIAMSBURG 206", "population_served_count": 48, "model_method": "Random Forest", "verification_status": "", "symbology_field": "Modeled", "intersection_area_sq_km": 0.32467493535539194 }, "geometry": { "type": "Polygon", "coordinates": [ [ [ -87.983683, 43.230373100000016 ], [ -87.987123, 43.23051209999997 ], [ -87.987328, 43.232928099999988 ], [ -87.988728, 43.230515099999977 ], [ -87.988169, 43.2361971 ], [ -87.980865, 43.236152099999941 ], [ -87.983683, 43.230373100000016 ] ] ] } },
{ "type": "Feature", "properties": { "state_po": "WI", "county_geoid": "55089", "pwsid": "WI2460145", "pws_name": "VILLAGE HEIGHTS", "population_served_count": 130, "model_method": "Random Forest", "verification_status": "", "symbology_field": "Modeled", "intersection_area_sq_km": 0.15917571284421114 }, "geometry": { "type": "MultiPolygon", "coordinates": [ [ [ [ -87.987143, 43.2257191 ], [ -87.98714, 43.2277761 ], [ -87.988834, 43.227756099999972 ], [ -87.987934, 43.232939099999989 ], [ -87.987123, 43.23051209999997 ], [ -87.985382, 43.2304781 ], [ -87.987143, 43.2257191 ] ] ], [ [ [ -87.983143, 43.232247099999974 ], [ -87.985272, 43.2304721 ], [ -87.985278, 43.2336971 ], [ -87.983143, 43.232247099999974 ] ] ] ] } },
{ "type": "Feature", "properties": { "state_po": "WI", "county_geoid": "55089", "pwsid": "WI2460143", "pws_name": "CENTURY ESTATES 1", "population_served_count": 130, "model_method": "Random Forest", "verification_status": "", "symbology_field": "Modeled", "intersection_area_sq_km": 0.97239005545587887 }, "geometry": { "type": "Polygon", "coordinates": [ [ [ -87.973144, 43.233396099999958 ], [ -87.974719, 43.241590100000018 ], [ -87.973099, 43.24138809999998 ], [ -87.973079, 43.242957100000076 ], [ -87.968941, 43.242844100000013 ], [ -87.96952, 43.245943100000048 ], [ -87.963862, 43.246121099999989 ], [ -87.964649, 43.2351431 ], [ -87.966174, 43.23377110000002 ], [ -87.973144, 43.233396099999958 ] ] ] } },
{ "type": "Feature", "properties": { "state_po": "WI", "county_geoid": "55089", "pwsid": "WI2460142", "pws_name": "LINDEN LANE APTS 117", "population_served_count": 90, "model_method": "Random Forest", "verification_status": "", "symbology_field": "Modeled", "intersection_area_sq_km": 0.73738437604947393 }, "geometry": { "type": "MultiPolygon", "coordinates": [ [ [ [ -87.953037, 43.3897401 ], [ -87.952762, 43.396916099999956 ], [ -87.947726, 43.396952099999979 ], [ -87.947058, 43.389784099999964 ], [ -87.953037, 43.3897401 ] ] ], [ [ [ -87.941221, 43.40560110000002 ], [ -87.940919, 43.396974099999952 ], [ -87.944592, 43.396972100000049 ], [ -87.944985, 43.4091021 ], [ -87.941221, 43.40560110000002 ] ] ] ] } },
{ "type": "Feature", "properties": { "state_po": "WI", "county_geoid": "55089", "pwsid": "WI2460141", "pws_name": "ALBERTA SUBDIVISION", "population_served_count": 75, "model_method": "Random Forest", "verification_status": "", "symbology_field": "Modeled", "intersection_area_sq_km": 0.25318408606716336 }, "geometry": { "type": "Polygon", "coordinates": [ [ [ -87.978425, 43.241503099999946 ], [ -87.981634, 43.2413501 ], [ -87.982424, 43.2434441 ], [ -87.968938, 43.2433561 ], [ -87.973079, 43.242957100000076 ], [ -87.97466, 43.2390311 ], [ -87.978135, 43.2390461 ], [ -87.978425, 43.241503099999946 ] ] ] } },
{ "type": "Feature", "properties": { "state_po": "WI", "county_geoid": "55089", "pwsid": "WI2460132", "pws_name": "MEQUON COLONY ESTATES", "population_served_count": 75, "model_method": "Random Forest", "verification_status": "", "symbology_field": "Modeled", "intersection_area_sq_km": 0.23292257011451187 }, "geometry": { "type": "MultiPolygon", "coordinates": [ [ [ [ -87.934047, 43.248267099999985 ], [ -87.929221, 43.2496961 ], [ -87.927325, 43.246839100000038 ], [ -87.934007, 43.246944100000036 ], [ -87.934047, 43.248267099999985 ] ] ], [ [ [ -87.947074, 43.250721099999957 ], [ -87.943993, 43.250736099999976 ], [ -87.943967, 43.2476161 ], [ -87.945986, 43.247570100000011 ], [ -87.947074, 43.250721099999957 ] ] ] ] } },
{ "type": "Feature", "properties": { "state_po": "WI", "county_geoid": "55089", "pwsid": "WI2460124", "pws_name": "RAVINE FARMS HM OWNERS ASSOC", "population_served_count": 100, "model_method": "Random Forest", "verification_status": "", "symbology_field": "Modeled", "intersection_area_sq_km": 0.00086348193344006226 }, "geometry": { "type": "Polygon", "coordinates": [ [ [ -87.919420428606401, 43.192108624737685 ], [ -87.914112, 43.192092100000025 ], [ -87.914105053700922, 43.192071695254114 ], [ -87.919420428606401, 43.192108624737685 ] ] ] } },
{ "type": "Feature", "properties": { "state_po": "WI", "county_geoid": "55089", "pwsid": "WI2460120", "pws_name": "HIGHLAND COLONY ESTATES CONDO", "population_served_count": 88, "model_method": "Random Forest", "verification_status": "", "symbology_field": "Modeled", "intersection_area_sq_km": 0.057241147050282964 }, "geometry": { "type": "Polygon", "coordinates": [ [ [ -87.936931, 43.253978099999983 ], [ -87.936131, 43.255428099999953 ], [ -87.93408, 43.2554121 ], [ -87.934053, 43.252879099999959 ], [ -87.936931, 43.253978099999983 ] ] ] } },
{ "type": "Feature", "properties": { "state_po": "WI", "county_geoid": "55009", "pwsid": "WI4050466", "pws_name": "GREENLEAF WATERWORKS", "population_served_count": 650, "model_method": "Random Forest", "verification_status": "", "symbology_field": "Modeled", "intersection_area_sq_km": 1.8928967421701075 }, "geometry": { "type": "MultiPolygon", "coordinates": [ [ [ [ -88.1006752, 44.2888392 ], [ -88.1029652, 44.292707200000045 ], [ -88.107244200000011, 44.291700200000029 ], [ -88.1108242, 44.293896199999978 ], [ -88.1107702, 44.29906220000003 ], [ -88.0989872, 44.2990422 ], [ -88.1009032, 44.291817199999947 ], [ -88.0980212, 44.291807199999937 ], [ -88.1006752, 44.2888392 ] ] ], [ [ [ -88.0960302, 44.3119072 ], [ -88.1041572, 44.311119200000022 ], [ -88.1069622, 44.313466199999986 ], [ -88.1006792, 44.313453200000012 ], [ -88.1004832, 44.320741200000015 ], [ -88.0831111, 44.3202092 ], [ -88.0855721, 44.3135082 ], [ -88.096001199999989, 44.313474199999973 ], [ -88.0960302, 44.3119072 ] ] ] ] } },
{ "type": "Feature", "properties": { "state_po": "WI", "county_geoid": "55009", "pwsid": "WI4050726", "pws_name": "HOLLAND TN SANITARY DIST", "population_served_count": 495, "model_method": "Random Forest", "verification_status": "", "symbology_field": "Modeled", "intersection_area_sq_km": 1.5048752561944823 }, "geometry": { "type": "Polygon", "coordinates": [ [ [ -88.1922442, 44.2483642 ], [ -88.1799842, 44.249203199999954 ], [ -88.1799342, 44.251515199999986 ], [ -88.1719392, 44.2518332 ], [ -88.1724952, 44.2416162 ], [ -88.192610707943714, 44.24195513368997 ], [ -88.1922442, 44.2483642 ] ] ] } },
{ "type": "Feature", "properties": { "state_po": "WI", "county_geoid": "55009", "pwsid": "WI4050351", "pws_name": "DENMARK WATERWORKS", "population_served_count": 2446, "model_method": "Random Forest", "verification_status": "", "symbology_field": "Modeled", "intersection_area_sq_km": 4.0272430967735495 }, "geometry": { "type": "MultiPolygon", "coordinates": [ [ [ [ -87.8324931, 44.3566873 ], [ -87.8146611, 44.3566893 ], [ -87.8146461, 44.353906299999956 ], [ -87.8186031, 44.3539203 ], [ -87.8185791, 44.3493643 ], [ -87.8140801, 44.3493223 ], [ -87.8140641, 44.3523013 ], [ -87.8100641, 44.352897299999952 ], [ -87.8110351, 44.345612299999949 ], [ -87.8227871, 44.3448093 ], [ -87.8199801, 44.340606300000012 ], [ -87.8267241, 44.343066299999975 ], [ -87.8267211, 44.3420383 ], [ -87.8414661, 44.342074199999978 ], [ -87.8423531, 44.346511199999945 ], [ -87.8449421, 44.346578199999982 ], [ -87.8483091, 44.3528533 ], [ -87.8387851, 44.352931299999966 ], [ -87.8388011, 44.354741299999972 ], [ -87.8367541, 44.354753299999985 ], [ -87.8367531, 44.3566413 ], [ -87.8425361, 44.356542300000037 ], [ -87.8435421, 44.3583743 ], [ -87.8414501, 44.3602063 ], [ -87.8367591, 44.360280299999957 ], [ -87.8367711, 44.366019299999955 ], [ -87.8324931, 44.3566873 ] ] ], [ [ [ -87.8267781, 44.360992299999978 ], [ -87.8226421, 44.360488300000021 ], [ -87.8232161, 44.3591103 ], [ -87.8257481, 44.358998299999968 ], [ -87.8256551, 44.357225299999982 ], [ -87.8267781, 44.360992299999978 ] ] ] ] } },
{ "type": "Feature", "properties": { "state_po": "WI", "county_geoid": "55009", "pwsid": "WI4451651", "pws_name": "RUEDEN RIDGE SUBDIVISION", "population_served_count": 100, "model_method": "Random Forest", "verification_status": "", "symbology_field": "Modeled", "intersection_area_sq_km": 0.020916893975141713 }, "geometry": { "type": "Polygon", "coordinates": [ [ [ -88.191570436087048, 44.270914918424744 ], [ -88.1921962, 44.249183200000061 ], [ -88.19235105981825, 44.24918554700114 ], [ -88.191570436087048, 44.270914918424744 ] ] ] } },
{ "type": "Feature", "properties": { "state_po": "WI", "county_geoid": "55009", "pwsid": "WI4052077", "pws_name": "HOBART WATERWORKS  S A 3", "population_served_count": 658, "model_method": "Random Forest", "verification_status": "", "symbology_field": "Modeled", "intersection_area_sq_km": 7.6901365288160788 }, "geometry": { "type": "MultiPolygon", "coordinates": [ [ [ [ -88.1500222, 44.4659982 ], [ -88.1438172, 44.46630930000002 ], [ -88.148443200000017, 44.458857200000033 ], [ -88.1703482, 44.458680199999975 ], [ -88.1702602, 44.473161199999957 ], [ -88.1500622, 44.4732413 ], [ -88.1500222, 44.4659982 ] ] ], [ [ [ -88.1500622, 44.4732413 ], [ -88.1499502, 44.487672299999964 ], [ -88.1521532, 44.487681299999956 ], [ -88.1517242, 44.4902153 ], [ -88.156460200000012, 44.4892873 ], [ -88.1570582, 44.48769430000003 ], [ -88.1701602, 44.4876473 ], [ -88.1701282, 44.491591299999989 ], [ -88.1499472, 44.49163429999998 ], [ -88.148758199999989, 44.499516300000032 ], [ -88.1297032, 44.493601300000073 ], [ -88.1297202, 44.4886383 ], [ -88.1180082, 44.488660299999985 ], [ -88.1295012, 44.484066300000016 ], [ -88.1297362, 44.477682300000019 ], [ -88.1345712, 44.476109300000019 ], [ -88.134664199999989, 44.473971300000052 ], [ -88.1500622, 44.4732413 ] ] ] ] } },
{ "type": "Feature", "properties": { "state_po": "WI", "county_geoid": "55009", "pwsid": "WI4051769", "pws_name": "HOBART WATERWORKS  S A 2", "population_served_count": 450, "model_method": "Random Forest", "verification_status": "", "symbology_field": "Modeled", "intersection_area_sq_km": 7.5369980449736467 }, "geometry": { "type": "Polygon", "coordinates": [ [ [ -88.190448889282607, 44.538412318126078 ], [ -88.1557532, 44.538403299999985 ], [ -88.1549292, 44.5310583 ], [ -88.1639412, 44.5289213 ], [ -88.1631662, 44.522857300000013 ], [ -88.1701362, 44.518860299999972 ], [ -88.1701002, 44.511692300000028 ], [ -88.1778282, 44.509390300000021 ], [ -88.1787742, 44.5054223 ], [ -88.1823092, 44.504897299999968 ], [ -88.1818112, 44.502179299999973 ], [ -88.1847222, 44.499078300000043 ], [ -88.1903202, 44.500454300000015 ], [ -88.190448889282607, 44.538412318126078 ] ] ] } },
{ "type": "Feature", "properties": { "state_po": "WI", "county_geoid": "55009", "pwsid": "WI4050071", "pws_name": "SCOTT WATER UTILITY DIST", "population_served_count": 1875, "model_method": "Random Forest", "verification_status": "", "symbology_field": "Modeled", "intersection_area_sq_km": 5.3836238465662092 }, "geometry": { "type": "MultiPolygon", "coordinates": [ [ [ [ -87.8812511, 44.534749300000037 ], [ -87.8766811, 44.534739299999977 ], [ -87.876646100000016, 44.53111329999998 ], [ -87.9047071, 44.531529300000038 ], [ -87.9020231, 44.535138299999986 ], [ -87.9068751, 44.535170300000026 ], [ -87.9069311, 44.538722299999947 ], [ -87.9006651, 44.5386573 ], [ -87.8910811, 44.553652299999975 ], [ -87.8810971, 44.552897299999977 ], [ -87.8799301, 44.5407973 ], [ -87.8812511, 44.534749300000037 ] ] ], [ [ [ -87.8960001, 44.567481300000061 ], [ -87.8867591, 44.567441299999942 ], [ -87.8732591, 44.58205330000002 ], [ -87.8706551, 44.5817733 ], [ -87.8787421, 44.5696383 ], [ -87.8855041, 44.563315300000035 ], [ -87.8890821, 44.554746299999984 ], [ -87.8961381, 44.55486830000001 ], [ -87.8960001, 44.567481300000061 ] ] ] ] } },
{ "type": "Feature", "properties": { "state_po": "WI", "county_geoid": "55083", "pwsid": "WI1280109", "pws_name": "LAKEWOOD VILLAGE", "population_served_count": 160, "model_method": "Decision Tree", "verification_status": "", "symbology_field": "Modeled", "intersection_area_sq_km": 0.31581532356058906 }, "geometry": { "type": "Polygon", "coordinates": [ [ [ -88.5161284, 45.297751399999989 ], [ -88.5255704, 45.300287399999981 ], [ -88.5259254, 45.303281399999989 ], [ -88.5203524, 45.3038454 ], [ -88.519982399999989, 45.301328400000038 ], [ -88.5151244, 45.3003444 ], [ -88.5161284, 45.297751399999989 ] ] ] } },
{ "type": "Feature", "properties": { "state_po": "WI", "county_geoid": "55083", "pwsid": "WI4430498", "pws_name": "SURING WATERWORKS", "population_served_count": 559, "model_method": "Decision Tree", "verification_status": "", "symbology_field": "Modeled", "intersection_area_sq_km": 1.6415571426470124 }, "geometry": { "type": "Polygon", "coordinates": [ [ [ -88.3656913, 44.99176030000001 ], [ -88.3765773, 44.9918003 ], [ -88.3766143, 44.995411299999979 ], [ -88.3795213, 44.995422299999987 ], [ -88.3807103, 44.998033299999989 ], [ -88.3852543, 45.000279299999988 ], [ -88.3815313, 45.0003843 ], [ -88.371969299999989, 45.006215300000015 ], [ -88.3655383, 45.0062683 ], [ -88.3656913, 44.99176030000001 ] ] ] } },
{ "type": "Feature", "properties": { "state_po": "WI", "county_geoid": "55083", "pwsid": "WI4430499", "pws_name": "EVERGREEN PARK", "population_served_count": 100, "model_method": "Random Forest", "verification_status": "", "symbology_field": "Modeled", "intersection_area_sq_km": 0.07781834731485493 }, "geometry": { "type": "MultiPolygon", "coordinates": [ [ [ [ -88.4764354, 45.183278300000026 ], [ -88.4744804, 45.184599299999952 ], [ -88.4741104, 45.183704300000016 ], [ -88.4764354, 45.183278300000026 ] ] ], [ [ [ -88.4793944, 45.188224299999987 ], [ -88.4760044, 45.1882323 ], [ -88.4731064, 45.1850253 ], [ -88.4793944, 45.188224299999987 ] ] ] ] } },
{ "type": "Feature", "properties": { "state_po": "WI", "county_geoid": "55083", "pwsid": "WI7340118", "pws_name": "WHITE LAKE WATERWORKS", "population_served_count": 351, "model_method": "Random Forest", "verification_status": "", "symbology_field": "Modeled", "intersection_area_sq_km": 0.53547714478665465 }, "geometry": { "type": "Polygon", "coordinates": [ [ [ -88.6395544, 45.159031299999938 ], [ -88.6272964, 45.160623299999948 ], [ -88.6244474, 45.1535953 ], [ -88.6283864, 45.15369929999995 ], [ -88.6296684, 45.15540029999994 ], [ -88.6359424, 45.157263299999975 ], [ -88.6392574, 45.155731300000028 ], [ -88.6380124, 45.151779300000015 ], [ -88.6397224, 45.152879299999945 ], [ -88.6395544, 45.159031299999938 ] ] ] } },
{ "type": "Feature", "properties": { "state_po": "WI", "county_geoid": "55083", "pwsid": "WI4430490", "pws_name": "GILLETT WATERWORKS", "population_served_count": 1264, "model_method": "Random Forest", "verification_status": "", "symbology_field": "Modeled", "intersection_area_sq_km": 3.4831840445544993 }, "geometry": { "type": "MultiPolygon", "coordinates": [ [ [ [ -88.3180613, 44.882056299999974 ], [ -88.3177953, 44.8899193 ], [ -88.3200693, 44.889930299999975 ], [ -88.3199953, 44.892297300000052 ], [ -88.3177263, 44.891936299999983 ], [ -88.3228563, 44.893587299999972 ], [ -88.3226303, 44.896862299999938 ], [ -88.2869543, 44.896453299999976 ], [ -88.2879043, 44.892795299999968 ], [ -88.2922143, 44.893023300000017 ], [ -88.292518300000012, 44.885799300000038 ], [ -88.297628300000014, 44.8858403 ], [ -88.2977743, 44.8822433 ], [ -88.3180613, 44.882056299999974 ] ] ], [ [ [ -88.3048253, 44.897007299999956 ], [ -88.3072803, 44.8991943 ], [ -88.3072393, 44.899977300000039 ], [ -88.3048253, 44.897007299999956 ] ] ] ] } },
{ "type": "Feature", "properties": { "state_po": "WI", "county_geoid": "55083", "pwsid": "WI4430506", "pws_name": "ALLEN ESTATES LLC", "population_served_count": 75, "model_method": "Random Forest", "verification_status": "", "symbology_field": "Modeled", "intersection_area_sq_km": 0.026322654600520974 }, "geometry": { "type": "Polygon", "coordinates": [ [ [ -88.2015272, 44.67987329999994 ], [ -88.2023182, 44.68330729999996 ], [ -88.2014802, 44.6834603 ], [ -88.2015272, 44.67987329999994 ] ] ] } },
{ "type": "Feature", "properties": { "state_po": "WI", "county_geoid": "55083", "pwsid": "WI4430496", "pws_name": "OCONTO FALLS WATERWORKS", "population_served_count": 2892, "model_method": "Random Forest", "verification_status": "", "symbology_field": "Modeled", "intersection_area_sq_km": 6.274320753171712 }, "geometry": { "type": "Polygon", "coordinates": [ [ [ -88.1316942, 44.8578523 ], [ -88.1354282, 44.858041299999954 ], [ -88.1415832, 44.861703300000016 ], [ -88.1467682, 44.861039300000066 ], [ -88.1466152, 44.865657299999953 ], [ -88.1490602, 44.8665853 ], [ -88.1490142, 44.868218299999945 ], [ -88.1567242, 44.86844229999997 ], [ -88.1566752, 44.87142030000004 ], [ -88.1618252, 44.868146300000014 ], [ -88.1615322, 44.883160300000029 ], [ -88.1527632, 44.8828933 ], [ -88.1574372, 44.88667029999997 ], [ -88.1461122, 44.886329299999964 ], [ -88.1459602, 44.890425300000039 ], [ -88.1422252, 44.89037129999997 ], [ -88.1460882, 44.886264300000065 ], [ -88.1322912, 44.886150300000054 ], [ -88.1358442, 44.883884299999963 ], [ -88.1258542, 44.882504299999987 ], [ -88.1259372, 44.878733299999958 ], [ -88.1310432, 44.878768300000011 ], [ -88.131160200000011, 44.875295299999976 ], [ -88.1260852, 44.874212299999968 ], [ -88.1262542, 44.868973299999986 ], [ -88.1306382, 44.868032300000046 ], [ -88.1263062, 44.865112300000014 ], [ -88.1314522, 44.864340299999988 ], [ -88.1316942, 44.8578523 ] ] ] } },
{ "type": "Feature", "properties": { "state_po": "WI", "county_geoid": "55083", "pwsid": "WI4430148", "pws_name": "HABECK MOBILE HOME PARK", "population_served_count": 35, "model_method": "Random Forest", "verification_status": "", "symbology_field": "Modeled", "intersection_area_sq_km": 0.26491520519971007 }, "geometry": { "type": "MultiPolygon", "coordinates": [ [ [ [ -88.0575772, 44.778817300000014 ], [ -88.0603032, 44.780000299999962 ], [ -88.0563072, 44.782329300000015 ], [ -88.0586602, 44.779881300000014 ], [ -88.0575772, 44.778817300000014 ] ] ], [ [ [ -88.0511442, 44.778047299999983 ], [ -88.0497972, 44.7795013 ], [ -88.0472042, 44.791514299999974 ], [ -88.0460502, 44.7877963 ], [ -88.049565199999989, 44.7770083 ], [ -88.0511442, 44.778047299999983 ] ] ] ] } },
{ "type": "Feature", "properties": { "state_po": "WI", "county_geoid": "55083", "pwsid": "WI4430493", "pws_name": "LENA WATERWORKS", "population_served_count": 585, "model_method": "Random Forest", "verification_status": "", "symbology_field": "Modeled", "intersection_area_sq_km": 2.5340527274431617 }, "geometry": { "type": "Polygon", "coordinates": [ [ [ -88.0491972, 44.943034299999944 ], [ -88.0491742, 44.9474773 ], [ -88.0622502, 44.947704300000034 ], [ -88.0618982, 44.9584673 ], [ -88.0357382, 44.958130299999958 ], [ -88.0365132, 44.950871300000024 ], [ -88.038225200000014, 44.950880300000023 ], [ -88.0418882, 44.943954300000023 ], [ -88.0418512, 44.947391300000014 ], [ -88.0462582, 44.947419299999979 ], [ -88.0470452, 44.943008300000052 ], [ -88.0491972, 44.943034299999944 ] ] ] } },
{ "type": "Feature", "properties": { "state_po": "WI", "county_geoid": "55071", "pwsid": "WI4360640", "pws_name": "CHIARA CONVENT", "population_served_count": 40, "model_method": "Random Forest", "verification_status": "", "symbology_field": "Modeled", "intersection_area_sq_km": 0.084959215642537084 }, "geometry": { "type": "Polygon", "coordinates": [ [ [ -87.7955308, 44.001145300000047 ], [ -87.791432, 44.003324800000044 ], [ -87.7915748, 43.999235400000011 ], [ -87.7955308, 44.001145300000047 ] ] ] } },
{ "type": "Feature", "properties": { "state_po": "WI", "county_geoid": "55071", "pwsid": "WI4360447", "pws_name": "HOLY FAMILY CONVENT", "population_served_count": 195, "model_method": "Random Forest", "verification_status": "", "symbology_field": "Modeled", "intersection_area_sq_km": 0.33921552686708811 }, "geometry": { "type": "Polygon", "coordinates": [ [ [ -87.745713, 44.067482200000036 ], [ -87.741851, 44.0691162 ], [ -87.746928, 44.069844199999942 ], [ -87.742069, 44.069911199999979 ], [ -87.741092, 44.0723482 ], [ -87.736452, 44.071985200000029 ], [ -87.732967, 44.0734232 ], [ -87.741184, 44.066314200000051 ], [ -87.745713, 44.067482200000036 ] ] ] } },
{ "type": "Feature", "properties": { "state_po": "WI", "county_geoid": "55071", "pwsid": "WI4360441", "pws_name": "KELLNERSVILLE WATERWORKS", "population_served_count": 301, "model_method": "Random Forest", "verification_status": "", "symbology_field": "Modeled", "intersection_area_sq_km": 1.0508200623510728 }, "geometry": { "type": "MultiPolygon", "coordinates": [ [ [ [ -87.7940695, 44.2237108 ], [ -87.7927795, 44.2243848 ], [ -87.7927505, 44.223666800000011 ], [ -87.7940695, 44.2237108 ] ] ], [ [ [ -87.8098996, 44.22171 ], [ -87.8103734, 44.227095 ], [ -87.8049004, 44.2272439 ], [ -87.8049014, 44.229075899999955 ], [ -87.8023874, 44.229139900000021 ], [ -87.8023953, 44.232782900000039 ], [ -87.7975583, 44.232769799999978 ], [ -87.7975164, 44.229185799999939 ], [ -87.7951444, 44.229167800000042 ], [ -87.7951094, 44.227363800000042 ], [ -87.7900734, 44.22729570000002 ], [ -87.790041500000015, 44.225497699999984 ], [ -87.799862499999989, 44.225597899999975 ], [ -87.7997727, 44.2183179 ], [ -87.8022987, 44.218286899999981 ], [ -87.8023386, 44.221891900000017 ], [ -87.8098996, 44.22171 ] ] ] ] } },
{ "type": "Feature", "properties": { "state_po": "WI", "county_geoid": "55071", "pwsid": "WI4360439", "pws_name": "WHITELAW WATERWORKS", "population_served_count": 757, "model_method": "Random Forest", "verification_status": "", "symbology_field": "Modeled", "intersection_area_sq_km": 1.293455806471931 }, "geometry": { "type": "Polygon", "coordinates": [ [ [ -87.816605, 44.142124199999962 ], [ -87.8417951, 44.142326200000056 ], [ -87.8418581, 44.14412020000001 ], [ -87.8342021, 44.145013199999944 ], [ -87.8342111, 44.149185199999977 ], [ -87.816615, 44.149371200000026 ], [ -87.816605, 44.142124199999962 ] ] ] } },
{ "type": "Feature", "properties": { "state_po": "WI", "county_geoid": "55071", "pwsid": "WI4360437", "pws_name": "VALDERS WATERWORKS", "population_served_count": 954, "model_method": "Random Forest", "verification_status": "", "symbology_field": "Modeled", "intersection_area_sq_km": 2.1085636305931454 }, "geometry": { "type": "Polygon", "coordinates": [ [ [ -87.8820541, 44.057763200000032 ], [ -87.8829331, 44.058892199999946 ], [ -87.8970631, 44.058871199999984 ], [ -87.8970761, 44.06338720000003 ], [ -87.8945361, 44.06338720000003 ], [ -87.8966251, 44.067654199999964 ], [ -87.8952491, 44.069196199999929 ], [ -87.8861981, 44.0701032 ], [ -87.8859191, 44.0733842 ], [ -87.8765801, 44.0733402 ], [ -87.8768061, 44.0647992 ], [ -87.8719971, 44.064612199999964 ], [ -87.8719771, 44.062343199999987 ], [ -87.8813041, 44.062065200000021 ], [ -87.8820541, 44.057763200000032 ] ] ] } },
{ "type": "Feature", "properties": { "state_po": "WI", "county_geoid": "55071", "pwsid": "WI4360426", "pws_name": "CLEVELAND WATERWORKS", "population_served_count": 1524, "model_method": "Random Forest", "verification_status": "", "symbology_field": "Modeled", "intersection_area_sq_km": 5.4110492271626303 }, "geometry": { "type": "MultiPolygon", "coordinates": [ [ [ [ -87.73177, 43.8921882 ], [ -87.733288, 43.892209199999947 ], [ -87.731183, 43.898064200000036 ], [ -87.731354, 43.907045199999949 ], [ -87.726972, 43.907111200000024 ], [ -87.726547458828776, 43.910392359718138 ], [ -87.727176, 43.902836 ], [ -87.73177, 43.8921882 ] ] ], [ [ [ -87.72648516298419, 43.910585323818943 ], [ -87.727041, 43.912903200000045 ], [ -87.73134, 43.9128312 ], [ -87.731345, 43.910635200000016 ], [ -87.733838, 43.910601199999981 ], [ -87.733856, 43.912810200000024 ], [ -87.735961, 43.91278819999998 ], [ -87.73638, 43.9105662 ], [ -87.746494, 43.910451199999954 ], [ -87.746461, 43.906823199999963 ], [ -87.756452, 43.908110200000053 ], [ -87.756433, 43.906767199999976 ], [ -87.76648, 43.906709199999966 ], [ -87.766603, 43.915737199999988 ], [ -87.7616, 43.9157852 ], [ -87.764475, 43.921405200000017 ], [ -87.762175, 43.9243172 ], [ -87.761616, 43.917036199999956 ], [ -87.759101, 43.9172622 ], [ -87.760556, 43.919804200000016 ], [ -87.757206, 43.918886200000017 ], [ -87.754399, 43.921127200000022 ], [ -87.753396, 43.925487199999985 ], [ -87.748893, 43.9268942 ], [ -87.747684, 43.926017200000011 ], [ -87.750844, 43.921303199999983 ], [ -87.745305, 43.9213512 ], [ -87.745264, 43.917713200000016 ], [ -87.741431, 43.917756199999985 ], [ -87.741405, 43.914144199999988 ], [ -87.731329, 43.9142232 ], [ -87.729922, 43.9205962 ], [ -87.731454, 43.921480199999984 ], [ -87.729411, 43.921500199999976 ], [ -87.731446, 43.922640199999982 ], [ -87.724446, 43.921551200000017 ], [ -87.720633302107416, 43.931629355491538 ], [ -87.72648516298419, 43.910585323818943 ] ] ], [ [ [ -87.771676, 43.963129200000019 ], [ -87.76187, 43.964654200000055 ], [ -87.761908, 43.95018119999996 ], [ -87.771774, 43.95013920000001 ], [ -87.771676, 43.963129200000019 ] ] ] ] } },
{ "type": "Feature", "properties": { "state_po": "WI", "county_geoid": "55071", "pwsid": "WI4360433", "pws_name": "ST NAZIANZ WATERWORKS", "population_served_count": 705, "model_method": "Random Forest", "verification_status": "", "symbology_field": "Modeled", "intersection_area_sq_km": 3.1975878959814392 }, "geometry": { "type": "MultiPolygon", "coordinates": [ [ [ [ -87.8815291, 43.989894200000023 ], [ -87.877742, 43.993523200000048 ], [ -87.871882, 43.993578200000044 ], [ -87.869043, 43.9885492 ], [ -87.87208, 43.983003199999978 ], [ -87.872034, 43.978960200000031 ], [ -87.877046, 43.978940199999982 ], [ -87.8815291, 43.989894200000023 ] ] ], [ [ [ -87.9325541, 44.002823200000037 ], [ -87.9312751, 44.008055200000022 ], [ -87.9327341, 44.015284199999982 ], [ -87.9224041, 44.015268200000015 ], [ -87.9223921, 44.0123112 ], [ -87.917070099999989, 44.01174419999996 ], [ -87.9156651, 44.008069199999966 ], [ -87.9120161, 44.008092200000021 ], [ -87.9120311, 44.00442420000001 ], [ -87.9209751, 44.004395200000047 ], [ -87.9223981, 44.00281720000001 ], [ -87.9215931, 43.9964842 ], [ -87.9291051, 43.996406200000038 ], [ -87.9291211, 44.002623199999967 ], [ -87.9325541, 44.002823200000037 ] ] ] ] } },
{ "type": "Feature", "properties": { "state_po": "WI", "county_geoid": "55071", "pwsid": "WI4360431", "pws_name": "REEDSVILLE WATERWORKS", "population_served_count": 1200, "model_method": "Random Forest", "verification_status": "", "symbology_field": "Modeled", "intersection_area_sq_km": 1.7273167334475656 }, "geometry": { "type": "Polygon", "coordinates": [ [ [ -87.9482321, 44.145644199999985 ], [ -87.9568331, 44.145749200000019 ], [ -87.9569951, 44.151626199999988 ], [ -87.9600361, 44.151627200000028 ], [ -87.9598981, 44.153412199999977 ], [ -87.9639781, 44.153406199999978 ], [ -87.9642761, 44.1576922 ], [ -87.9597361, 44.1567112 ], [ -87.959742100000014, 44.160610199999958 ], [ -87.9437721, 44.160540200000014 ], [ -87.9438391, 44.153691200000026 ], [ -87.9523601, 44.1531462 ], [ -87.9505121, 44.150385199999981 ], [ -87.9517161, 44.149370200000021 ], [ -87.9459691, 44.1485312 ], [ -87.9482321, 44.145644199999985 ] ] ] } },
{ "type": "Feature", "properties": { "state_po": "WI", "county_geoid": "55071", "pwsid": "WI4360429", "pws_name": "MARIBEL WATERWORKS", "population_served_count": 355, "model_method": "Random Forest", "verification_status": "", "symbology_field": "Modeled", "intersection_area_sq_km": 1.6764791944483164 }, "geometry": { "type": "Polygon", "coordinates": [ [ [ -87.8169781, 44.272840199999969 ], [ -87.8170241, 44.280066200000014 ], [ -87.8120721, 44.2799622 ], [ -87.8121101, 44.287226199999964 ], [ -87.8020401, 44.287183199999973 ], [ -87.8020791, 44.2798912 ], [ -87.7970321, 44.279923199999956 ], [ -87.7970901, 44.27635020000001 ], [ -87.8071591, 44.2762992 ], [ -87.8070361, 44.269130199999957 ], [ -87.8095041, 44.269158199999971 ], [ -87.8095891, 44.2727242 ], [ -87.8169781, 44.272840199999969 ] ] ] } },
{ "type": "Feature", "properties": { "state_po": "WI", "county_geoid": "55071", "pwsid": "WI4360434", "pws_name": "QUIET COUNTRY COMMUNITY ASSN", "population_served_count": 90, "model_method": "Random Forest", "verification_status": "", "symbology_field": "Modeled", "intersection_area_sq_km": 0.031207476934478878 }, "geometry": { "type": "Polygon", "coordinates": [ [ [ -87.579803, 44.183600200000015 ], [ -87.580047, 44.186141199999987 ], [ -87.579436, 44.18622519999996 ], [ -87.577727, 44.183593200000033 ], [ -87.579803, 44.183600200000015 ] ] ] } },
{ "type": "Feature", "properties": { "state_po": "WI", "county_geoid": "55071", "pwsid": "WI4360430", "pws_name": "MISHICOT WATERWORKS", "population_served_count": 1432, "model_method": "Random Forest", "verification_status": "", "symbology_field": "Modeled", "intersection_area_sq_km": 4.0561144320041871 }, "geometry": { "type": "Polygon", "coordinates": [ [ [ -87.626574, 44.208178200000013 ], [ -87.625952, 44.21721620000001 ], [ -87.628724, 44.2187862 ], [ -87.630186, 44.211517199999975 ], [ -87.630295, 44.222377200000025 ], [ -87.634121, 44.2259662 ], [ -87.645445, 44.225947199999965 ], [ -87.645323, 44.239653199999971 ], [ -87.651306, 44.2419742 ], [ -87.653507, 44.2404692 ], [ -87.654725, 44.245976199999951 ], [ -87.650353, 44.244041199999977 ], [ -87.644655, 44.244990199999961 ], [ -87.641954, 44.2440802 ], [ -87.64192, 44.24225520000001 ], [ -87.626096, 44.240515200000011 ], [ -87.627989, 44.236893200000011 ], [ -87.63016, 44.236874199999988 ], [ -87.624572, 44.2315772 ], [ -87.625196, 44.228071200000016 ], [ -87.623406, 44.225761199999951 ], [ -87.625196, 44.224987199999987 ], [ -87.621604, 44.220737200000016 ], [ -87.621925, 44.219080199999972 ], [ -87.625394, 44.218815200000016 ], [ -87.625006, 44.2163542 ], [ -87.618793, 44.210371200000012 ], [ -87.626574, 44.208178200000013 ] ] ] } },
{ "type": "Feature", "properties": { "state_po": "WI", "county_geoid": "55065", "pwsid": "IL0850050", "pws_name": "APPLE RIVER", "population_served_count": 347, "model_method": "Random Forest", "verification_status": "", "symbology_field": "Modeled", "intersection_area_sq_km": 0.0080970389648035695 }, "geometry": { "type": "Polygon", "coordinates": [ [ [ -90.1013295, 42.507949799999977 ], [ -90.0932035, 42.508302800000017 ], [ -90.088116195616053, 42.508189199566935 ], [ -90.095004, 42.507885 ], [ -90.1013295, 42.507949799999977 ] ] ] } },
{ "type": "Feature", "properties": { "state_po": "WI", "county_geoid": "55065", "pwsid": "WI1330077", "pws_name": "SOUTH WAYNE WATERWORKS", "population_served_count": 478, "model_method": "Random Forest", "verification_status": "", "symbology_field": "Modeled", "intersection_area_sq_km": 1.3817548016857564 }, "geometry": { "type": "Polygon", "coordinates": [ [ [ -89.8824905, 42.561885800000013 ], [ -89.8837915, 42.569204799999966 ], [ -89.8628425, 42.5718058 ], [ -89.8627415, 42.564344799999986 ], [ -89.872551500000014, 42.564396799999948 ], [ -89.8725225, 42.5618828 ], [ -89.8824905, 42.561885800000013 ] ] ] } },
{ "type": "Feature", "properties": { "state_po": "WI", "county_geoid": "55065", "pwsid": "WI1330078", "pws_name": "WIOTA SANITARY DISTRICT", "population_served_count": 98, "model_method": "Random Forest", "verification_status": "", "symbology_field": "Modeled", "intersection_area_sq_km": 0.14528967575998267 }, "geometry": { "type": "MultiPolygon", "coordinates": [ [ [ [ -89.9850285, 42.609846800000014 ], [ -89.9796415, 42.6100388 ], [ -89.973994499999989, 42.6100698 ], [ -89.9779905, 42.608752799999984 ], [ -89.9850285, 42.609846800000014 ] ] ], [ [ [ -89.9520975, 42.6377698 ], [ -89.9549205, 42.6361488 ], [ -89.9580775, 42.638998800000053 ], [ -89.9520975, 42.6377698 ] ] ] ] } },
{ "type": "Feature", "properties": { "state_po": "WI", "county_geoid": "55065", "pwsid": "WI1220092", "pws_name": "CUBA CITY WATERWORKS", "population_served_count": 2141, "model_method": "Random Forest", "verification_status": "", "symbology_field": "Modeled", "intersection_area_sq_km": 0.10407522033968025 }, "geometry": { "type": "MultiPolygon", "coordinates": [ [ [ [ -90.4258086, 42.5967598 ], [ -90.425262600000011, 42.5948018 ], [ -90.425823600000015, 42.594810799999969 ], [ -90.4258086, 42.5967598 ] ] ], [ [ [ -90.4248776, 42.609793800000041 ], [ -90.4238106, 42.6093008 ], [ -90.4238646, 42.604419800000024 ], [ -90.425831355211145, 42.604430281440131 ], [ -90.4248776, 42.609793800000041 ] ] ], [ [ [ -90.4257876, 42.6115948 ], [ -90.4258014448003, 42.610706732900162 ], [ -90.425803517640603, 42.612532215077003 ], [ -90.4257876, 42.6115948 ] ] ] ] } },
{ "type": "Feature", "properties": { "state_po": "WI", "county_geoid": "55065", "pwsid": "WI1330070", "pws_name": "BENTON WATERWORKS", "population_served_count": 976, "model_method": "Random Forest", "verification_status": "", "symbology_field": "Modeled", "intersection_area_sq_km": 1.8185234562565542 }, "geometry": { "type": "MultiPolygon", "coordinates": [ [ [ [ -90.3913796, 42.5688278 ], [ -90.3905076, 42.570463800000013 ], [ -90.3900896, 42.569011800000034 ], [ -90.3913796, 42.5688278 ] ] ], [ [ [ -90.3915886, 42.5702918 ], [ -90.3947196, 42.572469799999972 ], [ -90.3874146, 42.5737778 ], [ -90.3896396, 42.579780799999959 ], [ -90.3821166, 42.5797748 ], [ -90.3821806, 42.5725178 ], [ -90.3814446, 42.57376979999998 ], [ -90.3810876, 42.5725118 ], [ -90.3723726, 42.5725648 ], [ -90.3709796, 42.5657658 ], [ -90.3755636, 42.5653088 ], [ -90.3724196, 42.562413799999945 ], [ -90.3787796, 42.561626800000028 ], [ -90.3792576, 42.563478800000013 ], [ -90.3823146, 42.563438799999979 ], [ -90.3823176, 42.565245799999943 ], [ -90.3857776, 42.565200800000049 ], [ -90.3876476, 42.566649800000029 ], [ -90.3906296, 42.5724598 ], [ -90.3915886, 42.5702918 ] ] ] ] } },
{ "type": "Feature", "properties": { "state_po": "WI", "county_geoid": "55065", "pwsid": "WI1330069", "pws_name": "BELMONT WATERWORKS", "population_served_count": 991, "model_method": "Random Forest", "verification_status": "", "symbology_field": "Modeled", "intersection_area_sq_km": 2.1579351215030544 }, "geometry": { "type": "Polygon", "coordinates": [ [ [ -90.3391576, 42.733373799999974 ], [ -90.3447636, 42.733733800000017 ], [ -90.3448446, 42.736837800000018 ], [ -90.3404136, 42.736801799999981 ], [ -90.3404696, 42.740950799999979 ], [ -90.3434996, 42.7418238 ], [ -90.3422906, 42.743940800000011 ], [ -90.3454376, 42.746065800000039 ], [ -90.343118600000011, 42.74794980000005 ], [ -90.3380746, 42.7448018 ], [ -90.3418546, 42.743336800000073 ], [ -90.3373856, 42.744150800000014 ], [ -90.3341376, 42.741401799999977 ], [ -90.3255186, 42.7471548 ], [ -90.325612600000014, 42.736530800000025 ], [ -90.322713600000014, 42.733898799999956 ], [ -90.3302446, 42.733778799999982 ], [ -90.3280606, 42.7319498 ], [ -90.3329846, 42.731953800000028 ], [ -90.33320160000001, 42.726492799999988 ], [ -90.3378516, 42.726452799999969 ], [ -90.3391576, 42.733373799999974 ] ] ] } },
{ "type": "Feature", "properties": { "state_po": "WI", "county_geoid": "55065", "pwsid": "WI1330073", "pws_name": "DARLINGTON WATERWORKS", "population_served_count": 2235, "model_method": "Random Forest", "verification_status": "", "symbology_field": "Modeled", "intersection_area_sq_km": 3.9785439262007429 }, "geometry": { "type": "Polygon", "coordinates": [ [ [ -90.1271596, 42.657153799999968 ], [ -90.1271846, 42.660771800000013 ], [ -90.1325766, 42.660740799999985 ], [ -90.1294076, 42.6613408 ], [ -90.1300376, 42.665357799999981 ], [ -90.1272076, 42.665289799999989 ], [ -90.1271766, 42.6680018 ], [ -90.1344966, 42.666435800000016 ], [ -90.1334516, 42.668897800000032 ], [ -90.1355616, 42.670571799999962 ], [ -90.1297666, 42.66972879999998 ], [ -90.1285306, 42.671293800000022 ], [ -90.1265526, 42.670702800000043 ], [ -90.1252586, 42.671550800000013 ], [ -90.1272806, 42.6716798 ], [ -90.1276736, 42.682890799999974 ], [ -90.1209546, 42.682876799999967 ], [ -90.1188046, 42.690024799999968 ], [ -90.1152486, 42.6900388 ], [ -90.1151766, 42.692842800000022 ], [ -90.1127086, 42.6937418 ], [ -90.1085356, 42.693762799999973 ], [ -90.1103126, 42.690046800000012 ], [ -90.1080706, 42.689999799999981 ], [ -90.1081146, 42.687353799999983 ], [ -90.1059926, 42.687400800000013 ], [ -90.1076196, 42.685409800000016 ], [ -90.1058436, 42.6841398 ], [ -90.1073776, 42.684141799999985 ], [ -90.1076246, 42.6795238 ], [ -90.1106866, 42.68011580000001 ], [ -90.1123866, 42.6758528 ], [ -90.1051396, 42.679363799999955 ], [ -90.1051596, 42.6754478 ], [ -90.1075246, 42.675482800000019 ], [ -90.1075086, 42.676647800000033 ], [ -90.1097686, 42.6740938 ], [ -90.1123876, 42.673738800000031 ], [ -90.1123686, 42.6717328 ], [ -90.1175586, 42.6717798 ], [ -90.1173436, 42.669435799999967 ], [ -90.1124436, 42.669230799999987 ], [ -90.1124836, 42.668028799999973 ], [ -90.1223376, 42.668026799999986 ], [ -90.1223066, 42.660770799999959 ], [ -90.1258626, 42.660773800000015 ], [ -90.1257276, 42.657155800000027 ], [ -90.1271596, 42.657153799999968 ] ] ] } },
{ "type": "Feature", "properties": { "state_po": "WI", "county_geoid": "55065", "pwsid": "WI1330076", "pws_name": "SHULLSBURG WATERWORKS", "population_served_count": 1222, "model_method": "Random Forest", "verification_status": "", "symbology_field": "Modeled", "intersection_area_sq_km": 3.6649037451990925 }, "geometry": { "type": "MultiPolygon", "coordinates": [ [ [ [ -90.240945599999989, 42.568926800000021 ], [ -90.2503306, 42.5682298 ], [ -90.2496936, 42.571718799999978 ], [ -90.2432966, 42.572021799999959 ], [ -90.2415036, 42.577052799999983 ], [ -90.2391376, 42.57702980000002 ], [ -90.2408886, 42.580662799999971 ], [ -90.2271166, 42.580724799999942 ], [ -90.2312276, 42.579897799999983 ], [ -90.2310666, 42.5779618 ], [ -90.2267456, 42.577912799999972 ], [ -90.2211926, 42.573575799999951 ], [ -90.2212426, 42.569753800000036 ], [ -90.2301656, 42.5691218 ], [ -90.2310886, 42.566093799999955 ], [ -90.2409526, 42.566088800000053 ], [ -90.240945599999989, 42.568926800000021 ] ] ], [ [ [ -90.2893236, 42.653385799999967 ], [ -90.2892746, 42.6389368 ], [ -90.2999106, 42.639023799999975 ], [ -90.3000366, 42.65350980000003 ], [ -90.2893236, 42.653385799999967 ] ] ] ] } },
{ "type": "Feature", "properties": { "state_po": "WI", "county_geoid": "55065", "pwsid": "WI1330068", "pws_name": "ARGYLE WATERWORKS", "population_served_count": 823, "model_method": "Random Forest", "verification_status": "", "symbology_field": "Modeled", "intersection_area_sq_km": 1.6460110284681277 }, "geometry": { "type": "Polygon", "coordinates": [ [ [ -89.8571553, 42.6954808 ], [ -89.8678593, 42.6954508 ], [ -89.8675653, 42.6972218 ], [ -89.874395299999989, 42.697214799999969 ], [ -89.8745113, 42.701742800000027 ], [ -89.8695683, 42.701547799999986 ], [ -89.8696973, 42.7062238 ], [ -89.8679333, 42.7076708 ], [ -89.8647663, 42.707582799999976 ], [ -89.8647623, 42.7057408 ], [ -89.8599563, 42.705741800000013 ], [ -89.8599333, 42.7072858 ], [ -89.8582063, 42.707287800000017 ], [ -89.8573563, 42.702672799999974 ], [ -89.8523263, 42.702696800000048 ], [ -89.852359299999989, 42.7045088 ], [ -89.8499003, 42.704527799999987 ], [ -89.8517273, 42.701039799999968 ], [ -89.8571553, 42.698386800000037 ], [ -89.8571553, 42.6954808 ] ] ] } },
{ "type": "Feature", "properties": { "state_po": "WI", "county_geoid": "55065", "pwsid": "WI1330071", "pws_name": "BLANCHARDVILLE WATERWORKS", "population_served_count": 810, "model_method": "Random Forest", "verification_status": "", "symbology_field": "Modeled", "intersection_area_sq_km": 0.96994067091554614 }, "geometry": { "type": "Polygon", "coordinates": [ [ [ -89.8578365, 42.812933899999955 ], [ -89.85860550000001, 42.81068189999997 ], [ -89.8531055, 42.807542900000023 ], [ -89.8545665, 42.8055539 ], [ -89.8530265, 42.803998899999975 ], [ -89.8546115, 42.80443290000003 ], [ -89.8571005, 42.8019899 ], [ -89.8629525, 42.802920899999982 ], [ -89.8629545, 42.806414900000021 ], [ -89.8678365, 42.806410900000024 ], [ -89.8687715, 42.809530900000013 ], [ -89.8656225, 42.810326900000028 ], [ -89.864010948720534, 42.813520765211273 ], [ -89.8578365, 42.812933899999955 ] ] ] } },
{ "type": "Feature", "properties": { "state_po": "WI", "county_geoid": "55065", "pwsid": "WI1330074", "pws_name": "GRATIOT WATERWORKS", "population_served_count": 224, "model_method": "Random Forest", "verification_status": "", "symbology_field": "Modeled", "intersection_area_sq_km": 0.73724829749565901 }, "geometry": { "type": "Polygon", "coordinates": [ [ [ -90.0180445, 42.571844799999987 ], [ -90.0260525, 42.574579800000016 ], [ -90.0241395, 42.5816138 ], [ -90.0214295, 42.5833898 ], [ -90.0205455, 42.581520800000028 ], [ -90.0155515, 42.5813328 ], [ -90.0156445, 42.5739428 ], [ -90.0180515, 42.574026800000048 ], [ -90.0180445, 42.571844799999987 ] ] ] } },
{ "type": "Feature", "properties": { "state_po": "WI", "county_geoid": "55125", "pwsid": "WI7640083", "pws_name": "BALTIC RENTALS LLC", "population_served_count": 75, "model_method": "OSM", "verification_status": "", "symbology_field": "Modeled", "intersection_area_sq_km": 0.045748708799920934 }, "geometry": { "type": "Polygon", "coordinates": [ [ [ -89.2183313, 45.892665299999976 ], [ -89.2191952, 45.891097899999934 ], [ -89.2216671, 45.891012 ], [ -89.2221121, 45.892661499999953 ], [ -89.2183313, 45.892665299999976 ] ] ] } },
{ "type": "Feature", "properties": { "state_po": "WI", "county_geoid": "55125", "pwsid": "WI7440116", "pws_name": "LAKELAND SANITARY DIST 1", "population_served_count": 2381, "model_method": "Decision Tree", "verification_status": "", "symbology_field": "Modeled", "intersection_area_sq_km": 0.46014296550450973 }, "geometry": { "type": "MultiPolygon", "coordinates": [ [ [ [ -89.7061588, 45.898642399999964 ], [ -89.705815562125309, 45.898633231677017 ], [ -89.706339441520697, 45.898633427949861 ], [ -89.7061588, 45.898642399999964 ] ] ], [ [ [ -89.691021076242833, 45.898633183650837 ], [ -89.6909258, 45.898661400000016 ], [ -89.690932012278282, 45.898633444799714 ], [ -89.691021076242833, 45.898633183650837 ] ] ], [ [ [ -89.704346736385602, 45.898629867557588 ], [ -89.7058548, 45.900975400000036 ], [ -89.7009288, 45.9050474 ], [ -89.6956168, 45.905067400000036 ], [ -89.693491553219772, 45.898625916561777 ], [ -89.704346736385602, 45.898629867557588 ] ] ] ] } },
{ "type": "Feature", "properties": { "state_po": "WI", "county_geoid": "55125", "pwsid": "WI7441240", "pws_name": "HIAWATHA MH EST OLD OFFICE", "population_served_count": 84, "model_method": "Random Forest", "verification_status": "", "symbology_field": "Modeled", "intersection_area_sq_km": 0.11454244568265565 }, "geometry": { "type": "Polygon", "coordinates": [ [ [ -89.682660014215685, 45.898657444886318 ], [ -89.6909258, 45.898661400000016 ], [ -89.6877408, 45.901806399999977 ], [ -89.682660014215685, 45.898657444886318 ] ] ] } },
{ "type": "Feature", "properties": { "state_po": "WI", "county_geoid": "55125", "pwsid": "WI7640118", "pws_name": "EVERGREEN ESTATES", "population_served_count": 71, "model_method": "Random Forest", "verification_status": "", "symbology_field": "Modeled", "intersection_area_sq_km": 0.045141265450950492 }, "geometry": { "type": "Polygon", "coordinates": [ [ [ -89.7388648, 45.903409399999973 ], [ -89.7370128, 45.9034994 ], [ -89.7383098, 45.905856399999976 ], [ -89.7362628, 45.9058544 ], [ -89.7362298, 45.902729400000013 ], [ -89.7388648, 45.903409399999973 ] ] ] } },
{ "type": "Feature", "properties": { "state_po": "WI", "county_geoid": "55125", "pwsid": "WI7641357", "pws_name": "HIDDEN ACRES MOBILE PK 1", "population_served_count": 32, "model_method": "Random Forest", "verification_status": "", "symbology_field": "Modeled", "intersection_area_sq_km": 0.65983281655948478 }, "geometry": { "type": "Polygon", "coordinates": [ [ [ -89.663965800000014, 45.89865540000001 ], [ -89.6803768, 45.898672399999974 ], [ -89.6683598, 45.9059074 ], [ -89.6635728, 45.905879399999968 ], [ -89.663965800000014, 45.89865540000001 ] ] ] } },
{ "type": "Feature", "properties": { "state_po": "WI", "county_geoid": "55125", "pwsid": "WI7440118", "pws_name": "HIAWATHA MH ESTATES CLBHSE", "population_served_count": 124, "model_method": "Random Forest", "verification_status": "", "symbology_field": "Modeled", "intersection_area_sq_km": 0.11865292798352065 }, "geometry": { "type": "MultiPolygon", "coordinates": [ [ [ [ -89.6393278, 46.111300400000026 ], [ -89.6379968, 46.1102934 ], [ -89.6401688, 46.109296399999984 ], [ -89.6399918, 46.109791399999949 ], [ -89.6393278, 46.111300400000026 ] ] ], [ [ [ -89.647675800000016, 46.112921399999983 ], [ -89.645997799999989, 46.115742399999959 ], [ -89.6430668, 46.1158754 ], [ -89.6442048, 46.1129554 ], [ -89.647675800000016, 46.112921399999983 ] ] ] ] } },
{ "type": "Feature", "properties": { "state_po": "WI", "county_geoid": "55125", "pwsid": "WI7640112", "pws_name": "LAND O LAKES SANITARY DIST", "population_served_count": 450, "model_method": "Random Forest", "verification_status": "", "symbology_field": "Modeled", "intersection_area_sq_km": 0.34755273656765456 }, "geometry": { "type": "MultiPolygon", "coordinates": [ [ [ [ -89.2422137, 46.158625399999941 ], [ -89.2335147, 46.158519399999975 ], [ -89.2331517, 46.157791399999965 ], [ -89.2421917, 46.15642039999998 ], [ -89.2422137, 46.158625399999941 ] ] ], [ [ [ -89.2316197, 46.158246399999982 ], [ -89.226466699999989, 46.159932400000017 ], [ -89.2265337, 46.158332400000013 ], [ -89.2316147, 46.156421400000028 ], [ -89.2316197, 46.158246399999982 ] ] ], [ [ [ -89.2169197, 46.1620504 ], [ -89.2179577, 46.159763399999981 ], [ -89.2229077, 46.159648400000016 ], [ -89.2235077, 46.160925400000053 ], [ -89.2199987, 46.161966400000026 ], [ -89.220919985407235, 46.16350065960323 ], [ -89.2169197, 46.1620504 ] ] ], [ [ [ -89.2121557, 46.16126239999997 ], [ -89.2148627, 46.160714399999947 ], [ -89.2149507, 46.161737399999964 ], [ -89.2121557, 46.16126239999997 ] ] ] ] } },
{ "type": "Feature", "properties": { "state_po": "WI", "county_geoid": "55125", "pwsid": "WI7640113", "pws_name": "EAGLE RIVER WATERWORKS", "population_served_count": 1530, "model_method": "Random Forest", "verification_status": "", "symbology_field": "Modeled", "intersection_area_sq_km": 10.765898547890645 }, "geometry": { "type": "MultiPolygon", "coordinates": [ [ [ [ -89.2268467, 45.912170399999987 ], [ -89.2263367, 45.912048399999975 ], [ -89.2264807, 45.911379399999966 ], [ -89.2268467, 45.912170399999987 ] ] ], [ [ [ -89.2280687, 45.912218399999979 ], [ -89.2404867, 45.913784400000026 ], [ -89.240588699999989, 45.912652400000027 ], [ -89.2483697, 45.9119744 ], [ -89.2504397, 45.913092399999982 ], [ -89.2501117, 45.90927540000002 ], [ -89.2584137, 45.9101874 ], [ -89.2588237, 45.912953399999978 ], [ -89.2592977, 45.909674399999957 ], [ -89.2644057, 45.9095364 ], [ -89.2680857, 45.9067484 ], [ -89.270213700000014, 45.907592400000013 ], [ -89.2720437, 45.9058844 ], [ -89.2790287, 45.907345399999969 ], [ -89.2790697, 45.906211400000011 ], [ -89.2877867, 45.904499399999985 ], [ -89.2896227, 45.9060834 ], [ -89.2903927, 45.908598400000024 ], [ -89.2872477, 45.912504399999982 ], [ -89.2814297, 45.9137104 ], [ -89.2840147, 45.915719399999979 ], [ -89.2827717, 45.917099400000019 ], [ -89.2764957, 45.916212399999964 ], [ -89.2698667, 45.917669400000015 ], [ -89.2668317, 45.916194399999981 ], [ -89.2598967, 45.917916399999946 ], [ -89.2599667, 45.920434400000019 ], [ -89.2653157, 45.920315399999957 ], [ -89.2653937, 45.923825400000013 ], [ -89.2762247, 45.923856399999977 ], [ -89.2762147, 45.920304400000013 ], [ -89.2816057, 45.920270400000035 ], [ -89.2817647, 45.924026400000017 ], [ -89.2759097, 45.929944399999968 ], [ -89.2759437, 45.9310614 ], [ -89.2795097, 45.931077399999985 ], [ -89.2745087, 45.937393399999984 ], [ -89.2710127, 45.9389044 ], [ -89.2649327, 45.938202400000016 ], [ -89.2606277, 45.941380399999986 ], [ -89.2586927, 45.940077400000042 ], [ -89.252883700000012, 45.952626400000042 ], [ -89.2503547, 45.952511399999963 ], [ -89.2479137, 45.94558839999997 ], [ -89.2518427, 45.942711399999951 ], [ -89.2535147, 45.938776399999988 ], [ -89.2450117, 45.9386814 ], [ -89.2460687, 45.934976399999975 ], [ -89.2441627, 45.934796399999961 ], [ -89.2460417, 45.934795399999928 ], [ -89.2461827, 45.931039399999982 ], [ -89.2442617, 45.9310444 ], [ -89.2439627, 45.9274134 ], [ -89.2370917, 45.9257694 ], [ -89.2334027, 45.9197504 ], [ -89.2281147, 45.9197284 ], [ -89.2280687, 45.912218399999979 ] ] ] ] } },
{ "type": "Feature", "properties": { "state_po": "WI", "county_geoid": "55125", "pwsid": "WI7640114", "pws_name": "PHELPS SANITARY DISTRICT", "population_served_count": 550, "model_method": "Random Forest", "verification_status": "", "symbology_field": "Modeled", "intersection_area_sq_km": 0.10779293266024273 }, "geometry": { "type": "MultiPolygon", "coordinates": [ [ [ [ -89.1091507, 46.051581399999968 ], [ -89.1103877, 46.05307739999995 ], [ -89.1095827, 46.0538344 ], [ -89.1091507, 46.051581399999968 ] ] ], [ [ [ -89.0928747, 46.0593524 ], [ -89.0904547, 46.060268400000055 ], [ -89.0905597, 46.059174399999989 ], [ -89.0928747, 46.0593524 ] ] ], [ [ [ -89.0880397, 46.06540339999993 ], [ -89.0858237, 46.068078400000019 ], [ -89.083871699999989, 46.064207399999987 ], [ -89.0866007, 46.0643304 ], [ -89.0880397, 46.06540339999993 ] ] ] ] } },
{ "type": "Feature", "properties": { "state_po": "WI", "county_geoid": "55125", "pwsid": "WI7641621", "pws_name": "LOWENSTINE FUND CORPORATION", "population_served_count": 120, "model_method": "Random Forest", "verification_status": "", "symbology_field": "Modeled", "intersection_area_sq_km": 0.030219017849354088 }, "geometry": { "type": "Polygon", "coordinates": [ [ [ -89.3085617, 46.0474824 ], [ -89.3068727, 46.048461400000022 ], [ -89.3050617, 46.049501400000025 ], [ -89.3050557, 46.047496400000021 ], [ -89.3085617, 46.0474824 ] ] ] } },
{ "type": "Feature", "properties": { "state_po": "WI", "county_geoid": "55125", "pwsid": "MI0006920", "pws_name": "WATERSMEET TOWNSHIP", "population_served_count": 575, "model_method": "Random Forest", "verification_status": "", "symbology_field": "Modeled", "intersection_area_sq_km": 0.0047699605709207241 }, "geometry": { "type": "MultiPolygon", "coordinates": [ [ [ [ -89.4369258, 46.204927399999967 ], [ -89.4441038, 46.20631239999998 ], [ -89.4441038, 46.206363570813174 ], [ -89.4369258, 46.204927399999967 ] ] ], [ [ [ -89.446636850628991, 46.206851622059993 ], [ -89.4498838, 46.2074304 ], [ -89.449878644943396, 46.207476151143219 ], [ -89.446636850628991, 46.206851622059993 ] ] ] ] } },
{ "type": "Feature", "properties": { "state_po": "WI", "county_geoid": "55109", "pwsid": "WI6480249", "pws_name": "SPRING VALLEY WATERWORKS", "population_served_count": 1409, "model_method": "Random Forest", "verification_status": "", "symbology_field": "Modeled", "intersection_area_sq_km": 0.0014153500316621392 }, "geometry": { "type": "Polygon", "coordinates": [ [ [ -92.2477984, 44.857935 ], [ -92.2364864, 44.857708 ], [ -92.2344644, 44.857864 ], [ -92.233182911621469, 44.857848847858577 ], [ -92.236479, 44.8577 ], [ -92.2477984, 44.857935 ] ] ] } },
{ "type": "Feature", "properties": { "state_po": "WI", "county_geoid": "55109", "pwsid": "WI6560122", "pws_name": "HOULTON MHP LLC", "population_served_count": 170, "model_method": "OSM", "verification_status": "", "symbology_field": "Modeled", "intersection_area_sq_km": 1.0078571032209342 }, "geometry": { "type": "Polygon", "coordinates": [ [ [ -92.7917446, 45.060698 ], [ -92.7899976, 45.071049 ], [ -92.7755886, 45.071914 ], [ -92.7815746, 45.068011 ], [ -92.780841600000016, 45.06069 ], [ -92.7917446, 45.060698 ] ] ] } },
{ "type": "Feature", "properties": { "state_po": "WI", "county_geoid": "55109", "pwsid": "WI6560134", "pws_name": "ROBERTS WATERWORKS", "population_served_count": 1872, "model_method": "Decision Tree", "verification_status": "", "symbology_field": "Modeled", "intersection_area_sq_km": 2.6153152465633052 }, "geometry": { "type": "Polygon", "coordinates": [ [ [ -92.5581395, 44.975547 ], [ -92.5583245, 44.984771 ], [ -92.5677676, 44.986868 ], [ -92.5581805, 44.986015 ], [ -92.5580466, 44.992606 ], [ -92.545832499999989, 44.992663 ], [ -92.5432925, 44.999949 ], [ -92.5426475, 44.998024 ], [ -92.5375615, 44.998082 ], [ -92.5388355, 44.991697 ], [ -92.5374145, 44.991692 ], [ -92.5374115, 44.982575 ], [ -92.5512625, 44.983162 ], [ -92.5512745, 44.978276 ], [ -92.549637500000017, 44.979561 ], [ -92.5496385, 44.978123 ], [ -92.5528665, 44.978113 ], [ -92.5543665, 44.975543 ], [ -92.5581395, 44.975547 ] ] ] } },
{ "type": "Feature", "properties": { "state_po": "WI", "county_geoid": "55109", "pwsid": "WI6560138", "pws_name": "WOODVILLE WATERWORKS", "population_served_count": 1386, "model_method": "Random Forest", "verification_status": "", "symbology_field": "Modeled", "intersection_area_sq_km": 3.1192127365260833 }, "geometry": { "type": "Polygon", "coordinates": [ [ [ -92.2884245, 44.945001100000049 ], [ -92.2983335, 44.946258100000023 ], [ -92.2986625, 44.9608831 ], [ -92.2885925, 44.9605281 ], [ -92.2904005, 44.9570441 ], [ -92.278040499999989, 44.9574151 ], [ -92.2728275, 44.956271099999974 ], [ -92.2728295, 44.9489421 ], [ -92.2779495, 44.9491421 ], [ -92.278255500000014, 44.93828509999998 ], [ -92.2815785, 44.938426099999987 ], [ -92.2822465, 44.942031099999973 ], [ -92.2851395, 44.942115099999953 ], [ -92.2851455, 44.9405131 ], [ -92.2875055, 44.94140610000003 ], [ -92.2884245, 44.945001100000049 ] ] ] } },
{ "type": "Feature", "properties": { "state_po": "WI", "county_geoid": "55109", "pwsid": "WI6560140", "pws_name": "HILLTOP ESTATES MHP", "population_served_count": 64, "model_method": "OSM", "verification_status": "", "symbology_field": "Modeled", "intersection_area_sq_km": 0.0011805736166785547 }, "geometry": { "type": "MultiPolygon", "coordinates": [ [ [ [ -92.6941416, 44.862508 ], [ -92.693464043860558, 44.862509549715782 ], [ -92.694993599999989, 44.862265 ], [ -92.6941416, 44.862508 ] ] ], [ [ [ -92.6901256, 44.862564 ], [ -92.686871669161903, 44.862603340323517 ], [ -92.691412759945607, 44.862538768375934 ], [ -92.6901256, 44.862564 ] ] ] ] } },
{ "type": "Feature", "properties": { "state_po": "WI", "county_geoid": "55109", "pwsid": "WI6560143", "pws_name": "ROLLING HILLS MHP LLC ", "population_served_count": 90, "model_method": "Random Forest", "verification_status": "", "symbology_field": "Modeled", "intersection_area_sq_km": 1.4796616725623037 }, "geometry": { "type": "Polygon", "coordinates": [ [ [ -92.6292266, 44.888527 ], [ -92.6293446, 44.900751 ], [ -92.6191666, 44.900622 ], [ -92.6191676, 44.88376 ], [ -92.6224856, 44.881517 ], [ -92.6292266, 44.888527 ] ] ] } },
{ "type": "Feature", "properties": { "state_po": "WI", "county_geoid": "55109", "pwsid": "WI6560259", "pws_name": "WILSON WATERWORKS", "population_served_count": 170, "model_method": "Random Forest", "verification_status": "", "symbology_field": "Modeled", "intersection_area_sq_km": 0.99327258157505405 }, "geometry": { "type": "Polygon", "coordinates": [ [ [ -92.1691804, 44.950905100000043 ], [ -92.1811654, 44.952821100000037 ], [ -92.1811924, 44.959378099999981 ], [ -92.1760864, 44.959399100000034 ], [ -92.1760604, 44.955537099999965 ], [ -92.1736874, 44.953490099999961 ], [ -92.1659764, 44.956476099999961 ], [ -92.1656004, 44.959260099999931 ], [ -92.16074540000001, 44.959284100000019 ], [ -92.1606624, 44.9519561 ], [ -92.1691804, 44.950905100000043 ] ] ] } },
{ "type": "Feature", "properties": { "state_po": "WI", "county_geoid": "55109", "pwsid": "WI6560120", "pws_name": "GLENWOOD CITY WATERWORKS", "population_served_count": 1102, "model_method": "Random Forest", "verification_status": "", "symbology_field": "Modeled", "intersection_area_sq_km": 4.3805004009992725 }, "geometry": { "type": "Polygon", "coordinates": [ [ [ -92.1568724, 45.05386010000003 ], [ -92.1568694, 45.046455099999989 ], [ -92.1740734, 45.046513099999977 ], [ -92.1771944, 45.051456099999974 ], [ -92.1770754, 45.061628100000014 ], [ -92.1812675, 45.063110099999982 ], [ -92.1872955, 45.062917099999986 ], [ -92.1829145, 45.0648251 ], [ -92.1870675, 45.0684981 ], [ -92.1568214, 45.068316099999983 ], [ -92.1588784, 45.06091409999997 ], [ -92.1569134, 45.061099099999964 ], [ -92.1569044, 45.057454100000051 ], [ -92.1517954, 45.057407099999978 ], [ -92.1514054, 45.055139099999934 ], [ -92.1514144, 45.053891099999987 ], [ -92.152637399999989, 45.055148100000032 ], [ -92.1526394, 45.053800100000061 ], [ -92.1568724, 45.05386010000003 ] ] ] } },
{ "type": "Feature", "properties": { "state_po": "WI", "county_geoid": "55109", "pwsid": "WI6560121", "pws_name": "HAMMOND WATERWORKS", "population_served_count": 1884, "model_method": "Decision Tree", "verification_status": "", "symbology_field": "Modeled", "intersection_area_sq_km": 2.6621939514629727 }, "geometry": { "type": "Polygon", "coordinates": [ [ [ -92.4360925, 44.970888 ], [ -92.4461485, 44.974876 ], [ -92.4461315, 44.9781111 ], [ -92.4479675, 44.979388099999966 ], [ -92.4512085, 44.978167 ], [ -92.4512885, 44.985321099999979 ], [ -92.4462235, 44.985243099999977 ], [ -92.4461945, 44.981674 ], [ -92.4372625, 44.982556100000018 ], [ -92.4360445, 44.981490100000016 ], [ -92.425954499999989, 44.981505099999957 ], [ -92.4259165, 44.9742791 ], [ -92.4208275, 44.974277100000045 ], [ -92.4208245, 44.9711771 ], [ -92.4259685, 44.972677099999956 ], [ -92.4259125, 44.963565 ], [ -92.4310085, 44.963571 ], [ -92.4310055, 44.967093 ], [ -92.4360755, 44.967117 ], [ -92.4360925, 44.970888 ] ] ] } },
{ "type": "Feature", "properties": { "state_po": "WI", "county_geoid": "55109", "pwsid": "WI6560128", "pws_name": "HUNTINGTON MOBILE HOME PARK", "population_served_count": 52, "model_method": "Random Forest", "verification_status": "", "symbology_field": "Modeled", "intersection_area_sq_km": 0.65167414906485088 }, "geometry": { "type": "MultiPolygon", "coordinates": [ [ [ [ -92.5616896, 45.198728100000011 ], [ -92.5619006, 45.1997151 ], [ -92.5604356, 45.198803099999971 ], [ -92.5616896, 45.198728100000011 ] ] ], [ [ [ -92.5522756, 45.205274100000025 ], [ -92.5500806, 45.202807099999987 ], [ -92.554323599999989, 45.2017301 ], [ -92.5567246, 45.193534099999972 ], [ -92.5578176, 45.196144099999984 ], [ -92.5555346, 45.1988061 ], [ -92.560796481299818, 45.210415398518911 ], [ -92.552297634306854, 45.210172244025188 ], [ -92.5522756, 45.205274100000025 ] ] ] ] } },
{ "type": "Feature", "properties": { "state_po": "WI", "county_geoid": "55109", "pwsid": "WI6560136", "pws_name": "COUNTRY VIEW HOLDINGS LLC", "population_served_count": 75, "model_method": "Random Forest", "verification_status": "", "symbology_field": "Modeled", "intersection_area_sq_km": 0.044744541485260934 }, "geometry": { "type": "Polygon", "coordinates": [ [ [ -92.677297200000012, 45.15186 ], [ -92.6742024, 45.151659299999963 ], [ -92.6743449, 45.15013410000001 ], [ -92.6770243, 45.1496158 ], [ -92.677297200000012, 45.15186 ] ] ] } },
{ "type": "Feature", "properties": { "state_po": "WI", "county_geoid": "55109", "pwsid": "WI6560141", "pws_name": "STAR PRAIRIE WATERWORKS", "population_served_count": 553, "model_method": "Random Forest", "verification_status": "", "symbology_field": "Modeled", "intersection_area_sq_km": 1.9754977728527063 }, "geometry": { "type": "Polygon", "coordinates": [ [ [ -92.539670340446222, 45.209924182025908 ], [ -92.5327946, 45.204652100000018 ], [ -92.5318516, 45.199407099999988 ], [ -92.5295056, 45.198775099999963 ], [ -92.5186486, 45.2017921 ], [ -92.5185616, 45.194835100000013 ], [ -92.5239396, 45.1947781 ], [ -92.5238936, 45.19173109999997 ], [ -92.5252366, 45.194772099999966 ], [ -92.529299600000016, 45.192807099999946 ], [ -92.5294386, 45.194770099999957 ], [ -92.5315576, 45.194761099999965 ], [ -92.544594600000011, 45.190294100000031 ], [ -92.5446636, 45.2008151 ], [ -92.5393976, 45.197363099999968 ], [ -92.539670340446222, 45.209924182025908 ] ] ] } },
{ "type": "Feature", "properties": { "state_po": "WI", "county_geoid": "55109", "pwsid": "WI6560886", "pws_name": "WALL STREET VILLAGE", "population_served_count": 191, "model_method": "Random Forest", "verification_status": "", "symbology_field": "Modeled", "intersection_area_sq_km": 0.012346157301032815 }, "geometry": { "type": "Polygon", "coordinates": [ [ [ -92.550642599999989, 45.170919100000027 ], [ -92.5515886, 45.172218100000023 ], [ -92.550828600000017, 45.172184099999988 ], [ -92.550642599999989, 45.170919100000027 ] ] ] } },
{ "type": "Feature", "properties": { "state_po": "WI", "county_geoid": "55101", "pwsid": "WI2520201", "pws_name": "HARVEST VIEW MHC", "population_served_count": 400, "model_method": "Random Forest", "verification_status": "", "symbology_field": "Modeled", "intersection_area_sq_km": 3.0814552294148454 }, "geometry": { "type": "Polygon", "coordinates": [ [ [ -87.9541159, 42.725652 ], [ -87.9539069, 42.698739 ], [ -87.9542579, 42.705179 ], [ -87.9634089, 42.703254 ], [ -87.9634949, 42.713323 ], [ -87.9683729, 42.713294 ], [ -87.9683819, 42.720543 ], [ -87.9702889, 42.720527 ], [ -87.9702319, 42.725617 ], [ -87.9658839, 42.727807 ], [ -87.9665189, 42.729022 ], [ -87.954611899999989, 42.733183 ], [ -87.9561919, 42.726261 ], [ -87.9541159, 42.725652 ] ] ] } },
{ "type": "Feature", "properties": { "state_po": "WI", "county_geoid": "55101", "pwsid": "WI2520199", "pws_name": "SOUTHERN WISCONSIN CENTER", "population_served_count": 950, "model_method": "Random Forest", "verification_status": "", "symbology_field": "Modeled", "intersection_area_sq_km": 0.85757362200633214 }, "geometry": { "type": "Polygon", "coordinates": [ [ [ -87.9340219, 42.698486 ], [ -87.9244249, 42.699442 ], [ -87.9244509, 42.705702 ], [ -87.9146819, 42.705554 ], [ -87.913388900000015, 42.707269 ], [ -87.9083959, 42.707182 ], [ -87.908362900000014, 42.703991 ], [ -87.9146549, 42.702798 ], [ -87.9146269, 42.70003 ], [ -87.9194869, 42.699885 ], [ -87.9194659, 42.698341 ], [ -87.9340219, 42.698486 ] ] ] } },
{ "type": "Feature", "properties": { "state_po": "WI", "county_geoid": "55101", "pwsid": "WI2520196", "pws_name": "HICKORY HAVEN MHC ", "population_served_count": 303, "model_method": "Random Forest", "verification_status": "", "symbology_field": "Modeled", "intersection_area_sq_km": 0.75675117409876891 }, "geometry": { "type": "Polygon", "coordinates": [ [ [ -88.080852, 42.67003 ], [ -88.080985, 42.682326 ], [ -88.073279, 42.681604 ], [ -88.073247, 42.676988 ], [ -88.070978, 42.676636 ], [ -88.07474, 42.676564 ], [ -88.074675, 42.669746 ], [ -88.080852, 42.67003 ] ] ] } },
{ "type": "Feature", "properties": { "state_po": "WI", "county_geoid": "55101", "pwsid": "WI2520193", "pws_name": "RIVER SPRINGS APARTMENTS LLC", "population_served_count": 38, "model_method": "Decision Tree", "verification_status": "", "symbology_field": "Modeled", "intersection_area_sq_km": 0.21791764202307848 }, "geometry": { "type": "MultiPolygon", "coordinates": [ [ [ [ -88.306059, 42.716106 ], [ -88.305873, 42.719415 ], [ -88.303386, 42.719418 ], [ -88.30431, 42.715356 ], [ -88.306059, 42.716106 ] ] ], [ [ [ -88.307228360520924, 42.719413618710554 ], [ -88.307164, 42.719414 ], [ -88.307218624789613, 42.718809486156346 ], [ -88.307228360520924, 42.719413618710554 ] ] ], [ [ [ -88.232301, 42.737679 ], [ -88.22691, 42.73845 ], [ -88.226661, 42.73694 ], [ -88.227476, 42.735457 ], [ -88.233104, 42.735531 ], [ -88.232301, 42.737679 ] ] ] ] } },
{ "type": "Feature", "properties": { "state_po": "WI", "county_geoid": "55101", "pwsid": "WI2520175", "pws_name": "BROWNS LAKE MOBILE HOME CT", "population_served_count": 225, "model_method": "Random Forest", "verification_status": "", "symbology_field": "Modeled", "intersection_area_sq_km": 1.8452450068521875 }, "geometry": { "type": "Polygon", "coordinates": [ [ [ -88.242085, 42.675822 ], [ -88.241323, 42.678829 ], [ -88.229055, 42.68281 ], [ -88.219265, 42.683391 ], [ -88.22158, 42.675596 ], [ -88.22759, 42.671682 ], [ -88.23921, 42.670604 ], [ -88.242085, 42.675822 ] ] ] } },
{ "type": "Feature", "properties": { "state_po": "WI", "county_geoid": "55101", "pwsid": "WI2520102", "pws_name": "EAGLE LAKE MANOR", "population_served_count": 250, "model_method": "Random Forest", "verification_status": "", "symbology_field": "Modeled", "intersection_area_sq_km": 0.39670141395342662 }, "geometry": { "type": "MultiPolygon", "coordinates": [ [ [ [ -88.137502, 42.694979 ], [ -88.137579, 42.700614 ], [ -88.139967, 42.701252 ], [ -88.136951, 42.7018 ], [ -88.130093, 42.695041 ], [ -88.137502, 42.694979 ] ] ], [ [ [ -88.113169, 42.701771 ], [ -88.115344, 42.70943 ], [ -88.114132, 42.709879 ], [ -88.110822, 42.709249 ], [ -88.110808, 42.702666 ], [ -88.113169, 42.701771 ] ] ] ] } },
{ "type": "Feature", "properties": { "state_po": "WI", "county_geoid": "55101", "pwsid": "WI2300177", "pws_name": "OAKDALE ESTATES MHP", "population_served_count": 220, "model_method": "Random Forest", "verification_status": "", "symbology_field": "Modeled", "intersection_area_sq_km": 0.91463279132464215 }, "geometry": { "type": "Polygon", "coordinates": [ [ [ -87.914631899999989, 42.700529 ], [ -87.9146549, 42.702798 ], [ -87.908362900000014, 42.703991 ], [ -87.9083959, 42.707182 ], [ -87.913388900000015, 42.707269 ], [ -87.9127209, 42.712802 ], [ -87.9082419, 42.712947 ], [ -87.9082549, 42.715145 ], [ -87.9110439, 42.715361 ], [ -87.9110669, 42.719959 ], [ -87.9058019, 42.719828 ], [ -87.9057719, 42.701001 ], [ -87.914631899999989, 42.700529 ] ] ] } },
{ "type": "Feature", "properties": { "state_po": "WI", "county_geoid": "55101", "pwsid": "WI2520191", "pws_name": "WIND POINT WATER DEPT", "population_served_count": 1804, "model_method": "Random Forest", "verification_status": "", "symbology_field": "Modeled", "intersection_area_sq_km": 2.8634060893029361 }, "geometry": { "type": "Polygon", "coordinates": [ [ [ -87.764587, 42.777437 ], [ -87.773690591900632, 42.769935516030635 ], [ -87.7820109, 42.769991 ], [ -87.7816329, 42.784509 ], [ -87.7736149, 42.784505 ], [ -87.7734809, 42.790527 ], [ -87.7712259, 42.792195 ], [ -87.757913, 42.782136 ], [ -87.758429, 42.779697 ], [ -87.764587, 42.777437 ] ] ] } },
{ "type": "Feature", "properties": { "state_po": "WI", "county_geoid": "55101", "pwsid": "WI2300118", "pws_name": "EAGLE CHATEAU APTS", "population_served_count": 125, "model_method": "Random Forest", "verification_status": "", "symbology_field": "Modeled", "intersection_area_sq_km": 1.5859880608788088 }, "geometry": { "type": "Polygon", "coordinates": [ [ [ -87.8519239, 42.68964 ], [ -87.8518759, 42.690616 ], [ -87.8541859, 42.690259 ], [ -87.8541999, 42.691925 ], [ -87.8556849, 42.690243 ], [ -87.8543019, 42.697386 ], [ -87.8702759, 42.697565 ], [ -87.8702719, 42.703961 ], [ -87.8603379, 42.704702 ], [ -87.8603349, 42.702542 ], [ -87.8530179, 42.701364 ], [ -87.8542679, 42.697493 ], [ -87.8455509, 42.697211 ], [ -87.8461609, 42.690085 ], [ -87.8519239, 42.68964 ] ] ] } },
{ "type": "Feature", "properties": { "state_po": "WI", "county_geoid": "55137", "pwsid": "WI4700125", "pws_name": "ROSEMORE VILLAGE", "population_served_count": 32, "model_method": "Decision Tree", "verification_status": "", "symbology_field": "Modeled", "intersection_area_sq_km": 0.42397673977338618 }, "geometry": { "type": "Polygon", "coordinates": [ [ [ -89.2523705, 44.1765201 ], [ -89.2467675, 44.1806991 ], [ -89.247274499999989, 44.184762099999986 ], [ -89.2424405, 44.184797099999955 ], [ -89.2424355, 44.183397099999979 ], [ -89.2465505, 44.182737100000011 ], [ -89.2424495, 44.1819021 ], [ -89.2451595, 44.179057099999987 ], [ -89.2438045, 44.174947100000018 ], [ -89.2491295, 44.17582910000003 ], [ -89.2523635, 44.1738091 ], [ -89.2523705, 44.1765201 ] ] ] } },
{ "type": "Feature", "properties": { "state_po": "WI", "county_geoid": "55137", "pwsid": "WI4700265", "pws_name": "COLOMA WATERWORKS", "population_served_count": 454, "model_method": "Random Forest", "verification_status": "", "symbology_field": "Modeled", "intersection_area_sq_km": 2.013716350385844 }, "geometry": { "type": "MultiPolygon", "coordinates": [ [ [ [ -89.5648166, 43.995517100000015 ], [ -89.5525105, 43.996540099999976 ], [ -89.5525225, 43.9886341 ], [ -89.5504835, 43.9882501 ], [ -89.557282500000014, 43.9870531 ], [ -89.5587855, 43.982368099999988 ], [ -89.5626185, 43.982392099999934 ], [ -89.5627175, 43.986571100000056 ], [ -89.5651056, 43.989443099999974 ], [ -89.5648166, 43.995517100000015 ] ] ], [ [ [ -89.5195875, 44.025418100000039 ], [ -89.5221235, 44.028158100000013 ], [ -89.5221035, 44.0318751 ], [ -89.5246435, 44.033214099999988 ], [ -89.523914499999989, 44.036322099999978 ], [ -89.5157985, 44.0362931 ], [ -89.5158895, 44.032536100000023 ], [ -89.5134975, 44.0325241 ], [ -89.5121885, 44.030348099999983 ], [ -89.5148995, 44.028131100000024 ], [ -89.5117995, 44.0296821 ], [ -89.5114365, 44.029050099999957 ], [ -89.5121495, 44.025392099999948 ], [ -89.5195875, 44.025418100000039 ] ] ] ] } },
{ "type": "Feature", "properties": { "state_po": "WI", "county_geoid": "55137", "pwsid": "WI4700267", "pws_name": "HANCOCK WATERWORKS", "population_served_count": 419, "model_method": "Random Forest", "verification_status": "", "symbology_field": "Modeled", "intersection_area_sq_km": 1.1117040525679842 }, "geometry": { "type": "MultiPolygon", "coordinates": [ [ [ [ -89.4981155, 44.12722509999994 ], [ -89.4980155, 44.1287111 ], [ -89.4934635, 44.1276371 ], [ -89.4820015, 44.124279099999981 ], [ -89.4820225, 44.122696100000013 ], [ -89.4981155, 44.12722509999994 ] ] ], [ [ [ -89.5019975, 44.127857100000021 ], [ -89.5174916, 44.128552100000022 ], [ -89.5199666, 44.131897099999975 ], [ -89.5235766, 44.1324981 ], [ -89.5241946, 44.13092709999998 ], [ -89.526458600000012, 44.1312181 ], [ -89.5230216, 44.134492099999953 ], [ -89.5222496, 44.138506099999987 ], [ -89.5207576, 44.138274100000018 ], [ -89.5210796, 44.135974099999984 ], [ -89.5187706, 44.135905099999988 ], [ -89.5194436, 44.133068099999981 ], [ -89.5137696, 44.132193099999988 ], [ -89.5070386, 44.1333361 ], [ -89.5018975, 44.130979100000012 ], [ -89.5019975, 44.127857100000021 ] ] ] ] } },
{ "type": "Feature", "properties": { "state_po": "WI", "county_geoid": "55137", "pwsid": "WI4700268", "pws_name": "PLAINFIELD WATERWORKS", "population_served_count": 924, "model_method": "Decision Tree", "verification_status": "", "symbology_field": "Modeled", "intersection_area_sq_km": 1.1796433439682485 }, "geometry": { "type": "Polygon", "coordinates": [ [ [ -89.4922166, 44.2064881 ], [ -89.4937636, 44.212443100000051 ], [ -89.5022316, 44.211452100000045 ], [ -89.5021836, 44.215796099999984 ], [ -89.4922336, 44.2158081 ], [ -89.4898586, 44.21373309999997 ], [ -89.4861206, 44.213735099999958 ], [ -89.4859736, 44.216393100000033 ], [ -89.4820666, 44.216487100000037 ], [ -89.4821176, 44.2065581 ], [ -89.4922166, 44.2064881 ] ] ] } },
{ "type": "Feature", "properties": { "state_po": "WI", "county_geoid": "55137", "pwsid": "WI4700269", "pws_name": "REDGRANITE WATERWORKS", "population_served_count": 2019, "model_method": "Decision Tree", "verification_status": "", "symbology_field": "Modeled", "intersection_area_sq_km": 1.6607881141004737 }, "geometry": { "type": "Polygon", "coordinates": [ [ [ -89.088077399999989, 44.036477099999985 ], [ -89.0917354, 44.037971100000014 ], [ -89.0977504, 44.0378811 ], [ -89.0981854, 44.036630099999932 ], [ -89.0989874, 44.037808099999957 ], [ -89.1067184, 44.037396099999974 ], [ -89.1066724, 44.041054099999961 ], [ -89.1140574, 44.040997100000062 ], [ -89.1154804, 44.0454101 ], [ -89.1092344, 44.0446101 ], [ -89.1107424, 44.047156099999967 ], [ -89.1024374, 44.045827099999954 ], [ -89.1021854, 44.0492061 ], [ -89.0968594, 44.048998100000098 ], [ -89.0967684, 44.044748100000049 ], [ -89.0917834, 44.044794099999983 ], [ -89.0904874, 44.042252099999963 ], [ -89.0917624, 44.0411231 ], [ -89.088017400000012, 44.041180100000034 ], [ -89.088077399999989, 44.036477099999985 ] ] ] } },
{ "type": "Feature", "properties": { "state_po": "WI", "county_geoid": "55137", "pwsid": "WI4700282", "pws_name": "PINELAND PARK 1", "population_served_count": 60, "model_method": "Random Forest", "verification_status": "", "symbology_field": "Modeled", "intersection_area_sq_km": 0.065786680327001454 }, "geometry": { "type": "MultiPolygon", "coordinates": [ [ [ [ -89.1146134, 44.176076100000067 ], [ -89.1132584, 44.1775491 ], [ -89.1133344, 44.176029100000015 ], [ -89.1146134, 44.176076100000067 ] ] ], [ [ [ -89.2045965, 44.187316099999954 ], [ -89.1998705, 44.186948099999952 ], [ -89.1998465, 44.18567010000001 ], [ -89.2045525, 44.1857201 ], [ -89.2045965, 44.187316099999954 ] ] ] ] } },
{ "type": "Feature", "properties": { "state_po": "WI", "county_geoid": "55137", "pwsid": "WI4700718", "pws_name": "WAUTOMA WATER DEPT", "population_served_count": 2280, "model_method": "Decision Tree", "verification_status": "", "symbology_field": "Modeled", "intersection_area_sq_km": 2.4855699869727244 }, "geometry": { "type": "Polygon", "coordinates": [ [ [ -89.2875605, 44.0618431 ], [ -89.2882895, 44.072927100000015 ], [ -89.2914325, 44.072061099999949 ], [ -89.2893535, 44.070102100000014 ], [ -89.2901695, 44.0684381 ], [ -89.2937895, 44.0684241 ], [ -89.2937625, 44.065052099999981 ], [ -89.2974605, 44.065088099999983 ], [ -89.2974765, 44.0684311 ], [ -89.2938405, 44.0684241 ], [ -89.2937775, 44.071137099999959 ], [ -89.2974735, 44.0720381 ], [ -89.2981275, 44.077091100000018 ], [ -89.2934865, 44.075867099999925 ], [ -89.2926475, 44.0775591 ], [ -89.2903105, 44.0750311 ], [ -89.2845945, 44.0776701 ], [ -89.2845665, 44.075678099999955 ], [ -89.2773495, 44.075703100000013 ], [ -89.2773625, 44.073331100000047 ], [ -89.2735985, 44.071523100000036 ], [ -89.2721695, 44.077835100000044 ], [ -89.2669535, 44.079327100000057 ], [ -89.2675255, 44.070287099999952 ], [ -89.2773495, 44.068946099999984 ], [ -89.2773905, 44.061925100000011 ], [ -89.2875605, 44.0618431 ] ] ] } },
{ "type": "Feature", "properties": { "state_po": "WI", "county_geoid": "55053", "pwsid": "WI6270287", "pws_name": "BLACK RIVER CORRECTIONAL CENTER", "population_served_count": 163, "model_method": "Random Forest", "verification_status": "", "symbology_field": "Modeled", "intersection_area_sq_km": 0.0506079343600759 }, "geometry": { "type": "Polygon", "coordinates": [ [ [ -90.655794899999989, 44.356273099999989 ], [ -90.6523549, 44.358547099999974 ], [ -90.650841899999989, 44.357472099999953 ], [ -90.6538459, 44.35630410000001 ], [ -90.655794899999989, 44.356273099999989 ] ] ] } },
{ "type": "Feature", "properties": { "state_po": "WI", "county_geoid": "55053", "pwsid": "WI6270289", "pws_name": "BLUE SPRUCE MOBILE HOME COMMUNITY", "population_served_count": 80, "model_method": "Random Forest", "verification_status": "", "symbology_field": "Modeled", "intersection_area_sq_km": 8.3860637812056265 }, "geometry": { "type": "Polygon", "coordinates": [ [ [ -90.891392, 44.24169 ], [ -90.897378, 44.242101 ], [ -90.898626, 44.243963 ], [ -90.902952, 44.243642 ], [ -90.909165, 44.24606 ], [ -90.914705, 44.245745 ], [ -90.914719, 44.248183 ], [ -90.927227, 44.248134 ], [ -90.925854, 44.250754 ], [ -90.923315, 44.251239 ], [ -90.923303, 44.255378 ], [ -90.917521, 44.25549 ], [ -90.912613, 44.257764 ], [ -90.894081, 44.261352 ], [ -90.898748, 44.265181 ], [ -90.892563, 44.263358 ], [ -90.892558, 44.269299 ], [ -90.894898, 44.271266 ], [ -90.892556, 44.284381 ], [ -90.881988, 44.28203 ], [ -90.877227, 44.27695 ], [ -90.877214, 44.273946 ], [ -90.87277, 44.272832 ], [ -90.875479, 44.268598 ], [ -90.872877, 44.268146 ], [ -90.874956, 44.265405 ], [ -90.871149, 44.262449 ], [ -90.878049, 44.261216 ], [ -90.881777, 44.250795 ], [ -90.884621, 44.252571 ], [ -90.891392, 44.24169 ] ], [ [ -90.87743, 44.27004 ], [ -90.877441, 44.272571 ], [ -90.882515, 44.27261 ], [ -90.882468, 44.270044 ], [ -90.87743, 44.27004 ] ] ] } },
{ "type": "Feature", "properties": { "state_po": "WI", "county_geoid": "55053", "pwsid": "WI6270293", "pws_name": "MELROSE WATERWORKS", "population_served_count": 524, "model_method": "Random Forest", "verification_status": "", "symbology_field": "Modeled", "intersection_area_sq_km": 1.7501276966615038 }, "geometry": { "type": "Polygon", "coordinates": [ [ [ -91.003794, 44.121755 ], [ -91.003916, 44.139841 ], [ -90.990874, 44.139727 ], [ -90.995329, 44.133175 ], [ -90.992361, 44.130251 ], [ -90.988583, 44.130073 ], [ -90.988562, 44.128817 ], [ -90.993576, 44.128784 ], [ -90.99349, 44.12162 ], [ -91.003794, 44.121755 ] ] ] } },
{ "type": "Feature", "properties": { "state_po": "WI", "county_geoid": "55053", "pwsid": "WI6270294", "pws_name": "MERRILLAN WATERWORKS", "population_served_count": 531, "model_method": "Random Forest", "verification_status": "", "symbology_field": "Modeled", "intersection_area_sq_km": 1.7581099178347501 }, "geometry": { "type": "Polygon", "coordinates": [ [ [ -90.822363, 44.4333371 ], [ -90.827137, 44.433327099999978 ], [ -90.827214, 44.436408099999987 ], [ -90.829081, 44.435933100000021 ], [ -90.82976, 44.437300099999966 ], [ -90.827273, 44.437044100000016 ], [ -90.828933, 44.440317099999987 ], [ -90.83177, 44.440339099999981 ], [ -90.837453, 44.4479581 ], [ -90.839916, 44.447945099999963 ], [ -90.83982, 44.4440851 ], [ -90.847498, 44.4440801 ], [ -90.847489, 44.4512681 ], [ -90.866332, 44.448606099999957 ], [ -90.852493, 44.4530491 ], [ -90.84426, 44.453331100000014 ], [ -90.845792, 44.4588651 ], [ -90.841307, 44.4539341 ], [ -90.836031, 44.454078100000018 ], [ -90.837301, 44.451366099999973 ], [ -90.833515, 44.451355100000029 ], [ -90.831133, 44.449691100000031 ], [ -90.833091, 44.445463099999941 ], [ -90.828886, 44.444108099999966 ], [ -90.831932, 44.444102099999981 ], [ -90.831361, 44.440504100000012 ], [ -90.822177, 44.4405261 ], [ -90.822363, 44.4333371 ] ] ] } },
{ "type": "Feature", "properties": { "state_po": "WI", "county_geoid": "55053", "pwsid": "WI6270298", "pws_name": "ALMA CENTER WATERWORKS", "population_served_count": 487, "model_method": "Random Forest", "verification_status": "", "symbology_field": "Modeled", "intersection_area_sq_km": 1.5684960744274017 }, "geometry": { "type": "Polygon", "coordinates": [ [ [ -90.902631, 44.4411241 ], [ -90.902674, 44.429767100000049 ], [ -90.916461, 44.42985510000004 ], [ -90.923047, 44.432239099999983 ], [ -90.923026, 44.437118100000021 ], [ -90.902631, 44.4411241 ] ] ] } },
{ "type": "Feature", "properties": { "state_po": "WI", "county_geoid": "55053", "pwsid": "WI6180295", "pws_name": "FAIRCHILD WATERWORKS", "population_served_count": 451, "model_method": "Random Forest", "verification_status": "", "symbology_field": "Modeled", "intersection_area_sq_km": 0.018892543909671409 }, "geometry": { "type": "MultiPolygon", "coordinates": [ [ [ [ -90.955744, 44.5963571 ], [ -90.959856, 44.595552099999978 ], [ -90.959968, 44.595754099999965 ], [ -90.960036985371985, 44.596457950753383 ], [ -90.955744, 44.5963571 ] ] ], [ [ [ -90.962871937935205, 44.596470766887165 ], [ -90.966855, 44.596478100000041 ], [ -90.966875530057777, 44.596488763699163 ], [ -90.962871937935205, 44.596470766887165 ] ] ] ] } },
{ "type": "Feature", "properties": { "state_po": "WI", "county_geoid": "55053", "pwsid": "WI6270004", "pws_name": "NORTHFIELD SAN DIST 1", "population_served_count": 50, "model_method": "Random Forest", "verification_status": "", "symbology_field": "Modeled", "intersection_area_sq_km": 23.085741306611393 }, "geometry": { "type": "Polygon", "coordinates": [ [ [ -91.078434, 44.422746099999962 ], [ -91.1130341, 44.422668099999967 ], [ -91.1238351, 44.424790100000017 ], [ -91.1251361, 44.4265761 ], [ -91.1297681, 44.427608100000057 ], [ -91.129775099999989, 44.4333421 ], [ -91.1340991, 44.434125100000031 ], [ -91.1355651, 44.437158100000019 ], [ -91.1453371, 44.43732110000002 ], [ -91.1448931, 44.4457171 ], [ -91.1331191, 44.4466321 ], [ -91.1247381, 44.4488931 ], [ -91.1245421, 44.450746100000032 ], [ -91.126613100000014, 44.451489099999932 ], [ -91.1339901, 44.447020099999982 ], [ -91.1442951, 44.449817100000033 ], [ -91.1354561, 44.45974910000001 ], [ -91.1339411, 44.4651441 ], [ -91.1307661, 44.466575099999922 ], [ -91.1344401, 44.466800100000022 ], [ -91.1184981, 44.4861261 ], [ -91.1135191, 44.480256099999963 ], [ -91.1030521, 44.475064100000012 ], [ -91.097996099999989, 44.465409099999974 ], [ -91.0992401, 44.461737100000015 ], [ -91.0956251, 44.462335100000054 ], [ -91.0931151, 44.4590961 ], [ -91.0959951, 44.459241099999986 ], [ -91.0851931, 44.452642100000048 ], [ -91.078946, 44.4429161 ], [ -91.070543, 44.4360211 ], [ -91.0886971, 44.4361621 ], [ -91.0867041, 44.435121099999968 ], [ -91.0876181, 44.4338321 ], [ -91.075138, 44.4256211 ], [ -91.078434, 44.422746099999962 ] ], [ [ -91.0905931, 44.436178100000042 ], [ -91.0945621, 44.438904099999981 ], [ -91.0945601, 44.436894099999961 ], [ -91.1006061, 44.4371791 ], [ -91.0905931, 44.436178100000042 ] ], [ [ -91.1137741, 44.4466461 ], [ -91.1145871, 44.4517701 ], [ -91.1183861, 44.4506991 ], [ -91.1137741, 44.4466461 ] ] ] } },
{ "type": "Feature", "properties": { "state_po": "WI", "county_geoid": "55053", "pwsid": "WI6270292", "pws_name": "HIXTON WATERWORKS", "population_served_count": 443, "model_method": "Random Forest", "verification_status": "", "symbology_field": "Modeled", "intersection_area_sq_km": 1.5778116837582674 }, "geometry": { "type": "MultiPolygon", "coordinates": [ [ [ [ -91.010218, 44.376669100000022 ], [ -91.011267, 44.382097100000024 ], [ -91.009851, 44.382284100000028 ], [ -91.002792, 44.379038100000017 ], [ -91.004928, 44.3766101 ], [ -91.010218, 44.376669100000022 ] ] ], [ [ [ -91.026301, 44.378868099999984 ], [ -91.030727, 44.380365100000034 ], [ -91.023012, 44.3838691 ], [ -91.023029, 44.389778099999972 ], [ -91.00833, 44.389758099999966 ], [ -91.005836, 44.38847509999998 ], [ -91.009025, 44.386447099999977 ], [ -91.006575, 44.38558109999996 ], [ -90.994962, 44.390334099999976 ], [ -90.998895, 44.3872881 ], [ -90.994887, 44.383692100000012 ], [ -91.002216, 44.386715099999954 ], [ -91.009597, 44.3824071 ], [ -91.01372, 44.385377099999971 ], [ -91.022765, 44.3795561 ], [ -91.026301, 44.378868099999984 ] ] ] ] } },
{ "type": "Feature", "properties": { "state_po": "WI", "county_geoid": "55053", "pwsid": "WI6270297", "pws_name": "TAYLOR WATERWORKS", "population_served_count": 498, "model_method": "Random Forest", "verification_status": "", "symbology_field": "Modeled", "intersection_area_sq_km": 1.406415191421664 }, "geometry": { "type": "Polygon", "coordinates": [ [ [ -91.110568, 44.316426 ], [ -91.119649, 44.316455 ], [ -91.12253, 44.318553 ], [ -91.130297, 44.319129 ], [ -91.125491, 44.321983 ], [ -91.125338, 44.327364 ], [ -91.110293, 44.326725 ], [ -91.110568, 44.316426 ] ] ] } },
{ "type": "Feature", "properties": { "state_po": "WI", "county_geoid": "55053", "pwsid": "WI6270299", "pws_name": "BROCKWAY SANITARY DIST 1", "population_served_count": 2692, "model_method": "Random Forest", "verification_status": "", "symbology_field": "Modeled", "intersection_area_sq_km": 1.4122236838514746 }, "geometry": { "type": "MultiPolygon", "coordinates": [ [ [ [ -90.847283, 44.2742081 ], [ -90.852224, 44.279688099999944 ], [ -90.852159, 44.2858581 ], [ -90.84714, 44.2864751 ], [ -90.842083, 44.291247100000014 ], [ -90.842069, 44.2867311 ], [ -90.839451, 44.2864751 ], [ -90.842175, 44.282636100000055 ], [ -90.842276, 44.274214099999966 ], [ -90.847283, 44.2742081 ] ] ], [ [ [ -90.7615849, 44.349205099999949 ], [ -90.7517349, 44.34920110000003 ], [ -90.7515689, 44.3429741 ], [ -90.7574089, 44.348467099999979 ], [ -90.7608439, 44.348346099999979 ], [ -90.7609919, 44.346337100000028 ], [ -90.7655939, 44.344411099999981 ], [ -90.7615849, 44.349205099999949 ] ] ] ] } },
{ "type": "Feature", "properties": { "state_po": "WI", "county_geoid": "55015", "pwsid": "WI4080270", "pws_name": "NEW HOLSTEIN WATERWORKS", "population_served_count": 3012, "model_method": "Random Forest", "verification_status": "", "symbology_field": "Modeled", "intersection_area_sq_km": 5.3182157638892864 }, "geometry": { "type": "Polygon", "coordinates": [ [ [ -88.0965971, 43.938865199999988 ], [ -88.0934761, 43.939955200000036 ], [ -88.0933241, 43.941508200000037 ], [ -88.0984201, 43.945391200000046 ], [ -88.1025711, 43.9453782 ], [ -88.1025111, 43.9497212 ], [ -88.1075281, 43.9497552 ], [ -88.1074961, 43.9533902 ], [ -88.1125071, 43.953435200000015 ], [ -88.1124621, 43.957633200000025 ], [ -88.1090641, 43.957604199999928 ], [ -88.1117331, 43.960694199999978 ], [ -88.1039531, 43.9606132 ], [ -88.1024861, 43.95696920000001 ], [ -88.092707100000013, 43.956998199999987 ], [ -88.093994099999989, 43.96066220000003 ], [ -88.0999501, 43.960618199999949 ], [ -88.0999081, 43.9642572 ], [ -88.0956421, 43.964308200000026 ], [ -88.0929211, 43.960707200000023 ], [ -88.0874381, 43.9606552 ], [ -88.0875021, 43.957017199999953 ], [ -88.077324100000013, 43.9570962 ], [ -88.0773421, 43.9534602 ], [ -88.0722471, 43.953516199999974 ], [ -88.0722581, 43.9503182 ], [ -88.0773741, 43.9487602 ], [ -88.0773791, 43.946058199999982 ], [ -88.0729791, 43.943983200000055 ], [ -88.0730211, 43.939043200000064 ], [ -88.0875261, 43.938811199999961 ], [ -88.0875751, 43.935289199999985 ], [ -88.0926011, 43.9352662 ], [ -88.0925791, 43.938891199999986 ], [ -88.0965971, 43.938865199999988 ] ] ] } },
{ "type": "Feature", "properties": { "state_po": "WI", "county_geoid": "55015", "pwsid": "WI4080271", "pws_name": "SHERWOOD WATERWORKS", "population_served_count": 3114, "model_method": "Random Forest", "verification_status": "", "symbology_field": "Modeled", "intersection_area_sq_km": 5.4158816483717533 }, "geometry": { "type": "MultiPolygon", "coordinates": [ [ [ [ -88.2888682, 44.1848362 ], [ -88.288792199999989, 44.181215200000018 ], [ -88.2837582, 44.1810972 ], [ -88.2828632, 44.1857712 ], [ -88.2768912, 44.185812200000015 ], [ -88.2617182, 44.1749922 ], [ -88.260999200000015, 44.1762332 ], [ -88.257494200000011, 44.176064199999963 ], [ -88.2533442, 44.181066200000053 ], [ -88.2468222, 44.18038720000002 ], [ -88.2482402, 44.173384200000044 ], [ -88.2545432, 44.173513200000023 ], [ -88.2546402, 44.171210200000026 ], [ -88.2595412, 44.171343199999981 ], [ -88.2649082, 44.16266219999995 ], [ -88.2648522, 44.168195200000028 ], [ -88.2698332, 44.168258199999954 ], [ -88.2697922, 44.170070200000012 ], [ -88.2748222, 44.1701022 ], [ -88.2747192, 44.172769199999976 ], [ -88.2837322, 44.168123200000011 ], [ -88.2836922, 44.170207200000021 ], [ -88.2815412, 44.170791199999968 ], [ -88.2830642, 44.172248200000027 ], [ -88.2925362, 44.166076199999971 ], [ -88.2945732, 44.167716199999951 ], [ -88.2976212, 44.165617200000028 ], [ -88.2959062, 44.1678952 ], [ -88.3042862, 44.17779720000005 ], [ -88.3040272, 44.1817772 ], [ -88.2991562, 44.181976200000022 ], [ -88.2996172, 44.179803200000052 ], [ -88.2970762, 44.179668199999981 ], [ -88.2938482, 44.180382199999983 ], [ -88.2937942, 44.184941199999962 ], [ -88.2888682, 44.1848362 ] ] ], [ [ [ -88.2937732, 44.1859112 ], [ -88.2937942, 44.184941199999962 ], [ -88.2953402, 44.184990199999987 ], [ -88.2937732, 44.1859112 ] ] ] ] } },
{ "type": "Feature", "properties": { "state_po": "WI", "county_geoid": "55015", "pwsid": "WI4080274", "pws_name": "COUNTRY AIRE MOBILE HOME COURT LLC", "population_served_count": 98, "model_method": "Parcel", "verification_status": "", "symbology_field": "Modeled", "intersection_area_sq_km": 0.11722627919227822 }, "geometry": { "type": "Polygon", "coordinates": [ [ [ -88.1072186, 43.906161799999971 ], [ -88.1022981, 43.9062702 ], [ -88.1025175, 43.903675 ], [ -88.1072616, 43.90372909999995 ], [ -88.1072186, 43.906161799999971 ] ] ] } },
{ "type": "Feature", "properties": { "state_po": "WI", "county_geoid": "55015", "pwsid": "WI4080407", "pws_name": "STOCKBRIDGE WATERWORKS", "population_served_count": 650, "model_method": "Random Forest", "verification_status": "", "symbology_field": "Modeled", "intersection_area_sq_km": 0.39764154410729269 }, "geometry": { "type": "Polygon", "coordinates": [ [ [ -88.3010182, 44.065700199999988 ], [ -88.3021472, 44.070985199999988 ], [ -88.3001272, 44.0709962 ], [ -88.3022542, 44.07282619999998 ], [ -88.3015662, 44.078353199999981 ], [ -88.2991332, 44.0783602 ], [ -88.2991132, 44.073827200000018 ], [ -88.2951032, 44.069533199999981 ], [ -88.2978522, 44.069533199999981 ], [ -88.2978402, 44.06651220000002 ], [ -88.3010182, 44.065700199999988 ] ] ] } },
{ "type": "Feature", "properties": { "state_po": "WI", "county_geoid": "55015", "pwsid": "WI4080377", "pws_name": "FOREST JUNCTION PUB UTIL", "population_served_count": 487, "model_method": "Random Forest", "verification_status": "", "symbology_field": "Modeled", "intersection_area_sq_km": 2.528172715653052 }, "geometry": { "type": "MultiPolygon", "coordinates": [ [ [ [ -88.1542812, 44.212467199999971 ], [ -88.1545012, 44.1977202 ], [ -88.1638432, 44.1978192 ], [ -88.1636452, 44.212475200000036 ], [ -88.1542812, 44.212467199999971 ] ] ], [ [ [ -88.1542862, 44.212907199999911 ], [ -88.1525262, 44.216296200000023 ], [ -88.1448362, 44.219250199999948 ], [ -88.1441572, 44.217950199999954 ], [ -88.1413392, 44.217940199999987 ], [ -88.1413892, 44.2162912 ], [ -88.1440892, 44.2162922 ], [ -88.1442012, 44.2122782 ], [ -88.1333842, 44.211903199999973 ], [ -88.1292311, 44.208166199999951 ], [ -88.1398242, 44.206076200000027 ], [ -88.1442382, 44.203075200000043 ], [ -88.144195200000013, 44.2096272 ], [ -88.1542862, 44.212907199999911 ] ] ] ] } },
{ "type": "Feature", "properties": { "state_po": "WI", "county_geoid": "55015", "pwsid": "WI4080269", "pws_name": "HILBERT WATERWORKS", "population_served_count": 1176, "model_method": "Decision Tree", "verification_status": "", "symbology_field": "Modeled", "intersection_area_sq_km": 2.7619712008077419 }, "geometry": { "type": "Polygon", "coordinates": [ [ [ -88.1490031, 44.13193119999994 ], [ -88.169198200000011, 44.132754199999987 ], [ -88.1703822, 44.140058200000013 ], [ -88.1767092, 44.1401122 ], [ -88.1766192, 44.143729199999989 ], [ -88.16902420000001, 44.143650200000032 ], [ -88.1690152, 44.1501932 ], [ -88.1493741, 44.142674199999952 ], [ -88.1490031, 44.13193119999994 ] ] ] } },
{ "type": "Feature", "properties": { "state_po": "WI", "county_geoid": "55015", "pwsid": "WI4080268", "pws_name": "LAKEVIEW ESTATES MHP", "population_served_count": 112, "model_method": "Random Forest", "verification_status": "", "symbology_field": "Modeled", "intersection_area_sq_km": 9.9127684575126835 }, "geometry": { "type": "Polygon", "coordinates": [ [ [ -88.2861942, 43.95374120000001 ], [ -88.3182112, 43.9541112 ], [ -88.3208362, 43.9654942 ], [ -88.3195892, 43.966024200000035 ], [ -88.319496199999989, 43.96774019999998 ], [ -88.3207472, 43.966021200000036 ], [ -88.3211612, 43.972215199999972 ], [ -88.3260612, 43.980085200000019 ], [ -88.3117822, 43.980404199999981 ], [ -88.3118012, 43.987784199999943 ], [ -88.2866362, 43.987928199999963 ], [ -88.2861942, 43.95374120000001 ] ] ] } },
{ "type": "Feature", "properties": { "state_po": "WI", "county_geoid": "55015", "pwsid": "WI4080221", "pws_name": "BRILLION WATERWORKS", "population_served_count": 3262, "model_method": "Random Forest", "verification_status": "", "symbology_field": "Modeled", "intersection_area_sq_km": 5.1882753752473656 }, "geometry": { "type": "Polygon", "coordinates": [ [ [ -88.0740601, 44.162711199999954 ], [ -88.0760101, 44.164360200000061 ], [ -88.074187099999989, 44.1643482 ], [ -88.0742781, 44.175032199999983 ], [ -88.0717671, 44.175114200000039 ], [ -88.0710481, 44.1823722 ], [ -88.080187099999989, 44.183022199999982 ], [ -88.0972501, 44.190276199999985 ], [ -88.0972251, 44.192115199999989 ], [ -88.0945221, 44.1920962 ], [ -88.0945271, 44.189873200000036 ], [ -88.0842161, 44.189671199999985 ], [ -88.0842941, 44.18607320000006 ], [ -88.074305099999989, 44.185999199999983 ], [ -88.074232099999989, 44.18965619999998 ], [ -88.0641771, 44.18961519999997 ], [ -88.0642191, 44.185986199999924 ], [ -88.0565271, 44.185973199999978 ], [ -88.0565471, 44.1824572 ], [ -88.0591281, 44.182326199999963 ], [ -88.0536441, 44.1823412 ], [ -88.0551581, 44.178770199999967 ], [ -88.0489151, 44.179924199999959 ], [ -88.0488701, 44.174657200000027 ], [ -88.0437731, 44.1737692 ], [ -88.0488681, 44.1743462 ], [ -88.0488411, 44.170830200000012 ], [ -88.0539811, 44.170266200000022 ], [ -88.0539571, 44.1679152 ], [ -88.0506281, 44.167927199999959 ], [ -88.0506061, 44.165112200000031 ], [ -88.0539151, 44.16452520000005 ], [ -88.0539481, 44.167471200000058 ], [ -88.0591721, 44.167455199999949 ], [ -88.0633741, 44.164261200000013 ], [ -88.0639831, 44.15913419999994 ], [ -88.065834099999989, 44.1607282 ], [ -88.067669099999989, 44.1607352 ], [ -88.0671111, 44.160520199999965 ], [ -88.0667661, 44.159495199999988 ], [ -88.066449100000014, 44.159582199999988 ], [ -88.066236100000012, 44.159457200000027 ], [ -88.0652061, 44.157945200000029 ], [ -88.0651481, 44.157119199999947 ], [ -88.0639381, 44.157106200000037 ], [ -88.0638321, 44.153754199999987 ], [ -88.0648421, 44.155343199999983 ], [ -88.0646921, 44.155978200000021 ], [ -88.065284100000014, 44.156965200000066 ], [ -88.0652581, 44.157904200000011 ], [ -88.0668581, 44.1595462 ], [ -88.067213099999989, 44.160540200000014 ], [ -88.0676791, 44.1605422 ], [ -88.0718031, 44.162992199999984 ], [ -88.0740601, 44.162711199999954 ] ] ] } },
{ "type": "Feature", "properties": { "state_po": "WI", "county_geoid": "55005", "pwsid": "WI6030132", "pws_name": "CUMBERLAND WATERWORKS", "population_served_count": 2311, "model_method": "Random Forest", "verification_status": "", "symbology_field": "Modeled", "intersection_area_sq_km": 7.7410157870482177 }, "geometry": { "type": "MultiPolygon", "coordinates": [ [ [ [ -92.0262325, 45.515387199999978 ], [ -92.0271845, 45.5162632 ], [ -92.0262455, 45.5162412 ], [ -92.0262325, 45.515387199999978 ] ] ], [ [ [ -92.0082535, 45.532314199999981 ], [ -92.0072155, 45.531569200000042 ], [ -92.0082705, 45.531570199999955 ], [ -92.0082535, 45.532314199999981 ] ] ], [ [ [ -92.0065435, 45.5341212 ], [ -92.0055895, 45.531726200000037 ], [ -92.0065985, 45.531694199999976 ], [ -92.0065435, 45.5341212 ] ] ], [ [ [ -92.0507095, 45.552775200000028 ], [ -92.0348865, 45.552682199999978 ], [ -92.0416855, 45.547298199999936 ], [ -92.0375915, 45.54580019999996 ], [ -92.0332935, 45.541543200000035 ], [ -92.0313305, 45.541639199999956 ], [ -92.0313825, 45.549618199999976 ], [ -92.0264545, 45.549713200000021 ], [ -92.0314655, 45.55601020000006 ], [ -92.0415465, 45.5584592 ], [ -92.0323915, 45.558251200000036 ], [ -92.0252565, 45.549583200000015 ], [ -92.0202205, 45.547159199999989 ], [ -92.0109185, 45.547778199999946 ], [ -92.0115335, 45.5422982 ], [ -92.0160995, 45.5414072 ], [ -92.0135965, 45.54095520000002 ], [ -92.0159075, 45.539630200000033 ], [ -92.0144145, 45.536018199999972 ], [ -92.0161085, 45.533047199999963 ], [ -92.0132465, 45.531971200000037 ], [ -92.0114725, 45.5357722 ], [ -92.0096325, 45.536055200000014 ], [ -92.011555500000014, 45.539346200000033 ], [ -92.0093115, 45.539053200000012 ], [ -92.0090265, 45.53558120000001 ], [ -92.0105385, 45.53338219999997 ], [ -92.0091715, 45.531570199999955 ], [ -92.0117615, 45.531570199999983 ], [ -92.0118095, 45.52771720000009 ], [ -92.0151775, 45.524653200000017 ], [ -92.020301500000016, 45.529232199999953 ], [ -92.0250195, 45.527818199999977 ], [ -92.0250405, 45.524444200000033 ], [ -92.0272205, 45.524444200000055 ], [ -92.0271865, 45.5171932 ], [ -92.0351855, 45.517155199999955 ], [ -92.0367125, 45.524267200000011 ], [ -92.0513175, 45.524179199999949 ], [ -92.0485315, 45.527823200000014 ], [ -92.043209499999989, 45.53057919999992 ], [ -92.0483425, 45.5349842 ], [ -92.0401985, 45.535110199999984 ], [ -92.0400355, 45.538712199999942 ], [ -92.0428295, 45.538660199999981 ], [ -92.0428475, 45.541223200000026 ], [ -92.0464905, 45.541160199999965 ], [ -92.0465045, 45.543378199999978 ], [ -92.0516435, 45.543295199999989 ], [ -92.0507095, 45.552775200000028 ] ] ], [ [ [ -92.0237995, 45.5509352 ], [ -92.0223195, 45.552184199999949 ], [ -92.0221815, 45.550990200000037 ], [ -92.0237995, 45.5509352 ] ] ], [ [ [ -92.0517505, 45.55278520000001 ], [ -92.0531715, 45.553168199999959 ], [ -92.0517665, 45.553153200000018 ], [ -92.0517505, 45.55278520000001 ] ] ] ] } },
{ "type": "Feature", "properties": { "state_po": "WI", "county_geoid": "55005", "pwsid": "WI6030124", "pws_name": "ALMENA WATERWORKS", "population_served_count": 705, "model_method": "Random Forest", "verification_status": "", "symbology_field": "Modeled", "intersection_area_sq_km": 1.7237932687766961 }, "geometry": { "type": "MultiPolygon", "coordinates": [ [ [ [ -92.0286775, 45.4095801 ], [ -92.0279375, 45.40595910000004 ], [ -92.0330015, 45.4059371 ], [ -92.0329905, 45.409548100000031 ], [ -92.0286775, 45.4095801 ] ] ], [ [ [ -92.0329905, 45.409548100000031 ], [ -92.0485035, 45.4093061 ], [ -92.0486545, 45.418343099999987 ], [ -92.0435085, 45.418560099999972 ], [ -92.0435335, 45.420007099999978 ], [ -92.0398665, 45.421088100000041 ], [ -92.036815499999989, 45.4195231 ], [ -92.0349795, 45.421847099999958 ], [ -92.0275355, 45.420381100000029 ], [ -92.0276565, 45.417275099999983 ], [ -92.0329595, 45.417876100000058 ], [ -92.0329905, 45.409548100000031 ] ] ] ] } },
{ "type": "Feature", "properties": { "state_po": "WI", "county_geoid": "55005", "pwsid": "WI6030135", "pws_name": "DALLAS WATERWORKS", "population_served_count": 365, "model_method": "Decision Tree", "verification_status": "", "symbology_field": "Modeled", "intersection_area_sq_km": 1.7970292639545111 }, "geometry": { "type": "Polygon", "coordinates": [ [ [ -91.8293784, 45.251690099999962 ], [ -91.8283524, 45.2578991 ], [ -91.8193804, 45.259112099999946 ], [ -91.8196414, 45.260841100000015 ], [ -91.8163074, 45.263104100000078 ], [ -91.8186714, 45.266275100000016 ], [ -91.8082614, 45.266366100000042 ], [ -91.8092474, 45.251987099999944 ], [ -91.8293784, 45.251690099999962 ] ] ] } },
{ "type": "Feature", "properties": { "state_po": "WI", "county_geoid": "55005", "pwsid": "WI6030142", "pws_name": "TURTLE LAKE WATERWORKS", "population_served_count": 1073, "model_method": "Random Forest", "verification_status": "", "symbology_field": "Modeled", "intersection_area_sq_km": 2.6569586929071254 }, "geometry": { "type": "Polygon", "coordinates": [ [ [ -92.1561205, 45.397693100000041 ], [ -92.1520535, 45.3983881 ], [ -92.1515725, 45.400606100000033 ], [ -92.1548335, 45.4012651 ], [ -92.1530795, 45.4024511 ], [ -92.1340825, 45.402573100000048 ], [ -92.1340895, 45.401272100000043 ], [ -92.124396499999989, 45.4025601 ], [ -92.1239245, 45.395159099999965 ], [ -92.1283035, 45.396657099999949 ], [ -92.1394555, 45.39491610000001 ], [ -92.1406935, 45.3909431 ], [ -92.1447105, 45.390919100000012 ], [ -92.1427335, 45.389871100000043 ], [ -92.1449175, 45.3880891 ], [ -92.156357563332563, 45.388210838242912 ], [ -92.1561205, 45.397693100000041 ] ] ] } },
{ "type": "Feature", "properties": { "state_po": "WI", "county_geoid": "55005", "pwsid": "WI6490334", "pws_name": "CLAYTON WATERWORKS", "population_served_count": 765, "model_method": "Random Forest", "verification_status": "", "symbology_field": "Modeled", "intersection_area_sq_km": 3.6107947893696354e-05 }, "geometry": { "type": "Polygon", "coordinates": [ [ [ -92.156788227425793, 45.330965153899051 ], [ -92.1567885, 45.330239100000028 ], [ -92.156796780598526, 45.328662482303457 ], [ -92.156788227425793, 45.330965153899051 ] ] ] } },
{ "type": "Feature", "properties": { "state_po": "WI", "county_geoid": "55005", "pwsid": "WI6030128", "pws_name": "CANOE VILLA MHC", "population_served_count": 50, "model_method": "Random Forest", "verification_status": "", "symbology_field": "Modeled", "intersection_area_sq_km": 0.02509460856930441 }, "geometry": { "type": "Polygon", "coordinates": [ [ [ -91.7689914, 45.386798199999951 ], [ -91.7682464, 45.3886532 ], [ -91.766695399999989, 45.386823199999974 ], [ -91.7689914, 45.386798199999951 ] ] ] } },
{ "type": "Feature", "properties": { "state_po": "WI", "county_geoid": "55005", "pwsid": "WI6030127", "pws_name": "CAMERON WATERWORKS", "population_served_count": 1787, "model_method": "Random Forest", "verification_status": "", "symbology_field": "Modeled", "intersection_area_sq_km": 3.7091963285637655 }, "geometry": { "type": "MultiPolygon", "coordinates": [ [ [ [ -91.745605400000017, 45.4013292 ], [ -91.7426824, 45.399449199999971 ], [ -91.7457534, 45.3994262 ], [ -91.745605400000017, 45.4013292 ] ] ], [ [ [ -91.7623464, 45.4080922 ], [ -91.7632824, 45.4209612 ], [ -91.7630324, 45.4228422 ], [ -91.760601400000013, 45.42284319999996 ], [ -91.7597134, 45.419256200000014 ], [ -91.7576574, 45.4192652 ], [ -91.7593784, 45.410937200000035 ], [ -91.756980399999989, 45.408587199999971 ], [ -91.7539204, 45.4087332 ], [ -91.7533594, 45.4013222 ], [ -91.7508354, 45.4012992 ], [ -91.7508354, 45.397711200000032 ], [ -91.755444400000016, 45.3977202 ], [ -91.7508354, 45.395979199999971 ], [ -91.7577494, 45.395600200000047 ], [ -91.7623464, 45.4080922 ] ] ], [ [ [ -91.7431854, 45.401263200000017 ], [ -91.744829400000015, 45.4086072 ], [ -91.7517894, 45.408602200000011 ], [ -91.7533364, 45.4119742 ], [ -91.7440004, 45.41112720000001 ], [ -91.7451544, 45.4228632 ], [ -91.734996400000014, 45.4228202 ], [ -91.7350634, 45.420292200000027 ], [ -91.7368544, 45.42029220000002 ], [ -91.735580399999989, 45.41371920000001 ], [ -91.7352064, 45.415685199999928 ], [ -91.7300304, 45.415679199999971 ], [ -91.7301394, 45.4120982 ], [ -91.7249794, 45.412061199999982 ], [ -91.7250884, 45.4084812 ], [ -91.7354044, 45.408554199999969 ], [ -91.7354604, 45.4014912 ], [ -91.7431854, 45.401263200000017 ] ] ] ] } },
{ "type": "Feature", "properties": { "state_po": "WI", "county_geoid": "55005", "pwsid": "WI6030143", "pws_name": "HAUGEN WATERWORKS", "population_served_count": 287, "model_method": "Random Forest", "verification_status": "", "symbology_field": "Modeled", "intersection_area_sq_km": 2.0527749600834304 }, "geometry": { "type": "MultiPolygon", "coordinates": [ [ [ [ -91.7861484, 45.6028012 ], [ -91.7861114, 45.609955200000023 ], [ -91.7805814, 45.61002120000002 ], [ -91.7804964, 45.613624199999968 ], [ -91.7753344, 45.613690199999965 ], [ -91.7750834, 45.6100892 ], [ -91.7702954, 45.6101352 ], [ -91.7703434, 45.6029262 ], [ -91.7861484, 45.6028012 ] ] ], [ [ [ -91.8064364, 45.6277032 ], [ -91.8063874, 45.6315132 ], [ -91.7858714, 45.631533199999986 ], [ -91.7859264, 45.6199872 ], [ -91.7860284, 45.6227572 ], [ -91.7891244, 45.625401199999978 ], [ -91.8064364, 45.6277032 ] ] ] ] } },
{ "type": "Feature", "properties": { "state_po": "WI", "county_geoid": "55005", "pwsid": "WI6030961", "pws_name": "PRAIRIE LAKE ESTATES MHP", "population_served_count": 25, "model_method": "Decision Tree", "verification_status": "", "symbology_field": "Modeled", "intersection_area_sq_km": 0.69414388361209522 }, "geometry": { "type": "Polygon", "coordinates": [ [ [ -91.714636399999989, 45.365424199999978 ], [ -91.7088874, 45.36527920000001 ], [ -91.6934093, 45.3506382 ], [ -91.7024204, 45.3506062 ], [ -91.7077794, 45.361146200000015 ], [ -91.714636399999989, 45.365424199999978 ] ] ] } },
{ "type": "Feature", "properties": { "state_po": "WI", "county_geoid": "55005", "pwsid": "WI6030129", "pws_name": "CHETEK WATERWORKS", "population_served_count": 1931, "model_method": "Random Forest", "verification_status": "", "symbology_field": "Modeled", "intersection_area_sq_km": 3.3989800339386402 }, "geometry": { "type": "MultiPolygon", "coordinates": [ [ [ [ -91.6477143, 45.3071072 ], [ -91.642761299999989, 45.3023132 ], [ -91.6393163, 45.298141200000046 ], [ -91.6437343, 45.296947199999977 ], [ -91.6437063, 45.302827199999967 ], [ -91.6477143, 45.3071072 ] ] ], [ [ [ -91.6293573, 45.306975199999989 ], [ -91.625927300000015, 45.3081012 ], [ -91.6222163, 45.307716200000023 ], [ -91.6251733, 45.309828199999984 ], [ -91.628549299999989, 45.309566200000013 ], [ -91.6268963, 45.310754200000012 ], [ -91.6158053, 45.31096520000002 ], [ -91.6117543, 45.3096862 ], [ -91.6208593, 45.3053572 ], [ -91.6195993, 45.307217200000011 ], [ -91.6293573, 45.306975199999989 ] ] ], [ [ [ -91.6438213, 45.303883200000065 ], [ -91.6535133, 45.312700199999988 ], [ -91.6572323, 45.31186619999994 ], [ -91.6571263, 45.3144892 ], [ -91.6697043, 45.31457020000002 ], [ -91.6696073, 45.3188902 ], [ -91.6676383, 45.318905199999946 ], [ -91.6669223, 45.320878199999967 ], [ -91.6746873, 45.321769200000027 ], [ -91.6746533, 45.329005199999969 ], [ -91.6702413, 45.329060199999986 ], [ -91.6686153, 45.327514200000024 ], [ -91.6636633, 45.32838120000001 ], [ -91.657829299999989, 45.324729200000071 ], [ -91.6495073, 45.323776200000019 ], [ -91.6504113, 45.319223199999954 ], [ -91.6477893, 45.31319720000004 ], [ -91.6378913, 45.312119199999977 ], [ -91.643870299999989, 45.311887200000037 ], [ -91.6438213, 45.303883200000065 ] ] ] ] } },
{ "type": "Feature", "properties": { "state_po": "WI", "county_geoid": "55005", "pwsid": "WI6090461", "pws_name": "NEW AUBURN WATERWORKS", "population_served_count": 549, "model_method": "Random Forest", "verification_status": "", "symbology_field": "Modeled", "intersection_area_sq_km": 0.015539782751227733 }, "geometry": { "type": "MultiPolygon", "coordinates": [ [ [ [ -91.5744093, 45.207056099999981 ], [ -91.56339509553213, 45.207043000240184 ], [ -91.5744763, 45.207053099999989 ], [ -91.5744093, 45.207056099999981 ] ] ], [ [ [ -91.557535734119824, 45.206833924742405 ], [ -91.5553233, 45.2069001 ], [ -91.542241545775894, 45.206538146359115 ], [ -91.557535734119824, 45.206833924742405 ] ] ], [ [ [ -91.559904727805275, 45.206889074374821 ], [ -91.5585413, 45.20732509999997 ], [ -91.557858663174784, 45.20684015119997 ], [ -91.559563, 45.206873 ], [ -91.559904727805275, 45.206889074374821 ] ] ], [ [ [ -91.563265144134149, 45.207043000138505 ], [ -91.5630693, 45.207549100000016 ], [ -91.562813452171682, 45.207025861108093 ], [ -91.563265144134149, 45.207043000138505 ] ] ], [ [ [ -91.5615523, 45.207737100000024 ], [ -91.561780355489475, 45.206977285580777 ], [ -91.5617633, 45.207757100000016 ], [ -91.5615523, 45.207737100000024 ] ] ], [ [ [ -91.5609933, 45.2077411 ], [ -91.5613393, 45.207024100000027 ], [ -91.5613233, 45.20774909999998 ], [ -91.5609933, 45.2077411 ] ] ] ] } },
{ "type": "Feature", "properties": { "state_po": "WI", "county_geoid": "55067", "pwsid": "WI7340117", "pws_name": "ELCHO SANITARY DISTRICT 1", "population_served_count": 400, "model_method": "Random Forest", "verification_status": "", "symbology_field": "Modeled", "intersection_area_sq_km": 0.61208827666342636 }, "geometry": { "type": "Polygon", "coordinates": [ [ [ -89.1847296, 45.427767300000021 ], [ -89.1835686, 45.434924300000034 ], [ -89.1849876, 45.434960300000014 ], [ -89.1854576, 45.438661300000035 ], [ -89.1995636, 45.43953130000002 ], [ -89.1904926, 45.4418603 ], [ -89.1885536, 45.440607299999982 ], [ -89.189873600000013, 45.439653299999968 ], [ -89.1863836, 45.439479300000045 ], [ -89.1855016, 45.443304300000044 ], [ -89.1847516, 45.4424433 ], [ -89.1824116, 45.446145300000033 ], [ -89.1826416, 45.438670299999956 ], [ -89.1792186, 45.438335300000041 ], [ -89.1798906, 45.435603299999968 ], [ -89.1777606, 45.434782299999952 ], [ -89.1821736, 45.434893300000056 ], [ -89.1847296, 45.427767300000021 ] ] ] } },
{ "type": "Feature", "properties": { "state_po": "WI", "county_geoid": "55067", "pwsid": "WI7340118", "pws_name": "WHITE LAKE WATERWORKS", "population_served_count": 351, "model_method": "Random Forest", "verification_status": "", "symbology_field": "Modeled", "intersection_area_sq_km": 0.96843817583760816 }, "geometry": { "type": "MultiPolygon", "coordinates": [ [ [ [ -88.7705305, 45.15368529999995 ], [ -88.7615835, 45.160862299999955 ], [ -88.7607655, 45.164056299999935 ], [ -88.7540435, 45.163923299999979 ], [ -88.7542995, 45.15369230000001 ], [ -88.7705305, 45.15368529999995 ] ] ], [ [ [ -88.639753549930489, 45.153453975694305 ], [ -88.6399004, 45.154973300000016 ], [ -88.639631014874666, 45.157327275526036 ], [ -88.639753549930489, 45.153453975694305 ] ] ], [ [ [ -88.6396304, 45.158860299999922 ], [ -88.63957775622923, 45.159010638729896 ], [ -88.639628459116906, 45.157408057959636 ], [ -88.6396304, 45.158860299999922 ] ] ] ] } },
{ "type": "Feature", "properties": { "state_po": "WI", "county_geoid": "55131", "pwsid": "WI2670104", "pws_name": "ALLENTON SANITARY DISTRICT", "population_served_count": 860, "model_method": "Random Forest", "verification_status": "", "symbology_field": "Modeled", "intersection_area_sq_km": 2.2361231164953814 }, "geometry": { "type": "Polygon", "coordinates": [ [ [ -88.3504821, 43.405258099999983 ], [ -88.3510561, 43.417503100000026 ], [ -88.3559761, 43.421377100000022 ], [ -88.3414991, 43.4211541 ], [ -88.3404911, 43.42548309999998 ], [ -88.3388641, 43.4226231 ], [ -88.3362691, 43.4239611 ], [ -88.3304921, 43.413083100000058 ], [ -88.3411801, 43.411912099999974 ], [ -88.3410601, 43.405970099999983 ], [ -88.3504821, 43.405258099999983 ] ] ] } },
{ "type": "Feature", "properties": { "state_po": "WI", "county_geoid": "55131", "pwsid": "WI2670063", "pws_name": "CEDAR LAKE HOME 9", "population_served_count": 206, "model_method": "Random Forest", "verification_status": "", "symbology_field": "Modeled", "intersection_area_sq_km": 5.1771091883867095 }, "geometry": { "type": "Polygon", "coordinates": [ [ [ -88.2779691, 43.369343099999973 ], [ -88.2747781, 43.376649100000044 ], [ -88.2686751, 43.380938099999959 ], [ -88.2681341, 43.3841841 ], [ -88.2621191, 43.389957099999975 ], [ -88.2597251, 43.3888901 ], [ -88.2587781, 43.391611099999984 ], [ -88.2622221, 43.390828099999965 ], [ -88.2637861, 43.39547510000002 ], [ -88.261757100000011, 43.396171099999989 ], [ -88.261777099999989, 43.399492100000032 ], [ -88.2593211, 43.402320099999955 ], [ -88.2526921, 43.402336100000021 ], [ -88.2499101, 43.414550100000028 ], [ -88.2518181, 43.3991931 ], [ -88.2556611, 43.3943381 ], [ -88.2554571, 43.392127099999975 ], [ -88.2431211, 43.393014100000016 ], [ -88.2408881, 43.394411099999985 ], [ -88.240985099999989, 43.384980099999972 ], [ -88.2501891, 43.376699100000039 ], [ -88.2539961, 43.376437099999983 ], [ -88.2534191, 43.382143100000015 ], [ -88.2555051, 43.377657100000043 ], [ -88.25976510000001, 43.37790009999997 ], [ -88.2585101, 43.376018100000032 ], [ -88.2629801, 43.3701821 ], [ -88.2611391, 43.36964009999997 ], [ -88.2779691, 43.369343099999973 ] ], [ [ -88.2584541, 43.396817100000014 ], [ -88.2570091, 43.398334100000014 ], [ -88.2585811, 43.399074100000028 ], [ -88.2584541, 43.396817100000014 ] ] ] } },
{ "type": "Feature", "properties": { "state_po": "WI", "county_geoid": "55131", "pwsid": "WI2670123", "pws_name": "CEDAR LAKE HOME 5", "population_served_count": 330, "model_method": "Random Forest", "verification_status": "", "symbology_field": "Modeled", "intersection_area_sq_km": 5.9482476627212906 }, "geometry": { "type": "Polygon", "coordinates": [ [ [ -88.2579831, 43.38441310000001 ], [ -88.2565741, 43.384461100000031 ], [ -88.2556611, 43.3943381 ], [ -88.2518181, 43.3991931 ], [ -88.2498351, 43.4096051 ], [ -88.2513181, 43.4274211 ], [ -88.2411901, 43.42746109999996 ], [ -88.2411721, 43.4262121 ], [ -88.2497271, 43.424107099999951 ], [ -88.2483661, 43.4219141 ], [ -88.2411321, 43.423238100000056 ], [ -88.2409881, 43.3982601 ], [ -88.2239921, 43.398054100000017 ], [ -88.2227841, 43.395670100000018 ], [ -88.2258411, 43.394515099999985 ], [ -88.2256151, 43.383742100000028 ], [ -88.2405401, 43.3841171 ], [ -88.2406761, 43.3874601 ], [ -88.2527721, 43.387550099999956 ], [ -88.2538871, 43.38177810000002 ], [ -88.2579831, 43.38441310000001 ] ] ] } },
{ "type": "Feature", "properties": { "state_po": "WI", "county_geoid": "55131", "pwsid": "WI2671738", "pws_name": "BROOKSIDE MEADOWS MHP", "population_served_count": 250, "model_method": "Random Forest", "verification_status": "", "symbology_field": "Modeled", "intersection_area_sq_km": 1.936973959327227 }, "geometry": { "type": "Polygon", "coordinates": [ [ [ -88.1722351, 43.219593 ], [ -88.1821951, 43.228851 ], [ -88.1821731, 43.236188 ], [ -88.1743051, 43.236051100000033 ], [ -88.156996, 43.221328 ], [ -88.1721531, 43.221545 ], [ -88.1722351, 43.219593 ] ] ] } },
{ "type": "Feature", "properties": { "state_po": "WI", "county_geoid": "55131", "pwsid": "WI2671748", "pws_name": "REFLECTIONS VILLAGE", "population_served_count": 165, "model_method": "Random Forest", "verification_status": "", "symbology_field": "Modeled", "intersection_area_sq_km": 0.12629831555341081 }, "geometry": { "type": "Polygon", "coordinates": [ [ [ -88.1849431, 43.236195 ], [ -88.1869301, 43.239864100000013 ], [ -88.1821471, 43.239850099999984 ], [ -88.1821731, 43.236188 ], [ -88.1849431, 43.236195 ] ] ] } },
{ "type": "Feature", "properties": { "state_po": "WI", "county_geoid": "55131", "pwsid": "WI2460817", "pws_name": "MEQUON TRAIL TOWNHOMES", "population_served_count": 615, "model_method": "Random Forest", "verification_status": "", "symbology_field": "Modeled", "intersection_area_sq_km": 0.0474111689667394 }, "geometry": { "type": "Polygon", "coordinates": [ [ [ -88.063907883713867, 43.235644168472035 ], [ -88.063815, 43.2556491 ], [ -88.063291888104104, 43.278889089019522 ], [ -88.063907883713867, 43.235644168472035 ] ] ] } },
{ "type": "Feature", "properties": { "state_po": "WI", "county_geoid": "55077", "pwsid": "WI1111017", "pws_name": "DELLS ESTATES", "population_served_count": 30, "model_method": "Random Forest", "verification_status": "", "symbology_field": "Modeled", "intersection_area_sq_km": 0.018397139925377715 }, "geometry": { "type": "Polygon", "coordinates": [ [ [ -89.5980865, 43.648358 ], [ -89.5995465, 43.649808 ], [ -89.5981865, 43.649798 ], [ -89.5980865, 43.648358 ] ] ] } },
{ "type": "Feature", "properties": { "state_po": "WI", "county_geoid": "55077", "pwsid": "WI4390009", "pws_name": "DUCK INN MHP 2", "population_served_count": 25, "model_method": "Decision Tree", "verification_status": "", "symbology_field": "Modeled", "intersection_area_sq_km": 0.42779135504211824 }, "geometry": { "type": "Polygon", "coordinates": [ [ [ -89.2073984, 43.770135099999969 ], [ -89.1940664, 43.770768099999941 ], [ -89.1938064, 43.7679681 ], [ -89.2071864, 43.76728809999998 ], [ -89.2073984, 43.770135099999969 ] ] ] } },
{ "type": "Feature", "properties": { "state_po": "WI", "county_geoid": "55077", "pwsid": "WI4390175", "pws_name": "LILY MEADOWS ASSISTED LIVING", "population_served_count": 50, "model_method": "Random Forest", "verification_status": "", "symbology_field": "Modeled", "intersection_area_sq_km": 0.16538174545064266 }, "geometry": { "type": "Polygon", "coordinates": [ [ [ -89.4625475, 43.7617091 ], [ -89.4582265, 43.763498100000064 ], [ -89.459716500000013, 43.765388099999967 ], [ -89.4556065, 43.76705809999995 ], [ -89.4536765, 43.764218100000015 ], [ -89.4625475, 43.7617091 ] ] ] } },
{ "type": "Feature", "properties": { "state_po": "WI", "county_geoid": "55077", "pwsid": "WI4390281", "pws_name": "MONTELLO WATERWORKS", "population_served_count": 1329, "model_method": "Random Forest", "verification_status": "", "symbology_field": "Modeled", "intersection_area_sq_km": 4.0683038375846952 }, "geometry": { "type": "MultiPolygon", "coordinates": [ [ [ [ -89.3317995, 43.7786051 ], [ -89.3303705, 43.7844901 ], [ -89.3259065, 43.7846281 ], [ -89.3260665, 43.78619710000001 ], [ -89.3168555, 43.785678100000041 ], [ -89.316821499999989, 43.781226099999976 ], [ -89.3155085, 43.781230100000016 ], [ -89.3168105, 43.779557100000034 ], [ -89.3256665, 43.780078099999976 ], [ -89.3317995, 43.7786051 ] ] ], [ [ [ -89.3651595, 43.7829581 ], [ -89.3649765, 43.795428100000024 ], [ -89.3428965, 43.795498100000025 ], [ -89.3329265, 43.793558099999984 ], [ -89.3319745, 43.795239100000018 ], [ -89.3288465, 43.7933861 ], [ -89.3299945, 43.796895099999965 ], [ -89.3339815, 43.7992071 ], [ -89.3307265, 43.799408099999951 ], [ -89.338401499999989, 43.801434099999987 ], [ -89.3294755, 43.799791099999979 ], [ -89.3307345, 43.8028501 ], [ -89.3272385, 43.802824099999974 ], [ -89.32571750000001, 43.799268100000042 ], [ -89.3173235, 43.799376100000032 ], [ -89.3170565, 43.794138099999955 ], [ -89.3147355, 43.794669099999957 ], [ -89.3170265, 43.793818100000017 ], [ -89.3155805, 43.7908131 ], [ -89.3275165, 43.7921581 ], [ -89.3260965, 43.786478099999982 ], [ -89.3273365, 43.7861881 ], [ -89.3320765, 43.7915151 ], [ -89.3452325, 43.790864100000064 ], [ -89.3651595, 43.7829581 ] ] ], [ [ [ -89.3488375, 43.80256110000002 ], [ -89.3451065, 43.802748099999988 ], [ -89.3477565, 43.80028810000001 ], [ -89.3488375, 43.80256110000002 ] ] ], [ [ [ -89.3470185, 43.804103100000027 ], [ -89.3463675, 43.804467100000025 ], [ -89.3460795, 43.80418210000002 ], [ -89.3470185, 43.804103100000027 ] ] ] ] } },
{ "type": "Feature", "properties": { "state_po": "WI", "county_geoid": "55077", "pwsid": "WI4390287", "pws_name": "FOX MARQUETTE MOBILE HOME PARK", "population_served_count": 72, "model_method": "Random Forest", "verification_status": "", "symbology_field": "Modeled", "intersection_area_sq_km": 0.24146032316851607 }, "geometry": { "type": "Polygon", "coordinates": [ [ [ -89.4715365, 43.713598 ], [ -89.4715065, 43.714878 ], [ -89.4742765, 43.714973 ], [ -89.474146499999989, 43.718628099999989 ], [ -89.4704165, 43.718358099999975 ], [ -89.4656965, 43.715258 ], [ -89.4656765, 43.714268100000034 ], [ -89.4715365, 43.713598 ] ] ] } },
{ "type": "Feature", "properties": { "state_po": "WI", "county_geoid": "55077", "pwsid": "WI4390542", "pws_name": "MEADOWBROOK MOBILE HOME PARK", "population_served_count": 39, "model_method": "Decision Tree", "verification_status": "", "symbology_field": "Modeled", "intersection_area_sq_km": 0.021772214704391987 }, "geometry": { "type": "Polygon", "coordinates": [ [ [ -89.5010529, 43.880944900000046 ], [ -89.4973235, 43.880994099999938 ], [ -89.4979575, 43.880049099999944 ], [ -89.5010529, 43.880944900000046 ] ] ] } },
{ "type": "Feature", "properties": { "state_po": "WI", "county_geoid": "55077", "pwsid": "WI4700271", "pws_name": "DAKOTA CAPITAL MHC LLC", "population_served_count": 102, "model_method": "Random Forest", "verification_status": "", "symbology_field": "Modeled", "intersection_area_sq_km": 0.046924923907086552 }, "geometry": { "type": "Polygon", "coordinates": [ [ [ -89.2150464, 43.964178100000012 ], [ -89.2165264, 43.9655881 ], [ -89.2186964, 43.9664481 ], [ -89.2150464, 43.966478100000053 ], [ -89.2150464, 43.964178100000012 ] ] ] } },
{ "type": "Feature", "properties": { "state_po": "WI", "county_geoid": "55077", "pwsid": "WI7010105", "pws_name": "FEDERAL CORRECTIONAL INSTITUTION", "population_served_count": 1550, "model_method": "Random Forest", "verification_status": "", "symbology_field": "Modeled", "intersection_area_sq_km": 0.66140910927778274 }, "geometry": { "type": "Polygon", "coordinates": [ [ [ -89.5710065, 43.774798099999956 ], [ -89.5726565, 43.779508099999987 ], [ -89.5761665, 43.7794831 ], [ -89.5773065, 43.781638100000038 ], [ -89.5781365, 43.7794881 ], [ -89.5799815, 43.7794881 ], [ -89.5808675, 43.781458100000023 ], [ -89.5828805, 43.781324099999971 ], [ -89.5828135, 43.783445100000037 ], [ -89.5805485, 43.782408100000026 ], [ -89.5784785, 43.784547100000012 ], [ -89.5725665, 43.783440100000021 ], [ -89.5706465, 43.7845281 ], [ -89.5707515, 43.783018099999985 ], [ -89.5643085, 43.781524100000013 ], [ -89.5671865, 43.781518100000049 ], [ -89.5672665, 43.776558100000045 ], [ -89.5708565, 43.776538100000032 ], [ -89.5710065, 43.774798099999956 ] ] ] } },
{ "type": "Feature", "properties": { "state_po": "WI", "county_geoid": "55097", "pwsid": "WI7500094", "pws_name": "AMHERST WATERWORKS", "population_served_count": 1119, "model_method": "Decision Tree", "verification_status": "", "symbology_field": "Modeled", "intersection_area_sq_km": 2.1921051002617213 }, "geometry": { "type": "Polygon", "coordinates": [ [ [ -89.2796675, 44.4407772 ], [ -89.2830125, 44.443033200000016 ], [ -89.2860875, 44.443018200000012 ], [ -89.2849725, 44.446867199999971 ], [ -89.2863855, 44.447975199999952 ], [ -89.2887785, 44.444300199999958 ], [ -89.2958145, 44.4527552 ], [ -89.2946455, 44.457574200000039 ], [ -89.2859045, 44.457669200000019 ], [ -89.2830025, 44.4597162 ], [ -89.284766499999989, 44.4616952 ], [ -89.2829885, 44.4638072 ], [ -89.2811595, 44.4524092 ], [ -89.2755715, 44.453183199999948 ], [ -89.2745165, 44.452116199999985 ], [ -89.2747995, 44.444952199999989 ], [ -89.2796675, 44.4407772 ] ] ] } },
{ "type": "Feature", "properties": { "state_po": "WI", "county_geoid": "55097", "pwsid": "WI7500127", "pws_name": "JUNCTION CITY WATERWORKS", "population_served_count": 416, "model_method": "Random Forest", "verification_status": "", "symbology_field": "Modeled", "intersection_area_sq_km": 1.7164384569889632 }, "geometry": { "type": "MultiPolygon", "coordinates": [ [ [ [ -89.7776677, 44.58367919999997 ], [ -89.7774797, 44.590640200000045 ], [ -89.768033699999989, 44.590417199999983 ], [ -89.7773947, 44.5923712 ], [ -89.7741117, 44.5917922 ], [ -89.7740837, 44.593240200000025 ], [ -89.7718507, 44.5932312 ], [ -89.7673787, 44.591673200000017 ], [ -89.7671907, 44.5954322 ], [ -89.7638557, 44.595402199999981 ], [ -89.7635077, 44.597781199999964 ], [ -89.7605387, 44.598342199999983 ], [ -89.7635427, 44.590855200000021 ], [ -89.7589977, 44.5917932 ], [ -89.758881699999989, 44.5949232 ], [ -89.7558407, 44.594887200000016 ], [ -89.7559137, 44.591774199999989 ], [ -89.7535117, 44.591738199999988 ], [ -89.7542097, 44.589658199999981 ], [ -89.7573127, 44.5888752 ], [ -89.7642707, 44.589974199999986 ], [ -89.7690667, 44.583645199999985 ], [ -89.7776677, 44.58367919999997 ] ] ], [ [ [ -89.6806787, 44.65771720000005 ], [ -89.6876457, 44.667039200000033 ], [ -89.6917937, 44.675366199999978 ], [ -89.6902637, 44.67582819999997 ], [ -89.688424700000013, 44.6733702 ], [ -89.6849687, 44.672781199999939 ], [ -89.6880137, 44.670501200000011 ], [ -89.6846827, 44.6696452 ], [ -89.6828197, 44.662121199999987 ], [ -89.6805857, 44.660610199999958 ], [ -89.6818517, 44.663034199999963 ], [ -89.6799217, 44.6618142 ], [ -89.6801397, 44.659276199999958 ], [ -89.6812417, 44.660871199999981 ], [ -89.6819777, 44.659853199999979 ], [ -89.6796347, 44.657115199999964 ], [ -89.6806787, 44.65771720000005 ] ] ] ] } },
{ "type": "Feature", "properties": { "state_po": "WI", "county_geoid": "55097", "pwsid": "WI7500133", "pws_name": "RIVERVIEW ESTATES MHP", "population_served_count": 150, "model_method": "Random Forest", "verification_status": "", "symbology_field": "Modeled", "intersection_area_sq_km": 0.11121039078763037 }, "geometry": { "type": "Polygon", "coordinates": [ [ [ -89.621198, 44.4507942 ], [ -89.6163334, 44.4506687 ], [ -89.6162755, 44.4473485 ], [ -89.6214586, 44.449124400000045 ], [ -89.621198, 44.4507942 ] ] ] } },
{ "type": "Feature", "properties": { "state_po": "WI", "county_geoid": "55097", "pwsid": "WI7500136", "pws_name": "WHITING WATERWORKS", "population_served_count": 1743, "model_method": "Random Forest", "verification_status": "", "symbology_field": "Modeled", "intersection_area_sq_km": 3.0603935613698323 }, "geometry": { "type": "MultiPolygon", "coordinates": [ [ [ [ -89.587888600000014, 44.497242200000031 ], [ -89.574458600000014, 44.4974292 ], [ -89.5724736, 44.491143200000025 ], [ -89.5691696, 44.49297420000002 ], [ -89.5708726, 44.497463199999963 ], [ -89.5692046, 44.4941572 ], [ -89.5691106, 44.497395199999978 ], [ -89.5600146, 44.4972792 ], [ -89.5548596, 44.494336200000014 ], [ -89.5535986, 44.493370200000037 ], [ -89.557476600000015, 44.49562720000003 ], [ -89.5558776, 44.49286319999996 ], [ -89.5602986, 44.493725200000036 ], [ -89.5606986, 44.491037200000022 ], [ -89.5651426, 44.4898322 ], [ -89.5657596, 44.487769199999967 ], [ -89.5676216, 44.490340199999977 ], [ -89.5704026, 44.490351200000042 ], [ -89.5702896, 44.48703320000002 ], [ -89.5668726, 44.483746200000013 ], [ -89.5683336, 44.4816152 ], [ -89.5699876, 44.481422199999955 ], [ -89.5674936, 44.48430519999998 ], [ -89.5711416, 44.487184200000037 ], [ -89.5763606, 44.486970200000016 ], [ -89.574513599999989, 44.4895752 ], [ -89.5761306, 44.49153619999997 ], [ -89.5861626, 44.49317819999996 ], [ -89.587888600000014, 44.497242200000031 ] ] ], [ [ [ -89.5633216, 44.485794200000065 ], [ -89.5599006, 44.485732199999966 ], [ -89.5550026, 44.4886662 ], [ -89.5541026, 44.491485200000014 ], [ -89.5557676, 44.492833199999929 ], [ -89.5526496, 44.4924932 ], [ -89.5523316, 44.495629200000032 ], [ -89.5492746, 44.497311199999963 ], [ -89.5399006, 44.497226199999986 ], [ -89.5395636, 44.494884200000023 ], [ -89.5436186, 44.492727199999983 ], [ -89.5442466, 44.488387199999963 ], [ -89.5485166, 44.488345199999962 ], [ -89.5484806, 44.481819199999954 ], [ -89.5575966, 44.4817102 ], [ -89.5633216, 44.485794200000065 ] ] ], [ [ [ -89.5561656, 44.497250199999968 ], [ -89.5574816, 44.496055199999979 ], [ -89.5543046, 44.4941972 ], [ -89.5534566, 44.493555199999946 ], [ -89.5533876, 44.4933352 ], [ -89.5546556, 44.494288199999978 ], [ -89.5598376, 44.4972792 ], [ -89.5561656, 44.497250199999968 ] ] ] ] } },
{ "type": "Feature", "properties": { "state_po": "WI", "county_geoid": "55097", "pwsid": "WI7500138", "pws_name": "RECREACRES MHC LLC", "population_served_count": 320, "model_method": "OSM", "verification_status": "", "symbology_field": "Modeled", "intersection_area_sq_km": 0.44781543750616193 }, "geometry": { "type": "Polygon", "coordinates": [ [ [ -89.5394876, 44.5633472 ], [ -89.5398166, 44.569907199999953 ], [ -89.5309936, 44.5699752 ], [ -89.5298386, 44.565465199999977 ], [ -89.5348196, 44.566983199999953 ], [ -89.5350066, 44.564331200000026 ], [ -89.5326436, 44.563379200000021 ], [ -89.5394876, 44.5633472 ] ] ] } },
{ "type": "Feature", "properties": { "state_po": "WI", "county_geoid": "55097", "pwsid": "WI7500146", "pws_name": "OAK LANE MOBILE HOME PARK", "population_served_count": 60, "model_method": "Random Forest", "verification_status": "", "symbology_field": "Modeled", "intersection_area_sq_km": 0.05744454282048346 }, "geometry": { "type": "MultiPolygon", "coordinates": [ [ [ [ -89.4007846, 44.569686199999971 ], [ -89.4007896, 44.5685652 ], [ -89.4035066, 44.568771200000022 ], [ -89.4034986, 44.5699022 ], [ -89.4007846, 44.569686199999971 ] ] ], [ [ [ -89.4097616, 44.572050200000014 ], [ -89.4072576, 44.572034200000033 ], [ -89.4071536, 44.570717200000033 ], [ -89.409685599999989, 44.57098220000006 ], [ -89.4097616, 44.572050200000014 ] ] ] ] } },
{ "type": "Feature", "properties": { "state_po": "WI", "county_geoid": "55097", "pwsid": "WI7500269", "pws_name": "EVERGREEN VILLA MOBILE HOMES", "population_served_count": 200, "model_method": "Random Forest", "verification_status": "", "symbology_field": "Modeled", "intersection_area_sq_km": 1.6223847097523689 }, "geometry": { "type": "Polygon", "coordinates": [ [ [ -89.592009600000011, 44.570089199999984 ], [ -89.5919046, 44.57734820000006 ], [ -89.5937406, 44.580958200000047 ], [ -89.5912786, 44.581536199999988 ], [ -89.5928136, 44.584577199999984 ], [ -89.5853496, 44.584700200000015 ], [ -89.5851546, 44.58828819999998 ], [ -89.570539599999989, 44.5883012 ], [ -89.5705406, 44.5846852 ], [ -89.5766046, 44.584511200000016 ], [ -89.5762736, 44.5812832 ], [ -89.5844096, 44.578679200000018 ], [ -89.5839446, 44.5770842 ], [ -89.5872796, 44.576154199999984 ], [ -89.5886496, 44.571667199999986 ], [ -89.592009600000011, 44.570089199999984 ] ] ] } },
{ "type": "Feature", "properties": { "state_po": "WI", "county_geoid": "55097", "pwsid": "WI7501175", "pws_name": "PINE GROVE VILLA", "population_served_count": 75, "model_method": "Random Forest", "verification_status": "", "symbology_field": "Modeled", "intersection_area_sq_km": 0.64581962838110285 }, "geometry": { "type": "MultiPolygon", "coordinates": [ [ [ [ -89.5232806, 44.2876951 ], [ -89.5232656, 44.293432099999983 ], [ -89.5197996, 44.293129099999973 ], [ -89.5145336, 44.2891421 ], [ -89.5091836, 44.290260100000033 ], [ -89.5086746, 44.2891221 ], [ -89.5093976, 44.287758099999984 ], [ -89.5232806, 44.2876951 ] ] ], [ [ [ -89.5161536, 44.306068100000033 ], [ -89.5152316, 44.308406099999985 ], [ -89.5152926, 44.305969099999963 ], [ -89.5161536, 44.306068100000033 ] ] ], [ [ [ -89.5125106, 44.304584100000014 ], [ -89.5149706, 44.3095401 ], [ -89.5177466, 44.30949710000003 ], [ -89.5177926, 44.311230099999989 ], [ -89.5150186, 44.311299100000035 ], [ -89.5150376, 44.3126171 ], [ -89.5138246, 44.309538099999976 ], [ -89.5087596, 44.3105521 ], [ -89.508737599999989, 44.308735099999964 ], [ -89.5125486, 44.3087061 ], [ -89.5125106, 44.304584100000014 ] ] ] ] } },
{ "type": "Feature", "properties": { "state_po": "WI", "county_geoid": "55047", "pwsid": "WI4240221", "pws_name": "LAMPLIGHTER MHC LLC", "population_served_count": 80, "model_method": "Random Forest", "verification_status": "", "symbology_field": "Modeled", "intersection_area_sq_km": 0.056902843185465832 }, "geometry": { "type": "MultiPolygon", "coordinates": [ [ [ [ -88.9942074, 43.8343991 ], [ -88.9918104, 43.8353891 ], [ -88.9918124, 43.834363100000012 ], [ -88.9942074, 43.8343991 ] ] ], [ [ [ -88.9992414, 43.837660099999979 ], [ -88.9975384, 43.8404731 ], [ -88.9978364, 43.837695099999948 ], [ -88.9992414, 43.837660099999979 ] ] ] ] } },
{ "type": "Feature", "properties": { "state_po": "WI", "county_geoid": "55047", "pwsid": "WI4240217", "pws_name": "GREEN LAKE WATERWORKS", "population_served_count": 1002, "model_method": "Decision Tree", "verification_status": "", "symbology_field": "Modeled", "intersection_area_sq_km": 1.8237138035341927 }, "geometry": { "type": "Polygon", "coordinates": [ [ [ -88.9586654, 43.836276100000013 ], [ -88.9660614, 43.841607100000019 ], [ -88.9632174, 43.8430621 ], [ -88.9654774, 43.842388100000022 ], [ -88.9685214, 43.8440701 ], [ -88.9661634, 43.851512100000051 ], [ -88.9511194, 43.8513451 ], [ -88.9512464, 43.84464909999997 ], [ -88.9490574, 43.8441241 ], [ -88.9530924, 43.844147100000015 ], [ -88.9519974, 43.837890099999989 ], [ -88.9586654, 43.836276100000013 ] ] ] } },
{ "type": "Feature", "properties": { "state_po": "WI", "county_geoid": "55047", "pwsid": "WI4240218", "pws_name": "MARKESAN WATERWORKS", "population_served_count": 1365, "model_method": "Random Forest", "verification_status": "", "symbology_field": "Modeled", "intersection_area_sq_km": 6.4399838229310129 }, "geometry": { "type": "MultiPolygon", "coordinates": [ [ [ [ -88.9895113, 43.698883099999961 ], [ -88.9888163, 43.698529100000037 ], [ -88.9896503, 43.698480100000019 ], [ -88.9895113, 43.698883099999961 ] ] ], [ [ [ -88.9907503, 43.69891010000002 ], [ -88.9907913, 43.697055099999965 ], [ -88.9958563, 43.6970281 ], [ -88.9958293, 43.698888099999948 ], [ -89.0059164, 43.69883709999997 ], [ -89.0060604, 43.7203071 ], [ -88.9915983, 43.720560100000036 ], [ -88.9908403, 43.72786510000001 ], [ -88.9904963, 43.720573100000024 ], [ -88.9755083, 43.720749099999978 ], [ -88.9756243, 43.704209100000014 ], [ -88.9658843, 43.6995661 ], [ -88.9554903, 43.699493100000019 ], [ -88.9555183, 43.697238099999986 ], [ -88.9596533, 43.698740099999959 ], [ -88.9651913, 43.697517099999956 ], [ -88.9756423, 43.7001681 ], [ -88.9756473, 43.698976099999989 ], [ -88.9907503, 43.69891010000002 ] ] ] ] } },
{ "type": "Feature", "properties": { "state_po": "WI", "county_geoid": "55047", "pwsid": "WI4240219", "pws_name": "PRINCETON WATERWORKS", "population_served_count": 1166, "model_method": "Random Forest", "verification_status": "", "symbology_field": "Modeled", "intersection_area_sq_km": 3.123127378182601 }, "geometry": { "type": "MultiPolygon", "coordinates": [ [ [ [ -89.1202724, 43.8404351 ], [ -89.1194844, 43.841938100000021 ], [ -89.1198934, 43.840432100000065 ], [ -89.1202724, 43.8404351 ] ] ], [ [ [ -89.1177124, 43.843198100000031 ], [ -89.127798399999989, 43.843110100000061 ], [ -89.1283214, 43.849941099999974 ], [ -89.1378604, 43.85183209999996 ], [ -89.1392024, 43.8482951 ], [ -89.1458604, 43.8445431 ], [ -89.1428804, 43.847332100000024 ], [ -89.1429884, 43.863718100000021 ], [ -89.1379574, 43.863716100000048 ], [ -89.1379414, 43.861905100000037 ], [ -89.1278164, 43.8618841 ], [ -89.1301564, 43.854833099999965 ], [ -89.1264684, 43.856066099999978 ], [ -89.1207234, 43.861365100000015 ], [ -89.1176874, 43.861338099999962 ], [ -89.1177124, 43.843198100000031 ] ] ] ] } },
{ "type": "Feature", "properties": { "state_po": "WI", "county_geoid": "55047", "pwsid": "WI4240223", "pws_name": "GREEN LAKE MHP", "population_served_count": 70, "model_method": "Random Forest", "verification_status": "", "symbology_field": "Modeled", "intersection_area_sq_km": 1.0928381690693407 }, "geometry": { "type": "Polygon", "coordinates": [ [ [ -88.9407593, 43.85213710000005 ], [ -88.9359643, 43.851252099999954 ], [ -88.9356703, 43.854878099999986 ], [ -88.9309263, 43.8549821 ], [ -88.9308983, 43.8575001 ], [ -88.9258483, 43.858489099999957 ], [ -88.9261163, 43.843962099999942 ], [ -88.9361073, 43.845022099999966 ], [ -88.936366299999989, 43.849250100000049 ], [ -88.9407593, 43.85213710000005 ] ] ] } },
{ "type": "Feature", "properties": { "state_po": "WI", "county_geoid": "55107", "pwsid": "WI8550129", "pws_name": "HAWKINS WATERWORKS", "population_served_count": 333, "model_method": "Decision Tree", "verification_status": "", "symbology_field": "Modeled", "intersection_area_sq_km": 0.55158020295267685 }, "geometry": { "type": "Polygon", "coordinates": [ [ [ -90.719717100000011, 45.5076982 ], [ -90.7198071, 45.514918200000018 ], [ -90.712957100000011, 45.5159982 ], [ -90.7107771, 45.5150582 ], [ -90.7108071, 45.513618199999982 ], [ -90.712607100000014, 45.513518199999943 ], [ -90.7103371, 45.511448199999961 ], [ -90.712347100000017, 45.5104582 ], [ -90.7096671, 45.509568199999933 ], [ -90.7122871, 45.5094782 ], [ -90.7121971, 45.50777820000004 ], [ -90.719717100000011, 45.5076982 ] ] ] } },
{ "type": "Feature", "properties": { "state_po": "WI", "county_geoid": "55107", "pwsid": "WI8550454", "pws_name": "GLEN FLORA WATERWORKS", "population_served_count": 93, "model_method": "Random Forest", "verification_status": "", "symbology_field": "Modeled", "intersection_area_sq_km": 0.26561887757517288 }, "geometry": { "type": "Polygon", "coordinates": [ [ [ -90.8960171, 45.4955282 ], [ -90.8969271, 45.49923820000005 ], [ -90.892507099999989, 45.499848200000024 ], [ -90.8914371, 45.49740820000001 ], [ -90.888567099999989, 45.497618200000034 ], [ -90.8883771, 45.499838200000021 ], [ -90.8863071, 45.499848200000024 ], [ -90.8862471, 45.497798200000027 ], [ -90.8841471, 45.4979682 ], [ -90.8960171, 45.4955282 ] ] ] } },
{ "type": "Feature", "properties": { "state_po": "WI", "county_geoid": "55107", "pwsid": "WI8550132", "pws_name": "WEYERHAEUSER WATERWORKS", "population_served_count": 238, "model_method": "Random Forest", "verification_status": "", "symbology_field": "Modeled", "intersection_area_sq_km": 0.33653489135448317 }, "geometry": { "type": "Polygon", "coordinates": [ [ [ -91.4216373, 45.420473200000011 ], [ -91.4152283, 45.421724199999964 ], [ -91.4184373, 45.425038200000046 ], [ -91.4130973, 45.427838200000032 ], [ -91.4102073, 45.424878199999981 ], [ -91.4121873, 45.423808199999968 ], [ -91.4110273, 45.422598200000053 ], [ -91.4187943, 45.4187732 ], [ -91.4216373, 45.420473200000011 ] ] ] } },
{ "type": "Feature", "properties": { "state_po": "WI", "county_geoid": "55107", "pwsid": "WI8550127", "pws_name": "BRUCE WATERWORKS", "population_served_count": 620, "model_method": "Random Forest", "verification_status": "", "symbology_field": "Modeled", "intersection_area_sq_km": 2.5196937578763396 }, "geometry": { "type": "Polygon", "coordinates": [ [ [ -91.2732382, 45.449825199999985 ], [ -91.2919572, 45.449778200000061 ], [ -91.292017199999989, 45.4526182 ], [ -91.2858472, 45.453688199999974 ], [ -91.2863412, 45.455109199999988 ], [ -91.2760422, 45.4568612 ], [ -91.276017200000013, 45.45897819999994 ], [ -91.2722972, 45.4589482 ], [ -91.2715242, 45.4682002 ], [ -91.2548412, 45.468508199999988 ], [ -91.2538572, 45.4597712 ], [ -91.272244200000017, 45.457502199999972 ], [ -91.2684572, 45.456958200000052 ], [ -91.2684572, 45.455008199999959 ], [ -91.2734572, 45.455088199999977 ], [ -91.2732382, 45.449825199999985 ] ] ] } },
{ "type": "Feature", "properties": { "state_po": "WI", "county_geoid": "55107", "pwsid": "WI8550278", "pws_name": "SHELDON WATER UTILITY", "population_served_count": 265, "model_method": "Random Forest", "verification_status": "", "symbology_field": "Modeled", "intersection_area_sq_km": 0.44120466244397816 }, "geometry": { "type": "Polygon", "coordinates": [ [ [ -90.9613481, 45.304647200000012 ], [ -90.9614381, 45.310133199999981 ], [ -90.9666781, 45.310136200000031 ], [ -90.9667591, 45.3137332 ], [ -90.9583871, 45.312668199999976 ], [ -90.9556171, 45.3096582 ], [ -90.9596871, 45.304608200000011 ], [ -90.9613481, 45.304647200000012 ] ] ] } },
{ "type": "Feature", "properties": { "state_po": "WI", "county_geoid": "55107", "pwsid": "WI8550459", "pws_name": "TONY WATERWORKS", "population_served_count": 105, "model_method": "Random Forest", "verification_status": "", "symbology_field": "Modeled", "intersection_area_sq_km": 0.26350483978468792 }, "geometry": { "type": "Polygon", "coordinates": [ [ [ -90.9884762, 45.480228199999956 ], [ -90.9965872, 45.4803282 ], [ -90.9972772, 45.483938200000033 ], [ -90.9879872, 45.483818200000023 ], [ -90.9918172, 45.482808199999965 ], [ -90.9876432, 45.482643199999956 ], [ -90.9884762, 45.480228199999956 ] ] ] } },
{ "type": "Feature", "properties": { "state_po": "WI", "county_geoid": "55107", "pwsid": "WI8550131", "pws_name": "LADYSMITH WATERWORKS", "population_served_count": 3184, "model_method": null, "verification_status": null, "symbology_field": "System Sourced", "intersection_area_sq_km": 9.2477796789161264 }, "geometry": { "type": "MultiPolygon", "coordinates": [ [ [ [ -91.0988352, 45.442133 ], [ -91.1020707, 45.44144109999997 ], [ -91.1023506, 45.444574699999983 ], [ -91.0996393, 45.4445755 ], [ -91.0988352, 45.442133 ] ] ], [ [ [ -91.0871087, 45.4426406 ], [ -91.0893626, 45.4415798 ], [ -91.0908695, 45.443166400000017 ], [ -91.0886156, 45.444227200000014 ], [ -91.0871087, 45.4426406 ] ] ], [ [ [ -91.092182799999989, 45.447657399999983 ], [ -91.0967526, 45.446777799999964 ], [ -91.096649, 45.4509086 ], [ -91.0854111, 45.451892600000015 ], [ -91.0835412, 45.450045100000047 ], [ -91.0793695, 45.449568200000016 ], [ -91.081305, 45.446201300000027 ], [ -91.0892335, 45.4467237 ], [ -91.0927223, 45.448989 ], [ -91.092182799999989, 45.447657399999983 ] ], [ [ -91.0854007, 45.4489372 ], [ -91.0861178, 45.449027900000019 ], [ -91.0864443, 45.4489196 ], [ -91.0859665, 45.448962600000016 ], [ -91.0854373, 45.4489097 ], [ -91.0854007, 45.4489372 ] ] ], [ [ [ -91.1086436, 45.44844470000006 ], [ -91.1055189, 45.450101599999968 ], [ -91.1000773, 45.44797650000006 ], [ -91.1025897, 45.445811399999947 ], [ -91.1044835, 45.447680500000018 ], [ -91.1067972, 45.446501700000049 ], [ -91.1088384, 45.447902600000027 ], [ -91.1117807, 45.447339500000034 ], [ -91.1126109, 45.4502047 ], [ -91.110312, 45.453710600000058 ], [ -91.1076943, 45.451846099999948 ], [ -91.1086436, 45.44844470000006 ] ] ], [ [ [ -91.1182383, 45.4537847 ], [ -91.1219902, 45.453367399999976 ], [ -91.121492, 45.457656899999954 ], [ -91.1182643, 45.4568307 ], [ -91.1182383, 45.4537847 ] ] ], [ [ [ -91.0785349, 45.4531834 ], [ -91.0815826, 45.452375600000025 ], [ -91.0819299, 45.455046 ], [ -91.0792413, 45.455295499999956 ], [ -91.0785349, 45.4531834 ] ] ], [ [ [ -91.1314054, 45.464419799999952 ], [ -91.1336593, 45.463358100000065 ], [ -91.1351681, 45.4649441 ], [ -91.1329141, 45.466005799999955 ], [ -91.1314054, 45.464419799999952 ] ] ], [ [ [ -91.0827288, 45.464256800000015 ], [ -91.081531, 45.4561838 ], [ -91.0841176, 45.45588290000002 ], [ -91.084914200000014, 45.457729599999958 ], [ -91.0936523, 45.452251500000031 ], [ -91.1003513, 45.453343 ], [ -91.104134, 45.4521467 ], [ -91.1078575, 45.454072399999937 ], [ -91.1165559, 45.4545856 ], [ -91.1126716, 45.4627991 ], [ -91.116966, 45.464097 ], [ -91.1221235, 45.46343319999994 ], [ -91.1235423, 45.464824400000026 ], [ -91.1174746, 45.466385899999942 ], [ -91.1176942, 45.469774300000054 ], [ -91.1139679, 45.4703827 ], [ -91.1118564, 45.472872800000019 ], [ -91.1144398, 45.480749400000022 ], [ -91.1107454, 45.480938300000012 ], [ -91.1100666, 45.477869 ], [ -91.1078831, 45.4774209 ], [ -91.1058944, 45.483337799999973 ], [ -91.1037591, 45.484255500000046 ], [ -91.0998397, 45.482903299999982 ], [ -91.0990777, 45.48033779999993 ], [ -91.0952621, 45.4802022 ], [ -91.0957172, 45.4782584 ], [ -91.1031115, 45.4765874 ], [ -91.1043141, 45.4713572 ], [ -91.1011563, 45.472222600000052 ], [ -91.1009069, 45.475857499999975 ], [ -91.0968921, 45.476284199999981 ], [ -91.0934687, 45.473836700000035 ], [ -91.0915762, 45.479332099999986 ], [ -91.0824002, 45.480695700000027 ], [ -91.0818941, 45.477410400000068 ], [ -91.0856104, 45.477423 ], [ -91.0859093, 45.4763883 ], [ -91.0837425, 45.473693100000027 ], [ -91.081313, 45.474310700000025 ], [ -91.0739092, 45.471015500000014 ], [ -91.0783855, 45.4696675 ], [ -91.0792736, 45.46743110000002 ], [ -91.0903373, 45.467679299999986 ], [ -91.0910629, 45.466756499999981 ], [ -91.086443, 45.464257900000057 ], [ -91.0827288, 45.464256800000015 ] ], [ [ -91.1120661, 45.457934399999935 ], [ -91.1119286, 45.458324100000041 ], [ -91.1121821, 45.458332199999987 ], [ -91.1120661, 45.457934399999935 ] ], [ [ -91.109281900000013, 45.4602296 ], [ -91.1081684, 45.458415800000026 ], [ -91.1031469, 45.458136200000041 ], [ -91.1036397, 45.459864200000013 ], [ -91.109281900000013, 45.4602296 ] ], [ [ -91.10938, 45.460751599999952 ], [ -91.109266600000012, 45.460852 ], [ -91.109486, 45.460927699999935 ], [ -91.10938, 45.460751599999952 ] ], [ [ -91.1005652, 45.466804599999982 ], [ -91.1004899, 45.466777 ], [ -91.1005949, 45.46682689999998 ], [ -91.1005652, 45.466804599999982 ] ], [ [ -91.1008828, 45.467007099999982 ], [ -91.1022183, 45.468473 ], [ -91.102807, 45.4686636 ], [ -91.1022374, 45.467568 ], [ -91.1008828, 45.467007099999982 ] ], [ [ -91.1042884, 45.4701714 ], [ -91.1038103, 45.470102499999967 ], [ -91.1042951, 45.470691499999973 ], [ -91.1042884, 45.4701714 ] ], [ [ -91.0853381, 45.4590967 ], [ -91.0846873, 45.458695599999963 ], [ -91.0854668, 45.459275 ], [ -91.0853381, 45.4590967 ] ], [ [ -91.0943969, 45.466715500000049 ], [ -91.0942474, 45.466717600000052 ], [ -91.0939206, 45.466722399999959 ], [ -91.0943969, 45.466715500000049 ] ], [ [ -91.0937103, 45.466718200000017 ], [ -91.0937331, 45.466725400000037 ], [ -91.0938261, 45.466722499999982 ], [ -91.0937103, 45.466718200000017 ] ], [ [ -91.0840078, 45.470005500000028 ], [ -91.0806708, 45.4704806 ], [ -91.0838525, 45.472610099999947 ], [ -91.0858799, 45.471910799999975 ], [ -91.0840078, 45.470005500000028 ] ], [ [ -91.091824699999989, 45.4724759 ], [ -91.0915868, 45.4723614 ], [ -91.0913507, 45.472469799999985 ], [ -91.091824699999989, 45.4724759 ] ] ] ] } },
{ "type": "Feature", "properties": { "state_po": "WI", "county_geoid": "55021", "pwsid": "WI1570093", "pws_name": "MERRIMAC WATERWORKS", "population_served_count": 440, "model_method": "Decision Tree", "verification_status": "", "symbology_field": "Modeled", "intersection_area_sq_km": 0.015129584315673286 }, "geometry": { "type": "MultiPolygon", "coordinates": [ [ [ [ -89.6174005, 43.370407 ], [ -89.62041435677645, 43.369150672548031 ], [ -89.612456977218486, 43.372945882003272 ], [ -89.6174005, 43.370407 ] ] ], [ [ [ -89.6088645, 43.374994 ], [ -89.611956850900455, 43.373217235836641 ], [ -89.6026995, 43.378796 ], [ -89.6088645, 43.374994 ] ] ], [ [ [ -89.6008180273856, 43.380587239067417 ], [ -89.6016865, 43.379663 ], [ -89.602737810970709, 43.378869489968331 ], [ -89.6008180273856, 43.380587239067417 ] ] ], [ [ [ -89.600835951698997, 43.386934787629762 ], [ -89.6008235, 43.386933 ], [ -89.600830046103368, 43.386585402785791 ], [ -89.600835951698997, 43.386934787629762 ] ] ] ] } },
{ "type": "Feature", "properties": { "state_po": "WI", "county_geoid": "55021", "pwsid": "WI1110126", "pws_name": "PINE VISTA MHP 1", "population_served_count": 60, "model_method": "Random Forest", "verification_status": "", "symbology_field": "Modeled", "intersection_area_sq_km": 0.18442495068829856 }, "geometry": { "type": "Polygon", "coordinates": [ [ [ -89.7129691, 43.301130599999965 ], [ -89.7172074, 43.299917299999962 ], [ -89.7192983, 43.303587800000024 ], [ -89.7149756, 43.304842899999983 ], [ -89.7129691, 43.301130599999965 ] ] ] } },
{ "type": "Feature", "properties": { "state_po": "WI", "county_geoid": "55021", "pwsid": "WI1110113", "pws_name": "WISCONSIN DELLS WATERWORKS", "population_served_count": 3232, "model_method": "Random Forest", "verification_status": "", "symbology_field": "Modeled", "intersection_area_sq_km": 5.1005138509499979 }, "geometry": { "type": "MultiPolygon", "coordinates": [ [ [ [ -89.749585599999989, 43.627674 ], [ -89.7591206, 43.627462 ], [ -89.755902600000013, 43.620579 ], [ -89.7578216, 43.620963 ], [ -89.7631636, 43.61513 ], [ -89.7536106, 43.60821 ], [ -89.7536116, 43.606536 ], [ -89.7558166, 43.607083 ], [ -89.7588906, 43.603817 ], [ -89.763264600000014, 43.603897 ], [ -89.775364, 43.613761 ], [ -89.773369, 43.620348 ], [ -89.782352, 43.625645 ], [ -89.7772526, 43.628079 ], [ -89.7739656, 43.633149 ], [ -89.7634546, 43.640274 ], [ -89.7611136, 43.633423 ], [ -89.7537636, 43.632136 ], [ -89.7493756, 43.63295 ], [ -89.749585599999989, 43.627674 ] ], [ [ -89.7622886, 43.617712 ], [ -89.7616446, 43.618343 ], [ -89.761749600000016, 43.618412 ], [ -89.7622886, 43.617712 ] ] ], [ [ [ -89.7490006, 43.628079 ], [ -89.7464716, 43.628569 ], [ -89.7490486, 43.628049 ], [ -89.7490006, 43.628079 ] ] ], [ [ [ -89.7634546, 43.640274 ], [ -89.763937479675405, 43.641705639046364 ], [ -89.7490303936206, 43.642210145364395 ], [ -89.7634546, 43.640274 ] ] ] ] } },
{ "type": "Feature", "properties": { "state_po": "WI", "county_geoid": "55021", "pwsid": "WI1110066", "pws_name": "CRYSTAL LAKE RV RESORT LLC", "population_served_count": 725, "model_method": "Random Forest", "verification_status": "", "symbology_field": "Modeled", "intersection_area_sq_km": 0.27877006891701051 }, "geometry": { "type": "Polygon", "coordinates": [ [ [ -89.640550499999989, 43.29315 ], [ -89.6404895, 43.302617 ], [ -89.6355845, 43.302655 ], [ -89.6355955, 43.298147 ], [ -89.6384575, 43.297773 ], [ -89.6379805, 43.295333 ], [ -89.640550499999989, 43.29315 ] ] ] } },
{ "type": "Feature", "properties": { "state_po": "WI", "county_geoid": "55021", "pwsid": "WI1110101", "pws_name": "HARMONY GROVE SAN DIST", "population_served_count": 1950, "model_method": "Random Forest", "verification_status": "", "symbology_field": "Modeled", "intersection_area_sq_km": 2.1602895791979591 }, "geometry": { "type": "MultiPolygon", "coordinates": [ [ [ [ -89.5810115, 43.356671 ], [ -89.5793215, 43.354095 ], [ -89.5821835, 43.356292 ], [ -89.5810115, 43.356671 ] ] ], [ [ [ -89.5810115, 43.356671 ], [ -89.5787925, 43.359401 ], [ -89.5755825, 43.35924 ], [ -89.5810115, 43.356671 ] ] ], [ [ [ -89.5806505, 43.37314 ], [ -89.5712765, 43.374072 ], [ -89.567891500000016, 43.369064 ], [ -89.5685985, 43.367414 ], [ -89.5618895, 43.366718 ], [ -89.5611245, 43.36585 ], [ -89.5719725, 43.366811 ], [ -89.5728455, 43.360227 ], [ -89.5753265, 43.359324 ], [ -89.5736705, 43.360435 ], [ -89.5730905, 43.366475 ], [ -89.5693245, 43.369468 ], [ -89.5718975, 43.37034 ], [ -89.5740155, 43.367798 ], [ -89.5786115, 43.368135 ], [ -89.5806505, 43.37314 ] ] ], [ [ [ -89.5393095, 43.372159 ], [ -89.5216715, 43.372681 ], [ -89.5217505, 43.370625 ], [ -89.5265255, 43.37061 ], [ -89.53046350000001, 43.368652 ], [ -89.5324875, 43.371151 ], [ -89.5393095, 43.372159 ] ] ], [ [ [ -89.5397585, 43.371758 ], [ -89.5416185, 43.371194 ], [ -89.5414865, 43.368601 ], [ -89.5496235, 43.368609 ], [ -89.5496515, 43.369613 ], [ -89.5417025, 43.369824 ], [ -89.5516125, 43.370325 ], [ -89.5513835, 43.372064 ], [ -89.5426875, 43.372455 ], [ -89.5517825, 43.372465 ], [ -89.5467475, 43.373519 ], [ -89.553472500000012, 43.374473 ], [ -89.5524045, 43.380118 ], [ -89.5412725, 43.380929 ], [ -89.5397585, 43.371758 ] ] ] ] } },
{ "type": "Feature", "properties": { "state_po": "WI", "county_geoid": "55021", "pwsid": "WI1570748", "pws_name": "SUMMER OAKS CONDO ASSOC", "population_served_count": 70, "model_method": "Random Forest", "verification_status": "", "symbology_field": "Modeled", "intersection_area_sq_km": 1.6462565705115781 }, "geometry": { "type": "Polygon", "coordinates": [ [ [ -89.685590499999989, 43.34745 ], [ -89.6847615, 43.351541 ], [ -89.6775805, 43.358084 ], [ -89.6694735, 43.358408 ], [ -89.6672565, 43.357673 ], [ -89.6680075, 43.356424 ], [ -89.6654235, 43.357759 ], [ -89.6609265, 43.356444 ], [ -89.6589775, 43.357666 ], [ -89.6544635, 43.357208 ], [ -89.6545015, 43.356409 ], [ -89.6650635, 43.35597 ], [ -89.6652025, 43.350937 ], [ -89.6698175, 43.350873 ], [ -89.6699835, 43.347229 ], [ -89.685590499999989, 43.34745 ] ] ] } },
{ "type": "Feature", "properties": { "state_po": "WI", "county_geoid": "55021", "pwsid": "WI1110065", "pws_name": "HARMONY MOBILE MANOR", "population_served_count": 45, "model_method": "Parcel", "verification_status": "", "symbology_field": "Modeled", "intersection_area_sq_km": 0.036089665872708246 }, "geometry": { "type": "Polygon", "coordinates": [ [ [ -89.5091309, 43.3655656 ], [ -89.5057012, 43.3656319 ], [ -89.505706800000013, 43.364486699999965 ], [ -89.5087258, 43.36442880000002 ], [ -89.5091309, 43.3655656 ] ] ] } },
{ "type": "Feature", "properties": { "state_po": "WI", "county_geoid": "55021", "pwsid": "WI1110099", "pws_name": "FRIESLAND WATERWORKS", "population_served_count": 345, "model_method": "Random Forest", "verification_status": "", "symbology_field": "Modeled", "intersection_area_sq_km": 1.3653055868184032 }, "geometry": { "type": "Polygon", "coordinates": [ [ [ -89.0646884, 43.588668100000056 ], [ -89.0569944, 43.5887551 ], [ -89.0569804, 43.581513100000038 ], [ -89.0619624, 43.58052809999996 ], [ -89.0672054, 43.5814081 ], [ -89.0670794, 43.5886211 ], [ -89.0768644, 43.58856509999994 ], [ -89.0770494, 43.595832100000017 ], [ -89.0671144, 43.595964099999982 ], [ -89.0670794, 43.591601099999956 ], [ -89.0646884, 43.588668100000056 ] ] ] } },
{ "type": "Feature", "properties": { "state_po": "WI", "county_geoid": "55021", "pwsid": "WI1110103", "pws_name": "SUBURBAN HEIGHTS MHP", "population_served_count": 90, "model_method": "Random Forest", "verification_status": "", "symbology_field": "Modeled", "intersection_area_sq_km": 0.23257311689679525 }, "geometry": { "type": "Polygon", "coordinates": [ [ [ -89.4113624, 43.504359 ], [ -89.4086004, 43.506763 ], [ -89.4076854, 43.505315 ], [ -89.4055454, 43.506216 ], [ -89.4072124, 43.50274 ], [ -89.4054944, 43.499485 ], [ -89.4090374, 43.499987 ], [ -89.4092894, 43.503901 ], [ -89.4113624, 43.504359 ] ] ] } },
{ "type": "Feature", "properties": { "state_po": "WI", "county_geoid": "55021", "pwsid": "WI1110104", "pws_name": "OAKWOOD TERRACE", "population_served_count": 100, "model_method": "Random Forest", "verification_status": "", "symbology_field": "Modeled", "intersection_area_sq_km": 18.046096588670302 }, "geometry": { "type": "Polygon", "coordinates": [ [ [ -89.5637885, 43.548114 ], [ -89.5573545, 43.547414 ], [ -89.5526465, 43.548187 ], [ -89.5508525, 43.552386 ], [ -89.5595575, 43.552998 ], [ -89.5737385, 43.556691 ], [ -89.5738045, 43.56835 ], [ -89.5470325, 43.563316 ], [ -89.5296545, 43.56229 ], [ -89.5399855, 43.566039 ], [ -89.5400745, 43.56794 ], [ -89.5389045, 43.571322 ], [ -89.5307375, 43.571032 ], [ -89.5364135, 43.569533 ], [ -89.5341245, 43.569459 ], [ -89.5339325, 43.567544 ], [ -89.5339495, 43.569546 ], [ -89.5292285, 43.569704 ], [ -89.5292415, 43.568677 ], [ -89.5273995, 43.570895 ], [ -89.5291945, 43.570645 ], [ -89.5294775, 43.573219 ], [ -89.5264285, 43.57371 ], [ -89.5241585, 43.576653 ], [ -89.5242035, 43.589421 ], [ -89.5091535, 43.578987 ], [ -89.4978965, 43.573595 ], [ -89.4936165, 43.566124 ], [ -89.4989495, 43.566094 ], [ -89.4989535, 43.561824 ], [ -89.5089215, 43.562256 ], [ -89.5088795, 43.556281 ], [ -89.5039325, 43.55597 ], [ -89.5039255, 43.553696 ], [ -89.4953515, 43.551856 ], [ -89.4939395, 43.541277 ], [ -89.4976785, 43.541807 ], [ -89.5068705, 43.537865 ], [ -89.5175955, 43.537013 ], [ -89.5245205, 43.538832 ], [ -89.5318915, 43.543094 ], [ -89.5396505, 43.543613 ], [ -89.5537625, 43.547654 ], [ -89.5605285, 43.54634 ], [ -89.5637885, 43.548114 ] ], [ [ -89.5223585, 43.551155 ], [ -89.5202535, 43.552172 ], [ -89.5203085, 43.552317 ], [ -89.5224305, 43.552263 ], [ -89.5223585, 43.551155 ] ], [ [ -89.5097405, 43.551773 ], [ -89.5090475, 43.551858 ], [ -89.5122395, 43.552529 ], [ -89.5097405, 43.551773 ] ] ] } },
{ "type": "Feature", "properties": { "state_po": "WI", "county_geoid": "55021", "pwsid": "WI1110107", "pws_name": "CAPITAL HILL MOBILE HOME PARK", "population_served_count": 36, "model_method": "Random Forest", "verification_status": "", "symbology_field": "Modeled", "intersection_area_sq_km": 3.2031811307567324 }, "geometry": { "type": "Polygon", "coordinates": [ [ [ -89.4959205, 43.450477 ], [ -89.4825325, 43.461113 ], [ -89.4823875, 43.467502 ], [ -89.4774665, 43.467789 ], [ -89.4767255, 43.474626 ], [ -89.4738015, 43.477379 ], [ -89.4739155, 43.485515 ], [ -89.4706295, 43.489732 ], [ -89.4640635, 43.481776 ], [ -89.4638455, 43.478373 ], [ -89.4498255, 43.478685 ], [ -89.4547775, 43.476697 ], [ -89.4649035, 43.467336 ], [ -89.470662499999989, 43.46493 ], [ -89.4694125, 43.466672 ], [ -89.4750435, 43.462436 ], [ -89.4807685, 43.460447 ], [ -89.4948375, 43.449116 ], [ -89.4959205, 43.450477 ] ] ] } },
{ "type": "Feature", "properties": { "state_po": "WI", "county_geoid": "55021", "pwsid": "WI1110110", "pws_name": "INCH HEIGHTS LLC", "population_served_count": 47, "model_method": "Random Forest", "verification_status": "", "symbology_field": "Modeled", "intersection_area_sq_km": 1.1724775194104422 }, "geometry": { "type": "Polygon", "coordinates": [ [ [ -89.4167834, 43.43179 ], [ -89.4187884, 43.439004 ], [ -89.4008524, 43.439173 ], [ -89.4003554, 43.431836 ], [ -89.4167834, 43.43179 ] ] ] } },
{ "type": "Feature", "properties": { "state_po": "WI", "county_geoid": "55021", "pwsid": "WI1110093", "pws_name": "ARLINGTON WATERWORKS", "population_served_count": 823, "model_method": "Random Forest", "verification_status": "", "symbology_field": "Modeled", "intersection_area_sq_km": 1.1901791070926027 }, "geometry": { "type": "MultiPolygon", "coordinates": [ [ [ [ -89.3660354, 43.338903 ], [ -89.3675704, 43.337487 ], [ -89.3692214, 43.33894 ], [ -89.3660354, 43.338903 ] ] ], [ [ [ -89.3826504, 43.334906 ], [ -89.382571399999989, 43.340066 ], [ -89.3856704, 43.340075 ], [ -89.3856674, 43.341264 ], [ -89.3825584, 43.341259 ], [ -89.3825434, 43.342407 ], [ -89.3795214, 43.341213 ], [ -89.382464399999989, 43.348505 ], [ -89.376768399999989, 43.348449 ], [ -89.3751744, 43.345992 ], [ -89.3762404, 43.344607 ], [ -89.374387399999989, 43.344791 ], [ -89.3725964, 43.341766 ], [ -89.3678364, 43.337487 ], [ -89.3775234, 43.337577 ], [ -89.3747864, 43.330324 ], [ -89.3776264, 43.330311 ], [ -89.3776314, 43.333944 ], [ -89.3826504, 43.334906 ] ] ] ] } },
{ "type": "Feature", "properties": { "state_po": "WI", "county_geoid": "55021", "pwsid": "WI1110100", "pws_name": "LODI WATERWORKS", "population_served_count": 3146, "model_method": "Decision Tree", "verification_status": "", "symbology_field": "Modeled", "intersection_area_sq_km": 5.3700444864938204 }, "geometry": { "type": "Polygon", "coordinates": [ [ [ -89.5237507, 43.306667499999982 ], [ -89.5254467, 43.308124500000012 ], [ -89.5271807, 43.307101500000044 ], [ -89.5595047, 43.307729 ], [ -89.5595366, 43.312323 ], [ -89.5499486, 43.311514799999934 ], [ -89.5495835, 43.3151328 ], [ -89.5446195, 43.3151968 ], [ -89.5446174, 43.318291799999948 ], [ -89.5396434, 43.31835470000005 ], [ -89.5396253, 43.322529699999968 ], [ -89.5446143, 43.3224738 ], [ -89.5446951, 43.327397800000057 ], [ -89.5365631, 43.327551600000014 ], [ -89.5350292, 43.3262456 ], [ -89.5361772, 43.324357599999942 ], [ -89.5343743, 43.322581600000021 ], [ -89.5302012, 43.324434600000068 ], [ -89.5262595, 43.3167115 ], [ -89.5298671, 43.327911499999963 ], [ -89.527173100000013, 43.3298995 ], [ -89.514867099999989, 43.3299833 ], [ -89.5148354, 43.320148300000014 ], [ -89.5198234, 43.3178064 ], [ -89.5196847, 43.3066884 ], [ -89.5237507, 43.306667499999982 ] ] ] } },
{ "type": "Feature", "properties": { "state_po": "WI", "county_geoid": "55021", "pwsid": "WI1130246", "pws_name": "WINDSOR WATER UTILITY NORTH", "population_served_count": 400, "model_method": "Decision Tree", "verification_status": "", "symbology_field": "Modeled", "intersection_area_sq_km": 4.2438934375673794e-05 }, "geometry": { "type": "Polygon", "coordinates": [ [ [ -89.3624694, 43.281305 ], [ -89.362279970408522, 43.281298974844098 ], [ -89.363085046017687, 43.281312918291647 ], [ -89.3624694, 43.281305 ] ] ] } },
{ "type": "Feature", "properties": { "state_po": "WI", "county_geoid": "55021", "pwsid": "WI1110037", "pws_name": "POYNETTE WATERWORKS", "population_served_count": 2520, "model_method": "Random Forest", "verification_status": "", "symbology_field": "Modeled", "intersection_area_sq_km": 6.0141889390753303 }, "geometry": { "type": "Polygon", "coordinates": [ [ [ -89.4139344, 43.377588 ], [ -89.4129794, 43.380756 ], [ -89.417474399999989, 43.380737 ], [ -89.4175684, 43.384365 ], [ -89.4275264, 43.385266 ], [ -89.4274824, 43.383452 ], [ -89.4324854, 43.384367 ], [ -89.4325674, 43.388009 ], [ -89.4285174, 43.387979 ], [ -89.4273734, 43.38666 ], [ -89.4226364, 43.388375 ], [ -89.4228734, 43.398851 ], [ -89.4128554, 43.398971 ], [ -89.4128954, 43.402606 ], [ -89.4018634, 43.402702 ], [ -89.4039254, 43.406782 ], [ -89.3999544, 43.406388 ], [ -89.3982784, 43.402754 ], [ -89.3930224, 43.402928 ], [ -89.3930484, 43.399903 ], [ -89.3955084, 43.399682 ], [ -89.392967399999989, 43.399258 ], [ -89.3928804, 43.395543 ], [ -89.3880814, 43.395624 ], [ -89.3879704, 43.389132 ], [ -89.3950474, 43.390049 ], [ -89.3952954, 43.380933 ], [ -89.4056954, 43.380779 ], [ -89.4139344, 43.377588 ] ] ] } },
{ "type": "Feature", "properties": { "state_po": "WI", "county_geoid": "55021", "pwsid": "WI1110041", "pws_name": "CAMBRIA WATERWORKS", "population_served_count": 767, "model_method": "Random Forest", "verification_status": "", "symbology_field": "Modeled", "intersection_area_sq_km": 1.3676800517636118 }, "geometry": { "type": "Polygon", "coordinates": [ [ [ -89.1170094, 43.539814 ], [ -89.1169244, 43.530625 ], [ -89.1172534, 43.537832 ], [ -89.1274934, 43.536561 ], [ -89.1275164, 43.538978 ], [ -89.1144154, 43.540421 ], [ -89.1144064, 43.54227 ], [ -89.1190004, 43.542214 ], [ -89.1210464, 43.544255 ], [ -89.1170664, 43.545525 ], [ -89.1170384, 43.544304 ], [ -89.1120614, 43.544421 ], [ -89.1121644, 43.548963 ], [ -89.1071684, 43.549071 ], [ -89.1062284, 43.550778 ], [ -89.1079314, 43.543926 ], [ -89.1022134, 43.544787 ], [ -89.0994174, 43.543527 ], [ -89.0975714, 43.537273 ], [ -89.1027414, 43.537194 ], [ -89.1081614, 43.53973 ], [ -89.1170094, 43.539814 ] ] ] } },
{ "type": "Feature", "properties": { "state_po": "WI", "county_geoid": "55021", "pwsid": "WI1110049", "pws_name": "PARDEEVILLE WATERWORKS", "population_served_count": 2151, "model_method": "Random Forest", "verification_status": "", "symbology_field": "Modeled", "intersection_area_sq_km": 5.5006095326843054 }, "geometry": { "type": "MultiPolygon", "coordinates": [ [ [ [ -89.291293400000015, 43.524953 ], [ -89.3158024, 43.524665 ], [ -89.3157714, 43.535497 ], [ -89.3043634, 43.53561 ], [ -89.3048004, 43.539303 ], [ -89.2998014, 43.538844 ], [ -89.3015464, 43.542099 ], [ -89.3056574, 43.541921 ], [ -89.304328400000017, 43.54518 ], [ -89.3057644, 43.546858 ], [ -89.2950484, 43.546891 ], [ -89.2898484, 43.55153 ], [ -89.282894399999989, 43.548436 ], [ -89.2831324, 43.55105 ], [ -89.2787724, 43.551305 ], [ -89.2767234, 43.554419 ], [ -89.2698264, 43.555955 ], [ -89.2835744, 43.542838 ], [ -89.2865134, 43.537898 ], [ -89.2879514, 43.528967 ], [ -89.291293400000015, 43.524953 ] ] ], [ [ [ -89.2811474, 43.553223 ], [ -89.2810554, 43.555979 ], [ -89.2758584, 43.555956 ], [ -89.2783694, 43.553176 ], [ -89.2811474, 43.553223 ] ] ] ] } },
{ "type": "Feature", "properties": { "state_po": "WI", "county_geoid": "55021", "pwsid": "WI1110098", "pws_name": "FALL RIVER WATERWORKS", "population_served_count": 1793, "model_method": "Decision Tree", "verification_status": "", "symbology_field": "Modeled", "intersection_area_sq_km": 3.7736627038874344 }, "geometry": { "type": "Polygon", "coordinates": [ [ [ -89.0615733, 43.379185 ], [ -89.0657093, 43.378336 ], [ -89.0687263, 43.379775 ], [ -89.0647063, 43.380491 ], [ -89.0646883, 43.385089 ], [ -89.0546593, 43.385282 ], [ -89.0547423, 43.392599 ], [ -89.0497243, 43.393896 ], [ -89.0497113, 43.392675 ], [ -89.0460773, 43.392748 ], [ -89.0407463, 43.396095 ], [ -89.0410833, 43.39283 ], [ -89.0392153, 43.392863 ], [ -89.0346063, 43.397246 ], [ -89.0200453, 43.396821 ], [ -89.0239873, 43.393103 ], [ -89.0296313, 43.393043 ], [ -89.0295453, 43.385582 ], [ -89.0347413, 43.385625 ], [ -89.0378373, 43.378339 ], [ -89.044480299999989, 43.378223 ], [ -89.0462243, 43.387134 ], [ -89.0505303, 43.37812 ], [ -89.0532023, 43.378073 ], [ -89.0566153, 43.381631 ], [ -89.0606053, 43.378063 ], [ -89.0615733, 43.379185 ] ] ] } },
{ "type": "Feature", "properties": { "state_po": "WI", "county_geoid": "55021", "pwsid": "WI1110109", "pws_name": "POYNETTE MOBILE ESTATES", "population_served_count": 150, "model_method": "Random Forest", "verification_status": "", "symbology_field": "Modeled", "intersection_area_sq_km": 0.29868746441499594 }, "geometry": { "type": "Polygon", "coordinates": [ [ [ -89.394100400000013, 43.393138 ], [ -89.3921454, 43.39357 ], [ -89.3922324, 43.395552 ], [ -89.3880814, 43.395624 ], [ -89.3884574, 43.38829 ], [ -89.3928414, 43.389458 ], [ -89.394100400000013, 43.393138 ] ] ] } },
{ "type": "Feature", "properties": { "state_po": "WI", "county_geoid": "55021", "pwsid": "WI1110111", "pws_name": "RIO WATERWORKS", "population_served_count": 1095, "model_method": "Random Forest", "verification_status": "", "symbology_field": "Modeled", "intersection_area_sq_km": 2.0604181839719495 }, "geometry": { "type": "MultiPolygon", "coordinates": [ [ [ [ -89.2450734, 43.44279 ], [ -89.2475814, 43.444969 ], [ -89.2487354, 43.451021 ], [ -89.2498274, 43.453249 ], [ -89.2551294, 43.45612 ], [ -89.2533954, 43.456454 ], [ -89.2561264, 43.458349 ], [ -89.254465400000015, 43.459099 ], [ -89.2450884, 43.453002 ], [ -89.2449174, 43.456614 ], [ -89.2448364, 43.453761 ], [ -89.2332824, 43.453228 ], [ -89.2331704, 43.446177 ], [ -89.2259354, 43.443782 ], [ -89.2259334, 43.442139 ], [ -89.2368844, 43.442002 ], [ -89.2355944, 43.438493 ], [ -89.2404944, 43.438482 ], [ -89.2401364, 43.442142 ], [ -89.2450734, 43.44279 ] ] ], [ [ [ -89.2595734, 43.449095 ], [ -89.2489394, 43.450223 ], [ -89.2487934, 43.449294 ], [ -89.2595734, 43.449095 ] ] ] ] } },
{ "type": "Feature", "properties": { "state_po": "WI", "county_geoid": "55021", "pwsid": "WI1110112", "pws_name": "PINE HAVEN ESTATES", "population_served_count": 45, "model_method": "Random Forest", "verification_status": "", "symbology_field": "Modeled", "intersection_area_sq_km": 0.074986022695170629 }, "geometry": { "type": "MultiPolygon", "coordinates": [ [ [ [ -89.1500304, 43.424976 ], [ -89.1508224, 43.427846 ], [ -89.1469574, 43.426937 ], [ -89.1500304, 43.424976 ] ] ], [ [ [ -89.1496884, 43.428127 ], [ -89.1482814, 43.428951 ], [ -89.1483004, 43.427858 ], [ -89.1496884, 43.428127 ] ] ] ] } },
{ "type": "Feature", "properties": { "state_po": "WI", "county_geoid": "55021", "pwsid": "WI1110123", "pws_name": "SADDLE RIDGE ESTATES", "population_served_count": 700, "model_method": "Random Forest", "verification_status": "", "symbology_field": "Modeled", "intersection_area_sq_km": 6.7379893180539554 }, "geometry": { "type": "Polygon", "coordinates": [ [ [ -89.4343655, 43.553664 ], [ -89.430819500000013, 43.555398 ], [ -89.3825504, 43.555468 ], [ -89.3814374, 43.554307 ], [ -89.3644904, 43.555434 ], [ -89.3645034, 43.551343 ], [ -89.359173399999989, 43.551209 ], [ -89.360794399999989, 43.547986 ], [ -89.3705884, 43.547814 ], [ -89.3710494, 43.545109 ], [ -89.3747484, 43.546664 ], [ -89.381020400000011, 43.546415 ], [ -89.3796004, 43.543091 ], [ -89.3818704, 43.541253 ], [ -89.4053335, 43.539564 ], [ -89.4082315, 43.542879 ], [ -89.4120715, 43.542613 ], [ -89.4166655, 43.545154 ], [ -89.4190615, 43.54852 ], [ -89.4217665, 43.549083 ], [ -89.4217065, 43.551751 ], [ -89.4255465, 43.549666 ], [ -89.4296225, 43.549475 ], [ -89.4340775, 43.551503 ], [ -89.4343655, 43.553664 ] ] ] } },
{ "type": "Feature", "properties": { "state_po": "WI", "county_geoid": "55021", "pwsid": "WI1110124", "pws_name": "WYOCENA WATERWORKS", "population_served_count": 768, "model_method": "Random Forest", "verification_status": "", "symbology_field": "Modeled", "intersection_area_sq_km": 3.3625004914678764 }, "geometry": { "type": "MultiPolygon", "coordinates": [ [ [ [ -89.3798874, 43.490048 ], [ -89.3640524, 43.490124 ], [ -89.3639694, 43.480051 ], [ -89.3739164, 43.480189 ], [ -89.3740404, 43.482496 ], [ -89.3792984, 43.486569 ], [ -89.3798874, 43.490048 ] ] ], [ [ [ -89.3008444, 43.484814 ], [ -89.3074724, 43.490957 ], [ -89.3114504, 43.491595 ], [ -89.3129244, 43.489086 ], [ -89.3178394, 43.489906 ], [ -89.3183794, 43.494159 ], [ -89.3254914, 43.494786 ], [ -89.3255054, 43.495773 ], [ -89.3205584, 43.494834 ], [ -89.3206484, 43.500761 ], [ -89.3103714, 43.497613 ], [ -89.3099934, 43.500094 ], [ -89.3020474, 43.500081 ], [ -89.3040384, 43.497509 ], [ -89.3091614, 43.49678 ], [ -89.2958974, 43.495924 ], [ -89.2957244, 43.484885 ], [ -89.3008444, 43.484814 ] ] ] ] } },
{ "type": "Feature", "properties": { "state_po": "WI", "county_geoid": "55021", "pwsid": "WI1110125", "pws_name": "RANDOLPH WATER DEPT", "population_served_count": 1800, "model_method": null, "verification_status": null, "symbology_field": "System Sourced", "intersection_area_sq_km": 0.76653266991408153 }, "geometry": { "type": "Polygon", "coordinates": [ [ [ -89.0069468, 43.530041499999967 ], [ -89.0088056, 43.531329500000012 ], [ -89.0088406, 43.5373285 ], [ -89.0137271, 43.537298099999987 ], [ -89.0150943, 43.538606700000031 ], [ -89.0137269, 43.545220499999971 ], [ -89.0102868, 43.546001099999962 ], [ -89.007085014117735, 43.551283152392692 ], [ -89.0069468, 43.530041499999967 ] ] ] } },
{ "type": "Feature", "properties": { "state_po": "WI", "county_geoid": "55103", "pwsid": "WI1530071", "pws_name": "YUBA WATERWORKS", "population_served_count": 68, "model_method": "Random Forest", "verification_status": "", "symbology_field": "Modeled", "intersection_area_sq_km": 0.29540675678849332 }, "geometry": { "type": "Polygon", "coordinates": [ [ [ -90.4203377, 43.533442 ], [ -90.4239577, 43.535357 ], [ -90.4258187, 43.538243 ], [ -90.4311308, 43.539056 ], [ -90.4310928, 43.54275 ], [ -90.4259937, 43.542803 ], [ -90.4259197, 43.539005 ], [ -90.4228907, 43.539022 ], [ -90.4228367, 43.535506 ], [ -90.4203427, 43.535487 ], [ -90.4203377, 43.533442 ] ] ] } },
{ "type": "Feature", "properties": { "state_po": "WI", "county_geoid": "55103", "pwsid": "WI6630269", "pws_name": "VIOLA WATERWORKS", "population_served_count": 667, "model_method": "Random Forest", "verification_status": "", "symbology_field": "Modeled", "intersection_area_sq_km": 0.98506730965120937 }, "geometry": { "type": "Polygon", "coordinates": [ [ [ -90.67081118172932, 43.515245957342913 ], [ -90.6646168, 43.5153239 ], [ -90.6645078, 43.510857900000033 ], [ -90.6591978, 43.510837899999977 ], [ -90.6592188, 43.505932899999969 ], [ -90.663108799999989, 43.5059319 ], [ -90.6631158, 43.502374900000021 ], [ -90.670345274338544, 43.502268921684127 ], [ -90.67081118172932, 43.515245957342913 ] ] ] } },
{ "type": "Feature", "properties": { "state_po": "WI", "county_geoid": "55103", "pwsid": "WI1530060", "pws_name": "CAZENOVIA WATERWORKS", "population_served_count": 351, "model_method": "Random Forest", "verification_status": "", "symbology_field": "Modeled", "intersection_area_sq_km": 1.3731051203780495 }, "geometry": { "type": "Polygon", "coordinates": [ [ [ -90.192101918003274, 43.528797894373483 ], [ -90.1920217, 43.511156 ], [ -90.1970107, 43.511194 ], [ -90.1972107, 43.514123 ], [ -90.2008157, 43.51794 ], [ -90.2043047, 43.51838 ], [ -90.2068897, 43.516876 ], [ -90.206901699999989, 43.524451 ], [ -90.2088927, 43.525878 ], [ -90.2039687, 43.526511 ], [ -90.1976947, 43.523112 ], [ -90.192101918003274, 43.528797894373483 ] ] ] } },
{ "type": "Feature", "properties": { "state_po": "WI", "county_geoid": "55103", "pwsid": "WI1530064", "pws_name": "PINE VALLEY COMMUNITY VILLAGE", "population_served_count": 225, "model_method": "Random Forest", "verification_status": "", "symbology_field": "Modeled", "intersection_area_sq_km": 0.083256050699077613 }, "geometry": { "type": "MultiPolygon", "coordinates": [ [ [ [ -90.3183237, 43.290505900000014 ], [ -90.3158257, 43.289490899999976 ], [ -90.3161287, 43.287240900000015 ], [ -90.3196677, 43.289606899999988 ], [ -90.3183237, 43.290505900000014 ] ] ], [ [ [ -90.3519887, 43.302968899999975 ], [ -90.3506877, 43.304872899999971 ], [ -90.3506907, 43.30298590000001 ], [ -90.3519887, 43.302968899999975 ] ] ] ] } },
{ "type": "Feature", "properties": { "state_po": "WI", "county_geoid": "55103", "pwsid": "WI1530069", "pws_name": "SEXTONVILLE WATERWORKS", "population_served_count": 425, "model_method": "Random Forest", "verification_status": "", "symbology_field": "Modeled", "intersection_area_sq_km": 0.66981667763794195 }, "geometry": { "type": "MultiPolygon", "coordinates": [ [ [ [ -90.2875957, 43.278582899999989 ], [ -90.2913027, 43.2786399 ], [ -90.2926157, 43.277725900000064 ], [ -90.2912997, 43.280392900000024 ], [ -90.2875407, 43.2803839 ], [ -90.2875957, 43.278582899999989 ] ] ], [ [ [ -90.2875407, 43.2803839 ], [ -90.2869547, 43.281719899999949 ], [ -90.2868537, 43.280375899999974 ], [ -90.2875407, 43.2803839 ] ] ], [ [ [ -90.3011507, 43.292164899999982 ], [ -90.2915017, 43.285136900000019 ], [ -90.2912787, 43.282020900000035 ], [ -90.2960427, 43.281818899999969 ], [ -90.298993700000011, 43.2849289 ], [ -90.2970507, 43.281731899999961 ], [ -90.3012347, 43.281770900000012 ], [ -90.3011507, 43.292164899999982 ] ] ] ] } },
{ "type": "Feature", "properties": { "state_po": "WI", "county_geoid": "55103", "pwsid": "WI1530061", "pws_name": "LONE ROCK WATERWORKS", "population_served_count": 895, "model_method": "Random Forest", "verification_status": "", "symbology_field": "Modeled", "intersection_area_sq_km": 1.6232868211303706 }, "geometry": { "type": "MultiPolygon", "coordinates": [ [ [ [ -90.1940446, 43.176762899999957 ], [ -90.1926656, 43.177282900000016 ], [ -90.1925206, 43.176752900000025 ], [ -90.1940446, 43.176762899999957 ] ] ], [ [ [ -90.1952816, 43.1778709 ], [ -90.2073546, 43.1768039 ], [ -90.2073476, 43.181508900000019 ], [ -90.1981296, 43.181472900000017 ], [ -90.2052126, 43.1832549 ], [ -90.2050176, 43.186003899999974 ], [ -90.2035116, 43.184907900000034 ], [ -90.2000196, 43.185815900000023 ], [ -90.2017686, 43.1894469 ], [ -90.2004926, 43.191358899999976 ], [ -90.2024156, 43.193062899999958 ], [ -90.1998976, 43.193067899999974 ], [ -90.1999026, 43.194877899999987 ], [ -90.1925356, 43.194345900000016 ], [ -90.192541422725029, 43.180385053884358 ], [ -90.1952816, 43.1778709 ] ] ] ] } },
{ "type": "Feature", "properties": { "state_po": "WI", "county_geoid": "55135", "pwsid": "WI4690393", "pws_name": "EMBARRASS WATERWORKS", "population_served_count": 347, "model_method": "Decision Tree", "verification_status": "", "symbology_field": "Modeled", "intersection_area_sq_km": 0.97169390291802005 }, "geometry": { "type": "Polygon", "coordinates": [ [ [ -88.6971154, 44.659773199999989 ], [ -88.700407399999989, 44.6634062 ], [ -88.7059904, 44.664994200000052 ], [ -88.6986644, 44.670884200000032 ], [ -88.6989524, 44.676917199999984 ], [ -88.6969984, 44.674325199999984 ], [ -88.6881164, 44.674282299999973 ], [ -88.6924424, 44.6713452 ], [ -88.6920274, 44.66704919999998 ], [ -88.6971084, 44.667068199999967 ], [ -88.6971774, 44.663377199999978 ], [ -88.6946124, 44.66338420000001 ], [ -88.6941774, 44.6604522 ], [ -88.6971154, 44.659773199999989 ] ] ] } },
{ "type": "Feature", "properties": { "state_po": "WI", "county_geoid": "55135", "pwsid": "WI4690394", "pws_name": "IOLA WATERWORKS", "population_served_count": 1249, "model_method": "Random Forest", "verification_status": "", "symbology_field": "Modeled", "intersection_area_sq_km": 3.2215901883337925 }, "geometry": { "type": "Polygon", "coordinates": [ [ [ -89.1229995, 44.500828199999944 ], [ -89.1381595, 44.500877199999969 ], [ -89.1381275, 44.504063199999976 ], [ -89.1431635, 44.5040432 ], [ -89.1431625, 44.5058302 ], [ -89.1476975, 44.505822200000019 ], [ -89.1499145, 44.503987199999969 ], [ -89.1491595, 44.506441199999969 ], [ -89.1412715, 44.5088262 ], [ -89.1382285, 44.508212200000038 ], [ -89.1381135, 44.513298200000023 ], [ -89.1325485, 44.514155200000012 ], [ -89.1305195, 44.517740199999977 ], [ -89.1341915, 44.520188199999964 ], [ -89.1440435, 44.5211042 ], [ -89.1484695, 44.522895200000022 ], [ -89.1479455, 44.527770199999985 ], [ -89.1408085, 44.524875199999983 ], [ -89.1421815, 44.524187200000021 ], [ -89.1390085, 44.521911200000055 ], [ -89.1354965, 44.5218782 ], [ -89.1295335, 44.518289200000027 ], [ -89.1314705, 44.514332199999984 ], [ -89.1293915, 44.5157042 ], [ -89.129154500000013, 44.5142992 ], [ -89.1318075, 44.51416420000001 ], [ -89.1284965, 44.512668200000029 ], [ -89.1300805, 44.50866020000003 ], [ -89.1259765, 44.510024199999982 ], [ -89.1264735, 44.5118462 ], [ -89.1251025, 44.5109092 ], [ -89.1233005, 44.5121702 ], [ -89.1235685, 44.5133732 ], [ -89.1252225, 44.512765200000011 ], [ -89.124036500000017, 44.5135842 ], [ -89.1083915, 44.512906200000025 ], [ -89.1094245, 44.50924519999996 ], [ -89.1128545, 44.5092942 ], [ -89.1128475, 44.5062352 ], [ -89.1196265, 44.506235199999963 ], [ -89.1160595, 44.501575200000012 ], [ -89.1229565, 44.50250819999998 ], [ -89.1229995, 44.500828199999944 ] ] ] } },
{ "type": "Feature", "properties": { "state_po": "WI", "county_geoid": "55135", "pwsid": "WI4690396", "pws_name": "MARION WATERWORKS", "population_served_count": 1293, "model_method": "Random Forest", "verification_status": "", "symbology_field": "Modeled", "intersection_area_sq_km": 3.5421768474587298 }, "geometry": { "type": "Polygon", "coordinates": [ [ [ -88.8828684, 44.679665199999953 ], [ -88.8741164, 44.676084199999949 ], [ -88.8741844, 44.674641200000032 ], [ -88.8854544, 44.6738842 ], [ -88.8847204, 44.670980199999967 ], [ -88.8663114, 44.671175199999958 ], [ -88.869901399999989, 44.6746752 ], [ -88.863974399999989, 44.673218200000029 ], [ -88.8639724, 44.6675282 ], [ -88.8740154, 44.667402199999984 ], [ -88.8740724, 44.663703199999958 ], [ -88.8892304, 44.6638112 ], [ -88.8893064, 44.6601452 ], [ -88.8923694, 44.660155200000027 ], [ -88.8893544, 44.6681602 ], [ -88.8905784, 44.670939199999985 ], [ -88.9001344, 44.67088620000002 ], [ -88.9001144, 44.672444200000037 ], [ -88.8959924, 44.671457199999949 ], [ -88.8935684, 44.673767199999986 ], [ -88.8882294, 44.672872199999951 ], [ -88.8884394, 44.6740072 ], [ -88.8949974, 44.674706200000017 ], [ -88.8959904, 44.675931200000022 ], [ -88.8977674, 44.674813199999981 ], [ -88.9170044, 44.674560199999966 ], [ -88.917043308189392, 44.679627996305328 ], [ -88.8828684, 44.679665199999953 ] ] ] } },
{ "type": "Feature", "properties": { "state_po": "WI", "county_geoid": "55135", "pwsid": "WI4690403", "pws_name": "WEYAUWEGA WATERWORKS", "population_served_count": 1856, "model_method": "Decision Tree", "verification_status": "", "symbology_field": "Modeled", "intersection_area_sq_km": 5.2480585148480641 }, "geometry": { "type": "Polygon", "coordinates": [ [ [ -88.9315334, 44.305992199999984 ], [ -88.9345084, 44.31053719999997 ], [ -88.947041399999989, 44.319332199999955 ], [ -88.9437494, 44.3189142 ], [ -88.9437164, 44.320225200000017 ], [ -88.9507544, 44.322436200000013 ], [ -88.9507604, 44.321888199999975 ], [ -88.9516154, 44.32144920000006 ], [ -88.9538644, 44.325382200000028 ], [ -88.9645824, 44.326335199999974 ], [ -88.9647894, 44.3277822 ], [ -88.9608754, 44.3291892 ], [ -88.9541604, 44.328202199999978 ], [ -88.9547094, 44.332218199999978 ], [ -88.9419624, 44.329568199999919 ], [ -88.9210744, 44.3301272 ], [ -88.9124234, 44.326376199999984 ], [ -88.9121614, 44.3254562 ], [ -88.9150374, 44.326298200000025 ], [ -88.9146594, 44.324648199999984 ], [ -88.9167844, 44.324756199999982 ], [ -88.9150324, 44.323607200000012 ], [ -88.915898399999989, 44.3211262 ], [ -88.9125344, 44.3197002 ], [ -88.9100304, 44.321560199999972 ], [ -88.9071554, 44.3205702 ], [ -88.9053544, 44.31615419999995 ], [ -88.9159784, 44.319462199999975 ], [ -88.9165164, 44.3150892 ], [ -88.9317264, 44.315113199999935 ], [ -88.9331814, 44.3127182 ], [ -88.9317134, 44.312876199999984 ], [ -88.9315334, 44.305992199999984 ] ] ] } },
{ "type": "Feature", "properties": { "state_po": "WI", "county_geoid": "55135", "pwsid": "WI4690321", "pws_name": "RAWHIDE YOUTH HOMES", "population_served_count": 92, "model_method": "Random Forest", "verification_status": "", "symbology_field": "Modeled", "intersection_area_sq_km": 0.014559722454404957 }, "geometry": { "type": "Polygon", "coordinates": [ [ [ -88.8742574, 44.262720199999954 ], [ -88.8765344, 44.263627199999945 ], [ -88.8742094, 44.263300199999946 ], [ -88.8742574, 44.262720199999954 ] ] ] } },
{ "type": "Feature", "properties": { "state_po": "WI", "county_geoid": "55135", "pwsid": "WI4690345", "pws_name": "MANAWA WATERWORKS", "population_served_count": 1300, "model_method": "Random Forest", "verification_status": "", "symbology_field": "Modeled", "intersection_area_sq_km": 4.6144495217966321 }, "geometry": { "type": "MultiPolygon", "coordinates": [ [ [ [ -88.9150064, 44.4460922 ], [ -88.9271984, 44.44747620000004 ], [ -88.9301834, 44.44976919999997 ], [ -88.9303984, 44.475776199999977 ], [ -88.9100824, 44.475528199999985 ], [ -88.9100374, 44.4725662 ], [ -88.9166584, 44.472460199999965 ], [ -88.9191304, 44.469614199999974 ], [ -88.9171864, 44.468295200000036 ], [ -88.9188824, 44.4682882 ], [ -88.917317400000016, 44.4681362 ], [ -88.9200394, 44.46586420000002 ], [ -88.9098124, 44.466303199999977 ], [ -88.9097534, 44.4590352 ], [ -88.9072054, 44.459013199999966 ], [ -88.9072384, 44.4572082 ], [ -88.9097774, 44.457226199999965 ], [ -88.9099084, 44.449843200000025 ], [ -88.9149604, 44.449808199999943 ], [ -88.9150064, 44.4460922 ] ] ], [ [ [ -88.9076614, 44.4631332 ], [ -88.9047124, 44.462233199999972 ], [ -88.9046984, 44.460860199999985 ], [ -88.9087684, 44.46091220000001 ], [ -88.9076614, 44.4631332 ] ] ] ] } },
{ "type": "Feature", "properties": { "state_po": "WI", "county_geoid": "55135", "pwsid": "WI4690395", "pws_name": "WISCONSIN VETERANS HOME", "population_served_count": 1240, "model_method": "Random Forest", "verification_status": "", "symbology_field": "Modeled", "intersection_area_sq_km": 0.38354893252789996 }, "geometry": { "type": "MultiPolygon", "coordinates": [ [ [ [ -89.1481245, 44.334597200000047 ], [ -89.14353650000001, 44.3408662 ], [ -89.1411515, 44.33992520000001 ], [ -89.1368245, 44.34186620000002 ], [ -89.1358375, 44.341094199999972 ], [ -89.1411115, 44.338539199999978 ], [ -89.1444015, 44.334585199999978 ], [ -89.1481245, 44.334597200000047 ] ] ], [ [ [ -89.139672499999989, 44.338186199999988 ], [ -89.1364665, 44.339745200000017 ], [ -89.1330895, 44.339708199999968 ], [ -89.1330845, 44.337473200000048 ], [ -89.139672499999989, 44.338186199999988 ] ] ] ] } },
{ "type": "Feature", "properties": { "state_po": "WI", "county_geoid": "55135", "pwsid": "WI4690405", "pws_name": "BOARDWALK MHC", "population_served_count": 71, "model_method": "Decision Tree", "verification_status": "", "symbology_field": "Modeled", "intersection_area_sq_km": 0.57310205344565202 }, "geometry": { "type": "Polygon", "coordinates": [ [ [ -88.7370484, 44.468275199999972 ], [ -88.7395274, 44.469243199999958 ], [ -88.7417734, 44.467860200000011 ], [ -88.7419484, 44.481742200000014 ], [ -88.736999619793082, 44.481883623072036 ], [ -88.7370484, 44.468275199999972 ] ] ] } },
{ "type": "Feature", "properties": { "state_po": "WI", "county_geoid": "55087", "pwsid": "WI4450408", "pws_name": "BLACK CREEK WATERWORKS", "population_served_count": 1336, "model_method": "Random Forest", "verification_status": "", "symbology_field": "Modeled", "intersection_area_sq_km": 1.7683005508000202 }, "geometry": { "type": "MultiPolygon", "coordinates": [ [ [ [ -88.4488013, 44.482593200000018 ], [ -88.4452983, 44.4823132 ], [ -88.445497300000014, 44.4809492 ], [ -88.4408363, 44.480897199999973 ], [ -88.4448383, 44.477782199999965 ], [ -88.4493983, 44.477414200000048 ], [ -88.4494503, 44.476159200000019 ], [ -88.4467323, 44.475964199999972 ], [ -88.4467583, 44.473814199999985 ], [ -88.4409113, 44.473718199999965 ], [ -88.4411673, 44.466683199999963 ], [ -88.4512373, 44.4669512 ], [ -88.452988300000015, 44.465813199999964 ], [ -88.4529523, 44.466957199999989 ], [ -88.4610723, 44.46687619999998 ], [ -88.4609673, 44.472150199999952 ], [ -88.4539553, 44.4720702 ], [ -88.4543013, 44.480988200000013 ], [ -88.4522283, 44.4809742 ], [ -88.4488013, 44.482593200000018 ] ] ], [ [ [ -88.448929299999989, 44.4826212 ], [ -88.4486453, 44.4830932 ], [ -88.4483623, 44.483192200000047 ], [ -88.448929299999989, 44.4826212 ] ] ] ] } },
{ "type": "Feature", "properties": { "state_po": "WI", "county_geoid": "55087", "pwsid": "WI4450411", "pws_name": "HORTONVILLE WATER UTILITY", "population_served_count": 3028, "model_method": "Random Forest", "verification_status": "", "symbology_field": "Modeled", "intersection_area_sq_km": 5.5519598632737024 }, "geometry": { "type": "MultiPolygon", "coordinates": [ [ [ [ -88.6366233, 44.314049200000014 ], [ -88.6429303, 44.314482200000015 ], [ -88.6428743, 44.3161812 ], [ -88.6360323, 44.315884199999971 ], [ -88.6366233, 44.314049200000014 ] ] ], [ [ [ -88.6360323, 44.315884199999971 ], [ -88.6395963, 44.3242892 ], [ -88.6458603, 44.324729200000036 ], [ -88.6456063, 44.330787199999982 ], [ -88.6539923, 44.3311472 ], [ -88.6540403, 44.329714200000026 ], [ -88.6557763, 44.3297802 ], [ -88.6559583, 44.323862200000029 ], [ -88.6697033, 44.324012200000041 ], [ -88.6695533, 44.327574199999987 ], [ -88.6727983, 44.327687199999978 ], [ -88.6726483, 44.331296199999969 ], [ -88.6686543, 44.331286200000022 ], [ -88.6687073, 44.3296852 ], [ -88.6659693, 44.32966719999996 ], [ -88.6659033, 44.33127420000001 ], [ -88.6596383, 44.331236199999978 ], [ -88.6607833, 44.337306199999979 ], [ -88.6558293, 44.336626199999927 ], [ -88.6558303, 44.338378199999987 ], [ -88.6456783, 44.3380672 ], [ -88.6456473, 44.341730200000022 ], [ -88.6406083, 44.341549199999953 ], [ -88.6406033, 44.345209200000035 ], [ -88.635579299999989, 44.3450372 ], [ -88.6355413, 44.343081200000015 ], [ -88.6269173, 44.350918200000024 ], [ -88.6263213, 44.3478662 ], [ -88.6292493, 44.346396199999987 ], [ -88.6283323, 44.344886199999976 ], [ -88.6326193, 44.341264200000012 ], [ -88.6303103, 44.339487199999965 ], [ -88.6302143, 44.3354682 ], [ -88.6157953, 44.3337182 ], [ -88.6157843, 44.330692199999966 ], [ -88.6324913, 44.330475199999988 ], [ -88.6303293, 44.332240199999951 ], [ -88.6267803, 44.332138200000024 ], [ -88.6309553, 44.3351702 ], [ -88.6324893, 44.33295719999996 ], [ -88.6384143, 44.334425199999956 ], [ -88.6344973, 44.329231199999988 ], [ -88.6288663, 44.327223199999963 ], [ -88.6356883, 44.328548199999986 ], [ -88.626939299999989, 44.315938199999977 ], [ -88.6360323, 44.315884199999971 ] ] ] ] } },
{ "type": "Feature", "properties": { "state_po": "WI", "county_geoid": "55087", "pwsid": "WI4450414", "pws_name": "NICHOLS WATERWORKS", "population_served_count": 275, "model_method": "Random Forest", "verification_status": "", "symbology_field": "Modeled", "intersection_area_sq_km": 0.35975972489437913 }, "geometry": { "type": "Polygon", "coordinates": [ [ [ -88.4595553, 44.559778200000039 ], [ -88.4620123, 44.563309199999978 ], [ -88.4634073, 44.5618852 ], [ -88.4684453, 44.563153199999967 ], [ -88.4683773, 44.571946200000028 ], [ -88.4670313, 44.5719432 ], [ -88.4595553, 44.559778200000039 ] ] ] } },
{ "type": "Feature", "properties": { "state_po": "WI", "county_geoid": "55087", "pwsid": "WI4450415", "pws_name": "SHIOCTON UTILITIES", "population_served_count": 921, "model_method": "Random Forest", "verification_status": "", "symbology_field": "Modeled", "intersection_area_sq_km": 3.0719802259627316 }, "geometry": { "type": "Polygon", "coordinates": [ [ [ -88.5773583, 44.438648199999953 ], [ -88.5806783, 44.434807199999966 ], [ -88.5884923, 44.435728199999943 ], [ -88.5875853, 44.4384302 ], [ -88.5911693, 44.443016200000038 ], [ -88.5804743, 44.4442542 ], [ -88.5854403, 44.446549200000028 ], [ -88.5811053, 44.446286199999975 ], [ -88.5830053, 44.447691199999973 ], [ -88.5837263, 44.449995199999947 ], [ -88.5828523, 44.4489312 ], [ -88.5813133, 44.451488199999979 ], [ -88.5807083, 44.450380199999977 ], [ -88.5764493, 44.4518352 ], [ -88.5740203, 44.449596199999952 ], [ -88.5735993, 44.451314199999963 ], [ -88.5760673, 44.452953200000032 ], [ -88.5737073, 44.451967200000013 ], [ -88.5706113, 44.453597200000033 ], [ -88.5607763, 44.45272019999998 ], [ -88.5607563, 44.44555019999995 ], [ -88.5557723, 44.445447200000025 ], [ -88.5557763, 44.444381199999988 ], [ -88.5659473, 44.4420122 ], [ -88.5659993, 44.4384102 ], [ -88.5773583, 44.438648199999953 ] ] ] } },
{ "type": "Feature", "properties": { "state_po": "WI", "county_geoid": "55087", "pwsid": "WI4450421", "pws_name": "MAPLEWOOD VILLAGE", "population_served_count": 225, "model_method": "Random Forest", "verification_status": "", "symbology_field": "Modeled", "intersection_area_sq_km": 0.059044959615265936 }, "geometry": { "type": "Polygon", "coordinates": [ [ [ -88.3457322, 44.328704199999983 ], [ -88.345311200000012, 44.331795200000037 ], [ -88.3430112, 44.331795200000037 ], [ -88.3438982, 44.328688199999988 ], [ -88.3457322, 44.328704199999983 ] ] ] } },
{ "type": "Feature", "properties": { "state_po": "WI", "county_geoid": "55087", "pwsid": "WI4450867", "pws_name": "BEAR CREEK WATERWORKS", "population_served_count": 418, "model_method": "Decision Tree", "verification_status": "", "symbology_field": "Modeled", "intersection_area_sq_km": 0.23724048099491146 }, "geometry": { "type": "Polygon", "coordinates": [ [ [ -88.7303194, 44.525311199999983 ], [ -88.7277934, 44.5254922 ], [ -88.7289534, 44.531396199999946 ], [ -88.7253704, 44.531401200000012 ], [ -88.7253764, 44.5240762 ], [ -88.7301794, 44.5240512 ], [ -88.7303194, 44.525311199999983 ] ] ] } },
{ "type": "Feature", "properties": { "state_po": "WI", "county_geoid": "55087", "pwsid": "WI4451167", "pws_name": "NORTH LAKE VILLAGE", "population_served_count": 44, "model_method": "Random Forest", "verification_status": "", "symbology_field": "Modeled", "intersection_area_sq_km": 0.18177761694651698 }, "geometry": { "type": "Polygon", "coordinates": [ [ [ -88.3851562, 44.316376200000015 ], [ -88.3805272, 44.320030200000012 ], [ -88.380009199999989, 44.31858619999997 ], [ -88.3751722, 44.3186242 ], [ -88.3754562, 44.3164532 ], [ -88.3851562, 44.316376200000015 ] ] ] } },
{ "type": "Feature", "properties": { "state_po": "WI", "county_geoid": "55087", "pwsid": "WI4451734", "pws_name": "GREENVILLE UTILITIES VIL OF/CRESTVIEW SUBDIVISION", "population_served_count": 120, "model_method": "Random Forest", "verification_status": "", "symbology_field": "Modeled", "intersection_area_sq_km": 4.9971037816712274 }, "geometry": { "type": "Polygon", "coordinates": [ [ [ -88.5774353, 44.272515200000058 ], [ -88.6176323, 44.272870200000021 ], [ -88.6169903, 44.287290200000022 ], [ -88.5773553, 44.2871122 ], [ -88.5774353, 44.272515200000058 ] ], [ [ -88.5974153, 44.275039199999974 ], [ -88.5935193, 44.276399200000043 ], [ -88.593567299999989, 44.27911320000004 ], [ -88.5973373, 44.278498199999959 ], [ -88.5974153, 44.275039199999974 ] ] ] } },
{ "type": "Feature", "properties": { "state_po": "WI", "county_geoid": "55087", "pwsid": "WI4690405", "pws_name": "BOARDWALK MHC", "population_served_count": 71, "model_method": "Decision Tree", "verification_status": "", "symbology_field": "Modeled", "intersection_area_sq_km": 0.017378427377014439 }, "geometry": { "type": "Polygon", "coordinates": [ [ [ -88.736999619793082, 44.481883623072036 ], [ -88.7368954, 44.474522200000024 ], [ -88.7368024, 44.4680962 ], [ -88.736943862451696, 44.468199134223077 ], [ -88.736999619793082, 44.481883623072036 ] ] ] } },
{ "type": "Feature", "properties": { "state_po": "WI", "county_geoid": "55087", "pwsid": "WI4050726", "pws_name": "HOLLAND TN SANITARY DIST", "population_served_count": 495, "model_method": "Random Forest", "verification_status": "", "symbology_field": "Modeled", "intersection_area_sq_km": 8.4005641525003323e-06 }, "geometry": { "type": "Polygon", "coordinates": [ [ [ -88.1926172, 44.241955200000021 ], [ -88.192600242397262, 44.242246595178102 ], [ -88.192610707943714, 44.24195513368997 ], [ -88.1926172, 44.241955200000021 ] ] ] } },
{ "type": "Feature", "properties": { "state_po": "WI", "county_geoid": "55087", "pwsid": "WI4451651", "pws_name": "RUEDEN RIDGE SUBDIVISION", "population_served_count": 100, "model_method": "Random Forest", "verification_status": "", "symbology_field": "Modeled", "intersection_area_sq_km": 2.4556904184500636 }, "geometry": { "type": "Polygon", "coordinates": [ [ [ -88.1934502, 44.2492022 ], [ -88.202337200000017, 44.2494002 ], [ -88.202162199999989, 44.256562200000026 ], [ -88.2073222, 44.256699200000014 ], [ -88.20706220000001, 44.265141199999981 ], [ -88.2036192, 44.264956199999979 ], [ -88.2033252, 44.267030199999986 ], [ -88.2033662, 44.269006199999986 ], [ -88.2069342, 44.269289199999989 ], [ -88.2068822, 44.2710132 ], [ -88.191570436087048, 44.270914918424744 ], [ -88.1934502, 44.2492022 ] ] ] } },
{ "type": "Feature", "properties": { "state_po": "WI", "county_geoid": "55087", "pwsid": "WI4451607", "pws_name": "FREEDOM SANITARY DISTRICT", "population_served_count": 3000, "model_method": "Random Forest", "verification_status": "", "symbology_field": "Modeled", "intersection_area_sq_km": 2.0825697641774239 }, "geometry": { "type": "Polygon", "coordinates": [ [ [ -88.2916762, 44.376576199999988 ], [ -88.2916442, 44.3808732 ], [ -88.2944672, 44.380043199999974 ], [ -88.2914632, 44.3866032 ], [ -88.2966362, 44.3872802 ], [ -88.2886122, 44.3914232 ], [ -88.2792062, 44.40029220000001 ], [ -88.2712152, 44.400659200000035 ], [ -88.2760762, 44.3966432 ], [ -88.2742882, 44.395556200000023 ], [ -88.2766452, 44.3935962 ], [ -88.2794172, 44.3937172 ], [ -88.2852922, 44.389117199999987 ], [ -88.2813402, 44.386433199999935 ], [ -88.2815452, 44.376289199999988 ], [ -88.2916762, 44.376576199999988 ] ] ] } },
{ "type": "Feature", "properties": { "state_po": "WI", "county_geoid": "55087", "pwsid": "WI4051769", "pws_name": "HOBART WATERWORKS  S A 2", "population_served_count": 450, "model_method": "Random Forest", "verification_status": "", "symbology_field": "Modeled", "intersection_area_sq_km": 0.00096380748143926336 }, "geometry": { "type": "MultiPolygon", "coordinates": [ [ [ [ -88.190339400232702, 44.508924760172725 ], [ -88.1903572, 44.510028300000016 ], [ -88.19037222288172, 44.518453364650604 ], [ -88.190339400232702, 44.508924760172725 ] ] ], [ [ [ -88.190442250812623, 44.536650652124749 ], [ -88.190449199999989, 44.537191300000011 ], [ -88.190444650072138, 44.537273957052356 ], [ -88.190442250812623, 44.536650652124749 ] ] ], [ [ [ -88.190449, 44.538404 ], [ -88.190445611766066, 44.537523793044507 ], [ -88.1904552, 44.538412300000026 ], [ -88.190449, 44.538404 ] ] ] ] } },
{ "type": "Feature", "properties": { "state_po": "WI", "county_geoid": "55079", "pwsid": "WI2681086", "pws_name": "OAKTON BEACH", "population_served_count": 144, "model_method": "Random Forest", "verification_status": "", "symbology_field": "Modeled", "intersection_area_sq_km": 0.05595824911476014 }, "geometry": { "type": "Polygon", "coordinates": [ [ [ -88.0469, 42.947026 ], [ -88.046529, 42.948756 ], [ -88.043367, 42.948597 ], [ -88.043239, 42.946753 ], [ -88.0469, 42.947026 ] ] ] } },
{ "type": "Feature", "properties": { "state_po": "WI", "county_geoid": "55079", "pwsid": "WI2680191", "pws_name": "BUTLER WATERWORKS", "population_served_count": 2181, "model_method": "Random Forest", "verification_status": "", "symbology_field": "Modeled", "intersection_area_sq_km": 0.00082157610034907624 }, "geometry": { "type": "MultiPolygon", "coordinates": [ [ [ [ -88.066032945682366, 43.103824947841638 ], [ -88.066086, 43.100474 ], [ -88.066135348179898, 43.09872031488721 ], [ -88.066032945682366, 43.103824947841638 ] ] ], [ [ [ -88.065800611987882, 43.112272209055114 ], [ -88.065892, 43.108992 ], [ -88.065938897715597, 43.107456224577149 ], [ -88.065800611987882, 43.112272209055114 ] ] ], [ [ [ -88.065661986559107, 43.11703413056923 ], [ -88.065588355159605, 43.118798886815696 ], [ -88.065627, 43.117374 ], [ -88.065661986559107, 43.11703413056923 ] ] ] ] } },
{ "type": "Feature", "properties": { "state_po": "WI", "county_geoid": "55079", "pwsid": "WI2460147", "pws_name": "WILLIAMSBURG 207 209 AND 214", "population_served_count": 70, "model_method": "Random Forest", "verification_status": "", "symbology_field": "Modeled", "intersection_area_sq_km": 0.048092537667682254 }, "geometry": { "type": "Polygon", "coordinates": [ [ [ -87.9027156, 43.101307400000032 ], [ -87.9039444, 43.105752399999986 ], [ -87.902620399999989, 43.105742399999954 ], [ -87.9027156, 43.101307400000032 ] ] ] } },
{ "type": "Feature", "properties": { "state_po": "WI", "county_geoid": "55079", "pwsid": "WI2413464", "pws_name": "MEADOWS CONDOMINIUMS ASSOC LTD", "population_served_count": 50, "model_method": "Random Forest", "verification_status": "", "symbology_field": "Modeled", "intersection_area_sq_km": 0.013629371497125186 }, "geometry": { "type": "Polygon", "coordinates": [ [ [ -88.006623, 42.910756 ], [ -88.005675, 42.912034 ], [ -88.00549, 42.911134 ], [ -88.006623, 42.910756 ] ] ] } },
{ "type": "Feature", "properties": { "state_po": "WI", "county_geoid": "55079", "pwsid": "WI2410602", "pws_name": "FRANKLIN MHP", "population_served_count": 118, "model_method": "OSM", "verification_status": "", "symbology_field": "Modeled", "intersection_area_sq_km": 0.0093727314838387438 }, "geometry": { "type": "Polygon", "coordinates": [ [ [ -87.949481, 42.928023 ], [ -87.95207, 42.928459 ], [ -87.949465, 42.928403 ], [ -87.949481, 42.928023 ] ] ] } },
{ "type": "Feature", "properties": { "state_po": "WI", "county_geoid": "55079", "pwsid": "WI2410589", "pws_name": "ROBERT WILLIAM PARK WATER ASSOCIATION INC", "population_served_count": 1065, "model_method": "Random Forest", "verification_status": "", "symbology_field": "Modeled", "intersection_area_sq_km": 0.77931592901944435 }, "geometry": { "type": "Polygon", "coordinates": [ [ [ -88.052913, 43.104813 ], [ -88.051241, 43.114547 ], [ -88.046664, 43.119329 ], [ -88.040834, 43.119418 ], [ -88.040921, 43.112165 ], [ -88.047221, 43.11213 ], [ -88.047134, 43.109093 ], [ -88.050331, 43.107589 ], [ -88.050502, 43.104827 ], [ -88.052913, 43.104813 ] ] ] } },
{ "type": "Feature", "properties": { "state_po": "WI", "county_geoid": "55079", "pwsid": "WI2460124", "pws_name": "RAVINE FARMS HM OWNERS ASSOC", "population_served_count": 100, "model_method": "Random Forest", "verification_status": "", "symbology_field": "Modeled", "intersection_area_sq_km": 0.091595439695754344 }, "geometry": { "type": "Polygon", "coordinates": [ [ [ -87.914096, 43.1920451 ], [ -87.915931, 43.1894461 ], [ -87.919617, 43.191016099999985 ], [ -87.919420428606401, 43.192108624737685 ], [ -87.914096, 43.1920451 ] ] ] } },
{ "type": "Feature", "properties": { "state_po": "WI", "county_geoid": "55063", "pwsid": "WI6320316", "pws_name": "BROOKVIEW MHP", "population_served_count": 300, "model_method": "OSM", "verification_status": "", "symbology_field": "Modeled", "intersection_area_sq_km": 0.068040223147987439 }, "geometry": { "type": "Polygon", "coordinates": [ [ [ -91.1172783, 43.752941499999984 ], [ -91.119922, 43.756433 ], [ -91.116775, 43.755437 ], [ -91.1172783, 43.752941499999984 ] ] ] } },
{ "type": "Feature", "properties": { "state_po": "WI", "county_geoid": "55063", "pwsid": "WI6320319", "pws_name": "LA CROSSE ESTATES LLC", "population_served_count": 351, "model_method": "Random Forest", "verification_status": "", "symbology_field": "Modeled", "intersection_area_sq_km": 0.049746656488566542 }, "geometry": { "type": "Polygon", "coordinates": [ [ [ -91.2111261, 43.76889870000003 ], [ -91.2095248, 43.768924199999979 ], [ -91.208368299999989, 43.7650226 ], [ -91.2094486, 43.765048 ], [ -91.2111261, 43.76889870000003 ] ] ] } },
{ "type": "Feature", "properties": { "state_po": "WI", "county_geoid": "55063", "pwsid": "WI6320484", "pws_name": "GOLDEN VALLEY MOBILE HOME PARK", "population_served_count": 80, "model_method": "OSM", "verification_status": "", "symbology_field": "Modeled", "intersection_area_sq_km": 0.028675141020054761 }, "geometry": { "type": "Polygon", "coordinates": [ [ [ -91.1171116, 43.752997300000011 ], [ -91.116239299999989, 43.755142800000044 ], [ -91.115283600000012, 43.755173599999971 ], [ -91.1149676, 43.7530527 ], [ -91.1171116, 43.752997300000011 ] ] ] } },
{ "type": "Feature", "properties": { "state_po": "WI", "county_geoid": "55063", "pwsid": "WI6320307", "pws_name": "COULEE MANOR TRAILER PARK", "population_served_count": 39, "model_method": "Random Forest", "verification_status": "", "symbology_field": "Modeled", "intersection_area_sq_km": 0.035607524279566753 }, "geometry": { "type": "Polygon", "coordinates": [ [ [ -91.1286595, 43.7596214 ], [ -91.125495, 43.758032799999974 ], [ -91.1265499, 43.757181299999964 ], [ -91.1290535, 43.758376 ], [ -91.1286595, 43.7596214 ] ] ] } },
{ "type": "Feature", "properties": { "state_po": "WI", "county_geoid": "55063", "pwsid": "WI6320310", "pws_name": "SHELBY TN OF SD 2 SKYLINE", "population_served_count": 156, "model_method": "Random Forest", "verification_status": "", "symbology_field": "Modeled", "intersection_area_sq_km": 0.18677106033517676 }, "geometry": { "type": "Polygon", "coordinates": [ [ [ -91.193023, 43.777495 ], [ -91.193161, 43.779585 ], [ -91.191834, 43.783981600000047 ], [ -91.1870231, 43.779171200000015 ], [ -91.193023, 43.777495 ] ] ] } },
{ "type": "Feature", "properties": { "state_po": "WI", "county_geoid": "55063", "pwsid": "WI6320638", "pws_name": "ISLAND ESTATES", "population_served_count": 50, "model_method": "Random Forest", "verification_status": "", "symbology_field": "Modeled", "intersection_area_sq_km": 0.30204188338021659 }, "geometry": { "type": "Polygon", "coordinates": [ [ [ -91.268621, 43.854248 ], [ -91.264343, 43.854595 ], [ -91.264292, 43.852201 ], [ -91.262153, 43.852164 ], [ -91.263875, 43.845535 ], [ -91.268621, 43.854248 ] ] ] } },
{ "type": "Feature", "properties": { "state_po": "WI", "county_geoid": "55063", "pwsid": "WI6320315", "pws_name": "BLUFFVIEW COMMONS", "population_served_count": 140, "model_method": "Random Forest", "verification_status": "", "symbology_field": "Modeled", "intersection_area_sq_km": 0.08176827476360006 }, "geometry": { "type": "Polygon", "coordinates": [ [ [ -91.1788629, 43.8127548 ], [ -91.176962, 43.813983 ], [ -91.172907, 43.81199 ], [ -91.1742793, 43.810707400000034 ], [ -91.1788629, 43.8127548 ] ] ] } },
{ "type": "Feature", "properties": { "state_po": "WI", "county_geoid": "55063", "pwsid": "WI6320318", "pws_name": "ST JOSEPH SAN DIST 1", "population_served_count": 503, "model_method": "Random Forest", "verification_status": "", "symbology_field": "Modeled", "intersection_area_sq_km": 1.5160807593271237 }, "geometry": { "type": "Polygon", "coordinates": [ [ [ -91.040201, 43.783046 ], [ -91.046032, 43.784111 ], [ -91.045807, 43.789641 ], [ -91.042604, 43.792174 ], [ -91.042229, 43.794678 ], [ -91.043106, 43.796847 ], [ -91.04482, 43.798015 ], [ -91.046754, 43.798884 ], [ -91.048142, 43.799729 ], [ -91.049595, 43.801418 ], [ -91.054504, 43.810138 ], [ -91.051904, 43.81137 ], [ -91.047164, 43.799158 ], [ -91.031081, 43.796401 ], [ -91.031023, 43.788772 ], [ -91.040414, 43.786136 ], [ -91.040201, 43.783046 ] ] ] } },
{ "type": "Feature", "properties": { "state_po": "WI", "county_geoid": "55063", "pwsid": "WI6320323", "pws_name": "SHELBY TN OF SD 2 ARBOR HL", "population_served_count": 231, "model_method": "Random Forest", "verification_status": "", "symbology_field": "Modeled", "intersection_area_sq_km": 0.3338968340799629 }, "geometry": { "type": "Polygon", "coordinates": [ [ [ -91.188751, 43.800994 ], [ -91.192033, 43.80585 ], [ -91.189166, 43.811971 ], [ -91.184282, 43.811954 ], [ -91.188751, 43.800994 ] ] ] } },
{ "type": "Feature", "properties": { "state_po": "WI", "county_geoid": "55063", "pwsid": "WI6620332", "pws_name": "TREMPEALEAU WATERWORKS", "population_served_count": 1888, "model_method": "Random Forest", "verification_status": "", "symbology_field": "Modeled", "intersection_area_sq_km": 9.2653959103799553e-06 }, "geometry": { "type": "Polygon", "coordinates": [ [ [ -91.4132501, 43.984174 ], [ -91.413256574959163, 43.984179074272561 ], [ -91.412845875281533, 43.984178268220148 ], [ -91.4132501, 43.984174 ] ] ] } },
{ "type": "Feature", "properties": { "state_po": "WI", "county_geoid": "55063", "pwsid": "WI2300172", "pws_name": "MEADOWVIEW VILLAGE APTS", "population_served_count": 48, "model_method": "Random Forest", "verification_status": "", "symbology_field": "Modeled", "intersection_area_sq_km": 0.013465453346661738 }, "geometry": { "type": "Polygon", "coordinates": [ [ [ -91.246709, 43.811658 ], [ -91.245308, 43.812734 ], [ -91.245312, 43.811659 ], [ -91.246709, 43.811658 ] ] ] } },
{ "type": "Feature", "properties": { "state_po": "WI", "county_geoid": "55063", "pwsid": "WI6320336", "pws_name": "BOSTWICK VALLEY MHP", "population_served_count": 240, "model_method": "Random Forest", "verification_status": "", "symbology_field": "Modeled", "intersection_area_sq_km": 1.2510192809688898 }, "geometry": { "type": "Polygon", "coordinates": [ [ [ -91.121575, 43.848962 ], [ -91.115219, 43.855193 ], [ -91.111261, 43.855168 ], [ -91.110947, 43.852236 ], [ -91.10607, 43.850232 ], [ -91.10623, 43.839081 ], [ -91.11187, 43.841183 ], [ -91.114232, 43.844598 ], [ -91.118228, 43.844986 ], [ -91.121575, 43.848962 ] ] ] } },
{ "type": "Feature", "properties": { "state_po": "WI", "county_geoid": "55063", "pwsid": "WI6320326", "pws_name": "TOWN OF FARMINGTON SANITARY DISTRICT", "population_served_count": 275, "model_method": "Random Forest", "verification_status": "", "symbology_field": "Modeled", "intersection_area_sq_km": 0.79759577522485936 }, "geometry": { "type": "Polygon", "coordinates": [ [ [ -91.105575, 44.021089 ], [ -91.113595, 44.026043 ], [ -91.104396, 44.026205 ], [ -91.091846, 44.022197 ], [ -91.091806, 44.019422 ], [ -91.100471, 44.020182 ], [ -91.101847, 44.013897 ], [ -91.105575, 44.021089 ] ] ] } },
{ "type": "Feature", "properties": { "state_po": "WI", "county_geoid": "55063", "pwsid": "WI6320333", "pws_name": "ROCKLAND WATERWORKS", "population_served_count": 642, "model_method": "Random Forest", "verification_status": "", "symbology_field": "Modeled", "intersection_area_sq_km": 1.3604985548241695 }, "geometry": { "type": "Polygon", "coordinates": [ [ [ -90.911023899999989, 43.917038 ], [ -90.9100939, 43.902259 ], [ -90.9168109, 43.900186 ], [ -90.9199549, 43.900841 ], [ -90.919828900000013, 43.899257 ], [ -90.9250099, 43.899275 ], [ -90.9251119, 43.906545 ], [ -90.92008890000001, 43.906564 ], [ -90.9200759, 43.909413 ], [ -90.9150909, 43.909404 ], [ -90.9151109, 43.914618 ], [ -90.9136009, 43.916605 ], [ -90.9116959, 43.915242 ], [ -90.911023899999989, 43.917038 ] ] ] } },
{ "type": "Feature", "properties": { "state_po": "WI", "county_geoid": "55063", "pwsid": "WI6320233", "pws_name": "BANGOR WATERWORKS", "population_served_count": 1520, "model_method": null, "verification_status": null, "symbology_field": "System Sourced", "intersection_area_sq_km": 2.0256564927533165 }, "geometry": { "type": "Polygon", "coordinates": [ [ [ -90.9963431, 43.889112500000039 ], [ -91.0021385, 43.891798800000018 ], [ -91.0014329, 43.8968136 ], [ -90.998850100000013, 43.8975799 ], [ -90.9925169, 43.89630949999993 ], [ -90.9926358, 43.9001054 ], [ -90.9905328, 43.90103380000005 ], [ -90.9871899, 43.895329 ], [ -90.9838249, 43.8934761 ], [ -90.9803936, 43.894542300000076 ], [ -90.9781703, 43.8919153 ], [ -90.9739133, 43.892216099999949 ], [ -90.972057, 43.88915219999997 ], [ -90.9776043, 43.88709589999997 ], [ -90.9833952, 43.8893576 ], [ -90.9851866, 43.886219799999985 ], [ -90.9917683, 43.885467400000032 ], [ -90.9935295, 43.8867112 ], [ -90.9920715, 43.890061700000018 ], [ -90.9963431, 43.889112500000039 ] ] ] } },
{ "type": "Feature", "properties": { "state_po": "WI", "county_geoid": "55063", "pwsid": "WI6320311", "pws_name": "SHELBY TN OF WEDGEWOOD VLY", "population_served_count": 1020, "model_method": null, "verification_status": null, "symbology_field": "System Sourced", "intersection_area_sq_km": 6.4787743726223157 }, "geometry": { "type": "MultiPolygon", "coordinates": [ [ [ [ -91.1896558, 43.783857500000011 ], [ -91.1877199, 43.778252799999954 ], [ -91.190666800000017, 43.7762957 ], [ -91.1941991, 43.776103200000016 ], [ -91.196144, 43.779138099999969 ], [ -91.1989675, 43.7776891 ], [ -91.2006329, 43.780020100000023 ], [ -91.2000263, 43.787000799999959 ], [ -91.2060531, 43.785734899999987 ], [ -91.2102358, 43.787338300000023 ], [ -91.2109033, 43.7904098 ], [ -91.2090585, 43.792432500000018 ], [ -91.2045496, 43.79086480000003 ], [ -91.2042603, 43.795646899999987 ], [ -91.2001136, 43.7996441 ], [ -91.192016099999989, 43.802012300000037 ], [ -91.1916329, 43.803817399999971 ], [ -91.1955311, 43.802795499999974 ], [ -91.1971657, 43.804293400000027 ], [ -91.195499900000016, 43.808408299999947 ], [ -91.1932744, 43.809170200000047 ], [ -91.1913424, 43.81096 ], [ -91.1937606, 43.810840899999988 ], [ -91.1942747, 43.8125819 ], [ -91.1903225, 43.813694700000021 ], [ -91.1863788, 43.811403399999968 ], [ -91.1880411, 43.805469100000032 ], [ -91.1855604, 43.8008098 ], [ -91.1934351, 43.796267 ], [ -91.1948984, 43.794207299999982 ], [ -91.1931918, 43.7924868 ], [ -91.1904711, 43.793815299999942 ], [ -91.1874634, 43.792475100000026 ], [ -91.1865468, 43.795479800000031 ], [ -91.1718012, 43.80124 ], [ -91.174103699999989, 43.805136699999949 ], [ -91.1722716, 43.807598800000051 ], [ -91.1675515, 43.803935100000018 ], [ -91.1641705, 43.805854799999977 ], [ -91.1606776, 43.80569380000005 ], [ -91.1615276, 43.802963100000021 ], [ -91.1583256, 43.801453900000055 ], [ -91.159682, 43.800136 ], [ -91.1643997, 43.800518299999958 ], [ -91.1695104, 43.798897899999965 ], [ -91.1686211, 43.7958288 ], [ -91.1736221, 43.79392290000002 ], [ -91.178988, 43.795195899999975 ], [ -91.178058600000014, 43.791915599999953 ], [ -91.1798089, 43.7899273 ], [ -91.184666299999989, 43.789522200000015 ], [ -91.1871949, 43.792074300000053 ], [ -91.188035, 43.790463200000033 ], [ -91.1921825, 43.789907699999965 ], [ -91.1929499, 43.784593900000033 ], [ -91.1896558, 43.783857500000011 ] ] ], [ [ [ -91.204122, 43.797596499999983 ], [ -91.2081522, 43.796269099999968 ], [ -91.2110702, 43.79834890000005 ], [ -91.2105811, 43.800259 ], [ -91.2073898, 43.800536599999973 ], [ -91.2068964, 43.8028887 ], [ -91.2025907, 43.800666200000016 ], [ -91.204122, 43.797596499999983 ] ] ], [ [ [ -91.1948004, 43.809695499999961 ], [ -91.203248, 43.806307800000056 ], [ -91.2018303, 43.804928 ], [ -91.2034221, 43.803661 ], [ -91.2055513, 43.8049043 ], [ -91.2082906, 43.8035036 ], [ -91.2096699, 43.805046 ], [ -91.215340700000013, 43.806034700000033 ], [ -91.2132089, 43.810334800000021 ], [ -91.2063429, 43.808791800000051 ], [ -91.196151300000011, 43.811335099999987 ], [ -91.1948004, 43.809695499999961 ] ], [ [ -91.2049829, 43.806394599999962 ], [ -91.2044303, 43.806236599999984 ], [ -91.2041254, 43.8063093 ], [ -91.2049829, 43.806394599999962 ] ] ] ] } },
{ "type": "Feature", "properties": { "state_po": "WI", "county_geoid": "55123", "pwsid": "WI6630261", "pws_name": "READSTOWN WATERWORKS", "population_served_count": 395, "model_method": "Random Forest", "verification_status": "", "symbology_field": "Modeled", "intersection_area_sq_km": 1.9719767820451455 }, "geometry": { "type": "Polygon", "coordinates": [ [ [ -90.7468548, 43.4442809 ], [ -90.7615508, 43.445400899999974 ], [ -90.7615408, 43.449290899999987 ], [ -90.765048800000017, 43.449443899999977 ], [ -90.7643578, 43.455121899999938 ], [ -90.759222799999989, 43.456125899999975 ], [ -90.7551348, 43.4594689 ], [ -90.7476218, 43.459503900000023 ], [ -90.7468548, 43.4442809 ] ] ] } },
{ "type": "Feature", "properties": { "state_po": "WI", "county_geoid": "55123", "pwsid": "WI6630269", "pws_name": "VIOLA WATERWORKS", "population_served_count": 667, "model_method": "Random Forest", "verification_status": "", "symbology_field": "Modeled", "intersection_area_sq_km": 1.1323591221363094 }, "geometry": { "type": "MultiPolygon", "coordinates": [ [ [ [ -90.6751488, 43.502258899999987 ], [ -90.6750378, 43.4986659 ], [ -90.6850418, 43.498665899999963 ], [ -90.6848818, 43.5084999 ], [ -90.6782798, 43.509031899999982 ], [ -90.6720088, 43.506073899999954 ], [ -90.6721348, 43.509359899999978 ], [ -90.670590730334084, 43.509355915338858 ], [ -90.670345274338544, 43.502268921684127 ], [ -90.6751488, 43.502258899999987 ] ] ], [ [ [ -90.6707248, 43.513037899999986 ], [ -90.6708178, 43.515245899999947 ], [ -90.670652995955535, 43.511153476880921 ], [ -90.6707248, 43.513037899999986 ] ] ] ] } },
{ "type": "Feature", "properties": { "state_po": "WI", "county_geoid": "55123", "pwsid": "WI6630251", "pws_name": "CHASEBURG WATERWORKS VILLAGE OF", "population_served_count": 306, "model_method": "Random Forest", "verification_status": "", "symbology_field": "Modeled", "intersection_area_sq_km": 1.0839189623882381 }, "geometry": { "type": "Polygon", "coordinates": [ [ [ -91.098436, 43.6564299 ], [ -91.098525, 43.664011900000041 ], [ -91.102483, 43.666628899999942 ], [ -91.100037, 43.666930899999947 ], [ -91.099713, 43.670050900000014 ], [ -91.094752, 43.6699849 ], [ -91.09476, 43.67138589999994 ], [ -91.0898, 43.672756899999968 ], [ -91.087496, 43.6718889 ], [ -91.089802, 43.6735409 ], [ -91.084728, 43.673552899999983 ], [ -91.084713, 43.670693899999968 ], [ -91.089795, 43.67124190000002 ], [ -91.08969, 43.663571900000029 ], [ -91.094701, 43.6636179 ], [ -91.094675, 43.661580900000011 ], [ -91.092106, 43.660155899999957 ], [ -91.089711, 43.6626689 ], [ -91.089665, 43.660077900000047 ], [ -91.094783, 43.658872900000027 ], [ -91.096057, 43.655786900000045 ], [ -91.098436, 43.6564299 ] ] ] } },
{ "type": "Feature", "properties": { "state_po": "WI", "county_geoid": "55123", "pwsid": "WI6630252", "pws_name": "COON VALLEY WATERWORKS", "population_served_count": 765, "model_method": "Random Forest", "verification_status": "", "symbology_field": "Modeled", "intersection_area_sq_km": 2.008382187860299 }, "geometry": { "type": "MultiPolygon", "coordinates": [ [ [ [ -91.0249709, 43.6987769 ], [ -91.0185839, 43.70453 ], [ -91.0116039, 43.70704 ], [ -91.0099939, 43.705337 ], [ -91.0049139, 43.70545 ], [ -90.9999659, 43.699642 ], [ -90.9999779, 43.695357 ], [ -91.0249849, 43.695188899999962 ], [ -91.0249709, 43.6987769 ] ] ], [ [ [ -91.0234479, 43.702406900000021 ], [ -91.0227449, 43.703658 ], [ -91.0198619, 43.704569 ], [ -91.021165900000014, 43.702407 ], [ -91.0234479, 43.702406900000021 ] ] ] ] } },
{ "type": "Feature", "properties": { "state_po": "WI", "county_geoid": "55123", "pwsid": "WI6630254", "pws_name": "GENOA WATERWORKS", "population_served_count": 264, "model_method": "Random Forest", "verification_status": "", "symbology_field": "Modeled", "intersection_area_sq_km": 0.232476086623183 }, "geometry": { "type": "Polygon", "coordinates": [ [ [ -91.222777, 43.572233900000036 ], [ -91.227657, 43.574113900000029 ], [ -91.22701, 43.581350900000039 ], [ -91.225097, 43.5812429 ], [ -91.223797, 43.578913900000011 ], [ -91.224804, 43.574811899999972 ], [ -91.222777, 43.572233900000036 ] ] ] } },
{ "type": "Feature", "properties": { "state_po": "WI", "county_geoid": "55123", "pwsid": "WI6630258", "pws_name": "LA FARGE WATERWORKS", "population_served_count": 712, "model_method": "Random Forest", "verification_status": "", "symbology_field": "Modeled", "intersection_area_sq_km": 1.7755950014627471 }, "geometry": { "type": "Polygon", "coordinates": [ [ [ -90.6364208, 43.569 ], [ -90.6412408, 43.568995 ], [ -90.6412638, 43.570803 ], [ -90.6444738, 43.572566 ], [ -90.6436528, 43.57422 ], [ -90.6413018, 43.574416 ], [ -90.6407798, 43.587555 ], [ -90.6379398, 43.585518 ], [ -90.6364338, 43.58766 ], [ -90.6364218, 43.583751 ], [ -90.6314038, 43.583347 ], [ -90.6313848, 43.577941 ], [ -90.6234488, 43.577908 ], [ -90.623382800000016, 43.574228 ], [ -90.62641880000001, 43.573967 ], [ -90.6264128, 43.572521 ], [ -90.631352800000016, 43.572534 ], [ -90.6327228, 43.570756 ], [ -90.6362878, 43.570776 ], [ -90.6364208, 43.569 ] ] ] } },
{ "type": "Feature", "properties": { "state_po": "WI", "county_geoid": "55123", "pwsid": "WI6630259", "pws_name": "ONTARIO WATERWORKS", "population_served_count": 554, "model_method": "Random Forest", "verification_status": "", "symbology_field": "Modeled", "intersection_area_sq_km": 0.85967100345832803 }, "geometry": { "type": "Polygon", "coordinates": [ [ [ -90.5893428, 43.729059 ], [ -90.5895748, 43.721717 ], [ -90.5917698, 43.722158 ], [ -90.5944168, 43.71919 ], [ -90.5942078, 43.723107 ], [ -90.5971038, 43.725649 ], [ -90.5993568, 43.724643 ], [ -90.6035538, 43.727273 ], [ -90.604835799999989, 43.725969 ], [ -90.607052628290845, 43.726437803868372 ], [ -90.607022, 43.72961 ], [ -90.5893428, 43.729059 ] ] ] } },
{ "type": "Feature", "properties": { "state_po": "WI", "county_geoid": "55123", "pwsid": "WI6630262", "pws_name": "STODDARD WATERWORKS", "population_served_count": 793, "model_method": "Random Forest", "verification_status": "", "symbology_field": "Modeled", "intersection_area_sq_km": 1.2397560915689869 }, "geometry": { "type": "Polygon", "coordinates": [ [ [ -91.227, 43.644611900000029 ], [ -91.226917, 43.65569590000004 ], [ -91.224071, 43.658142899999959 ], [ -91.22267, 43.665222899999961 ], [ -91.219635, 43.669325900000018 ], [ -91.21907, 43.665719899999964 ], [ -91.212501, 43.665204900000056 ], [ -91.212444, 43.6638669 ], [ -91.217999, 43.663811899999978 ], [ -91.216627, 43.660104900000015 ], [ -91.220692, 43.660241899999988 ], [ -91.220148, 43.647565899999989 ], [ -91.222876, 43.6456589 ], [ -91.222179, 43.643241899999985 ], [ -91.224802, 43.643946899999975 ], [ -91.225321, 43.641965899999988 ], [ -91.22775, 43.642708899999981 ], [ -91.224584, 43.646211899999976 ], [ -91.227, 43.644611900000029 ] ] ] } },
{ "type": "Feature", "properties": { "state_po": "WI", "county_geoid": "55123", "pwsid": "WI6630267", "pws_name": "WESTBY WATERWORKS", "population_served_count": 2400, "model_method": "Random Forest", "verification_status": "", "symbology_field": "Modeled", "intersection_area_sq_km": 5.4972765720271548 }, "geometry": { "type": "Polygon", "coordinates": [ [ [ -90.8444819, 43.639035 ], [ -90.8667369, 43.63906 ], [ -90.8625569, 43.645518 ], [ -90.8637959, 43.645956 ], [ -90.861998899999989, 43.651457 ], [ -90.8698079, 43.651627 ], [ -90.8701549, 43.664443 ], [ -90.8600759, 43.664401 ], [ -90.860124900000017, 43.668069 ], [ -90.8440869, 43.668004 ], [ -90.846870900000013, 43.66437 ], [ -90.8449459, 43.664385 ], [ -90.8444819, 43.639035 ] ] ] } },
{ "type": "Feature", "properties": { "state_po": "WI", "county_geoid": "55123", "pwsid": "WI6630268", "pws_name": "EDGEWOOD MOBILE HOME PARK", "population_served_count": 180, "model_method": "Decision Tree", "verification_status": "", "symbology_field": "Modeled", "intersection_area_sq_km": 0.047856794680532867 }, "geometry": { "type": "Polygon", "coordinates": [ [ [ -91.228498, 43.552597899999952 ], [ -91.22861, 43.554713899999989 ], [ -91.225627, 43.554608899999977 ], [ -91.226613, 43.5526009 ], [ -91.228498, 43.552597899999952 ] ] ] } },
{ "type": "Feature", "properties": { "state_po": "WI", "county_geoid": "55123", "pwsid": "WI6630256", "pws_name": "MARELL COURTS AND RENTALS LLC", "population_served_count": 60, "model_method": "Random Forest", "verification_status": "", "symbology_field": "Modeled", "intersection_area_sq_km": 3.9194443107286396 }, "geometry": { "type": "Polygon", "coordinates": [ [ [ -90.3139307, 43.651195 ], [ -90.3226087, 43.651903 ], [ -90.3226147, 43.658928 ], [ -90.3326777, 43.658741 ], [ -90.326803700000013, 43.665873 ], [ -90.3184487, 43.667119 ], [ -90.3171817, 43.671951 ], [ -90.3291777, 43.675311 ], [ -90.3328057, 43.681901 ], [ -90.3323937, 43.684968 ], [ -90.3279247, 43.680758 ], [ -90.317752700000014, 43.67965 ], [ -90.3190557, 43.69116 ], [ -90.3138237, 43.694184 ], [ -90.3124177, 43.694034 ], [ -90.3139307, 43.651195 ] ] ] } },
{ "type": "Feature", "properties": { "state_po": "WI", "county_geoid": "55123", "pwsid": "WI6630257", "pws_name": "HILLSBORO WATERWORKS", "population_served_count": 1325, "model_method": "Random Forest", "verification_status": "", "symbology_field": "Modeled", "intersection_area_sq_km": 2.0843699223173306 }, "geometry": { "type": "Polygon", "coordinates": [ [ [ -90.3510377, 43.6476 ], [ -90.3525367, 43.658394 ], [ -90.3425937, 43.658563 ], [ -90.3426077, 43.661165 ], [ -90.3459847, 43.660619 ], [ -90.3454107, 43.662147 ], [ -90.3327667, 43.662352 ], [ -90.3336167, 43.659024 ], [ -90.3300167, 43.658787 ], [ -90.3365337, 43.653547 ], [ -90.3327497, 43.651883 ], [ -90.3335087, 43.649304 ], [ -90.3356827, 43.650218 ], [ -90.3391407, 43.647793 ], [ -90.3510377, 43.6476 ] ] ] } },
{ "type": "Feature", "properties": { "state_po": "WI", "county_geoid": "55105", "pwsid": "WI1230072", "pws_name": "BRODHEAD WATERWORKS", "population_served_count": 3216, "model_method": "Random Forest", "verification_status": "", "symbology_field": "Modeled", "intersection_area_sq_km": 0.13906847581869375 }, "geometry": { "type": "MultiPolygon", "coordinates": [ [ [ [ -89.366912066406201, 42.609812363658527 ], [ -89.3612263, 42.6098059 ], [ -89.3611563, 42.607709899999975 ], [ -89.366888088029611, 42.607729636783603 ], [ -89.366912066406201, 42.609812363658527 ] ] ], [ [ [ -89.366955426006115, 42.615272964374057 ], [ -89.3669213, 42.614994899999957 ], [ -89.366946831640362, 42.614190676253607 ], [ -89.366955426006115, 42.615272964374057 ] ] ], [ [ [ -89.367001306402528, 42.62105013689429 ], [ -89.3669773, 42.620078899999967 ], [ -89.366990410152582, 42.619678184708263 ], [ -89.367001306402528, 42.62105013689429 ] ] ], [ [ [ -89.3670063, 42.6230499 ], [ -89.3670083, 42.622505276047647 ], [ -89.367010006967419, 42.623474648079338 ], [ -89.3670063, 42.6230499 ] ] ], [ [ [ -89.3670083, 42.6253999 ], [ -89.367011877443915, 42.624536845869308 ], [ -89.367014236199168, 42.62587628106666 ], [ -89.3670083, 42.6253999 ] ] ], [ [ [ -89.3638703, 42.6271729 ], [ -89.3638513, 42.625847900000032 ], [ -89.367015068865769, 42.626317959622192 ], [ -89.367022911959339, 42.627224466153876 ], [ -89.3638703, 42.6271729 ] ] ] ] } },
{ "type": "Feature", "properties": { "state_po": "WI", "county_geoid": "55105", "pwsid": "WI1540115", "pws_name": "SHADY HILL MOBILE HOME PARK", "population_served_count": 140, "model_method": "Random Forest", "verification_status": "", "symbology_field": "Modeled", "intersection_area_sq_km": 1.1293553137582983 }, "geometry": { "type": "Polygon", "coordinates": [ [ [ -88.8468672, 42.5970139 ], [ -88.8633682, 42.596407900000052 ], [ -88.8636002, 42.59739290000001 ], [ -88.8635812, 42.598405900000039 ], [ -88.8627002, 42.599818899999988 ], [ -88.8462552, 42.602117900000025 ], [ -88.8293352, 42.600094899999945 ], [ -88.8298312, 42.597280900000037 ], [ -88.8344942, 42.5969419 ], [ -88.8402852, 42.599322899999962 ], [ -88.8468672, 42.5970139 ] ] ] } },
{ "type": "Feature", "properties": { "state_po": "WI", "county_geoid": "55105", "pwsid": "WI1540116", "pws_name": "OAKHILL WATERWORKS", "population_served_count": 130, "model_method": "Random Forest", "verification_status": "", "symbology_field": "Modeled", "intersection_area_sq_km": 0.041227345553559468 }, "geometry": { "type": "Polygon", "coordinates": [ [ [ -89.0480243, 42.828081900000022 ], [ -89.0463233, 42.828073899999978 ], [ -89.0467863, 42.8256079 ], [ -89.0482843, 42.825609900000018 ], [ -89.0480243, 42.828081900000022 ] ] ] } },
{ "type": "Feature", "properties": { "state_po": "WI", "county_geoid": "55105", "pwsid": "WI1540135", "pws_name": "WRIGHTS MOBILE HOME PARK", "population_served_count": 240, "model_method": "OSM", "verification_status": "", "symbology_field": "Modeled", "intersection_area_sq_km": 0.059216449816265379 }, "geometry": { "type": "Polygon", "coordinates": [ [ [ -88.7805341, 42.8238498 ], [ -88.7864711, 42.824770400000041 ], [ -88.7862443, 42.825542899999945 ], [ -88.780885, 42.824787500000049 ], [ -88.7796929, 42.827202600000014 ], [ -88.7805341, 42.8238498 ] ] ] } },
{ "type": "Feature", "properties": { "state_po": "WI", "county_geoid": "55105", "pwsid": "WI1540111", "pws_name": "CARAVILLA EDUCATION AND REHAB CENTER", "population_served_count": 298, "model_method": "Random Forest", "verification_status": "", "symbology_field": "Modeled", "intersection_area_sq_km": 0.10194030564446727 }, "geometry": { "type": "Polygon", "coordinates": [ [ [ -89.0185658, 42.595949600000026 ], [ -89.0189326, 42.598918200000028 ], [ -89.0153528, 42.598935700000013 ], [ -89.0160513, 42.595582899999954 ], [ -89.0185658, 42.595949600000026 ] ] ] } },
{ "type": "Feature", "properties": { "state_po": "WI", "county_geoid": "55105", "pwsid": "WI1540114", "pws_name": "CLINTON WATERWORKS", "population_served_count": 2119, "model_method": "Random Forest", "verification_status": "", "symbology_field": "Modeled", "intersection_area_sq_km": 3.0577265578191941 }, "geometry": { "type": "Polygon", "coordinates": [ [ [ -88.8768472, 42.5495219 ], [ -88.8765222, 42.5562409 ], [ -88.8712222, 42.557475900000036 ], [ -88.8798612, 42.560200899999948 ], [ -88.8798302, 42.5666109 ], [ -88.8749082, 42.566553899999953 ], [ -88.8744422, 42.568460900000048 ], [ -88.8744802, 42.5665429 ], [ -88.8699852, 42.5664239 ], [ -88.8700002, 42.564601900000014 ], [ -88.86511320000001, 42.5641409 ], [ -88.8630102, 42.5640909 ], [ -88.8629712, 42.566640899999939 ], [ -88.8650802, 42.566649899999987 ], [ -88.8650642, 42.5680419 ], [ -88.8601922, 42.5679849 ], [ -88.8602112, 42.566156899999946 ], [ -88.8552502, 42.566023900000054 ], [ -88.8560732, 42.5590209 ], [ -88.8533942, 42.5582059 ], [ -88.8553552, 42.557919900000016 ], [ -88.8554152, 42.5514339 ], [ -88.8628052, 42.552426900000022 ], [ -88.8728192, 42.5493839 ], [ -88.8768472, 42.5495219 ] ] ] } },
{ "type": "Feature", "properties": { "state_po": "WI", "county_geoid": "55105", "pwsid": "WI1540121", "pws_name": "MOUNTAIN VIEW MHP 1", "population_served_count": 50, "model_method": "Random Forest", "verification_status": "", "symbology_field": "Modeled", "intersection_area_sq_km": 0.46234652432232148 }, "geometry": { "type": "Polygon", "coordinates": [ [ [ -89.2979393, 42.737281899999964 ], [ -89.2849703, 42.737709899999984 ], [ -89.2877783, 42.730088900000034 ], [ -89.2881203, 42.730360899999965 ], [ -89.2979393, 42.737281899999964 ] ] ] } },
{ "type": "Feature", "properties": { "state_po": "WI", "county_geoid": "55105", "pwsid": "WI1540124", "pws_name": "MIDWAY VILLAGE MOBILE HOME PARK", "population_served_count": 160, "model_method": "Random Forest", "verification_status": "", "symbology_field": "Modeled", "intersection_area_sq_km": 1.8705360680331937 }, "geometry": { "type": "MultiPolygon", "coordinates": [ [ [ [ -89.2791103, 42.770570899999981 ], [ -89.2596443, 42.764949899999962 ], [ -89.2596463, 42.764151899999987 ], [ -89.2750663, 42.764138899999949 ], [ -89.2744893, 42.769141899999987 ], [ -89.2791103, 42.770570899999981 ] ] ], [ [ [ -89.2744843, 42.7696749 ], [ -89.2744723, 42.7709649 ], [ -89.2789693, 42.771667900000025 ], [ -89.2744533, 42.773016900000044 ], [ -89.2745183, 42.779245900000035 ], [ -89.2596093, 42.775877899999948 ], [ -89.2596433, 42.765114899999986 ], [ -89.2744843, 42.7696749 ] ] ] ] } },
{ "type": "Feature", "properties": { "state_po": "WI", "county_geoid": "55105", "pwsid": "WI1540125", "pws_name": "FOOTVILLE WATERWORKS", "population_served_count": 816, "model_method": "Random Forest", "verification_status": "", "symbology_field": "Modeled", "intersection_area_sq_km": 2.9065420097023611 }, "geometry": { "type": "Polygon", "coordinates": [ [ [ -89.2074063, 42.6649919 ], [ -89.2094963, 42.6629269 ], [ -89.2113983, 42.665080900000063 ], [ -89.2192723, 42.6652649 ], [ -89.2195933, 42.679321900000033 ], [ -89.1998433, 42.6793819 ], [ -89.1994853, 42.6699339 ], [ -89.194530300000011, 42.669065899999964 ], [ -89.1944583, 42.6650289 ], [ -89.1994213, 42.6650459 ], [ -89.1994233, 42.661900899999985 ], [ -89.2074063, 42.6649919 ] ] ] } },
{ "type": "Feature", "properties": { "state_po": "WI", "county_geoid": "55105", "pwsid": "WI1540126", "pws_name": "ROCKVALE MHP", "population_served_count": 1200, "model_method": "Random Forest", "verification_status": "", "symbology_field": "Modeled", "intersection_area_sq_km": 0.54159762098938813 }, "geometry": { "type": "Polygon", "coordinates": [ [ [ -89.0113512, 42.591454900000052 ], [ -89.0111662, 42.584176899999967 ], [ -89.0178092, 42.5843219 ], [ -89.0210122, 42.591505900000016 ], [ -89.0113512, 42.591454900000052 ] ] ] } },
{ "type": "Feature", "properties": { "state_po": "WI", "county_geoid": "55105", "pwsid": "WI1540132", "pws_name": "ORFORDVILLE WATERWORKS", "population_served_count": 1475, "model_method": "Random Forest", "verification_status": "", "symbology_field": "Modeled", "intersection_area_sq_km": 3.1719732438018111 }, "geometry": { "type": "MultiPolygon", "coordinates": [ [ [ [ -89.2485803, 42.6272229 ], [ -89.2484273, 42.621454900000039 ], [ -89.2582133, 42.621770899999973 ], [ -89.2581743, 42.619380899999953 ], [ -89.2584803, 42.6217789 ], [ -89.268178300000017, 42.62209090000006 ], [ -89.2684093, 42.629994900000042 ], [ -89.270080299999989, 42.631344899999974 ], [ -89.2684063, 42.631822900000017 ], [ -89.2680563, 42.6349579 ], [ -89.2802833, 42.643971899999976 ], [ -89.2686203, 42.643906900000012 ], [ -89.2685423, 42.6366189 ], [ -89.2536103, 42.636090900000035 ], [ -89.2486183, 42.638047899999947 ], [ -89.2486553, 42.635847900000016 ], [ -89.2536103, 42.635997900000014 ], [ -89.2535923, 42.6341009 ], [ -89.2510173, 42.6341099 ], [ -89.2510033, 42.632536900000012 ], [ -89.2479183, 42.632568900000031 ], [ -89.2470913, 42.6343689 ], [ -89.2443993, 42.633151900000016 ], [ -89.2438013, 42.6299819 ], [ -89.252322300000017, 42.6298249 ], [ -89.2535193, 42.628146900000061 ], [ -89.2485803, 42.6272229 ] ] ], [ [ [ -89.2484953, 42.6273479 ], [ -89.2435783, 42.627706899999986 ], [ -89.243682299999989, 42.635915900000015 ], [ -89.2433623, 42.62760390000004 ], [ -89.2484953, 42.6273479 ] ] ] ] } },
{ "type": "Feature", "properties": { "state_po": "WI", "county_geoid": "55105", "pwsid": "WI1540167", "pws_name": "ROCK RIVER LEISURE ESTATES COOP", "population_served_count": 650, "model_method": "Random Forest", "verification_status": "", "symbology_field": "Modeled", "intersection_area_sq_km": 2.2944032512907824 }, "geometry": { "type": "Polygon", "coordinates": [ [ [ -89.0441093, 42.8255619 ], [ -89.0426683, 42.828871899999967 ], [ -89.0362563, 42.8312469 ], [ -89.0265393, 42.829919899999979 ], [ -89.0244103, 42.830728900000011 ], [ -89.0245643, 42.832750900000043 ], [ -89.013444299999989, 42.832998900000028 ], [ -89.0134483, 42.831253900000029 ], [ -89.0209973, 42.830803899999985 ], [ -89.020059300000014, 42.828549900000013 ], [ -89.026127300000013, 42.828653899999985 ], [ -89.0231693, 42.818432900000026 ], [ -89.0429283, 42.817948899999962 ], [ -89.0441093, 42.8255619 ] ] ] } },
{ "type": "Feature", "properties": { "state_po": "WI", "county_geoid": "55139", "pwsid": "WI2300498", "pws_name": "SILVERCREST APARTMENTS", "population_served_count": 51, "model_method": "Random Forest", "verification_status": "", "symbology_field": "Modeled", "intersection_area_sq_km": 0.036546537963985326 }, "geometry": { "type": "Polygon", "coordinates": [ [ [ -88.5905073, 43.982508100000011 ], [ -88.5908253, 43.9844761 ], [ -88.5888073, 43.983236100000042 ], [ -88.5905073, 43.982508100000011 ] ] ] } },
{ "type": "Feature", "properties": { "state_po": "WI", "county_geoid": "55139", "pwsid": "WI4200485", "pws_name": "ASHWOOD GROVE / EDGEWATER", "population_served_count": 941, "model_method": "Random Forest", "verification_status": "", "symbology_field": "Modeled", "intersection_area_sq_km": 0.0010764170832878017 }, "geometry": { "type": "Polygon", "coordinates": [ [ [ -88.5067882, 43.893664099999981 ], [ -88.5010382, 43.893655099999975 ], [ -88.497810199999989, 43.893638099999983 ], [ -88.497826599815085, 43.893623512837678 ], [ -88.5067882, 43.893664099999981 ] ] ] } },
{ "type": "Feature", "properties": { "state_po": "WI", "county_geoid": "55139", "pwsid": "WI4710354", "pws_name": "WINNECONNE WATERWORKS", "population_served_count": 2502, "model_method": "Decision Tree", "verification_status": "", "symbology_field": "Modeled", "intersection_area_sq_km": 21.166884621356758 }, "geometry": { "type": "Polygon", "coordinates": [ [ [ -88.7045873, 44.097498199999983 ], [ -88.7072223, 44.1014832 ], [ -88.7110133, 44.100330199999966 ], [ -88.7120493, 44.1023422 ], [ -88.7164303, 44.102172199999977 ], [ -88.7120563, 44.102383200000013 ], [ -88.7118813, 44.104087200000016 ], [ -88.7153903, 44.103703200000012 ], [ -88.7163833, 44.103912199999989 ], [ -88.7151193, 44.103833200000025 ], [ -88.7131443, 44.10430520000002 ], [ -88.7174973, 44.103991199999946 ], [ -88.7209323, 44.0984522 ], [ -88.7285953, 44.098497200000047 ], [ -88.7286113, 44.102100199999953 ], [ -88.7335983, 44.102189200000012 ], [ -88.7336363, 44.105736199999981 ], [ -88.7241253, 44.105795200000017 ], [ -88.7192633, 44.107464199999988 ], [ -88.7192643, 44.111074200000012 ], [ -88.723633300000017, 44.1111902 ], [ -88.723644299999989, 44.114849199999981 ], [ -88.7258723, 44.115108200000023 ], [ -88.7236463, 44.115670200000032 ], [ -88.7236533, 44.119382199999976 ], [ -88.7203643, 44.1192822 ], [ -88.7211953, 44.120438199999946 ], [ -88.7232963, 44.121160199999984 ], [ -88.7222633, 44.1199862 ], [ -88.7245743, 44.119528199999962 ], [ -88.7295643, 44.120144199999963 ], [ -88.7321413, 44.119830199999974 ], [ -88.732419299999989, 44.119820200000035 ], [ -88.732588299999989, 44.119923200000024 ], [ -88.7281893, 44.120529199999964 ], [ -88.7246563, 44.119653199999952 ], [ -88.7236013, 44.1202722 ], [ -88.7271143, 44.121481200000034 ], [ -88.7260973, 44.12354820000003 ], [ -88.7296263, 44.128133200000043 ], [ -88.736979300000016, 44.128732199999966 ], [ -88.7376493, 44.12756820000002 ], [ -88.7453163, 44.1273002 ], [ -88.7453863, 44.128682200000014 ], [ -88.7456003, 44.127288199999946 ], [ -88.7470503, 44.1281422 ], [ -88.7525703, 44.126341199999956 ], [ -88.7535883, 44.1237542 ], [ -88.7537353, 44.126838200000037 ], [ -88.7560633, 44.12361019999998 ], [ -88.7650913, 44.125132200000017 ], [ -88.7648183, 44.15502019999996 ], [ -88.7106253, 44.155045199999947 ], [ -88.7119963, 44.1471222 ], [ -88.7041993, 44.14490220000004 ], [ -88.7005073, 44.141438199999968 ], [ -88.7021203, 44.1343112 ], [ -88.7074373, 44.127360200000048 ], [ -88.7081453, 44.119216200000011 ], [ -88.7067783, 44.119200199999959 ], [ -88.7073923, 44.119471200000042 ], [ -88.7061773, 44.125104199999953 ], [ -88.7059873, 44.1199302 ], [ -88.6986233, 44.119678200000031 ], [ -88.6986343, 44.121502200000066 ], [ -88.6937643, 44.121468199999924 ], [ -88.6937243, 44.119648199999986 ], [ -88.6912713, 44.119616199999989 ], [ -88.6949773, 44.10930020000005 ], [ -88.6936483, 44.10943020000002 ], [ -88.6968173, 44.1046222 ], [ -88.7036223, 44.10258019999997 ], [ -88.7045873, 44.097498199999983 ] ] ] } },
{ "type": "Feature", "properties": { "state_po": "WI", "county_geoid": "55139", "pwsid": "WI4710458", "pws_name": "ROLLING MEADOWS OF LARSEN LLC", "population_served_count": 85, "model_method": "Random Forest", "verification_status": "", "symbology_field": "Modeled", "intersection_area_sq_km": 7.5308105580841804 }, "geometry": { "type": "Polygon", "coordinates": [ [ [ -88.6049603, 44.184581199999968 ], [ -88.6051563, 44.193454199999984 ], [ -88.6107653, 44.193442199999986 ], [ -88.6107053, 44.19906120000001 ], [ -88.6162683, 44.1989782 ], [ -88.6151603, 44.210406200000016 ], [ -88.5879393, 44.2107022 ], [ -88.573999300000011, 44.206779200000021 ], [ -88.5647783, 44.205999199999965 ], [ -88.5646913, 44.199645200000013 ], [ -88.5876353, 44.199348200000017 ], [ -88.5901023, 44.198281200000032 ], [ -88.5900293, 44.195670199999981 ], [ -88.5849873, 44.195706199999982 ], [ -88.5826283, 44.188383199999954 ], [ -88.5777023, 44.188397200000033 ], [ -88.5776713, 44.184912199999964 ], [ -88.6049603, 44.184581199999968 ] ] ] } },
{ "type": "Feature", "properties": { "state_po": "WI", "county_geoid": "55139", "pwsid": "WI4710459", "pws_name": "WILLOW PINES MFD HOME COMMUNITY", "population_served_count": 70, "model_method": "Random Forest", "verification_status": "", "symbology_field": "Modeled", "intersection_area_sq_km": 0.017889098736280858 }, "geometry": { "type": "Polygon", "coordinates": [ [ [ -88.6918173, 44.193623200000047 ], [ -88.6941193, 44.193567199999968 ], [ -88.6919893, 44.194232199999988 ], [ -88.6918173, 44.193623200000047 ] ] ] } },
{ "type": "Feature", "properties": { "state_po": "WI", "county_geoid": "55019", "pwsid": "WI6100327", "pws_name": "GRANTON WATERWORKS", "population_served_count": 349, "model_method": "Random Forest", "verification_status": "", "symbology_field": "Modeled", "intersection_area_sq_km": 0.8874114658998562 }, "geometry": { "type": "MultiPolygon", "coordinates": [ [ [ [ -90.4564239, 44.5923191 ], [ -90.4563329, 44.582776099999954 ], [ -90.4546949, 44.581997099999988 ], [ -90.466431899999989, 44.58188709999996 ], [ -90.4652139, 44.589686100000016 ], [ -90.4597349, 44.5898971 ], [ -90.4564239, 44.5923191 ] ] ], [ [ [ -90.4564239, 44.5923191 ], [ -90.4565109, 44.596463100000015 ], [ -90.4510849, 44.596441100000028 ], [ -90.4564239, 44.5923191 ] ] ] ] } },
{ "type": "Feature", "properties": { "state_po": "WI", "county_geoid": "55019", "pwsid": "WI6100329", "pws_name": "LOYAL WATERWORKS", "population_served_count": 1308, "model_method": "Random Forest", "verification_status": "", "symbology_field": "Modeled", "intersection_area_sq_km": 2.760129630268306 }, "geometry": { "type": "Polygon", "coordinates": [ [ [ -90.5062869, 44.726891099999989 ], [ -90.5061209, 44.7413681 ], [ -90.4959289, 44.741399100000017 ], [ -90.4959279, 44.743104100000011 ], [ -90.485799899999989, 44.743249100000014 ], [ -90.4858019, 44.7413731 ], [ -90.4832989, 44.741221099999983 ], [ -90.4858349, 44.73995909999995 ], [ -90.4859669, 44.7268931 ], [ -90.5062869, 44.726891099999989 ] ] ] } },
{ "type": "Feature", "properties": { "state_po": "WI", "county_geoid": "55019", "pwsid": "WI6100330", "pws_name": "NEILLSVILLE WATERWORKS", "population_served_count": 2384, "model_method": "Random Forest", "verification_status": "", "symbology_field": "Modeled", "intersection_area_sq_km": 5.0064772365714205 }, "geometry": { "type": "Polygon", "coordinates": [ [ [ -90.5984009, 44.550985099999977 ], [ -90.6005709, 44.552695099999973 ], [ -90.6082369, 44.5526291 ], [ -90.6144649, 44.5598591 ], [ -90.6062649, 44.5599161 ], [ -90.6045609, 44.561386100000028 ], [ -90.5983189, 44.562106100000015 ], [ -90.6041769, 44.566009100000024 ], [ -90.5915959, 44.5725051 ], [ -90.5905149, 44.574492099999972 ], [ -90.5848829, 44.574413100000044 ], [ -90.5915539, 44.568069099999931 ], [ -90.5879049, 44.567156099999984 ], [ -90.5880149, 44.565363099999971 ], [ -90.5913799, 44.5653661 ], [ -90.5906639, 44.562804099999944 ], [ -90.5885589, 44.564182099999968 ], [ -90.5778789, 44.561969099999956 ], [ -90.5780269, 44.556296100000012 ], [ -90.5679109, 44.5572251 ], [ -90.5679499, 44.5552771 ], [ -90.5603869, 44.554587099999985 ], [ -90.5604139, 44.552777099999972 ], [ -90.5678639, 44.554439099999961 ], [ -90.5689349, 44.5529261 ], [ -90.5770709, 44.552665100000013 ], [ -90.5771389, 44.55031110000003 ], [ -90.5807309, 44.549070099999966 ], [ -90.5808239, 44.545463099999978 ], [ -90.5884229, 44.545477100000021 ], [ -90.5882559, 44.552203100000071 ], [ -90.5891969, 44.549102100000027 ], [ -90.5908609, 44.5491071 ], [ -90.5908109, 44.5511751 ], [ -90.5933339, 44.551183100000017 ], [ -90.5933879, 44.549115099999973 ], [ -90.5946099, 44.550975099999953 ], [ -90.5984009, 44.550985099999977 ] ] ] } },
{ "type": "Feature", "properties": { "state_po": "WI", "county_geoid": "55019", "pwsid": "WI6100283", "pws_name": "WITHEE WATERWORKS", "population_served_count": 506, "model_method": "Random Forest", "verification_status": "", "symbology_field": "Modeled", "intersection_area_sq_km": 0.94853281168907932 }, "geometry": { "type": "Polygon", "coordinates": [ [ [ -90.592764, 44.962294199999938 ], [ -90.592747, 44.951409200000015 ], [ -90.60503, 44.951474200000028 ], [ -90.605022, 44.953941199999974 ], [ -90.602965, 44.954108199999972 ], [ -90.602959, 44.958692200000016 ], [ -90.599659, 44.958690199999985 ], [ -90.599706, 44.963671199999986 ], [ -90.592764, 44.962294199999938 ] ] ] } },
{ "type": "Feature", "properties": { "state_po": "WI", "county_geoid": "55019", "pwsid": "WI6100328", "pws_name": "GREENWOOD WATERWORKS", "population_served_count": 1079, "model_method": "Random Forest", "verification_status": "", "symbology_field": "Modeled", "intersection_area_sq_km": 3.7696339359116839 }, "geometry": { "type": "Polygon", "coordinates": [ [ [ -90.5948779, 44.755404099999978 ], [ -90.5979879, 44.758413099999963 ], [ -90.608656, 44.757427099999987 ], [ -90.609682, 44.761456100000032 ], [ -90.613778, 44.7597351 ], [ -90.612176, 44.762925100000054 ], [ -90.606958, 44.7655561 ], [ -90.605072, 44.7702201 ], [ -90.60832, 44.7702091 ], [ -90.609453, 44.7774711 ], [ -90.605623, 44.777454100000014 ], [ -90.604321, 44.779655099999978 ], [ -90.606225, 44.78300310000003 ], [ -90.603792, 44.782990099999978 ], [ -90.603783, 44.781137099999981 ], [ -90.600216, 44.781105100000062 ], [ -90.601721, 44.7796531 ], [ -90.598194, 44.7796331 ], [ -90.598176, 44.770171100000034 ], [ -90.595669, 44.770159099999979 ], [ -90.594962, 44.772576099999966 ], [ -90.594344, 44.7701561 ], [ -90.5829259, 44.770155099999975 ], [ -90.5829119, 44.7582411 ], [ -90.5892529, 44.75840909999998 ], [ -90.59013490000001, 44.756274100000034 ], [ -90.5916089, 44.7570541 ], [ -90.5948779, 44.755404099999978 ] ] ] } },
{ "type": "Feature", "properties": { "state_po": "WI", "county_geoid": "55019", "pwsid": "WI6100339", "pws_name": "CURTISS WATERWORKS", "population_served_count": 346, "model_method": "Random Forest", "verification_status": "", "symbology_field": "Modeled", "intersection_area_sq_km": 1.6171961652232094 }, "geometry": { "type": "Polygon", "coordinates": [ [ [ -90.4269649, 44.944824199999978 ], [ -90.4334899, 44.945517199999955 ], [ -90.4339879, 44.947792200000023 ], [ -90.4393689, 44.9477442 ], [ -90.4393419, 44.951387200000021 ], [ -90.4444849, 44.951384200000021 ], [ -90.444429900000017, 44.958625199999986 ], [ -90.4280479, 44.9586502 ], [ -90.4269649, 44.944824199999978 ] ] ] } },
{ "type": "Feature", "properties": { "state_po": "WI", "county_geoid": "55019", "pwsid": "WI7370108", "pws_name": "SPENCER WATERWORKS", "population_served_count": 1818, "model_method": "Random Forest", "verification_status": "", "symbology_field": "Modeled", "intersection_area_sq_km": 0.00050735839161969529 }, "geometry": { "type": "Polygon", "coordinates": [ [ [ -90.3168189, 44.7528042 ], [ -90.3169179, 44.7573502 ], [ -90.316849010387983, 44.760958238928545 ], [ -90.316911, 44.757342 ], [ -90.3168189, 44.7528042 ] ] ] } },
{ "type": "Feature", "properties": { "state_po": "WI", "county_geoid": "55019", "pwsid": "WI7370169", "pws_name": "COLBY WATERWORKS", "population_served_count": 1829, "model_method": "Random Forest", "verification_status": "", "symbology_field": "Modeled", "intersection_area_sq_km": 2.0085421020652188 }, "geometry": { "type": "Polygon", "coordinates": [ [ [ -90.3158369, 44.924025199999981 ], [ -90.31593190000001, 44.8876912 ], [ -90.3160509, 44.90234920000001 ], [ -90.3201429, 44.9022752 ], [ -90.3201479, 44.898688199999974 ], [ -90.3251759, 44.898606200000017 ], [ -90.3259639, 44.9190732 ], [ -90.3221599, 44.919159199999967 ], [ -90.322322899999989, 44.9239292 ], [ -90.3158369, 44.924025199999981 ] ] ] } },
{ "type": "Feature", "properties": { "state_po": "WI", "county_geoid": "55019", "pwsid": "WI6100334", "pws_name": "OWEN WATERWORKS", "population_served_count": 936, "model_method": "Random Forest", "verification_status": "", "symbology_field": "Modeled", "intersection_area_sq_km": 3.6394307307955573 }, "geometry": { "type": "Polygon", "coordinates": [ [ [ -90.577442, 44.944201200000023 ], [ -90.577395, 44.951189199999973 ], [ -90.580061, 44.9512902 ], [ -90.580013, 44.954889199999982 ], [ -90.577354, 44.954885199999985 ], [ -90.577308, 44.9586752 ], [ -90.572633, 44.958668200000027 ], [ -90.57202, 44.956417199999976 ], [ -90.574067, 44.955300200000011 ], [ -90.570279, 44.954832199999984 ], [ -90.571719, 44.953689199999971 ], [ -90.569268, 44.951895199999953 ], [ -90.561995, 44.950647199999963 ], [ -90.566303, 44.954473200000031 ], [ -90.565066, 44.954052199999957 ], [ -90.567152, 44.95867020000005 ], [ -90.551839, 44.958741200000063 ], [ -90.551891, 44.955143199999981 ], [ -90.541645, 44.955237199999978 ], [ -90.541737, 44.951084199999983 ], [ -90.539448, 44.951438200000041 ], [ -90.53834, 44.945416199999976 ], [ -90.537735, 44.9458832 ], [ -90.534632, 44.94571920000007 ], [ -90.530516, 44.944157200000021 ], [ -90.536798, 44.945612199999928 ], [ -90.541888, 44.944103200000043 ], [ -90.541743, 44.950819199999977 ], [ -90.546887, 44.950022200000014 ], [ -90.546852, 44.951447200000011 ], [ -90.552041, 44.949384199999962 ], [ -90.550593, 44.9468722 ], [ -90.546962, 44.946882199999969 ], [ -90.547026, 44.944245200000012 ], [ -90.564434, 44.945266199999978 ], [ -90.566937, 44.94616520000006 ], [ -90.56715, 44.94799220000003 ], [ -90.569792, 44.940932199999963 ], [ -90.572358, 44.9409222 ], [ -90.572604, 44.944155200000012 ], [ -90.577442, 44.944201200000023 ] ] ] } },
{ "type": "Feature", "properties": { "state_po": "WI", "county_geoid": "55019", "pwsid": "WI6100336", "pws_name": "CLARK CO HEALTH CARE CENTER", "population_served_count": 510, "model_method": "Random Forest", "verification_status": "", "symbology_field": "Modeled", "intersection_area_sq_km": 19.877010177315359 }, "geometry": { "type": "Polygon", "coordinates": [ [ [ -90.4229549, 44.9583102 ], [ -90.4179369, 44.958821199999967 ], [ -90.417299899999989, 44.987414199999982 ], [ -90.3970809, 44.987916199999987 ], [ -90.3973199, 44.980843199999981 ], [ -90.3769449, 44.9808172 ], [ -90.3771129, 44.973847200000023 ], [ -90.3567749, 44.974146200000014 ], [ -90.3568059, 44.945197200000031 ], [ -90.4218879, 44.9443292 ], [ -90.4229549, 44.9583102 ] ] ] } },
{ "type": "Feature", "properties": { "state_po": "WI", "county_geoid": "55019", "pwsid": "WI6100337", "pws_name": "THORP WATERWORKS", "population_served_count": 1636, "model_method": "Random Forest", "verification_status": "", "symbology_field": "Modeled", "intersection_area_sq_km": 2.8681416974023728 }, "geometry": { "type": "Polygon", "coordinates": [ [ [ -90.8085195, 44.951527700000014 ], [ -90.808517099999989, 44.9663527 ], [ -90.8007781, 44.9663806 ], [ -90.800037, 44.968014599999968 ], [ -90.798313, 44.968002500000061 ], [ -90.7983161, 44.966324500000013 ], [ -90.7889231, 44.966361400000039 ], [ -90.7889032, 44.96176640000003 ], [ -90.7846853, 44.960409300000023 ], [ -90.7787802, 44.961740200000037 ], [ -90.7787483, 44.959134200000051 ], [ -90.786348300000014, 44.959131400000025 ], [ -90.7863124, 44.955905400000027 ], [ -90.7888514, 44.955910399999951 ], [ -90.7888215, 44.951608400000012 ], [ -90.8085195, 44.951527700000014 ] ] ] } },
{ "type": "Feature", "properties": { "state_po": "WI", "county_geoid": "55019", "pwsid": "WI6100326", "pws_name": "DORCHESTER WATERWORKS", "population_served_count": 834, "model_method": "Random Forest", "verification_status": "", "symbology_field": "Modeled", "intersection_area_sq_km": 2.6448517618898437 }, "geometry": { "type": "Polygon", "coordinates": [ [ [ -90.315776899999989, 45.003596200000025 ], [ -90.3157959, 44.996313199999989 ], [ -90.3265699, 44.9961102 ], [ -90.3268719, 44.9948322 ], [ -90.3317609, 44.9950002 ], [ -90.3315439, 44.9960042 ], [ -90.3461529, 44.995840199999968 ], [ -90.3460159, 45.003020200000037 ], [ -90.3373599, 45.003137199999976 ], [ -90.3358789, 45.0103462 ], [ -90.325716899999989, 45.0105572 ], [ -90.3258599, 45.0033862 ], [ -90.315776899999989, 45.003596200000025 ] ] ] } },
{ "type": "Feature", "properties": { "state_po": "WI", "county_geoid": "55019", "pwsid": "WI6100340", "pws_name": "VILLAGE ACRES MOBILE HOME CT LLC", "population_served_count": 32, "model_method": "Decision Tree", "verification_status": "", "symbology_field": "Modeled", "intersection_area_sq_km": 0.018415581363443092 }, "geometry": { "type": "Polygon", "coordinates": [ [ [ -90.3166819, 44.846371199999986 ], [ -90.3182239, 44.847734200000048 ], [ -90.3167549, 44.8477172 ], [ -90.3166819, 44.846371199999986 ] ] ] } },
{ "type": "Feature", "properties": { "state_po": "WI", "county_geoid": "55019", "pwsid": "WI7370148", "pws_name": "ABBOTSFORD WATERWORKS", "population_served_count": 2502, "model_method": "Random Forest", "verification_status": "", "symbology_field": "Modeled", "intersection_area_sq_km": 2.3518524849958644 }, "geometry": { "type": "Polygon", "coordinates": [ [ [ -90.3162999, 44.93305320000001 ], [ -90.3190229, 44.942057200000029 ], [ -90.3241019, 44.9415892 ], [ -90.3248149, 44.94029620000002 ], [ -90.3247929, 44.941501199999955 ], [ -90.3341999, 44.941799199999963 ], [ -90.3366929, 44.942899200000014 ], [ -90.3366969, 44.945442200000024 ], [ -90.34673690000001, 44.945311200000013 ], [ -90.3467669, 44.9462202 ], [ -90.3366939, 44.946422199999986 ], [ -90.3367069, 44.952675199999973 ], [ -90.3225269, 44.952920200000037 ], [ -90.3242969, 44.9565102 ], [ -90.3165529, 44.9566092 ], [ -90.3162999, 44.93305320000001 ] ] ] } },
{ "type": "Feature", "properties": { "state_po": "WI", "county_geoid": "55081", "pwsid": "WI6420294", "pws_name": "CASHTON WATERWORKS", "population_served_count": 1120, "model_method": "Random Forest", "verification_status": "", "symbology_field": "Modeled", "intersection_area_sq_km": 2.1568529357049129 }, "geometry": { "type": "Polygon", "coordinates": [ [ [ -90.7998069, 43.735435 ], [ -90.7968559, 43.738523 ], [ -90.797815899999989, 43.740004 ], [ -90.7894859, 43.745354 ], [ -90.7884469, 43.749131 ], [ -90.7857249, 43.747368 ], [ -90.7807979, 43.747326 ], [ -90.7808889, 43.749394 ], [ -90.7770729, 43.749275 ], [ -90.774170900000016, 43.747205 ], [ -90.7706879, 43.747477 ], [ -90.7705889, 43.740288 ], [ -90.7734019, 43.740701 ], [ -90.7734299, 43.738846 ], [ -90.7757129, 43.739064 ], [ -90.7757229, 43.736446 ], [ -90.7883449, 43.736436 ], [ -90.7962319, 43.738367 ], [ -90.7998069, 43.735435 ] ] ] } },
{ "type": "Feature", "properties": { "state_po": "WI", "county_geoid": "55081", "pwsid": "WI6630259", "pws_name": "ONTARIO WATERWORKS", "population_served_count": 554, "model_method": "Random Forest", "verification_status": "", "symbology_field": "Modeled", "intersection_area_sq_km": 0.0013949930093476075 }, "geometry": { "type": "Polygon", "coordinates": [ [ [ -90.6070638, 43.726443 ], [ -90.6070288, 43.729618 ], [ -90.58955737455932, 43.729526536361078 ], [ -90.607022, 43.72961 ], [ -90.6070638, 43.726443 ] ] ] } },
{ "type": "Feature", "properties": { "state_po": "WI", "county_geoid": "55081", "pwsid": "WI6420296", "pws_name": "NORWALK WATERWORKS", "population_served_count": 653, "model_method": "Random Forest", "verification_status": "", "symbology_field": "Modeled", "intersection_area_sq_km": 1.4845476603394798 }, "geometry": { "type": "Polygon", "coordinates": [ [ [ -90.6221528, 43.825257 ], [ -90.6270478, 43.82609 ], [ -90.6270328, 43.827288 ], [ -90.6370648, 43.827306 ], [ -90.6369678, 43.834826 ], [ -90.6281278, 43.836926 ], [ -90.6238578, 43.835613 ], [ -90.6217308, 43.832847 ], [ -90.6180378, 43.833117 ], [ -90.6162658, 43.831458 ], [ -90.6170418, 43.827237 ], [ -90.6213738, 43.827256 ], [ -90.6221528, 43.825257 ] ] ] } },
{ "type": "Feature", "properties": { "state_po": "WI", "county_geoid": "55081", "pwsid": "WI6420299", "pws_name": "CORTLAND ACRES", "population_served_count": 145, "model_method": "Random Forest", "verification_status": "", "symbology_field": "Modeled", "intersection_area_sq_km": 0.038632223948218351 }, "geometry": { "type": "Polygon", "coordinates": [ [ [ -90.8347179, 43.919294 ], [ -90.8321819, 43.920943 ], [ -90.8322479, 43.919244 ], [ -90.8347179, 43.919294 ] ] ] } },
{ "type": "Feature", "properties": { "state_po": "WI", "county_geoid": "55081", "pwsid": "WI6420295", "pws_name": "KENDALL WATERWORKS", "population_served_count": 458, "model_method": "Random Forest", "verification_status": "", "symbology_field": "Modeled", "intersection_area_sq_km": 1.8068173801809018 }, "geometry": { "type": "Polygon", "coordinates": [ [ [ -90.3776798, 43.786496 ], [ -90.3776758, 43.790159 ], [ -90.3725728, 43.792942 ], [ -90.3776458, 43.797427 ], [ -90.3740248, 43.79877 ], [ -90.3736838, 43.797749 ], [ -90.3575778, 43.798613 ], [ -90.3576828, 43.78776 ], [ -90.3776798, 43.786496 ] ] ] } },
{ "type": "Feature", "properties": { "state_po": "WI", "county_geoid": "55081", "pwsid": "WI6420306", "pws_name": "WILTON WATERWORKS", "population_served_count": 490, "model_method": "Random Forest", "verification_status": "", "symbology_field": "Modeled", "intersection_area_sq_km": 1.4102318215963736 }, "geometry": { "type": "MultiPolygon", "coordinates": [ [ [ [ -90.5339638, 43.808672 ], [ -90.5329888, 43.80933 ], [ -90.5289378, 43.808695 ], [ -90.5339638, 43.808672 ] ] ], [ [ [ -90.542836799999989, 43.812966 ], [ -90.5331158, 43.813019 ], [ -90.5343748, 43.82092 ], [ -90.5336198, 43.822444 ], [ -90.5286638, 43.820999 ], [ -90.5292728, 43.828632 ], [ -90.5278308, 43.828465 ], [ -90.5261238, 43.820098 ], [ -90.5188288, 43.813242 ], [ -90.5277968, 43.810408 ], [ -90.5381128, 43.810684 ], [ -90.5387668, 43.808679 ], [ -90.5429098, 43.808689 ], [ -90.542836799999989, 43.812966 ] ] ] ] } },
{ "type": "Feature", "properties": { "state_po": "WI", "county_geoid": "55081", "pwsid": "WI6320333", "pws_name": "ROCKLAND WATERWORKS", "population_served_count": 642, "model_method": "Random Forest", "verification_status": "", "symbology_field": "Modeled", "intersection_area_sq_km": 0.18056437828740024 }, "geometry": { "type": "Polygon", "coordinates": [ [ [ -90.9051359, 43.910673 ], [ -90.9051069, 43.90685 ], [ -90.910074038531377, 43.906537909008733 ], [ -90.910094135074928, 43.910643041002359 ], [ -90.9051359, 43.910673 ] ] ] } },
{ "type": "Feature", "properties": { "state_po": "WI", "county_geoid": "55081", "pwsid": "WI6420069", "pws_name": "OAKDALE WATERWORKS", "population_served_count": 317, "model_method": "Decision Tree", "verification_status": "", "symbology_field": "Modeled", "intersection_area_sq_km": 0.37360102763241493 }, "geometry": { "type": "Polygon", "coordinates": [ [ [ -90.379247800000016, 43.961308 ], [ -90.3779438, 43.962478 ], [ -90.3723638, 43.960732 ], [ -90.3724238, 43.957118 ], [ -90.386662800000011, 43.961175 ], [ -90.3839758, 43.961024 ], [ -90.382888799999989, 43.962579 ], [ -90.379247800000016, 43.961308 ] ] ] } },
{ "type": "Feature", "properties": { "state_po": "WI", "county_geoid": "55081", "pwsid": "WI6420305", "pws_name": "WARRENS WATERWORKS", "population_served_count": 540, "model_method": "Random Forest", "verification_status": "", "symbology_field": "Modeled", "intersection_area_sq_km": 3.3360726529953233 }, "geometry": { "type": "Polygon", "coordinates": [ [ [ -90.5095108, 44.120425 ], [ -90.5208078, 44.123832 ], [ -90.5309908, 44.124399 ], [ -90.5348129, 44.13454 ], [ -90.5213958, 44.134675 ], [ -90.5214008, 44.130945 ], [ -90.5163768, 44.131079 ], [ -90.5164238, 44.127543 ], [ -90.5113608, 44.127633 ], [ -90.5113548, 44.131209 ], [ -90.5088428, 44.131275 ], [ -90.5088648, 44.132832 ], [ -90.5164658, 44.1340401 ], [ -90.5165268, 44.1378781 ], [ -90.5088918, 44.134631099999943 ], [ -90.4962788, 44.135144099999948 ], [ -90.4962388, 44.1314141 ], [ -90.4912428, 44.131514099999976 ], [ -90.4912108, 44.129722099999974 ], [ -90.4962568, 44.129670100000041 ], [ -90.4920258, 44.124239 ], [ -90.4957948, 44.124199 ], [ -90.4966928, 44.1272 ], [ -90.5030458, 44.126421 ], [ -90.5072278, 44.124093 ], [ -90.5095108, 44.120425 ] ] ] } },
{ "type": "Feature", "properties": { "state_po": "WI", "county_geoid": "55081", "pwsid": "WI6420307", "pws_name": "FORT MCCOY SOUTH POST", "population_served_count": 250, "model_method": "Random Forest", "verification_status": "", "symbology_field": "Modeled", "intersection_area_sq_km": 0.67207131021388322 }, "geometry": { "type": "MultiPolygon", "coordinates": [ [ [ [ -90.7222909, 43.972254 ], [ -90.733176899999989, 43.9777 ], [ -90.7265359, 43.981537 ], [ -90.7243429, 43.979262 ], [ -90.7255369, 43.976889 ], [ -90.7222999, 43.977754 ], [ -90.7222909, 43.972254 ] ] ], [ [ [ -90.6856909, 44.010532 ], [ -90.6847229, 44.012472 ], [ -90.6747659, 44.012263 ], [ -90.6747229, 44.01089 ], [ -90.6856909, 44.010532 ] ] ] ] } },
{ "type": "Feature", "properties": { "state_po": "WI", "county_geoid": "55031", "pwsid": "WI8160143", "pws_name": "ASPEN HEALTH AND REHAB", "population_served_count": 200, "model_method": "Random Forest", "verification_status": "", "symbology_field": "Modeled", "intersection_area_sq_km": 25.155721224433371 }, "geometry": { "type": "MultiPolygon", "coordinates": [ [ [ [ -92.1546856, 46.3305103 ], [ -92.1190036, 46.330942300000025 ], [ -92.1193886, 46.3272693 ], [ -92.1130176, 46.3231293 ], [ -92.1179906, 46.315221300000019 ], [ -92.1231096, 46.311004300000015 ], [ -92.121666600000012, 46.309152300000022 ], [ -92.1277396, 46.305198300000043 ], [ -92.1267146, 46.303940299999979 ], [ -92.1286496, 46.301718299999941 ], [ -92.1355506, 46.2977973 ], [ -92.1326956, 46.294153300000012 ], [ -92.1365376, 46.290186299999966 ], [ -92.1361496, 46.287609300000035 ], [ -92.154852600000012, 46.287805299999981 ], [ -92.1546856, 46.3305103 ] ] ], [ [ [ -91.7013555, 46.3924483 ], [ -91.7008935, 46.405299299999989 ], [ -91.6843405, 46.405578299999952 ], [ -91.6621675, 46.417587300000022 ], [ -91.634629500000017, 46.417699299999946 ], [ -91.6347855, 46.402940299999976 ], [ -91.6753795, 46.403181299999979 ], [ -91.675740499999989, 46.389071299999983 ], [ -91.7066455, 46.389245300000027 ], [ -91.7013555, 46.3924483 ] ] ], [ [ [ -91.8876926, 46.541854300000018 ], [ -91.8838146, 46.5392203 ], [ -91.8780216, 46.540833299999946 ], [ -91.8750016, 46.534061300000054 ], [ -91.8759506, 46.531911300000019 ], [ -91.8691386, 46.529499300000033 ], [ -91.8676466, 46.525067300000046 ], [ -91.865326599999989, 46.5261323 ], [ -91.8655496, 46.524695300000033 ], [ -91.8628806, 46.524652300000014 ], [ -91.8628336, 46.522040299999986 ], [ -91.8662516, 46.519295299999968 ], [ -91.862900599999989, 46.5154563 ], [ -91.8643956, 46.512163300000026 ], [ -91.8620436, 46.505378300000018 ], [ -91.888707599999989, 46.531638300000012 ], [ -91.8876926, 46.541854300000018 ] ] ], [ [ [ -91.888544599999989, 46.542709300000013 ], [ -91.8893466, 46.540801300000034 ], [ -91.890267600000016, 46.5431603 ], [ -91.8919376, 46.543084300000011 ], [ -91.8928106, 46.546178299999973 ], [ -91.8885156, 46.546655300000026 ], [ -91.8885426, 46.553987299999982 ], [ -91.8633836, 46.553918300000035 ], [ -91.8617756, 46.546618299999956 ], [ -91.873859599999989, 46.546658299999955 ], [ -91.871422600000017, 46.544682300000034 ], [ -91.8773216, 46.541152300000029 ], [ -91.8831416, 46.540321299999974 ], [ -91.888544599999989, 46.542709300000013 ] ] ] ] } },
{ "type": "Feature", "properties": { "state_po": "WI", "county_geoid": "55031", "pwsid": "WI8160145", "pws_name": "MANITOU FALLS SANITARY DISTRICT NO 1", "population_served_count": 95, "model_method": "Random Forest", "verification_status": "", "symbology_field": "Modeled", "intersection_area_sq_km": 0.34743833294799781 }, "geometry": { "type": "Polygon", "coordinates": [ [ [ -91.8334542, 46.347983 ], [ -91.8297581, 46.35018 ], [ -91.8197232, 46.348826799999955 ], [ -91.8183121, 46.350598800000014 ], [ -91.8182122, 46.347767799999978 ], [ -91.8255932, 46.347633899999963 ], [ -91.8254763, 46.345558900000015 ], [ -91.8327533, 46.345504 ], [ -91.8334542, 46.347983 ] ] ] } },
{ "type": "Feature", "properties": { "state_po": "WI", "county_geoid": "55031", "pwsid": "WI8160142", "pws_name": "GORDON CORRECTIONAL CENTER", "population_served_count": 91, "model_method": "Decision Tree", "verification_status": "", "symbology_field": "Modeled", "intersection_area_sq_km": 0.33382893815636316 }, "geometry": { "type": "Polygon", "coordinates": [ [ [ -91.7990685, 46.218285300000019 ], [ -91.8019635, 46.24951029999994 ], [ -91.800273499999989, 46.2518013 ], [ -91.7978375, 46.242151300000081 ], [ -91.7996245, 46.237150299999982 ], [ -91.7990685, 46.218285300000019 ] ] ] } },
{ "type": "Feature", "properties": { "state_po": "WI", "county_geoid": "55049", "pwsid": "WI1220109", "pws_name": "LIVINGSTON WATERWORKS", "population_served_count": 664, "model_method": "Random Forest", "verification_status": "", "symbology_field": "Modeled", "intersection_area_sq_km": 0.27270338905712815 }, "geometry": { "type": "MultiPolygon", "coordinates": [ [ [ [ -90.4274857, 42.896411900000025 ], [ -90.4274857, 42.895876040020156 ], [ -90.427500982734287, 42.896905533349951 ], [ -90.4274857, 42.896411900000025 ] ] ], [ [ [ -90.4237617, 42.9073349 ], [ -90.4233857, 42.900115899999946 ], [ -90.4275347, 42.900013899999983 ], [ -90.427513296755308, 42.897735023598209 ], [ -90.427655085795266, 42.907286978968308 ], [ -90.4237617, 42.9073349 ] ] ] ] } },
{ "type": "Feature", "properties": { "state_po": "WI", "county_geoid": "55049", "pwsid": "WI1220110", "pws_name": "MONTFORT WATERWORKS", "population_served_count": 718, "model_method": "Random Forest", "verification_status": "", "symbology_field": "Modeled", "intersection_area_sq_km": 0.094631458071272434 }, "geometry": { "type": "MultiPolygon", "coordinates": [ [ [ [ -90.428499980591837, 42.968241578461061 ], [ -90.4272097, 42.965533899999983 ], [ -90.428488034928364, 42.965542853351103 ], [ -90.428499980591837, 42.968241578461061 ] ] ], [ [ [ -90.428504079308183, 42.971961936122689 ], [ -90.4249377, 42.9705669 ], [ -90.4249297, 42.969034899999976 ], [ -90.428499013033516, 42.968683547758701 ], [ -90.428504079308183, 42.971961936122689 ] ] ], [ [ [ -90.4285187, 42.973508900000013 ], [ -90.428511819925689, 42.972736507088058 ], [ -90.428521184420376, 42.973673550588785 ], [ -90.4285187, 42.973508900000013 ] ] ], [ [ [ -90.428528928655652, 42.97444844716226 ], [ -90.428540294475397, 42.975585693556134 ], [ -90.4285247, 42.974662900000027 ], [ -90.428528928655652, 42.97444844716226 ] ] ], [ [ [ -90.428549498043637, 42.976506562390561 ], [ -90.4285457, 42.976393900000012 ], [ -90.428547877917978, 42.976344461382439 ], [ -90.428549498043637, 42.976506562390561 ] ] ] ] } },
{ "type": "Feature", "properties": { "state_po": "WI", "county_geoid": "55049", "pwsid": "WI1250080", "pws_name": "HIGHLAND WATERWORKS", "population_served_count": 842, "model_method": "Random Forest", "verification_status": "", "symbology_field": "Modeled", "intersection_area_sq_km": 2.7674690476161934 }, "geometry": { "type": "Polygon", "coordinates": [ [ [ -90.3696627, 43.0395869 ], [ -90.3894417, 43.039348899999986 ], [ -90.3894187, 43.046622900000017 ], [ -90.3908167, 43.04655589999998 ], [ -90.3894097, 43.05022290000003 ], [ -90.3944107, 43.050162900000032 ], [ -90.3943697, 43.053781900000018 ], [ -90.3794887, 43.053992900000011 ], [ -90.3794987, 43.056428900000014 ], [ -90.3747057, 43.059031899999987 ], [ -90.3745427, 43.054064900000029 ], [ -90.3695807, 43.054133900000039 ], [ -90.3695987, 43.046845900000015 ], [ -90.3746617, 43.0458299 ], [ -90.3746417, 43.044322900000019 ], [ -90.3696347, 43.0413499 ], [ -90.3696627, 43.0395869 ] ] ] } },
{ "type": "Feature", "properties": { "state_po": "WI", "county_geoid": "55049", "pwsid": "WI1250086", "pws_name": "REWEY WATERWORKS", "population_served_count": 290, "model_method": "Random Forest", "verification_status": "", "symbology_field": "Modeled", "intersection_area_sq_km": 0.81855753896932693 }, "geometry": { "type": "Polygon", "coordinates": [ [ [ -90.3978317, 42.835055900000043 ], [ -90.3980707, 42.845965900000017 ], [ -90.3930627, 42.845968900000045 ], [ -90.393175700000015, 42.849626900000011 ], [ -90.3882137, 42.8496519 ], [ -90.3880887, 42.8423529 ], [ -90.3930037, 42.8423379 ], [ -90.3928457, 42.8350539 ], [ -90.3978317, 42.835055900000043 ] ] ] } },
{ "type": "Feature", "properties": { "state_po": "WI", "county_geoid": "55049", "pwsid": "WI1220112", "pws_name": "MUSCODA WATERWORKS", "population_served_count": 1453, "model_method": "Random Forest", "verification_status": "", "symbology_field": "Modeled", "intersection_area_sq_km": 0.2521173784371592 }, "geometry": { "type": "Polygon", "coordinates": [ [ [ -90.429617696361717, 43.186752882797038 ], [ -90.4131067, 43.186274899999979 ], [ -90.4130247, 43.1840629 ], [ -90.429602948037086, 43.185388900002046 ], [ -90.429617696361717, 43.186752882797038 ] ] ] } },
{ "type": "Feature", "properties": { "state_po": "WI", "county_geoid": "55049", "pwsid": "WI1250076", "pws_name": "COBB WATERWORKS", "population_served_count": 458, "model_method": "Random Forest", "verification_status": "", "symbology_field": "Modeled", "intersection_area_sq_km": 0.87175141667058187 }, "geometry": { "type": "MultiPolygon", "coordinates": [ [ [ [ -90.3313487, 42.9637219 ], [ -90.3297587, 42.962016900000016 ], [ -90.3313397, 42.961977899999987 ], [ -90.3313487, 42.9637219 ] ] ], [ [ [ -90.337631700000017, 42.9604519 ], [ -90.339889700000015, 42.9708479 ], [ -90.3297837, 42.9728189 ], [ -90.3298067, 42.969238899999979 ], [ -90.3278767, 42.9693849 ], [ -90.3277267, 42.967407899999976 ], [ -90.3298767, 42.9673649 ], [ -90.3298027, 42.965018900000011 ], [ -90.337631700000017, 42.9604519 ] ] ] ] } },
{ "type": "Feature", "properties": { "state_po": "WI", "county_geoid": "55049", "pwsid": "WI1250082", "pws_name": "LINDEN WATERWORKS", "population_served_count": 547, "model_method": "Random Forest", "verification_status": "", "symbology_field": "Modeled", "intersection_area_sq_km": 2.0054806757418491 }, "geometry": { "type": "Polygon", "coordinates": [ [ [ -90.2687626, 42.911696899999939 ], [ -90.2828166, 42.9122529 ], [ -90.2829446, 42.925012899999935 ], [ -90.2655766, 42.925044900000017 ], [ -90.2654466, 42.9132849 ], [ -90.2687626, 42.911696899999939 ] ] ] } },
{ "type": "Feature", "properties": { "state_po": "WI", "county_geoid": "55049", "pwsid": "WI1250084", "pws_name": "MINERAL POINT WATERWORKS", "population_served_count": 2487, "model_method": "Random Forest", "verification_status": "", "symbology_field": "Modeled", "intersection_area_sq_km": 6.6908983671849986 }, "geometry": { "type": "MultiPolygon", "coordinates": [ [ [ [ -90.1625862, 42.853182900000014 ], [ -90.1625582, 42.854172900000016 ], [ -90.1603752, 42.85452189999998 ], [ -90.1625862, 42.853182900000014 ] ] ], [ [ [ -90.201103, 42.859645499999985 ], [ -90.199674, 42.862703499999974 ], [ -90.192351800000012, 42.868398299999953 ], [ -90.1903707, 42.8727873 ], [ -90.1703307, 42.872792 ], [ -90.1645906, 42.876199900000024 ], [ -90.164558700000015, 42.8727949 ], [ -90.1604117, 42.872793900000033 ], [ -90.1602741, 42.858154900000031 ], [ -90.1668981, 42.858178 ], [ -90.1674121, 42.856972 ], [ -90.1640102, 42.853823899999966 ], [ -90.1666052, 42.854462 ], [ -90.1670242, 42.853055 ], [ -90.170385200000013, 42.853015 ], [ -90.1704781, 42.856545 ], [ -90.1750561, 42.857087100000058 ], [ -90.1774823, 42.85117409999998 ], [ -90.1892543, 42.850984299999965 ], [ -90.1953804, 42.848512400000047 ], [ -90.201103, 42.859645499999985 ] ] ] ] } },
{ "type": "Feature", "properties": { "state_po": "WI", "county_geoid": "55049", "pwsid": "WI1250238", "pws_name": "EDMUND TN OF LINDEN SAN DIST 1", "population_served_count": 110, "model_method": "Random Forest", "verification_status": "", "symbology_field": "Modeled", "intersection_area_sq_km": 0.15467719860919973 }, "geometry": { "type": "Polygon", "coordinates": [ [ [ -90.264737599999989, 42.966785899999948 ], [ -90.2674366, 42.9683839 ], [ -90.2560606, 42.96861590000001 ], [ -90.256041599999989, 42.9673989 ], [ -90.264737599999989, 42.966785899999948 ] ] ] } },
{ "type": "Feature", "properties": { "state_po": "WI", "county_geoid": "55049", "pwsid": "WI1250272", "pws_name": "ZWEIFELS COUNTRY VIEW", "population_served_count": 40, "model_method": "Random Forest", "verification_status": "", "symbology_field": "Modeled", "intersection_area_sq_km": 0.19131187171520037 }, "geometry": { "type": "Polygon", "coordinates": [ [ [ -90.1281886, 42.909610900000011 ], [ -90.1281786, 42.9150389 ], [ -90.1221716, 42.915028899999974 ], [ -90.1209556, 42.9163019 ], [ -90.1226246, 42.913632900000017 ], [ -90.1281886, 42.909610900000011 ] ] ] } },
{ "type": "Feature", "properties": { "state_po": "WI", "county_geoid": "55049", "pwsid": "WI1250081", "pws_name": "HOLLANDALE WATERWORKS", "population_served_count": 283, "model_method": "Random Forest", "verification_status": "", "symbology_field": "Modeled", "intersection_area_sq_km": 0.46199863551013515 }, "geometry": { "type": "Polygon", "coordinates": [ [ [ -89.9420085, 42.874049900000031 ], [ -89.9383575, 42.8744849 ], [ -89.9383495, 42.878661900000012 ], [ -89.9325865, 42.876142900000012 ], [ -89.931950500000013, 42.869981899999978 ], [ -89.9351555, 42.8697659 ], [ -89.9352295, 42.8718099 ], [ -89.9419835, 42.87177890000001 ], [ -89.9420085, 42.874049900000031 ] ] ] } },
{ "type": "Feature", "properties": { "state_po": "WI", "county_geoid": "55049", "pwsid": "WI1250087", "pws_name": "RIDGEWAY WATERWORKS", "population_served_count": 690, "model_method": "Random Forest", "verification_status": "", "symbology_field": "Modeled", "intersection_area_sq_km": 2.4883395141890805 }, "geometry": { "type": "Polygon", "coordinates": [ [ [ -90.0054066, 42.991401900000042 ], [ -90.0052376, 43.0058709 ], [ -89.97937060000001, 43.006253899999955 ], [ -89.9763126, 43.00519690000003 ], [ -89.9846236, 42.99719190000004 ], [ -89.998144599999989, 42.994539900000014 ], [ -90.0054066, 42.991401900000042 ] ] ] } },
{ "type": "Feature", "properties": { "state_po": "WI", "county_geoid": "55049", "pwsid": "WI1330071", "pws_name": "BLANCHARDVILLE WATERWORKS", "population_served_count": 810, "model_method": "Random Forest", "verification_status": "", "symbology_field": "Modeled", "intersection_area_sq_km": 0.23223994483551269 }, "geometry": { "type": "Polygon", "coordinates": [ [ [ -89.8640065, 42.813528900000016 ], [ -89.8637895, 42.814574900000068 ], [ -89.8678265, 42.8145819 ], [ -89.8678035, 42.815903899999967 ], [ -89.8638325, 42.815892900000065 ], [ -89.8652605, 42.817252900000021 ], [ -89.8576265, 42.8166039 ], [ -89.85774953468578, 42.813587128168798 ], [ -89.8640065, 42.813528900000016 ] ] ] } },
{ "type": "Feature", "properties": { "state_po": "WI", "county_geoid": "55049", "pwsid": "WI1250318", "pws_name": "HOUSE ON THE ROCK RESORT", "population_served_count": 470, "model_method": "Random Forest", "verification_status": "", "symbology_field": "Modeled", "intersection_area_sq_km": 0.012905769647450634 }, "geometry": { "type": "Polygon", "coordinates": [ [ [ -90.1259216, 43.1067999 ], [ -90.1262826, 43.108212899999963 ], [ -90.1247316, 43.108211899999986 ], [ -90.1259216, 43.1067999 ] ] ] } },
{ "type": "Feature", "properties": { "state_po": "WI", "county_geoid": "55049", "pwsid": "WI1250073", "pws_name": "ARENA WATERWORKS", "population_served_count": 877, "model_method": "Random Forest", "verification_status": "", "symbology_field": "Modeled", "intersection_area_sq_km": 1.3790571587243481 }, "geometry": { "type": "Polygon", "coordinates": [ [ [ -89.9295166, 43.1672399 ], [ -89.9150836, 43.1666529 ], [ -89.9150586, 43.1688729 ], [ -89.9125886, 43.168870899999973 ], [ -89.9125636, 43.167793900000028 ], [ -89.9077386, 43.1678599 ], [ -89.9076566, 43.1662539 ], [ -89.910175600000017, 43.166090900000022 ], [ -89.9026736, 43.165737900000011 ], [ -89.9027146, 43.168035899999985 ], [ -89.8977346, 43.168079899999952 ], [ -89.8977026, 43.1655489 ], [ -89.8951916, 43.165378900000015 ], [ -89.8951816, 43.163850900000035 ], [ -89.8992676, 43.1638489 ], [ -89.899227599999989, 43.1616769 ], [ -89.9223936, 43.1615809 ], [ -89.9224526, 43.16513990000005 ], [ -89.9294966, 43.165135900000031 ], [ -89.9295166, 43.1672399 ] ] ] } },
{ "type": "Feature", "properties": { "state_po": "WI", "county_geoid": "55049", "pwsid": "WI1250207", "pws_name": "BIT O GREEN LLC MHP", "population_served_count": 49, "model_method": "Random Forest", "verification_status": "", "symbology_field": "Modeled", "intersection_area_sq_km": 0.61874985584983022 }, "geometry": { "type": "Polygon", "coordinates": [ [ [ -89.9905186, 43.156395900000042 ], [ -89.9904796, 43.161619900000041 ], [ -89.9756156, 43.1616139 ], [ -89.9756596, 43.158571899999963 ], [ -89.9804606, 43.158685900000059 ], [ -89.9804966, 43.1562519 ], [ -89.9905186, 43.156395900000042 ] ] ] } },
{ "type": "Feature", "properties": { "state_po": "WI", "county_geoid": "55049", "pwsid": "WI1250074", "pws_name": "AVOCA WATERWORKS", "population_served_count": 637, "model_method": "Random Forest", "verification_status": "", "symbology_field": "Modeled", "intersection_area_sq_km": 2.9436150217260542 }, "geometry": { "type": "Polygon", "coordinates": [ [ [ -90.3350697, 43.173081900000042 ], [ -90.3350777, 43.1748529 ], [ -90.3302007, 43.175925899999989 ], [ -90.3301887, 43.18201789999997 ], [ -90.3353097, 43.182920899999971 ], [ -90.3354087, 43.18768289999997 ], [ -90.340192700000017, 43.187668899999984 ], [ -90.3402537, 43.191167900000039 ], [ -90.335295699999989, 43.1911959 ], [ -90.3352827, 43.192420900000045 ], [ -90.3296347, 43.1935049 ], [ -90.3252637, 43.191298900000028 ], [ -90.3140727, 43.1906169 ], [ -90.3158697, 43.189660899999978 ], [ -90.3157747, 43.184172899999986 ], [ -90.3233497, 43.183607900000013 ], [ -90.3203497, 43.180673899999952 ], [ -90.3159047, 43.1804969 ], [ -90.3155967, 43.173305900000038 ], [ -90.3350697, 43.173081900000042 ] ] ] } },
{ "type": "Feature", "properties": { "state_po": "WI", "county_geoid": "55049", "pwsid": "WI1250075", "pws_name": "BARNEVELD WATERWORKS", "population_served_count": 1258, "model_method": null, "verification_status": null, "symbology_field": "System Sourced", "intersection_area_sq_km": 2.6325160850859635 }, "geometry": { "type": "Polygon", "coordinates": [ [ [ -89.8835436, 43.008168599999948 ], [ -89.8886173, 43.006007 ], [ -89.8950368, 43.012233700000039 ], [ -89.899361399999989, 43.009264 ], [ -89.895754599999989, 43.004950300000019 ], [ -89.8967582, 43.003072 ], [ -89.9014656, 43.003896700000027 ], [ -89.9042212, 43.00789510000002 ], [ -89.9051567, 43.003285 ], [ -89.9088553, 43.003093100000051 ], [ -89.9104342, 43.004365599999957 ], [ -89.9092948, 43.008884900000027 ], [ -89.9046087, 43.00841649999996 ], [ -89.9032589, 43.010101099999964 ], [ -89.9044939, 43.011469599999955 ], [ -89.9020272, 43.015251399999975 ], [ -89.9025567, 43.017852200000043 ], [ -89.897086, 43.01822989999998 ], [ -89.8931326, 43.021506099999989 ], [ -89.8874211, 43.020194199999985 ], [ -89.8864927, 43.017888299999953 ], [ -89.8830075, 43.0165472 ], [ -89.8814439, 43.011166600000031 ], [ -89.8835436, 43.008168599999948 ] ] ] } },
{ "type": "Feature", "properties": { "state_po": "WI", "county_geoid": "55027", "pwsid": "WI1140016", "pws_name": "HIDDEN MEADOWS", "population_served_count": 166, "model_method": "Random Forest", "verification_status": "", "symbology_field": "Modeled", "intersection_area_sq_km": 0.021190110369721855 }, "geometry": { "type": "Polygon", "coordinates": [ [ [ -88.6116272, 43.197735 ], [ -88.6109162, 43.199964 ], [ -88.6110932, 43.19779 ], [ -88.6116272, 43.197735 ] ] ] } },
{ "type": "Feature", "properties": { "state_po": "WI", "county_geoid": "55027", "pwsid": "WI1140147", "pws_name": "BREEZY POINT MHP 1", "population_served_count": 30, "model_method": "OSM", "verification_status": "", "symbology_field": "Modeled", "intersection_area_sq_km": 0.018113834035102486 }, "geometry": { "type": "Polygon", "coordinates": [ [ [ -88.6146462, 43.4132031 ], [ -88.6136532, 43.4148961 ], [ -88.6136282, 43.412972100000012 ], [ -88.6146462, 43.4132031 ] ] ] } },
{ "type": "Feature", "properties": { "state_po": "WI", "county_geoid": "55027", "pwsid": "WI1140148", "pws_name": "HUSTISFORD WATERWORKS", "population_served_count": 1063, "model_method": "Random Forest", "verification_status": "", "symbology_field": "Modeled", "intersection_area_sq_km": 2.0790798054086475 }, "geometry": { "type": "Polygon", "coordinates": [ [ [ -88.6008722, 43.336076 ], [ -88.606352199999989, 43.336374 ], [ -88.6063032, 43.338454 ], [ -88.6080262, 43.338495 ], [ -88.6065792, 43.342033 ], [ -88.6138592, 43.342252 ], [ -88.6138432, 43.346165 ], [ -88.616247199999989, 43.345867 ], [ -88.6163152, 43.35146 ], [ -88.619478199999989, 43.352921 ], [ -88.6189422, 43.355468 ], [ -88.6116602, 43.351459 ], [ -88.6115322, 43.349378 ], [ -88.6050302, 43.346625 ], [ -88.5996962, 43.350914 ], [ -88.5984612, 43.348864 ], [ -88.5958382, 43.357955 ], [ -88.5928522, 43.360764 ], [ -88.5924972, 43.353218 ], [ -88.5961972, 43.353017 ], [ -88.5960472, 43.349089 ], [ -88.594337200000012, 43.34869 ], [ -88.5960432, 43.344821 ], [ -88.5925732, 43.342993 ], [ -88.5925692, 43.341315 ], [ -88.601078199999989, 43.340894 ], [ -88.6008722, 43.336076 ] ] ] } },
{ "type": "Feature", "properties": { "state_po": "WI", "county_geoid": "55027", "pwsid": "WI1140150", "pws_name": "IRON RIDGE WATERWORKS", "population_served_count": 937, "model_method": "Random Forest", "verification_status": "", "symbology_field": "Modeled", "intersection_area_sq_km": 1.4043736557604354 }, "geometry": { "type": "Polygon", "coordinates": [ [ [ -88.5222182, 43.3928741 ], [ -88.5277192, 43.392192100000024 ], [ -88.5324332, 43.397994100000048 ], [ -88.5324162, 43.392223099999981 ], [ -88.5368612, 43.39226110000002 ], [ -88.5369072, 43.39587010000006 ], [ -88.5417002, 43.395909099999969 ], [ -88.5420062, 43.4031301 ], [ -88.5387252, 43.403100100000017 ], [ -88.5335162, 43.399446100000027 ], [ -88.5321532, 43.4048621 ], [ -88.5271572, 43.4047951 ], [ -88.5271082, 43.39939109999996 ], [ -88.522245200000015, 43.399358099999958 ], [ -88.5222182, 43.3928741 ] ] ] } },
{ "type": "Feature", "properties": { "state_po": "WI", "county_geoid": "55027", "pwsid": "WI1140155", "pws_name": "LEROY SANITARY DISTRICT 1", "population_served_count": 320, "model_method": "Random Forest", "verification_status": "", "symbology_field": "Modeled", "intersection_area_sq_km": 0.76842316979644743 }, "geometry": { "type": "Polygon", "coordinates": [ [ [ -88.5611412, 43.5729981 ], [ -88.5536202, 43.5735611 ], [ -88.553607200000016, 43.575083100000015 ], [ -88.5510882, 43.5750351 ], [ -88.5510912, 43.5735131 ], [ -88.5410892, 43.573273100000023 ], [ -88.5411002, 43.569655100000027 ], [ -88.5600302, 43.570101100000024 ], [ -88.5575262, 43.566332100000011 ], [ -88.5611082, 43.566391099999962 ], [ -88.5611412, 43.5729981 ] ] ] } },
{ "type": "Feature", "properties": { "state_po": "WI", "county_geoid": "55027", "pwsid": "WI1140162", "pws_name": "BREEZY POINT MHP 2", "population_served_count": 51, "model_method": "Random Forest", "verification_status": "", "symbology_field": "Modeled", "intersection_area_sq_km": 0.05556296455035252 }, "geometry": { "type": "Polygon", "coordinates": [ [ [ -88.613698200000016, 43.414969100000022 ], [ -88.6118642, 43.414734100000018 ], [ -88.6118132, 43.412431100000013 ], [ -88.6146462, 43.4132031 ], [ -88.613698200000016, 43.414969100000022 ] ] ] } },
{ "type": "Feature", "properties": { "state_po": "WI", "county_geoid": "55027", "pwsid": "WI1140058", "pws_name": "JUNEAU WATERWORKS", "population_served_count": 2627, "model_method": "Random Forest", "verification_status": "", "symbology_field": "Modeled", "intersection_area_sq_km": 3.9466604881430767 }, "geometry": { "type": "Polygon", "coordinates": [ [ [ -88.7035272, 43.394656 ], [ -88.7033152, 43.39705 ], [ -88.7133212, 43.397104 ], [ -88.7134242, 43.399595 ], [ -88.7222602, 43.40033 ], [ -88.713561200000015, 43.405125 ], [ -88.7141752, 43.415478 ], [ -88.7011022, 43.415518 ], [ -88.6957832, 43.422811 ], [ -88.6968342, 43.415469 ], [ -88.6889152, 43.415377 ], [ -88.6887932, 43.411703 ], [ -88.6956652, 43.411787 ], [ -88.6961152, 43.409735 ], [ -88.688856199999989, 43.409643 ], [ -88.6885222, 43.407453 ], [ -88.692205199999989, 43.406984 ], [ -88.6921192, 43.404318 ], [ -88.6893112, 43.403447 ], [ -88.6982982, 43.402354 ], [ -88.6982572, 43.394884 ], [ -88.7009462, 43.394923 ], [ -88.7000452, 43.400771 ], [ -88.7013922, 43.39463 ], [ -88.7035272, 43.394656 ] ] ] } },
{ "type": "Feature", "properties": { "state_po": "WI", "county_geoid": "55027", "pwsid": "WI1140135", "pws_name": "MAPLE GROVE MHP", "population_served_count": 125, "model_method": "Random Forest", "verification_status": "", "symbology_field": "Modeled", "intersection_area_sq_km": 0.068965834126611489 }, "geometry": { "type": "Polygon", "coordinates": [ [ [ -88.9103353, 43.458882 ], [ -88.9060303, 43.458976 ], [ -88.9046663, 43.456182 ], [ -88.9064933, 43.456588 ], [ -88.9103353, 43.458882 ] ] ] } },
{ "type": "Feature", "properties": { "state_po": "WI", "county_geoid": "55027", "pwsid": "WI1140139", "pws_name": "BROWNSVILLE WATERWORKS", "population_served_count": 630, "model_method": "Random Forest", "verification_status": "", "symbology_field": "Modeled", "intersection_area_sq_km": 1.391856680262985 }, "geometry": { "type": "Polygon", "coordinates": [ [ [ -88.4999212, 43.615936100000035 ], [ -88.5061602, 43.616235100000011 ], [ -88.5062602, 43.61988209999997 ], [ -88.5015442, 43.619856100000028 ], [ -88.4960962, 43.6175691 ], [ -88.4961492, 43.61976509999996 ], [ -88.4938892, 43.620862100000011 ], [ -88.4929062, 43.618122099999987 ], [ -88.4820452, 43.6182431 ], [ -88.4819902, 43.616455100000024 ], [ -88.4853752, 43.616399099999988 ], [ -88.4864422, 43.610951099999987 ], [ -88.4900142, 43.6109021 ], [ -88.4899562, 43.6090941 ], [ -88.4996662, 43.609005100000047 ], [ -88.4999212, 43.615936100000035 ] ] ] } },
{ "type": "Feature", "properties": { "state_po": "WI", "county_geoid": "55027", "pwsid": "WI1140140", "pws_name": "CLYMAN WATERWORKS", "population_served_count": 422, "model_method": "Random Forest", "verification_status": "", "symbology_field": "Modeled", "intersection_area_sq_km": 0.87753694351244016 }, "geometry": { "type": "Polygon", "coordinates": [ [ [ -88.7153082, 43.306682 ], [ -88.7207172, 43.306706 ], [ -88.7210482, 43.31035 ], [ -88.7344332, 43.310162 ], [ -88.7336062, 43.314022 ], [ -88.7235372, 43.314022 ], [ -88.7235022, 43.315896 ], [ -88.7201142, 43.315871 ], [ -88.7199482, 43.3176 ], [ -88.720018200000013, 43.313992 ], [ -88.7150632, 43.313944 ], [ -88.7153082, 43.306682 ] ] ] } },
{ "type": "Feature", "properties": { "state_po": "WI", "county_geoid": "55027", "pwsid": "WI1140144", "pws_name": "FOX LAKE CORRECTIONAL INSTITUTION", "population_served_count": 1850, "model_method": "Random Forest", "verification_status": "", "symbology_field": "Modeled", "intersection_area_sq_km": 0.40575349741149463 }, "geometry": { "type": "Polygon", "coordinates": [ [ [ -88.9079403, 43.6152281 ], [ -88.9116793, 43.610719099999976 ], [ -88.9148993, 43.6122591 ], [ -88.9154803, 43.6170341 ], [ -88.9132583, 43.6193051 ], [ -88.9097233, 43.61930710000005 ], [ -88.9111133, 43.618134099999956 ], [ -88.9079403, 43.6152281 ] ] ] } },
{ "type": "Feature", "properties": { "state_po": "WI", "county_geoid": "55027", "pwsid": "WI1140145", "pws_name": "FOX LAKE WATERWORKS", "population_served_count": 1610, "model_method": "Decision Tree", "verification_status": "", "symbology_field": "Modeled", "intersection_area_sq_km": 3.4826208853640641 }, "geometry": { "type": "Polygon", "coordinates": [ [ [ -88.9014983, 43.5532981 ], [ -88.9092443, 43.55328609999998 ], [ -88.909495299999989, 43.557020100000031 ], [ -88.9144453, 43.5579831 ], [ -88.9163373, 43.5561101 ], [ -88.9202423, 43.556078099999965 ], [ -88.9186233, 43.558953099999982 ], [ -88.9206123, 43.558141100000036 ], [ -88.920415300000016, 43.557670100000024 ], [ -88.9212643, 43.556655100000022 ], [ -88.9206553, 43.555601099999926 ], [ -88.9206373, 43.554032100000015 ], [ -88.9215373, 43.553656100000033 ], [ -88.920938299999989, 43.553980099999976 ], [ -88.9214263, 43.556150100000032 ], [ -88.9211843, 43.557134099999949 ], [ -88.9205123, 43.557759100000027 ], [ -88.9207513, 43.558109100000031 ], [ -88.9204763, 43.558599099999967 ], [ -88.9238683, 43.558025099999959 ], [ -88.9215913, 43.560039100000012 ], [ -88.9238183, 43.561952100000035 ], [ -88.921647299999989, 43.563753099999985 ], [ -88.9216983, 43.5667961 ], [ -88.9136623, 43.566168099999963 ], [ -88.9119253, 43.569110099999982 ], [ -88.9092663, 43.5696801 ], [ -88.9091623, 43.572880099999985 ], [ -88.9130523, 43.5741241 ], [ -88.9126283, 43.575653099999954 ], [ -88.9066263, 43.576864099999973 ], [ -88.9024703, 43.5759731 ], [ -88.9029733, 43.577425100000028 ], [ -88.8982643, 43.577325100000053 ], [ -88.8996153, 43.578010099999965 ], [ -88.8968273, 43.578797099999989 ], [ -88.8981933, 43.5751801 ], [ -88.8967083, 43.567896100000013 ], [ -88.9006403, 43.567798099999983 ], [ -88.9021953, 43.566128100000022 ], [ -88.8965673, 43.5640771 ], [ -88.8965303, 43.5605551 ], [ -88.9015693, 43.560618099999971 ], [ -88.9014983, 43.5532981 ] ] ] } },
{ "type": "Feature", "properties": { "state_po": "WI", "county_geoid": "55027", "pwsid": "WI1140151", "pws_name": "LOMIRA WATERWORKS", "population_served_count": 2510, "model_method": "Random Forest", "verification_status": "", "symbology_field": "Modeled", "intersection_area_sq_km": 5.1511530139331372 }, "geometry": { "type": "MultiPolygon", "coordinates": [ [ [ [ -88.4419832, 43.578399100000048 ], [ -88.4412372, 43.587132099999948 ], [ -88.4550382, 43.587216099999978 ], [ -88.4551922, 43.594422099999967 ], [ -88.4510942, 43.594416099999954 ], [ -88.4509952, 43.5955791 ], [ -88.4554322, 43.59592410000004 ], [ -88.4554902, 43.597081100000018 ], [ -88.4502422, 43.597170099999978 ], [ -88.4502742, 43.601603100000034 ], [ -88.4402982, 43.601554099999987 ], [ -88.4394692, 43.60436109999997 ], [ -88.4350622, 43.6063981 ], [ -88.4309492, 43.597949100000079 ], [ -88.430178200000014, 43.584075099999986 ], [ -88.4277322, 43.586979100000029 ], [ -88.4277302, 43.583524099999984 ], [ -88.4326952, 43.583525099999974 ], [ -88.4326802, 43.579907100000021 ], [ -88.4400652, 43.579906099999974 ], [ -88.4400522, 43.578381099999966 ], [ -88.4419832, 43.578399100000048 ] ] ], [ [ [ -88.442939814248007, 43.631332199646693 ], [ -88.4414102, 43.616355100000014 ], [ -88.4367662, 43.608881099999984 ], [ -88.4413202, 43.608905100000037 ], [ -88.4414112, 43.616220099999985 ], [ -88.4504652, 43.616314099999968 ], [ -88.4506062, 43.623600100000019 ], [ -88.4478242, 43.623576100000015 ], [ -88.448661199999989, 43.626575099999961 ], [ -88.4506902, 43.626595100000046 ], [ -88.451113961972766, 43.631408529505855 ], [ -88.442939814248007, 43.631332199646693 ] ] ] ] } },
{ "type": "Feature", "properties": { "state_po": "WI", "county_geoid": "55027", "pwsid": "WI1140152", "pws_name": "LOWELL WATERWORKS", "population_served_count": 337, "model_method": "Random Forest", "verification_status": "", "symbology_field": "Modeled", "intersection_area_sq_km": 1.6426868054139718 }, "geometry": { "type": "MultiPolygon", "coordinates": [ [ [ [ -88.8082973, 43.335509 ], [ -88.8045513, 43.330398 ], [ -88.8035142, 43.328823 ], [ -88.8083913, 43.328918 ], [ -88.8082973, 43.335509 ] ] ], [ [ [ -88.808334300000013, 43.335558 ], [ -88.8101663, 43.33766 ], [ -88.8194953, 43.339388 ], [ -88.8218753, 43.332229 ], [ -88.8200773, 43.330665 ], [ -88.8208563, 43.329148 ], [ -88.8284133, 43.329011 ], [ -88.8249703, 43.333223 ], [ -88.8283653, 43.332912 ], [ -88.828263299999989, 43.340252 ], [ -88.819730299999989, 43.346714 ], [ -88.8178583, 43.343361 ], [ -88.8081493, 43.343304 ], [ -88.808334300000013, 43.335558 ] ] ] ] } },
{ "type": "Feature", "properties": { "state_po": "WI", "county_geoid": "55027", "pwsid": "WI1140153", "pws_name": "REESEVILLE WATERWORKS", "population_served_count": 718, "model_method": "Random Forest", "verification_status": "", "symbology_field": "Modeled", "intersection_area_sq_km": 1.2234524065462373 }, "geometry": { "type": "Polygon", "coordinates": [ [ [ -88.8548853, 43.296366 ], [ -88.8548833, 43.298052 ], [ -88.8531423, 43.298052 ], [ -88.8531783, 43.303155 ], [ -88.8561633, 43.303636 ], [ -88.8561733, 43.30539 ], [ -88.8482433, 43.304941 ], [ -88.8482033, 43.314661 ], [ -88.8432373, 43.314669 ], [ -88.8433363, 43.309067 ], [ -88.8394943, 43.309989 ], [ -88.8381293, 43.308385 ], [ -88.8410943, 43.303634 ], [ -88.8371343, 43.303645 ], [ -88.837102300000012, 43.301851 ], [ -88.8427273, 43.301826 ], [ -88.8457973, 43.303967 ], [ -88.8443633, 43.302372 ], [ -88.8459993, 43.300804 ], [ -88.8480473, 43.301808 ], [ -88.8526183, 43.296363 ], [ -88.8548853, 43.296366 ] ] ] } },
{ "type": "Feature", "properties": { "state_po": "WI", "county_geoid": "55027", "pwsid": "WI1140154", "pws_name": "THERESA WATERWORKS", "population_served_count": 1262, "model_method": "Random Forest", "verification_status": "", "symbology_field": "Modeled", "intersection_area_sq_km": 1.6330987512735731 }, "geometry": { "type": "Polygon", "coordinates": [ [ [ -88.4567282, 43.50939809999997 ], [ -88.460273199999989, 43.509397100000015 ], [ -88.4602562, 43.5121161 ], [ -88.4621692, 43.5124221 ], [ -88.4602692, 43.51420109999998 ], [ -88.4603022, 43.522377099999979 ], [ -88.4583552, 43.522302100000012 ], [ -88.4563952, 43.526864099999955 ], [ -88.4563562, 43.521930099999956 ], [ -88.4553652, 43.5255461 ], [ -88.4520302, 43.5255521 ], [ -88.4509512, 43.521918099999944 ], [ -88.4454722, 43.521939100000012 ], [ -88.4452072, 43.51468710000001 ], [ -88.4502382, 43.514598100000029 ], [ -88.4485852, 43.5111151 ], [ -88.4542502, 43.511058100000021 ], [ -88.4567282, 43.50939809999997 ] ] ] } },
{ "type": "Feature", "properties": { "state_po": "WI", "county_geoid": "55027", "pwsid": "WI1140156", "pws_name": "MARSHVIEW TERRACE", "population_served_count": 40, "model_method": "Random Forest", "verification_status": "", "symbology_field": "Modeled", "intersection_area_sq_km": 2.9836428777013193 }, "geometry": { "type": "Polygon", "coordinates": [ [ [ -88.7655803, 43.5869241 ], [ -88.7652773, 43.605397100000012 ], [ -88.7590433, 43.605881100000062 ], [ -88.7550063, 43.6080211 ], [ -88.7451113, 43.6083771 ], [ -88.7503263, 43.597033100000026 ], [ -88.750684299999989, 43.586013100000017 ], [ -88.7531093, 43.5890591 ], [ -88.7564113, 43.586165099999974 ], [ -88.7655803, 43.5869241 ] ] ] } },
{ "type": "Feature", "properties": { "state_po": "WI", "county_geoid": "55027", "pwsid": "WI1140439", "pws_name": "NORTH HILLS MHP", "population_served_count": 420, "model_method": "OSM", "verification_status": "", "symbology_field": "Modeled", "intersection_area_sq_km": 0.040107207621309857 }, "geometry": { "type": "MultiPolygon", "coordinates": [ [ [ [ -88.8202633, 43.49502110000001 ], [ -88.8194373, 43.494123100000031 ], [ -88.8202063, 43.4940871 ], [ -88.8202633, 43.49502110000001 ] ] ], [ [ [ -88.8163063, 43.493782100000033 ], [ -88.8165143, 43.4951481 ], [ -88.8131333, 43.4948141 ], [ -88.8163063, 43.493782100000033 ] ] ] ] } },
{ "type": "Feature", "properties": { "state_po": "WI", "county_geoid": "55027", "pwsid": "WI1140854", "pws_name": "SUNNYSIDE ESTATES", "population_served_count": 135, "model_method": "Parcel", "verification_status": "", "symbology_field": "Modeled", "intersection_area_sq_km": 0.017563831619992903 }, "geometry": { "type": "Polygon", "coordinates": [ [ [ -88.8740508, 43.429769799999981 ], [ -88.8740584, 43.431289700000036 ], [ -88.874059300000013, 43.431484400000016 ], [ -88.8717731, 43.429699099999972 ], [ -88.8740508, 43.429769799999981 ] ] ] } },
{ "type": "Feature", "properties": { "state_po": "WI", "county_geoid": "55027", "pwsid": "WI1110125", "pws_name": "RANDOLPH WATER DEPT", "population_served_count": 1800, "model_method": null, "verification_status": null, "symbology_field": "System Sourced", "intersection_area_sq_km": 2.148583769203841 }, "geometry": { "type": "Polygon", "coordinates": [ [ [ -89.0068642, 43.551281900000014 ], [ -89.0052382, 43.5469783 ], [ -88.9936034, 43.547058799999967 ], [ -88.9909012, 43.538406699999967 ], [ -88.9946189, 43.534943 ], [ -88.9988987, 43.5346963 ], [ -89.0004008, 43.533180300000041 ], [ -88.9989595, 43.528244499999985 ], [ -89.0017455, 43.526452400000011 ], [ -89.005341, 43.526889099999963 ], [ -89.006722372546037, 43.530034621591504 ], [ -89.0068642, 43.551281900000014 ] ], [ [ -88.9985859, 43.539832399999973 ], [ -88.9955222, 43.540113 ], [ -88.9962115, 43.542508399999988 ], [ -88.9985859, 43.539832399999973 ] ] ] } },
{ "type": "Feature", "properties": { "state_po": "WI", "county_geoid": "55017", "pwsid": "WI6090459", "pws_name": "HOFFMANNS WISSOTA COURT", "population_served_count": 126, "model_method": "Random Forest", "verification_status": "", "symbology_field": "Modeled", "intersection_area_sq_km": 0.082067810760677817 }, "geometry": { "type": "Polygon", "coordinates": [ [ [ -91.2830962, 44.929131100000014 ], [ -91.2779462, 44.929585099999976 ], [ -91.2779532, 44.9278491 ], [ -91.2830652, 44.927719099999976 ], [ -91.2830962, 44.929131100000014 ] ] ] } },
{ "type": "Feature", "properties": { "state_po": "WI", "county_geoid": "55017", "pwsid": "WI6090454", "pws_name": "LAFAYETTE COURT", "population_served_count": 78, "model_method": "Random Forest", "verification_status": "", "symbology_field": "Modeled", "intersection_area_sq_km": 0.19043724640729406 }, "geometry": { "type": "MultiPolygon", "coordinates": [ [ [ [ -91.272207200000011, 44.9294791 ], [ -91.2714522, 44.9287481 ], [ -91.2721762, 44.928706099999985 ], [ -91.272207200000011, 44.9294791 ] ] ], [ [ [ -91.2701032, 44.928783100000025 ], [ -91.268968199999989, 44.929607099999963 ], [ -91.2686122, 44.928783100000025 ], [ -91.2701032, 44.928783100000025 ] ] ], [ [ [ -91.2678452, 44.9296731 ], [ -91.2827072, 44.9295311 ], [ -91.2868552, 44.92880310000001 ], [ -91.2808892, 44.9301011 ], [ -91.2678592, 44.9308721 ], [ -91.2678452, 44.9296731 ] ] ], [ [ [ -91.2866122, 44.93245210000002 ], [ -91.2841302, 44.9324431 ], [ -91.2839862, 44.930361100000013 ], [ -91.2868752, 44.9302241 ], [ -91.2866122, 44.93245210000002 ] ] ] ] } },
{ "type": "Feature", "properties": { "state_po": "WI", "county_geoid": "55017", "pwsid": "WI6090449", "pws_name": "BOYD WATERWORKS", "population_served_count": 540, "model_method": "Random Forest", "verification_status": "", "symbology_field": "Modeled", "intersection_area_sq_km": 1.0062529863520313 }, "geometry": { "type": "Polygon", "coordinates": [ [ [ -91.0379861, 44.944386100000024 ], [ -91.0447531, 44.944249099999986 ], [ -91.044738099999989, 44.9538461 ], [ -91.0350031, 44.95383510000002 ], [ -91.0355831, 44.952044100000045 ], [ -91.0246401, 44.951018099999985 ], [ -91.0379861, 44.944386100000024 ] ] ] } },
{ "type": "Feature", "properties": { "state_po": "WI", "county_geoid": "55017", "pwsid": "WI6090458", "pws_name": "CORNELL WATERWORKS", "population_served_count": 1390, "model_method": "Decision Tree", "verification_status": "", "symbology_field": "Modeled", "intersection_area_sq_km": 3.335733389065914 }, "geometry": { "type": "Polygon", "coordinates": [ [ [ -91.1420892, 45.148535200000019 ], [ -91.1416542, 45.159447199999981 ], [ -91.1468352, 45.159390199999976 ], [ -91.1469642, 45.155804200000013 ], [ -91.1520532, 45.15572820000002 ], [ -91.1496742, 45.1616302 ], [ -91.1527022, 45.165287199999938 ], [ -91.1532052, 45.170266199999972 ], [ -91.1507332, 45.1747252 ], [ -91.1465982, 45.1749732 ], [ -91.1466062, 45.1775212 ], [ -91.1414332, 45.177562199999969 ], [ -91.1415632, 45.1667372 ], [ -91.1312172, 45.1668552 ], [ -91.1316452, 45.148641200000014 ], [ -91.1420892, 45.148535200000019 ] ] ] } },
{ "type": "Feature", "properties": { "state_po": "WI", "county_geoid": "55017", "pwsid": "WI6090461", "pws_name": "NEW AUBURN WATERWORKS", "population_served_count": 549, "model_method": "Random Forest", "verification_status": "", "symbology_field": "Modeled", "intersection_area_sq_km": 2.1903354806034994 }, "geometry": { "type": "Polygon", "coordinates": [ [ [ -91.542241545775894, 45.206538146359115 ], [ -91.5411793, 45.197000100000011 ], [ -91.5386143, 45.1961091 ], [ -91.5566783, 45.195687099999923 ], [ -91.5590463, 45.196015099999975 ], [ -91.5619393, 45.203915099999968 ], [ -91.573327300000017, 45.2035801 ], [ -91.574473689388398, 45.20704504474012 ], [ -91.542241545775894, 45.206538146359115 ] ] ] } },
{ "type": "Feature", "properties": { "state_po": "WI", "county_geoid": "55017", "pwsid": "WI6090445", "pws_name": "DUNCAN PRAIRIE MHC", "population_served_count": 64, "model_method": "Random Forest", "verification_status": "", "symbology_field": "Modeled", "intersection_area_sq_km": 2.2795357618488881 }, "geometry": { "type": "Polygon", "coordinates": [ [ [ -91.5119663, 45.142897099999978 ], [ -91.4976913, 45.1203201 ], [ -91.5085743, 45.120343100000014 ], [ -91.5068583, 45.12178509999994 ], [ -91.5102613, 45.125683099999961 ], [ -91.5084073, 45.126824099999951 ], [ -91.5104363, 45.1295511 ], [ -91.5112003, 45.120340099999964 ], [ -91.5202483, 45.120354099999957 ], [ -91.5211373, 45.134886099999974 ], [ -91.5117723, 45.134846099999962 ], [ -91.5119663, 45.142897099999978 ] ] ] } },
{ "type": "Feature", "properties": { "state_po": "WI", "county_geoid": "55017", "pwsid": "WI6090450", "pws_name": "CADOTT WATERWORKS", "population_served_count": 1352, "model_method": "Random Forest", "verification_status": "", "symbology_field": "Modeled", "intersection_area_sq_km": 4.9223510470247112 }, "geometry": { "type": "Polygon", "coordinates": [ [ [ -91.1658231, 44.937346100000063 ], [ -91.1658471, 44.944069099999943 ], [ -91.1709291, 44.9438011 ], [ -91.1709211, 44.946341100000026 ], [ -91.1657901, 44.946401099999981 ], [ -91.1656651, 44.949842099999955 ], [ -91.1737571, 44.9484921 ], [ -91.175997099999989, 44.951714099999975 ], [ -91.1656061, 44.951798099999955 ], [ -91.1656871, 44.959011100000019 ], [ -91.1366091, 44.959279100000053 ], [ -91.136625099999989, 44.955790100000023 ], [ -91.1394511, 44.954254099999986 ], [ -91.1467081, 44.955758099999983 ], [ -91.146629100000013, 44.946640100000025 ], [ -91.146565099999989, 44.944584100000021 ], [ -91.136400099999989, 44.944556100000042 ], [ -91.136233100000013, 44.9373681 ], [ -91.1658231, 44.937346100000063 ] ] ] } },
{ "type": "Feature", "properties": { "state_po": "WI", "county_geoid": "55041", "pwsid": "WI7210107", "pws_name": "CRANDON WATERWORKS", "population_served_count": 1958, "model_method": "Random Forest", "verification_status": "", "symbology_field": "Modeled", "intersection_area_sq_km": 4.477429919538241 }, "geometry": { "type": "Polygon", "coordinates": [ [ [ -88.9105116, 45.562977400000015 ], [ -88.9098316, 45.564744399999974 ], [ -88.9165536, 45.564334400000014 ], [ -88.9224886, 45.557632399999974 ], [ -88.9229886, 45.571822399999952 ], [ -88.9072436, 45.572054399999985 ], [ -88.9060686, 45.579146400000042 ], [ -88.9036116, 45.580685399999979 ], [ -88.9034296, 45.5781214 ], [ -88.9030276, 45.580007400000028 ], [ -88.9049416, 45.586592399999937 ], [ -88.9005946, 45.586585399999947 ], [ -88.9024466, 45.5819964 ], [ -88.8918805, 45.582707399999983 ], [ -88.8912245, 45.584828400000035 ], [ -88.8942635, 45.586015399999951 ], [ -88.8874335, 45.58649139999995 ], [ -88.8923385, 45.575585399999966 ], [ -88.8924395, 45.569638399999967 ], [ -88.8896715, 45.567367399999988 ], [ -88.8897355, 45.564233399999985 ], [ -88.892700499999989, 45.5644144 ], [ -88.8942955, 45.5592964 ], [ -88.8918025, 45.550550400000027 ], [ -88.8956465, 45.558597399999968 ], [ -88.9105116, 45.562977400000015 ] ] ] } },
{ "type": "Feature", "properties": { "state_po": "WI", "county_geoid": "55041", "pwsid": "WI7210108", "pws_name": "LAONA SANITARY DIST", "population_served_count": 950, "model_method": "Decision Tree", "verification_status": "", "symbology_field": "Modeled", "intersection_area_sq_km": 3.4831889709736852 }, "geometry": { "type": "Polygon", "coordinates": [ [ [ -88.6754415, 45.556077399999978 ], [ -88.6754165, 45.559260399999964 ], [ -88.6887475, 45.562557399999982 ], [ -88.6818575, 45.563609400000026 ], [ -88.6779005, 45.565372399999987 ], [ -88.6782825, 45.565928399999983 ], [ -88.6815275, 45.5647374 ], [ -88.688024500000012, 45.567323399999978 ], [ -88.6868285, 45.565469400000033 ], [ -88.6882655, 45.5659524 ], [ -88.6899265, 45.567070399999984 ], [ -88.688590499999989, 45.568251400000051 ], [ -88.6897415, 45.5711414 ], [ -88.689195500000011, 45.567891400000029 ], [ -88.6917605, 45.570949400000018 ], [ -88.6933645, 45.5684594 ], [ -88.6962215, 45.56864340000002 ], [ -88.6939875, 45.5721144 ], [ -88.6962425, 45.574093399999931 ], [ -88.6858845, 45.580032400000036 ], [ -88.6813135, 45.577529400000046 ], [ -88.6807705, 45.5744604 ], [ -88.6764525, 45.573867400000019 ], [ -88.6756095, 45.57331640000001 ], [ -88.6755275, 45.572353400000026 ], [ -88.6765365, 45.573616399999949 ], [ -88.6780275, 45.573618399999987 ], [ -88.6735425, 45.56862840000003 ], [ -88.6756005, 45.574881399999967 ], [ -88.6734525, 45.575165399999968 ], [ -88.6716765, 45.5674204 ], [ -88.6706245, 45.568686400000033 ], [ -88.6704555, 45.56731139999998 ], [ -88.6676975, 45.5676404 ], [ -88.6698555, 45.568661399999989 ], [ -88.6678125, 45.570230400000021 ], [ -88.6678845, 45.569185399999981 ], [ -88.6565045, 45.569630399999987 ], [ -88.6572635, 45.567098399999956 ], [ -88.6545715, 45.56438840000002 ], [ -88.6680325, 45.564469399999957 ], [ -88.669353500000014, 45.5572544 ], [ -88.6738075, 45.557279400000034 ], [ -88.6735895, 45.5552874 ], [ -88.6754415, 45.556077399999978 ] ] ] } },
{ "type": "Feature", "properties": { "state_po": "WI", "county_geoid": "55041", "pwsid": "WI7210110", "pws_name": "WABENO SANITARY DIST 1", "population_served_count": 750, "model_method": "Random Forest", "verification_status": "", "symbology_field": "Modeled", "intersection_area_sq_km": 2.9210128237530548 }, "geometry": { "type": "MultiPolygon", "coordinates": [ [ [ [ -88.6706165, 45.430599400000013 ], [ -88.670663499999989, 45.428775399999978 ], [ -88.6733885, 45.426281399999986 ], [ -88.6748825, 45.426010400000024 ], [ -88.673162499999989, 45.4296724 ], [ -88.6706165, 45.430599400000013 ] ] ], [ [ [ -88.4267104, 45.420143399999951 ], [ -88.4374864, 45.422017400000016 ], [ -88.4424364, 45.419697400000025 ], [ -88.439015400000017, 45.426416399999979 ], [ -88.426522267789665, 45.426147523209792 ], [ -88.4267104, 45.420143399999951 ] ] ], [ [ [ -88.6705885, 45.4314864 ], [ -88.6697885, 45.433895400000019 ], [ -88.6733275, 45.435558399999984 ], [ -88.6762825, 45.435362399999974 ], [ -88.6762495, 45.442554400000041 ], [ -88.6739455, 45.44456440000004 ], [ -88.6755965, 45.450153399999984 ], [ -88.6632155, 45.448764399999931 ], [ -88.6703715, 45.442521399999926 ], [ -88.6682575, 45.4402034 ], [ -88.6602565, 45.440197400000045 ], [ -88.657651500000014, 45.4422064 ], [ -88.6551445, 45.442277399999966 ], [ -88.6551185, 45.440849400000012 ], [ -88.6508665, 45.4423194 ], [ -88.6508385, 45.4398034 ], [ -88.6424045, 45.440014399999988 ], [ -88.6385785, 45.43829740000001 ], [ -88.6399515, 45.437328399999977 ], [ -88.6559275, 45.437583399999973 ], [ -88.6672675, 45.432069399999961 ], [ -88.6705885, 45.4314864 ] ] ] ] } },
{ "type": "Feature", "properties": { "state_po": "WI", "county_geoid": "55041", "pwsid": "WI7210105", "pws_name": "NU ROC HEALTH AND REHABILITATION CENTER", "population_served_count": 86, "model_method": "Random Forest", "verification_status": "", "symbology_field": "Modeled", "intersection_area_sq_km": 1.4879491911262752 }, "geometry": { "type": "MultiPolygon", "coordinates": [ [ [ [ -88.6130115, 45.510805399999953 ], [ -88.6130055, 45.521501400000062 ], [ -88.5974955, 45.521519399999946 ], [ -88.597300500000017, 45.516367399999986 ], [ -88.6008375, 45.515821399999986 ], [ -88.6078305, 45.511170399999969 ], [ -88.6130115, 45.510805399999953 ] ] ], [ [ [ -88.6225885, 45.5284844 ], [ -88.6224695, 45.535259399999987 ], [ -88.613133499999989, 45.528604400000013 ], [ -88.6225885, 45.5284844 ] ] ] ] } },
{ "type": "Feature", "properties": { "state_po": "WI", "county_geoid": "55041", "pwsid": "WI4380438", "pws_name": "GOODMAN SANITARY DIST NO 1", "population_served_count": 350, "model_method": "Random Forest", "verification_status": "", "symbology_field": "Modeled", "intersection_area_sq_km": 0.36604274694398975 }, "geometry": { "type": "Polygon", "coordinates": [ [ [ -88.4255424, 45.708320400000012 ], [ -88.4307044, 45.7086604 ], [ -88.4320284, 45.715625399999979 ], [ -88.425360927151274, 45.715483240295796 ], [ -88.4255424, 45.708320400000012 ] ] ] } },
{ "type": "Feature", "properties": { "state_po": "WI", "county_geoid": "55033", "pwsid": "WI6180299", "pws_name": "BERGHS MOBILE HOME PARK", "population_served_count": 60, "model_method": "Random Forest", "verification_status": "", "symbology_field": "Modeled", "intersection_area_sq_km": 0.12641549102883914 }, "geometry": { "type": "Polygon", "coordinates": [ [ [ -91.6951743, 44.7175671 ], [ -91.6939543, 44.719828100000022 ], [ -91.6860793, 44.719986100000028 ], [ -91.6906253, 44.717606100000019 ], [ -91.6951743, 44.7175671 ] ] ] } },
{ "type": "Feature", "properties": { "state_po": "WI", "county_geoid": "55033", "pwsid": "WI6170686", "pws_name": "TAINTER WOODS CONDOMINIUMS", "population_served_count": 85, "model_method": "Random Forest", "verification_status": "", "symbology_field": "Modeled", "intersection_area_sq_km": 0.2866862942043274 }, "geometry": { "type": "MultiPolygon", "coordinates": [ [ [ [ -91.8861384, 44.958677100000017 ], [ -91.8835804, 44.962227099999978 ], [ -91.8736793, 44.968573100000015 ], [ -91.8827374, 44.961601099999967 ], [ -91.8840484, 44.95705310000001 ], [ -91.8861384, 44.958677100000017 ] ] ], [ [ [ -91.8746414, 44.969402099999989 ], [ -91.8732764, 44.97604010000002 ], [ -91.8712623, 44.976164099999984 ], [ -91.8717623, 44.970790099999981 ], [ -91.8746414, 44.969402099999989 ] ] ] ] } },
{ "type": "Feature", "properties": { "state_po": "WI", "county_geoid": "55033", "pwsid": "WI6170263", "pws_name": "DOWNSVILLE SANITARY DISTRICT", "population_served_count": 250, "model_method": "Random Forest", "verification_status": "", "symbology_field": "Modeled", "intersection_area_sq_km": 0.42617908990841052 }, "geometry": { "type": "Polygon", "coordinates": [ [ [ -91.9355583, 44.774789100000014 ], [ -91.9252993, 44.78014509999997 ], [ -91.9239643, 44.782494100000029 ], [ -91.9211233, 44.774816099999988 ], [ -91.9355583, 44.774789100000014 ] ] ] } },
{ "type": "Feature", "properties": { "state_po": "WI", "county_geoid": "55033", "pwsid": "WI6170267", "pws_name": "KNAPP WATERWORKS", "population_served_count": 459, "model_method": "Random Forest", "verification_status": "", "symbology_field": "Modeled", "intersection_area_sq_km": 2.929073928191372 }, "geometry": { "type": "Polygon", "coordinates": [ [ [ -92.0916454, 44.95224910000006 ], [ -92.0958304, 44.954184100000028 ], [ -92.0656704, 44.956534100000013 ], [ -92.0656914, 44.955516100000018 ], [ -92.0606744, 44.955594100000042 ], [ -92.0602874, 44.94468710000001 ], [ -92.0874214, 44.944641099999984 ], [ -92.0912314, 44.9481701 ], [ -92.0916454, 44.95224910000006 ] ] ] } },
{ "type": "Feature", "properties": { "state_po": "WI", "county_geoid": "55033", "pwsid": "WI6170270", "pws_name": "BIRCH TERRACE MOBILE HOME COMMUNITY", "population_served_count": 700, "model_method": "Decision Tree", "verification_status": "", "symbology_field": "Modeled", "intersection_area_sq_km": 0.097174926228612402 }, "geometry": { "type": "Polygon", "coordinates": [ [ [ -91.9266573, 44.847924099999965 ], [ -91.9268013, 44.853477100000056 ], [ -91.9251963, 44.85440709999996 ], [ -91.9248733, 44.847900100000025 ], [ -91.9266573, 44.847924099999965 ] ] ] } },
{ "type": "Feature", "properties": { "state_po": "WI", "county_geoid": "55033", "pwsid": "WI6170276", "pws_name": "COUNTRYSIDE MOBILE HOMES", "population_served_count": 50, "model_method": "Random Forest", "verification_status": "", "symbology_field": "Modeled", "intersection_area_sq_km": 0.017280164075738826 }, "geometry": { "type": "Polygon", "coordinates": [ [ [ -91.9267473, 44.817414099999944 ], [ -91.9285033, 44.818137099999966 ], [ -91.9256753, 44.818122099999982 ], [ -91.9267473, 44.817414099999944 ] ] ] } },
{ "type": "Feature", "properties": { "state_po": "WI", "county_geoid": "55033", "pwsid": "WI6170445", "pws_name": "SHADY OAKS MHP", "population_served_count": 40, "model_method": "Random Forest", "verification_status": "", "symbology_field": "Modeled", "intersection_area_sq_km": 0.088127516046899793 }, "geometry": { "type": "Polygon", "coordinates": [ [ [ -92.0268014, 44.777345 ], [ -92.0278154, 44.780803 ], [ -92.0249884, 44.781722 ], [ -92.0245904, 44.778352 ], [ -92.0268014, 44.777345 ] ] ] } },
{ "type": "Feature", "properties": { "state_po": "WI", "county_geoid": "55033", "pwsid": "WI6170271", "pws_name": "CEDAR FALLS ACRES MHP", "population_served_count": 95, "model_method": "OSM", "verification_status": "", "symbology_field": "Modeled", "intersection_area_sq_km": 0.017079191029666648 }, "geometry": { "type": "Polygon", "coordinates": [ [ [ -91.9314606, 44.887038299999965 ], [ -91.9293093, 44.8872076 ], [ -91.9296901, 44.885927600000016 ], [ -91.9314606, 44.887038299999965 ] ] ] } },
{ "type": "Feature", "properties": { "state_po": "WI", "county_geoid": "55033", "pwsid": "WI6170260", "pws_name": "BOYCEVILLE WATERWORKS", "population_served_count": 1043, "model_method": "Random Forest", "verification_status": "", "symbology_field": "Modeled", "intersection_area_sq_km": 3.1720573379347097 }, "geometry": { "type": "Polygon", "coordinates": [ [ [ -92.0312914, 45.035067099999964 ], [ -92.0292144, 45.031200099999985 ], [ -92.0579074, 45.031231100000028 ], [ -92.0552774, 45.033630099999954 ], [ -92.0504664, 45.034834100000019 ], [ -92.0444474, 45.043198100000026 ], [ -92.0580984, 45.042181099999958 ], [ -92.0582534, 45.044772099999975 ], [ -92.0567364, 45.045670099999988 ], [ -92.049141400000011, 45.0436281 ], [ -92.0394524, 45.047204099999973 ], [ -92.0322124, 45.046541100000027 ], [ -92.0235134, 45.053197100000048 ], [ -92.0152064, 45.053086099999952 ], [ -92.0152064, 45.049241100000017 ], [ -92.0358524, 45.04458010000004 ], [ -92.0328574, 45.04307009999998 ], [ -92.0327494, 45.03868809999998 ], [ -92.0293194, 45.0350941 ], [ -92.0312914, 45.035067099999964 ] ] ] } },
{ "type": "Feature", "properties": { "state_po": "WI", "county_geoid": "55033", "pwsid": "WI6170274", "pws_name": "WHEELER WATERWORKS ASSOC", "population_served_count": 317, "model_method": "Decision Tree", "verification_status": "", "symbology_field": "Modeled", "intersection_area_sq_km": 0.67845135336515672 }, "geometry": { "type": "Polygon", "coordinates": [ [ [ -91.8998274, 45.038166100000041 ], [ -91.9101464, 45.03812910000002 ], [ -91.9102924, 45.0417211 ], [ -91.9203734, 45.0417681 ], [ -91.9203874, 45.044776100000014 ], [ -91.9050724, 45.0452961 ], [ -91.9046394, 45.040859100000013 ], [ -91.8998274, 45.038166100000041 ] ] ] } },
{ "type": "Feature", "properties": { "state_po": "WI", "county_geoid": "55033", "pwsid": "WI6170264", "pws_name": "ELK MOUND WATERWORKS", "population_served_count": 895, "model_method": "Random Forest", "verification_status": "", "symbology_field": "Modeled", "intersection_area_sq_km": 1.6465645616672986 }, "geometry": { "type": "Polygon", "coordinates": [ [ [ -91.701597299999989, 44.872693099999978 ], [ -91.7019963, 44.885487099999985 ], [ -91.6915803, 44.88518009999995 ], [ -91.691381299999989, 44.875672099999974 ], [ -91.6880693, 44.876090099999971 ], [ -91.6851143, 44.868562100000034 ], [ -91.6911883, 44.868826099999986 ], [ -91.6911513, 44.867766099999976 ], [ -91.701597299999989, 44.872693099999978 ] ] ] } },
{ "type": "Feature", "properties": { "state_po": "WI", "county_geoid": "55033", "pwsid": "WI6170265", "pws_name": "MARELL COUNTRY ESTATES", "population_served_count": 150, "model_method": "Random Forest", "verification_status": "", "symbology_field": "Modeled", "intersection_area_sq_km": 0.024292158550126168 }, "geometry": { "type": "Polygon", "coordinates": [ [ [ -91.7179203, 44.880945100000012 ], [ -91.7190833, 44.883635099999985 ], [ -91.7189513, 44.883809100000057 ], [ -91.7179203, 44.880945100000012 ] ] ] } },
{ "type": "Feature", "properties": { "state_po": "WI", "county_geoid": "55033", "pwsid": "WI6170261", "pws_name": "COLFAX WATERWORKS", "population_served_count": 1102, "model_method": "Random Forest", "verification_status": "", "symbology_field": "Modeled", "intersection_area_sq_km": 2.7210802507604752 }, "geometry": { "type": "Polygon", "coordinates": [ [ [ -91.7233793, 44.987207100000013 ], [ -91.7262803, 44.987163099999982 ], [ -91.7262373, 44.99042409999997 ], [ -91.7428143, 44.990586100000016 ], [ -91.742849299999989, 45.001257099999989 ], [ -91.7346503, 45.0011801 ], [ -91.7297443, 44.999079099999989 ], [ -91.7268013, 45.0006461 ], [ -91.7309183, 45.004888099999967 ], [ -91.724404299999989, 45.006392099999978 ], [ -91.7243643, 45.004785100000042 ], [ -91.7123923, 45.0047441 ], [ -91.7124063, 44.9984261 ], [ -91.7226133, 44.997830099999987 ], [ -91.7233793, 44.987207100000013 ] ] ] } },
{ "type": "Feature", "properties": { "state_po": "WI", "county_geoid": "55033", "pwsid": "WI6170385", "pws_name": "RIVER VILLA MOBILE HOME COURT", "population_served_count": 60, "model_method": "Random Forest", "verification_status": "", "symbology_field": "Modeled", "intersection_area_sq_km": 0.040140334740019323 }, "geometry": { "type": "MultiPolygon", "coordinates": [ [ [ [ -91.6858603, 45.165545099999989 ], [ -91.6840403, 45.166038100000016 ], [ -91.6847583, 45.165150099999984 ], [ -91.6858603, 45.165545099999989 ] ] ], [ [ [ -91.6855343, 45.1676891 ], [ -91.6867143, 45.170271099999987 ], [ -91.6846153, 45.170034099999953 ], [ -91.6855343, 45.1676891 ] ] ] ] } },
{ "type": "Feature", "properties": { "state_po": "WI", "county_geoid": "55115", "pwsid": "WI4590462", "pws_name": "TIGERTON WATERWORKS", "population_served_count": 740, "model_method": "Random Forest", "verification_status": "", "symbology_field": "Modeled", "intersection_area_sq_km": 2.2327087957241574 }, "geometry": { "type": "Polygon", "coordinates": [ [ [ -89.0425965, 44.73081219999996 ], [ -89.0479215, 44.73439019999995 ], [ -89.0729615, 44.734639199999968 ], [ -89.0729955, 44.745660200000039 ], [ -89.0626665, 44.745604199999974 ], [ -89.0623145, 44.7471072 ], [ -89.0579065, 44.7454222 ], [ -89.0550905, 44.74775919999994 ], [ -89.0552795, 44.745326199999973 ], [ -89.0507515, 44.74460119999997 ], [ -89.0544965, 44.744452200000048 ], [ -89.0566315, 44.740752199999982 ], [ -89.0533125, 44.7381312 ], [ -89.0426695, 44.737155200000018 ], [ -89.0425965, 44.73081219999996 ] ] ] } },
{ "type": "Feature", "properties": { "state_po": "WI", "county_geoid": "55115", "pwsid": "WI4690396", "pws_name": "MARION WATERWORKS", "population_served_count": 1293, "model_method": "Random Forest", "verification_status": "", "symbology_field": "Modeled", "intersection_area_sq_km": 0.082628512283599409 }, "geometry": { "type": "MultiPolygon", "coordinates": [ [ [ [ -88.8896344, 44.682219200000013 ], [ -88.882899436286451, 44.679682067550587 ], [ -88.917043308189392, 44.679627996305328 ], [ -88.8896694, 44.6797472 ], [ -88.8896344, 44.682219200000013 ] ] ], [ [ [ -88.8896344, 44.682219200000013 ], [ -88.8903074, 44.683172199999987 ], [ -88.8896144, 44.683199200000047 ], [ -88.8896344, 44.682219200000013 ] ] ] ] } },
{ "type": "Feature", "properties": { "state_po": "WI", "county_geoid": "55115", "pwsid": "WI4590449", "pws_name": "BIRNAMWOOD WATERWORKS", "population_served_count": 832, "model_method": "Random Forest", "verification_status": "", "symbology_field": "Modeled", "intersection_area_sq_km": 2.3924557546196374 }, "geometry": { "type": "Polygon", "coordinates": [ [ [ -89.2225766, 44.9428333 ], [ -89.2041496, 44.942887300000024 ], [ -89.2049956, 44.928649299999989 ], [ -89.223673608014764, 44.928430343555988 ], [ -89.2225766, 44.9428333 ] ] ] } },
{ "type": "Feature", "properties": { "state_po": "WI", "county_geoid": "55115", "pwsid": "WI4590450", "pws_name": "BONDUEL WATERWORKS", "population_served_count": 1475, "model_method": "Random Forest", "verification_status": "", "symbology_field": "Modeled", "intersection_area_sq_km": 2.8982082222087002 }, "geometry": { "type": "MultiPolygon", "coordinates": [ [ [ [ -88.452323299999989, 44.729039300000011 ], [ -88.4523083, 44.733805299999972 ], [ -88.4562443, 44.73354029999998 ], [ -88.4563183, 44.734783300000025 ], [ -88.4510393, 44.734717300000021 ], [ -88.4511043, 44.736526299999973 ], [ -88.4557933, 44.73881729999998 ], [ -88.4526253, 44.7427853 ], [ -88.4590483, 44.745620300000063 ], [ -88.4591063, 44.749415299999974 ], [ -88.4466063, 44.749070300000014 ], [ -88.4463813, 44.744620299999987 ], [ -88.4360633, 44.744092299999984 ], [ -88.4335513, 44.7424353 ], [ -88.4359473, 44.741986299999958 ], [ -88.4353783, 44.730639300000021 ], [ -88.4457893, 44.730969300000019 ], [ -88.4456203, 44.727280300000054 ], [ -88.452323299999989, 44.729039300000011 ] ] ], [ [ [ -88.4617653, 44.749461299999972 ], [ -88.4606513, 44.750275299999963 ], [ -88.4597333, 44.749477299999967 ], [ -88.4617653, 44.749461299999972 ] ] ] ] } },
{ "type": "Feature", "properties": { "state_po": "WI", "county_geoid": "55115", "pwsid": "WI4590451", "pws_name": "BOWLER WATERWORKS", "population_served_count": 357, "model_method": "Random Forest", "verification_status": "", "symbology_field": "Modeled", "intersection_area_sq_km": 2.375736819807341 }, "geometry": { "type": "Polygon", "coordinates": [ [ [ -88.9832205, 44.855622300000022 ], [ -88.9887495, 44.856088299999989 ], [ -88.9887015, 44.85904529999997 ], [ -88.9912175, 44.860711299999984 ], [ -88.9896975, 44.861463299999983 ], [ -88.9926165, 44.8678013 ], [ -88.9920395, 44.870374299999966 ], [ -88.9915205, 44.868097299999988 ], [ -88.9914965, 44.870366299999965 ], [ -88.9713615, 44.870146300000016 ], [ -88.9712825, 44.860260299999965 ], [ -88.9738975, 44.858741299999984 ], [ -88.9736335, 44.856144299999983 ], [ -88.9825265, 44.855693300000034 ], [ -88.9832095, 44.853885299999966 ], [ -88.9832205, 44.855622300000022 ] ] ] } },
{ "type": "Feature", "properties": { "state_po": "WI", "county_geoid": "55115", "pwsid": "WI4590454", "pws_name": "GRESHAM WATERWORKS", "population_served_count": 534, "model_method": "Random Forest", "verification_status": "", "symbology_field": "Modeled", "intersection_area_sq_km": 2.023954188433756 }, "geometry": { "type": "Polygon", "coordinates": [ [ [ -88.7614244, 44.840080299999983 ], [ -88.7673554, 44.8402473 ], [ -88.7682434, 44.8403843 ], [ -88.7860404, 44.847351299999971 ], [ -88.7928364, 44.847341300000011 ], [ -88.7902774, 44.852774300000014 ], [ -88.787044400000013, 44.8527183 ], [ -88.7926324, 44.856224300000015 ], [ -88.7758784, 44.856199299999972 ], [ -88.7748184, 44.8530513 ], [ -88.7832954, 44.85458329999998 ], [ -88.7858104, 44.8536103 ], [ -88.7768274, 44.850193300000036 ], [ -88.7766754, 44.8437423 ], [ -88.7680104, 44.840419300000036 ], [ -88.7624314, 44.8402293 ], [ -88.7664044, 44.841701299999947 ], [ -88.7662504, 44.842800299999979 ], [ -88.7615474, 44.841758299999967 ], [ -88.7616574, 44.843663299999982 ], [ -88.7684664, 44.845795300000013 ], [ -88.7652004, 44.849632299999989 ], [ -88.7680014, 44.848622300000052 ], [ -88.7702894, 44.849819300000028 ], [ -88.7713174, 44.8557583 ], [ -88.761888399999989, 44.856083299999987 ], [ -88.7614244, 44.840080299999983 ] ] ] } },
{ "type": "Feature", "properties": { "state_po": "WI", "county_geoid": "55115", "pwsid": "WI4590455", "pws_name": "MATTOON WATERWORKS", "population_served_count": 450, "model_method": "Random Forest", "verification_status": "", "symbology_field": "Modeled", "intersection_area_sq_km": 1.1501536609444147 }, "geometry": { "type": "Polygon", "coordinates": [ [ [ -89.0430845, 44.993751299999964 ], [ -89.0422145, 45.002451300000025 ], [ -89.0454635, 45.002391300000063 ], [ -89.0446525, 45.008320300000058 ], [ -89.0414045, 45.008387299999988 ], [ -89.0416625, 45.012400299999975 ], [ -89.0359995, 45.009826299999965 ], [ -89.0349945, 45.005564300000067 ], [ -89.0320415, 45.00280930000001 ], [ -89.0322635, 45.000194300000025 ], [ -89.0385635, 45.000405299999976 ], [ -89.0400415, 44.9958433 ], [ -89.0374005, 44.994051299999981 ], [ -89.0331185, 44.994665299999966 ], [ -89.0327615, 44.993472299999937 ], [ -89.0430845, 44.993751299999964 ] ] ] } },
{ "type": "Feature", "properties": { "state_po": "WI", "county_geoid": "55115", "pwsid": "WI4590465", "pws_name": "WITTENBERG WATERWORKS", "population_served_count": 1200, "model_method": "Random Forest", "verification_status": "", "symbology_field": "Modeled", "intersection_area_sq_km": 2.3464579284252829 }, "geometry": { "type": "Polygon", "coordinates": [ [ [ -89.1735145, 44.814104199999953 ], [ -89.1737105, 44.819584199999987 ], [ -89.1765135, 44.8196192 ], [ -89.1764655, 44.821846199999975 ], [ -89.1714605, 44.823348199999955 ], [ -89.1728155, 44.825998199999965 ], [ -89.1838855, 44.82692619999996 ], [ -89.1837685, 44.8334202 ], [ -89.1670305, 44.8333512 ], [ -89.1631215, 44.832209199999973 ], [ -89.1586225, 44.8269282 ], [ -89.1624555, 44.826673200000052 ], [ -89.1611085, 44.819398199999931 ], [ -89.1538325, 44.81934020000007 ], [ -89.1535605, 44.819159199999987 ], [ -89.1534545, 44.8175082 ], [ -89.1585745, 44.8175812 ], [ -89.1585825, 44.819328199999987 ], [ -89.1707345, 44.819537200000056 ], [ -89.1712825, 44.815131200000032 ], [ -89.1735145, 44.814104199999953 ] ] ] } },
{ "type": "Feature", "properties": { "state_po": "WI", "county_geoid": "55025", "pwsid": "WI1130244", "pws_name": "APPLEWOOD HILL", "population_served_count": 125, "model_method": "Random Forest", "verification_status": "", "symbology_field": "Modeled", "intersection_area_sq_km": 0.25602342997213701 }, "geometry": { "type": "Polygon", "coordinates": [ [ [ -89.5318544, 43.045854899999988 ], [ -89.5292304, 43.0494809 ], [ -89.5227864, 43.0496299 ], [ -89.5216224, 43.047800899999963 ], [ -89.5228494, 43.045976899999985 ], [ -89.5318544, 43.045854899999988 ] ] ] } },
{ "type": "Feature", "properties": { "state_po": "WI", "county_geoid": "55025", "pwsid": "WI1130248", "pws_name": "COUNTRY VIEW MOBILE HOME COMMUNITY LLC", "population_served_count": 80, "model_method": "Parcel", "verification_status": "", "symbology_field": "Modeled", "intersection_area_sq_km": 0.015836705707980906 }, "geometry": { "type": "Polygon", "coordinates": [ [ [ -89.3722284, 42.9708409 ], [ -89.3735794, 42.971879900000026 ], [ -89.3722004, 42.971875900000015 ], [ -89.3722284, 42.9708409 ] ] ] } },
{ "type": "Feature", "properties": { "state_po": "WI", "county_geoid": "55025", "pwsid": "WI1130250", "pws_name": "OAKHILL CORRECTIONAL INST", "population_served_count": 1096, "model_method": "Random Forest", "verification_status": "", "symbology_field": "Modeled", "intersection_area_sq_km": 14.111084657814697 }, "geometry": { "type": "MultiPolygon", "coordinates": [ [ [ [ -89.4386744, 42.943244899999982 ], [ -89.4372014, 42.95046390000001 ], [ -89.4174394, 42.950425899999971 ], [ -89.4168974, 42.964791899999987 ], [ -89.4120444, 42.972292900000028 ], [ -89.3885774, 42.971904899999977 ], [ -89.3846754, 42.970637900000035 ], [ -89.378783399999989, 42.972092899999971 ], [ -89.3724074, 42.971302899999969 ], [ -89.3726864, 42.9620319 ], [ -89.3796394, 42.949546899999973 ], [ -89.3911714, 42.950229899999989 ], [ -89.3888224, 42.942963900000024 ], [ -89.4386744, 42.943244899999982 ] ] ], [ [ [ -89.3670854, 42.972923899999941 ], [ -89.3573604, 42.969144899999982 ], [ -89.3477814, 42.968139900000018 ], [ -89.3478614, 42.960832900000014 ], [ -89.3676614, 42.960728899999985 ], [ -89.3670854, 42.972923899999941 ] ] ], [ [ [ -89.3603054, 42.972443899999988 ], [ -89.3599214, 42.975487900000033 ], [ -89.3584244, 42.974838899999988 ], [ -89.3583094, 42.972378899999988 ], [ -89.3603054, 42.972443899999988 ] ] ], [ [ [ -89.3670854, 42.972923899999941 ], [ -89.3736274, 42.9763219 ], [ -89.3706524, 42.9765639 ], [ -89.3695134, 42.981842900000011 ], [ -89.3667524, 42.983998899999989 ], [ -89.3670854, 42.972923899999941 ] ] ], [ [ [ -89.3492954, 42.9775919 ], [ -89.3476044, 42.977819899999972 ], [ -89.3473024, 42.982570899999978 ], [ -89.3371434, 42.982781899999956 ], [ -89.3377704, 42.975517900000035 ], [ -89.3497874, 42.9752899 ], [ -89.3492954, 42.9775919 ] ] ] ] } },
{ "type": "Feature", "properties": { "state_po": "WI", "county_geoid": "55025", "pwsid": "WI1131004", "pws_name": "FITCHBURG UTILITY DIST 1 SOUTH", "population_served_count": 350, "model_method": "Decision Tree", "verification_status": "", "symbology_field": "Modeled", "intersection_area_sq_km": 0.015836705707980906 }, "geometry": { "type": "Polygon", "coordinates": [ [ [ -89.3722284, 42.9708409 ], [ -89.3735794, 42.971879900000026 ], [ -89.3722004, 42.971875900000015 ], [ -89.3722284, 42.9708409 ] ] ] } },
{ "type": "Feature", "properties": { "state_po": "WI", "county_geoid": "55025", "pwsid": "WI1230075", "pws_name": "BROOKLYN WATERWORKS", "population_served_count": 1524, "model_method": "Random Forest", "verification_status": "", "symbology_field": "Modeled", "intersection_area_sq_km": 0.9743504569593685 }, "geometry": { "type": "MultiPolygon", "coordinates": [ [ [ [ -89.3743474, 42.856421900000015 ], [ -89.3727514, 42.856448899999968 ], [ -89.3752454, 42.8612339 ], [ -89.3690824, 42.861304900000015 ], [ -89.3690754, 42.859551899999971 ], [ -89.3643884, 42.859686900000014 ], [ -89.364032400000013, 42.856059900000012 ], [ -89.3621704, 42.852673900000042 ], [ -89.3607354, 42.85278389999997 ], [ -89.3637514, 42.852407900000038 ], [ -89.3630254, 42.845148900000019 ], [ -89.369127958405358, 42.845044062867537 ], [ -89.369069, 42.856471 ], [ -89.3743474, 42.856421900000015 ] ] ], [ [ [ -89.383270587748257, 42.856335826839171 ], [ -89.3817404, 42.8563569 ], [ -89.378451270610356, 42.856382480209028 ], [ -89.383270587748257, 42.856335826839171 ] ] ] ] } },
{ "type": "Feature", "properties": { "state_po": "WI", "county_geoid": "55025", "pwsid": "WI1130023", "pws_name": "BLUE MOUNDS WATERWORKS", "population_served_count": 950, "model_method": "Random Forest", "verification_status": "", "symbology_field": "Modeled", "intersection_area_sq_km": 1.6331060348695197 }, "geometry": { "type": "Polygon", "coordinates": [ [ [ -89.8349375, 43.011528899999952 ], [ -89.8358795, 43.017016900000023 ], [ -89.8380015, 43.017918900000048 ], [ -89.8365365, 43.017911900000058 ], [ -89.836459499999989, 43.021478899999963 ], [ -89.8342755, 43.021285899999974 ], [ -89.8341785, 43.024470899999983 ], [ -89.8292105, 43.0244859 ], [ -89.8292315, 43.0281279 ], [ -89.8242215, 43.028122900000014 ], [ -89.8240425, 43.025937899999974 ], [ -89.81930650000001, 43.0245269 ], [ -89.8194345, 43.0173699 ], [ -89.8171285, 43.016299900000028 ], [ -89.8170855, 43.013883899999954 ], [ -89.82424850000001, 43.014252900000024 ], [ -89.8319855, 43.017203899999949 ], [ -89.8352245, 43.0169539 ], [ -89.8349375, 43.011528899999952 ] ] ] } },
{ "type": "Feature", "properties": { "state_po": "WI", "county_geoid": "55025", "pwsid": "WI1130074", "pws_name": "CAMBRIDGE WATER & SEWER UTILITY", "population_served_count": 1638, "model_method": "Decision Tree", "verification_status": "", "symbology_field": "Modeled", "intersection_area_sq_km": 2.1812223977807657 }, "geometry": { "type": "Polygon", "coordinates": [ [ [ -89.0126093, 43.002251 ], [ -89.0188763, 43.003533 ], [ -89.0181413, 43.000643 ], [ -89.0207893, 43.000542 ], [ -89.0260603, 42.993108 ], [ -89.0323883, 42.992883 ], [ -89.0310473, 43.00379 ], [ -89.0273763, 43.003912 ], [ -89.0282763, 43.007493 ], [ -89.0260563, 43.010563 ], [ -89.0242043, 43.010649 ], [ -89.0272873, 43.012668 ], [ -89.0263573, 43.014036 ], [ -89.0233573, 43.014176 ], [ -89.0226903, 43.010713 ], [ -89.0125613, 43.012518 ], [ -89.0126093, 43.002251 ] ] ] } },
{ "type": "Feature", "properties": { "state_po": "WI", "county_geoid": "55025", "pwsid": "WI1130209", "pws_name": "BELLEVILLE WATERWORKS", "population_served_count": 2712, "model_method": "Random Forest", "verification_status": "", "symbology_field": "Modeled", "intersection_area_sq_km": 3.5907075675672564 }, "geometry": { "type": "MultiPolygon", "coordinates": [ [ [ [ -89.5378884, 42.8622089 ], [ -89.5361094, 42.8621499 ], [ -89.5351594, 42.86163389999998 ], [ -89.5368714, 42.861001899999984 ], [ -89.5378884, 42.8622089 ] ] ], [ [ [ -89.5234584, 42.856639900000033 ], [ -89.5480824, 42.856758899999953 ], [ -89.5481074, 42.860579899999955 ], [ -89.5604804, 42.860585899999961 ], [ -89.5604314, 42.867210900000025 ], [ -89.5572964, 42.867112899999974 ], [ -89.5557294, 42.869640900000029 ], [ -89.5511004, 42.87046890000002 ], [ -89.5522484, 42.8697719 ], [ -89.5470924, 42.868870899999969 ], [ -89.5456294, 42.866546899999982 ], [ -89.5404264, 42.865817899999989 ], [ -89.5382114, 42.8612479 ], [ -89.535579399999989, 42.860576899999927 ], [ -89.5333324, 42.86098290000001 ], [ -89.5331034, 42.8683039 ], [ -89.5421214, 42.869062899999939 ], [ -89.541011400000016, 42.871845900000032 ], [ -89.5429694, 42.8714869 ], [ -89.5429084, 42.875733899999972 ], [ -89.5389374, 42.875735899999952 ], [ -89.5390494, 42.877782899999985 ], [ -89.5328744, 42.87855090000005 ], [ -89.5328764, 42.8721259 ], [ -89.5297504, 42.872089900000027 ], [ -89.5304374, 42.863971900000038 ], [ -89.5232824, 42.863886899999962 ], [ -89.5234584, 42.856639900000033 ] ] ] ] } },
{ "type": "Feature", "properties": { "state_po": "WI", "county_geoid": "55025", "pwsid": "WI1130214", "pws_name": "COUNTRY VIEW ESTATES", "population_served_count": 65, "model_method": "Random Forest", "verification_status": "", "symbology_field": "Modeled", "intersection_area_sq_km": 0.40223941904835847 }, "geometry": { "type": "Polygon", "coordinates": [ [ [ -89.0551063, 43.020263 ], [ -89.0525593, 43.022233 ], [ -89.0459873, 43.023406 ], [ -89.0462783, 43.026144 ], [ -89.0435833, 43.026371 ], [ -89.042196300000015, 43.019291 ], [ -89.0551063, 43.020263 ] ] ] } },
{ "type": "Feature", "properties": { "state_po": "WI", "county_geoid": "55025", "pwsid": "WI1130223", "pws_name": "DEERFIELD WATERWORKS", "population_served_count": 2510, "model_method": "Random Forest", "verification_status": "", "symbology_field": "Modeled", "intersection_area_sq_km": 3.1659204502909337 }, "geometry": { "type": "MultiPolygon", "coordinates": [ [ [ [ -89.0876093, 43.049027 ], [ -89.0872393, 43.049315 ], [ -89.0872283, 43.049041 ], [ -89.0876093, 43.049027 ] ] ], [ [ [ -89.0870633, 43.040805 ], [ -89.0862593, 43.051568 ], [ -89.0824853, 43.051669 ], [ -89.0827033, 43.048609 ], [ -89.0814453, 43.04864 ], [ -89.0824463, 43.051698 ], [ -89.0862563, 43.051595 ], [ -89.0845003, 43.051786 ], [ -89.0853293, 43.055324 ], [ -89.0811143, 43.054665 ], [ -89.0811653, 43.059064 ], [ -89.0772763, 43.059169 ], [ -89.0771663, 43.06283 ], [ -89.0727293, 43.06292 ], [ -89.0724073, 43.059288 ], [ -89.0611063, 43.059396 ], [ -89.06139730000001, 43.049803 ], [ -89.0684243, 43.05215 ], [ -89.0691593, 43.048412 ], [ -89.0673983, 43.04864 ], [ -89.0673273, 43.046056 ], [ -89.0728193, 43.046384 ], [ -89.0737543, 43.04113 ], [ -89.0769243, 43.041328 ], [ -89.076774300000011, 43.043931 ], [ -89.0769953, 43.041062 ], [ -89.0870633, 43.040805 ] ] ] ] } },
{ "type": "Feature", "properties": { "state_po": "WI", "county_geoid": "55025", "pwsid": "WI1130232", "pws_name": "LAKE FOREST WATER COOP", "population_served_count": 400, "model_method": "Random Forest", "verification_status": "", "symbology_field": "Modeled", "intersection_area_sq_km": 0.032120857822621071 }, "geometry": { "type": "Polygon", "coordinates": [ [ [ -89.4115524, 43.043324900000037 ], [ -89.4139064, 43.043198900000036 ], [ -89.4138164, 43.04470689999998 ], [ -89.4114804, 43.04467889999998 ], [ -89.4115524, 43.043324900000037 ] ] ] } },
{ "type": "Feature", "properties": { "state_po": "WI", "county_geoid": "55025", "pwsid": "WI1130253", "pws_name": "BAY VIEW HEIGHTS INC", "population_served_count": 450, "model_method": "Decision Tree", "verification_status": "", "symbology_field": "Modeled", "intersection_area_sq_km": 0.070894265180811905 }, "geometry": { "type": "Polygon", "coordinates": [ [ [ -89.2858203, 42.955797899999979 ], [ -89.2880684, 42.9567739 ], [ -89.2822103, 42.9572939 ], [ -89.2824563, 42.956585900000015 ], [ -89.2858203, 42.955797899999979 ] ] ] } },
{ "type": "Feature", "properties": { "state_po": "WI", "county_geoid": "55025", "pwsid": "WI1540118", "pws_name": "PIRATES COVE MOBILE HOME COMMUNITY", "population_served_count": 25, "model_method": "OSM", "verification_status": "", "symbology_field": "Modeled", "intersection_area_sq_km": 0.021237758148318558 }, "geometry": { "type": "Polygon", "coordinates": [ [ [ -89.3020699, 43.051470299999977 ], [ -89.3001295, 43.050661499999947 ], [ -89.302061, 43.0493623 ], [ -89.3020699, 43.051470299999977 ] ] ] } },
{ "type": "Feature", "properties": { "state_po": "WI", "county_geoid": "55025", "pwsid": "WI1130211", "pws_name": "BLACK EARTH WATERWORKS", "population_served_count": 1493, "model_method": "Random Forest", "verification_status": "", "symbology_field": "Modeled", "intersection_area_sq_km": 1.5199056123815964 }, "geometry": { "type": "Polygon", "coordinates": [ [ [ -89.7524795, 43.12267290000004 ], [ -89.7488155, 43.128742899999978 ], [ -89.7501605, 43.1295399 ], [ -89.749244499999989, 43.134426899999958 ], [ -89.7541785, 43.138106900000039 ], [ -89.7541375, 43.1442459 ], [ -89.745028499999989, 43.1454319 ], [ -89.7467575, 43.14066890000003 ], [ -89.7393575, 43.136935900000019 ], [ -89.7455355, 43.136296900000033 ], [ -89.7411695, 43.129921899999985 ], [ -89.7437335, 43.129390900000033 ], [ -89.7449515, 43.126711899999954 ], [ -89.7443725, 43.120746899999986 ], [ -89.7493315, 43.120781899999983 ], [ -89.7493415, 43.122561900000051 ], [ -89.7524795, 43.12267290000004 ] ] ] } },
{ "type": "Feature", "properties": { "state_po": "WI", "county_geoid": "55025", "pwsid": "WI1130239", "pws_name": "MAZOMANIE WATERWORKS", "population_served_count": 1744, "model_method": "Random Forest", "verification_status": "", "symbology_field": "Modeled", "intersection_area_sq_km": 2.5195221199175148 }, "geometry": { "type": "Polygon", "coordinates": [ [ [ -89.8006155, 43.166164899999984 ], [ -89.803669500000012, 43.1709039 ], [ -89.8137245, 43.167296899999975 ], [ -89.8136575, 43.176590900000015 ], [ -89.8017695, 43.176651899999946 ], [ -89.8018355, 43.1795539 ], [ -89.7995705, 43.179565899999957 ], [ -89.7992985, 43.177572900000037 ], [ -89.7955685, 43.177585900000047 ], [ -89.7961415, 43.184271900000013 ], [ -89.7914235, 43.184960900000021 ], [ -89.7921155, 43.182974899999962 ], [ -89.7888435, 43.182940899999956 ], [ -89.7888075, 43.1721509 ], [ -89.7865715, 43.167888899999937 ], [ -89.7938225, 43.166418900000039 ], [ -89.7942665, 43.169375900000041 ], [ -89.798708499999989, 43.169351899999945 ], [ -89.7987865, 43.166127900000028 ], [ -89.8006155, 43.166164899999984 ] ] ] } },
{ "type": "Feature", "properties": { "state_po": "WI", "county_geoid": "55025", "pwsid": "WI1130240", "pws_name": "MAZOMANIE MHP", "population_served_count": 85, "model_method": "Parcel", "verification_status": "", "symbology_field": "Modeled", "intersection_area_sq_km": 0.031716752547593034 }, "geometry": { "type": "Polygon", "coordinates": [ [ [ -89.7829985, 43.230847 ], [ -89.7852215, 43.230931 ], [ -89.7853115, 43.232436 ], [ -89.7830055, 43.232376 ], [ -89.7829985, 43.230847 ] ] ] } },
{ "type": "Feature", "properties": { "state_po": "WI", "county_geoid": "55025", "pwsid": "WI1130234", "pws_name": "MAPLE BLUFF WATERWORKS", "population_served_count": 1342, "model_method": "Random Forest", "verification_status": "", "symbology_field": "Modeled", "intersection_area_sq_km": 1.8270230614379031 }, "geometry": { "type": "Polygon", "coordinates": [ [ [ -89.3706654, 43.097615 ], [ -89.3671334, 43.104556 ], [ -89.3689054, 43.104762 ], [ -89.371310400000013, 43.111167 ], [ -89.3747524, 43.11301 ], [ -89.380584399999989, 43.112984 ], [ -89.3832284, 43.115167 ], [ -89.3759854, 43.124166 ], [ -89.3739024, 43.124141 ], [ -89.3708184, 43.121049 ], [ -89.3622854, 43.106823 ], [ -89.3639054, 43.10681 ], [ -89.3640144, 43.102934 ], [ -89.3678974, 43.097512 ], [ -89.3706654, 43.097615 ] ] ] } },
{ "type": "Feature", "properties": { "state_po": "WI", "county_geoid": "55025", "pwsid": "WI1130266", "pws_name": "DONS MOBILE MANOR", "population_served_count": 160, "model_method": "Parcel", "verification_status": "", "symbology_field": "Modeled", "intersection_area_sq_km": 1.7976641955999559 }, "geometry": { "type": "Polygon", "coordinates": [ [ [ -89.5319934, 43.160146 ], [ -89.5257884, 43.162435 ], [ -89.525810400000012, 43.158908 ], [ -89.5059274, 43.158959 ], [ -89.5059714, 43.155284 ], [ -89.5013554, 43.155337 ], [ -89.501331400000012, 43.151761 ], [ -89.5265884, 43.151292 ], [ -89.5319934, 43.160146 ] ] ] } },
{ "type": "Feature", "properties": { "state_po": "WI", "county_geoid": "55025", "pwsid": "WI1132442", "pws_name": "WESTPORT WATER UTILITY", "population_served_count": 800, "model_method": "Random Forest", "verification_status": "", "symbology_field": "Modeled", "intersection_area_sq_km": 0.036145181389491431 }, "geometry": { "type": "Polygon", "coordinates": [ [ [ -89.4381394, 43.160365 ], [ -89.4376234, 43.162061 ], [ -89.43483040000001, 43.161503 ], [ -89.4381394, 43.160365 ] ] ] } },
{ "type": "Feature", "properties": { "state_po": "WI", "county_geoid": "55025", "pwsid": "WI1130235", "pws_name": "MENDOTA MENTAL HEALTH INST", "population_served_count": 2787, "model_method": "Random Forest", "verification_status": "", "symbology_field": "Modeled", "intersection_area_sq_km": 2.4386382241925015 }, "geometry": { "type": "MultiPolygon", "coordinates": [ [ [ [ -89.3553524, 43.136449 ], [ -89.3545594, 43.147133 ], [ -89.3424694, 43.153226 ], [ -89.3487994, 43.136166 ], [ -89.3553524, 43.136449 ] ] ], [ [ [ -89.4052044, 43.14922 ], [ -89.4060894, 43.152978 ], [ -89.4102514, 43.152134 ], [ -89.4109444, 43.146645 ], [ -89.4173324, 43.145503 ], [ -89.417412399999989, 43.150202 ], [ -89.422382399999989, 43.149808 ], [ -89.4227364, 43.15705 ], [ -89.4196534, 43.1573 ], [ -89.4178494, 43.161324 ], [ -89.4145044, 43.161541 ], [ -89.4119274, 43.159175 ], [ -89.4104714, 43.152414 ], [ -89.4059024, 43.153629 ], [ -89.3976684, 43.144723 ], [ -89.4043734, 43.150018 ], [ -89.4052044, 43.14922 ] ] ] ] } },
{ "type": "Feature", "properties": { "state_po": "WI", "county_geoid": "55025", "pwsid": "WI1130236", "pws_name": "SHOREWOOD HILLS WATERWORKS", "population_served_count": 1670, "model_method": "Random Forest", "verification_status": "", "symbology_field": "Modeled", "intersection_area_sq_km": 1.9833041335323196 }, "geometry": { "type": "Polygon", "coordinates": [ [ [ -89.4289104, 43.073466900000028 ], [ -89.4386514, 43.075078899999973 ], [ -89.4556144, 43.0753809 ], [ -89.4556504, 43.0768489 ], [ -89.4536754, 43.0772689 ], [ -89.4636074, 43.07532189999997 ], [ -89.4635114, 43.08032590000002 ], [ -89.4551564, 43.082259899999968 ], [ -89.4459824, 43.087198 ], [ -89.4481074, 43.084860900000031 ], [ -89.4470514, 43.082997 ], [ -89.4456864, 43.081942900000037 ], [ -89.4367554, 43.082515 ], [ -89.4365624, 43.078940900000028 ], [ -89.4316724, 43.0789609 ], [ -89.4317134, 43.075849899999987 ], [ -89.4290344, 43.075810899999986 ], [ -89.4289104, 43.073466900000028 ] ] ] } },
{ "type": "Feature", "properties": { "state_po": "WI", "county_geoid": "55025", "pwsid": "WI1132499", "pws_name": "LAKE POINTE APTS - WELL 1 5320-5326", "population_served_count": 60, "model_method": "Random Forest", "verification_status": "", "symbology_field": "Modeled", "intersection_area_sq_km": 2.5663761223303854 }, "geometry": { "type": "Polygon", "coordinates": [ [ [ -89.3839814, 43.173872 ], [ -89.3818754, 43.173871 ], [ -89.3821494, 43.17188 ], [ -89.3920544, 43.159575 ], [ -89.4048784, 43.15944 ], [ -89.4081114, 43.16657 ], [ -89.4019534, 43.16659 ], [ -89.4018734, 43.17756 ], [ -89.3968374, 43.177559 ], [ -89.3969064, 43.173903 ], [ -89.39189540000001, 43.173882 ], [ -89.3918674, 43.177539 ], [ -89.3902774, 43.175728 ], [ -89.3870464, 43.177531 ], [ -89.3872034, 43.173496 ], [ -89.3839814, 43.173872 ] ], [ [ -89.3845824, 43.173681 ], [ -89.3830264, 43.173295 ], [ -89.3830344, 43.173692 ], [ -89.3845824, 43.173681 ] ] ] } },
{ "type": "Feature", "properties": { "state_po": "WI", "county_geoid": "55025", "pwsid": "WI1132500", "pws_name": "LAKE POINTE APTS - WELL 2 5312-5318", "population_served_count": 60, "model_method": "Random Forest", "verification_status": "", "symbology_field": "Modeled", "intersection_area_sq_km": 0.47224453855664628 }, "geometry": { "type": "Polygon", "coordinates": [ [ [ -89.4125904, 43.142281 ], [ -89.4059874, 43.146071 ], [ -89.4075934, 43.148865 ], [ -89.4063324, 43.151063 ], [ -89.4042994, 43.150855 ], [ -89.4050444, 43.14886 ], [ -89.4039734, 43.149452 ], [ -89.3979514, 43.144731 ], [ -89.4027364, 43.144723 ], [ -89.4028154, 43.141445 ], [ -89.4125904, 43.142281 ] ] ] } },
{ "type": "Feature", "properties": { "state_po": "WI", "county_geoid": "55025", "pwsid": "WI1132557", "pws_name": "LAKE POINTE/MARINA BAY", "population_served_count": 50, "model_method": "Random Forest", "verification_status": "", "symbology_field": "Modeled", "intersection_area_sq_km": 0.48610854806156056 }, "geometry": { "type": "Polygon", "coordinates": [ [ [ -89.4125904, 43.142281 ], [ -89.4059874, 43.146071 ], [ -89.4075934, 43.148865 ], [ -89.4063324, 43.151063 ], [ -89.4042994, 43.150855 ], [ -89.3979514, 43.144731 ], [ -89.4027364, 43.144723 ], [ -89.4028154, 43.141445 ], [ -89.4125904, 43.142281 ] ] ] } },
{ "type": "Feature", "properties": { "state_po": "WI", "county_geoid": "55025", "pwsid": "WI1133471", "pws_name": "WOODBRIDGE ESTATES", "population_served_count": 48, "model_method": "Random Forest", "verification_status": "", "symbology_field": "Modeled", "intersection_area_sq_km": 0.32590462861132652 }, "geometry": { "type": "MultiPolygon", "coordinates": [ [ [ [ -89.3165574, 43.101372 ], [ -89.3132644, 43.10148 ], [ -89.3133774, 43.098622 ], [ -89.316290400000014, 43.098507 ], [ -89.3165574, 43.101372 ] ] ], [ [ [ -89.330754399999989, 43.10041 ], [ -89.3280034, 43.103988 ], [ -89.3235774, 43.104241 ], [ -89.3236244, 43.102592 ], [ -89.3258034, 43.102531 ], [ -89.3259754, 43.098206 ], [ -89.3293114, 43.098403 ], [ -89.330754399999989, 43.10041 ] ] ] ] } },
{ "type": "Feature", "properties": { "state_po": "WI", "county_geoid": "55025", "pwsid": "WI1130220", "pws_name": "DANE WATERWORKS", "population_served_count": 1095, "model_method": "Random Forest", "verification_status": "", "symbology_field": "Modeled", "intersection_area_sq_km": 3.0732943174418246 }, "geometry": { "type": "Polygon", "coordinates": [ [ [ -89.4882474, 43.239519 ], [ -89.4911134, 43.243176 ], [ -89.5110824, 43.243144 ], [ -89.5112434, 43.257739 ], [ -89.4911534, 43.257739 ], [ -89.4911464, 43.250513 ], [ -89.4861634, 43.250502 ], [ -89.4861064, 43.24335 ], [ -89.4811554, 43.243342 ], [ -89.4860984, 43.243169 ], [ -89.4861204, 43.239509 ], [ -89.4882474, 43.239519 ] ] ] } },
{ "type": "Feature", "properties": { "state_po": "WI", "county_geoid": "55025", "pwsid": "WI1130246", "pws_name": "WINDSOR WATER UTILITY NORTH", "population_served_count": 400, "model_method": "Decision Tree", "verification_status": "", "symbology_field": "Modeled", "intersection_area_sq_km": 0.19178384877792418 }, "geometry": { "type": "Polygon", "coordinates": [ [ [ -89.3621654, 43.281169 ], [ -89.3591624, 43.277724 ], [ -89.3562214, 43.27959 ], [ -89.355323399999989, 43.278783 ], [ -89.3579634, 43.27724 ], [ -89.3564594, 43.275836 ], [ -89.3578894, 43.274968 ], [ -89.3602644, 43.277089 ], [ -89.3630284, 43.275519 ], [ -89.3621654, 43.281169 ] ] ] } },
{ "type": "Feature", "properties": { "state_po": "WI", "county_geoid": "55025", "pwsid": "WI1130278", "pws_name": "EAST BRISTOL UTILITY COOP", "population_served_count": 80, "model_method": "Random Forest", "verification_status": "", "symbology_field": "Modeled", "intersection_area_sq_km": 0.19526610334120215 }, "geometry": { "type": "MultiPolygon", "coordinates": [ [ [ [ -89.142564299999989, 43.260964 ], [ -89.1406303, 43.265422 ], [ -89.1378763, 43.266404 ], [ -89.1388373, 43.263128 ], [ -89.142564299999989, 43.260964 ] ] ], [ [ [ -89.1470173, 43.267914 ], [ -89.1344943, 43.267942 ], [ -89.1345253, 43.267224 ], [ -89.1470323, 43.26686 ], [ -89.1470173, 43.267914 ] ] ] ] } },
{ "type": "Feature", "properties": { "state_po": "WI", "county_geoid": "55013", "pwsid": "WI8070012", "pws_name": "DANBURY SANITARY DISTRICT", "population_served_count": 286, "model_method": "Random Forest", "verification_status": "", "symbology_field": "Modeled", "intersection_area_sq_km": 0.42163935689817172 }, "geometry": { "type": "MultiPolygon", "coordinates": [ [ [ [ -92.3696736, 46.004291199999983 ], [ -92.3739886, 46.004108199999983 ], [ -92.3740796, 46.0068862 ], [ -92.3697456, 46.007986200000026 ], [ -92.3683276, 46.00699519999997 ], [ -92.3696736, 46.004291199999983 ] ] ], [ [ [ -92.3629696, 46.00635319999995 ], [ -92.3621106, 46.0105292 ], [ -92.3577896, 46.012083200000028 ], [ -92.3559536, 46.008969199999967 ], [ -92.3574226, 46.006697199999977 ], [ -92.3629696, 46.00635319999995 ] ] ] ] } },
{ "type": "Feature", "properties": { "state_po": "WI", "county_geoid": "55013", "pwsid": "WI8070023", "pws_name": "BISTRAM MOBILE HOME PARK", "population_served_count": 115, "model_method": "Random Forest", "verification_status": "", "symbology_field": "Modeled", "intersection_area_sq_km": 1.7749195109207656 }, "geometry": { "type": "Polygon", "coordinates": [ [ [ -92.7345757, 45.765292100000039 ], [ -92.7298197, 45.767134099999943 ], [ -92.7297677, 45.770653099999954 ], [ -92.7273997, 45.771345100000012 ], [ -92.724977700000011, 45.770192100000031 ], [ -92.7254987, 45.773149099999934 ], [ -92.7078157, 45.7730671 ], [ -92.7090987, 45.770538099999968 ], [ -92.7077397, 45.769699099999983 ], [ -92.7128817, 45.768801100000061 ], [ -92.7134917, 45.766529100000056 ], [ -92.7165667, 45.767006099999975 ], [ -92.7156187, 45.765366099999987 ], [ -92.7207917, 45.760294099999982 ], [ -92.7234687, 45.7610691 ], [ -92.7283947, 45.759644100000017 ], [ -92.7280567, 45.7610261 ], [ -92.7340087, 45.762515100000037 ], [ -92.7345757, 45.765292100000039 ] ] ] } },
{ "type": "Feature", "properties": { "state_po": "WI", "county_geoid": "55013", "pwsid": "WI8070310", "pws_name": "GRANTSBURG WATERWORKS", "population_served_count": 1460, "model_method": "Random Forest", "verification_status": "", "symbology_field": "Modeled", "intersection_area_sq_km": 3.6490152328873839 }, "geometry": { "type": "MultiPolygon", "coordinates": [ [ [ [ -92.676861699999989, 45.786694199999957 ], [ -92.67697170000001, 45.785165199999973 ], [ -92.6841247, 45.784351200000032 ], [ -92.6841217, 45.781564200000034 ], [ -92.6741387, 45.780968199999975 ], [ -92.6721757, 45.783621199999985 ], [ -92.6716637, 45.778361200000042 ], [ -92.6676067, 45.778362199999975 ], [ -92.6676067, 45.774544199999966 ], [ -92.6716677, 45.774526199999968 ], [ -92.6715787, 45.765663100000026 ], [ -92.6819677, 45.76570610000001 ], [ -92.6820237, 45.7729271 ], [ -92.697608699999989, 45.7729991 ], [ -92.6976247, 45.77155309999997 ], [ -92.7014067, 45.771586099999986 ], [ -92.7001617, 45.7730071 ], [ -92.7026967, 45.773029100000016 ], [ -92.7023067, 45.7767781 ], [ -92.6992847, 45.775615099999982 ], [ -92.695503699999989, 45.77928009999998 ], [ -92.6872547, 45.779957099999976 ], [ -92.6872197, 45.783757199999954 ], [ -92.6924787, 45.783854200000036 ], [ -92.6924377, 45.791057199999976 ], [ -92.6879337, 45.7910472 ], [ -92.6873467, 45.798290199999954 ], [ -92.687229699999989, 45.794664199999971 ], [ -92.6820357, 45.794652199999938 ], [ -92.6820327, 45.787392200000028 ], [ -92.676861699999989, 45.786694199999957 ] ] ], [ [ [ -92.6768827, 45.788110200000034 ], [ -92.6765287, 45.7873782 ], [ -92.6768737, 45.7873812 ], [ -92.6768827, 45.788110200000034 ] ] ] ] } },
{ "type": "Feature", "properties": { "state_po": "WI", "county_geoid": "55013", "pwsid": "WI8070311", "pws_name": "SIREN WATERWORKS", "population_served_count": 941, "model_method": "Random Forest", "verification_status": "", "symbology_field": "Modeled", "intersection_area_sq_km": 2.5665650899619861 }, "geometry": { "type": "Polygon", "coordinates": [ [ [ -92.3857626, 45.761738200000011 ], [ -92.379555599999989, 45.770660199999973 ], [ -92.38520960000001, 45.772167199999942 ], [ -92.3844146, 45.7844872 ], [ -92.3916106, 45.784440199999985 ], [ -92.3916116, 45.785396200000015 ], [ -92.3891676, 45.785409199999989 ], [ -92.3891676, 45.7881662 ], [ -92.3863656, 45.7893372 ], [ -92.3864366, 45.795448199999946 ], [ -92.3802946, 45.795929200000067 ], [ -92.3747966, 45.7933212 ], [ -92.3709886, 45.794938199999976 ], [ -92.371005599999989, 45.78841119999997 ], [ -92.3745656, 45.7882952 ], [ -92.3761026, 45.780947199999986 ], [ -92.375886600000015, 45.768519199999972 ], [ -92.3793926, 45.76828720000001 ], [ -92.3810196, 45.7665862 ], [ -92.381612600000011, 45.7617422 ], [ -92.3857626, 45.761738200000011 ] ] ] } },
{ "type": "Feature", "properties": { "state_po": "WI", "county_geoid": "55013", "pwsid": "WI8070312", "pws_name": "WEBSTER WATERWORKS", "population_served_count": 652, "model_method": "Random Forest", "verification_status": "", "symbology_field": "Modeled", "intersection_area_sq_km": 3.071195611211317 }, "geometry": { "type": "MultiPolygon", "coordinates": [ [ [ [ -92.3617036, 45.872908200000026 ], [ -92.3750826, 45.874424199999979 ], [ -92.3750256, 45.876438199999988 ], [ -92.3802006, 45.876522200000018 ], [ -92.3801326, 45.8800732 ], [ -92.373082599999989, 45.881550199999971 ], [ -92.3729546, 45.886255199999972 ], [ -92.3700026, 45.886220200000032 ], [ -92.3699356, 45.8884772 ], [ -92.3669786, 45.8884532 ], [ -92.3667666, 45.8955902 ], [ -92.3647546, 45.895539200000016 ], [ -92.3644966, 45.8902652 ], [ -92.3596916, 45.8899212 ], [ -92.359641599999989, 45.888410199999981 ], [ -92.3644876, 45.8884312 ], [ -92.3647706, 45.879446199999961 ], [ -92.3595866, 45.8794302 ], [ -92.3595926, 45.874161199999968 ], [ -92.3617036, 45.872908200000026 ] ] ], [ [ [ -92.3651146, 45.9231342 ], [ -92.3447576, 45.923144199999989 ], [ -92.3425876, 45.917682199999952 ], [ -92.3449196, 45.915991199999972 ], [ -92.3652486, 45.9159682 ], [ -92.3651146, 45.9231342 ] ] ] ] } },
{ "type": "Feature", "properties": { "state_po": "WI", "county_geoid": "55069", "pwsid": "WI7350094", "pws_name": "DEER RUN MOBILE HOME COMMUNITY", "population_served_count": 49, "model_method": "Random Forest", "verification_status": "", "symbology_field": "Modeled", "intersection_area_sq_km": 1.2835868967411117 }, "geometry": { "type": "Polygon", "coordinates": [ [ [ -89.643450700000017, 45.157120299999974 ], [ -89.6430267, 45.1633243 ], [ -89.6413537, 45.1633253 ], [ -89.6389187, 45.158422299999984 ], [ -89.6264357, 45.1464633 ], [ -89.6231137, 45.135221300000012 ], [ -89.6258547, 45.133546299999963 ], [ -89.6369067, 45.150903299999989 ], [ -89.643450700000017, 45.157120299999974 ] ] ] } },
{ "type": "Feature", "properties": { "state_po": "WI", "county_geoid": "55069", "pwsid": "WI7350121", "pws_name": "LINCOLN HILLS SCHOOL", "population_served_count": 316, "model_method": "Random Forest", "verification_status": "", "symbology_field": "Modeled", "intersection_area_sq_km": 0.056231795118129015 }, "geometry": { "type": "Polygon", "coordinates": [ [ [ -89.6701028, 45.352086300000018 ], [ -89.6700078, 45.353713300000024 ], [ -89.6669018, 45.353727300000017 ], [ -89.6668898, 45.3516933 ], [ -89.6701028, 45.352086300000018 ] ] ] } },
{ "type": "Feature", "properties": { "state_po": "WI", "county_geoid": "55069", "pwsid": "WI7350124", "pws_name": "LITTLE FLORIDA", "population_served_count": 170, "model_method": "Decision Tree", "verification_status": "", "symbology_field": "Modeled", "intersection_area_sq_km": 0.51615814561804074 }, "geometry": { "type": "Polygon", "coordinates": [ [ [ -89.6671647, 45.210740299999983 ], [ -89.6644327, 45.2140313 ], [ -89.6609307, 45.213790299999957 ], [ -89.6533037, 45.2066563 ], [ -89.6621127, 45.20682630000001 ], [ -89.6671647, 45.210740299999983 ] ] ] } },
{ "type": "Feature", "properties": { "state_po": "WI", "county_geoid": "55069", "pwsid": "WI7350127", "pws_name": "TOMAHAWK WATERWORKS", "population_served_count": 3180, "model_method": "Random Forest", "verification_status": "", "symbology_field": "Modeled", "intersection_area_sq_km": 12.692539091424479 }, "geometry": { "type": "MultiPolygon", "coordinates": [ [ [ [ -89.6929738, 45.479112299999976 ], [ -89.7109228, 45.4747643 ], [ -89.7110208, 45.47300630000003 ], [ -89.7135218, 45.472935299999989 ], [ -89.7134528, 45.4710313 ], [ -89.6979628, 45.470988299999988 ], [ -89.6978128, 45.460582299999984 ], [ -89.730032799999989, 45.461510299999965 ], [ -89.7252738, 45.45374530000003 ], [ -89.7289188, 45.453666299999973 ], [ -89.7291558, 45.456572300000012 ], [ -89.7302578, 45.4548713 ], [ -89.7337338, 45.455063300000027 ], [ -89.7349928, 45.460051300000011 ], [ -89.7433068, 45.464424300000012 ], [ -89.7495318, 45.47013029999998 ], [ -89.7437638, 45.4676403 ], [ -89.7400788, 45.469291300000044 ], [ -89.7420958, 45.470183300000016 ], [ -89.7432648, 45.469070299999984 ], [ -89.7461228, 45.470991300000023 ], [ -89.7455838, 45.472449300000044 ], [ -89.74875680000001, 45.4737053 ], [ -89.7479048, 45.474796300000023 ], [ -89.7359868, 45.4757303 ], [ -89.7331778, 45.47435330000004 ], [ -89.7291628, 45.4776173 ], [ -89.7292058, 45.4760753 ], [ -89.7220058, 45.4740333 ], [ -89.7115538, 45.4771393 ], [ -89.7112368, 45.480099299999964 ], [ -89.7077228, 45.4802773 ], [ -89.7040618, 45.4784913 ], [ -89.6939508, 45.483820300000062 ], [ -89.6929738, 45.479112299999976 ] ] ], [ [ [ -89.7290958, 45.4781253 ], [ -89.723154799999989, 45.4761333 ], [ -89.7182698, 45.47630129999996 ], [ -89.7143688, 45.478071299999947 ], [ -89.7127988, 45.481278300000014 ], [ -89.7008938, 45.481575300000046 ], [ -89.6945678, 45.484719299999981 ], [ -89.7037888, 45.478832299999986 ], [ -89.7070678, 45.48083429999997 ], [ -89.7120638, 45.480652300000024 ], [ -89.7130318, 45.477186300000028 ], [ -89.7226968, 45.4746033 ], [ -89.7290958, 45.4781253 ] ] ], [ [ [ -89.6943008, 45.485477299999943 ], [ -89.6889298, 45.489529299999951 ], [ -89.6799568, 45.482651300000015 ], [ -89.6821368, 45.482713299999958 ], [ -89.682466800000014, 45.470826300000041 ], [ -89.6876068, 45.4709723 ], [ -89.687570799999989, 45.481842300000032 ], [ -89.6927028, 45.4818483 ], [ -89.6943008, 45.485477299999943 ] ] ], [ [ [ -89.7292728, 45.489064299999981 ], [ -89.7076448, 45.489275300000017 ], [ -89.707858800000011, 45.485865299999986 ], [ -89.7111598, 45.486439299999951 ], [ -89.7142758, 45.48402530000002 ], [ -89.7158918, 45.478964300000037 ], [ -89.7185248, 45.477020300000035 ], [ -89.7302938, 45.4788053 ], [ -89.7300238, 45.481620299999982 ], [ -89.7317868, 45.4797643 ], [ -89.7379058, 45.47912730000003 ], [ -89.7468608, 45.48024030000002 ], [ -89.7496438, 45.4823563 ], [ -89.7525718, 45.4810523 ], [ -89.7499838, 45.48460629999996 ], [ -89.7550258, 45.479946300000037 ], [ -89.7550388, 45.481913300000031 ], [ -89.7605478, 45.4829163 ], [ -89.7600178, 45.484562299999972 ], [ -89.7574078, 45.4844003 ], [ -89.7600768, 45.492564300000026 ], [ -89.7549578, 45.4912873 ], [ -89.7548758, 45.495615300000019 ], [ -89.7530548, 45.49099430000004 ], [ -89.7448758, 45.488365300000019 ], [ -89.7440998, 45.496251299999976 ], [ -89.729323799999989, 45.496313299999962 ], [ -89.7292728, 45.489064299999981 ] ] ] ] } },
{ "type": "Feature", "properties": { "state_po": "WI", "county_geoid": "55073", "pwsid": "WI7370108", "pws_name": "SPENCER WATERWORKS", "population_served_count": 1818, "model_method": "Random Forest", "verification_status": "", "symbology_field": "Modeled", "intersection_area_sq_km": 4.5406784442174528 }, "geometry": { "type": "Polygon", "coordinates": [ [ [ -90.3099219, 44.7609972 ], [ -90.3100689, 44.764594200000026 ], [ -90.3085209, 44.7646142 ], [ -90.2996189, 44.758940200000019 ], [ -90.3024689, 44.771982200000032 ], [ -90.3002299, 44.771982200000032 ], [ -90.2996949, 44.7650832 ], [ -90.2897199, 44.764674200000016 ], [ -90.2893569, 44.755631200000032 ], [ -90.2791619, 44.7537822 ], [ -90.2791369, 44.746585200000034 ], [ -90.2841919, 44.746581199999973 ], [ -90.2841509, 44.742967199999981 ], [ -90.2941889, 44.742911199999945 ], [ -90.2942239, 44.7448102 ], [ -90.2992719, 44.744769199999979 ], [ -90.2993989, 44.750254200000015 ], [ -90.3132959, 44.75017120000004 ], [ -90.3133699, 44.7528242 ], [ -90.316812179413972, 44.75280423905766 ], [ -90.316849010387983, 44.760958238928545 ], [ -90.3099219, 44.7609972 ] ] ] } },
{ "type": "Feature", "properties": { "state_po": "WI", "county_geoid": "55073", "pwsid": "WI7370169", "pws_name": "COLBY WATERWORKS", "population_served_count": 1829, "model_method": "Random Forest", "verification_status": "", "symbology_field": "Modeled", "intersection_area_sq_km": 1.2398135548244082 }, "geometry": { "type": "MultiPolygon", "coordinates": [ [ [ [ -90.315073503596494, 44.90220121362777 ], [ -90.3150209, 44.9005302 ], [ -90.315159831240294, 44.892911191506016 ], [ -90.315073503596494, 44.90220121362777 ] ] ], [ [ [ -90.315072291155616, 44.902371319992255 ], [ -90.3156999, 44.929242199999976 ], [ -90.313896899999989, 44.929263200000015 ], [ -90.3138669, 44.927635199999962 ], [ -90.3096419, 44.927659199999979 ], [ -90.3092899, 44.9192512 ], [ -90.3126779, 44.918443200000056 ], [ -90.3126179, 44.9168502 ], [ -90.3091849, 44.916772200000032 ], [ -90.3091909, 44.9096582 ], [ -90.3072299, 44.909672199999982 ], [ -90.3109399, 44.906754199999973 ], [ -90.3111559, 44.902395200000043 ], [ -90.315072291155616, 44.902371319992255 ] ] ] ] } },
{ "type": "Feature", "properties": { "state_po": "WI", "county_geoid": "55073", "pwsid": "WI7370161", "pws_name": "ROTHSCHILD WATERWORKS", "population_served_count": 3190, "model_method": "Random Forest", "verification_status": "", "symbology_field": "Modeled", "intersection_area_sq_km": 10.101693324140308 }, "geometry": { "type": "MultiPolygon", "coordinates": [ [ [ [ -89.644446699999989, 44.858339199999961 ], [ -89.6388047, 44.860262199999973 ], [ -89.6376967, 44.858334200000023 ], [ -89.644446699999989, 44.858339199999961 ] ] ], [ [ [ -89.6364047, 44.868673200000011 ], [ -89.6271307, 44.866304200000044 ], [ -89.6243917, 44.86191919999996 ], [ -89.6190837, 44.861841199999944 ], [ -89.6190297, 44.858330200000026 ], [ -89.6344097, 44.8583212 ], [ -89.6344077, 44.854813199999974 ], [ -89.6306927, 44.854726199999966 ], [ -89.6305747, 44.85110419999998 ], [ -89.6389367, 44.851141199999979 ], [ -89.6369407, 44.8563322 ], [ -89.6399137, 44.8661802 ], [ -89.6423647, 44.8619492 ], [ -89.6520807, 44.862053199999977 ], [ -89.6545487, 44.859147200000052 ], [ -89.6554557, 44.860059199999981 ], [ -89.655309699999989, 44.859220200000031 ], [ -89.64887370000001, 44.8583482 ], [ -89.6586817, 44.858374199999979 ], [ -89.6502607, 44.8652112 ], [ -89.6364047, 44.868673200000011 ] ] ], [ [ [ -89.6377577, 44.869917199999975 ], [ -89.6315507, 44.880052199999966 ], [ -89.6380177, 44.88004719999995 ], [ -89.6355287, 44.885976199999988 ], [ -89.626727699999989, 44.892276200000019 ], [ -89.6220257, 44.892876200000011 ], [ -89.6173237, 44.8961752 ], [ -89.6167247, 44.8989752 ], [ -89.6200257, 44.900775200000034 ], [ -89.6167267, 44.899476199999988 ], [ -89.6168267, 44.900976199999967 ], [ -89.6202907, 44.901685200000024 ], [ -89.6182977, 44.901667200000013 ], [ -89.6184717, 44.9049722 ], [ -89.6101187, 44.906622199999966 ], [ -89.6078757, 44.901785200000013 ], [ -89.6148607, 44.901712199999977 ], [ -89.6154037, 44.89877220000001 ], [ -89.6129747, 44.897498200000015 ], [ -89.6086917, 44.9007542 ], [ -89.6092197, 44.894796200000023 ], [ -89.607877699999989, 44.894535199999943 ], [ -89.6092387, 44.8945222 ], [ -89.5928497, 44.8941432 ], [ -89.5929007, 44.891903200000023 ], [ -89.5979337, 44.891840200000019 ], [ -89.598007700000011, 44.8891872 ], [ -89.5929607, 44.889274199999925 ], [ -89.5929577, 44.887442200000017 ], [ -89.5955327, 44.8874142 ], [ -89.5928637, 44.8815982 ], [ -89.6011227, 44.881754199999989 ], [ -89.5979027, 44.8833412 ], [ -89.5980597, 44.887371200000068 ], [ -89.6094317, 44.88729020000001 ], [ -89.6094607, 44.880048199999969 ], [ -89.6029427, 44.8800982 ], [ -89.602554700000013, 44.872890199999944 ], [ -89.5924367, 44.872956199999969 ], [ -89.5923857, 44.870984200000024 ], [ -89.5969277, 44.8711762 ], [ -89.6011277, 44.868676199999967 ], [ -89.6071277, 44.869076199999974 ], [ -89.6103277, 44.867476200000013 ], [ -89.6167277, 44.870876200000019 ], [ -89.6282447, 44.868494200000036 ], [ -89.6338657, 44.871192199999953 ], [ -89.6360857, 44.868770199999972 ], [ -89.6377577, 44.869917199999975 ] ], [ [ -89.601888699999989, 44.891287199999987 ], [ -89.5979177, 44.892471199999967 ], [ -89.5978827, 44.893713200000015 ], [ -89.6018277, 44.893672200000033 ], [ -89.601888699999989, 44.891287199999987 ] ] ], [ [ [ -89.6063167, 44.9054062 ], [ -89.6076417, 44.9043662 ], [ -89.6076667, 44.905382199999984 ], [ -89.6063167, 44.9054062 ] ] ] ] } },
{ "type": "Feature", "properties": { "state_po": "WI", "county_geoid": "55073", "pwsid": "WI7371256", "pws_name": "HATLEY WATERWORKS", "population_served_count": 550, "model_method": "Decision Tree", "verification_status": "", "symbology_field": "Modeled", "intersection_area_sq_km": 0.14541193445048872 }, "geometry": { "type": "Polygon", "coordinates": [ [ [ -89.3406766, 44.88099919999997 ], [ -89.3388546, 44.881852200000033 ], [ -89.3395936, 44.887769200000044 ], [ -89.3354636, 44.8864832 ], [ -89.3354246, 44.885212200000062 ], [ -89.3371556, 44.885237199999956 ], [ -89.3381836, 44.880822200000019 ], [ -89.3406766, 44.88099919999997 ] ] ] } },
{ "type": "Feature", "properties": { "state_po": "WI", "county_geoid": "55073", "pwsid": "WI7371500", "pws_name": "EDGEWOOD COUNTRY ESTATES", "population_served_count": 49, "model_method": "Random Forest", "verification_status": "", "symbology_field": "Modeled", "intersection_area_sq_km": 0.011079759822003021 }, "geometry": { "type": "Polygon", "coordinates": [ [ [ -89.732614700000013, 44.771618199999956 ], [ -89.7334167, 44.773074199999989 ], [ -89.7328457, 44.7732892 ], [ -89.732614700000013, 44.771618199999956 ] ] ] } },
{ "type": "Feature", "properties": { "state_po": "WI", "county_geoid": "55073", "pwsid": "WI7372480", "pws_name": "MOSINEE EAST SYSTEM", "population_served_count": 1046, "model_method": "Random Forest", "verification_status": "", "symbology_field": "Modeled", "intersection_area_sq_km": 0.52317424476191599 }, "geometry": { "type": "Polygon", "coordinates": [ [ [ -89.6822927, 44.8078272 ], [ -89.6822857, 44.811399200000018 ], [ -89.6913717, 44.81139820000007 ], [ -89.691800700000016, 44.815018200000011 ], [ -89.6747907, 44.815504200000014 ], [ -89.6766277, 44.815013199999981 ], [ -89.6757507, 44.811728199999969 ], [ -89.6808667, 44.811384199999942 ], [ -89.6806747, 44.807806199999952 ], [ -89.6822927, 44.8078272 ] ] ] } },
{ "type": "Feature", "properties": { "state_po": "WI", "county_geoid": "55073", "pwsid": "WI6100326", "pws_name": "DORCHESTER WATERWORKS", "population_served_count": 834, "model_method": "Random Forest", "verification_status": "", "symbology_field": "Modeled", "intersection_area_sq_km": 4.561186777698402e-05 }, "geometry": { "type": "Polygon", "coordinates": [ [ [ -90.315768500382504, 45.000437312567144 ], [ -90.3157669, 44.999499200000017 ], [ -90.315776919627282, 44.99874021794249 ], [ -90.315768500382504, 45.000437312567144 ] ] ] } },
{ "type": "Feature", "properties": { "state_po": "WI", "county_geoid": "55073", "pwsid": "WI7370148", "pws_name": "ABBOTSFORD WATERWORKS", "population_served_count": 2502, "model_method": "Random Forest", "verification_status": "", "symbology_field": "Modeled", "intersection_area_sq_km": 1.6050059265792622 }, "geometry": { "type": "MultiPolygon", "coordinates": [ [ [ [ -90.315168899999989, 44.950904199999968 ], [ -90.310710899999989, 44.9504622 ], [ -90.3151779, 44.949826199999961 ], [ -90.3136889, 44.945835199999983 ], [ -90.3041969, 44.945916200000021 ], [ -90.305650899999989, 44.94348020000006 ], [ -90.3024739, 44.9435152 ], [ -90.3020479, 44.938337199999964 ], [ -90.2993799, 44.938331200000043 ], [ -90.2992169, 44.934617199999963 ], [ -90.3161939, 44.934679200000033 ], [ -90.316253451253687, 44.933055879736372 ], [ -90.316576902481486, 44.952474301094817 ], [ -90.315168899999989, 44.950904199999968 ] ] ], [ [ [ -90.3096289, 44.9482172 ], [ -90.3082269, 44.9509772 ], [ -90.3084139, 44.948144199999938 ], [ -90.3096289, 44.9482172 ] ] ] ] } },
{ "type": "Feature", "properties": { "state_po": "WI", "county_geoid": "55073", "pwsid": "WI7370149", "pws_name": "ATHENS WATERWORKS", "population_served_count": 1025, "model_method": "Random Forest", "verification_status": "", "symbology_field": "Modeled", "intersection_area_sq_km": 3.050161870579827 }, "geometry": { "type": "Polygon", "coordinates": [ [ [ -90.0755208, 45.0224752 ], [ -90.0786578, 45.0239692 ], [ -90.0752398, 45.0238062 ], [ -90.0724248, 45.02892920000005 ], [ -90.0739148, 45.0301822 ], [ -90.0788348, 45.0301732 ], [ -90.0786948, 45.025243200000013 ], [ -90.0836318, 45.025313200000014 ], [ -90.0840958, 45.0331842 ], [ -90.0890878, 45.033224200000035 ], [ -90.0891148, 45.036771199999968 ], [ -90.0929758, 45.036792200000043 ], [ -90.0930148, 45.04038420000002 ], [ -90.099291799999989, 45.04041619999996 ], [ -90.0993548, 45.0476072 ], [ -90.0943268, 45.047567200000039 ], [ -90.0935178, 45.0425172 ], [ -90.0892328, 45.0453062 ], [ -90.0840438, 45.0443012 ], [ -90.084686800000014, 45.042290199999989 ], [ -90.0811098, 45.041171199999951 ], [ -90.0802048, 45.037904199999971 ], [ -90.0761448, 45.0378582 ], [ -90.0697958, 45.035643200000017 ], [ -90.0689558, 45.033168200000027 ], [ -90.0652018, 45.0330542 ], [ -90.0653498, 45.024002199999984 ], [ -90.0710988, 45.024176200000049 ], [ -90.0701358, 45.021863200000013 ], [ -90.0743838, 45.020167199999982 ], [ -90.0755208, 45.0224752 ] ] ] } },
{ "type": "Feature", "properties": { "state_po": "WI", "county_geoid": "55073", "pwsid": "WI7370168", "pws_name": "STRATFORD WATERWORKS", "population_served_count": 1643, "model_method": "Random Forest", "verification_status": "", "symbology_field": "Modeled", "intersection_area_sq_km": 6.3805483587954281 }, "geometry": { "type": "Polygon", "coordinates": [ [ [ -90.0791498, 44.793593199999975 ], [ -90.0792228, 44.786367200000022 ], [ -90.0995998, 44.786426200000058 ], [ -90.0994628, 44.800813200000064 ], [ -90.0956148, 44.800810200000058 ], [ -90.0956098, 44.799616200000017 ], [ -90.0842088, 44.800799200000036 ], [ -90.0841048, 44.8080322 ], [ -90.0791758, 44.808084199999975 ], [ -90.0790878, 44.815245200000014 ], [ -90.0583658, 44.815512200000029 ], [ -90.0568028, 44.803964200000031 ], [ -90.0588188, 44.80421819999998 ], [ -90.0660398, 44.7956952 ], [ -90.0710888, 44.793699199999956 ], [ -90.0791498, 44.793593199999975 ] ] ] } },
{ "type": "Feature", "properties": { "state_po": "WI", "county_geoid": "55073", "pwsid": "WI7370540", "pws_name": "BOARDWALK MHC LLC", "population_served_count": 130, "model_method": "Random Forest", "verification_status": "", "symbology_field": "Modeled", "intersection_area_sq_km": 0.26213221129286007 }, "geometry": { "type": "Polygon", "coordinates": [ [ [ -90.2234508, 44.704183199999974 ], [ -90.2234968, 44.706960199999983 ], [ -90.218426799999989, 44.7069652 ], [ -90.2183508, 44.7033392 ], [ -90.2153258, 44.701482199999951 ], [ -90.2162668, 44.699688200000026 ], [ -90.2234508, 44.704183199999974 ] ] ] } },
{ "type": "Feature", "properties": { "state_po": "WI", "county_geoid": "55073", "pwsid": "WI7370150", "pws_name": "EDGAR WATERWORKS", "population_served_count": 1491, "model_method": "Random Forest", "verification_status": "", "symbology_field": "Modeled", "intersection_area_sq_km": 3.5233929810101254 }, "geometry": { "type": "MultiPolygon", "coordinates": [ [ [ [ -89.9516788, 44.929536199999973 ], [ -89.9517558, 44.9272352 ], [ -89.9567548, 44.927339200000013 ], [ -89.9553358, 44.919904199999941 ], [ -89.9568508, 44.909073199999987 ], [ -89.9742938, 44.909026200000021 ], [ -89.9742308, 44.917846199999985 ], [ -89.9754748, 44.917166200000047 ], [ -89.9760588, 44.919761200000025 ], [ -89.9742028, 44.919787199999966 ], [ -89.9740868, 44.930658200000018 ], [ -89.9566308, 44.930730200000049 ], [ -89.9566478, 44.9294702 ], [ -89.9516788, 44.929536199999973 ] ] ], [ [ [ -89.9552138, 44.930754200000017 ], [ -89.9566108, 44.934259200000035 ], [ -89.9552198, 44.934286199999946 ], [ -89.9552138, 44.930754200000017 ] ] ] ] } },
{ "type": "Feature", "properties": { "state_po": "WI", "county_geoid": "55073", "pwsid": "WI7370151", "pws_name": "MARATHON CITY WATERWORKS", "population_served_count": 1695, "model_method": "Random Forest", "verification_status": "", "symbology_field": "Modeled", "intersection_area_sq_km": 3.9817645559991282 }, "geometry": { "type": "MultiPolygon", "coordinates": [ [ [ [ -89.8448927, 44.91236719999997 ], [ -89.8446387, 44.926860200000064 ], [ -89.8549348, 44.92696220000002 ], [ -89.8540588, 44.929825199999918 ], [ -89.85490080000001, 44.9320022 ], [ -89.8573468, 44.9317522 ], [ -89.85723680000001, 44.934200199999964 ], [ -89.8495308, 44.934789200000026 ], [ -89.8465378, 44.932985199999948 ], [ -89.8414237, 44.9340832 ], [ -89.8402077, 44.937382200000037 ], [ -89.843047700000014, 44.939162199999984 ], [ -89.8418277, 44.939502200000021 ], [ -89.8442258, 44.944260200000016 ], [ -89.8306977, 44.944243200000038 ], [ -89.8308917, 44.94124220000004 ], [ -89.8341887, 44.941237199999968 ], [ -89.8340917, 44.9377132 ], [ -89.8285247, 44.937354199999987 ], [ -89.8326737, 44.935273199999983 ], [ -89.8284267, 44.9339722 ], [ -89.8220157, 44.934813199999986 ], [ -89.8222067, 44.930631200000036 ], [ -89.8295897, 44.930537200000018 ], [ -89.8293837, 44.928006199999956 ], [ -89.8209207, 44.926685199999952 ], [ -89.8199397, 44.923352199999989 ], [ -89.8391787, 44.923284200000033 ], [ -89.8390997, 44.916017199999978 ], [ -89.8419757, 44.916002199999966 ], [ -89.842005700000016, 44.91239920000001 ], [ -89.8448927, 44.91236719999997 ] ] ], [ [ [ -89.8287937, 44.942649200000041 ], [ -89.8267017, 44.9431702 ], [ -89.8267427, 44.942554200000025 ], [ -89.8287937, 44.942649200000041 ] ] ] ] } },
{ "type": "Feature", "properties": { "state_po": "WI", "county_geoid": "55073", "pwsid": "WI4590449", "pws_name": "BIRNAMWOOD WATERWORKS", "population_served_count": 832, "model_method": "Random Forest", "verification_status": "", "symbology_field": "Modeled", "intersection_area_sq_km": 0.0041123283908921868 }, "geometry": { "type": "Polygon", "coordinates": [ [ [ -89.2236806, 44.928430299999981 ], [ -89.2233346, 44.935794299999984 ], [ -89.2234386, 44.941064299999979 ], [ -89.2234566, 44.942861299999983 ], [ -89.2236806, 44.928430299999981 ] ] ] } },
{ "type": "Feature", "properties": { "state_po": "WI", "county_geoid": "55073", "pwsid": "WI7370107", "pws_name": "MAINE WATER UTILITY", "population_served_count": 271, "model_method": "Random Forest", "verification_status": "", "symbology_field": "Modeled", "intersection_area_sq_km": 0.84372146885636756 }, "geometry": { "type": "MultiPolygon", "coordinates": [ [ [ [ -89.6774517, 45.015819200000031 ], [ -89.6804067, 45.017264199999971 ], [ -89.6774847, 45.017264199999971 ], [ -89.6774517, 45.015819200000031 ] ] ], [ [ [ -89.6774847, 45.017264199999971 ], [ -89.6762867, 45.01950020000001 ], [ -89.67638070000001, 45.017267200000013 ], [ -89.6774847, 45.017264199999971 ] ] ], [ [ [ -89.6772697, 45.024337199999962 ], [ -89.6686267, 45.025294199999983 ], [ -89.6694797, 45.0172842 ], [ -89.6711457, 45.0172842 ], [ -89.6710157, 45.019806199999955 ], [ -89.6774257, 45.019985200000036 ], [ -89.6772697, 45.024337199999962 ] ] ], [ [ [ -89.6621697, 45.026750199999988 ], [ -89.6580707, 45.0300972 ], [ -89.6545137, 45.027552199999988 ], [ -89.6527757, 45.028197199999987 ], [ -89.6428587, 45.025244199999982 ], [ -89.6415277, 45.024537199999983 ], [ -89.6472877, 45.025927200000027 ], [ -89.6509067, 45.023974200000026 ], [ -89.6550417, 45.024203199999953 ], [ -89.6580787, 45.0264832 ], [ -89.6563397, 45.0249272 ], [ -89.6580487, 45.0243092 ], [ -89.6621697, 45.026750199999988 ] ] ] ] } },
{ "type": "Feature", "properties": { "state_po": "WI", "county_geoid": "55073", "pwsid": "WI7370157", "pws_name": "MAIZEFIELD MHC (MANUFACTURED HOME COMMUNITY)", "population_served_count": 145, "model_method": "Random Forest", "verification_status": "", "symbology_field": "Modeled", "intersection_area_sq_km": 3.9696055564979251 }, "geometry": { "type": "Polygon", "coordinates": [ [ [ -89.7023917, 44.732137199999968 ], [ -89.7050787, 44.753829199999963 ], [ -89.6951667, 44.753912199999981 ], [ -89.6953077, 44.757586200000027 ], [ -89.6874377, 44.75753420000003 ], [ -89.6890637, 44.771869200000026 ], [ -89.6804407, 44.7717432 ], [ -89.6800267, 44.7429372 ], [ -89.7000317, 44.74304320000001 ], [ -89.6999697, 44.732146199999967 ], [ -89.7023917, 44.732137199999968 ] ] ] } },
{ "type": "Feature", "properties": { "state_po": "WI", "county_geoid": "55073", "pwsid": "WI7370158", "pws_name": "DEER TRAIL VILLAGE", "population_served_count": 120, "model_method": "Random Forest", "verification_status": "", "symbology_field": "Modeled", "intersection_area_sq_km": 0.057241112759113831 }, "geometry": { "type": "Polygon", "coordinates": [ [ [ -89.6906437, 44.852852199999965 ], [ -89.690637700000011, 44.854014199999973 ], [ -89.6861667, 44.8539032 ], [ -89.686303700000011, 44.852609199999989 ], [ -89.6906437, 44.852852199999965 ] ] ] } },
{ "type": "Feature", "properties": { "state_po": "WI", "county_geoid": "55073", "pwsid": "WI7370162", "pws_name": "SCHOFIELD WATERWORKS", "population_served_count": 2205, "model_method": "Random Forest", "verification_status": "", "symbology_field": "Modeled", "intersection_area_sq_km": 1.2055521562781739 }, "geometry": { "type": "MultiPolygon", "coordinates": [ [ [ [ -89.6127047, 44.9151802 ], [ -89.6083407, 44.916570200000045 ], [ -89.6057967, 44.915611200000022 ], [ -89.6060967, 44.913981199999924 ], [ -89.5995797, 44.912778199999984 ], [ -89.6046397, 44.9096012 ], [ -89.6066557, 44.910516199999947 ], [ -89.608751700000013, 44.9089912 ], [ -89.6096297, 44.905267200000068 ], [ -89.6101187, 44.906622199999966 ], [ -89.6132797, 44.9066212 ], [ -89.6113687, 44.914777200000024 ], [ -89.6127047, 44.9151802 ] ] ], [ [ [ -89.6352377, 44.9136932 ], [ -89.6306357, 44.914380200000011 ], [ -89.6305267, 44.910816200000021 ], [ -89.6324967, 44.913272199999959 ], [ -89.6352377, 44.9136932 ] ] ], [ [ [ -89.612780700000016, 44.915914200000017 ], [ -89.6117117, 44.91647220000003 ], [ -89.6114347, 44.916113199999977 ], [ -89.612780700000016, 44.915914200000017 ] ] ], [ [ [ -89.6122367, 44.917217199999989 ], [ -89.6127997, 44.919923200000042 ], [ -89.6191827, 44.920021200000022 ], [ -89.6194087, 44.925004199999961 ], [ -89.614211700000013, 44.929189199999975 ], [ -89.6131017, 44.9221202 ], [ -89.6107917, 44.922084200000022 ], [ -89.6096827, 44.919972200000025 ], [ -89.6107377, 44.917162200000043 ], [ -89.6122367, 44.917217199999989 ] ] ], [ [ [ -89.6146917, 44.930729199999988 ], [ -89.6174327, 44.929865200000037 ], [ -89.6174527, 44.93071819999998 ], [ -89.6146917, 44.930729199999988 ] ] ], [ [ [ -89.6113827, 44.930681199999981 ], [ -89.6101277, 44.9296762 ], [ -89.6129277, 44.929876200000074 ], [ -89.6113827, 44.930681199999981 ] ] ] ] } },
{ "type": "Feature", "properties": { "state_po": "WI", "county_geoid": "55117", "pwsid": "WI4600435", "pws_name": "ADELL WATERWORKS", "population_served_count": 510, "model_method": "Random Forest", "verification_status": "", "symbology_field": "Modeled", "intersection_area_sq_km": 1.3156148629095017 }, "geometry": { "type": "MultiPolygon", "coordinates": [ [ [ [ -87.946903, 43.615078099999963 ], [ -87.953299, 43.61566009999995 ], [ -87.955373, 43.626441100000022 ], [ -87.952105, 43.62329509999995 ], [ -87.950888, 43.625220100000014 ], [ -87.948073, 43.624783099999988 ], [ -87.944518, 43.626349100000013 ], [ -87.945945, 43.623056099999971 ], [ -87.941356, 43.623135099999971 ], [ -87.941365, 43.6164221 ], [ -87.946903, 43.615078099999963 ] ] ], [ [ [ -87.943309, 43.626186099999984 ], [ -87.94234, 43.626769099999933 ], [ -87.942339, 43.626073099999985 ], [ -87.943309, 43.626186099999984 ] ] ], [ [ [ -87.920765, 43.63665409999998 ], [ -87.920647, 43.642603099999988 ], [ -87.914883, 43.640807099999975 ], [ -87.914813, 43.63832109999997 ], [ -87.920765, 43.63665409999998 ] ] ], [ [ [ -87.914657, 43.641468100000033 ], [ -87.908228, 43.64136610000002 ], [ -87.904661, 43.639344100000017 ], [ -87.909831, 43.638288099999983 ], [ -87.910405, 43.640797099999986 ], [ -87.914657, 43.641468100000033 ] ] ] ] } },
{ "type": "Feature", "properties": { "state_po": "WI", "county_geoid": "55117", "pwsid": "WI4600436", "pws_name": "CASCADE WATERWORKS", "population_served_count": 719, "model_method": "Random Forest", "verification_status": "", "symbology_field": "Modeled", "intersection_area_sq_km": 0.95382654421304025 }, "geometry": { "type": "MultiPolygon", "coordinates": [ [ [ [ -88.0249081, 43.639718099999989 ], [ -88.0237621, 43.6429821 ], [ -88.009645, 43.6434691 ], [ -88.0204361, 43.638591100000014 ], [ -88.0210871, 43.6397351 ], [ -88.0249081, 43.639718099999989 ] ] ], [ [ [ -88.0154921, 43.654615100000036 ], [ -88.0152281, 43.6645951 ], [ -88.0109171, 43.663253100000013 ], [ -88.0110391, 43.6654901 ], [ -88.0086341, 43.667231100000038 ], [ -88.0094141, 43.6634041 ], [ -88.0067391, 43.65981810000001 ], [ -88.003342, 43.658594100000016 ], [ -88.0154921, 43.654615100000036 ] ] ] ] } },
{ "type": "Feature", "properties": { "state_po": "WI", "county_geoid": "55117", "pwsid": "WI4600487", "pws_name": "LAKELAND UNIVERSITY", "population_served_count": 1200, "model_method": "Random Forest", "verification_status": "", "symbology_field": "Modeled", "intersection_area_sq_km": 1.815577114195666 }, "geometry": { "type": "MultiPolygon", "coordinates": [ [ [ [ -87.901918, 43.835489199999927 ], [ -87.893519, 43.8427112 ], [ -87.898635, 43.848344199999978 ], [ -87.881042, 43.848399199999967 ], [ -87.881067, 43.8449432 ], [ -87.888199, 43.8449132 ], [ -87.886155, 43.841261199999956 ], [ -87.888514, 43.841246199999979 ], [ -87.888484, 43.83911220000001 ], [ -87.88608, 43.839818199999989 ], [ -87.883239, 43.837804199999958 ], [ -87.881089, 43.838270199999961 ], [ -87.881091, 43.83383319999998 ], [ -87.898168, 43.8336792 ], [ -87.901918, 43.835489199999927 ] ] ], [ [ [ -87.90089, 43.85240019999997 ], [ -87.900611, 43.850377199999961 ], [ -87.89901, 43.848343200000045 ], [ -87.900753, 43.848339200000012 ], [ -87.90089, 43.85240019999997 ] ] ] ] } },
{ "type": "Feature", "properties": { "state_po": "WI", "county_geoid": "55117", "pwsid": "WI4600447", "pws_name": "ROCKY KNOLL HEALTH CARE FAC", "population_served_count": 564, "model_method": "Random Forest", "verification_status": "", "symbology_field": "Modeled", "intersection_area_sq_km": 0.17776325847999502 }, "geometry": { "type": "Polygon", "coordinates": [ [ [ -87.828872, 43.8125482 ], [ -87.831554, 43.812564200000068 ], [ -87.831574, 43.815797200000027 ], [ -87.827578, 43.8170952 ], [ -87.825419, 43.815637200000012 ], [ -87.828872, 43.8125482 ] ] ] } },
{ "type": "Feature", "properties": { "state_po": "WI", "county_geoid": "55117", "pwsid": "WI4600445", "pws_name": "OOSTBURG WATERWORKS", "population_served_count": 3110, "model_method": "Random Forest", "verification_status": "", "symbology_field": "Modeled", "intersection_area_sq_km": 3.5380366235897096 }, "geometry": { "type": "Polygon", "coordinates": [ [ [ -87.783648, 43.615806099999979 ], [ -87.802605, 43.615851099999965 ], [ -87.801279, 43.618597099999988 ], [ -87.809352, 43.619429100000033 ], [ -87.807939, 43.628872099999988 ], [ -87.804167, 43.629221100000045 ], [ -87.805202, 43.630349099999975 ], [ -87.80327, 43.630355100000031 ], [ -87.803289, 43.631726099999987 ], [ -87.799175, 43.631759099999947 ], [ -87.79918, 43.630417100000024 ], [ -87.776941, 43.6303371 ], [ -87.783648, 43.615806099999979 ] ] ] } },
{ "type": "Feature", "properties": { "state_po": "WI", "county_geoid": "55117", "pwsid": "WI4600444", "pws_name": "KOHLER WATERWORKS", "population_served_count": 2271, "model_method": "Random Forest", "verification_status": "", "symbology_field": "Modeled", "intersection_area_sq_km": 4.4998443208586902 }, "geometry": { "type": "MultiPolygon", "coordinates": [ [ [ [ -87.779067, 43.736249200000017 ], [ -87.77702, 43.736829199999981 ], [ -87.775713, 43.733383200000013 ], [ -87.779247, 43.733420200000026 ], [ -87.779067, 43.736249200000017 ] ] ], [ [ [ -87.782277, 43.735401199999977 ], [ -87.78567, 43.732537199999975 ], [ -87.787826, 43.7320442 ], [ -87.78864, 43.7337412 ], [ -87.800174, 43.73085020000002 ], [ -87.800153, 43.7347832 ], [ -87.789963, 43.738735199999958 ], [ -87.789976, 43.752618200000043 ], [ -87.766843, 43.7537692 ], [ -87.768705, 43.751598199999961 ], [ -87.763888, 43.750256200000031 ], [ -87.759962, 43.742940199999978 ], [ -87.782277, 43.735401199999977 ] ] ] ] } },
{ "type": "Feature", "properties": { "state_po": "WI", "county_geoid": "55117", "pwsid": "WI4600437", "pws_name": "CEDAR GROVE WATERWORKS", "population_served_count": 2213, "model_method": "Random Forest", "verification_status": "", "symbology_field": "Modeled", "intersection_area_sq_km": 5.1147246815695073 }, "geometry": { "type": "Polygon", "coordinates": [ [ [ -87.820471, 43.553431099999983 ], [ -87.824234, 43.557601100000092 ], [ -87.840714, 43.557688099999943 ], [ -87.840577, 43.572237099999967 ], [ -87.83099, 43.572172099999925 ], [ -87.830428, 43.573638100000039 ], [ -87.830409, 43.575815100000021 ], [ -87.837993, 43.575855100000048 ], [ -87.837953, 43.579497099999983 ], [ -87.815842, 43.57940210000006 ], [ -87.818246, 43.572136099999966 ], [ -87.810394, 43.572124100000039 ], [ -87.810573, 43.560456099999982 ], [ -87.818364, 43.556398100000045 ], [ -87.820471, 43.553431099999983 ] ] ] } },
{ "type": "Feature", "properties": { "state_po": "WI", "county_geoid": "55117", "pwsid": "WI4600456", "pws_name": "WALDO WATERWORKS", "population_served_count": 500, "model_method": "Random Forest", "verification_status": "", "symbology_field": "Modeled", "intersection_area_sq_km": 1.2804528267082635 }, "geometry": { "type": "Polygon", "coordinates": [ [ [ -87.95418, 43.6710061 ], [ -87.95361, 43.681912100000048 ], [ -87.947875, 43.681910100000046 ], [ -87.944044, 43.675894100000036 ], [ -87.931701, 43.6761831 ], [ -87.928426, 43.674738100000042 ], [ -87.934538, 43.674688100000019 ], [ -87.934529, 43.671043099999977 ], [ -87.95418, 43.6710061 ] ] ] } },
{ "type": "Feature", "properties": { "state_po": "WI", "county_geoid": "55117", "pwsid": "WI4600449", "pws_name": "KETTLE MORAINE CORRECTIONAL INSTITUTION", "population_served_count": 1544, "model_method": "Random Forest", "verification_status": "", "symbology_field": "Modeled", "intersection_area_sq_km": 0.095698567538165386 }, "geometry": { "type": "MultiPolygon", "coordinates": [ [ [ [ -88.160607508322272, 43.684634672087938 ], [ -88.1605331, 43.6836941 ], [ -88.1605211, 43.682993100000068 ], [ -88.160607508322272, 43.684634672087938 ] ] ], [ [ [ -88.1192081, 43.7173301 ], [ -88.1140091, 43.719866100000068 ], [ -88.1119031, 43.718559099999979 ], [ -88.115484099999989, 43.717222099999979 ], [ -88.1192081, 43.7173301 ] ] ] ] } },
{ "type": "Feature", "properties": { "state_po": "WI", "county_geoid": "55117", "pwsid": "WI4600440", "pws_name": "GLENBEULAH WATERWORKS", "population_served_count": 461, "model_method": "Random Forest", "verification_status": "", "symbology_field": "Modeled", "intersection_area_sq_km": 1.4026384409382713 }, "geometry": { "type": "Polygon", "coordinates": [ [ [ -88.046179099999989, 43.7899061 ], [ -88.051194099999989, 43.789640100000014 ], [ -88.0511461, 43.793318100000015 ], [ -88.0530311, 43.792643100000042 ], [ -88.0500761, 43.7970351 ], [ -88.0561061, 43.7968881 ], [ -88.056098100000014, 43.804601099999935 ], [ -88.0410581, 43.804523200000013 ], [ -88.0411441, 43.797330099999989 ], [ -88.0433781, 43.795399100000019 ], [ -88.0469661, 43.795078099999948 ], [ -88.0456261, 43.7915971 ], [ -88.046179099999989, 43.7899061 ] ] ] } },
{ "type": "Feature", "properties": { "state_po": "WI", "county_geoid": "55117", "pwsid": "WI4600439", "pws_name": "ELKHART LAKE WATERWORKS", "population_served_count": 1567, "model_method": "Random Forest", "verification_status": "", "symbology_field": "Modeled", "intersection_area_sq_km": 3.2926678519146764 }, "geometry": { "type": "Polygon", "coordinates": [ [ [ -88.0211231, 43.8188032 ], [ -88.0185461, 43.820347199999944 ], [ -88.0202221, 43.823265200000016 ], [ -88.0159631, 43.828515199999963 ], [ -88.018582099999989, 43.8297062 ], [ -88.0257321, 43.829032199999965 ], [ -88.0284051, 43.831374199999964 ], [ -88.0326741, 43.832189199999966 ], [ -88.0375441, 43.830221199999968 ], [ -88.0366751, 43.8334922 ], [ -88.025125100000011, 43.833397199999972 ], [ -88.0214551, 43.835432200000028 ], [ -88.0212751, 43.840444200000057 ], [ -88.016539100000017, 43.8404082 ], [ -88.0165551, 43.841950200000049 ], [ -88.0144581, 43.842040200000021 ], [ -88.016934100000014, 43.847590200000027 ], [ -88.0068411, 43.8475422 ], [ -88.0066091, 43.829513200000022 ], [ -88.0016851, 43.8295032 ], [ -88.0016321, 43.825874199999966 ], [ -88.0114931, 43.8259222 ], [ -88.0114361, 43.823893199999979 ], [ -88.0127511, 43.825787199999972 ], [ -88.0157891, 43.822520200000049 ], [ -88.0162431, 43.8170002 ], [ -88.021126099999989, 43.815701199999978 ], [ -88.0211231, 43.8188032 ] ] ] } },
{ "type": "Feature", "properties": { "state_po": "WI", "county_geoid": "55117", "pwsid": "WI4600355", "pws_name": "RANDOM LAKE WATERWORKS", "population_served_count": 1594, "model_method": "Random Forest", "verification_status": "", "symbology_field": "Modeled", "intersection_area_sq_km": 4.2039585203148331 }, "geometry": { "type": "Polygon", "coordinates": [ [ [ -87.956302, 43.542909100000024 ], [ -87.960223, 43.5464881 ], [ -87.965948, 43.5464421 ], [ -87.965961, 43.550080099999974 ], [ -87.970933, 43.5491471 ], [ -87.97093, 43.55005510000003 ], [ -87.978411, 43.5500071 ], [ -87.978437, 43.552743099999986 ], [ -87.97595, 43.5527571 ], [ -87.976009, 43.557325100000014 ], [ -87.964911, 43.5574191 ], [ -87.964866, 43.558840099999969 ], [ -87.961876, 43.559380099999977 ], [ -87.961997, 43.558069099999969 ], [ -87.950662, 43.564573099999983 ], [ -87.941273, 43.5648341 ], [ -87.941323, 43.558845099999957 ], [ -87.939242, 43.557665099999973 ], [ -87.94133, 43.557639099999989 ], [ -87.942164, 43.546466100000067 ], [ -87.957285, 43.547771100000027 ], [ -87.956302, 43.542909100000024 ] ] ] } },
{ "type": "Feature", "properties": { "state_po": "WI", "county_geoid": "55117", "pwsid": "WI4600454", "pws_name": "BAINS COUNTRY ESTATES MHP", "population_served_count": 200, "model_method": "Random Forest", "verification_status": "", "symbology_field": "Modeled", "intersection_area_sq_km": 0.21207123328602889 }, "geometry": { "type": "MultiPolygon", "coordinates": [ [ [ [ -87.807875, 43.761444200000021 ], [ -87.809538, 43.7624302 ], [ -87.809462, 43.763747200000026 ], [ -87.806986, 43.763695199999965 ], [ -87.807875, 43.761444200000021 ] ] ], [ [ [ -87.817376, 43.762507200000037 ], [ -87.816375, 43.7655812 ], [ -87.811475, 43.764264200000028 ], [ -87.811409, 43.761520199999964 ], [ -87.817376, 43.762507200000037 ] ] ] ] } },
{ "type": "Feature", "properties": { "state_po": "WI", "county_geoid": "55059", "pwsid": "WI2650058", "pws_name": "GENOA CITY WATERWORKS", "population_served_count": 2766, "model_method": "Decision Tree", "verification_status": "", "symbology_field": "Modeled", "intersection_area_sq_km": 0.00028151823412443026 }, "geometry": { "type": "Polygon", "coordinates": [ [ [ -88.304758080284685, 42.505618899568447 ], [ -88.304698, 42.500025899999976 ], [ -88.304698, 42.498981881332746 ], [ -88.304758080284685, 42.505618899568447 ] ] ] } },
{ "type": "Feature", "properties": { "state_po": "WI", "county_geoid": "55059", "pwsid": "WI2301035", "pws_name": "VILLAGE PLAZA APTS", "population_served_count": 28, "model_method": "Random Forest", "verification_status": "", "symbology_field": "Modeled", "intersection_area_sq_km": 0.31874686852110956 }, "geometry": { "type": "MultiPolygon", "coordinates": [ [ [ [ -88.112532, 42.506517900000027 ], [ -88.108472, 42.506517900000013 ], [ -88.108423, 42.502520899999958 ], [ -88.112532, 42.506517900000027 ] ] ], [ [ [ -88.120573, 42.562643900000019 ], [ -88.118967, 42.5626639 ], [ -88.12058, 42.563702899999988 ], [ -88.118857, 42.564762900000026 ], [ -88.118837, 42.561877900000034 ], [ -88.119307, 42.561016899999949 ], [ -88.120573, 42.562643900000019 ] ] ], [ [ [ -88.118992, 42.56748790000001 ], [ -88.118863, 42.565596899999953 ], [ -88.119778, 42.565592899999984 ], [ -88.120606, 42.566881899999977 ], [ -88.118997, 42.567064900000062 ], [ -88.120612, 42.567482899999987 ], [ -88.118992, 42.56748790000001 ] ] ], [ [ [ -88.118896, 42.569160900000021 ], [ -88.11646, 42.568287899999987 ], [ -88.119902, 42.568289900000039 ], [ -88.118896, 42.569160900000021 ] ] ], [ [ [ -88.112209, 42.5682939 ], [ -88.112239, 42.573609900000015 ], [ -88.10921, 42.5736339 ], [ -88.109086, 42.568304900000022 ], [ -88.112209, 42.5682939 ] ] ] ] } },
{ "type": "Feature", "properties": { "state_po": "WI", "county_geoid": "55059", "pwsid": "WI2300903", "pws_name": "CAREFREE ESTATES MHP", "population_served_count": 300, "model_method": "Decision Tree", "verification_status": "", "symbology_field": "Modeled", "intersection_area_sq_km": 3.1722734268788444 }, "geometry": { "type": "Polygon", "coordinates": [ [ [ -88.105481, 42.506515900000046 ], [ -88.105949, 42.500111900000022 ], [ -88.118506, 42.512327899999988 ], [ -88.121455, 42.5124669 ], [ -88.124388, 42.517428900000034 ], [ -88.128151, 42.51750789999997 ], [ -88.128194, 42.521116899999981 ], [ -88.133417, 42.521991899999989 ], [ -88.131693, 42.5246389 ], [ -88.138574, 42.525188900000046 ], [ -88.136646, 42.528979899999968 ], [ -88.131587, 42.525041900000033 ], [ -88.132023, 42.526480899999967 ], [ -88.129184, 42.5264339 ], [ -88.128275, 42.528393900000019 ], [ -88.12824, 42.525042899999981 ], [ -88.124822, 42.525001899999971 ], [ -88.128236, 42.524715899999968 ], [ -88.128202, 42.521750899999979 ], [ -88.12072, 42.5144839 ], [ -88.118368, 42.5211149 ], [ -88.108558, 42.521131900000015 ], [ -88.107571, 42.511158900000027 ], [ -88.106022, 42.510250899999988 ], [ -88.107425, 42.511548899999966 ], [ -88.107019, 42.5178649 ], [ -88.09905, 42.520869900000029 ], [ -88.096243, 42.506504899999968 ], [ -88.105481, 42.506515900000046 ] ] ] } },
{ "type": "Feature", "properties": { "state_po": "WI", "county_geoid": "55059", "pwsid": "WI2300854", "pws_name": "ELIZABETH MANOR APTS", "population_served_count": 30, "model_method": "Random Forest", "verification_status": "", "symbology_field": "Modeled", "intersection_area_sq_km": 0.11463442169079215 }, "geometry": { "type": "Polygon", "coordinates": [ [ [ -88.301722, 42.552746900000017 ], [ -88.298008, 42.55360389999997 ], [ -88.29802, 42.555845899999966 ], [ -88.292179, 42.553488899999984 ], [ -88.301722, 42.552746900000017 ] ] ] } },
{ "type": "Feature", "properties": { "state_po": "WI", "county_geoid": "55059", "pwsid": "WI2300767", "pws_name": "BRISTOL VILLAGE OF EAST", "population_served_count": 1001, "model_method": "Random Forest", "verification_status": "", "symbology_field": "Modeled", "intersection_area_sq_km": 0.094836068023625597 }, "geometry": { "type": "MultiPolygon", "coordinates": [ [ [ [ -88.112562, 42.496572900000032 ], [ -88.109237, 42.4988879 ], [ -88.109588672981218, 42.496140701641437 ], [ -88.112562, 42.496572900000032 ] ] ], [ [ [ -88.0276329, 42.503242899999975 ], [ -88.0266719, 42.5067999 ], [ -88.0262179, 42.503334899999977 ], [ -88.0276329, 42.503242899999975 ] ] ] ] } },
{ "type": "Feature", "properties": { "state_po": "WI", "county_geoid": "55059", "pwsid": "WI2300619", "pws_name": "TWIN LAKES COMPLEX", "population_served_count": 50, "model_method": "Random Forest", "verification_status": "", "symbology_field": "Modeled", "intersection_area_sq_km": 2.461988073540613 }, "geometry": { "type": "MultiPolygon", "coordinates": [ [ [ [ -88.2365, 42.523907899999955 ], [ -88.235394, 42.531154900000018 ], [ -88.226859, 42.531220900000015 ], [ -88.226672, 42.523950900000038 ], [ -88.2365, 42.523907899999955 ] ] ], [ [ [ -88.24273, 42.527972899999945 ], [ -88.253109, 42.530249899999987 ], [ -88.252858, 42.531268899999958 ], [ -88.265964, 42.5308939 ], [ -88.266117, 42.538315900000015 ], [ -88.26327, 42.5383169 ], [ -88.262776, 42.5409519 ], [ -88.261762, 42.538317899999974 ], [ -88.243084, 42.538564900000019 ], [ -88.24273, 42.527972899999945 ] ] ], [ [ [ -88.246571, 42.540587900000013 ], [ -88.246579, 42.54213690000001 ], [ -88.241641, 42.5419959 ], [ -88.2411, 42.545086899999973 ], [ -88.240029, 42.5447269 ], [ -88.242344, 42.539723900000013 ], [ -88.246571, 42.540587900000013 ] ] ] ] } },
{ "type": "Feature", "properties": { "state_po": "WI", "county_geoid": "55059", "pwsid": "WI2300175", "pws_name": "WOODLAND ESTATES MHC 2", "population_served_count": 50, "model_method": "Random Forest", "verification_status": "", "symbology_field": "Modeled", "intersection_area_sq_km": 0.65072443287655779 }, "geometry": { "type": "Polygon", "coordinates": [ [ [ -88.080706, 42.654737 ], [ -88.070815, 42.655354 ], [ -88.070761, 42.648107 ], [ -88.080674, 42.648224 ], [ -88.080706, 42.654737 ] ] ] } },
{ "type": "Feature", "properties": { "state_po": "WI", "county_geoid": "55059", "pwsid": "WI2300166", "pws_name": "RAINBOW LAKE MANOR MHP", "population_served_count": 350, "model_method": "Decision Tree", "verification_status": "", "symbology_field": "Modeled", "intersection_area_sq_km": 0.1210518165260774 }, "geometry": { "type": "Polygon", "coordinates": [ [ [ -88.0507439, 42.495640900000019 ], [ -88.0506199, 42.499350900000024 ], [ -88.0460269, 42.502413900000043 ], [ -88.0466949, 42.498492899999952 ], [ -88.0498379, 42.49789490000002 ], [ -88.0507439, 42.495640900000019 ] ] ] } },
{ "type": "Feature", "properties": { "state_po": "WI", "county_geoid": "55059", "pwsid": "WI2300163", "pws_name": "425 HOLY HILL APTS", "population_served_count": 28, "model_method": "Random Forest", "verification_status": "", "symbology_field": "Modeled", "intersection_area_sq_km": 0.084374628873975829 }, "geometry": { "type": "Polygon", "coordinates": [ [ [ -88.237094, 42.572585900000036 ], [ -88.235834, 42.575920899999986 ], [ -88.232804, 42.574755900000035 ], [ -88.237094, 42.572585900000036 ] ] ] } },
{ "type": "Feature", "properties": { "state_po": "WI", "county_geoid": "55059", "pwsid": "WI2300156", "pws_name": "WHEATLAND ESTATES", "population_served_count": 450, "model_method": "OSM", "verification_status": "", "symbology_field": "Modeled", "intersection_area_sq_km": 0.080482832267094004 }, "geometry": { "type": "Polygon", "coordinates": [ [ [ -88.202683, 42.59685289999998 ], [ -88.201471, 42.5993759 ], [ -88.198787, 42.599915900000035 ], [ -88.198484, 42.596888899999975 ], [ -88.202683, 42.59685289999998 ] ] ] } },
{ "type": "Feature", "properties": { "state_po": "WI", "county_geoid": "55059", "pwsid": "WI2300152", "pws_name": "WYWOOD COMMUNITY INC", "population_served_count": 59, "model_method": "Random Forest", "verification_status": "", "symbology_field": "Modeled", "intersection_area_sq_km": 0.73752721241705077 }, "geometry": { "type": "MultiPolygon", "coordinates": [ [ [ [ -88.187427, 42.520747899999975 ], [ -88.178818, 42.5198999 ], [ -88.180423, 42.514909900000021 ], [ -88.181975, 42.515462900000031 ], [ -88.184195, 42.5117129 ], [ -88.187281, 42.5113749 ], [ -88.187427, 42.520747899999975 ] ] ], [ [ [ -88.246262, 42.5205679 ], [ -88.251245, 42.521857899999979 ], [ -88.24674, 42.527303899999964 ], [ -88.247939, 42.529764899999961 ], [ -88.243691, 42.525989900000013 ], [ -88.24633, 42.525980900000015 ], [ -88.246262, 42.5205679 ] ] ] ] } },
{ "type": "Feature", "properties": { "state_po": "WI", "county_geoid": "55059", "pwsid": "WI2300151", "pws_name": "TWIN LAKES PARK WATER COOP", "population_served_count": 150, "model_method": "Random Forest", "verification_status": "", "symbology_field": "Modeled", "intersection_area_sq_km": 2.2792367756579215 }, "geometry": { "type": "MultiPolygon", "coordinates": [ [ [ [ -88.270454, 42.497815900000084 ], [ -88.270019, 42.497366899999967 ], [ -88.271588, 42.497389900000016 ], [ -88.270454, 42.497815900000084 ] ] ], [ [ [ -88.255781, 42.503108899999987 ], [ -88.262866, 42.5040079 ], [ -88.259394, 42.505691899999967 ], [ -88.258333, 42.5127679 ], [ -88.256069, 42.51296089999996 ], [ -88.256067, 42.514738900000012 ], [ -88.258197, 42.514710899999969 ], [ -88.263839, 42.519013899999962 ], [ -88.257866, 42.5165439 ], [ -88.251245, 42.5218389 ], [ -88.246262, 42.5205679 ], [ -88.246142, 42.512859899999981 ], [ -88.249612, 42.51283589999997 ], [ -88.250926, 42.5061109 ], [ -88.25418, 42.506414899999967 ], [ -88.25575, 42.5015359 ], [ -88.255781, 42.503108899999987 ] ] ], [ [ [ -88.265785, 42.517314900000045 ], [ -88.266397, 42.5190069 ], [ -88.263707, 42.518168900000028 ], [ -88.265785, 42.517314900000045 ] ] ], [ [ [ -88.267604, 42.5228969 ], [ -88.27381, 42.524137899999985 ], [ -88.275789, 42.52282089999995 ], [ -88.275806, 42.523853899999956 ], [ -88.266132, 42.530832899999986 ], [ -88.252858, 42.531268899999958 ], [ -88.253109, 42.530249899999987 ], [ -88.249959, 42.529820900000011 ], [ -88.259131, 42.52868489999998 ], [ -88.261953, 42.524886900000027 ], [ -88.265521, 42.526436900000014 ], [ -88.267474, 42.526384900000018 ], [ -88.268013, 42.526042899999965 ], [ -88.268029, 42.525189899999972 ], [ -88.265386, 42.526207900000074 ], [ -88.264943, 42.5255639 ], [ -88.265909, 42.525663899999984 ], [ -88.265869, 42.524306900000013 ], [ -88.265686, 42.5256209 ], [ -88.263978, 42.5250869 ], [ -88.265577, 42.523233900000015 ], [ -88.263632, 42.521539899999986 ], [ -88.266282, 42.520782899999979 ], [ -88.267604, 42.5228969 ] ] ] ] } },
{ "type": "Feature", "properties": { "state_po": "WI", "county_geoid": "55059", "pwsid": "WI2300146", "pws_name": "PADDOCK LAKE WATERWORKS", "population_served_count": 945, "model_method": "Random Forest", "verification_status": "", "symbology_field": "Modeled", "intersection_area_sq_km": 4.6452723566019101 }, "geometry": { "type": "MultiPolygon", "coordinates": [ [ [ [ -88.138712, 42.527816899999983 ], [ -88.138603, 42.529232900000025 ], [ -88.138528, 42.5308079 ], [ -88.136646, 42.528979899999968 ], [ -88.138712, 42.527816899999983 ] ] ], [ [ [ -88.141921, 42.534292900000054 ], [ -88.138444, 42.532073899999979 ], [ -88.143843, 42.5351599 ], [ -88.141921, 42.534292900000054 ] ] ], [ [ [ -88.133277, 42.537224899999948 ], [ -88.132284, 42.535699900000026 ], [ -88.134607, 42.536641900000014 ], [ -88.133277, 42.537224899999948 ] ] ], [ [ [ -88.14299, 42.535349899999986 ], [ -88.139026, 42.546433900000018 ], [ -88.135292, 42.546428900000024 ], [ -88.136385, 42.542867899999976 ], [ -88.134054, 42.542229900000017 ], [ -88.132865, 42.5464259 ], [ -88.130124, 42.5464219 ], [ -88.130122, 42.541838900000037 ], [ -88.135693, 42.540619900000017 ], [ -88.14299, 42.535349899999986 ] ] ], [ [ [ -88.10938, 42.555609900000015 ], [ -88.110691, 42.554753899999952 ], [ -88.110905, 42.5553049 ], [ -88.10938, 42.555609900000015 ] ] ], [ [ [ -88.092229, 42.552224900000034 ], [ -88.092563, 42.5568399 ], [ -88.09643, 42.55637489999998 ], [ -88.09534, 42.5606409 ], [ -88.089284, 42.55909590000001 ], [ -88.092229, 42.552224900000034 ] ] ], [ [ [ -88.109865, 42.5595299 ], [ -88.1099, 42.557303899999965 ], [ -88.111543, 42.556944900000026 ], [ -88.112349, 42.558957900000024 ], [ -88.109865, 42.5595299 ] ] ], [ [ [ -88.105951, 42.55893590000003 ], [ -88.107153, 42.55794389999997 ], [ -88.107516, 42.557840899999952 ], [ -88.107968, 42.558878900000011 ], [ -88.105951, 42.55893590000003 ] ] ], [ [ [ -88.106516, 42.568312899999945 ], [ -88.109086, 42.568304900000022 ], [ -88.10921, 42.5736339 ], [ -88.112239, 42.573609900000015 ], [ -88.112209, 42.5682939 ], [ -88.11646, 42.568287899999987 ], [ -88.118287, 42.5722689 ], [ -88.115883, 42.572657900000031 ], [ -88.116557, 42.575512899999964 ], [ -88.119135, 42.575512899999964 ], [ -88.119261, 42.581710899999983 ], [ -88.115718, 42.581477900000017 ], [ -88.115686, 42.579747899999965 ], [ -88.114226, 42.579747900000029 ], [ -88.114281, 42.582788900000025 ], [ -88.098984, 42.582842900000024 ], [ -88.09934, 42.580610899999975 ], [ -88.09533, 42.580558900000014 ], [ -88.096561, 42.58285089999994 ], [ -88.094074, 42.582859899999974 ], [ -88.095452, 42.568301899999966 ], [ -88.10101, 42.568253900000045 ], [ -88.094453, 42.567855900000019 ], [ -88.091711, 42.562972900000041 ], [ -88.096144, 42.562279900000021 ], [ -88.099606, 42.563394899999984 ], [ -88.101907, 42.5610129 ], [ -88.109012, 42.561024900000014 ], [ -88.109016, 42.568209900000035 ], [ -88.106516, 42.568312899999945 ] ] ] ] } },
{ "type": "Feature", "properties": { "state_po": "WI", "county_geoid": "55059", "pwsid": "WI2300145", "pws_name": "KNOLLS WATER COOPERATIVE", "population_served_count": 400, "model_method": "Decision Tree", "verification_status": "", "symbology_field": "Modeled", "intersection_area_sq_km": 0.12319450212333347 }, "geometry": { "type": "Polygon", "coordinates": [ [ [ -88.299974, 42.531890899999958 ], [ -88.298733, 42.5383209 ], [ -88.297153, 42.53834590000001 ], [ -88.295956, 42.5333839 ], [ -88.299974, 42.531890899999958 ] ] ] } },
{ "type": "Feature", "properties": { "state_po": "WI", "county_geoid": "55059", "pwsid": "WI2300117", "pws_name": "PLEASANT PRAIRIE MHP", "population_served_count": 35, "model_method": "Random Forest", "verification_status": "", "symbology_field": "Modeled", "intersection_area_sq_km": 0.1305441991297645 }, "geometry": { "type": "Polygon", "coordinates": [ [ [ -87.9479039, 42.582176 ], [ -87.9477379, 42.57844 ], [ -87.9523629, 42.57948 ], [ -87.9524009, 42.582308 ], [ -87.9456009, 42.582246 ], [ -87.9479039, 42.582176 ] ] ] } },
{ "type": "Feature", "properties": { "state_po": "WI", "county_geoid": "55059", "pwsid": "WI2300106", "pws_name": "BRISTOL HEIGHTS MHP", "population_served_count": 27, "model_method": "Random Forest", "verification_status": "", "symbology_field": "Modeled", "intersection_area_sq_km": 0.32344260061714619 }, "geometry": { "type": "MultiPolygon", "coordinates": [ [ [ [ -88.0497279, 42.495559899999989 ], [ -88.0506199, 42.499350900000024 ], [ -88.0460269, 42.502413900000043 ], [ -88.0466949, 42.498492899999952 ], [ -88.0498379, 42.49789490000002 ], [ -88.0497279, 42.495559899999989 ] ] ], [ [ [ -88.0318509, 42.50380089999998 ], [ -88.0343239, 42.503590899999963 ], [ -88.0330259, 42.506502899999958 ], [ -88.0280889, 42.5066949 ], [ -88.0275059, 42.5023129 ], [ -88.0313689, 42.5024149 ], [ -88.0318509, 42.50380089999998 ] ] ] ] } },
{ "type": "Feature", "properties": { "state_po": "WI", "county_geoid": "55059", "pwsid": "WI2300103", "pws_name": "LAKECREST SHORES LLC", "population_served_count": 88, "model_method": "Decision Tree", "verification_status": "", "symbology_field": "Modeled", "intersection_area_sq_km": 1.5499251481611318 }, "geometry": { "type": "Polygon", "coordinates": [ [ [ -88.179716, 42.545535899999983 ], [ -88.172387, 42.550159899999976 ], [ -88.177135, 42.556730900000012 ], [ -88.16948, 42.550548899999932 ], [ -88.176977, 42.5607499 ], [ -88.166361, 42.5607769 ], [ -88.162678, 42.558260900000022 ], [ -88.163981, 42.557405900000035 ], [ -88.162239, 42.5547609 ], [ -88.166175, 42.5515809 ], [ -88.165367, 42.545783899999989 ], [ -88.168009, 42.542048899999969 ], [ -88.174487, 42.541554900000015 ], [ -88.174096, 42.5446829 ], [ -88.179716, 42.545535899999983 ] ], [ [ -88.173595, 42.54270689999997 ], [ -88.16868, 42.543596899999962 ], [ -88.167127, 42.545224899999987 ], [ -88.172577, 42.5463449 ], [ -88.173595, 42.54270689999997 ] ] ] } },
{ "type": "Feature", "properties": { "state_po": "WI", "county_geoid": "55059", "pwsid": "WI2300050", "pws_name": "BRISTOL WATERWORKS VILLAGE OF", "population_served_count": 598, "model_method": "Decision Tree", "verification_status": "", "symbology_field": "Modeled", "intersection_area_sq_km": 0.33319385545586022 }, "geometry": { "type": "MultiPolygon", "coordinates": [ [ [ [ -88.0318509, 42.50380089999998 ], [ -88.0343239, 42.503590899999963 ], [ -88.0330259, 42.506502899999958 ], [ -88.0266719, 42.5067999 ], [ -88.0275059, 42.5023129 ], [ -88.0313689, 42.5024149 ], [ -88.0318509, 42.50380089999998 ] ] ], [ [ [ -88.0489859, 42.529753899999946 ], [ -88.0432189, 42.5269169 ], [ -88.0438019, 42.5238569 ], [ -88.0441069, 42.523748899999958 ], [ -88.0489859, 42.529753899999946 ] ] ] ] } },
{ "type": "Feature", "properties": { "state_po": "WI", "county_geoid": "55059", "pwsid": "WI2301421", "pws_name": "SOMERS WATER UTILITY", "population_served_count": 1930, "model_method": "Random Forest", "verification_status": "", "symbology_field": "Modeled", "intersection_area_sq_km": 52.849830899208918 }, "geometry": { "type": "Polygon", "coordinates": [ [ [ -87.816162490737923, 42.638816629962463 ], [ -87.8566077, 42.6398329 ], [ -87.8583334, 42.636889099999962 ], [ -87.8576229, 42.6249108 ], [ -87.8760977, 42.624200300000012 ], [ -87.8754887, 42.6178051 ], [ -87.883691, 42.590408300000021 ], [ -87.886788900000013, 42.595055099999961 ], [ -87.9119589, 42.596991199999948 ], [ -87.90847380000001, 42.604348599999973 ], [ -87.932095, 42.605897599999956 ], [ -87.9336439, 42.665531200000032 ], [ -87.9088611, 42.6666929 ], [ -87.806632, 42.666305599999959 ], [ -87.816162490737923, 42.638816629962463 ] ] ] } },
{ "type": "Feature", "properties": { "state_po": "WI", "county_geoid": "55095", "pwsid": "WI6560128", "pws_name": "HUNTINGTON MOBILE HOME PARK", "population_served_count": 52, "model_method": "Random Forest", "verification_status": "", "symbology_field": "Modeled", "intersection_area_sq_km": 6.2013577355973689e-05 }, "geometry": { "type": "MultiPolygon", "coordinates": [ [ [ [ -92.552297634306854, 45.210172244025188 ], [ -92.552791208272509, 45.210188019845489 ], [ -92.5522976, 45.210180099999988 ], [ -92.552297634306854, 45.210172244025188 ] ] ], [ [ [ -92.5600006, 45.210426100000014 ], [ -92.559988475942006, 45.210417855651265 ], [ -92.560798600000012, 45.2104201 ], [ -92.5600006, 45.210426100000014 ] ] ] ] } },
{ "type": "Feature", "properties": { "state_po": "WI", "county_geoid": "55095", "pwsid": "WI6560141", "pws_name": "STAR PRAIRIE WATERWORKS", "population_served_count": 553, "model_method": "Random Forest", "verification_status": "", "symbology_field": "Modeled", "intersection_area_sq_km": 0.00014691970207482866 }, "geometry": { "type": "Polygon", "coordinates": [ [ [ -92.539670340446222, 45.209924182025908 ], [ -92.5373666, 45.20981110000001 ], [ -92.537366085624015, 45.209803372179366 ], [ -92.539670340446222, 45.209924182025908 ] ] ] } },
{ "type": "Feature", "properties": { "state_po": "WI", "county_geoid": "55095", "pwsid": "WI6030142", "pws_name": "TURTLE LAKE WATERWORKS", "population_served_count": 1073, "model_method": "Random Forest", "verification_status": "", "symbology_field": "Modeled", "intersection_area_sq_km": 0.30000067804902025 }, "geometry": { "type": "Polygon", "coordinates": [ [ [ -92.1563645, 45.388211100000021 ], [ -92.1563505, 45.3896151 ], [ -92.1613275, 45.388245099999985 ], [ -92.1612895, 45.3954881 ], [ -92.1561375, 45.395373100000043 ], [ -92.156130147206568, 45.396404364022793 ], [ -92.156142, 45.39137 ], [ -92.1563645, 45.388211100000021 ] ] ] } },
{ "type": "Feature", "properties": { "state_po": "WI", "county_geoid": "55095", "pwsid": "WI6490328", "pws_name": "AMERY WATERWORKS", "population_served_count": 2962, "model_method": "Random Forest", "verification_status": "", "symbology_field": "Modeled", "intersection_area_sq_km": 12.003435730806221 }, "geometry": { "type": "MultiPolygon", "coordinates": [ [ [ [ -92.3709455, 45.2739421 ], [ -92.370498500000011, 45.282988099999969 ], [ -92.3681585, 45.28474210000001 ], [ -92.3703265, 45.285085100000018 ], [ -92.3701795, 45.289892099999982 ], [ -92.3676035, 45.2898911 ], [ -92.3683825, 45.273962099999977 ], [ -92.3709455, 45.2739421 ] ] ], [ [ [ -92.37218750000001, 45.294753099999973 ], [ -92.3712575, 45.2953681 ], [ -92.3711145, 45.294288099999982 ], [ -92.37218750000001, 45.294753099999973 ] ] ], [ [ [ -92.365666499999989, 45.288389099999975 ], [ -92.3673555, 45.2959331 ], [ -92.377458499999989, 45.2959271 ], [ -92.3774155, 45.2984771 ], [ -92.3825865, 45.29851009999998 ], [ -92.3825175, 45.3024051 ], [ -92.3777775, 45.303315099999985 ], [ -92.3772605, 45.3079431 ], [ -92.3810975, 45.312830100000021 ], [ -92.392841499999989, 45.3139481 ], [ -92.393241500000016, 45.319161099999967 ], [ -92.3894895, 45.324456099999963 ], [ -92.3888685, 45.3314361 ], [ -92.3572355, 45.332574099999981 ], [ -92.3555015, 45.327885100000024 ], [ -92.3570555, 45.3216601 ], [ -92.3536985, 45.3214411 ], [ -92.3575155, 45.319803099999966 ], [ -92.3555005, 45.3190041 ], [ -92.3578655, 45.3181671 ], [ -92.3569255, 45.316045099999975 ], [ -92.3594795, 45.313135099999961 ], [ -92.3592915, 45.309878100000013 ], [ -92.3583135, 45.31251809999997 ], [ -92.3564875, 45.311117099999983 ], [ -92.3548305, 45.312700100000015 ], [ -92.3561665, 45.314814099999971 ], [ -92.3519035, 45.317570099999983 ], [ -92.3519345, 45.31051309999998 ], [ -92.3468285, 45.310440099999965 ], [ -92.3442565, 45.312909099999978 ], [ -92.3442685, 45.310066100000014 ], [ -92.3421505, 45.3100421 ], [ -92.3421725, 45.307850100000039 ], [ -92.3468635, 45.30686210000006 ], [ -92.3468815, 45.3056121 ], [ -92.3417475, 45.305560100000065 ], [ -92.341525499999989, 45.299538100000014 ], [ -92.3469495, 45.2995771 ], [ -92.3471525, 45.292326099999983 ], [ -92.3636025, 45.292115100000011 ], [ -92.363775500000017, 45.2884191 ], [ -92.365666499999989, 45.288389099999975 ] ] ] ] } },
{ "type": "Feature", "properties": { "state_po": "WI", "county_geoid": "55095", "pwsid": "WI6490330", "pws_name": "BALSAM LAKE WATERWORKS", "population_served_count": 1031, "model_method": "Random Forest", "verification_status": "", "symbology_field": "Modeled", "intersection_area_sq_km": 2.2094007832208713 }, "geometry": { "type": "MultiPolygon", "coordinates": [ [ [ [ -92.4633276, 45.442565099999989 ], [ -92.4633846, 45.446136099999954 ], [ -92.4735956, 45.446281099999986 ], [ -92.4737016, 45.453551100000013 ], [ -92.4538546, 45.4532961 ], [ -92.4498796, 45.451947100000034 ], [ -92.4501316, 45.456045099999976 ], [ -92.4437726, 45.4614601 ], [ -92.4386056, 45.458147100000062 ], [ -92.4390426, 45.4572431 ], [ -92.4338106, 45.455423100000019 ], [ -92.429582599999989, 45.454352100000015 ], [ -92.4250866, 45.455206100000055 ], [ -92.4250756, 45.4535571 ], [ -92.4351376, 45.453449100000036 ], [ -92.4349336, 45.4542171 ], [ -92.438374599999989, 45.456150099999924 ], [ -92.4397256, 45.457916099999963 ], [ -92.4436476, 45.458043099999983 ], [ -92.4448556, 45.459723100000055 ], [ -92.4502096, 45.448392100000063 ], [ -92.4451606, 45.446211099999985 ], [ -92.4531766, 45.446084099999965 ], [ -92.4566446, 45.4425571 ], [ -92.4633276, 45.442565099999989 ] ] ], [ [ [ -92.4627516, 45.4564621 ], [ -92.4609596, 45.456340099999949 ], [ -92.4622326, 45.454573100000019 ], [ -92.4628076, 45.454974099999959 ], [ -92.4627516, 45.4564621 ] ] ] ] } },
{ "type": "Feature", "properties": { "state_po": "WI", "county_geoid": "55095", "pwsid": "WI6490332", "pws_name": "CENTURIA WATERWORKS", "population_served_count": 900, "model_method": "Random Forest", "verification_status": "", "symbology_field": "Modeled", "intersection_area_sq_km": 1.8811491623082339 }, "geometry": { "type": "Polygon", "coordinates": [ [ [ -92.5445466, 45.450722099999972 ], [ -92.5442706, 45.44008410000005 ], [ -92.5593946, 45.4402351 ], [ -92.5600476, 45.447345099999929 ], [ -92.5545316, 45.45432910000001 ], [ -92.5395256, 45.454362099999983 ], [ -92.5394396, 45.450765099999956 ], [ -92.5445466, 45.450722099999972 ] ] ] } },
{ "type": "Feature", "properties": { "state_po": "WI", "county_geoid": "55095", "pwsid": "WI6490334", "pws_name": "CLAYTON WATERWORKS", "population_served_count": 765, "model_method": "Random Forest", "verification_status": "", "symbology_field": "Modeled", "intersection_area_sq_km": 3.7492992215140828 }, "geometry": { "type": "Polygon", "coordinates": [ [ [ -92.1568225, 45.3237651 ], [ -92.1695375, 45.323884099999972 ], [ -92.1670775, 45.309427099999951 ], [ -92.177451499999989, 45.309458100000064 ], [ -92.1773605, 45.3294191 ], [ -92.1875855, 45.32773610000001 ], [ -92.1876915, 45.338431099999973 ], [ -92.1687475, 45.338027099999984 ], [ -92.1728375, 45.3329171 ], [ -92.1707925, 45.3333821 ], [ -92.1707635, 45.331170100000016 ], [ -92.156788227425793, 45.330965153899051 ], [ -92.1568225, 45.3237651 ] ] ] } },
{ "type": "Feature", "properties": { "state_po": "WI", "county_geoid": "55095", "pwsid": "WI6490335", "pws_name": "CLEAR LAKE WATERWORKS", "population_served_count": 1061, "model_method": "Random Forest", "verification_status": "", "symbology_field": "Modeled", "intersection_area_sq_km": 4.4630948876926579 }, "geometry": { "type": "Polygon", "coordinates": [ [ [ -92.2705935, 45.238033099999981 ], [ -92.2707855, 45.245399100000036 ], [ -92.2849125, 45.245064099999979 ], [ -92.2838975, 45.250699099999977 ], [ -92.2806465, 45.2531131 ], [ -92.2702105, 45.256161100000028 ], [ -92.2702605, 45.26077410000002 ], [ -92.2602815, 45.260142099999982 ], [ -92.2551875, 45.2630161 ], [ -92.255297500000012, 45.260059100000021 ], [ -92.2497295, 45.260019099999965 ], [ -92.249706500000016, 45.245550099999981 ], [ -92.2601405, 45.24560810000002 ], [ -92.2601395, 45.238313100000013 ], [ -92.2705935, 45.238033099999981 ] ] ] } },
{ "type": "Feature", "properties": { "state_po": "WI", "county_geoid": "55095", "pwsid": "WI6490336", "pws_name": "DRESSER WATERWORKS", "population_served_count": 897, "model_method": "Random Forest", "verification_status": "", "symbology_field": "Modeled", "intersection_area_sq_km": 2.6066227698792965 }, "geometry": { "type": "Polygon", "coordinates": [ [ [ -92.6391506, 45.346688099999987 ], [ -92.6374736, 45.350343099999968 ], [ -92.6413206, 45.3504891 ], [ -92.6412966, 45.354035100000011 ], [ -92.6464306, 45.354023099999985 ], [ -92.646317599999989, 45.3613711 ], [ -92.6414136, 45.361570100000016 ], [ -92.6410226, 45.3646031 ], [ -92.631109600000016, 45.365281099999983 ], [ -92.6311016, 45.369047100000039 ], [ -92.6293066, 45.3690111 ], [ -92.63098260000001, 45.3550651 ], [ -92.6261266, 45.3554561 ], [ -92.6209856, 45.353927099999957 ], [ -92.616114599999989, 45.352288099999932 ], [ -92.6159136, 45.350205100000032 ], [ -92.6305536, 45.350308099999971 ], [ -92.6313776, 45.346607099999972 ], [ -92.6391506, 45.346688099999987 ] ] ] } },
{ "type": "Feature", "properties": { "state_po": "WI", "county_geoid": "55095", "pwsid": "WI6490338", "pws_name": "LUCK WATERWORKS", "population_served_count": 1150, "model_method": "Random Forest", "verification_status": "", "symbology_field": "Modeled", "intersection_area_sq_km": 3.3242775820925323 }, "geometry": { "type": "Polygon", "coordinates": [ [ [ -92.4709756, 45.566618100000042 ], [ -92.4677606, 45.5669811 ], [ -92.4594356, 45.565113100000026 ], [ -92.450346599999989, 45.571226100000032 ], [ -92.4451466, 45.57150309999998 ], [ -92.4426106, 45.5746541 ], [ -92.4426396, 45.56927910000001 ], [ -92.4477806, 45.5692811 ], [ -92.4476476, 45.565710099999983 ], [ -92.4527686, 45.565768100000028 ], [ -92.4527326, 45.5639951 ], [ -92.4578836, 45.564046099999935 ], [ -92.457877599999989, 45.562270099999942 ], [ -92.468059599999989, 45.562288100000025 ], [ -92.4679936, 45.566672099999984 ], [ -92.4710776, 45.566484099999968 ], [ -92.4725956, 45.566622100000011 ], [ -92.4731066, 45.569505099999979 ], [ -92.4885666, 45.569597100000017 ], [ -92.4887226, 45.584132100000012 ], [ -92.4864236, 45.5804311 ], [ -92.4733746, 45.580335099999957 ], [ -92.473367599999989, 45.583996100000014 ], [ -92.4716086, 45.5839501 ], [ -92.4716186, 45.580325100000067 ], [ -92.4683166, 45.580314100000031 ], [ -92.4684096, 45.5767941 ], [ -92.4628676, 45.5772941 ], [ -92.4585186, 45.580274100000011 ], [ -92.4517436, 45.580240099999976 ], [ -92.4514126, 45.576951099999981 ], [ -92.4674606, 45.57397109999998 ], [ -92.4709756, 45.566618100000042 ] ] ] } },
{ "type": "Feature", "properties": { "state_po": "WI", "county_geoid": "55095", "pwsid": "WI6490339", "pws_name": "MILLTOWN WATERWORKS", "population_served_count": 915, "model_method": "Random Forest", "verification_status": "", "symbology_field": "Modeled", "intersection_area_sq_km": 3.5961438042439613 }, "geometry": { "type": "Polygon", "coordinates": [ [ [ -92.5092466, 45.515814100000064 ], [ -92.5091806, 45.520363100000026 ], [ -92.516213600000015, 45.520377099999969 ], [ -92.516116599999989, 45.5268041 ], [ -92.5192836, 45.526805099999976 ], [ -92.519285599999989, 45.52867309999997 ], [ -92.5162026, 45.528669100000059 ], [ -92.5162386, 45.530840099999971 ], [ -92.5090636, 45.5308061 ], [ -92.5089876, 45.537567099999961 ], [ -92.4986556, 45.5374411 ], [ -92.4988196, 45.526717099999985 ], [ -92.4885346, 45.526614100000039 ], [ -92.4887496, 45.515801100000019 ], [ -92.5092466, 45.515814100000064 ] ] ] } },
{ "type": "Feature", "properties": { "state_po": "WI", "county_geoid": "55095", "pwsid": "WI6490341", "pws_name": "OSCEOLA WATERWORKS", "population_served_count": 2680, "model_method": "Random Forest", "verification_status": "", "symbology_field": "Modeled", "intersection_area_sq_km": 4.147387917816781 }, "geometry": { "type": "MultiPolygon", "coordinates": [ [ [ [ -92.679233599999989, 45.308170100000034 ], [ -92.6800966, 45.3095791 ], [ -92.6791706, 45.3104621 ], [ -92.679233599999989, 45.308170100000034 ] ] ], [ [ [ -92.6743466, 45.3106191 ], [ -92.6742286, 45.314973099999989 ], [ -92.6724926, 45.317755099999978 ], [ -92.6658876, 45.3106381 ], [ -92.665900600000015, 45.308559100000032 ], [ -92.6700806, 45.30807510000006 ], [ -92.6700726, 45.309378099999947 ], [ -92.6722686, 45.309369100000033 ], [ -92.6723566, 45.306775099999953 ], [ -92.6729066, 45.308786099999956 ], [ -92.6790006, 45.309860099999987 ], [ -92.677299600000012, 45.313111100000036 ], [ -92.6773406, 45.310627099999984 ], [ -92.6743466, 45.3106191 ] ] ], [ [ [ -92.675086600000014, 45.317982099999966 ], [ -92.6792846, 45.3118141 ], [ -92.6817366, 45.3124951 ], [ -92.681846600000014, 45.317978099999969 ], [ -92.6948436, 45.3180121 ], [ -92.6932576, 45.3149191 ], [ -92.6969706, 45.3149191 ], [ -92.6969426, 45.3180601 ], [ -92.7011186, 45.318327099999976 ], [ -92.7030266, 45.314552099999986 ], [ -92.7054316, 45.318879099999982 ], [ -92.7094646, 45.321027099999981 ], [ -92.7040046, 45.326929100000022 ], [ -92.7021256, 45.324925100000023 ], [ -92.6949276, 45.330973099999973 ], [ -92.6854266, 45.335163100000031 ], [ -92.6846976, 45.333524100000041 ], [ -92.6869816, 45.331097099999937 ], [ -92.6770876, 45.328433099999955 ], [ -92.677125600000011, 45.322079099999982 ], [ -92.6719796, 45.321558100000018 ], [ -92.6720456, 45.317981100000026 ], [ -92.675086600000014, 45.317982099999966 ] ] ] ] } },
{ "type": "Feature", "properties": { "state_po": "WI", "county_geoid": "55095", "pwsid": "WI6490342", "pws_name": "AMANI VILLAGE SANITARY DIST", "population_served_count": 100, "model_method": "Random Forest", "verification_status": "", "symbology_field": "Modeled", "intersection_area_sq_km": 0.0074543039651071095 }, "geometry": { "type": "Polygon", "coordinates": [ [ [ -92.6422216, 45.2533201 ], [ -92.6431196, 45.25413209999995 ], [ -92.6422916, 45.25421710000002 ], [ -92.6422216, 45.2533201 ] ] ] } },
{ "type": "Feature", "properties": { "state_po": "WI", "county_geoid": "55095", "pwsid": "WI6490343", "pws_name": "ST CROIX FALLS WATERWORKS", "population_served_count": 2079, "model_method": "Random Forest", "verification_status": "", "symbology_field": "Modeled", "intersection_area_sq_km": 9.4128189264306314 }, "geometry": { "type": "Polygon", "coordinates": [ [ [ -92.6470686, 45.40582910000002 ], [ -92.6460656, 45.414989099999978 ], [ -92.6487106, 45.4200291 ], [ -92.6464116, 45.426732099999953 ], [ -92.647573600000015, 45.429961100000021 ], [ -92.6451146, 45.429181099999973 ], [ -92.6428026, 45.433547100000027 ], [ -92.6315136, 45.433660099999976 ], [ -92.6322906, 45.440354099999986 ], [ -92.6316456, 45.440371100000021 ], [ -92.6315806, 45.4370031 ], [ -92.6207816, 45.4372651 ], [ -92.6210226, 45.415760100000014 ], [ -92.631156600000011, 45.4121591 ], [ -92.6298976, 45.404774099999962 ], [ -92.6211376, 45.406426100000012 ], [ -92.6203206, 45.404748100000035 ], [ -92.6107836, 45.404732100000054 ], [ -92.6106456, 45.401987099999985 ], [ -92.6067806, 45.401951100000055 ], [ -92.6058596, 45.40378710000001 ], [ -92.6006656, 45.4044131 ], [ -92.6019786, 45.400993099999965 ], [ -92.6006966, 45.39732510000001 ], [ -92.5854046, 45.39732310000003 ], [ -92.5853666, 45.3940991 ], [ -92.594427599999989, 45.3930781 ], [ -92.5955086, 45.390055099999977 ], [ -92.6057496, 45.3901531 ], [ -92.6057886, 45.394666099999966 ], [ -92.6109006, 45.394712100000028 ], [ -92.6109096, 45.39791109999998 ], [ -92.637328599999989, 45.402706100000046 ], [ -92.6365006, 45.395228100000011 ], [ -92.6398856, 45.394953100000031 ], [ -92.6415046, 45.3980861 ], [ -92.6448776, 45.398164100000045 ], [ -92.6448636, 45.402449100000069 ], [ -92.649954600000015, 45.401988099999961 ], [ -92.6470686, 45.40582910000002 ] ] ] } },
{ "type": "Feature", "properties": { "state_po": "WI", "county_geoid": "55095", "pwsid": "MN1130017", "pws_name": "Taylors Falls", "population_served_count": 1067, "model_method": "", "verification_status": "", "symbology_field": "System Sourced", "intersection_area_sq_km": 0.0022403374561861915 }, "geometry": { "type": "Polygon", "coordinates": [ [ [ -92.6503216, 45.401560100000033 ], [ -92.650443931563629, 45.399218507056837 ], [ -92.650525534896744, 45.401865772840345 ], [ -92.6503216, 45.401560100000033 ] ] ] } },
{ "type": "Feature", "properties": { "state_po": "WI", "county_geoid": "55095", "pwsid": "WI6490337", "pws_name": "FREDERIC WATERWORKS", "population_served_count": 1241, "model_method": null, "verification_status": null, "symbology_field": "System Sourced", "intersection_area_sq_km": 3.5501368496185868 }, "geometry": { "type": "Polygon", "coordinates": [ [ [ -92.4687824, 45.641978799999976 ], [ -92.4705405, 45.643064700000011 ], [ -92.4700827, 45.6470326 ], [ -92.4740961, 45.647230099999987 ], [ -92.4760081, 45.648770500000026 ], [ -92.474582200000015, 45.650160299999953 ], [ -92.4700219, 45.649874300000043 ], [ -92.4697518, 45.654363499999938 ], [ -92.4805829, 45.654584799999967 ], [ -92.4818841, 45.656770899999977 ], [ -92.4779706, 45.657199399999975 ], [ -92.4780197, 45.660018 ], [ -92.475514100000012, 45.660755 ], [ -92.4768752, 45.664071 ], [ -92.468062500000016, 45.665627100000016 ], [ -92.4667251, 45.6677587 ], [ -92.4599777, 45.667768699999975 ], [ -92.4595758, 45.670640699999971 ], [ -92.454569400000011, 45.672512300000022 ], [ -92.4529207, 45.669601900000032 ], [ -92.4561275, 45.668445799999944 ], [ -92.4561347, 45.665406700000041 ], [ -92.4531381, 45.6636001 ], [ -92.4577178, 45.659298299999975 ], [ -92.4613067, 45.659237700000027 ], [ -92.4620534, 45.656958 ], [ -92.4596498, 45.656415699999975 ], [ -92.4595164, 45.65449659999998 ], [ -92.4543176, 45.6538466 ], [ -92.4536716, 45.652341199999952 ], [ -92.4568396, 45.651445 ], [ -92.4577361, 45.649208600000065 ], [ -92.4661447, 45.6499496 ], [ -92.4662959, 45.644652799999982 ], [ -92.4627278, 45.645137 ], [ -92.4617358, 45.643014 ], [ -92.4687824, 45.641978799999976 ] ], [ [ -92.4640023, 45.652620199999966 ], [ -92.463416, 45.654274099999974 ], [ -92.4638438, 45.6542806 ], [ -92.4640023, 45.652620199999966 ] ] ] } },
{ "type": "Feature", "properties": { "state_po": "WI", "county_geoid": "55129", "pwsid": "WI8660303", "pws_name": "MINONG WATERWORKS", "population_served_count": 561, "model_method": "Decision Tree", "verification_status": "", "symbology_field": "Modeled", "intersection_area_sq_km": 2.6764816116223509 }, "geometry": { "type": "Polygon", "coordinates": [ [ [ -91.8192655, 46.0947503 ], [ -91.8191895, 46.085272299999986 ], [ -91.8222205, 46.0852953 ], [ -91.8269325, 46.0892723 ], [ -91.8276305, 46.0925493 ], [ -91.8297525, 46.0926143 ], [ -91.8299405, 46.096924300000026 ], [ -91.8350285, 46.097000299999955 ], [ -91.8351265, 46.099935299999977 ], [ -91.8377455, 46.0999443 ], [ -91.8352635, 46.1042033 ], [ -91.8285225, 46.108959300000016 ], [ -91.8192415, 46.10707530000002 ], [ -91.8140255, 46.097261299999957 ], [ -91.8094345, 46.096946300000027 ], [ -91.8059945, 46.093320299999966 ], [ -91.8139625, 46.096960299999964 ], [ -91.8140495, 46.094746300000011 ], [ -91.8192655, 46.0947503 ] ] ] } },
{ "type": "Feature", "properties": { "state_po": "WI", "county_geoid": "55129", "pwsid": "WI8660304", "pws_name": "SHELL LAKE WATERWORKS", "population_served_count": 950, "model_method": "Random Forest", "verification_status": "", "symbology_field": "Modeled", "intersection_area_sq_km": 2.0841568745718488 }, "geometry": { "type": "MultiPolygon", "coordinates": [ [ [ [ -91.9372755, 45.732058200000019 ], [ -91.9355765, 45.735553200000034 ], [ -91.929061499999989, 45.735642200000044 ], [ -91.9290795, 45.7430602 ], [ -91.9340325, 45.7441022 ], [ -91.9341955, 45.7459722 ], [ -91.9262345, 45.746010200000015 ], [ -91.9254665, 45.744047199999976 ], [ -91.9225895, 45.74405720000005 ], [ -91.9165355, 45.751384199999954 ], [ -91.9133545, 45.7500382 ], [ -91.9108215, 45.751055199999968 ], [ -91.9105395, 45.750025199999982 ], [ -91.8824625, 45.7503792 ], [ -91.8937165, 45.744652199999983 ], [ -91.8953955, 45.7468972 ], [ -91.9067715, 45.749600199999975 ], [ -91.9193375, 45.744926200000023 ], [ -91.9241015, 45.737424199999971 ], [ -91.9232255, 45.7354752 ], [ -91.9182825, 45.7345902 ], [ -91.9126565, 45.729619199999981 ], [ -91.9150825, 45.727099200000048 ], [ -91.9163625, 45.731828199999953 ], [ -91.9183355, 45.7337472 ], [ -91.9240815, 45.735110199999987 ], [ -91.9255995, 45.739010199999953 ], [ -91.9349005, 45.7248912 ], [ -91.9393445, 45.7248872 ], [ -91.9393625, 45.7320852 ], [ -91.9372755, 45.732058200000019 ] ] ], [ [ [ -91.9352665, 45.74637220000001 ], [ -91.9342285, 45.747845199999972 ], [ -91.9342075, 45.74636719999998 ], [ -91.9352665, 45.74637220000001 ] ] ] ] } },
{ "type": "Feature", "properties": { "state_po": "WI", "county_geoid": "55129", "pwsid": "WI8660306", "pws_name": "BULIKS MOBILE HOME PARK", "population_served_count": 93, "model_method": "Random Forest", "verification_status": "", "symbology_field": "Modeled", "intersection_area_sq_km": 0.0069325295581196961 }, "geometry": { "type": "Polygon", "coordinates": [ [ [ -91.8814595, 45.841611200000038 ], [ -91.8803665, 45.842260200000027 ], [ -91.8802525, 45.841633199999961 ], [ -91.8814595, 45.841611200000038 ] ] ] } },
{ "type": "Feature", "properties": { "state_po": "WI", "county_geoid": "55129", "pwsid": "WI8660734", "pws_name": "BEAVER BROOK SANITARY DISTRICT", "population_served_count": 200, "model_method": "Random Forest", "verification_status": "", "symbology_field": "Modeled", "intersection_area_sq_km": 0.075036663052111277 }, "geometry": { "type": "Polygon", "coordinates": [ [ [ -91.9035835, 45.8074202 ], [ -91.9036605, 45.809878199999979 ], [ -91.8986665, 45.809895200000042 ], [ -91.9008165, 45.807487200000011 ], [ -91.9035835, 45.8074202 ] ] ] } },
{ "type": "Feature", "properties": { "state_po": "WI", "county_geoid": "55129", "pwsid": "WI8660302", "pws_name": "BIRCHWOOD WATERWORKS", "population_served_count": 442, "model_method": "Random Forest", "verification_status": "", "symbology_field": "Modeled", "intersection_area_sq_km": 0.94748568879388428 }, "geometry": { "type": "MultiPolygon", "coordinates": [ [ [ [ -91.559934399999989, 45.6590402 ], [ -91.5535694, 45.658400200000031 ], [ -91.5529593, 45.656501200000022 ], [ -91.5500873, 45.656533199999963 ], [ -91.5514593, 45.652212200000015 ], [ -91.5601214, 45.6523262 ], [ -91.559934399999989, 45.6590402 ] ] ], [ [ [ -91.560069399999989, 45.659965200000038 ], [ -91.5567894, 45.663268199999983 ], [ -91.5576504, 45.666534200000036 ], [ -91.5524574, 45.6701802 ], [ -91.5480494, 45.672515200000014 ], [ -91.5462184, 45.674195199999971 ], [ -91.540683064640831, 45.675890611787295 ], [ -91.5559184, 45.667522199999958 ], [ -91.550165299999989, 45.665664200000016 ], [ -91.5498493, 45.662325199999977 ], [ -91.5480893, 45.6615552 ], [ -91.5530334, 45.6610362 ], [ -91.5555874, 45.662323200000024 ], [ -91.5576654, 45.6598772 ], [ -91.560069399999989, 45.659965200000038 ] ] ], [ [ [ -91.540637382530363, 45.673296515829421 ], [ -91.5421693, 45.6730182 ], [ -91.540648600204605, 45.673931830683216 ], [ -91.540637382530363, 45.673296515829421 ] ] ] ] } },
{ "type": "Feature", "properties": { "state_po": "WI", "county_geoid": "55129", "pwsid": "WI8580502", "pws_name": "STONE LAKE SANITARY DISTRICT", "population_served_count": 175, "model_method": "Random Forest", "verification_status": "", "symbology_field": "Modeled", "intersection_area_sq_km": 0.13457972458623699 }, "geometry": { "type": "MultiPolygon", "coordinates": [ [ [ [ -91.5409534, 45.840983199999961 ], [ -91.5420524, 45.84311419999996 ], [ -91.5409624, 45.8417882 ], [ -91.5409534, 45.840983199999961 ] ] ], [ [ [ -91.5563224, 45.854364200000035 ], [ -91.5557544, 45.857280200000012 ], [ -91.5545424, 45.857795200000012 ], [ -91.5519284, 45.853859200000059 ], [ -91.5546014, 45.8529312 ], [ -91.5563224, 45.854364200000035 ] ] ] ] } },
{ "type": "Feature", "properties": { "state_po": "WI", "county_geoid": "55129", "pwsid": "WI8660305", "pws_name": "SPOONER WATERWORKS", "population_served_count": 2653, "model_method": null, "verification_status": null, "symbology_field": "System Sourced", "intersection_area_sq_km": 6.8952791892473346 }, "geometry": { "type": "MultiPolygon", "coordinates": [ [ [ [ -91.8958653, 45.806020500000038 ], [ -91.9009321, 45.8048442 ], [ -91.9095197, 45.8080424 ], [ -91.9086811, 45.812146 ], [ -91.903359099999989, 45.812448900000035 ], [ -91.9058125, 45.815163200000022 ], [ -91.909042, 45.814548499999987 ], [ -91.9091325, 45.816392400000026 ], [ -91.9059525, 45.816106300000015 ], [ -91.9040766, 45.818043699999969 ], [ -91.8989614, 45.8168504 ], [ -91.8957518, 45.818525700000023 ], [ -91.8975301, 45.8199862 ], [ -91.9044518, 45.820501200000031 ], [ -91.904455399999989, 45.8221442 ], [ -91.9010028, 45.823702900000029 ], [ -91.9073697, 45.82541589999996 ], [ -91.907819, 45.828820699999987 ], [ -91.9023649, 45.835266199999943 ], [ -91.8906336, 45.834364600000022 ], [ -91.8902787, 45.838470299999976 ], [ -91.8823853, 45.8358149 ], [ -91.877425699999989, 45.8379966 ], [ -91.8758529, 45.83444840000007 ], [ -91.8705067, 45.834329100000012 ], [ -91.8664571, 45.831882400000026 ], [ -91.8662377, 45.8297642 ], [ -91.872333, 45.8279983 ], [ -91.8770406, 45.831625099999968 ], [ -91.8812237, 45.82639089999995 ], [ -91.8772043, 45.822555799999975 ], [ -91.8803093, 45.820778 ], [ -91.8798575, 45.817182800000012 ], [ -91.8831298, 45.816319500000013 ], [ -91.8815386, 45.81405879999997 ], [ -91.8872418, 45.81355809999998 ], [ -91.892389799999989, 45.815276399999945 ], [ -91.8915718, 45.8090677 ], [ -91.8938103, 45.80809129999998 ], [ -91.8954121, 45.8096815 ], [ -91.8958653, 45.806020500000038 ] ], [ [ -91.8994039, 45.8120067 ], [ -91.898932800000011, 45.8126165 ], [ -91.8992993, 45.812799599999956 ], [ -91.8994039, 45.8120067 ] ], [ [ -91.8978011, 45.832774700000016 ], [ -91.8974508, 45.833008 ], [ -91.8974821, 45.8330449 ], [ -91.8978011, 45.832774700000016 ] ] ], [ [ [ -91.869469, 45.8413914 ], [ -91.8726365, 45.840141599999974 ], [ -91.8752895, 45.8416633 ], [ -91.8712594, 45.842912799999965 ], [ -91.869469, 45.8413914 ] ] ], [ [ [ -91.8936075, 45.842146 ], [ -91.8957715, 45.8409821 ], [ -91.8974368, 45.842494599999945 ], [ -91.8952728, 45.843658499999989 ], [ -91.8936075, 45.842146 ] ] ], [ [ [ -91.866929399999989, 45.845700399999949 ], [ -91.8625161, 45.843798099999965 ], [ -91.8630462, 45.8419259 ], [ -91.8690941, 45.844536899999959 ], [ -91.866929399999989, 45.845700399999949 ] ] ] ] } },
{ "type": "Feature", "properties": { "state_po": "WI", "county_geoid": "55085", "pwsid": "WI7440129", "pws_name": "THREE LAKES SANITARY DISTRICT", "population_served_count": 500, "model_method": "Random Forest", "verification_status": "", "symbology_field": "Modeled", "intersection_area_sq_km": 0.77483192868578621 }, "geometry": { "type": "MultiPolygon", "coordinates": [ [ [ [ -89.1737187, 45.7978794 ], [ -89.1755557, 45.796259400000018 ], [ -89.175527699999989, 45.791896399999985 ], [ -89.1776757, 45.792358399999962 ], [ -89.1784877, 45.7969304 ], [ -89.1737187, 45.7978794 ] ] ], [ [ [ -89.1724287, 45.7991104 ], [ -89.1627137, 45.799783400000067 ], [ -89.1626947, 45.795950399999946 ], [ -89.1585397, 45.794798400000019 ], [ -89.1627357, 45.795087399999979 ], [ -89.1629267, 45.790975399999951 ], [ -89.1690327, 45.791866399999989 ], [ -89.1732397, 45.796967400000021 ], [ -89.1715697, 45.7973944 ], [ -89.1724287, 45.7991104 ] ] ] ] } },
{ "type": "Feature", "properties": { "state_po": "WI", "county_geoid": "55085", "pwsid": "WI7440812", "pws_name": "NORTHERNAIRE SANITARY DISTRICT", "population_served_count": 315, "model_method": "Random Forest", "verification_status": "", "symbology_field": "Modeled", "intersection_area_sq_km": 6.5402318704431099 }, "geometry": { "type": "MultiPolygon", "coordinates": [ [ [ [ -89.1220806, 45.769165399999956 ], [ -89.1151716, 45.7716854 ], [ -89.1121186, 45.77083440000002 ], [ -89.1086776, 45.772517399999941 ], [ -89.1116276, 45.7681944 ], [ -89.117853599999989, 45.769112399999976 ], [ -89.1266986, 45.766793399999941 ], [ -89.1268036, 45.769145400000049 ], [ -89.1220806, 45.769165399999956 ] ] ], [ [ [ -89.1058286, 45.7716944 ], [ -89.1114336, 45.7740974 ], [ -89.1093666, 45.776646400000011 ], [ -89.1083636, 45.774070400000021 ], [ -89.1015416, 45.77491939999998 ], [ -89.1052346, 45.769513400000029 ], [ -89.1058286, 45.7716944 ] ] ], [ [ [ -89.0995926, 45.779766400000035 ], [ -89.0973786, 45.7798804 ], [ -89.096422600000011, 45.778706399999969 ], [ -89.0988946, 45.778742400000027 ], [ -89.0995926, 45.779766400000035 ] ] ], [ [ [ -89.1527277, 45.797444400000018 ], [ -89.1427357, 45.797424400000018 ], [ -89.1413237, 45.8016204 ], [ -89.1399207, 45.804007400000017 ], [ -89.1389917, 45.804974399999956 ], [ -89.1363697, 45.806040400000015 ], [ -89.1310847, 45.8063344 ], [ -89.1286576, 45.8057224 ], [ -89.1269026, 45.8047524 ], [ -89.1251396, 45.803009400000036 ], [ -89.1242486, 45.8007564 ], [ -89.1290726, 45.805745399999978 ], [ -89.1380587, 45.805300399999979 ], [ -89.1432697, 45.7955324 ], [ -89.1406167, 45.79257340000003 ], [ -89.1346716, 45.7922654 ], [ -89.1345086, 45.797332399999981 ], [ -89.1380237, 45.800078399999954 ], [ -89.1326306, 45.7981184 ], [ -89.1302846, 45.795406399999983 ], [ -89.121851600000014, 45.799964399999979 ], [ -89.1170606, 45.795471399999968 ], [ -89.1027986, 45.79533840000002 ], [ -89.1022726, 45.792185400000022 ], [ -89.1057696, 45.788572400000042 ], [ -89.1103746, 45.788971400000023 ], [ -89.1106246, 45.787998400000028 ], [ -89.1129266, 45.789202399999979 ], [ -89.1124756, 45.785072400000033 ], [ -89.1151926, 45.785343400000016 ], [ -89.1192826, 45.782354400000031 ], [ -89.1212106, 45.782839399999986 ], [ -89.1260626, 45.780680400000051 ], [ -89.1247086, 45.779751399999938 ], [ -89.132206599999989, 45.778401400000035 ], [ -89.1395286, 45.770146399999966 ], [ -89.1424466, 45.770130400000021 ], [ -89.1433357, 45.783249400000024 ], [ -89.1469447, 45.783127399999977 ], [ -89.1527277, 45.797444400000018 ] ] ] ] } },
{ "type": "Feature", "properties": { "state_po": "WI", "county_geoid": "55085", "pwsid": "WI7440144", "pws_name": "ROCKWOOD ESTATES", "population_served_count": 48, "model_method": "Random Forest", "verification_status": "", "symbology_field": "Modeled", "intersection_area_sq_km": 0.35100637245302757 }, "geometry": { "type": "Polygon", "coordinates": [ [ [ -89.8189469, 45.889797399999942 ], [ -89.8111129, 45.8946924 ], [ -89.8075349, 45.89376740000003 ], [ -89.8053059, 45.890809400000037 ], [ -89.8079269, 45.889213400000017 ], [ -89.8189469, 45.889797399999942 ] ] ] } },
{ "type": "Feature", "properties": { "state_po": "WI", "county_geoid": "55085", "pwsid": "WI7440115", "pws_name": "MCNAUGHTON CORRECTIONAL CENTER", "population_served_count": 133, "model_method": "Random Forest", "verification_status": "", "symbology_field": "Modeled", "intersection_area_sq_km": 0.16789069991299013 }, "geometry": { "type": "MultiPolygon", "coordinates": [ [ [ [ -89.7401298, 45.704691299999951 ], [ -89.7435648, 45.70696029999997 ], [ -89.7465728, 45.705800299999979 ], [ -89.746543800000012, 45.707071299999967 ], [ -89.7413558, 45.7082743 ], [ -89.7390548, 45.707064299999978 ], [ -89.7401298, 45.704691299999951 ] ] ], [ [ [ -89.6341138, 45.80181539999996 ], [ -89.6303268, 45.801689399999965 ], [ -89.6316918, 45.799281400000034 ], [ -89.6350118, 45.800431400000015 ], [ -89.6341138, 45.80181539999996 ] ] ] ] } },
{ "type": "Feature", "properties": { "state_po": "WI", "county_geoid": "55085", "pwsid": "WI7440116", "pws_name": "LAKELAND SANITARY DIST 1", "population_served_count": 2381, "model_method": "Decision Tree", "verification_status": "", "symbology_field": "Modeled", "intersection_area_sq_km": 4.7028770280122405 }, "geometry": { "type": "MultiPolygon", "coordinates": [ [ [ [ -89.7032498, 45.868698399999964 ], [ -89.7010708, 45.8692394 ], [ -89.7004838, 45.868052400000025 ], [ -89.7024568, 45.8670714 ], [ -89.7032498, 45.868698399999964 ] ] ], [ [ [ -89.7094748, 45.867277399999949 ], [ -89.7140048, 45.870109400000018 ], [ -89.713486800000013, 45.871380399999929 ], [ -89.7075898, 45.8724324 ], [ -89.7062618, 45.869798399999972 ], [ -89.7094748, 45.867277399999949 ] ] ], [ [ [ -89.709760800000012, 45.881347400000024 ], [ -89.7096338, 45.883065399999978 ], [ -89.7079718, 45.883695399999951 ], [ -89.7040268, 45.8812624 ], [ -89.7042058, 45.879781399999985 ], [ -89.709760800000012, 45.881347400000024 ] ] ], [ [ [ -89.7029398, 45.884367399999945 ], [ -89.7007348, 45.887564399999931 ], [ -89.6983358, 45.886968399999986 ], [ -89.7011058, 45.883168399999967 ], [ -89.7029398, 45.884367399999945 ] ] ], [ [ [ -89.6913888, 45.89567839999998 ], [ -89.687840799999989, 45.8942264 ], [ -89.6937638, 45.8907804 ], [ -89.7011278, 45.890759399999972 ], [ -89.7035368, 45.887836399999948 ], [ -89.7036698, 45.878005399999964 ], [ -89.7037738, 45.880947400000053 ], [ -89.7056998, 45.884731399999986 ], [ -89.7150208, 45.881177399999928 ], [ -89.7241798, 45.8817654 ], [ -89.7265428, 45.883438399999932 ], [ -89.7424378, 45.883345400000039 ], [ -89.7437258, 45.885218400000014 ], [ -89.7417058, 45.8866864 ], [ -89.7437448, 45.889177399999959 ], [ -89.7476498, 45.88830139999996 ], [ -89.7485668, 45.8895674 ], [ -89.7477018, 45.890731399999972 ], [ -89.726790799999989, 45.890950400000072 ], [ -89.7275408, 45.8969684 ], [ -89.7193518, 45.897522400000014 ], [ -89.7191198, 45.890769400000018 ], [ -89.7030328, 45.890752399999982 ], [ -89.7031928, 45.89289339999997 ], [ -89.7048538, 45.892946400000014 ], [ -89.706382800000014, 45.896763399999955 ], [ -89.7088858, 45.896740399999963 ], [ -89.7089528, 45.898555399999985 ], [ -89.690932012278282, 45.898633444799714 ], [ -89.6913888, 45.89567839999998 ] ], [ [ -89.6949888, 45.891635399999949 ], [ -89.6927538, 45.893176400000023 ], [ -89.6940698, 45.8934924 ], [ -89.6949888, 45.891635399999949 ] ] ] ] } },
{ "type": "Feature", "properties": { "state_po": "WI", "county_geoid": "55085", "pwsid": "WI7441240", "pws_name": "HIAWATHA MH EST OLD OFFICE", "population_served_count": 84, "model_method": "Random Forest", "verification_status": "", "symbology_field": "Modeled", "intersection_area_sq_km": 0.00063342393595372949 }, "geometry": { "type": "Polygon", "coordinates": [ [ [ -89.682660014215685, 45.898657444886318 ], [ -89.6860818, 45.898628400000042 ], [ -89.688449132469543, 45.898640701462469 ], [ -89.682660014215685, 45.898657444886318 ] ] ] } },
{ "type": "Feature", "properties": { "state_po": "WI", "county_geoid": "55039", "pwsid": "WI4200462", "pws_name": "MANOR HILL MOBILE HOME PARK", "population_served_count": 400, "model_method": "Decision Tree", "verification_status": "", "symbology_field": "Modeled", "intersection_area_sq_km": 0.11001849294673453 }, "geometry": { "type": "Polygon", "coordinates": [ [ [ -88.3745212, 43.689351099999982 ], [ -88.3748302, 43.693015100000025 ], [ -88.3703522, 43.69174710000005 ], [ -88.3745212, 43.689351099999982 ] ] ] } },
{ "type": "Feature", "properties": { "state_po": "WI", "county_geoid": "55039", "pwsid": "WI4200465", "pws_name": "MARY HILL PARK SANITARY DIST", "population_served_count": 50, "model_method": "Random Forest", "verification_status": "", "symbology_field": "Modeled", "intersection_area_sq_km": 0.55351934730246621 }, "geometry": { "type": "MultiPolygon", "coordinates": [ [ [ [ -88.3462212, 43.839774099999964 ], [ -88.3377942, 43.8397221 ], [ -88.337857200000016, 43.833872099999958 ], [ -88.3465112, 43.833842099999984 ], [ -88.3462212, 43.839774099999964 ] ] ], [ [ [ -88.3500842, 43.841721099999987 ], [ -88.3481972, 43.841841099999989 ], [ -88.3480852, 43.8381531 ], [ -88.3500192, 43.8381751 ], [ -88.3500842, 43.841721099999987 ] ] ] ] } },
{ "type": "Feature", "properties": { "state_po": "WI", "county_geoid": "55039", "pwsid": "WI4200485", "pws_name": "ASHWOOD GROVE / EDGEWATER", "population_served_count": 941, "model_method": "Random Forest", "verification_status": "", "symbology_field": "Modeled", "intersection_area_sq_km": 0.79417448941524071 }, "geometry": { "type": "MultiPolygon", "coordinates": [ [ [ [ -88.524197199999989, 43.823572099999978 ], [ -88.5206722, 43.8212431 ], [ -88.516656200000014, 43.821028099999964 ], [ -88.5165732, 43.8196501 ], [ -88.5144472, 43.820186099999987 ], [ -88.5164922, 43.818496099999983 ], [ -88.5055632, 43.816955099999959 ], [ -88.5045752, 43.814341099999965 ], [ -88.5100692, 43.8132861 ], [ -88.4961312, 43.8074021 ], [ -88.5034702, 43.808995099999954 ], [ -88.5242122, 43.8216881 ], [ -88.524197199999989, 43.823572099999978 ] ] ], [ [ [ -88.5047722, 43.879196100000016 ], [ -88.5041132, 43.8802801 ], [ -88.5036612, 43.8848781 ], [ -88.5028102, 43.880740100000033 ], [ -88.5047722, 43.879196100000016 ] ] ], [ [ [ -88.498159199999989, 43.893488099999942 ], [ -88.503675199999989, 43.8910371 ], [ -88.501447200000015, 43.887219099999989 ], [ -88.5031522, 43.8850141 ], [ -88.506785545590972, 43.893656632560678 ], [ -88.498159199999989, 43.893488099999942 ] ] ] ] } },
{ "type": "Feature", "properties": { "state_po": "WI", "county_geoid": "55039", "pwsid": "WI4200798", "pws_name": "WOODLAND PARK", "population_served_count": 66, "model_method": "Random Forest", "verification_status": "", "symbology_field": "Modeled", "intersection_area_sq_km": 0.026529781675075963 }, "geometry": { "type": "Polygon", "coordinates": [ [ [ -88.4759222, 43.799023100000014 ], [ -88.4780382, 43.8009341 ], [ -88.4754322, 43.800978099999973 ], [ -88.4759222, 43.799023100000014 ] ] ] } },
{ "type": "Feature", "properties": { "state_po": "WI", "county_geoid": "55039", "pwsid": "WI1140151", "pws_name": "LOMIRA WATERWORKS", "population_served_count": 2510, "model_method": "Random Forest", "verification_status": "", "symbology_field": "Modeled", "intersection_area_sq_km": 0.0053194665435144645 }, "geometry": { "type": "Polygon", "coordinates": [ [ [ -88.451113961972766, 43.631408529505855 ], [ -88.442961200000013, 43.631410099999961 ], [ -88.442939814248007, 43.631332199646693 ], [ -88.451113961972766, 43.631408529505855 ] ] ] } },
{ "type": "Feature", "properties": { "state_po": "WI", "county_geoid": "55039", "pwsid": "WI4200402", "pws_name": "BRANDON WATERWORKS", "population_served_count": 872, "model_method": "Decision Tree", "verification_status": "", "symbology_field": "Modeled", "intersection_area_sq_km": 1.5220693479852383 }, "geometry": { "type": "Polygon", "coordinates": [ [ [ -88.7760893, 43.728010100000041 ], [ -88.7798473, 43.730913099999974 ], [ -88.7851863, 43.7300181 ], [ -88.7851983, 43.731343099999968 ], [ -88.7902213, 43.7313471 ], [ -88.7914843, 43.732821099999931 ], [ -88.7915793, 43.73861910000003 ], [ -88.7879623, 43.738893099999984 ], [ -88.7879023, 43.742237099999983 ], [ -88.7752343, 43.7422021 ], [ -88.7752003, 43.7358241 ], [ -88.7777273, 43.7358481 ], [ -88.7752503, 43.730483099999965 ], [ -88.7760893, 43.728010100000041 ] ] ] } },
{ "type": "Feature", "properties": { "state_po": "WI", "county_geoid": "55039", "pwsid": "WI4200463", "pws_name": "FAIRWATER WATERWORKS", "population_served_count": 365, "model_method": "Random Forest", "verification_status": "", "symbology_field": "Modeled", "intersection_area_sq_km": 1.6704704105054105 }, "geometry": { "type": "Polygon", "coordinates": [ [ [ -88.8605073, 43.735104100000029 ], [ -88.8755123, 43.7351641 ], [ -88.8750023, 43.7373191 ], [ -88.8726213, 43.736935099999918 ], [ -88.8733853, 43.740800099999973 ], [ -88.87553530000001, 43.739927100000024 ], [ -88.8755453, 43.742507100000012 ], [ -88.8689663, 43.743108099999986 ], [ -88.8714553, 43.744448100000014 ], [ -88.8713093, 43.7473261 ], [ -88.8752583, 43.7477191 ], [ -88.8755703, 43.749686100000027 ], [ -88.8605533, 43.749609099999965 ], [ -88.8605073, 43.735104100000029 ] ] ] } },
{ "type": "Feature", "properties": { "state_po": "WI", "county_geoid": "55039", "pwsid": "WI4200475", "pws_name": "OAKFIELD WATERWORKS", "population_served_count": 1055, "model_method": "Random Forest", "verification_status": "", "symbology_field": "Modeled", "intersection_area_sq_km": 2.3477288660036701 }, "geometry": { "type": "Polygon", "coordinates": [ [ [ -88.5547842, 43.675551100000028 ], [ -88.5548152, 43.6800281 ], [ -88.5572102, 43.679993100000011 ], [ -88.5548832, 43.68179410000004 ], [ -88.557372199999989, 43.682616099999976 ], [ -88.5574442, 43.686139100000013 ], [ -88.5549422, 43.686192100000014 ], [ -88.5550262, 43.690673099999984 ], [ -88.5485462, 43.6902181 ], [ -88.5476232, 43.693708099999974 ], [ -88.5401142, 43.69352810000003 ], [ -88.5399712, 43.679067099999976 ], [ -88.5374462, 43.675474100000017 ], [ -88.5547842, 43.675551100000028 ] ] ] } },
{ "type": "Feature", "properties": { "state_po": "WI", "county_geoid": "55039", "pwsid": "WI4200484", "pws_name": "COLONIAL GARDENS HOMES", "population_served_count": 48, "model_method": "Random Forest", "verification_status": "", "symbology_field": "Modeled", "intersection_area_sq_km": 0.26035915905669765 }, "geometry": { "type": "Polygon", "coordinates": [ [ [ -88.3628212, 43.692448100000021 ], [ -88.3630192, 43.696587099999967 ], [ -88.3556962, 43.6965671 ], [ -88.3556672, 43.69307809999998 ], [ -88.3628212, 43.692448100000021 ] ] ] } },
{ "type": "Feature", "properties": { "state_po": "WI", "county_geoid": "55039", "pwsid": "WI4080270", "pws_name": "NEW HOLSTEIN WATERWORKS", "population_served_count": 3012, "model_method": "Random Forest", "verification_status": "", "symbology_field": "Modeled", "intersection_area_sq_km": 2.8729465275411359 }, "geometry": { "type": "Polygon", "coordinates": [ [ [ -88.2230231, 43.87641019999996 ], [ -88.2024901, 43.8770142 ], [ -88.2030121, 43.858785099999984 ], [ -88.2118771, 43.858585100000013 ], [ -88.2126621, 43.8626341 ], [ -88.2173801, 43.862553100000021 ], [ -88.2226371, 43.866255099999933 ], [ -88.2230231, 43.87641019999996 ] ] ] } },
{ "type": "Feature", "properties": { "state_po": "WI", "county_geoid": "55039", "pwsid": "WI4600449", "pws_name": "KETTLE MORAINE CORRECTIONAL INSTITUTION", "population_served_count": 1544, "model_method": "Random Forest", "verification_status": "", "symbology_field": "Modeled", "intersection_area_sq_km": 0.086286631414234038 }, "geometry": { "type": "Polygon", "coordinates": [ [ [ -88.160582679075873, 43.682994531563153 ], [ -88.1648521, 43.6830811 ], [ -88.1631481, 43.687064099999958 ], [ -88.160607508322272, 43.684634672087938 ], [ -88.160582679075873, 43.682994531563153 ] ] ] } },
{ "type": "Feature", "properties": { "state_po": "WI", "county_geoid": "55039", "pwsid": "WI4200490", "pws_name": "COUNTRY AIRE MOBILE HOME PARK", "population_served_count": 60, "model_method": "Random Forest", "verification_status": "", "symbology_field": "Modeled", "intersection_area_sq_km": 3.1557661532240258 }, "geometry": { "type": "Polygon", "coordinates": [ [ [ -88.3406261, 43.5796821 ], [ -88.3405861, 43.592867099999985 ], [ -88.335247099999989, 43.595680099999988 ], [ -88.321025100000014, 43.588287100000052 ], [ -88.3152781, 43.590183100000033 ], [ -88.3105621, 43.58553610000002 ], [ -88.3105281, 43.57940210000006 ], [ -88.3406261, 43.5796821 ] ] ] } },
{ "type": "Feature", "properties": { "state_po": "WI", "county_geoid": "55039", "pwsid": "WI4200489", "pws_name": "ELMORE HEIGHTS TRAILER COURT", "population_served_count": 30, "model_method": "Random Forest", "verification_status": "", "symbology_field": "Modeled", "intersection_area_sq_km": 0.02830679177179608 }, "geometry": { "type": "Polygon", "coordinates": [ [ [ -88.3043231, 43.574664099999971 ], [ -88.3006661, 43.5754501 ], [ -88.3006781, 43.574656100000013 ], [ -88.3043231, 43.574664099999971 ] ] ] } },
{ "type": "Feature", "properties": { "state_po": "WI", "county_geoid": "55039", "pwsid": "WI4200477", "pws_name": "ST CLOUD WATERWORKS", "population_served_count": 494, "model_method": "Random Forest", "verification_status": "", "symbology_field": "Modeled", "intersection_area_sq_km": 1.6049812376702723 }, "geometry": { "type": "Polygon", "coordinates": [ [ [ -88.1611961, 43.816506100000019 ], [ -88.1703801, 43.815454099999975 ], [ -88.1761861, 43.8183701 ], [ -88.1763741, 43.833510099999984 ], [ -88.1726811, 43.8335051 ], [ -88.1669441, 43.823984099999969 ], [ -88.1612641, 43.824527100000047 ], [ -88.1611961, 43.816506100000019 ] ] ] } },
{ "type": "Feature", "properties": { "state_po": "WI", "county_geoid": "55039", "pwsid": "WI4200474", "pws_name": "MOUNT CALVARY WATERWORKS", "population_served_count": 478, "model_method": "Random Forest", "verification_status": "", "symbology_field": "Modeled", "intersection_area_sq_km": 2.3308080830530833 }, "geometry": { "type": "Polygon", "coordinates": [ [ [ -88.2566541, 43.8243541 ], [ -88.2517151, 43.825109099999949 ], [ -88.2567051, 43.833562100000023 ], [ -88.2369101, 43.833547100000018 ], [ -88.2368631, 43.829953099999983 ], [ -88.2343811, 43.829953099999983 ], [ -88.2342431, 43.822706100000012 ], [ -88.2367071, 43.8227111 ], [ -88.2366921, 43.8212531 ], [ -88.2440821, 43.8212701 ], [ -88.2458261, 43.819042099999976 ], [ -88.2565521, 43.8190331 ], [ -88.2566541, 43.8243541 ] ] ] } },
{ "type": "Feature", "properties": { "state_po": "WI", "county_geoid": "55039", "pwsid": "WI4200461", "pws_name": "CAMPBELLSPORT WATERWORKS", "population_served_count": 1825, "model_method": "Random Forest", "verification_status": "", "symbology_field": "Modeled", "intersection_area_sq_km": 2.2163219400425804 }, "geometry": { "type": "Polygon", "coordinates": [ [ [ -88.280402099999989, 43.5906091 ], [ -88.2803721, 43.5937901 ], [ -88.2903781, 43.593796099999977 ], [ -88.2909241, 43.5974971 ], [ -88.2953521, 43.597505100000028 ], [ -88.2943571, 43.60116510000001 ], [ -88.2903231, 43.601127100000021 ], [ -88.2903201, 43.604195100000041 ], [ -88.2867531, 43.601110099999957 ], [ -88.280340099999989, 43.6010461 ], [ -88.280340099999989, 43.604720099999973 ], [ -88.2753781, 43.604700099999988 ], [ -88.2753451, 43.6010681 ], [ -88.270338099999989, 43.601075099999981 ], [ -88.2702921, 43.597291099999971 ], [ -88.2671801, 43.5992811 ], [ -88.2604581, 43.598757099999979 ], [ -88.2660221, 43.595057099999963 ], [ -88.2703221, 43.594594099999966 ], [ -88.2703151, 43.590676100000024 ], [ -88.280402099999989, 43.5906091 ] ] ] } }
]
}
